targeting_id,account_id,target_date,campaign_id,strategy,priority_band,propensity_score
T000000001,A001453,2025-09-18,C001,OLD_TARGETING,MEDIUM,0.79
T000000002,A000512,2025-09-12,C001,OLD_TARGETING,LOW,0.741
T000000003,A002393,2025-09-04,C001,OLD_TARGETING,LOW,0.717
T000000004,A002304,2025-09-23,C001,OLD_TARGETING,MEDIUM,0.319
T000000005,A001576,2025-09-11,C001,OLD_TARGETING,HIGH,0.821
T000000006,A000064,2025-09-17,C001,OLD_TARGETING,MEDIUM,0.66
T000000007,A001034,2025-09-10,C001,OLD_TARGETING,MEDIUM,0.322
T000000008,A003679,2025-09-16,C001,OLD_TARGETING,MEDIUM,0.625
T000000009,A002941,2025-09-20,C001,OLD_TARGETING,HIGH,0.703
T000000010,A003709,2025-09-22,C001,OLD_TARGETING,HIGH,0.514
T000000011,A003765,2025-09-03,C001,OLD_TARGETING,HIGH,0.933
T000000012,A000802,2025-09-14,C001,OLD_TARGETING,MEDIUM,0.248
T000000013,A001147,2025-09-03,C001,OLD_TARGETING,MEDIUM,0.378
T000000014,A000655,2025-09-10,C001,OLD_TARGETING,LOW,0.822
T000000015,A000766,2025-09-07,C001,OLD_TARGETING,LOW,0.339
T000000016,A002884,2025-09-04,C001,OLD_TARGETING,MEDIUM,0.501
T000000017,A002437,2025-09-05,C001,OLD_TARGETING,MEDIUM,0.41
T000000018,A003442,2025-09-18,C001,OLD_TARGETING,LOW,0.905
T000000019,A001125,2025-09-02,C001,OLD_TARGETING,LOW,0.885
T000000020,A003512,2025-09-23,C001,OLD_TARGETING,MEDIUM,0.296
T000000021,A002248,2025-09-08,C001,OLD_TARGETING,MEDIUM,0.386
T000000022,A001639,2025-09-24,C001,OLD_TARGETING,LOW,0.581
T000000023,A000283,2025-09-15,C001,OLD_TARGETING,HIGH,0.829
T000000024,A001126,2025-09-17,C001,OLD_TARGETING,HIGH,0.82
T000000025,A001250,2025-09-21,C001,OLD_TARGETING,MEDIUM,0.313
T000000026,A001427,2025-09-20,C001,OLD_TARGETING,MEDIUM,0.587
T000000027,A001440,2025-09-12,C001,OLD_TARGETING,HIGH,0.526
T000000028,A002130,2025-09-05,C001,OLD_TARGETING,MEDIUM,0.945
T000000029,A001313,2025-09-13,C001,OLD_TARGETING,LOW,0.675
T000000030,A003162,2025-09-17,C001,OLD_TARGETING,HIGH,0.942
T000000031,A000582,2025-09-11,C001,OLD_TARGETING,MEDIUM,0.154
T000000032,A001537,2025-09-11,C001,OLD_TARGETING,MEDIUM,0.361
T000000033,A000552,2025-09-09,C001,OLD_TARGETING,MEDIUM,0.921
T000000034,A001600,2025-09-23,C001,OLD_TARGETING,MEDIUM,0.384
T000000035,A000417,2025-09-01,C001,OLD_TARGETING,LOW,0.226
T000000036,A000908,2025-09-07,C001,OLD_TARGETING,HIGH,0.144
T000000037,A000802,2025-09-20,C001,OLD_TARGETING,LOW,0.209
T000000038,A003905,2025-09-22,C001,OLD_TARGETING,MEDIUM,0.373
T000000039,A003907,2025-09-11,C001,OLD_TARGETING,LOW,0.957
T000000040,A000932,2025-09-15,C001,OLD_TARGETING,MEDIUM,0.483
T000000041,A000542,2025-09-12,C001,OLD_TARGETING,MEDIUM,0.493
T000000042,A003554,2025-09-01,C001,OLD_TARGETING,MEDIUM,0.118
T000000043,A002486,2025-09-19,C001,OLD_TARGETING,MEDIUM,0.667
T000000044,A000165,2025-09-06,C001,OLD_TARGETING,HIGH,0.819
T000000045,A000035,2025-09-24,C001,OLD_TARGETING,MEDIUM,0.668
T000000046,A001673,2025-09-06,C001,OLD_TARGETING,LOW,0.378
T000000047,A003190,2025-09-25,C001,OLD_TARGETING,LOW,0.615
T000000048,A001631,2025-09-21,C001,OLD_TARGETING,HIGH,0.703
T000000049,A003228,2025-09-05,C001,OLD_TARGETING,MEDIUM,0.679
T000000050,A002556,2025-09-02,C001,OLD_TARGETING,HIGH,0.937
T000000051,A001746,2025-09-14,C001,OLD_TARGETING,HIGH,0.576
T000000052,A003727,2025-09-03,C001,OLD_TARGETING,HIGH,0.226
T000000053,A000502,2025-09-20,C001,OLD_TARGETING,LOW,0.535
T000000054,A004084,2025-09-16,C001,OLD_TARGETING,MEDIUM,0.265
T000000055,A002177,2025-09-23,C001,OLD_TARGETING,LOW,0.95
T000000056,A003357,2025-09-07,C001,OLD_TARGETING,MEDIUM,0.55
T000000057,A000694,2025-09-10,C001,OLD_TARGETING,HIGH,0.92
T000000058,A000599,2025-09-17,C001,OLD_TARGETING,LOW,0.954
T000000059,A003408,2025-09-25,C001,OLD_TARGETING,LOW,0.141
T000000060,A003570,2025-09-24,C001,OLD_TARGETING,HIGH,0.721
T000000061,A004099,2025-09-22,C001,OLD_TARGETING,HIGH,0.252
T000000062,A002421,2025-09-12,C001,OLD_TARGETING,MEDIUM,0.684
T000000063,A002546,2025-09-03,C001,OLD_TARGETING,HIGH,0.513
T000000064,A002076,2025-09-26,C001,OLD_TARGETING,LOW,0.143
T000000065,A003521,2025-09-14,C001,OLD_TARGETING,HIGH,0.55
T000000066,A002143,2025-09-11,C001,OLD_TARGETING,LOW,0.109
T000000067,A000928,2025-09-07,C001,OLD_TARGETING,MEDIUM,0.517
T000000068,A004141,2025-09-06,C001,OLD_TARGETING,LOW,0.686
T000000069,A002827,2025-09-18,C001,OLD_TARGETING,MEDIUM,0.534
T000000070,A003970,2025-09-12,C001,OLD_TARGETING,LOW,0.915
T000000071,A002619,2025-09-21,C001,OLD_TARGETING,MEDIUM,0.93
T000000072,A000174,2025-09-22,C001,OLD_TARGETING,MEDIUM,0.66
T000000073,A003874,2025-09-04,C001,OLD_TARGETING,MEDIUM,0.263
T000000074,A001831,2025-09-01,C001,OLD_TARGETING,LOW,0.342
T000000075,A002251,2025-09-05,C001,OLD_TARGETING,MEDIUM,0.762
T000000076,A003450,2025-09-15,C001,OLD_TARGETING,MEDIUM,0.539
T000000077,A000299,2025-09-19,C001,OLD_TARGETING,HIGH,0.406
T000000078,A002717,2025-09-24,C001,OLD_TARGETING,MEDIUM,0.978
T000000079,A003018,2025-09-25,C001,OLD_TARGETING,MEDIUM,0.813
T000000080,A002871,2025-09-03,C001,OLD_TARGETING,LOW,0.504
T000000081,A001570,2025-09-27,C001,OLD_TARGETING,HIGH,0.689
T000000082,A002957,2025-09-27,C001,OLD_TARGETING,MEDIUM,0.949
T000000083,A003714,2025-09-06,C001,OLD_TARGETING,MEDIUM,0.853
T000000084,A002214,2025-09-10,C001,OLD_TARGETING,MEDIUM,0.953
T000000085,A002951,2025-09-17,C001,OLD_TARGETING,LOW,0.573
T000000086,A003690,2025-09-24,C001,OLD_TARGETING,MEDIUM,0.741
T000000087,A000548,2025-09-05,C001,OLD_TARGETING,LOW,0.59
T000000088,A002149,2025-09-25,C001,OLD_TARGETING,LOW,0.484
T000000089,A001764,2025-09-25,C001,OLD_TARGETING,HIGH,0.181
T000000090,A003569,2025-09-12,C001,OLD_TARGETING,LOW,0.15
T000000091,A000389,2025-09-01,C001,OLD_TARGETING,LOW,0.262
T000000092,A003843,2025-09-15,C001,OLD_TARGETING,HIGH,0.326
T000000093,A003270,2025-09-04,C001,OLD_TARGETING,MEDIUM,0.525
T000000094,A003744,2025-09-15,C001,OLD_TARGETING,MEDIUM,0.935
T000000095,A000335,2025-09-26,C001,OLD_TARGETING,LOW,0.49
T000000096,A002059,2025-09-08,C001,OLD_TARGETING,MEDIUM,0.23
T000000097,A000111,2025-09-22,C001,OLD_TARGETING,HIGH,0.148
T000000098,A003599,2025-09-14,C001,OLD_TARGETING,MEDIUM,0.253
T000000099,A000149,2025-09-02,C001,OLD_TARGETING,MEDIUM,0.228
T000000100,A004123,2025-09-17,C001,OLD_TARGETING,LOW,0.386
T000000101,A003469,2025-09-11,C001,OLD_TARGETING,LOW,0.605
T000000102,A002463,2025-09-27,C001,OLD_TARGETING,HIGH,0.641
T000000103,A004139,2025-09-11,C001,OLD_TARGETING,MEDIUM,0.897
T000000104,A002533,2025-09-10,C001,OLD_TARGETING,MEDIUM,0.783
T000000105,A001068,2025-09-05,C001,OLD_TARGETING,MEDIUM,0.6
T000000106,A001614,2025-09-17,C001,OLD_TARGETING,MEDIUM,0.447
T000000107,A000199,2025-09-19,C001,OLD_TARGETING,LOW,0.795
T000000108,A001057,2025-09-22,C001,OLD_TARGETING,MEDIUM,0.349
T000000109,A003537,2025-09-26,C001,OLD_TARGETING,MEDIUM,0.216
T000000110,A001285,2025-09-15,C001,OLD_TARGETING,LOW,0.587
T000000111,A002805,2025-09-19,C001,OLD_TARGETING,MEDIUM,0.876
T000000112,A002053,2025-09-15,C001,OLD_TARGETING,HIGH,0.497
T000000113,A002720,2025-09-07,C001,OLD_TARGETING,HIGH,0.206
T000000114,A002714,2025-09-15,C001,OLD_TARGETING,HIGH,0.436
T000000115,A002699,2025-09-18,C001,OLD_TARGETING,LOW,0.6
T000000116,A000171,2025-09-08,C001,OLD_TARGETING,LOW,0.659
T000000117,A002386,2025-09-12,C001,OLD_TARGETING,MEDIUM,0.495
T000000118,A000407,2025-09-16,C001,OLD_TARGETING,MEDIUM,0.256
T000000119,A001648,2025-09-06,C001,OLD_TARGETING,MEDIUM,0.815
T000000120,A002812,2025-09-05,C001,OLD_TARGETING,LOW,0.365
T000000121,A000811,2025-09-06,C001,OLD_TARGETING,MEDIUM,0.757
T000000122,A003739,2025-09-17,C001,OLD_TARGETING,LOW,0.955
T000000123,A002622,2025-09-19,C001,OLD_TARGETING,LOW,0.53
T000000124,A003676,2025-09-14,C001,OLD_TARGETING,LOW,0.926
T000000125,A002601,2025-09-17,C001,OLD_TARGETING,MEDIUM,0.928
T000000126,A002637,2025-09-10,C001,OLD_TARGETING,MEDIUM,0.423
T000000127,A001053,2025-09-01,C001,OLD_TARGETING,MEDIUM,0.674
T000000128,A000564,2025-09-07,C001,OLD_TARGETING,HIGH,0.453
T000000129,A001215,2025-09-20,C001,OLD_TARGETING,MEDIUM,0.625
T000000130,A000034,2025-09-03,C001,OLD_TARGETING,HIGH,0.368
T000000131,A003531,2025-09-25,C001,OLD_TARGETING,LOW,0.233
T000000132,A001614,2025-09-17,C001,OLD_TARGETING,HIGH,0.482
T000000133,A002722,2025-09-21,C001,OLD_TARGETING,HIGH,0.927
T000000134,A003788,2025-09-08,C001,OLD_TARGETING,MEDIUM,0.468
T000000135,A001980,2025-09-25,C001,OLD_TARGETING,LOW,0.298
T000000136,A003593,2025-09-13,C001,OLD_TARGETING,MEDIUM,0.739
T000000137,A001603,2025-09-09,C001,OLD_TARGETING,MEDIUM,0.381
T000000138,A004200,2025-09-15,C001,OLD_TARGETING,HIGH,0.149
T000000139,A003393,2025-09-07,C001,OLD_TARGETING,MEDIUM,0.622
T000000140,A001359,2025-09-01,C001,OLD_TARGETING,HIGH,0.622
T000000141,A000283,2025-09-25,C001,OLD_TARGETING,MEDIUM,0.24
T000000142,A000489,2025-09-02,C001,OLD_TARGETING,MEDIUM,0.663
T000000143,A001601,2025-09-01,C001,OLD_TARGETING,LOW,0.912
T000000144,A001152,2025-09-17,C001,OLD_TARGETING,LOW,0.37
T000000145,A002688,2025-09-11,C001,OLD_TARGETING,MEDIUM,0.633
T000000146,A000564,2025-09-22,C001,OLD_TARGETING,LOW,0.661
T000000147,A003194,2025-09-01,C001,OLD_TARGETING,MEDIUM,0.551
T000000148,A002792,2025-09-08,C001,OLD_TARGETING,MEDIUM,0.655
T000000149,A003542,2025-09-24,C001,OLD_TARGETING,HIGH,0.67
T000000150,A001014,2025-09-04,C001,OLD_TARGETING,MEDIUM,0.716
T000000151,A002705,2025-09-11,C001,OLD_TARGETING,MEDIUM,0.875
T000000152,A002142,2025-09-17,C001,OLD_TARGETING,MEDIUM,0.946
T000000153,A002910,2025-09-20,C001,OLD_TARGETING,MEDIUM,0.296
T000000154,A004126,2025-09-20,C001,OLD_TARGETING,HIGH,0.675
T000000155,A001164,2025-09-05,C001,OLD_TARGETING,HIGH,0.834
T000000156,A003991,2025-09-03,C001,OLD_TARGETING,MEDIUM,0.343
T000000157,A003798,2025-09-12,C001,OLD_TARGETING,MEDIUM,0.848
T000000158,A004093,2025-09-17,C001,OLD_TARGETING,MEDIUM,0.249
T000000159,A003424,2025-09-07,C001,OLD_TARGETING,LOW,0.463
T000000160,A003275,2025-09-22,C001,OLD_TARGETING,HIGH,0.529
T000000161,A001105,2025-09-16,C001,OLD_TARGETING,LOW,0.174
T000000162,A000736,2025-09-16,C001,OLD_TARGETING,MEDIUM,0.214
T000000163,A002473,2025-09-03,C001,OLD_TARGETING,MEDIUM,0.87
T000000164,A004094,2025-09-20,C001,OLD_TARGETING,LOW,0.293
T000000165,A003891,2025-09-15,C001,OLD_TARGETING,MEDIUM,0.633
T000000166,A000639,2025-09-08,C001,OLD_TARGETING,MEDIUM,0.464
T000000167,A000575,2025-09-16,C001,OLD_TARGETING,HIGH,0.501
T000000168,A001136,2025-09-12,C001,OLD_TARGETING,HIGH,0.164
T000000169,A000383,2025-09-06,C001,OLD_TARGETING,MEDIUM,0.829
T000000170,A000863,2025-09-03,C001,OLD_TARGETING,LOW,0.62
T000000171,A000970,2025-09-19,C001,OLD_TARGETING,MEDIUM,0.525
T000000172,A004065,2025-09-01,C001,OLD_TARGETING,MEDIUM,0.548
T000000173,A000741,2025-09-27,C001,OLD_TARGETING,MEDIUM,0.859
T000000174,A001032,2025-09-09,C001,OLD_TARGETING,MEDIUM,0.663
T000000175,A002398,2025-09-09,C001,OLD_TARGETING,MEDIUM,0.93
T000000176,A003875,2025-09-22,C001,OLD_TARGETING,LOW,0.33
T000000177,A001255,2025-09-03,C001,OLD_TARGETING,MEDIUM,0.878
T000000178,A001529,2025-09-24,C001,OLD_TARGETING,MEDIUM,0.376
T000000179,A001848,2025-09-14,C001,OLD_TARGETING,LOW,0.692
T000000180,A000037,2025-09-11,C001,OLD_TARGETING,LOW,0.638
T000000181,A000024,2025-09-08,C001,OLD_TARGETING,HIGH,0.526
T000000182,A003815,2025-09-09,C001,OLD_TARGETING,HIGH,0.53
T000000183,A001525,2025-09-22,C001,OLD_TARGETING,LOW,0.267
T000000184,A001625,2025-09-06,C001,OLD_TARGETING,MEDIUM,0.429
T000000185,A002803,2025-09-17,C001,OLD_TARGETING,MEDIUM,0.928
T000000186,A002443,2025-09-24,C001,OLD_TARGETING,MEDIUM,0.981
T000000187,A001313,2025-09-14,C001,OLD_TARGETING,MEDIUM,0.462
T000000188,A000815,2025-09-19,C001,OLD_TARGETING,HIGH,0.808
T000000189,A001775,2025-09-19,C001,OLD_TARGETING,LOW,0.46
T000000190,A003818,2025-09-04,C001,OLD_TARGETING,MEDIUM,0.432
T000000191,A001622,2025-09-14,C001,OLD_TARGETING,MEDIUM,0.645
T000000192,A003548,2025-09-05,C001,OLD_TARGETING,LOW,0.923
T000000193,A003609,2025-09-04,C001,OLD_TARGETING,MEDIUM,0.502
T000000194,A000936,2025-09-17,C001,OLD_TARGETING,MEDIUM,0.253
T000000195,A003870,2025-09-17,C001,OLD_TARGETING,MEDIUM,0.392
T000000196,A000958,2025-09-12,C001,OLD_TARGETING,LOW,0.458
T000000197,A000337,2025-09-06,C001,OLD_TARGETING,HIGH,0.269
T000000198,A003813,2025-09-13,C001,OLD_TARGETING,MEDIUM,0.478
T000000199,A001079,2025-09-08,C001,OLD_TARGETING,LOW,0.213
T000000200,A001091,2025-09-08,C001,OLD_TARGETING,HIGH,0.509
T000000201,A000761,2025-09-04,C001,OLD_TARGETING,MEDIUM,0.567
T000000202,A002841,2025-09-22,C001,OLD_TARGETING,HIGH,0.376
T000000203,A000017,2025-09-06,C001,OLD_TARGETING,MEDIUM,0.148
T000000204,A001771,2025-09-07,C001,OLD_TARGETING,MEDIUM,0.294
T000000205,A003940,2025-09-21,C001,OLD_TARGETING,MEDIUM,0.402
T000000206,A001148,2025-09-19,C001,OLD_TARGETING,HIGH,0.467
T000000207,A002274,2025-09-18,C001,OLD_TARGETING,HIGH,0.438
T000000208,A000428,2025-09-11,C001,OLD_TARGETING,MEDIUM,0.971
T000000209,A000987,2025-09-06,C001,OLD_TARGETING,MEDIUM,0.235
T000000210,A002627,2025-09-25,C001,OLD_TARGETING,HIGH,0.149
T000000211,A001491,2025-09-26,C001,OLD_TARGETING,LOW,0.939
T000000212,A003201,2025-09-25,C001,OLD_TARGETING,LOW,0.22
T000000213,A001095,2025-09-08,C001,OLD_TARGETING,MEDIUM,0.969
T000000214,A001661,2025-09-17,C001,OLD_TARGETING,LOW,0.603
T000000215,A001311,2025-09-27,C001,OLD_TARGETING,HIGH,0.52
T000000216,A004051,2025-09-18,C001,OLD_TARGETING,LOW,0.255
T000000217,A001260,2025-09-27,C001,OLD_TARGETING,MEDIUM,0.174
T000000218,A001139,2025-09-26,C001,OLD_TARGETING,MEDIUM,0.326
T000000219,A000641,2025-09-19,C001,OLD_TARGETING,MEDIUM,0.442
T000000220,A000752,2025-09-25,C001,OLD_TARGETING,MEDIUM,0.577
T000000221,A001288,2025-09-17,C001,OLD_TARGETING,LOW,0.784
T000000222,A001625,2025-09-06,C001,OLD_TARGETING,HIGH,0.456
T000000223,A000861,2025-09-23,C001,OLD_TARGETING,LOW,0.359
T000000224,A000745,2025-09-04,C001,OLD_TARGETING,HIGH,0.606
T000000225,A003526,2025-09-17,C001,OLD_TARGETING,HIGH,0.817
T000000226,A001003,2025-09-10,C001,OLD_TARGETING,MEDIUM,0.536
T000000227,A002787,2025-09-16,C001,OLD_TARGETING,HIGH,0.197
T000000228,A001504,2025-09-10,C001,OLD_TARGETING,MEDIUM,0.941
T000000229,A003173,2025-09-10,C001,OLD_TARGETING,LOW,0.738
T000000230,A002153,2025-09-05,C001,OLD_TARGETING,MEDIUM,0.232
T000000231,A003887,2025-09-24,C001,OLD_TARGETING,MEDIUM,0.858
T000000232,A003366,2025-09-03,C001,OLD_TARGETING,LOW,0.427
T000000233,A000673,2025-09-01,C001,OLD_TARGETING,MEDIUM,0.945
T000000234,A001681,2025-09-19,C001,OLD_TARGETING,MEDIUM,0.766
T000000235,A003568,2025-09-12,C001,OLD_TARGETING,LOW,0.121
T000000236,A003863,2025-09-16,C001,OLD_TARGETING,LOW,0.335
T000000237,A001937,2025-09-24,C001,OLD_TARGETING,MEDIUM,0.245
T000000238,A004016,2025-09-13,C001,OLD_TARGETING,HIGH,0.538
T000000239,A003530,2025-09-25,C001,OLD_TARGETING,MEDIUM,0.752
T000000240,A000888,2025-09-08,C001,OLD_TARGETING,MEDIUM,0.437
T000000241,A002170,2025-09-18,C001,OLD_TARGETING,LOW,0.338
T000000242,A002609,2025-09-17,C001,OLD_TARGETING,LOW,0.462
T000000243,A003510,2025-09-18,C001,OLD_TARGETING,HIGH,0.665
T000000244,A003473,2025-09-22,C001,OLD_TARGETING,MEDIUM,0.357
T000000245,A000295,2025-09-23,C001,OLD_TARGETING,HIGH,0.52
T000000246,A001132,2025-09-02,C001,OLD_TARGETING,LOW,0.347
T000000247,A001793,2025-09-11,C001,OLD_TARGETING,MEDIUM,0.989
T000000248,A001130,2025-09-04,C001,OLD_TARGETING,MEDIUM,0.801
T000000249,A004073,2025-09-11,C001,OLD_TARGETING,HIGH,0.127
T000000250,A003582,2025-09-20,C001,OLD_TARGETING,MEDIUM,0.908
T000000251,A001636,2025-09-13,C001,OLD_TARGETING,MEDIUM,0.55
T000000252,A000894,2025-09-07,C001,OLD_TARGETING,MEDIUM,0.285
T000000253,A003162,2025-09-12,C001,OLD_TARGETING,MEDIUM,0.418
T000000254,A000055,2025-09-18,C001,OLD_TARGETING,MEDIUM,0.94
T000000255,A003304,2025-09-16,C001,OLD_TARGETING,LOW,0.915
T000000256,A002641,2025-09-06,C001,OLD_TARGETING,LOW,0.453
T000000257,A001147,2025-09-10,C001,OLD_TARGETING,MEDIUM,0.73
T000000258,A002406,2025-09-14,C001,OLD_TARGETING,MEDIUM,0.12
T000000259,A001361,2025-09-05,C001,OLD_TARGETING,LOW,0.936
T000000260,A003020,2025-09-16,C001,OLD_TARGETING,MEDIUM,0.667
T000000261,A003506,2025-09-26,C001,OLD_TARGETING,MEDIUM,0.232
T000000262,A000939,2025-09-15,C001,OLD_TARGETING,MEDIUM,0.201
T000000263,A002190,2025-09-02,C001,OLD_TARGETING,LOW,0.455
T000000264,A000187,2025-09-08,C001,OLD_TARGETING,LOW,0.521
T000000265,A002727,2025-09-27,C001,OLD_TARGETING,HIGH,0.516
T000000266,A001351,2025-09-03,C001,OLD_TARGETING,MEDIUM,0.775
T000000267,A004075,2025-09-23,C001,OLD_TARGETING,HIGH,0.164
T000000268,A001319,2025-09-22,C001,OLD_TARGETING,MEDIUM,0.681
T000000269,A003587,2025-09-19,C001,OLD_TARGETING,HIGH,0.369
T000000270,A003924,2025-09-13,C001,OLD_TARGETING,MEDIUM,0.451
T000000271,A003098,2025-09-12,C001,OLD_TARGETING,HIGH,0.829
T000000272,A001544,2025-09-22,C001,OLD_TARGETING,MEDIUM,0.432
T000000273,A003446,2025-09-18,C001,OLD_TARGETING,MEDIUM,0.547
T000000274,A003625,2025-09-03,C001,OLD_TARGETING,LOW,0.686
T000000275,A001659,2025-09-12,C001,OLD_TARGETING,MEDIUM,0.702
T000000276,A003698,2025-09-16,C001,OLD_TARGETING,MEDIUM,0.28
T000000277,A000679,2025-09-01,C001,OLD_TARGETING,LOW,0.392
T000000278,A002439,2025-09-26,C001,OLD_TARGETING,LOW,0.828
T000000279,A002255,2025-09-18,C001,OLD_TARGETING,MEDIUM,0.969
T000000280,A001801,2025-09-06,C001,OLD_TARGETING,HIGH,0.554
T000000281,A000839,2025-09-06,C001,OLD_TARGETING,HIGH,0.125
T000000282,A002442,2025-09-08,C001,OLD_TARGETING,LOW,0.222
T000000283,A002428,2025-09-05,C001,OLD_TARGETING,MEDIUM,0.644
T000000284,A000297,2025-09-19,C001,OLD_TARGETING,LOW,0.711
T000000285,A000087,2025-09-09,C001,OLD_TARGETING,LOW,0.197
T000000286,A001168,2025-09-12,C001,OLD_TARGETING,MEDIUM,0.578
T000000287,A000631,2025-09-17,C001,OLD_TARGETING,MEDIUM,0.633
T000000288,A001036,2025-09-07,C001,OLD_TARGETING,MEDIUM,0.442
T000000289,A001252,2025-09-11,C001,OLD_TARGETING,HIGH,0.807
T000000290,A002779,2025-09-13,C001,OLD_TARGETING,MEDIUM,0.732
T000000291,A003358,2025-09-13,C001,OLD_TARGETING,MEDIUM,0.557
T000000292,A000751,2025-09-17,C001,OLD_TARGETING,MEDIUM,0.327
T000000293,A003695,2025-09-06,C001,OLD_TARGETING,LOW,0.982
T000000294,A000675,2025-09-24,C001,OLD_TARGETING,MEDIUM,0.632
T000000295,A001796,2025-09-16,C001,OLD_TARGETING,HIGH,0.428
T000000296,A002071,2025-09-01,C001,OLD_TARGETING,LOW,0.81
T000000297,A001693,2025-09-24,C001,OLD_TARGETING,MEDIUM,0.396
T000000298,A003572,2025-09-18,C001,OLD_TARGETING,HIGH,0.327
T000000299,A002539,2025-09-27,C001,OLD_TARGETING,HIGH,0.527
T000000300,A000737,2025-09-04,C001,OLD_TARGETING,HIGH,0.524
T000000301,A002715,2025-09-27,C001,OLD_TARGETING,HIGH,0.784
T000000302,A002390,2025-09-02,C001,OLD_TARGETING,MEDIUM,0.681
T000000303,A001953,2025-09-10,C001,OLD_TARGETING,HIGH,0.228
T000000304,A003280,2025-09-21,C001,OLD_TARGETING,MEDIUM,0.38
T000000305,A002619,2025-09-24,C001,OLD_TARGETING,LOW,0.485
T000000306,A001214,2025-09-26,C001,OLD_TARGETING,LOW,0.341
T000000307,A001620,2025-09-13,C001,OLD_TARGETING,HIGH,0.457
T000000308,A000327,2025-09-16,C001,OLD_TARGETING,MEDIUM,0.852
T000000309,A003044,2025-09-27,C001,OLD_TARGETING,LOW,0.23
T000000310,A001163,2025-09-20,C001,OLD_TARGETING,MEDIUM,0.825
T000000311,A001912,2025-09-25,C001,OLD_TARGETING,HIGH,0.396
T000000312,A003343,2025-09-08,C001,OLD_TARGETING,HIGH,0.811
T000000313,A004192,2025-09-12,C001,OLD_TARGETING,MEDIUM,0.953
T000000314,A001118,2025-09-24,C001,OLD_TARGETING,MEDIUM,0.788
T000000315,A000685,2025-09-21,C001,OLD_TARGETING,MEDIUM,0.236
T000000316,A001625,2025-09-12,C001,OLD_TARGETING,MEDIUM,0.433
T000000317,A000792,2025-09-12,C001,OLD_TARGETING,HIGH,0.298
T000000318,A003799,2025-09-12,C001,OLD_TARGETING,MEDIUM,0.315
T000000319,A003931,2025-09-25,C001,OLD_TARGETING,HIGH,0.705
T000000320,A003610,2025-09-03,C001,OLD_TARGETING,MEDIUM,0.771
T000000321,A003435,2025-09-26,C001,OLD_TARGETING,LOW,0.233
T000000322,A003331,2025-09-07,C001,OLD_TARGETING,MEDIUM,0.581
T000000323,A003987,2025-09-04,C001,OLD_TARGETING,HIGH,0.121
T000000324,A002118,2025-09-23,C001,OLD_TARGETING,MEDIUM,0.479
T000000325,A003056,2025-09-21,C001,OLD_TARGETING,HIGH,0.312
T000000326,A001937,2025-09-27,C001,OLD_TARGETING,MEDIUM,0.465
T000000327,A000555,2025-09-01,C001,OLD_TARGETING,MEDIUM,0.684
T000000328,A001436,2025-09-24,C001,OLD_TARGETING,HIGH,0.729
T000000329,A002760,2025-09-01,C001,OLD_TARGETING,MEDIUM,0.211
T000000330,A003593,2025-09-27,C001,OLD_TARGETING,MEDIUM,0.333
T000000331,A002844,2025-09-26,C001,OLD_TARGETING,MEDIUM,0.72
T000000332,A001740,2025-09-03,C001,OLD_TARGETING,MEDIUM,0.197
T000000333,A001551,2025-09-07,C001,OLD_TARGETING,HIGH,0.91
T000000334,A001871,2025-09-04,C001,OLD_TARGETING,MEDIUM,0.704
T000000335,A001690,2025-09-27,C001,OLD_TARGETING,HIGH,0.518
T000000336,A000074,2025-09-17,C001,OLD_TARGETING,LOW,0.838
T000000337,A003813,2025-09-25,C001,OLD_TARGETING,MEDIUM,0.573
T000000338,A000570,2025-09-07,C001,OLD_TARGETING,MEDIUM,0.628
T000000339,A002471,2025-09-20,C001,OLD_TARGETING,MEDIUM,0.436
T000000340,A002912,2025-09-20,C001,OLD_TARGETING,MEDIUM,0.217
T000000341,A003305,2025-09-23,C001,OLD_TARGETING,MEDIUM,0.962
T000000342,A002428,2025-09-05,C001,OLD_TARGETING,LOW,0.299
T000000343,A002824,2025-09-02,C001,OLD_TARGETING,MEDIUM,0.257
T000000344,A002662,2025-09-06,C001,OLD_TARGETING,HIGH,0.763
T000000345,A002411,2025-09-04,C001,OLD_TARGETING,MEDIUM,0.354
T000000346,A000090,2025-09-23,C001,OLD_TARGETING,LOW,0.284
T000000347,A003378,2025-09-01,C001,OLD_TARGETING,MEDIUM,0.764
T000000348,A000681,2025-09-25,C001,OLD_TARGETING,HIGH,0.175
T000000349,A003022,2025-09-03,C001,OLD_TARGETING,MEDIUM,0.103
T000000350,A003698,2025-09-22,C001,OLD_TARGETING,LOW,0.307
T000000351,A003787,2025-09-27,C001,OLD_TARGETING,LOW,0.682
T000000352,A001475,2025-09-04,C001,OLD_TARGETING,HIGH,0.934
T000000353,A004119,2025-09-19,C001,OLD_TARGETING,HIGH,0.242
T000000354,A003709,2025-09-04,C001,OLD_TARGETING,HIGH,0.507
T000000355,A002170,2025-09-10,C001,OLD_TARGETING,HIGH,0.799
T000000356,A001687,2025-09-21,C001,OLD_TARGETING,MEDIUM,0.146
T000000357,A004058,2025-09-26,C001,OLD_TARGETING,MEDIUM,0.332
T000000358,A002896,2025-09-15,C001,OLD_TARGETING,LOW,0.855
T000000359,A004061,2025-09-20,C001,OLD_TARGETING,LOW,0.388
T000000360,A003338,2025-09-07,C001,OLD_TARGETING,MEDIUM,0.309
T000000361,A003454,2025-09-18,C001,OLD_TARGETING,MEDIUM,0.496
T000000362,A003869,2025-09-27,C001,OLD_TARGETING,MEDIUM,0.12
T000000363,A000213,2025-09-04,C001,OLD_TARGETING,LOW,0.506
T000000364,A004025,2025-09-03,C001,OLD_TARGETING,HIGH,0.52
T000000365,A003340,2025-09-10,C001,OLD_TARGETING,HIGH,0.262
T000000366,A000694,2025-09-19,C001,OLD_TARGETING,MEDIUM,0.453
T000000367,A003053,2025-09-20,C001,OLD_TARGETING,MEDIUM,0.107
T000000368,A000598,2025-09-20,C001,OLD_TARGETING,MEDIUM,0.301
T000000369,A001831,2025-09-02,C001,OLD_TARGETING,HIGH,0.197
T000000370,A002887,2025-09-17,C001,OLD_TARGETING,MEDIUM,0.664
T000000371,A002673,2025-09-04,C001,OLD_TARGETING,HIGH,0.358
T000000372,A002773,2025-09-06,C001,OLD_TARGETING,MEDIUM,0.18
T000000373,A000395,2025-09-09,C001,OLD_TARGETING,LOW,0.293
T000000374,A000821,2025-09-13,C001,OLD_TARGETING,HIGH,0.278
T000000375,A001402,2025-09-11,C001,OLD_TARGETING,HIGH,0.232
T000000376,A000832,2025-09-07,C001,OLD_TARGETING,MEDIUM,0.805
T000000377,A003168,2025-09-16,C001,OLD_TARGETING,MEDIUM,0.743
T000000378,A000875,2025-09-26,C001,OLD_TARGETING,LOW,0.525
T000000379,A003773,2025-09-25,C001,OLD_TARGETING,MEDIUM,0.692
T000000380,A001367,2025-09-06,C001,OLD_TARGETING,LOW,0.938
T000000381,A000695,2025-09-07,C001,OLD_TARGETING,LOW,0.572
T000000382,A002298,2025-09-17,C001,OLD_TARGETING,HIGH,0.681
T000000383,A002526,2025-09-03,C001,OLD_TARGETING,MEDIUM,0.111
T000000384,A002327,2025-09-19,C001,OLD_TARGETING,HIGH,0.82
T000000385,A000601,2025-09-17,C001,OLD_TARGETING,MEDIUM,0.973
T000000386,A003369,2025-09-19,C001,OLD_TARGETING,LOW,0.492
T000000387,A000806,2025-09-27,C001,OLD_TARGETING,MEDIUM,0.567
T000000388,A003386,2025-09-09,C001,OLD_TARGETING,LOW,0.404
T000000389,A001432,2025-09-07,C001,OLD_TARGETING,LOW,0.726
T000000390,A000165,2025-09-23,C001,OLD_TARGETING,HIGH,0.192
T000000391,A000265,2025-09-21,C001,OLD_TARGETING,LOW,0.888
T000000392,A001997,2025-09-01,C001,OLD_TARGETING,LOW,0.634
T000000393,A000975,2025-09-08,C001,OLD_TARGETING,LOW,0.607
T000000394,A003482,2025-09-21,C001,OLD_TARGETING,MEDIUM,0.739
T000000395,A001655,2025-09-11,C001,OLD_TARGETING,MEDIUM,0.127
T000000396,A001951,2025-09-26,C001,OLD_TARGETING,MEDIUM,0.689
T000000397,A002161,2025-09-20,C001,OLD_TARGETING,HIGH,0.707
T000000398,A001366,2025-09-26,C001,OLD_TARGETING,LOW,0.352
T000000399,A000996,2025-09-09,C001,OLD_TARGETING,HIGH,0.147
T000000400,A003202,2025-09-14,C001,OLD_TARGETING,HIGH,0.832
T000000401,A001928,2025-09-03,C001,OLD_TARGETING,HIGH,0.588
T000000402,A002707,2025-09-05,C001,OLD_TARGETING,MEDIUM,0.363
T000000403,A003638,2025-09-04,C001,OLD_TARGETING,HIGH,0.135
T000000404,A003380,2025-09-27,C001,OLD_TARGETING,HIGH,0.394
T000000405,A002990,2025-09-03,C001,OLD_TARGETING,MEDIUM,0.518
T000000406,A004176,2025-09-10,C001,OLD_TARGETING,HIGH,0.987
T000000407,A002380,2025-09-24,C001,OLD_TARGETING,MEDIUM,0.701
T000000408,A002666,2025-09-23,C001,OLD_TARGETING,MEDIUM,0.151
T000000409,A003023,2025-09-15,C001,OLD_TARGETING,HIGH,0.959
T000000410,A001273,2025-09-09,C001,OLD_TARGETING,MEDIUM,0.468
T000000411,A002186,2025-09-02,C001,OLD_TARGETING,MEDIUM,0.32
T000000412,A001294,2025-09-10,C001,OLD_TARGETING,LOW,0.755
T000000413,A002598,2025-09-18,C001,OLD_TARGETING,HIGH,0.959
T000000414,A001104,2025-09-09,C001,OLD_TARGETING,HIGH,0.915
T000000415,A000229,2025-09-27,C001,OLD_TARGETING,MEDIUM,0.886
T000000416,A001128,2025-09-06,C001,OLD_TARGETING,MEDIUM,0.86
T000000417,A000201,2025-09-15,C001,OLD_TARGETING,MEDIUM,0.593
T000000418,A001881,2025-09-02,C001,OLD_TARGETING,MEDIUM,0.141
T000000419,A003132,2025-09-01,C001,OLD_TARGETING,MEDIUM,0.756
T000000420,A002600,2025-09-20,C001,OLD_TARGETING,LOW,0.795
T000000421,A001682,2025-09-10,C001,OLD_TARGETING,HIGH,0.753
T000000422,A000892,2025-09-18,C001,OLD_TARGETING,LOW,0.796
T000000423,A002265,2025-09-09,C001,OLD_TARGETING,MEDIUM,0.456
T000000424,A002557,2025-09-17,C001,OLD_TARGETING,MEDIUM,0.842
T000000425,A003326,2025-09-01,C001,OLD_TARGETING,LOW,0.943
T000000426,A001170,2025-09-12,C001,OLD_TARGETING,MEDIUM,0.939
T000000427,A001550,2025-09-08,C001,OLD_TARGETING,MEDIUM,0.827
T000000428,A000932,2025-09-04,C001,OLD_TARGETING,MEDIUM,0.401
T000000429,A000038,2025-09-24,C001,OLD_TARGETING,MEDIUM,0.76
T000000430,A003652,2025-09-19,C001,OLD_TARGETING,MEDIUM,0.128
T000000431,A000840,2025-09-19,C001,OLD_TARGETING,LOW,0.16
T000000432,A003348,2025-09-27,C001,OLD_TARGETING,MEDIUM,0.894
T000000433,A003387,2025-09-12,C001,OLD_TARGETING,LOW,0.108
T000000434,A003786,2025-09-17,C001,OLD_TARGETING,LOW,0.838
T000000435,A000240,2025-09-13,C001,OLD_TARGETING,MEDIUM,0.719
T000000436,A000174,2025-09-26,C001,OLD_TARGETING,MEDIUM,0.905
T000000437,A003286,2025-09-24,C001,OLD_TARGETING,HIGH,0.307
T000000438,A003097,2025-09-02,C001,OLD_TARGETING,HIGH,0.317
T000000439,A002361,2025-09-27,C001,OLD_TARGETING,HIGH,0.254
T000000440,A000676,2025-09-14,C001,OLD_TARGETING,MEDIUM,0.673
T000000441,A003452,2025-09-12,C001,OLD_TARGETING,LOW,0.74
T000000442,A003428,2025-09-06,C001,OLD_TARGETING,MEDIUM,0.118
T000000443,A001151,2025-09-22,C001,OLD_TARGETING,MEDIUM,0.22
T000000444,A001858,2025-09-25,C001,OLD_TARGETING,MEDIUM,0.159
T000000445,A000018,2025-09-10,C001,OLD_TARGETING,MEDIUM,0.92
T000000446,A003228,2025-09-14,C001,OLD_TARGETING,MEDIUM,0.726
T000000447,A000602,2025-09-24,C001,OLD_TARGETING,MEDIUM,0.89
T000000448,A003172,2025-09-06,C001,OLD_TARGETING,HIGH,0.977
T000000449,A000990,2025-09-11,C001,OLD_TARGETING,MEDIUM,0.477
T000000450,A001401,2025-09-18,C001,OLD_TARGETING,MEDIUM,0.378
T000000451,A001128,2025-09-07,C001,OLD_TARGETING,MEDIUM,0.94
T000000452,A003187,2025-09-11,C001,OLD_TARGETING,HIGH,0.966
T000000453,A000577,2025-09-21,C001,OLD_TARGETING,HIGH,0.579
T000000454,A003604,2025-09-01,C001,OLD_TARGETING,MEDIUM,0.162
T000000455,A002983,2025-09-10,C001,OLD_TARGETING,MEDIUM,0.523
T000000456,A000343,2025-09-12,C001,OLD_TARGETING,MEDIUM,0.342
T000000457,A003409,2025-09-04,C001,OLD_TARGETING,MEDIUM,0.845
T000000458,A003592,2025-09-15,C001,OLD_TARGETING,MEDIUM,0.257
T000000459,A003958,2025-09-21,C001,OLD_TARGETING,MEDIUM,0.138
T000000460,A001696,2025-09-25,C001,OLD_TARGETING,MEDIUM,0.204
T000000461,A001055,2025-09-04,C001,OLD_TARGETING,LOW,0.431
T000000462,A001442,2025-09-11,C001,OLD_TARGETING,LOW,0.175
T000000463,A000266,2025-09-04,C001,OLD_TARGETING,MEDIUM,0.393
T000000464,A001571,2025-09-02,C001,OLD_TARGETING,MEDIUM,0.614
T000000465,A002160,2025-09-05,C001,OLD_TARGETING,HIGH,0.596
T000000466,A000948,2025-09-23,C001,OLD_TARGETING,HIGH,0.442
T000000467,A003928,2025-09-27,C001,OLD_TARGETING,MEDIUM,0.677
T000000468,A000002,2025-09-09,C001,OLD_TARGETING,LOW,0.711
T000000469,A003238,2025-09-20,C001,OLD_TARGETING,MEDIUM,0.842
T000000470,A003420,2025-09-20,C001,OLD_TARGETING,MEDIUM,0.315
T000000471,A003372,2025-09-08,C001,OLD_TARGETING,MEDIUM,0.58
T000000472,A000674,2025-09-25,C001,OLD_TARGETING,MEDIUM,0.34
T000000473,A000722,2025-09-21,C001,OLD_TARGETING,LOW,0.289
T000000474,A002293,2025-09-13,C001,OLD_TARGETING,LOW,0.157
T000000475,A002375,2025-09-24,C001,OLD_TARGETING,MEDIUM,0.325
T000000476,A000880,2025-09-05,C001,OLD_TARGETING,LOW,0.967
T000000477,A001245,2025-09-14,C001,OLD_TARGETING,HIGH,0.232
T000000478,A001725,2025-09-12,C001,OLD_TARGETING,MEDIUM,0.339
T000000479,A000361,2025-09-25,C001,OLD_TARGETING,MEDIUM,0.548
T000000480,A002984,2025-09-02,C001,OLD_TARGETING,LOW,0.724
T000000481,A003654,2025-09-22,C001,OLD_TARGETING,HIGH,0.246
T000000482,A002985,2025-09-17,C001,OLD_TARGETING,HIGH,0.889
T000000483,A001677,2025-09-16,C001,OLD_TARGETING,MEDIUM,0.51
T000000484,A003181,2025-09-14,C001,OLD_TARGETING,HIGH,0.255
T000000485,A000656,2025-09-10,C001,OLD_TARGETING,MEDIUM,0.267
T000000486,A002947,2025-09-15,C001,OLD_TARGETING,HIGH,0.969
T000000487,A001918,2025-09-01,C001,OLD_TARGETING,MEDIUM,0.158
T000000488,A001671,2025-09-08,C001,OLD_TARGETING,HIGH,0.515
T000000489,A004191,2025-09-08,C001,OLD_TARGETING,MEDIUM,0.654
T000000490,A002837,2025-09-10,C001,OLD_TARGETING,MEDIUM,0.894
T000000491,A003554,2025-09-16,C001,OLD_TARGETING,HIGH,0.271
T000000492,A002370,2025-09-21,C001,OLD_TARGETING,HIGH,0.935
T000000493,A002576,2025-09-11,C001,OLD_TARGETING,MEDIUM,0.259
T000000494,A000915,2025-09-18,C001,OLD_TARGETING,MEDIUM,0.288
T000000495,A001876,2025-09-20,C001,OLD_TARGETING,LOW,0.775
T000000496,A002785,2025-09-16,C001,OLD_TARGETING,HIGH,0.332
T000000497,A001891,2025-09-24,C001,OLD_TARGETING,MEDIUM,0.386
T000000498,A001265,2025-09-07,C001,OLD_TARGETING,MEDIUM,0.902
T000000499,A002470,2025-09-25,C001,OLD_TARGETING,LOW,0.524
T000000500,A000219,2025-09-02,C001,OLD_TARGETING,LOW,0.577
T000000501,A003661,2025-09-04,C001,OLD_TARGETING,LOW,0.106
T000000502,A003285,2025-09-26,C001,OLD_TARGETING,MEDIUM,0.866
T000000503,A002990,2025-09-01,C001,OLD_TARGETING,MEDIUM,0.47
T000000504,A001650,2025-09-02,C001,OLD_TARGETING,LOW,0.832
T000000505,A001335,2025-09-06,C001,OLD_TARGETING,MEDIUM,0.1
T000000506,A002421,2025-09-19,C001,OLD_TARGETING,LOW,0.134
T000000507,A002149,2025-09-02,C001,OLD_TARGETING,MEDIUM,0.486
T000000508,A003029,2025-09-03,C001,OLD_TARGETING,HIGH,0.431
T000000509,A003209,2025-09-25,C001,OLD_TARGETING,HIGH,0.144
T000000510,A001083,2025-09-25,C001,OLD_TARGETING,LOW,0.106
T000000511,A003333,2025-09-10,C001,OLD_TARGETING,LOW,0.935
T000000512,A002542,2025-09-25,C001,OLD_TARGETING,LOW,0.297
T000000513,A003863,2025-09-27,C001,OLD_TARGETING,MEDIUM,0.984
T000000514,A000729,2025-09-24,C001,OLD_TARGETING,HIGH,0.375
T000000515,A000732,2025-09-27,C001,OLD_TARGETING,MEDIUM,0.535
T000000516,A001163,2025-09-10,C001,OLD_TARGETING,LOW,0.567
T000000517,A004191,2025-09-20,C001,OLD_TARGETING,HIGH,0.781
T000000518,A003210,2025-09-03,C001,OLD_TARGETING,MEDIUM,0.376
T000000519,A000011,2025-09-10,C001,OLD_TARGETING,HIGH,0.546
T000000520,A004133,2025-09-03,C001,OLD_TARGETING,MEDIUM,0.411
T000000521,A001960,2025-09-12,C001,OLD_TARGETING,LOW,0.21
T000000522,A000403,2025-09-21,C001,OLD_TARGETING,LOW,0.806
T000000523,A000546,2025-09-23,C001,OLD_TARGETING,MEDIUM,0.144
T000000524,A003001,2025-09-23,C001,OLD_TARGETING,LOW,0.274
T000000525,A001193,2025-09-26,C001,OLD_TARGETING,MEDIUM,0.238
T000000526,A003704,2025-09-07,C001,OLD_TARGETING,LOW,0.427
T000000527,A002915,2025-09-22,C001,OLD_TARGETING,MEDIUM,0.403
T000000528,A003975,2025-09-13,C001,OLD_TARGETING,MEDIUM,0.112
T000000529,A003854,2025-09-01,C001,OLD_TARGETING,MEDIUM,0.885
T000000530,A004031,2025-09-23,C001,OLD_TARGETING,HIGH,0.569
T000000531,A001517,2025-09-21,C001,OLD_TARGETING,LOW,0.202
T000000532,A001440,2025-09-07,C001,OLD_TARGETING,LOW,0.271
T000000533,A002385,2025-09-16,C001,OLD_TARGETING,HIGH,0.182
T000000534,A002199,2025-09-26,C001,OLD_TARGETING,MEDIUM,0.12
T000000535,A000052,2025-09-16,C001,OLD_TARGETING,MEDIUM,0.105
T000000536,A001867,2025-09-11,C001,OLD_TARGETING,LOW,0.449
T000000537,A002382,2025-09-03,C001,OLD_TARGETING,HIGH,0.259
T000000538,A003050,2025-09-20,C001,OLD_TARGETING,MEDIUM,0.948
T000000539,A003409,2025-09-17,C001,OLD_TARGETING,MEDIUM,0.817
T000000540,A003706,2025-09-21,C001,OLD_TARGETING,HIGH,0.346
T000000541,A000979,2025-09-08,C001,OLD_TARGETING,MEDIUM,0.102
T000000542,A001644,2025-09-05,C001,OLD_TARGETING,MEDIUM,0.232
T000000543,A001468,2025-09-06,C001,OLD_TARGETING,LOW,0.229
T000000544,A001268,2025-09-24,C001,OLD_TARGETING,LOW,0.945
T000000545,A000456,2025-09-01,C001,OLD_TARGETING,MEDIUM,0.33
T000000546,A000377,2025-09-15,C001,OLD_TARGETING,HIGH,0.963
T000000547,A002946,2025-09-21,C001,OLD_TARGETING,MEDIUM,0.85
T000000548,A003245,2025-09-16,C001,OLD_TARGETING,MEDIUM,0.617
T000000549,A002378,2025-09-07,C001,OLD_TARGETING,LOW,0.253
T000000550,A002085,2025-09-22,C001,OLD_TARGETING,MEDIUM,0.409
T000000551,A001703,2025-09-23,C001,OLD_TARGETING,MEDIUM,0.331
T000000552,A003537,2025-09-12,C001,OLD_TARGETING,HIGH,0.196
T000000553,A002853,2025-09-13,C001,OLD_TARGETING,MEDIUM,0.662
T000000554,A001000,2025-09-27,C001,OLD_TARGETING,MEDIUM,0.193
T000000555,A002828,2025-09-02,C001,OLD_TARGETING,MEDIUM,0.517
T000000556,A002470,2025-09-21,C001,OLD_TARGETING,LOW,0.537
T000000557,A003467,2025-09-23,C001,OLD_TARGETING,MEDIUM,0.232
T000000558,A003644,2025-09-04,C001,OLD_TARGETING,HIGH,0.787
T000000559,A003839,2025-09-25,C001,OLD_TARGETING,HIGH,0.184
T000000560,A003987,2025-09-27,C001,OLD_TARGETING,HIGH,0.228
T000000561,A003103,2025-09-15,C001,OLD_TARGETING,HIGH,0.349
T000000562,A003929,2025-09-18,C001,OLD_TARGETING,MEDIUM,0.153
T000000563,A003382,2025-09-27,C001,OLD_TARGETING,HIGH,0.42
T000000564,A000172,2025-09-21,C001,OLD_TARGETING,LOW,0.657
T000000565,A001420,2025-09-21,C001,OLD_TARGETING,LOW,0.607
T000000566,A000462,2025-09-07,C001,OLD_TARGETING,HIGH,0.443
T000000567,A001731,2025-09-10,C001,OLD_TARGETING,MEDIUM,0.414
T000000568,A001466,2025-09-20,C001,OLD_TARGETING,MEDIUM,0.668
T000000569,A002119,2025-09-14,C001,OLD_TARGETING,LOW,0.865
T000000570,A003215,2025-09-23,C001,OLD_TARGETING,LOW,0.294
T000000571,A001096,2025-09-23,C001,OLD_TARGETING,MEDIUM,0.118
T000000572,A000663,2025-09-12,C001,OLD_TARGETING,HIGH,0.65
T000000573,A000713,2025-09-01,C001,OLD_TARGETING,HIGH,0.142
T000000574,A003100,2025-09-05,C001,OLD_TARGETING,LOW,0.224
T000000575,A001451,2025-09-01,C001,OLD_TARGETING,LOW,0.397
T000000576,A000407,2025-09-01,C001,OLD_TARGETING,MEDIUM,0.242
T000000577,A003061,2025-09-11,C001,OLD_TARGETING,HIGH,0.737
T000000578,A000748,2025-09-16,C001,OLD_TARGETING,HIGH,0.803
T000000579,A002443,2025-09-13,C001,OLD_TARGETING,HIGH,0.124
T000000580,A002421,2025-09-14,C001,OLD_TARGETING,MEDIUM,0.534
T000000581,A001055,2025-09-05,C001,OLD_TARGETING,MEDIUM,0.244
T000000582,A004004,2025-09-24,C001,OLD_TARGETING,MEDIUM,0.396
T000000583,A002916,2025-09-08,C001,OLD_TARGETING,LOW,0.148
T000000584,A000455,2025-09-03,C001,OLD_TARGETING,HIGH,0.554
T000000585,A000796,2025-09-25,C001,OLD_TARGETING,MEDIUM,0.691
T000000586,A004139,2025-09-04,C001,OLD_TARGETING,HIGH,0.743
T000000587,A003482,2025-09-18,C001,OLD_TARGETING,HIGH,0.382
T000000588,A000041,2025-09-12,C001,OLD_TARGETING,MEDIUM,0.228
T000000589,A003690,2025-09-13,C001,OLD_TARGETING,LOW,0.612
T000000590,A002281,2025-09-22,C001,OLD_TARGETING,LOW,0.344
T000000591,A001969,2025-09-16,C001,OLD_TARGETING,HIGH,0.544
T000000592,A000584,2025-09-22,C001,OLD_TARGETING,HIGH,0.778
T000000593,A002210,2025-09-14,C001,OLD_TARGETING,MEDIUM,0.946
T000000594,A002213,2025-09-16,C001,OLD_TARGETING,MEDIUM,0.631
T000000595,A003127,2025-09-23,C001,OLD_TARGETING,LOW,0.319
T000000596,A001286,2025-09-20,C001,OLD_TARGETING,LOW,0.501
T000000597,A003189,2025-09-02,C001,OLD_TARGETING,MEDIUM,0.669
T000000598,A002815,2025-09-16,C001,OLD_TARGETING,LOW,0.388
T000000599,A001513,2025-09-19,C001,OLD_TARGETING,MEDIUM,0.413
T000000600,A000465,2025-09-10,C001,OLD_TARGETING,MEDIUM,0.901
T000000601,A002133,2025-09-04,C001,OLD_TARGETING,MEDIUM,0.792
T000000602,A001020,2025-09-17,C001,OLD_TARGETING,LOW,0.821
T000000603,A001361,2025-09-07,C001,OLD_TARGETING,LOW,0.527
T000000604,A002871,2025-09-12,C001,OLD_TARGETING,MEDIUM,0.703
T000000605,A001870,2025-09-09,C001,OLD_TARGETING,LOW,0.902
T000000606,A003597,2025-09-06,C001,OLD_TARGETING,LOW,0.734
T000000607,A002192,2025-09-01,C001,OLD_TARGETING,LOW,0.804
T000000608,A002955,2025-09-16,C001,OLD_TARGETING,MEDIUM,0.588
T000000609,A001275,2025-09-11,C001,OLD_TARGETING,MEDIUM,0.939
T000000610,A003633,2025-09-06,C001,OLD_TARGETING,MEDIUM,0.305
T000000611,A003557,2025-09-14,C001,OLD_TARGETING,LOW,0.208
T000000612,A002140,2025-09-27,C001,OLD_TARGETING,HIGH,0.77
T000000613,A004028,2025-09-27,C001,OLD_TARGETING,MEDIUM,0.212
T000000614,A002967,2025-09-05,C001,OLD_TARGETING,MEDIUM,0.867
T000000615,A003201,2025-09-23,C001,OLD_TARGETING,HIGH,0.729
T000000616,A000473,2025-09-06,C001,OLD_TARGETING,LOW,0.695
T000000617,A001536,2025-09-02,C001,OLD_TARGETING,MEDIUM,0.906
T000000618,A003724,2025-09-04,C001,OLD_TARGETING,HIGH,0.55
T000000619,A001940,2025-09-09,C001,OLD_TARGETING,MEDIUM,0.618
T000000620,A000564,2025-09-06,C001,OLD_TARGETING,HIGH,0.281
T000000621,A000655,2025-09-25,C001,OLD_TARGETING,LOW,0.458
T000000622,A002878,2025-09-02,C001,OLD_TARGETING,MEDIUM,0.185
T000000623,A002746,2025-09-02,C001,OLD_TARGETING,MEDIUM,0.869
T000000624,A000477,2025-09-19,C001,OLD_TARGETING,MEDIUM,0.892
T000000625,A000944,2025-09-12,C001,OLD_TARGETING,MEDIUM,0.934
T000000626,A002028,2025-09-15,C001,OLD_TARGETING,MEDIUM,0.425
T000000627,A002702,2025-09-04,C001,OLD_TARGETING,HIGH,0.298
T000000628,A000614,2025-09-08,C001,OLD_TARGETING,MEDIUM,0.696
T000000629,A000628,2025-09-04,C001,OLD_TARGETING,HIGH,0.497
T000000630,A002390,2025-09-06,C001,OLD_TARGETING,MEDIUM,0.712
T000000631,A003699,2025-09-05,C001,OLD_TARGETING,LOW,0.953
T000000632,A000414,2025-09-09,C001,OLD_TARGETING,MEDIUM,0.754
T000000633,A000109,2025-09-01,C001,OLD_TARGETING,MEDIUM,0.865
T000000634,A000493,2025-09-04,C001,OLD_TARGETING,MEDIUM,0.613
T000000635,A003947,2025-09-11,C001,OLD_TARGETING,LOW,0.867
T000000636,A001138,2025-09-07,C001,OLD_TARGETING,LOW,0.357
T000000637,A001842,2025-09-12,C001,OLD_TARGETING,MEDIUM,0.406
T000000638,A001069,2025-09-04,C001,OLD_TARGETING,HIGH,0.615
T000000639,A002878,2025-09-23,C001,OLD_TARGETING,MEDIUM,0.44
T000000640,A001635,2025-09-03,C001,OLD_TARGETING,MEDIUM,0.643
T000000641,A000708,2025-09-22,C001,OLD_TARGETING,LOW,0.217
T000000642,A004184,2025-09-09,C001,OLD_TARGETING,MEDIUM,0.293
T000000643,A002101,2025-09-15,C001,OLD_TARGETING,MEDIUM,0.469
T000000644,A003596,2025-09-14,C001,OLD_TARGETING,MEDIUM,0.873
T000000645,A002502,2025-09-01,C001,OLD_TARGETING,MEDIUM,0.795
T000000646,A002125,2025-09-11,C001,OLD_TARGETING,HIGH,0.549
T000000647,A000645,2025-09-22,C001,OLD_TARGETING,MEDIUM,0.474
T000000648,A000788,2025-09-19,C001,OLD_TARGETING,MEDIUM,0.962
T000000649,A001925,2025-09-23,C001,OLD_TARGETING,MEDIUM,0.514
T000000650,A003341,2025-09-05,C001,OLD_TARGETING,MEDIUM,0.81
T000000651,A000608,2025-09-15,C001,OLD_TARGETING,LOW,0.982
T000000652,A002337,2025-09-06,C001,OLD_TARGETING,MEDIUM,0.326
T000000653,A001796,2025-09-15,C001,OLD_TARGETING,MEDIUM,0.741
T000000654,A003065,2025-09-21,C001,OLD_TARGETING,HIGH,0.976
T000000655,A000302,2025-09-22,C001,OLD_TARGETING,MEDIUM,0.935
T000000656,A000133,2025-09-07,C001,OLD_TARGETING,HIGH,0.223
T000000657,A000524,2025-09-08,C001,OLD_TARGETING,LOW,0.371
T000000658,A004069,2025-09-26,C001,OLD_TARGETING,HIGH,0.744
T000000659,A001685,2025-09-16,C001,OLD_TARGETING,HIGH,0.6
T000000660,A001866,2025-09-17,C001,OLD_TARGETING,MEDIUM,0.973
T000000661,A001461,2025-09-27,C001,OLD_TARGETING,LOW,0.8
T000000662,A001078,2025-09-27,C001,OLD_TARGETING,MEDIUM,0.76
T000000663,A001525,2025-09-26,C001,OLD_TARGETING,HIGH,0.475
T000000664,A000773,2025-09-09,C001,OLD_TARGETING,LOW,0.878
T000000665,A002875,2025-09-22,C001,OLD_TARGETING,LOW,0.967
T000000666,A002083,2025-09-24,C001,OLD_TARGETING,MEDIUM,0.109
T000000667,A002046,2025-09-06,C001,OLD_TARGETING,MEDIUM,0.241
T000000668,A003271,2025-09-09,C001,OLD_TARGETING,LOW,0.397
T000000669,A002392,2025-09-12,C001,OLD_TARGETING,LOW,0.531
T000000670,A002468,2025-09-26,C001,OLD_TARGETING,MEDIUM,0.932
T000000671,A000559,2025-09-07,C001,OLD_TARGETING,MEDIUM,0.683
T000000672,A004061,2025-09-15,C001,OLD_TARGETING,MEDIUM,0.328
T000000673,A000705,2025-09-21,C001,OLD_TARGETING,LOW,0.737
T000000674,A002121,2025-09-02,C001,OLD_TARGETING,MEDIUM,0.354
T000000675,A004001,2025-09-22,C001,OLD_TARGETING,MEDIUM,0.299
T000000676,A000899,2025-09-26,C001,OLD_TARGETING,MEDIUM,0.781
T000000677,A002749,2025-09-21,C001,OLD_TARGETING,LOW,0.964
T000000678,A000531,2025-09-16,C001,OLD_TARGETING,LOW,0.575
T000000679,A001567,2025-09-23,C001,OLD_TARGETING,MEDIUM,0.74
T000000680,A003183,2025-09-10,C001,OLD_TARGETING,MEDIUM,0.897
T000000681,A000496,2025-09-03,C001,OLD_TARGETING,MEDIUM,0.967
T000000682,A003803,2025-09-23,C001,OLD_TARGETING,MEDIUM,0.635
T000000683,A001702,2025-09-01,C001,OLD_TARGETING,MEDIUM,0.319
T000000684,A001891,2025-09-02,C001,OLD_TARGETING,MEDIUM,0.151
T000000685,A003620,2025-09-08,C001,OLD_TARGETING,MEDIUM,0.288
T000000686,A003701,2025-09-20,C001,OLD_TARGETING,MEDIUM,0.957
T000000687,A002983,2025-09-12,C001,OLD_TARGETING,HIGH,0.335
T000000688,A004028,2025-09-10,C001,OLD_TARGETING,MEDIUM,0.38
T000000689,A002106,2025-09-01,C001,OLD_TARGETING,HIGH,0.338
T000000690,A002930,2025-09-08,C001,OLD_TARGETING,LOW,0.898
T000000691,A002516,2025-09-12,C001,OLD_TARGETING,MEDIUM,0.935
T000000692,A001762,2025-09-01,C001,OLD_TARGETING,LOW,0.371
T000000693,A000998,2025-09-15,C001,OLD_TARGETING,MEDIUM,0.611
T000000694,A003799,2025-09-27,C001,OLD_TARGETING,LOW,0.694
T000000695,A003744,2025-09-10,C001,OLD_TARGETING,LOW,0.912
T000000696,A003604,2025-09-13,C001,OLD_TARGETING,LOW,0.387
T000000697,A001133,2025-09-26,C001,OLD_TARGETING,MEDIUM,0.557
T000000698,A004065,2025-09-27,C001,OLD_TARGETING,MEDIUM,0.473
T000000699,A000003,2025-09-03,C001,OLD_TARGETING,LOW,0.588
T000000700,A001359,2025-09-03,C001,OLD_TARGETING,HIGH,0.316
T000000701,A003408,2025-09-04,C001,OLD_TARGETING,HIGH,0.178
T000000702,A004149,2025-09-09,C001,OLD_TARGETING,MEDIUM,0.495
T000000703,A004070,2025-09-02,C001,OLD_TARGETING,MEDIUM,0.859
T000000704,A001000,2025-09-24,C001,OLD_TARGETING,LOW,0.274
T000000705,A002148,2025-09-04,C001,OLD_TARGETING,MEDIUM,0.398
T000000706,A003020,2025-09-20,C001,OLD_TARGETING,MEDIUM,0.216
T000000707,A001199,2025-09-01,C001,OLD_TARGETING,MEDIUM,0.976
T000000708,A002443,2025-09-07,C001,OLD_TARGETING,MEDIUM,0.954
T000000709,A002126,2025-09-16,C001,OLD_TARGETING,LOW,0.398
T000000710,A001627,2025-09-01,C001,OLD_TARGETING,HIGH,0.57
T000000711,A002179,2025-09-09,C001,OLD_TARGETING,MEDIUM,0.516
T000000712,A002353,2025-09-22,C001,OLD_TARGETING,MEDIUM,0.189
T000000713,A000732,2025-09-10,C001,OLD_TARGETING,MEDIUM,0.9
T000000714,A001326,2025-09-20,C001,OLD_TARGETING,MEDIUM,0.101
T000000715,A002608,2025-09-12,C001,OLD_TARGETING,MEDIUM,0.298
T000000716,A001763,2025-09-25,C001,OLD_TARGETING,MEDIUM,0.445
T000000717,A003957,2025-09-27,C001,OLD_TARGETING,LOW,0.461
T000000718,A000895,2025-09-19,C001,OLD_TARGETING,MEDIUM,0.162
T000000719,A000394,2025-09-02,C001,OLD_TARGETING,LOW,0.406
T000000720,A003516,2025-09-22,C001,OLD_TARGETING,LOW,0.256
T000000721,A004142,2025-09-20,C001,OLD_TARGETING,MEDIUM,0.228
T000000722,A000650,2025-09-02,C001,OLD_TARGETING,LOW,0.644
T000000723,A001729,2025-09-08,C001,OLD_TARGETING,HIGH,0.658
T000000724,A003873,2025-09-27,C001,OLD_TARGETING,MEDIUM,0.227
T000000725,A003947,2025-09-12,C001,OLD_TARGETING,LOW,0.225
T000000726,A003436,2025-09-27,C001,OLD_TARGETING,MEDIUM,0.779
T000000727,A003896,2025-09-09,C001,OLD_TARGETING,MEDIUM,0.535
T000000728,A003656,2025-09-21,C001,OLD_TARGETING,LOW,0.292
T000000729,A001052,2025-09-05,C001,OLD_TARGETING,MEDIUM,0.551
T000000730,A001928,2025-09-13,C001,OLD_TARGETING,HIGH,0.83
T000000731,A001276,2025-09-03,C001,OLD_TARGETING,MEDIUM,0.297
T000000732,A001769,2025-09-26,C001,OLD_TARGETING,LOW,0.583
T000000733,A001028,2025-09-22,C001,OLD_TARGETING,HIGH,0.101
T000000734,A004000,2025-09-15,C001,OLD_TARGETING,MEDIUM,0.769
T000000735,A001336,2025-09-01,C001,OLD_TARGETING,MEDIUM,0.977
T000000736,A002311,2025-09-15,C001,OLD_TARGETING,MEDIUM,0.686
T000000737,A002626,2025-09-24,C001,OLD_TARGETING,MEDIUM,0.625
T000000738,A002475,2025-09-15,C001,OLD_TARGETING,MEDIUM,0.924
T000000739,A001195,2025-09-13,C001,OLD_TARGETING,LOW,0.79
T000000740,A003119,2025-09-07,C001,OLD_TARGETING,MEDIUM,0.958
T000000741,A002355,2025-09-10,C001,OLD_TARGETING,MEDIUM,0.319
T000000742,A001869,2025-09-21,C001,OLD_TARGETING,LOW,0.289
T000000743,A003919,2025-09-17,C001,OLD_TARGETING,HIGH,0.399
T000000744,A002488,2025-09-11,C001,OLD_TARGETING,MEDIUM,0.441
T000000745,A002844,2025-09-22,C001,OLD_TARGETING,MEDIUM,0.262
T000000746,A002632,2025-09-12,C001,OLD_TARGETING,LOW,0.861
T000000747,A000344,2025-09-23,C001,OLD_TARGETING,HIGH,0.183
T000000748,A002177,2025-09-16,C001,OLD_TARGETING,HIGH,0.191
T000000749,A003339,2025-09-22,C001,OLD_TARGETING,HIGH,0.143
T000000750,A003107,2025-09-13,C001,OLD_TARGETING,MEDIUM,0.946
T000000751,A000058,2025-09-25,C001,OLD_TARGETING,LOW,0.927
T000000752,A002481,2025-09-14,C001,OLD_TARGETING,HIGH,0.445
T000000753,A001801,2025-09-03,C001,OLD_TARGETING,MEDIUM,0.751
T000000754,A000483,2025-09-23,C001,OLD_TARGETING,HIGH,0.673
T000000755,A001960,2025-09-09,C001,OLD_TARGETING,MEDIUM,0.526
T000000756,A002181,2025-09-24,C001,OLD_TARGETING,HIGH,0.471
T000000757,A000326,2025-09-06,C001,OLD_TARGETING,MEDIUM,0.198
T000000758,A002533,2025-09-23,C001,OLD_TARGETING,MEDIUM,0.324
T000000759,A002774,2025-09-22,C001,OLD_TARGETING,HIGH,0.407
T000000760,A000762,2025-09-22,C001,OLD_TARGETING,HIGH,0.317
T000000761,A001095,2025-09-23,C001,OLD_TARGETING,HIGH,0.352
T000000762,A001854,2025-09-02,C001,OLD_TARGETING,HIGH,0.867
T000000763,A001206,2025-09-06,C001,OLD_TARGETING,HIGH,0.981
T000000764,A003178,2025-09-14,C001,OLD_TARGETING,LOW,0.548
T000000765,A001427,2025-09-24,C001,OLD_TARGETING,LOW,0.78
T000000766,A003865,2025-09-14,C001,OLD_TARGETING,MEDIUM,0.829
T000000767,A003245,2025-09-22,C001,OLD_TARGETING,MEDIUM,0.407
T000000768,A003989,2025-09-14,C001,OLD_TARGETING,LOW,0.55
T000000769,A001922,2025-09-05,C001,OLD_TARGETING,LOW,0.384
T000000770,A002524,2025-09-06,C001,OLD_TARGETING,LOW,0.127
T000000771,A003352,2025-09-10,C001,OLD_TARGETING,LOW,0.292
T000000772,A001490,2025-09-10,C001,OLD_TARGETING,LOW,0.445
T000000773,A003132,2025-09-12,C001,OLD_TARGETING,LOW,0.359
T000000774,A003936,2025-09-18,C001,OLD_TARGETING,LOW,0.588
T000000775,A001031,2025-09-24,C001,OLD_TARGETING,MEDIUM,0.305
T000000776,A000497,2025-09-09,C001,OLD_TARGETING,MEDIUM,0.659
T000000777,A001451,2025-09-16,C001,OLD_TARGETING,MEDIUM,0.894
T000000778,A002869,2025-09-27,C001,OLD_TARGETING,LOW,0.343
T000000779,A002275,2025-09-11,C001,OLD_TARGETING,LOW,0.987
T000000780,A003472,2025-09-27,C001,OLD_TARGETING,LOW,0.143
T000000781,A002169,2025-09-14,C001,OLD_TARGETING,HIGH,0.868
T000000782,A000624,2025-09-25,C001,OLD_TARGETING,MEDIUM,0.728
T000000783,A002279,2025-09-20,C001,OLD_TARGETING,MEDIUM,0.857
T000000784,A002712,2025-09-21,C001,OLD_TARGETING,HIGH,0.664
T000000785,A000714,2025-09-10,C001,OLD_TARGETING,HIGH,0.337
T000000786,A000167,2025-09-02,C001,OLD_TARGETING,HIGH,0.824
T000000787,A002598,2025-09-08,C001,OLD_TARGETING,MEDIUM,0.41
T000000788,A000821,2025-09-26,C001,OLD_TARGETING,MEDIUM,0.68
T000000789,A002923,2025-09-23,C001,OLD_TARGETING,LOW,0.749
T000000790,A001997,2025-09-16,C001,OLD_TARGETING,MEDIUM,0.876
T000000791,A000477,2025-09-19,C001,OLD_TARGETING,LOW,0.545
T000000792,A003366,2025-09-21,C001,OLD_TARGETING,MEDIUM,0.698
T000000793,A000880,2025-09-14,C001,OLD_TARGETING,MEDIUM,0.105
T000000794,A002125,2025-09-01,C001,OLD_TARGETING,HIGH,0.154
T000000795,A003766,2025-09-08,C001,OLD_TARGETING,MEDIUM,0.653
T000000796,A003881,2025-09-27,C001,OLD_TARGETING,HIGH,0.895
T000000797,A000209,2025-09-13,C001,OLD_TARGETING,MEDIUM,0.658
T000000798,A002731,2025-09-15,C001,OLD_TARGETING,MEDIUM,0.472
T000000799,A003085,2025-09-12,C001,OLD_TARGETING,MEDIUM,0.583
T000000800,A004106,2025-09-07,C001,OLD_TARGETING,MEDIUM,0.178
T000000801,A002790,2025-09-21,C001,OLD_TARGETING,MEDIUM,0.149
T000000802,A002928,2025-09-20,C001,OLD_TARGETING,LOW,0.61
T000000803,A002700,2025-09-02,C001,OLD_TARGETING,HIGH,0.213
T000000804,A000348,2025-09-09,C001,OLD_TARGETING,LOW,0.612
T000000805,A003148,2025-09-09,C001,OLD_TARGETING,HIGH,0.83
T000000806,A004161,2025-09-20,C001,OLD_TARGETING,LOW,0.978
T000000807,A000753,2025-09-12,C001,OLD_TARGETING,MEDIUM,0.777
T000000808,A002723,2025-09-07,C001,OLD_TARGETING,LOW,0.623
T000000809,A001302,2025-09-18,C001,OLD_TARGETING,HIGH,0.31
T000000810,A003795,2025-09-25,C001,OLD_TARGETING,MEDIUM,0.61
T000000811,A002738,2025-09-03,C001,OLD_TARGETING,MEDIUM,0.616
T000000812,A002332,2025-09-07,C001,OLD_TARGETING,LOW,0.703
T000000813,A000233,2025-09-01,C001,OLD_TARGETING,MEDIUM,0.647
T000000814,A000895,2025-09-15,C001,OLD_TARGETING,LOW,0.602
T000000815,A000188,2025-09-07,C001,OLD_TARGETING,LOW,0.313
T000000816,A000998,2025-09-21,C001,OLD_TARGETING,HIGH,0.194
T000000817,A003830,2025-09-23,C001,OLD_TARGETING,MEDIUM,0.867
T000000818,A000810,2025-09-11,C001,OLD_TARGETING,LOW,0.875
T000000819,A000535,2025-09-25,C001,OLD_TARGETING,MEDIUM,0.892
T000000820,A001383,2025-09-17,C001,OLD_TARGETING,MEDIUM,0.723
T000000821,A004183,2025-09-03,C001,OLD_TARGETING,MEDIUM,0.718
T000000822,A004094,2025-09-08,C001,OLD_TARGETING,MEDIUM,0.597
T000000823,A002471,2025-09-06,C001,OLD_TARGETING,MEDIUM,0.545
T000000824,A001878,2025-09-24,C001,OLD_TARGETING,MEDIUM,0.384
T000000825,A001579,2025-09-07,C001,OLD_TARGETING,MEDIUM,0.129
T000000826,A003191,2025-09-14,C001,OLD_TARGETING,HIGH,0.386
T000000827,A004048,2025-09-09,C001,OLD_TARGETING,MEDIUM,0.943
T000000828,A003191,2025-09-08,C001,OLD_TARGETING,LOW,0.374
T000000829,A000149,2025-09-22,C001,OLD_TARGETING,MEDIUM,0.233
T000000830,A000161,2025-09-16,C001,OLD_TARGETING,MEDIUM,0.665
T000000831,A000877,2025-09-06,C001,OLD_TARGETING,HIGH,0.123
T000000832,A002429,2025-09-02,C001,OLD_TARGETING,MEDIUM,0.317
T000000833,A000148,2025-09-02,C001,OLD_TARGETING,LOW,0.533
T000000834,A002961,2025-09-05,C001,OLD_TARGETING,HIGH,0.987
T000000835,A002847,2025-09-13,C001,OLD_TARGETING,HIGH,0.229
T000000836,A001071,2025-09-10,C001,OLD_TARGETING,HIGH,0.23
T000000837,A003420,2025-09-16,C001,OLD_TARGETING,MEDIUM,0.3
T000000838,A002162,2025-09-17,C001,OLD_TARGETING,MEDIUM,0.431
T000000839,A003220,2025-09-27,C001,OLD_TARGETING,HIGH,0.718
T000000840,A000665,2025-09-08,C001,OLD_TARGETING,LOW,0.34
T000000841,A001088,2025-09-07,C001,OLD_TARGETING,MEDIUM,0.889
T000000842,A000109,2025-09-20,C001,OLD_TARGETING,HIGH,0.703
T000000843,A002677,2025-09-08,C001,OLD_TARGETING,HIGH,0.213
T000000844,A001243,2025-09-13,C001,OLD_TARGETING,LOW,0.161
T000000845,A003710,2025-09-10,C001,OLD_TARGETING,HIGH,0.72
T000000846,A000691,2025-09-16,C001,OLD_TARGETING,MEDIUM,0.756
T000000847,A003475,2025-09-23,C001,OLD_TARGETING,HIGH,0.59
T000000848,A003564,2025-09-10,C001,OLD_TARGETING,MEDIUM,0.98
T000000849,A000557,2025-09-17,C001,OLD_TARGETING,LOW,0.493
T000000850,A004109,2025-09-02,C001,OLD_TARGETING,LOW,0.733
T000000851,A001506,2025-09-20,C001,OLD_TARGETING,LOW,0.331
T000000852,A001429,2025-09-14,C001,OLD_TARGETING,HIGH,0.408
T000000853,A003075,2025-09-18,C001,OLD_TARGETING,HIGH,0.472
T000000854,A003543,2025-09-17,C001,OLD_TARGETING,MEDIUM,0.433
T000000855,A003316,2025-09-24,C001,OLD_TARGETING,MEDIUM,0.221
T000000856,A003690,2025-09-23,C001,OLD_TARGETING,HIGH,0.419
T000000857,A002842,2025-09-14,C001,OLD_TARGETING,MEDIUM,0.952
T000000858,A001250,2025-09-04,C001,OLD_TARGETING,MEDIUM,0.962
T000000859,A002861,2025-09-21,C001,OLD_TARGETING,MEDIUM,0.133
T000000860,A004150,2025-09-04,C001,OLD_TARGETING,HIGH,0.52
T000000861,A002615,2025-09-15,C001,OLD_TARGETING,LOW,0.835
T000000862,A004186,2025-09-15,C001,OLD_TARGETING,LOW,0.581
T000000863,A004001,2025-09-19,C001,OLD_TARGETING,HIGH,0.475
T000000864,A002555,2025-09-11,C001,OLD_TARGETING,HIGH,0.665
T000000865,A000944,2025-09-22,C001,OLD_TARGETING,MEDIUM,0.96
T000000866,A003759,2025-09-14,C001,OLD_TARGETING,MEDIUM,0.573
T000000867,A000401,2025-09-10,C001,OLD_TARGETING,HIGH,0.849
T000000868,A001561,2025-09-04,C001,OLD_TARGETING,MEDIUM,0.873
T000000869,A000478,2025-09-15,C001,OLD_TARGETING,HIGH,0.514
T000000870,A003416,2025-09-03,C001,OLD_TARGETING,MEDIUM,0.939
T000000871,A003719,2025-09-21,C001,OLD_TARGETING,MEDIUM,0.418
T000000872,A000374,2025-09-06,C001,OLD_TARGETING,LOW,0.473
T000000873,A000509,2025-09-07,C001,OLD_TARGETING,MEDIUM,0.568
T000000874,A002238,2025-09-23,C001,OLD_TARGETING,HIGH,0.584
T000000875,A002979,2025-09-23,C001,OLD_TARGETING,MEDIUM,0.727
T000000876,A003533,2025-09-25,C001,OLD_TARGETING,MEDIUM,0.835
T000000877,A002601,2025-09-04,C001,OLD_TARGETING,HIGH,0.366
T000000878,A000585,2025-09-14,C001,OLD_TARGETING,HIGH,0.752
T000000879,A001022,2025-09-09,C001,OLD_TARGETING,MEDIUM,0.632
T000000880,A003783,2025-09-07,C001,OLD_TARGETING,MEDIUM,0.548
T000000881,A003714,2025-09-14,C001,OLD_TARGETING,MEDIUM,0.918
T000000882,A002081,2025-09-08,C001,OLD_TARGETING,MEDIUM,0.354
T000000883,A002508,2025-09-09,C001,OLD_TARGETING,LOW,0.797
T000000884,A000455,2025-09-22,C001,OLD_TARGETING,LOW,0.894
T000000885,A002791,2025-09-18,C001,OLD_TARGETING,LOW,0.333
T000000886,A004090,2025-09-14,C001,OLD_TARGETING,HIGH,0.33
T000000887,A003959,2025-09-25,C001,OLD_TARGETING,HIGH,0.271
T000000888,A001119,2025-09-20,C001,OLD_TARGETING,HIGH,0.892
T000000889,A001137,2025-09-22,C001,OLD_TARGETING,HIGH,0.269
T000000890,A002649,2025-09-25,C001,OLD_TARGETING,MEDIUM,0.771
T000000891,A002921,2025-09-13,C001,OLD_TARGETING,HIGH,0.334
T000000892,A001280,2025-09-07,C001,OLD_TARGETING,LOW,0.761
T000000893,A003718,2025-09-25,C001,OLD_TARGETING,MEDIUM,0.574
T000000894,A002349,2025-09-25,C001,OLD_TARGETING,MEDIUM,0.521
T000000895,A003393,2025-09-02,C001,OLD_TARGETING,HIGH,0.112
T000000896,A002961,2025-09-12,C001,OLD_TARGETING,HIGH,0.828
T000000897,A001112,2025-09-09,C001,OLD_TARGETING,MEDIUM,0.103
T000000898,A002724,2025-09-22,C001,OLD_TARGETING,HIGH,0.565
T000000899,A001675,2025-09-27,C001,OLD_TARGETING,HIGH,0.408
T000000900,A001886,2025-09-27,C001,OLD_TARGETING,HIGH,0.665
T000000901,A004044,2025-10-21,C002,OLD_TARGETING,HIGH,0.773
T000000902,A003397,2025-10-13,C002,OLD_TARGETING,MEDIUM,0.298
T000000903,A002366,2025-10-16,C002,OLD_TARGETING,MEDIUM,0.272
T000000904,A003391,2025-10-09,C002,OLD_TARGETING,HIGH,0.707
T000000905,A002894,2025-10-07,C002,OLD_TARGETING,MEDIUM,0.124
T000000906,A002446,2025-10-02,C002,OLD_TARGETING,MEDIUM,0.302
T000000907,A000873,2025-10-17,C002,OLD_TARGETING,HIGH,0.274
T000000908,A001506,2025-10-04,C002,OLD_TARGETING,LOW,0.862
T000000909,A001224,2025-10-10,C002,OLD_TARGETING,HIGH,0.813
T000000910,A000049,2025-10-16,C002,OLD_TARGETING,MEDIUM,0.432
T000000911,A003111,2025-10-21,C002,OLD_TARGETING,MEDIUM,0.612
T000000912,A000890,2025-10-16,C002,OLD_TARGETING,MEDIUM,0.516
T000000913,A000823,2025-10-27,C002,OLD_TARGETING,LOW,0.167
T000000914,A000055,2025-10-16,C002,OLD_TARGETING,HIGH,0.683
T000000915,A000258,2025-10-01,C002,OLD_TARGETING,LOW,0.375
T000000916,A001513,2025-10-08,C002,OLD_TARGETING,LOW,0.387
T000000917,A002745,2025-10-13,C002,OLD_TARGETING,HIGH,0.961
T000000918,A003350,2025-10-12,C002,OLD_TARGETING,LOW,0.589
T000000919,A003946,2025-10-11,C002,OLD_TARGETING,LOW,0.932
T000000920,A002277,2025-10-04,C002,OLD_TARGETING,LOW,0.478
T000000921,A003446,2025-10-04,C002,OLD_TARGETING,MEDIUM,0.141
T000000922,A000322,2025-10-09,C002,OLD_TARGETING,MEDIUM,0.325
T000000923,A000920,2025-10-02,C002,OLD_TARGETING,LOW,0.81
T000000924,A002127,2025-10-21,C002,OLD_TARGETING,MEDIUM,0.516
T000000925,A003804,2025-10-10,C002,OLD_TARGETING,LOW,0.416
T000000926,A002024,2025-10-25,C002,OLD_TARGETING,HIGH,0.748
T000000927,A002636,2025-10-03,C002,OLD_TARGETING,MEDIUM,0.585
T000000928,A004186,2025-10-14,C002,OLD_TARGETING,LOW,0.458
T000000929,A001298,2025-10-05,C002,OLD_TARGETING,MEDIUM,0.352
T000000930,A001956,2025-10-25,C002,OLD_TARGETING,MEDIUM,0.694
T000000931,A003119,2025-10-24,C002,OLD_TARGETING,HIGH,0.552
T000000932,A003116,2025-10-27,C002,OLD_TARGETING,MEDIUM,0.283
T000000933,A002036,2025-10-16,C002,OLD_TARGETING,LOW,0.834
T000000934,A000823,2025-10-19,C002,OLD_TARGETING,MEDIUM,0.797
T000000935,A001289,2025-10-16,C002,OLD_TARGETING,LOW,0.234
T000000936,A001385,2025-10-15,C002,OLD_TARGETING,MEDIUM,0.452
T000000937,A001577,2025-10-15,C002,OLD_TARGETING,LOW,0.851
T000000938,A002188,2025-10-07,C002,OLD_TARGETING,MEDIUM,0.555
T000000939,A003213,2025-10-18,C002,OLD_TARGETING,HIGH,0.543
T000000940,A001142,2025-10-11,C002,OLD_TARGETING,LOW,0.607
T000000941,A001544,2025-10-08,C002,OLD_TARGETING,HIGH,0.256
T000000942,A003826,2025-10-17,C002,OLD_TARGETING,MEDIUM,0.72
T000000943,A002960,2025-10-23,C002,OLD_TARGETING,MEDIUM,0.672
T000000944,A002211,2025-10-05,C002,OLD_TARGETING,MEDIUM,0.659
T000000945,A003573,2025-10-17,C002,OLD_TARGETING,HIGH,0.921
T000000946,A000492,2025-10-13,C002,OLD_TARGETING,MEDIUM,0.172
T000000947,A001412,2025-10-08,C002,OLD_TARGETING,LOW,0.911
T000000948,A001351,2025-10-12,C002,OLD_TARGETING,HIGH,0.105
T000000949,A001818,2025-10-07,C002,OLD_TARGETING,MEDIUM,0.662
T000000950,A002655,2025-10-27,C002,OLD_TARGETING,HIGH,0.452
T000000951,A000918,2025-10-21,C002,OLD_TARGETING,HIGH,0.309
T000000952,A002610,2025-10-26,C002,OLD_TARGETING,LOW,0.855
T000000953,A001363,2025-10-12,C002,OLD_TARGETING,HIGH,0.469
T000000954,A004082,2025-10-05,C002,OLD_TARGETING,LOW,0.536
T000000955,A001821,2025-10-03,C002,OLD_TARGETING,HIGH,0.317
T000000956,A001596,2025-10-03,C002,OLD_TARGETING,HIGH,0.84
T000000957,A004171,2025-10-19,C002,OLD_TARGETING,HIGH,0.51
T000000958,A000831,2025-10-07,C002,OLD_TARGETING,LOW,0.573
T000000959,A001810,2025-10-26,C002,OLD_TARGETING,MEDIUM,0.686
T000000960,A002681,2025-10-04,C002,OLD_TARGETING,LOW,0.541
T000000961,A001093,2025-10-22,C002,OLD_TARGETING,HIGH,0.552
T000000962,A000194,2025-10-12,C002,OLD_TARGETING,MEDIUM,0.723
T000000963,A003099,2025-10-14,C002,OLD_TARGETING,MEDIUM,0.318
T000000964,A002761,2025-10-03,C002,OLD_TARGETING,HIGH,0.398
T000000965,A003162,2025-10-25,C002,OLD_TARGETING,MEDIUM,0.551
T000000966,A002099,2025-10-10,C002,OLD_TARGETING,MEDIUM,0.693
T000000967,A000763,2025-10-20,C002,OLD_TARGETING,HIGH,0.493
T000000968,A000725,2025-10-10,C002,OLD_TARGETING,MEDIUM,0.709
T000000969,A000064,2025-10-24,C002,OLD_TARGETING,LOW,0.145
T000000970,A001273,2025-10-20,C002,OLD_TARGETING,MEDIUM,0.529
T000000971,A003113,2025-10-12,C002,OLD_TARGETING,HIGH,0.204
T000000972,A001474,2025-10-27,C002,OLD_TARGETING,LOW,0.661
T000000973,A003074,2025-10-21,C002,OLD_TARGETING,HIGH,0.35
T000000974,A001133,2025-10-15,C002,OLD_TARGETING,MEDIUM,0.747
T000000975,A002039,2025-10-10,C002,OLD_TARGETING,HIGH,0.329
T000000976,A000765,2025-10-23,C002,OLD_TARGETING,MEDIUM,0.196
T000000977,A003052,2025-10-23,C002,OLD_TARGETING,MEDIUM,0.63
T000000978,A003979,2025-10-20,C002,OLD_TARGETING,MEDIUM,0.343
T000000979,A000988,2025-10-22,C002,OLD_TARGETING,MEDIUM,0.38
T000000980,A000978,2025-10-20,C002,OLD_TARGETING,MEDIUM,0.625
T000000981,A002784,2025-10-19,C002,OLD_TARGETING,LOW,0.188
T000000982,A003349,2025-10-27,C002,OLD_TARGETING,HIGH,0.566
T000000983,A002260,2025-10-23,C002,OLD_TARGETING,MEDIUM,0.374
T000000984,A003096,2025-10-04,C002,OLD_TARGETING,LOW,0.305
T000000985,A000895,2025-10-11,C002,OLD_TARGETING,MEDIUM,0.542
T000000986,A003763,2025-10-23,C002,OLD_TARGETING,MEDIUM,0.674
T000000987,A000489,2025-10-01,C002,OLD_TARGETING,MEDIUM,0.659
T000000988,A003184,2025-10-01,C002,OLD_TARGETING,LOW,0.739
T000000989,A001497,2025-10-23,C002,OLD_TARGETING,LOW,0.858
T000000990,A000341,2025-10-04,C002,OLD_TARGETING,MEDIUM,0.691
T000000991,A003739,2025-10-26,C002,OLD_TARGETING,MEDIUM,0.886
T000000992,A003211,2025-10-18,C002,OLD_TARGETING,MEDIUM,0.987
T000000993,A003670,2025-10-16,C002,OLD_TARGETING,MEDIUM,0.138
T000000994,A000402,2025-10-25,C002,OLD_TARGETING,HIGH,0.152
T000000995,A001680,2025-10-16,C002,OLD_TARGETING,LOW,0.183
T000000996,A003082,2025-10-19,C002,OLD_TARGETING,HIGH,0.126
T000000997,A001651,2025-10-20,C002,OLD_TARGETING,MEDIUM,0.62
T000000998,A002656,2025-10-22,C002,OLD_TARGETING,MEDIUM,0.856
T000000999,A001931,2025-10-14,C002,OLD_TARGETING,LOW,0.2
T000001000,A000426,2025-10-24,C002,OLD_TARGETING,MEDIUM,0.353
T000001001,A001543,2025-10-05,C002,OLD_TARGETING,HIGH,0.467
T000001002,A001176,2025-10-11,C002,OLD_TARGETING,HIGH,0.842
T000001003,A003400,2025-10-18,C002,OLD_TARGETING,HIGH,0.122
T000001004,A003314,2025-10-05,C002,OLD_TARGETING,LOW,0.897
T000001005,A002960,2025-10-12,C002,OLD_TARGETING,LOW,0.555
T000001006,A003142,2025-10-20,C002,OLD_TARGETING,HIGH,0.652
T000001007,A002217,2025-10-05,C002,OLD_TARGETING,HIGH,0.906
T000001008,A000982,2025-10-11,C002,OLD_TARGETING,LOW,0.393
T000001009,A002051,2025-10-14,C002,OLD_TARGETING,HIGH,0.412
T000001010,A002575,2025-10-22,C002,OLD_TARGETING,MEDIUM,0.669
T000001011,A000181,2025-10-02,C002,OLD_TARGETING,HIGH,0.37
T000001012,A001811,2025-10-07,C002,OLD_TARGETING,MEDIUM,0.199
T000001013,A000062,2025-10-11,C002,OLD_TARGETING,LOW,0.204
T000001014,A000374,2025-10-11,C002,OLD_TARGETING,LOW,0.309
T000001015,A001490,2025-10-04,C002,OLD_TARGETING,MEDIUM,0.553
T000001016,A003187,2025-10-02,C002,OLD_TARGETING,HIGH,0.668
T000001017,A002100,2025-10-22,C002,OLD_TARGETING,LOW,0.146
T000001018,A001737,2025-10-10,C002,OLD_TARGETING,LOW,0.258
T000001019,A002792,2025-10-21,C002,OLD_TARGETING,LOW,0.934
T000001020,A000408,2025-10-24,C002,OLD_TARGETING,LOW,0.952
T000001021,A000856,2025-10-22,C002,OLD_TARGETING,MEDIUM,0.434
T000001022,A000711,2025-10-16,C002,OLD_TARGETING,LOW,0.955
T000001023,A002174,2025-10-03,C002,OLD_TARGETING,MEDIUM,0.581
T000001024,A001111,2025-10-08,C002,OLD_TARGETING,MEDIUM,0.717
T000001025,A003940,2025-10-07,C002,OLD_TARGETING,MEDIUM,0.912
T000001026,A001631,2025-10-23,C002,OLD_TARGETING,MEDIUM,0.812
T000001027,A004080,2025-10-07,C002,OLD_TARGETING,MEDIUM,0.123
T000001028,A003840,2025-10-12,C002,OLD_TARGETING,HIGH,0.958
T000001029,A002130,2025-10-05,C002,OLD_TARGETING,HIGH,0.854
T000001030,A002467,2025-10-21,C002,OLD_TARGETING,MEDIUM,0.16
T000001031,A001094,2025-10-12,C002,OLD_TARGETING,MEDIUM,0.951
T000001032,A000494,2025-10-22,C002,OLD_TARGETING,MEDIUM,0.613
T000001033,A001581,2025-10-11,C002,OLD_TARGETING,HIGH,0.943
T000001034,A002739,2025-10-24,C002,OLD_TARGETING,LOW,0.672
T000001035,A004128,2025-10-01,C002,OLD_TARGETING,MEDIUM,0.802
T000001036,A002349,2025-10-23,C002,OLD_TARGETING,MEDIUM,0.878
T000001037,A002936,2025-10-25,C002,OLD_TARGETING,MEDIUM,0.504
T000001038,A001016,2025-10-02,C002,OLD_TARGETING,MEDIUM,0.626
T000001039,A002648,2025-10-26,C002,OLD_TARGETING,LOW,0.721
T000001040,A000809,2025-10-02,C002,OLD_TARGETING,HIGH,0.115
T000001041,A003464,2025-10-01,C002,OLD_TARGETING,MEDIUM,0.466
T000001042,A003860,2025-10-17,C002,OLD_TARGETING,HIGH,0.659
T000001043,A001411,2025-10-24,C002,OLD_TARGETING,LOW,0.4
T000001044,A001787,2025-10-14,C002,OLD_TARGETING,MEDIUM,0.653
T000001045,A001882,2025-10-22,C002,OLD_TARGETING,LOW,0.224
T000001046,A001764,2025-10-04,C002,OLD_TARGETING,HIGH,0.288
T000001047,A002443,2025-10-12,C002,OLD_TARGETING,HIGH,0.707
T000001048,A002436,2025-10-18,C002,OLD_TARGETING,MEDIUM,0.339
T000001049,A002463,2025-10-12,C002,OLD_TARGETING,LOW,0.248
T000001050,A002653,2025-10-10,C002,OLD_TARGETING,LOW,0.416
T000001051,A001133,2025-10-12,C002,OLD_TARGETING,MEDIUM,0.514
T000001052,A002564,2025-10-06,C002,OLD_TARGETING,HIGH,0.597
T000001053,A002432,2025-10-05,C002,OLD_TARGETING,MEDIUM,0.652
T000001054,A000552,2025-10-19,C002,OLD_TARGETING,LOW,0.697
T000001055,A003583,2025-10-22,C002,OLD_TARGETING,MEDIUM,0.882
T000001056,A002867,2025-10-16,C002,OLD_TARGETING,HIGH,0.57
T000001057,A000011,2025-10-26,C002,OLD_TARGETING,LOW,0.539
T000001058,A002215,2025-10-09,C002,OLD_TARGETING,MEDIUM,0.297
T000001059,A000044,2025-10-03,C002,OLD_TARGETING,HIGH,0.717
T000001060,A003627,2025-10-09,C002,OLD_TARGETING,MEDIUM,0.242
T000001061,A000507,2025-10-13,C002,OLD_TARGETING,HIGH,0.121
T000001062,A001755,2025-10-01,C002,OLD_TARGETING,LOW,0.293
T000001063,A001145,2025-10-19,C002,OLD_TARGETING,MEDIUM,0.921
T000001064,A001028,2025-10-17,C002,OLD_TARGETING,LOW,0.868
T000001065,A000068,2025-10-20,C002,OLD_TARGETING,LOW,0.716
T000001066,A003658,2025-10-07,C002,OLD_TARGETING,HIGH,0.109
T000001067,A003663,2025-10-03,C002,OLD_TARGETING,HIGH,0.395
T000001068,A001686,2025-10-07,C002,OLD_TARGETING,HIGH,0.159
T000001069,A002880,2025-10-18,C002,OLD_TARGETING,HIGH,0.601
T000001070,A001056,2025-10-15,C002,OLD_TARGETING,LOW,0.218
T000001071,A001600,2025-10-24,C002,OLD_TARGETING,MEDIUM,0.613
T000001072,A001724,2025-10-20,C002,OLD_TARGETING,HIGH,0.451
T000001073,A001397,2025-10-13,C002,OLD_TARGETING,MEDIUM,0.54
T000001074,A000299,2025-10-24,C002,OLD_TARGETING,MEDIUM,0.275
T000001075,A001011,2025-10-04,C002,OLD_TARGETING,MEDIUM,0.886
T000001076,A001733,2025-10-09,C002,OLD_TARGETING,MEDIUM,0.335
T000001077,A002142,2025-10-07,C002,OLD_TARGETING,MEDIUM,0.985
T000001078,A001578,2025-10-07,C002,OLD_TARGETING,HIGH,0.892
T000001079,A003342,2025-10-03,C002,OLD_TARGETING,MEDIUM,0.678
T000001080,A000032,2025-10-17,C002,OLD_TARGETING,HIGH,0.724
T000001081,A002223,2025-10-15,C002,OLD_TARGETING,HIGH,0.889
T000001082,A003752,2025-10-13,C002,OLD_TARGETING,MEDIUM,0.429
T000001083,A002320,2025-10-16,C002,OLD_TARGETING,MEDIUM,0.908
T000001084,A001707,2025-10-19,C002,OLD_TARGETING,LOW,0.792
T000001085,A001829,2025-10-27,C002,OLD_TARGETING,MEDIUM,0.828
T000001086,A000085,2025-10-03,C002,OLD_TARGETING,MEDIUM,0.313
T000001087,A002189,2025-10-25,C002,OLD_TARGETING,LOW,0.92
T000001088,A002089,2025-10-09,C002,OLD_TARGETING,HIGH,0.922
T000001089,A000564,2025-10-05,C002,OLD_TARGETING,LOW,0.379
T000001090,A001641,2025-10-14,C002,OLD_TARGETING,MEDIUM,0.8
T000001091,A003176,2025-10-05,C002,OLD_TARGETING,MEDIUM,0.892
T000001092,A001751,2025-10-06,C002,OLD_TARGETING,HIGH,0.643
T000001093,A001497,2025-10-16,C002,OLD_TARGETING,LOW,0.504
T000001094,A000217,2025-10-15,C002,OLD_TARGETING,MEDIUM,0.613
T000001095,A000434,2025-10-20,C002,OLD_TARGETING,LOW,0.683
T000001096,A002926,2025-10-18,C002,OLD_TARGETING,LOW,0.273
T000001097,A001425,2025-10-20,C002,OLD_TARGETING,MEDIUM,0.638
T000001098,A002229,2025-10-10,C002,OLD_TARGETING,MEDIUM,0.503
T000001099,A000545,2025-10-22,C002,OLD_TARGETING,MEDIUM,0.575
T000001100,A001338,2025-10-23,C002,OLD_TARGETING,MEDIUM,0.639
T000001101,A002196,2025-10-26,C002,OLD_TARGETING,MEDIUM,0.478
T000001102,A003865,2025-10-24,C002,OLD_TARGETING,HIGH,0.707
T000001103,A002493,2025-10-03,C002,OLD_TARGETING,HIGH,0.537
T000001104,A004010,2025-10-17,C002,OLD_TARGETING,HIGH,0.462
T000001105,A001985,2025-10-27,C002,OLD_TARGETING,MEDIUM,0.558
T000001106,A002388,2025-10-26,C002,OLD_TARGETING,LOW,0.329
T000001107,A001131,2025-10-01,C002,OLD_TARGETING,MEDIUM,0.494
T000001108,A001278,2025-10-27,C002,OLD_TARGETING,MEDIUM,0.441
T000001109,A000910,2025-10-21,C002,OLD_TARGETING,HIGH,0.446
T000001110,A002433,2025-10-04,C002,OLD_TARGETING,LOW,0.69
T000001111,A000098,2025-10-07,C002,OLD_TARGETING,MEDIUM,0.54
T000001112,A001873,2025-10-17,C002,OLD_TARGETING,MEDIUM,0.477
T000001113,A000192,2025-10-15,C002,OLD_TARGETING,HIGH,0.488
T000001114,A000453,2025-10-03,C002,OLD_TARGETING,MEDIUM,0.225
T000001115,A004035,2025-10-10,C002,OLD_TARGETING,HIGH,0.29
T000001116,A003636,2025-10-10,C002,OLD_TARGETING,HIGH,0.72
T000001117,A000967,2025-10-01,C002,OLD_TARGETING,LOW,0.176
T000001118,A001226,2025-10-26,C002,OLD_TARGETING,MEDIUM,0.376
T000001119,A001647,2025-10-10,C002,OLD_TARGETING,MEDIUM,0.247
T000001120,A001305,2025-10-04,C002,OLD_TARGETING,MEDIUM,0.33
T000001121,A001540,2025-10-16,C002,OLD_TARGETING,LOW,0.944
T000001122,A001499,2025-10-09,C002,OLD_TARGETING,HIGH,0.537
T000001123,A000842,2025-10-04,C002,OLD_TARGETING,MEDIUM,0.277
T000001124,A000926,2025-10-22,C002,OLD_TARGETING,HIGH,0.614
T000001125,A000457,2025-10-19,C002,OLD_TARGETING,HIGH,0.981
T000001126,A003681,2025-10-06,C002,OLD_TARGETING,HIGH,0.52
T000001127,A002457,2025-10-04,C002,OLD_TARGETING,LOW,0.132
T000001128,A000090,2025-10-03,C002,OLD_TARGETING,MEDIUM,0.524
T000001129,A003101,2025-10-20,C002,OLD_TARGETING,LOW,0.906
T000001130,A002640,2025-10-12,C002,OLD_TARGETING,MEDIUM,0.488
T000001131,A002209,2025-10-27,C002,OLD_TARGETING,LOW,0.551
T000001132,A002982,2025-10-14,C002,OLD_TARGETING,LOW,0.742
T000001133,A002177,2025-10-13,C002,OLD_TARGETING,LOW,0.954
T000001134,A004040,2025-10-09,C002,OLD_TARGETING,HIGH,0.436
T000001135,A000876,2025-10-01,C002,OLD_TARGETING,HIGH,0.497
T000001136,A002334,2025-10-15,C002,OLD_TARGETING,LOW,0.96
T000001137,A003212,2025-10-04,C002,OLD_TARGETING,HIGH,0.835
T000001138,A003113,2025-10-08,C002,OLD_TARGETING,HIGH,0.593
T000001139,A002672,2025-10-21,C002,OLD_TARGETING,HIGH,0.649
T000001140,A002607,2025-10-16,C002,OLD_TARGETING,HIGH,0.866
T000001141,A001199,2025-10-03,C002,OLD_TARGETING,LOW,0.113
T000001142,A002436,2025-10-13,C002,OLD_TARGETING,MEDIUM,0.255
T000001143,A001501,2025-10-02,C002,OLD_TARGETING,HIGH,0.867
T000001144,A000581,2025-10-18,C002,OLD_TARGETING,MEDIUM,0.741
T000001145,A001636,2025-10-19,C002,OLD_TARGETING,MEDIUM,0.286
T000001146,A001861,2025-10-12,C002,OLD_TARGETING,LOW,0.165
T000001147,A001880,2025-10-02,C002,OLD_TARGETING,LOW,0.173
T000001148,A000060,2025-10-11,C002,OLD_TARGETING,MEDIUM,0.128
T000001149,A001995,2025-10-18,C002,OLD_TARGETING,LOW,0.19
T000001150,A003306,2025-10-01,C002,OLD_TARGETING,MEDIUM,0.651
T000001151,A001133,2025-10-25,C002,OLD_TARGETING,MEDIUM,0.595
T000001152,A000299,2025-10-15,C002,OLD_TARGETING,MEDIUM,0.429
T000001153,A002615,2025-10-02,C002,OLD_TARGETING,MEDIUM,0.482
T000001154,A001443,2025-10-25,C002,OLD_TARGETING,MEDIUM,0.748
T000001155,A003544,2025-10-09,C002,OLD_TARGETING,LOW,0.489
T000001156,A001621,2025-10-23,C002,OLD_TARGETING,LOW,0.854
T000001157,A003481,2025-10-26,C002,OLD_TARGETING,MEDIUM,0.439
T000001158,A003631,2025-10-27,C002,OLD_TARGETING,LOW,0.888
T000001159,A003104,2025-10-09,C002,OLD_TARGETING,LOW,0.301
T000001160,A000512,2025-10-23,C002,OLD_TARGETING,MEDIUM,0.961
T000001161,A001328,2025-10-12,C002,OLD_TARGETING,LOW,0.426
T000001162,A000283,2025-10-04,C002,OLD_TARGETING,HIGH,0.6
T000001163,A000796,2025-10-13,C002,OLD_TARGETING,MEDIUM,0.294
T000001164,A001877,2025-10-01,C002,OLD_TARGETING,MEDIUM,0.782
T000001165,A003610,2025-10-16,C002,OLD_TARGETING,MEDIUM,0.301
T000001166,A001991,2025-10-23,C002,OLD_TARGETING,MEDIUM,0.401
T000001167,A000632,2025-10-08,C002,OLD_TARGETING,HIGH,0.265
T000001168,A003730,2025-10-14,C002,OLD_TARGETING,MEDIUM,0.784
T000001169,A002117,2025-10-22,C002,OLD_TARGETING,LOW,0.57
T000001170,A001593,2025-10-18,C002,OLD_TARGETING,MEDIUM,0.432
T000001171,A001114,2025-10-21,C002,OLD_TARGETING,MEDIUM,0.69
T000001172,A001116,2025-10-26,C002,OLD_TARGETING,MEDIUM,0.134
T000001173,A001665,2025-10-14,C002,OLD_TARGETING,HIGH,0.184
T000001174,A003105,2025-10-04,C002,OLD_TARGETING,MEDIUM,0.181
T000001175,A000165,2025-10-03,C002,OLD_TARGETING,MEDIUM,0.638
T000001176,A003248,2025-10-18,C002,OLD_TARGETING,HIGH,0.983
T000001177,A001813,2025-10-02,C002,OLD_TARGETING,MEDIUM,0.506
T000001178,A001096,2025-10-11,C002,OLD_TARGETING,MEDIUM,0.328
T000001179,A002203,2025-10-25,C002,OLD_TARGETING,HIGH,0.385
T000001180,A001066,2025-10-10,C002,OLD_TARGETING,MEDIUM,0.803
T000001181,A003633,2025-10-25,C002,OLD_TARGETING,LOW,0.889
T000001182,A003429,2025-10-04,C002,OLD_TARGETING,LOW,0.161
T000001183,A001230,2025-10-17,C002,OLD_TARGETING,LOW,0.378
T000001184,A003450,2025-10-18,C002,OLD_TARGETING,HIGH,0.176
T000001185,A001365,2025-10-16,C002,OLD_TARGETING,LOW,0.732
T000001186,A003958,2025-10-02,C002,OLD_TARGETING,LOW,0.805
T000001187,A000501,2025-10-17,C002,OLD_TARGETING,LOW,0.531
T000001188,A002648,2025-10-17,C002,OLD_TARGETING,LOW,0.517
T000001189,A001811,2025-10-01,C002,OLD_TARGETING,LOW,0.834
T000001190,A002761,2025-10-20,C002,OLD_TARGETING,HIGH,0.424
T000001191,A002710,2025-10-12,C002,OLD_TARGETING,LOW,0.607
T000001192,A000317,2025-10-17,C002,OLD_TARGETING,LOW,0.238
T000001193,A001311,2025-10-09,C002,OLD_TARGETING,MEDIUM,0.717
T000001194,A003178,2025-10-10,C002,OLD_TARGETING,LOW,0.207
T000001195,A000536,2025-10-20,C002,OLD_TARGETING,MEDIUM,0.757
T000001196,A002716,2025-10-19,C002,OLD_TARGETING,MEDIUM,0.368
T000001197,A001809,2025-10-02,C002,OLD_TARGETING,HIGH,0.381
T000001198,A000243,2025-10-04,C002,OLD_TARGETING,MEDIUM,0.835
T000001199,A003895,2025-10-21,C002,OLD_TARGETING,HIGH,0.575
T000001200,A000114,2025-10-15,C002,OLD_TARGETING,MEDIUM,0.76
T000001201,A001690,2025-10-19,C002,OLD_TARGETING,HIGH,0.639
T000001202,A001468,2025-10-02,C002,OLD_TARGETING,LOW,0.896
T000001203,A003468,2025-10-26,C002,OLD_TARGETING,LOW,0.147
T000001204,A000898,2025-10-08,C002,OLD_TARGETING,LOW,0.172
T000001205,A001593,2025-10-17,C002,OLD_TARGETING,LOW,0.148
T000001206,A002269,2025-10-20,C002,OLD_TARGETING,HIGH,0.855
T000001207,A002516,2025-10-11,C002,OLD_TARGETING,MEDIUM,0.931
T000001208,A004123,2025-10-07,C002,OLD_TARGETING,MEDIUM,0.686
T000001209,A002836,2025-10-06,C002,OLD_TARGETING,MEDIUM,0.754
T000001210,A003183,2025-10-08,C002,OLD_TARGETING,MEDIUM,0.124
T000001211,A001687,2025-10-08,C002,OLD_TARGETING,HIGH,0.794
T000001212,A004091,2025-10-27,C002,OLD_TARGETING,MEDIUM,0.929
T000001213,A001146,2025-10-23,C002,OLD_TARGETING,HIGH,0.213
T000001214,A002342,2025-10-20,C002,OLD_TARGETING,MEDIUM,0.713
T000001215,A003887,2025-10-12,C002,OLD_TARGETING,MEDIUM,0.332
T000001216,A003920,2025-10-08,C002,OLD_TARGETING,HIGH,0.39
T000001217,A001685,2025-10-20,C002,OLD_TARGETING,MEDIUM,0.863
T000001218,A002659,2025-10-26,C002,OLD_TARGETING,LOW,0.756
T000001219,A003016,2025-10-14,C002,OLD_TARGETING,LOW,0.757
T000001220,A003021,2025-10-12,C002,OLD_TARGETING,MEDIUM,0.591
T000001221,A001452,2025-10-19,C002,OLD_TARGETING,MEDIUM,0.748
T000001222,A000314,2025-10-04,C002,OLD_TARGETING,MEDIUM,0.854
T000001223,A002628,2025-10-18,C002,OLD_TARGETING,LOW,0.697
T000001224,A001795,2025-10-22,C002,OLD_TARGETING,MEDIUM,0.324
T000001225,A003824,2025-10-26,C002,OLD_TARGETING,LOW,0.892
T000001226,A000116,2025-10-15,C002,OLD_TARGETING,MEDIUM,0.273
T000001227,A002665,2025-10-05,C002,OLD_TARGETING,HIGH,0.871
T000001228,A003596,2025-10-08,C002,OLD_TARGETING,MEDIUM,0.556
T000001229,A003110,2025-10-21,C002,OLD_TARGETING,HIGH,0.937
T000001230,A002593,2025-10-27,C002,OLD_TARGETING,MEDIUM,0.703
T000001231,A000091,2025-10-11,C002,OLD_TARGETING,LOW,0.271
T000001232,A003680,2025-10-21,C002,OLD_TARGETING,LOW,0.942
T000001233,A001797,2025-10-07,C002,OLD_TARGETING,HIGH,0.437
T000001234,A002968,2025-10-16,C002,OLD_TARGETING,LOW,0.821
T000001235,A003554,2025-10-22,C002,OLD_TARGETING,MEDIUM,0.118
T000001236,A004135,2025-10-24,C002,OLD_TARGETING,LOW,0.584
T000001237,A003594,2025-10-22,C002,OLD_TARGETING,MEDIUM,0.189
T000001238,A003267,2025-10-17,C002,OLD_TARGETING,MEDIUM,0.506
T000001239,A002177,2025-10-03,C002,OLD_TARGETING,HIGH,0.105
T000001240,A001558,2025-10-17,C002,OLD_TARGETING,LOW,0.257
T000001241,A001287,2025-10-11,C002,OLD_TARGETING,MEDIUM,0.233
T000001242,A000217,2025-10-05,C002,OLD_TARGETING,MEDIUM,0.43
T000001243,A004002,2025-10-03,C002,OLD_TARGETING,MEDIUM,0.896
T000001244,A003649,2025-10-06,C002,OLD_TARGETING,LOW,0.754
T000001245,A000802,2025-10-04,C002,OLD_TARGETING,MEDIUM,0.763
T000001246,A001960,2025-10-10,C002,OLD_TARGETING,LOW,0.989
T000001247,A001019,2025-10-09,C002,OLD_TARGETING,MEDIUM,0.825
T000001248,A002416,2025-10-14,C002,OLD_TARGETING,HIGH,0.426
T000001249,A001367,2025-10-26,C002,OLD_TARGETING,MEDIUM,0.671
T000001250,A000907,2025-10-04,C002,OLD_TARGETING,MEDIUM,0.199
T000001251,A002402,2025-10-20,C002,OLD_TARGETING,HIGH,0.274
T000001252,A000313,2025-10-09,C002,OLD_TARGETING,MEDIUM,0.852
T000001253,A000882,2025-10-19,C002,OLD_TARGETING,LOW,0.492
T000001254,A000025,2025-10-14,C002,OLD_TARGETING,HIGH,0.751
T000001255,A000282,2025-10-02,C002,OLD_TARGETING,HIGH,0.473
T000001256,A003674,2025-10-07,C002,OLD_TARGETING,HIGH,0.458
T000001257,A001599,2025-10-10,C002,OLD_TARGETING,LOW,0.177
T000001258,A002238,2025-10-20,C002,OLD_TARGETING,MEDIUM,0.767
T000001259,A003448,2025-10-23,C002,OLD_TARGETING,HIGH,0.918
T000001260,A001985,2025-10-21,C002,OLD_TARGETING,HIGH,0.127
T000001261,A002779,2025-10-27,C002,OLD_TARGETING,MEDIUM,0.495
T000001262,A003313,2025-10-22,C002,OLD_TARGETING,LOW,0.977
T000001263,A002901,2025-10-10,C002,OLD_TARGETING,HIGH,0.202
T000001264,A002319,2025-10-21,C002,OLD_TARGETING,LOW,0.806
T000001265,A000022,2025-10-05,C002,OLD_TARGETING,MEDIUM,0.921
T000001266,A004080,2025-10-02,C002,OLD_TARGETING,MEDIUM,0.486
T000001267,A003883,2025-10-10,C002,OLD_TARGETING,MEDIUM,0.518
T000001268,A000435,2025-10-20,C002,OLD_TARGETING,LOW,0.797
T000001269,A001708,2025-10-23,C002,OLD_TARGETING,LOW,0.901
T000001270,A001602,2025-10-20,C002,OLD_TARGETING,HIGH,0.876
T000001271,A001530,2025-10-16,C002,OLD_TARGETING,LOW,0.14
T000001272,A003594,2025-10-08,C002,OLD_TARGETING,MEDIUM,0.823
T000001273,A003035,2025-10-12,C002,OLD_TARGETING,MEDIUM,0.881
T000001274,A000565,2025-10-11,C002,OLD_TARGETING,MEDIUM,0.298
T000001275,A001388,2025-10-18,C002,OLD_TARGETING,HIGH,0.812
T000001276,A001069,2025-10-08,C002,OLD_TARGETING,LOW,0.39
T000001277,A003711,2025-10-26,C002,OLD_TARGETING,LOW,0.836
T000001278,A001206,2025-10-06,C002,OLD_TARGETING,MEDIUM,0.909
T000001279,A003268,2025-10-20,C002,OLD_TARGETING,HIGH,0.709
T000001280,A002590,2025-10-03,C002,OLD_TARGETING,MEDIUM,0.545
T000001281,A001071,2025-10-20,C002,OLD_TARGETING,HIGH,0.133
T000001282,A000425,2025-10-05,C002,OLD_TARGETING,MEDIUM,0.316
T000001283,A001723,2025-10-22,C002,OLD_TARGETING,HIGH,0.871
T000001284,A000418,2025-10-01,C002,OLD_TARGETING,HIGH,0.376
T000001285,A003660,2025-10-04,C002,OLD_TARGETING,MEDIUM,0.337
T000001286,A002490,2025-10-13,C002,OLD_TARGETING,MEDIUM,0.265
T000001287,A003656,2025-10-23,C002,OLD_TARGETING,MEDIUM,0.976
T000001288,A001070,2025-10-15,C002,OLD_TARGETING,LOW,0.46
T000001289,A004031,2025-10-26,C002,OLD_TARGETING,HIGH,0.124
T000001290,A001208,2025-10-10,C002,OLD_TARGETING,MEDIUM,0.986
T000001291,A003627,2025-10-27,C002,OLD_TARGETING,MEDIUM,0.148
T000001292,A003952,2025-10-16,C002,OLD_TARGETING,HIGH,0.165
T000001293,A001503,2025-10-20,C002,OLD_TARGETING,HIGH,0.832
T000001294,A003763,2025-10-02,C002,OLD_TARGETING,MEDIUM,0.314
T000001295,A000567,2025-10-12,C002,OLD_TARGETING,MEDIUM,0.592
T000001296,A002459,2025-10-02,C002,OLD_TARGETING,MEDIUM,0.625
T000001297,A000312,2025-10-20,C002,OLD_TARGETING,MEDIUM,0.595
T000001298,A000846,2025-10-23,C002,OLD_TARGETING,MEDIUM,0.735
T000001299,A003472,2025-10-10,C002,OLD_TARGETING,HIGH,0.683
T000001300,A002033,2025-10-21,C002,OLD_TARGETING,HIGH,0.646
T000001301,A001483,2025-10-25,C002,OLD_TARGETING,LOW,0.341
T000001302,A000406,2025-10-15,C002,OLD_TARGETING,LOW,0.125
T000001303,A001020,2025-10-07,C002,OLD_TARGETING,HIGH,0.163
T000001304,A002831,2025-10-25,C002,OLD_TARGETING,MEDIUM,0.511
T000001305,A000199,2025-10-18,C002,OLD_TARGETING,LOW,0.889
T000001306,A000806,2025-10-26,C002,OLD_TARGETING,MEDIUM,0.66
T000001307,A003176,2025-10-04,C002,OLD_TARGETING,MEDIUM,0.581
T000001308,A000593,2025-10-25,C002,OLD_TARGETING,MEDIUM,0.958
T000001309,A002102,2025-10-18,C002,OLD_TARGETING,LOW,0.433
T000001310,A003592,2025-10-21,C002,OLD_TARGETING,MEDIUM,0.171
T000001311,A002031,2025-10-23,C002,OLD_TARGETING,MEDIUM,0.145
T000001312,A003734,2025-10-06,C002,OLD_TARGETING,MEDIUM,0.593
T000001313,A000664,2025-10-13,C002,OLD_TARGETING,LOW,0.255
T000001314,A001061,2025-10-11,C002,OLD_TARGETING,LOW,0.233
T000001315,A003418,2025-10-16,C002,OLD_TARGETING,MEDIUM,0.773
T000001316,A003759,2025-10-15,C002,OLD_TARGETING,HIGH,0.68
T000001317,A002374,2025-10-02,C002,OLD_TARGETING,LOW,0.54
T000001318,A001687,2025-10-15,C002,OLD_TARGETING,MEDIUM,0.263
T000001319,A002165,2025-10-07,C002,OLD_TARGETING,LOW,0.962
T000001320,A003353,2025-10-01,C002,OLD_TARGETING,HIGH,0.795
T000001321,A001517,2025-10-12,C002,OLD_TARGETING,MEDIUM,0.653
T000001322,A001973,2025-10-01,C002,OLD_TARGETING,MEDIUM,0.806
T000001323,A001552,2025-10-18,C002,OLD_TARGETING,MEDIUM,0.877
T000001324,A002546,2025-10-02,C002,OLD_TARGETING,MEDIUM,0.464
T000001325,A000859,2025-10-09,C002,OLD_TARGETING,LOW,0.319
T000001326,A002662,2025-10-12,C002,OLD_TARGETING,MEDIUM,0.798
T000001327,A003953,2025-10-06,C002,OLD_TARGETING,MEDIUM,0.901
T000001328,A002273,2025-10-16,C002,OLD_TARGETING,MEDIUM,0.896
T000001329,A000005,2025-10-05,C002,OLD_TARGETING,MEDIUM,0.932
T000001330,A000445,2025-10-13,C002,OLD_TARGETING,MEDIUM,0.615
T000001331,A002480,2025-10-26,C002,OLD_TARGETING,MEDIUM,0.745
T000001332,A000332,2025-10-01,C002,OLD_TARGETING,MEDIUM,0.547
T000001333,A002995,2025-10-25,C002,OLD_TARGETING,MEDIUM,0.469
T000001334,A003868,2025-10-08,C002,OLD_TARGETING,MEDIUM,0.834
T000001335,A003740,2025-10-03,C002,OLD_TARGETING,HIGH,0.398
T000001336,A000116,2025-10-19,C002,OLD_TARGETING,LOW,0.372
T000001337,A000229,2025-10-20,C002,OLD_TARGETING,MEDIUM,0.354
T000001338,A000646,2025-10-21,C002,OLD_TARGETING,LOW,0.58
T000001339,A003469,2025-10-04,C002,OLD_TARGETING,MEDIUM,0.622
T000001340,A002235,2025-10-10,C002,OLD_TARGETING,MEDIUM,0.22
T000001341,A002475,2025-10-13,C002,OLD_TARGETING,MEDIUM,0.572
T000001342,A000851,2025-10-17,C002,OLD_TARGETING,HIGH,0.422
T000001343,A000826,2025-10-18,C002,OLD_TARGETING,LOW,0.137
T000001344,A000700,2025-10-21,C002,OLD_TARGETING,HIGH,0.567
T000001345,A001478,2025-10-08,C002,OLD_TARGETING,LOW,0.569
T000001346,A002825,2025-10-27,C002,OLD_TARGETING,MEDIUM,0.937
T000001347,A000706,2025-10-19,C002,OLD_TARGETING,HIGH,0.57
T000001348,A000744,2025-10-07,C002,OLD_TARGETING,MEDIUM,0.367
T000001349,A001923,2025-10-09,C002,OLD_TARGETING,MEDIUM,0.964
T000001350,A002394,2025-10-25,C002,OLD_TARGETING,MEDIUM,0.599
T000001351,A003323,2025-10-18,C002,OLD_TARGETING,LOW,0.443
T000001352,A002008,2025-10-15,C002,OLD_TARGETING,HIGH,0.744
T000001353,A002743,2025-10-08,C002,OLD_TARGETING,MEDIUM,0.621
T000001354,A004191,2025-10-17,C002,OLD_TARGETING,MEDIUM,0.563
T000001355,A002127,2025-10-02,C002,OLD_TARGETING,LOW,0.205
T000001356,A000057,2025-10-20,C002,OLD_TARGETING,MEDIUM,0.653
T000001357,A001825,2025-10-04,C002,OLD_TARGETING,MEDIUM,0.858
T000001358,A000946,2025-10-14,C002,OLD_TARGETING,MEDIUM,0.902
T000001359,A004145,2025-10-22,C002,OLD_TARGETING,MEDIUM,0.436
T000001360,A001445,2025-10-18,C002,OLD_TARGETING,MEDIUM,0.924
T000001361,A001101,2025-10-23,C002,OLD_TARGETING,MEDIUM,0.73
T000001362,A001315,2025-10-21,C002,OLD_TARGETING,MEDIUM,0.88
T000001363,A001023,2025-10-24,C002,OLD_TARGETING,HIGH,0.932
T000001364,A002782,2025-10-02,C002,OLD_TARGETING,MEDIUM,0.241
T000001365,A002020,2025-10-22,C002,OLD_TARGETING,HIGH,0.429
T000001366,A002132,2025-10-18,C002,OLD_TARGETING,MEDIUM,0.211
T000001367,A000116,2025-10-07,C002,OLD_TARGETING,LOW,0.382
T000001368,A000831,2025-10-14,C002,OLD_TARGETING,LOW,0.249
T000001369,A003821,2025-10-06,C002,OLD_TARGETING,HIGH,0.584
T000001370,A003751,2025-10-06,C002,OLD_TARGETING,LOW,0.781
T000001371,A003425,2025-10-11,C002,OLD_TARGETING,LOW,0.618
T000001372,A000851,2025-10-03,C002,OLD_TARGETING,HIGH,0.353
T000001373,A002362,2025-10-20,C002,OLD_TARGETING,LOW,0.56
T000001374,A000070,2025-10-05,C002,OLD_TARGETING,HIGH,0.568
T000001375,A000819,2025-10-21,C002,OLD_TARGETING,MEDIUM,0.924
T000001376,A002321,2025-10-17,C002,OLD_TARGETING,MEDIUM,0.817
T000001377,A000965,2025-10-15,C002,OLD_TARGETING,HIGH,0.521
T000001378,A001118,2025-10-13,C002,OLD_TARGETING,MEDIUM,0.613
T000001379,A000283,2025-10-22,C002,OLD_TARGETING,MEDIUM,0.363
T000001380,A001054,2025-10-01,C002,OLD_TARGETING,HIGH,0.2
T000001381,A003593,2025-10-12,C002,OLD_TARGETING,LOW,0.123
T000001382,A003360,2025-10-17,C002,OLD_TARGETING,MEDIUM,0.838
T000001383,A000857,2025-10-16,C002,OLD_TARGETING,LOW,0.132
T000001384,A003573,2025-10-25,C002,OLD_TARGETING,HIGH,0.47
T000001385,A002979,2025-10-16,C002,OLD_TARGETING,LOW,0.453
T000001386,A002248,2025-10-05,C002,OLD_TARGETING,LOW,0.616
T000001387,A000069,2025-10-25,C002,OLD_TARGETING,LOW,0.709
T000001388,A000982,2025-10-26,C002,OLD_TARGETING,MEDIUM,0.315
T000001389,A001798,2025-10-05,C002,OLD_TARGETING,MEDIUM,0.511
T000001390,A001013,2025-10-02,C002,OLD_TARGETING,MEDIUM,0.312
T000001391,A003713,2025-10-03,C002,OLD_TARGETING,MEDIUM,0.437
T000001392,A002087,2025-10-17,C002,OLD_TARGETING,MEDIUM,0.197
T000001393,A002138,2025-10-12,C002,OLD_TARGETING,MEDIUM,0.863
T000001394,A002305,2025-10-16,C002,OLD_TARGETING,LOW,0.873
T000001395,A003186,2025-10-02,C002,OLD_TARGETING,LOW,0.98
T000001396,A001752,2025-10-11,C002,OLD_TARGETING,HIGH,0.951
T000001397,A000256,2025-10-05,C002,OLD_TARGETING,HIGH,0.651
T000001398,A000977,2025-10-09,C002,OLD_TARGETING,MEDIUM,0.849
T000001399,A002835,2025-10-03,C002,OLD_TARGETING,MEDIUM,0.736
T000001400,A002860,2025-10-22,C002,OLD_TARGETING,MEDIUM,0.277
T000001401,A000034,2025-10-10,C002,OLD_TARGETING,MEDIUM,0.58
T000001402,A001289,2025-10-19,C002,OLD_TARGETING,MEDIUM,0.597
T000001403,A001117,2025-10-08,C002,OLD_TARGETING,HIGH,0.578
T000001404,A003092,2025-10-18,C002,OLD_TARGETING,MEDIUM,0.702
T000001405,A000749,2025-10-11,C002,OLD_TARGETING,HIGH,0.17
T000001406,A003861,2025-10-09,C002,OLD_TARGETING,HIGH,0.382
T000001407,A004143,2025-10-06,C002,OLD_TARGETING,HIGH,0.265
T000001408,A002315,2025-10-06,C002,OLD_TARGETING,LOW,0.51
T000001409,A002516,2025-10-03,C002,OLD_TARGETING,HIGH,0.478
T000001410,A000700,2025-10-10,C002,OLD_TARGETING,MEDIUM,0.922
T000001411,A003536,2025-10-16,C002,OLD_TARGETING,MEDIUM,0.733
T000001412,A001207,2025-10-06,C002,OLD_TARGETING,LOW,0.411
T000001413,A004181,2025-10-25,C002,OLD_TARGETING,MEDIUM,0.563
T000001414,A003206,2025-10-12,C002,OLD_TARGETING,LOW,0.971
T000001415,A003346,2025-10-15,C002,OLD_TARGETING,MEDIUM,0.732
T000001416,A004046,2025-10-25,C002,OLD_TARGETING,MEDIUM,0.397
T000001417,A001406,2025-10-01,C002,OLD_TARGETING,MEDIUM,0.728
T000001418,A003857,2025-10-13,C002,OLD_TARGETING,HIGH,0.642
T000001419,A003720,2025-10-15,C002,OLD_TARGETING,HIGH,0.533
T000001420,A002158,2025-10-24,C002,OLD_TARGETING,HIGH,0.485
T000001421,A003314,2025-10-17,C002,OLD_TARGETING,MEDIUM,0.632
T000001422,A003713,2025-10-14,C002,OLD_TARGETING,LOW,0.328
T000001423,A003239,2025-10-11,C002,OLD_TARGETING,HIGH,0.213
T000001424,A000547,2025-10-14,C002,OLD_TARGETING,MEDIUM,0.449
T000001425,A002302,2025-10-02,C002,OLD_TARGETING,MEDIUM,0.895
T000001426,A000780,2025-10-24,C002,OLD_TARGETING,HIGH,0.203
T000001427,A000755,2025-10-18,C002,OLD_TARGETING,MEDIUM,0.257
T000001428,A002665,2025-10-02,C002,OLD_TARGETING,MEDIUM,0.267
T000001429,A004087,2025-10-15,C002,OLD_TARGETING,HIGH,0.58
T000001430,A003781,2025-10-08,C002,OLD_TARGETING,MEDIUM,0.713
T000001431,A002676,2025-10-16,C002,OLD_TARGETING,HIGH,0.37
T000001432,A002820,2025-10-07,C002,OLD_TARGETING,MEDIUM,0.342
T000001433,A003733,2025-10-16,C002,OLD_TARGETING,MEDIUM,0.427
T000001434,A001890,2025-10-15,C002,OLD_TARGETING,HIGH,0.699
T000001435,A002279,2025-10-05,C002,OLD_TARGETING,MEDIUM,0.605
T000001436,A000640,2025-10-05,C002,OLD_TARGETING,MEDIUM,0.433
T000001437,A003217,2025-10-01,C002,OLD_TARGETING,HIGH,0.836
T000001438,A000054,2025-10-08,C002,OLD_TARGETING,LOW,0.544
T000001439,A001919,2025-10-16,C002,OLD_TARGETING,MEDIUM,0.807
T000001440,A003186,2025-10-24,C002,OLD_TARGETING,HIGH,0.859
T000001441,A001872,2025-10-02,C002,OLD_TARGETING,LOW,0.909
T000001442,A002014,2025-10-04,C002,OLD_TARGETING,MEDIUM,0.614
T000001443,A001150,2025-10-03,C002,OLD_TARGETING,HIGH,0.907
T000001444,A003496,2025-10-14,C002,OLD_TARGETING,MEDIUM,0.898
T000001445,A003719,2025-10-07,C002,OLD_TARGETING,LOW,0.559
T000001446,A001517,2025-10-13,C002,OLD_TARGETING,HIGH,0.943
T000001447,A002857,2025-10-06,C002,OLD_TARGETING,MEDIUM,0.77
T000001448,A000258,2025-10-22,C002,OLD_TARGETING,MEDIUM,0.313
T000001449,A000761,2025-10-10,C002,OLD_TARGETING,LOW,0.291
T000001450,A002064,2025-10-17,C002,OLD_TARGETING,MEDIUM,0.688
T000001451,A001089,2025-10-18,C002,OLD_TARGETING,LOW,0.603
T000001452,A002801,2025-10-03,C002,OLD_TARGETING,MEDIUM,0.66
T000001453,A000748,2025-10-24,C002,OLD_TARGETING,HIGH,0.127
T000001454,A003777,2025-10-02,C002,OLD_TARGETING,HIGH,0.424
T000001455,A001948,2025-10-23,C002,OLD_TARGETING,HIGH,0.522
T000001456,A003681,2025-10-07,C002,OLD_TARGETING,LOW,0.688
T000001457,A001627,2025-10-08,C002,OLD_TARGETING,HIGH,0.892
T000001458,A002564,2025-10-02,C002,OLD_TARGETING,HIGH,0.955
T000001459,A000901,2025-10-18,C002,OLD_TARGETING,LOW,0.849
T000001460,A000634,2025-10-09,C002,OLD_TARGETING,MEDIUM,0.926
T000001461,A002134,2025-10-09,C002,OLD_TARGETING,MEDIUM,0.756
T000001462,A003439,2025-10-01,C002,OLD_TARGETING,MEDIUM,0.904
T000001463,A003866,2025-10-14,C002,OLD_TARGETING,LOW,0.433
T000001464,A004011,2025-10-03,C002,OLD_TARGETING,MEDIUM,0.305
T000001465,A002274,2025-10-15,C002,OLD_TARGETING,MEDIUM,0.65
T000001466,A002121,2025-10-17,C002,OLD_TARGETING,MEDIUM,0.716
T000001467,A003842,2025-10-02,C002,OLD_TARGETING,LOW,0.407
T000001468,A003542,2025-10-15,C002,OLD_TARGETING,HIGH,0.708
T000001469,A003154,2025-10-20,C002,OLD_TARGETING,MEDIUM,0.585
T000001470,A001739,2025-10-02,C002,OLD_TARGETING,LOW,0.279
T000001471,A001620,2025-10-26,C002,OLD_TARGETING,MEDIUM,0.369
T000001472,A001175,2025-10-20,C002,OLD_TARGETING,HIGH,0.645
T000001473,A003425,2025-10-21,C002,OLD_TARGETING,LOW,0.713
T000001474,A003912,2025-10-12,C002,OLD_TARGETING,MEDIUM,0.28
T000001475,A002409,2025-10-16,C002,OLD_TARGETING,LOW,0.275
T000001476,A001603,2025-10-20,C002,OLD_TARGETING,MEDIUM,0.16
T000001477,A004124,2025-10-20,C002,OLD_TARGETING,HIGH,0.593
T000001478,A001924,2025-10-03,C002,OLD_TARGETING,HIGH,0.861
T000001479,A002057,2025-10-12,C002,OLD_TARGETING,MEDIUM,0.798
T000001480,A003442,2025-10-09,C002,OLD_TARGETING,MEDIUM,0.646
T000001481,A000625,2025-10-18,C002,OLD_TARGETING,MEDIUM,0.807
T000001482,A001573,2025-10-20,C002,OLD_TARGETING,MEDIUM,0.208
T000001483,A001706,2025-10-07,C002,OLD_TARGETING,LOW,0.763
T000001484,A004165,2025-10-22,C002,OLD_TARGETING,MEDIUM,0.826
T000001485,A003544,2025-10-19,C002,OLD_TARGETING,MEDIUM,0.436
T000001486,A002266,2025-10-02,C002,OLD_TARGETING,HIGH,0.939
T000001487,A000665,2025-10-16,C002,OLD_TARGETING,MEDIUM,0.788
T000001488,A002943,2025-10-10,C002,OLD_TARGETING,HIGH,0.261
T000001489,A000518,2025-10-20,C002,OLD_TARGETING,HIGH,0.801
T000001490,A001307,2025-10-09,C002,OLD_TARGETING,LOW,0.956
T000001491,A002114,2025-10-15,C002,OLD_TARGETING,LOW,0.852
T000001492,A001893,2025-10-05,C002,OLD_TARGETING,MEDIUM,0.494
T000001493,A001938,2025-10-21,C002,OLD_TARGETING,HIGH,0.551
T000001494,A002685,2025-10-14,C002,OLD_TARGETING,LOW,0.68
T000001495,A004195,2025-10-02,C002,OLD_TARGETING,HIGH,0.808
T000001496,A002124,2025-10-10,C002,OLD_TARGETING,HIGH,0.444
T000001497,A003644,2025-10-10,C002,OLD_TARGETING,HIGH,0.589
T000001498,A000741,2025-10-27,C002,OLD_TARGETING,HIGH,0.531
T000001499,A000677,2025-10-12,C002,OLD_TARGETING,LOW,0.705
T000001500,A002087,2025-10-10,C002,OLD_TARGETING,MEDIUM,0.906
T000001501,A002773,2025-10-11,C002,OLD_TARGETING,HIGH,0.469
T000001502,A001777,2025-10-12,C002,OLD_TARGETING,MEDIUM,0.841
T000001503,A001048,2025-10-25,C002,OLD_TARGETING,MEDIUM,0.126
T000001504,A003132,2025-10-26,C002,OLD_TARGETING,MEDIUM,0.152
T000001505,A000609,2025-10-18,C002,OLD_TARGETING,MEDIUM,0.8
T000001506,A001457,2025-10-22,C002,OLD_TARGETING,MEDIUM,0.306
T000001507,A001652,2025-10-17,C002,OLD_TARGETING,MEDIUM,0.11
T000001508,A002161,2025-10-21,C002,OLD_TARGETING,LOW,0.364
T000001509,A003161,2025-10-14,C002,OLD_TARGETING,HIGH,0.447
T000001510,A004062,2025-10-26,C002,OLD_TARGETING,MEDIUM,0.658
T000001511,A003594,2025-10-23,C002,OLD_TARGETING,MEDIUM,0.354
T000001512,A003111,2025-10-04,C002,OLD_TARGETING,MEDIUM,0.563
T000001513,A000102,2025-10-09,C002,OLD_TARGETING,LOW,0.137
T000001514,A003036,2025-10-23,C002,OLD_TARGETING,LOW,0.859
T000001515,A002394,2025-10-14,C002,OLD_TARGETING,LOW,0.581
T000001516,A002538,2025-10-01,C002,OLD_TARGETING,HIGH,0.328
T000001517,A003721,2025-10-10,C002,OLD_TARGETING,HIGH,0.858
T000001518,A000264,2025-10-14,C002,OLD_TARGETING,LOW,0.173
T000001519,A002940,2025-10-27,C002,OLD_TARGETING,MEDIUM,0.23
T000001520,A002989,2025-10-15,C002,OLD_TARGETING,LOW,0.733
T000001521,A002079,2025-10-16,C002,OLD_TARGETING,HIGH,0.565
T000001522,A001785,2025-10-13,C002,OLD_TARGETING,MEDIUM,0.537
T000001523,A003606,2025-10-26,C002,OLD_TARGETING,HIGH,0.251
T000001524,A000436,2025-10-05,C002,OLD_TARGETING,MEDIUM,0.104
T000001525,A002457,2025-10-02,C002,OLD_TARGETING,MEDIUM,0.776
T000001526,A000948,2025-10-11,C002,OLD_TARGETING,MEDIUM,0.564
T000001527,A000355,2025-10-03,C002,OLD_TARGETING,LOW,0.445
T000001528,A000325,2025-10-26,C002,OLD_TARGETING,MEDIUM,0.629
T000001529,A000447,2025-10-22,C002,OLD_TARGETING,LOW,0.839
T000001530,A001515,2025-10-04,C002,OLD_TARGETING,MEDIUM,0.969
T000001531,A001202,2025-10-13,C002,OLD_TARGETING,HIGH,0.712
T000001532,A000934,2025-10-19,C002,OLD_TARGETING,MEDIUM,0.892
T000001533,A004068,2025-10-06,C002,OLD_TARGETING,MEDIUM,0.707
T000001534,A002654,2025-10-08,C002,OLD_TARGETING,MEDIUM,0.811
T000001535,A004060,2025-10-24,C002,OLD_TARGETING,LOW,0.351
T000001536,A001112,2025-10-18,C002,OLD_TARGETING,MEDIUM,0.463
T000001537,A002330,2025-10-08,C002,OLD_TARGETING,MEDIUM,0.726
T000001538,A004177,2025-10-01,C002,OLD_TARGETING,MEDIUM,0.181
T000001539,A001227,2025-10-15,C002,OLD_TARGETING,LOW,0.831
T000001540,A003699,2025-10-12,C002,OLD_TARGETING,MEDIUM,0.262
T000001541,A002024,2025-10-25,C002,OLD_TARGETING,MEDIUM,0.636
T000001542,A001529,2025-10-02,C002,OLD_TARGETING,LOW,0.433
T000001543,A000430,2025-10-08,C002,OLD_TARGETING,MEDIUM,0.65
T000001544,A000401,2025-10-16,C002,OLD_TARGETING,MEDIUM,0.722
T000001545,A003957,2025-10-13,C002,OLD_TARGETING,LOW,0.227
T000001546,A000181,2025-10-11,C002,OLD_TARGETING,MEDIUM,0.906
T000001547,A002528,2025-10-09,C002,OLD_TARGETING,LOW,0.509
T000001548,A001966,2025-10-05,C002,OLD_TARGETING,HIGH,0.604
T000001549,A003627,2025-10-12,C002,OLD_TARGETING,MEDIUM,0.795
T000001550,A002380,2025-10-05,C002,OLD_TARGETING,MEDIUM,0.566
T000001551,A000080,2025-10-24,C002,OLD_TARGETING,MEDIUM,0.401
T000001552,A003753,2025-10-14,C002,OLD_TARGETING,LOW,0.98
T000001553,A000631,2025-10-04,C002,OLD_TARGETING,MEDIUM,0.582
T000001554,A004109,2025-10-17,C002,OLD_TARGETING,HIGH,0.247
T000001555,A004017,2025-10-25,C002,OLD_TARGETING,HIGH,0.966
T000001556,A003625,2025-10-23,C002,OLD_TARGETING,MEDIUM,0.532
T000001557,A000857,2025-10-26,C002,OLD_TARGETING,LOW,0.836
T000001558,A002672,2025-10-05,C002,OLD_TARGETING,LOW,0.322
T000001559,A001533,2025-10-10,C002,OLD_TARGETING,LOW,0.332
T000001560,A003151,2025-10-16,C002,OLD_TARGETING,MEDIUM,0.591
T000001561,A002146,2025-10-05,C002,OLD_TARGETING,MEDIUM,0.548
T000001562,A000752,2025-10-07,C002,OLD_TARGETING,MEDIUM,0.168
T000001563,A001167,2025-10-10,C002,OLD_TARGETING,MEDIUM,0.986
T000001564,A003586,2025-10-07,C002,OLD_TARGETING,MEDIUM,0.223
T000001565,A001261,2025-10-27,C002,OLD_TARGETING,LOW,0.72
T000001566,A002350,2025-10-19,C002,OLD_TARGETING,MEDIUM,0.822
T000001567,A001210,2025-10-06,C002,OLD_TARGETING,MEDIUM,0.874
T000001568,A001199,2025-10-23,C002,OLD_TARGETING,MEDIUM,0.568
T000001569,A001959,2025-10-22,C002,OLD_TARGETING,MEDIUM,0.867
T000001570,A003130,2025-10-13,C002,OLD_TARGETING,LOW,0.374
T000001571,A001127,2025-10-07,C002,OLD_TARGETING,HIGH,0.99
T000001572,A003089,2025-10-17,C002,OLD_TARGETING,MEDIUM,0.562
T000001573,A003531,2025-10-05,C002,OLD_TARGETING,MEDIUM,0.277
T000001574,A003848,2025-10-03,C002,OLD_TARGETING,HIGH,0.471
T000001575,A003524,2025-10-20,C002,OLD_TARGETING,MEDIUM,0.541
T000001576,A002900,2025-10-19,C002,OLD_TARGETING,MEDIUM,0.858
T000001577,A001200,2025-10-14,C002,OLD_TARGETING,MEDIUM,0.645
T000001578,A003512,2025-10-16,C002,OLD_TARGETING,MEDIUM,0.911
T000001579,A003449,2025-10-09,C002,OLD_TARGETING,MEDIUM,0.395
T000001580,A002481,2025-10-27,C002,OLD_TARGETING,MEDIUM,0.399
T000001581,A003537,2025-10-01,C002,OLD_TARGETING,LOW,0.78
T000001582,A000472,2025-10-05,C002,OLD_TARGETING,MEDIUM,0.343
T000001583,A003228,2025-10-03,C002,OLD_TARGETING,LOW,0.514
T000001584,A003773,2025-10-03,C002,OLD_TARGETING,HIGH,0.955
T000001585,A000560,2025-10-01,C002,OLD_TARGETING,LOW,0.529
T000001586,A000138,2025-10-21,C002,OLD_TARGETING,MEDIUM,0.338
T000001587,A000159,2025-10-15,C002,OLD_TARGETING,MEDIUM,0.419
T000001588,A000704,2025-10-03,C002,OLD_TARGETING,HIGH,0.603
T000001589,A001946,2025-10-15,C002,OLD_TARGETING,MEDIUM,0.734
T000001590,A003272,2025-10-21,C002,OLD_TARGETING,MEDIUM,0.444
T000001591,A002661,2025-10-02,C002,OLD_TARGETING,HIGH,0.153
T000001592,A000139,2025-10-21,C002,OLD_TARGETING,MEDIUM,0.158
T000001593,A003274,2025-10-15,C002,OLD_TARGETING,MEDIUM,0.223
T000001594,A002874,2025-10-19,C002,OLD_TARGETING,MEDIUM,0.763
T000001595,A002323,2025-10-07,C002,OLD_TARGETING,MEDIUM,0.953
T000001596,A003992,2025-10-09,C002,OLD_TARGETING,HIGH,0.503
T000001597,A002191,2025-10-25,C002,OLD_TARGETING,MEDIUM,0.74
T000001598,A001390,2025-10-14,C002,OLD_TARGETING,LOW,0.221
T000001599,A001892,2025-10-21,C002,OLD_TARGETING,LOW,0.79
T000001600,A003729,2025-10-18,C002,OLD_TARGETING,MEDIUM,0.18
T000001601,A001038,2025-10-11,C002,OLD_TARGETING,MEDIUM,0.422
T000001602,A000505,2025-10-16,C002,OLD_TARGETING,MEDIUM,0.54
T000001603,A003137,2025-10-24,C002,OLD_TARGETING,MEDIUM,0.642
T000001604,A000009,2025-10-26,C002,OLD_TARGETING,LOW,0.477
T000001605,A000115,2025-10-10,C002,OLD_TARGETING,HIGH,0.758
T000001606,A003659,2025-10-20,C002,OLD_TARGETING,MEDIUM,0.558
T000001607,A000029,2025-10-16,C002,OLD_TARGETING,MEDIUM,0.355
T000001608,A003242,2025-10-10,C002,OLD_TARGETING,HIGH,0.684
T000001609,A003376,2025-10-04,C002,OLD_TARGETING,MEDIUM,0.451
T000001610,A000002,2025-10-26,C002,OLD_TARGETING,MEDIUM,0.359
T000001611,A003550,2025-10-14,C002,OLD_TARGETING,MEDIUM,0.446
T000001612,A002397,2025-10-17,C002,OLD_TARGETING,HIGH,0.551
T000001613,A000748,2025-10-24,C002,OLD_TARGETING,MEDIUM,0.924
T000001614,A000968,2025-10-25,C002,OLD_TARGETING,MEDIUM,0.752
T000001615,A001857,2025-10-22,C002,OLD_TARGETING,MEDIUM,0.273
T000001616,A001761,2025-10-27,C002,OLD_TARGETING,MEDIUM,0.225
T000001617,A000995,2025-10-14,C002,OLD_TARGETING,MEDIUM,0.367
T000001618,A000716,2025-10-25,C002,OLD_TARGETING,HIGH,0.358
T000001619,A003378,2025-10-05,C002,OLD_TARGETING,MEDIUM,0.329
T000001620,A001141,2025-10-05,C002,OLD_TARGETING,MEDIUM,0.967
T000001621,A001261,2025-10-05,C002,OLD_TARGETING,MEDIUM,0.163
T000001622,A003502,2025-10-25,C002,OLD_TARGETING,MEDIUM,0.63
T000001623,A001891,2025-10-19,C002,OLD_TARGETING,MEDIUM,0.531
T000001624,A000129,2025-10-21,C002,OLD_TARGETING,LOW,0.873
T000001625,A000520,2025-10-12,C002,OLD_TARGETING,LOW,0.365
T000001626,A002419,2025-10-14,C002,OLD_TARGETING,MEDIUM,0.474
T000001627,A003426,2025-10-03,C002,OLD_TARGETING,MEDIUM,0.615
T000001628,A004154,2025-10-16,C002,OLD_TARGETING,MEDIUM,0.668
T000001629,A004156,2025-10-01,C002,OLD_TARGETING,MEDIUM,0.861
T000001630,A001491,2025-10-18,C002,OLD_TARGETING,MEDIUM,0.677
T000001631,A000256,2025-10-06,C002,OLD_TARGETING,MEDIUM,0.901
T000001632,A002894,2025-10-12,C002,OLD_TARGETING,HIGH,0.216
T000001633,A002970,2025-10-19,C002,OLD_TARGETING,MEDIUM,0.183
T000001634,A003403,2025-10-06,C002,OLD_TARGETING,MEDIUM,0.134
T000001635,A003634,2025-10-10,C002,OLD_TARGETING,MEDIUM,0.787
T000001636,A003954,2025-10-15,C002,OLD_TARGETING,LOW,0.969
T000001637,A003614,2025-10-03,C002,OLD_TARGETING,HIGH,0.244
T000001638,A000359,2025-10-16,C002,OLD_TARGETING,LOW,0.537
T000001639,A001049,2025-10-01,C002,OLD_TARGETING,LOW,0.788
T000001640,A000309,2025-10-04,C002,OLD_TARGETING,LOW,0.236
T000001641,A004158,2025-10-18,C002,OLD_TARGETING,HIGH,0.862
T000001642,A000717,2025-10-23,C002,OLD_TARGETING,HIGH,0.331
T000001643,A002401,2025-10-02,C002,OLD_TARGETING,LOW,0.273
T000001644,A001357,2025-10-19,C002,OLD_TARGETING,LOW,0.396
T000001645,A000361,2025-10-14,C002,OLD_TARGETING,MEDIUM,0.27
T000001646,A003081,2025-10-13,C002,OLD_TARGETING,MEDIUM,0.487
T000001647,A002725,2025-10-05,C002,OLD_TARGETING,LOW,0.735
T000001648,A003614,2025-10-06,C002,OLD_TARGETING,MEDIUM,0.703
T000001649,A001985,2025-10-27,C002,OLD_TARGETING,MEDIUM,0.519
T000001650,A001518,2025-10-19,C002,OLD_TARGETING,LOW,0.743
T000001651,A002327,2025-10-06,C002,OLD_TARGETING,LOW,0.922
T000001652,A001106,2025-10-26,C002,OLD_TARGETING,HIGH,0.882
T000001653,A002651,2025-10-10,C002,OLD_TARGETING,HIGH,0.217
T000001654,A002556,2025-10-23,C002,OLD_TARGETING,MEDIUM,0.9
T000001655,A002971,2025-10-22,C002,OLD_TARGETING,LOW,0.265
T000001656,A003802,2025-10-09,C002,OLD_TARGETING,HIGH,0.737
T000001657,A003649,2025-10-07,C002,OLD_TARGETING,MEDIUM,0.537
T000001658,A000017,2025-10-08,C002,OLD_TARGETING,MEDIUM,0.94
T000001659,A004054,2025-10-27,C002,OLD_TARGETING,HIGH,0.22
T000001660,A001325,2025-10-06,C002,OLD_TARGETING,MEDIUM,0.651
T000001661,A003771,2025-10-16,C002,OLD_TARGETING,HIGH,0.511
T000001662,A003361,2025-10-24,C002,OLD_TARGETING,MEDIUM,0.754
T000001663,A003795,2025-10-19,C002,OLD_TARGETING,MEDIUM,0.735
T000001664,A001592,2025-10-06,C002,OLD_TARGETING,MEDIUM,0.807
T000001665,A000001,2025-10-14,C002,OLD_TARGETING,LOW,0.218
T000001666,A002428,2025-10-14,C002,OLD_TARGETING,LOW,0.867
T000001667,A003404,2025-10-19,C002,OLD_TARGETING,HIGH,0.973
T000001668,A000024,2025-10-15,C002,OLD_TARGETING,HIGH,0.787
T000001669,A001728,2025-10-24,C002,OLD_TARGETING,HIGH,0.899
T000001670,A000179,2025-10-02,C002,OLD_TARGETING,HIGH,0.987
T000001671,A002543,2025-10-17,C002,OLD_TARGETING,MEDIUM,0.534
T000001672,A003734,2025-10-24,C002,OLD_TARGETING,LOW,0.152
T000001673,A001490,2025-10-07,C002,OLD_TARGETING,MEDIUM,0.533
T000001674,A000063,2025-10-03,C002,OLD_TARGETING,HIGH,0.273
T000001675,A003511,2025-10-22,C002,OLD_TARGETING,MEDIUM,0.48
T000001676,A000557,2025-10-27,C002,OLD_TARGETING,LOW,0.177
T000001677,A003402,2025-10-13,C002,OLD_TARGETING,LOW,0.82
T000001678,A001642,2025-10-26,C002,OLD_TARGETING,MEDIUM,0.445
T000001679,A001838,2025-10-09,C002,OLD_TARGETING,HIGH,0.632
T000001680,A001302,2025-10-21,C002,OLD_TARGETING,LOW,0.238
T000001681,A001450,2025-10-22,C002,OLD_TARGETING,MEDIUM,0.513
T000001682,A001394,2025-10-07,C002,OLD_TARGETING,MEDIUM,0.741
T000001683,A002620,2025-10-05,C002,OLD_TARGETING,MEDIUM,0.75
T000001684,A002734,2025-10-12,C002,OLD_TARGETING,HIGH,0.734
T000001685,A003486,2025-10-15,C002,OLD_TARGETING,LOW,0.508
T000001686,A002904,2025-10-15,C002,OLD_TARGETING,MEDIUM,0.693
T000001687,A001581,2025-10-23,C002,OLD_TARGETING,MEDIUM,0.881
T000001688,A000594,2025-10-20,C002,OLD_TARGETING,LOW,0.87
T000001689,A002737,2025-10-13,C002,OLD_TARGETING,MEDIUM,0.264
T000001690,A002686,2025-10-15,C002,OLD_TARGETING,HIGH,0.942
T000001691,A002939,2025-10-24,C002,OLD_TARGETING,HIGH,0.845
T000001692,A001219,2025-10-15,C002,OLD_TARGETING,MEDIUM,0.947
T000001693,A001834,2025-10-04,C002,OLD_TARGETING,MEDIUM,0.195
T000001694,A001877,2025-10-22,C002,OLD_TARGETING,MEDIUM,0.729
T000001695,A000797,2025-10-05,C002,OLD_TARGETING,MEDIUM,0.642
T000001696,A001016,2025-10-12,C002,OLD_TARGETING,HIGH,0.913
T000001697,A002296,2025-10-12,C002,OLD_TARGETING,MEDIUM,0.144
T000001698,A000724,2025-10-17,C002,OLD_TARGETING,HIGH,0.292
T000001699,A001743,2025-10-16,C002,OLD_TARGETING,HIGH,0.498
T000001700,A003375,2025-10-25,C002,OLD_TARGETING,HIGH,0.451
T000001701,A000859,2025-10-08,C002,OLD_TARGETING,LOW,0.499
T000001702,A001130,2025-10-16,C002,OLD_TARGETING,MEDIUM,0.554
T000001703,A002958,2025-10-11,C002,OLD_TARGETING,HIGH,0.635
T000001704,A000032,2025-10-16,C002,OLD_TARGETING,MEDIUM,0.176
T000001705,A003761,2025-10-27,C002,OLD_TARGETING,MEDIUM,0.271
T000001706,A001251,2025-10-21,C002,OLD_TARGETING,MEDIUM,0.323
T000001707,A003164,2025-10-20,C002,OLD_TARGETING,MEDIUM,0.19
T000001708,A001033,2025-10-24,C002,OLD_TARGETING,LOW,0.407
T000001709,A003211,2025-10-14,C002,OLD_TARGETING,MEDIUM,0.627
T000001710,A001746,2025-10-05,C002,OLD_TARGETING,MEDIUM,0.278
T000001711,A002871,2025-10-04,C002,OLD_TARGETING,MEDIUM,0.597
T000001712,A002858,2025-10-01,C002,OLD_TARGETING,LOW,0.184
T000001713,A002067,2025-10-16,C002,OLD_TARGETING,LOW,0.206
T000001714,A000872,2025-10-26,C002,OLD_TARGETING,LOW,0.404
T000001715,A001984,2025-10-02,C002,OLD_TARGETING,HIGH,0.909
T000001716,A001449,2025-10-26,C002,OLD_TARGETING,HIGH,0.175
T000001717,A002121,2025-10-18,C002,OLD_TARGETING,MEDIUM,0.628
T000001718,A003851,2025-10-24,C002,OLD_TARGETING,LOW,0.323
T000001719,A002732,2025-10-21,C002,OLD_TARGETING,MEDIUM,0.193
T000001720,A003523,2025-10-11,C002,OLD_TARGETING,HIGH,0.983
T000001721,A003691,2025-10-20,C002,OLD_TARGETING,LOW,0.16
T000001722,A002181,2025-10-04,C002,OLD_TARGETING,MEDIUM,0.257
T000001723,A003320,2025-10-12,C002,OLD_TARGETING,LOW,0.831
T000001724,A002393,2025-10-14,C002,OLD_TARGETING,HIGH,0.153
T000001725,A003964,2025-10-18,C002,OLD_TARGETING,MEDIUM,0.793
T000001726,A001346,2025-10-02,C002,OLD_TARGETING,MEDIUM,0.768
T000001727,A001442,2025-10-12,C002,OLD_TARGETING,MEDIUM,0.184
T000001728,A001011,2025-10-13,C002,OLD_TARGETING,MEDIUM,0.609
T000001729,A001755,2025-10-08,C002,OLD_TARGETING,HIGH,0.777
T000001730,A003974,2025-10-14,C002,OLD_TARGETING,LOW,0.566
T000001731,A001527,2025-10-03,C002,OLD_TARGETING,MEDIUM,0.282
T000001732,A000435,2025-10-09,C002,OLD_TARGETING,LOW,0.715
T000001733,A003017,2025-10-24,C002,OLD_TARGETING,MEDIUM,0.896
T000001734,A001748,2025-10-11,C002,OLD_TARGETING,MEDIUM,0.29
T000001735,A001751,2025-10-03,C002,OLD_TARGETING,LOW,0.307
T000001736,A002989,2025-10-03,C002,OLD_TARGETING,MEDIUM,0.527
T000001737,A003768,2025-10-27,C002,OLD_TARGETING,LOW,0.713
T000001738,A001382,2025-10-01,C002,OLD_TARGETING,HIGH,0.933
T000001739,A001091,2025-10-03,C002,OLD_TARGETING,MEDIUM,0.1
T000001740,A002893,2025-10-25,C002,OLD_TARGETING,MEDIUM,0.4
T000001741,A003039,2025-10-02,C002,OLD_TARGETING,MEDIUM,0.276
T000001742,A002367,2025-10-01,C002,OLD_TARGETING,MEDIUM,0.28
T000001743,A000896,2025-10-25,C002,OLD_TARGETING,MEDIUM,0.787
T000001744,A003823,2025-10-16,C002,OLD_TARGETING,MEDIUM,0.909
T000001745,A001141,2025-10-06,C002,OLD_TARGETING,MEDIUM,0.758
T000001746,A002645,2025-10-11,C002,OLD_TARGETING,MEDIUM,0.972
T000001747,A001130,2025-10-07,C002,OLD_TARGETING,LOW,0.314
T000001748,A003826,2025-10-19,C002,OLD_TARGETING,MEDIUM,0.408
T000001749,A001995,2025-10-02,C002,OLD_TARGETING,MEDIUM,0.727
T000001750,A003935,2025-10-22,C002,OLD_TARGETING,MEDIUM,0.198
T000001751,A002854,2025-10-06,C002,OLD_TARGETING,LOW,0.715
T000001752,A003988,2025-10-23,C002,OLD_TARGETING,MEDIUM,0.29
T000001753,A001076,2025-10-04,C002,OLD_TARGETING,LOW,0.685
T000001754,A002731,2025-10-06,C002,OLD_TARGETING,LOW,0.546
T000001755,A002831,2025-10-16,C002,OLD_TARGETING,LOW,0.652
T000001756,A000071,2025-10-19,C002,OLD_TARGETING,LOW,0.354
T000001757,A004059,2025-10-09,C002,OLD_TARGETING,HIGH,0.145
T000001758,A000108,2025-10-15,C002,OLD_TARGETING,HIGH,0.351
T000001759,A003470,2025-10-02,C002,OLD_TARGETING,MEDIUM,0.929
T000001760,A001318,2025-10-04,C002,OLD_TARGETING,HIGH,0.708
T000001761,A003783,2025-10-01,C002,OLD_TARGETING,LOW,0.353
T000001762,A000955,2025-10-10,C002,OLD_TARGETING,HIGH,0.223
T000001763,A004090,2025-10-02,C002,OLD_TARGETING,MEDIUM,0.405
T000001764,A000717,2025-10-11,C002,OLD_TARGETING,MEDIUM,0.52
T000001765,A004035,2025-10-01,C002,OLD_TARGETING,MEDIUM,0.581
T000001766,A002380,2025-10-22,C002,OLD_TARGETING,MEDIUM,0.897
T000001767,A003722,2025-10-09,C002,OLD_TARGETING,MEDIUM,0.18
T000001768,A004021,2025-10-01,C002,OLD_TARGETING,MEDIUM,0.191
T000001769,A000174,2025-10-14,C002,OLD_TARGETING,LOW,0.576
T000001770,A000822,2025-10-14,C002,OLD_TARGETING,MEDIUM,0.861
T000001771,A000140,2025-10-04,C002,OLD_TARGETING,LOW,0.174
T000001772,A003679,2025-10-21,C002,OLD_TARGETING,HIGH,0.873
T000001773,A002865,2025-10-03,C002,OLD_TARGETING,MEDIUM,0.94
T000001774,A003082,2025-10-23,C002,OLD_TARGETING,MEDIUM,0.378
T000001775,A002917,2025-10-25,C002,OLD_TARGETING,MEDIUM,0.323
T000001776,A003671,2025-10-26,C002,OLD_TARGETING,MEDIUM,0.744
T000001777,A000151,2025-10-24,C002,OLD_TARGETING,HIGH,0.916
T000001778,A002811,2025-10-05,C002,OLD_TARGETING,HIGH,0.326
T000001779,A000746,2025-10-27,C002,OLD_TARGETING,HIGH,0.403
T000001780,A003250,2025-10-23,C002,OLD_TARGETING,LOW,0.281
T000001781,A001298,2025-10-12,C002,OLD_TARGETING,MEDIUM,0.11
T000001782,A001949,2025-10-21,C002,OLD_TARGETING,MEDIUM,0.416
T000001783,A002241,2025-10-09,C002,OLD_TARGETING,MEDIUM,0.802
T000001784,A001992,2025-10-10,C002,OLD_TARGETING,MEDIUM,0.325
T000001785,A002814,2025-10-03,C002,OLD_TARGETING,MEDIUM,0.659
T000001786,A002406,2025-10-18,C002,OLD_TARGETING,LOW,0.241
T000001787,A001626,2025-10-11,C002,OLD_TARGETING,MEDIUM,0.195
T000001788,A000987,2025-10-17,C002,OLD_TARGETING,LOW,0.723
T000001789,A002194,2025-10-24,C002,OLD_TARGETING,MEDIUM,0.626
T000001790,A001421,2025-10-26,C002,OLD_TARGETING,MEDIUM,0.426
T000001791,A000799,2025-10-16,C002,OLD_TARGETING,LOW,0.713
T000001792,A001642,2025-10-14,C002,OLD_TARGETING,MEDIUM,0.359
T000001793,A001052,2025-10-26,C002,OLD_TARGETING,HIGH,0.811
T000001794,A000360,2025-10-03,C002,OLD_TARGETING,HIGH,0.229
T000001795,A003564,2025-10-07,C002,OLD_TARGETING,HIGH,0.274
T000001796,A002131,2025-10-07,C002,OLD_TARGETING,MEDIUM,0.892
T000001797,A001734,2025-10-11,C002,OLD_TARGETING,MEDIUM,0.201
T000001798,A003032,2025-10-26,C002,OLD_TARGETING,LOW,0.628
T000001799,A000456,2025-10-03,C002,OLD_TARGETING,HIGH,0.362
T000001800,A001449,2025-10-19,C002,OLD_TARGETING,MEDIUM,0.493
T000001801,A000986,2025-11-20,C003,OLD_TARGETING,MEDIUM,0.909
T000001802,A002258,2025-11-24,C003,OLD_TARGETING,HIGH,0.905
T000001803,A002224,2025-11-23,C003,OLD_TARGETING,LOW,0.318
T000001804,A000547,2025-11-26,C003,OLD_TARGETING,MEDIUM,0.86
T000001805,A001090,2025-11-19,C003,OLD_TARGETING,HIGH,0.332
T000001806,A003580,2025-11-23,C003,OLD_TARGETING,MEDIUM,0.605
T000001807,A004121,2025-11-01,C003,OLD_TARGETING,MEDIUM,0.706
T000001808,A000207,2025-11-11,C003,OLD_TARGETING,LOW,0.414
T000001809,A001029,2025-11-07,C003,OLD_TARGETING,MEDIUM,0.81
T000001810,A000134,2025-11-22,C003,OLD_TARGETING,MEDIUM,0.516
T000001811,A001964,2025-11-04,C003,OLD_TARGETING,MEDIUM,0.662
T000001812,A001909,2025-11-06,C003,OLD_TARGETING,MEDIUM,0.942
T000001813,A002542,2025-11-12,C003,OLD_TARGETING,HIGH,0.514
T000001814,A001963,2025-11-27,C003,OLD_TARGETING,HIGH,0.477
T000001815,A003707,2025-11-02,C003,OLD_TARGETING,MEDIUM,0.566
T000001816,A000856,2025-11-18,C003,OLD_TARGETING,HIGH,0.105
T000001817,A000615,2025-11-14,C003,OLD_TARGETING,MEDIUM,0.669
T000001818,A001981,2025-11-05,C003,OLD_TARGETING,HIGH,0.813
T000001819,A002197,2025-11-22,C003,OLD_TARGETING,LOW,0.597
T000001820,A001619,2025-11-18,C003,OLD_TARGETING,HIGH,0.697
T000001821,A002748,2025-11-17,C003,OLD_TARGETING,LOW,0.744
T000001822,A001730,2025-11-03,C003,OLD_TARGETING,LOW,0.859
T000001823,A001891,2025-11-24,C003,OLD_TARGETING,MEDIUM,0.433
T000001824,A000399,2025-11-14,C003,OLD_TARGETING,HIGH,0.514
T000001825,A003064,2025-11-24,C003,OLD_TARGETING,MEDIUM,0.424
T000001826,A003626,2025-11-19,C003,OLD_TARGETING,LOW,0.939
T000001827,A002636,2025-11-04,C003,OLD_TARGETING,HIGH,0.715
T000001828,A001109,2025-11-03,C003,OLD_TARGETING,HIGH,0.83
T000001829,A004110,2025-11-07,C003,OLD_TARGETING,HIGH,0.923
T000001830,A000241,2025-11-04,C003,OLD_TARGETING,MEDIUM,0.288
T000001831,A002706,2025-11-26,C003,OLD_TARGETING,LOW,0.453
T000001832,A002446,2025-11-03,C003,OLD_TARGETING,MEDIUM,0.265
T000001833,A000852,2025-11-21,C003,OLD_TARGETING,MEDIUM,0.587
T000001834,A002144,2025-11-14,C003,OLD_TARGETING,MEDIUM,0.115
T000001835,A000210,2025-11-03,C003,OLD_TARGETING,MEDIUM,0.499
T000001836,A003726,2025-11-26,C003,OLD_TARGETING,LOW,0.2
T000001837,A002755,2025-11-11,C003,OLD_TARGETING,LOW,0.445
T000001838,A002016,2025-11-10,C003,OLD_TARGETING,LOW,0.138
T000001839,A000636,2025-11-15,C003,OLD_TARGETING,MEDIUM,0.822
T000001840,A002388,2025-11-05,C003,OLD_TARGETING,MEDIUM,0.489
T000001841,A003980,2025-11-18,C003,OLD_TARGETING,MEDIUM,0.532
T000001842,A002829,2025-11-17,C003,OLD_TARGETING,MEDIUM,0.804
T000001843,A003975,2025-11-17,C003,OLD_TARGETING,MEDIUM,0.482
T000001844,A001977,2025-11-08,C003,OLD_TARGETING,MEDIUM,0.353
T000001845,A004137,2025-11-21,C003,OLD_TARGETING,MEDIUM,0.491
T000001846,A003842,2025-11-11,C003,OLD_TARGETING,LOW,0.523
T000001847,A002334,2025-11-09,C003,OLD_TARGETING,MEDIUM,0.508
T000001848,A004135,2025-11-15,C003,OLD_TARGETING,MEDIUM,0.404
T000001849,A000325,2025-11-06,C003,OLD_TARGETING,LOW,0.56
T000001850,A001480,2025-11-11,C003,OLD_TARGETING,HIGH,0.562
T000001851,A000007,2025-11-20,C003,OLD_TARGETING,MEDIUM,0.787
T000001852,A002488,2025-11-24,C003,OLD_TARGETING,HIGH,0.708
T000001853,A003896,2025-11-11,C003,OLD_TARGETING,HIGH,0.79
T000001854,A002518,2025-11-07,C003,OLD_TARGETING,MEDIUM,0.581
T000001855,A001745,2025-11-22,C003,OLD_TARGETING,MEDIUM,0.691
T000001856,A002579,2025-11-06,C003,OLD_TARGETING,MEDIUM,0.25
T000001857,A002749,2025-11-16,C003,OLD_TARGETING,HIGH,0.101
T000001858,A000049,2025-11-23,C003,OLD_TARGETING,HIGH,0.197
T000001859,A001833,2025-11-11,C003,OLD_TARGETING,MEDIUM,0.979
T000001860,A001380,2025-11-24,C003,OLD_TARGETING,MEDIUM,0.182
T000001861,A000736,2025-11-24,C003,OLD_TARGETING,LOW,0.825
T000001862,A003997,2025-11-08,C003,OLD_TARGETING,HIGH,0.97
T000001863,A003823,2025-11-19,C003,OLD_TARGETING,HIGH,0.701
T000001864,A002500,2025-11-08,C003,OLD_TARGETING,LOW,0.274
T000001865,A004101,2025-11-17,C003,OLD_TARGETING,MEDIUM,0.633
T000001866,A003806,2025-11-17,C003,OLD_TARGETING,MEDIUM,0.799
T000001867,A000400,2025-11-16,C003,OLD_TARGETING,MEDIUM,0.327
T000001868,A001281,2025-11-03,C003,OLD_TARGETING,LOW,0.706
T000001869,A003918,2025-11-25,C003,OLD_TARGETING,MEDIUM,0.366
T000001870,A001554,2025-11-26,C003,OLD_TARGETING,MEDIUM,0.878
T000001871,A003415,2025-11-21,C003,OLD_TARGETING,LOW,0.244
T000001872,A003200,2025-11-24,C003,OLD_TARGETING,MEDIUM,0.892
T000001873,A000917,2025-11-09,C003,OLD_TARGETING,HIGH,0.896
T000001874,A000239,2025-11-23,C003,OLD_TARGETING,HIGH,0.862
T000001875,A004186,2025-11-07,C003,OLD_TARGETING,MEDIUM,0.281
T000001876,A000293,2025-11-27,C003,OLD_TARGETING,HIGH,0.413
T000001877,A004123,2025-11-26,C003,OLD_TARGETING,HIGH,0.533
T000001878,A002700,2025-11-02,C003,OLD_TARGETING,MEDIUM,0.877
T000001879,A003956,2025-11-10,C003,OLD_TARGETING,MEDIUM,0.589
T000001880,A002949,2025-11-10,C003,OLD_TARGETING,MEDIUM,0.226
T000001881,A002969,2025-11-16,C003,OLD_TARGETING,MEDIUM,0.857
T000001882,A002055,2025-11-23,C003,OLD_TARGETING,MEDIUM,0.807
T000001883,A001693,2025-11-13,C003,OLD_TARGETING,HIGH,0.802
T000001884,A003423,2025-11-12,C003,OLD_TARGETING,HIGH,0.262
T000001885,A002854,2025-11-25,C003,OLD_TARGETING,HIGH,0.558
T000001886,A000589,2025-11-01,C003,OLD_TARGETING,HIGH,0.312
T000001887,A002076,2025-11-07,C003,OLD_TARGETING,LOW,0.684
T000001888,A002555,2025-11-23,C003,OLD_TARGETING,MEDIUM,0.481
T000001889,A000653,2025-11-11,C003,OLD_TARGETING,LOW,0.809
T000001890,A000175,2025-11-17,C003,OLD_TARGETING,MEDIUM,0.497
T000001891,A001894,2025-11-03,C003,OLD_TARGETING,MEDIUM,0.316
T000001892,A001317,2025-11-11,C003,OLD_TARGETING,LOW,0.842
T000001893,A000044,2025-11-03,C003,OLD_TARGETING,MEDIUM,0.746
T000001894,A000383,2025-11-26,C003,OLD_TARGETING,MEDIUM,0.962
T000001895,A003160,2025-11-19,C003,OLD_TARGETING,MEDIUM,0.383
T000001896,A002247,2025-11-22,C003,OLD_TARGETING,HIGH,0.376
T000001897,A000185,2025-11-21,C003,OLD_TARGETING,LOW,0.419
T000001898,A002978,2025-11-17,C003,OLD_TARGETING,HIGH,0.559
T000001899,A002287,2025-11-23,C003,OLD_TARGETING,HIGH,0.221
T000001900,A003800,2025-11-02,C003,OLD_TARGETING,LOW,0.201
T000001901,A002922,2025-11-08,C003,OLD_TARGETING,LOW,0.518
T000001902,A001934,2025-11-27,C003,OLD_TARGETING,LOW,0.486
T000001903,A000909,2025-11-24,C003,OLD_TARGETING,MEDIUM,0.815
T000001904,A000982,2025-11-02,C003,OLD_TARGETING,MEDIUM,0.15
T000001905,A000338,2025-11-16,C003,OLD_TARGETING,LOW,0.949
T000001906,A002920,2025-11-10,C003,OLD_TARGETING,HIGH,0.235
T000001907,A002183,2025-11-14,C003,OLD_TARGETING,LOW,0.434
T000001908,A001114,2025-11-18,C003,OLD_TARGETING,MEDIUM,0.214
T000001909,A003458,2025-11-12,C003,OLD_TARGETING,MEDIUM,0.251
T000001910,A000763,2025-11-20,C003,OLD_TARGETING,MEDIUM,0.299
T000001911,A001037,2025-11-04,C003,OLD_TARGETING,MEDIUM,0.101
T000001912,A000322,2025-11-07,C003,OLD_TARGETING,MEDIUM,0.814
T000001913,A003310,2025-11-20,C003,OLD_TARGETING,HIGH,0.968
T000001914,A002842,2025-11-24,C003,OLD_TARGETING,HIGH,0.127
T000001915,A004082,2025-11-23,C003,OLD_TARGETING,MEDIUM,0.887
T000001916,A003436,2025-11-09,C003,OLD_TARGETING,MEDIUM,0.177
T000001917,A003520,2025-11-15,C003,OLD_TARGETING,LOW,0.982
T000001918,A002592,2025-11-17,C003,OLD_TARGETING,MEDIUM,0.524
T000001919,A003137,2025-11-16,C003,OLD_TARGETING,LOW,0.148
T000001920,A003645,2025-11-22,C003,OLD_TARGETING,MEDIUM,0.319
T000001921,A002913,2025-11-11,C003,OLD_TARGETING,MEDIUM,0.704
T000001922,A000185,2025-11-22,C003,OLD_TARGETING,MEDIUM,0.459
T000001923,A004139,2025-11-19,C003,OLD_TARGETING,MEDIUM,0.394
T000001924,A003590,2025-11-23,C003,OLD_TARGETING,MEDIUM,0.419
T000001925,A002371,2025-11-20,C003,OLD_TARGETING,LOW,0.877
T000001926,A000330,2025-11-23,C003,OLD_TARGETING,MEDIUM,0.922
T000001927,A000362,2025-11-05,C003,OLD_TARGETING,MEDIUM,0.989
T000001928,A000557,2025-11-05,C003,OLD_TARGETING,MEDIUM,0.347
T000001929,A003585,2025-11-09,C003,OLD_TARGETING,LOW,0.953
T000001930,A000756,2025-11-19,C003,OLD_TARGETING,HIGH,0.664
T000001931,A004078,2025-11-10,C003,OLD_TARGETING,MEDIUM,0.118
T000001932,A000258,2025-11-17,C003,OLD_TARGETING,MEDIUM,0.591
T000001933,A001379,2025-11-04,C003,OLD_TARGETING,MEDIUM,0.471
T000001934,A001383,2025-11-22,C003,OLD_TARGETING,LOW,0.161
T000001935,A000379,2025-11-27,C003,OLD_TARGETING,MEDIUM,0.26
T000001936,A003588,2025-11-10,C003,OLD_TARGETING,MEDIUM,0.228
T000001937,A000366,2025-11-21,C003,OLD_TARGETING,MEDIUM,0.283
T000001938,A003891,2025-11-06,C003,OLD_TARGETING,LOW,0.36
T000001939,A002825,2025-11-25,C003,OLD_TARGETING,MEDIUM,0.882
T000001940,A000007,2025-11-20,C003,OLD_TARGETING,HIGH,0.624
T000001941,A002268,2025-11-02,C003,OLD_TARGETING,MEDIUM,0.31
T000001942,A001201,2025-11-04,C003,OLD_TARGETING,MEDIUM,0.713
T000001943,A001146,2025-11-21,C003,OLD_TARGETING,MEDIUM,0.756
T000001944,A000622,2025-11-25,C003,OLD_TARGETING,HIGH,0.607
T000001945,A002878,2025-11-05,C003,OLD_TARGETING,LOW,0.676
T000001946,A003211,2025-11-14,C003,OLD_TARGETING,LOW,0.598
T000001947,A003587,2025-11-08,C003,OLD_TARGETING,LOW,0.178
T000001948,A000496,2025-11-17,C003,OLD_TARGETING,MEDIUM,0.388
T000001949,A002024,2025-11-25,C003,OLD_TARGETING,MEDIUM,0.984
T000001950,A000197,2025-11-09,C003,OLD_TARGETING,HIGH,0.253
T000001951,A003219,2025-11-17,C003,OLD_TARGETING,MEDIUM,0.434
T000001952,A001796,2025-11-16,C003,OLD_TARGETING,MEDIUM,0.943
T000001953,A000072,2025-11-19,C003,OLD_TARGETING,MEDIUM,0.277
T000001954,A002701,2025-11-18,C003,OLD_TARGETING,MEDIUM,0.532
T000001955,A003047,2025-11-22,C003,OLD_TARGETING,LOW,0.623
T000001956,A000697,2025-11-12,C003,OLD_TARGETING,LOW,0.581
T000001957,A003068,2025-11-27,C003,OLD_TARGETING,MEDIUM,0.589
T000001958,A000441,2025-11-10,C003,OLD_TARGETING,LOW,0.715
T000001959,A002098,2025-11-25,C003,OLD_TARGETING,HIGH,0.663
T000001960,A002040,2025-11-20,C003,OLD_TARGETING,MEDIUM,0.227
T000001961,A004132,2025-11-26,C003,OLD_TARGETING,HIGH,0.119
T000001962,A000890,2025-11-21,C003,OLD_TARGETING,LOW,0.497
T000001963,A002048,2025-11-23,C003,OLD_TARGETING,MEDIUM,0.303
T000001964,A002411,2025-11-20,C003,OLD_TARGETING,MEDIUM,0.551
T000001965,A001348,2025-11-24,C003,OLD_TARGETING,MEDIUM,0.675
T000001966,A000655,2025-11-01,C003,OLD_TARGETING,MEDIUM,0.667
T000001967,A003964,2025-11-11,C003,OLD_TARGETING,MEDIUM,0.969
T000001968,A002813,2025-11-26,C003,OLD_TARGETING,MEDIUM,0.559
T000001969,A003768,2025-11-22,C003,OLD_TARGETING,HIGH,0.118
T000001970,A000887,2025-11-03,C003,OLD_TARGETING,MEDIUM,0.347
T000001971,A002704,2025-11-27,C003,OLD_TARGETING,MEDIUM,0.928
T000001972,A000294,2025-11-02,C003,OLD_TARGETING,HIGH,0.279
T000001973,A000519,2025-11-16,C003,OLD_TARGETING,MEDIUM,0.881
T000001974,A001641,2025-11-11,C003,OLD_TARGETING,MEDIUM,0.548
T000001975,A001618,2025-11-01,C003,OLD_TARGETING,MEDIUM,0.22
T000001976,A002670,2025-11-05,C003,OLD_TARGETING,MEDIUM,0.877
T000001977,A003955,2025-11-13,C003,OLD_TARGETING,LOW,0.968
T000001978,A000236,2025-11-14,C003,OLD_TARGETING,MEDIUM,0.239
T000001979,A002661,2025-11-03,C003,OLD_TARGETING,LOW,0.72
T000001980,A003409,2025-11-03,C003,OLD_TARGETING,MEDIUM,0.76
T000001981,A000753,2025-11-18,C003,OLD_TARGETING,MEDIUM,0.736
T000001982,A000045,2025-11-19,C003,OLD_TARGETING,MEDIUM,0.658
T000001983,A002139,2025-11-12,C003,OLD_TARGETING,HIGH,0.966
T000001984,A002345,2025-11-27,C003,OLD_TARGETING,MEDIUM,0.763
T000001985,A002502,2025-11-27,C003,OLD_TARGETING,HIGH,0.395
T000001986,A002930,2025-11-22,C003,OLD_TARGETING,MEDIUM,0.51
T000001987,A003224,2025-11-21,C003,OLD_TARGETING,MEDIUM,0.204
T000001988,A000212,2025-11-07,C003,OLD_TARGETING,LOW,0.587
T000001989,A002918,2025-11-08,C003,OLD_TARGETING,MEDIUM,0.24
T000001990,A001316,2025-11-19,C003,OLD_TARGETING,MEDIUM,0.105
T000001991,A003243,2025-11-24,C003,OLD_TARGETING,HIGH,0.206
T000001992,A002811,2025-11-21,C003,OLD_TARGETING,HIGH,0.788
T000001993,A001892,2025-11-07,C003,OLD_TARGETING,MEDIUM,0.308
T000001994,A002197,2025-11-21,C003,OLD_TARGETING,HIGH,0.212
T000001995,A003933,2025-11-04,C003,OLD_TARGETING,MEDIUM,0.38
T000001996,A003298,2025-11-02,C003,OLD_TARGETING,HIGH,0.921
T000001997,A002734,2025-11-21,C003,OLD_TARGETING,MEDIUM,0.113
T000001998,A004094,2025-11-10,C003,OLD_TARGETING,LOW,0.617
T000001999,A000730,2025-11-20,C003,OLD_TARGETING,LOW,0.166
T000002000,A002861,2025-11-03,C003,OLD_TARGETING,MEDIUM,0.652
T000002001,A000292,2025-11-01,C003,OLD_TARGETING,MEDIUM,0.62
T000002002,A000154,2025-11-24,C003,OLD_TARGETING,MEDIUM,0.61
T000002003,A002527,2025-11-22,C003,OLD_TARGETING,LOW,0.718
T000002004,A003392,2025-11-19,C003,OLD_TARGETING,LOW,0.318
T000002005,A001264,2025-11-10,C003,OLD_TARGETING,LOW,0.801
T000002006,A001169,2025-11-02,C003,OLD_TARGETING,MEDIUM,0.978
T000002007,A000611,2025-11-21,C003,OLD_TARGETING,MEDIUM,0.221
T000002008,A003572,2025-11-24,C003,OLD_TARGETING,HIGH,0.749
T000002009,A004156,2025-11-15,C003,OLD_TARGETING,MEDIUM,0.675
T000002010,A003182,2025-11-03,C003,OLD_TARGETING,HIGH,0.859
T000002011,A000287,2025-11-01,C003,OLD_TARGETING,HIGH,0.828
T000002012,A003995,2025-11-07,C003,OLD_TARGETING,MEDIUM,0.431
T000002013,A002136,2025-11-02,C003,OLD_TARGETING,HIGH,0.544
T000002014,A001257,2025-11-06,C003,OLD_TARGETING,MEDIUM,0.39
T000002015,A002919,2025-11-22,C003,OLD_TARGETING,HIGH,0.863
T000002016,A003960,2025-11-17,C003,OLD_TARGETING,MEDIUM,0.669
T000002017,A001175,2025-11-08,C003,OLD_TARGETING,MEDIUM,0.565
T000002018,A004087,2025-11-13,C003,OLD_TARGETING,MEDIUM,0.589
T000002019,A002398,2025-11-11,C003,OLD_TARGETING,HIGH,0.773
T000002020,A000328,2025-11-07,C003,OLD_TARGETING,MEDIUM,0.505
T000002021,A002011,2025-11-09,C003,OLD_TARGETING,LOW,0.506
T000002022,A000861,2025-11-05,C003,OLD_TARGETING,MEDIUM,0.219
T000002023,A002961,2025-11-14,C003,OLD_TARGETING,MEDIUM,0.608
T000002024,A002555,2025-11-14,C003,OLD_TARGETING,MEDIUM,0.219
T000002025,A000564,2025-11-25,C003,OLD_TARGETING,HIGH,0.864
T000002026,A001437,2025-11-06,C003,OLD_TARGETING,HIGH,0.219
T000002027,A001701,2025-11-07,C003,OLD_TARGETING,LOW,0.291
T000002028,A001673,2025-11-03,C003,OLD_TARGETING,MEDIUM,0.537
T000002029,A002381,2025-11-05,C003,OLD_TARGETING,HIGH,0.213
T000002030,A002531,2025-11-18,C003,OLD_TARGETING,MEDIUM,0.949
T000002031,A002809,2025-11-16,C003,OLD_TARGETING,MEDIUM,0.652
T000002032,A002703,2025-11-06,C003,OLD_TARGETING,LOW,0.655
T000002033,A003376,2025-11-27,C003,OLD_TARGETING,MEDIUM,0.554
T000002034,A000462,2025-11-04,C003,OLD_TARGETING,HIGH,0.523
T000002035,A002284,2025-11-17,C003,OLD_TARGETING,MEDIUM,0.196
T000002036,A001808,2025-11-06,C003,OLD_TARGETING,MEDIUM,0.954
T000002037,A001480,2025-11-26,C003,OLD_TARGETING,HIGH,0.324
T000002038,A003301,2025-11-26,C003,OLD_TARGETING,MEDIUM,0.601
T000002039,A000747,2025-11-12,C003,OLD_TARGETING,MEDIUM,0.414
T000002040,A001239,2025-11-20,C003,OLD_TARGETING,HIGH,0.609
T000002041,A000853,2025-11-24,C003,OLD_TARGETING,MEDIUM,0.858
T000002042,A001852,2025-11-26,C003,OLD_TARGETING,HIGH,0.318
T000002043,A002183,2025-11-16,C003,OLD_TARGETING,MEDIUM,0.27
T000002044,A000735,2025-11-24,C003,OLD_TARGETING,HIGH,0.251
T000002045,A001547,2025-11-16,C003,OLD_TARGETING,MEDIUM,0.11
T000002046,A000511,2025-11-01,C003,OLD_TARGETING,HIGH,0.762
T000002047,A002563,2025-11-07,C003,OLD_TARGETING,MEDIUM,0.891
T000002048,A001270,2025-11-02,C003,OLD_TARGETING,LOW,0.513
T000002049,A002109,2025-11-12,C003,OLD_TARGETING,MEDIUM,0.142
T000002050,A004127,2025-11-25,C003,OLD_TARGETING,MEDIUM,0.942
T000002051,A003410,2025-11-26,C003,OLD_TARGETING,MEDIUM,0.525
T000002052,A003524,2025-11-21,C003,OLD_TARGETING,MEDIUM,0.186
T000002053,A002328,2025-11-03,C003,OLD_TARGETING,HIGH,0.29
T000002054,A003445,2025-11-09,C003,OLD_TARGETING,LOW,0.793
T000002055,A002547,2025-11-11,C003,OLD_TARGETING,LOW,0.138
T000002056,A003011,2025-11-24,C003,OLD_TARGETING,MEDIUM,0.58
T000002057,A000271,2025-11-03,C003,OLD_TARGETING,LOW,0.906
T000002058,A001707,2025-11-14,C003,OLD_TARGETING,LOW,0.536
T000002059,A000828,2025-11-01,C003,OLD_TARGETING,MEDIUM,0.683
T000002060,A000107,2025-11-10,C003,OLD_TARGETING,MEDIUM,0.105
T000002061,A000649,2025-11-02,C003,OLD_TARGETING,LOW,0.258
T000002062,A003934,2025-11-17,C003,OLD_TARGETING,MEDIUM,0.886
T000002063,A002251,2025-11-23,C003,OLD_TARGETING,MEDIUM,0.772
T000002064,A002865,2025-11-27,C003,OLD_TARGETING,MEDIUM,0.309
T000002065,A000744,2025-11-20,C003,OLD_TARGETING,HIGH,0.857
T000002066,A000645,2025-11-06,C003,OLD_TARGETING,HIGH,0.549
T000002067,A001967,2025-11-02,C003,OLD_TARGETING,LOW,0.13
T000002068,A003916,2025-11-02,C003,OLD_TARGETING,MEDIUM,0.128
T000002069,A003980,2025-11-09,C003,OLD_TARGETING,MEDIUM,0.656
T000002070,A004162,2025-11-01,C003,OLD_TARGETING,LOW,0.789
T000002071,A001140,2025-11-07,C003,OLD_TARGETING,HIGH,0.69
T000002072,A002734,2025-11-18,C003,OLD_TARGETING,LOW,0.33
T000002073,A001078,2025-11-17,C003,OLD_TARGETING,HIGH,0.471
T000002074,A001777,2025-11-19,C003,OLD_TARGETING,MEDIUM,0.33
T000002075,A000729,2025-11-11,C003,OLD_TARGETING,LOW,0.352
T000002076,A003977,2025-11-07,C003,OLD_TARGETING,HIGH,0.548
T000002077,A001386,2025-11-20,C003,OLD_TARGETING,MEDIUM,0.846
T000002078,A003357,2025-11-06,C003,OLD_TARGETING,LOW,0.765
T000002079,A000463,2025-11-16,C003,OLD_TARGETING,HIGH,0.946
T000002080,A003934,2025-11-04,C003,OLD_TARGETING,MEDIUM,0.397
T000002081,A003966,2025-11-15,C003,OLD_TARGETING,MEDIUM,0.751
T000002082,A001061,2025-11-09,C003,OLD_TARGETING,MEDIUM,0.98
T000002083,A001404,2025-11-19,C003,OLD_TARGETING,LOW,0.104
T000002084,A001742,2025-11-14,C003,OLD_TARGETING,HIGH,0.344
T000002085,A000152,2025-11-13,C003,OLD_TARGETING,HIGH,0.222
T000002086,A000526,2025-11-20,C003,OLD_TARGETING,MEDIUM,0.119
T000002087,A003751,2025-11-16,C003,OLD_TARGETING,HIGH,0.204
T000002088,A002273,2025-11-18,C003,OLD_TARGETING,MEDIUM,0.123
T000002089,A002803,2025-11-11,C003,OLD_TARGETING,MEDIUM,0.603
T000002090,A002572,2025-11-03,C003,OLD_TARGETING,HIGH,0.449
T000002091,A004054,2025-11-02,C003,OLD_TARGETING,HIGH,0.596
T000002092,A003411,2025-11-20,C003,OLD_TARGETING,LOW,0.195
T000002093,A004058,2025-11-04,C003,OLD_TARGETING,MEDIUM,0.279
T000002094,A000034,2025-11-05,C003,OLD_TARGETING,MEDIUM,0.138
T000002095,A002283,2025-11-07,C003,OLD_TARGETING,MEDIUM,0.986
T000002096,A000106,2025-11-17,C003,OLD_TARGETING,MEDIUM,0.262
T000002097,A003671,2025-11-24,C003,OLD_TARGETING,HIGH,0.976
T000002098,A004051,2025-11-25,C003,OLD_TARGETING,MEDIUM,0.183
T000002099,A004103,2025-11-06,C003,OLD_TARGETING,MEDIUM,0.51
T000002100,A003995,2025-11-26,C003,OLD_TARGETING,LOW,0.115
T000002101,A001847,2025-11-07,C003,OLD_TARGETING,HIGH,0.659
T000002102,A001051,2025-11-07,C003,OLD_TARGETING,HIGH,0.231
T000002103,A002595,2025-11-15,C003,OLD_TARGETING,MEDIUM,0.724
T000002104,A003346,2025-11-02,C003,OLD_TARGETING,MEDIUM,0.558
T000002105,A000484,2025-11-17,C003,OLD_TARGETING,HIGH,0.936
T000002106,A003814,2025-11-12,C003,OLD_TARGETING,LOW,0.671
T000002107,A001667,2025-11-12,C003,OLD_TARGETING,HIGH,0.541
T000002108,A000220,2025-11-17,C003,OLD_TARGETING,LOW,0.122
T000002109,A003397,2025-11-22,C003,OLD_TARGETING,MEDIUM,0.813
T000002110,A003557,2025-11-26,C003,OLD_TARGETING,MEDIUM,0.61
T000002111,A001871,2025-11-21,C003,OLD_TARGETING,MEDIUM,0.192
T000002112,A002784,2025-11-11,C003,OLD_TARGETING,HIGH,0.213
T000002113,A000012,2025-11-24,C003,OLD_TARGETING,MEDIUM,0.286
T000002114,A000074,2025-11-03,C003,OLD_TARGETING,MEDIUM,0.382
T000002115,A000336,2025-11-11,C003,OLD_TARGETING,HIGH,0.78
T000002116,A001139,2025-11-03,C003,OLD_TARGETING,MEDIUM,0.186
T000002117,A002544,2025-11-13,C003,OLD_TARGETING,LOW,0.802
T000002118,A003430,2025-11-12,C003,OLD_TARGETING,MEDIUM,0.98
T000002119,A001864,2025-11-07,C003,OLD_TARGETING,LOW,0.161
T000002120,A000268,2025-11-16,C003,OLD_TARGETING,LOW,0.603
T000002121,A000976,2025-11-03,C003,OLD_TARGETING,MEDIUM,0.39
T000002122,A002098,2025-11-13,C003,OLD_TARGETING,HIGH,0.388
T000002123,A001079,2025-11-13,C003,OLD_TARGETING,HIGH,0.9
T000002124,A000412,2025-11-21,C003,OLD_TARGETING,MEDIUM,0.155
T000002125,A003089,2025-11-26,C003,OLD_TARGETING,MEDIUM,0.914
T000002126,A004059,2025-11-14,C003,OLD_TARGETING,MEDIUM,0.385
T000002127,A000904,2025-11-15,C003,OLD_TARGETING,MEDIUM,0.29
T000002128,A003241,2025-11-11,C003,OLD_TARGETING,MEDIUM,0.213
T000002129,A002569,2025-11-27,C003,OLD_TARGETING,HIGH,0.775
T000002130,A001460,2025-11-15,C003,OLD_TARGETING,HIGH,0.878
T000002131,A004034,2025-11-25,C003,OLD_TARGETING,MEDIUM,0.305
T000002132,A003980,2025-11-26,C003,OLD_TARGETING,MEDIUM,0.124
T000002133,A003261,2025-11-15,C003,OLD_TARGETING,HIGH,0.423
T000002134,A001423,2025-11-03,C003,OLD_TARGETING,MEDIUM,0.719
T000002135,A002028,2025-11-05,C003,OLD_TARGETING,LOW,0.282
T000002136,A002792,2025-11-11,C003,OLD_TARGETING,MEDIUM,0.235
T000002137,A004188,2025-11-01,C003,OLD_TARGETING,HIGH,0.243
T000002138,A000194,2025-11-25,C003,OLD_TARGETING,HIGH,0.235
T000002139,A003034,2025-11-24,C003,OLD_TARGETING,MEDIUM,0.643
T000002140,A003773,2025-11-23,C003,OLD_TARGETING,MEDIUM,0.985
T000002141,A002245,2025-11-19,C003,OLD_TARGETING,LOW,0.338
T000002142,A003235,2025-11-03,C003,OLD_TARGETING,LOW,0.229
T000002143,A004082,2025-11-04,C003,OLD_TARGETING,MEDIUM,0.368
T000002144,A002548,2025-11-04,C003,OLD_TARGETING,HIGH,0.684
T000002145,A000969,2025-11-16,C003,OLD_TARGETING,HIGH,0.519
T000002146,A003720,2025-11-06,C003,OLD_TARGETING,LOW,0.74
T000002147,A003982,2025-11-01,C003,OLD_TARGETING,HIGH,0.76
T000002148,A000316,2025-11-17,C003,OLD_TARGETING,LOW,0.338
T000002149,A001308,2025-11-06,C003,OLD_TARGETING,HIGH,0.152
T000002150,A004100,2025-11-26,C003,OLD_TARGETING,LOW,0.466
T000002151,A000673,2025-11-09,C003,OLD_TARGETING,MEDIUM,0.134
T000002152,A003959,2025-11-17,C003,OLD_TARGETING,LOW,0.677
T000002153,A003617,2025-11-26,C003,OLD_TARGETING,MEDIUM,0.505
T000002154,A002261,2025-11-26,C003,OLD_TARGETING,LOW,0.81
T000002155,A002898,2025-11-12,C003,OLD_TARGETING,MEDIUM,0.493
T000002156,A003747,2025-11-19,C003,OLD_TARGETING,HIGH,0.703
T000002157,A001703,2025-11-27,C003,OLD_TARGETING,HIGH,0.59
T000002158,A001911,2025-11-06,C003,OLD_TARGETING,MEDIUM,0.792
T000002159,A001666,2025-11-26,C003,OLD_TARGETING,MEDIUM,0.222
T000002160,A001216,2025-11-23,C003,OLD_TARGETING,MEDIUM,0.906
T000002161,A001041,2025-11-27,C003,OLD_TARGETING,MEDIUM,0.979
T000002162,A000843,2025-11-12,C003,OLD_TARGETING,LOW,0.383
T000002163,A002564,2025-11-08,C003,OLD_TARGETING,HIGH,0.172
T000002164,A003512,2025-11-11,C003,OLD_TARGETING,HIGH,0.81
T000002165,A001024,2025-11-16,C003,OLD_TARGETING,MEDIUM,0.319
T000002166,A003183,2025-11-12,C003,OLD_TARGETING,MEDIUM,0.195
T000002167,A004027,2025-11-01,C003,OLD_TARGETING,LOW,0.444
T000002168,A001271,2025-11-25,C003,OLD_TARGETING,LOW,0.842
T000002169,A001799,2025-11-21,C003,OLD_TARGETING,MEDIUM,0.283
T000002170,A003091,2025-11-20,C003,OLD_TARGETING,LOW,0.941
T000002171,A000436,2025-11-14,C003,OLD_TARGETING,LOW,0.353
T000002172,A003882,2025-11-16,C003,OLD_TARGETING,MEDIUM,0.957
T000002173,A003507,2025-11-09,C003,OLD_TARGETING,MEDIUM,0.544
T000002174,A003798,2025-11-11,C003,OLD_TARGETING,MEDIUM,0.952
T000002175,A003697,2025-11-12,C003,OLD_TARGETING,LOW,0.864
T000002176,A002426,2025-11-18,C003,OLD_TARGETING,HIGH,0.837
T000002177,A001232,2025-11-27,C003,OLD_TARGETING,MEDIUM,0.346
T000002178,A003161,2025-11-15,C003,OLD_TARGETING,HIGH,0.929
T000002179,A004126,2025-11-03,C003,OLD_TARGETING,MEDIUM,0.316
T000002180,A002089,2025-11-06,C003,OLD_TARGETING,HIGH,0.343
T000002181,A002912,2025-11-21,C003,OLD_TARGETING,MEDIUM,0.783
T000002182,A003062,2025-11-14,C003,OLD_TARGETING,HIGH,0.128
T000002183,A000653,2025-11-12,C003,OLD_TARGETING,MEDIUM,0.891
T000002184,A003942,2025-11-06,C003,OLD_TARGETING,HIGH,0.673
T000002185,A000155,2025-11-11,C003,OLD_TARGETING,HIGH,0.602
T000002186,A000121,2025-11-18,C003,OLD_TARGETING,MEDIUM,0.557
T000002187,A001830,2025-11-19,C003,OLD_TARGETING,LOW,0.804
T000002188,A002028,2025-11-15,C003,OLD_TARGETING,LOW,0.984
T000002189,A002129,2025-11-17,C003,OLD_TARGETING,MEDIUM,0.789
T000002190,A002732,2025-11-04,C003,OLD_TARGETING,MEDIUM,0.174
T000002191,A001860,2025-11-21,C003,OLD_TARGETING,LOW,0.846
T000002192,A002665,2025-11-09,C003,OLD_TARGETING,LOW,0.499
T000002193,A000780,2025-11-03,C003,OLD_TARGETING,HIGH,0.345
T000002194,A002115,2025-11-02,C003,OLD_TARGETING,LOW,0.126
T000002195,A003006,2025-11-05,C003,OLD_TARGETING,HIGH,0.546
T000002196,A003348,2025-11-22,C003,OLD_TARGETING,MEDIUM,0.789
T000002197,A001849,2025-11-06,C003,OLD_TARGETING,HIGH,0.267
T000002198,A002085,2025-11-17,C003,OLD_TARGETING,MEDIUM,0.947
T000002199,A001809,2025-11-15,C003,OLD_TARGETING,HIGH,0.405
T000002200,A003965,2025-11-27,C003,OLD_TARGETING,MEDIUM,0.233
T000002201,A001356,2025-11-18,C003,OLD_TARGETING,HIGH,0.466
T000002202,A000605,2025-11-01,C003,OLD_TARGETING,HIGH,0.528
T000002203,A000463,2025-11-08,C003,OLD_TARGETING,LOW,0.63
T000002204,A000601,2025-11-22,C003,OLD_TARGETING,MEDIUM,0.759
T000002205,A000974,2025-11-10,C003,OLD_TARGETING,HIGH,0.252
T000002206,A002655,2025-11-03,C003,OLD_TARGETING,MEDIUM,0.694
T000002207,A004168,2025-11-10,C003,OLD_TARGETING,HIGH,0.831
T000002208,A002997,2025-11-09,C003,OLD_TARGETING,HIGH,0.525
T000002209,A002432,2025-11-16,C003,OLD_TARGETING,MEDIUM,0.345
T000002210,A000819,2025-11-06,C003,OLD_TARGETING,LOW,0.783
T000002211,A001753,2025-11-18,C003,OLD_TARGETING,LOW,0.808
T000002212,A003796,2025-11-14,C003,OLD_TARGETING,MEDIUM,0.482
T000002213,A001735,2025-11-22,C003,OLD_TARGETING,MEDIUM,0.695
T000002214,A002288,2025-11-11,C003,OLD_TARGETING,MEDIUM,0.522
T000002215,A003781,2025-11-14,C003,OLD_TARGETING,MEDIUM,0.854
T000002216,A000984,2025-11-10,C003,OLD_TARGETING,LOW,0.789
T000002217,A002972,2025-11-12,C003,OLD_TARGETING,HIGH,0.98
T000002218,A002668,2025-11-05,C003,OLD_TARGETING,LOW,0.239
T000002219,A001176,2025-11-16,C003,OLD_TARGETING,LOW,0.421
T000002220,A004116,2025-11-10,C003,OLD_TARGETING,MEDIUM,0.806
T000002221,A002692,2025-11-01,C003,OLD_TARGETING,LOW,0.953
T000002222,A000309,2025-11-18,C003,OLD_TARGETING,MEDIUM,0.697
T000002223,A003084,2025-11-11,C003,OLD_TARGETING,MEDIUM,0.767
T000002224,A002569,2025-11-02,C003,OLD_TARGETING,MEDIUM,0.287
T000002225,A004072,2025-11-01,C003,OLD_TARGETING,LOW,0.645
T000002226,A000775,2025-11-07,C003,OLD_TARGETING,LOW,0.972
T000002227,A002992,2025-11-04,C003,OLD_TARGETING,MEDIUM,0.201
T000002228,A004108,2025-11-12,C003,OLD_TARGETING,HIGH,0.957
T000002229,A000567,2025-11-04,C003,OLD_TARGETING,MEDIUM,0.74
T000002230,A000330,2025-11-03,C003,OLD_TARGETING,LOW,0.759
T000002231,A003015,2025-11-26,C003,OLD_TARGETING,HIGH,0.202
T000002232,A001549,2025-11-13,C003,OLD_TARGETING,MEDIUM,0.569
T000002233,A000543,2025-11-23,C003,OLD_TARGETING,MEDIUM,0.473
T000002234,A001201,2025-11-25,C003,OLD_TARGETING,MEDIUM,0.865
T000002235,A000916,2025-11-25,C003,OLD_TARGETING,MEDIUM,0.577
T000002236,A000994,2025-11-08,C003,OLD_TARGETING,HIGH,0.959
T000002237,A003583,2025-11-10,C003,OLD_TARGETING,LOW,0.135
T000002238,A002984,2025-11-24,C003,OLD_TARGETING,MEDIUM,0.116
T000002239,A001681,2025-11-26,C003,OLD_TARGETING,HIGH,0.537
T000002240,A000736,2025-11-18,C003,OLD_TARGETING,MEDIUM,0.559
T000002241,A001416,2025-11-26,C003,OLD_TARGETING,MEDIUM,0.209
T000002242,A003216,2025-11-27,C003,OLD_TARGETING,LOW,0.321
T000002243,A001764,2025-11-24,C003,OLD_TARGETING,LOW,0.757
T000002244,A001441,2025-11-15,C003,OLD_TARGETING,MEDIUM,0.909
T000002245,A000231,2025-11-05,C003,OLD_TARGETING,HIGH,0.145
T000002246,A001471,2025-11-05,C003,OLD_TARGETING,MEDIUM,0.127
T000002247,A001400,2025-11-20,C003,OLD_TARGETING,HIGH,0.844
T000002248,A000329,2025-11-04,C003,OLD_TARGETING,HIGH,0.169
T000002249,A003943,2025-11-18,C003,OLD_TARGETING,MEDIUM,0.709
T000002250,A001259,2025-11-20,C003,OLD_TARGETING,MEDIUM,0.608
T000002251,A003434,2025-11-06,C003,OLD_TARGETING,MEDIUM,0.742
T000002252,A000478,2025-11-20,C003,OLD_TARGETING,HIGH,0.172
T000002253,A003051,2025-11-11,C003,OLD_TARGETING,MEDIUM,0.536
T000002254,A002552,2025-11-01,C003,OLD_TARGETING,LOW,0.406
T000002255,A001482,2025-11-17,C003,OLD_TARGETING,MEDIUM,0.261
T000002256,A002464,2025-11-01,C003,OLD_TARGETING,HIGH,0.721
T000002257,A000803,2025-11-19,C003,OLD_TARGETING,MEDIUM,0.171
T000002258,A001930,2025-11-01,C003,OLD_TARGETING,HIGH,0.151
T000002259,A002918,2025-11-24,C003,OLD_TARGETING,HIGH,0.58
T000002260,A001009,2025-11-26,C003,OLD_TARGETING,MEDIUM,0.492
T000002261,A002674,2025-11-07,C003,OLD_TARGETING,HIGH,0.315
T000002262,A003627,2025-11-09,C003,OLD_TARGETING,HIGH,0.903
T000002263,A002901,2025-11-18,C003,OLD_TARGETING,MEDIUM,0.466
T000002264,A001254,2025-11-05,C003,OLD_TARGETING,MEDIUM,0.605
T000002265,A001706,2025-11-02,C003,OLD_TARGETING,HIGH,0.806
T000002266,A001936,2025-11-06,C003,OLD_TARGETING,LOW,0.594
T000002267,A001323,2025-11-08,C003,OLD_TARGETING,LOW,0.934
T000002268,A001349,2025-11-05,C003,OLD_TARGETING,MEDIUM,0.968
T000002269,A004198,2025-11-08,C003,OLD_TARGETING,MEDIUM,0.318
T000002270,A002908,2025-11-11,C003,OLD_TARGETING,HIGH,0.909
T000002271,A001654,2025-11-11,C003,OLD_TARGETING,HIGH,0.229
T000002272,A003693,2025-11-08,C003,OLD_TARGETING,HIGH,0.201
T000002273,A003694,2025-11-08,C003,OLD_TARGETING,HIGH,0.691
T000002274,A003997,2025-11-12,C003,OLD_TARGETING,MEDIUM,0.237
T000002275,A001518,2025-11-17,C003,OLD_TARGETING,MEDIUM,0.483
T000002276,A000128,2025-11-13,C003,OLD_TARGETING,LOW,0.553
T000002277,A003392,2025-11-27,C003,OLD_TARGETING,MEDIUM,0.254
T000002278,A001214,2025-11-16,C003,OLD_TARGETING,HIGH,0.907
T000002279,A004036,2025-11-15,C003,OLD_TARGETING,MEDIUM,0.305
T000002280,A001626,2025-11-20,C003,OLD_TARGETING,MEDIUM,0.413
T000002281,A001197,2025-11-04,C003,OLD_TARGETING,MEDIUM,0.513
T000002282,A000354,2025-11-11,C003,OLD_TARGETING,MEDIUM,0.429
T000002283,A003488,2025-11-22,C003,OLD_TARGETING,MEDIUM,0.81
T000002284,A004006,2025-11-27,C003,OLD_TARGETING,MEDIUM,0.235
T000002285,A001669,2025-11-16,C003,OLD_TARGETING,HIGH,0.899
T000002286,A003191,2025-11-24,C003,OLD_TARGETING,MEDIUM,0.213
T000002287,A000050,2025-11-25,C003,OLD_TARGETING,HIGH,0.654
T000002288,A001834,2025-11-03,C003,OLD_TARGETING,HIGH,0.136
T000002289,A002101,2025-11-07,C003,OLD_TARGETING,MEDIUM,0.735
T000002290,A001245,2025-11-11,C003,OLD_TARGETING,MEDIUM,0.134
T000002291,A003329,2025-11-09,C003,OLD_TARGETING,LOW,0.494
T000002292,A003345,2025-11-23,C003,OLD_TARGETING,HIGH,0.203
T000002293,A000577,2025-11-19,C003,OLD_TARGETING,MEDIUM,0.911
T000002294,A003542,2025-11-16,C003,OLD_TARGETING,HIGH,0.499
T000002295,A002478,2025-11-09,C003,OLD_TARGETING,MEDIUM,0.346
T000002296,A003129,2025-11-07,C003,OLD_TARGETING,LOW,0.858
T000002297,A003254,2025-11-11,C003,OLD_TARGETING,LOW,0.391
T000002298,A003407,2025-11-08,C003,OLD_TARGETING,MEDIUM,0.227
T000002299,A003736,2025-11-17,C003,OLD_TARGETING,HIGH,0.56
T000002300,A000533,2025-11-01,C003,OLD_TARGETING,MEDIUM,0.605
T000002301,A003911,2025-11-22,C003,OLD_TARGETING,MEDIUM,0.738
T000002302,A002752,2025-11-22,C003,OLD_TARGETING,HIGH,0.226
T000002303,A003741,2025-11-20,C003,OLD_TARGETING,MEDIUM,0.581
T000002304,A002354,2025-11-01,C003,OLD_TARGETING,HIGH,0.951
T000002305,A000021,2025-11-04,C003,OLD_TARGETING,HIGH,0.556
T000002306,A001059,2025-11-09,C003,OLD_TARGETING,MEDIUM,0.113
T000002307,A002950,2025-11-25,C003,OLD_TARGETING,MEDIUM,0.863
T000002308,A002074,2025-11-16,C003,OLD_TARGETING,HIGH,0.81
T000002309,A002518,2025-11-17,C003,OLD_TARGETING,LOW,0.976
T000002310,A001418,2025-11-07,C003,OLD_TARGETING,LOW,0.9
T000002311,A001702,2025-11-02,C003,OLD_TARGETING,MEDIUM,0.976
T000002312,A003908,2025-11-15,C003,OLD_TARGETING,LOW,0.227
T000002313,A002371,2025-11-03,C003,OLD_TARGETING,HIGH,0.265
T000002314,A001633,2025-11-09,C003,OLD_TARGETING,LOW,0.586
T000002315,A003205,2025-11-19,C003,OLD_TARGETING,MEDIUM,0.512
T000002316,A002931,2025-11-01,C003,OLD_TARGETING,HIGH,0.867
T000002317,A001535,2025-11-20,C003,OLD_TARGETING,MEDIUM,0.528
T000002318,A003652,2025-11-12,C003,OLD_TARGETING,LOW,0.406
T000002319,A000507,2025-11-22,C003,OLD_TARGETING,LOW,0.286
T000002320,A000795,2025-11-24,C003,OLD_TARGETING,MEDIUM,0.239
T000002321,A000147,2025-11-21,C003,OLD_TARGETING,MEDIUM,0.454
T000002322,A003973,2025-11-27,C003,OLD_TARGETING,HIGH,0.534
T000002323,A003778,2025-11-06,C003,OLD_TARGETING,LOW,0.397
T000002324,A003362,2025-11-18,C003,OLD_TARGETING,HIGH,0.652
T000002325,A001821,2025-11-02,C003,OLD_TARGETING,HIGH,0.751
T000002326,A000754,2025-11-23,C003,OLD_TARGETING,MEDIUM,0.507
T000002327,A000080,2025-11-14,C003,OLD_TARGETING,MEDIUM,0.497
T000002328,A000408,2025-11-03,C003,OLD_TARGETING,MEDIUM,0.432
T000002329,A003875,2025-11-09,C003,OLD_TARGETING,LOW,0.457
T000002330,A003907,2025-11-03,C003,OLD_TARGETING,LOW,0.747
T000002331,A002886,2025-11-22,C003,OLD_TARGETING,MEDIUM,0.303
T000002332,A000080,2025-11-08,C003,OLD_TARGETING,HIGH,0.789
T000002333,A001062,2025-11-02,C003,OLD_TARGETING,MEDIUM,0.716
T000002334,A001411,2025-11-17,C003,OLD_TARGETING,MEDIUM,0.18
T000002335,A003554,2025-11-08,C003,OLD_TARGETING,MEDIUM,0.22
T000002336,A001884,2025-11-23,C003,OLD_TARGETING,LOW,0.944
T000002337,A001654,2025-11-12,C003,OLD_TARGETING,LOW,0.625
T000002338,A000698,2025-11-11,C003,OLD_TARGETING,HIGH,0.934
T000002339,A003541,2025-11-04,C003,OLD_TARGETING,MEDIUM,0.114
T000002340,A001815,2025-11-10,C003,OLD_TARGETING,MEDIUM,0.266
T000002341,A003046,2025-11-21,C003,OLD_TARGETING,LOW,0.735
T000002342,A000552,2025-11-17,C003,OLD_TARGETING,LOW,0.394
T000002343,A002181,2025-11-09,C003,OLD_TARGETING,MEDIUM,0.41
T000002344,A003685,2025-11-14,C003,OLD_TARGETING,HIGH,0.443
T000002345,A004032,2025-11-07,C003,OLD_TARGETING,HIGH,0.353
T000002346,A001231,2025-11-15,C003,OLD_TARGETING,LOW,0.397
T000002347,A001079,2025-11-09,C003,OLD_TARGETING,HIGH,0.678
T000002348,A000785,2025-11-18,C003,OLD_TARGETING,HIGH,0.44
T000002349,A000250,2025-11-26,C003,OLD_TARGETING,MEDIUM,0.16
T000002350,A003966,2025-11-08,C003,OLD_TARGETING,MEDIUM,0.108
T000002351,A002298,2025-11-06,C003,OLD_TARGETING,MEDIUM,0.863
T000002352,A000989,2025-11-24,C003,OLD_TARGETING,LOW,0.529
T000002353,A002433,2025-11-25,C003,OLD_TARGETING,MEDIUM,0.481
T000002354,A003498,2025-11-05,C003,OLD_TARGETING,HIGH,0.608
T000002355,A002178,2025-11-14,C003,OLD_TARGETING,MEDIUM,0.301
T000002356,A001634,2025-11-19,C003,OLD_TARGETING,LOW,0.774
T000002357,A002416,2025-11-02,C003,OLD_TARGETING,HIGH,0.864
T000002358,A000187,2025-11-11,C003,OLD_TARGETING,LOW,0.806
T000002359,A003283,2025-11-25,C003,OLD_TARGETING,HIGH,0.171
T000002360,A002228,2025-11-07,C003,OLD_TARGETING,MEDIUM,0.774
T000002361,A001190,2025-11-25,C003,OLD_TARGETING,HIGH,0.817
T000002362,A003977,2025-11-22,C003,OLD_TARGETING,MEDIUM,0.306
T000002363,A000744,2025-11-18,C003,OLD_TARGETING,HIGH,0.558
T000002364,A002739,2025-11-12,C003,OLD_TARGETING,HIGH,0.5
T000002365,A002967,2025-11-12,C003,OLD_TARGETING,MEDIUM,0.764
T000002366,A002199,2025-11-26,C003,OLD_TARGETING,MEDIUM,0.332
T000002367,A003844,2025-11-27,C003,OLD_TARGETING,MEDIUM,0.217
T000002368,A001740,2025-11-07,C003,OLD_TARGETING,HIGH,0.714
T000002369,A001349,2025-11-19,C003,OLD_TARGETING,MEDIUM,0.555
T000002370,A000605,2025-11-17,C003,OLD_TARGETING,HIGH,0.739
T000002371,A001862,2025-11-03,C003,OLD_TARGETING,LOW,0.2
T000002372,A001833,2025-11-02,C003,OLD_TARGETING,LOW,0.119
T000002373,A002203,2025-11-05,C003,OLD_TARGETING,LOW,0.844
T000002374,A004114,2025-11-01,C003,OLD_TARGETING,MEDIUM,0.533
T000002375,A003212,2025-11-07,C003,OLD_TARGETING,LOW,0.482
T000002376,A000917,2025-11-26,C003,OLD_TARGETING,MEDIUM,0.782
T000002377,A000902,2025-11-24,C003,OLD_TARGETING,HIGH,0.407
T000002378,A001889,2025-11-06,C003,OLD_TARGETING,MEDIUM,0.788
T000002379,A003411,2025-11-27,C003,OLD_TARGETING,MEDIUM,0.698
T000002380,A003827,2025-11-10,C003,OLD_TARGETING,HIGH,0.944
T000002381,A000980,2025-11-23,C003,OLD_TARGETING,LOW,0.305
T000002382,A003620,2025-11-01,C003,OLD_TARGETING,MEDIUM,0.47
T000002383,A003685,2025-11-16,C003,OLD_TARGETING,MEDIUM,0.543
T000002384,A001013,2025-11-22,C003,OLD_TARGETING,HIGH,0.541
T000002385,A000040,2025-11-22,C003,OLD_TARGETING,MEDIUM,0.48
T000002386,A001553,2025-11-07,C003,OLD_TARGETING,HIGH,0.514
T000002387,A001372,2025-11-25,C003,OLD_TARGETING,HIGH,0.384
T000002388,A002680,2025-11-19,C003,OLD_TARGETING,LOW,0.533
T000002389,A003118,2025-11-14,C003,OLD_TARGETING,HIGH,0.397
T000002390,A001922,2025-11-12,C003,OLD_TARGETING,LOW,0.591
T000002391,A003131,2025-11-26,C003,OLD_TARGETING,MEDIUM,0.729
T000002392,A001362,2025-11-15,C003,OLD_TARGETING,LOW,0.566
T000002393,A002545,2025-11-08,C003,OLD_TARGETING,LOW,0.707
T000002394,A000138,2025-11-16,C003,OLD_TARGETING,MEDIUM,0.474
T000002395,A002652,2025-11-03,C003,OLD_TARGETING,MEDIUM,0.805
T000002396,A001475,2025-11-03,C003,OLD_TARGETING,MEDIUM,0.457
T000002397,A001657,2025-11-13,C003,OLD_TARGETING,LOW,0.473
T000002398,A003385,2025-11-18,C003,OLD_TARGETING,LOW,0.969
T000002399,A002556,2025-11-08,C003,OLD_TARGETING,MEDIUM,0.703
T000002400,A002823,2025-11-13,C003,OLD_TARGETING,HIGH,0.362
T000002401,A000800,2025-11-14,C003,OLD_TARGETING,MEDIUM,0.879
T000002402,A002740,2025-11-02,C003,OLD_TARGETING,HIGH,0.962
T000002403,A004070,2025-11-20,C003,OLD_TARGETING,LOW,0.639
T000002404,A003530,2025-11-03,C003,OLD_TARGETING,HIGH,0.28
T000002405,A004009,2025-11-23,C003,OLD_TARGETING,LOW,0.682
T000002406,A002711,2025-11-01,C003,OLD_TARGETING,LOW,0.487
T000002407,A002077,2025-11-27,C003,OLD_TARGETING,MEDIUM,0.427
T000002408,A002791,2025-11-04,C003,OLD_TARGETING,LOW,0.296
T000002409,A001448,2025-11-02,C003,OLD_TARGETING,MEDIUM,0.288
T000002410,A001602,2025-11-21,C003,OLD_TARGETING,HIGH,0.627
T000002411,A002314,2025-11-25,C003,OLD_TARGETING,MEDIUM,0.887
T000002412,A003419,2025-11-27,C003,OLD_TARGETING,HIGH,0.867
T000002413,A003930,2025-11-27,C003,OLD_TARGETING,MEDIUM,0.261
T000002414,A004176,2025-11-21,C003,OLD_TARGETING,LOW,0.682
T000002415,A000938,2025-11-24,C003,OLD_TARGETING,LOW,0.179
T000002416,A001361,2025-11-06,C003,OLD_TARGETING,LOW,0.843
T000002417,A001783,2025-11-08,C003,OLD_TARGETING,LOW,0.134
T000002418,A000968,2025-11-25,C003,OLD_TARGETING,MEDIUM,0.482
T000002419,A001849,2025-11-13,C003,OLD_TARGETING,MEDIUM,0.667
T000002420,A004097,2025-11-16,C003,OLD_TARGETING,MEDIUM,0.232
T000002421,A000066,2025-11-06,C003,OLD_TARGETING,MEDIUM,0.481
T000002422,A002745,2025-11-08,C003,OLD_TARGETING,HIGH,0.862
T000002423,A001080,2025-11-23,C003,OLD_TARGETING,MEDIUM,0.305
T000002424,A001875,2025-11-08,C003,OLD_TARGETING,MEDIUM,0.788
T000002425,A003900,2025-11-09,C003,OLD_TARGETING,LOW,0.358
T000002426,A001974,2025-11-22,C003,OLD_TARGETING,HIGH,0.33
T000002427,A000826,2025-11-06,C003,OLD_TARGETING,HIGH,0.496
T000002428,A003420,2025-11-22,C003,OLD_TARGETING,LOW,0.202
T000002429,A001746,2025-11-13,C003,OLD_TARGETING,HIGH,0.64
T000002430,A001770,2025-11-22,C003,OLD_TARGETING,LOW,0.173
T000002431,A002595,2025-11-20,C003,OLD_TARGETING,MEDIUM,0.902
T000002432,A003842,2025-11-20,C003,OLD_TARGETING,LOW,0.339
T000002433,A000696,2025-11-03,C003,OLD_TARGETING,MEDIUM,0.561
T000002434,A001626,2025-11-03,C003,OLD_TARGETING,MEDIUM,0.321
T000002435,A000509,2025-11-09,C003,OLD_TARGETING,HIGH,0.335
T000002436,A003436,2025-11-06,C003,OLD_TARGETING,LOW,0.275
T000002437,A000041,2025-11-17,C003,OLD_TARGETING,MEDIUM,0.323
T000002438,A003573,2025-11-23,C003,OLD_TARGETING,MEDIUM,0.342
T000002439,A001875,2025-11-20,C003,OLD_TARGETING,LOW,0.615
T000002440,A002138,2025-11-27,C003,OLD_TARGETING,MEDIUM,0.542
T000002441,A001975,2025-11-24,C003,OLD_TARGETING,MEDIUM,0.184
T000002442,A003138,2025-11-02,C003,OLD_TARGETING,MEDIUM,0.676
T000002443,A002268,2025-11-18,C003,OLD_TARGETING,LOW,0.927
T000002444,A002413,2025-11-25,C003,OLD_TARGETING,MEDIUM,0.438
T000002445,A001571,2025-11-03,C003,OLD_TARGETING,HIGH,0.72
T000002446,A000184,2025-11-05,C003,OLD_TARGETING,MEDIUM,0.814
T000002447,A003934,2025-11-03,C003,OLD_TARGETING,LOW,0.9
T000002448,A000989,2025-11-15,C003,OLD_TARGETING,MEDIUM,0.431
T000002449,A004196,2025-11-09,C003,OLD_TARGETING,HIGH,0.354
T000002450,A002753,2025-11-07,C003,OLD_TARGETING,MEDIUM,0.304
T000002451,A002403,2025-11-13,C003,OLD_TARGETING,MEDIUM,0.118
T000002452,A001150,2025-11-01,C003,OLD_TARGETING,HIGH,0.206
T000002453,A001060,2025-11-24,C003,OLD_TARGETING,HIGH,0.972
T000002454,A003319,2025-11-21,C003,OLD_TARGETING,MEDIUM,0.99
T000002455,A002906,2025-11-25,C003,OLD_TARGETING,MEDIUM,0.24
T000002456,A000180,2025-11-05,C003,OLD_TARGETING,LOW,0.743
T000002457,A001444,2025-11-09,C003,OLD_TARGETING,MEDIUM,0.909
T000002458,A002952,2025-11-17,C003,OLD_TARGETING,MEDIUM,0.443
T000002459,A002554,2025-11-20,C003,OLD_TARGETING,MEDIUM,0.437
T000002460,A004008,2025-11-16,C003,OLD_TARGETING,LOW,0.324
T000002461,A002845,2025-11-18,C003,OLD_TARGETING,LOW,0.849
T000002462,A001121,2025-11-06,C003,OLD_TARGETING,LOW,0.169
T000002463,A001637,2025-11-19,C003,OLD_TARGETING,HIGH,0.861
T000002464,A001821,2025-11-02,C003,OLD_TARGETING,MEDIUM,0.859
T000002465,A001203,2025-11-18,C003,OLD_TARGETING,HIGH,0.774
T000002466,A002672,2025-11-24,C003,OLD_TARGETING,MEDIUM,0.733
T000002467,A003421,2025-11-07,C003,OLD_TARGETING,MEDIUM,0.724
T000002468,A000970,2025-11-19,C003,OLD_TARGETING,LOW,0.304
T000002469,A002966,2025-11-12,C003,OLD_TARGETING,MEDIUM,0.798
T000002470,A000525,2025-11-20,C003,OLD_TARGETING,MEDIUM,0.469
T000002471,A003414,2025-11-04,C003,OLD_TARGETING,HIGH,0.326
T000002472,A003979,2025-11-24,C003,OLD_TARGETING,MEDIUM,0.896
T000002473,A002375,2025-11-18,C003,OLD_TARGETING,HIGH,0.712
T000002474,A002225,2025-11-09,C003,OLD_TARGETING,LOW,0.685
T000002475,A002240,2025-11-17,C003,OLD_TARGETING,LOW,0.591
T000002476,A003541,2025-11-23,C003,OLD_TARGETING,LOW,0.199
T000002477,A001565,2025-11-18,C003,OLD_TARGETING,HIGH,0.101
T000002478,A004070,2025-11-19,C003,OLD_TARGETING,LOW,0.316
T000002479,A003510,2025-11-20,C003,OLD_TARGETING,MEDIUM,0.158
T000002480,A000528,2025-11-11,C003,OLD_TARGETING,MEDIUM,0.734
T000002481,A003089,2025-11-07,C003,OLD_TARGETING,HIGH,0.11
T000002482,A002901,2025-11-21,C003,OLD_TARGETING,HIGH,0.684
T000002483,A002139,2025-11-23,C003,OLD_TARGETING,MEDIUM,0.961
T000002484,A001062,2025-11-22,C003,OLD_TARGETING,MEDIUM,0.779
T000002485,A003933,2025-11-16,C003,OLD_TARGETING,MEDIUM,0.535
T000002486,A003910,2025-11-20,C003,OLD_TARGETING,HIGH,0.945
T000002487,A003943,2025-11-15,C003,OLD_TARGETING,LOW,0.847
T000002488,A001415,2025-11-17,C003,OLD_TARGETING,MEDIUM,0.223
T000002489,A003276,2025-11-10,C003,OLD_TARGETING,LOW,0.117
T000002490,A003160,2025-11-04,C003,OLD_TARGETING,HIGH,0.351
T000002491,A000293,2025-11-23,C003,OLD_TARGETING,MEDIUM,0.837
T000002492,A003833,2025-11-13,C003,OLD_TARGETING,HIGH,0.122
T000002493,A000348,2025-11-21,C003,OLD_TARGETING,HIGH,0.933
T000002494,A000759,2025-11-26,C003,OLD_TARGETING,LOW,0.495
T000002495,A002365,2025-11-05,C003,OLD_TARGETING,MEDIUM,0.304
T000002496,A002005,2025-11-10,C003,OLD_TARGETING,MEDIUM,0.573
T000002497,A002131,2025-11-08,C003,OLD_TARGETING,MEDIUM,0.751
T000002498,A000045,2025-11-22,C003,OLD_TARGETING,LOW,0.153
T000002499,A002031,2025-11-04,C003,OLD_TARGETING,LOW,0.377
T000002500,A003739,2025-11-22,C003,OLD_TARGETING,HIGH,0.382
T000002501,A000063,2025-11-12,C003,OLD_TARGETING,LOW,0.282
T000002502,A001984,2025-11-22,C003,OLD_TARGETING,HIGH,0.596
T000002503,A002738,2025-11-03,C003,OLD_TARGETING,MEDIUM,0.222
T000002504,A002231,2025-11-16,C003,OLD_TARGETING,MEDIUM,0.506
T000002505,A002935,2025-11-08,C003,OLD_TARGETING,LOW,0.366
T000002506,A000523,2025-11-02,C003,OLD_TARGETING,MEDIUM,0.907
T000002507,A001423,2025-11-18,C003,OLD_TARGETING,LOW,0.269
T000002508,A000476,2025-11-24,C003,OLD_TARGETING,LOW,0.289
T000002509,A003608,2025-11-01,C003,OLD_TARGETING,HIGH,0.562
T000002510,A002797,2025-11-08,C003,OLD_TARGETING,LOW,0.739
T000002511,A001265,2025-11-08,C003,OLD_TARGETING,LOW,0.171
T000002512,A002175,2025-11-14,C003,OLD_TARGETING,LOW,0.716
T000002513,A001217,2025-11-15,C003,OLD_TARGETING,HIGH,0.434
T000002514,A001219,2025-11-22,C003,OLD_TARGETING,MEDIUM,0.86
T000002515,A003910,2025-11-03,C003,OLD_TARGETING,LOW,0.497
T000002516,A001599,2025-11-24,C003,OLD_TARGETING,HIGH,0.562
T000002517,A000736,2025-11-13,C003,OLD_TARGETING,HIGH,0.538
T000002518,A000453,2025-11-15,C003,OLD_TARGETING,HIGH,0.33
T000002519,A000532,2025-11-01,C003,OLD_TARGETING,LOW,0.375
T000002520,A000858,2025-11-24,C003,OLD_TARGETING,MEDIUM,0.408
T000002521,A001798,2025-11-02,C003,OLD_TARGETING,HIGH,0.982
T000002522,A004172,2025-11-13,C003,OLD_TARGETING,LOW,0.877
T000002523,A001816,2025-11-14,C003,OLD_TARGETING,HIGH,0.489
T000002524,A002944,2025-11-18,C003,OLD_TARGETING,MEDIUM,0.38
T000002525,A002478,2025-11-05,C003,OLD_TARGETING,MEDIUM,0.355
T000002526,A001796,2025-11-23,C003,OLD_TARGETING,LOW,0.734
T000002527,A001977,2025-11-12,C003,OLD_TARGETING,LOW,0.743
T000002528,A002977,2025-11-23,C003,OLD_TARGETING,LOW,0.56
T000002529,A000270,2025-11-07,C003,OLD_TARGETING,MEDIUM,0.508
T000002530,A000769,2025-11-27,C003,OLD_TARGETING,MEDIUM,0.844
T000002531,A003550,2025-11-27,C003,OLD_TARGETING,LOW,0.369
T000002532,A004070,2025-11-01,C003,OLD_TARGETING,HIGH,0.24
T000002533,A001645,2025-11-14,C003,OLD_TARGETING,HIGH,0.838
T000002534,A000527,2025-11-21,C003,OLD_TARGETING,HIGH,0.286
T000002535,A000862,2025-11-20,C003,OLD_TARGETING,HIGH,0.217
T000002536,A000540,2025-11-05,C003,OLD_TARGETING,LOW,0.209
T000002537,A000744,2025-11-04,C003,OLD_TARGETING,MEDIUM,0.902
T000002538,A002311,2025-11-20,C003,OLD_TARGETING,LOW,0.908
T000002539,A000901,2025-11-20,C003,OLD_TARGETING,HIGH,0.487
T000002540,A002118,2025-11-04,C003,OLD_TARGETING,MEDIUM,0.14
T000002541,A001212,2025-11-16,C003,OLD_TARGETING,MEDIUM,0.538
T000002542,A004064,2025-11-22,C003,OLD_TARGETING,HIGH,0.235
T000002543,A002519,2025-11-23,C003,OLD_TARGETING,MEDIUM,0.441
T000002544,A003491,2025-11-01,C003,OLD_TARGETING,MEDIUM,0.384
T000002545,A000937,2025-11-25,C003,OLD_TARGETING,LOW,0.538
T000002546,A001888,2025-11-05,C003,OLD_TARGETING,LOW,0.244
T000002547,A003874,2025-11-12,C003,OLD_TARGETING,HIGH,0.714
T000002548,A002026,2025-11-08,C003,OLD_TARGETING,HIGH,0.944
T000002549,A000663,2025-11-22,C003,OLD_TARGETING,MEDIUM,0.31
T000002550,A003147,2025-11-09,C003,OLD_TARGETING,LOW,0.765
T000002551,A003656,2025-11-25,C003,OLD_TARGETING,MEDIUM,0.818
T000002552,A000574,2025-11-23,C003,OLD_TARGETING,MEDIUM,0.193
T000002553,A002294,2025-11-12,C003,OLD_TARGETING,MEDIUM,0.193
T000002554,A000391,2025-11-16,C003,OLD_TARGETING,HIGH,0.727
T000002555,A003476,2025-11-25,C003,OLD_TARGETING,LOW,0.856
T000002556,A001280,2025-11-14,C003,OLD_TARGETING,LOW,0.914
T000002557,A001058,2025-11-27,C003,OLD_TARGETING,MEDIUM,0.221
T000002558,A001543,2025-11-13,C003,OLD_TARGETING,MEDIUM,0.22
T000002559,A000375,2025-11-07,C003,OLD_TARGETING,LOW,0.324
T000002560,A003257,2025-11-13,C003,OLD_TARGETING,MEDIUM,0.483
T000002561,A004091,2025-11-19,C003,OLD_TARGETING,HIGH,0.212
T000002562,A000079,2025-11-05,C003,OLD_TARGETING,MEDIUM,0.485
T000002563,A000406,2025-11-09,C003,OLD_TARGETING,HIGH,0.93
T000002564,A003254,2025-11-08,C003,OLD_TARGETING,MEDIUM,0.112
T000002565,A002385,2025-11-12,C003,OLD_TARGETING,LOW,0.642
T000002566,A000533,2025-11-26,C003,OLD_TARGETING,HIGH,0.452
T000002567,A000660,2025-11-09,C003,OLD_TARGETING,MEDIUM,0.449
T000002568,A000661,2025-11-15,C003,OLD_TARGETING,LOW,0.431
T000002569,A004059,2025-11-23,C003,OLD_TARGETING,LOW,0.48
T000002570,A000110,2025-11-14,C003,OLD_TARGETING,LOW,0.395
T000002571,A001943,2025-11-09,C003,OLD_TARGETING,HIGH,0.431
T000002572,A004101,2025-11-12,C003,OLD_TARGETING,HIGH,0.651
T000002573,A001356,2025-11-16,C003,OLD_TARGETING,HIGH,0.287
T000002574,A002729,2025-11-24,C003,OLD_TARGETING,MEDIUM,0.256
T000002575,A000375,2025-11-10,C003,OLD_TARGETING,MEDIUM,0.334
T000002576,A001171,2025-11-08,C003,OLD_TARGETING,MEDIUM,0.322
T000002577,A002842,2025-11-21,C003,OLD_TARGETING,MEDIUM,0.527
T000002578,A003595,2025-11-26,C003,OLD_TARGETING,HIGH,0.607
T000002579,A001959,2025-11-14,C003,OLD_TARGETING,MEDIUM,0.467
T000002580,A000096,2025-11-25,C003,OLD_TARGETING,HIGH,0.631
T000002581,A000289,2025-11-12,C003,OLD_TARGETING,MEDIUM,0.784
T000002582,A000095,2025-11-11,C003,OLD_TARGETING,MEDIUM,0.561
T000002583,A003423,2025-11-26,C003,OLD_TARGETING,MEDIUM,0.513
T000002584,A002971,2025-11-03,C003,OLD_TARGETING,LOW,0.24
T000002585,A001664,2025-11-17,C003,OLD_TARGETING,MEDIUM,0.304
T000002586,A000241,2025-11-01,C003,OLD_TARGETING,MEDIUM,0.678
T000002587,A004060,2025-11-07,C003,OLD_TARGETING,MEDIUM,0.474
T000002588,A000196,2025-11-04,C003,OLD_TARGETING,MEDIUM,0.283
T000002589,A002680,2025-11-21,C003,OLD_TARGETING,MEDIUM,0.24
T000002590,A002693,2025-11-26,C003,OLD_TARGETING,MEDIUM,0.685
T000002591,A000950,2025-11-17,C003,OLD_TARGETING,LOW,0.903
T000002592,A003618,2025-11-20,C003,OLD_TARGETING,MEDIUM,0.76
T000002593,A001633,2025-11-10,C003,OLD_TARGETING,HIGH,0.565
T000002594,A003256,2025-11-23,C003,OLD_TARGETING,MEDIUM,0.147
T000002595,A003489,2025-11-08,C003,OLD_TARGETING,MEDIUM,0.913
T000002596,A000773,2025-11-14,C003,OLD_TARGETING,MEDIUM,0.147
T000002597,A001856,2025-11-01,C003,OLD_TARGETING,MEDIUM,0.489
T000002598,A000262,2025-11-17,C003,OLD_TARGETING,MEDIUM,0.692
T000002599,A000734,2025-11-09,C003,OLD_TARGETING,HIGH,0.641
T000002600,A000851,2025-11-13,C003,OLD_TARGETING,MEDIUM,0.377
T000002601,A003872,2025-11-15,C003,OLD_TARGETING,LOW,0.445
T000002602,A000463,2025-11-08,C003,OLD_TARGETING,MEDIUM,0.654
T000002603,A000401,2025-11-12,C003,OLD_TARGETING,MEDIUM,0.405
T000002604,A003606,2025-11-06,C003,OLD_TARGETING,MEDIUM,0.168
T000002605,A004041,2025-11-01,C003,OLD_TARGETING,MEDIUM,0.868
T000002606,A001813,2025-11-22,C003,OLD_TARGETING,MEDIUM,0.364
T000002607,A002949,2025-11-21,C003,OLD_TARGETING,HIGH,0.424
T000002608,A000599,2025-11-19,C003,OLD_TARGETING,MEDIUM,0.443
T000002609,A001395,2025-11-15,C003,OLD_TARGETING,MEDIUM,0.44
T000002610,A000505,2025-11-26,C003,OLD_TARGETING,HIGH,0.524
T000002611,A001359,2025-11-18,C003,OLD_TARGETING,LOW,0.191
T000002612,A004023,2025-11-07,C003,OLD_TARGETING,MEDIUM,0.363
T000002613,A002857,2025-11-23,C003,OLD_TARGETING,MEDIUM,0.602
T000002614,A003995,2025-11-05,C003,OLD_TARGETING,MEDIUM,0.531
T000002615,A003894,2025-11-06,C003,OLD_TARGETING,MEDIUM,0.28
T000002616,A002872,2025-11-11,C003,OLD_TARGETING,HIGH,0.274
T000002617,A000914,2025-11-16,C003,OLD_TARGETING,LOW,0.623
T000002618,A001447,2025-11-14,C003,OLD_TARGETING,MEDIUM,0.287
T000002619,A003986,2025-11-21,C003,OLD_TARGETING,LOW,0.223
T000002620,A001158,2025-11-17,C003,OLD_TARGETING,LOW,0.858
T000002621,A003298,2025-11-16,C003,OLD_TARGETING,HIGH,0.956
T000002622,A001237,2025-11-18,C003,OLD_TARGETING,MEDIUM,0.396
T000002623,A001223,2025-11-05,C003,OLD_TARGETING,LOW,0.456
T000002624,A002037,2025-11-10,C003,OLD_TARGETING,MEDIUM,0.785
T000002625,A000871,2025-11-03,C003,OLD_TARGETING,HIGH,0.238
T000002626,A000058,2025-11-14,C003,OLD_TARGETING,LOW,0.329
T000002627,A003288,2025-11-01,C003,OLD_TARGETING,LOW,0.975
T000002628,A002462,2025-11-17,C003,OLD_TARGETING,LOW,0.491
T000002629,A000173,2025-11-14,C003,OLD_TARGETING,HIGH,0.801
T000002630,A000268,2025-11-13,C003,OLD_TARGETING,LOW,0.385
T000002631,A000560,2025-11-11,C003,OLD_TARGETING,MEDIUM,0.853
T000002632,A001719,2025-11-24,C003,OLD_TARGETING,MEDIUM,0.894
T000002633,A000852,2025-11-01,C003,OLD_TARGETING,MEDIUM,0.943
T000002634,A001470,2025-11-09,C003,OLD_TARGETING,HIGH,0.358
T000002635,A002250,2025-11-23,C003,OLD_TARGETING,LOW,0.147
T000002636,A002867,2025-11-13,C003,OLD_TARGETING,LOW,0.757
T000002637,A001325,2025-11-23,C003,OLD_TARGETING,MEDIUM,0.84
T000002638,A001626,2025-11-20,C003,OLD_TARGETING,HIGH,0.586
T000002639,A002472,2025-11-15,C003,OLD_TARGETING,LOW,0.149
T000002640,A003379,2025-11-06,C003,OLD_TARGETING,HIGH,0.946
T000002641,A002733,2025-11-27,C003,OLD_TARGETING,HIGH,0.742
T000002642,A002668,2025-11-21,C003,OLD_TARGETING,MEDIUM,0.96
T000002643,A002589,2025-11-12,C003,OLD_TARGETING,LOW,0.85
T000002644,A001039,2025-11-20,C003,OLD_TARGETING,LOW,0.725
T000002645,A003687,2025-11-21,C003,OLD_TARGETING,LOW,0.968
T000002646,A000162,2025-11-12,C003,OLD_TARGETING,MEDIUM,0.222
T000002647,A000263,2025-11-09,C003,OLD_TARGETING,LOW,0.804
T000002648,A001465,2025-11-07,C003,OLD_TARGETING,MEDIUM,0.232
T000002649,A002979,2025-11-02,C003,OLD_TARGETING,LOW,0.31
T000002650,A002403,2025-11-24,C003,OLD_TARGETING,LOW,0.671
T000002651,A000111,2025-11-10,C003,OLD_TARGETING,HIGH,0.949
T000002652,A000140,2025-11-04,C003,OLD_TARGETING,LOW,0.201
T000002653,A002438,2025-11-05,C003,OLD_TARGETING,HIGH,0.237
T000002654,A000377,2025-11-20,C003,OLD_TARGETING,HIGH,0.803
T000002655,A002842,2025-11-23,C003,OLD_TARGETING,MEDIUM,0.752
T000002656,A000815,2025-11-11,C003,OLD_TARGETING,HIGH,0.876
T000002657,A002701,2025-11-21,C003,OLD_TARGETING,HIGH,0.952
T000002658,A002620,2025-11-11,C003,OLD_TARGETING,LOW,0.131
T000002659,A001553,2025-11-18,C003,OLD_TARGETING,LOW,0.207
T000002660,A000347,2025-11-26,C003,OLD_TARGETING,MEDIUM,0.207
T000002661,A003967,2025-11-10,C003,OLD_TARGETING,MEDIUM,0.885
T000002662,A003747,2025-11-27,C003,OLD_TARGETING,HIGH,0.141
T000002663,A003773,2025-11-08,C003,OLD_TARGETING,LOW,0.124
T000002664,A000777,2025-11-24,C003,OLD_TARGETING,LOW,0.663
T000002665,A001937,2025-11-11,C003,OLD_TARGETING,MEDIUM,0.166
T000002666,A001474,2025-11-19,C003,OLD_TARGETING,LOW,0.882
T000002667,A003186,2025-11-08,C003,OLD_TARGETING,MEDIUM,0.494
T000002668,A000157,2025-11-14,C003,OLD_TARGETING,HIGH,0.915
T000002669,A000882,2025-11-16,C003,OLD_TARGETING,MEDIUM,0.805
T000002670,A002398,2025-11-24,C003,OLD_TARGETING,LOW,0.911
T000002671,A002827,2025-11-26,C003,OLD_TARGETING,MEDIUM,0.981
T000002672,A001642,2025-11-26,C003,OLD_TARGETING,MEDIUM,0.308
T000002673,A003353,2025-11-13,C003,OLD_TARGETING,MEDIUM,0.771
T000002674,A002026,2025-11-13,C003,OLD_TARGETING,HIGH,0.156
T000002675,A000720,2025-11-08,C003,OLD_TARGETING,HIGH,0.615
T000002676,A002884,2025-11-13,C003,OLD_TARGETING,HIGH,0.67
T000002677,A002526,2025-11-03,C003,OLD_TARGETING,MEDIUM,0.806
T000002678,A000297,2025-11-02,C003,OLD_TARGETING,MEDIUM,0.44
T000002679,A001902,2025-11-04,C003,OLD_TARGETING,MEDIUM,0.656
T000002680,A000045,2025-11-27,C003,OLD_TARGETING,MEDIUM,0.57
T000002681,A000707,2025-11-16,C003,OLD_TARGETING,MEDIUM,0.872
T000002682,A000430,2025-11-18,C003,OLD_TARGETING,HIGH,0.417
T000002683,A003220,2025-11-24,C003,OLD_TARGETING,HIGH,0.159
T000002684,A003330,2025-11-13,C003,OLD_TARGETING,MEDIUM,0.244
T000002685,A003151,2025-11-20,C003,OLD_TARGETING,MEDIUM,0.795
T000002686,A002467,2025-11-10,C003,OLD_TARGETING,LOW,0.542
T000002687,A000057,2025-11-22,C003,OLD_TARGETING,MEDIUM,0.605
T000002688,A004018,2025-11-13,C003,OLD_TARGETING,HIGH,0.748
T000002689,A001291,2025-11-14,C003,OLD_TARGETING,LOW,0.386
T000002690,A003862,2025-11-24,C003,OLD_TARGETING,LOW,0.803
T000002691,A001660,2025-11-15,C003,OLD_TARGETING,HIGH,0.98
T000002692,A000365,2025-11-12,C003,OLD_TARGETING,LOW,0.25
T000002693,A001848,2025-11-19,C003,OLD_TARGETING,LOW,0.225
T000002694,A000505,2025-11-20,C003,OLD_TARGETING,HIGH,0.27
T000002695,A000275,2025-11-16,C003,OLD_TARGETING,HIGH,0.25
T000002696,A002654,2025-11-26,C003,OLD_TARGETING,LOW,0.139
T000002697,A001859,2025-11-18,C003,OLD_TARGETING,LOW,0.947
T000002698,A000382,2025-11-23,C003,OLD_TARGETING,HIGH,0.887
T000002699,A001440,2025-11-26,C003,OLD_TARGETING,LOW,0.153
T000002700,A003205,2025-11-10,C003,OLD_TARGETING,LOW,0.684
T000002701,A003194,2025-12-13,C004,OLD_TARGETING,MEDIUM,0.854
T000002702,A004136,2025-12-19,C004,OLD_TARGETING,HIGH,0.38
T000002703,A001362,2025-12-12,C004,OLD_TARGETING,MEDIUM,0.105
T000002704,A000777,2025-12-12,C004,OLD_TARGETING,LOW,0.228
T000002705,A001859,2025-12-20,C004,OLD_TARGETING,MEDIUM,0.405
T000002706,A001756,2025-12-08,C004,OLD_TARGETING,LOW,0.301
T000002707,A003873,2025-12-11,C004,OLD_TARGETING,LOW,0.988
T000002708,A002299,2025-12-11,C004,OLD_TARGETING,LOW,0.204
T000002709,A004045,2025-12-02,C004,OLD_TARGETING,MEDIUM,0.8
T000002710,A000832,2025-12-11,C004,OLD_TARGETING,MEDIUM,0.796
T000002711,A003684,2025-12-10,C004,OLD_TARGETING,MEDIUM,0.551
T000002712,A003733,2025-12-11,C004,OLD_TARGETING,LOW,0.626
T000002713,A001837,2025-12-04,C004,OLD_TARGETING,HIGH,0.787
T000002714,A001359,2025-12-15,C004,OLD_TARGETING,LOW,0.485
T000002715,A000637,2025-12-03,C004,OLD_TARGETING,MEDIUM,0.746
T000002716,A003772,2025-12-18,C004,OLD_TARGETING,MEDIUM,0.852
T000002717,A001277,2025-12-01,C004,OLD_TARGETING,HIGH,0.458
T000002718,A002445,2025-12-08,C004,OLD_TARGETING,LOW,0.953
T000002719,A002615,2025-12-12,C004,OLD_TARGETING,MEDIUM,0.226
T000002720,A002681,2025-12-20,C004,OLD_TARGETING,MEDIUM,0.97
T000002721,A001395,2025-12-26,C004,OLD_TARGETING,LOW,0.478
T000002722,A001898,2025-12-21,C004,OLD_TARGETING,MEDIUM,0.471
T000002723,A001113,2025-12-09,C004,OLD_TARGETING,MEDIUM,0.219
T000002724,A002638,2025-12-15,C004,OLD_TARGETING,HIGH,0.304
T000002725,A003543,2025-12-01,C004,OLD_TARGETING,HIGH,0.295
T000002726,A000710,2025-12-14,C004,OLD_TARGETING,HIGH,0.924
T000002727,A000813,2025-12-03,C004,OLD_TARGETING,MEDIUM,0.956
T000002728,A003078,2025-12-02,C004,OLD_TARGETING,MEDIUM,0.69
T000002729,A000029,2025-12-09,C004,OLD_TARGETING,MEDIUM,0.237
T000002730,A002931,2025-12-15,C004,OLD_TARGETING,MEDIUM,0.977
T000002731,A003796,2025-12-07,C004,OLD_TARGETING,MEDIUM,0.458
T000002732,A001694,2025-12-04,C004,OLD_TARGETING,MEDIUM,0.754
T000002733,A001516,2025-12-19,C004,OLD_TARGETING,MEDIUM,0.451
T000002734,A001312,2025-12-14,C004,OLD_TARGETING,MEDIUM,0.103
T000002735,A000479,2025-12-23,C004,OLD_TARGETING,MEDIUM,0.621
T000002736,A001047,2025-12-20,C004,OLD_TARGETING,MEDIUM,0.168
T000002737,A003990,2025-12-26,C004,OLD_TARGETING,HIGH,0.332
T000002738,A002724,2025-12-13,C004,OLD_TARGETING,LOW,0.538
T000002739,A003700,2025-12-25,C004,OLD_TARGETING,LOW,0.324
T000002740,A002148,2025-12-03,C004,OLD_TARGETING,MEDIUM,0.547
T000002741,A002286,2025-12-01,C004,OLD_TARGETING,HIGH,0.949
T000002742,A000260,2025-12-24,C004,OLD_TARGETING,LOW,0.331
T000002743,A002811,2025-12-08,C004,OLD_TARGETING,MEDIUM,0.93
T000002744,A004048,2025-12-03,C004,OLD_TARGETING,LOW,0.736
T000002745,A003067,2025-12-27,C004,OLD_TARGETING,HIGH,0.535
T000002746,A003567,2025-12-11,C004,OLD_TARGETING,MEDIUM,0.616
T000002747,A000790,2025-12-05,C004,OLD_TARGETING,MEDIUM,0.683
T000002748,A002116,2025-12-25,C004,OLD_TARGETING,MEDIUM,0.954
T000002749,A000174,2025-12-08,C004,OLD_TARGETING,LOW,0.328
T000002750,A003984,2025-12-12,C004,OLD_TARGETING,LOW,0.616
T000002751,A002635,2025-12-06,C004,OLD_TARGETING,MEDIUM,0.813
T000002752,A003611,2025-12-18,C004,OLD_TARGETING,MEDIUM,0.171
T000002753,A002659,2025-12-27,C004,OLD_TARGETING,LOW,0.435
T000002754,A003343,2025-12-07,C004,OLD_TARGETING,LOW,0.509
T000002755,A000505,2025-12-02,C004,OLD_TARGETING,MEDIUM,0.975
T000002756,A002991,2025-12-16,C004,OLD_TARGETING,LOW,0.507
T000002757,A001200,2025-12-11,C004,OLD_TARGETING,MEDIUM,0.175
T000002758,A002937,2025-12-12,C004,OLD_TARGETING,LOW,0.191
T000002759,A001910,2025-12-07,C004,OLD_TARGETING,MEDIUM,0.434
T000002760,A001998,2025-12-18,C004,OLD_TARGETING,LOW,0.203
T000002761,A000041,2025-12-01,C004,OLD_TARGETING,MEDIUM,0.541
T000002762,A002401,2025-12-20,C004,OLD_TARGETING,MEDIUM,0.583
T000002763,A003247,2025-12-17,C004,OLD_TARGETING,LOW,0.721
T000002764,A000250,2025-12-02,C004,OLD_TARGETING,MEDIUM,0.622
T000002765,A003254,2025-12-19,C004,OLD_TARGETING,MEDIUM,0.422
T000002766,A002386,2025-12-14,C004,OLD_TARGETING,MEDIUM,0.431
T000002767,A004107,2025-12-26,C004,OLD_TARGETING,HIGH,0.511
T000002768,A000069,2025-12-09,C004,OLD_TARGETING,MEDIUM,0.669
T000002769,A001378,2025-12-04,C004,OLD_TARGETING,MEDIUM,0.777
T000002770,A002101,2025-12-14,C004,OLD_TARGETING,MEDIUM,0.672
T000002771,A000528,2025-12-18,C004,OLD_TARGETING,MEDIUM,0.195
T000002772,A004131,2025-12-05,C004,OLD_TARGETING,MEDIUM,0.921
T000002773,A002623,2025-12-10,C004,OLD_TARGETING,MEDIUM,0.921
T000002774,A003461,2025-12-13,C004,OLD_TARGETING,LOW,0.229
T000002775,A000893,2025-12-18,C004,OLD_TARGETING,HIGH,0.593
T000002776,A003382,2025-12-15,C004,OLD_TARGETING,HIGH,0.658
T000002777,A002763,2025-12-16,C004,OLD_TARGETING,MEDIUM,0.636
T000002778,A002934,2025-12-20,C004,OLD_TARGETING,MEDIUM,0.516
T000002779,A002844,2025-12-05,C004,OLD_TARGETING,HIGH,0.555
T000002780,A002461,2025-12-06,C004,OLD_TARGETING,HIGH,0.849
T000002781,A003790,2025-12-18,C004,OLD_TARGETING,MEDIUM,0.774
T000002782,A002630,2025-12-19,C004,OLD_TARGETING,MEDIUM,0.728
T000002783,A000051,2025-12-04,C004,OLD_TARGETING,MEDIUM,0.146
T000002784,A001504,2025-12-24,C004,OLD_TARGETING,MEDIUM,0.323
T000002785,A003962,2025-12-27,C004,OLD_TARGETING,HIGH,0.209
T000002786,A002511,2025-12-15,C004,OLD_TARGETING,MEDIUM,0.213
T000002787,A001962,2025-12-17,C004,OLD_TARGETING,MEDIUM,0.38
T000002788,A002917,2025-12-11,C004,OLD_TARGETING,MEDIUM,0.924
T000002789,A000501,2025-12-04,C004,OLD_TARGETING,LOW,0.566
T000002790,A001692,2025-12-20,C004,OLD_TARGETING,MEDIUM,0.418
T000002791,A003541,2025-12-08,C004,OLD_TARGETING,MEDIUM,0.627
T000002792,A002038,2025-12-04,C004,OLD_TARGETING,MEDIUM,0.625
T000002793,A002463,2025-12-01,C004,OLD_TARGETING,LOW,0.707
T000002794,A000569,2025-12-01,C004,OLD_TARGETING,MEDIUM,0.313
T000002795,A001823,2025-12-24,C004,OLD_TARGETING,MEDIUM,0.922
T000002796,A004184,2025-12-18,C004,OLD_TARGETING,MEDIUM,0.231
T000002797,A003331,2025-12-01,C004,OLD_TARGETING,MEDIUM,0.884
T000002798,A002532,2025-12-13,C004,OLD_TARGETING,LOW,0.643
T000002799,A003510,2025-12-18,C004,OLD_TARGETING,MEDIUM,0.156
T000002800,A000603,2025-12-02,C004,OLD_TARGETING,MEDIUM,0.304
T000002801,A001278,2025-12-17,C004,OLD_TARGETING,MEDIUM,0.303
T000002802,A000958,2025-12-27,C004,OLD_TARGETING,LOW,0.312
T000002803,A002797,2025-12-20,C004,OLD_TARGETING,HIGH,0.653
T000002804,A002156,2025-12-03,C004,OLD_TARGETING,HIGH,0.85
T000002805,A001680,2025-12-10,C004,OLD_TARGETING,HIGH,0.966
T000002806,A001608,2025-12-15,C004,OLD_TARGETING,MEDIUM,0.382
T000002807,A003547,2025-12-26,C004,OLD_TARGETING,MEDIUM,0.17
T000002808,A002700,2025-12-20,C004,OLD_TARGETING,HIGH,0.341
T000002809,A002205,2025-12-05,C004,OLD_TARGETING,HIGH,0.491
T000002810,A000091,2025-12-09,C004,OLD_TARGETING,MEDIUM,0.31
T000002811,A004070,2025-12-03,C004,OLD_TARGETING,MEDIUM,0.466
T000002812,A000494,2025-12-23,C004,OLD_TARGETING,MEDIUM,0.589
T000002813,A000596,2025-12-17,C004,OLD_TARGETING,LOW,0.511
T000002814,A004006,2025-12-25,C004,OLD_TARGETING,LOW,0.983
T000002815,A001833,2025-12-04,C004,OLD_TARGETING,MEDIUM,0.942
T000002816,A000887,2025-12-19,C004,OLD_TARGETING,MEDIUM,0.506
T000002817,A003680,2025-12-08,C004,OLD_TARGETING,HIGH,0.5
T000002818,A001938,2025-12-26,C004,OLD_TARGETING,HIGH,0.422
T000002819,A001712,2025-12-24,C004,OLD_TARGETING,LOW,0.231
T000002820,A003926,2025-12-12,C004,OLD_TARGETING,MEDIUM,0.597
T000002821,A002144,2025-12-19,C004,OLD_TARGETING,MEDIUM,0.326
T000002822,A000269,2025-12-07,C004,OLD_TARGETING,LOW,0.414
T000002823,A003242,2025-12-24,C004,OLD_TARGETING,LOW,0.298
T000002824,A003305,2025-12-23,C004,OLD_TARGETING,HIGH,0.762
T000002825,A001108,2025-12-10,C004,OLD_TARGETING,MEDIUM,0.199
T000002826,A003650,2025-12-08,C004,OLD_TARGETING,LOW,0.714
T000002827,A004018,2025-12-18,C004,OLD_TARGETING,LOW,0.593
T000002828,A000552,2025-12-16,C004,OLD_TARGETING,MEDIUM,0.863
T000002829,A000400,2025-12-10,C004,OLD_TARGETING,LOW,0.536
T000002830,A004114,2025-12-05,C004,OLD_TARGETING,HIGH,0.846
T000002831,A000838,2025-12-24,C004,OLD_TARGETING,MEDIUM,0.418
T000002832,A000967,2025-12-17,C004,OLD_TARGETING,HIGH,0.982
T000002833,A003746,2025-12-12,C004,OLD_TARGETING,MEDIUM,0.934
T000002834,A002441,2025-12-26,C004,OLD_TARGETING,LOW,0.872
T000002835,A000310,2025-12-10,C004,OLD_TARGETING,MEDIUM,0.453
T000002836,A002359,2025-12-05,C004,OLD_TARGETING,HIGH,0.176
T000002837,A002841,2025-12-17,C004,OLD_TARGETING,LOW,0.505
T000002838,A001828,2025-12-12,C004,OLD_TARGETING,HIGH,0.765
T000002839,A001115,2025-12-06,C004,OLD_TARGETING,MEDIUM,0.645
T000002840,A002816,2025-12-23,C004,OLD_TARGETING,MEDIUM,0.907
T000002841,A001772,2025-12-08,C004,OLD_TARGETING,MEDIUM,0.807
T000002842,A002027,2025-12-12,C004,OLD_TARGETING,HIGH,0.754
T000002843,A001694,2025-12-06,C004,OLD_TARGETING,LOW,0.205
T000002844,A003419,2025-12-25,C004,OLD_TARGETING,LOW,0.807
T000002845,A003368,2025-12-20,C004,OLD_TARGETING,MEDIUM,0.285
T000002846,A000724,2025-12-07,C004,OLD_TARGETING,LOW,0.699
T000002847,A003455,2025-12-20,C004,OLD_TARGETING,HIGH,0.646
T000002848,A000179,2025-12-13,C004,OLD_TARGETING,LOW,0.447
T000002849,A002181,2025-12-03,C004,OLD_TARGETING,MEDIUM,0.583
T000002850,A003963,2025-12-22,C004,OLD_TARGETING,LOW,0.35
T000002851,A002820,2025-12-21,C004,OLD_TARGETING,LOW,0.105
T000002852,A000795,2025-12-22,C004,OLD_TARGETING,MEDIUM,0.602
T000002853,A001851,2025-12-15,C004,OLD_TARGETING,HIGH,0.684
T000002854,A001968,2025-12-08,C004,OLD_TARGETING,MEDIUM,0.96
T000002855,A001305,2025-12-20,C004,OLD_TARGETING,LOW,0.27
T000002856,A003112,2025-12-24,C004,OLD_TARGETING,LOW,0.599
T000002857,A000227,2025-12-18,C004,OLD_TARGETING,MEDIUM,0.582
T000002858,A001566,2025-12-22,C004,OLD_TARGETING,HIGH,0.96
T000002859,A001244,2025-12-21,C004,OLD_TARGETING,MEDIUM,0.162
T000002860,A000844,2025-12-26,C004,OLD_TARGETING,MEDIUM,0.406
T000002861,A003523,2025-12-05,C004,OLD_TARGETING,MEDIUM,0.661
T000002862,A003482,2025-12-10,C004,OLD_TARGETING,HIGH,0.128
T000002863,A003577,2025-12-04,C004,OLD_TARGETING,MEDIUM,0.181
T000002864,A003360,2025-12-14,C004,OLD_TARGETING,MEDIUM,0.452
T000002865,A004177,2025-12-14,C004,OLD_TARGETING,HIGH,0.914
T000002866,A002785,2025-12-04,C004,OLD_TARGETING,MEDIUM,0.938
T000002867,A001614,2025-12-04,C004,OLD_TARGETING,MEDIUM,0.216
T000002868,A000603,2025-12-02,C004,OLD_TARGETING,HIGH,0.701
T000002869,A003559,2025-12-15,C004,OLD_TARGETING,MEDIUM,0.105
T000002870,A002917,2025-12-13,C004,OLD_TARGETING,MEDIUM,0.744
T000002871,A001431,2025-12-21,C004,OLD_TARGETING,LOW,0.516
T000002872,A003863,2025-12-03,C004,OLD_TARGETING,MEDIUM,0.709
T000002873,A000308,2025-12-24,C004,OLD_TARGETING,MEDIUM,0.707
T000002874,A000587,2025-12-08,C004,OLD_TARGETING,HIGH,0.159
T000002875,A002760,2025-12-15,C004,OLD_TARGETING,MEDIUM,0.374
T000002876,A001832,2025-12-04,C004,OLD_TARGETING,MEDIUM,0.647
T000002877,A003152,2025-12-20,C004,OLD_TARGETING,MEDIUM,0.386
T000002878,A000636,2025-12-11,C004,OLD_TARGETING,MEDIUM,0.886
T000002879,A003670,2025-12-08,C004,OLD_TARGETING,MEDIUM,0.889
T000002880,A001025,2025-12-09,C004,OLD_TARGETING,MEDIUM,0.518
T000002881,A001031,2025-12-26,C004,OLD_TARGETING,HIGH,0.586
T000002882,A001592,2025-12-14,C004,OLD_TARGETING,HIGH,0.565
T000002883,A001963,2025-12-13,C004,OLD_TARGETING,LOW,0.481
T000002884,A001392,2025-12-17,C004,OLD_TARGETING,MEDIUM,0.461
T000002885,A002002,2025-12-02,C004,OLD_TARGETING,HIGH,0.529
T000002886,A000172,2025-12-08,C004,OLD_TARGETING,LOW,0.771
T000002887,A000593,2025-12-24,C004,OLD_TARGETING,MEDIUM,0.168
T000002888,A003447,2025-12-12,C004,OLD_TARGETING,HIGH,0.937
T000002889,A001303,2025-12-25,C004,OLD_TARGETING,LOW,0.408
T000002890,A002383,2025-12-05,C004,OLD_TARGETING,LOW,0.715
T000002891,A000312,2025-12-23,C004,OLD_TARGETING,LOW,0.584
T000002892,A001747,2025-12-12,C004,OLD_TARGETING,MEDIUM,0.686
T000002893,A000589,2025-12-08,C004,OLD_TARGETING,MEDIUM,0.56
T000002894,A002609,2025-12-12,C004,OLD_TARGETING,HIGH,0.63
T000002895,A001197,2025-12-07,C004,OLD_TARGETING,MEDIUM,0.981
T000002896,A003888,2025-12-16,C004,OLD_TARGETING,HIGH,0.22
T000002897,A001969,2025-12-11,C004,OLD_TARGETING,MEDIUM,0.7
T000002898,A001703,2025-12-08,C004,OLD_TARGETING,MEDIUM,0.5
T000002899,A002312,2025-12-13,C004,OLD_TARGETING,MEDIUM,0.606
T000002900,A003448,2025-12-04,C004,OLD_TARGETING,MEDIUM,0.562
T000002901,A000936,2025-12-26,C004,OLD_TARGETING,MEDIUM,0.665
T000002902,A003553,2025-12-27,C004,OLD_TARGETING,MEDIUM,0.816
T000002903,A002633,2025-12-15,C004,OLD_TARGETING,MEDIUM,0.883
T000002904,A003976,2025-12-07,C004,OLD_TARGETING,MEDIUM,0.442
T000002905,A002935,2025-12-05,C004,OLD_TARGETING,MEDIUM,0.323
T000002906,A003784,2025-12-27,C004,OLD_TARGETING,MEDIUM,0.751
T000002907,A003180,2025-12-14,C004,OLD_TARGETING,MEDIUM,0.906
T000002908,A002106,2025-12-24,C004,OLD_TARGETING,MEDIUM,0.297
T000002909,A000558,2025-12-03,C004,OLD_TARGETING,MEDIUM,0.16
T000002910,A003659,2025-12-20,C004,OLD_TARGETING,MEDIUM,0.876
T000002911,A000256,2025-12-16,C004,OLD_TARGETING,LOW,0.712
T000002912,A002306,2025-12-02,C004,OLD_TARGETING,MEDIUM,0.772
T000002913,A003765,2025-12-03,C004,OLD_TARGETING,LOW,0.745
T000002914,A000531,2025-12-22,C004,OLD_TARGETING,LOW,0.569
T000002915,A003748,2025-12-11,C004,OLD_TARGETING,MEDIUM,0.933
T000002916,A000882,2025-12-27,C004,OLD_TARGETING,MEDIUM,0.558
T000002917,A000210,2025-12-15,C004,OLD_TARGETING,LOW,0.525
T000002918,A002192,2025-12-24,C004,OLD_TARGETING,HIGH,0.791
T000002919,A003168,2025-12-26,C004,OLD_TARGETING,LOW,0.869
T000002920,A001784,2025-12-26,C004,OLD_TARGETING,MEDIUM,0.871
T000002921,A001550,2025-12-26,C004,OLD_TARGETING,MEDIUM,0.362
T000002922,A000118,2025-12-15,C004,OLD_TARGETING,MEDIUM,0.362
T000002923,A003046,2025-12-05,C004,OLD_TARGETING,HIGH,0.282
T000002924,A003057,2025-12-24,C004,OLD_TARGETING,MEDIUM,0.842
T000002925,A003211,2025-12-19,C004,OLD_TARGETING,MEDIUM,0.929
T000002926,A000110,2025-12-17,C004,OLD_TARGETING,LOW,0.918
T000002927,A001956,2025-12-22,C004,OLD_TARGETING,MEDIUM,0.82
T000002928,A000896,2025-12-15,C004,OLD_TARGETING,LOW,0.602
T000002929,A002735,2025-12-06,C004,OLD_TARGETING,HIGH,0.187
T000002930,A003927,2025-12-02,C004,OLD_TARGETING,MEDIUM,0.841
T000002931,A004004,2025-12-04,C004,OLD_TARGETING,MEDIUM,0.984
T000002932,A002264,2025-12-07,C004,OLD_TARGETING,MEDIUM,0.832
T000002933,A002914,2025-12-08,C004,OLD_TARGETING,LOW,0.326
T000002934,A001193,2025-12-23,C004,OLD_TARGETING,HIGH,0.137
T000002935,A002281,2025-12-18,C004,OLD_TARGETING,LOW,0.138
T000002936,A002982,2025-12-11,C004,OLD_TARGETING,LOW,0.28
T000002937,A000187,2025-12-19,C004,OLD_TARGETING,MEDIUM,0.307
T000002938,A001610,2025-12-04,C004,OLD_TARGETING,HIGH,0.206
T000002939,A001103,2025-12-16,C004,OLD_TARGETING,MEDIUM,0.255
T000002940,A001834,2025-12-03,C004,OLD_TARGETING,MEDIUM,0.575
T000002941,A004059,2025-12-09,C004,OLD_TARGETING,HIGH,0.215
T000002942,A000357,2025-12-15,C004,OLD_TARGETING,MEDIUM,0.21
T000002943,A001635,2025-12-13,C004,OLD_TARGETING,MEDIUM,0.625
T000002944,A002570,2025-12-16,C004,OLD_TARGETING,MEDIUM,0.206
T000002945,A002188,2025-12-13,C004,OLD_TARGETING,LOW,0.285
T000002946,A002191,2025-12-21,C004,OLD_TARGETING,MEDIUM,0.917
T000002947,A002056,2025-12-27,C004,OLD_TARGETING,MEDIUM,0.364
T000002948,A001717,2025-12-25,C004,OLD_TARGETING,LOW,0.218
T000002949,A000892,2025-12-24,C004,OLD_TARGETING,LOW,0.224
T000002950,A000220,2025-12-24,C004,OLD_TARGETING,LOW,0.163
T000002951,A003445,2025-12-20,C004,OLD_TARGETING,HIGH,0.62
T000002952,A004141,2025-12-11,C004,OLD_TARGETING,HIGH,0.915
T000002953,A002394,2025-12-20,C004,OLD_TARGETING,MEDIUM,0.327
T000002954,A000798,2025-12-10,C004,OLD_TARGETING,LOW,0.219
T000002955,A002726,2025-12-20,C004,OLD_TARGETING,MEDIUM,0.257
T000002956,A004138,2025-12-02,C004,OLD_TARGETING,HIGH,0.634
T000002957,A000592,2025-12-05,C004,OLD_TARGETING,MEDIUM,0.189
T000002958,A003743,2025-12-27,C004,OLD_TARGETING,LOW,0.893
T000002959,A001629,2025-12-02,C004,OLD_TARGETING,MEDIUM,0.449
T000002960,A003346,2025-12-05,C004,OLD_TARGETING,MEDIUM,0.399
T000002961,A003300,2025-12-22,C004,OLD_TARGETING,HIGH,0.783
T000002962,A001225,2025-12-27,C004,OLD_TARGETING,MEDIUM,0.859
T000002963,A001081,2025-12-18,C004,OLD_TARGETING,LOW,0.979
T000002964,A001724,2025-12-07,C004,OLD_TARGETING,MEDIUM,0.145
T000002965,A002155,2025-12-09,C004,OLD_TARGETING,LOW,0.466
T000002966,A002959,2025-12-12,C004,OLD_TARGETING,MEDIUM,0.852
T000002967,A001535,2025-12-10,C004,OLD_TARGETING,HIGH,0.768
T000002968,A002884,2025-12-27,C004,OLD_TARGETING,MEDIUM,0.539
T000002969,A002284,2025-12-19,C004,OLD_TARGETING,HIGH,0.256
T000002970,A003461,2025-12-03,C004,OLD_TARGETING,LOW,0.507
T000002971,A003645,2025-12-23,C004,OLD_TARGETING,LOW,0.395
T000002972,A003421,2025-12-22,C004,OLD_TARGETING,MEDIUM,0.853
T000002973,A001395,2025-12-01,C004,OLD_TARGETING,MEDIUM,0.485
T000002974,A002722,2025-12-20,C004,OLD_TARGETING,LOW,0.604
T000002975,A000783,2025-12-15,C004,OLD_TARGETING,MEDIUM,0.235
T000002976,A003591,2025-12-17,C004,OLD_TARGETING,LOW,0.341
T000002977,A003003,2025-12-27,C004,OLD_TARGETING,HIGH,0.358
T000002978,A000255,2025-12-08,C004,OLD_TARGETING,MEDIUM,0.452
T000002979,A004032,2025-12-17,C004,OLD_TARGETING,MEDIUM,0.496
T000002980,A002261,2025-12-25,C004,OLD_TARGETING,MEDIUM,0.354
T000002981,A002160,2025-12-11,C004,OLD_TARGETING,MEDIUM,0.521
T000002982,A001021,2025-12-27,C004,OLD_TARGETING,HIGH,0.849
T000002983,A001875,2025-12-19,C004,OLD_TARGETING,MEDIUM,0.763
T000002984,A003892,2025-12-15,C004,OLD_TARGETING,MEDIUM,0.225
T000002985,A002998,2025-12-03,C004,OLD_TARGETING,MEDIUM,0.842
T000002986,A001587,2025-12-25,C004,OLD_TARGETING,MEDIUM,0.89
T000002987,A003276,2025-12-27,C004,OLD_TARGETING,LOW,0.317
T000002988,A000941,2025-12-22,C004,OLD_TARGETING,HIGH,0.85
T000002989,A000922,2025-12-10,C004,OLD_TARGETING,LOW,0.724
T000002990,A004020,2025-12-13,C004,OLD_TARGETING,LOW,0.711
T000002991,A001146,2025-12-13,C004,OLD_TARGETING,HIGH,0.6
T000002992,A000795,2025-12-05,C004,OLD_TARGETING,MEDIUM,0.656
T000002993,A000998,2025-12-07,C004,OLD_TARGETING,LOW,0.832
T000002994,A003418,2025-12-22,C004,OLD_TARGETING,HIGH,0.47
T000002995,A002971,2025-12-05,C004,OLD_TARGETING,MEDIUM,0.63
T000002996,A002812,2025-12-18,C004,OLD_TARGETING,HIGH,0.163
T000002997,A003862,2025-12-12,C004,OLD_TARGETING,MEDIUM,0.461
T000002998,A002480,2025-12-13,C004,OLD_TARGETING,MEDIUM,0.16
T000002999,A001724,2025-12-04,C004,OLD_TARGETING,MEDIUM,0.125
T000003000,A004133,2025-12-15,C004,OLD_TARGETING,LOW,0.908
T000003001,A000903,2025-12-12,C004,OLD_TARGETING,MEDIUM,0.183
T000003002,A002758,2025-12-18,C004,OLD_TARGETING,MEDIUM,0.272
T000003003,A000983,2025-12-21,C004,OLD_TARGETING,MEDIUM,0.348
T000003004,A000935,2025-12-22,C004,OLD_TARGETING,MEDIUM,0.341
T000003005,A001422,2025-12-23,C004,OLD_TARGETING,LOW,0.857
T000003006,A004161,2025-12-24,C004,OLD_TARGETING,LOW,0.905
T000003007,A004022,2025-12-16,C004,OLD_TARGETING,LOW,0.346
T000003008,A003775,2025-12-11,C004,OLD_TARGETING,LOW,0.787
T000003009,A004101,2025-12-21,C004,OLD_TARGETING,MEDIUM,0.413
T000003010,A003980,2025-12-13,C004,OLD_TARGETING,MEDIUM,0.732
T000003011,A000098,2025-12-25,C004,OLD_TARGETING,MEDIUM,0.406
T000003012,A003667,2025-12-15,C004,OLD_TARGETING,LOW,0.182
T000003013,A001498,2025-12-03,C004,OLD_TARGETING,MEDIUM,0.609
T000003014,A002567,2025-12-24,C004,OLD_TARGETING,HIGH,0.102
T000003015,A003947,2025-12-12,C004,OLD_TARGETING,MEDIUM,0.817
T000003016,A003230,2025-12-12,C004,OLD_TARGETING,LOW,0.295
T000003017,A002843,2025-12-22,C004,OLD_TARGETING,HIGH,0.3
T000003018,A001694,2025-12-08,C004,OLD_TARGETING,MEDIUM,0.393
T000003019,A003974,2025-12-23,C004,OLD_TARGETING,MEDIUM,0.73
T000003020,A002789,2025-12-26,C004,OLD_TARGETING,MEDIUM,0.538
T000003021,A002366,2025-12-23,C004,OLD_TARGETING,MEDIUM,0.503
T000003022,A003454,2025-12-01,C004,OLD_TARGETING,HIGH,0.862
T000003023,A000427,2025-12-12,C004,OLD_TARGETING,MEDIUM,0.319
T000003024,A002892,2025-12-26,C004,OLD_TARGETING,MEDIUM,0.121
T000003025,A001275,2025-12-15,C004,OLD_TARGETING,HIGH,0.122
T000003026,A004135,2025-12-27,C004,OLD_TARGETING,HIGH,0.544
T000003027,A003297,2025-12-23,C004,OLD_TARGETING,MEDIUM,0.167
T000003028,A002072,2025-12-26,C004,OLD_TARGETING,MEDIUM,0.398
T000003029,A000166,2025-12-26,C004,OLD_TARGETING,MEDIUM,0.243
T000003030,A003673,2025-12-19,C004,OLD_TARGETING,LOW,0.254
T000003031,A001237,2025-12-18,C004,OLD_TARGETING,MEDIUM,0.164
T000003032,A000741,2025-12-07,C004,OLD_TARGETING,HIGH,0.262
T000003033,A003511,2025-12-14,C004,OLD_TARGETING,MEDIUM,0.519
T000003034,A002874,2025-12-02,C004,OLD_TARGETING,LOW,0.745
T000003035,A001345,2025-12-12,C004,OLD_TARGETING,LOW,0.402
T000003036,A002941,2025-12-10,C004,OLD_TARGETING,MEDIUM,0.73
T000003037,A001885,2025-12-18,C004,OLD_TARGETING,MEDIUM,0.695
T000003038,A002291,2025-12-01,C004,OLD_TARGETING,LOW,0.416
T000003039,A003159,2025-12-16,C004,OLD_TARGETING,LOW,0.71
T000003040,A003940,2025-12-07,C004,OLD_TARGETING,LOW,0.854
T000003041,A000787,2025-12-04,C004,OLD_TARGETING,LOW,0.565
T000003042,A000361,2025-12-07,C004,OLD_TARGETING,HIGH,0.476
T000003043,A003786,2025-12-01,C004,OLD_TARGETING,LOW,0.664
T000003044,A002011,2025-12-11,C004,OLD_TARGETING,MEDIUM,0.797
T000003045,A001877,2025-12-27,C004,OLD_TARGETING,MEDIUM,0.771
T000003046,A003365,2025-12-18,C004,OLD_TARGETING,MEDIUM,0.959
T000003047,A002744,2025-12-15,C004,OLD_TARGETING,HIGH,0.614
T000003048,A002012,2025-12-17,C004,OLD_TARGETING,MEDIUM,0.433
T000003049,A001559,2025-12-23,C004,OLD_TARGETING,HIGH,0.541
T000003050,A002720,2025-12-01,C004,OLD_TARGETING,MEDIUM,0.897
T000003051,A001545,2025-12-13,C004,OLD_TARGETING,LOW,0.778
T000003052,A003432,2025-12-19,C004,OLD_TARGETING,HIGH,0.461
T000003053,A001690,2025-12-11,C004,OLD_TARGETING,HIGH,0.369
T000003054,A002517,2025-12-13,C004,OLD_TARGETING,LOW,0.14
T000003055,A001069,2025-12-26,C004,OLD_TARGETING,MEDIUM,0.765
T000003056,A000624,2025-12-07,C004,OLD_TARGETING,MEDIUM,0.338
T000003057,A003352,2025-12-03,C004,OLD_TARGETING,MEDIUM,0.258
T000003058,A001711,2025-12-11,C004,OLD_TARGETING,LOW,0.382
T000003059,A002096,2025-12-21,C004,OLD_TARGETING,LOW,0.865
T000003060,A003607,2025-12-26,C004,OLD_TARGETING,MEDIUM,0.827
T000003061,A003328,2025-12-03,C004,OLD_TARGETING,LOW,0.739
T000003062,A000928,2025-12-19,C004,OLD_TARGETING,LOW,0.82
T000003063,A003820,2025-12-13,C004,OLD_TARGETING,HIGH,0.944
T000003064,A001680,2025-12-25,C004,OLD_TARGETING,LOW,0.645
T000003065,A001397,2025-12-13,C004,OLD_TARGETING,HIGH,0.517
T000003066,A000236,2025-12-21,C004,OLD_TARGETING,MEDIUM,0.536
T000003067,A001690,2025-12-16,C004,OLD_TARGETING,HIGH,0.604
T000003068,A003752,2025-12-10,C004,OLD_TARGETING,MEDIUM,0.856
T000003069,A003311,2025-12-03,C004,OLD_TARGETING,HIGH,0.539
T000003070,A002091,2025-12-13,C004,OLD_TARGETING,MEDIUM,0.242
T000003071,A001608,2025-12-24,C004,OLD_TARGETING,MEDIUM,0.645
T000003072,A000798,2025-12-04,C004,OLD_TARGETING,MEDIUM,0.876
T000003073,A001046,2025-12-26,C004,OLD_TARGETING,HIGH,0.65
T000003074,A002436,2025-12-07,C004,OLD_TARGETING,HIGH,0.766
T000003075,A000898,2025-12-01,C004,OLD_TARGETING,HIGH,0.651
T000003076,A002266,2025-12-08,C004,OLD_TARGETING,HIGH,0.87
T000003077,A001305,2025-12-20,C004,OLD_TARGETING,LOW,0.943
T000003078,A003752,2025-12-19,C004,OLD_TARGETING,MEDIUM,0.381
T000003079,A003821,2025-12-13,C004,OLD_TARGETING,HIGH,0.208
T000003080,A001858,2025-12-17,C004,OLD_TARGETING,LOW,0.179
T000003081,A002684,2025-12-04,C004,OLD_TARGETING,HIGH,0.798
T000003082,A002342,2025-12-12,C004,OLD_TARGETING,MEDIUM,0.18
T000003083,A002535,2025-12-09,C004,OLD_TARGETING,MEDIUM,0.211
T000003084,A001511,2025-12-02,C004,OLD_TARGETING,HIGH,0.55
T000003085,A002719,2025-12-01,C004,OLD_TARGETING,MEDIUM,0.102
T000003086,A000314,2025-12-11,C004,OLD_TARGETING,MEDIUM,0.576
T000003087,A000026,2025-12-14,C004,OLD_TARGETING,HIGH,0.965
T000003088,A001686,2025-12-02,C004,OLD_TARGETING,MEDIUM,0.356
T000003089,A000595,2025-12-23,C004,OLD_TARGETING,HIGH,0.598
T000003090,A001945,2025-12-11,C004,OLD_TARGETING,MEDIUM,0.935
T000003091,A000114,2025-12-21,C004,OLD_TARGETING,HIGH,0.94
T000003092,A000748,2025-12-16,C004,OLD_TARGETING,MEDIUM,0.959
T000003093,A001981,2025-12-17,C004,OLD_TARGETING,LOW,0.897
T000003094,A000569,2025-12-07,C004,OLD_TARGETING,MEDIUM,0.783
T000003095,A003821,2025-12-11,C004,OLD_TARGETING,MEDIUM,0.882
T000003096,A002431,2025-12-18,C004,OLD_TARGETING,LOW,0.944
T000003097,A002873,2025-12-19,C004,OLD_TARGETING,MEDIUM,0.284
T000003098,A001669,2025-12-22,C004,OLD_TARGETING,LOW,0.783
T000003099,A003919,2025-12-27,C004,OLD_TARGETING,MEDIUM,0.794
T000003100,A000239,2025-12-14,C004,OLD_TARGETING,HIGH,0.586
T000003101,A001634,2025-12-13,C004,OLD_TARGETING,HIGH,0.653
T000003102,A003633,2025-12-10,C004,OLD_TARGETING,LOW,0.704
T000003103,A002483,2025-12-02,C004,OLD_TARGETING,HIGH,0.738
T000003104,A003576,2025-12-14,C004,OLD_TARGETING,MEDIUM,0.232
T000003105,A002652,2025-12-17,C004,OLD_TARGETING,HIGH,0.439
T000003106,A000115,2025-12-26,C004,OLD_TARGETING,HIGH,0.381
T000003107,A004166,2025-12-11,C004,OLD_TARGETING,MEDIUM,0.489
T000003108,A004106,2025-12-07,C004,OLD_TARGETING,LOW,0.935
T000003109,A002669,2025-12-13,C004,OLD_TARGETING,MEDIUM,0.351
T000003110,A003099,2025-12-10,C004,OLD_TARGETING,LOW,0.668
T000003111,A001896,2025-12-12,C004,OLD_TARGETING,HIGH,0.966
T000003112,A001151,2025-12-25,C004,OLD_TARGETING,LOW,0.528
T000003113,A004068,2025-12-21,C004,OLD_TARGETING,MEDIUM,0.329
T000003114,A002070,2025-12-01,C004,OLD_TARGETING,HIGH,0.339
T000003115,A003493,2025-12-21,C004,OLD_TARGETING,MEDIUM,0.92
T000003116,A002016,2025-12-20,C004,OLD_TARGETING,MEDIUM,0.155
T000003117,A003162,2025-12-06,C004,OLD_TARGETING,MEDIUM,0.55
T000003118,A003855,2025-12-21,C004,OLD_TARGETING,LOW,0.285
T000003119,A000753,2025-12-20,C004,OLD_TARGETING,MEDIUM,0.353
T000003120,A001489,2025-12-16,C004,OLD_TARGETING,LOW,0.676
T000003121,A001805,2025-12-27,C004,OLD_TARGETING,MEDIUM,0.178
T000003122,A002982,2025-12-06,C004,OLD_TARGETING,MEDIUM,0.37
T000003123,A002837,2025-12-16,C004,OLD_TARGETING,MEDIUM,0.98
T000003124,A002196,2025-12-19,C004,OLD_TARGETING,MEDIUM,0.383
T000003125,A001118,2025-12-25,C004,OLD_TARGETING,LOW,0.578
T000003126,A001933,2025-12-01,C004,OLD_TARGETING,HIGH,0.553
T000003127,A003435,2025-12-21,C004,OLD_TARGETING,MEDIUM,0.268
T000003128,A002577,2025-12-27,C004,OLD_TARGETING,MEDIUM,0.492
T000003129,A004080,2025-12-05,C004,OLD_TARGETING,HIGH,0.742
T000003130,A000633,2025-12-04,C004,OLD_TARGETING,MEDIUM,0.92
T000003131,A001216,2025-12-20,C004,OLD_TARGETING,LOW,0.243
T000003132,A002849,2025-12-20,C004,OLD_TARGETING,HIGH,0.822
T000003133,A003413,2025-12-07,C004,OLD_TARGETING,MEDIUM,0.596
T000003134,A002510,2025-12-23,C004,OLD_TARGETING,MEDIUM,0.177
T000003135,A000577,2025-12-01,C004,OLD_TARGETING,MEDIUM,0.983
T000003136,A002584,2025-12-01,C004,OLD_TARGETING,MEDIUM,0.959
T000003137,A003897,2025-12-11,C004,OLD_TARGETING,HIGH,0.48
T000003138,A001373,2025-12-04,C004,OLD_TARGETING,HIGH,0.982
T000003139,A004132,2025-12-12,C004,OLD_TARGETING,HIGH,0.744
T000003140,A004117,2025-12-22,C004,OLD_TARGETING,MEDIUM,0.666
T000003141,A003258,2025-12-15,C004,OLD_TARGETING,HIGH,0.654
T000003142,A002882,2025-12-06,C004,OLD_TARGETING,MEDIUM,0.92
T000003143,A001135,2025-12-11,C004,OLD_TARGETING,LOW,0.66
T000003144,A002417,2025-12-21,C004,OLD_TARGETING,MEDIUM,0.891
T000003145,A001820,2025-12-27,C004,OLD_TARGETING,LOW,0.74
T000003146,A002595,2025-12-18,C004,OLD_TARGETING,HIGH,0.401
T000003147,A001070,2025-12-14,C004,OLD_TARGETING,LOW,0.392
T000003148,A003034,2025-12-20,C004,OLD_TARGETING,MEDIUM,0.379
T000003149,A001047,2025-12-19,C004,OLD_TARGETING,LOW,0.201
T000003150,A003098,2025-12-19,C004,OLD_TARGETING,HIGH,0.328
T000003151,A003883,2025-12-07,C004,OLD_TARGETING,MEDIUM,0.512
T000003152,A002609,2025-12-04,C004,OLD_TARGETING,LOW,0.438
T000003153,A002693,2025-12-24,C004,OLD_TARGETING,HIGH,0.463
T000003154,A001901,2025-12-06,C004,OLD_TARGETING,HIGH,0.944
T000003155,A002988,2025-12-23,C004,OLD_TARGETING,MEDIUM,0.707
T000003156,A002221,2025-12-18,C004,OLD_TARGETING,MEDIUM,0.309
T000003157,A000170,2025-12-10,C004,OLD_TARGETING,LOW,0.618
T000003158,A004022,2025-12-11,C004,OLD_TARGETING,MEDIUM,0.323
T000003159,A002391,2025-12-15,C004,OLD_TARGETING,MEDIUM,0.776
T000003160,A000036,2025-12-23,C004,OLD_TARGETING,LOW,0.531
T000003161,A000606,2025-12-15,C004,OLD_TARGETING,MEDIUM,0.814
T000003162,A003085,2025-12-05,C004,OLD_TARGETING,HIGH,0.823
T000003163,A000507,2025-12-22,C004,OLD_TARGETING,LOW,0.726
T000003164,A004126,2025-12-26,C004,OLD_TARGETING,HIGH,0.107
T000003165,A003647,2025-12-22,C004,OLD_TARGETING,LOW,0.492
T000003166,A003998,2025-12-12,C004,OLD_TARGETING,LOW,0.412
T000003167,A002919,2025-12-24,C004,OLD_TARGETING,HIGH,0.442
T000003168,A002802,2025-12-22,C004,OLD_TARGETING,MEDIUM,0.395
T000003169,A000117,2025-12-24,C004,OLD_TARGETING,MEDIUM,0.688
T000003170,A002322,2025-12-13,C004,OLD_TARGETING,MEDIUM,0.659
T000003171,A001435,2025-12-10,C004,OLD_TARGETING,MEDIUM,0.915
T000003172,A002820,2025-12-06,C004,OLD_TARGETING,MEDIUM,0.637
T000003173,A003084,2025-12-26,C004,OLD_TARGETING,LOW,0.319
T000003174,A002830,2025-12-20,C004,OLD_TARGETING,LOW,0.134
T000003175,A000486,2025-12-18,C004,OLD_TARGETING,LOW,0.257
T000003176,A003998,2025-12-01,C004,OLD_TARGETING,MEDIUM,0.388
T000003177,A003378,2025-12-24,C004,OLD_TARGETING,LOW,0.254
T000003178,A003631,2025-12-04,C004,OLD_TARGETING,HIGH,0.113
T000003179,A003566,2025-12-14,C004,OLD_TARGETING,MEDIUM,0.647
T000003180,A001844,2025-12-12,C004,OLD_TARGETING,MEDIUM,0.814
T000003181,A001971,2025-12-07,C004,OLD_TARGETING,MEDIUM,0.339
T000003182,A003262,2025-12-06,C004,OLD_TARGETING,LOW,0.16
T000003183,A002468,2025-12-05,C004,OLD_TARGETING,LOW,0.788
T000003184,A003406,2025-12-17,C004,OLD_TARGETING,MEDIUM,0.715
T000003185,A002189,2025-12-23,C004,OLD_TARGETING,HIGH,0.933
T000003186,A000462,2025-12-21,C004,OLD_TARGETING,HIGH,0.5
T000003187,A003479,2025-12-04,C004,OLD_TARGETING,MEDIUM,0.504
T000003188,A003919,2025-12-02,C004,OLD_TARGETING,MEDIUM,0.971
T000003189,A002227,2025-12-09,C004,OLD_TARGETING,MEDIUM,0.544
T000003190,A003803,2025-12-08,C004,OLD_TARGETING,HIGH,0.362
T000003191,A002647,2025-12-10,C004,OLD_TARGETING,MEDIUM,0.886
T000003192,A002782,2025-12-03,C004,OLD_TARGETING,MEDIUM,0.809
T000003193,A003230,2025-12-14,C004,OLD_TARGETING,LOW,0.739
T000003194,A003132,2025-12-27,C004,OLD_TARGETING,HIGH,0.558
T000003195,A003743,2025-12-02,C004,OLD_TARGETING,HIGH,0.109
T000003196,A001683,2025-12-25,C004,OLD_TARGETING,HIGH,0.909
T000003197,A004025,2025-12-15,C004,OLD_TARGETING,MEDIUM,0.149
T000003198,A000431,2025-12-24,C004,OLD_TARGETING,LOW,0.592
T000003199,A000617,2025-12-12,C004,OLD_TARGETING,MEDIUM,0.567
T000003200,A002273,2025-12-11,C004,OLD_TARGETING,HIGH,0.249
T000003201,A003811,2025-12-04,C004,OLD_TARGETING,HIGH,0.345
T000003202,A002007,2025-12-09,C004,OLD_TARGETING,MEDIUM,0.161
T000003203,A003871,2025-12-01,C004,OLD_TARGETING,MEDIUM,0.75
T000003204,A001402,2025-12-15,C004,OLD_TARGETING,HIGH,0.227
T000003205,A002937,2025-12-02,C004,OLD_TARGETING,LOW,0.778
T000003206,A002740,2025-12-25,C004,OLD_TARGETING,MEDIUM,0.976
T000003207,A002185,2025-12-04,C004,OLD_TARGETING,LOW,0.455
T000003208,A001342,2025-12-02,C004,OLD_TARGETING,MEDIUM,0.784
T000003209,A004026,2025-12-24,C004,OLD_TARGETING,MEDIUM,0.131
T000003210,A001386,2025-12-20,C004,OLD_TARGETING,MEDIUM,0.58
T000003211,A002095,2025-12-16,C004,OLD_TARGETING,LOW,0.868
T000003212,A001372,2025-12-07,C004,OLD_TARGETING,MEDIUM,0.466
T000003213,A002571,2025-12-20,C004,OLD_TARGETING,LOW,0.137
T000003214,A003001,2025-12-22,C004,OLD_TARGETING,MEDIUM,0.448
T000003215,A002885,2025-12-19,C004,OLD_TARGETING,HIGH,0.576
T000003216,A001979,2025-12-01,C004,OLD_TARGETING,HIGH,0.476
T000003217,A001341,2025-12-14,C004,OLD_TARGETING,HIGH,0.684
T000003218,A002984,2025-12-27,C004,OLD_TARGETING,MEDIUM,0.942
T000003219,A002143,2025-12-07,C004,OLD_TARGETING,MEDIUM,0.726
T000003220,A001840,2025-12-02,C004,OLD_TARGETING,MEDIUM,0.835
T000003221,A002068,2025-12-27,C004,OLD_TARGETING,MEDIUM,0.894
T000003222,A001774,2025-12-04,C004,OLD_TARGETING,MEDIUM,0.72
T000003223,A003603,2025-12-10,C004,OLD_TARGETING,HIGH,0.387
T000003224,A001547,2025-12-17,C004,OLD_TARGETING,LOW,0.246
T000003225,A002979,2025-12-21,C004,OLD_TARGETING,MEDIUM,0.591
T000003226,A001771,2025-12-09,C004,OLD_TARGETING,HIGH,0.308
T000003227,A002560,2025-12-05,C004,OLD_TARGETING,MEDIUM,0.57
T000003228,A000442,2025-12-11,C004,OLD_TARGETING,HIGH,0.581
T000003229,A001540,2025-12-16,C004,OLD_TARGETING,MEDIUM,0.2
T000003230,A001003,2025-12-09,C004,OLD_TARGETING,HIGH,0.69
T000003231,A002798,2025-12-11,C004,OLD_TARGETING,MEDIUM,0.22
T000003232,A001342,2025-12-13,C004,OLD_TARGETING,MEDIUM,0.518
T000003233,A003324,2025-12-07,C004,OLD_TARGETING,MEDIUM,0.415
T000003234,A000119,2025-12-13,C004,OLD_TARGETING,LOW,0.869
T000003235,A000527,2025-12-19,C004,OLD_TARGETING,LOW,0.537
T000003236,A000505,2025-12-12,C004,OLD_TARGETING,HIGH,0.192
T000003237,A000388,2025-12-22,C004,OLD_TARGETING,MEDIUM,0.198
T000003238,A001603,2025-12-16,C004,OLD_TARGETING,MEDIUM,0.467
T000003239,A001972,2025-12-05,C004,OLD_TARGETING,MEDIUM,0.206
T000003240,A001859,2025-12-22,C004,OLD_TARGETING,HIGH,0.703
T000003241,A000533,2025-12-14,C004,OLD_TARGETING,LOW,0.771
T000003242,A001827,2025-12-22,C004,OLD_TARGETING,MEDIUM,0.402
T000003243,A001589,2025-12-20,C004,OLD_TARGETING,MEDIUM,0.741
T000003244,A003559,2025-12-10,C004,OLD_TARGETING,MEDIUM,0.267
T000003245,A002676,2025-12-16,C004,OLD_TARGETING,MEDIUM,0.683
T000003246,A002712,2025-12-19,C004,OLD_TARGETING,MEDIUM,0.297
T000003247,A001404,2025-12-27,C004,OLD_TARGETING,MEDIUM,0.953
T000003248,A001860,2025-12-16,C004,OLD_TARGETING,MEDIUM,0.529
T000003249,A002155,2025-12-10,C004,OLD_TARGETING,MEDIUM,0.79
T000003250,A002966,2025-12-26,C004,OLD_TARGETING,MEDIUM,0.785
T000003251,A002099,2025-12-17,C004,OLD_TARGETING,MEDIUM,0.98
T000003252,A004099,2025-12-05,C004,OLD_TARGETING,LOW,0.448
T000003253,A000300,2025-12-22,C004,OLD_TARGETING,HIGH,0.809
T000003254,A000734,2025-12-21,C004,OLD_TARGETING,MEDIUM,0.514
T000003255,A003454,2025-12-19,C004,OLD_TARGETING,MEDIUM,0.324
T000003256,A003164,2025-12-18,C004,OLD_TARGETING,HIGH,0.79
T000003257,A003813,2025-12-05,C004,OLD_TARGETING,MEDIUM,0.777
T000003258,A002541,2025-12-11,C004,OLD_TARGETING,MEDIUM,0.678
T000003259,A002678,2025-12-06,C004,OLD_TARGETING,LOW,0.197
T000003260,A000331,2025-12-05,C004,OLD_TARGETING,LOW,0.523
T000003261,A002833,2025-12-13,C004,OLD_TARGETING,MEDIUM,0.206
T000003262,A001632,2025-12-22,C004,OLD_TARGETING,LOW,0.558
T000003263,A002276,2025-12-06,C004,OLD_TARGETING,MEDIUM,0.229
T000003264,A003545,2025-12-16,C004,OLD_TARGETING,LOW,0.469
T000003265,A001497,2025-12-05,C004,OLD_TARGETING,HIGH,0.367
T000003266,A003601,2025-12-18,C004,OLD_TARGETING,HIGH,0.649
T000003267,A002591,2025-12-23,C004,OLD_TARGETING,MEDIUM,0.129
T000003268,A000534,2025-12-12,C004,OLD_TARGETING,LOW,0.621
T000003269,A003196,2025-12-26,C004,OLD_TARGETING,HIGH,0.261
T000003270,A000650,2025-12-05,C004,OLD_TARGETING,MEDIUM,0.394
T000003271,A004198,2025-12-14,C004,OLD_TARGETING,HIGH,0.393
T000003272,A001884,2025-12-09,C004,OLD_TARGETING,HIGH,0.137
T000003273,A003562,2025-12-21,C004,OLD_TARGETING,HIGH,0.753
T000003274,A000961,2025-12-18,C004,OLD_TARGETING,MEDIUM,0.927
T000003275,A002259,2025-12-24,C004,OLD_TARGETING,HIGH,0.829
T000003276,A001164,2025-12-02,C004,OLD_TARGETING,MEDIUM,0.386
T000003277,A003276,2025-12-01,C004,OLD_TARGETING,LOW,0.625
T000003278,A002578,2025-12-20,C004,OLD_TARGETING,MEDIUM,0.353
T000003279,A000138,2025-12-14,C004,OLD_TARGETING,LOW,0.919
T000003280,A001488,2025-12-23,C004,OLD_TARGETING,LOW,0.432
T000003281,A001381,2025-12-26,C004,OLD_TARGETING,HIGH,0.924
T000003282,A002598,2025-12-13,C004,OLD_TARGETING,MEDIUM,0.257
T000003283,A001679,2025-12-15,C004,OLD_TARGETING,MEDIUM,0.328
T000003284,A002422,2025-12-24,C004,OLD_TARGETING,LOW,0.321
T000003285,A002667,2025-12-10,C004,OLD_TARGETING,LOW,0.923
T000003286,A000774,2025-12-02,C004,OLD_TARGETING,MEDIUM,0.819
T000003287,A003468,2025-12-13,C004,OLD_TARGETING,MEDIUM,0.534
T000003288,A002978,2025-12-21,C004,OLD_TARGETING,MEDIUM,0.173
T000003289,A001208,2025-12-15,C004,OLD_TARGETING,HIGH,0.344
T000003290,A003957,2025-12-09,C004,OLD_TARGETING,MEDIUM,0.345
T000003291,A000901,2025-12-20,C004,OLD_TARGETING,MEDIUM,0.556
T000003292,A000510,2025-12-20,C004,OLD_TARGETING,MEDIUM,0.93
T000003293,A001252,2025-12-25,C004,OLD_TARGETING,HIGH,0.533
T000003294,A000274,2025-12-02,C004,OLD_TARGETING,MEDIUM,0.443
T000003295,A003740,2025-12-04,C004,OLD_TARGETING,LOW,0.177
T000003296,A001213,2025-12-03,C004,OLD_TARGETING,MEDIUM,0.671
T000003297,A001349,2025-12-01,C004,OLD_TARGETING,LOW,0.815
T000003298,A000855,2025-12-03,C004,OLD_TARGETING,HIGH,0.535
T000003299,A003179,2025-12-25,C004,OLD_TARGETING,LOW,0.641
T000003300,A001764,2025-12-14,C004,OLD_TARGETING,MEDIUM,0.381
T000003301,A000808,2025-12-15,C004,OLD_TARGETING,MEDIUM,0.308
T000003302,A002349,2025-12-24,C004,OLD_TARGETING,HIGH,0.384
T000003303,A001720,2025-12-20,C004,OLD_TARGETING,LOW,0.854
T000003304,A000274,2025-12-24,C004,OLD_TARGETING,HIGH,0.297
T000003305,A003318,2025-12-06,C004,OLD_TARGETING,HIGH,0.409
T000003306,A004142,2025-12-26,C004,OLD_TARGETING,HIGH,0.607
T000003307,A001332,2025-12-19,C004,OLD_TARGETING,HIGH,0.139
T000003308,A001826,2025-12-16,C004,OLD_TARGETING,LOW,0.371
T000003309,A002480,2025-12-23,C004,OLD_TARGETING,MEDIUM,0.223
T000003310,A000119,2025-12-06,C004,OLD_TARGETING,MEDIUM,0.321
T000003311,A003477,2025-12-12,C004,OLD_TARGETING,HIGH,0.598
T000003312,A001569,2025-12-03,C004,OLD_TARGETING,MEDIUM,0.841
T000003313,A003301,2025-12-13,C004,OLD_TARGETING,LOW,0.906
T000003314,A000729,2025-12-19,C004,OLD_TARGETING,HIGH,0.128
T000003315,A001037,2025-12-24,C004,OLD_TARGETING,MEDIUM,0.832
T000003316,A001257,2025-12-23,C004,OLD_TARGETING,LOW,0.533
T000003317,A003233,2025-12-01,C004,OLD_TARGETING,MEDIUM,0.135
T000003318,A004013,2025-12-01,C004,OLD_TARGETING,MEDIUM,0.371
T000003319,A002123,2025-12-16,C004,OLD_TARGETING,LOW,0.505
T000003320,A000920,2025-12-25,C004,OLD_TARGETING,MEDIUM,0.322
T000003321,A001899,2025-12-25,C004,OLD_TARGETING,MEDIUM,0.758
T000003322,A003165,2025-12-10,C004,OLD_TARGETING,LOW,0.134
T000003323,A001670,2025-12-02,C004,OLD_TARGETING,HIGH,0.481
T000003324,A002714,2025-12-06,C004,OLD_TARGETING,LOW,0.413
T000003325,A001429,2025-12-18,C004,OLD_TARGETING,MEDIUM,0.367
T000003326,A001250,2025-12-22,C004,OLD_TARGETING,MEDIUM,0.812
T000003327,A001181,2025-12-12,C004,OLD_TARGETING,LOW,0.859
T000003328,A001163,2025-12-27,C004,OLD_TARGETING,LOW,0.35
T000003329,A002266,2025-12-06,C004,OLD_TARGETING,MEDIUM,0.171
T000003330,A002268,2025-12-10,C004,OLD_TARGETING,MEDIUM,0.922
T000003331,A001376,2025-12-09,C004,OLD_TARGETING,HIGH,0.708
T000003332,A002469,2025-12-12,C004,OLD_TARGETING,MEDIUM,0.887
T000003333,A001944,2025-12-14,C004,OLD_TARGETING,LOW,0.888
T000003334,A004192,2025-12-19,C004,OLD_TARGETING,MEDIUM,0.828
T000003335,A004162,2025-12-26,C004,OLD_TARGETING,MEDIUM,0.697
T000003336,A003592,2025-12-22,C004,OLD_TARGETING,MEDIUM,0.671
T000003337,A003060,2025-12-05,C004,OLD_TARGETING,MEDIUM,0.634
T000003338,A003236,2025-12-10,C004,OLD_TARGETING,MEDIUM,0.629
T000003339,A000027,2025-12-23,C004,OLD_TARGETING,HIGH,0.196
T000003340,A002304,2025-12-21,C004,OLD_TARGETING,LOW,0.359
T000003341,A003942,2025-12-09,C004,OLD_TARGETING,HIGH,0.462
T000003342,A000224,2025-12-20,C004,OLD_TARGETING,MEDIUM,0.471
T000003343,A002601,2025-12-05,C004,OLD_TARGETING,MEDIUM,0.253
T000003344,A003481,2025-12-09,C004,OLD_TARGETING,MEDIUM,0.906
T000003345,A003688,2025-12-02,C004,OLD_TARGETING,MEDIUM,0.433
T000003346,A000299,2025-12-16,C004,OLD_TARGETING,LOW,0.944
T000003347,A002367,2025-12-24,C004,OLD_TARGETING,MEDIUM,0.17
T000003348,A001494,2025-12-11,C004,OLD_TARGETING,MEDIUM,0.47
T000003349,A001890,2025-12-12,C004,OLD_TARGETING,MEDIUM,0.695
T000003350,A003610,2025-12-04,C004,OLD_TARGETING,HIGH,0.802
T000003351,A001383,2025-12-07,C004,OLD_TARGETING,MEDIUM,0.644
T000003352,A003820,2025-12-20,C004,OLD_TARGETING,MEDIUM,0.673
T000003353,A003780,2025-12-26,C004,OLD_TARGETING,MEDIUM,0.678
T000003354,A001628,2025-12-22,C004,OLD_TARGETING,MEDIUM,0.953
T000003355,A000912,2025-12-06,C004,OLD_TARGETING,HIGH,0.507
T000003356,A003327,2025-12-01,C004,OLD_TARGETING,HIGH,0.151
T000003357,A003139,2025-12-12,C004,OLD_TARGETING,MEDIUM,0.129
T000003358,A000401,2025-12-11,C004,OLD_TARGETING,MEDIUM,0.815
T000003359,A001074,2025-12-19,C004,OLD_TARGETING,HIGH,0.724
T000003360,A003222,2025-12-25,C004,OLD_TARGETING,MEDIUM,0.252
T000003361,A003678,2025-12-26,C004,OLD_TARGETING,HIGH,0.339
T000003362,A002667,2025-12-07,C004,OLD_TARGETING,MEDIUM,0.459
T000003363,A003615,2025-12-16,C004,OLD_TARGETING,MEDIUM,0.912
T000003364,A002924,2025-12-08,C004,OLD_TARGETING,MEDIUM,0.767
T000003365,A000318,2025-12-01,C004,OLD_TARGETING,LOW,0.575
T000003366,A004095,2025-12-15,C004,OLD_TARGETING,MEDIUM,0.244
T000003367,A001941,2025-12-24,C004,OLD_TARGETING,HIGH,0.303
T000003368,A001332,2025-12-16,C004,OLD_TARGETING,LOW,0.107
T000003369,A003359,2025-12-11,C004,OLD_TARGETING,MEDIUM,0.713
T000003370,A000608,2025-12-20,C004,OLD_TARGETING,HIGH,0.33
T000003371,A001570,2025-12-03,C004,OLD_TARGETING,HIGH,0.453
T000003372,A002207,2025-12-20,C004,OLD_TARGETING,LOW,0.594
T000003373,A002550,2025-12-03,C004,OLD_TARGETING,HIGH,0.584
T000003374,A000638,2025-12-03,C004,OLD_TARGETING,MEDIUM,0.864
T000003375,A004000,2025-12-14,C004,OLD_TARGETING,HIGH,0.278
T000003376,A002541,2025-12-05,C004,OLD_TARGETING,MEDIUM,0.828
T000003377,A003091,2025-12-14,C004,OLD_TARGETING,MEDIUM,0.818
T000003378,A003365,2025-12-21,C004,OLD_TARGETING,MEDIUM,0.841
T000003379,A001270,2025-12-11,C004,OLD_TARGETING,MEDIUM,0.122
T000003380,A003817,2025-12-18,C004,OLD_TARGETING,HIGH,0.809
T000003381,A002755,2025-12-24,C004,OLD_TARGETING,HIGH,0.377
T000003382,A002415,2025-12-01,C004,OLD_TARGETING,LOW,0.492
T000003383,A000505,2025-12-24,C004,OLD_TARGETING,MEDIUM,0.119
T000003384,A004091,2025-12-17,C004,OLD_TARGETING,HIGH,0.455
T000003385,A004036,2025-12-26,C004,OLD_TARGETING,MEDIUM,0.72
T000003386,A001575,2025-12-13,C004,OLD_TARGETING,MEDIUM,0.375
T000003387,A002845,2025-12-07,C004,OLD_TARGETING,LOW,0.525
T000003388,A001340,2025-12-21,C004,OLD_TARGETING,MEDIUM,0.255
T000003389,A001737,2025-12-26,C004,OLD_TARGETING,LOW,0.176
T000003390,A002063,2025-12-16,C004,OLD_TARGETING,LOW,0.463
T000003391,A000593,2025-12-23,C004,OLD_TARGETING,HIGH,0.159
T000003392,A002293,2025-12-06,C004,OLD_TARGETING,HIGH,0.683
T000003393,A002962,2025-12-17,C004,OLD_TARGETING,LOW,0.558
T000003394,A001909,2025-12-24,C004,OLD_TARGETING,HIGH,0.82
T000003395,A000399,2025-12-07,C004,OLD_TARGETING,MEDIUM,0.349
T000003396,A003928,2025-12-12,C004,OLD_TARGETING,MEDIUM,0.831
T000003397,A002110,2025-12-17,C004,OLD_TARGETING,LOW,0.25
T000003398,A003015,2025-12-08,C004,OLD_TARGETING,MEDIUM,0.191
T000003399,A002480,2025-12-24,C004,OLD_TARGETING,MEDIUM,0.124
T000003400,A003640,2025-12-06,C004,OLD_TARGETING,MEDIUM,0.415
T000003401,A001598,2025-12-02,C004,OLD_TARGETING,HIGH,0.152
T000003402,A003802,2025-12-17,C004,OLD_TARGETING,MEDIUM,0.976
T000003403,A003849,2025-12-05,C004,OLD_TARGETING,LOW,0.182
T000003404,A000420,2025-12-17,C004,OLD_TARGETING,LOW,0.944
T000003405,A002282,2025-12-06,C004,OLD_TARGETING,HIGH,0.727
T000003406,A001184,2025-12-21,C004,OLD_TARGETING,MEDIUM,0.276
T000003407,A002283,2025-12-01,C004,OLD_TARGETING,HIGH,0.712
T000003408,A000535,2025-12-02,C004,OLD_TARGETING,MEDIUM,0.334
T000003409,A000857,2025-12-04,C004,OLD_TARGETING,HIGH,0.173
T000003410,A001512,2025-12-03,C004,OLD_TARGETING,LOW,0.826
T000003411,A001546,2025-12-01,C004,OLD_TARGETING,MEDIUM,0.529
T000003412,A003968,2025-12-12,C004,OLD_TARGETING,LOW,0.36
T000003413,A002588,2025-12-09,C004,OLD_TARGETING,HIGH,0.179
T000003414,A000411,2025-12-17,C004,OLD_TARGETING,MEDIUM,0.414
T000003415,A003720,2025-12-22,C004,OLD_TARGETING,LOW,0.445
T000003416,A001258,2025-12-14,C004,OLD_TARGETING,MEDIUM,0.814
T000003417,A000493,2025-12-14,C004,OLD_TARGETING,MEDIUM,0.209
T000003418,A002647,2025-12-03,C004,OLD_TARGETING,HIGH,0.671
T000003419,A002101,2025-12-14,C004,OLD_TARGETING,HIGH,0.741
T000003420,A004041,2025-12-26,C004,OLD_TARGETING,HIGH,0.152
T000003421,A003703,2025-12-12,C004,OLD_TARGETING,MEDIUM,0.774
T000003422,A004178,2025-12-07,C004,OLD_TARGETING,LOW,0.963
T000003423,A000434,2025-12-12,C004,OLD_TARGETING,MEDIUM,0.962
T000003424,A003692,2025-12-24,C004,OLD_TARGETING,HIGH,0.307
T000003425,A003518,2025-12-12,C004,OLD_TARGETING,HIGH,0.158
T000003426,A000585,2025-12-13,C004,OLD_TARGETING,MEDIUM,0.619
T000003427,A000963,2025-12-03,C004,OLD_TARGETING,HIGH,0.821
T000003428,A002831,2025-12-21,C004,OLD_TARGETING,HIGH,0.256
T000003429,A003398,2025-12-05,C004,OLD_TARGETING,MEDIUM,0.762
T000003430,A002243,2025-12-22,C004,OLD_TARGETING,HIGH,0.935
T000003431,A000262,2025-12-06,C004,OLD_TARGETING,LOW,0.394
T000003432,A001521,2025-12-12,C004,OLD_TARGETING,MEDIUM,0.248
T000003433,A000296,2025-12-21,C004,OLD_TARGETING,MEDIUM,0.607
T000003434,A003267,2025-12-20,C004,OLD_TARGETING,HIGH,0.703
T000003435,A003772,2025-12-21,C004,OLD_TARGETING,MEDIUM,0.522
T000003436,A003537,2025-12-12,C004,OLD_TARGETING,MEDIUM,0.201
T000003437,A004046,2025-12-08,C004,OLD_TARGETING,HIGH,0.813
T000003438,A000697,2025-12-05,C004,OLD_TARGETING,MEDIUM,0.691
T000003439,A002217,2025-12-17,C004,OLD_TARGETING,HIGH,0.49
T000003440,A003291,2025-12-09,C004,OLD_TARGETING,MEDIUM,0.934
T000003441,A001118,2025-12-18,C004,OLD_TARGETING,MEDIUM,0.604
T000003442,A003929,2025-12-11,C004,OLD_TARGETING,MEDIUM,0.521
T000003443,A000321,2025-12-09,C004,OLD_TARGETING,MEDIUM,0.131
T000003444,A003892,2025-12-15,C004,OLD_TARGETING,MEDIUM,0.327
T000003445,A000859,2025-12-17,C004,OLD_TARGETING,MEDIUM,0.79
T000003446,A004074,2025-12-17,C004,OLD_TARGETING,MEDIUM,0.457
T000003447,A002821,2025-12-07,C004,OLD_TARGETING,HIGH,0.481
T000003448,A003938,2025-12-22,C004,OLD_TARGETING,LOW,0.441
T000003449,A004028,2025-12-08,C004,OLD_TARGETING,HIGH,0.12
T000003450,A000058,2025-12-25,C004,OLD_TARGETING,MEDIUM,0.313
T000003451,A000562,2025-12-27,C004,OLD_TARGETING,HIGH,0.195
T000003452,A003757,2025-12-26,C004,OLD_TARGETING,LOW,0.342
T000003453,A002976,2025-12-04,C004,OLD_TARGETING,MEDIUM,0.755
T000003454,A001755,2025-12-09,C004,OLD_TARGETING,MEDIUM,0.67
T000003455,A002913,2025-12-27,C004,OLD_TARGETING,MEDIUM,0.586
T000003456,A002231,2025-12-11,C004,OLD_TARGETING,LOW,0.645
T000003457,A002905,2025-12-19,C004,OLD_TARGETING,HIGH,0.482
T000003458,A002348,2025-12-13,C004,OLD_TARGETING,MEDIUM,0.402
T000003459,A003369,2025-12-18,C004,OLD_TARGETING,HIGH,0.359
T000003460,A000491,2025-12-07,C004,OLD_TARGETING,MEDIUM,0.201
T000003461,A002334,2025-12-16,C004,OLD_TARGETING,MEDIUM,0.576
T000003462,A003169,2025-12-02,C004,OLD_TARGETING,LOW,0.353
T000003463,A002426,2025-12-23,C004,OLD_TARGETING,MEDIUM,0.283
T000003464,A002643,2025-12-22,C004,OLD_TARGETING,MEDIUM,0.307
T000003465,A002333,2025-12-07,C004,OLD_TARGETING,MEDIUM,0.329
T000003466,A000692,2025-12-22,C004,OLD_TARGETING,MEDIUM,0.828
T000003467,A004061,2025-12-06,C004,OLD_TARGETING,LOW,0.465
T000003468,A004050,2025-12-11,C004,OLD_TARGETING,MEDIUM,0.573
T000003469,A003226,2025-12-22,C004,OLD_TARGETING,MEDIUM,0.54
T000003470,A004199,2025-12-10,C004,OLD_TARGETING,LOW,0.677
T000003471,A000354,2025-12-14,C004,OLD_TARGETING,MEDIUM,0.29
T000003472,A003750,2025-12-16,C004,OLD_TARGETING,HIGH,0.222
T000003473,A003878,2025-12-14,C004,OLD_TARGETING,HIGH,0.535
T000003474,A000914,2025-12-06,C004,OLD_TARGETING,LOW,0.286
T000003475,A000389,2025-12-06,C004,OLD_TARGETING,LOW,0.899
T000003476,A002185,2025-12-14,C004,OLD_TARGETING,MEDIUM,0.689
T000003477,A001100,2025-12-17,C004,OLD_TARGETING,LOW,0.963
T000003478,A000504,2025-12-13,C004,OLD_TARGETING,LOW,0.894
T000003479,A003174,2025-12-10,C004,OLD_TARGETING,MEDIUM,0.553
T000003480,A001807,2025-12-07,C004,OLD_TARGETING,MEDIUM,0.67
T000003481,A000980,2025-12-22,C004,OLD_TARGETING,HIGH,0.729
T000003482,A000176,2025-12-09,C004,OLD_TARGETING,MEDIUM,0.152
T000003483,A002421,2025-12-12,C004,OLD_TARGETING,MEDIUM,0.389
T000003484,A000478,2025-12-02,C004,OLD_TARGETING,LOW,0.507
T000003485,A002109,2025-12-03,C004,OLD_TARGETING,MEDIUM,0.418
T000003486,A000312,2025-12-23,C004,OLD_TARGETING,LOW,0.673
T000003487,A003536,2025-12-06,C004,OLD_TARGETING,MEDIUM,0.75
T000003488,A002858,2025-12-08,C004,OLD_TARGETING,MEDIUM,0.931
T000003489,A003421,2025-12-19,C004,OLD_TARGETING,HIGH,0.585
T000003490,A002043,2025-12-10,C004,OLD_TARGETING,MEDIUM,0.133
T000003491,A000612,2025-12-26,C004,OLD_TARGETING,MEDIUM,0.6
T000003492,A003379,2025-12-19,C004,OLD_TARGETING,HIGH,0.307
T000003493,A002378,2025-12-02,C004,OLD_TARGETING,MEDIUM,0.889
T000003494,A001836,2025-12-12,C004,OLD_TARGETING,LOW,0.836
T000003495,A000841,2025-12-07,C004,OLD_TARGETING,MEDIUM,0.709
T000003496,A000433,2025-12-05,C004,OLD_TARGETING,MEDIUM,0.884
T000003497,A002813,2025-12-05,C004,OLD_TARGETING,MEDIUM,0.624
T000003498,A001808,2025-12-27,C004,OLD_TARGETING,MEDIUM,0.762
T000003499,A001755,2025-12-04,C004,OLD_TARGETING,LOW,0.462
T000003500,A002126,2025-12-23,C004,OLD_TARGETING,HIGH,0.712
T000003501,A000347,2025-12-03,C004,OLD_TARGETING,MEDIUM,0.728
T000003502,A000700,2025-12-02,C004,OLD_TARGETING,HIGH,0.868
T000003503,A000612,2025-12-05,C004,OLD_TARGETING,MEDIUM,0.526
T000003504,A003847,2025-12-10,C004,OLD_TARGETING,MEDIUM,0.588
T000003505,A002192,2025-12-17,C004,OLD_TARGETING,MEDIUM,0.233
T000003506,A003256,2025-12-07,C004,OLD_TARGETING,MEDIUM,0.413
T000003507,A001446,2025-12-16,C004,OLD_TARGETING,LOW,0.209
T000003508,A000821,2025-12-11,C004,OLD_TARGETING,MEDIUM,0.35
T000003509,A002540,2025-12-12,C004,OLD_TARGETING,MEDIUM,0.495
T000003510,A003309,2025-12-17,C004,OLD_TARGETING,MEDIUM,0.345
T000003511,A001326,2025-12-17,C004,OLD_TARGETING,MEDIUM,0.947
T000003512,A001317,2025-12-09,C004,OLD_TARGETING,HIGH,0.574
T000003513,A003523,2025-12-21,C004,OLD_TARGETING,MEDIUM,0.871
T000003514,A001116,2025-12-10,C004,OLD_TARGETING,MEDIUM,0.309
T000003515,A003653,2025-12-09,C004,OLD_TARGETING,HIGH,0.652
T000003516,A002743,2025-12-18,C004,OLD_TARGETING,MEDIUM,0.159
T000003517,A004133,2025-12-06,C004,OLD_TARGETING,HIGH,0.562
T000003518,A003982,2025-12-10,C004,OLD_TARGETING,LOW,0.504
T000003519,A003907,2025-12-05,C004,OLD_TARGETING,LOW,0.245
T000003520,A003784,2025-12-11,C004,OLD_TARGETING,MEDIUM,0.675
T000003521,A001140,2025-12-01,C004,OLD_TARGETING,HIGH,0.865
T000003522,A003460,2025-12-10,C004,OLD_TARGETING,MEDIUM,0.271
T000003523,A000905,2025-12-21,C004,OLD_TARGETING,HIGH,0.921
T000003524,A003065,2025-12-07,C004,OLD_TARGETING,MEDIUM,0.692
T000003525,A002783,2025-12-27,C004,OLD_TARGETING,HIGH,0.741
T000003526,A001162,2025-12-04,C004,OLD_TARGETING,MEDIUM,0.598
T000003527,A003565,2025-12-01,C004,OLD_TARGETING,LOW,0.759
T000003528,A002749,2025-12-11,C004,OLD_TARGETING,HIGH,0.217
T000003529,A001649,2025-12-17,C004,OLD_TARGETING,HIGH,0.337
T000003530,A003255,2025-12-22,C004,OLD_TARGETING,MEDIUM,0.51
T000003531,A000297,2025-12-07,C004,OLD_TARGETING,LOW,0.64
T000003532,A003924,2025-12-15,C004,OLD_TARGETING,HIGH,0.757
T000003533,A000589,2025-12-05,C004,OLD_TARGETING,HIGH,0.216
T000003534,A002212,2025-12-05,C004,OLD_TARGETING,MEDIUM,0.356
T000003535,A000302,2025-12-15,C004,OLD_TARGETING,HIGH,0.868
T000003536,A002771,2025-12-15,C004,OLD_TARGETING,MEDIUM,0.441
T000003537,A001623,2025-12-26,C004,OLD_TARGETING,LOW,0.54
T000003538,A002791,2025-12-16,C004,OLD_TARGETING,LOW,0.73
T000003539,A000872,2025-12-25,C004,OLD_TARGETING,HIGH,0.264
T000003540,A003904,2025-12-03,C004,OLD_TARGETING,MEDIUM,0.454
T000003541,A003294,2025-12-02,C004,OLD_TARGETING,LOW,0.849
T000003542,A000597,2025-12-17,C004,OLD_TARGETING,HIGH,0.637
T000003543,A000711,2025-12-02,C004,OLD_TARGETING,MEDIUM,0.478
T000003544,A001394,2025-12-03,C004,OLD_TARGETING,LOW,0.294
T000003545,A000187,2025-12-23,C004,OLD_TARGETING,LOW,0.556
T000003546,A002928,2025-12-01,C004,OLD_TARGETING,MEDIUM,0.665
T000003547,A001362,2025-12-06,C004,OLD_TARGETING,LOW,0.649
T000003548,A000626,2025-12-13,C004,OLD_TARGETING,HIGH,0.632
T000003549,A003443,2025-12-08,C004,OLD_TARGETING,MEDIUM,0.925
T000003550,A003427,2025-12-27,C004,OLD_TARGETING,MEDIUM,0.553
T000003551,A002243,2025-12-05,C004,OLD_TARGETING,MEDIUM,0.343
T000003552,A000568,2025-12-20,C004,OLD_TARGETING,HIGH,0.193
T000003553,A003545,2025-12-11,C004,OLD_TARGETING,LOW,0.277
T000003554,A002575,2025-12-15,C004,OLD_TARGETING,LOW,0.621
T000003555,A001475,2025-12-26,C004,OLD_TARGETING,LOW,0.629
T000003556,A001129,2025-12-16,C004,OLD_TARGETING,MEDIUM,0.238
T000003557,A004162,2025-12-06,C004,OLD_TARGETING,HIGH,0.684
T000003558,A000819,2025-12-12,C004,OLD_TARGETING,MEDIUM,0.795
T000003559,A000028,2025-12-09,C004,OLD_TARGETING,LOW,0.775
T000003560,A002349,2025-12-26,C004,OLD_TARGETING,LOW,0.775
T000003561,A002486,2025-12-07,C004,OLD_TARGETING,LOW,0.317
T000003562,A002586,2025-12-10,C004,OLD_TARGETING,MEDIUM,0.47
T000003563,A003112,2025-12-04,C004,OLD_TARGETING,MEDIUM,0.419
T000003564,A002849,2025-12-15,C004,OLD_TARGETING,LOW,0.437
T000003565,A001832,2025-12-13,C004,OLD_TARGETING,MEDIUM,0.594
T000003566,A000586,2025-12-24,C004,OLD_TARGETING,MEDIUM,0.971
T000003567,A002788,2025-12-06,C004,OLD_TARGETING,LOW,0.657
T000003568,A003520,2025-12-24,C004,OLD_TARGETING,HIGH,0.665
T000003569,A002779,2025-12-04,C004,OLD_TARGETING,MEDIUM,0.709
T000003570,A001549,2025-12-25,C004,OLD_TARGETING,MEDIUM,0.457
T000003571,A001448,2025-12-17,C004,OLD_TARGETING,LOW,0.131
T000003572,A002297,2025-12-26,C004,OLD_TARGETING,HIGH,0.535
T000003573,A001664,2025-12-17,C004,OLD_TARGETING,MEDIUM,0.454
T000003574,A003195,2025-12-04,C004,OLD_TARGETING,HIGH,0.103
T000003575,A002544,2025-12-13,C004,OLD_TARGETING,MEDIUM,0.764
T000003576,A000117,2025-12-11,C004,OLD_TARGETING,MEDIUM,0.432
T000003577,A002773,2025-12-06,C004,OLD_TARGETING,HIGH,0.289
T000003578,A000118,2025-12-23,C004,OLD_TARGETING,LOW,0.636
T000003579,A000280,2025-12-17,C004,OLD_TARGETING,MEDIUM,0.833
T000003580,A000561,2025-12-05,C004,OLD_TARGETING,MEDIUM,0.701
T000003581,A000705,2025-12-15,C004,OLD_TARGETING,MEDIUM,0.126
T000003582,A001573,2025-12-13,C004,OLD_TARGETING,HIGH,0.876
T000003583,A003268,2025-12-08,C004,OLD_TARGETING,LOW,0.972
T000003584,A004074,2025-12-08,C004,OLD_TARGETING,MEDIUM,0.525
T000003585,A003999,2025-12-12,C004,OLD_TARGETING,LOW,0.373
T000003586,A001555,2025-12-11,C004,OLD_TARGETING,MEDIUM,0.344
T000003587,A000273,2025-12-11,C004,OLD_TARGETING,HIGH,0.459
T000003588,A002924,2025-12-19,C004,OLD_TARGETING,LOW,0.851
T000003589,A001820,2025-12-18,C004,OLD_TARGETING,HIGH,0.359
T000003590,A003578,2025-12-06,C004,OLD_TARGETING,MEDIUM,0.439
T000003591,A004145,2025-12-07,C004,OLD_TARGETING,MEDIUM,0.572
T000003592,A001289,2025-12-02,C004,OLD_TARGETING,MEDIUM,0.576
T000003593,A003910,2025-12-24,C004,OLD_TARGETING,LOW,0.914
T000003594,A003244,2025-12-04,C004,OLD_TARGETING,MEDIUM,0.216
T000003595,A003727,2025-12-19,C004,OLD_TARGETING,MEDIUM,0.245
T000003596,A001965,2025-12-10,C004,OLD_TARGETING,MEDIUM,0.451
T000003597,A001801,2025-12-27,C004,OLD_TARGETING,LOW,0.192
T000003598,A001962,2025-12-21,C004,OLD_TARGETING,HIGH,0.34
T000003599,A001463,2025-12-27,C004,OLD_TARGETING,LOW,0.455
T000003600,A000748,2025-12-15,C004,OLD_TARGETING,MEDIUM,0.402
T000003601,A003591,2026-01-11,C005,OLD_TARGETING,MEDIUM,0.854
T000003602,A002508,2026-01-15,C005,OLD_TARGETING,HIGH,0.497
T000003603,A002045,2026-01-07,C005,OLD_TARGETING,MEDIUM,0.925
T000003604,A001599,2026-01-18,C005,OLD_TARGETING,MEDIUM,0.306
T000003605,A002547,2026-01-23,C005,OLD_TARGETING,HIGH,0.445
T000003606,A000346,2026-01-24,C005,OLD_TARGETING,LOW,0.259
T000003607,A001598,2026-01-05,C005,OLD_TARGETING,MEDIUM,0.568
T000003608,A001541,2026-01-02,C005,OLD_TARGETING,MEDIUM,0.539
T000003609,A000523,2026-01-11,C005,OLD_TARGETING,LOW,0.653
T000003610,A002285,2026-01-20,C005,OLD_TARGETING,MEDIUM,0.507
T000003611,A000355,2026-01-09,C005,OLD_TARGETING,MEDIUM,0.343
T000003612,A003849,2026-01-11,C005,OLD_TARGETING,HIGH,0.463
T000003613,A000185,2026-01-12,C005,OLD_TARGETING,MEDIUM,0.703
T000003614,A001168,2026-01-25,C005,OLD_TARGETING,HIGH,0.775
T000003615,A001897,2026-01-16,C005,OLD_TARGETING,HIGH,0.353
T000003616,A000221,2026-01-03,C005,OLD_TARGETING,LOW,0.345
T000003617,A002858,2026-01-16,C005,OLD_TARGETING,MEDIUM,0.462
T000003618,A001365,2026-01-26,C005,OLD_TARGETING,MEDIUM,0.987
T000003619,A001162,2026-01-22,C005,OLD_TARGETING,HIGH,0.434
T000003620,A002070,2026-01-17,C005,OLD_TARGETING,HIGH,0.541
T000003621,A001722,2026-01-21,C005,OLD_TARGETING,LOW,0.228
T000003622,A002688,2026-01-20,C005,OLD_TARGETING,MEDIUM,0.121
T000003623,A000405,2026-01-21,C005,OLD_TARGETING,LOW,0.484
T000003624,A002147,2026-01-17,C005,OLD_TARGETING,MEDIUM,0.136
T000003625,A002655,2026-01-23,C005,OLD_TARGETING,MEDIUM,0.694
T000003626,A000710,2026-01-26,C005,OLD_TARGETING,MEDIUM,0.441
T000003627,A001022,2026-01-04,C005,OLD_TARGETING,HIGH,0.708
T000003628,A001899,2026-01-03,C005,OLD_TARGETING,HIGH,0.387
T000003629,A002379,2026-01-03,C005,OLD_TARGETING,MEDIUM,0.648
T000003630,A003209,2026-01-01,C005,OLD_TARGETING,MEDIUM,0.356
T000003631,A002316,2026-01-17,C005,OLD_TARGETING,HIGH,0.295
T000003632,A001413,2026-01-13,C005,OLD_TARGETING,LOW,0.676
T000003633,A001106,2026-01-17,C005,OLD_TARGETING,MEDIUM,0.743
T000003634,A002576,2026-01-05,C005,OLD_TARGETING,MEDIUM,0.713
T000003635,A003377,2026-01-15,C005,OLD_TARGETING,HIGH,0.694
T000003636,A001514,2026-01-04,C005,OLD_TARGETING,LOW,0.545
T000003637,A002818,2026-01-04,C005,OLD_TARGETING,HIGH,0.425
T000003638,A001123,2026-01-03,C005,OLD_TARGETING,MEDIUM,0.312
T000003639,A001795,2026-01-03,C005,OLD_TARGETING,HIGH,0.64
T000003640,A004158,2026-01-16,C005,OLD_TARGETING,LOW,0.775
T000003641,A000732,2026-01-06,C005,OLD_TARGETING,MEDIUM,0.77
T000003642,A002887,2026-01-15,C005,OLD_TARGETING,MEDIUM,0.347
T000003643,A003869,2026-01-22,C005,OLD_TARGETING,LOW,0.737
T000003644,A002597,2026-01-19,C005,OLD_TARGETING,LOW,0.779
T000003645,A001421,2026-01-05,C005,OLD_TARGETING,LOW,0.98
T000003646,A003850,2026-01-04,C005,OLD_TARGETING,MEDIUM,0.585
T000003647,A001411,2026-01-14,C005,OLD_TARGETING,MEDIUM,0.528
T000003648,A003806,2026-01-13,C005,OLD_TARGETING,HIGH,0.901
T000003649,A002201,2026-01-21,C005,OLD_TARGETING,HIGH,0.251
T000003650,A001909,2026-01-17,C005,OLD_TARGETING,LOW,0.874
T000003651,A000944,2026-01-08,C005,OLD_TARGETING,MEDIUM,0.209
T000003652,A000463,2026-01-21,C005,OLD_TARGETING,MEDIUM,0.464
T000003653,A003612,2026-01-08,C005,OLD_TARGETING,MEDIUM,0.819
T000003654,A003809,2026-01-13,C005,OLD_TARGETING,LOW,0.163
T000003655,A000670,2026-01-17,C005,OLD_TARGETING,HIGH,0.822
T000003656,A001831,2026-01-09,C005,OLD_TARGETING,HIGH,0.644
T000003657,A001581,2026-01-07,C005,OLD_TARGETING,MEDIUM,0.676
T000003658,A003271,2026-01-02,C005,OLD_TARGETING,MEDIUM,0.882
T000003659,A000501,2026-01-23,C005,OLD_TARGETING,MEDIUM,0.823
T000003660,A000157,2026-01-04,C005,OLD_TARGETING,MEDIUM,0.161
T000003661,A003496,2026-01-18,C005,OLD_TARGETING,MEDIUM,0.907
T000003662,A000933,2026-01-10,C005,OLD_TARGETING,MEDIUM,0.335
T000003663,A000307,2026-01-23,C005,OLD_TARGETING,MEDIUM,0.56
T000003664,A002951,2026-01-12,C005,OLD_TARGETING,LOW,0.913
T000003665,A002081,2026-01-17,C005,OLD_TARGETING,LOW,0.777
T000003666,A002722,2026-01-21,C005,OLD_TARGETING,LOW,0.492
T000003667,A003312,2026-01-16,C005,OLD_TARGETING,LOW,0.321
T000003668,A003402,2026-01-10,C005,OLD_TARGETING,LOW,0.852
T000003669,A003635,2026-01-21,C005,OLD_TARGETING,LOW,0.597
T000003670,A002480,2026-01-24,C005,OLD_TARGETING,MEDIUM,0.416
T000003671,A001425,2026-01-20,C005,OLD_TARGETING,MEDIUM,0.233
T000003672,A001044,2026-01-02,C005,OLD_TARGETING,MEDIUM,0.95
T000003673,A002420,2026-01-13,C005,OLD_TARGETING,LOW,0.687
T000003674,A001361,2026-01-19,C005,OLD_TARGETING,MEDIUM,0.489
T000003675,A000630,2026-01-13,C005,OLD_TARGETING,MEDIUM,0.853
T000003676,A002062,2026-01-23,C005,OLD_TARGETING,HIGH,0.93
T000003677,A002586,2026-01-13,C005,OLD_TARGETING,MEDIUM,0.524
T000003678,A000786,2026-01-10,C005,OLD_TARGETING,MEDIUM,0.218
T000003679,A002416,2026-01-15,C005,OLD_TARGETING,MEDIUM,0.152
T000003680,A004088,2026-01-20,C005,OLD_TARGETING,MEDIUM,0.871
T000003681,A004154,2026-01-09,C005,OLD_TARGETING,MEDIUM,0.495
T000003682,A001803,2026-01-03,C005,OLD_TARGETING,MEDIUM,0.555
T000003683,A001196,2026-01-09,C005,OLD_TARGETING,MEDIUM,0.671
T000003684,A003199,2026-01-21,C005,OLD_TARGETING,LOW,0.946
T000003685,A003825,2026-01-23,C005,OLD_TARGETING,LOW,0.793
T000003686,A001052,2026-01-21,C005,OLD_TARGETING,LOW,0.527
T000003687,A000207,2026-01-25,C005,OLD_TARGETING,HIGH,0.701
T000003688,A000436,2026-01-15,C005,OLD_TARGETING,MEDIUM,0.63
T000003689,A001009,2026-01-13,C005,OLD_TARGETING,LOW,0.988
T000003690,A002392,2026-01-04,C005,OLD_TARGETING,MEDIUM,0.479
T000003691,A003994,2026-01-21,C005,OLD_TARGETING,HIGH,0.841
T000003692,A002908,2026-01-11,C005,OLD_TARGETING,MEDIUM,0.156
T000003693,A001323,2026-01-01,C005,OLD_TARGETING,MEDIUM,0.3
T000003694,A001013,2026-01-18,C005,OLD_TARGETING,LOW,0.468
T000003695,A002993,2026-01-14,C005,OLD_TARGETING,MEDIUM,0.9
T000003696,A001439,2026-01-14,C005,OLD_TARGETING,LOW,0.375
T000003697,A000817,2026-01-01,C005,OLD_TARGETING,LOW,0.617
T000003698,A003024,2026-01-23,C005,OLD_TARGETING,MEDIUM,0.6
T000003699,A004110,2026-01-07,C005,OLD_TARGETING,MEDIUM,0.398
T000003700,A003189,2026-01-20,C005,OLD_TARGETING,MEDIUM,0.74
T000003701,A003542,2026-01-13,C005,OLD_TARGETING,MEDIUM,0.428
T000003702,A002792,2026-01-22,C005,OLD_TARGETING,MEDIUM,0.641
T000003703,A000970,2026-01-26,C005,OLD_TARGETING,MEDIUM,0.726
T000003704,A003962,2026-01-26,C005,OLD_TARGETING,MEDIUM,0.48
T000003705,A002480,2026-01-12,C005,OLD_TARGETING,HIGH,0.784
T000003706,A004022,2026-01-27,C005,OLD_TARGETING,LOW,0.451
T000003707,A000351,2026-01-18,C005,OLD_TARGETING,LOW,0.73
T000003708,A001094,2026-01-16,C005,OLD_TARGETING,HIGH,0.25
T000003709,A000462,2026-01-19,C005,OLD_TARGETING,MEDIUM,0.229
T000003710,A001004,2026-01-24,C005,OLD_TARGETING,MEDIUM,0.632
T000003711,A001029,2026-01-02,C005,OLD_TARGETING,LOW,0.59
T000003712,A000889,2026-01-25,C005,OLD_TARGETING,MEDIUM,0.609
T000003713,A003903,2026-01-12,C005,OLD_TARGETING,MEDIUM,0.727
T000003714,A001865,2026-01-03,C005,OLD_TARGETING,LOW,0.585
T000003715,A001819,2026-01-14,C005,OLD_TARGETING,MEDIUM,0.557
T000003716,A001444,2026-01-08,C005,OLD_TARGETING,MEDIUM,0.552
T000003717,A001792,2026-01-05,C005,OLD_TARGETING,HIGH,0.642
T000003718,A000516,2026-01-16,C005,OLD_TARGETING,LOW,0.544
T000003719,A002795,2026-01-06,C005,OLD_TARGETING,MEDIUM,0.488
T000003720,A003264,2026-01-12,C005,OLD_TARGETING,HIGH,0.858
T000003721,A000740,2026-01-14,C005,OLD_TARGETING,MEDIUM,0.339
T000003722,A000419,2026-01-20,C005,OLD_TARGETING,MEDIUM,0.227
T000003723,A001836,2026-01-14,C005,OLD_TARGETING,HIGH,0.416
T000003724,A002311,2026-01-16,C005,OLD_TARGETING,HIGH,0.206
T000003725,A003691,2026-01-09,C005,OLD_TARGETING,MEDIUM,0.942
T000003726,A002048,2026-01-23,C005,OLD_TARGETING,LOW,0.317
T000003727,A000005,2026-01-02,C005,OLD_TARGETING,LOW,0.506
T000003728,A003110,2026-01-11,C005,OLD_TARGETING,MEDIUM,0.864
T000003729,A000087,2026-01-16,C005,OLD_TARGETING,MEDIUM,0.643
T000003730,A002084,2026-01-12,C005,OLD_TARGETING,MEDIUM,0.272
T000003731,A003767,2026-01-17,C005,OLD_TARGETING,MEDIUM,0.238
T000003732,A001113,2026-01-10,C005,OLD_TARGETING,MEDIUM,0.125
T000003733,A000059,2026-01-16,C005,OLD_TARGETING,HIGH,0.512
T000003734,A000612,2026-01-13,C005,OLD_TARGETING,MEDIUM,0.408
T000003735,A001660,2026-01-04,C005,OLD_TARGETING,HIGH,0.257
T000003736,A002728,2026-01-14,C005,OLD_TARGETING,HIGH,0.672
T000003737,A000414,2026-01-20,C005,OLD_TARGETING,MEDIUM,0.703
T000003738,A001825,2026-01-06,C005,OLD_TARGETING,LOW,0.368
T000003739,A003352,2026-01-06,C005,OLD_TARGETING,LOW,0.777
T000003740,A001054,2026-01-05,C005,OLD_TARGETING,LOW,0.287
T000003741,A001112,2026-01-06,C005,OLD_TARGETING,MEDIUM,0.71
T000003742,A004085,2026-01-21,C005,OLD_TARGETING,HIGH,0.606
T000003743,A000347,2026-01-20,C005,OLD_TARGETING,HIGH,0.177
T000003744,A000127,2026-01-05,C005,OLD_TARGETING,HIGH,0.345
T000003745,A001988,2026-01-16,C005,OLD_TARGETING,MEDIUM,0.402
T000003746,A003217,2026-01-25,C005,OLD_TARGETING,LOW,0.73
T000003747,A003594,2026-01-09,C005,OLD_TARGETING,LOW,0.887
T000003748,A002133,2026-01-03,C005,OLD_TARGETING,MEDIUM,0.319
T000003749,A001942,2026-01-06,C005,OLD_TARGETING,HIGH,0.13
T000003750,A001031,2026-01-18,C005,OLD_TARGETING,MEDIUM,0.333
T000003751,A000941,2026-01-09,C005,OLD_TARGETING,MEDIUM,0.118
T000003752,A000517,2026-01-13,C005,OLD_TARGETING,LOW,0.594
T000003753,A002112,2026-01-20,C005,OLD_TARGETING,MEDIUM,0.813
T000003754,A003957,2026-01-14,C005,OLD_TARGETING,HIGH,0.149
T000003755,A000980,2026-01-01,C005,OLD_TARGETING,HIGH,0.14
T000003756,A003275,2026-01-23,C005,OLD_TARGETING,HIGH,0.267
T000003757,A000935,2026-01-08,C005,OLD_TARGETING,MEDIUM,0.481
T000003758,A001860,2026-01-12,C005,OLD_TARGETING,MEDIUM,0.36
T000003759,A003121,2026-01-20,C005,OLD_TARGETING,HIGH,0.534
T000003760,A001658,2026-01-27,C005,OLD_TARGETING,MEDIUM,0.366
T000003761,A001669,2026-01-04,C005,OLD_TARGETING,MEDIUM,0.607
T000003762,A001180,2026-01-13,C005,OLD_TARGETING,MEDIUM,0.557
T000003763,A001097,2026-01-17,C005,OLD_TARGETING,HIGH,0.486
T000003764,A002628,2026-01-05,C005,OLD_TARGETING,MEDIUM,0.131
T000003765,A001901,2026-01-20,C005,OLD_TARGETING,HIGH,0.263
T000003766,A002097,2026-01-09,C005,OLD_TARGETING,MEDIUM,0.32
T000003767,A001676,2026-01-21,C005,OLD_TARGETING,MEDIUM,0.125
T000003768,A000176,2026-01-01,C005,OLD_TARGETING,HIGH,0.531
T000003769,A002216,2026-01-06,C005,OLD_TARGETING,LOW,0.717
T000003770,A000427,2026-01-13,C005,OLD_TARGETING,HIGH,0.586
T000003771,A003075,2026-01-24,C005,OLD_TARGETING,HIGH,0.523
T000003772,A002547,2026-01-03,C005,OLD_TARGETING,MEDIUM,0.596
T000003773,A004140,2026-01-10,C005,OLD_TARGETING,MEDIUM,0.553
T000003774,A002940,2026-01-22,C005,OLD_TARGETING,MEDIUM,0.789
T000003775,A000176,2026-01-11,C005,OLD_TARGETING,HIGH,0.433
T000003776,A001712,2026-01-14,C005,OLD_TARGETING,MEDIUM,0.347
T000003777,A002058,2026-01-14,C005,OLD_TARGETING,HIGH,0.328
T000003778,A003868,2026-01-07,C005,OLD_TARGETING,LOW,0.181
T000003779,A001509,2026-01-21,C005,OLD_TARGETING,MEDIUM,0.216
T000003780,A002511,2026-01-12,C005,OLD_TARGETING,MEDIUM,0.181
T000003781,A002174,2026-01-22,C005,OLD_TARGETING,HIGH,0.79
T000003782,A002549,2026-01-12,C005,OLD_TARGETING,LOW,0.52
T000003783,A000533,2026-01-16,C005,OLD_TARGETING,MEDIUM,0.705
T000003784,A004076,2026-01-17,C005,OLD_TARGETING,MEDIUM,0.753
T000003785,A001480,2026-01-03,C005,OLD_TARGETING,MEDIUM,0.699
T000003786,A001594,2026-01-24,C005,OLD_TARGETING,MEDIUM,0.466
T000003787,A002812,2026-01-22,C005,OLD_TARGETING,HIGH,0.201
T000003788,A000955,2026-01-06,C005,OLD_TARGETING,MEDIUM,0.224
T000003789,A003419,2026-01-26,C005,OLD_TARGETING,MEDIUM,0.725
T000003790,A001340,2026-01-04,C005,OLD_TARGETING,HIGH,0.306
T000003791,A000696,2026-01-23,C005,OLD_TARGETING,LOW,0.167
T000003792,A001416,2026-01-09,C005,OLD_TARGETING,LOW,0.969
T000003793,A002182,2026-01-06,C005,OLD_TARGETING,MEDIUM,0.756
T000003794,A002738,2026-01-08,C005,OLD_TARGETING,MEDIUM,0.437
T000003795,A001471,2026-01-27,C005,OLD_TARGETING,HIGH,0.667
T000003796,A002485,2026-01-12,C005,OLD_TARGETING,MEDIUM,0.701
T000003797,A002523,2026-01-16,C005,OLD_TARGETING,MEDIUM,0.462
T000003798,A001804,2026-01-11,C005,OLD_TARGETING,LOW,0.756
T000003799,A002949,2026-01-15,C005,OLD_TARGETING,MEDIUM,0.305
T000003800,A002756,2026-01-27,C005,OLD_TARGETING,HIGH,0.654
T000003801,A002773,2026-01-21,C005,OLD_TARGETING,HIGH,0.249
T000003802,A003874,2026-01-18,C005,OLD_TARGETING,LOW,0.332
T000003803,A002105,2026-01-26,C005,OLD_TARGETING,MEDIUM,0.254
T000003804,A000244,2026-01-24,C005,OLD_TARGETING,LOW,0.217
T000003805,A002940,2026-01-01,C005,OLD_TARGETING,HIGH,0.325
T000003806,A003255,2026-01-04,C005,OLD_TARGETING,LOW,0.644
T000003807,A000509,2026-01-26,C005,OLD_TARGETING,MEDIUM,0.31
T000003808,A002993,2026-01-26,C005,OLD_TARGETING,LOW,0.599
T000003809,A003263,2026-01-01,C005,OLD_TARGETING,LOW,0.633
T000003810,A001583,2026-01-03,C005,OLD_TARGETING,MEDIUM,0.314
T000003811,A003427,2026-01-17,C005,OLD_TARGETING,MEDIUM,0.884
T000003812,A002787,2026-01-10,C005,OLD_TARGETING,MEDIUM,0.34
T000003813,A002624,2026-01-23,C005,OLD_TARGETING,MEDIUM,0.92
T000003814,A003273,2026-01-23,C005,OLD_TARGETING,MEDIUM,0.906
T000003815,A000759,2026-01-24,C005,OLD_TARGETING,HIGH,0.238
T000003816,A003154,2026-01-26,C005,OLD_TARGETING,MEDIUM,0.848
T000003817,A001115,2026-01-12,C005,OLD_TARGETING,MEDIUM,0.557
T000003818,A000532,2026-01-16,C005,OLD_TARGETING,MEDIUM,0.566
T000003819,A000636,2026-01-22,C005,OLD_TARGETING,MEDIUM,0.505
T000003820,A001117,2026-01-15,C005,OLD_TARGETING,LOW,0.694
T000003821,A002898,2026-01-05,C005,OLD_TARGETING,MEDIUM,0.42
T000003822,A000037,2026-01-14,C005,OLD_TARGETING,LOW,0.481
T000003823,A003435,2026-01-16,C005,OLD_TARGETING,HIGH,0.697
T000003824,A000365,2026-01-12,C005,OLD_TARGETING,HIGH,0.986
T000003825,A001419,2026-01-25,C005,OLD_TARGETING,MEDIUM,0.29
T000003826,A002877,2026-01-17,C005,OLD_TARGETING,MEDIUM,0.358
T000003827,A000794,2026-01-01,C005,OLD_TARGETING,MEDIUM,0.439
T000003828,A001598,2026-01-13,C005,OLD_TARGETING,HIGH,0.377
T000003829,A002510,2026-01-18,C005,OLD_TARGETING,HIGH,0.139
T000003830,A002010,2026-01-15,C005,OLD_TARGETING,MEDIUM,0.179
T000003831,A001897,2026-01-06,C005,OLD_TARGETING,LOW,0.687
T000003832,A001216,2026-01-19,C005,OLD_TARGETING,HIGH,0.836
T000003833,A002232,2026-01-16,C005,OLD_TARGETING,MEDIUM,0.53
T000003834,A001386,2026-01-05,C005,OLD_TARGETING,MEDIUM,0.379
T000003835,A000565,2026-01-26,C005,OLD_TARGETING,MEDIUM,0.48
T000003836,A001790,2026-01-18,C005,OLD_TARGETING,HIGH,0.253
T000003837,A001135,2026-01-04,C005,OLD_TARGETING,MEDIUM,0.293
T000003838,A002843,2026-01-13,C005,OLD_TARGETING,HIGH,0.886
T000003839,A000274,2026-01-02,C005,OLD_TARGETING,LOW,0.748
T000003840,A001924,2026-01-10,C005,OLD_TARGETING,MEDIUM,0.896
T000003841,A002913,2026-01-01,C005,OLD_TARGETING,LOW,0.927
T000003842,A002512,2026-01-08,C005,OLD_TARGETING,LOW,0.704
T000003843,A002367,2026-01-20,C005,OLD_TARGETING,HIGH,0.884
T000003844,A000195,2026-01-07,C005,OLD_TARGETING,MEDIUM,0.79
T000003845,A004199,2026-01-11,C005,OLD_TARGETING,MEDIUM,0.422
T000003846,A003385,2026-01-06,C005,OLD_TARGETING,HIGH,0.964
T000003847,A002535,2026-01-26,C005,OLD_TARGETING,LOW,0.866
T000003848,A003015,2026-01-26,C005,OLD_TARGETING,MEDIUM,0.416
T000003849,A000475,2026-01-26,C005,OLD_TARGETING,HIGH,0.618
T000003850,A000750,2026-01-24,C005,OLD_TARGETING,LOW,0.725
T000003851,A002104,2026-01-06,C005,OLD_TARGETING,HIGH,0.507
T000003852,A004027,2026-01-08,C005,OLD_TARGETING,MEDIUM,0.486
T000003853,A000808,2026-01-04,C005,OLD_TARGETING,HIGH,0.964
T000003854,A000131,2026-01-05,C005,OLD_TARGETING,LOW,0.517
T000003855,A001954,2026-01-11,C005,OLD_TARGETING,HIGH,0.43
T000003856,A003628,2026-01-21,C005,OLD_TARGETING,LOW,0.954
T000003857,A000347,2026-01-12,C005,OLD_TARGETING,MEDIUM,0.633
T000003858,A000084,2026-01-05,C005,OLD_TARGETING,LOW,0.776
T000003859,A002170,2026-01-16,C005,OLD_TARGETING,LOW,0.704
T000003860,A002618,2026-01-14,C005,OLD_TARGETING,MEDIUM,0.344
T000003861,A000152,2026-01-20,C005,OLD_TARGETING,MEDIUM,0.141
T000003862,A000862,2026-01-06,C005,OLD_TARGETING,LOW,0.684
T000003863,A002113,2026-01-21,C005,OLD_TARGETING,LOW,0.68
T000003864,A002443,2026-01-23,C005,OLD_TARGETING,MEDIUM,0.337
T000003865,A001204,2026-01-22,C005,OLD_TARGETING,HIGH,0.967
T000003866,A000342,2026-01-05,C005,OLD_TARGETING,MEDIUM,0.423
T000003867,A002545,2026-01-04,C005,OLD_TARGETING,HIGH,0.181
T000003868,A001835,2026-01-04,C005,OLD_TARGETING,MEDIUM,0.831
T000003869,A001248,2026-01-15,C005,OLD_TARGETING,LOW,0.769
T000003870,A003820,2026-01-23,C005,OLD_TARGETING,MEDIUM,0.826
T000003871,A001791,2026-01-22,C005,OLD_TARGETING,LOW,0.807
T000003872,A001073,2026-01-24,C005,OLD_TARGETING,MEDIUM,0.626
T000003873,A000697,2026-01-06,C005,OLD_TARGETING,MEDIUM,0.716
T000003874,A000120,2026-01-23,C005,OLD_TARGETING,HIGH,0.209
T000003875,A002942,2026-01-24,C005,OLD_TARGETING,HIGH,0.734
T000003876,A000537,2026-01-22,C005,OLD_TARGETING,HIGH,0.731
T000003877,A000190,2026-01-19,C005,OLD_TARGETING,MEDIUM,0.471
T000003878,A003064,2026-01-04,C005,OLD_TARGETING,LOW,0.941
T000003879,A002574,2026-01-16,C005,OLD_TARGETING,MEDIUM,0.835
T000003880,A001007,2026-01-08,C005,OLD_TARGETING,MEDIUM,0.869
T000003881,A001063,2026-01-17,C005,OLD_TARGETING,MEDIUM,0.248
T000003882,A001296,2026-01-25,C005,OLD_TARGETING,MEDIUM,0.886
T000003883,A001016,2026-01-07,C005,OLD_TARGETING,LOW,0.834
T000003884,A003005,2026-01-01,C005,OLD_TARGETING,LOW,0.335
T000003885,A002037,2026-01-20,C005,OLD_TARGETING,HIGH,0.339
T000003886,A003439,2026-01-04,C005,OLD_TARGETING,LOW,0.343
T000003887,A000447,2026-01-15,C005,OLD_TARGETING,HIGH,0.687
T000003888,A002151,2026-01-16,C005,OLD_TARGETING,MEDIUM,0.502
T000003889,A001933,2026-01-15,C005,OLD_TARGETING,HIGH,0.595
T000003890,A000693,2026-01-21,C005,OLD_TARGETING,HIGH,0.479
T000003891,A003450,2026-01-21,C005,OLD_TARGETING,HIGH,0.341
T000003892,A001635,2026-01-26,C005,OLD_TARGETING,HIGH,0.685
T000003893,A000671,2026-01-13,C005,OLD_TARGETING,MEDIUM,0.787
T000003894,A001218,2026-01-25,C005,OLD_TARGETING,MEDIUM,0.474
T000003895,A002604,2026-01-07,C005,OLD_TARGETING,MEDIUM,0.452
T000003896,A001022,2026-01-09,C005,OLD_TARGETING,MEDIUM,0.752
T000003897,A000234,2026-01-01,C005,OLD_TARGETING,HIGH,0.815
T000003898,A004050,2026-01-03,C005,OLD_TARGETING,HIGH,0.725
T000003899,A003575,2026-01-09,C005,OLD_TARGETING,MEDIUM,0.862
T000003900,A000040,2026-01-23,C005,OLD_TARGETING,LOW,0.3
T000003901,A002338,2026-01-05,C005,OLD_TARGETING,HIGH,0.315
T000003902,A003404,2026-01-07,C005,OLD_TARGETING,HIGH,0.622
T000003903,A000471,2026-01-03,C005,OLD_TARGETING,LOW,0.284
T000003904,A002067,2026-01-27,C005,OLD_TARGETING,MEDIUM,0.952
T000003905,A003335,2026-01-08,C005,OLD_TARGETING,LOW,0.26
T000003906,A002248,2026-01-13,C005,OLD_TARGETING,LOW,0.228
T000003907,A000471,2026-01-19,C005,OLD_TARGETING,MEDIUM,0.273
T000003908,A003929,2026-01-21,C005,OLD_TARGETING,MEDIUM,0.128
T000003909,A001345,2026-01-05,C005,OLD_TARGETING,MEDIUM,0.225
T000003910,A002875,2026-01-02,C005,OLD_TARGETING,HIGH,0.15
T000003911,A001994,2026-01-21,C005,OLD_TARGETING,MEDIUM,0.942
T000003912,A003027,2026-01-12,C005,OLD_TARGETING,MEDIUM,0.207
T000003913,A002371,2026-01-09,C005,OLD_TARGETING,HIGH,0.8
T000003914,A002628,2026-01-07,C005,OLD_TARGETING,MEDIUM,0.346
T000003915,A003311,2026-01-05,C005,OLD_TARGETING,MEDIUM,0.857
T000003916,A002850,2026-01-07,C005,OLD_TARGETING,LOW,0.456
T000003917,A002555,2026-01-17,C005,OLD_TARGETING,MEDIUM,0.169
T000003918,A001733,2026-01-09,C005,OLD_TARGETING,LOW,0.29
T000003919,A000353,2026-01-05,C005,OLD_TARGETING,MEDIUM,0.869
T000003920,A003875,2026-01-09,C005,OLD_TARGETING,MEDIUM,0.776
T000003921,A000041,2026-01-20,C005,OLD_TARGETING,MEDIUM,0.853
T000003922,A001446,2026-01-17,C005,OLD_TARGETING,MEDIUM,0.835
T000003923,A002955,2026-01-21,C005,OLD_TARGETING,HIGH,0.429
T000003924,A001911,2026-01-07,C005,OLD_TARGETING,LOW,0.896
T000003925,A000499,2026-01-09,C005,OLD_TARGETING,HIGH,0.37
T000003926,A002637,2026-01-12,C005,OLD_TARGETING,HIGH,0.964
T000003927,A001582,2026-01-26,C005,OLD_TARGETING,LOW,0.129
T000003928,A000975,2026-01-16,C005,OLD_TARGETING,MEDIUM,0.899
T000003929,A001934,2026-01-27,C005,OLD_TARGETING,HIGH,0.71
T000003930,A002411,2026-01-11,C005,OLD_TARGETING,HIGH,0.587
T000003931,A002913,2026-01-14,C005,OLD_TARGETING,HIGH,0.732
T000003932,A000126,2026-01-11,C005,OLD_TARGETING,HIGH,0.194
T000003933,A003372,2026-01-07,C005,OLD_TARGETING,HIGH,0.527
T000003934,A002213,2026-01-23,C005,OLD_TARGETING,HIGH,0.347
T000003935,A002064,2026-01-20,C005,OLD_TARGETING,MEDIUM,0.893
T000003936,A000974,2026-01-12,C005,OLD_TARGETING,MEDIUM,0.624
T000003937,A001706,2026-01-08,C005,OLD_TARGETING,MEDIUM,0.362
T000003938,A002365,2026-01-18,C005,OLD_TARGETING,LOW,0.444
T000003939,A002248,2026-01-14,C005,OLD_TARGETING,MEDIUM,0.451
T000003940,A004148,2026-01-09,C005,OLD_TARGETING,MEDIUM,0.981
T000003941,A003953,2026-01-20,C005,OLD_TARGETING,HIGH,0.863
T000003942,A001627,2026-01-27,C005,OLD_TARGETING,HIGH,0.427
T000003943,A001177,2026-01-25,C005,OLD_TARGETING,MEDIUM,0.428
T000003944,A003766,2026-01-26,C005,OLD_TARGETING,HIGH,0.928
T000003945,A003792,2026-01-17,C005,OLD_TARGETING,MEDIUM,0.842
T000003946,A000818,2026-01-20,C005,OLD_TARGETING,MEDIUM,0.381
T000003947,A000286,2026-01-23,C005,OLD_TARGETING,LOW,0.427
T000003948,A000563,2026-01-13,C005,OLD_TARGETING,LOW,0.73
T000003949,A003696,2026-01-23,C005,OLD_TARGETING,LOW,0.275
T000003950,A001967,2026-01-18,C005,OLD_TARGETING,MEDIUM,0.304
T000003951,A000873,2026-01-13,C005,OLD_TARGETING,MEDIUM,0.538
T000003952,A001981,2026-01-14,C005,OLD_TARGETING,LOW,0.452
T000003953,A003665,2026-01-09,C005,OLD_TARGETING,HIGH,0.347
T000003954,A002043,2026-01-13,C005,OLD_TARGETING,MEDIUM,0.568
T000003955,A000541,2026-01-22,C005,OLD_TARGETING,MEDIUM,0.61
T000003956,A002841,2026-01-05,C005,OLD_TARGETING,MEDIUM,0.48
T000003957,A002754,2026-01-20,C005,OLD_TARGETING,MEDIUM,0.658
T000003958,A003922,2026-01-13,C005,OLD_TARGETING,MEDIUM,0.351
T000003959,A003359,2026-01-19,C005,OLD_TARGETING,HIGH,0.862
T000003960,A001830,2026-01-27,C005,OLD_TARGETING,MEDIUM,0.162
T000003961,A003156,2026-01-12,C005,OLD_TARGETING,HIGH,0.583
T000003962,A004136,2026-01-03,C005,OLD_TARGETING,MEDIUM,0.463
T000003963,A003996,2026-01-24,C005,OLD_TARGETING,MEDIUM,0.26
T000003964,A002212,2026-01-09,C005,OLD_TARGETING,MEDIUM,0.726
T000003965,A002264,2026-01-11,C005,OLD_TARGETING,LOW,0.489
T000003966,A000764,2026-01-02,C005,OLD_TARGETING,MEDIUM,0.492
T000003967,A000116,2026-01-12,C005,OLD_TARGETING,MEDIUM,0.797
T000003968,A004157,2026-01-05,C005,OLD_TARGETING,MEDIUM,0.515
T000003969,A003236,2026-01-21,C005,OLD_TARGETING,LOW,0.903
T000003970,A002699,2026-01-27,C005,OLD_TARGETING,MEDIUM,0.541
T000003971,A001819,2026-01-19,C005,OLD_TARGETING,MEDIUM,0.872
T000003972,A002285,2026-01-15,C005,OLD_TARGETING,MEDIUM,0.127
T000003973,A002047,2026-01-03,C005,OLD_TARGETING,LOW,0.313
T000003974,A001121,2026-01-27,C005,OLD_TARGETING,MEDIUM,0.268
T000003975,A002489,2026-01-20,C005,OLD_TARGETING,MEDIUM,0.572
T000003976,A000680,2026-01-02,C005,OLD_TARGETING,LOW,0.965
T000003977,A003644,2026-01-04,C005,OLD_TARGETING,HIGH,0.808
T000003978,A000932,2026-01-08,C005,OLD_TARGETING,LOW,0.943
T000003979,A000587,2026-01-13,C005,OLD_TARGETING,MEDIUM,0.678
T000003980,A003069,2026-01-16,C005,OLD_TARGETING,MEDIUM,0.177
T000003981,A000961,2026-01-18,C005,OLD_TARGETING,MEDIUM,0.76
T000003982,A003588,2026-01-06,C005,OLD_TARGETING,HIGH,0.606
T000003983,A002764,2026-01-26,C005,OLD_TARGETING,MEDIUM,0.799
T000003984,A001212,2026-01-14,C005,OLD_TARGETING,HIGH,0.732
T000003985,A003052,2026-01-08,C005,OLD_TARGETING,MEDIUM,0.177
T000003986,A000851,2026-01-10,C005,OLD_TARGETING,MEDIUM,0.801
T000003987,A003679,2026-01-18,C005,OLD_TARGETING,LOW,0.283
T000003988,A003471,2026-01-14,C005,OLD_TARGETING,MEDIUM,0.429
T000003989,A003180,2026-01-06,C005,OLD_TARGETING,HIGH,0.752
T000003990,A003148,2026-01-21,C005,OLD_TARGETING,LOW,0.611
T000003991,A003264,2026-01-25,C005,OLD_TARGETING,MEDIUM,0.391
T000003992,A001431,2026-01-07,C005,OLD_TARGETING,MEDIUM,0.315
T000003993,A003833,2026-01-20,C005,OLD_TARGETING,HIGH,0.672
T000003994,A003705,2026-01-11,C005,OLD_TARGETING,HIGH,0.233
T000003995,A000684,2026-01-23,C005,OLD_TARGETING,MEDIUM,0.328
T000003996,A000417,2026-01-16,C005,OLD_TARGETING,MEDIUM,0.557
T000003997,A000196,2026-01-16,C005,OLD_TARGETING,LOW,0.764
T000003998,A004058,2026-01-14,C005,OLD_TARGETING,LOW,0.397
T000003999,A001489,2026-01-13,C005,OLD_TARGETING,LOW,0.162
T000004000,A002375,2026-01-17,C005,OLD_TARGETING,HIGH,0.476
T000004001,A002336,2026-01-27,C005,OLD_TARGETING,LOW,0.12
T000004002,A002263,2026-01-19,C005,OLD_TARGETING,LOW,0.649
T000004003,A003791,2026-01-25,C005,OLD_TARGETING,LOW,0.778
T000004004,A002324,2026-01-13,C005,OLD_TARGETING,MEDIUM,0.42
T000004005,A000828,2026-01-16,C005,OLD_TARGETING,HIGH,0.559
T000004006,A003157,2026-01-19,C005,OLD_TARGETING,MEDIUM,0.153
T000004007,A003444,2026-01-10,C005,OLD_TARGETING,LOW,0.452
T000004008,A002515,2026-01-21,C005,OLD_TARGETING,HIGH,0.435
T000004009,A001930,2026-01-07,C005,OLD_TARGETING,HIGH,0.787
T000004010,A004001,2026-01-17,C005,OLD_TARGETING,MEDIUM,0.352
T000004011,A003228,2026-01-02,C005,OLD_TARGETING,HIGH,0.519
T000004012,A001778,2026-01-10,C005,OLD_TARGETING,MEDIUM,0.737
T000004013,A002263,2026-01-02,C005,OLD_TARGETING,LOW,0.949
T000004014,A003196,2026-01-16,C005,OLD_TARGETING,MEDIUM,0.866
T000004015,A002548,2026-01-14,C005,OLD_TARGETING,HIGH,0.985
T000004016,A000386,2026-01-20,C005,OLD_TARGETING,MEDIUM,0.672
T000004017,A002111,2026-01-27,C005,OLD_TARGETING,MEDIUM,0.7
T000004018,A001365,2026-01-11,C005,OLD_TARGETING,MEDIUM,0.406
T000004019,A000878,2026-01-16,C005,OLD_TARGETING,LOW,0.316
T000004020,A001308,2026-01-08,C005,OLD_TARGETING,MEDIUM,0.405
T000004021,A000296,2026-01-14,C005,OLD_TARGETING,HIGH,0.261
T000004022,A002316,2026-01-26,C005,OLD_TARGETING,HIGH,0.62
T000004023,A000742,2026-01-21,C005,OLD_TARGETING,MEDIUM,0.382
T000004024,A004000,2026-01-22,C005,OLD_TARGETING,HIGH,0.145
T000004025,A004086,2026-01-07,C005,OLD_TARGETING,MEDIUM,0.3
T000004026,A000650,2026-01-18,C005,OLD_TARGETING,LOW,0.816
T000004027,A000399,2026-01-09,C005,OLD_TARGETING,HIGH,0.864
T000004028,A002130,2026-01-11,C005,OLD_TARGETING,LOW,0.864
T000004029,A000422,2026-01-03,C005,OLD_TARGETING,MEDIUM,0.7
T000004030,A002930,2026-01-07,C005,OLD_TARGETING,HIGH,0.83
T000004031,A001644,2026-01-23,C005,OLD_TARGETING,HIGH,0.908
T000004032,A002045,2026-01-11,C005,OLD_TARGETING,HIGH,0.367
T000004033,A002000,2026-01-08,C005,OLD_TARGETING,LOW,0.145
T000004034,A000184,2026-01-23,C005,OLD_TARGETING,LOW,0.798
T000004035,A000641,2026-01-23,C005,OLD_TARGETING,LOW,0.455
T000004036,A001505,2026-01-01,C005,OLD_TARGETING,LOW,0.308
T000004037,A003733,2026-01-11,C005,OLD_TARGETING,HIGH,0.894
T000004038,A000681,2026-01-16,C005,OLD_TARGETING,LOW,0.325
T000004039,A001142,2026-01-11,C005,OLD_TARGETING,LOW,0.769
T000004040,A000159,2026-01-10,C005,OLD_TARGETING,MEDIUM,0.937
T000004041,A001595,2026-01-10,C005,OLD_TARGETING,LOW,0.618
T000004042,A000849,2026-01-13,C005,OLD_TARGETING,HIGH,0.632
T000004043,A001728,2026-01-09,C005,OLD_TARGETING,HIGH,0.335
T000004044,A003783,2026-01-07,C005,OLD_TARGETING,LOW,0.718
T000004045,A000921,2026-01-24,C005,OLD_TARGETING,LOW,0.262
T000004046,A003924,2026-01-27,C005,OLD_TARGETING,LOW,0.562
T000004047,A001248,2026-01-20,C005,OLD_TARGETING,HIGH,0.799
T000004048,A000368,2026-01-26,C005,OLD_TARGETING,LOW,0.522
T000004049,A002257,2026-01-01,C005,OLD_TARGETING,MEDIUM,0.523
T000004050,A000938,2026-01-27,C005,OLD_TARGETING,LOW,0.883
T000004051,A002128,2026-01-25,C005,OLD_TARGETING,HIGH,0.682
T000004052,A000121,2026-01-07,C005,OLD_TARGETING,HIGH,0.645
T000004053,A002351,2026-01-15,C005,OLD_TARGETING,LOW,0.542
T000004054,A001992,2026-01-14,C005,OLD_TARGETING,MEDIUM,0.298
T000004055,A001071,2026-01-27,C005,OLD_TARGETING,HIGH,0.728
T000004056,A000399,2026-01-03,C005,OLD_TARGETING,LOW,0.307
T000004057,A003812,2026-01-09,C005,OLD_TARGETING,MEDIUM,0.95
T000004058,A002680,2026-01-07,C005,OLD_TARGETING,HIGH,0.768
T000004059,A000267,2026-01-20,C005,OLD_TARGETING,HIGH,0.608
T000004060,A000186,2026-01-15,C005,OLD_TARGETING,MEDIUM,0.752
T000004061,A000719,2026-01-11,C005,OLD_TARGETING,MEDIUM,0.205
T000004062,A001726,2026-01-17,C005,OLD_TARGETING,HIGH,0.229
T000004063,A001119,2026-01-18,C005,OLD_TARGETING,HIGH,0.53
T000004064,A000911,2026-01-24,C005,OLD_TARGETING,HIGH,0.527
T000004065,A002325,2026-01-15,C005,OLD_TARGETING,LOW,0.313
T000004066,A002448,2026-01-12,C005,OLD_TARGETING,MEDIUM,0.474
T000004067,A000233,2026-01-11,C005,OLD_TARGETING,MEDIUM,0.656
T000004068,A000208,2026-01-25,C005,OLD_TARGETING,MEDIUM,0.667
T000004069,A000605,2026-01-13,C005,OLD_TARGETING,HIGH,0.758
T000004070,A003607,2026-01-16,C005,OLD_TARGETING,LOW,0.597
T000004071,A003626,2026-01-16,C005,OLD_TARGETING,LOW,0.372
T000004072,A002761,2026-01-09,C005,OLD_TARGETING,HIGH,0.213
T000004073,A001260,2026-01-17,C005,OLD_TARGETING,MEDIUM,0.77
T000004074,A001610,2026-01-21,C005,OLD_TARGETING,MEDIUM,0.102
T000004075,A003255,2026-01-27,C005,OLD_TARGETING,LOW,0.905
T000004076,A003620,2026-01-15,C005,OLD_TARGETING,MEDIUM,0.918
T000004077,A001977,2026-01-25,C005,OLD_TARGETING,MEDIUM,0.982
T000004078,A001768,2026-01-03,C005,OLD_TARGETING,HIGH,0.846
T000004079,A002183,2026-01-23,C005,OLD_TARGETING,LOW,0.894
T000004080,A001043,2026-01-26,C005,OLD_TARGETING,MEDIUM,0.347
T000004081,A003381,2026-01-21,C005,OLD_TARGETING,HIGH,0.396
T000004082,A000993,2026-01-13,C005,OLD_TARGETING,MEDIUM,0.227
T000004083,A001591,2026-01-20,C005,OLD_TARGETING,MEDIUM,0.653
T000004084,A000368,2026-01-05,C005,OLD_TARGETING,MEDIUM,0.195
T000004085,A000883,2026-01-11,C005,OLD_TARGETING,MEDIUM,0.627
T000004086,A002589,2026-01-25,C005,OLD_TARGETING,MEDIUM,0.914
T000004087,A001600,2026-01-05,C005,OLD_TARGETING,LOW,0.377
T000004088,A001917,2026-01-08,C005,OLD_TARGETING,LOW,0.619
T000004089,A003866,2026-01-11,C005,OLD_TARGETING,MEDIUM,0.82
T000004090,A001586,2026-01-26,C005,OLD_TARGETING,HIGH,0.276
T000004091,A001955,2026-01-18,C005,OLD_TARGETING,MEDIUM,0.579
T000004092,A002331,2026-01-13,C005,OLD_TARGETING,LOW,0.979
T000004093,A002353,2026-01-01,C005,OLD_TARGETING,LOW,0.454
T000004094,A000324,2026-01-26,C005,OLD_TARGETING,MEDIUM,0.749
T000004095,A002351,2026-01-22,C005,OLD_TARGETING,LOW,0.798
T000004096,A003219,2026-01-19,C005,OLD_TARGETING,MEDIUM,0.533
T000004097,A000304,2026-01-06,C005,OLD_TARGETING,MEDIUM,0.95
T000004098,A002575,2026-01-06,C005,OLD_TARGETING,HIGH,0.81
T000004099,A000754,2026-01-09,C005,OLD_TARGETING,HIGH,0.575
T000004100,A001245,2026-01-23,C005,OLD_TARGETING,MEDIUM,0.123
T000004101,A000556,2026-01-16,C005,OLD_TARGETING,MEDIUM,0.176
T000004102,A003855,2026-01-11,C005,OLD_TARGETING,LOW,0.42
T000004103,A001194,2026-01-25,C005,OLD_TARGETING,LOW,0.55
T000004104,A000693,2026-01-08,C005,OLD_TARGETING,LOW,0.664
T000004105,A000500,2026-01-20,C005,OLD_TARGETING,LOW,0.234
T000004106,A003637,2026-01-12,C005,OLD_TARGETING,HIGH,0.787
T000004107,A000433,2026-01-12,C005,OLD_TARGETING,HIGH,0.493
T000004108,A003816,2026-01-18,C005,OLD_TARGETING,MEDIUM,0.504
T000004109,A000308,2026-01-19,C005,OLD_TARGETING,LOW,0.403
T000004110,A001070,2026-01-19,C005,OLD_TARGETING,MEDIUM,0.15
T000004111,A003793,2026-01-12,C005,OLD_TARGETING,HIGH,0.884
T000004112,A003146,2026-01-15,C005,OLD_TARGETING,LOW,0.773
T000004113,A002415,2026-01-16,C005,OLD_TARGETING,LOW,0.863
T000004114,A001029,2026-01-09,C005,OLD_TARGETING,HIGH,0.964
T000004115,A003135,2026-01-25,C005,OLD_TARGETING,LOW,0.918
T000004116,A001333,2026-01-11,C005,OLD_TARGETING,HIGH,0.509
T000004117,A000144,2026-01-22,C005,OLD_TARGETING,MEDIUM,0.483
T000004118,A003753,2026-01-04,C005,OLD_TARGETING,MEDIUM,0.591
T000004119,A001411,2026-01-14,C005,OLD_TARGETING,LOW,0.419
T000004120,A002893,2026-01-22,C005,OLD_TARGETING,HIGH,0.349
T000004121,A003795,2026-01-15,C005,OLD_TARGETING,MEDIUM,0.454
T000004122,A003313,2026-01-17,C005,OLD_TARGETING,LOW,0.542
T000004123,A003836,2026-01-26,C005,OLD_TARGETING,HIGH,0.511
T000004124,A002828,2026-01-03,C005,OLD_TARGETING,HIGH,0.937
T000004125,A000627,2026-01-03,C005,OLD_TARGETING,MEDIUM,0.882
T000004126,A000211,2026-01-24,C005,OLD_TARGETING,MEDIUM,0.851
T000004127,A001980,2026-01-10,C005,OLD_TARGETING,HIGH,0.504
T000004128,A000218,2026-01-05,C005,OLD_TARGETING,LOW,0.82
T000004129,A000467,2026-01-07,C005,OLD_TARGETING,HIGH,0.453
T000004130,A000679,2026-01-07,C005,OLD_TARGETING,HIGH,0.636
T000004131,A001741,2026-01-14,C005,OLD_TARGETING,MEDIUM,0.761
T000004132,A000634,2026-01-20,C005,OLD_TARGETING,MEDIUM,0.924
T000004133,A000119,2026-01-07,C005,OLD_TARGETING,HIGH,0.45
T000004134,A002340,2026-01-11,C005,OLD_TARGETING,MEDIUM,0.918
T000004135,A002945,2026-01-10,C005,OLD_TARGETING,MEDIUM,0.504
T000004136,A003661,2026-01-09,C005,OLD_TARGETING,MEDIUM,0.971
T000004137,A003090,2026-01-03,C005,OLD_TARGETING,MEDIUM,0.468
T000004138,A000990,2026-01-04,C005,OLD_TARGETING,HIGH,0.175
T000004139,A000179,2026-01-13,C005,OLD_TARGETING,MEDIUM,0.108
T000004140,A002854,2026-01-10,C005,OLD_TARGETING,HIGH,0.894
T000004141,A001979,2026-01-09,C005,OLD_TARGETING,MEDIUM,0.19
T000004142,A004015,2026-01-27,C005,OLD_TARGETING,HIGH,0.664
T000004143,A002026,2026-01-03,C005,OLD_TARGETING,MEDIUM,0.563
T000004144,A002113,2026-01-27,C005,OLD_TARGETING,LOW,0.31
T000004145,A001405,2026-01-02,C005,OLD_TARGETING,HIGH,0.541
T000004146,A002182,2026-01-26,C005,OLD_TARGETING,LOW,0.476
T000004147,A000491,2026-01-24,C005,OLD_TARGETING,MEDIUM,0.402
T000004148,A002599,2026-01-19,C005,OLD_TARGETING,LOW,0.839
T000004149,A003607,2026-01-11,C005,OLD_TARGETING,MEDIUM,0.773
T000004150,A001190,2026-01-20,C005,OLD_TARGETING,HIGH,0.535
T000004151,A001880,2026-01-25,C005,OLD_TARGETING,MEDIUM,0.193
T000004152,A001784,2026-01-03,C005,OLD_TARGETING,MEDIUM,0.361
T000004153,A003915,2026-01-19,C005,OLD_TARGETING,HIGH,0.501
T000004154,A002141,2026-01-07,C005,OLD_TARGETING,MEDIUM,0.273
T000004155,A004200,2026-01-24,C005,OLD_TARGETING,HIGH,0.942
T000004156,A003121,2026-01-08,C005,OLD_TARGETING,MEDIUM,0.211
T000004157,A002221,2026-01-21,C005,OLD_TARGETING,MEDIUM,0.626
T000004158,A000528,2026-01-07,C005,OLD_TARGETING,LOW,0.747
T000004159,A002560,2026-01-02,C005,OLD_TARGETING,HIGH,0.424
T000004160,A003527,2026-01-06,C005,OLD_TARGETING,MEDIUM,0.812
T000004161,A003652,2026-01-07,C005,OLD_TARGETING,LOW,0.149
T000004162,A000930,2026-01-22,C005,OLD_TARGETING,LOW,0.97
T000004163,A002489,2026-01-09,C005,OLD_TARGETING,MEDIUM,0.541
T000004164,A000155,2026-01-13,C005,OLD_TARGETING,LOW,0.434
T000004165,A001761,2026-01-06,C005,OLD_TARGETING,HIGH,0.125
T000004166,A003200,2026-01-06,C005,OLD_TARGETING,HIGH,0.196
T000004167,A000628,2026-01-16,C005,OLD_TARGETING,LOW,0.849
T000004168,A001683,2026-01-14,C005,OLD_TARGETING,HIGH,0.165
T000004169,A001572,2026-01-09,C005,OLD_TARGETING,LOW,0.971
T000004170,A003415,2026-01-15,C005,OLD_TARGETING,MEDIUM,0.97
T000004171,A003471,2026-01-21,C005,OLD_TARGETING,MEDIUM,0.525
T000004172,A002009,2026-01-12,C005,OLD_TARGETING,MEDIUM,0.416
T000004173,A002942,2026-01-16,C005,OLD_TARGETING,MEDIUM,0.488
T000004174,A001961,2026-01-19,C005,OLD_TARGETING,MEDIUM,0.116
T000004175,A000144,2026-01-10,C005,OLD_TARGETING,LOW,0.717
T000004176,A000809,2026-01-09,C005,OLD_TARGETING,HIGH,0.529
T000004177,A001052,2026-01-13,C005,OLD_TARGETING,HIGH,0.216
T000004178,A003745,2026-01-19,C005,OLD_TARGETING,HIGH,0.434
T000004179,A004038,2026-01-09,C005,OLD_TARGETING,LOW,0.195
T000004180,A003874,2026-01-26,C005,OLD_TARGETING,HIGH,0.888
T000004181,A001099,2026-01-09,C005,OLD_TARGETING,LOW,0.176
T000004182,A000992,2026-01-14,C005,OLD_TARGETING,MEDIUM,0.873
T000004183,A000588,2026-01-25,C005,OLD_TARGETING,HIGH,0.873
T000004184,A000807,2026-01-24,C005,OLD_TARGETING,MEDIUM,0.376
T000004185,A003307,2026-01-06,C005,OLD_TARGETING,HIGH,0.567
T000004186,A001601,2026-01-04,C005,OLD_TARGETING,LOW,0.348
T000004187,A002445,2026-01-17,C005,OLD_TARGETING,LOW,0.629
T000004188,A002013,2026-01-15,C005,OLD_TARGETING,MEDIUM,0.593
T000004189,A003232,2026-01-13,C005,OLD_TARGETING,LOW,0.231
T000004190,A000845,2026-01-20,C005,OLD_TARGETING,HIGH,0.881
T000004191,A003997,2026-01-05,C005,OLD_TARGETING,HIGH,0.829
T000004192,A001720,2026-01-11,C005,OLD_TARGETING,MEDIUM,0.251
T000004193,A001181,2026-01-24,C005,OLD_TARGETING,MEDIUM,0.44
T000004194,A001138,2026-01-27,C005,OLD_TARGETING,LOW,0.324
T000004195,A003530,2026-01-23,C005,OLD_TARGETING,MEDIUM,0.661
T000004196,A000024,2026-01-16,C005,OLD_TARGETING,MEDIUM,0.23
T000004197,A002961,2026-01-09,C005,OLD_TARGETING,MEDIUM,0.983
T000004198,A004012,2026-01-18,C005,OLD_TARGETING,MEDIUM,0.492
T000004199,A001623,2026-01-14,C005,OLD_TARGETING,HIGH,0.746
T000004200,A001249,2026-01-15,C005,OLD_TARGETING,LOW,0.248
T000004201,A004082,2026-01-24,C005,OLD_TARGETING,HIGH,0.897
T000004202,A001721,2026-01-25,C005,OLD_TARGETING,MEDIUM,0.304
T000004203,A000121,2026-01-13,C005,OLD_TARGETING,MEDIUM,0.819
T000004204,A000605,2026-01-14,C005,OLD_TARGETING,MEDIUM,0.77
T000004205,A001829,2026-01-22,C005,OLD_TARGETING,HIGH,0.528
T000004206,A001780,2026-01-16,C005,OLD_TARGETING,MEDIUM,0.667
T000004207,A001365,2026-01-16,C005,OLD_TARGETING,LOW,0.568
T000004208,A000374,2026-01-16,C005,OLD_TARGETING,MEDIUM,0.253
T000004209,A000020,2026-01-13,C005,OLD_TARGETING,MEDIUM,0.758
T000004210,A003901,2026-01-18,C005,OLD_TARGETING,MEDIUM,0.658
T000004211,A000441,2026-01-07,C005,OLD_TARGETING,MEDIUM,0.555
T000004212,A000088,2026-01-16,C005,OLD_TARGETING,MEDIUM,0.22
T000004213,A000618,2026-01-26,C005,OLD_TARGETING,HIGH,0.857
T000004214,A003258,2026-01-06,C005,OLD_TARGETING,MEDIUM,0.463
T000004215,A002198,2026-01-27,C005,OLD_TARGETING,LOW,0.49
T000004216,A002856,2026-01-13,C005,OLD_TARGETING,MEDIUM,0.956
T000004217,A003693,2026-01-15,C005,OLD_TARGETING,LOW,0.801
T000004218,A002412,2026-01-07,C005,OLD_TARGETING,LOW,0.527
T000004219,A002840,2026-01-20,C005,OLD_TARGETING,MEDIUM,0.405
T000004220,A000280,2026-01-19,C005,OLD_TARGETING,HIGH,0.855
T000004221,A001146,2026-01-27,C005,OLD_TARGETING,MEDIUM,0.786
T000004222,A003425,2026-01-04,C005,OLD_TARGETING,MEDIUM,0.28
T000004223,A002481,2026-01-01,C005,OLD_TARGETING,HIGH,0.459
T000004224,A000757,2026-01-13,C005,OLD_TARGETING,LOW,0.117
T000004225,A000514,2026-01-27,C005,OLD_TARGETING,MEDIUM,0.4
T000004226,A000824,2026-01-16,C005,OLD_TARGETING,MEDIUM,0.357
T000004227,A000884,2026-01-11,C005,OLD_TARGETING,HIGH,0.277
T000004228,A003742,2026-01-24,C005,OLD_TARGETING,MEDIUM,0.214
T000004229,A002681,2026-01-20,C005,OLD_TARGETING,LOW,0.707
T000004230,A002624,2026-01-09,C005,OLD_TARGETING,MEDIUM,0.548
T000004231,A002165,2026-01-17,C005,OLD_TARGETING,LOW,0.938
T000004232,A003493,2026-01-01,C005,OLD_TARGETING,MEDIUM,0.211
T000004233,A002022,2026-01-25,C005,OLD_TARGETING,MEDIUM,0.758
T000004234,A001866,2026-01-04,C005,OLD_TARGETING,MEDIUM,0.236
T000004235,A002812,2026-01-26,C005,OLD_TARGETING,MEDIUM,0.375
T000004236,A002565,2026-01-10,C005,OLD_TARGETING,MEDIUM,0.632
T000004237,A002425,2026-01-22,C005,OLD_TARGETING,LOW,0.373
T000004238,A001538,2026-01-09,C005,OLD_TARGETING,LOW,0.897
T000004239,A002746,2026-01-11,C005,OLD_TARGETING,LOW,0.641
T000004240,A000538,2026-01-15,C005,OLD_TARGETING,HIGH,0.141
T000004241,A002322,2026-01-20,C005,OLD_TARGETING,MEDIUM,0.473
T000004242,A001193,2026-01-27,C005,OLD_TARGETING,HIGH,0.702
T000004243,A003793,2026-01-19,C005,OLD_TARGETING,MEDIUM,0.639
T000004244,A003149,2026-01-22,C005,OLD_TARGETING,LOW,0.147
T000004245,A000582,2026-01-18,C005,OLD_TARGETING,MEDIUM,0.197
T000004246,A001192,2026-01-23,C005,OLD_TARGETING,HIGH,0.28
T000004247,A002802,2026-01-26,C005,OLD_TARGETING,LOW,0.82
T000004248,A001460,2026-01-15,C005,OLD_TARGETING,HIGH,0.314
T000004249,A000033,2026-01-03,C005,OLD_TARGETING,MEDIUM,0.767
T000004250,A002520,2026-01-26,C005,OLD_TARGETING,MEDIUM,0.679
T000004251,A001206,2026-01-08,C005,OLD_TARGETING,MEDIUM,0.303
T000004252,A002281,2026-01-20,C005,OLD_TARGETING,MEDIUM,0.388
T000004253,A001129,2026-01-15,C005,OLD_TARGETING,HIGH,0.142
T000004254,A003869,2026-01-15,C005,OLD_TARGETING,MEDIUM,0.968
T000004255,A002355,2026-01-20,C005,OLD_TARGETING,MEDIUM,0.927
T000004256,A002727,2026-01-06,C005,OLD_TARGETING,LOW,0.7
T000004257,A003566,2026-01-08,C005,OLD_TARGETING,HIGH,0.367
T000004258,A000925,2026-01-22,C005,OLD_TARGETING,MEDIUM,0.981
T000004259,A000992,2026-01-27,C005,OLD_TARGETING,HIGH,0.765
T000004260,A003101,2026-01-05,C005,OLD_TARGETING,LOW,0.659
T000004261,A002901,2026-01-15,C005,OLD_TARGETING,MEDIUM,0.666
T000004262,A002390,2026-01-18,C005,OLD_TARGETING,LOW,0.775
T000004263,A000223,2026-01-02,C005,OLD_TARGETING,MEDIUM,0.944
T000004264,A003821,2026-01-06,C005,OLD_TARGETING,LOW,0.979
T000004265,A001526,2026-01-27,C005,OLD_TARGETING,HIGH,0.956
T000004266,A000661,2026-01-25,C005,OLD_TARGETING,LOW,0.268
T000004267,A003829,2026-01-23,C005,OLD_TARGETING,LOW,0.105
T000004268,A001132,2026-01-24,C005,OLD_TARGETING,LOW,0.67
T000004269,A000906,2026-01-10,C005,OLD_TARGETING,LOW,0.899
T000004270,A000754,2026-01-27,C005,OLD_TARGETING,MEDIUM,0.444
T000004271,A001013,2026-01-14,C005,OLD_TARGETING,MEDIUM,0.18
T000004272,A000689,2026-01-12,C005,OLD_TARGETING,LOW,0.339
T000004273,A001125,2026-01-12,C005,OLD_TARGETING,LOW,0.774
T000004274,A001792,2026-01-23,C005,OLD_TARGETING,MEDIUM,0.792
T000004275,A001097,2026-01-18,C005,OLD_TARGETING,HIGH,0.51
T000004276,A003018,2026-01-19,C005,OLD_TARGETING,HIGH,0.542
T000004277,A002669,2026-01-03,C005,OLD_TARGETING,HIGH,0.713
T000004278,A002122,2026-01-22,C005,OLD_TARGETING,MEDIUM,0.47
T000004279,A000596,2026-01-03,C005,OLD_TARGETING,HIGH,0.939
T000004280,A001775,2026-01-17,C005,OLD_TARGETING,LOW,0.819
T000004281,A001520,2026-01-01,C005,OLD_TARGETING,LOW,0.508
T000004282,A002913,2026-01-01,C005,OLD_TARGETING,MEDIUM,0.859
T000004283,A003593,2026-01-12,C005,OLD_TARGETING,LOW,0.114
T000004284,A003871,2026-01-19,C005,OLD_TARGETING,MEDIUM,0.884
T000004285,A000185,2026-01-12,C005,OLD_TARGETING,LOW,0.37
T000004286,A000929,2026-01-24,C005,OLD_TARGETING,MEDIUM,0.665
T000004287,A000917,2026-01-07,C005,OLD_TARGETING,HIGH,0.484
T000004288,A001710,2026-01-21,C005,OLD_TARGETING,MEDIUM,0.518
T000004289,A002750,2026-01-24,C005,OLD_TARGETING,MEDIUM,0.972
T000004290,A003766,2026-01-11,C005,OLD_TARGETING,LOW,0.469
T000004291,A003792,2026-01-25,C005,OLD_TARGETING,MEDIUM,0.238
T000004292,A001478,2026-01-02,C005,OLD_TARGETING,HIGH,0.336
T000004293,A001522,2026-01-12,C005,OLD_TARGETING,MEDIUM,0.5
T000004294,A000553,2026-01-27,C005,OLD_TARGETING,LOW,0.544
T000004295,A000723,2026-01-01,C005,OLD_TARGETING,LOW,0.954
T000004296,A003383,2026-01-18,C005,OLD_TARGETING,LOW,0.701
T000004297,A000436,2026-01-02,C005,OLD_TARGETING,MEDIUM,0.69
T000004298,A003959,2026-01-22,C005,OLD_TARGETING,LOW,0.131
T000004299,A002766,2026-01-12,C005,OLD_TARGETING,MEDIUM,0.808
T000004300,A001769,2026-01-10,C005,OLD_TARGETING,MEDIUM,0.938
T000004301,A003227,2026-01-02,C005,OLD_TARGETING,LOW,0.431
T000004302,A003578,2026-01-10,C005,OLD_TARGETING,LOW,0.915
T000004303,A000269,2026-01-02,C005,OLD_TARGETING,HIGH,0.268
T000004304,A000193,2026-01-02,C005,OLD_TARGETING,LOW,0.618
T000004305,A000473,2026-01-21,C005,OLD_TARGETING,MEDIUM,0.777
T000004306,A003512,2026-01-27,C005,OLD_TARGETING,MEDIUM,0.256
T000004307,A003298,2026-01-18,C005,OLD_TARGETING,MEDIUM,0.761
T000004308,A002544,2026-01-24,C005,OLD_TARGETING,HIGH,0.845
T000004309,A003786,2026-01-25,C005,OLD_TARGETING,LOW,0.731
T000004310,A000128,2026-01-20,C005,OLD_TARGETING,LOW,0.809
T000004311,A003757,2026-01-24,C005,OLD_TARGETING,MEDIUM,0.854
T000004312,A004138,2026-01-19,C005,OLD_TARGETING,MEDIUM,0.932
T000004313,A002725,2026-01-05,C005,OLD_TARGETING,HIGH,0.981
T000004314,A003722,2026-01-16,C005,OLD_TARGETING,LOW,0.219
T000004315,A001505,2026-01-01,C005,OLD_TARGETING,LOW,0.25
T000004316,A004155,2026-01-23,C005,OLD_TARGETING,MEDIUM,0.371
T000004317,A004102,2026-01-25,C005,OLD_TARGETING,HIGH,0.28
T000004318,A002328,2026-01-14,C005,OLD_TARGETING,MEDIUM,0.609
T000004319,A000088,2026-01-17,C005,OLD_TARGETING,MEDIUM,0.183
T000004320,A002685,2026-01-13,C005,OLD_TARGETING,LOW,0.413
T000004321,A000798,2026-01-08,C005,OLD_TARGETING,MEDIUM,0.669
T000004322,A000854,2026-01-11,C005,OLD_TARGETING,MEDIUM,0.695
T000004323,A001495,2026-01-14,C005,OLD_TARGETING,MEDIUM,0.568
T000004324,A002272,2026-01-12,C005,OLD_TARGETING,HIGH,0.923
T000004325,A002959,2026-01-27,C005,OLD_TARGETING,LOW,0.194
T000004326,A000137,2026-01-14,C005,OLD_TARGETING,HIGH,0.144
T000004327,A001865,2026-01-02,C005,OLD_TARGETING,LOW,0.812
T000004328,A003297,2026-01-10,C005,OLD_TARGETING,MEDIUM,0.977
T000004329,A003916,2026-01-24,C005,OLD_TARGETING,LOW,0.893
T000004330,A001297,2026-01-26,C005,OLD_TARGETING,HIGH,0.119
T000004331,A003494,2026-01-01,C005,OLD_TARGETING,MEDIUM,0.516
T000004332,A000394,2026-01-23,C005,OLD_TARGETING,MEDIUM,0.803
T000004333,A004147,2026-01-08,C005,OLD_TARGETING,MEDIUM,0.418
T000004334,A003340,2026-01-14,C005,OLD_TARGETING,LOW,0.805
T000004335,A003258,2026-01-23,C005,OLD_TARGETING,MEDIUM,0.372
T000004336,A002201,2026-01-08,C005,OLD_TARGETING,LOW,0.118
T000004337,A003756,2026-01-19,C005,OLD_TARGETING,MEDIUM,0.638
T000004338,A000223,2026-01-04,C005,OLD_TARGETING,MEDIUM,0.876
T000004339,A000595,2026-01-05,C005,OLD_TARGETING,LOW,0.637
T000004340,A001622,2026-01-10,C005,OLD_TARGETING,MEDIUM,0.829
T000004341,A001763,2026-01-10,C005,OLD_TARGETING,MEDIUM,0.289
T000004342,A003405,2026-01-23,C005,OLD_TARGETING,HIGH,0.272
T000004343,A004179,2026-01-25,C005,OLD_TARGETING,HIGH,0.427
T000004344,A001343,2026-01-05,C005,OLD_TARGETING,MEDIUM,0.112
T000004345,A004036,2026-01-03,C005,OLD_TARGETING,MEDIUM,0.693
T000004346,A002811,2026-01-21,C005,OLD_TARGETING,HIGH,0.515
T000004347,A001179,2026-01-18,C005,OLD_TARGETING,MEDIUM,0.67
T000004348,A000666,2026-01-17,C005,OLD_TARGETING,MEDIUM,0.356
T000004349,A003711,2026-01-20,C005,OLD_TARGETING,LOW,0.248
T000004350,A003677,2026-01-16,C005,OLD_TARGETING,HIGH,0.519
T000004351,A003410,2026-01-18,C005,OLD_TARGETING,LOW,0.378
T000004352,A004047,2026-01-08,C005,OLD_TARGETING,MEDIUM,0.761
T000004353,A000372,2026-01-18,C005,OLD_TARGETING,MEDIUM,0.561
T000004354,A001837,2026-01-19,C005,OLD_TARGETING,MEDIUM,0.926
T000004355,A002965,2026-01-15,C005,OLD_TARGETING,HIGH,0.599
T000004356,A000448,2026-01-18,C005,OLD_TARGETING,MEDIUM,0.416
T000004357,A004188,2026-01-27,C005,OLD_TARGETING,MEDIUM,0.128
T000004358,A003175,2026-01-22,C005,OLD_TARGETING,MEDIUM,0.304
T000004359,A002519,2026-01-06,C005,OLD_TARGETING,LOW,0.372
T000004360,A000889,2026-01-02,C005,OLD_TARGETING,HIGH,0.65
T000004361,A001892,2026-01-01,C005,OLD_TARGETING,MEDIUM,0.806
T000004362,A001878,2026-01-23,C005,OLD_TARGETING,HIGH,0.642
T000004363,A003883,2026-01-17,C005,OLD_TARGETING,HIGH,0.355
T000004364,A000086,2026-01-03,C005,OLD_TARGETING,MEDIUM,0.777
T000004365,A000193,2026-01-25,C005,OLD_TARGETING,HIGH,0.433
T000004366,A001315,2026-01-16,C005,OLD_TARGETING,MEDIUM,0.965
T000004367,A003305,2026-01-01,C005,OLD_TARGETING,MEDIUM,0.975
T000004368,A003546,2026-01-24,C005,OLD_TARGETING,LOW,0.523
T000004369,A003922,2026-01-09,C005,OLD_TARGETING,MEDIUM,0.18
T000004370,A003113,2026-01-08,C005,OLD_TARGETING,MEDIUM,0.411
T000004371,A001580,2026-01-12,C005,OLD_TARGETING,MEDIUM,0.789
T000004372,A003751,2026-01-08,C005,OLD_TARGETING,HIGH,0.168
T000004373,A000335,2026-01-04,C005,OLD_TARGETING,MEDIUM,0.431
T000004374,A003105,2026-01-09,C005,OLD_TARGETING,MEDIUM,0.21
T000004375,A001627,2026-01-22,C005,OLD_TARGETING,MEDIUM,0.493
T000004376,A000010,2026-01-24,C005,OLD_TARGETING,HIGH,0.55
T000004377,A000101,2026-01-11,C005,OLD_TARGETING,HIGH,0.243
T000004378,A002551,2026-01-04,C005,OLD_TARGETING,HIGH,0.63
T000004379,A002494,2026-01-17,C005,OLD_TARGETING,HIGH,0.412
T000004380,A000350,2026-01-24,C005,OLD_TARGETING,MEDIUM,0.134
T000004381,A001377,2026-01-19,C005,OLD_TARGETING,HIGH,0.445
T000004382,A000728,2026-01-18,C005,OLD_TARGETING,HIGH,0.4
T000004383,A001471,2026-01-04,C005,OLD_TARGETING,HIGH,0.343
T000004384,A001787,2026-01-05,C005,OLD_TARGETING,MEDIUM,0.266
T000004385,A003595,2026-01-12,C005,OLD_TARGETING,MEDIUM,0.359
T000004386,A002047,2026-01-02,C005,OLD_TARGETING,MEDIUM,0.469
T000004387,A001541,2026-01-12,C005,OLD_TARGETING,MEDIUM,0.819
T000004388,A001785,2026-01-27,C005,OLD_TARGETING,MEDIUM,0.342
T000004389,A001698,2026-01-08,C005,OLD_TARGETING,MEDIUM,0.399
T000004390,A002567,2026-01-01,C005,OLD_TARGETING,HIGH,0.566
T000004391,A002834,2026-01-21,C005,OLD_TARGETING,LOW,0.702
T000004392,A000302,2026-01-12,C005,OLD_TARGETING,MEDIUM,0.66
T000004393,A001503,2026-01-24,C005,OLD_TARGETING,HIGH,0.117
T000004394,A002434,2026-01-03,C005,OLD_TARGETING,MEDIUM,0.908
T000004395,A004144,2026-01-01,C005,OLD_TARGETING,LOW,0.337
T000004396,A001187,2026-01-13,C005,OLD_TARGETING,HIGH,0.221
T000004397,A001050,2026-01-11,C005,OLD_TARGETING,MEDIUM,0.586
T000004398,A000059,2026-01-01,C005,OLD_TARGETING,HIGH,0.15
T000004399,A001513,2026-01-23,C005,OLD_TARGETING,MEDIUM,0.648
T000004400,A003110,2026-01-10,C005,OLD_TARGETING,MEDIUM,0.723
T000004401,A001587,2026-01-12,C005,OLD_TARGETING,MEDIUM,0.889
T000004402,A003397,2026-01-03,C005,OLD_TARGETING,HIGH,0.832
T000004403,A000751,2026-01-20,C005,OLD_TARGETING,LOW,0.45
T000004404,A003267,2026-01-23,C005,OLD_TARGETING,MEDIUM,0.951
T000004405,A001026,2026-01-04,C005,OLD_TARGETING,MEDIUM,0.876
T000004406,A002159,2026-01-15,C005,OLD_TARGETING,LOW,0.757
T000004407,A001921,2026-01-04,C005,OLD_TARGETING,MEDIUM,0.921
T000004408,A001127,2026-01-10,C005,OLD_TARGETING,HIGH,0.954
T000004409,A001984,2026-01-02,C005,OLD_TARGETING,LOW,0.488
T000004410,A000335,2026-01-09,C005,OLD_TARGETING,HIGH,0.619
T000004411,A003223,2026-01-17,C005,OLD_TARGETING,MEDIUM,0.626
T000004412,A001120,2026-01-20,C005,OLD_TARGETING,LOW,0.8
T000004413,A004173,2026-01-26,C005,OLD_TARGETING,MEDIUM,0.601
T000004414,A003277,2026-01-26,C005,OLD_TARGETING,MEDIUM,0.655
T000004415,A003849,2026-01-11,C005,OLD_TARGETING,MEDIUM,0.741
T000004416,A000875,2026-01-15,C005,OLD_TARGETING,HIGH,0.292
T000004417,A003052,2026-01-15,C005,OLD_TARGETING,LOW,0.191
T000004418,A003309,2026-01-08,C005,OLD_TARGETING,HIGH,0.291
T000004419,A002779,2026-01-25,C005,OLD_TARGETING,MEDIUM,0.79
T000004420,A003783,2026-01-14,C005,OLD_TARGETING,MEDIUM,0.279
T000004421,A002045,2026-01-15,C005,OLD_TARGETING,LOW,0.274
T000004422,A002954,2026-01-20,C005,OLD_TARGETING,HIGH,0.832
T000004423,A000551,2026-01-25,C005,OLD_TARGETING,LOW,0.446
T000004424,A002286,2026-01-09,C005,OLD_TARGETING,MEDIUM,0.86
T000004425,A003387,2026-01-16,C005,OLD_TARGETING,MEDIUM,0.235
T000004426,A003195,2026-01-05,C005,OLD_TARGETING,HIGH,0.875
T000004427,A001497,2026-01-19,C005,OLD_TARGETING,HIGH,0.431
T000004428,A003316,2026-01-07,C005,OLD_TARGETING,MEDIUM,0.588
T000004429,A003496,2026-01-12,C005,OLD_TARGETING,LOW,0.965
T000004430,A001783,2026-01-18,C005,OLD_TARGETING,MEDIUM,0.464
T000004431,A000281,2026-01-17,C005,OLD_TARGETING,MEDIUM,0.446
T000004432,A003095,2026-01-01,C005,OLD_TARGETING,LOW,0.548
T000004433,A000641,2026-01-06,C005,OLD_TARGETING,HIGH,0.966
T000004434,A002971,2026-01-11,C005,OLD_TARGETING,MEDIUM,0.651
T000004435,A001450,2026-01-24,C005,OLD_TARGETING,MEDIUM,0.174
T000004436,A003041,2026-01-06,C005,OLD_TARGETING,MEDIUM,0.281
T000004437,A003989,2026-01-21,C005,OLD_TARGETING,LOW,0.747
T000004438,A002223,2026-01-19,C005,OLD_TARGETING,MEDIUM,0.715
T000004439,A000266,2026-01-02,C005,OLD_TARGETING,MEDIUM,0.42
T000004440,A000565,2026-01-03,C005,OLD_TARGETING,MEDIUM,0.167
T000004441,A002378,2026-01-10,C005,OLD_TARGETING,LOW,0.605
T000004442,A000109,2026-01-05,C005,OLD_TARGETING,HIGH,0.379
T000004443,A000708,2026-01-25,C005,OLD_TARGETING,HIGH,0.514
T000004444,A003832,2026-01-20,C005,OLD_TARGETING,MEDIUM,0.952
T000004445,A002026,2026-01-08,C005,OLD_TARGETING,MEDIUM,0.715
T000004446,A002663,2026-01-15,C005,OLD_TARGETING,MEDIUM,0.705
T000004447,A002025,2026-01-07,C005,OLD_TARGETING,LOW,0.312
T000004448,A001205,2026-01-12,C005,OLD_TARGETING,MEDIUM,0.704
T000004449,A004117,2026-01-06,C005,OLD_TARGETING,LOW,0.546
T000004450,A000985,2026-01-19,C005,OLD_TARGETING,LOW,0.842
T000004451,A002915,2026-01-22,C005,OLD_TARGETING,MEDIUM,0.623
T000004452,A003366,2026-01-18,C005,OLD_TARGETING,MEDIUM,0.515
T000004453,A001657,2026-01-12,C005,OLD_TARGETING,HIGH,0.121
T000004454,A003009,2026-01-27,C005,OLD_TARGETING,LOW,0.846
T000004455,A000174,2026-01-08,C005,OLD_TARGETING,LOW,0.267
T000004456,A002276,2026-01-08,C005,OLD_TARGETING,MEDIUM,0.84
T000004457,A000790,2026-01-21,C005,OLD_TARGETING,LOW,0.306
T000004458,A000120,2026-01-15,C005,OLD_TARGETING,HIGH,0.335
T000004459,A002687,2026-01-23,C005,OLD_TARGETING,MEDIUM,0.282
T000004460,A004105,2026-01-23,C005,OLD_TARGETING,LOW,0.165
T000004461,A001328,2026-01-13,C005,OLD_TARGETING,HIGH,0.131
T000004462,A004054,2026-01-24,C005,OLD_TARGETING,LOW,0.342
T000004463,A001064,2026-01-20,C005,OLD_TARGETING,MEDIUM,0.657
T000004464,A002622,2026-01-01,C005,OLD_TARGETING,LOW,0.673
T000004465,A001491,2026-01-15,C005,OLD_TARGETING,LOW,0.102
T000004466,A003041,2026-01-22,C005,OLD_TARGETING,MEDIUM,0.321
T000004467,A002452,2026-01-07,C005,OLD_TARGETING,MEDIUM,0.48
T000004468,A001992,2026-01-11,C005,OLD_TARGETING,MEDIUM,0.552
T000004469,A003830,2026-01-13,C005,OLD_TARGETING,MEDIUM,0.271
T000004470,A004012,2026-01-27,C005,OLD_TARGETING,HIGH,0.455
T000004471,A000379,2026-01-11,C005,OLD_TARGETING,MEDIUM,0.531
T000004472,A003006,2026-01-02,C005,OLD_TARGETING,HIGH,0.362
T000004473,A002256,2026-01-25,C005,OLD_TARGETING,MEDIUM,0.276
T000004474,A003006,2026-01-12,C005,OLD_TARGETING,LOW,0.83
T000004475,A000694,2026-01-03,C005,OLD_TARGETING,MEDIUM,0.478
T000004476,A000991,2026-01-25,C005,OLD_TARGETING,MEDIUM,0.778
T000004477,A002632,2026-01-06,C005,OLD_TARGETING,MEDIUM,0.701
T000004478,A001186,2026-01-13,C005,OLD_TARGETING,MEDIUM,0.443
T000004479,A001194,2026-01-03,C005,OLD_TARGETING,MEDIUM,0.159
T000004480,A001605,2026-01-19,C005,OLD_TARGETING,MEDIUM,0.801
T000004481,A002914,2026-01-23,C005,OLD_TARGETING,HIGH,0.681
T000004482,A001551,2026-01-06,C005,OLD_TARGETING,MEDIUM,0.27
T000004483,A003761,2026-01-11,C005,OLD_TARGETING,MEDIUM,0.227
T000004484,A002911,2026-01-20,C005,OLD_TARGETING,LOW,0.501
T000004485,A003234,2026-01-08,C005,OLD_TARGETING,MEDIUM,0.576
T000004486,A001259,2026-01-01,C005,OLD_TARGETING,MEDIUM,0.633
T000004487,A000031,2026-01-21,C005,OLD_TARGETING,HIGH,0.819
T000004488,A000847,2026-01-17,C005,OLD_TARGETING,MEDIUM,0.151
T000004489,A003535,2026-01-13,C005,OLD_TARGETING,MEDIUM,0.785
T000004490,A001287,2026-01-20,C005,OLD_TARGETING,MEDIUM,0.744
T000004491,A001558,2026-01-06,C005,OLD_TARGETING,MEDIUM,0.323
T000004492,A003333,2026-01-21,C005,OLD_TARGETING,HIGH,0.962
T000004493,A002029,2026-01-03,C005,OLD_TARGETING,LOW,0.5
T000004494,A002533,2026-01-20,C005,OLD_TARGETING,MEDIUM,0.857
T000004495,A002866,2026-01-10,C005,OLD_TARGETING,MEDIUM,0.284
T000004496,A002871,2026-01-12,C005,OLD_TARGETING,MEDIUM,0.736
T000004497,A003131,2026-01-13,C005,OLD_TARGETING,MEDIUM,0.494
T000004498,A002087,2026-01-20,C005,OLD_TARGETING,LOW,0.956
T000004499,A002108,2026-01-21,C005,OLD_TARGETING,MEDIUM,0.21
T000004500,A000328,2026-01-04,C005,OLD_TARGETING,HIGH,0.42
T000004501,A002898,2026-02-24,C006,OLD_TARGETING,MEDIUM,0.648
T000004502,A000259,2026-02-23,C006,OLD_TARGETING,HIGH,0.948
T000004503,A000112,2026-02-23,C006,OLD_TARGETING,LOW,0.581
T000004504,A001835,2026-02-10,C006,OLD_TARGETING,HIGH,0.884
T000004505,A000353,2026-02-06,C006,OLD_TARGETING,MEDIUM,0.94
T000004506,A001990,2026-02-06,C006,OLD_TARGETING,LOW,0.609
T000004507,A002600,2026-02-12,C006,OLD_TARGETING,HIGH,0.842
T000004508,A004190,2026-02-02,C006,OLD_TARGETING,HIGH,0.925
T000004509,A002551,2026-02-22,C006,OLD_TARGETING,LOW,0.631
T000004510,A002832,2026-02-19,C006,OLD_TARGETING,LOW,0.893
T000004511,A002878,2026-02-21,C006,OLD_TARGETING,LOW,0.136
T000004512,A001404,2026-02-17,C006,OLD_TARGETING,MEDIUM,0.497
T000004513,A001691,2026-02-24,C006,OLD_TARGETING,HIGH,0.348
T000004514,A000183,2026-02-20,C006,OLD_TARGETING,MEDIUM,0.84
T000004515,A003115,2026-02-10,C006,OLD_TARGETING,LOW,0.888
T000004516,A002912,2026-02-05,C006,OLD_TARGETING,MEDIUM,0.257
T000004517,A000957,2026-02-03,C006,OLD_TARGETING,MEDIUM,0.389
T000004518,A000234,2026-02-15,C006,OLD_TARGETING,HIGH,0.439
T000004519,A000126,2026-02-24,C006,OLD_TARGETING,LOW,0.327
T000004520,A003547,2026-02-05,C006,OLD_TARGETING,LOW,0.644
T000004521,A004075,2026-02-21,C006,OLD_TARGETING,HIGH,0.686
T000004522,A004002,2026-02-18,C006,OLD_TARGETING,HIGH,0.639
T000004523,A003958,2026-02-21,C006,OLD_TARGETING,LOW,0.354
T000004524,A000467,2026-02-27,C006,OLD_TARGETING,MEDIUM,0.584
T000004525,A000570,2026-02-17,C006,OLD_TARGETING,HIGH,0.542
T000004526,A001259,2026-02-22,C006,OLD_TARGETING,HIGH,0.532
T000004527,A000331,2026-02-01,C006,OLD_TARGETING,MEDIUM,0.4
T000004528,A003580,2026-02-05,C006,OLD_TARGETING,HIGH,0.705
T000004529,A003127,2026-02-16,C006,OLD_TARGETING,MEDIUM,0.658
T000004530,A002317,2026-02-13,C006,OLD_TARGETING,LOW,0.341
T000004531,A000169,2026-02-10,C006,OLD_TARGETING,HIGH,0.511
T000004532,A003237,2026-02-02,C006,OLD_TARGETING,HIGH,0.395
T000004533,A003252,2026-02-10,C006,OLD_TARGETING,LOW,0.813
T000004534,A003560,2026-02-12,C006,OLD_TARGETING,HIGH,0.843
T000004535,A003206,2026-02-05,C006,OLD_TARGETING,LOW,0.689
T000004536,A003030,2026-02-11,C006,OLD_TARGETING,HIGH,0.251
T000004537,A000096,2026-02-25,C006,OLD_TARGETING,LOW,0.26
T000004538,A002356,2026-02-14,C006,OLD_TARGETING,MEDIUM,0.529
T000004539,A004035,2026-02-08,C006,OLD_TARGETING,HIGH,0.626
T000004540,A000959,2026-02-12,C006,OLD_TARGETING,MEDIUM,0.806
T000004541,A001599,2026-02-21,C006,OLD_TARGETING,LOW,0.58
T000004542,A002967,2026-02-13,C006,OLD_TARGETING,MEDIUM,0.164
T000004543,A003030,2026-02-06,C006,OLD_TARGETING,LOW,0.206
T000004544,A003899,2026-02-10,C006,OLD_TARGETING,MEDIUM,0.551
T000004545,A001928,2026-02-02,C006,OLD_TARGETING,HIGH,0.981
T000004546,A001718,2026-02-06,C006,OLD_TARGETING,MEDIUM,0.632
T000004547,A002410,2026-02-23,C006,OLD_TARGETING,LOW,0.453
T000004548,A003728,2026-02-06,C006,OLD_TARGETING,MEDIUM,0.47
T000004549,A003934,2026-02-24,C006,OLD_TARGETING,LOW,0.815
T000004550,A002892,2026-02-18,C006,OLD_TARGETING,MEDIUM,0.89
T000004551,A001298,2026-02-15,C006,OLD_TARGETING,LOW,0.458
T000004552,A000493,2026-02-16,C006,OLD_TARGETING,LOW,0.863
T000004553,A004088,2026-02-06,C006,OLD_TARGETING,HIGH,0.38
T000004554,A004186,2026-02-09,C006,OLD_TARGETING,HIGH,0.364
T000004555,A000014,2026-02-06,C006,OLD_TARGETING,MEDIUM,0.392
T000004556,A000685,2026-02-13,C006,OLD_TARGETING,HIGH,0.381
T000004557,A001885,2026-02-12,C006,OLD_TARGETING,MEDIUM,0.472
T000004558,A004119,2026-02-13,C006,OLD_TARGETING,LOW,0.105
T000004559,A001229,2026-02-23,C006,OLD_TARGETING,MEDIUM,0.265
T000004560,A001726,2026-02-10,C006,OLD_TARGETING,HIGH,0.206
T000004561,A000066,2026-02-19,C006,OLD_TARGETING,MEDIUM,0.575
T000004562,A000121,2026-02-11,C006,OLD_TARGETING,LOW,0.478
T000004563,A004009,2026-02-23,C006,OLD_TARGETING,LOW,0.851
T000004564,A003818,2026-02-11,C006,OLD_TARGETING,HIGH,0.189
T000004565,A002528,2026-02-20,C006,OLD_TARGETING,LOW,0.166
T000004566,A003003,2026-02-19,C006,OLD_TARGETING,MEDIUM,0.817
T000004567,A002233,2026-02-09,C006,OLD_TARGETING,MEDIUM,0.36
T000004568,A001227,2026-02-03,C006,OLD_TARGETING,MEDIUM,0.803
T000004569,A001745,2026-02-01,C006,OLD_TARGETING,MEDIUM,0.229
T000004570,A000379,2026-02-01,C006,OLD_TARGETING,MEDIUM,0.649
T000004571,A001787,2026-02-13,C006,OLD_TARGETING,MEDIUM,0.691
T000004572,A002330,2026-02-07,C006,OLD_TARGETING,LOW,0.938
T000004573,A002282,2026-02-06,C006,OLD_TARGETING,MEDIUM,0.216
T000004574,A002542,2026-02-18,C006,OLD_TARGETING,HIGH,0.939
T000004575,A001850,2026-02-18,C006,OLD_TARGETING,HIGH,0.144
T000004576,A002732,2026-02-21,C006,OLD_TARGETING,MEDIUM,0.701
T000004577,A000448,2026-02-01,C006,OLD_TARGETING,MEDIUM,0.555
T000004578,A000999,2026-02-23,C006,OLD_TARGETING,HIGH,0.201
T000004579,A000622,2026-02-17,C006,OLD_TARGETING,HIGH,0.137
T000004580,A003489,2026-02-08,C006,OLD_TARGETING,MEDIUM,0.132
T000004581,A001931,2026-02-13,C006,OLD_TARGETING,MEDIUM,0.633
T000004582,A002611,2026-02-12,C006,OLD_TARGETING,LOW,0.455
T000004583,A000158,2026-02-01,C006,OLD_TARGETING,MEDIUM,0.678
T000004584,A000686,2026-02-03,C006,OLD_TARGETING,MEDIUM,0.888
T000004585,A000852,2026-02-04,C006,OLD_TARGETING,HIGH,0.491
T000004586,A003188,2026-02-14,C006,OLD_TARGETING,MEDIUM,0.987
T000004587,A003591,2026-02-20,C006,OLD_TARGETING,LOW,0.711
T000004588,A003189,2026-02-04,C006,OLD_TARGETING,LOW,0.338
T000004589,A000601,2026-02-10,C006,OLD_TARGETING,LOW,0.308
T000004590,A000225,2026-02-12,C006,OLD_TARGETING,LOW,0.535
T000004591,A001360,2026-02-20,C006,OLD_TARGETING,LOW,0.447
T000004592,A003221,2026-02-21,C006,OLD_TARGETING,MEDIUM,0.866
T000004593,A003508,2026-02-13,C006,OLD_TARGETING,LOW,0.481
T000004594,A003369,2026-02-05,C006,OLD_TARGETING,LOW,0.87
T000004595,A000579,2026-02-13,C006,OLD_TARGETING,MEDIUM,0.779
T000004596,A002746,2026-02-15,C006,OLD_TARGETING,HIGH,0.548
T000004597,A000622,2026-02-17,C006,OLD_TARGETING,MEDIUM,0.462
T000004598,A003752,2026-02-26,C006,OLD_TARGETING,MEDIUM,0.552
T000004599,A003860,2026-02-09,C006,OLD_TARGETING,MEDIUM,0.418
T000004600,A002213,2026-02-06,C006,OLD_TARGETING,MEDIUM,0.212
T000004601,A003076,2026-02-13,C006,OLD_TARGETING,LOW,0.561
T000004602,A002724,2026-02-22,C006,OLD_TARGETING,HIGH,0.723
T000004603,A001165,2026-02-27,C006,OLD_TARGETING,MEDIUM,0.233
T000004604,A000346,2026-02-10,C006,OLD_TARGETING,MEDIUM,0.651
T000004605,A003151,2026-02-20,C006,OLD_TARGETING,HIGH,0.486
T000004606,A001328,2026-02-13,C006,OLD_TARGETING,HIGH,0.506
T000004607,A002811,2026-02-24,C006,OLD_TARGETING,HIGH,0.94
T000004608,A002205,2026-02-09,C006,OLD_TARGETING,HIGH,0.881
T000004609,A000743,2026-02-12,C006,OLD_TARGETING,MEDIUM,0.988
T000004610,A003554,2026-02-26,C006,OLD_TARGETING,MEDIUM,0.213
T000004611,A002519,2026-02-22,C006,OLD_TARGETING,MEDIUM,0.318
T000004612,A002462,2026-02-14,C006,OLD_TARGETING,MEDIUM,0.159
T000004613,A003146,2026-02-23,C006,OLD_TARGETING,HIGH,0.572
T000004614,A001909,2026-02-09,C006,OLD_TARGETING,MEDIUM,0.954
T000004615,A000016,2026-02-15,C006,OLD_TARGETING,MEDIUM,0.437
T000004616,A003586,2026-02-16,C006,OLD_TARGETING,MEDIUM,0.746
T000004617,A000808,2026-02-18,C006,OLD_TARGETING,MEDIUM,0.787
T000004618,A001479,2026-02-27,C006,OLD_TARGETING,HIGH,0.929
T000004619,A002172,2026-02-09,C006,OLD_TARGETING,MEDIUM,0.383
T000004620,A003768,2026-02-05,C006,OLD_TARGETING,LOW,0.877
T000004621,A000437,2026-02-09,C006,OLD_TARGETING,HIGH,0.903
T000004622,A003542,2026-02-27,C006,OLD_TARGETING,MEDIUM,0.401
T000004623,A000196,2026-02-01,C006,OLD_TARGETING,MEDIUM,0.559
T000004624,A000037,2026-02-05,C006,OLD_TARGETING,MEDIUM,0.186
T000004625,A001647,2026-02-27,C006,OLD_TARGETING,HIGH,0.733
T000004626,A002184,2026-02-15,C006,OLD_TARGETING,LOW,0.413
T000004627,A003698,2026-02-10,C006,OLD_TARGETING,MEDIUM,0.61
T000004628,A000451,2026-02-22,C006,OLD_TARGETING,MEDIUM,0.104
T000004629,A003545,2026-02-16,C006,OLD_TARGETING,HIGH,0.381
T000004630,A002478,2026-02-13,C006,OLD_TARGETING,MEDIUM,0.213
T000004631,A001195,2026-02-03,C006,OLD_TARGETING,LOW,0.621
T000004632,A002146,2026-02-19,C006,OLD_TARGETING,HIGH,0.531
T000004633,A001860,2026-02-07,C006,OLD_TARGETING,MEDIUM,0.917
T000004634,A000763,2026-02-05,C006,OLD_TARGETING,LOW,0.368
T000004635,A002288,2026-02-09,C006,OLD_TARGETING,LOW,0.319
T000004636,A000580,2026-02-18,C006,OLD_TARGETING,MEDIUM,0.892
T000004637,A002780,2026-02-20,C006,OLD_TARGETING,MEDIUM,0.642
T000004638,A002897,2026-02-15,C006,OLD_TARGETING,LOW,0.451
T000004639,A001749,2026-02-09,C006,OLD_TARGETING,LOW,0.105
T000004640,A002401,2026-02-25,C006,OLD_TARGETING,MEDIUM,0.573
T000004641,A000027,2026-02-23,C006,OLD_TARGETING,LOW,0.103
T000004642,A003035,2026-02-06,C006,OLD_TARGETING,LOW,0.525
T000004643,A002987,2026-02-19,C006,OLD_TARGETING,LOW,0.907
T000004644,A003019,2026-02-17,C006,OLD_TARGETING,MEDIUM,0.935
T000004645,A001699,2026-02-23,C006,OLD_TARGETING,HIGH,0.146
T000004646,A000771,2026-02-12,C006,OLD_TARGETING,HIGH,0.344
T000004647,A003652,2026-02-11,C006,OLD_TARGETING,HIGH,0.722
T000004648,A002046,2026-02-03,C006,OLD_TARGETING,MEDIUM,0.274
T000004649,A001104,2026-02-13,C006,OLD_TARGETING,HIGH,0.806
T000004650,A000771,2026-02-03,C006,OLD_TARGETING,LOW,0.724
T000004651,A004096,2026-02-15,C006,OLD_TARGETING,MEDIUM,0.155
T000004652,A001730,2026-02-13,C006,OLD_TARGETING,MEDIUM,0.272
T000004653,A003755,2026-02-16,C006,OLD_TARGETING,LOW,0.722
T000004654,A003968,2026-02-19,C006,OLD_TARGETING,HIGH,0.519
T000004655,A003623,2026-02-15,C006,OLD_TARGETING,MEDIUM,0.603
T000004656,A003081,2026-02-08,C006,OLD_TARGETING,LOW,0.532
T000004657,A003364,2026-02-24,C006,OLD_TARGETING,MEDIUM,0.12
T000004658,A002351,2026-02-22,C006,OLD_TARGETING,LOW,0.674
T000004659,A002161,2026-02-13,C006,OLD_TARGETING,MEDIUM,0.533
T000004660,A001561,2026-02-23,C006,OLD_TARGETING,MEDIUM,0.767
T000004661,A003523,2026-02-06,C006,OLD_TARGETING,LOW,0.281
T000004662,A003489,2026-02-13,C006,OLD_TARGETING,LOW,0.14
T000004663,A003443,2026-02-04,C006,OLD_TARGETING,MEDIUM,0.511
T000004664,A004082,2026-02-03,C006,OLD_TARGETING,HIGH,0.629
T000004665,A001945,2026-02-10,C006,OLD_TARGETING,MEDIUM,0.734
T000004666,A001164,2026-02-03,C006,OLD_TARGETING,MEDIUM,0.869
T000004667,A002801,2026-02-15,C006,OLD_TARGETING,MEDIUM,0.647
T000004668,A000345,2026-02-10,C006,OLD_TARGETING,MEDIUM,0.394
T000004669,A003769,2026-02-11,C006,OLD_TARGETING,LOW,0.757
T000004670,A003652,2026-02-04,C006,OLD_TARGETING,HIGH,0.922
T000004671,A001268,2026-02-21,C006,OLD_TARGETING,MEDIUM,0.785
T000004672,A004061,2026-02-06,C006,OLD_TARGETING,MEDIUM,0.385
T000004673,A001487,2026-02-05,C006,OLD_TARGETING,MEDIUM,0.22
T000004674,A002830,2026-02-21,C006,OLD_TARGETING,MEDIUM,0.331
T000004675,A002949,2026-02-22,C006,OLD_TARGETING,MEDIUM,0.47
T000004676,A000309,2026-02-02,C006,OLD_TARGETING,HIGH,0.593
T000004677,A003170,2026-02-17,C006,OLD_TARGETING,LOW,0.46
T000004678,A001039,2026-02-11,C006,OLD_TARGETING,MEDIUM,0.971
T000004679,A002583,2026-02-15,C006,OLD_TARGETING,LOW,0.115
T000004680,A000912,2026-02-01,C006,OLD_TARGETING,MEDIUM,0.945
T000004681,A001455,2026-02-21,C006,OLD_TARGETING,MEDIUM,0.798
T000004682,A000534,2026-02-24,C006,OLD_TARGETING,LOW,0.571
T000004683,A004066,2026-02-17,C006,OLD_TARGETING,LOW,0.836
T000004684,A000175,2026-02-04,C006,OLD_TARGETING,LOW,0.831
T000004685,A001515,2026-02-12,C006,OLD_TARGETING,LOW,0.292
T000004686,A003038,2026-02-07,C006,OLD_TARGETING,MEDIUM,0.52
T000004687,A002799,2026-02-04,C006,OLD_TARGETING,MEDIUM,0.903
T000004688,A002121,2026-02-02,C006,OLD_TARGETING,HIGH,0.437
T000004689,A002621,2026-02-01,C006,OLD_TARGETING,LOW,0.61
T000004690,A002655,2026-02-14,C006,OLD_TARGETING,HIGH,0.81
T000004691,A001420,2026-02-17,C006,OLD_TARGETING,MEDIUM,0.676
T000004692,A001588,2026-02-08,C006,OLD_TARGETING,MEDIUM,0.485
T000004693,A001614,2026-02-26,C006,OLD_TARGETING,MEDIUM,0.985
T000004694,A000207,2026-02-25,C006,OLD_TARGETING,MEDIUM,0.548
T000004695,A004141,2026-02-03,C006,OLD_TARGETING,MEDIUM,0.607
T000004696,A000349,2026-02-24,C006,OLD_TARGETING,MEDIUM,0.737
T000004697,A001142,2026-02-18,C006,OLD_TARGETING,MEDIUM,0.575
T000004698,A003694,2026-02-20,C006,OLD_TARGETING,MEDIUM,0.674
T000004699,A001904,2026-02-23,C006,OLD_TARGETING,HIGH,0.352
T000004700,A001219,2026-02-24,C006,OLD_TARGETING,HIGH,0.495
T000004701,A003588,2026-02-19,C006,OLD_TARGETING,HIGH,0.443
T000004702,A000595,2026-02-12,C006,OLD_TARGETING,LOW,0.387
T000004703,A001481,2026-02-16,C006,OLD_TARGETING,HIGH,0.399
T000004704,A004071,2026-02-15,C006,OLD_TARGETING,LOW,0.838
T000004705,A000690,2026-02-19,C006,OLD_TARGETING,MEDIUM,0.506
T000004706,A001498,2026-02-02,C006,OLD_TARGETING,MEDIUM,0.368
T000004707,A002485,2026-02-24,C006,OLD_TARGETING,MEDIUM,0.158
T000004708,A002800,2026-02-01,C006,OLD_TARGETING,LOW,0.366
T000004709,A001019,2026-02-12,C006,OLD_TARGETING,LOW,0.766
T000004710,A002481,2026-02-06,C006,OLD_TARGETING,LOW,0.909
T000004711,A000140,2026-02-24,C006,OLD_TARGETING,LOW,0.847
T000004712,A002739,2026-02-27,C006,OLD_TARGETING,MEDIUM,0.95
T000004713,A001219,2026-02-12,C006,OLD_TARGETING,MEDIUM,0.112
T000004714,A003928,2026-02-01,C006,OLD_TARGETING,MEDIUM,0.799
T000004715,A000373,2026-02-17,C006,OLD_TARGETING,HIGH,0.408
T000004716,A003995,2026-02-03,C006,OLD_TARGETING,LOW,0.968
T000004717,A003689,2026-02-17,C006,OLD_TARGETING,MEDIUM,0.715
T000004718,A002139,2026-02-07,C006,OLD_TARGETING,MEDIUM,0.592
T000004719,A003871,2026-02-23,C006,OLD_TARGETING,MEDIUM,0.375
T000004720,A000880,2026-02-26,C006,OLD_TARGETING,LOW,0.857
T000004721,A000651,2026-02-19,C006,OLD_TARGETING,MEDIUM,0.812
T000004722,A001265,2026-02-19,C006,OLD_TARGETING,HIGH,0.974
T000004723,A000431,2026-02-08,C006,OLD_TARGETING,HIGH,0.74
T000004724,A001030,2026-02-11,C006,OLD_TARGETING,MEDIUM,0.674
T000004725,A002970,2026-02-12,C006,OLD_TARGETING,MEDIUM,0.16
T000004726,A001235,2026-02-16,C006,OLD_TARGETING,MEDIUM,0.643
T000004727,A002415,2026-02-22,C006,OLD_TARGETING,MEDIUM,0.755
T000004728,A001013,2026-02-11,C006,OLD_TARGETING,MEDIUM,0.261
T000004729,A001473,2026-02-09,C006,OLD_TARGETING,LOW,0.98
T000004730,A003112,2026-02-06,C006,OLD_TARGETING,MEDIUM,0.707
T000004731,A004103,2026-02-04,C006,OLD_TARGETING,MEDIUM,0.558
T000004732,A003496,2026-02-02,C006,OLD_TARGETING,HIGH,0.152
T000004733,A003680,2026-02-03,C006,OLD_TARGETING,MEDIUM,0.321
T000004734,A002022,2026-02-03,C006,OLD_TARGETING,MEDIUM,0.685
T000004735,A000083,2026-02-22,C006,OLD_TARGETING,MEDIUM,0.437
T000004736,A002994,2026-02-16,C006,OLD_TARGETING,LOW,0.747
T000004737,A002310,2026-02-13,C006,OLD_TARGETING,LOW,0.388
T000004738,A003456,2026-02-15,C006,OLD_TARGETING,HIGH,0.228
T000004739,A003873,2026-02-27,C006,OLD_TARGETING,MEDIUM,0.646
T000004740,A000694,2026-02-08,C006,OLD_TARGETING,MEDIUM,0.154
T000004741,A001662,2026-02-18,C006,OLD_TARGETING,HIGH,0.23
T000004742,A000217,2026-02-12,C006,OLD_TARGETING,HIGH,0.494
T000004743,A001582,2026-02-13,C006,OLD_TARGETING,MEDIUM,0.707
T000004744,A004127,2026-02-10,C006,OLD_TARGETING,MEDIUM,0.849
T000004745,A002319,2026-02-12,C006,OLD_TARGETING,MEDIUM,0.987
T000004746,A003875,2026-02-14,C006,OLD_TARGETING,LOW,0.459
T000004747,A003400,2026-02-15,C006,OLD_TARGETING,LOW,0.926
T000004748,A001692,2026-02-26,C006,OLD_TARGETING,MEDIUM,0.425
T000004749,A004032,2026-02-15,C006,OLD_TARGETING,HIGH,0.147
T000004750,A000847,2026-02-14,C006,OLD_TARGETING,MEDIUM,0.497
T000004751,A001919,2026-02-10,C006,OLD_TARGETING,HIGH,0.622
T000004752,A002958,2026-02-20,C006,OLD_TARGETING,LOW,0.421
T000004753,A001758,2026-02-16,C006,OLD_TARGETING,LOW,0.733
T000004754,A000456,2026-02-02,C006,OLD_TARGETING,MEDIUM,0.203
T000004755,A001844,2026-02-08,C006,OLD_TARGETING,MEDIUM,0.739
T000004756,A002489,2026-02-13,C006,OLD_TARGETING,MEDIUM,0.203
T000004757,A002292,2026-02-25,C006,OLD_TARGETING,MEDIUM,0.637
T000004758,A000872,2026-02-15,C006,OLD_TARGETING,MEDIUM,0.102
T000004759,A001987,2026-02-03,C006,OLD_TARGETING,LOW,0.951
T000004760,A001214,2026-02-13,C006,OLD_TARGETING,MEDIUM,0.653
T000004761,A001288,2026-02-24,C006,OLD_TARGETING,MEDIUM,0.945
T000004762,A003294,2026-02-26,C006,OLD_TARGETING,MEDIUM,0.283
T000004763,A000909,2026-02-05,C006,OLD_TARGETING,MEDIUM,0.706
T000004764,A000347,2026-02-12,C006,OLD_TARGETING,HIGH,0.831
T000004765,A001832,2026-02-02,C006,OLD_TARGETING,MEDIUM,0.516
T000004766,A003568,2026-02-13,C006,OLD_TARGETING,MEDIUM,0.716
T000004767,A002273,2026-02-05,C006,OLD_TARGETING,MEDIUM,0.931
T000004768,A000125,2026-02-13,C006,OLD_TARGETING,MEDIUM,0.491
T000004769,A002189,2026-02-01,C006,OLD_TARGETING,HIGH,0.471
T000004770,A001438,2026-02-10,C006,OLD_TARGETING,HIGH,0.43
T000004771,A001780,2026-02-15,C006,OLD_TARGETING,LOW,0.191
T000004772,A002232,2026-02-13,C006,OLD_TARGETING,MEDIUM,0.547
T000004773,A003233,2026-02-11,C006,OLD_TARGETING,LOW,0.436
T000004774,A001699,2026-02-03,C006,OLD_TARGETING,MEDIUM,0.801
T000004775,A000934,2026-02-14,C006,OLD_TARGETING,MEDIUM,0.941
T000004776,A001047,2026-02-20,C006,OLD_TARGETING,HIGH,0.855
T000004777,A002389,2026-02-08,C006,OLD_TARGETING,LOW,0.319
T000004778,A000690,2026-02-12,C006,OLD_TARGETING,LOW,0.55
T000004779,A002725,2026-02-13,C006,OLD_TARGETING,LOW,0.325
T000004780,A000293,2026-02-10,C006,OLD_TARGETING,LOW,0.514
T000004781,A002365,2026-02-21,C006,OLD_TARGETING,HIGH,0.412
T000004782,A000683,2026-02-03,C006,OLD_TARGETING,HIGH,0.843
T000004783,A000246,2026-02-23,C006,OLD_TARGETING,MEDIUM,0.126
T000004784,A001529,2026-02-15,C006,OLD_TARGETING,HIGH,0.599
T000004785,A004053,2026-02-10,C006,OLD_TARGETING,MEDIUM,0.643
T000004786,A000077,2026-02-17,C006,OLD_TARGETING,MEDIUM,0.471
T000004787,A003517,2026-02-22,C006,OLD_TARGETING,MEDIUM,0.505
T000004788,A001017,2026-02-26,C006,OLD_TARGETING,MEDIUM,0.359
T000004789,A003234,2026-02-15,C006,OLD_TARGETING,LOW,0.514
T000004790,A001848,2026-02-18,C006,OLD_TARGETING,MEDIUM,0.308
T000004791,A002754,2026-02-05,C006,OLD_TARGETING,MEDIUM,0.157
T000004792,A002420,2026-02-22,C006,OLD_TARGETING,MEDIUM,0.396
T000004793,A002174,2026-02-09,C006,OLD_TARGETING,MEDIUM,0.638
T000004794,A002035,2026-02-27,C006,OLD_TARGETING,LOW,0.978
T000004795,A004100,2026-02-14,C006,OLD_TARGETING,MEDIUM,0.322
T000004796,A002864,2026-02-24,C006,OLD_TARGETING,LOW,0.346
T000004797,A000366,2026-02-25,C006,OLD_TARGETING,MEDIUM,0.496
T000004798,A001539,2026-02-01,C006,OLD_TARGETING,MEDIUM,0.822
T000004799,A004133,2026-02-23,C006,OLD_TARGETING,HIGH,0.565
T000004800,A003363,2026-02-23,C006,OLD_TARGETING,MEDIUM,0.55
T000004801,A000157,2026-02-13,C006,OLD_TARGETING,HIGH,0.943
T000004802,A001047,2026-02-10,C006,OLD_TARGETING,HIGH,0.782
T000004803,A000084,2026-02-13,C006,OLD_TARGETING,MEDIUM,0.719
T000004804,A002873,2026-02-26,C006,OLD_TARGETING,MEDIUM,0.143
T000004805,A003391,2026-02-05,C006,OLD_TARGETING,MEDIUM,0.427
T000004806,A000573,2026-02-17,C006,OLD_TARGETING,HIGH,0.603
T000004807,A002638,2026-02-14,C006,OLD_TARGETING,MEDIUM,0.129
T000004808,A002060,2026-02-27,C006,OLD_TARGETING,LOW,0.838
T000004809,A002108,2026-02-05,C006,OLD_TARGETING,MEDIUM,0.616
T000004810,A001905,2026-02-12,C006,OLD_TARGETING,MEDIUM,0.937
T000004811,A002206,2026-02-13,C006,OLD_TARGETING,MEDIUM,0.624
T000004812,A001886,2026-02-14,C006,OLD_TARGETING,LOW,0.344
T000004813,A000678,2026-02-15,C006,OLD_TARGETING,MEDIUM,0.899
T000004814,A001202,2026-02-18,C006,OLD_TARGETING,LOW,0.496
T000004815,A004185,2026-02-17,C006,OLD_TARGETING,HIGH,0.584
T000004816,A002207,2026-02-03,C006,OLD_TARGETING,MEDIUM,0.951
T000004817,A002000,2026-02-09,C006,OLD_TARGETING,HIGH,0.314
T000004818,A004157,2026-02-06,C006,OLD_TARGETING,MEDIUM,0.92
T000004819,A001090,2026-02-25,C006,OLD_TARGETING,MEDIUM,0.858
T000004820,A004031,2026-02-11,C006,OLD_TARGETING,LOW,0.813
T000004821,A003114,2026-02-27,C006,OLD_TARGETING,MEDIUM,0.217
T000004822,A000053,2026-02-01,C006,OLD_TARGETING,MEDIUM,0.29
T000004823,A000991,2026-02-19,C006,OLD_TARGETING,MEDIUM,0.804
T000004824,A000442,2026-02-07,C006,OLD_TARGETING,HIGH,0.824
T000004825,A003785,2026-02-20,C006,OLD_TARGETING,LOW,0.557
T000004826,A001542,2026-02-01,C006,OLD_TARGETING,MEDIUM,0.318
T000004827,A001259,2026-02-14,C006,OLD_TARGETING,MEDIUM,0.851
T000004828,A002501,2026-02-11,C006,OLD_TARGETING,HIGH,0.765
T000004829,A000497,2026-02-21,C006,OLD_TARGETING,MEDIUM,0.858
T000004830,A003810,2026-02-07,C006,OLD_TARGETING,MEDIUM,0.476
T000004831,A000998,2026-02-09,C006,OLD_TARGETING,HIGH,0.104
T000004832,A000814,2026-02-21,C006,OLD_TARGETING,HIGH,0.406
T000004833,A000430,2026-02-04,C006,OLD_TARGETING,LOW,0.377
T000004834,A003252,2026-02-22,C006,OLD_TARGETING,LOW,0.506
T000004835,A001590,2026-02-05,C006,OLD_TARGETING,MEDIUM,0.973
T000004836,A002664,2026-02-22,C006,OLD_TARGETING,LOW,0.882
T000004837,A003105,2026-02-06,C006,OLD_TARGETING,MEDIUM,0.898
T000004838,A001004,2026-02-13,C006,OLD_TARGETING,MEDIUM,0.934
T000004839,A001727,2026-02-16,C006,OLD_TARGETING,HIGH,0.828
T000004840,A000251,2026-02-24,C006,OLD_TARGETING,HIGH,0.817
T000004841,A001050,2026-02-13,C006,OLD_TARGETING,HIGH,0.571
T000004842,A004054,2026-02-19,C006,OLD_TARGETING,LOW,0.868
T000004843,A003010,2026-02-24,C006,OLD_TARGETING,HIGH,0.772
T000004844,A000398,2026-02-21,C006,OLD_TARGETING,HIGH,0.882
T000004845,A002751,2026-02-04,C006,OLD_TARGETING,MEDIUM,0.776
T000004846,A003294,2026-02-25,C006,OLD_TARGETING,LOW,0.758
T000004847,A002674,2026-02-01,C006,OLD_TARGETING,LOW,0.962
T000004848,A000930,2026-02-20,C006,OLD_TARGETING,MEDIUM,0.204
T000004849,A003468,2026-02-11,C006,OLD_TARGETING,MEDIUM,0.589
T000004850,A003331,2026-02-03,C006,OLD_TARGETING,LOW,0.309
T000004851,A000857,2026-02-05,C006,OLD_TARGETING,MEDIUM,0.738
T000004852,A002830,2026-02-07,C006,OLD_TARGETING,MEDIUM,0.748
T000004853,A003792,2026-02-11,C006,OLD_TARGETING,MEDIUM,0.877
T000004854,A002311,2026-02-01,C006,OLD_TARGETING,MEDIUM,0.239
T000004855,A000072,2026-02-21,C006,OLD_TARGETING,MEDIUM,0.47
T000004856,A000574,2026-02-11,C006,OLD_TARGETING,MEDIUM,0.169
T000004857,A002441,2026-02-07,C006,OLD_TARGETING,LOW,0.822
T000004858,A003598,2026-02-15,C006,OLD_TARGETING,MEDIUM,0.746
T000004859,A004125,2026-02-12,C006,OLD_TARGETING,LOW,0.864
T000004860,A002549,2026-02-01,C006,OLD_TARGETING,LOW,0.165
T000004861,A002154,2026-02-20,C006,OLD_TARGETING,MEDIUM,0.877
T000004862,A002430,2026-02-10,C006,OLD_TARGETING,MEDIUM,0.358
T000004863,A001986,2026-02-06,C006,OLD_TARGETING,HIGH,0.363
T000004864,A002957,2026-02-06,C006,OLD_TARGETING,MEDIUM,0.284
T000004865,A000013,2026-02-15,C006,OLD_TARGETING,LOW,0.698
T000004866,A003829,2026-02-27,C006,OLD_TARGETING,MEDIUM,0.626
T000004867,A000979,2026-02-20,C006,OLD_TARGETING,LOW,0.706
T000004868,A004131,2026-02-06,C006,OLD_TARGETING,MEDIUM,0.598
T000004869,A003359,2026-02-22,C006,OLD_TARGETING,MEDIUM,0.849
T000004870,A003410,2026-02-27,C006,OLD_TARGETING,MEDIUM,0.155
T000004871,A003132,2026-02-24,C006,OLD_TARGETING,LOW,0.798
T000004872,A000567,2026-02-18,C006,OLD_TARGETING,MEDIUM,0.204
T000004873,A001671,2026-02-04,C006,OLD_TARGETING,MEDIUM,0.984
T000004874,A002602,2026-02-18,C006,OLD_TARGETING,MEDIUM,0.775
T000004875,A002322,2026-02-24,C006,OLD_TARGETING,MEDIUM,0.427
T000004876,A004088,2026-02-25,C006,OLD_TARGETING,MEDIUM,0.247
T000004877,A001643,2026-02-06,C006,OLD_TARGETING,HIGH,0.278
T000004878,A002760,2026-02-11,C006,OLD_TARGETING,MEDIUM,0.961
T000004879,A000860,2026-02-23,C006,OLD_TARGETING,MEDIUM,0.736
T000004880,A004190,2026-02-23,C006,OLD_TARGETING,MEDIUM,0.677
T000004881,A001421,2026-02-15,C006,OLD_TARGETING,HIGH,0.545
T000004882,A000751,2026-02-12,C006,OLD_TARGETING,MEDIUM,0.975
T000004883,A003631,2026-02-19,C006,OLD_TARGETING,HIGH,0.84
T000004884,A001994,2026-02-25,C006,OLD_TARGETING,LOW,0.976
T000004885,A000693,2026-02-01,C006,OLD_TARGETING,MEDIUM,0.439
T000004886,A003121,2026-02-24,C006,OLD_TARGETING,LOW,0.712
T000004887,A002178,2026-02-02,C006,OLD_TARGETING,MEDIUM,0.16
T000004888,A003697,2026-02-25,C006,OLD_TARGETING,LOW,0.75
T000004889,A002506,2026-02-01,C006,OLD_TARGETING,LOW,0.732
T000004890,A003989,2026-02-14,C006,OLD_TARGETING,MEDIUM,0.493
T000004891,A003917,2026-02-05,C006,OLD_TARGETING,LOW,0.744
T000004892,A001065,2026-02-25,C006,OLD_TARGETING,MEDIUM,0.808
T000004893,A001697,2026-02-23,C006,OLD_TARGETING,MEDIUM,0.239
T000004894,A002689,2026-02-01,C006,OLD_TARGETING,MEDIUM,0.642
T000004895,A002776,2026-02-11,C006,OLD_TARGETING,MEDIUM,0.805
T000004896,A001410,2026-02-21,C006,OLD_TARGETING,MEDIUM,0.768
T000004897,A003356,2026-02-01,C006,OLD_TARGETING,MEDIUM,0.66
T000004898,A003515,2026-02-19,C006,OLD_TARGETING,HIGH,0.414
T000004899,A002639,2026-02-04,C006,OLD_TARGETING,MEDIUM,0.679
T000004900,A001333,2026-02-23,C006,OLD_TARGETING,HIGH,0.786
T000004901,A003984,2026-02-06,C006,OLD_TARGETING,LOW,0.764
T000004902,A001107,2026-02-09,C006,OLD_TARGETING,MEDIUM,0.134
T000004903,A003849,2026-02-19,C006,OLD_TARGETING,MEDIUM,0.353
T000004904,A001632,2026-02-12,C006,OLD_TARGETING,MEDIUM,0.805
T000004905,A001588,2026-02-23,C006,OLD_TARGETING,MEDIUM,0.249
T000004906,A001814,2026-02-09,C006,OLD_TARGETING,LOW,0.382
T000004907,A001825,2026-02-26,C006,OLD_TARGETING,LOW,0.698
T000004908,A003765,2026-02-21,C006,OLD_TARGETING,MEDIUM,0.774
T000004909,A001691,2026-02-08,C006,OLD_TARGETING,MEDIUM,0.116
T000004910,A000939,2026-02-01,C006,OLD_TARGETING,MEDIUM,0.43
T000004911,A002900,2026-02-27,C006,OLD_TARGETING,HIGH,0.414
T000004912,A002067,2026-02-24,C006,OLD_TARGETING,MEDIUM,0.115
T000004913,A002715,2026-02-13,C006,OLD_TARGETING,HIGH,0.873
T000004914,A002907,2026-02-03,C006,OLD_TARGETING,HIGH,0.259
T000004915,A001534,2026-02-20,C006,OLD_TARGETING,MEDIUM,0.738
T000004916,A002787,2026-02-13,C006,OLD_TARGETING,MEDIUM,0.24
T000004917,A003161,2026-02-07,C006,OLD_TARGETING,MEDIUM,0.536
T000004918,A000001,2026-02-04,C006,OLD_TARGETING,LOW,0.301
T000004919,A001567,2026-02-25,C006,OLD_TARGETING,MEDIUM,0.179
T000004920,A002181,2026-02-07,C006,OLD_TARGETING,MEDIUM,0.499
T000004921,A001759,2026-02-10,C006,OLD_TARGETING,LOW,0.562
T000004922,A001351,2026-02-08,C006,OLD_TARGETING,LOW,0.225
T000004923,A000010,2026-02-01,C006,OLD_TARGETING,LOW,0.873
T000004924,A004089,2026-02-17,C006,OLD_TARGETING,LOW,0.593
T000004925,A004051,2026-02-27,C006,OLD_TARGETING,MEDIUM,0.152
T000004926,A002150,2026-02-20,C006,OLD_TARGETING,HIGH,0.716
T000004927,A001120,2026-02-12,C006,OLD_TARGETING,MEDIUM,0.913
T000004928,A001162,2026-02-26,C006,OLD_TARGETING,LOW,0.602
T000004929,A002974,2026-02-18,C006,OLD_TARGETING,MEDIUM,0.696
T000004930,A001437,2026-02-18,C006,OLD_TARGETING,LOW,0.793
T000004931,A003631,2026-02-14,C006,OLD_TARGETING,MEDIUM,0.166
T000004932,A000363,2026-02-08,C006,OLD_TARGETING,HIGH,0.769
T000004933,A000944,2026-02-08,C006,OLD_TARGETING,MEDIUM,0.338
T000004934,A002022,2026-02-10,C006,OLD_TARGETING,LOW,0.143
T000004935,A002740,2026-02-15,C006,OLD_TARGETING,HIGH,0.679
T000004936,A002450,2026-02-27,C006,OLD_TARGETING,LOW,0.202
T000004937,A003297,2026-02-15,C006,OLD_TARGETING,LOW,0.784
T000004938,A003546,2026-02-05,C006,OLD_TARGETING,HIGH,0.584
T000004939,A001407,2026-02-21,C006,OLD_TARGETING,HIGH,0.259
T000004940,A000400,2026-02-02,C006,OLD_TARGETING,HIGH,0.635
T000004941,A001507,2026-02-02,C006,OLD_TARGETING,MEDIUM,0.858
T000004942,A001793,2026-02-08,C006,OLD_TARGETING,LOW,0.163
T000004943,A002484,2026-02-19,C006,OLD_TARGETING,MEDIUM,0.438
T000004944,A003405,2026-02-24,C006,OLD_TARGETING,LOW,0.146
T000004945,A001110,2026-02-22,C006,OLD_TARGETING,MEDIUM,0.699
T000004946,A002980,2026-02-03,C006,OLD_TARGETING,MEDIUM,0.526
T000004947,A003227,2026-02-06,C006,OLD_TARGETING,MEDIUM,0.551
T000004948,A000076,2026-02-08,C006,OLD_TARGETING,HIGH,0.95
T000004949,A002058,2026-02-25,C006,OLD_TARGETING,MEDIUM,0.91
T000004950,A000363,2026-02-16,C006,OLD_TARGETING,HIGH,0.422
T000004951,A001775,2026-02-26,C006,OLD_TARGETING,MEDIUM,0.528
T000004952,A000515,2026-02-19,C006,OLD_TARGETING,HIGH,0.512
T000004953,A003079,2026-02-15,C006,OLD_TARGETING,MEDIUM,0.597
T000004954,A001176,2026-02-25,C006,OLD_TARGETING,MEDIUM,0.114
T000004955,A003000,2026-02-02,C006,OLD_TARGETING,MEDIUM,0.87
T000004956,A000862,2026-02-10,C006,OLD_TARGETING,MEDIUM,0.471
T000004957,A003520,2026-02-04,C006,OLD_TARGETING,LOW,0.44
T000004958,A002771,2026-02-14,C006,OLD_TARGETING,LOW,0.724
T000004959,A003970,2026-02-19,C006,OLD_TARGETING,MEDIUM,0.586
T000004960,A000834,2026-02-04,C006,OLD_TARGETING,LOW,0.55
T000004961,A003322,2026-02-04,C006,OLD_TARGETING,HIGH,0.793
T000004962,A001092,2026-02-18,C006,OLD_TARGETING,MEDIUM,0.139
T000004963,A001536,2026-02-01,C006,OLD_TARGETING,MEDIUM,0.323
T000004964,A000325,2026-02-09,C006,OLD_TARGETING,HIGH,0.253
T000004965,A003778,2026-02-11,C006,OLD_TARGETING,LOW,0.342
T000004966,A003203,2026-02-13,C006,OLD_TARGETING,MEDIUM,0.725
T000004967,A003540,2026-02-02,C006,OLD_TARGETING,LOW,0.162
T000004968,A002772,2026-02-02,C006,OLD_TARGETING,MEDIUM,0.637
T000004969,A002791,2026-02-02,C006,OLD_TARGETING,HIGH,0.654
T000004970,A001956,2026-02-19,C006,OLD_TARGETING,LOW,0.355
T000004971,A001732,2026-02-15,C006,OLD_TARGETING,MEDIUM,0.431
T000004972,A003209,2026-02-15,C006,OLD_TARGETING,MEDIUM,0.835
T000004973,A004013,2026-02-20,C006,OLD_TARGETING,MEDIUM,0.704
T000004974,A002604,2026-02-05,C006,OLD_TARGETING,LOW,0.117
T000004975,A002299,2026-02-14,C006,OLD_TARGETING,HIGH,0.31
T000004976,A000906,2026-02-27,C006,OLD_TARGETING,LOW,0.757
T000004977,A001966,2026-02-10,C006,OLD_TARGETING,MEDIUM,0.166
T000004978,A003919,2026-02-11,C006,OLD_TARGETING,LOW,0.234
T000004979,A001430,2026-02-06,C006,OLD_TARGETING,LOW,0.635
T000004980,A003013,2026-02-19,C006,OLD_TARGETING,HIGH,0.239
T000004981,A001952,2026-02-08,C006,OLD_TARGETING,MEDIUM,0.202
T000004982,A000694,2026-02-23,C006,OLD_TARGETING,HIGH,0.288
T000004983,A004195,2026-02-08,C006,OLD_TARGETING,MEDIUM,0.894
T000004984,A000147,2026-02-08,C006,OLD_TARGETING,LOW,0.739
T000004985,A002499,2026-02-13,C006,OLD_TARGETING,MEDIUM,0.104
T000004986,A001613,2026-02-21,C006,OLD_TARGETING,HIGH,0.444
T000004987,A000879,2026-02-19,C006,OLD_TARGETING,MEDIUM,0.295
T000004988,A001160,2026-02-20,C006,OLD_TARGETING,MEDIUM,0.513
T000004989,A002597,2026-02-24,C006,OLD_TARGETING,MEDIUM,0.302
T000004990,A004042,2026-02-03,C006,OLD_TARGETING,HIGH,0.476
T000004991,A003336,2026-02-22,C006,OLD_TARGETING,HIGH,0.162
T000004992,A002896,2026-02-20,C006,OLD_TARGETING,MEDIUM,0.565
T000004993,A000952,2026-02-13,C006,OLD_TARGETING,MEDIUM,0.448
T000004994,A003817,2026-02-06,C006,OLD_TARGETING,HIGH,0.133
T000004995,A001105,2026-02-17,C006,OLD_TARGETING,MEDIUM,0.767
T000004996,A000424,2026-02-11,C006,OLD_TARGETING,MEDIUM,0.123
T000004997,A003540,2026-02-12,C006,OLD_TARGETING,MEDIUM,0.841
T000004998,A003667,2026-02-18,C006,OLD_TARGETING,LOW,0.561
T000004999,A001228,2026-02-20,C006,OLD_TARGETING,MEDIUM,0.675
T000005000,A000329,2026-02-20,C006,OLD_TARGETING,HIGH,0.728
T000005001,A001279,2026-02-13,C006,OLD_TARGETING,MEDIUM,0.742
T000005002,A000180,2026-02-13,C006,OLD_TARGETING,HIGH,0.634
T000005003,A001198,2026-02-16,C006,OLD_TARGETING,HIGH,0.285
T000005004,A003102,2026-02-25,C006,OLD_TARGETING,MEDIUM,0.507
T000005005,A001443,2026-02-16,C006,OLD_TARGETING,MEDIUM,0.434
T000005006,A001715,2026-02-24,C006,OLD_TARGETING,MEDIUM,0.149
T000005007,A001457,2026-02-05,C006,OLD_TARGETING,MEDIUM,0.752
T000005008,A001430,2026-02-16,C006,OLD_TARGETING,LOW,0.12
T000005009,A001035,2026-02-22,C006,OLD_TARGETING,MEDIUM,0.834
T000005010,A001660,2026-02-18,C006,OLD_TARGETING,MEDIUM,0.441
T000005011,A004097,2026-02-11,C006,OLD_TARGETING,MEDIUM,0.787
T000005012,A002798,2026-02-10,C006,OLD_TARGETING,LOW,0.113
T000005013,A001880,2026-02-16,C006,OLD_TARGETING,HIGH,0.802
T000005014,A000127,2026-02-15,C006,OLD_TARGETING,LOW,0.898
T000005015,A003385,2026-02-17,C006,OLD_TARGETING,MEDIUM,0.82
T000005016,A004141,2026-02-01,C006,OLD_TARGETING,LOW,0.355
T000005017,A000825,2026-02-03,C006,OLD_TARGETING,MEDIUM,0.136
T000005018,A000382,2026-02-19,C006,OLD_TARGETING,HIGH,0.369
T000005019,A003504,2026-02-03,C006,OLD_TARGETING,MEDIUM,0.735
T000005020,A003362,2026-02-10,C006,OLD_TARGETING,HIGH,0.917
T000005021,A001339,2026-02-06,C006,OLD_TARGETING,LOW,0.973
T000005022,A004073,2026-02-25,C006,OLD_TARGETING,MEDIUM,0.329
T000005023,A000648,2026-02-18,C006,OLD_TARGETING,MEDIUM,0.825
T000005024,A002556,2026-02-15,C006,OLD_TARGETING,LOW,0.497
T000005025,A000937,2026-02-11,C006,OLD_TARGETING,MEDIUM,0.268
T000005026,A003246,2026-02-01,C006,OLD_TARGETING,MEDIUM,0.864
T000005027,A002732,2026-02-04,C006,OLD_TARGETING,MEDIUM,0.743
T000005028,A000072,2026-02-19,C006,OLD_TARGETING,MEDIUM,0.584
T000005029,A001957,2026-02-20,C006,OLD_TARGETING,MEDIUM,0.235
T000005030,A002981,2026-02-20,C006,OLD_TARGETING,MEDIUM,0.662
T000005031,A001663,2026-02-08,C006,OLD_TARGETING,MEDIUM,0.671
T000005032,A003661,2026-02-09,C006,OLD_TARGETING,LOW,0.464
T000005033,A001409,2026-02-22,C006,OLD_TARGETING,HIGH,0.722
T000005034,A002635,2026-02-17,C006,OLD_TARGETING,HIGH,0.51
T000005035,A003443,2026-02-11,C006,OLD_TARGETING,LOW,0.475
T000005036,A001751,2026-02-17,C006,OLD_TARGETING,LOW,0.172
T000005037,A004072,2026-02-06,C006,OLD_TARGETING,HIGH,0.368
T000005038,A001051,2026-02-01,C006,OLD_TARGETING,LOW,0.795
T000005039,A002893,2026-02-08,C006,OLD_TARGETING,MEDIUM,0.762
T000005040,A004045,2026-02-11,C006,OLD_TARGETING,LOW,0.229
T000005041,A004147,2026-02-01,C006,OLD_TARGETING,MEDIUM,0.594
T000005042,A000764,2026-02-22,C006,OLD_TARGETING,MEDIUM,0.646
T000005043,A001428,2026-02-15,C006,OLD_TARGETING,LOW,0.494
T000005044,A000825,2026-02-18,C006,OLD_TARGETING,MEDIUM,0.68
T000005045,A001581,2026-02-06,C006,OLD_TARGETING,HIGH,0.147
T000005046,A000368,2026-02-06,C006,OLD_TARGETING,LOW,0.562
T000005047,A002945,2026-02-10,C006,OLD_TARGETING,LOW,0.944
T000005048,A002568,2026-02-22,C006,OLD_TARGETING,LOW,0.357
T000005049,A000736,2026-02-22,C006,OLD_TARGETING,MEDIUM,0.237
T000005050,A001376,2026-02-02,C006,OLD_TARGETING,MEDIUM,0.508
T000005051,A001657,2026-02-06,C006,OLD_TARGETING,MEDIUM,0.936
T000005052,A000913,2026-02-15,C006,OLD_TARGETING,LOW,0.259
T000005053,A002687,2026-02-22,C006,OLD_TARGETING,MEDIUM,0.922
T000005054,A000846,2026-02-14,C006,OLD_TARGETING,MEDIUM,0.263
T000005055,A003199,2026-02-12,C006,OLD_TARGETING,HIGH,0.233
T000005056,A003120,2026-02-19,C006,OLD_TARGETING,MEDIUM,0.788
T000005057,A003521,2026-02-14,C006,OLD_TARGETING,HIGH,0.499
T000005058,A000756,2026-02-05,C006,OLD_TARGETING,HIGH,0.313
T000005059,A000643,2026-02-21,C006,OLD_TARGETING,HIGH,0.873
T000005060,A001921,2026-02-05,C006,OLD_TARGETING,MEDIUM,0.426
T000005061,A002096,2026-02-13,C006,OLD_TARGETING,HIGH,0.163
T000005062,A001416,2026-02-27,C006,OLD_TARGETING,LOW,0.567
T000005063,A003503,2026-02-10,C006,OLD_TARGETING,LOW,0.915
T000005064,A002423,2026-02-12,C006,OLD_TARGETING,HIGH,0.612
T000005065,A002829,2026-02-26,C006,OLD_TARGETING,MEDIUM,0.603
T000005066,A001565,2026-02-22,C006,OLD_TARGETING,MEDIUM,0.621
T000005067,A000891,2026-02-22,C006,OLD_TARGETING,MEDIUM,0.643
T000005068,A000295,2026-02-04,C006,OLD_TARGETING,HIGH,0.721
T000005069,A001775,2026-02-12,C006,OLD_TARGETING,HIGH,0.53
T000005070,A002332,2026-02-24,C006,OLD_TARGETING,MEDIUM,0.671
T000005071,A003483,2026-02-04,C006,OLD_TARGETING,MEDIUM,0.955
T000005072,A003993,2026-02-24,C006,OLD_TARGETING,MEDIUM,0.235
T000005073,A001687,2026-02-26,C006,OLD_TARGETING,HIGH,0.369
T000005074,A002255,2026-02-17,C006,OLD_TARGETING,MEDIUM,0.97
T000005075,A002294,2026-02-05,C006,OLD_TARGETING,MEDIUM,0.49
T000005076,A002179,2026-02-22,C006,OLD_TARGETING,LOW,0.143
T000005077,A002637,2026-02-09,C006,OLD_TARGETING,HIGH,0.301
T000005078,A002330,2026-02-03,C006,OLD_TARGETING,MEDIUM,0.472
T000005079,A003817,2026-02-06,C006,OLD_TARGETING,MEDIUM,0.894
T000005080,A003199,2026-02-05,C006,OLD_TARGETING,MEDIUM,0.645
T000005081,A003023,2026-02-27,C006,OLD_TARGETING,HIGH,0.416
T000005082,A002693,2026-02-02,C006,OLD_TARGETING,MEDIUM,0.151
T000005083,A001474,2026-02-19,C006,OLD_TARGETING,MEDIUM,0.425
T000005084,A002889,2026-02-16,C006,OLD_TARGETING,HIGH,0.385
T000005085,A001601,2026-02-26,C006,OLD_TARGETING,HIGH,0.317
T000005086,A000441,2026-02-24,C006,OLD_TARGETING,LOW,0.553
T000005087,A000969,2026-02-05,C006,OLD_TARGETING,LOW,0.873
T000005088,A004105,2026-02-26,C006,OLD_TARGETING,MEDIUM,0.124
T000005089,A002319,2026-02-12,C006,OLD_TARGETING,MEDIUM,0.743
T000005090,A003803,2026-02-06,C006,OLD_TARGETING,MEDIUM,0.359
T000005091,A003647,2026-02-05,C006,OLD_TARGETING,MEDIUM,0.335
T000005092,A000427,2026-02-01,C006,OLD_TARGETING,MEDIUM,0.433
T000005093,A003448,2026-02-04,C006,OLD_TARGETING,HIGH,0.302
T000005094,A003871,2026-02-04,C006,OLD_TARGETING,MEDIUM,0.802
T000005095,A003632,2026-02-10,C006,OLD_TARGETING,MEDIUM,0.909
T000005096,A002075,2026-02-02,C006,OLD_TARGETING,HIGH,0.382
T000005097,A002267,2026-02-24,C006,OLD_TARGETING,MEDIUM,0.923
T000005098,A002166,2026-02-24,C006,OLD_TARGETING,LOW,0.722
T000005099,A000876,2026-02-04,C006,OLD_TARGETING,LOW,0.349
T000005100,A000918,2026-02-04,C006,OLD_TARGETING,HIGH,0.538
T000005101,A000072,2026-02-11,C006,OLD_TARGETING,LOW,0.637
T000005102,A002490,2026-02-05,C006,OLD_TARGETING,MEDIUM,0.341
T000005103,A001265,2026-02-04,C006,OLD_TARGETING,MEDIUM,0.133
T000005104,A003216,2026-02-21,C006,OLD_TARGETING,MEDIUM,0.786
T000005105,A003579,2026-02-27,C006,OLD_TARGETING,HIGH,0.8
T000005106,A002520,2026-02-03,C006,OLD_TARGETING,MEDIUM,0.651
T000005107,A001824,2026-02-22,C006,OLD_TARGETING,HIGH,0.165
T000005108,A001382,2026-02-06,C006,OLD_TARGETING,MEDIUM,0.355
T000005109,A002542,2026-02-26,C006,OLD_TARGETING,HIGH,0.885
T000005110,A002225,2026-02-02,C006,OLD_TARGETING,MEDIUM,0.95
T000005111,A003322,2026-02-23,C006,OLD_TARGETING,LOW,0.255
T000005112,A003669,2026-02-16,C006,OLD_TARGETING,LOW,0.374
T000005113,A000743,2026-02-25,C006,OLD_TARGETING,HIGH,0.892
T000005114,A000610,2026-02-16,C006,OLD_TARGETING,LOW,0.404
T000005115,A002849,2026-02-10,C006,OLD_TARGETING,LOW,0.762
T000005116,A003502,2026-02-06,C006,OLD_TARGETING,HIGH,0.518
T000005117,A002757,2026-02-25,C006,OLD_TARGETING,MEDIUM,0.688
T000005118,A002201,2026-02-08,C006,OLD_TARGETING,MEDIUM,0.334
T000005119,A001418,2026-02-26,C006,OLD_TARGETING,MEDIUM,0.154
T000005120,A003438,2026-02-19,C006,OLD_TARGETING,MEDIUM,0.772
T000005121,A002317,2026-02-09,C006,OLD_TARGETING,HIGH,0.604
T000005122,A001127,2026-02-14,C006,OLD_TARGETING,HIGH,0.66
T000005123,A003775,2026-02-01,C006,OLD_TARGETING,HIGH,0.868
T000005124,A001476,2026-02-02,C006,OLD_TARGETING,HIGH,0.554
T000005125,A001944,2026-02-22,C006,OLD_TARGETING,LOW,0.674
T000005126,A003962,2026-02-07,C006,OLD_TARGETING,LOW,0.942
T000005127,A002929,2026-02-13,C006,OLD_TARGETING,HIGH,0.744
T000005128,A001529,2026-02-20,C006,OLD_TARGETING,MEDIUM,0.789
T000005129,A001457,2026-02-20,C006,OLD_TARGETING,LOW,0.16
T000005130,A004000,2026-02-19,C006,OLD_TARGETING,HIGH,0.342
T000005131,A000104,2026-02-14,C006,OLD_TARGETING,HIGH,0.552
T000005132,A002252,2026-02-23,C006,OLD_TARGETING,LOW,0.842
T000005133,A000679,2026-02-05,C006,OLD_TARGETING,MEDIUM,0.758
T000005134,A000738,2026-02-13,C006,OLD_TARGETING,MEDIUM,0.496
T000005135,A002511,2026-02-20,C006,OLD_TARGETING,MEDIUM,0.46
T000005136,A000727,2026-02-11,C006,OLD_TARGETING,HIGH,0.149
T000005137,A002363,2026-02-18,C006,OLD_TARGETING,LOW,0.867
T000005138,A001057,2026-02-18,C006,OLD_TARGETING,LOW,0.704
T000005139,A002713,2026-02-12,C006,OLD_TARGETING,MEDIUM,0.6
T000005140,A000523,2026-02-04,C006,OLD_TARGETING,MEDIUM,0.35
T000005141,A001038,2026-02-05,C006,OLD_TARGETING,MEDIUM,0.223
T000005142,A001360,2026-02-11,C006,OLD_TARGETING,MEDIUM,0.886
T000005143,A001228,2026-02-14,C006,OLD_TARGETING,HIGH,0.32
T000005144,A002095,2026-02-11,C006,OLD_TARGETING,MEDIUM,0.27
T000005145,A002145,2026-02-26,C006,OLD_TARGETING,MEDIUM,0.958
T000005146,A002155,2026-02-11,C006,OLD_TARGETING,MEDIUM,0.515
T000005147,A003523,2026-02-01,C006,OLD_TARGETING,MEDIUM,0.639
T000005148,A000905,2026-02-06,C006,OLD_TARGETING,HIGH,0.42
T000005149,A000841,2026-02-08,C006,OLD_TARGETING,MEDIUM,0.306
T000005150,A002557,2026-02-03,C006,OLD_TARGETING,MEDIUM,0.591
T000005151,A003342,2026-02-13,C006,OLD_TARGETING,MEDIUM,0.397
T000005152,A004150,2026-02-18,C006,OLD_TARGETING,MEDIUM,0.813
T000005153,A002777,2026-02-21,C006,OLD_TARGETING,HIGH,0.651
T000005154,A000006,2026-02-24,C006,OLD_TARGETING,HIGH,0.403
T000005155,A001439,2026-02-19,C006,OLD_TARGETING,MEDIUM,0.525
T000005156,A002670,2026-02-05,C006,OLD_TARGETING,MEDIUM,0.223
T000005157,A003083,2026-02-04,C006,OLD_TARGETING,HIGH,0.208
T000005158,A002322,2026-02-24,C006,OLD_TARGETING,MEDIUM,0.717
T000005159,A002856,2026-02-05,C006,OLD_TARGETING,HIGH,0.495
T000005160,A001710,2026-02-13,C006,OLD_TARGETING,HIGH,0.927
T000005161,A002079,2026-02-27,C006,OLD_TARGETING,MEDIUM,0.562
T000005162,A002330,2026-02-05,C006,OLD_TARGETING,MEDIUM,0.167
T000005163,A000636,2026-02-20,C006,OLD_TARGETING,HIGH,0.776
T000005164,A002493,2026-02-17,C006,OLD_TARGETING,MEDIUM,0.742
T000005165,A000600,2026-02-12,C006,OLD_TARGETING,LOW,0.933
T000005166,A000116,2026-02-07,C006,OLD_TARGETING,HIGH,0.278
T000005167,A003141,2026-02-19,C006,OLD_TARGETING,LOW,0.134
T000005168,A003209,2026-02-10,C006,OLD_TARGETING,HIGH,0.911
T000005169,A000896,2026-02-06,C006,OLD_TARGETING,MEDIUM,0.629
T000005170,A002541,2026-02-21,C006,OLD_TARGETING,LOW,0.498
T000005171,A001861,2026-02-03,C006,OLD_TARGETING,MEDIUM,0.169
T000005172,A000462,2026-02-04,C006,OLD_TARGETING,LOW,0.17
T000005173,A001538,2026-02-23,C006,OLD_TARGETING,LOW,0.152
T000005174,A003641,2026-02-22,C006,OLD_TARGETING,MEDIUM,0.311
T000005175,A001596,2026-02-01,C006,OLD_TARGETING,MEDIUM,0.57
T000005176,A001562,2026-02-19,C006,OLD_TARGETING,LOW,0.337
T000005177,A001862,2026-02-12,C006,OLD_TARGETING,MEDIUM,0.499
T000005178,A000139,2026-02-19,C006,OLD_TARGETING,MEDIUM,0.555
T000005179,A002284,2026-02-16,C006,OLD_TARGETING,LOW,0.484
T000005180,A001891,2026-02-26,C006,OLD_TARGETING,LOW,0.401
T000005181,A002731,2026-02-16,C006,OLD_TARGETING,MEDIUM,0.743
T000005182,A003540,2026-02-06,C006,OLD_TARGETING,HIGH,0.976
T000005183,A001057,2026-02-26,C006,OLD_TARGETING,HIGH,0.765
T000005184,A000466,2026-02-18,C006,OLD_TARGETING,LOW,0.327
T000005185,A000896,2026-02-07,C006,OLD_TARGETING,MEDIUM,0.7
T000005186,A003486,2026-02-04,C006,OLD_TARGETING,HIGH,0.52
T000005187,A000625,2026-02-16,C006,OLD_TARGETING,LOW,0.605
T000005188,A004113,2026-02-20,C006,OLD_TARGETING,HIGH,0.841
T000005189,A003739,2026-02-20,C006,OLD_TARGETING,HIGH,0.289
T000005190,A001096,2026-02-03,C006,OLD_TARGETING,MEDIUM,0.14
T000005191,A000704,2026-02-14,C006,OLD_TARGETING,MEDIUM,0.571
T000005192,A000325,2026-02-19,C006,OLD_TARGETING,MEDIUM,0.241
T000005193,A004042,2026-02-10,C006,OLD_TARGETING,MEDIUM,0.116
T000005194,A002638,2026-02-21,C006,OLD_TARGETING,LOW,0.352
T000005195,A000968,2026-02-14,C006,OLD_TARGETING,MEDIUM,0.461
T000005196,A002559,2026-02-14,C006,OLD_TARGETING,MEDIUM,0.599
T000005197,A000035,2026-02-16,C006,OLD_TARGETING,MEDIUM,0.331
T000005198,A000498,2026-02-14,C006,OLD_TARGETING,MEDIUM,0.216
T000005199,A001105,2026-02-06,C006,OLD_TARGETING,LOW,0.548
T000005200,A002273,2026-02-06,C006,OLD_TARGETING,HIGH,0.439
T000005201,A002329,2026-02-25,C006,OLD_TARGETING,MEDIUM,0.301
T000005202,A001482,2026-02-13,C006,OLD_TARGETING,LOW,0.773
T000005203,A000559,2026-02-03,C006,OLD_TARGETING,MEDIUM,0.977
T000005204,A004031,2026-02-09,C006,OLD_TARGETING,MEDIUM,0.779
T000005205,A000879,2026-02-25,C006,OLD_TARGETING,MEDIUM,0.843
T000005206,A002142,2026-02-24,C006,OLD_TARGETING,MEDIUM,0.164
T000005207,A002447,2026-02-12,C006,OLD_TARGETING,HIGH,0.466
T000005208,A002746,2026-02-25,C006,OLD_TARGETING,MEDIUM,0.36
T000005209,A002525,2026-02-27,C006,OLD_TARGETING,HIGH,0.501
T000005210,A003509,2026-02-02,C006,OLD_TARGETING,LOW,0.149
T000005211,A002457,2026-02-26,C006,OLD_TARGETING,LOW,0.257
T000005212,A000977,2026-02-27,C006,OLD_TARGETING,MEDIUM,0.614
T000005213,A002323,2026-02-25,C006,OLD_TARGETING,LOW,0.371
T000005214,A000561,2026-02-04,C006,OLD_TARGETING,MEDIUM,0.232
T000005215,A001224,2026-02-06,C006,OLD_TARGETING,LOW,0.62
T000005216,A003784,2026-02-14,C006,OLD_TARGETING,MEDIUM,0.982
T000005217,A001847,2026-02-09,C006,OLD_TARGETING,LOW,0.495
T000005218,A001377,2026-02-05,C006,OLD_TARGETING,MEDIUM,0.432
T000005219,A001398,2026-02-12,C006,OLD_TARGETING,HIGH,0.241
T000005220,A002485,2026-02-10,C006,OLD_TARGETING,LOW,0.596
T000005221,A000738,2026-02-05,C006,OLD_TARGETING,LOW,0.816
T000005222,A004141,2026-02-04,C006,OLD_TARGETING,MEDIUM,0.17
T000005223,A001209,2026-02-07,C006,OLD_TARGETING,MEDIUM,0.116
T000005224,A002806,2026-02-08,C006,OLD_TARGETING,HIGH,0.779
T000005225,A000625,2026-02-10,C006,OLD_TARGETING,MEDIUM,0.34
T000005226,A001099,2026-02-26,C006,OLD_TARGETING,MEDIUM,0.816
T000005227,A000514,2026-02-12,C006,OLD_TARGETING,MEDIUM,0.467
T000005228,A002467,2026-02-27,C006,OLD_TARGETING,LOW,0.697
T000005229,A003499,2026-02-11,C006,OLD_TARGETING,MEDIUM,0.684
T000005230,A000581,2026-02-14,C006,OLD_TARGETING,LOW,0.989
T000005231,A000350,2026-02-05,C006,OLD_TARGETING,HIGH,0.537
T000005232,A000562,2026-02-07,C006,OLD_TARGETING,MEDIUM,0.968
T000005233,A001211,2026-02-16,C006,OLD_TARGETING,HIGH,0.546
T000005234,A002202,2026-02-26,C006,OLD_TARGETING,MEDIUM,0.256
T000005235,A003176,2026-02-11,C006,OLD_TARGETING,MEDIUM,0.99
T000005236,A000581,2026-02-26,C006,OLD_TARGETING,LOW,0.355
T000005237,A001333,2026-02-12,C006,OLD_TARGETING,MEDIUM,0.181
T000005238,A001459,2026-02-22,C006,OLD_TARGETING,LOW,0.823
T000005239,A001478,2026-02-03,C006,OLD_TARGETING,LOW,0.956
T000005240,A004155,2026-02-08,C006,OLD_TARGETING,MEDIUM,0.35
T000005241,A001346,2026-02-17,C006,OLD_TARGETING,MEDIUM,0.597
T000005242,A002390,2026-02-03,C006,OLD_TARGETING,HIGH,0.366
T000005243,A000858,2026-02-05,C006,OLD_TARGETING,MEDIUM,0.972
T000005244,A000888,2026-02-09,C006,OLD_TARGETING,HIGH,0.834
T000005245,A003261,2026-02-21,C006,OLD_TARGETING,MEDIUM,0.611
T000005246,A003598,2026-02-23,C006,OLD_TARGETING,MEDIUM,0.131
T000005247,A003220,2026-02-18,C006,OLD_TARGETING,MEDIUM,0.262
T000005248,A000558,2026-02-27,C006,OLD_TARGETING,HIGH,0.455
T000005249,A000349,2026-02-26,C006,OLD_TARGETING,MEDIUM,0.289
T000005250,A003894,2026-02-23,C006,OLD_TARGETING,HIGH,0.26
T000005251,A003293,2026-02-23,C006,OLD_TARGETING,LOW,0.271
T000005252,A003360,2026-02-15,C006,OLD_TARGETING,HIGH,0.21
T000005253,A003965,2026-02-02,C006,OLD_TARGETING,MEDIUM,0.468
T000005254,A003577,2026-02-14,C006,OLD_TARGETING,HIGH,0.53
T000005255,A001879,2026-02-24,C006,OLD_TARGETING,MEDIUM,0.194
T000005256,A000681,2026-02-10,C006,OLD_TARGETING,MEDIUM,0.463
T000005257,A003942,2026-02-20,C006,OLD_TARGETING,MEDIUM,0.798
T000005258,A003022,2026-02-01,C006,OLD_TARGETING,MEDIUM,0.352
T000005259,A003945,2026-02-05,C006,OLD_TARGETING,HIGH,0.742
T000005260,A004184,2026-02-21,C006,OLD_TARGETING,MEDIUM,0.396
T000005261,A003767,2026-02-17,C006,OLD_TARGETING,LOW,0.545
T000005262,A004150,2026-02-16,C006,OLD_TARGETING,HIGH,0.477
T000005263,A004159,2026-02-07,C006,OLD_TARGETING,LOW,0.809
T000005264,A001237,2026-02-06,C006,OLD_TARGETING,MEDIUM,0.76
T000005265,A001583,2026-02-09,C006,OLD_TARGETING,LOW,0.957
T000005266,A001333,2026-02-21,C006,OLD_TARGETING,HIGH,0.126
T000005267,A002205,2026-02-19,C006,OLD_TARGETING,MEDIUM,0.934
T000005268,A003327,2026-02-17,C006,OLD_TARGETING,MEDIUM,0.17
T000005269,A000771,2026-02-03,C006,OLD_TARGETING,LOW,0.597
T000005270,A001322,2026-02-16,C006,OLD_TARGETING,MEDIUM,0.323
T000005271,A002130,2026-02-24,C006,OLD_TARGETING,MEDIUM,0.234
T000005272,A002752,2026-02-27,C006,OLD_TARGETING,LOW,0.487
T000005273,A004167,2026-02-20,C006,OLD_TARGETING,HIGH,0.704
T000005274,A004105,2026-02-27,C006,OLD_TARGETING,MEDIUM,0.573
T000005275,A004141,2026-02-23,C006,OLD_TARGETING,LOW,0.926
T000005276,A003665,2026-02-27,C006,OLD_TARGETING,MEDIUM,0.193
T000005277,A000161,2026-02-08,C006,OLD_TARGETING,LOW,0.615
T000005278,A001544,2026-02-21,C006,OLD_TARGETING,MEDIUM,0.833
T000005279,A002794,2026-02-12,C006,OLD_TARGETING,LOW,0.599
T000005280,A003812,2026-02-20,C006,OLD_TARGETING,LOW,0.48
T000005281,A001042,2026-02-15,C006,OLD_TARGETING,LOW,0.141
T000005282,A001308,2026-02-07,C006,OLD_TARGETING,MEDIUM,0.62
T000005283,A001656,2026-02-03,C006,OLD_TARGETING,MEDIUM,0.533
T000005284,A004198,2026-02-03,C006,OLD_TARGETING,LOW,0.915
T000005285,A003532,2026-02-24,C006,OLD_TARGETING,MEDIUM,0.546
T000005286,A000481,2026-02-22,C006,OLD_TARGETING,MEDIUM,0.58
T000005287,A003271,2026-02-12,C006,OLD_TARGETING,MEDIUM,0.277
T000005288,A000064,2026-02-06,C006,OLD_TARGETING,MEDIUM,0.141
T000005289,A003425,2026-02-03,C006,OLD_TARGETING,HIGH,0.698
T000005290,A000700,2026-02-20,C006,OLD_TARGETING,LOW,0.989
T000005291,A003514,2026-02-05,C006,OLD_TARGETING,HIGH,0.705
T000005292,A003152,2026-02-23,C006,OLD_TARGETING,LOW,0.585
T000005293,A001839,2026-02-21,C006,OLD_TARGETING,MEDIUM,0.331
T000005294,A002977,2026-02-18,C006,OLD_TARGETING,LOW,0.132
T000005295,A000630,2026-02-23,C006,OLD_TARGETING,LOW,0.867
T000005296,A003325,2026-02-11,C006,OLD_TARGETING,MEDIUM,0.299
T000005297,A002742,2026-02-26,C006,OLD_TARGETING,LOW,0.445
T000005298,A001285,2026-02-10,C006,OLD_TARGETING,MEDIUM,0.875
T000005299,A001730,2026-02-22,C006,OLD_TARGETING,MEDIUM,0.448
T000005300,A003288,2026-02-04,C006,OLD_TARGETING,MEDIUM,0.101
T000005301,A003798,2026-02-15,C006,OLD_TARGETING,LOW,0.366
T000005302,A003698,2026-02-11,C006,OLD_TARGETING,HIGH,0.259
T000005303,A000524,2026-02-27,C006,OLD_TARGETING,HIGH,0.449
T000005304,A000385,2026-02-22,C006,OLD_TARGETING,MEDIUM,0.181
T000005305,A003679,2026-02-14,C006,OLD_TARGETING,LOW,0.293
T000005306,A001741,2026-02-04,C006,OLD_TARGETING,LOW,0.825
T000005307,A003732,2026-02-24,C006,OLD_TARGETING,LOW,0.552
T000005308,A003863,2026-02-24,C006,OLD_TARGETING,HIGH,0.776
T000005309,A004196,2026-02-19,C006,OLD_TARGETING,MEDIUM,0.857
T000005310,A003068,2026-02-09,C006,OLD_TARGETING,MEDIUM,0.309
T000005311,A000665,2026-02-23,C006,OLD_TARGETING,MEDIUM,0.311
T000005312,A002547,2026-02-14,C006,OLD_TARGETING,MEDIUM,0.922
T000005313,A001563,2026-02-12,C006,OLD_TARGETING,MEDIUM,0.644
T000005314,A001258,2026-02-17,C006,OLD_TARGETING,MEDIUM,0.92
T000005315,A004018,2026-02-16,C006,OLD_TARGETING,LOW,0.961
T000005316,A002219,2026-02-22,C006,OLD_TARGETING,MEDIUM,0.38
T000005317,A003018,2026-02-18,C006,OLD_TARGETING,MEDIUM,0.791
T000005318,A003191,2026-02-06,C006,OLD_TARGETING,LOW,0.516
T000005319,A001598,2026-02-16,C006,OLD_TARGETING,MEDIUM,0.299
T000005320,A002850,2026-02-09,C006,OLD_TARGETING,MEDIUM,0.99
T000005321,A003982,2026-02-08,C006,OLD_TARGETING,MEDIUM,0.224
T000005322,A000457,2026-02-03,C006,OLD_TARGETING,LOW,0.836
T000005323,A000632,2026-02-09,C006,OLD_TARGETING,LOW,0.454
T000005324,A003629,2026-02-21,C006,OLD_TARGETING,MEDIUM,0.169
T000005325,A002648,2026-02-03,C006,OLD_TARGETING,MEDIUM,0.865
T000005326,A003140,2026-02-25,C006,OLD_TARGETING,LOW,0.344
T000005327,A000389,2026-02-17,C006,OLD_TARGETING,HIGH,0.119
T000005328,A002340,2026-02-18,C006,OLD_TARGETING,LOW,0.257
T000005329,A003160,2026-02-02,C006,OLD_TARGETING,MEDIUM,0.701
T000005330,A001240,2026-02-03,C006,OLD_TARGETING,HIGH,0.207
T000005331,A003296,2026-02-17,C006,OLD_TARGETING,MEDIUM,0.393
T000005332,A001861,2026-02-17,C006,OLD_TARGETING,LOW,0.314
T000005333,A002740,2026-02-17,C006,OLD_TARGETING,MEDIUM,0.164
T000005334,A000368,2026-02-04,C006,OLD_TARGETING,HIGH,0.415
T000005335,A001578,2026-02-14,C006,OLD_TARGETING,HIGH,0.218
T000005336,A002338,2026-02-17,C006,OLD_TARGETING,LOW,0.969
T000005337,A001299,2026-02-06,C006,OLD_TARGETING,LOW,0.902
T000005338,A001377,2026-02-22,C006,OLD_TARGETING,HIGH,0.972
T000005339,A003410,2026-02-13,C006,OLD_TARGETING,HIGH,0.609
T000005340,A002506,2026-02-06,C006,OLD_TARGETING,MEDIUM,0.985
T000005341,A002480,2026-02-27,C006,OLD_TARGETING,MEDIUM,0.715
T000005342,A001780,2026-02-09,C006,OLD_TARGETING,HIGH,0.746
T000005343,A000362,2026-02-05,C006,OLD_TARGETING,HIGH,0.353
T000005344,A002891,2026-02-22,C006,OLD_TARGETING,LOW,0.622
T000005345,A000126,2026-02-12,C006,OLD_TARGETING,HIGH,0.906
T000005346,A002301,2026-02-22,C006,OLD_TARGETING,MEDIUM,0.672
T000005347,A003937,2026-02-27,C006,OLD_TARGETING,LOW,0.238
T000005348,A003690,2026-02-15,C006,OLD_TARGETING,MEDIUM,0.147
T000005349,A003015,2026-02-05,C006,OLD_TARGETING,LOW,0.341
T000005350,A002776,2026-02-25,C006,OLD_TARGETING,LOW,0.932
T000005351,A001312,2026-02-05,C006,OLD_TARGETING,LOW,0.506
T000005352,A001022,2026-02-11,C006,OLD_TARGETING,MEDIUM,0.345
T000005353,A003163,2026-02-24,C006,OLD_TARGETING,LOW,0.423
T000005354,A003013,2026-02-26,C006,OLD_TARGETING,HIGH,0.178
T000005355,A004004,2026-02-06,C006,OLD_TARGETING,HIGH,0.533
T000005356,A001495,2026-02-03,C006,OLD_TARGETING,MEDIUM,0.539
T000005357,A000592,2026-02-23,C006,OLD_TARGETING,MEDIUM,0.589
T000005358,A001581,2026-02-07,C006,OLD_TARGETING,HIGH,0.408
T000005359,A001690,2026-02-12,C006,OLD_TARGETING,MEDIUM,0.113
T000005360,A000100,2026-02-09,C006,OLD_TARGETING,MEDIUM,0.183
T000005361,A003590,2026-02-14,C006,OLD_TARGETING,HIGH,0.566
T000005362,A000383,2026-02-11,C006,OLD_TARGETING,MEDIUM,0.811
T000005363,A002295,2026-02-17,C006,OLD_TARGETING,LOW,0.23
T000005364,A000903,2026-02-23,C006,OLD_TARGETING,LOW,0.631
T000005365,A003531,2026-02-01,C006,OLD_TARGETING,MEDIUM,0.789
T000005366,A002098,2026-02-09,C006,OLD_TARGETING,LOW,0.464
T000005367,A004129,2026-02-16,C006,OLD_TARGETING,LOW,0.647
T000005368,A000146,2026-02-08,C006,OLD_TARGETING,LOW,0.675
T000005369,A001213,2026-02-17,C006,OLD_TARGETING,MEDIUM,0.363
T000005370,A003986,2026-02-06,C006,OLD_TARGETING,MEDIUM,0.683
T000005371,A001226,2026-02-08,C006,OLD_TARGETING,MEDIUM,0.176
T000005372,A003172,2026-02-12,C006,OLD_TARGETING,MEDIUM,0.754
T000005373,A002908,2026-02-25,C006,OLD_TARGETING,MEDIUM,0.583
T000005374,A001895,2026-02-15,C006,OLD_TARGETING,LOW,0.48
T000005375,A002702,2026-02-05,C006,OLD_TARGETING,MEDIUM,0.246
T000005376,A003872,2026-02-17,C006,OLD_TARGETING,HIGH,0.631
T000005377,A003029,2026-02-15,C006,OLD_TARGETING,MEDIUM,0.422
T000005378,A003465,2026-02-20,C006,OLD_TARGETING,MEDIUM,0.655
T000005379,A000862,2026-02-03,C006,OLD_TARGETING,MEDIUM,0.601
T000005380,A001303,2026-02-16,C006,OLD_TARGETING,MEDIUM,0.543
T000005381,A003939,2026-02-19,C006,OLD_TARGETING,HIGH,0.856
T000005382,A004031,2026-02-13,C006,OLD_TARGETING,LOW,0.687
T000005383,A002766,2026-02-26,C006,OLD_TARGETING,MEDIUM,0.61
T000005384,A001280,2026-02-17,C006,OLD_TARGETING,MEDIUM,0.475
T000005385,A001680,2026-02-17,C006,OLD_TARGETING,MEDIUM,0.36
T000005386,A002798,2026-02-18,C006,OLD_TARGETING,MEDIUM,0.794
T000005387,A002388,2026-02-09,C006,OLD_TARGETING,MEDIUM,0.396
T000005388,A000750,2026-02-03,C006,OLD_TARGETING,MEDIUM,0.824
T000005389,A004156,2026-02-11,C006,OLD_TARGETING,HIGH,0.188
T000005390,A003640,2026-02-11,C006,OLD_TARGETING,MEDIUM,0.112
T000005391,A003070,2026-02-21,C006,OLD_TARGETING,MEDIUM,0.374
T000005392,A000122,2026-02-01,C006,OLD_TARGETING,MEDIUM,0.871
T000005393,A000457,2026-02-27,C006,OLD_TARGETING,LOW,0.666
T000005394,A001669,2026-02-12,C006,OLD_TARGETING,MEDIUM,0.608
T000005395,A001540,2026-02-26,C006,OLD_TARGETING,MEDIUM,0.208
T000005396,A001594,2026-02-17,C006,OLD_TARGETING,HIGH,0.209
T000005397,A003874,2026-02-22,C006,OLD_TARGETING,MEDIUM,0.591
T000005398,A001238,2026-02-12,C006,OLD_TARGETING,LOW,0.501
T000005399,A000998,2026-02-25,C006,OLD_TARGETING,MEDIUM,0.592
T000005400,A000104,2026-02-27,C006,OLD_TARGETING,MEDIUM,0.251
T000005401,A000035,2026-03-24,C007,NEW_TARGETING,HIGH,0.605
T000005402,A000694,2026-03-16,C007,NEW_TARGETING,MEDIUM,0.759
T000005403,A002782,2026-03-07,C007,NEW_TARGETING,MEDIUM,0.598
T000005404,A001894,2026-03-12,C007,NEW_TARGETING,MEDIUM,0.405
T000005405,A000843,2026-03-15,C007,NEW_TARGETING,LOW,0.25
T000005406,A000123,2026-03-06,C007,NEW_TARGETING,MEDIUM,0.586
T000005407,A003014,2026-03-07,C007,NEW_TARGETING,LOW,0.798
T000005408,A001185,2026-03-17,C007,NEW_TARGETING,HIGH,0.505
T000005409,A002023,2026-03-16,C007,NEW_TARGETING,LOW,0.249
T000005410,A002675,2026-03-09,C007,NEW_TARGETING,HIGH,0.608
T000005411,A001507,2026-03-15,C007,NEW_TARGETING,MEDIUM,0.141
T000005412,A000439,2026-03-22,C007,NEW_TARGETING,MEDIUM,0.326
T000005413,A002731,2026-03-12,C007,NEW_TARGETING,LOW,0.256
T000005414,A004078,2026-03-24,C007,NEW_TARGETING,MEDIUM,0.134
T000005415,A003484,2026-03-15,C007,NEW_TARGETING,MEDIUM,0.268
T000005416,A002990,2026-03-22,C007,NEW_TARGETING,MEDIUM,0.135
T000005417,A002594,2026-03-03,C007,NEW_TARGETING,HIGH,0.942
T000005418,A002439,2026-03-21,C007,NEW_TARGETING,MEDIUM,0.61
T000005419,A002226,2026-03-11,C007,NEW_TARGETING,HIGH,0.506
T000005420,A000769,2026-03-23,C007,NEW_TARGETING,MEDIUM,0.889
T000005421,A003967,2026-03-15,C007,NEW_TARGETING,MEDIUM,0.925
T000005422,A002952,2026-03-23,C007,NEW_TARGETING,MEDIUM,0.184
T000005423,A002300,2026-03-06,C007,NEW_TARGETING,MEDIUM,0.887
T000005424,A000852,2026-03-10,C007,NEW_TARGETING,MEDIUM,0.506
T000005425,A001563,2026-03-24,C007,NEW_TARGETING,MEDIUM,0.847
T000005426,A004022,2026-03-17,C007,NEW_TARGETING,MEDIUM,0.136
T000005427,A001838,2026-03-17,C007,NEW_TARGETING,MEDIUM,0.568
T000005428,A003901,2026-03-23,C007,NEW_TARGETING,MEDIUM,0.749
T000005429,A003652,2026-03-22,C007,NEW_TARGETING,MEDIUM,0.354
T000005430,A001107,2026-03-05,C007,NEW_TARGETING,LOW,0.514
T000005431,A000861,2026-03-22,C007,NEW_TARGETING,LOW,0.106
T000005432,A002631,2026-03-11,C007,NEW_TARGETING,MEDIUM,0.915
T000005433,A002369,2026-03-16,C007,NEW_TARGETING,LOW,0.291
T000005434,A004017,2026-03-15,C007,NEW_TARGETING,MEDIUM,0.514
T000005435,A003797,2026-03-12,C007,NEW_TARGETING,MEDIUM,0.635
T000005436,A001470,2026-03-17,C007,NEW_TARGETING,MEDIUM,0.889
T000005437,A001024,2026-03-13,C007,NEW_TARGETING,MEDIUM,0.567
T000005438,A000341,2026-03-08,C007,NEW_TARGETING,LOW,0.967
T000005439,A000014,2026-03-15,C007,NEW_TARGETING,MEDIUM,0.264
T000005440,A000792,2026-03-27,C007,NEW_TARGETING,MEDIUM,0.63
T000005441,A001732,2026-03-14,C007,NEW_TARGETING,LOW,0.354
T000005442,A001001,2026-03-08,C007,NEW_TARGETING,HIGH,0.926
T000005443,A002839,2026-03-20,C007,NEW_TARGETING,MEDIUM,0.124
T000005444,A001466,2026-03-06,C007,NEW_TARGETING,MEDIUM,0.923
T000005445,A001132,2026-03-16,C007,NEW_TARGETING,MEDIUM,0.75
T000005446,A001350,2026-03-08,C007,NEW_TARGETING,MEDIUM,0.494
T000005447,A000173,2026-03-04,C007,NEW_TARGETING,MEDIUM,0.503
T000005448,A001816,2026-03-12,C007,NEW_TARGETING,LOW,0.349
T000005449,A003781,2026-03-18,C007,NEW_TARGETING,HIGH,0.177
T000005450,A001561,2026-03-26,C007,NEW_TARGETING,LOW,0.729
T000005451,A003364,2026-03-23,C007,NEW_TARGETING,HIGH,0.651
T000005452,A004050,2026-03-07,C007,NEW_TARGETING,MEDIUM,0.131
T000005453,A004123,2026-03-07,C007,NEW_TARGETING,HIGH,0.162
T000005454,A004115,2026-03-11,C007,NEW_TARGETING,HIGH,0.374
T000005455,A000168,2026-03-23,C007,NEW_TARGETING,MEDIUM,0.661
T000005456,A003644,2026-03-06,C007,NEW_TARGETING,HIGH,0.362
T000005457,A000213,2026-03-01,C007,NEW_TARGETING,MEDIUM,0.512
T000005458,A001398,2026-03-09,C007,NEW_TARGETING,MEDIUM,0.784
T000005459,A004095,2026-03-11,C007,NEW_TARGETING,MEDIUM,0.412
T000005460,A002250,2026-03-03,C007,NEW_TARGETING,HIGH,0.734
T000005461,A001273,2026-03-19,C007,NEW_TARGETING,LOW,0.252
T000005462,A000638,2026-03-18,C007,NEW_TARGETING,MEDIUM,0.372
T000005463,A003218,2026-03-26,C007,NEW_TARGETING,MEDIUM,0.484
T000005464,A002084,2026-03-06,C007,NEW_TARGETING,LOW,0.488
T000005465,A004028,2026-03-08,C007,NEW_TARGETING,LOW,0.39
T000005466,A003418,2026-03-09,C007,NEW_TARGETING,MEDIUM,0.753
T000005467,A003281,2026-03-04,C007,NEW_TARGETING,MEDIUM,0.687
T000005468,A003673,2026-03-25,C007,NEW_TARGETING,LOW,0.393
T000005469,A004151,2026-03-02,C007,NEW_TARGETING,MEDIUM,0.942
T000005470,A002696,2026-03-16,C007,NEW_TARGETING,LOW,0.734
T000005471,A004000,2026-03-27,C007,NEW_TARGETING,LOW,0.381
T000005472,A001139,2026-03-27,C007,NEW_TARGETING,MEDIUM,0.109
T000005473,A004017,2026-03-17,C007,NEW_TARGETING,HIGH,0.782
T000005474,A002630,2026-03-14,C007,NEW_TARGETING,LOW,0.665
T000005475,A001640,2026-03-05,C007,NEW_TARGETING,MEDIUM,0.328
T000005476,A002235,2026-03-08,C007,NEW_TARGETING,MEDIUM,0.381
T000005477,A000049,2026-03-25,C007,NEW_TARGETING,HIGH,0.191
T000005478,A003423,2026-03-06,C007,NEW_TARGETING,MEDIUM,0.966
T000005479,A001103,2026-03-24,C007,NEW_TARGETING,LOW,0.56
T000005480,A002386,2026-03-23,C007,NEW_TARGETING,MEDIUM,0.481
T000005481,A000037,2026-03-25,C007,NEW_TARGETING,HIGH,0.589
T000005482,A003337,2026-03-03,C007,NEW_TARGETING,MEDIUM,0.893
T000005483,A003089,2026-03-07,C007,NEW_TARGETING,HIGH,0.119
T000005484,A003385,2026-03-05,C007,NEW_TARGETING,LOW,0.635
T000005485,A003071,2026-03-07,C007,NEW_TARGETING,LOW,0.573
T000005486,A001539,2026-03-19,C007,NEW_TARGETING,LOW,0.57
T000005487,A003028,2026-03-10,C007,NEW_TARGETING,MEDIUM,0.828
T000005488,A001079,2026-03-22,C007,NEW_TARGETING,MEDIUM,0.529
T000005489,A003447,2026-03-07,C007,NEW_TARGETING,HIGH,0.706
T000005490,A003794,2026-03-25,C007,NEW_TARGETING,HIGH,0.744
T000005491,A002667,2026-03-06,C007,NEW_TARGETING,HIGH,0.621
T000005492,A002565,2026-03-15,C007,NEW_TARGETING,HIGH,0.96
T000005493,A003712,2026-03-07,C007,NEW_TARGETING,MEDIUM,0.261
T000005494,A001263,2026-03-23,C007,NEW_TARGETING,MEDIUM,0.369
T000005495,A000299,2026-03-24,C007,NEW_TARGETING,MEDIUM,0.273
T000005496,A003099,2026-03-16,C007,NEW_TARGETING,MEDIUM,0.648
T000005497,A000406,2026-03-16,C007,NEW_TARGETING,MEDIUM,0.247
T000005498,A002819,2026-03-06,C007,NEW_TARGETING,HIGH,0.707
T000005499,A003897,2026-03-15,C007,NEW_TARGETING,MEDIUM,0.203
T000005500,A001335,2026-03-14,C007,NEW_TARGETING,LOW,0.507
T000005501,A002816,2026-03-05,C007,NEW_TARGETING,HIGH,0.553
T000005502,A002188,2026-03-25,C007,NEW_TARGETING,MEDIUM,0.853
T000005503,A002245,2026-03-09,C007,NEW_TARGETING,LOW,0.331
T000005504,A000842,2026-03-13,C007,NEW_TARGETING,HIGH,0.925
T000005505,A001028,2026-03-13,C007,NEW_TARGETING,MEDIUM,0.203
T000005506,A003757,2026-03-16,C007,NEW_TARGETING,HIGH,0.119
T000005507,A002960,2026-03-21,C007,NEW_TARGETING,HIGH,0.468
T000005508,A003481,2026-03-25,C007,NEW_TARGETING,MEDIUM,0.595
T000005509,A001723,2026-03-21,C007,NEW_TARGETING,HIGH,0.204
T000005510,A002052,2026-03-23,C007,NEW_TARGETING,MEDIUM,0.471
T000005511,A003298,2026-03-07,C007,NEW_TARGETING,MEDIUM,0.342
T000005512,A000008,2026-03-01,C007,NEW_TARGETING,HIGH,0.453
T000005513,A001725,2026-03-12,C007,NEW_TARGETING,MEDIUM,0.938
T000005514,A002301,2026-03-18,C007,NEW_TARGETING,HIGH,0.511
T000005515,A000611,2026-03-05,C007,NEW_TARGETING,HIGH,0.791
T000005516,A003605,2026-03-02,C007,NEW_TARGETING,LOW,0.856
T000005517,A002679,2026-03-16,C007,NEW_TARGETING,MEDIUM,0.344
T000005518,A003047,2026-03-26,C007,NEW_TARGETING,MEDIUM,0.326
T000005519,A001580,2026-03-27,C007,NEW_TARGETING,LOW,0.289
T000005520,A003182,2026-03-13,C007,NEW_TARGETING,LOW,0.178
T000005521,A000044,2026-03-26,C007,NEW_TARGETING,MEDIUM,0.308
T000005522,A000835,2026-03-12,C007,NEW_TARGETING,LOW,0.612
T000005523,A001063,2026-03-11,C007,NEW_TARGETING,MEDIUM,0.795
T000005524,A002261,2026-03-12,C007,NEW_TARGETING,MEDIUM,0.448
T000005525,A001468,2026-03-09,C007,NEW_TARGETING,HIGH,0.501
T000005526,A001035,2026-03-27,C007,NEW_TARGETING,MEDIUM,0.963
T000005527,A000576,2026-03-13,C007,NEW_TARGETING,MEDIUM,0.869
T000005528,A002172,2026-03-09,C007,NEW_TARGETING,MEDIUM,0.505
T000005529,A000396,2026-03-26,C007,NEW_TARGETING,HIGH,0.428
T000005530,A003849,2026-03-02,C007,NEW_TARGETING,MEDIUM,0.495
T000005531,A002819,2026-03-10,C007,NEW_TARGETING,LOW,0.592
T000005532,A000908,2026-03-16,C007,NEW_TARGETING,MEDIUM,0.233
T000005533,A000755,2026-03-18,C007,NEW_TARGETING,HIGH,0.361
T000005534,A001096,2026-03-09,C007,NEW_TARGETING,MEDIUM,0.204
T000005535,A001683,2026-03-20,C007,NEW_TARGETING,LOW,0.891
T000005536,A000587,2026-03-19,C007,NEW_TARGETING,HIGH,0.375
T000005537,A000189,2026-03-26,C007,NEW_TARGETING,LOW,0.115
T000005538,A003024,2026-03-09,C007,NEW_TARGETING,LOW,0.963
T000005539,A000448,2026-03-21,C007,NEW_TARGETING,LOW,0.297
T000005540,A001881,2026-03-04,C007,NEW_TARGETING,MEDIUM,0.66
T000005541,A001821,2026-03-21,C007,NEW_TARGETING,MEDIUM,0.561
T000005542,A000072,2026-03-22,C007,NEW_TARGETING,HIGH,0.449
T000005543,A002286,2026-03-15,C007,NEW_TARGETING,MEDIUM,0.171
T000005544,A001904,2026-03-05,C007,NEW_TARGETING,MEDIUM,0.589
T000005545,A001123,2026-03-25,C007,NEW_TARGETING,HIGH,0.731
T000005546,A002120,2026-03-14,C007,NEW_TARGETING,HIGH,0.23
T000005547,A003344,2026-03-20,C007,NEW_TARGETING,LOW,0.81
T000005548,A000076,2026-03-15,C007,NEW_TARGETING,MEDIUM,0.323
T000005549,A001550,2026-03-12,C007,NEW_TARGETING,HIGH,0.393
T000005550,A000074,2026-03-08,C007,NEW_TARGETING,HIGH,0.545
T000005551,A001185,2026-03-20,C007,NEW_TARGETING,LOW,0.962
T000005552,A001952,2026-03-10,C007,NEW_TARGETING,HIGH,0.183
T000005553,A001389,2026-03-18,C007,NEW_TARGETING,HIGH,0.914
T000005554,A000529,2026-03-23,C007,NEW_TARGETING,LOW,0.404
T000005555,A002770,2026-03-07,C007,NEW_TARGETING,MEDIUM,0.389
T000005556,A001797,2026-03-09,C007,NEW_TARGETING,HIGH,0.293
T000005557,A001189,2026-03-04,C007,NEW_TARGETING,LOW,0.706
T000005558,A001088,2026-03-12,C007,NEW_TARGETING,MEDIUM,0.447
T000005559,A002141,2026-03-18,C007,NEW_TARGETING,HIGH,0.439
T000005560,A003904,2026-03-02,C007,NEW_TARGETING,HIGH,0.743
T000005561,A002103,2026-03-09,C007,NEW_TARGETING,HIGH,0.921
T000005562,A000172,2026-03-11,C007,NEW_TARGETING,MEDIUM,0.824
T000005563,A001098,2026-03-19,C007,NEW_TARGETING,MEDIUM,0.874
T000005564,A004133,2026-03-19,C007,NEW_TARGETING,MEDIUM,0.553
T000005565,A003956,2026-03-17,C007,NEW_TARGETING,LOW,0.369
T000005566,A001526,2026-03-16,C007,NEW_TARGETING,MEDIUM,0.187
T000005567,A001836,2026-03-20,C007,NEW_TARGETING,MEDIUM,0.142
T000005568,A002509,2026-03-12,C007,NEW_TARGETING,MEDIUM,0.151
T000005569,A003641,2026-03-21,C007,NEW_TARGETING,HIGH,0.3
T000005570,A003262,2026-03-18,C007,NEW_TARGETING,LOW,0.835
T000005571,A002352,2026-03-01,C007,NEW_TARGETING,MEDIUM,0.868
T000005572,A002766,2026-03-01,C007,NEW_TARGETING,MEDIUM,0.246
T000005573,A001763,2026-03-10,C007,NEW_TARGETING,MEDIUM,0.879
T000005574,A002277,2026-03-21,C007,NEW_TARGETING,MEDIUM,0.735
T000005575,A004055,2026-03-14,C007,NEW_TARGETING,MEDIUM,0.619
T000005576,A003017,2026-03-23,C007,NEW_TARGETING,MEDIUM,0.795
T000005577,A000959,2026-03-23,C007,NEW_TARGETING,MEDIUM,0.585
T000005578,A002340,2026-03-19,C007,NEW_TARGETING,LOW,0.188
T000005579,A002663,2026-03-27,C007,NEW_TARGETING,LOW,0.968
T000005580,A002055,2026-03-08,C007,NEW_TARGETING,LOW,0.397
T000005581,A001411,2026-03-22,C007,NEW_TARGETING,HIGH,0.425
T000005582,A002593,2026-03-12,C007,NEW_TARGETING,LOW,0.725
T000005583,A000146,2026-03-22,C007,NEW_TARGETING,MEDIUM,0.472
T000005584,A001477,2026-03-13,C007,NEW_TARGETING,MEDIUM,0.268
T000005585,A001758,2026-03-26,C007,NEW_TARGETING,LOW,0.937
T000005586,A002867,2026-03-06,C007,NEW_TARGETING,MEDIUM,0.475
T000005587,A002354,2026-03-24,C007,NEW_TARGETING,LOW,0.312
T000005588,A002200,2026-03-11,C007,NEW_TARGETING,MEDIUM,0.411
T000005589,A000635,2026-03-06,C007,NEW_TARGETING,HIGH,0.62
T000005590,A001619,2026-03-18,C007,NEW_TARGETING,MEDIUM,0.386
T000005591,A004097,2026-03-06,C007,NEW_TARGETING,MEDIUM,0.776
T000005592,A001243,2026-03-04,C007,NEW_TARGETING,MEDIUM,0.546
T000005593,A000744,2026-03-11,C007,NEW_TARGETING,MEDIUM,0.418
T000005594,A004098,2026-03-17,C007,NEW_TARGETING,HIGH,0.624
T000005595,A002661,2026-03-11,C007,NEW_TARGETING,MEDIUM,0.406
T000005596,A002739,2026-03-06,C007,NEW_TARGETING,HIGH,0.594
T000005597,A001980,2026-03-24,C007,NEW_TARGETING,HIGH,0.155
T000005598,A000974,2026-03-13,C007,NEW_TARGETING,HIGH,0.476
T000005599,A002753,2026-03-06,C007,NEW_TARGETING,HIGH,0.247
T000005600,A001228,2026-03-22,C007,NEW_TARGETING,MEDIUM,0.454
T000005601,A001501,2026-03-04,C007,NEW_TARGETING,LOW,0.551
T000005602,A003768,2026-03-08,C007,NEW_TARGETING,HIGH,0.981
T000005603,A002704,2026-03-04,C007,NEW_TARGETING,MEDIUM,0.751
T000005604,A000298,2026-03-17,C007,NEW_TARGETING,HIGH,0.494
T000005605,A000415,2026-03-06,C007,NEW_TARGETING,MEDIUM,0.794
T000005606,A002669,2026-03-17,C007,NEW_TARGETING,HIGH,0.62
T000005607,A002339,2026-03-16,C007,NEW_TARGETING,HIGH,0.758
T000005608,A000337,2026-03-09,C007,NEW_TARGETING,LOW,0.46
T000005609,A002898,2026-03-12,C007,NEW_TARGETING,MEDIUM,0.353
T000005610,A001103,2026-03-25,C007,NEW_TARGETING,MEDIUM,0.746
T000005611,A001385,2026-03-25,C007,NEW_TARGETING,LOW,0.729
T000005612,A002153,2026-03-25,C007,NEW_TARGETING,MEDIUM,0.924
T000005613,A002854,2026-03-02,C007,NEW_TARGETING,LOW,0.558
T000005614,A003137,2026-03-17,C007,NEW_TARGETING,LOW,0.972
T000005615,A002547,2026-03-06,C007,NEW_TARGETING,LOW,0.201
T000005616,A002144,2026-03-01,C007,NEW_TARGETING,LOW,0.572
T000005617,A002614,2026-03-19,C007,NEW_TARGETING,MEDIUM,0.148
T000005618,A000438,2026-03-13,C007,NEW_TARGETING,LOW,0.34
T000005619,A001717,2026-03-24,C007,NEW_TARGETING,LOW,0.1
T000005620,A002232,2026-03-14,C007,NEW_TARGETING,MEDIUM,0.979
T000005621,A003547,2026-03-17,C007,NEW_TARGETING,MEDIUM,0.304
T000005622,A002339,2026-03-26,C007,NEW_TARGETING,HIGH,0.171
T000005623,A002386,2026-03-02,C007,NEW_TARGETING,MEDIUM,0.162
T000005624,A000273,2026-03-25,C007,NEW_TARGETING,MEDIUM,0.188
T000005625,A000959,2026-03-02,C007,NEW_TARGETING,LOW,0.331
T000005626,A001998,2026-03-14,C007,NEW_TARGETING,MEDIUM,0.499
T000005627,A000066,2026-03-17,C007,NEW_TARGETING,MEDIUM,0.958
T000005628,A002703,2026-03-09,C007,NEW_TARGETING,HIGH,0.349
T000005629,A003981,2026-03-22,C007,NEW_TARGETING,HIGH,0.926
T000005630,A002704,2026-03-07,C007,NEW_TARGETING,MEDIUM,0.439
T000005631,A000290,2026-03-25,C007,NEW_TARGETING,LOW,0.666
T000005632,A000836,2026-03-04,C007,NEW_TARGETING,MEDIUM,0.129
T000005633,A001302,2026-03-06,C007,NEW_TARGETING,MEDIUM,0.959
T000005634,A003527,2026-03-13,C007,NEW_TARGETING,MEDIUM,0.291
T000005635,A003608,2026-03-12,C007,NEW_TARGETING,MEDIUM,0.557
T000005636,A003134,2026-03-06,C007,NEW_TARGETING,MEDIUM,0.28
T000005637,A003415,2026-03-08,C007,NEW_TARGETING,MEDIUM,0.216
T000005638,A003319,2026-03-01,C007,NEW_TARGETING,LOW,0.964
T000005639,A002351,2026-03-14,C007,NEW_TARGETING,MEDIUM,0.311
T000005640,A003754,2026-03-12,C007,NEW_TARGETING,HIGH,0.845
T000005641,A003157,2026-03-26,C007,NEW_TARGETING,MEDIUM,0.156
T000005642,A001991,2026-03-25,C007,NEW_TARGETING,HIGH,0.939
T000005643,A001511,2026-03-21,C007,NEW_TARGETING,HIGH,0.862
T000005644,A002272,2026-03-11,C007,NEW_TARGETING,MEDIUM,0.495
T000005645,A001691,2026-03-02,C007,NEW_TARGETING,MEDIUM,0.915
T000005646,A002986,2026-03-21,C007,NEW_TARGETING,MEDIUM,0.318
T000005647,A002604,2026-03-19,C007,NEW_TARGETING,LOW,0.643
T000005648,A002661,2026-03-17,C007,NEW_TARGETING,MEDIUM,0.692
T000005649,A002793,2026-03-05,C007,NEW_TARGETING,MEDIUM,0.913
T000005650,A000778,2026-03-22,C007,NEW_TARGETING,MEDIUM,0.896
T000005651,A001333,2026-03-16,C007,NEW_TARGETING,MEDIUM,0.619
T000005652,A000084,2026-03-10,C007,NEW_TARGETING,HIGH,0.623
T000005653,A001460,2026-03-15,C007,NEW_TARGETING,LOW,0.69
T000005654,A001086,2026-03-21,C007,NEW_TARGETING,LOW,0.462
T000005655,A000977,2026-03-21,C007,NEW_TARGETING,MEDIUM,0.37
T000005656,A001066,2026-03-07,C007,NEW_TARGETING,LOW,0.601
T000005657,A002775,2026-03-18,C007,NEW_TARGETING,LOW,0.382
T000005658,A001476,2026-03-09,C007,NEW_TARGETING,MEDIUM,0.385
T000005659,A001517,2026-03-22,C007,NEW_TARGETING,MEDIUM,0.256
T000005660,A000158,2026-03-03,C007,NEW_TARGETING,MEDIUM,0.238
T000005661,A003470,2026-03-20,C007,NEW_TARGETING,MEDIUM,0.156
T000005662,A003811,2026-03-01,C007,NEW_TARGETING,MEDIUM,0.646
T000005663,A001604,2026-03-27,C007,NEW_TARGETING,HIGH,0.745
T000005664,A000123,2026-03-03,C007,NEW_TARGETING,MEDIUM,0.559
T000005665,A001672,2026-03-05,C007,NEW_TARGETING,MEDIUM,0.437
T000005666,A003426,2026-03-16,C007,NEW_TARGETING,MEDIUM,0.156
T000005667,A001624,2026-03-22,C007,NEW_TARGETING,LOW,0.314
T000005668,A000172,2026-03-11,C007,NEW_TARGETING,MEDIUM,0.834
T000005669,A002598,2026-03-07,C007,NEW_TARGETING,LOW,0.659
T000005670,A001273,2026-03-26,C007,NEW_TARGETING,HIGH,0.389
T000005671,A002846,2026-03-17,C007,NEW_TARGETING,MEDIUM,0.185
T000005672,A002773,2026-03-03,C007,NEW_TARGETING,MEDIUM,0.853
T000005673,A000931,2026-03-22,C007,NEW_TARGETING,MEDIUM,0.745
T000005674,A000988,2026-03-05,C007,NEW_TARGETING,MEDIUM,0.264
T000005675,A001867,2026-03-19,C007,NEW_TARGETING,HIGH,0.845
T000005676,A002478,2026-03-02,C007,NEW_TARGETING,MEDIUM,0.3
T000005677,A003540,2026-03-13,C007,NEW_TARGETING,LOW,0.59
T000005678,A001946,2026-03-13,C007,NEW_TARGETING,MEDIUM,0.372
T000005679,A001663,2026-03-17,C007,NEW_TARGETING,MEDIUM,0.839
T000005680,A004150,2026-03-20,C007,NEW_TARGETING,MEDIUM,0.199
T000005681,A001362,2026-03-08,C007,NEW_TARGETING,MEDIUM,0.331
T000005682,A003605,2026-03-26,C007,NEW_TARGETING,LOW,0.338
T000005683,A000554,2026-03-24,C007,NEW_TARGETING,MEDIUM,0.588
T000005684,A003792,2026-03-27,C007,NEW_TARGETING,MEDIUM,0.64
T000005685,A003354,2026-03-17,C007,NEW_TARGETING,MEDIUM,0.229
T000005686,A001090,2026-03-10,C007,NEW_TARGETING,MEDIUM,0.446
T000005687,A002105,2026-03-23,C007,NEW_TARGETING,HIGH,0.651
T000005688,A002850,2026-03-27,C007,NEW_TARGETING,LOW,0.529
T000005689,A003872,2026-03-06,C007,NEW_TARGETING,LOW,0.705
T000005690,A002247,2026-03-07,C007,NEW_TARGETING,LOW,0.75
T000005691,A001119,2026-03-15,C007,NEW_TARGETING,HIGH,0.67
T000005692,A003623,2026-03-08,C007,NEW_TARGETING,MEDIUM,0.954
T000005693,A000732,2026-03-19,C007,NEW_TARGETING,MEDIUM,0.274
T000005694,A002575,2026-03-04,C007,NEW_TARGETING,MEDIUM,0.66
T000005695,A000978,2026-03-06,C007,NEW_TARGETING,LOW,0.948
T000005696,A000722,2026-03-06,C007,NEW_TARGETING,MEDIUM,0.575
T000005697,A001178,2026-03-04,C007,NEW_TARGETING,MEDIUM,0.842
T000005698,A002904,2026-03-03,C007,NEW_TARGETING,MEDIUM,0.737
T000005699,A002883,2026-03-09,C007,NEW_TARGETING,MEDIUM,0.925
T000005700,A003422,2026-03-26,C007,NEW_TARGETING,MEDIUM,0.761
T000005701,A001601,2026-03-09,C007,NEW_TARGETING,LOW,0.185
T000005702,A002888,2026-03-04,C007,NEW_TARGETING,MEDIUM,0.67
T000005703,A004184,2026-03-21,C007,NEW_TARGETING,MEDIUM,0.791
T000005704,A000740,2026-03-22,C007,NEW_TARGETING,MEDIUM,0.67
T000005705,A002377,2026-03-14,C007,NEW_TARGETING,HIGH,0.592
T000005706,A002170,2026-03-12,C007,NEW_TARGETING,MEDIUM,0.936
T000005707,A000560,2026-03-05,C007,NEW_TARGETING,MEDIUM,0.854
T000005708,A000178,2026-03-22,C007,NEW_TARGETING,HIGH,0.222
T000005709,A000095,2026-03-22,C007,NEW_TARGETING,MEDIUM,0.845
T000005710,A000795,2026-03-27,C007,NEW_TARGETING,LOW,0.406
T000005711,A000223,2026-03-26,C007,NEW_TARGETING,MEDIUM,0.646
T000005712,A002253,2026-03-27,C007,NEW_TARGETING,LOW,0.392
T000005713,A003295,2026-03-10,C007,NEW_TARGETING,MEDIUM,0.361
T000005714,A000160,2026-03-05,C007,NEW_TARGETING,MEDIUM,0.405
T000005715,A002854,2026-03-17,C007,NEW_TARGETING,HIGH,0.449
T000005716,A002893,2026-03-03,C007,NEW_TARGETING,MEDIUM,0.644
T000005717,A000228,2026-03-20,C007,NEW_TARGETING,MEDIUM,0.678
T000005718,A000269,2026-03-15,C007,NEW_TARGETING,LOW,0.647
T000005719,A003049,2026-03-26,C007,NEW_TARGETING,HIGH,0.58
T000005720,A000426,2026-03-21,C007,NEW_TARGETING,HIGH,0.411
T000005721,A001620,2026-03-02,C007,NEW_TARGETING,LOW,0.122
T000005722,A000750,2026-03-04,C007,NEW_TARGETING,MEDIUM,0.333
T000005723,A000649,2026-03-17,C007,NEW_TARGETING,HIGH,0.281
T000005724,A003384,2026-03-18,C007,NEW_TARGETING,HIGH,0.427
T000005725,A000725,2026-03-20,C007,NEW_TARGETING,MEDIUM,0.156
T000005726,A002066,2026-03-06,C007,NEW_TARGETING,MEDIUM,0.547
T000005727,A001848,2026-03-08,C007,NEW_TARGETING,MEDIUM,0.316
T000005728,A002534,2026-03-19,C007,NEW_TARGETING,HIGH,0.124
T000005729,A001041,2026-03-21,C007,NEW_TARGETING,LOW,0.757
T000005730,A000160,2026-03-17,C007,NEW_TARGETING,HIGH,0.417
T000005731,A001214,2026-03-25,C007,NEW_TARGETING,HIGH,0.271
T000005732,A003345,2026-03-03,C007,NEW_TARGETING,LOW,0.145
T000005733,A003421,2026-03-17,C007,NEW_TARGETING,HIGH,0.121
T000005734,A001026,2026-03-01,C007,NEW_TARGETING,HIGH,0.749
T000005735,A003961,2026-03-12,C007,NEW_TARGETING,MEDIUM,0.562
T000005736,A002665,2026-03-03,C007,NEW_TARGETING,MEDIUM,0.115
T000005737,A002266,2026-03-16,C007,NEW_TARGETING,MEDIUM,0.953
T000005738,A000008,2026-03-14,C007,NEW_TARGETING,HIGH,0.283
T000005739,A002412,2026-03-13,C007,NEW_TARGETING,LOW,0.677
T000005740,A003389,2026-03-20,C007,NEW_TARGETING,HIGH,0.335
T000005741,A001381,2026-03-03,C007,NEW_TARGETING,MEDIUM,0.193
T000005742,A001456,2026-03-05,C007,NEW_TARGETING,MEDIUM,0.722
T000005743,A001488,2026-03-20,C007,NEW_TARGETING,MEDIUM,0.401
T000005744,A001981,2026-03-17,C007,NEW_TARGETING,LOW,0.436
T000005745,A003308,2026-03-18,C007,NEW_TARGETING,HIGH,0.891
T000005746,A000401,2026-03-13,C007,NEW_TARGETING,MEDIUM,0.408
T000005747,A003241,2026-03-04,C007,NEW_TARGETING,HIGH,0.252
T000005748,A001011,2026-03-27,C007,NEW_TARGETING,HIGH,0.521
T000005749,A002611,2026-03-14,C007,NEW_TARGETING,MEDIUM,0.233
T000005750,A000181,2026-03-03,C007,NEW_TARGETING,LOW,0.561
T000005751,A002389,2026-03-11,C007,NEW_TARGETING,LOW,0.168
T000005752,A000080,2026-03-17,C007,NEW_TARGETING,MEDIUM,0.741
T000005753,A001626,2026-03-13,C007,NEW_TARGETING,MEDIUM,0.103
T000005754,A001202,2026-03-12,C007,NEW_TARGETING,HIGH,0.807
T000005755,A001726,2026-03-03,C007,NEW_TARGETING,MEDIUM,0.8
T000005756,A000560,2026-03-26,C007,NEW_TARGETING,LOW,0.353
T000005757,A002918,2026-03-26,C007,NEW_TARGETING,MEDIUM,0.703
T000005758,A001483,2026-03-03,C007,NEW_TARGETING,LOW,0.956
T000005759,A002410,2026-03-10,C007,NEW_TARGETING,MEDIUM,0.136
T000005760,A000257,2026-03-04,C007,NEW_TARGETING,LOW,0.68
T000005761,A001796,2026-03-08,C007,NEW_TARGETING,MEDIUM,0.793
T000005762,A001363,2026-03-07,C007,NEW_TARGETING,MEDIUM,0.918
T000005763,A003775,2026-03-21,C007,NEW_TARGETING,MEDIUM,0.419
T000005764,A002016,2026-03-04,C007,NEW_TARGETING,MEDIUM,0.649
T000005765,A000364,2026-03-01,C007,NEW_TARGETING,MEDIUM,0.842
T000005766,A003173,2026-03-16,C007,NEW_TARGETING,MEDIUM,0.93
T000005767,A001389,2026-03-18,C007,NEW_TARGETING,MEDIUM,0.678
T000005768,A002633,2026-03-20,C007,NEW_TARGETING,LOW,0.79
T000005769,A000178,2026-03-16,C007,NEW_TARGETING,MEDIUM,0.607
T000005770,A003320,2026-03-19,C007,NEW_TARGETING,MEDIUM,0.566
T000005771,A003613,2026-03-25,C007,NEW_TARGETING,LOW,0.153
T000005772,A003561,2026-03-16,C007,NEW_TARGETING,LOW,0.226
T000005773,A002590,2026-03-15,C007,NEW_TARGETING,HIGH,0.257
T000005774,A002538,2026-03-16,C007,NEW_TARGETING,LOW,0.496
T000005775,A000325,2026-03-07,C007,NEW_TARGETING,MEDIUM,0.937
T000005776,A002600,2026-03-04,C007,NEW_TARGETING,HIGH,0.442
T000005777,A001460,2026-03-27,C007,NEW_TARGETING,LOW,0.691
T000005778,A001675,2026-03-13,C007,NEW_TARGETING,HIGH,0.525
T000005779,A000588,2026-03-25,C007,NEW_TARGETING,MEDIUM,0.361
T000005780,A003269,2026-03-03,C007,NEW_TARGETING,MEDIUM,0.128
T000005781,A000589,2026-03-23,C007,NEW_TARGETING,LOW,0.889
T000005782,A001648,2026-03-11,C007,NEW_TARGETING,HIGH,0.236
T000005783,A003768,2026-03-26,C007,NEW_TARGETING,MEDIUM,0.699
T000005784,A000458,2026-03-14,C007,NEW_TARGETING,HIGH,0.651
T000005785,A003633,2026-03-04,C007,NEW_TARGETING,HIGH,0.541
T000005786,A001656,2026-03-05,C007,NEW_TARGETING,MEDIUM,0.141
T000005787,A002640,2026-03-01,C007,NEW_TARGETING,HIGH,0.914
T000005788,A003625,2026-03-21,C007,NEW_TARGETING,MEDIUM,0.177
T000005789,A002020,2026-03-06,C007,NEW_TARGETING,HIGH,0.967
T000005790,A000782,2026-03-24,C007,NEW_TARGETING,HIGH,0.77
T000005791,A000146,2026-03-19,C007,NEW_TARGETING,MEDIUM,0.607
T000005792,A003186,2026-03-03,C007,NEW_TARGETING,MEDIUM,0.843
T000005793,A001371,2026-03-06,C007,NEW_TARGETING,MEDIUM,0.216
T000005794,A002115,2026-03-16,C007,NEW_TARGETING,MEDIUM,0.606
T000005795,A000201,2026-03-10,C007,NEW_TARGETING,MEDIUM,0.472
T000005796,A000272,2026-03-04,C007,NEW_TARGETING,MEDIUM,0.451
T000005797,A000782,2026-03-19,C007,NEW_TARGETING,HIGH,0.658
T000005798,A003755,2026-03-22,C007,NEW_TARGETING,HIGH,0.688
T000005799,A000390,2026-03-05,C007,NEW_TARGETING,LOW,0.641
T000005800,A000415,2026-03-18,C007,NEW_TARGETING,LOW,0.29
T000005801,A002299,2026-03-09,C007,NEW_TARGETING,MEDIUM,0.937
T000005802,A002496,2026-03-19,C007,NEW_TARGETING,MEDIUM,0.786
T000005803,A003852,2026-03-15,C007,NEW_TARGETING,LOW,0.572
T000005804,A000770,2026-03-20,C007,NEW_TARGETING,HIGH,0.165
T000005805,A002152,2026-03-22,C007,NEW_TARGETING,MEDIUM,0.96
T000005806,A001609,2026-03-14,C007,NEW_TARGETING,HIGH,0.346
T000005807,A001704,2026-03-26,C007,NEW_TARGETING,HIGH,0.66
T000005808,A000858,2026-03-24,C007,NEW_TARGETING,MEDIUM,0.525
T000005809,A000737,2026-03-19,C007,NEW_TARGETING,MEDIUM,0.67
T000005810,A002699,2026-03-15,C007,NEW_TARGETING,HIGH,0.238
T000005811,A003591,2026-03-06,C007,NEW_TARGETING,LOW,0.356
T000005812,A001519,2026-03-10,C007,NEW_TARGETING,MEDIUM,0.289
T000005813,A001621,2026-03-17,C007,NEW_TARGETING,MEDIUM,0.264
T000005814,A003843,2026-03-18,C007,NEW_TARGETING,HIGH,0.297
T000005815,A000909,2026-03-09,C007,NEW_TARGETING,HIGH,0.73
T000005816,A001658,2026-03-26,C007,NEW_TARGETING,MEDIUM,0.979
T000005817,A004153,2026-03-27,C007,NEW_TARGETING,MEDIUM,0.772
T000005818,A001414,2026-03-02,C007,NEW_TARGETING,MEDIUM,0.247
T000005819,A001018,2026-03-12,C007,NEW_TARGETING,MEDIUM,0.451
T000005820,A003322,2026-03-08,C007,NEW_TARGETING,MEDIUM,0.8
T000005821,A001771,2026-03-08,C007,NEW_TARGETING,HIGH,0.123
T000005822,A003971,2026-03-04,C007,NEW_TARGETING,HIGH,0.301
T000005823,A002769,2026-03-19,C007,NEW_TARGETING,LOW,0.493
T000005824,A000672,2026-03-27,C007,NEW_TARGETING,HIGH,0.912
T000005825,A001073,2026-03-24,C007,NEW_TARGETING,LOW,0.255
T000005826,A001087,2026-03-14,C007,NEW_TARGETING,MEDIUM,0.649
T000005827,A001719,2026-03-03,C007,NEW_TARGETING,HIGH,0.535
T000005828,A003280,2026-03-19,C007,NEW_TARGETING,HIGH,0.453
T000005829,A000489,2026-03-11,C007,NEW_TARGETING,MEDIUM,0.594
T000005830,A001120,2026-03-05,C007,NEW_TARGETING,LOW,0.443
T000005831,A003504,2026-03-15,C007,NEW_TARGETING,MEDIUM,0.375
T000005832,A000535,2026-03-26,C007,NEW_TARGETING,LOW,0.316
T000005833,A002133,2026-03-13,C007,NEW_TARGETING,MEDIUM,0.201
T000005834,A003016,2026-03-03,C007,NEW_TARGETING,LOW,0.53
T000005835,A002273,2026-03-19,C007,NEW_TARGETING,LOW,0.143
T000005836,A001890,2026-03-18,C007,NEW_TARGETING,LOW,0.219
T000005837,A000702,2026-03-09,C007,NEW_TARGETING,MEDIUM,0.442
T000005838,A004003,2026-03-25,C007,NEW_TARGETING,HIGH,0.735
T000005839,A003278,2026-03-24,C007,NEW_TARGETING,HIGH,0.802
T000005840,A003644,2026-03-05,C007,NEW_TARGETING,MEDIUM,0.241
T000005841,A003621,2026-03-27,C007,NEW_TARGETING,MEDIUM,0.104
T000005842,A001047,2026-03-24,C007,NEW_TARGETING,HIGH,0.102
T000005843,A000173,2026-03-16,C007,NEW_TARGETING,LOW,0.24
T000005844,A002598,2026-03-01,C007,NEW_TARGETING,LOW,0.558
T000005845,A002866,2026-03-01,C007,NEW_TARGETING,MEDIUM,0.41
T000005846,A000720,2026-03-14,C007,NEW_TARGETING,MEDIUM,0.173
T000005847,A004040,2026-03-05,C007,NEW_TARGETING,LOW,0.807
T000005848,A003020,2026-03-14,C007,NEW_TARGETING,MEDIUM,0.893
T000005849,A002384,2026-03-23,C007,NEW_TARGETING,MEDIUM,0.735
T000005850,A001304,2026-03-27,C007,NEW_TARGETING,MEDIUM,0.959
T000005851,A001739,2026-03-26,C007,NEW_TARGETING,LOW,0.421
T000005852,A003214,2026-03-17,C007,NEW_TARGETING,HIGH,0.947
T000005853,A003144,2026-03-04,C007,NEW_TARGETING,HIGH,0.794
T000005854,A003217,2026-03-23,C007,NEW_TARGETING,LOW,0.483
T000005855,A001212,2026-03-18,C007,NEW_TARGETING,MEDIUM,0.202
T000005856,A003438,2026-03-10,C007,NEW_TARGETING,LOW,0.518
T000005857,A003700,2026-03-12,C007,NEW_TARGETING,MEDIUM,0.48
T000005858,A004046,2026-03-23,C007,NEW_TARGETING,MEDIUM,0.223
T000005859,A000748,2026-03-14,C007,NEW_TARGETING,MEDIUM,0.209
T000005860,A003051,2026-03-15,C007,NEW_TARGETING,HIGH,0.317
T000005861,A001190,2026-03-27,C007,NEW_TARGETING,LOW,0.476
T000005862,A001580,2026-03-17,C007,NEW_TARGETING,MEDIUM,0.893
T000005863,A000881,2026-03-27,C007,NEW_TARGETING,MEDIUM,0.212
T000005864,A002176,2026-03-13,C007,NEW_TARGETING,MEDIUM,0.833
T000005865,A002217,2026-03-04,C007,NEW_TARGETING,LOW,0.268
T000005866,A001132,2026-03-03,C007,NEW_TARGETING,MEDIUM,0.474
T000005867,A003936,2026-03-21,C007,NEW_TARGETING,MEDIUM,0.823
T000005868,A001256,2026-03-08,C007,NEW_TARGETING,HIGH,0.618
T000005869,A003110,2026-03-05,C007,NEW_TARGETING,MEDIUM,0.426
T000005870,A001497,2026-03-20,C007,NEW_TARGETING,MEDIUM,0.874
T000005871,A002604,2026-03-02,C007,NEW_TARGETING,LOW,0.709
T000005872,A003293,2026-03-24,C007,NEW_TARGETING,MEDIUM,0.927
T000005873,A001696,2026-03-01,C007,NEW_TARGETING,HIGH,0.457
T000005874,A001149,2026-03-08,C007,NEW_TARGETING,HIGH,0.334
T000005875,A003951,2026-03-21,C007,NEW_TARGETING,MEDIUM,0.518
T000005876,A003980,2026-03-13,C007,NEW_TARGETING,LOW,0.425
T000005877,A001088,2026-03-14,C007,NEW_TARGETING,MEDIUM,0.286
T000005878,A001642,2026-03-09,C007,NEW_TARGETING,MEDIUM,0.459
T000005879,A003584,2026-03-19,C007,NEW_TARGETING,MEDIUM,0.406
T000005880,A000735,2026-03-15,C007,NEW_TARGETING,LOW,0.292
T000005881,A000158,2026-03-17,C007,NEW_TARGETING,LOW,0.902
T000005882,A004034,2026-03-24,C007,NEW_TARGETING,MEDIUM,0.284
T000005883,A003340,2026-03-11,C007,NEW_TARGETING,MEDIUM,0.419
T000005884,A001982,2026-03-22,C007,NEW_TARGETING,HIGH,0.892
T000005885,A002552,2026-03-20,C007,NEW_TARGETING,MEDIUM,0.482
T000005886,A002287,2026-03-04,C007,NEW_TARGETING,MEDIUM,0.728
T000005887,A001031,2026-03-09,C007,NEW_TARGETING,LOW,0.877
T000005888,A003562,2026-03-25,C007,NEW_TARGETING,LOW,0.33
T000005889,A000943,2026-03-05,C007,NEW_TARGETING,MEDIUM,0.267
T000005890,A003870,2026-03-06,C007,NEW_TARGETING,LOW,0.965
T000005891,A000501,2026-03-22,C007,NEW_TARGETING,MEDIUM,0.935
T000005892,A003976,2026-03-24,C007,NEW_TARGETING,LOW,0.122
T000005893,A003193,2026-03-04,C007,NEW_TARGETING,MEDIUM,0.629
T000005894,A000711,2026-03-08,C007,NEW_TARGETING,MEDIUM,0.124
T000005895,A001226,2026-03-15,C007,NEW_TARGETING,LOW,0.224
T000005896,A001569,2026-03-21,C007,NEW_TARGETING,MEDIUM,0.453
T000005897,A002174,2026-03-06,C007,NEW_TARGETING,LOW,0.134
T000005898,A000850,2026-03-18,C007,NEW_TARGETING,MEDIUM,0.422
T000005899,A002362,2026-03-17,C007,NEW_TARGETING,MEDIUM,0.285
T000005900,A002265,2026-03-07,C007,NEW_TARGETING,MEDIUM,0.499
T000005901,A003596,2026-03-08,C007,NEW_TARGETING,MEDIUM,0.452
T000005902,A002795,2026-03-20,C007,NEW_TARGETING,MEDIUM,0.317
T000005903,A003691,2026-03-01,C007,NEW_TARGETING,HIGH,0.751
T000005904,A003554,2026-03-18,C007,NEW_TARGETING,MEDIUM,0.357
T000005905,A000804,2026-03-17,C007,NEW_TARGETING,MEDIUM,0.192
T000005906,A002552,2026-03-20,C007,NEW_TARGETING,MEDIUM,0.842
T000005907,A002713,2026-03-18,C007,NEW_TARGETING,LOW,0.604
T000005908,A002615,2026-03-11,C007,NEW_TARGETING,MEDIUM,0.479
T000005909,A000440,2026-03-25,C007,NEW_TARGETING,HIGH,0.93
T000005910,A003438,2026-03-02,C007,NEW_TARGETING,MEDIUM,0.329
T000005911,A002647,2026-03-24,C007,NEW_TARGETING,LOW,0.797
T000005912,A001793,2026-03-23,C007,NEW_TARGETING,MEDIUM,0.744
T000005913,A003434,2026-03-01,C007,NEW_TARGETING,MEDIUM,0.367
T000005914,A001784,2026-03-14,C007,NEW_TARGETING,MEDIUM,0.164
T000005915,A000179,2026-03-15,C007,NEW_TARGETING,HIGH,0.518
T000005916,A003151,2026-03-01,C007,NEW_TARGETING,MEDIUM,0.208
T000005917,A002127,2026-03-04,C007,NEW_TARGETING,MEDIUM,0.453
T000005918,A001843,2026-03-05,C007,NEW_TARGETING,MEDIUM,0.168
T000005919,A004095,2026-03-26,C007,NEW_TARGETING,LOW,0.504
T000005920,A003413,2026-03-18,C007,NEW_TARGETING,LOW,0.873
T000005921,A001475,2026-03-05,C007,NEW_TARGETING,LOW,0.794
T000005922,A000059,2026-03-04,C007,NEW_TARGETING,MEDIUM,0.234
T000005923,A001982,2026-03-12,C007,NEW_TARGETING,MEDIUM,0.126
T000005924,A000058,2026-03-25,C007,NEW_TARGETING,MEDIUM,0.748
T000005925,A002767,2026-03-24,C007,NEW_TARGETING,MEDIUM,0.625
T000005926,A003487,2026-03-09,C007,NEW_TARGETING,LOW,0.845
T000005927,A001658,2026-03-14,C007,NEW_TARGETING,MEDIUM,0.472
T000005928,A001206,2026-03-07,C007,NEW_TARGETING,MEDIUM,0.629
T000005929,A003695,2026-03-06,C007,NEW_TARGETING,HIGH,0.174
T000005930,A000257,2026-03-01,C007,NEW_TARGETING,MEDIUM,0.984
T000005931,A001474,2026-03-05,C007,NEW_TARGETING,MEDIUM,0.626
T000005932,A001521,2026-03-17,C007,NEW_TARGETING,LOW,0.154
T000005933,A000683,2026-03-23,C007,NEW_TARGETING,MEDIUM,0.757
T000005934,A001413,2026-03-21,C007,NEW_TARGETING,MEDIUM,0.222
T000005935,A000458,2026-03-23,C007,NEW_TARGETING,HIGH,0.866
T000005936,A003380,2026-03-11,C007,NEW_TARGETING,MEDIUM,0.407
T000005937,A002403,2026-03-01,C007,NEW_TARGETING,MEDIUM,0.836
T000005938,A000607,2026-03-16,C007,NEW_TARGETING,LOW,0.386
T000005939,A001896,2026-03-12,C007,NEW_TARGETING,HIGH,0.843
T000005940,A000326,2026-03-18,C007,NEW_TARGETING,HIGH,0.214
T000005941,A001259,2026-03-11,C007,NEW_TARGETING,HIGH,0.416
T000005942,A001580,2026-03-23,C007,NEW_TARGETING,HIGH,0.972
T000005943,A002404,2026-03-25,C007,NEW_TARGETING,MEDIUM,0.489
T000005944,A003778,2026-03-20,C007,NEW_TARGETING,MEDIUM,0.855
T000005945,A000232,2026-03-20,C007,NEW_TARGETING,MEDIUM,0.405
T000005946,A002226,2026-03-16,C007,NEW_TARGETING,MEDIUM,0.892
T000005947,A002344,2026-03-25,C007,NEW_TARGETING,LOW,0.503
T000005948,A003470,2026-03-15,C007,NEW_TARGETING,MEDIUM,0.56
T000005949,A000778,2026-03-04,C007,NEW_TARGETING,LOW,0.383
T000005950,A003808,2026-03-16,C007,NEW_TARGETING,HIGH,0.156
T000005951,A002433,2026-03-14,C007,NEW_TARGETING,MEDIUM,0.785
T000005952,A000018,2026-03-07,C007,NEW_TARGETING,HIGH,0.784
T000005953,A002460,2026-03-26,C007,NEW_TARGETING,LOW,0.871
T000005954,A001762,2026-03-03,C007,NEW_TARGETING,LOW,0.242
T000005955,A003434,2026-03-09,C007,NEW_TARGETING,HIGH,0.884
T000005956,A004047,2026-03-19,C007,NEW_TARGETING,LOW,0.549
T000005957,A003312,2026-03-18,C007,NEW_TARGETING,HIGH,0.154
T000005958,A000033,2026-03-21,C007,NEW_TARGETING,HIGH,0.398
T000005959,A003131,2026-03-01,C007,NEW_TARGETING,LOW,0.937
T000005960,A002619,2026-03-06,C007,NEW_TARGETING,MEDIUM,0.738
T000005961,A000667,2026-03-17,C007,NEW_TARGETING,LOW,0.106
T000005962,A003790,2026-03-22,C007,NEW_TARGETING,MEDIUM,0.84
T000005963,A002339,2026-03-18,C007,NEW_TARGETING,MEDIUM,0.537
T000005964,A003072,2026-03-08,C007,NEW_TARGETING,MEDIUM,0.411
T000005965,A003265,2026-03-01,C007,NEW_TARGETING,LOW,0.826
T000005966,A000867,2026-03-12,C007,NEW_TARGETING,LOW,0.33
T000005967,A002787,2026-03-06,C007,NEW_TARGETING,HIGH,0.725
T000005968,A003682,2026-03-27,C007,NEW_TARGETING,MEDIUM,0.797
T000005969,A000540,2026-03-09,C007,NEW_TARGETING,LOW,0.441
T000005970,A002595,2026-03-23,C007,NEW_TARGETING,LOW,0.45
T000005971,A001960,2026-03-11,C007,NEW_TARGETING,MEDIUM,0.268
T000005972,A004074,2026-03-20,C007,NEW_TARGETING,MEDIUM,0.73
T000005973,A001868,2026-03-16,C007,NEW_TARGETING,MEDIUM,0.418
T000005974,A002772,2026-03-15,C007,NEW_TARGETING,LOW,0.822
T000005975,A000949,2026-03-24,C007,NEW_TARGETING,LOW,0.119
T000005976,A000155,2026-03-09,C007,NEW_TARGETING,MEDIUM,0.572
T000005977,A003683,2026-03-18,C007,NEW_TARGETING,MEDIUM,0.768
T000005978,A000368,2026-03-20,C007,NEW_TARGETING,MEDIUM,0.551
T000005979,A000520,2026-03-23,C007,NEW_TARGETING,MEDIUM,0.534
T000005980,A001004,2026-03-11,C007,NEW_TARGETING,HIGH,0.182
T000005981,A003615,2026-03-24,C007,NEW_TARGETING,HIGH,0.144
T000005982,A003973,2026-03-09,C007,NEW_TARGETING,LOW,0.98
T000005983,A000814,2026-03-21,C007,NEW_TARGETING,HIGH,0.139
T000005984,A004062,2026-03-26,C007,NEW_TARGETING,LOW,0.885
T000005985,A000549,2026-03-17,C007,NEW_TARGETING,MEDIUM,0.446
T000005986,A003402,2026-03-23,C007,NEW_TARGETING,LOW,0.384
T000005987,A001993,2026-03-26,C007,NEW_TARGETING,LOW,0.792
T000005988,A001607,2026-03-12,C007,NEW_TARGETING,MEDIUM,0.44
T000005989,A000934,2026-03-17,C007,NEW_TARGETING,MEDIUM,0.293
T000005990,A003120,2026-03-25,C007,NEW_TARGETING,LOW,0.184
T000005991,A000157,2026-03-15,C007,NEW_TARGETING,MEDIUM,0.233
T000005992,A000690,2026-03-22,C007,NEW_TARGETING,MEDIUM,0.935
T000005993,A001021,2026-03-22,C007,NEW_TARGETING,HIGH,0.252
T000005994,A000580,2026-03-05,C007,NEW_TARGETING,MEDIUM,0.743
T000005995,A001345,2026-03-09,C007,NEW_TARGETING,HIGH,0.493
T000005996,A003852,2026-03-12,C007,NEW_TARGETING,LOW,0.794
T000005997,A004098,2026-03-08,C007,NEW_TARGETING,LOW,0.972
T000005998,A002940,2026-03-13,C007,NEW_TARGETING,LOW,0.965
T000005999,A002659,2026-03-03,C007,NEW_TARGETING,MEDIUM,0.448
T000006000,A002631,2026-03-03,C007,NEW_TARGETING,LOW,0.732
T000006001,A000875,2026-03-16,C007,NEW_TARGETING,LOW,0.341
T000006002,A003752,2026-03-16,C007,NEW_TARGETING,MEDIUM,0.648
T000006003,A000083,2026-03-05,C007,NEW_TARGETING,MEDIUM,0.312
T000006004,A001620,2026-03-21,C007,NEW_TARGETING,MEDIUM,0.508
T000006005,A003563,2026-03-15,C007,NEW_TARGETING,MEDIUM,0.203
T000006006,A001750,2026-03-08,C007,NEW_TARGETING,LOW,0.339
T000006007,A003047,2026-03-07,C007,NEW_TARGETING,MEDIUM,0.338
T000006008,A000506,2026-03-06,C007,NEW_TARGETING,LOW,0.651
T000006009,A002773,2026-03-08,C007,NEW_TARGETING,LOW,0.497
T000006010,A000743,2026-03-10,C007,NEW_TARGETING,MEDIUM,0.123
T000006011,A001138,2026-03-19,C007,NEW_TARGETING,MEDIUM,0.405
T000006012,A003729,2026-03-16,C007,NEW_TARGETING,MEDIUM,0.945
T000006013,A002038,2026-03-08,C007,NEW_TARGETING,MEDIUM,0.588
T000006014,A000674,2026-03-27,C007,NEW_TARGETING,MEDIUM,0.386
T000006015,A003309,2026-03-15,C007,NEW_TARGETING,LOW,0.423
T000006016,A000396,2026-03-13,C007,NEW_TARGETING,MEDIUM,0.829
T000006017,A002130,2026-03-12,C007,NEW_TARGETING,MEDIUM,0.757
T000006018,A002398,2026-03-19,C007,NEW_TARGETING,MEDIUM,0.963
T000006019,A001149,2026-03-13,C007,NEW_TARGETING,HIGH,0.152
T000006020,A000839,2026-03-07,C007,NEW_TARGETING,LOW,0.593
T000006021,A001090,2026-03-04,C007,NEW_TARGETING,MEDIUM,0.288
T000006022,A000553,2026-03-17,C007,NEW_TARGETING,MEDIUM,0.808
T000006023,A000891,2026-03-10,C007,NEW_TARGETING,HIGH,0.543
T000006024,A002651,2026-03-15,C007,NEW_TARGETING,MEDIUM,0.99
T000006025,A001308,2026-03-05,C007,NEW_TARGETING,MEDIUM,0.405
T000006026,A003069,2026-03-25,C007,NEW_TARGETING,LOW,0.182
T000006027,A004181,2026-03-18,C007,NEW_TARGETING,MEDIUM,0.315
T000006028,A003392,2026-03-12,C007,NEW_TARGETING,MEDIUM,0.443
T000006029,A002520,2026-03-25,C007,NEW_TARGETING,HIGH,0.522
T000006030,A001870,2026-03-12,C007,NEW_TARGETING,LOW,0.857
T000006031,A000146,2026-03-22,C007,NEW_TARGETING,HIGH,0.475
T000006032,A003749,2026-03-01,C007,NEW_TARGETING,LOW,0.956
T000006033,A003126,2026-03-14,C007,NEW_TARGETING,MEDIUM,0.435
T000006034,A001368,2026-03-20,C007,NEW_TARGETING,HIGH,0.126
T000006035,A003443,2026-03-02,C007,NEW_TARGETING,LOW,0.693
T000006036,A004034,2026-03-03,C007,NEW_TARGETING,MEDIUM,0.2
T000006037,A000399,2026-03-25,C007,NEW_TARGETING,LOW,0.199
T000006038,A003462,2026-03-08,C007,NEW_TARGETING,LOW,0.393
T000006039,A002514,2026-03-07,C007,NEW_TARGETING,LOW,0.941
T000006040,A002859,2026-03-21,C007,NEW_TARGETING,LOW,0.359
T000006041,A001629,2026-03-27,C007,NEW_TARGETING,LOW,0.869
T000006042,A002276,2026-03-05,C007,NEW_TARGETING,LOW,0.626
T000006043,A001697,2026-03-14,C007,NEW_TARGETING,MEDIUM,0.178
T000006044,A001204,2026-03-25,C007,NEW_TARGETING,LOW,0.788
T000006045,A000576,2026-03-11,C007,NEW_TARGETING,MEDIUM,0.211
T000006046,A003705,2026-03-21,C007,NEW_TARGETING,MEDIUM,0.564
T000006047,A002532,2026-03-26,C007,NEW_TARGETING,MEDIUM,0.626
T000006048,A002583,2026-03-14,C007,NEW_TARGETING,HIGH,0.212
T000006049,A000536,2026-03-15,C007,NEW_TARGETING,MEDIUM,0.755
T000006050,A003868,2026-03-12,C007,NEW_TARGETING,MEDIUM,0.866
T000006051,A000303,2026-03-03,C007,NEW_TARGETING,MEDIUM,0.294
T000006052,A001871,2026-03-06,C007,NEW_TARGETING,LOW,0.915
T000006053,A003840,2026-03-07,C007,NEW_TARGETING,MEDIUM,0.14
T000006054,A002256,2026-03-11,C007,NEW_TARGETING,HIGH,0.483
T000006055,A002912,2026-03-12,C007,NEW_TARGETING,LOW,0.572
T000006056,A001408,2026-03-07,C007,NEW_TARGETING,MEDIUM,0.933
T000006057,A003217,2026-03-11,C007,NEW_TARGETING,HIGH,0.89
T000006058,A000644,2026-03-14,C007,NEW_TARGETING,LOW,0.625
T000006059,A000018,2026-03-14,C007,NEW_TARGETING,MEDIUM,0.814
T000006060,A001649,2026-03-24,C007,NEW_TARGETING,MEDIUM,0.651
T000006061,A003499,2026-03-25,C007,NEW_TARGETING,LOW,0.467
T000006062,A002351,2026-03-13,C007,NEW_TARGETING,LOW,0.259
T000006063,A004048,2026-03-10,C007,NEW_TARGETING,MEDIUM,0.778
T000006064,A001621,2026-03-22,C007,NEW_TARGETING,MEDIUM,0.208
T000006065,A000197,2026-03-03,C007,NEW_TARGETING,HIGH,0.148
T000006066,A002438,2026-03-18,C007,NEW_TARGETING,MEDIUM,0.311
T000006067,A000636,2026-03-11,C007,NEW_TARGETING,HIGH,0.278
T000006068,A000155,2026-03-05,C007,NEW_TARGETING,LOW,0.776
T000006069,A002294,2026-03-11,C007,NEW_TARGETING,LOW,0.682
T000006070,A001179,2026-03-02,C007,NEW_TARGETING,MEDIUM,0.658
T000006071,A000641,2026-03-19,C007,NEW_TARGETING,LOW,0.798
T000006072,A000062,2026-03-10,C007,NEW_TARGETING,MEDIUM,0.435
T000006073,A001637,2026-03-13,C007,NEW_TARGETING,MEDIUM,0.962
T000006074,A000463,2026-03-20,C007,NEW_TARGETING,MEDIUM,0.758
T000006075,A001387,2026-03-09,C007,NEW_TARGETING,LOW,0.207
T000006076,A000550,2026-03-12,C007,NEW_TARGETING,HIGH,0.732
T000006077,A002674,2026-03-12,C007,NEW_TARGETING,HIGH,0.184
T000006078,A001204,2026-03-01,C007,NEW_TARGETING,LOW,0.156
T000006079,A000332,2026-03-01,C007,NEW_TARGETING,MEDIUM,0.809
T000006080,A000081,2026-03-19,C007,NEW_TARGETING,LOW,0.507
T000006081,A000701,2026-03-10,C007,NEW_TARGETING,MEDIUM,0.526
T000006082,A002709,2026-03-10,C007,NEW_TARGETING,HIGH,0.163
T000006083,A001998,2026-03-21,C007,NEW_TARGETING,HIGH,0.598
T000006084,A002096,2026-03-10,C007,NEW_TARGETING,MEDIUM,0.886
T000006085,A001119,2026-03-15,C007,NEW_TARGETING,LOW,0.297
T000006086,A000756,2026-03-02,C007,NEW_TARGETING,LOW,0.267
T000006087,A003009,2026-03-24,C007,NEW_TARGETING,MEDIUM,0.398
T000006088,A003657,2026-03-04,C007,NEW_TARGETING,MEDIUM,0.299
T000006089,A003437,2026-03-26,C007,NEW_TARGETING,HIGH,0.24
T000006090,A002187,2026-03-14,C007,NEW_TARGETING,HIGH,0.538
T000006091,A002189,2026-03-16,C007,NEW_TARGETING,HIGH,0.174
T000006092,A000276,2026-03-22,C007,NEW_TARGETING,HIGH,0.922
T000006093,A003292,2026-03-17,C007,NEW_TARGETING,HIGH,0.699
T000006094,A003070,2026-03-09,C007,NEW_TARGETING,MEDIUM,0.389
T000006095,A000621,2026-03-24,C007,NEW_TARGETING,MEDIUM,0.88
T000006096,A001653,2026-03-26,C007,NEW_TARGETING,HIGH,0.728
T000006097,A001439,2026-03-05,C007,NEW_TARGETING,MEDIUM,0.222
T000006098,A000341,2026-03-27,C007,NEW_TARGETING,MEDIUM,0.238
T000006099,A001734,2026-03-15,C007,NEW_TARGETING,HIGH,0.749
T000006100,A000372,2026-03-19,C007,NEW_TARGETING,HIGH,0.332
T000006101,A003113,2026-03-06,C007,NEW_TARGETING,MEDIUM,0.531
T000006102,A004144,2026-03-18,C007,NEW_TARGETING,MEDIUM,0.488
T000006103,A001540,2026-03-25,C007,NEW_TARGETING,LOW,0.986
T000006104,A002511,2026-03-03,C007,NEW_TARGETING,HIGH,0.62
T000006105,A001465,2026-03-01,C007,NEW_TARGETING,HIGH,0.861
T000006106,A002520,2026-03-26,C007,NEW_TARGETING,LOW,0.336
T000006107,A002916,2026-03-15,C007,NEW_TARGETING,MEDIUM,0.85
T000006108,A003304,2026-03-18,C007,NEW_TARGETING,LOW,0.876
T000006109,A002729,2026-03-21,C007,NEW_TARGETING,MEDIUM,0.688
T000006110,A003150,2026-03-11,C007,NEW_TARGETING,LOW,0.433
T000006111,A000523,2026-03-03,C007,NEW_TARGETING,LOW,0.157
T000006112,A002875,2026-03-21,C007,NEW_TARGETING,HIGH,0.483
T000006113,A004074,2026-03-13,C007,NEW_TARGETING,LOW,0.546
T000006114,A000545,2026-03-16,C007,NEW_TARGETING,LOW,0.282
T000006115,A002157,2026-03-08,C007,NEW_TARGETING,LOW,0.905
T000006116,A001415,2026-03-24,C007,NEW_TARGETING,MEDIUM,0.209
T000006117,A001663,2026-03-19,C007,NEW_TARGETING,LOW,0.947
T000006118,A002259,2026-03-10,C007,NEW_TARGETING,MEDIUM,0.366
T000006119,A003782,2026-03-22,C007,NEW_TARGETING,MEDIUM,0.757
T000006120,A003223,2026-03-03,C007,NEW_TARGETING,LOW,0.298
T000006121,A003602,2026-03-02,C007,NEW_TARGETING,MEDIUM,0.89
T000006122,A003481,2026-03-08,C007,NEW_TARGETING,LOW,0.782
T000006123,A002740,2026-03-22,C007,NEW_TARGETING,MEDIUM,0.363
T000006124,A001957,2026-03-19,C007,NEW_TARGETING,MEDIUM,0.972
T000006125,A002313,2026-03-06,C007,NEW_TARGETING,LOW,0.965
T000006126,A000409,2026-03-17,C007,NEW_TARGETING,MEDIUM,0.412
T000006127,A001595,2026-03-10,C007,NEW_TARGETING,MEDIUM,0.337
T000006128,A000668,2026-03-05,C007,NEW_TARGETING,HIGH,0.147
T000006129,A003520,2026-03-12,C007,NEW_TARGETING,LOW,0.128
T000006130,A002798,2026-03-05,C007,NEW_TARGETING,MEDIUM,0.67
T000006131,A001181,2026-03-25,C007,NEW_TARGETING,MEDIUM,0.246
T000006132,A000167,2026-03-01,C007,NEW_TARGETING,MEDIUM,0.596
T000006133,A000160,2026-03-13,C007,NEW_TARGETING,MEDIUM,0.271
T000006134,A001231,2026-03-08,C007,NEW_TARGETING,MEDIUM,0.611
T000006135,A003461,2026-03-06,C007,NEW_TARGETING,HIGH,0.509
T000006136,A000807,2026-03-26,C007,NEW_TARGETING,MEDIUM,0.126
T000006137,A001494,2026-03-27,C007,NEW_TARGETING,HIGH,0.816
T000006138,A000939,2026-03-07,C007,NEW_TARGETING,LOW,0.321
T000006139,A003152,2026-03-09,C007,NEW_TARGETING,HIGH,0.107
T000006140,A002675,2026-03-04,C007,NEW_TARGETING,MEDIUM,0.773
T000006141,A000766,2026-03-18,C007,NEW_TARGETING,MEDIUM,0.646
T000006142,A001151,2026-03-13,C007,NEW_TARGETING,MEDIUM,0.787
T000006143,A004014,2026-03-19,C007,NEW_TARGETING,MEDIUM,0.202
T000006144,A002697,2026-03-22,C007,NEW_TARGETING,LOW,0.404
T000006145,A003956,2026-03-22,C007,NEW_TARGETING,MEDIUM,0.48
T000006146,A000844,2026-03-20,C007,NEW_TARGETING,HIGH,0.486
T000006147,A000109,2026-03-03,C007,NEW_TARGETING,MEDIUM,0.507
T000006148,A001279,2026-03-03,C007,NEW_TARGETING,LOW,0.131
T000006149,A003271,2026-03-11,C007,NEW_TARGETING,MEDIUM,0.29
T000006150,A002918,2026-03-06,C007,NEW_TARGETING,MEDIUM,0.903
T000006151,A001868,2026-03-09,C007,NEW_TARGETING,HIGH,0.814
T000006152,A002677,2026-03-17,C007,NEW_TARGETING,MEDIUM,0.329
T000006153,A000403,2026-03-03,C007,NEW_TARGETING,MEDIUM,0.649
T000006154,A004117,2026-03-03,C007,NEW_TARGETING,HIGH,0.346
T000006155,A002665,2026-03-26,C007,NEW_TARGETING,MEDIUM,0.123
T000006156,A000381,2026-03-27,C007,NEW_TARGETING,MEDIUM,0.819
T000006157,A000505,2026-03-02,C007,NEW_TARGETING,MEDIUM,0.5
T000006158,A002280,2026-03-24,C007,NEW_TARGETING,MEDIUM,0.517
T000006159,A001204,2026-03-07,C007,NEW_TARGETING,MEDIUM,0.147
T000006160,A002613,2026-03-24,C007,NEW_TARGETING,HIGH,0.524
T000006161,A003789,2026-03-11,C007,NEW_TARGETING,HIGH,0.422
T000006162,A001366,2026-03-15,C007,NEW_TARGETING,MEDIUM,0.569
T000006163,A001192,2026-03-19,C007,NEW_TARGETING,LOW,0.39
T000006164,A004176,2026-03-25,C007,NEW_TARGETING,MEDIUM,0.235
T000006165,A001389,2026-03-10,C007,NEW_TARGETING,HIGH,0.464
T000006166,A002074,2026-03-14,C007,NEW_TARGETING,MEDIUM,0.523
T000006167,A001228,2026-03-25,C007,NEW_TARGETING,MEDIUM,0.181
T000006168,A000489,2026-03-24,C007,NEW_TARGETING,MEDIUM,0.723
T000006169,A000343,2026-03-02,C007,NEW_TARGETING,MEDIUM,0.256
T000006170,A000612,2026-03-06,C007,NEW_TARGETING,MEDIUM,0.821
T000006171,A001954,2026-03-07,C007,NEW_TARGETING,MEDIUM,0.943
T000006172,A003853,2026-03-04,C007,NEW_TARGETING,HIGH,0.919
T000006173,A002353,2026-03-27,C007,NEW_TARGETING,MEDIUM,0.244
T000006174,A003898,2026-03-16,C007,NEW_TARGETING,MEDIUM,0.144
T000006175,A000918,2026-03-05,C007,NEW_TARGETING,MEDIUM,0.593
T000006176,A004032,2026-03-09,C007,NEW_TARGETING,MEDIUM,0.369
T000006177,A003518,2026-03-22,C007,NEW_TARGETING,MEDIUM,0.12
T000006178,A002414,2026-03-07,C007,NEW_TARGETING,LOW,0.605
T000006179,A001045,2026-03-22,C007,NEW_TARGETING,LOW,0.586
T000006180,A001091,2026-03-02,C007,NEW_TARGETING,MEDIUM,0.408
T000006181,A002876,2026-03-27,C007,NEW_TARGETING,MEDIUM,0.902
T000006182,A001816,2026-03-13,C007,NEW_TARGETING,LOW,0.896
T000006183,A000279,2026-03-09,C007,NEW_TARGETING,HIGH,0.86
T000006184,A003253,2026-03-23,C007,NEW_TARGETING,MEDIUM,0.478
T000006185,A001239,2026-03-02,C007,NEW_TARGETING,LOW,0.472
T000006186,A002864,2026-03-12,C007,NEW_TARGETING,LOW,0.106
T000006187,A003998,2026-03-18,C007,NEW_TARGETING,MEDIUM,0.871
T000006188,A000547,2026-03-25,C007,NEW_TARGETING,MEDIUM,0.45
T000006189,A001218,2026-03-06,C007,NEW_TARGETING,HIGH,0.877
T000006190,A000985,2026-03-23,C007,NEW_TARGETING,HIGH,0.76
T000006191,A002460,2026-03-10,C007,NEW_TARGETING,HIGH,0.37
T000006192,A001679,2026-03-11,C007,NEW_TARGETING,MEDIUM,0.198
T000006193,A001704,2026-03-07,C007,NEW_TARGETING,MEDIUM,0.585
T000006194,A003604,2026-03-26,C007,NEW_TARGETING,MEDIUM,0.611
T000006195,A001498,2026-03-14,C007,NEW_TARGETING,MEDIUM,0.672
T000006196,A002708,2026-03-13,C007,NEW_TARGETING,MEDIUM,0.839
T000006197,A000987,2026-03-16,C007,NEW_TARGETING,HIGH,0.568
T000006198,A000646,2026-03-24,C007,NEW_TARGETING,HIGH,0.948
T000006199,A002021,2026-03-05,C007,NEW_TARGETING,LOW,0.126
T000006200,A003666,2026-03-22,C007,NEW_TARGETING,LOW,0.781
T000006201,A000847,2026-03-21,C007,NEW_TARGETING,HIGH,0.296
T000006202,A001523,2026-03-14,C007,NEW_TARGETING,MEDIUM,0.447
T000006203,A002476,2026-03-05,C007,NEW_TARGETING,LOW,0.106
T000006204,A003932,2026-03-27,C007,NEW_TARGETING,LOW,0.887
T000006205,A003443,2026-03-01,C007,NEW_TARGETING,LOW,0.376
T000006206,A003233,2026-03-03,C007,NEW_TARGETING,HIGH,0.448
T000006207,A001219,2026-03-10,C007,NEW_TARGETING,MEDIUM,0.494
T000006208,A003488,2026-03-09,C007,NEW_TARGETING,HIGH,0.42
T000006209,A003118,2026-03-15,C007,NEW_TARGETING,MEDIUM,0.472
T000006210,A002242,2026-03-01,C007,NEW_TARGETING,HIGH,0.652
T000006211,A001108,2026-03-25,C007,NEW_TARGETING,HIGH,0.602
T000006212,A001051,2026-03-12,C007,NEW_TARGETING,HIGH,0.564
T000006213,A000976,2026-03-03,C007,NEW_TARGETING,LOW,0.175
T000006214,A001506,2026-03-27,C007,NEW_TARGETING,MEDIUM,0.782
T000006215,A001694,2026-03-16,C007,NEW_TARGETING,MEDIUM,0.326
T000006216,A003877,2026-03-19,C007,NEW_TARGETING,HIGH,0.813
T000006217,A001369,2026-03-27,C007,NEW_TARGETING,MEDIUM,0.557
T000006218,A000855,2026-03-08,C007,NEW_TARGETING,MEDIUM,0.255
T000006219,A003780,2026-03-01,C007,NEW_TARGETING,LOW,0.693
T000006220,A001667,2026-03-19,C007,NEW_TARGETING,HIGH,0.669
T000006221,A001074,2026-03-05,C007,NEW_TARGETING,HIGH,0.917
T000006222,A001010,2026-03-07,C007,NEW_TARGETING,MEDIUM,0.417
T000006223,A001855,2026-03-13,C007,NEW_TARGETING,MEDIUM,0.427
T000006224,A000296,2026-03-12,C007,NEW_TARGETING,MEDIUM,0.828
T000006225,A003361,2026-03-25,C007,NEW_TARGETING,MEDIUM,0.934
T000006226,A003671,2026-03-16,C007,NEW_TARGETING,LOW,0.716
T000006227,A002951,2026-03-21,C007,NEW_TARGETING,MEDIUM,0.752
T000006228,A004184,2026-03-18,C007,NEW_TARGETING,LOW,0.327
T000006229,A003932,2026-03-03,C007,NEW_TARGETING,LOW,0.848
T000006230,A001932,2026-03-16,C007,NEW_TARGETING,MEDIUM,0.652
T000006231,A000056,2026-03-23,C007,NEW_TARGETING,MEDIUM,0.225
T000006232,A002302,2026-03-26,C007,NEW_TARGETING,HIGH,0.338
T000006233,A003154,2026-03-07,C007,NEW_TARGETING,MEDIUM,0.494
T000006234,A000370,2026-03-15,C007,NEW_TARGETING,HIGH,0.588
T000006235,A000550,2026-03-15,C007,NEW_TARGETING,MEDIUM,0.211
T000006236,A003915,2026-03-07,C007,NEW_TARGETING,LOW,0.474
T000006237,A002479,2026-03-17,C007,NEW_TARGETING,MEDIUM,0.475
T000006238,A004144,2026-03-17,C007,NEW_TARGETING,LOW,0.623
T000006239,A002848,2026-03-22,C007,NEW_TARGETING,LOW,0.551
T000006240,A002185,2026-03-21,C007,NEW_TARGETING,LOW,0.308
T000006241,A002821,2026-03-05,C007,NEW_TARGETING,HIGH,0.545
T000006242,A000430,2026-03-22,C007,NEW_TARGETING,LOW,0.773
T000006243,A002777,2026-03-08,C007,NEW_TARGETING,LOW,0.336
T000006244,A001724,2026-03-05,C007,NEW_TARGETING,MEDIUM,0.987
T000006245,A000274,2026-03-17,C007,NEW_TARGETING,LOW,0.624
T000006246,A003479,2026-03-03,C007,NEW_TARGETING,MEDIUM,0.424
T000006247,A002136,2026-03-26,C007,NEW_TARGETING,LOW,0.46
T000006248,A002222,2026-03-12,C007,NEW_TARGETING,MEDIUM,0.225
T000006249,A001517,2026-03-14,C007,NEW_TARGETING,MEDIUM,0.885
T000006250,A000640,2026-03-22,C007,NEW_TARGETING,MEDIUM,0.641
T000006251,A003294,2026-03-05,C007,NEW_TARGETING,LOW,0.748
T000006252,A002571,2026-03-02,C007,NEW_TARGETING,MEDIUM,0.658
T000006253,A003124,2026-03-21,C007,NEW_TARGETING,MEDIUM,0.288
T000006254,A000721,2026-03-07,C007,NEW_TARGETING,HIGH,0.546
T000006255,A000298,2026-03-27,C007,NEW_TARGETING,MEDIUM,0.634
T000006256,A001733,2026-03-20,C007,NEW_TARGETING,HIGH,0.892
T000006257,A003028,2026-03-19,C007,NEW_TARGETING,MEDIUM,0.37
T000006258,A000038,2026-03-09,C007,NEW_TARGETING,HIGH,0.43
T000006259,A000836,2026-03-19,C007,NEW_TARGETING,LOW,0.732
T000006260,A003064,2026-03-25,C007,NEW_TARGETING,MEDIUM,0.765
T000006261,A003461,2026-03-22,C007,NEW_TARGETING,LOW,0.607
T000006262,A003553,2026-03-15,C007,NEW_TARGETING,MEDIUM,0.983
T000006263,A004111,2026-03-01,C007,NEW_TARGETING,HIGH,0.927
T000006264,A000470,2026-03-06,C007,NEW_TARGETING,MEDIUM,0.18
T000006265,A004028,2026-03-27,C007,NEW_TARGETING,HIGH,0.541
T000006266,A003410,2026-03-24,C007,NEW_TARGETING,LOW,0.496
T000006267,A001081,2026-03-25,C007,NEW_TARGETING,MEDIUM,0.879
T000006268,A000884,2026-03-24,C007,NEW_TARGETING,MEDIUM,0.127
T000006269,A002412,2026-03-12,C007,NEW_TARGETING,MEDIUM,0.722
T000006270,A001173,2026-03-23,C007,NEW_TARGETING,HIGH,0.852
T000006271,A000064,2026-03-20,C007,NEW_TARGETING,HIGH,0.424
T000006272,A000968,2026-03-16,C007,NEW_TARGETING,LOW,0.846
T000006273,A000273,2026-03-23,C007,NEW_TARGETING,MEDIUM,0.615
T000006274,A002150,2026-03-23,C007,NEW_TARGETING,HIGH,0.507
T000006275,A001493,2026-03-27,C007,NEW_TARGETING,LOW,0.927
T000006276,A001578,2026-03-21,C007,NEW_TARGETING,LOW,0.128
T000006277,A003393,2026-03-16,C007,NEW_TARGETING,MEDIUM,0.899
T000006278,A000439,2026-03-16,C007,NEW_TARGETING,MEDIUM,0.19
T000006279,A000228,2026-03-14,C007,NEW_TARGETING,MEDIUM,0.214
T000006280,A004086,2026-03-20,C007,NEW_TARGETING,HIGH,0.618
T000006281,A001378,2026-03-04,C007,NEW_TARGETING,HIGH,0.674
T000006282,A002550,2026-03-18,C007,NEW_TARGETING,MEDIUM,0.76
T000006283,A003538,2026-03-20,C007,NEW_TARGETING,LOW,0.481
T000006284,A002420,2026-03-09,C007,NEW_TARGETING,MEDIUM,0.483
T000006285,A001740,2026-03-13,C007,NEW_TARGETING,HIGH,0.733
T000006286,A000388,2026-03-02,C007,NEW_TARGETING,MEDIUM,0.989
T000006287,A003163,2026-03-09,C007,NEW_TARGETING,HIGH,0.385
T000006288,A003835,2026-03-14,C007,NEW_TARGETING,HIGH,0.597
T000006289,A003690,2026-03-25,C007,NEW_TARGETING,MEDIUM,0.326
T000006290,A004133,2026-03-23,C007,NEW_TARGETING,MEDIUM,0.335
T000006291,A000794,2026-03-26,C007,NEW_TARGETING,LOW,0.662
T000006292,A001465,2026-03-21,C007,NEW_TARGETING,MEDIUM,0.222
T000006293,A003485,2026-03-15,C007,NEW_TARGETING,HIGH,0.893
T000006294,A001534,2026-03-21,C007,NEW_TARGETING,LOW,0.808
T000006295,A000115,2026-03-21,C007,NEW_TARGETING,MEDIUM,0.382
T000006296,A001264,2026-03-20,C007,NEW_TARGETING,MEDIUM,0.698
T000006297,A003466,2026-03-06,C007,NEW_TARGETING,MEDIUM,0.461
T000006298,A001237,2026-03-27,C007,NEW_TARGETING,MEDIUM,0.687
T000006299,A003644,2026-03-15,C007,NEW_TARGETING,MEDIUM,0.291
T000006300,A003450,2026-03-06,C007,NEW_TARGETING,MEDIUM,0.898
T000006301,A000098,2026-04-07,C008,NEW_TARGETING,HIGH,0.892
T000006302,A003035,2026-04-03,C008,NEW_TARGETING,LOW,0.388
T000006303,A003154,2026-04-27,C008,NEW_TARGETING,MEDIUM,0.756
T000006304,A002909,2026-04-06,C008,NEW_TARGETING,MEDIUM,0.586
T000006305,A004072,2026-04-22,C008,NEW_TARGETING,HIGH,0.252
T000006306,A000431,2026-04-20,C008,NEW_TARGETING,MEDIUM,0.47
T000006307,A000656,2026-04-14,C008,NEW_TARGETING,LOW,0.216
T000006308,A000688,2026-04-02,C008,NEW_TARGETING,LOW,0.168
T000006309,A003837,2026-04-27,C008,NEW_TARGETING,MEDIUM,0.529
T000006310,A001966,2026-04-08,C008,NEW_TARGETING,MEDIUM,0.749
T000006311,A001470,2026-04-09,C008,NEW_TARGETING,MEDIUM,0.888
T000006312,A002396,2026-04-12,C008,NEW_TARGETING,MEDIUM,0.66
T000006313,A002331,2026-04-08,C008,NEW_TARGETING,MEDIUM,0.753
T000006314,A003539,2026-04-12,C008,NEW_TARGETING,HIGH,0.656
T000006315,A001539,2026-04-14,C008,NEW_TARGETING,MEDIUM,0.718
T000006316,A002443,2026-04-03,C008,NEW_TARGETING,HIGH,0.586
T000006317,A001276,2026-04-14,C008,NEW_TARGETING,MEDIUM,0.235
T000006318,A001543,2026-04-21,C008,NEW_TARGETING,MEDIUM,0.787
T000006319,A002624,2026-04-15,C008,NEW_TARGETING,HIGH,0.848
T000006320,A001660,2026-04-01,C008,NEW_TARGETING,LOW,0.908
T000006321,A002006,2026-04-18,C008,NEW_TARGETING,HIGH,0.377
T000006322,A001944,2026-04-07,C008,NEW_TARGETING,MEDIUM,0.43
T000006323,A001317,2026-04-13,C008,NEW_TARGETING,MEDIUM,0.133
T000006324,A002048,2026-04-21,C008,NEW_TARGETING,MEDIUM,0.873
T000006325,A003265,2026-04-13,C008,NEW_TARGETING,MEDIUM,0.566
T000006326,A003139,2026-04-01,C008,NEW_TARGETING,MEDIUM,0.886
T000006327,A003877,2026-04-21,C008,NEW_TARGETING,MEDIUM,0.744
T000006328,A001682,2026-04-23,C008,NEW_TARGETING,HIGH,0.571
T000006329,A002357,2026-04-22,C008,NEW_TARGETING,MEDIUM,0.398
T000006330,A000598,2026-04-23,C008,NEW_TARGETING,MEDIUM,0.319
T000006331,A003971,2026-04-22,C008,NEW_TARGETING,MEDIUM,0.855
T000006332,A001456,2026-04-14,C008,NEW_TARGETING,HIGH,0.471
T000006333,A000351,2026-04-08,C008,NEW_TARGETING,HIGH,0.653
T000006334,A002162,2026-04-08,C008,NEW_TARGETING,MEDIUM,0.826
T000006335,A003576,2026-04-24,C008,NEW_TARGETING,LOW,0.173
T000006336,A003137,2026-04-23,C008,NEW_TARGETING,LOW,0.911
T000006337,A001603,2026-04-25,C008,NEW_TARGETING,MEDIUM,0.964
T000006338,A004136,2026-04-09,C008,NEW_TARGETING,HIGH,0.51
T000006339,A002099,2026-04-22,C008,NEW_TARGETING,MEDIUM,0.711
T000006340,A000203,2026-04-09,C008,NEW_TARGETING,LOW,0.337
T000006341,A001395,2026-04-09,C008,NEW_TARGETING,HIGH,0.936
T000006342,A002898,2026-04-13,C008,NEW_TARGETING,HIGH,0.199
T000006343,A001953,2026-04-12,C008,NEW_TARGETING,MEDIUM,0.132
T000006344,A003756,2026-04-01,C008,NEW_TARGETING,HIGH,0.638
T000006345,A003160,2026-04-21,C008,NEW_TARGETING,MEDIUM,0.931
T000006346,A000748,2026-04-20,C008,NEW_TARGETING,MEDIUM,0.704
T000006347,A003772,2026-04-12,C008,NEW_TARGETING,HIGH,0.285
T000006348,A000413,2026-04-18,C008,NEW_TARGETING,LOW,0.4
T000006349,A002754,2026-04-15,C008,NEW_TARGETING,HIGH,0.81
T000006350,A003904,2026-04-06,C008,NEW_TARGETING,MEDIUM,0.699
T000006351,A000075,2026-04-08,C008,NEW_TARGETING,MEDIUM,0.537
T000006352,A000520,2026-04-11,C008,NEW_TARGETING,MEDIUM,0.6
T000006353,A003519,2026-04-03,C008,NEW_TARGETING,HIGH,0.319
T000006354,A001769,2026-04-16,C008,NEW_TARGETING,MEDIUM,0.848
T000006355,A002296,2026-04-09,C008,NEW_TARGETING,LOW,0.653
T000006356,A003512,2026-04-04,C008,NEW_TARGETING,LOW,0.405
T000006357,A003074,2026-04-20,C008,NEW_TARGETING,MEDIUM,0.476
T000006358,A000392,2026-04-05,C008,NEW_TARGETING,HIGH,0.183
T000006359,A001581,2026-04-08,C008,NEW_TARGETING,MEDIUM,0.828
T000006360,A001403,2026-04-24,C008,NEW_TARGETING,MEDIUM,0.672
T000006361,A002407,2026-04-11,C008,NEW_TARGETING,MEDIUM,0.201
T000006362,A000623,2026-04-12,C008,NEW_TARGETING,MEDIUM,0.133
T000006363,A002427,2026-04-10,C008,NEW_TARGETING,HIGH,0.554
T000006364,A000645,2026-04-04,C008,NEW_TARGETING,MEDIUM,0.137
T000006365,A001128,2026-04-17,C008,NEW_TARGETING,HIGH,0.653
T000006366,A003991,2026-04-25,C008,NEW_TARGETING,MEDIUM,0.233
T000006367,A003384,2026-04-13,C008,NEW_TARGETING,LOW,0.133
T000006368,A001622,2026-04-25,C008,NEW_TARGETING,HIGH,0.581
T000006369,A003151,2026-04-01,C008,NEW_TARGETING,LOW,0.251
T000006370,A003900,2026-04-14,C008,NEW_TARGETING,HIGH,0.223
T000006371,A003880,2026-04-17,C008,NEW_TARGETING,MEDIUM,0.876
T000006372,A000751,2026-04-26,C008,NEW_TARGETING,LOW,0.205
T000006373,A003320,2026-04-08,C008,NEW_TARGETING,MEDIUM,0.944
T000006374,A003564,2026-04-05,C008,NEW_TARGETING,MEDIUM,0.34
T000006375,A001537,2026-04-07,C008,NEW_TARGETING,HIGH,0.4
T000006376,A003392,2026-04-10,C008,NEW_TARGETING,MEDIUM,0.382
T000006377,A003089,2026-04-12,C008,NEW_TARGETING,LOW,0.508
T000006378,A001149,2026-04-20,C008,NEW_TARGETING,MEDIUM,0.552
T000006379,A001815,2026-04-17,C008,NEW_TARGETING,LOW,0.681
T000006380,A002603,2026-04-06,C008,NEW_TARGETING,MEDIUM,0.204
T000006381,A000404,2026-04-08,C008,NEW_TARGETING,LOW,0.218
T000006382,A000898,2026-04-04,C008,NEW_TARGETING,MEDIUM,0.305
T000006383,A002859,2026-04-16,C008,NEW_TARGETING,MEDIUM,0.375
T000006384,A001339,2026-04-23,C008,NEW_TARGETING,HIGH,0.13
T000006385,A001018,2026-04-05,C008,NEW_TARGETING,LOW,0.818
T000006386,A003522,2026-04-02,C008,NEW_TARGETING,HIGH,0.334
T000006387,A001379,2026-04-05,C008,NEW_TARGETING,HIGH,0.749
T000006388,A003708,2026-04-08,C008,NEW_TARGETING,MEDIUM,0.525
T000006389,A000682,2026-04-16,C008,NEW_TARGETING,LOW,0.767
T000006390,A000103,2026-04-09,C008,NEW_TARGETING,MEDIUM,0.133
T000006391,A001863,2026-04-22,C008,NEW_TARGETING,MEDIUM,0.984
T000006392,A000779,2026-04-03,C008,NEW_TARGETING,LOW,0.566
T000006393,A003687,2026-04-07,C008,NEW_TARGETING,LOW,0.437
T000006394,A002880,2026-04-04,C008,NEW_TARGETING,MEDIUM,0.404
T000006395,A000123,2026-04-12,C008,NEW_TARGETING,HIGH,0.381
T000006396,A002617,2026-04-06,C008,NEW_TARGETING,HIGH,0.87
T000006397,A004086,2026-04-20,C008,NEW_TARGETING,MEDIUM,0.801
T000006398,A000242,2026-04-08,C008,NEW_TARGETING,MEDIUM,0.205
T000006399,A003104,2026-04-03,C008,NEW_TARGETING,HIGH,0.271
T000006400,A002924,2026-04-01,C008,NEW_TARGETING,MEDIUM,0.966
T000006401,A003461,2026-04-02,C008,NEW_TARGETING,LOW,0.841
T000006402,A002344,2026-04-26,C008,NEW_TARGETING,MEDIUM,0.872
T000006403,A002939,2026-04-14,C008,NEW_TARGETING,MEDIUM,0.76
T000006404,A001154,2026-04-24,C008,NEW_TARGETING,MEDIUM,0.487
T000006405,A000801,2026-04-05,C008,NEW_TARGETING,LOW,0.143
T000006406,A003739,2026-04-09,C008,NEW_TARGETING,MEDIUM,0.451
T000006407,A002952,2026-04-01,C008,NEW_TARGETING,MEDIUM,0.394
T000006408,A003566,2026-04-03,C008,NEW_TARGETING,MEDIUM,0.322
T000006409,A003665,2026-04-07,C008,NEW_TARGETING,HIGH,0.189
T000006410,A000643,2026-04-19,C008,NEW_TARGETING,MEDIUM,0.485
T000006411,A002756,2026-04-03,C008,NEW_TARGETING,LOW,0.696
T000006412,A003263,2026-04-26,C008,NEW_TARGETING,MEDIUM,0.986
T000006413,A003023,2026-04-22,C008,NEW_TARGETING,MEDIUM,0.839
T000006414,A000307,2026-04-20,C008,NEW_TARGETING,MEDIUM,0.82
T000006415,A000024,2026-04-11,C008,NEW_TARGETING,LOW,0.795
T000006416,A001751,2026-04-15,C008,NEW_TARGETING,MEDIUM,0.928
T000006417,A002370,2026-04-13,C008,NEW_TARGETING,HIGH,0.684
T000006418,A003890,2026-04-12,C008,NEW_TARGETING,HIGH,0.287
T000006419,A003553,2026-04-08,C008,NEW_TARGETING,LOW,0.452
T000006420,A002524,2026-04-05,C008,NEW_TARGETING,HIGH,0.856
T000006421,A003509,2026-04-06,C008,NEW_TARGETING,LOW,0.512
T000006422,A001929,2026-04-22,C008,NEW_TARGETING,MEDIUM,0.895
T000006423,A000114,2026-04-10,C008,NEW_TARGETING,MEDIUM,0.473
T000006424,A000858,2026-04-20,C008,NEW_TARGETING,MEDIUM,0.664
T000006425,A003318,2026-04-04,C008,NEW_TARGETING,MEDIUM,0.768
T000006426,A001398,2026-04-24,C008,NEW_TARGETING,MEDIUM,0.273
T000006427,A002328,2026-04-15,C008,NEW_TARGETING,LOW,0.576
T000006428,A002476,2026-04-25,C008,NEW_TARGETING,MEDIUM,0.517
T000006429,A002114,2026-04-06,C008,NEW_TARGETING,MEDIUM,0.163
T000006430,A000039,2026-04-10,C008,NEW_TARGETING,MEDIUM,0.149
T000006431,A001655,2026-04-15,C008,NEW_TARGETING,MEDIUM,0.544
T000006432,A001141,2026-04-18,C008,NEW_TARGETING,MEDIUM,0.372
T000006433,A002476,2026-04-21,C008,NEW_TARGETING,LOW,0.14
T000006434,A003826,2026-04-01,C008,NEW_TARGETING,MEDIUM,0.326
T000006435,A003416,2026-04-11,C008,NEW_TARGETING,HIGH,0.8
T000006436,A003235,2026-04-26,C008,NEW_TARGETING,MEDIUM,0.639
T000006437,A001688,2026-04-05,C008,NEW_TARGETING,MEDIUM,0.545
T000006438,A003595,2026-04-21,C008,NEW_TARGETING,MEDIUM,0.983
T000006439,A003863,2026-04-15,C008,NEW_TARGETING,MEDIUM,0.46
T000006440,A003268,2026-04-04,C008,NEW_TARGETING,MEDIUM,0.26
T000006441,A004071,2026-04-06,C008,NEW_TARGETING,MEDIUM,0.603
T000006442,A000437,2026-04-15,C008,NEW_TARGETING,MEDIUM,0.913
T000006443,A000361,2026-04-05,C008,NEW_TARGETING,MEDIUM,0.131
T000006444,A002311,2026-04-17,C008,NEW_TARGETING,LOW,0.315
T000006445,A001191,2026-04-03,C008,NEW_TARGETING,MEDIUM,0.391
T000006446,A003324,2026-04-27,C008,NEW_TARGETING,MEDIUM,0.456
T000006447,A003127,2026-04-21,C008,NEW_TARGETING,MEDIUM,0.557
T000006448,A002111,2026-04-01,C008,NEW_TARGETING,MEDIUM,0.805
T000006449,A003367,2026-04-06,C008,NEW_TARGETING,MEDIUM,0.809
T000006450,A001205,2026-04-07,C008,NEW_TARGETING,MEDIUM,0.943
T000006451,A000826,2026-04-04,C008,NEW_TARGETING,MEDIUM,0.755
T000006452,A001673,2026-04-18,C008,NEW_TARGETING,LOW,0.982
T000006453,A003135,2026-04-09,C008,NEW_TARGETING,HIGH,0.476
T000006454,A002148,2026-04-23,C008,NEW_TARGETING,MEDIUM,0.942
T000006455,A001726,2026-04-03,C008,NEW_TARGETING,LOW,0.917
T000006456,A001636,2026-04-27,C008,NEW_TARGETING,MEDIUM,0.266
T000006457,A000319,2026-04-12,C008,NEW_TARGETING,HIGH,0.534
T000006458,A003846,2026-04-20,C008,NEW_TARGETING,LOW,0.245
T000006459,A001946,2026-04-17,C008,NEW_TARGETING,MEDIUM,0.925
T000006460,A004123,2026-04-14,C008,NEW_TARGETING,MEDIUM,0.431
T000006461,A003024,2026-04-09,C008,NEW_TARGETING,MEDIUM,0.62
T000006462,A000294,2026-04-02,C008,NEW_TARGETING,LOW,0.697
T000006463,A001016,2026-04-11,C008,NEW_TARGETING,MEDIUM,0.181
T000006464,A001934,2026-04-27,C008,NEW_TARGETING,MEDIUM,0.759
T000006465,A001151,2026-04-25,C008,NEW_TARGETING,MEDIUM,0.58
T000006466,A003012,2026-04-24,C008,NEW_TARGETING,MEDIUM,0.268
T000006467,A003528,2026-04-02,C008,NEW_TARGETING,MEDIUM,0.371
T000006468,A002071,2026-04-20,C008,NEW_TARGETING,HIGH,0.978
T000006469,A003073,2026-04-16,C008,NEW_TARGETING,MEDIUM,0.97
T000006470,A000506,2026-04-03,C008,NEW_TARGETING,LOW,0.412
T000006471,A003374,2026-04-13,C008,NEW_TARGETING,MEDIUM,0.137
T000006472,A004114,2026-04-04,C008,NEW_TARGETING,MEDIUM,0.124
T000006473,A000805,2026-04-15,C008,NEW_TARGETING,HIGH,0.383
T000006474,A003763,2026-04-11,C008,NEW_TARGETING,LOW,0.355
T000006475,A000792,2026-04-17,C008,NEW_TARGETING,MEDIUM,0.243
T000006476,A003595,2026-04-21,C008,NEW_TARGETING,MEDIUM,0.912
T000006477,A003131,2026-04-15,C008,NEW_TARGETING,MEDIUM,0.729
T000006478,A001691,2026-04-06,C008,NEW_TARGETING,MEDIUM,0.486
T000006479,A000482,2026-04-11,C008,NEW_TARGETING,MEDIUM,0.113
T000006480,A001340,2026-04-09,C008,NEW_TARGETING,MEDIUM,0.472
T000006481,A001410,2026-04-17,C008,NEW_TARGETING,LOW,0.768
T000006482,A001035,2026-04-27,C008,NEW_TARGETING,MEDIUM,0.363
T000006483,A000538,2026-04-20,C008,NEW_TARGETING,MEDIUM,0.315
T000006484,A000516,2026-04-12,C008,NEW_TARGETING,MEDIUM,0.569
T000006485,A004162,2026-04-02,C008,NEW_TARGETING,MEDIUM,0.35
T000006486,A003729,2026-04-08,C008,NEW_TARGETING,MEDIUM,0.895
T000006487,A001656,2026-04-12,C008,NEW_TARGETING,LOW,0.977
T000006488,A001071,2026-04-27,C008,NEW_TARGETING,HIGH,0.973
T000006489,A003473,2026-04-23,C008,NEW_TARGETING,MEDIUM,0.433
T000006490,A001610,2026-04-01,C008,NEW_TARGETING,MEDIUM,0.979
T000006491,A004015,2026-04-11,C008,NEW_TARGETING,LOW,0.372
T000006492,A002149,2026-04-03,C008,NEW_TARGETING,MEDIUM,0.189
T000006493,A000596,2026-04-21,C008,NEW_TARGETING,LOW,0.95
T000006494,A000383,2026-04-09,C008,NEW_TARGETING,LOW,0.811
T000006495,A003882,2026-04-15,C008,NEW_TARGETING,MEDIUM,0.346
T000006496,A000912,2026-04-02,C008,NEW_TARGETING,MEDIUM,0.209
T000006497,A002796,2026-04-01,C008,NEW_TARGETING,HIGH,0.5
T000006498,A002822,2026-04-21,C008,NEW_TARGETING,MEDIUM,0.801
T000006499,A001272,2026-04-24,C008,NEW_TARGETING,MEDIUM,0.687
T000006500,A001417,2026-04-22,C008,NEW_TARGETING,HIGH,0.747
T000006501,A002342,2026-04-16,C008,NEW_TARGETING,MEDIUM,0.87
T000006502,A003307,2026-04-21,C008,NEW_TARGETING,HIGH,0.738
T000006503,A002621,2026-04-20,C008,NEW_TARGETING,MEDIUM,0.968
T000006504,A001175,2026-04-22,C008,NEW_TARGETING,MEDIUM,0.566
T000006505,A002456,2026-04-04,C008,NEW_TARGETING,MEDIUM,0.303
T000006506,A003454,2026-04-19,C008,NEW_TARGETING,MEDIUM,0.853
T000006507,A002012,2026-04-12,C008,NEW_TARGETING,LOW,0.393
T000006508,A001273,2026-04-09,C008,NEW_TARGETING,MEDIUM,0.129
T000006509,A001658,2026-04-17,C008,NEW_TARGETING,MEDIUM,0.72
T000006510,A002657,2026-04-06,C008,NEW_TARGETING,MEDIUM,0.459
T000006511,A003853,2026-04-07,C008,NEW_TARGETING,LOW,0.973
T000006512,A001599,2026-04-27,C008,NEW_TARGETING,MEDIUM,0.876
T000006513,A003847,2026-04-07,C008,NEW_TARGETING,MEDIUM,0.583
T000006514,A003011,2026-04-26,C008,NEW_TARGETING,MEDIUM,0.368
T000006515,A004175,2026-04-17,C008,NEW_TARGETING,MEDIUM,0.615
T000006516,A002165,2026-04-13,C008,NEW_TARGETING,HIGH,0.915
T000006517,A003742,2026-04-17,C008,NEW_TARGETING,MEDIUM,0.551
T000006518,A001526,2026-04-05,C008,NEW_TARGETING,LOW,0.72
T000006519,A003843,2026-04-04,C008,NEW_TARGETING,MEDIUM,0.799
T000006520,A001957,2026-04-07,C008,NEW_TARGETING,MEDIUM,0.583
T000006521,A002561,2026-04-14,C008,NEW_TARGETING,LOW,0.456
T000006522,A003944,2026-04-25,C008,NEW_TARGETING,HIGH,0.726
T000006523,A001274,2026-04-08,C008,NEW_TARGETING,MEDIUM,0.748
T000006524,A004108,2026-04-19,C008,NEW_TARGETING,MEDIUM,0.866
T000006525,A002986,2026-04-13,C008,NEW_TARGETING,MEDIUM,0.547
T000006526,A000301,2026-04-24,C008,NEW_TARGETING,MEDIUM,0.583
T000006527,A003221,2026-04-24,C008,NEW_TARGETING,MEDIUM,0.309
T000006528,A001405,2026-04-17,C008,NEW_TARGETING,LOW,0.989
T000006529,A000717,2026-04-13,C008,NEW_TARGETING,LOW,0.926
T000006530,A000639,2026-04-12,C008,NEW_TARGETING,MEDIUM,0.172
T000006531,A000642,2026-04-10,C008,NEW_TARGETING,MEDIUM,0.775
T000006532,A003815,2026-04-13,C008,NEW_TARGETING,MEDIUM,0.589
T000006533,A001303,2026-04-04,C008,NEW_TARGETING,MEDIUM,0.18
T000006534,A000037,2026-04-11,C008,NEW_TARGETING,HIGH,0.653
T000006535,A001311,2026-04-27,C008,NEW_TARGETING,HIGH,0.738
T000006536,A004088,2026-04-20,C008,NEW_TARGETING,MEDIUM,0.114
T000006537,A001060,2026-04-13,C008,NEW_TARGETING,MEDIUM,0.26
T000006538,A002897,2026-04-21,C008,NEW_TARGETING,HIGH,0.81
T000006539,A003921,2026-04-23,C008,NEW_TARGETING,HIGH,0.343
T000006540,A000798,2026-04-25,C008,NEW_TARGETING,LOW,0.442
T000006541,A002376,2026-04-05,C008,NEW_TARGETING,HIGH,0.986
T000006542,A000151,2026-04-23,C008,NEW_TARGETING,LOW,0.593
T000006543,A001187,2026-04-19,C008,NEW_TARGETING,LOW,0.463
T000006544,A001324,2026-04-05,C008,NEW_TARGETING,MEDIUM,0.216
T000006545,A002194,2026-04-10,C008,NEW_TARGETING,MEDIUM,0.201
T000006546,A001669,2026-04-13,C008,NEW_TARGETING,MEDIUM,0.248
T000006547,A002781,2026-04-15,C008,NEW_TARGETING,MEDIUM,0.666
T000006548,A003789,2026-04-19,C008,NEW_TARGETING,MEDIUM,0.187
T000006549,A001225,2026-04-24,C008,NEW_TARGETING,LOW,0.23
T000006550,A003479,2026-04-01,C008,NEW_TARGETING,HIGH,0.816
T000006551,A003648,2026-04-02,C008,NEW_TARGETING,MEDIUM,0.885
T000006552,A002294,2026-04-23,C008,NEW_TARGETING,MEDIUM,0.562
T000006553,A001283,2026-04-12,C008,NEW_TARGETING,MEDIUM,0.415
T000006554,A001670,2026-04-10,C008,NEW_TARGETING,MEDIUM,0.938
T000006555,A003498,2026-04-18,C008,NEW_TARGETING,MEDIUM,0.325
T000006556,A003391,2026-04-21,C008,NEW_TARGETING,HIGH,0.878
T000006557,A004030,2026-04-23,C008,NEW_TARGETING,MEDIUM,0.928
T000006558,A002341,2026-04-20,C008,NEW_TARGETING,MEDIUM,0.435
T000006559,A002368,2026-04-21,C008,NEW_TARGETING,MEDIUM,0.364
T000006560,A002082,2026-04-17,C008,NEW_TARGETING,LOW,0.132
T000006561,A000577,2026-04-15,C008,NEW_TARGETING,MEDIUM,0.144
T000006562,A001355,2026-04-08,C008,NEW_TARGETING,MEDIUM,0.15
T000006563,A003357,2026-04-16,C008,NEW_TARGETING,MEDIUM,0.59
T000006564,A001865,2026-04-20,C008,NEW_TARGETING,HIGH,0.757
T000006565,A003351,2026-04-01,C008,NEW_TARGETING,MEDIUM,0.271
T000006566,A002609,2026-04-17,C008,NEW_TARGETING,MEDIUM,0.918
T000006567,A001828,2026-04-21,C008,NEW_TARGETING,HIGH,0.537
T000006568,A003037,2026-04-22,C008,NEW_TARGETING,LOW,0.653
T000006569,A003913,2026-04-17,C008,NEW_TARGETING,MEDIUM,0.778
T000006570,A000373,2026-04-04,C008,NEW_TARGETING,MEDIUM,0.81
T000006571,A003779,2026-04-03,C008,NEW_TARGETING,MEDIUM,0.499
T000006572,A001515,2026-04-26,C008,NEW_TARGETING,LOW,0.11
T000006573,A002981,2026-04-23,C008,NEW_TARGETING,HIGH,0.241
T000006574,A001091,2026-04-12,C008,NEW_TARGETING,MEDIUM,0.899
T000006575,A003036,2026-04-16,C008,NEW_TARGETING,HIGH,0.822
T000006576,A002990,2026-04-05,C008,NEW_TARGETING,MEDIUM,0.705
T000006577,A003949,2026-04-03,C008,NEW_TARGETING,LOW,0.105
T000006578,A003736,2026-04-11,C008,NEW_TARGETING,MEDIUM,0.784
T000006579,A000641,2026-04-16,C008,NEW_TARGETING,MEDIUM,0.555
T000006580,A002860,2026-04-04,C008,NEW_TARGETING,LOW,0.743
T000006581,A001131,2026-04-04,C008,NEW_TARGETING,MEDIUM,0.722
T000006582,A003752,2026-04-27,C008,NEW_TARGETING,LOW,0.344
T000006583,A000652,2026-04-02,C008,NEW_TARGETING,HIGH,0.375
T000006584,A001299,2026-04-11,C008,NEW_TARGETING,MEDIUM,0.302
T000006585,A001390,2026-04-24,C008,NEW_TARGETING,LOW,0.669
T000006586,A001256,2026-04-27,C008,NEW_TARGETING,MEDIUM,0.679
T000006587,A001386,2026-04-03,C008,NEW_TARGETING,LOW,0.756
T000006588,A002942,2026-04-08,C008,NEW_TARGETING,LOW,0.299
T000006589,A003803,2026-04-18,C008,NEW_TARGETING,MEDIUM,0.569
T000006590,A002252,2026-04-10,C008,NEW_TARGETING,MEDIUM,0.617
T000006591,A001924,2026-04-27,C008,NEW_TARGETING,MEDIUM,0.932
T000006592,A000648,2026-04-10,C008,NEW_TARGETING,MEDIUM,0.237
T000006593,A002881,2026-04-12,C008,NEW_TARGETING,MEDIUM,0.171
T000006594,A002966,2026-04-02,C008,NEW_TARGETING,LOW,0.508
T000006595,A002470,2026-04-10,C008,NEW_TARGETING,MEDIUM,0.121
T000006596,A001499,2026-04-25,C008,NEW_TARGETING,MEDIUM,0.418
T000006597,A001517,2026-04-09,C008,NEW_TARGETING,MEDIUM,0.942
T000006598,A002709,2026-04-07,C008,NEW_TARGETING,LOW,0.679
T000006599,A004181,2026-04-07,C008,NEW_TARGETING,HIGH,0.277
T000006600,A003738,2026-04-13,C008,NEW_TARGETING,MEDIUM,0.539
T000006601,A001358,2026-04-16,C008,NEW_TARGETING,HIGH,0.124
T000006602,A003751,2026-04-08,C008,NEW_TARGETING,MEDIUM,0.96
T000006603,A002288,2026-04-20,C008,NEW_TARGETING,MEDIUM,0.809
T000006604,A003323,2026-04-10,C008,NEW_TARGETING,LOW,0.62
T000006605,A002658,2026-04-19,C008,NEW_TARGETING,MEDIUM,0.274
T000006606,A000915,2026-04-23,C008,NEW_TARGETING,MEDIUM,0.134
T000006607,A000278,2026-04-03,C008,NEW_TARGETING,MEDIUM,0.95
T000006608,A001245,2026-04-14,C008,NEW_TARGETING,HIGH,0.751
T000006609,A003695,2026-04-20,C008,NEW_TARGETING,LOW,0.377
T000006610,A002668,2026-04-15,C008,NEW_TARGETING,LOW,0.502
T000006611,A003388,2026-04-24,C008,NEW_TARGETING,LOW,0.593
T000006612,A000638,2026-04-24,C008,NEW_TARGETING,MEDIUM,0.141
T000006613,A002715,2026-04-07,C008,NEW_TARGETING,HIGH,0.925
T000006614,A001292,2026-04-04,C008,NEW_TARGETING,MEDIUM,0.825
T000006615,A002743,2026-04-16,C008,NEW_TARGETING,LOW,0.473
T000006616,A003717,2026-04-26,C008,NEW_TARGETING,MEDIUM,0.785
T000006617,A004044,2026-04-01,C008,NEW_TARGETING,MEDIUM,0.854
T000006618,A002141,2026-04-06,C008,NEW_TARGETING,MEDIUM,0.347
T000006619,A004003,2026-04-26,C008,NEW_TARGETING,LOW,0.107
T000006620,A003182,2026-04-13,C008,NEW_TARGETING,LOW,0.82
T000006621,A000278,2026-04-10,C008,NEW_TARGETING,LOW,0.713
T000006622,A000916,2026-04-09,C008,NEW_TARGETING,LOW,0.802
T000006623,A002159,2026-04-03,C008,NEW_TARGETING,MEDIUM,0.467
T000006624,A001790,2026-04-23,C008,NEW_TARGETING,MEDIUM,0.299
T000006625,A002358,2026-04-15,C008,NEW_TARGETING,HIGH,0.975
T000006626,A001627,2026-04-04,C008,NEW_TARGETING,LOW,0.906
T000006627,A002882,2026-04-18,C008,NEW_TARGETING,LOW,0.565
T000006628,A001703,2026-04-03,C008,NEW_TARGETING,MEDIUM,0.262
T000006629,A004061,2026-04-25,C008,NEW_TARGETING,MEDIUM,0.736
T000006630,A000571,2026-04-19,C008,NEW_TARGETING,HIGH,0.111
T000006631,A001022,2026-04-01,C008,NEW_TARGETING,MEDIUM,0.366
T000006632,A002651,2026-04-01,C008,NEW_TARGETING,MEDIUM,0.174
T000006633,A002154,2026-04-04,C008,NEW_TARGETING,HIGH,0.81
T000006634,A000705,2026-04-19,C008,NEW_TARGETING,HIGH,0.669
T000006635,A002728,2026-04-10,C008,NEW_TARGETING,LOW,0.435
T000006636,A001063,2026-04-27,C008,NEW_TARGETING,MEDIUM,0.492
T000006637,A004051,2026-04-17,C008,NEW_TARGETING,MEDIUM,0.498
T000006638,A002506,2026-04-07,C008,NEW_TARGETING,MEDIUM,0.664
T000006639,A000550,2026-04-13,C008,NEW_TARGETING,MEDIUM,0.456
T000006640,A000284,2026-04-04,C008,NEW_TARGETING,LOW,0.791
T000006641,A001457,2026-04-17,C008,NEW_TARGETING,LOW,0.697
T000006642,A000758,2026-04-10,C008,NEW_TARGETING,HIGH,0.627
T000006643,A003441,2026-04-27,C008,NEW_TARGETING,LOW,0.863
T000006644,A003335,2026-04-08,C008,NEW_TARGETING,MEDIUM,0.803
T000006645,A004170,2026-04-17,C008,NEW_TARGETING,MEDIUM,0.412
T000006646,A002721,2026-04-01,C008,NEW_TARGETING,MEDIUM,0.418
T000006647,A002320,2026-04-07,C008,NEW_TARGETING,LOW,0.896
T000006648,A001020,2026-04-20,C008,NEW_TARGETING,MEDIUM,0.465
T000006649,A002473,2026-04-13,C008,NEW_TARGETING,MEDIUM,0.739
T000006650,A000087,2026-04-10,C008,NEW_TARGETING,LOW,0.166
T000006651,A001094,2026-04-24,C008,NEW_TARGETING,LOW,0.578
T000006652,A001878,2026-04-10,C008,NEW_TARGETING,LOW,0.643
T000006653,A002207,2026-04-11,C008,NEW_TARGETING,HIGH,0.651
T000006654,A001779,2026-04-21,C008,NEW_TARGETING,MEDIUM,0.65
T000006655,A003234,2026-04-26,C008,NEW_TARGETING,HIGH,0.795
T000006656,A000603,2026-04-15,C008,NEW_TARGETING,MEDIUM,0.347
T000006657,A001283,2026-04-19,C008,NEW_TARGETING,MEDIUM,0.649
T000006658,A002239,2026-04-06,C008,NEW_TARGETING,MEDIUM,0.442
T000006659,A000189,2026-04-25,C008,NEW_TARGETING,LOW,0.954
T000006660,A001996,2026-04-22,C008,NEW_TARGETING,LOW,0.905
T000006661,A004088,2026-04-14,C008,NEW_TARGETING,HIGH,0.27
T000006662,A003426,2026-04-20,C008,NEW_TARGETING,LOW,0.116
T000006663,A003864,2026-04-23,C008,NEW_TARGETING,MEDIUM,0.423
T000006664,A001608,2026-04-19,C008,NEW_TARGETING,MEDIUM,0.361
T000006665,A003857,2026-04-02,C008,NEW_TARGETING,HIGH,0.774
T000006666,A002112,2026-04-10,C008,NEW_TARGETING,HIGH,0.968
T000006667,A000013,2026-04-14,C008,NEW_TARGETING,HIGH,0.7
T000006668,A003314,2026-04-07,C008,NEW_TARGETING,MEDIUM,0.539
T000006669,A001949,2026-04-02,C008,NEW_TARGETING,MEDIUM,0.288
T000006670,A000606,2026-04-20,C008,NEW_TARGETING,MEDIUM,0.305
T000006671,A001088,2026-04-20,C008,NEW_TARGETING,HIGH,0.898
T000006672,A004196,2026-04-01,C008,NEW_TARGETING,LOW,0.899
T000006673,A001744,2026-04-22,C008,NEW_TARGETING,LOW,0.442
T000006674,A001198,2026-04-07,C008,NEW_TARGETING,MEDIUM,0.565
T000006675,A002243,2026-04-02,C008,NEW_TARGETING,LOW,0.262
T000006676,A001393,2026-04-19,C008,NEW_TARGETING,MEDIUM,0.554
T000006677,A002838,2026-04-25,C008,NEW_TARGETING,HIGH,0.704
T000006678,A004035,2026-04-04,C008,NEW_TARGETING,LOW,0.209
T000006679,A003406,2026-04-14,C008,NEW_TARGETING,HIGH,0.651
T000006680,A001799,2026-04-13,C008,NEW_TARGETING,HIGH,0.802
T000006681,A002211,2026-04-03,C008,NEW_TARGETING,MEDIUM,0.977
T000006682,A001141,2026-04-26,C008,NEW_TARGETING,MEDIUM,0.324
T000006683,A001168,2026-04-05,C008,NEW_TARGETING,MEDIUM,0.307
T000006684,A002071,2026-04-07,C008,NEW_TARGETING,MEDIUM,0.541
T000006685,A002070,2026-04-11,C008,NEW_TARGETING,LOW,0.153
T000006686,A001509,2026-04-23,C008,NEW_TARGETING,MEDIUM,0.938
T000006687,A001230,2026-04-26,C008,NEW_TARGETING,MEDIUM,0.527
T000006688,A002717,2026-04-09,C008,NEW_TARGETING,LOW,0.452
T000006689,A004134,2026-04-21,C008,NEW_TARGETING,HIGH,0.661
T000006690,A000976,2026-04-11,C008,NEW_TARGETING,LOW,0.717
T000006691,A001489,2026-04-01,C008,NEW_TARGETING,MEDIUM,0.602
T000006692,A001851,2026-04-15,C008,NEW_TARGETING,MEDIUM,0.445
T000006693,A004039,2026-04-02,C008,NEW_TARGETING,MEDIUM,0.859
T000006694,A002884,2026-04-10,C008,NEW_TARGETING,MEDIUM,0.754
T000006695,A001936,2026-04-25,C008,NEW_TARGETING,HIGH,0.441
T000006696,A001837,2026-04-09,C008,NEW_TARGETING,HIGH,0.437
T000006697,A003831,2026-04-17,C008,NEW_TARGETING,HIGH,0.597
T000006698,A002723,2026-04-15,C008,NEW_TARGETING,LOW,0.97
T000006699,A002718,2026-04-14,C008,NEW_TARGETING,LOW,0.449
T000006700,A003259,2026-04-03,C008,NEW_TARGETING,LOW,0.1
T000006701,A002855,2026-04-11,C008,NEW_TARGETING,MEDIUM,0.835
T000006702,A003685,2026-04-09,C008,NEW_TARGETING,MEDIUM,0.707
T000006703,A002994,2026-04-13,C008,NEW_TARGETING,MEDIUM,0.397
T000006704,A002052,2026-04-22,C008,NEW_TARGETING,LOW,0.592
T000006705,A002392,2026-04-17,C008,NEW_TARGETING,HIGH,0.867
T000006706,A003717,2026-04-20,C008,NEW_TARGETING,HIGH,0.5
T000006707,A003639,2026-04-03,C008,NEW_TARGETING,MEDIUM,0.326
T000006708,A000270,2026-04-04,C008,NEW_TARGETING,HIGH,0.146
T000006709,A000835,2026-04-11,C008,NEW_TARGETING,HIGH,0.871
T000006710,A002315,2026-04-25,C008,NEW_TARGETING,MEDIUM,0.867
T000006711,A001447,2026-04-04,C008,NEW_TARGETING,HIGH,0.586
T000006712,A003410,2026-04-10,C008,NEW_TARGETING,MEDIUM,0.325
T000006713,A002324,2026-04-06,C008,NEW_TARGETING,MEDIUM,0.127
T000006714,A000944,2026-04-15,C008,NEW_TARGETING,MEDIUM,0.176
T000006715,A000789,2026-04-27,C008,NEW_TARGETING,LOW,0.447
T000006716,A003049,2026-04-06,C008,NEW_TARGETING,HIGH,0.304
T000006717,A003060,2026-04-21,C008,NEW_TARGETING,MEDIUM,0.335
T000006718,A003343,2026-04-27,C008,NEW_TARGETING,HIGH,0.478
T000006719,A001103,2026-04-14,C008,NEW_TARGETING,MEDIUM,0.642
T000006720,A001674,2026-04-26,C008,NEW_TARGETING,MEDIUM,0.664
T000006721,A003965,2026-04-21,C008,NEW_TARGETING,MEDIUM,0.693
T000006722,A002791,2026-04-12,C008,NEW_TARGETING,MEDIUM,0.812
T000006723,A004121,2026-04-16,C008,NEW_TARGETING,MEDIUM,0.657
T000006724,A001887,2026-04-16,C008,NEW_TARGETING,MEDIUM,0.616
T000006725,A001789,2026-04-13,C008,NEW_TARGETING,MEDIUM,0.499
T000006726,A000505,2026-04-15,C008,NEW_TARGETING,MEDIUM,0.625
T000006727,A004117,2026-04-12,C008,NEW_TARGETING,HIGH,0.965
T000006728,A001415,2026-04-15,C008,NEW_TARGETING,HIGH,0.356
T000006729,A002448,2026-04-26,C008,NEW_TARGETING,LOW,0.707
T000006730,A001583,2026-04-07,C008,NEW_TARGETING,LOW,0.441
T000006731,A002645,2026-04-19,C008,NEW_TARGETING,HIGH,0.965
T000006732,A002315,2026-04-01,C008,NEW_TARGETING,MEDIUM,0.929
T000006733,A004065,2026-04-07,C008,NEW_TARGETING,MEDIUM,0.273
T000006734,A003318,2026-04-23,C008,NEW_TARGETING,MEDIUM,0.881
T000006735,A003424,2026-04-16,C008,NEW_TARGETING,MEDIUM,0.508
T000006736,A001312,2026-04-27,C008,NEW_TARGETING,HIGH,0.321
T000006737,A003223,2026-04-09,C008,NEW_TARGETING,HIGH,0.735
T000006738,A001039,2026-04-03,C008,NEW_TARGETING,HIGH,0.683
T000006739,A000209,2026-04-10,C008,NEW_TARGETING,LOW,0.257
T000006740,A003955,2026-04-14,C008,NEW_TARGETING,MEDIUM,0.937
T000006741,A003731,2026-04-01,C008,NEW_TARGETING,HIGH,0.888
T000006742,A002157,2026-04-05,C008,NEW_TARGETING,MEDIUM,0.312
T000006743,A002054,2026-04-05,C008,NEW_TARGETING,LOW,0.761
T000006744,A000747,2026-04-15,C008,NEW_TARGETING,MEDIUM,0.64
T000006745,A000976,2026-04-14,C008,NEW_TARGETING,MEDIUM,0.397
T000006746,A003016,2026-04-06,C008,NEW_TARGETING,MEDIUM,0.76
T000006747,A002864,2026-04-15,C008,NEW_TARGETING,HIGH,0.206
T000006748,A003545,2026-04-16,C008,NEW_TARGETING,LOW,0.845
T000006749,A003714,2026-04-27,C008,NEW_TARGETING,LOW,0.523
T000006750,A000551,2026-04-16,C008,NEW_TARGETING,HIGH,0.962
T000006751,A003377,2026-04-16,C008,NEW_TARGETING,LOW,0.39
T000006752,A001846,2026-04-04,C008,NEW_TARGETING,MEDIUM,0.437
T000006753,A000555,2026-04-25,C008,NEW_TARGETING,HIGH,0.615
T000006754,A000245,2026-04-09,C008,NEW_TARGETING,MEDIUM,0.741
T000006755,A000061,2026-04-27,C008,NEW_TARGETING,LOW,0.598
T000006756,A001973,2026-04-22,C008,NEW_TARGETING,HIGH,0.383
T000006757,A001352,2026-04-07,C008,NEW_TARGETING,MEDIUM,0.7
T000006758,A003449,2026-04-21,C008,NEW_TARGETING,MEDIUM,0.243
T000006759,A001295,2026-04-20,C008,NEW_TARGETING,MEDIUM,0.391
T000006760,A001832,2026-04-10,C008,NEW_TARGETING,HIGH,0.964
T000006761,A000847,2026-04-06,C008,NEW_TARGETING,LOW,0.244
T000006762,A001017,2026-04-04,C008,NEW_TARGETING,MEDIUM,0.612
T000006763,A000414,2026-04-02,C008,NEW_TARGETING,MEDIUM,0.935
T000006764,A001981,2026-04-17,C008,NEW_TARGETING,MEDIUM,0.401
T000006765,A002184,2026-04-12,C008,NEW_TARGETING,MEDIUM,0.487
T000006766,A003233,2026-04-14,C008,NEW_TARGETING,MEDIUM,0.713
T000006767,A000721,2026-04-12,C008,NEW_TARGETING,HIGH,0.496
T000006768,A003969,2026-04-21,C008,NEW_TARGETING,MEDIUM,0.439
T000006769,A000460,2026-04-03,C008,NEW_TARGETING,LOW,0.152
T000006770,A001354,2026-04-20,C008,NEW_TARGETING,MEDIUM,0.244
T000006771,A003463,2026-04-25,C008,NEW_TARGETING,LOW,0.398
T000006772,A002023,2026-04-14,C008,NEW_TARGETING,MEDIUM,0.291
T000006773,A003466,2026-04-14,C008,NEW_TARGETING,HIGH,0.504
T000006774,A003345,2026-04-01,C008,NEW_TARGETING,MEDIUM,0.718
T000006775,A004141,2026-04-19,C008,NEW_TARGETING,MEDIUM,0.233
T000006776,A001168,2026-04-17,C008,NEW_TARGETING,MEDIUM,0.523
T000006777,A004070,2026-04-04,C008,NEW_TARGETING,MEDIUM,0.958
T000006778,A001122,2026-04-06,C008,NEW_TARGETING,MEDIUM,0.449
T000006779,A001374,2026-04-14,C008,NEW_TARGETING,LOW,0.226
T000006780,A002633,2026-04-05,C008,NEW_TARGETING,HIGH,0.844
T000006781,A001872,2026-04-13,C008,NEW_TARGETING,LOW,0.338
T000006782,A003271,2026-04-13,C008,NEW_TARGETING,LOW,0.127
T000006783,A003303,2026-04-21,C008,NEW_TARGETING,MEDIUM,0.509
T000006784,A004019,2026-04-21,C008,NEW_TARGETING,MEDIUM,0.252
T000006785,A001718,2026-04-08,C008,NEW_TARGETING,MEDIUM,0.552
T000006786,A003507,2026-04-26,C008,NEW_TARGETING,MEDIUM,0.678
T000006787,A003256,2026-04-13,C008,NEW_TARGETING,LOW,0.708
T000006788,A003622,2026-04-22,C008,NEW_TARGETING,LOW,0.203
T000006789,A000511,2026-04-22,C008,NEW_TARGETING,HIGH,0.236
T000006790,A001278,2026-04-06,C008,NEW_TARGETING,MEDIUM,0.957
T000006791,A003205,2026-04-16,C008,NEW_TARGETING,HIGH,0.678
T000006792,A003715,2026-04-01,C008,NEW_TARGETING,MEDIUM,0.253
T000006793,A000943,2026-04-04,C008,NEW_TARGETING,HIGH,0.412
T000006794,A000522,2026-04-13,C008,NEW_TARGETING,HIGH,0.437
T000006795,A003768,2026-04-08,C008,NEW_TARGETING,MEDIUM,0.222
T000006796,A002388,2026-04-15,C008,NEW_TARGETING,HIGH,0.53
T000006797,A002390,2026-04-06,C008,NEW_TARGETING,MEDIUM,0.305
T000006798,A000147,2026-04-20,C008,NEW_TARGETING,HIGH,0.686
T000006799,A002314,2026-04-25,C008,NEW_TARGETING,HIGH,0.775
T000006800,A001459,2026-04-18,C008,NEW_TARGETING,HIGH,0.441
T000006801,A002594,2026-04-12,C008,NEW_TARGETING,HIGH,0.714
T000006802,A001800,2026-04-17,C008,NEW_TARGETING,LOW,0.626
T000006803,A002698,2026-04-14,C008,NEW_TARGETING,HIGH,0.509
T000006804,A001083,2026-04-07,C008,NEW_TARGETING,MEDIUM,0.415
T000006805,A003547,2026-04-19,C008,NEW_TARGETING,HIGH,0.492
T000006806,A002303,2026-04-21,C008,NEW_TARGETING,MEDIUM,0.639
T000006807,A000103,2026-04-13,C008,NEW_TARGETING,HIGH,0.621
T000006808,A004135,2026-04-03,C008,NEW_TARGETING,MEDIUM,0.911
T000006809,A002969,2026-04-20,C008,NEW_TARGETING,MEDIUM,0.979
T000006810,A003675,2026-04-24,C008,NEW_TARGETING,HIGH,0.4
T000006811,A001828,2026-04-11,C008,NEW_TARGETING,HIGH,0.504
T000006812,A004007,2026-04-16,C008,NEW_TARGETING,HIGH,0.576
T000006813,A001421,2026-04-06,C008,NEW_TARGETING,MEDIUM,0.594
T000006814,A003950,2026-04-23,C008,NEW_TARGETING,LOW,0.654
T000006815,A002437,2026-04-11,C008,NEW_TARGETING,MEDIUM,0.632
T000006816,A000082,2026-04-21,C008,NEW_TARGETING,MEDIUM,0.96
T000006817,A001577,2026-04-14,C008,NEW_TARGETING,MEDIUM,0.495
T000006818,A003353,2026-04-09,C008,NEW_TARGETING,MEDIUM,0.359
T000006819,A004167,2026-04-07,C008,NEW_TARGETING,MEDIUM,0.524
T000006820,A004200,2026-04-19,C008,NEW_TARGETING,LOW,0.86
T000006821,A001071,2026-04-12,C008,NEW_TARGETING,MEDIUM,0.815
T000006822,A002653,2026-04-18,C008,NEW_TARGETING,HIGH,0.415
T000006823,A001997,2026-04-26,C008,NEW_TARGETING,MEDIUM,0.533
T000006824,A002834,2026-04-10,C008,NEW_TARGETING,MEDIUM,0.157
T000006825,A001829,2026-04-06,C008,NEW_TARGETING,MEDIUM,0.518
T000006826,A004145,2026-04-11,C008,NEW_TARGETING,LOW,0.355
T000006827,A000828,2026-04-26,C008,NEW_TARGETING,LOW,0.703
T000006828,A001346,2026-04-20,C008,NEW_TARGETING,MEDIUM,0.253
T000006829,A001435,2026-04-13,C008,NEW_TARGETING,MEDIUM,0.476
T000006830,A003447,2026-04-08,C008,NEW_TARGETING,HIGH,0.577
T000006831,A001128,2026-04-12,C008,NEW_TARGETING,HIGH,0.373
T000006832,A002515,2026-04-26,C008,NEW_TARGETING,HIGH,0.393
T000006833,A000249,2026-04-09,C008,NEW_TARGETING,MEDIUM,0.842
T000006834,A002762,2026-04-25,C008,NEW_TARGETING,MEDIUM,0.406
T000006835,A001279,2026-04-12,C008,NEW_TARGETING,LOW,0.133
T000006836,A003410,2026-04-08,C008,NEW_TARGETING,MEDIUM,0.352
T000006837,A000964,2026-04-23,C008,NEW_TARGETING,LOW,0.359
T000006838,A000728,2026-04-16,C008,NEW_TARGETING,HIGH,0.883
T000006839,A001165,2026-04-14,C008,NEW_TARGETING,HIGH,0.138
T000006840,A001896,2026-04-04,C008,NEW_TARGETING,MEDIUM,0.452
T000006841,A004164,2026-04-24,C008,NEW_TARGETING,LOW,0.35
T000006842,A003505,2026-04-24,C008,NEW_TARGETING,MEDIUM,0.258
T000006843,A000933,2026-04-14,C008,NEW_TARGETING,LOW,0.897
T000006844,A001881,2026-04-03,C008,NEW_TARGETING,LOW,0.887
T000006845,A003512,2026-04-13,C008,NEW_TARGETING,MEDIUM,0.257
T000006846,A003475,2026-04-09,C008,NEW_TARGETING,MEDIUM,0.201
T000006847,A003339,2026-04-09,C008,NEW_TARGETING,MEDIUM,0.835
T000006848,A002520,2026-04-03,C008,NEW_TARGETING,MEDIUM,0.535
T000006849,A003801,2026-04-08,C008,NEW_TARGETING,LOW,0.894
T000006850,A003750,2026-04-07,C008,NEW_TARGETING,MEDIUM,0.575
T000006851,A002851,2026-04-05,C008,NEW_TARGETING,LOW,0.987
T000006852,A003960,2026-04-07,C008,NEW_TARGETING,MEDIUM,0.869
T000006853,A002252,2026-04-23,C008,NEW_TARGETING,HIGH,0.571
T000006854,A003540,2026-04-05,C008,NEW_TARGETING,MEDIUM,0.549
T000006855,A001994,2026-04-17,C008,NEW_TARGETING,HIGH,0.852
T000006856,A001374,2026-04-15,C008,NEW_TARGETING,HIGH,0.671
T000006857,A004054,2026-04-22,C008,NEW_TARGETING,MEDIUM,0.337
T000006858,A003947,2026-04-21,C008,NEW_TARGETING,LOW,0.295
T000006859,A002280,2026-04-11,C008,NEW_TARGETING,MEDIUM,0.57
T000006860,A002542,2026-04-09,C008,NEW_TARGETING,MEDIUM,0.88
T000006861,A000889,2026-04-26,C008,NEW_TARGETING,MEDIUM,0.643
T000006862,A002702,2026-04-22,C008,NEW_TARGETING,HIGH,0.647
T000006863,A002308,2026-04-04,C008,NEW_TARGETING,LOW,0.199
T000006864,A002017,2026-04-14,C008,NEW_TARGETING,HIGH,0.244
T000006865,A001370,2026-04-20,C008,NEW_TARGETING,HIGH,0.397
T000006866,A000404,2026-04-17,C008,NEW_TARGETING,LOW,0.408
T000006867,A001463,2026-04-16,C008,NEW_TARGETING,MEDIUM,0.542
T000006868,A001851,2026-04-07,C008,NEW_TARGETING,MEDIUM,0.848
T000006869,A002729,2026-04-26,C008,NEW_TARGETING,LOW,0.759
T000006870,A001040,2026-04-01,C008,NEW_TARGETING,MEDIUM,0.872
T000006871,A001430,2026-04-27,C008,NEW_TARGETING,MEDIUM,0.273
T000006872,A003683,2026-04-16,C008,NEW_TARGETING,MEDIUM,0.785
T000006873,A004115,2026-04-05,C008,NEW_TARGETING,HIGH,0.445
T000006874,A001143,2026-04-27,C008,NEW_TARGETING,LOW,0.849
T000006875,A004137,2026-04-09,C008,NEW_TARGETING,MEDIUM,0.743
T000006876,A003160,2026-04-20,C008,NEW_TARGETING,HIGH,0.188
T000006877,A001140,2026-04-05,C008,NEW_TARGETING,HIGH,0.183
T000006878,A001770,2026-04-10,C008,NEW_TARGETING,MEDIUM,0.886
T000006879,A003644,2026-04-03,C008,NEW_TARGETING,MEDIUM,0.33
T000006880,A003695,2026-04-26,C008,NEW_TARGETING,MEDIUM,0.836
T000006881,A002200,2026-04-14,C008,NEW_TARGETING,MEDIUM,0.181
T000006882,A001226,2026-04-03,C008,NEW_TARGETING,MEDIUM,0.351
T000006883,A003243,2026-04-26,C008,NEW_TARGETING,LOW,0.926
T000006884,A001547,2026-04-05,C008,NEW_TARGETING,LOW,0.36
T000006885,A003292,2026-04-26,C008,NEW_TARGETING,MEDIUM,0.631
T000006886,A002356,2026-04-13,C008,NEW_TARGETING,HIGH,0.722
T000006887,A001348,2026-04-14,C008,NEW_TARGETING,HIGH,0.979
T000006888,A003612,2026-04-03,C008,NEW_TARGETING,MEDIUM,0.829
T000006889,A002084,2026-04-15,C008,NEW_TARGETING,HIGH,0.165
T000006890,A001674,2026-04-05,C008,NEW_TARGETING,HIGH,0.886
T000006891,A002900,2026-04-26,C008,NEW_TARGETING,LOW,0.462
T000006892,A002819,2026-04-16,C008,NEW_TARGETING,HIGH,0.612
T000006893,A003493,2026-04-13,C008,NEW_TARGETING,HIGH,0.317
T000006894,A002046,2026-04-25,C008,NEW_TARGETING,MEDIUM,0.541
T000006895,A001016,2026-04-17,C008,NEW_TARGETING,MEDIUM,0.357
T000006896,A002101,2026-04-10,C008,NEW_TARGETING,LOW,0.485
T000006897,A004001,2026-04-22,C008,NEW_TARGETING,HIGH,0.788
T000006898,A002386,2026-04-22,C008,NEW_TARGETING,LOW,0.234
T000006899,A004158,2026-04-04,C008,NEW_TARGETING,MEDIUM,0.439
T000006900,A003056,2026-04-01,C008,NEW_TARGETING,LOW,0.657
T000006901,A004177,2026-04-12,C008,NEW_TARGETING,HIGH,0.697
T000006902,A001393,2026-04-22,C008,NEW_TARGETING,HIGH,0.712
T000006903,A002568,2026-04-10,C008,NEW_TARGETING,HIGH,0.641
T000006904,A003433,2026-04-18,C008,NEW_TARGETING,LOW,0.335
T000006905,A001238,2026-04-25,C008,NEW_TARGETING,LOW,0.554
T000006906,A004156,2026-04-26,C008,NEW_TARGETING,HIGH,0.471
T000006907,A003840,2026-04-06,C008,NEW_TARGETING,HIGH,0.779
T000006908,A001358,2026-04-01,C008,NEW_TARGETING,MEDIUM,0.187
T000006909,A000871,2026-04-11,C008,NEW_TARGETING,LOW,0.532
T000006910,A004156,2026-04-09,C008,NEW_TARGETING,MEDIUM,0.554
T000006911,A001429,2026-04-24,C008,NEW_TARGETING,MEDIUM,0.413
T000006912,A003264,2026-04-25,C008,NEW_TARGETING,MEDIUM,0.465
T000006913,A002718,2026-04-24,C008,NEW_TARGETING,HIGH,0.224
T000006914,A001852,2026-04-21,C008,NEW_TARGETING,MEDIUM,0.268
T000006915,A000511,2026-04-18,C008,NEW_TARGETING,HIGH,0.427
T000006916,A003205,2026-04-20,C008,NEW_TARGETING,MEDIUM,0.828
T000006917,A003709,2026-04-07,C008,NEW_TARGETING,MEDIUM,0.51
T000006918,A002575,2026-04-15,C008,NEW_TARGETING,MEDIUM,0.298
T000006919,A000742,2026-04-25,C008,NEW_TARGETING,MEDIUM,0.773
T000006920,A000336,2026-04-02,C008,NEW_TARGETING,LOW,0.306
T000006921,A000533,2026-04-27,C008,NEW_TARGETING,MEDIUM,0.571
T000006922,A002253,2026-04-12,C008,NEW_TARGETING,MEDIUM,0.799
T000006923,A001541,2026-04-22,C008,NEW_TARGETING,HIGH,0.451
T000006924,A001280,2026-04-22,C008,NEW_TARGETING,HIGH,0.314
T000006925,A002790,2026-04-13,C008,NEW_TARGETING,LOW,0.937
T000006926,A000623,2026-04-17,C008,NEW_TARGETING,MEDIUM,0.409
T000006927,A002472,2026-04-13,C008,NEW_TARGETING,MEDIUM,0.627
T000006928,A003674,2026-04-25,C008,NEW_TARGETING,MEDIUM,0.532
T000006929,A003972,2026-04-03,C008,NEW_TARGETING,LOW,0.803
T000006930,A003601,2026-04-04,C008,NEW_TARGETING,MEDIUM,0.265
T000006931,A000810,2026-04-18,C008,NEW_TARGETING,MEDIUM,0.545
T000006932,A000690,2026-04-08,C008,NEW_TARGETING,MEDIUM,0.338
T000006933,A003872,2026-04-20,C008,NEW_TARGETING,MEDIUM,0.804
T000006934,A004169,2026-04-08,C008,NEW_TARGETING,MEDIUM,0.885
T000006935,A003606,2026-04-18,C008,NEW_TARGETING,MEDIUM,0.614
T000006936,A000034,2026-04-04,C008,NEW_TARGETING,HIGH,0.472
T000006937,A001406,2026-04-18,C008,NEW_TARGETING,MEDIUM,0.427
T000006938,A000966,2026-04-14,C008,NEW_TARGETING,MEDIUM,0.748
T000006939,A003149,2026-04-18,C008,NEW_TARGETING,HIGH,0.801
T000006940,A001539,2026-04-21,C008,NEW_TARGETING,MEDIUM,0.222
T000006941,A003032,2026-04-09,C008,NEW_TARGETING,MEDIUM,0.913
T000006942,A001543,2026-04-04,C008,NEW_TARGETING,HIGH,0.909
T000006943,A000224,2026-04-19,C008,NEW_TARGETING,LOW,0.139
T000006944,A003221,2026-04-11,C008,NEW_TARGETING,LOW,0.657
T000006945,A003585,2026-04-05,C008,NEW_TARGETING,MEDIUM,0.707
T000006946,A000109,2026-04-14,C008,NEW_TARGETING,MEDIUM,0.156
T000006947,A000753,2026-04-18,C008,NEW_TARGETING,MEDIUM,0.413
T000006948,A002213,2026-04-19,C008,NEW_TARGETING,LOW,0.227
T000006949,A002427,2026-04-14,C008,NEW_TARGETING,MEDIUM,0.961
T000006950,A001497,2026-04-23,C008,NEW_TARGETING,MEDIUM,0.939
T000006951,A000081,2026-04-15,C008,NEW_TARGETING,LOW,0.429
T000006952,A001126,2026-04-27,C008,NEW_TARGETING,MEDIUM,0.972
T000006953,A003983,2026-04-06,C008,NEW_TARGETING,MEDIUM,0.877
T000006954,A001294,2026-04-05,C008,NEW_TARGETING,HIGH,0.223
T000006955,A001698,2026-04-17,C008,NEW_TARGETING,MEDIUM,0.81
T000006956,A001144,2026-04-02,C008,NEW_TARGETING,LOW,0.72
T000006957,A001073,2026-04-20,C008,NEW_TARGETING,MEDIUM,0.176
T000006958,A003102,2026-04-11,C008,NEW_TARGETING,MEDIUM,0.206
T000006959,A000706,2026-04-06,C008,NEW_TARGETING,MEDIUM,0.954
T000006960,A001698,2026-04-23,C008,NEW_TARGETING,LOW,0.511
T000006961,A002061,2026-04-04,C008,NEW_TARGETING,LOW,0.939
T000006962,A003917,2026-04-14,C008,NEW_TARGETING,HIGH,0.167
T000006963,A003092,2026-04-02,C008,NEW_TARGETING,LOW,0.22
T000006964,A003262,2026-04-27,C008,NEW_TARGETING,LOW,0.755
T000006965,A001305,2026-04-13,C008,NEW_TARGETING,MEDIUM,0.492
T000006966,A003550,2026-04-21,C008,NEW_TARGETING,MEDIUM,0.575
T000006967,A001078,2026-04-27,C008,NEW_TARGETING,MEDIUM,0.195
T000006968,A000386,2026-04-15,C008,NEW_TARGETING,MEDIUM,0.457
T000006969,A003283,2026-04-22,C008,NEW_TARGETING,MEDIUM,0.759
T000006970,A003285,2026-04-06,C008,NEW_TARGETING,MEDIUM,0.379
T000006971,A001831,2026-04-19,C008,NEW_TARGETING,HIGH,0.613
T000006972,A001079,2026-04-14,C008,NEW_TARGETING,LOW,0.919
T000006973,A002096,2026-04-22,C008,NEW_TARGETING,MEDIUM,0.978
T000006974,A003608,2026-04-09,C008,NEW_TARGETING,LOW,0.16
T000006975,A002446,2026-04-10,C008,NEW_TARGETING,MEDIUM,0.139
T000006976,A000819,2026-04-21,C008,NEW_TARGETING,MEDIUM,0.593
T000006977,A003141,2026-04-22,C008,NEW_TARGETING,MEDIUM,0.168
T000006978,A000032,2026-04-05,C008,NEW_TARGETING,HIGH,0.959
T000006979,A002262,2026-04-02,C008,NEW_TARGETING,HIGH,0.206
T000006980,A001778,2026-04-23,C008,NEW_TARGETING,MEDIUM,0.943
T000006981,A003578,2026-04-24,C008,NEW_TARGETING,MEDIUM,0.823
T000006982,A000194,2026-04-24,C008,NEW_TARGETING,MEDIUM,0.701
T000006983,A002509,2026-04-10,C008,NEW_TARGETING,HIGH,0.758
T000006984,A003125,2026-04-17,C008,NEW_TARGETING,MEDIUM,0.873
T000006985,A002154,2026-04-23,C008,NEW_TARGETING,MEDIUM,0.653
T000006986,A003481,2026-04-11,C008,NEW_TARGETING,MEDIUM,0.36
T000006987,A001151,2026-04-04,C008,NEW_TARGETING,HIGH,0.246
T000006988,A001566,2026-04-16,C008,NEW_TARGETING,MEDIUM,0.96
T000006989,A002126,2026-04-11,C008,NEW_TARGETING,MEDIUM,0.304
T000006990,A002195,2026-04-07,C008,NEW_TARGETING,LOW,0.846
T000006991,A003775,2026-04-02,C008,NEW_TARGETING,MEDIUM,0.128
T000006992,A000941,2026-04-24,C008,NEW_TARGETING,HIGH,0.8
T000006993,A001968,2026-04-17,C008,NEW_TARGETING,MEDIUM,0.416
T000006994,A000289,2026-04-17,C008,NEW_TARGETING,LOW,0.578
T000006995,A003490,2026-04-05,C008,NEW_TARGETING,HIGH,0.955
T000006996,A000557,2026-04-03,C008,NEW_TARGETING,MEDIUM,0.671
T000006997,A003620,2026-04-09,C008,NEW_TARGETING,MEDIUM,0.167
T000006998,A002370,2026-04-26,C008,NEW_TARGETING,HIGH,0.662
T000006999,A003391,2026-04-16,C008,NEW_TARGETING,HIGH,0.369
T000007000,A003432,2026-04-16,C008,NEW_TARGETING,MEDIUM,0.245
T000007001,A001313,2026-04-15,C008,NEW_TARGETING,MEDIUM,0.882
T000007002,A003414,2026-04-07,C008,NEW_TARGETING,MEDIUM,0.759
T000007003,A002365,2026-04-08,C008,NEW_TARGETING,LOW,0.436
T000007004,A000497,2026-04-05,C008,NEW_TARGETING,LOW,0.273
T000007005,A002786,2026-04-15,C008,NEW_TARGETING,MEDIUM,0.852
T000007006,A002047,2026-04-17,C008,NEW_TARGETING,MEDIUM,0.353
T000007007,A003810,2026-04-01,C008,NEW_TARGETING,MEDIUM,0.617
T000007008,A002101,2026-04-19,C008,NEW_TARGETING,MEDIUM,0.168
T000007009,A004097,2026-04-16,C008,NEW_TARGETING,MEDIUM,0.874
T000007010,A003469,2026-04-25,C008,NEW_TARGETING,MEDIUM,0.863
T000007011,A002819,2026-04-10,C008,NEW_TARGETING,MEDIUM,0.342
T000007012,A003056,2026-04-04,C008,NEW_TARGETING,HIGH,0.309
T000007013,A001572,2026-04-24,C008,NEW_TARGETING,MEDIUM,0.27
T000007014,A002526,2026-04-02,C008,NEW_TARGETING,MEDIUM,0.96
T000007015,A002638,2026-04-23,C008,NEW_TARGETING,LOW,0.952
T000007016,A000107,2026-04-15,C008,NEW_TARGETING,LOW,0.379
T000007017,A000163,2026-04-07,C008,NEW_TARGETING,HIGH,0.443
T000007018,A003094,2026-04-10,C008,NEW_TARGETING,MEDIUM,0.806
T000007019,A002289,2026-04-23,C008,NEW_TARGETING,HIGH,0.193
T000007020,A000119,2026-04-05,C008,NEW_TARGETING,MEDIUM,0.897
T000007021,A003487,2026-04-21,C008,NEW_TARGETING,HIGH,0.872
T000007022,A001835,2026-04-19,C008,NEW_TARGETING,HIGH,0.81
T000007023,A003083,2026-04-22,C008,NEW_TARGETING,MEDIUM,0.337
T000007024,A000524,2026-04-11,C008,NEW_TARGETING,MEDIUM,0.866
T000007025,A000776,2026-04-05,C008,NEW_TARGETING,MEDIUM,0.953
T000007026,A001317,2026-04-16,C008,NEW_TARGETING,HIGH,0.582
T000007027,A000709,2026-04-24,C008,NEW_TARGETING,MEDIUM,0.66
T000007028,A003369,2026-04-08,C008,NEW_TARGETING,MEDIUM,0.777
T000007029,A002166,2026-04-16,C008,NEW_TARGETING,MEDIUM,0.404
T000007030,A002972,2026-04-02,C008,NEW_TARGETING,LOW,0.951
T000007031,A002718,2026-04-25,C008,NEW_TARGETING,HIGH,0.928
T000007032,A003267,2026-04-07,C008,NEW_TARGETING,LOW,0.755
T000007033,A003211,2026-04-13,C008,NEW_TARGETING,MEDIUM,0.54
T000007034,A002970,2026-04-11,C008,NEW_TARGETING,LOW,0.388
T000007035,A001212,2026-04-11,C008,NEW_TARGETING,MEDIUM,0.976
T000007036,A003107,2026-04-03,C008,NEW_TARGETING,HIGH,0.541
T000007037,A001226,2026-04-18,C008,NEW_TARGETING,LOW,0.713
T000007038,A004046,2026-04-22,C008,NEW_TARGETING,LOW,0.704
T000007039,A000533,2026-04-08,C008,NEW_TARGETING,LOW,0.594
T000007040,A001904,2026-04-07,C008,NEW_TARGETING,MEDIUM,0.868
T000007041,A002033,2026-04-27,C008,NEW_TARGETING,MEDIUM,0.318
T000007042,A003087,2026-04-23,C008,NEW_TARGETING,LOW,0.228
T000007043,A000680,2026-04-23,C008,NEW_TARGETING,MEDIUM,0.97
T000007044,A000573,2026-04-10,C008,NEW_TARGETING,HIGH,0.6
T000007045,A001063,2026-04-13,C008,NEW_TARGETING,MEDIUM,0.504
T000007046,A002011,2026-04-05,C008,NEW_TARGETING,MEDIUM,0.129
T000007047,A000335,2026-04-15,C008,NEW_TARGETING,MEDIUM,0.72
T000007048,A000979,2026-04-27,C008,NEW_TARGETING,MEDIUM,0.986
T000007049,A001909,2026-04-22,C008,NEW_TARGETING,LOW,0.405
T000007050,A003627,2026-04-07,C008,NEW_TARGETING,LOW,0.455
T000007051,A003228,2026-04-15,C008,NEW_TARGETING,MEDIUM,0.934
T000007052,A000621,2026-04-14,C008,NEW_TARGETING,LOW,0.27
T000007053,A003309,2026-04-26,C008,NEW_TARGETING,MEDIUM,0.463
T000007054,A003412,2026-04-04,C008,NEW_TARGETING,MEDIUM,0.935
T000007055,A001133,2026-04-14,C008,NEW_TARGETING,LOW,0.58
T000007056,A003252,2026-04-27,C008,NEW_TARGETING,MEDIUM,0.5
T000007057,A001535,2026-04-19,C008,NEW_TARGETING,LOW,0.27
T000007058,A001863,2026-04-12,C008,NEW_TARGETING,HIGH,0.1
T000007059,A000868,2026-04-10,C008,NEW_TARGETING,LOW,0.381
T000007060,A002570,2026-04-17,C008,NEW_TARGETING,HIGH,0.154
T000007061,A003403,2026-04-16,C008,NEW_TARGETING,MEDIUM,0.262
T000007062,A001693,2026-04-11,C008,NEW_TARGETING,LOW,0.155
T000007063,A001090,2026-04-25,C008,NEW_TARGETING,HIGH,0.506
T000007064,A002680,2026-04-03,C008,NEW_TARGETING,LOW,0.738
T000007065,A003726,2026-04-18,C008,NEW_TARGETING,MEDIUM,0.735
T000007066,A001674,2026-04-16,C008,NEW_TARGETING,MEDIUM,0.592
T000007067,A000040,2026-04-18,C008,NEW_TARGETING,HIGH,0.801
T000007068,A000981,2026-04-27,C008,NEW_TARGETING,LOW,0.638
T000007069,A003899,2026-04-02,C008,NEW_TARGETING,MEDIUM,0.976
T000007070,A002964,2026-04-23,C008,NEW_TARGETING,LOW,0.289
T000007071,A001883,2026-04-12,C008,NEW_TARGETING,MEDIUM,0.615
T000007072,A002687,2026-04-22,C008,NEW_TARGETING,HIGH,0.625
T000007073,A001808,2026-04-13,C008,NEW_TARGETING,LOW,0.529
T000007074,A003737,2026-04-15,C008,NEW_TARGETING,HIGH,0.185
T000007075,A001621,2026-04-20,C008,NEW_TARGETING,MEDIUM,0.836
T000007076,A003400,2026-04-25,C008,NEW_TARGETING,LOW,0.443
T000007077,A000254,2026-04-20,C008,NEW_TARGETING,LOW,0.304
T000007078,A003204,2026-04-09,C008,NEW_TARGETING,MEDIUM,0.353
T000007079,A003321,2026-04-05,C008,NEW_TARGETING,HIGH,0.792
T000007080,A000500,2026-04-27,C008,NEW_TARGETING,LOW,0.545
T000007081,A000692,2026-04-09,C008,NEW_TARGETING,LOW,0.949
T000007082,A002562,2026-04-12,C008,NEW_TARGETING,MEDIUM,0.506
T000007083,A003050,2026-04-02,C008,NEW_TARGETING,HIGH,0.922
T000007084,A000916,2026-04-05,C008,NEW_TARGETING,HIGH,0.733
T000007085,A001683,2026-04-15,C008,NEW_TARGETING,HIGH,0.935
T000007086,A000917,2026-04-23,C008,NEW_TARGETING,HIGH,0.647
T000007087,A000191,2026-04-06,C008,NEW_TARGETING,HIGH,0.405
T000007088,A003840,2026-04-25,C008,NEW_TARGETING,LOW,0.971
T000007089,A002214,2026-04-13,C008,NEW_TARGETING,MEDIUM,0.132
T000007090,A001727,2026-04-08,C008,NEW_TARGETING,MEDIUM,0.828
T000007091,A000351,2026-04-11,C008,NEW_TARGETING,HIGH,0.222
T000007092,A002222,2026-04-16,C008,NEW_TARGETING,MEDIUM,0.42
T000007093,A003830,2026-04-22,C008,NEW_TARGETING,HIGH,0.849
T000007094,A000215,2026-04-03,C008,NEW_TARGETING,MEDIUM,0.983
T000007095,A000093,2026-04-24,C008,NEW_TARGETING,HIGH,0.733
T000007096,A003353,2026-04-05,C008,NEW_TARGETING,HIGH,0.131
T000007097,A002171,2026-04-22,C008,NEW_TARGETING,HIGH,0.154
T000007098,A000920,2026-04-13,C008,NEW_TARGETING,LOW,0.839
T000007099,A001947,2026-04-16,C008,NEW_TARGETING,HIGH,0.522
T000007100,A002324,2026-04-05,C008,NEW_TARGETING,MEDIUM,0.156
T000007101,A001115,2026-04-24,C008,NEW_TARGETING,HIGH,0.881
T000007102,A001379,2026-04-25,C008,NEW_TARGETING,MEDIUM,0.607
T000007103,A000207,2026-04-27,C008,NEW_TARGETING,HIGH,0.516
T000007104,A003717,2026-04-25,C008,NEW_TARGETING,HIGH,0.989
T000007105,A000525,2026-04-25,C008,NEW_TARGETING,LOW,0.832
T000007106,A001184,2026-04-04,C008,NEW_TARGETING,LOW,0.627
T000007107,A002283,2026-04-04,C008,NEW_TARGETING,HIGH,0.304
T000007108,A002701,2026-04-22,C008,NEW_TARGETING,LOW,0.379
T000007109,A002566,2026-04-17,C008,NEW_TARGETING,HIGH,0.46
T000007110,A001116,2026-04-26,C008,NEW_TARGETING,MEDIUM,0.287
T000007111,A002000,2026-04-06,C008,NEW_TARGETING,LOW,0.694
T000007112,A001363,2026-04-12,C008,NEW_TARGETING,HIGH,0.926
T000007113,A002099,2026-04-05,C008,NEW_TARGETING,LOW,0.459
T000007114,A002651,2026-04-06,C008,NEW_TARGETING,MEDIUM,0.554
T000007115,A000264,2026-04-17,C008,NEW_TARGETING,MEDIUM,0.789
T000007116,A001481,2026-04-14,C008,NEW_TARGETING,MEDIUM,0.963
T000007117,A002716,2026-04-11,C008,NEW_TARGETING,HIGH,0.941
T000007118,A000081,2026-04-02,C008,NEW_TARGETING,LOW,0.483
T000007119,A003825,2026-04-20,C008,NEW_TARGETING,HIGH,0.808
T000007120,A001502,2026-04-02,C008,NEW_TARGETING,LOW,0.285
T000007121,A000561,2026-04-10,C008,NEW_TARGETING,HIGH,0.324
T000007122,A004007,2026-04-20,C008,NEW_TARGETING,MEDIUM,0.677
T000007123,A000330,2026-04-02,C008,NEW_TARGETING,MEDIUM,0.487
T000007124,A003801,2026-04-21,C008,NEW_TARGETING,MEDIUM,0.115
T000007125,A000266,2026-04-26,C008,NEW_TARGETING,LOW,0.828
T000007126,A000074,2026-04-05,C008,NEW_TARGETING,LOW,0.78
T000007127,A004086,2026-04-01,C008,NEW_TARGETING,LOW,0.277
T000007128,A002276,2026-04-14,C008,NEW_TARGETING,LOW,0.245
T000007129,A003873,2026-04-05,C008,NEW_TARGETING,HIGH,0.759
T000007130,A000971,2026-04-07,C008,NEW_TARGETING,HIGH,0.191
T000007131,A002451,2026-04-12,C008,NEW_TARGETING,MEDIUM,0.457
T000007132,A001060,2026-04-20,C008,NEW_TARGETING,MEDIUM,0.743
T000007133,A004185,2026-04-07,C008,NEW_TARGETING,MEDIUM,0.308
T000007134,A001721,2026-04-25,C008,NEW_TARGETING,MEDIUM,0.569
T000007135,A001721,2026-04-25,C008,NEW_TARGETING,MEDIUM,0.87
T000007136,A003730,2026-04-16,C008,NEW_TARGETING,MEDIUM,0.355
T000007137,A001630,2026-04-04,C008,NEW_TARGETING,HIGH,0.831
T000007138,A002492,2026-04-14,C008,NEW_TARGETING,HIGH,0.211
T000007139,A002540,2026-04-26,C008,NEW_TARGETING,HIGH,0.983
T000007140,A000375,2026-04-24,C008,NEW_TARGETING,LOW,0.756
T000007141,A003865,2026-04-16,C008,NEW_TARGETING,MEDIUM,0.404
T000007142,A000036,2026-04-05,C008,NEW_TARGETING,MEDIUM,0.356
T000007143,A001328,2026-04-16,C008,NEW_TARGETING,HIGH,0.448
T000007144,A002566,2026-04-17,C008,NEW_TARGETING,LOW,0.497
T000007145,A001460,2026-04-08,C008,NEW_TARGETING,HIGH,0.459
T000007146,A002429,2026-04-16,C008,NEW_TARGETING,MEDIUM,0.444
T000007147,A001485,2026-04-27,C008,NEW_TARGETING,MEDIUM,0.971
T000007148,A002802,2026-04-24,C008,NEW_TARGETING,MEDIUM,0.533
T000007149,A001672,2026-04-17,C008,NEW_TARGETING,HIGH,0.844
T000007150,A003787,2026-04-19,C008,NEW_TARGETING,MEDIUM,0.54
T000007151,A001724,2026-04-18,C008,NEW_TARGETING,HIGH,0.943
T000007152,A000432,2026-04-17,C008,NEW_TARGETING,MEDIUM,0.803
T000007153,A001296,2026-04-13,C008,NEW_TARGETING,MEDIUM,0.868
T000007154,A000112,2026-04-04,C008,NEW_TARGETING,MEDIUM,0.934
T000007155,A001806,2026-04-17,C008,NEW_TARGETING,HIGH,0.131
T000007156,A002745,2026-04-08,C008,NEW_TARGETING,MEDIUM,0.598
T000007157,A002963,2026-04-19,C008,NEW_TARGETING,HIGH,0.687
T000007158,A001992,2026-04-16,C008,NEW_TARGETING,HIGH,0.529
T000007159,A001087,2026-04-20,C008,NEW_TARGETING,HIGH,0.411
T000007160,A002819,2026-04-13,C008,NEW_TARGETING,LOW,0.854
T000007161,A001517,2026-04-14,C008,NEW_TARGETING,LOW,0.387
T000007162,A001214,2026-04-17,C008,NEW_TARGETING,HIGH,0.798
T000007163,A001005,2026-04-22,C008,NEW_TARGETING,HIGH,0.181
T000007164,A002571,2026-04-01,C008,NEW_TARGETING,HIGH,0.922
T000007165,A002134,2026-04-27,C008,NEW_TARGETING,MEDIUM,0.928
T000007166,A002072,2026-04-21,C008,NEW_TARGETING,LOW,0.228
T000007167,A001622,2026-04-17,C008,NEW_TARGETING,HIGH,0.581
T000007168,A003727,2026-04-02,C008,NEW_TARGETING,MEDIUM,0.338
T000007169,A003822,2026-04-25,C008,NEW_TARGETING,MEDIUM,0.724
T000007170,A001180,2026-04-11,C008,NEW_TARGETING,HIGH,0.845
T000007171,A001951,2026-04-08,C008,NEW_TARGETING,MEDIUM,0.711
T000007172,A004126,2026-04-07,C008,NEW_TARGETING,LOW,0.789
T000007173,A003727,2026-04-27,C008,NEW_TARGETING,MEDIUM,0.197
T000007174,A003530,2026-04-22,C008,NEW_TARGETING,MEDIUM,0.232
T000007175,A000937,2026-04-20,C008,NEW_TARGETING,MEDIUM,0.496
T000007176,A001551,2026-04-07,C008,NEW_TARGETING,MEDIUM,0.789
T000007177,A003263,2026-04-12,C008,NEW_TARGETING,HIGH,0.745
T000007178,A003756,2026-04-20,C008,NEW_TARGETING,MEDIUM,0.492
T000007179,A003569,2026-04-23,C008,NEW_TARGETING,LOW,0.731
T000007180,A003880,2026-04-05,C008,NEW_TARGETING,LOW,0.762
T000007181,A003515,2026-04-09,C008,NEW_TARGETING,HIGH,0.284
T000007182,A004076,2026-04-21,C008,NEW_TARGETING,LOW,0.63
T000007183,A002054,2026-04-25,C008,NEW_TARGETING,LOW,0.185
T000007184,A000730,2026-04-20,C008,NEW_TARGETING,HIGH,0.564
T000007185,A002253,2026-04-27,C008,NEW_TARGETING,LOW,0.223
T000007186,A002483,2026-04-06,C008,NEW_TARGETING,MEDIUM,0.826
T000007187,A002668,2026-04-25,C008,NEW_TARGETING,LOW,0.383
T000007188,A002702,2026-04-20,C008,NEW_TARGETING,MEDIUM,0.565
T000007189,A002210,2026-04-17,C008,NEW_TARGETING,LOW,0.977
T000007190,A002513,2026-04-12,C008,NEW_TARGETING,MEDIUM,0.869
T000007191,A001139,2026-04-08,C008,NEW_TARGETING,HIGH,0.383
T000007192,A003258,2026-04-13,C008,NEW_TARGETING,HIGH,0.441
T000007193,A002866,2026-04-10,C008,NEW_TARGETING,MEDIUM,0.458
T000007194,A001192,2026-04-07,C008,NEW_TARGETING,HIGH,0.981
T000007195,A000120,2026-04-23,C008,NEW_TARGETING,HIGH,0.339
T000007196,A000628,2026-04-09,C008,NEW_TARGETING,MEDIUM,0.746
T000007197,A000749,2026-04-14,C008,NEW_TARGETING,MEDIUM,0.376
T000007198,A001752,2026-04-21,C008,NEW_TARGETING,MEDIUM,0.884
T000007199,A002649,2026-04-15,C008,NEW_TARGETING,MEDIUM,0.623
T000007200,A003443,2026-04-15,C008,NEW_TARGETING,HIGH,0.146
T000007201,A003126,2026-05-17,C009,NEW_TARGETING,MEDIUM,0.109
T000007202,A000111,2026-05-05,C009,NEW_TARGETING,MEDIUM,0.904
T000007203,A000082,2026-05-20,C009,NEW_TARGETING,MEDIUM,0.762
T000007204,A002698,2026-05-22,C009,NEW_TARGETING,MEDIUM,0.72
T000007205,A000391,2026-05-15,C009,NEW_TARGETING,LOW,0.566
T000007206,A001932,2026-05-02,C009,NEW_TARGETING,MEDIUM,0.351
T000007207,A003268,2026-05-17,C009,NEW_TARGETING,MEDIUM,0.21
T000007208,A003088,2026-05-08,C009,NEW_TARGETING,MEDIUM,0.484
T000007209,A001666,2026-05-01,C009,NEW_TARGETING,HIGH,0.84
T000007210,A001911,2026-05-12,C009,NEW_TARGETING,MEDIUM,0.827
T000007211,A000032,2026-05-13,C009,NEW_TARGETING,MEDIUM,0.431
T000007212,A003077,2026-05-10,C009,NEW_TARGETING,MEDIUM,0.218
T000007213,A002915,2026-05-21,C009,NEW_TARGETING,LOW,0.782
T000007214,A000317,2026-05-19,C009,NEW_TARGETING,LOW,0.549
T000007215,A002339,2026-05-21,C009,NEW_TARGETING,MEDIUM,0.445
T000007216,A001620,2026-05-14,C009,NEW_TARGETING,LOW,0.912
T000007217,A003959,2026-05-23,C009,NEW_TARGETING,MEDIUM,0.747
T000007218,A000202,2026-05-18,C009,NEW_TARGETING,LOW,0.501
T000007219,A000741,2026-05-10,C009,NEW_TARGETING,MEDIUM,0.328
T000007220,A003241,2026-05-08,C009,NEW_TARGETING,MEDIUM,0.948
T000007221,A003597,2026-05-10,C009,NEW_TARGETING,MEDIUM,0.928
T000007222,A000770,2026-05-27,C009,NEW_TARGETING,MEDIUM,0.298
T000007223,A003138,2026-05-25,C009,NEW_TARGETING,MEDIUM,0.279
T000007224,A001831,2026-05-22,C009,NEW_TARGETING,LOW,0.514
T000007225,A001602,2026-05-08,C009,NEW_TARGETING,HIGH,0.535
T000007226,A002643,2026-05-02,C009,NEW_TARGETING,MEDIUM,0.634
T000007227,A001654,2026-05-10,C009,NEW_TARGETING,MEDIUM,0.378
T000007228,A000493,2026-05-17,C009,NEW_TARGETING,LOW,0.198
T000007229,A001956,2026-05-03,C009,NEW_TARGETING,HIGH,0.496
T000007230,A003205,2026-05-27,C009,NEW_TARGETING,HIGH,0.41
T000007231,A002955,2026-05-09,C009,NEW_TARGETING,HIGH,0.974
T000007232,A003488,2026-05-02,C009,NEW_TARGETING,MEDIUM,0.188
T000007233,A001465,2026-05-21,C009,NEW_TARGETING,HIGH,0.371
T000007234,A000057,2026-05-05,C009,NEW_TARGETING,HIGH,0.309
T000007235,A001341,2026-05-12,C009,NEW_TARGETING,MEDIUM,0.734
T000007236,A001642,2026-05-22,C009,NEW_TARGETING,MEDIUM,0.692
T000007237,A002047,2026-05-16,C009,NEW_TARGETING,HIGH,0.222
T000007238,A003617,2026-05-04,C009,NEW_TARGETING,MEDIUM,0.126
T000007239,A003341,2026-05-21,C009,NEW_TARGETING,LOW,0.436
T000007240,A003870,2026-05-07,C009,NEW_TARGETING,HIGH,0.246
T000007241,A003157,2026-05-25,C009,NEW_TARGETING,MEDIUM,0.602
T000007242,A003831,2026-05-25,C009,NEW_TARGETING,LOW,0.812
T000007243,A002100,2026-05-25,C009,NEW_TARGETING,LOW,0.443
T000007244,A002610,2026-05-19,C009,NEW_TARGETING,LOW,0.605
T000007245,A001947,2026-05-24,C009,NEW_TARGETING,MEDIUM,0.944
T000007246,A004036,2026-05-24,C009,NEW_TARGETING,LOW,0.944
T000007247,A002583,2026-05-02,C009,NEW_TARGETING,MEDIUM,0.682
T000007248,A001479,2026-05-22,C009,NEW_TARGETING,LOW,0.147
T000007249,A003283,2026-05-22,C009,NEW_TARGETING,MEDIUM,0.432
T000007250,A002545,2026-05-18,C009,NEW_TARGETING,MEDIUM,0.233
T000007251,A002772,2026-05-22,C009,NEW_TARGETING,HIGH,0.94
T000007252,A002479,2026-05-02,C009,NEW_TARGETING,MEDIUM,0.449
T000007253,A004118,2026-05-18,C009,NEW_TARGETING,MEDIUM,0.951
T000007254,A000619,2026-05-18,C009,NEW_TARGETING,MEDIUM,0.354
T000007255,A001869,2026-05-16,C009,NEW_TARGETING,MEDIUM,0.444
T000007256,A003198,2026-05-19,C009,NEW_TARGETING,HIGH,0.492
T000007257,A001380,2026-05-10,C009,NEW_TARGETING,MEDIUM,0.243
T000007258,A001276,2026-05-10,C009,NEW_TARGETING,HIGH,0.816
T000007259,A002193,2026-05-19,C009,NEW_TARGETING,LOW,0.582
T000007260,A003147,2026-05-20,C009,NEW_TARGETING,HIGH,0.113
T000007261,A000867,2026-05-04,C009,NEW_TARGETING,HIGH,0.199
T000007262,A001934,2026-05-11,C009,NEW_TARGETING,HIGH,0.502
T000007263,A001092,2026-05-05,C009,NEW_TARGETING,MEDIUM,0.387
T000007264,A001578,2026-05-07,C009,NEW_TARGETING,MEDIUM,0.458
T000007265,A002253,2026-05-16,C009,NEW_TARGETING,HIGH,0.528
T000007266,A001063,2026-05-13,C009,NEW_TARGETING,LOW,0.197
T000007267,A000453,2026-05-25,C009,NEW_TARGETING,MEDIUM,0.15
T000007268,A001211,2026-05-20,C009,NEW_TARGETING,HIGH,0.707
T000007269,A001161,2026-05-12,C009,NEW_TARGETING,LOW,0.618
T000007270,A004193,2026-05-15,C009,NEW_TARGETING,LOW,0.619
T000007271,A001629,2026-05-16,C009,NEW_TARGETING,MEDIUM,0.259
T000007272,A003280,2026-05-20,C009,NEW_TARGETING,MEDIUM,0.163
T000007273,A000106,2026-05-23,C009,NEW_TARGETING,LOW,0.87
T000007274,A002793,2026-05-27,C009,NEW_TARGETING,MEDIUM,0.115
T000007275,A002340,2026-05-06,C009,NEW_TARGETING,MEDIUM,0.619
T000007276,A003725,2026-05-20,C009,NEW_TARGETING,MEDIUM,0.195
T000007277,A001187,2026-05-26,C009,NEW_TARGETING,MEDIUM,0.588
T000007278,A002996,2026-05-19,C009,NEW_TARGETING,MEDIUM,0.131
T000007279,A002039,2026-05-15,C009,NEW_TARGETING,LOW,0.156
T000007280,A002354,2026-05-21,C009,NEW_TARGETING,LOW,0.479
T000007281,A002528,2026-05-04,C009,NEW_TARGETING,HIGH,0.619
T000007282,A000269,2026-05-04,C009,NEW_TARGETING,MEDIUM,0.679
T000007283,A000138,2026-05-21,C009,NEW_TARGETING,HIGH,0.495
T000007284,A003221,2026-05-19,C009,NEW_TARGETING,HIGH,0.728
T000007285,A002317,2026-05-14,C009,NEW_TARGETING,HIGH,0.109
T000007286,A001627,2026-05-02,C009,NEW_TARGETING,MEDIUM,0.493
T000007287,A002040,2026-05-19,C009,NEW_TARGETING,MEDIUM,0.247
T000007288,A001310,2026-05-23,C009,NEW_TARGETING,MEDIUM,0.601
T000007289,A000506,2026-05-25,C009,NEW_TARGETING,MEDIUM,0.945
T000007290,A000242,2026-05-16,C009,NEW_TARGETING,MEDIUM,0.722
T000007291,A000777,2026-05-18,C009,NEW_TARGETING,MEDIUM,0.369
T000007292,A000318,2026-05-15,C009,NEW_TARGETING,MEDIUM,0.527
T000007293,A000435,2026-05-17,C009,NEW_TARGETING,MEDIUM,0.415
T000007294,A000132,2026-05-25,C009,NEW_TARGETING,MEDIUM,0.294
T000007295,A003720,2026-05-08,C009,NEW_TARGETING,MEDIUM,0.316
T000007296,A001341,2026-05-16,C009,NEW_TARGETING,HIGH,0.332
T000007297,A003376,2026-05-11,C009,NEW_TARGETING,HIGH,0.775
T000007298,A001951,2026-05-23,C009,NEW_TARGETING,HIGH,0.975
T000007299,A000906,2026-05-15,C009,NEW_TARGETING,MEDIUM,0.449
T000007300,A003498,2026-05-25,C009,NEW_TARGETING,MEDIUM,0.692
T000007301,A002640,2026-05-27,C009,NEW_TARGETING,LOW,0.143
T000007302,A002984,2026-05-14,C009,NEW_TARGETING,LOW,0.142
T000007303,A002345,2026-05-25,C009,NEW_TARGETING,MEDIUM,0.444
T000007304,A002257,2026-05-02,C009,NEW_TARGETING,LOW,0.432
T000007305,A001821,2026-05-04,C009,NEW_TARGETING,LOW,0.835
T000007306,A001355,2026-05-25,C009,NEW_TARGETING,MEDIUM,0.425
T000007307,A003858,2026-05-18,C009,NEW_TARGETING,HIGH,0.644
T000007308,A004033,2026-05-27,C009,NEW_TARGETING,MEDIUM,0.546
T000007309,A000170,2026-05-02,C009,NEW_TARGETING,HIGH,0.343
T000007310,A000872,2026-05-22,C009,NEW_TARGETING,MEDIUM,0.85
T000007311,A002901,2026-05-16,C009,NEW_TARGETING,MEDIUM,0.351
T000007312,A002716,2026-05-24,C009,NEW_TARGETING,HIGH,0.877
T000007313,A002391,2026-05-22,C009,NEW_TARGETING,LOW,0.718
T000007314,A001369,2026-05-12,C009,NEW_TARGETING,MEDIUM,0.954
T000007315,A002568,2026-05-07,C009,NEW_TARGETING,MEDIUM,0.555
T000007316,A003924,2026-05-04,C009,NEW_TARGETING,HIGH,0.617
T000007317,A000288,2026-05-27,C009,NEW_TARGETING,HIGH,0.477
T000007318,A000127,2026-05-21,C009,NEW_TARGETING,MEDIUM,0.152
T000007319,A000174,2026-05-10,C009,NEW_TARGETING,MEDIUM,0.732
T000007320,A001371,2026-05-04,C009,NEW_TARGETING,LOW,0.931
T000007321,A001546,2026-05-05,C009,NEW_TARGETING,MEDIUM,0.926
T000007322,A002425,2026-05-17,C009,NEW_TARGETING,MEDIUM,0.586
T000007323,A002692,2026-05-22,C009,NEW_TARGETING,MEDIUM,0.119
T000007324,A001578,2026-05-19,C009,NEW_TARGETING,LOW,0.279
T000007325,A003999,2026-05-01,C009,NEW_TARGETING,MEDIUM,0.607
T000007326,A000753,2026-05-21,C009,NEW_TARGETING,HIGH,0.33
T000007327,A003905,2026-05-23,C009,NEW_TARGETING,HIGH,0.193
T000007328,A003669,2026-05-02,C009,NEW_TARGETING,HIGH,0.607
T000007329,A000741,2026-05-23,C009,NEW_TARGETING,HIGH,0.411
T000007330,A001817,2026-05-20,C009,NEW_TARGETING,MEDIUM,0.23
T000007331,A000564,2026-05-09,C009,NEW_TARGETING,HIGH,0.579
T000007332,A000581,2026-05-25,C009,NEW_TARGETING,MEDIUM,0.75
T000007333,A000444,2026-05-05,C009,NEW_TARGETING,HIGH,0.763
T000007334,A003365,2026-05-12,C009,NEW_TARGETING,MEDIUM,0.275
T000007335,A003865,2026-05-23,C009,NEW_TARGETING,MEDIUM,0.85
T000007336,A000289,2026-05-19,C009,NEW_TARGETING,LOW,0.334
T000007337,A001475,2026-05-23,C009,NEW_TARGETING,HIGH,0.594
T000007338,A003578,2026-05-06,C009,NEW_TARGETING,MEDIUM,0.393
T000007339,A002377,2026-05-23,C009,NEW_TARGETING,MEDIUM,0.163
T000007340,A003804,2026-05-07,C009,NEW_TARGETING,HIGH,0.142
T000007341,A000475,2026-05-20,C009,NEW_TARGETING,MEDIUM,0.986
T000007342,A000763,2026-05-09,C009,NEW_TARGETING,MEDIUM,0.456
T000007343,A002431,2026-05-21,C009,NEW_TARGETING,MEDIUM,0.394
T000007344,A004180,2026-05-01,C009,NEW_TARGETING,LOW,0.698
T000007345,A002142,2026-05-07,C009,NEW_TARGETING,HIGH,0.483
T000007346,A000872,2026-05-26,C009,NEW_TARGETING,LOW,0.158
T000007347,A000523,2026-05-04,C009,NEW_TARGETING,MEDIUM,0.245
T000007348,A003165,2026-05-19,C009,NEW_TARGETING,MEDIUM,0.68
T000007349,A002844,2026-05-17,C009,NEW_TARGETING,LOW,0.519
T000007350,A003030,2026-05-21,C009,NEW_TARGETING,LOW,0.177
T000007351,A000486,2026-05-06,C009,NEW_TARGETING,HIGH,0.616
T000007352,A002387,2026-05-10,C009,NEW_TARGETING,MEDIUM,0.901
T000007353,A000803,2026-05-18,C009,NEW_TARGETING,MEDIUM,0.694
T000007354,A001469,2026-05-12,C009,NEW_TARGETING,LOW,0.241
T000007355,A001413,2026-05-21,C009,NEW_TARGETING,HIGH,0.29
T000007356,A003641,2026-05-27,C009,NEW_TARGETING,HIGH,0.261
T000007357,A000971,2026-05-08,C009,NEW_TARGETING,MEDIUM,0.166
T000007358,A001712,2026-05-19,C009,NEW_TARGETING,HIGH,0.925
T000007359,A000810,2026-05-20,C009,NEW_TARGETING,HIGH,0.518
T000007360,A002245,2026-05-17,C009,NEW_TARGETING,HIGH,0.278
T000007361,A000645,2026-05-10,C009,NEW_TARGETING,HIGH,0.68
T000007362,A000275,2026-05-15,C009,NEW_TARGETING,MEDIUM,0.475
T000007363,A003246,2026-05-21,C009,NEW_TARGETING,MEDIUM,0.52
T000007364,A002275,2026-05-05,C009,NEW_TARGETING,HIGH,0.345
T000007365,A001932,2026-05-22,C009,NEW_TARGETING,MEDIUM,0.492
T000007366,A002800,2026-05-16,C009,NEW_TARGETING,HIGH,0.287
T000007367,A002692,2026-05-26,C009,NEW_TARGETING,HIGH,0.544
T000007368,A000618,2026-05-22,C009,NEW_TARGETING,MEDIUM,0.845
T000007369,A001818,2026-05-18,C009,NEW_TARGETING,HIGH,0.803
T000007370,A003974,2026-05-04,C009,NEW_TARGETING,HIGH,0.391
T000007371,A003101,2026-05-23,C009,NEW_TARGETING,HIGH,0.347
T000007372,A000428,2026-05-01,C009,NEW_TARGETING,LOW,0.25
T000007373,A000072,2026-05-22,C009,NEW_TARGETING,HIGH,0.794
T000007374,A004066,2026-05-23,C009,NEW_TARGETING,MEDIUM,0.281
T000007375,A003649,2026-05-27,C009,NEW_TARGETING,LOW,0.12
T000007376,A001884,2026-05-09,C009,NEW_TARGETING,HIGH,0.754
T000007377,A002789,2026-05-19,C009,NEW_TARGETING,MEDIUM,0.264
T000007378,A000494,2026-05-02,C009,NEW_TARGETING,MEDIUM,0.238
T000007379,A002810,2026-05-07,C009,NEW_TARGETING,MEDIUM,0.898
T000007380,A003102,2026-05-15,C009,NEW_TARGETING,MEDIUM,0.859
T000007381,A000732,2026-05-27,C009,NEW_TARGETING,MEDIUM,0.665
T000007382,A002530,2026-05-19,C009,NEW_TARGETING,MEDIUM,0.327
T000007383,A002455,2026-05-12,C009,NEW_TARGETING,MEDIUM,0.164
T000007384,A002384,2026-05-11,C009,NEW_TARGETING,MEDIUM,0.222
T000007385,A001208,2026-05-23,C009,NEW_TARGETING,MEDIUM,0.513
T000007386,A001209,2026-05-06,C009,NEW_TARGETING,LOW,0.846
T000007387,A000808,2026-05-08,C009,NEW_TARGETING,MEDIUM,0.604
T000007388,A003697,2026-05-03,C009,NEW_TARGETING,LOW,0.588
T000007389,A003097,2026-05-08,C009,NEW_TARGETING,HIGH,0.765
T000007390,A001900,2026-05-24,C009,NEW_TARGETING,LOW,0.578
T000007391,A003431,2026-05-11,C009,NEW_TARGETING,HIGH,0.459
T000007392,A002994,2026-05-20,C009,NEW_TARGETING,HIGH,0.767
T000007393,A000466,2026-05-04,C009,NEW_TARGETING,LOW,0.126
T000007394,A001521,2026-05-08,C009,NEW_TARGETING,LOW,0.574
T000007395,A000715,2026-05-27,C009,NEW_TARGETING,MEDIUM,0.978
T000007396,A000599,2026-05-18,C009,NEW_TARGETING,MEDIUM,0.259
T000007397,A002969,2026-05-11,C009,NEW_TARGETING,LOW,0.235
T000007398,A002102,2026-05-10,C009,NEW_TARGETING,MEDIUM,0.662
T000007399,A000749,2026-05-19,C009,NEW_TARGETING,MEDIUM,0.503
T000007400,A002723,2026-05-14,C009,NEW_TARGETING,LOW,0.583
T000007401,A001025,2026-05-01,C009,NEW_TARGETING,LOW,0.821
T000007402,A002985,2026-05-19,C009,NEW_TARGETING,MEDIUM,0.702
T000007403,A003168,2026-05-25,C009,NEW_TARGETING,LOW,0.361
T000007404,A003899,2026-05-15,C009,NEW_TARGETING,MEDIUM,0.851
T000007405,A003603,2026-05-14,C009,NEW_TARGETING,MEDIUM,0.797
T000007406,A000895,2026-05-04,C009,NEW_TARGETING,MEDIUM,0.412
T000007407,A003183,2026-05-05,C009,NEW_TARGETING,LOW,0.837
T000007408,A000027,2026-05-03,C009,NEW_TARGETING,LOW,0.955
T000007409,A003717,2026-05-18,C009,NEW_TARGETING,LOW,0.943
T000007410,A001980,2026-05-22,C009,NEW_TARGETING,MEDIUM,0.78
T000007411,A002958,2026-05-20,C009,NEW_TARGETING,LOW,0.672
T000007412,A003091,2026-05-15,C009,NEW_TARGETING,MEDIUM,0.865
T000007413,A001374,2026-05-04,C009,NEW_TARGETING,MEDIUM,0.551
T000007414,A001155,2026-05-25,C009,NEW_TARGETING,LOW,0.607
T000007415,A003996,2026-05-13,C009,NEW_TARGETING,MEDIUM,0.835
T000007416,A003108,2026-05-06,C009,NEW_TARGETING,LOW,0.861
T000007417,A001988,2026-05-18,C009,NEW_TARGETING,MEDIUM,0.379
T000007418,A000286,2026-05-12,C009,NEW_TARGETING,MEDIUM,0.793
T000007419,A000700,2026-05-25,C009,NEW_TARGETING,MEDIUM,0.137
T000007420,A003719,2026-05-15,C009,NEW_TARGETING,LOW,0.636
T000007421,A000474,2026-05-26,C009,NEW_TARGETING,MEDIUM,0.304
T000007422,A000644,2026-05-21,C009,NEW_TARGETING,MEDIUM,0.824
T000007423,A003064,2026-05-24,C009,NEW_TARGETING,HIGH,0.424
T000007424,A003362,2026-05-26,C009,NEW_TARGETING,MEDIUM,0.907
T000007425,A000895,2026-05-03,C009,NEW_TARGETING,HIGH,0.919
T000007426,A001857,2026-05-03,C009,NEW_TARGETING,HIGH,0.277
T000007427,A000133,2026-05-21,C009,NEW_TARGETING,MEDIUM,0.471
T000007428,A000196,2026-05-21,C009,NEW_TARGETING,LOW,0.119
T000007429,A001688,2026-05-10,C009,NEW_TARGETING,LOW,0.464
T000007430,A002973,2026-05-26,C009,NEW_TARGETING,MEDIUM,0.371
T000007431,A002934,2026-05-16,C009,NEW_TARGETING,MEDIUM,0.675
T000007432,A003436,2026-05-20,C009,NEW_TARGETING,HIGH,0.452
T000007433,A004191,2026-05-18,C009,NEW_TARGETING,LOW,0.325
T000007434,A000589,2026-05-17,C009,NEW_TARGETING,LOW,0.931
T000007435,A000278,2026-05-15,C009,NEW_TARGETING,LOW,0.48
T000007436,A001608,2026-05-03,C009,NEW_TARGETING,HIGH,0.255
T000007437,A002378,2026-05-26,C009,NEW_TARGETING,MEDIUM,0.889
T000007438,A002583,2026-05-22,C009,NEW_TARGETING,HIGH,0.667
T000007439,A000121,2026-05-05,C009,NEW_TARGETING,MEDIUM,0.365
T000007440,A003739,2026-05-09,C009,NEW_TARGETING,MEDIUM,0.439
T000007441,A003331,2026-05-10,C009,NEW_TARGETING,LOW,0.435
T000007442,A003714,2026-05-12,C009,NEW_TARGETING,HIGH,0.719
T000007443,A002761,2026-05-16,C009,NEW_TARGETING,HIGH,0.101
T000007444,A002208,2026-05-26,C009,NEW_TARGETING,MEDIUM,0.974
T000007445,A004003,2026-05-27,C009,NEW_TARGETING,MEDIUM,0.81
T000007446,A004123,2026-05-26,C009,NEW_TARGETING,MEDIUM,0.985
T000007447,A003668,2026-05-03,C009,NEW_TARGETING,MEDIUM,0.723
T000007448,A004118,2026-05-06,C009,NEW_TARGETING,MEDIUM,0.379
T000007449,A002646,2026-05-11,C009,NEW_TARGETING,MEDIUM,0.33
T000007450,A001233,2026-05-19,C009,NEW_TARGETING,MEDIUM,0.82
T000007451,A000047,2026-05-05,C009,NEW_TARGETING,MEDIUM,0.898
T000007452,A003356,2026-05-27,C009,NEW_TARGETING,HIGH,0.468
T000007453,A000241,2026-05-02,C009,NEW_TARGETING,LOW,0.832
T000007454,A003966,2026-05-20,C009,NEW_TARGETING,MEDIUM,0.948
T000007455,A002023,2026-05-21,C009,NEW_TARGETING,LOW,0.464
T000007456,A002324,2026-05-03,C009,NEW_TARGETING,LOW,0.594
T000007457,A003531,2026-05-01,C009,NEW_TARGETING,HIGH,0.892
T000007458,A000346,2026-05-24,C009,NEW_TARGETING,MEDIUM,0.547
T000007459,A000781,2026-05-19,C009,NEW_TARGETING,LOW,0.705
T000007460,A003766,2026-05-20,C009,NEW_TARGETING,MEDIUM,0.62
T000007461,A002924,2026-05-18,C009,NEW_TARGETING,HIGH,0.534
T000007462,A000365,2026-05-06,C009,NEW_TARGETING,LOW,0.49
T000007463,A002813,2026-05-23,C009,NEW_TARGETING,HIGH,0.668
T000007464,A002214,2026-05-07,C009,NEW_TARGETING,HIGH,0.899
T000007465,A003730,2026-05-09,C009,NEW_TARGETING,HIGH,0.362
T000007466,A004158,2026-05-16,C009,NEW_TARGETING,LOW,0.265
T000007467,A001369,2026-05-05,C009,NEW_TARGETING,LOW,0.922
T000007468,A001408,2026-05-06,C009,NEW_TARGETING,MEDIUM,0.597
T000007469,A001914,2026-05-20,C009,NEW_TARGETING,MEDIUM,0.658
T000007470,A000271,2026-05-17,C009,NEW_TARGETING,LOW,0.775
T000007471,A002863,2026-05-20,C009,NEW_TARGETING,LOW,0.64
T000007472,A003451,2026-05-17,C009,NEW_TARGETING,HIGH,0.748
T000007473,A000190,2026-05-01,C009,NEW_TARGETING,HIGH,0.3
T000007474,A003758,2026-05-16,C009,NEW_TARGETING,MEDIUM,0.378
T000007475,A001330,2026-05-21,C009,NEW_TARGETING,HIGH,0.363
T000007476,A003629,2026-05-18,C009,NEW_TARGETING,MEDIUM,0.664
T000007477,A002484,2026-05-23,C009,NEW_TARGETING,HIGH,0.538
T000007478,A000547,2026-05-13,C009,NEW_TARGETING,MEDIUM,0.253
T000007479,A003566,2026-05-09,C009,NEW_TARGETING,MEDIUM,0.581
T000007480,A004130,2026-05-26,C009,NEW_TARGETING,HIGH,0.646
T000007481,A001570,2026-05-17,C009,NEW_TARGETING,MEDIUM,0.809
T000007482,A002661,2026-05-21,C009,NEW_TARGETING,LOW,0.832
T000007483,A000541,2026-05-18,C009,NEW_TARGETING,MEDIUM,0.684
T000007484,A001198,2026-05-13,C009,NEW_TARGETING,HIGH,0.3
T000007485,A000639,2026-05-23,C009,NEW_TARGETING,LOW,0.193
T000007486,A000874,2026-05-19,C009,NEW_TARGETING,HIGH,0.873
T000007487,A000501,2026-05-17,C009,NEW_TARGETING,HIGH,0.896
T000007488,A003787,2026-05-19,C009,NEW_TARGETING,MEDIUM,0.613
T000007489,A003142,2026-05-18,C009,NEW_TARGETING,LOW,0.111
T000007490,A000475,2026-05-24,C009,NEW_TARGETING,LOW,0.611
T000007491,A002835,2026-05-15,C009,NEW_TARGETING,HIGH,0.257
T000007492,A001919,2026-05-22,C009,NEW_TARGETING,MEDIUM,0.74
T000007493,A002903,2026-05-17,C009,NEW_TARGETING,LOW,0.664
T000007494,A000712,2026-05-15,C009,NEW_TARGETING,HIGH,0.543
T000007495,A003312,2026-05-06,C009,NEW_TARGETING,MEDIUM,0.418
T000007496,A002681,2026-05-08,C009,NEW_TARGETING,MEDIUM,0.942
T000007497,A002897,2026-05-14,C009,NEW_TARGETING,MEDIUM,0.426
T000007498,A002740,2026-05-01,C009,NEW_TARGETING,HIGH,0.78
T000007499,A000756,2026-05-04,C009,NEW_TARGETING,MEDIUM,0.941
T000007500,A002035,2026-05-10,C009,NEW_TARGETING,MEDIUM,0.956
T000007501,A000601,2026-05-07,C009,NEW_TARGETING,LOW,0.875
T000007502,A000233,2026-05-27,C009,NEW_TARGETING,MEDIUM,0.447
T000007503,A000396,2026-05-27,C009,NEW_TARGETING,LOW,0.226
T000007504,A000985,2026-05-19,C009,NEW_TARGETING,LOW,0.321
T000007505,A002099,2026-05-19,C009,NEW_TARGETING,MEDIUM,0.665
T000007506,A001167,2026-05-24,C009,NEW_TARGETING,MEDIUM,0.353
T000007507,A003234,2026-05-09,C009,NEW_TARGETING,MEDIUM,0.43
T000007508,A002273,2026-05-08,C009,NEW_TARGETING,MEDIUM,0.67
T000007509,A000647,2026-05-03,C009,NEW_TARGETING,LOW,0.293
T000007510,A000269,2026-05-21,C009,NEW_TARGETING,HIGH,0.124
T000007511,A001950,2026-05-11,C009,NEW_TARGETING,LOW,0.729
T000007512,A003803,2026-05-27,C009,NEW_TARGETING,MEDIUM,0.695
T000007513,A000142,2026-05-25,C009,NEW_TARGETING,LOW,0.644
T000007514,A002625,2026-05-09,C009,NEW_TARGETING,HIGH,0.532
T000007515,A000748,2026-05-07,C009,NEW_TARGETING,MEDIUM,0.196
T000007516,A001058,2026-05-19,C009,NEW_TARGETING,MEDIUM,0.14
T000007517,A001170,2026-05-21,C009,NEW_TARGETING,MEDIUM,0.373
T000007518,A003420,2026-05-15,C009,NEW_TARGETING,MEDIUM,0.982
T000007519,A001063,2026-05-20,C009,NEW_TARGETING,LOW,0.282
T000007520,A002157,2026-05-10,C009,NEW_TARGETING,MEDIUM,0.491
T000007521,A004199,2026-05-09,C009,NEW_TARGETING,HIGH,0.774
T000007522,A002281,2026-05-06,C009,NEW_TARGETING,LOW,0.242
T000007523,A003881,2026-05-15,C009,NEW_TARGETING,MEDIUM,0.585
T000007524,A003685,2026-05-04,C009,NEW_TARGETING,MEDIUM,0.689
T000007525,A004129,2026-05-15,C009,NEW_TARGETING,MEDIUM,0.401
T000007526,A002797,2026-05-11,C009,NEW_TARGETING,HIGH,0.45
T000007527,A002082,2026-05-11,C009,NEW_TARGETING,MEDIUM,0.632
T000007528,A003261,2026-05-11,C009,NEW_TARGETING,HIGH,0.933
T000007529,A001869,2026-05-15,C009,NEW_TARGETING,MEDIUM,0.959
T000007530,A003803,2026-05-03,C009,NEW_TARGETING,MEDIUM,0.424
T000007531,A003100,2026-05-27,C009,NEW_TARGETING,MEDIUM,0.893
T000007532,A001854,2026-05-06,C009,NEW_TARGETING,MEDIUM,0.535
T000007533,A000529,2026-05-22,C009,NEW_TARGETING,LOW,0.794
T000007534,A002591,2026-05-02,C009,NEW_TARGETING,MEDIUM,0.347
T000007535,A003505,2026-05-25,C009,NEW_TARGETING,MEDIUM,0.73
T000007536,A002254,2026-05-03,C009,NEW_TARGETING,MEDIUM,0.296
T000007537,A001026,2026-05-25,C009,NEW_TARGETING,HIGH,0.616
T000007538,A001130,2026-05-11,C009,NEW_TARGETING,LOW,0.517
T000007539,A001100,2026-05-06,C009,NEW_TARGETING,MEDIUM,0.691
T000007540,A001516,2026-05-25,C009,NEW_TARGETING,HIGH,0.956
T000007541,A002025,2026-05-01,C009,NEW_TARGETING,HIGH,0.389
T000007542,A003924,2026-05-08,C009,NEW_TARGETING,MEDIUM,0.573
T000007543,A002032,2026-05-23,C009,NEW_TARGETING,MEDIUM,0.473
T000007544,A002743,2026-05-13,C009,NEW_TARGETING,LOW,0.506
T000007545,A003086,2026-05-23,C009,NEW_TARGETING,MEDIUM,0.675
T000007546,A004044,2026-05-13,C009,NEW_TARGETING,MEDIUM,0.74
T000007547,A000088,2026-05-17,C009,NEW_TARGETING,HIGH,0.882
T000007548,A003617,2026-05-27,C009,NEW_TARGETING,LOW,0.608
T000007549,A003096,2026-05-02,C009,NEW_TARGETING,MEDIUM,0.303
T000007550,A004065,2026-05-22,C009,NEW_TARGETING,MEDIUM,0.109
T000007551,A000212,2026-05-19,C009,NEW_TARGETING,MEDIUM,0.227
T000007552,A002540,2026-05-04,C009,NEW_TARGETING,MEDIUM,0.964
T000007553,A003749,2026-05-11,C009,NEW_TARGETING,LOW,0.898
T000007554,A001604,2026-05-11,C009,NEW_TARGETING,HIGH,0.53
T000007555,A001152,2026-05-05,C009,NEW_TARGETING,LOW,0.823
T000007556,A003367,2026-05-01,C009,NEW_TARGETING,MEDIUM,0.296
T000007557,A001599,2026-05-18,C009,NEW_TARGETING,HIGH,0.607
T000007558,A001103,2026-05-05,C009,NEW_TARGETING,HIGH,0.72
T000007559,A001823,2026-05-18,C009,NEW_TARGETING,MEDIUM,0.112
T000007560,A002110,2026-05-24,C009,NEW_TARGETING,LOW,0.139
T000007561,A001812,2026-05-25,C009,NEW_TARGETING,HIGH,0.965
T000007562,A001675,2026-05-26,C009,NEW_TARGETING,MEDIUM,0.727
T000007563,A002447,2026-05-06,C009,NEW_TARGETING,LOW,0.525
T000007564,A002419,2026-05-22,C009,NEW_TARGETING,LOW,0.168
T000007565,A002496,2026-05-22,C009,NEW_TARGETING,MEDIUM,0.165
T000007566,A002151,2026-05-10,C009,NEW_TARGETING,MEDIUM,0.185
T000007567,A001959,2026-05-08,C009,NEW_TARGETING,MEDIUM,0.294
T000007568,A001983,2026-05-17,C009,NEW_TARGETING,LOW,0.704
T000007569,A002371,2026-05-26,C009,NEW_TARGETING,LOW,0.542
T000007570,A001935,2026-05-18,C009,NEW_TARGETING,MEDIUM,0.231
T000007571,A001562,2026-05-23,C009,NEW_TARGETING,MEDIUM,0.238
T000007572,A002015,2026-05-04,C009,NEW_TARGETING,MEDIUM,0.886
T000007573,A001596,2026-05-24,C009,NEW_TARGETING,HIGH,0.669
T000007574,A001762,2026-05-19,C009,NEW_TARGETING,LOW,0.369
T000007575,A001153,2026-05-11,C009,NEW_TARGETING,LOW,0.144
T000007576,A002101,2026-05-12,C009,NEW_TARGETING,LOW,0.728
T000007577,A001956,2026-05-04,C009,NEW_TARGETING,MEDIUM,0.887
T000007578,A004134,2026-05-17,C009,NEW_TARGETING,MEDIUM,0.853
T000007579,A000204,2026-05-05,C009,NEW_TARGETING,MEDIUM,0.321
T000007580,A000741,2026-05-26,C009,NEW_TARGETING,LOW,0.31
T000007581,A002495,2026-05-05,C009,NEW_TARGETING,MEDIUM,0.618
T000007582,A000829,2026-05-23,C009,NEW_TARGETING,MEDIUM,0.313
T000007583,A002328,2026-05-23,C009,NEW_TARGETING,MEDIUM,0.551
T000007584,A000110,2026-05-01,C009,NEW_TARGETING,MEDIUM,0.24
T000007585,A002388,2026-05-11,C009,NEW_TARGETING,LOW,0.702
T000007586,A001836,2026-05-27,C009,NEW_TARGETING,HIGH,0.89
T000007587,A000976,2026-05-25,C009,NEW_TARGETING,MEDIUM,0.924
T000007588,A000429,2026-05-13,C009,NEW_TARGETING,LOW,0.566
T000007589,A000423,2026-05-02,C009,NEW_TARGETING,HIGH,0.437
T000007590,A000910,2026-05-01,C009,NEW_TARGETING,HIGH,0.886
T000007591,A001050,2026-05-14,C009,NEW_TARGETING,MEDIUM,0.543
T000007592,A002862,2026-05-15,C009,NEW_TARGETING,MEDIUM,0.738
T000007593,A000645,2026-05-14,C009,NEW_TARGETING,HIGH,0.476
T000007594,A003209,2026-05-06,C009,NEW_TARGETING,HIGH,0.665
T000007595,A000982,2026-05-08,C009,NEW_TARGETING,MEDIUM,0.804
T000007596,A001519,2026-05-15,C009,NEW_TARGETING,MEDIUM,0.46
T000007597,A003570,2026-05-08,C009,NEW_TARGETING,HIGH,0.787
T000007598,A002220,2026-05-13,C009,NEW_TARGETING,MEDIUM,0.361
T000007599,A002909,2026-05-27,C009,NEW_TARGETING,HIGH,0.577
T000007600,A002761,2026-05-05,C009,NEW_TARGETING,MEDIUM,0.775
T000007601,A000061,2026-05-15,C009,NEW_TARGETING,MEDIUM,0.395
T000007602,A002460,2026-05-25,C009,NEW_TARGETING,MEDIUM,0.619
T000007603,A002155,2026-05-21,C009,NEW_TARGETING,HIGH,0.39
T000007604,A002185,2026-05-03,C009,NEW_TARGETING,MEDIUM,0.529
T000007605,A002250,2026-05-25,C009,NEW_TARGETING,HIGH,0.714
T000007606,A000410,2026-05-10,C009,NEW_TARGETING,LOW,0.769
T000007607,A001496,2026-05-20,C009,NEW_TARGETING,MEDIUM,0.809
T000007608,A001466,2026-05-17,C009,NEW_TARGETING,HIGH,0.628
T000007609,A000203,2026-05-24,C009,NEW_TARGETING,LOW,0.487
T000007610,A001156,2026-05-06,C009,NEW_TARGETING,LOW,0.32
T000007611,A000515,2026-05-07,C009,NEW_TARGETING,HIGH,0.334
T000007612,A000552,2026-05-19,C009,NEW_TARGETING,MEDIUM,0.89
T000007613,A002707,2026-05-04,C009,NEW_TARGETING,LOW,0.169
T000007614,A003952,2026-05-11,C009,NEW_TARGETING,MEDIUM,0.555
T000007615,A001150,2026-05-11,C009,NEW_TARGETING,MEDIUM,0.728
T000007616,A002258,2026-05-09,C009,NEW_TARGETING,MEDIUM,0.686
T000007617,A001188,2026-05-10,C009,NEW_TARGETING,MEDIUM,0.174
T000007618,A002735,2026-05-19,C009,NEW_TARGETING,LOW,0.223
T000007619,A001375,2026-05-08,C009,NEW_TARGETING,HIGH,0.757
T000007620,A000640,2026-05-14,C009,NEW_TARGETING,MEDIUM,0.392
T000007621,A000059,2026-05-08,C009,NEW_TARGETING,MEDIUM,0.749
T000007622,A002747,2026-05-11,C009,NEW_TARGETING,MEDIUM,0.786
T000007623,A001021,2026-05-08,C009,NEW_TARGETING,HIGH,0.371
T000007624,A000744,2026-05-23,C009,NEW_TARGETING,HIGH,0.517
T000007625,A000108,2026-05-17,C009,NEW_TARGETING,MEDIUM,0.807
T000007626,A000178,2026-05-23,C009,NEW_TARGETING,MEDIUM,0.496
T000007627,A003403,2026-05-13,C009,NEW_TARGETING,MEDIUM,0.83
T000007628,A003572,2026-05-25,C009,NEW_TARGETING,MEDIUM,0.641
T000007629,A000293,2026-05-04,C009,NEW_TARGETING,LOW,0.627
T000007630,A000984,2026-05-19,C009,NEW_TARGETING,MEDIUM,0.59
T000007631,A000086,2026-05-16,C009,NEW_TARGETING,MEDIUM,0.115
T000007632,A000781,2026-05-13,C009,NEW_TARGETING,MEDIUM,0.578
T000007633,A001493,2026-05-21,C009,NEW_TARGETING,LOW,0.962
T000007634,A002192,2026-05-13,C009,NEW_TARGETING,LOW,0.156
T000007635,A002126,2026-05-08,C009,NEW_TARGETING,MEDIUM,0.458
T000007636,A002697,2026-05-17,C009,NEW_TARGETING,MEDIUM,0.652
T000007637,A000641,2026-05-23,C009,NEW_TARGETING,MEDIUM,0.396
T000007638,A000042,2026-05-03,C009,NEW_TARGETING,LOW,0.588
T000007639,A003677,2026-05-09,C009,NEW_TARGETING,MEDIUM,0.518
T000007640,A003325,2026-05-06,C009,NEW_TARGETING,MEDIUM,0.715
T000007641,A002584,2026-05-24,C009,NEW_TARGETING,LOW,0.898
T000007642,A001883,2026-05-06,C009,NEW_TARGETING,HIGH,0.716
T000007643,A003052,2026-05-23,C009,NEW_TARGETING,LOW,0.459
T000007644,A002083,2026-05-01,C009,NEW_TARGETING,HIGH,0.316
T000007645,A003839,2026-05-27,C009,NEW_TARGETING,HIGH,0.225
T000007646,A002120,2026-05-06,C009,NEW_TARGETING,MEDIUM,0.18
T000007647,A001770,2026-05-12,C009,NEW_TARGETING,MEDIUM,0.851
T000007648,A001277,2026-05-23,C009,NEW_TARGETING,HIGH,0.833
T000007649,A000945,2026-05-05,C009,NEW_TARGETING,MEDIUM,0.486
T000007650,A001032,2026-05-18,C009,NEW_TARGETING,MEDIUM,0.402
T000007651,A000732,2026-05-14,C009,NEW_TARGETING,MEDIUM,0.744
T000007652,A000364,2026-05-07,C009,NEW_TARGETING,HIGH,0.361
T000007653,A003525,2026-05-08,C009,NEW_TARGETING,MEDIUM,0.293
T000007654,A001821,2026-05-17,C009,NEW_TARGETING,MEDIUM,0.38
T000007655,A000637,2026-05-18,C009,NEW_TARGETING,HIGH,0.48
T000007656,A000158,2026-05-23,C009,NEW_TARGETING,LOW,0.628
T000007657,A003012,2026-05-07,C009,NEW_TARGETING,MEDIUM,0.3
T000007658,A004003,2026-05-07,C009,NEW_TARGETING,HIGH,0.461
T000007659,A001216,2026-05-21,C009,NEW_TARGETING,MEDIUM,0.394
T000007660,A002145,2026-05-03,C009,NEW_TARGETING,MEDIUM,0.328
T000007661,A003295,2026-05-06,C009,NEW_TARGETING,MEDIUM,0.705
T000007662,A000400,2026-05-14,C009,NEW_TARGETING,MEDIUM,0.305
T000007663,A000813,2026-05-06,C009,NEW_TARGETING,MEDIUM,0.854
T000007664,A000225,2026-05-13,C009,NEW_TARGETING,MEDIUM,0.268
T000007665,A001228,2026-05-15,C009,NEW_TARGETING,LOW,0.612
T000007666,A003298,2026-05-23,C009,NEW_TARGETING,LOW,0.671
T000007667,A001810,2026-05-12,C009,NEW_TARGETING,HIGH,0.37
T000007668,A000515,2026-05-03,C009,NEW_TARGETING,HIGH,0.109
T000007669,A002802,2026-05-13,C009,NEW_TARGETING,HIGH,0.84
T000007670,A003319,2026-05-15,C009,NEW_TARGETING,MEDIUM,0.949
T000007671,A000434,2026-05-10,C009,NEW_TARGETING,HIGH,0.294
T000007672,A001569,2026-05-21,C009,NEW_TARGETING,MEDIUM,0.493
T000007673,A000821,2026-05-19,C009,NEW_TARGETING,HIGH,0.722
T000007674,A003933,2026-05-25,C009,NEW_TARGETING,HIGH,0.218
T000007675,A003589,2026-05-06,C009,NEW_TARGETING,LOW,0.391
T000007676,A001251,2026-05-03,C009,NEW_TARGETING,MEDIUM,0.267
T000007677,A001244,2026-05-14,C009,NEW_TARGETING,HIGH,0.341
T000007678,A002281,2026-05-05,C009,NEW_TARGETING,HIGH,0.198
T000007679,A000531,2026-05-08,C009,NEW_TARGETING,HIGH,0.738
T000007680,A000414,2026-05-02,C009,NEW_TARGETING,HIGH,0.555
T000007681,A003847,2026-05-12,C009,NEW_TARGETING,HIGH,0.935
T000007682,A003341,2026-05-21,C009,NEW_TARGETING,MEDIUM,0.555
T000007683,A001155,2026-05-02,C009,NEW_TARGETING,LOW,0.209
T000007684,A001553,2026-05-18,C009,NEW_TARGETING,MEDIUM,0.872
T000007685,A002964,2026-05-16,C009,NEW_TARGETING,MEDIUM,0.162
T000007686,A000631,2026-05-06,C009,NEW_TARGETING,HIGH,0.2
T000007687,A003565,2026-05-17,C009,NEW_TARGETING,HIGH,0.986
T000007688,A003231,2026-05-15,C009,NEW_TARGETING,MEDIUM,0.522
T000007689,A001071,2026-05-24,C009,NEW_TARGETING,MEDIUM,0.572
T000007690,A000428,2026-05-12,C009,NEW_TARGETING,MEDIUM,0.415
T000007691,A002751,2026-05-20,C009,NEW_TARGETING,LOW,0.276
T000007692,A003616,2026-05-02,C009,NEW_TARGETING,HIGH,0.312
T000007693,A001341,2026-05-17,C009,NEW_TARGETING,HIGH,0.718
T000007694,A000793,2026-05-21,C009,NEW_TARGETING,HIGH,0.53
T000007695,A003663,2026-05-20,C009,NEW_TARGETING,LOW,0.72
T000007696,A002071,2026-05-11,C009,NEW_TARGETING,HIGH,0.18
T000007697,A001082,2026-05-10,C009,NEW_TARGETING,MEDIUM,0.631
T000007698,A002981,2026-05-09,C009,NEW_TARGETING,MEDIUM,0.75
T000007699,A001972,2026-05-13,C009,NEW_TARGETING,HIGH,0.276
T000007700,A000719,2026-05-05,C009,NEW_TARGETING,MEDIUM,0.732
T000007701,A003090,2026-05-27,C009,NEW_TARGETING,HIGH,0.837
T000007702,A001258,2026-05-19,C009,NEW_TARGETING,MEDIUM,0.396
T000007703,A001853,2026-05-04,C009,NEW_TARGETING,LOW,0.62
T000007704,A002420,2026-05-25,C009,NEW_TARGETING,HIGH,0.916
T000007705,A000102,2026-05-18,C009,NEW_TARGETING,MEDIUM,0.747
T000007706,A000375,2026-05-24,C009,NEW_TARGETING,HIGH,0.904
T000007707,A000782,2026-05-21,C009,NEW_TARGETING,LOW,0.12
T000007708,A000080,2026-05-22,C009,NEW_TARGETING,MEDIUM,0.919
T000007709,A002457,2026-05-08,C009,NEW_TARGETING,HIGH,0.303
T000007710,A001181,2026-05-23,C009,NEW_TARGETING,HIGH,0.438
T000007711,A003991,2026-05-19,C009,NEW_TARGETING,MEDIUM,0.304
T000007712,A003583,2026-05-15,C009,NEW_TARGETING,MEDIUM,0.434
T000007713,A001120,2026-05-22,C009,NEW_TARGETING,HIGH,0.697
T000007714,A003557,2026-05-22,C009,NEW_TARGETING,HIGH,0.375
T000007715,A001888,2026-05-05,C009,NEW_TARGETING,MEDIUM,0.517
T000007716,A004142,2026-05-14,C009,NEW_TARGETING,MEDIUM,0.591
T000007717,A003234,2026-05-21,C009,NEW_TARGETING,HIGH,0.798
T000007718,A000497,2026-05-22,C009,NEW_TARGETING,HIGH,0.244
T000007719,A001735,2026-05-10,C009,NEW_TARGETING,HIGH,0.309
T000007720,A003391,2026-05-13,C009,NEW_TARGETING,HIGH,0.966
T000007721,A002588,2026-05-27,C009,NEW_TARGETING,MEDIUM,0.86
T000007722,A002339,2026-05-22,C009,NEW_TARGETING,LOW,0.937
T000007723,A001987,2026-05-19,C009,NEW_TARGETING,MEDIUM,0.867
T000007724,A004197,2026-05-22,C009,NEW_TARGETING,LOW,0.615
T000007725,A002955,2026-05-19,C009,NEW_TARGETING,LOW,0.61
T000007726,A000595,2026-05-19,C009,NEW_TARGETING,MEDIUM,0.698
T000007727,A004109,2026-05-16,C009,NEW_TARGETING,LOW,0.233
T000007728,A000518,2026-05-25,C009,NEW_TARGETING,MEDIUM,0.5
T000007729,A003308,2026-05-06,C009,NEW_TARGETING,LOW,0.405
T000007730,A001315,2026-05-27,C009,NEW_TARGETING,HIGH,0.232
T000007731,A002005,2026-05-19,C009,NEW_TARGETING,MEDIUM,0.742
T000007732,A001612,2026-05-22,C009,NEW_TARGETING,MEDIUM,0.767
T000007733,A003584,2026-05-08,C009,NEW_TARGETING,MEDIUM,0.688
T000007734,A000577,2026-05-15,C009,NEW_TARGETING,MEDIUM,0.724
T000007735,A001639,2026-05-18,C009,NEW_TARGETING,MEDIUM,0.404
T000007736,A004028,2026-05-18,C009,NEW_TARGETING,LOW,0.716
T000007737,A001251,2026-05-03,C009,NEW_TARGETING,MEDIUM,0.228
T000007738,A000504,2026-05-06,C009,NEW_TARGETING,LOW,0.777
T000007739,A001949,2026-05-11,C009,NEW_TARGETING,MEDIUM,0.279
T000007740,A000465,2026-05-05,C009,NEW_TARGETING,HIGH,0.834
T000007741,A001418,2026-05-11,C009,NEW_TARGETING,LOW,0.377
T000007742,A000918,2026-05-05,C009,NEW_TARGETING,LOW,0.292
T000007743,A001008,2026-05-21,C009,NEW_TARGETING,MEDIUM,0.711
T000007744,A001621,2026-05-12,C009,NEW_TARGETING,HIGH,0.667
T000007745,A001543,2026-05-03,C009,NEW_TARGETING,MEDIUM,0.171
T000007746,A002676,2026-05-17,C009,NEW_TARGETING,MEDIUM,0.613
T000007747,A002585,2026-05-22,C009,NEW_TARGETING,MEDIUM,0.169
T000007748,A002434,2026-05-18,C009,NEW_TARGETING,MEDIUM,0.847
T000007749,A000412,2026-05-06,C009,NEW_TARGETING,MEDIUM,0.489
T000007750,A003266,2026-05-26,C009,NEW_TARGETING,LOW,0.345
T000007751,A003984,2026-05-12,C009,NEW_TARGETING,MEDIUM,0.348
T000007752,A004030,2026-05-04,C009,NEW_TARGETING,LOW,0.823
T000007753,A000688,2026-05-15,C009,NEW_TARGETING,MEDIUM,0.414
T000007754,A002464,2026-05-09,C009,NEW_TARGETING,MEDIUM,0.971
T000007755,A001722,2026-05-09,C009,NEW_TARGETING,MEDIUM,0.935
T000007756,A003930,2026-05-02,C009,NEW_TARGETING,LOW,0.463
T000007757,A002524,2026-05-10,C009,NEW_TARGETING,HIGH,0.626
T000007758,A003914,2026-05-18,C009,NEW_TARGETING,LOW,0.597
T000007759,A003518,2026-05-23,C009,NEW_TARGETING,MEDIUM,0.433
T000007760,A001293,2026-05-14,C009,NEW_TARGETING,MEDIUM,0.156
T000007761,A001714,2026-05-10,C009,NEW_TARGETING,MEDIUM,0.453
T000007762,A002675,2026-05-10,C009,NEW_TARGETING,MEDIUM,0.158
T000007763,A000614,2026-05-23,C009,NEW_TARGETING,MEDIUM,0.552
T000007764,A000402,2026-05-16,C009,NEW_TARGETING,HIGH,0.117
T000007765,A003805,2026-05-17,C009,NEW_TARGETING,LOW,0.633
T000007766,A002300,2026-05-19,C009,NEW_TARGETING,LOW,0.924
T000007767,A001058,2026-05-15,C009,NEW_TARGETING,LOW,0.856
T000007768,A001493,2026-05-21,C009,NEW_TARGETING,LOW,0.628
T000007769,A002518,2026-05-11,C009,NEW_TARGETING,MEDIUM,0.96
T000007770,A001230,2026-05-04,C009,NEW_TARGETING,HIGH,0.248
T000007771,A002845,2026-05-19,C009,NEW_TARGETING,MEDIUM,0.596
T000007772,A002999,2026-05-02,C009,NEW_TARGETING,MEDIUM,0.727
T000007773,A001690,2026-05-04,C009,NEW_TARGETING,MEDIUM,0.883
T000007774,A002501,2026-05-18,C009,NEW_TARGETING,LOW,0.459
T000007775,A003279,2026-05-18,C009,NEW_TARGETING,LOW,0.921
T000007776,A003585,2026-05-26,C009,NEW_TARGETING,HIGH,0.512
T000007777,A000874,2026-05-24,C009,NEW_TARGETING,MEDIUM,0.4
T000007778,A003493,2026-05-12,C009,NEW_TARGETING,LOW,0.681
T000007779,A003371,2026-05-04,C009,NEW_TARGETING,HIGH,0.978
T000007780,A003318,2026-05-05,C009,NEW_TARGETING,LOW,0.747
T000007781,A003936,2026-05-04,C009,NEW_TARGETING,HIGH,0.918
T000007782,A003738,2026-05-02,C009,NEW_TARGETING,MEDIUM,0.792
T000007783,A001250,2026-05-11,C009,NEW_TARGETING,LOW,0.369
T000007784,A002075,2026-05-09,C009,NEW_TARGETING,MEDIUM,0.444
T000007785,A002255,2026-05-17,C009,NEW_TARGETING,MEDIUM,0.324
T000007786,A003359,2026-05-26,C009,NEW_TARGETING,MEDIUM,0.163
T000007787,A003469,2026-05-09,C009,NEW_TARGETING,HIGH,0.304
T000007788,A003093,2026-05-19,C009,NEW_TARGETING,MEDIUM,0.729
T000007789,A002177,2026-05-19,C009,NEW_TARGETING,HIGH,0.892
T000007790,A000915,2026-05-18,C009,NEW_TARGETING,HIGH,0.239
T000007791,A004160,2026-05-17,C009,NEW_TARGETING,MEDIUM,0.681
T000007792,A003497,2026-05-18,C009,NEW_TARGETING,LOW,0.742
T000007793,A003092,2026-05-03,C009,NEW_TARGETING,MEDIUM,0.744
T000007794,A000630,2026-05-11,C009,NEW_TARGETING,MEDIUM,0.986
T000007795,A004097,2026-05-03,C009,NEW_TARGETING,HIGH,0.15
T000007796,A000236,2026-05-09,C009,NEW_TARGETING,MEDIUM,0.419
T000007797,A001852,2026-05-27,C009,NEW_TARGETING,MEDIUM,0.442
T000007798,A002351,2026-05-21,C009,NEW_TARGETING,MEDIUM,0.332
T000007799,A001650,2026-05-16,C009,NEW_TARGETING,MEDIUM,0.396
T000007800,A002780,2026-05-21,C009,NEW_TARGETING,LOW,0.934
T000007801,A003429,2026-05-20,C009,NEW_TARGETING,MEDIUM,0.488
T000007802,A003245,2026-05-08,C009,NEW_TARGETING,HIGH,0.122
T000007803,A000051,2026-05-03,C009,NEW_TARGETING,MEDIUM,0.36
T000007804,A000305,2026-05-22,C009,NEW_TARGETING,MEDIUM,0.397
T000007805,A003645,2026-05-07,C009,NEW_TARGETING,LOW,0.471
T000007806,A004141,2026-05-19,C009,NEW_TARGETING,HIGH,0.867
T000007807,A000314,2026-05-02,C009,NEW_TARGETING,HIGH,0.169
T000007808,A002866,2026-05-13,C009,NEW_TARGETING,LOW,0.861
T000007809,A003007,2026-05-25,C009,NEW_TARGETING,MEDIUM,0.523
T000007810,A004124,2026-05-25,C009,NEW_TARGETING,LOW,0.853
T000007811,A001737,2026-05-13,C009,NEW_TARGETING,LOW,0.456
T000007812,A001184,2026-05-20,C009,NEW_TARGETING,LOW,0.345
T000007813,A000392,2026-05-27,C009,NEW_TARGETING,MEDIUM,0.722
T000007814,A000156,2026-05-16,C009,NEW_TARGETING,LOW,0.112
T000007815,A002101,2026-05-21,C009,NEW_TARGETING,HIGH,0.753
T000007816,A000985,2026-05-09,C009,NEW_TARGETING,HIGH,0.916
T000007817,A002062,2026-05-10,C009,NEW_TARGETING,MEDIUM,0.19
T000007818,A001749,2026-05-22,C009,NEW_TARGETING,HIGH,0.331
T000007819,A000172,2026-05-10,C009,NEW_TARGETING,LOW,0.859
T000007820,A002762,2026-05-27,C009,NEW_TARGETING,MEDIUM,0.923
T000007821,A001647,2026-05-15,C009,NEW_TARGETING,LOW,0.627
T000007822,A001886,2026-05-23,C009,NEW_TARGETING,MEDIUM,0.402
T000007823,A000335,2026-05-27,C009,NEW_TARGETING,HIGH,0.55
T000007824,A001484,2026-05-26,C009,NEW_TARGETING,HIGH,0.295
T000007825,A001554,2026-05-23,C009,NEW_TARGETING,HIGH,0.714
T000007826,A001830,2026-05-14,C009,NEW_TARGETING,MEDIUM,0.47
T000007827,A002833,2026-05-13,C009,NEW_TARGETING,MEDIUM,0.709
T000007828,A001517,2026-05-14,C009,NEW_TARGETING,MEDIUM,0.346
T000007829,A000573,2026-05-11,C009,NEW_TARGETING,MEDIUM,0.368
T000007830,A001287,2026-05-21,C009,NEW_TARGETING,HIGH,0.566
T000007831,A001849,2026-05-20,C009,NEW_TARGETING,HIGH,0.682
T000007832,A001646,2026-05-25,C009,NEW_TARGETING,HIGH,0.944
T000007833,A000733,2026-05-16,C009,NEW_TARGETING,MEDIUM,0.692
T000007834,A004141,2026-05-01,C009,NEW_TARGETING,MEDIUM,0.413
T000007835,A002898,2026-05-18,C009,NEW_TARGETING,MEDIUM,0.93
T000007836,A002768,2026-05-02,C009,NEW_TARGETING,HIGH,0.341
T000007837,A003698,2026-05-27,C009,NEW_TARGETING,MEDIUM,0.543
T000007838,A004082,2026-05-24,C009,NEW_TARGETING,LOW,0.757
T000007839,A001307,2026-05-02,C009,NEW_TARGETING,MEDIUM,0.422
T000007840,A003933,2026-05-22,C009,NEW_TARGETING,HIGH,0.884
T000007841,A003220,2026-05-27,C009,NEW_TARGETING,LOW,0.565
T000007842,A000434,2026-05-20,C009,NEW_TARGETING,LOW,0.862
T000007843,A003292,2026-05-12,C009,NEW_TARGETING,LOW,0.575
T000007844,A003385,2026-05-10,C009,NEW_TARGETING,LOW,0.587
T000007845,A000261,2026-05-21,C009,NEW_TARGETING,MEDIUM,0.616
T000007846,A003243,2026-05-17,C009,NEW_TARGETING,HIGH,0.355
T000007847,A000026,2026-05-11,C009,NEW_TARGETING,MEDIUM,0.224
T000007848,A003303,2026-05-01,C009,NEW_TARGETING,MEDIUM,0.432
T000007849,A002904,2026-05-27,C009,NEW_TARGETING,MEDIUM,0.305
T000007850,A001613,2026-05-22,C009,NEW_TARGETING,LOW,0.371
T000007851,A000091,2026-05-24,C009,NEW_TARGETING,HIGH,0.579
T000007852,A002089,2026-05-17,C009,NEW_TARGETING,HIGH,0.327
T000007853,A003143,2026-05-18,C009,NEW_TARGETING,HIGH,0.922
T000007854,A003696,2026-05-16,C009,NEW_TARGETING,HIGH,0.126
T000007855,A003033,2026-05-26,C009,NEW_TARGETING,LOW,0.337
T000007856,A003477,2026-05-03,C009,NEW_TARGETING,MEDIUM,0.89
T000007857,A000143,2026-05-11,C009,NEW_TARGETING,MEDIUM,0.252
T000007858,A000429,2026-05-27,C009,NEW_TARGETING,HIGH,0.499
T000007859,A001129,2026-05-01,C009,NEW_TARGETING,MEDIUM,0.565
T000007860,A003189,2026-05-09,C009,NEW_TARGETING,MEDIUM,0.381
T000007861,A003894,2026-05-03,C009,NEW_TARGETING,LOW,0.784
T000007862,A000250,2026-05-27,C009,NEW_TARGETING,MEDIUM,0.599
T000007863,A003747,2026-05-15,C009,NEW_TARGETING,HIGH,0.167
T000007864,A001119,2026-05-18,C009,NEW_TARGETING,LOW,0.364
T000007865,A003329,2026-05-09,C009,NEW_TARGETING,HIGH,0.665
T000007866,A002231,2026-05-10,C009,NEW_TARGETING,LOW,0.48
T000007867,A001274,2026-05-27,C009,NEW_TARGETING,HIGH,0.163
T000007868,A001559,2026-05-11,C009,NEW_TARGETING,MEDIUM,0.184
T000007869,A002609,2026-05-05,C009,NEW_TARGETING,MEDIUM,0.651
T000007870,A002081,2026-05-19,C009,NEW_TARGETING,MEDIUM,0.562
T000007871,A004087,2026-05-06,C009,NEW_TARGETING,MEDIUM,0.304
T000007872,A001243,2026-05-06,C009,NEW_TARGETING,HIGH,0.55
T000007873,A001625,2026-05-24,C009,NEW_TARGETING,HIGH,0.145
T000007874,A003981,2026-05-01,C009,NEW_TARGETING,LOW,0.99
T000007875,A001109,2026-05-23,C009,NEW_TARGETING,MEDIUM,0.415
T000007876,A003595,2026-05-04,C009,NEW_TARGETING,MEDIUM,0.811
T000007877,A001269,2026-05-21,C009,NEW_TARGETING,HIGH,0.44
T000007878,A001729,2026-05-09,C009,NEW_TARGETING,LOW,0.653
T000007879,A000035,2026-05-10,C009,NEW_TARGETING,MEDIUM,0.784
T000007880,A003360,2026-05-10,C009,NEW_TARGETING,MEDIUM,0.289
T000007881,A004117,2026-05-07,C009,NEW_TARGETING,HIGH,0.149
T000007882,A000352,2026-05-18,C009,NEW_TARGETING,MEDIUM,0.579
T000007883,A000102,2026-05-07,C009,NEW_TARGETING,MEDIUM,0.251
T000007884,A000650,2026-05-15,C009,NEW_TARGETING,MEDIUM,0.932
T000007885,A002282,2026-05-07,C009,NEW_TARGETING,MEDIUM,0.313
T000007886,A000443,2026-05-24,C009,NEW_TARGETING,HIGH,0.359
T000007887,A001269,2026-05-09,C009,NEW_TARGETING,MEDIUM,0.696
T000007888,A002715,2026-05-17,C009,NEW_TARGETING,MEDIUM,0.859
T000007889,A002481,2026-05-13,C009,NEW_TARGETING,MEDIUM,0.38
T000007890,A001439,2026-05-03,C009,NEW_TARGETING,LOW,0.867
T000007891,A000003,2026-05-21,C009,NEW_TARGETING,MEDIUM,0.831
T000007892,A000378,2026-05-24,C009,NEW_TARGETING,LOW,0.585
T000007893,A001419,2026-05-04,C009,NEW_TARGETING,HIGH,0.639
T000007894,A001153,2026-05-20,C009,NEW_TARGETING,MEDIUM,0.57
T000007895,A002593,2026-05-07,C009,NEW_TARGETING,LOW,0.134
T000007896,A003007,2026-05-25,C009,NEW_TARGETING,MEDIUM,0.174
T000007897,A002958,2026-05-26,C009,NEW_TARGETING,LOW,0.409
T000007898,A003597,2026-05-26,C009,NEW_TARGETING,HIGH,0.269
T000007899,A003272,2026-05-16,C009,NEW_TARGETING,LOW,0.565
T000007900,A000736,2026-05-04,C009,NEW_TARGETING,HIGH,0.34
T000007901,A000701,2026-05-04,C009,NEW_TARGETING,MEDIUM,0.339
T000007902,A002730,2026-05-01,C009,NEW_TARGETING,HIGH,0.32
T000007903,A000667,2026-05-13,C009,NEW_TARGETING,HIGH,0.75
T000007904,A002028,2026-05-25,C009,NEW_TARGETING,MEDIUM,0.164
T000007905,A002331,2026-05-03,C009,NEW_TARGETING,MEDIUM,0.42
T000007906,A001661,2026-05-07,C009,NEW_TARGETING,LOW,0.275
T000007907,A000391,2026-05-09,C009,NEW_TARGETING,MEDIUM,0.856
T000007908,A001977,2026-05-25,C009,NEW_TARGETING,LOW,0.145
T000007909,A004074,2026-05-25,C009,NEW_TARGETING,HIGH,0.597
T000007910,A002383,2026-05-27,C009,NEW_TARGETING,LOW,0.666
T000007911,A002515,2026-05-03,C009,NEW_TARGETING,MEDIUM,0.305
T000007912,A001846,2026-05-09,C009,NEW_TARGETING,LOW,0.325
T000007913,A002736,2026-05-05,C009,NEW_TARGETING,LOW,0.851
T000007914,A003822,2026-05-25,C009,NEW_TARGETING,MEDIUM,0.644
T000007915,A003669,2026-05-06,C009,NEW_TARGETING,MEDIUM,0.217
T000007916,A003169,2026-05-15,C009,NEW_TARGETING,MEDIUM,0.522
T000007917,A002113,2026-05-09,C009,NEW_TARGETING,HIGH,0.479
T000007918,A001804,2026-05-21,C009,NEW_TARGETING,LOW,0.519
T000007919,A002522,2026-05-01,C009,NEW_TARGETING,MEDIUM,0.819
T000007920,A002058,2026-05-17,C009,NEW_TARGETING,MEDIUM,0.152
T000007921,A003228,2026-05-04,C009,NEW_TARGETING,HIGH,0.618
T000007922,A002654,2026-05-26,C009,NEW_TARGETING,MEDIUM,0.364
T000007923,A002330,2026-05-24,C009,NEW_TARGETING,MEDIUM,0.724
T000007924,A003832,2026-05-04,C009,NEW_TARGETING,HIGH,0.228
T000007925,A002425,2026-05-08,C009,NEW_TARGETING,MEDIUM,0.671
T000007926,A001458,2026-05-10,C009,NEW_TARGETING,MEDIUM,0.812
T000007927,A003016,2026-05-11,C009,NEW_TARGETING,LOW,0.405
T000007928,A001207,2026-05-08,C009,NEW_TARGETING,MEDIUM,0.529
T000007929,A000138,2026-05-15,C009,NEW_TARGETING,MEDIUM,0.456
T000007930,A000880,2026-05-19,C009,NEW_TARGETING,MEDIUM,0.274
T000007931,A000469,2026-05-24,C009,NEW_TARGETING,HIGH,0.936
T000007932,A002002,2026-05-26,C009,NEW_TARGETING,MEDIUM,0.316
T000007933,A002243,2026-05-10,C009,NEW_TARGETING,LOW,0.85
T000007934,A002674,2026-05-27,C009,NEW_TARGETING,HIGH,0.202
T000007935,A001600,2026-05-16,C009,NEW_TARGETING,LOW,0.509
T000007936,A001523,2026-05-05,C009,NEW_TARGETING,MEDIUM,0.258
T000007937,A001762,2026-05-01,C009,NEW_TARGETING,HIGH,0.532
T000007938,A000336,2026-05-25,C009,NEW_TARGETING,MEDIUM,0.225
T000007939,A000937,2026-05-13,C009,NEW_TARGETING,MEDIUM,0.63
T000007940,A002716,2026-05-04,C009,NEW_TARGETING,HIGH,0.274
T000007941,A003054,2026-05-21,C009,NEW_TARGETING,MEDIUM,0.181
T000007942,A000410,2026-05-03,C009,NEW_TARGETING,MEDIUM,0.352
T000007943,A003843,2026-05-06,C009,NEW_TARGETING,HIGH,0.857
T000007944,A003509,2026-05-04,C009,NEW_TARGETING,MEDIUM,0.27
T000007945,A000025,2026-05-13,C009,NEW_TARGETING,MEDIUM,0.916
T000007946,A003559,2026-05-22,C009,NEW_TARGETING,LOW,0.39
T000007947,A002222,2026-05-09,C009,NEW_TARGETING,MEDIUM,0.185
T000007948,A000761,2026-05-11,C009,NEW_TARGETING,MEDIUM,0.485
T000007949,A002620,2026-05-15,C009,NEW_TARGETING,HIGH,0.365
T000007950,A000144,2026-05-12,C009,NEW_TARGETING,MEDIUM,0.789
T000007951,A003562,2026-05-15,C009,NEW_TARGETING,LOW,0.841
T000007952,A003765,2026-05-06,C009,NEW_TARGETING,HIGH,0.285
T000007953,A000180,2026-05-25,C009,NEW_TARGETING,HIGH,0.525
T000007954,A003030,2026-05-23,C009,NEW_TARGETING,HIGH,0.286
T000007955,A004050,2026-05-14,C009,NEW_TARGETING,MEDIUM,0.177
T000007956,A000640,2026-05-07,C009,NEW_TARGETING,MEDIUM,0.184
T000007957,A001914,2026-05-25,C009,NEW_TARGETING,MEDIUM,0.925
T000007958,A000866,2026-05-19,C009,NEW_TARGETING,MEDIUM,0.393
T000007959,A002020,2026-05-23,C009,NEW_TARGETING,LOW,0.566
T000007960,A003302,2026-05-25,C009,NEW_TARGETING,MEDIUM,0.935
T000007961,A004086,2026-05-06,C009,NEW_TARGETING,HIGH,0.355
T000007962,A001486,2026-05-01,C009,NEW_TARGETING,MEDIUM,0.802
T000007963,A001407,2026-05-04,C009,NEW_TARGETING,LOW,0.88
T000007964,A004155,2026-05-09,C009,NEW_TARGETING,MEDIUM,0.26
T000007965,A001345,2026-05-01,C009,NEW_TARGETING,MEDIUM,0.342
T000007966,A002026,2026-05-10,C009,NEW_TARGETING,MEDIUM,0.45
T000007967,A004173,2026-05-26,C009,NEW_TARGETING,LOW,0.207
T000007968,A001705,2026-05-13,C009,NEW_TARGETING,MEDIUM,0.388
T000007969,A000012,2026-05-20,C009,NEW_TARGETING,MEDIUM,0.773
T000007970,A003271,2026-05-18,C009,NEW_TARGETING,HIGH,0.289
T000007971,A003366,2026-05-08,C009,NEW_TARGETING,HIGH,0.479
T000007972,A001962,2026-05-09,C009,NEW_TARGETING,HIGH,0.276
T000007973,A002876,2026-05-24,C009,NEW_TARGETING,LOW,0.464
T000007974,A002698,2026-05-22,C009,NEW_TARGETING,HIGH,0.947
T000007975,A002272,2026-05-16,C009,NEW_TARGETING,LOW,0.561
T000007976,A000162,2026-05-12,C009,NEW_TARGETING,MEDIUM,0.948
T000007977,A000318,2026-05-21,C009,NEW_TARGETING,MEDIUM,0.169
T000007978,A003500,2026-05-16,C009,NEW_TARGETING,MEDIUM,0.606
T000007979,A002811,2026-05-21,C009,NEW_TARGETING,LOW,0.671
T000007980,A002321,2026-05-13,C009,NEW_TARGETING,LOW,0.439
T000007981,A003394,2026-05-20,C009,NEW_TARGETING,MEDIUM,0.231
T000007982,A004054,2026-05-15,C009,NEW_TARGETING,HIGH,0.357
T000007983,A001882,2026-05-13,C009,NEW_TARGETING,MEDIUM,0.522
T000007984,A001719,2026-05-12,C009,NEW_TARGETING,HIGH,0.518
T000007985,A003009,2026-05-05,C009,NEW_TARGETING,LOW,0.969
T000007986,A002775,2026-05-25,C009,NEW_TARGETING,MEDIUM,0.322
T000007987,A000591,2026-05-08,C009,NEW_TARGETING,MEDIUM,0.645
T000007988,A003774,2026-05-18,C009,NEW_TARGETING,MEDIUM,0.177
T000007989,A001040,2026-05-15,C009,NEW_TARGETING,MEDIUM,0.814
T000007990,A000586,2026-05-09,C009,NEW_TARGETING,LOW,0.344
T000007991,A002318,2026-05-06,C009,NEW_TARGETING,LOW,0.781
T000007992,A003856,2026-05-22,C009,NEW_TARGETING,MEDIUM,0.557
T000007993,A004176,2026-05-03,C009,NEW_TARGETING,MEDIUM,0.445
T000007994,A003872,2026-05-26,C009,NEW_TARGETING,MEDIUM,0.371
T000007995,A000385,2026-05-08,C009,NEW_TARGETING,MEDIUM,0.107
T000007996,A001414,2026-05-01,C009,NEW_TARGETING,HIGH,0.547
T000007997,A002627,2026-05-04,C009,NEW_TARGETING,LOW,0.481
T000007998,A003917,2026-05-15,C009,NEW_TARGETING,HIGH,0.665
T000007999,A003567,2026-05-05,C009,NEW_TARGETING,HIGH,0.149
T000008000,A000418,2026-05-20,C009,NEW_TARGETING,HIGH,0.725
T000008001,A002361,2026-05-23,C009,NEW_TARGETING,HIGH,0.443
T000008002,A003833,2026-05-08,C009,NEW_TARGETING,LOW,0.364
T000008003,A001527,2026-05-17,C009,NEW_TARGETING,HIGH,0.776
T000008004,A002163,2026-05-12,C009,NEW_TARGETING,MEDIUM,0.544
T000008005,A002701,2026-05-15,C009,NEW_TARGETING,MEDIUM,0.735
T000008006,A002611,2026-05-05,C009,NEW_TARGETING,HIGH,0.186
T000008007,A000157,2026-05-07,C009,NEW_TARGETING,MEDIUM,0.949
T000008008,A001422,2026-05-20,C009,NEW_TARGETING,HIGH,0.179
T000008009,A000505,2026-05-11,C009,NEW_TARGETING,HIGH,0.709
T000008010,A003783,2026-05-13,C009,NEW_TARGETING,HIGH,0.84
T000008011,A002395,2026-05-09,C009,NEW_TARGETING,HIGH,0.355
T000008012,A001782,2026-05-24,C009,NEW_TARGETING,MEDIUM,0.348
T000008013,A002417,2026-05-14,C009,NEW_TARGETING,LOW,0.6
T000008014,A002103,2026-05-27,C009,NEW_TARGETING,HIGH,0.112
T000008015,A000161,2026-05-13,C009,NEW_TARGETING,LOW,0.265
T000008016,A002992,2026-05-17,C009,NEW_TARGETING,LOW,0.109
T000008017,A001382,2026-05-14,C009,NEW_TARGETING,HIGH,0.116
T000008018,A000347,2026-05-26,C009,NEW_TARGETING,HIGH,0.833
T000008019,A003772,2026-05-11,C009,NEW_TARGETING,HIGH,0.458
T000008020,A001367,2026-05-08,C009,NEW_TARGETING,HIGH,0.611
T000008021,A000999,2026-05-03,C009,NEW_TARGETING,HIGH,0.467
T000008022,A004092,2026-05-15,C009,NEW_TARGETING,HIGH,0.831
T000008023,A002376,2026-05-05,C009,NEW_TARGETING,MEDIUM,0.147
T000008024,A001553,2026-05-08,C009,NEW_TARGETING,LOW,0.92
T000008025,A003309,2026-05-18,C009,NEW_TARGETING,MEDIUM,0.361
T000008026,A000546,2026-05-18,C009,NEW_TARGETING,LOW,0.77
T000008027,A001080,2026-05-13,C009,NEW_TARGETING,LOW,0.339
T000008028,A002666,2026-05-18,C009,NEW_TARGETING,HIGH,0.572
T000008029,A002518,2026-05-24,C009,NEW_TARGETING,LOW,0.789
T000008030,A001615,2026-05-17,C009,NEW_TARGETING,MEDIUM,0.822
T000008031,A000392,2026-05-09,C009,NEW_TARGETING,HIGH,0.356
T000008032,A003325,2026-05-26,C009,NEW_TARGETING,HIGH,0.576
T000008033,A001916,2026-05-14,C009,NEW_TARGETING,HIGH,0.666
T000008034,A002863,2026-05-08,C009,NEW_TARGETING,LOW,0.612
T000008035,A001018,2026-05-24,C009,NEW_TARGETING,MEDIUM,0.407
T000008036,A001723,2026-05-08,C009,NEW_TARGETING,HIGH,0.734
T000008037,A001817,2026-05-08,C009,NEW_TARGETING,HIGH,0.758
T000008038,A003927,2026-05-05,C009,NEW_TARGETING,LOW,0.908
T000008039,A002263,2026-05-26,C009,NEW_TARGETING,HIGH,0.256
T000008040,A001771,2026-05-05,C009,NEW_TARGETING,MEDIUM,0.479
T000008041,A002172,2026-05-03,C009,NEW_TARGETING,MEDIUM,0.746
T000008042,A003905,2026-05-24,C009,NEW_TARGETING,HIGH,0.236
T000008043,A001362,2026-05-18,C009,NEW_TARGETING,MEDIUM,0.539
T000008044,A003733,2026-05-24,C009,NEW_TARGETING,MEDIUM,0.337
T000008045,A003649,2026-05-26,C009,NEW_TARGETING,LOW,0.842
T000008046,A003810,2026-05-10,C009,NEW_TARGETING,HIGH,0.973
T000008047,A002238,2026-05-18,C009,NEW_TARGETING,HIGH,0.507
T000008048,A002162,2026-05-15,C009,NEW_TARGETING,MEDIUM,0.806
T000008049,A002859,2026-05-10,C009,NEW_TARGETING,MEDIUM,0.114
T000008050,A001095,2026-05-22,C009,NEW_TARGETING,HIGH,0.437
T000008051,A000259,2026-05-05,C009,NEW_TARGETING,HIGH,0.31
T000008052,A003365,2026-05-10,C009,NEW_TARGETING,HIGH,0.723
T000008053,A002589,2026-05-07,C009,NEW_TARGETING,LOW,0.169
T000008054,A001926,2026-05-09,C009,NEW_TARGETING,HIGH,0.397
T000008055,A001883,2026-05-24,C009,NEW_TARGETING,HIGH,0.52
T000008056,A003610,2026-05-20,C009,NEW_TARGETING,LOW,0.947
T000008057,A000146,2026-05-24,C009,NEW_TARGETING,MEDIUM,0.569
T000008058,A001741,2026-05-26,C009,NEW_TARGETING,MEDIUM,0.616
T000008059,A000430,2026-05-04,C009,NEW_TARGETING,HIGH,0.733
T000008060,A001667,2026-05-17,C009,NEW_TARGETING,LOW,0.798
T000008061,A003528,2026-05-06,C009,NEW_TARGETING,LOW,0.188
T000008062,A000764,2026-05-21,C009,NEW_TARGETING,HIGH,0.648
T000008063,A002068,2026-05-20,C009,NEW_TARGETING,HIGH,0.748
T000008064,A002980,2026-05-13,C009,NEW_TARGETING,MEDIUM,0.336
T000008065,A002872,2026-05-20,C009,NEW_TARGETING,LOW,0.981
T000008066,A000434,2026-05-15,C009,NEW_TARGETING,MEDIUM,0.151
T000008067,A002685,2026-05-18,C009,NEW_TARGETING,HIGH,0.758
T000008068,A002697,2026-05-06,C009,NEW_TARGETING,MEDIUM,0.67
T000008069,A003724,2026-05-27,C009,NEW_TARGETING,LOW,0.756
T000008070,A002473,2026-05-05,C009,NEW_TARGETING,MEDIUM,0.454
T000008071,A001995,2026-05-23,C009,NEW_TARGETING,HIGH,0.623
T000008072,A000634,2026-05-14,C009,NEW_TARGETING,MEDIUM,0.722
T000008073,A002168,2026-05-09,C009,NEW_TARGETING,MEDIUM,0.755
T000008074,A003868,2026-05-17,C009,NEW_TARGETING,MEDIUM,0.963
T000008075,A003088,2026-05-17,C009,NEW_TARGETING,LOW,0.411
T000008076,A001726,2026-05-20,C009,NEW_TARGETING,MEDIUM,0.588
T000008077,A000436,2026-05-04,C009,NEW_TARGETING,HIGH,0.219
T000008078,A003502,2026-05-08,C009,NEW_TARGETING,MEDIUM,0.143
T000008079,A002844,2026-05-11,C009,NEW_TARGETING,LOW,0.467
T000008080,A000501,2026-05-06,C009,NEW_TARGETING,MEDIUM,0.205
T000008081,A003397,2026-05-01,C009,NEW_TARGETING,HIGH,0.711
T000008082,A003594,2026-05-03,C009,NEW_TARGETING,LOW,0.753
T000008083,A002323,2026-05-17,C009,NEW_TARGETING,MEDIUM,0.911
T000008084,A004085,2026-05-09,C009,NEW_TARGETING,LOW,0.273
T000008085,A003720,2026-05-21,C009,NEW_TARGETING,LOW,0.725
T000008086,A002889,2026-05-23,C009,NEW_TARGETING,MEDIUM,0.908
T000008087,A000517,2026-05-15,C009,NEW_TARGETING,MEDIUM,0.142
T000008088,A003152,2026-05-08,C009,NEW_TARGETING,MEDIUM,0.781
T000008089,A001473,2026-05-27,C009,NEW_TARGETING,HIGH,0.167
T000008090,A003013,2026-05-04,C009,NEW_TARGETING,MEDIUM,0.806
T000008091,A003431,2026-05-06,C009,NEW_TARGETING,MEDIUM,0.776
T000008092,A004113,2026-05-23,C009,NEW_TARGETING,LOW,0.213
T000008093,A000286,2026-05-24,C009,NEW_TARGETING,LOW,0.782
T000008094,A001930,2026-05-27,C009,NEW_TARGETING,HIGH,0.641
T000008095,A002572,2026-05-08,C009,NEW_TARGETING,HIGH,0.166
T000008096,A004165,2026-05-25,C009,NEW_TARGETING,MEDIUM,0.258
T000008097,A003636,2026-05-19,C009,NEW_TARGETING,LOW,0.211
T000008098,A000664,2026-05-23,C009,NEW_TARGETING,MEDIUM,0.209
T000008099,A001444,2026-05-10,C009,NEW_TARGETING,LOW,0.974
T000008100,A001380,2026-05-14,C009,NEW_TARGETING,MEDIUM,0.742
T000008101,A000937,2026-06-14,C010,NEW_TARGETING,HIGH,0.372
T000008102,A002039,2026-06-18,C010,NEW_TARGETING,MEDIUM,0.177
T000008103,A000817,2026-06-11,C010,NEW_TARGETING,MEDIUM,0.408
T000008104,A002525,2026-06-05,C010,NEW_TARGETING,LOW,0.502
T000008105,A002895,2026-06-15,C010,NEW_TARGETING,LOW,0.508
T000008106,A001211,2026-06-21,C010,NEW_TARGETING,LOW,0.95
T000008107,A002316,2026-06-17,C010,NEW_TARGETING,LOW,0.142
T000008108,A001942,2026-06-20,C010,NEW_TARGETING,LOW,0.433
T000008109,A002298,2026-06-12,C010,NEW_TARGETING,MEDIUM,0.809
T000008110,A003068,2026-06-14,C010,NEW_TARGETING,MEDIUM,0.458
T000008111,A001457,2026-06-23,C010,NEW_TARGETING,LOW,0.704
T000008112,A003875,2026-06-25,C010,NEW_TARGETING,MEDIUM,0.541
T000008113,A003040,2026-06-20,C010,NEW_TARGETING,MEDIUM,0.278
T000008114,A001633,2026-06-10,C010,NEW_TARGETING,MEDIUM,0.946
T000008115,A002992,2026-06-12,C010,NEW_TARGETING,MEDIUM,0.368
T000008116,A002612,2026-06-06,C010,NEW_TARGETING,MEDIUM,0.594
T000008117,A000580,2026-06-16,C010,NEW_TARGETING,HIGH,0.13
T000008118,A000533,2026-06-20,C010,NEW_TARGETING,LOW,0.821
T000008119,A000168,2026-06-05,C010,NEW_TARGETING,HIGH,0.572
T000008120,A000280,2026-06-23,C010,NEW_TARGETING,LOW,0.515
T000008121,A002027,2026-06-12,C010,NEW_TARGETING,HIGH,0.126
T000008122,A002020,2026-06-12,C010,NEW_TARGETING,MEDIUM,0.971
T000008123,A002776,2026-06-15,C010,NEW_TARGETING,LOW,0.742
T000008124,A002440,2026-06-04,C010,NEW_TARGETING,HIGH,0.497
T000008125,A001959,2026-06-02,C010,NEW_TARGETING,MEDIUM,0.964
T000008126,A002831,2026-06-25,C010,NEW_TARGETING,HIGH,0.163
T000008127,A001831,2026-06-23,C010,NEW_TARGETING,LOW,0.91
T000008128,A002516,2026-06-22,C010,NEW_TARGETING,HIGH,0.959
T000008129,A000546,2026-06-12,C010,NEW_TARGETING,MEDIUM,0.491
T000008130,A003510,2026-06-16,C010,NEW_TARGETING,MEDIUM,0.647
T000008131,A002100,2026-06-23,C010,NEW_TARGETING,HIGH,0.253
T000008132,A003874,2026-06-06,C010,NEW_TARGETING,MEDIUM,0.72
T000008133,A002458,2026-06-12,C010,NEW_TARGETING,MEDIUM,0.668
T000008134,A000379,2026-06-03,C010,NEW_TARGETING,HIGH,0.745
T000008135,A000078,2026-06-12,C010,NEW_TARGETING,HIGH,0.966
T000008136,A000687,2026-06-22,C010,NEW_TARGETING,MEDIUM,0.911
T000008137,A001230,2026-06-16,C010,NEW_TARGETING,HIGH,0.461
T000008138,A003971,2026-06-03,C010,NEW_TARGETING,LOW,0.759
T000008139,A001926,2026-06-10,C010,NEW_TARGETING,MEDIUM,0.802
T000008140,A002079,2026-06-11,C010,NEW_TARGETING,MEDIUM,0.893
T000008141,A003655,2026-06-13,C010,NEW_TARGETING,LOW,0.318
T000008142,A003620,2026-06-21,C010,NEW_TARGETING,HIGH,0.25
T000008143,A001641,2026-06-15,C010,NEW_TARGETING,MEDIUM,0.133
T000008144,A002278,2026-06-10,C010,NEW_TARGETING,HIGH,0.772
T000008145,A000998,2026-06-26,C010,NEW_TARGETING,MEDIUM,0.427
T000008146,A002537,2026-06-24,C010,NEW_TARGETING,HIGH,0.654
T000008147,A003197,2026-06-12,C010,NEW_TARGETING,LOW,0.685
T000008148,A003851,2026-06-11,C010,NEW_TARGETING,LOW,0.416
T000008149,A003784,2026-06-08,C010,NEW_TARGETING,LOW,0.761
T000008150,A002806,2026-06-16,C010,NEW_TARGETING,MEDIUM,0.149
T000008151,A001769,2026-06-06,C010,NEW_TARGETING,MEDIUM,0.506
T000008152,A002709,2026-06-02,C010,NEW_TARGETING,LOW,0.7
T000008153,A003698,2026-06-25,C010,NEW_TARGETING,MEDIUM,0.637
T000008154,A001962,2026-06-08,C010,NEW_TARGETING,MEDIUM,0.881
T000008155,A000872,2026-06-08,C010,NEW_TARGETING,LOW,0.201
T000008156,A000143,2026-06-18,C010,NEW_TARGETING,HIGH,0.164
T000008157,A002682,2026-06-11,C010,NEW_TARGETING,LOW,0.837
T000008158,A004146,2026-06-18,C010,NEW_TARGETING,MEDIUM,0.216
T000008159,A001984,2026-06-08,C010,NEW_TARGETING,LOW,0.533
T000008160,A003844,2026-06-27,C010,NEW_TARGETING,HIGH,0.877
T000008161,A003254,2026-06-08,C010,NEW_TARGETING,HIGH,0.357
T000008162,A002074,2026-06-05,C010,NEW_TARGETING,HIGH,0.774
T000008163,A000270,2026-06-09,C010,NEW_TARGETING,MEDIUM,0.838
T000008164,A000681,2026-06-22,C010,NEW_TARGETING,MEDIUM,0.265
T000008165,A004091,2026-06-16,C010,NEW_TARGETING,MEDIUM,0.989
T000008166,A003480,2026-06-02,C010,NEW_TARGETING,HIGH,0.647
T000008167,A001320,2026-06-11,C010,NEW_TARGETING,MEDIUM,0.94
T000008168,A002594,2026-06-26,C010,NEW_TARGETING,MEDIUM,0.779
T000008169,A001489,2026-06-01,C010,NEW_TARGETING,LOW,0.605
T000008170,A001442,2026-06-22,C010,NEW_TARGETING,LOW,0.663
T000008171,A002210,2026-06-11,C010,NEW_TARGETING,LOW,0.703
T000008172,A004047,2026-06-08,C010,NEW_TARGETING,MEDIUM,0.558
T000008173,A000792,2026-06-26,C010,NEW_TARGETING,LOW,0.798
T000008174,A001167,2026-06-11,C010,NEW_TARGETING,LOW,0.131
T000008175,A000907,2026-06-24,C010,NEW_TARGETING,MEDIUM,0.709
T000008176,A002889,2026-06-12,C010,NEW_TARGETING,LOW,0.529
T000008177,A002786,2026-06-04,C010,NEW_TARGETING,MEDIUM,0.71
T000008178,A002093,2026-06-17,C010,NEW_TARGETING,MEDIUM,0.106
T000008179,A000920,2026-06-19,C010,NEW_TARGETING,MEDIUM,0.556
T000008180,A003175,2026-06-16,C010,NEW_TARGETING,LOW,0.494
T000008181,A001108,2026-06-18,C010,NEW_TARGETING,LOW,0.103
T000008182,A003681,2026-06-19,C010,NEW_TARGETING,LOW,0.35
T000008183,A000028,2026-06-08,C010,NEW_TARGETING,HIGH,0.611
T000008184,A003378,2026-06-26,C010,NEW_TARGETING,MEDIUM,0.329
T000008185,A003370,2026-06-06,C010,NEW_TARGETING,MEDIUM,0.968
T000008186,A002054,2026-06-03,C010,NEW_TARGETING,LOW,0.178
T000008187,A003629,2026-06-18,C010,NEW_TARGETING,LOW,0.509
T000008188,A001702,2026-06-23,C010,NEW_TARGETING,HIGH,0.676
T000008189,A001434,2026-06-24,C010,NEW_TARGETING,LOW,0.537
T000008190,A003846,2026-06-25,C010,NEW_TARGETING,LOW,0.38
T000008191,A003100,2026-06-06,C010,NEW_TARGETING,LOW,0.918
T000008192,A003407,2026-06-14,C010,NEW_TARGETING,HIGH,0.474
T000008193,A003719,2026-06-09,C010,NEW_TARGETING,MEDIUM,0.627
T000008194,A001233,2026-06-12,C010,NEW_TARGETING,HIGH,0.769
T000008195,A003664,2026-06-17,C010,NEW_TARGETING,MEDIUM,0.335
T000008196,A000812,2026-06-15,C010,NEW_TARGETING,LOW,0.649
T000008197,A001232,2026-06-16,C010,NEW_TARGETING,LOW,0.962
T000008198,A001858,2026-06-01,C010,NEW_TARGETING,MEDIUM,0.983
T000008199,A003554,2026-06-05,C010,NEW_TARGETING,MEDIUM,0.485
T000008200,A000813,2026-06-09,C010,NEW_TARGETING,MEDIUM,0.644
T000008201,A002653,2026-06-25,C010,NEW_TARGETING,MEDIUM,0.329
T000008202,A002721,2026-06-19,C010,NEW_TARGETING,MEDIUM,0.528
T000008203,A002471,2026-06-11,C010,NEW_TARGETING,MEDIUM,0.989
T000008204,A001165,2026-06-21,C010,NEW_TARGETING,LOW,0.52
T000008205,A001341,2026-06-07,C010,NEW_TARGETING,MEDIUM,0.553
T000008206,A003209,2026-06-02,C010,NEW_TARGETING,HIGH,0.665
T000008207,A002453,2026-06-01,C010,NEW_TARGETING,MEDIUM,0.934
T000008208,A000107,2026-06-08,C010,NEW_TARGETING,LOW,0.102
T000008209,A001138,2026-06-23,C010,NEW_TARGETING,HIGH,0.2
T000008210,A002211,2026-06-02,C010,NEW_TARGETING,MEDIUM,0.475
T000008211,A000620,2026-06-26,C010,NEW_TARGETING,LOW,0.325
T000008212,A002581,2026-06-23,C010,NEW_TARGETING,MEDIUM,0.96
T000008213,A003026,2026-06-27,C010,NEW_TARGETING,MEDIUM,0.823
T000008214,A001356,2026-06-16,C010,NEW_TARGETING,MEDIUM,0.882
T000008215,A000612,2026-06-07,C010,NEW_TARGETING,MEDIUM,0.267
T000008216,A002079,2026-06-17,C010,NEW_TARGETING,LOW,0.444
T000008217,A002312,2026-06-14,C010,NEW_TARGETING,MEDIUM,0.546
T000008218,A002632,2026-06-21,C010,NEW_TARGETING,HIGH,0.423
T000008219,A003959,2026-06-15,C010,NEW_TARGETING,LOW,0.268
T000008220,A001867,2026-06-11,C010,NEW_TARGETING,LOW,0.176
T000008221,A003684,2026-06-07,C010,NEW_TARGETING,MEDIUM,0.249
T000008222,A001885,2026-06-04,C010,NEW_TARGETING,LOW,0.326
T000008223,A003609,2026-06-22,C010,NEW_TARGETING,MEDIUM,0.546
T000008224,A001822,2026-06-03,C010,NEW_TARGETING,HIGH,0.988
T000008225,A000679,2026-06-23,C010,NEW_TARGETING,MEDIUM,0.843
T000008226,A001596,2026-06-04,C010,NEW_TARGETING,MEDIUM,0.332
T000008227,A001564,2026-06-06,C010,NEW_TARGETING,MEDIUM,0.503
T000008228,A000204,2026-06-27,C010,NEW_TARGETING,LOW,0.756
T000008229,A000235,2026-06-24,C010,NEW_TARGETING,MEDIUM,0.179
T000008230,A000542,2026-06-21,C010,NEW_TARGETING,MEDIUM,0.499
T000008231,A001823,2026-06-27,C010,NEW_TARGETING,HIGH,0.845
T000008232,A000471,2026-06-25,C010,NEW_TARGETING,MEDIUM,0.358
T000008233,A000781,2026-06-16,C010,NEW_TARGETING,LOW,0.384
T000008234,A003470,2026-06-23,C010,NEW_TARGETING,MEDIUM,0.223
T000008235,A002725,2026-06-24,C010,NEW_TARGETING,MEDIUM,0.822
T000008236,A003905,2026-06-15,C010,NEW_TARGETING,LOW,0.748
T000008237,A000478,2026-06-27,C010,NEW_TARGETING,HIGH,0.73
T000008238,A003976,2026-06-10,C010,NEW_TARGETING,HIGH,0.497
T000008239,A000952,2026-06-24,C010,NEW_TARGETING,MEDIUM,0.218
T000008240,A000392,2026-06-04,C010,NEW_TARGETING,MEDIUM,0.519
T000008241,A001207,2026-06-03,C010,NEW_TARGETING,MEDIUM,0.123
T000008242,A000937,2026-06-27,C010,NEW_TARGETING,MEDIUM,0.369
T000008243,A002376,2026-06-04,C010,NEW_TARGETING,MEDIUM,0.514
T000008244,A000108,2026-06-12,C010,NEW_TARGETING,LOW,0.126
T000008245,A003997,2026-06-03,C010,NEW_TARGETING,HIGH,0.625
T000008246,A003871,2026-06-13,C010,NEW_TARGETING,MEDIUM,0.806
T000008247,A002785,2026-06-11,C010,NEW_TARGETING,MEDIUM,0.519
T000008248,A000501,2026-06-12,C010,NEW_TARGETING,MEDIUM,0.359
T000008249,A002935,2026-06-12,C010,NEW_TARGETING,MEDIUM,0.819
T000008250,A000953,2026-06-01,C010,NEW_TARGETING,MEDIUM,0.293
T000008251,A003720,2026-06-08,C010,NEW_TARGETING,HIGH,0.111
T000008252,A001915,2026-06-13,C010,NEW_TARGETING,MEDIUM,0.534
T000008253,A000825,2026-06-04,C010,NEW_TARGETING,MEDIUM,0.682
T000008254,A001792,2026-06-13,C010,NEW_TARGETING,HIGH,0.394
T000008255,A002139,2026-06-06,C010,NEW_TARGETING,HIGH,0.358
T000008256,A001699,2026-06-20,C010,NEW_TARGETING,MEDIUM,0.145
T000008257,A002255,2026-06-13,C010,NEW_TARGETING,HIGH,0.596
T000008258,A000299,2026-06-10,C010,NEW_TARGETING,MEDIUM,0.435
T000008259,A000645,2026-06-24,C010,NEW_TARGETING,MEDIUM,0.974
T000008260,A002879,2026-06-24,C010,NEW_TARGETING,LOW,0.69
T000008261,A003692,2026-06-08,C010,NEW_TARGETING,MEDIUM,0.314
T000008262,A001058,2026-06-21,C010,NEW_TARGETING,HIGH,0.446
T000008263,A003967,2026-06-15,C010,NEW_TARGETING,LOW,0.137
T000008264,A002528,2026-06-03,C010,NEW_TARGETING,LOW,0.595
T000008265,A000088,2026-06-09,C010,NEW_TARGETING,LOW,0.698
T000008266,A000131,2026-06-27,C010,NEW_TARGETING,HIGH,0.606
T000008267,A004059,2026-06-17,C010,NEW_TARGETING,MEDIUM,0.444
T000008268,A002654,2026-06-22,C010,NEW_TARGETING,LOW,0.879
T000008269,A001152,2026-06-04,C010,NEW_TARGETING,LOW,0.666
T000008270,A002595,2026-06-06,C010,NEW_TARGETING,HIGH,0.75
T000008271,A003534,2026-06-24,C010,NEW_TARGETING,HIGH,0.739
T000008272,A002541,2026-06-08,C010,NEW_TARGETING,MEDIUM,0.164
T000008273,A000660,2026-06-23,C010,NEW_TARGETING,MEDIUM,0.816
T000008274,A003058,2026-06-27,C010,NEW_TARGETING,MEDIUM,0.4
T000008275,A003350,2026-06-09,C010,NEW_TARGETING,MEDIUM,0.444
T000008276,A003570,2026-06-10,C010,NEW_TARGETING,MEDIUM,0.133
T000008277,A001901,2026-06-10,C010,NEW_TARGETING,MEDIUM,0.263
T000008278,A001460,2026-06-18,C010,NEW_TARGETING,MEDIUM,0.526
T000008279,A000781,2026-06-22,C010,NEW_TARGETING,LOW,0.207
T000008280,A002489,2026-06-08,C010,NEW_TARGETING,MEDIUM,0.143
T000008281,A001322,2026-06-27,C010,NEW_TARGETING,MEDIUM,0.636
T000008282,A001102,2026-06-07,C010,NEW_TARGETING,MEDIUM,0.324
T000008283,A001119,2026-06-10,C010,NEW_TARGETING,HIGH,0.759
T000008284,A000973,2026-06-18,C010,NEW_TARGETING,MEDIUM,0.595
T000008285,A001371,2026-06-11,C010,NEW_TARGETING,MEDIUM,0.36
T000008286,A002480,2026-06-18,C010,NEW_TARGETING,MEDIUM,0.423
T000008287,A002535,2026-06-05,C010,NEW_TARGETING,MEDIUM,0.449
T000008288,A000200,2026-06-11,C010,NEW_TARGETING,MEDIUM,0.649
T000008289,A001426,2026-06-12,C010,NEW_TARGETING,LOW,0.692
T000008290,A003238,2026-06-15,C010,NEW_TARGETING,MEDIUM,0.616
T000008291,A002225,2026-06-26,C010,NEW_TARGETING,MEDIUM,0.34
T000008292,A001717,2026-06-18,C010,NEW_TARGETING,MEDIUM,0.38
T000008293,A004194,2026-06-24,C010,NEW_TARGETING,MEDIUM,0.556
T000008294,A004086,2026-06-23,C010,NEW_TARGETING,HIGH,0.664
T000008295,A002029,2026-06-05,C010,NEW_TARGETING,LOW,0.914
T000008296,A003063,2026-06-02,C010,NEW_TARGETING,HIGH,0.164
T000008297,A000577,2026-06-08,C010,NEW_TARGETING,MEDIUM,0.843
T000008298,A000249,2026-06-19,C010,NEW_TARGETING,MEDIUM,0.973
T000008299,A003746,2026-06-26,C010,NEW_TARGETING,HIGH,0.98
T000008300,A000518,2026-06-19,C010,NEW_TARGETING,LOW,0.69
T000008301,A002960,2026-06-06,C010,NEW_TARGETING,HIGH,0.836
T000008302,A004075,2026-06-02,C010,NEW_TARGETING,MEDIUM,0.938
T000008303,A003534,2026-06-25,C010,NEW_TARGETING,MEDIUM,0.488
T000008304,A000855,2026-06-21,C010,NEW_TARGETING,MEDIUM,0.47
T000008305,A000825,2026-06-24,C010,NEW_TARGETING,LOW,0.804
T000008306,A002906,2026-06-26,C010,NEW_TARGETING,MEDIUM,0.525
T000008307,A002622,2026-06-16,C010,NEW_TARGETING,LOW,0.815
T000008308,A003475,2026-06-15,C010,NEW_TARGETING,MEDIUM,0.631
T000008309,A000244,2026-06-14,C010,NEW_TARGETING,HIGH,0.303
T000008310,A000496,2026-06-05,C010,NEW_TARGETING,HIGH,0.834
T000008311,A003489,2026-06-24,C010,NEW_TARGETING,MEDIUM,0.694
T000008312,A000513,2026-06-02,C010,NEW_TARGETING,MEDIUM,0.243
T000008313,A003950,2026-06-03,C010,NEW_TARGETING,MEDIUM,0.344
T000008314,A000070,2026-06-02,C010,NEW_TARGETING,HIGH,0.555
T000008315,A003357,2026-06-27,C010,NEW_TARGETING,HIGH,0.858
T000008316,A001743,2026-06-23,C010,NEW_TARGETING,LOW,0.737
T000008317,A000724,2026-06-21,C010,NEW_TARGETING,MEDIUM,0.652
T000008318,A001584,2026-06-18,C010,NEW_TARGETING,LOW,0.544
T000008319,A003796,2026-06-22,C010,NEW_TARGETING,HIGH,0.592
T000008320,A001566,2026-06-16,C010,NEW_TARGETING,LOW,0.468
T000008321,A003316,2026-06-22,C010,NEW_TARGETING,HIGH,0.907
T000008322,A002238,2026-06-11,C010,NEW_TARGETING,HIGH,0.288
T000008323,A001564,2026-06-17,C010,NEW_TARGETING,MEDIUM,0.761
T000008324,A001951,2026-06-08,C010,NEW_TARGETING,HIGH,0.639
T000008325,A002403,2026-06-15,C010,NEW_TARGETING,HIGH,0.129
T000008326,A003332,2026-06-11,C010,NEW_TARGETING,LOW,0.151
T000008327,A001072,2026-06-06,C010,NEW_TARGETING,HIGH,0.85
T000008328,A001815,2026-06-19,C010,NEW_TARGETING,LOW,0.355
T000008329,A004156,2026-06-24,C010,NEW_TARGETING,MEDIUM,0.26
T000008330,A000655,2026-06-07,C010,NEW_TARGETING,MEDIUM,0.322
T000008331,A000526,2026-06-02,C010,NEW_TARGETING,HIGH,0.696
T000008332,A003613,2026-06-16,C010,NEW_TARGETING,HIGH,0.747
T000008333,A001228,2026-06-08,C010,NEW_TARGETING,MEDIUM,0.203
T000008334,A000033,2026-06-17,C010,NEW_TARGETING,HIGH,0.851
T000008335,A003342,2026-06-19,C010,NEW_TARGETING,MEDIUM,0.472
T000008336,A003961,2026-06-04,C010,NEW_TARGETING,HIGH,0.369
T000008337,A003290,2026-06-27,C010,NEW_TARGETING,LOW,0.514
T000008338,A002725,2026-06-24,C010,NEW_TARGETING,LOW,0.356
T000008339,A001765,2026-06-04,C010,NEW_TARGETING,HIGH,0.505
T000008340,A000200,2026-06-16,C010,NEW_TARGETING,MEDIUM,0.695
T000008341,A002178,2026-06-13,C010,NEW_TARGETING,MEDIUM,0.939
T000008342,A002492,2026-06-19,C010,NEW_TARGETING,LOW,0.941
T000008343,A004182,2026-06-26,C010,NEW_TARGETING,MEDIUM,0.951
T000008344,A003820,2026-06-01,C010,NEW_TARGETING,LOW,0.465
T000008345,A001873,2026-06-22,C010,NEW_TARGETING,LOW,0.848
T000008346,A001296,2026-06-09,C010,NEW_TARGETING,HIGH,0.557
T000008347,A003824,2026-06-02,C010,NEW_TARGETING,HIGH,0.677
T000008348,A001205,2026-06-09,C010,NEW_TARGETING,MEDIUM,0.708
T000008349,A000282,2026-06-14,C010,NEW_TARGETING,MEDIUM,0.139
T000008350,A003725,2026-06-15,C010,NEW_TARGETING,MEDIUM,0.79
T000008351,A002766,2026-06-27,C010,NEW_TARGETING,LOW,0.542
T000008352,A002814,2026-06-09,C010,NEW_TARGETING,LOW,0.87
T000008353,A002772,2026-06-17,C010,NEW_TARGETING,HIGH,0.896
T000008354,A001632,2026-06-16,C010,NEW_TARGETING,MEDIUM,0.414
T000008355,A003028,2026-06-08,C010,NEW_TARGETING,LOW,0.948
T000008356,A002082,2026-06-27,C010,NEW_TARGETING,MEDIUM,0.466
T000008357,A000184,2026-06-19,C010,NEW_TARGETING,HIGH,0.568
T000008358,A004180,2026-06-13,C010,NEW_TARGETING,LOW,0.441
T000008359,A000501,2026-06-26,C010,NEW_TARGETING,LOW,0.393
T000008360,A002006,2026-06-19,C010,NEW_TARGETING,MEDIUM,0.321
T000008361,A002932,2026-06-17,C010,NEW_TARGETING,MEDIUM,0.307
T000008362,A001641,2026-06-27,C010,NEW_TARGETING,LOW,0.453
T000008363,A003115,2026-06-24,C010,NEW_TARGETING,MEDIUM,0.943
T000008364,A001075,2026-06-04,C010,NEW_TARGETING,HIGH,0.123
T000008365,A001269,2026-06-19,C010,NEW_TARGETING,HIGH,0.532
T000008366,A001747,2026-06-20,C010,NEW_TARGETING,LOW,0.935
T000008367,A004194,2026-06-22,C010,NEW_TARGETING,MEDIUM,0.674
T000008368,A002112,2026-06-05,C010,NEW_TARGETING,MEDIUM,0.185
T000008369,A001446,2026-06-14,C010,NEW_TARGETING,HIGH,0.338
T000008370,A002435,2026-06-01,C010,NEW_TARGETING,MEDIUM,0.435
T000008371,A003664,2026-06-08,C010,NEW_TARGETING,MEDIUM,0.321
T000008372,A000192,2026-06-06,C010,NEW_TARGETING,HIGH,0.534
T000008373,A002316,2026-06-05,C010,NEW_TARGETING,MEDIUM,0.435
T000008374,A000094,2026-06-01,C010,NEW_TARGETING,LOW,0.542
T000008375,A003741,2026-06-06,C010,NEW_TARGETING,HIGH,0.738
T000008376,A001751,2026-06-12,C010,NEW_TARGETING,LOW,0.492
T000008377,A003931,2026-06-06,C010,NEW_TARGETING,MEDIUM,0.896
T000008378,A000617,2026-06-11,C010,NEW_TARGETING,MEDIUM,0.741
T000008379,A003270,2026-06-24,C010,NEW_TARGETING,HIGH,0.961
T000008380,A001310,2026-06-15,C010,NEW_TARGETING,LOW,0.645
T000008381,A002339,2026-06-08,C010,NEW_TARGETING,LOW,0.65
T000008382,A000372,2026-06-01,C010,NEW_TARGETING,LOW,0.684
T000008383,A003077,2026-06-13,C010,NEW_TARGETING,LOW,0.223
T000008384,A002198,2026-06-19,C010,NEW_TARGETING,MEDIUM,0.861
T000008385,A003191,2026-06-17,C010,NEW_TARGETING,HIGH,0.543
T000008386,A000628,2026-06-17,C010,NEW_TARGETING,MEDIUM,0.407
T000008387,A002090,2026-06-25,C010,NEW_TARGETING,HIGH,0.317
T000008388,A002759,2026-06-12,C010,NEW_TARGETING,LOW,0.84
T000008389,A000414,2026-06-15,C010,NEW_TARGETING,HIGH,0.763
T000008390,A002208,2026-06-06,C010,NEW_TARGETING,MEDIUM,0.681
T000008391,A000854,2026-06-22,C010,NEW_TARGETING,HIGH,0.864
T000008392,A000421,2026-06-01,C010,NEW_TARGETING,MEDIUM,0.776
T000008393,A002682,2026-06-07,C010,NEW_TARGETING,HIGH,0.772
T000008394,A000884,2026-06-13,C010,NEW_TARGETING,MEDIUM,0.434
T000008395,A001297,2026-06-04,C010,NEW_TARGETING,MEDIUM,0.267
T000008396,A002620,2026-06-09,C010,NEW_TARGETING,MEDIUM,0.332
T000008397,A004058,2026-06-18,C010,NEW_TARGETING,MEDIUM,0.984
T000008398,A001158,2026-06-25,C010,NEW_TARGETING,HIGH,0.571
T000008399,A000169,2026-06-17,C010,NEW_TARGETING,HIGH,0.973
T000008400,A002267,2026-06-12,C010,NEW_TARGETING,LOW,0.43
T000008401,A002990,2026-06-25,C010,NEW_TARGETING,LOW,0.124
T000008402,A000861,2026-06-14,C010,NEW_TARGETING,HIGH,0.683
T000008403,A002617,2026-06-08,C010,NEW_TARGETING,LOW,0.148
T000008404,A002378,2026-06-18,C010,NEW_TARGETING,HIGH,0.615
T000008405,A000793,2026-06-02,C010,NEW_TARGETING,MEDIUM,0.798
T000008406,A000319,2026-06-18,C010,NEW_TARGETING,LOW,0.331
T000008407,A003218,2026-06-15,C010,NEW_TARGETING,HIGH,0.286
T000008408,A001516,2026-06-24,C010,NEW_TARGETING,HIGH,0.958
T000008409,A000072,2026-06-20,C010,NEW_TARGETING,MEDIUM,0.81
T000008410,A002044,2026-06-23,C010,NEW_TARGETING,LOW,0.791
T000008411,A003672,2026-06-10,C010,NEW_TARGETING,MEDIUM,0.175
T000008412,A000536,2026-06-15,C010,NEW_TARGETING,HIGH,0.943
T000008413,A001852,2026-06-02,C010,NEW_TARGETING,MEDIUM,0.515
T000008414,A001711,2026-06-23,C010,NEW_TARGETING,HIGH,0.329
T000008415,A003001,2026-06-19,C010,NEW_TARGETING,LOW,0.542
T000008416,A004182,2026-06-09,C010,NEW_TARGETING,MEDIUM,0.691
T000008417,A003780,2026-06-04,C010,NEW_TARGETING,MEDIUM,0.207
T000008418,A000586,2026-06-14,C010,NEW_TARGETING,MEDIUM,0.102
T000008419,A000519,2026-06-22,C010,NEW_TARGETING,MEDIUM,0.577
T000008420,A000929,2026-06-20,C010,NEW_TARGETING,MEDIUM,0.592
T000008421,A003567,2026-06-12,C010,NEW_TARGETING,MEDIUM,0.499
T000008422,A003762,2026-06-24,C010,NEW_TARGETING,MEDIUM,0.493
T000008423,A001329,2026-06-08,C010,NEW_TARGETING,MEDIUM,0.201
T000008424,A001359,2026-06-23,C010,NEW_TARGETING,HIGH,0.394
T000008425,A000493,2026-06-09,C010,NEW_TARGETING,MEDIUM,0.852
T000008426,A000737,2026-06-03,C010,NEW_TARGETING,MEDIUM,0.254
T000008427,A000600,2026-06-08,C010,NEW_TARGETING,MEDIUM,0.211
T000008428,A003514,2026-06-14,C010,NEW_TARGETING,HIGH,0.679
T000008429,A000906,2026-06-10,C010,NEW_TARGETING,MEDIUM,0.143
T000008430,A003664,2026-06-26,C010,NEW_TARGETING,MEDIUM,0.653
T000008431,A000135,2026-06-24,C010,NEW_TARGETING,HIGH,0.72
T000008432,A000299,2026-06-22,C010,NEW_TARGETING,MEDIUM,0.907
T000008433,A001299,2026-06-06,C010,NEW_TARGETING,MEDIUM,0.314
T000008434,A002592,2026-06-14,C010,NEW_TARGETING,MEDIUM,0.945
T000008435,A001522,2026-06-08,C010,NEW_TARGETING,MEDIUM,0.392
T000008436,A001850,2026-06-01,C010,NEW_TARGETING,LOW,0.78
T000008437,A002137,2026-06-19,C010,NEW_TARGETING,HIGH,0.612
T000008438,A003546,2026-06-03,C010,NEW_TARGETING,MEDIUM,0.546
T000008439,A003359,2026-06-08,C010,NEW_TARGETING,MEDIUM,0.456
T000008440,A003305,2026-06-09,C010,NEW_TARGETING,MEDIUM,0.523
T000008441,A003129,2026-06-13,C010,NEW_TARGETING,HIGH,0.793
T000008442,A002012,2026-06-20,C010,NEW_TARGETING,MEDIUM,0.939
T000008443,A000277,2026-06-05,C010,NEW_TARGETING,HIGH,0.947
T000008444,A002133,2026-06-14,C010,NEW_TARGETING,MEDIUM,0.471
T000008445,A002925,2026-06-06,C010,NEW_TARGETING,MEDIUM,0.564
T000008446,A003943,2026-06-09,C010,NEW_TARGETING,HIGH,0.136
T000008447,A002559,2026-06-14,C010,NEW_TARGETING,LOW,0.944
T000008448,A000325,2026-06-07,C010,NEW_TARGETING,MEDIUM,0.563
T000008449,A002892,2026-06-16,C010,NEW_TARGETING,MEDIUM,0.137
T000008450,A003550,2026-06-21,C010,NEW_TARGETING,HIGH,0.893
T000008451,A003798,2026-06-10,C010,NEW_TARGETING,MEDIUM,0.814
T000008452,A003411,2026-06-24,C010,NEW_TARGETING,HIGH,0.865
T000008453,A002765,2026-06-22,C010,NEW_TARGETING,HIGH,0.988
T000008454,A003860,2026-06-07,C010,NEW_TARGETING,MEDIUM,0.464
T000008455,A002762,2026-06-17,C010,NEW_TARGETING,MEDIUM,0.708
T000008456,A000298,2026-06-07,C010,NEW_TARGETING,MEDIUM,0.868
T000008457,A002073,2026-06-21,C010,NEW_TARGETING,HIGH,0.937
T000008458,A002733,2026-06-05,C010,NEW_TARGETING,MEDIUM,0.916
T000008459,A003321,2026-06-11,C010,NEW_TARGETING,MEDIUM,0.111
T000008460,A003820,2026-06-22,C010,NEW_TARGETING,MEDIUM,0.203
T000008461,A000264,2026-06-14,C010,NEW_TARGETING,MEDIUM,0.251
T000008462,A003878,2026-06-12,C010,NEW_TARGETING,HIGH,0.57
T000008463,A003943,2026-06-25,C010,NEW_TARGETING,MEDIUM,0.781
T000008464,A001532,2026-06-08,C010,NEW_TARGETING,MEDIUM,0.767
T000008465,A003171,2026-06-12,C010,NEW_TARGETING,LOW,0.566
T000008466,A000012,2026-06-20,C010,NEW_TARGETING,LOW,0.87
T000008467,A003749,2026-06-11,C010,NEW_TARGETING,MEDIUM,0.78
T000008468,A001159,2026-06-19,C010,NEW_TARGETING,MEDIUM,0.175
T000008469,A004178,2026-06-21,C010,NEW_TARGETING,LOW,0.62
T000008470,A003566,2026-06-05,C010,NEW_TARGETING,LOW,0.887
T000008471,A003456,2026-06-04,C010,NEW_TARGETING,HIGH,0.537
T000008472,A004039,2026-06-08,C010,NEW_TARGETING,MEDIUM,0.625
T000008473,A003523,2026-06-03,C010,NEW_TARGETING,HIGH,0.497
T000008474,A001710,2026-06-19,C010,NEW_TARGETING,MEDIUM,0.474
T000008475,A002047,2026-06-18,C010,NEW_TARGETING,MEDIUM,0.386
T000008476,A000347,2026-06-27,C010,NEW_TARGETING,LOW,0.123
T000008477,A001705,2026-06-22,C010,NEW_TARGETING,HIGH,0.953
T000008478,A001490,2026-06-15,C010,NEW_TARGETING,HIGH,0.679
T000008479,A003985,2026-06-15,C010,NEW_TARGETING,MEDIUM,0.564
T000008480,A002646,2026-06-14,C010,NEW_TARGETING,HIGH,0.809
T000008481,A001565,2026-06-09,C010,NEW_TARGETING,MEDIUM,0.8
T000008482,A001478,2026-06-06,C010,NEW_TARGETING,LOW,0.158
T000008483,A001599,2026-06-27,C010,NEW_TARGETING,MEDIUM,0.292
T000008484,A000050,2026-06-17,C010,NEW_TARGETING,LOW,0.471
T000008485,A003552,2026-06-21,C010,NEW_TARGETING,HIGH,0.551
T000008486,A000292,2026-06-14,C010,NEW_TARGETING,HIGH,0.369
T000008487,A002259,2026-06-27,C010,NEW_TARGETING,LOW,0.21
T000008488,A001347,2026-06-08,C010,NEW_TARGETING,MEDIUM,0.885
T000008489,A002463,2026-06-25,C010,NEW_TARGETING,LOW,0.172
T000008490,A000290,2026-06-19,C010,NEW_TARGETING,MEDIUM,0.967
T000008491,A001253,2026-06-27,C010,NEW_TARGETING,MEDIUM,0.394
T000008492,A002151,2026-06-27,C010,NEW_TARGETING,MEDIUM,0.67
T000008493,A001736,2026-06-18,C010,NEW_TARGETING,MEDIUM,0.312
T000008494,A002285,2026-06-13,C010,NEW_TARGETING,MEDIUM,0.948
T000008495,A000062,2026-06-09,C010,NEW_TARGETING,HIGH,0.758
T000008496,A002053,2026-06-07,C010,NEW_TARGETING,MEDIUM,0.317
T000008497,A001723,2026-06-26,C010,NEW_TARGETING,LOW,0.181
T000008498,A000489,2026-06-09,C010,NEW_TARGETING,LOW,0.503
T000008499,A000148,2026-06-10,C010,NEW_TARGETING,LOW,0.773
T000008500,A002247,2026-06-20,C010,NEW_TARGETING,LOW,0.357
T000008501,A000712,2026-06-01,C010,NEW_TARGETING,HIGH,0.276
T000008502,A001106,2026-06-16,C010,NEW_TARGETING,HIGH,0.778
T000008503,A000162,2026-06-20,C010,NEW_TARGETING,MEDIUM,0.617
T000008504,A003396,2026-06-10,C010,NEW_TARGETING,LOW,0.284
T000008505,A001256,2026-06-03,C010,NEW_TARGETING,LOW,0.146
T000008506,A001335,2026-06-16,C010,NEW_TARGETING,LOW,0.138
T000008507,A001255,2026-06-15,C010,NEW_TARGETING,HIGH,0.203
T000008508,A000573,2026-06-18,C010,NEW_TARGETING,HIGH,0.661
T000008509,A003353,2026-06-24,C010,NEW_TARGETING,LOW,0.535
T000008510,A001331,2026-06-19,C010,NEW_TARGETING,MEDIUM,0.613
T000008511,A002707,2026-06-20,C010,NEW_TARGETING,MEDIUM,0.234
T000008512,A002014,2026-06-18,C010,NEW_TARGETING,HIGH,0.589
T000008513,A002983,2026-06-14,C010,NEW_TARGETING,LOW,0.153
T000008514,A001443,2026-06-25,C010,NEW_TARGETING,HIGH,0.323
T000008515,A001476,2026-06-18,C010,NEW_TARGETING,LOW,0.677
T000008516,A003309,2026-06-20,C010,NEW_TARGETING,LOW,0.525
T000008517,A002199,2026-06-15,C010,NEW_TARGETING,HIGH,0.207
T000008518,A001743,2026-06-10,C010,NEW_TARGETING,MEDIUM,0.221
T000008519,A003628,2026-06-10,C010,NEW_TARGETING,LOW,0.494
T000008520,A003934,2026-06-20,C010,NEW_TARGETING,HIGH,0.916
T000008521,A003121,2026-06-26,C010,NEW_TARGETING,MEDIUM,0.914
T000008522,A001228,2026-06-27,C010,NEW_TARGETING,LOW,0.872
T000008523,A002525,2026-06-11,C010,NEW_TARGETING,MEDIUM,0.951
T000008524,A003865,2026-06-06,C010,NEW_TARGETING,MEDIUM,0.275
T000008525,A000188,2026-06-25,C010,NEW_TARGETING,HIGH,0.672
T000008526,A002369,2026-06-20,C010,NEW_TARGETING,LOW,0.973
T000008527,A002198,2026-06-17,C010,NEW_TARGETING,MEDIUM,0.545
T000008528,A002176,2026-06-06,C010,NEW_TARGETING,LOW,0.14
T000008529,A001996,2026-06-20,C010,NEW_TARGETING,LOW,0.443
T000008530,A000616,2026-06-08,C010,NEW_TARGETING,MEDIUM,0.983
T000008531,A003634,2026-06-05,C010,NEW_TARGETING,MEDIUM,0.809
T000008532,A002273,2026-06-05,C010,NEW_TARGETING,MEDIUM,0.358
T000008533,A002758,2026-06-19,C010,NEW_TARGETING,MEDIUM,0.369
T000008534,A001717,2026-06-16,C010,NEW_TARGETING,LOW,0.544
T000008535,A000601,2026-06-14,C010,NEW_TARGETING,MEDIUM,0.627
T000008536,A000637,2026-06-08,C010,NEW_TARGETING,MEDIUM,0.91
T000008537,A003016,2026-06-01,C010,NEW_TARGETING,HIGH,0.568
T000008538,A002180,2026-06-21,C010,NEW_TARGETING,HIGH,0.732
T000008539,A004044,2026-06-22,C010,NEW_TARGETING,MEDIUM,0.293
T000008540,A000571,2026-06-18,C010,NEW_TARGETING,LOW,0.927
T000008541,A000170,2026-06-24,C010,NEW_TARGETING,LOW,0.594
T000008542,A004009,2026-06-06,C010,NEW_TARGETING,HIGH,0.979
T000008543,A002880,2026-06-10,C010,NEW_TARGETING,HIGH,0.189
T000008544,A002123,2026-06-21,C010,NEW_TARGETING,HIGH,0.826
T000008545,A001683,2026-06-03,C010,NEW_TARGETING,MEDIUM,0.488
T000008546,A002807,2026-06-24,C010,NEW_TARGETING,HIGH,0.25
T000008547,A001706,2026-06-12,C010,NEW_TARGETING,LOW,0.535
T000008548,A001622,2026-06-23,C010,NEW_TARGETING,MEDIUM,0.809
T000008549,A000263,2026-06-02,C010,NEW_TARGETING,MEDIUM,0.545
T000008550,A000704,2026-06-27,C010,NEW_TARGETING,MEDIUM,0.467
T000008551,A003679,2026-06-19,C010,NEW_TARGETING,HIGH,0.417
T000008552,A001813,2026-06-27,C010,NEW_TARGETING,LOW,0.238
T000008553,A002393,2026-06-23,C010,NEW_TARGETING,MEDIUM,0.812
T000008554,A001103,2026-06-03,C010,NEW_TARGETING,HIGH,0.284
T000008555,A001660,2026-06-20,C010,NEW_TARGETING,MEDIUM,0.371
T000008556,A000361,2026-06-11,C010,NEW_TARGETING,MEDIUM,0.923
T000008557,A001047,2026-06-13,C010,NEW_TARGETING,HIGH,0.732
T000008558,A003711,2026-06-14,C010,NEW_TARGETING,HIGH,0.823
T000008559,A001269,2026-06-20,C010,NEW_TARGETING,LOW,0.388
T000008560,A003815,2026-06-13,C010,NEW_TARGETING,MEDIUM,0.679
T000008561,A002312,2026-06-18,C010,NEW_TARGETING,MEDIUM,0.669
T000008562,A001073,2026-06-01,C010,NEW_TARGETING,MEDIUM,0.413
T000008563,A001469,2026-06-09,C010,NEW_TARGETING,MEDIUM,0.818
T000008564,A001067,2026-06-20,C010,NEW_TARGETING,MEDIUM,0.938
T000008565,A001604,2026-06-15,C010,NEW_TARGETING,MEDIUM,0.647
T000008566,A002686,2026-06-08,C010,NEW_TARGETING,MEDIUM,0.166
T000008567,A002358,2026-06-01,C010,NEW_TARGETING,HIGH,0.178
T000008568,A001322,2026-06-04,C010,NEW_TARGETING,HIGH,0.981
T000008569,A003736,2026-06-02,C010,NEW_TARGETING,MEDIUM,0.657
T000008570,A003134,2026-06-05,C010,NEW_TARGETING,MEDIUM,0.426
T000008571,A002320,2026-06-10,C010,NEW_TARGETING,LOW,0.539
T000008572,A000229,2026-06-04,C010,NEW_TARGETING,HIGH,0.579
T000008573,A000288,2026-06-12,C010,NEW_TARGETING,LOW,0.233
T000008574,A000900,2026-06-18,C010,NEW_TARGETING,MEDIUM,0.219
T000008575,A002881,2026-06-16,C010,NEW_TARGETING,MEDIUM,0.35
T000008576,A002227,2026-06-25,C010,NEW_TARGETING,HIGH,0.646
T000008577,A002904,2026-06-22,C010,NEW_TARGETING,LOW,0.618
T000008578,A001263,2026-06-11,C010,NEW_TARGETING,HIGH,0.717
T000008579,A002589,2026-06-21,C010,NEW_TARGETING,MEDIUM,0.879
T000008580,A002525,2026-06-03,C010,NEW_TARGETING,MEDIUM,0.504
T000008581,A001849,2026-06-11,C010,NEW_TARGETING,LOW,0.434
T000008582,A002352,2026-06-15,C010,NEW_TARGETING,HIGH,0.617
T000008583,A001671,2026-06-15,C010,NEW_TARGETING,MEDIUM,0.263
T000008584,A000389,2026-06-21,C010,NEW_TARGETING,MEDIUM,0.597
T000008585,A003288,2026-06-10,C010,NEW_TARGETING,MEDIUM,0.802
T000008586,A003811,2026-06-23,C010,NEW_TARGETING,LOW,0.596
T000008587,A003763,2026-06-09,C010,NEW_TARGETING,HIGH,0.442
T000008588,A001423,2026-06-27,C010,NEW_TARGETING,MEDIUM,0.947
T000008589,A002327,2026-06-05,C010,NEW_TARGETING,MEDIUM,0.433
T000008590,A003676,2026-06-16,C010,NEW_TARGETING,MEDIUM,0.673
T000008591,A003209,2026-06-22,C010,NEW_TARGETING,MEDIUM,0.172
T000008592,A000493,2026-06-18,C010,NEW_TARGETING,MEDIUM,0.675
T000008593,A002626,2026-06-11,C010,NEW_TARGETING,MEDIUM,0.342
T000008594,A004190,2026-06-04,C010,NEW_TARGETING,HIGH,0.908
T000008595,A002111,2026-06-09,C010,NEW_TARGETING,LOW,0.909
T000008596,A003024,2026-06-22,C010,NEW_TARGETING,HIGH,0.161
T000008597,A003595,2026-06-05,C010,NEW_TARGETING,LOW,0.833
T000008598,A001224,2026-06-17,C010,NEW_TARGETING,HIGH,0.768
T000008599,A001666,2026-06-09,C010,NEW_TARGETING,LOW,0.669
T000008600,A000781,2026-06-23,C010,NEW_TARGETING,MEDIUM,0.383
T000008601,A001432,2026-06-05,C010,NEW_TARGETING,MEDIUM,0.535
T000008602,A000103,2026-06-13,C010,NEW_TARGETING,HIGH,0.721
T000008603,A001552,2026-06-12,C010,NEW_TARGETING,MEDIUM,0.286
T000008604,A001635,2026-06-18,C010,NEW_TARGETING,MEDIUM,0.749
T000008605,A003834,2026-06-14,C010,NEW_TARGETING,MEDIUM,0.504
T000008606,A002217,2026-06-08,C010,NEW_TARGETING,MEDIUM,0.698
T000008607,A000470,2026-06-12,C010,NEW_TARGETING,HIGH,0.316
T000008608,A002109,2026-06-09,C010,NEW_TARGETING,HIGH,0.434
T000008609,A001458,2026-06-04,C010,NEW_TARGETING,MEDIUM,0.693
T000008610,A003828,2026-06-07,C010,NEW_TARGETING,MEDIUM,0.326
T000008611,A003600,2026-06-24,C010,NEW_TARGETING,MEDIUM,0.193
T000008612,A002346,2026-06-21,C010,NEW_TARGETING,MEDIUM,0.953
T000008613,A001951,2026-06-01,C010,NEW_TARGETING,MEDIUM,0.283
T000008614,A003819,2026-06-02,C010,NEW_TARGETING,MEDIUM,0.777
T000008615,A003275,2026-06-05,C010,NEW_TARGETING,MEDIUM,0.928
T000008616,A004068,2026-06-04,C010,NEW_TARGETING,LOW,0.499
T000008617,A000429,2026-06-20,C010,NEW_TARGETING,HIGH,0.688
T000008618,A003513,2026-06-27,C010,NEW_TARGETING,HIGH,0.309
T000008619,A001658,2026-06-03,C010,NEW_TARGETING,HIGH,0.763
T000008620,A001101,2026-06-18,C010,NEW_TARGETING,MEDIUM,0.377
T000008621,A001110,2026-06-20,C010,NEW_TARGETING,LOW,0.675
T000008622,A000045,2026-06-27,C010,NEW_TARGETING,MEDIUM,0.428
T000008623,A003796,2026-06-21,C010,NEW_TARGETING,HIGH,0.835
T000008624,A002563,2026-06-01,C010,NEW_TARGETING,MEDIUM,0.392
T000008625,A000501,2026-06-23,C010,NEW_TARGETING,MEDIUM,0.361
T000008626,A000566,2026-06-04,C010,NEW_TARGETING,LOW,0.654
T000008627,A002757,2026-06-21,C010,NEW_TARGETING,HIGH,0.528
T000008628,A003649,2026-06-26,C010,NEW_TARGETING,MEDIUM,0.401
T000008629,A001885,2026-06-11,C010,NEW_TARGETING,MEDIUM,0.476
T000008630,A001325,2026-06-12,C010,NEW_TARGETING,HIGH,0.271
T000008631,A001058,2026-06-25,C010,NEW_TARGETING,MEDIUM,0.422
T000008632,A002758,2026-06-01,C010,NEW_TARGETING,MEDIUM,0.383
T000008633,A002271,2026-06-20,C010,NEW_TARGETING,LOW,0.664
T000008634,A002415,2026-06-15,C010,NEW_TARGETING,MEDIUM,0.445
T000008635,A002309,2026-06-02,C010,NEW_TARGETING,MEDIUM,0.324
T000008636,A003920,2026-06-20,C010,NEW_TARGETING,HIGH,0.989
T000008637,A002050,2026-06-09,C010,NEW_TARGETING,MEDIUM,0.747
T000008638,A001899,2026-06-09,C010,NEW_TARGETING,LOW,0.489
T000008639,A000797,2026-06-27,C010,NEW_TARGETING,HIGH,0.971
T000008640,A001782,2026-06-14,C010,NEW_TARGETING,LOW,0.753
T000008641,A003963,2026-06-08,C010,NEW_TARGETING,MEDIUM,0.721
T000008642,A002832,2026-06-09,C010,NEW_TARGETING,MEDIUM,0.319
T000008643,A001588,2026-06-03,C010,NEW_TARGETING,MEDIUM,0.678
T000008644,A002545,2026-06-14,C010,NEW_TARGETING,MEDIUM,0.373
T000008645,A003794,2026-06-26,C010,NEW_TARGETING,MEDIUM,0.268
T000008646,A001035,2026-06-19,C010,NEW_TARGETING,LOW,0.967
T000008647,A001247,2026-06-26,C010,NEW_TARGETING,LOW,0.631
T000008648,A003632,2026-06-07,C010,NEW_TARGETING,MEDIUM,0.709
T000008649,A001201,2026-06-24,C010,NEW_TARGETING,MEDIUM,0.3
T000008650,A003470,2026-06-26,C010,NEW_TARGETING,HIGH,0.575
T000008651,A002026,2026-06-24,C010,NEW_TARGETING,MEDIUM,0.531
T000008652,A000279,2026-06-11,C010,NEW_TARGETING,HIGH,0.667
T000008653,A001364,2026-06-01,C010,NEW_TARGETING,HIGH,0.327
T000008654,A001095,2026-06-09,C010,NEW_TARGETING,MEDIUM,0.113
T000008655,A000026,2026-06-24,C010,NEW_TARGETING,MEDIUM,0.223
T000008656,A002680,2026-06-01,C010,NEW_TARGETING,HIGH,0.263
T000008657,A002783,2026-06-15,C010,NEW_TARGETING,LOW,0.511
T000008658,A002191,2026-06-12,C010,NEW_TARGETING,LOW,0.509
T000008659,A000773,2026-06-25,C010,NEW_TARGETING,LOW,0.837
T000008660,A001702,2026-06-21,C010,NEW_TARGETING,LOW,0.163
T000008661,A000214,2026-06-05,C010,NEW_TARGETING,LOW,0.402
T000008662,A001278,2026-06-27,C010,NEW_TARGETING,MEDIUM,0.712
T000008663,A000404,2026-06-16,C010,NEW_TARGETING,MEDIUM,0.543
T000008664,A003751,2026-06-23,C010,NEW_TARGETING,MEDIUM,0.838
T000008665,A002402,2026-06-17,C010,NEW_TARGETING,HIGH,0.538
T000008666,A001740,2026-06-13,C010,NEW_TARGETING,HIGH,0.213
T000008667,A001809,2026-06-04,C010,NEW_TARGETING,MEDIUM,0.215
T000008668,A000781,2026-06-25,C010,NEW_TARGETING,HIGH,0.962
T000008669,A000569,2026-06-27,C010,NEW_TARGETING,MEDIUM,0.289
T000008670,A000055,2026-06-13,C010,NEW_TARGETING,MEDIUM,0.3
T000008671,A000456,2026-06-13,C010,NEW_TARGETING,MEDIUM,0.827
T000008672,A003093,2026-06-20,C010,NEW_TARGETING,LOW,0.471
T000008673,A002532,2026-06-02,C010,NEW_TARGETING,HIGH,0.79
T000008674,A003053,2026-06-20,C010,NEW_TARGETING,MEDIUM,0.125
T000008675,A002865,2026-06-05,C010,NEW_TARGETING,MEDIUM,0.232
T000008676,A002527,2026-06-16,C010,NEW_TARGETING,LOW,0.303
T000008677,A000497,2026-06-24,C010,NEW_TARGETING,HIGH,0.356
T000008678,A001238,2026-06-09,C010,NEW_TARGETING,MEDIUM,0.413
T000008679,A003903,2026-06-13,C010,NEW_TARGETING,MEDIUM,0.957
T000008680,A003706,2026-06-01,C010,NEW_TARGETING,MEDIUM,0.639
T000008681,A002341,2026-06-18,C010,NEW_TARGETING,MEDIUM,0.967
T000008682,A001462,2026-06-23,C010,NEW_TARGETING,HIGH,0.217
T000008683,A002181,2026-06-06,C010,NEW_TARGETING,LOW,0.696
T000008684,A000589,2026-06-15,C010,NEW_TARGETING,MEDIUM,0.941
T000008685,A000134,2026-06-03,C010,NEW_TARGETING,MEDIUM,0.898
T000008686,A004155,2026-06-10,C010,NEW_TARGETING,HIGH,0.839
T000008687,A003396,2026-06-18,C010,NEW_TARGETING,HIGH,0.417
T000008688,A000073,2026-06-24,C010,NEW_TARGETING,HIGH,0.792
T000008689,A000095,2026-06-26,C010,NEW_TARGETING,MEDIUM,0.695
T000008690,A002899,2026-06-09,C010,NEW_TARGETING,MEDIUM,0.701
T000008691,A001603,2026-06-20,C010,NEW_TARGETING,MEDIUM,0.224
T000008692,A000362,2026-06-19,C010,NEW_TARGETING,LOW,0.284
T000008693,A000625,2026-06-05,C010,NEW_TARGETING,MEDIUM,0.748
T000008694,A002345,2026-06-01,C010,NEW_TARGETING,HIGH,0.408
T000008695,A001490,2026-06-19,C010,NEW_TARGETING,MEDIUM,0.347
T000008696,A003828,2026-06-07,C010,NEW_TARGETING,LOW,0.606
T000008697,A004024,2026-06-10,C010,NEW_TARGETING,MEDIUM,0.933
T000008698,A001327,2026-06-18,C010,NEW_TARGETING,MEDIUM,0.159
T000008699,A003574,2026-06-18,C010,NEW_TARGETING,LOW,0.102
T000008700,A003064,2026-06-27,C010,NEW_TARGETING,HIGH,0.315
T000008701,A000058,2026-06-05,C010,NEW_TARGETING,MEDIUM,0.217
T000008702,A002679,2026-06-20,C010,NEW_TARGETING,MEDIUM,0.159
T000008703,A002831,2026-06-03,C010,NEW_TARGETING,HIGH,0.164
T000008704,A001006,2026-06-08,C010,NEW_TARGETING,MEDIUM,0.478
T000008705,A003952,2026-06-19,C010,NEW_TARGETING,HIGH,0.481
T000008706,A000572,2026-06-20,C010,NEW_TARGETING,HIGH,0.187
T000008707,A003059,2026-06-25,C010,NEW_TARGETING,HIGH,0.357
T000008708,A000659,2026-06-17,C010,NEW_TARGETING,HIGH,0.562
T000008709,A002070,2026-06-21,C010,NEW_TARGETING,HIGH,0.356
T000008710,A002659,2026-06-16,C010,NEW_TARGETING,MEDIUM,0.567
T000008711,A003296,2026-06-27,C010,NEW_TARGETING,MEDIUM,0.49
T000008712,A003236,2026-06-16,C010,NEW_TARGETING,HIGH,0.569
T000008713,A002792,2026-06-14,C010,NEW_TARGETING,HIGH,0.845
T000008714,A001026,2026-06-20,C010,NEW_TARGETING,LOW,0.962
T000008715,A002331,2026-06-27,C010,NEW_TARGETING,HIGH,0.594
T000008716,A001772,2026-06-07,C010,NEW_TARGETING,MEDIUM,0.345
T000008717,A002339,2026-06-09,C010,NEW_TARGETING,LOW,0.526
T000008718,A001069,2026-06-20,C010,NEW_TARGETING,MEDIUM,0.664
T000008719,A000585,2026-06-02,C010,NEW_TARGETING,MEDIUM,0.101
T000008720,A002593,2026-06-19,C010,NEW_TARGETING,HIGH,0.82
T000008721,A002642,2026-06-15,C010,NEW_TARGETING,MEDIUM,0.972
T000008722,A000981,2026-06-19,C010,NEW_TARGETING,MEDIUM,0.314
T000008723,A001555,2026-06-20,C010,NEW_TARGETING,HIGH,0.876
T000008724,A002563,2026-06-10,C010,NEW_TARGETING,MEDIUM,0.5
T000008725,A003107,2026-06-17,C010,NEW_TARGETING,HIGH,0.185
T000008726,A000495,2026-06-03,C010,NEW_TARGETING,MEDIUM,0.374
T000008727,A003699,2026-06-07,C010,NEW_TARGETING,MEDIUM,0.568
T000008728,A002811,2026-06-08,C010,NEW_TARGETING,HIGH,0.773
T000008729,A002027,2026-06-21,C010,NEW_TARGETING,HIGH,0.5
T000008730,A001307,2026-06-03,C010,NEW_TARGETING,LOW,0.301
T000008731,A001557,2026-06-23,C010,NEW_TARGETING,MEDIUM,0.716
T000008732,A001521,2026-06-11,C010,NEW_TARGETING,MEDIUM,0.971
T000008733,A003719,2026-06-19,C010,NEW_TARGETING,MEDIUM,0.453
T000008734,A001579,2026-06-27,C010,NEW_TARGETING,MEDIUM,0.918
T000008735,A001280,2026-06-27,C010,NEW_TARGETING,MEDIUM,0.64
T000008736,A003647,2026-06-04,C010,NEW_TARGETING,LOW,0.286
T000008737,A001349,2026-06-18,C010,NEW_TARGETING,HIGH,0.224
T000008738,A002935,2026-06-14,C010,NEW_TARGETING,MEDIUM,0.166
T000008739,A001771,2026-06-17,C010,NEW_TARGETING,LOW,0.442
T000008740,A003131,2026-06-11,C010,NEW_TARGETING,MEDIUM,0.504
T000008741,A003925,2026-06-24,C010,NEW_TARGETING,MEDIUM,0.255
T000008742,A002963,2026-06-03,C010,NEW_TARGETING,MEDIUM,0.469
T000008743,A000088,2026-06-27,C010,NEW_TARGETING,HIGH,0.732
T000008744,A003893,2026-06-23,C010,NEW_TARGETING,MEDIUM,0.649
T000008745,A001094,2026-06-23,C010,NEW_TARGETING,MEDIUM,0.352
T000008746,A003545,2026-06-21,C010,NEW_TARGETING,MEDIUM,0.85
T000008747,A000547,2026-06-17,C010,NEW_TARGETING,LOW,0.655
T000008748,A003368,2026-06-14,C010,NEW_TARGETING,HIGH,0.282
T000008749,A001962,2026-06-03,C010,NEW_TARGETING,MEDIUM,0.861
T000008750,A001443,2026-06-02,C010,NEW_TARGETING,LOW,0.457
T000008751,A003319,2026-06-14,C010,NEW_TARGETING,HIGH,0.238
T000008752,A003349,2026-06-07,C010,NEW_TARGETING,MEDIUM,0.866
T000008753,A002817,2026-06-13,C010,NEW_TARGETING,HIGH,0.961
T000008754,A003334,2026-06-24,C010,NEW_TARGETING,HIGH,0.433
T000008755,A000279,2026-06-14,C010,NEW_TARGETING,HIGH,0.697
T000008756,A000257,2026-06-22,C010,NEW_TARGETING,LOW,0.344
T000008757,A002363,2026-06-25,C010,NEW_TARGETING,HIGH,0.553
T000008758,A004087,2026-06-22,C010,NEW_TARGETING,HIGH,0.725
T000008759,A001367,2026-06-21,C010,NEW_TARGETING,MEDIUM,0.27
T000008760,A001629,2026-06-19,C010,NEW_TARGETING,MEDIUM,0.553
T000008761,A000768,2026-06-11,C010,NEW_TARGETING,LOW,0.624
T000008762,A001228,2026-06-23,C010,NEW_TARGETING,HIGH,0.182
T000008763,A002244,2026-06-19,C010,NEW_TARGETING,MEDIUM,0.954
T000008764,A003515,2026-06-23,C010,NEW_TARGETING,HIGH,0.804
T000008765,A000300,2026-06-08,C010,NEW_TARGETING,LOW,0.307
T000008766,A001698,2026-06-14,C010,NEW_TARGETING,MEDIUM,0.734
T000008767,A001501,2026-06-20,C010,NEW_TARGETING,HIGH,0.57
T000008768,A001858,2026-06-19,C010,NEW_TARGETING,MEDIUM,0.782
T000008769,A002978,2026-06-20,C010,NEW_TARGETING,HIGH,0.755
T000008770,A000068,2026-06-22,C010,NEW_TARGETING,HIGH,0.288
T000008771,A001660,2026-06-05,C010,NEW_TARGETING,MEDIUM,0.152
T000008772,A001665,2026-06-04,C010,NEW_TARGETING,MEDIUM,0.212
T000008773,A001632,2026-06-12,C010,NEW_TARGETING,LOW,0.749
T000008774,A000796,2026-06-19,C010,NEW_TARGETING,MEDIUM,0.871
T000008775,A000034,2026-06-11,C010,NEW_TARGETING,MEDIUM,0.812
T000008776,A001012,2026-06-15,C010,NEW_TARGETING,MEDIUM,0.797
T000008777,A000360,2026-06-20,C010,NEW_TARGETING,MEDIUM,0.232
T000008778,A000400,2026-06-26,C010,NEW_TARGETING,MEDIUM,0.554
T000008779,A003267,2026-06-02,C010,NEW_TARGETING,LOW,0.605
T000008780,A000535,2026-06-10,C010,NEW_TARGETING,MEDIUM,0.566
T000008781,A002592,2026-06-18,C010,NEW_TARGETING,HIGH,0.219
T000008782,A002706,2026-06-02,C010,NEW_TARGETING,MEDIUM,0.407
T000008783,A002336,2026-06-12,C010,NEW_TARGETING,MEDIUM,0.706
T000008784,A004098,2026-06-01,C010,NEW_TARGETING,MEDIUM,0.427
T000008785,A000532,2026-06-25,C010,NEW_TARGETING,LOW,0.288
T000008786,A002118,2026-06-07,C010,NEW_TARGETING,HIGH,0.715
T000008787,A000798,2026-06-14,C010,NEW_TARGETING,MEDIUM,0.591
T000008788,A000610,2026-06-19,C010,NEW_TARGETING,LOW,0.961
T000008789,A001230,2026-06-26,C010,NEW_TARGETING,MEDIUM,0.246
T000008790,A000723,2026-06-07,C010,NEW_TARGETING,LOW,0.19
T000008791,A003225,2026-06-10,C010,NEW_TARGETING,LOW,0.58
T000008792,A001966,2026-06-02,C010,NEW_TARGETING,LOW,0.106
T000008793,A001877,2026-06-22,C010,NEW_TARGETING,MEDIUM,0.633
T000008794,A003582,2026-06-21,C010,NEW_TARGETING,MEDIUM,0.442
T000008795,A003125,2026-06-04,C010,NEW_TARGETING,HIGH,0.142
T000008796,A003151,2026-06-12,C010,NEW_TARGETING,HIGH,0.73
T000008797,A001955,2026-06-01,C010,NEW_TARGETING,HIGH,0.639
T000008798,A003621,2026-06-02,C010,NEW_TARGETING,MEDIUM,0.236
T000008799,A001903,2026-06-19,C010,NEW_TARGETING,HIGH,0.78
T000008800,A003818,2026-06-17,C010,NEW_TARGETING,LOW,0.495
T000008801,A000738,2026-06-07,C010,NEW_TARGETING,LOW,0.275
T000008802,A001683,2026-06-14,C010,NEW_TARGETING,HIGH,0.165
T000008803,A003601,2026-06-11,C010,NEW_TARGETING,MEDIUM,0.291
T000008804,A002310,2026-06-02,C010,NEW_TARGETING,MEDIUM,0.41
T000008805,A003935,2026-06-08,C010,NEW_TARGETING,HIGH,0.348
T000008806,A003738,2026-06-15,C010,NEW_TARGETING,MEDIUM,0.609
T000008807,A001859,2026-06-20,C010,NEW_TARGETING,MEDIUM,0.551
T000008808,A001208,2026-06-23,C010,NEW_TARGETING,HIGH,0.744
T000008809,A003915,2026-06-10,C010,NEW_TARGETING,LOW,0.452
T000008810,A002317,2026-06-20,C010,NEW_TARGETING,LOW,0.393
T000008811,A003760,2026-06-23,C010,NEW_TARGETING,HIGH,0.185
T000008812,A000635,2026-06-15,C010,NEW_TARGETING,MEDIUM,0.354
T000008813,A002993,2026-06-02,C010,NEW_TARGETING,MEDIUM,0.685
T000008814,A001433,2026-06-02,C010,NEW_TARGETING,MEDIUM,0.617
T000008815,A002047,2026-06-21,C010,NEW_TARGETING,MEDIUM,0.654
T000008816,A002752,2026-06-11,C010,NEW_TARGETING,MEDIUM,0.891
T000008817,A003997,2026-06-14,C010,NEW_TARGETING,MEDIUM,0.758
T000008818,A000429,2026-06-14,C010,NEW_TARGETING,LOW,0.625
T000008819,A003672,2026-06-22,C010,NEW_TARGETING,MEDIUM,0.625
T000008820,A000035,2026-06-02,C010,NEW_TARGETING,MEDIUM,0.721
T000008821,A001259,2026-06-07,C010,NEW_TARGETING,HIGH,0.171
T000008822,A001783,2026-06-24,C010,NEW_TARGETING,LOW,0.466
T000008823,A000717,2026-06-13,C010,NEW_TARGETING,MEDIUM,0.354
T000008824,A000859,2026-06-01,C010,NEW_TARGETING,HIGH,0.542
T000008825,A000104,2026-06-06,C010,NEW_TARGETING,MEDIUM,0.868
T000008826,A000383,2026-06-03,C010,NEW_TARGETING,MEDIUM,0.625
T000008827,A001964,2026-06-01,C010,NEW_TARGETING,LOW,0.899
T000008828,A003179,2026-06-02,C010,NEW_TARGETING,HIGH,0.696
T000008829,A002303,2026-06-27,C010,NEW_TARGETING,HIGH,0.501
T000008830,A002417,2026-06-26,C010,NEW_TARGETING,LOW,0.693
T000008831,A003455,2026-06-02,C010,NEW_TARGETING,MEDIUM,0.266
T000008832,A000447,2026-06-27,C010,NEW_TARGETING,HIGH,0.844
T000008833,A000947,2026-06-15,C010,NEW_TARGETING,MEDIUM,0.609
T000008834,A000663,2026-06-07,C010,NEW_TARGETING,LOW,0.368
T000008835,A004122,2026-06-13,C010,NEW_TARGETING,LOW,0.923
T000008836,A001410,2026-06-19,C010,NEW_TARGETING,LOW,0.41
T000008837,A001987,2026-06-03,C010,NEW_TARGETING,HIGH,0.627
T000008838,A001710,2026-06-18,C010,NEW_TARGETING,MEDIUM,0.556
T000008839,A000629,2026-06-18,C010,NEW_TARGETING,HIGH,0.329
T000008840,A004155,2026-06-22,C010,NEW_TARGETING,MEDIUM,0.549
T000008841,A002611,2026-06-01,C010,NEW_TARGETING,MEDIUM,0.345
T000008842,A003545,2026-06-23,C010,NEW_TARGETING,MEDIUM,0.206
T000008843,A003022,2026-06-25,C010,NEW_TARGETING,MEDIUM,0.669
T000008844,A002121,2026-06-01,C010,NEW_TARGETING,HIGH,0.893
T000008845,A004159,2026-06-02,C010,NEW_TARGETING,MEDIUM,0.965
T000008846,A003693,2026-06-11,C010,NEW_TARGETING,HIGH,0.838
T000008847,A000273,2026-06-10,C010,NEW_TARGETING,MEDIUM,0.198
T000008848,A002855,2026-06-13,C010,NEW_TARGETING,MEDIUM,0.792
T000008849,A000487,2026-06-24,C010,NEW_TARGETING,HIGH,0.946
T000008850,A003705,2026-06-12,C010,NEW_TARGETING,HIGH,0.344
T000008851,A001641,2026-06-24,C010,NEW_TARGETING,LOW,0.456
T000008852,A003867,2026-06-09,C010,NEW_TARGETING,LOW,0.889
T000008853,A001506,2026-06-05,C010,NEW_TARGETING,MEDIUM,0.624
T000008854,A000707,2026-06-24,C010,NEW_TARGETING,LOW,0.561
T000008855,A003545,2026-06-03,C010,NEW_TARGETING,LOW,0.239
T000008856,A000306,2026-06-14,C010,NEW_TARGETING,MEDIUM,0.799
T000008857,A000210,2026-06-12,C010,NEW_TARGETING,MEDIUM,0.513
T000008858,A003047,2026-06-07,C010,NEW_TARGETING,MEDIUM,0.259
T000008859,A003249,2026-06-18,C010,NEW_TARGETING,MEDIUM,0.425
T000008860,A000775,2026-06-22,C010,NEW_TARGETING,MEDIUM,0.867
T000008861,A000448,2026-06-12,C010,NEW_TARGETING,LOW,0.139
T000008862,A004027,2026-06-26,C010,NEW_TARGETING,LOW,0.681
T000008863,A004045,2026-06-08,C010,NEW_TARGETING,LOW,0.504
T000008864,A002271,2026-06-04,C010,NEW_TARGETING,MEDIUM,0.215
T000008865,A000954,2026-06-21,C010,NEW_TARGETING,MEDIUM,0.402
T000008866,A000023,2026-06-24,C010,NEW_TARGETING,HIGH,0.436
T000008867,A002556,2026-06-22,C010,NEW_TARGETING,MEDIUM,0.377
T000008868,A003831,2026-06-12,C010,NEW_TARGETING,HIGH,0.989
T000008869,A001844,2026-06-16,C010,NEW_TARGETING,HIGH,0.735
T000008870,A003437,2026-06-04,C010,NEW_TARGETING,MEDIUM,0.194
T000008871,A003288,2026-06-05,C010,NEW_TARGETING,MEDIUM,0.947
T000008872,A001409,2026-06-24,C010,NEW_TARGETING,LOW,0.186
T000008873,A000743,2026-06-07,C010,NEW_TARGETING,LOW,0.846
T000008874,A004142,2026-06-20,C010,NEW_TARGETING,MEDIUM,0.358
T000008875,A000647,2026-06-19,C010,NEW_TARGETING,LOW,0.634
T000008876,A002540,2026-06-23,C010,NEW_TARGETING,MEDIUM,0.198
T000008877,A003784,2026-06-02,C010,NEW_TARGETING,LOW,0.881
T000008878,A000433,2026-06-23,C010,NEW_TARGETING,HIGH,0.458
T000008879,A004041,2026-06-13,C010,NEW_TARGETING,LOW,0.162
T000008880,A000662,2026-06-27,C010,NEW_TARGETING,MEDIUM,0.428
T000008881,A000833,2026-06-15,C010,NEW_TARGETING,HIGH,0.815
T000008882,A001570,2026-06-20,C010,NEW_TARGETING,MEDIUM,0.908
T000008883,A000002,2026-06-04,C010,NEW_TARGETING,HIGH,0.338
T000008884,A004116,2026-06-14,C010,NEW_TARGETING,MEDIUM,0.482
T000008885,A001625,2026-06-26,C010,NEW_TARGETING,MEDIUM,0.747
T000008886,A001753,2026-06-22,C010,NEW_TARGETING,MEDIUM,0.798
T000008887,A003304,2026-06-11,C010,NEW_TARGETING,MEDIUM,0.663
T000008888,A002512,2026-06-13,C010,NEW_TARGETING,LOW,0.717
T000008889,A003585,2026-06-21,C010,NEW_TARGETING,HIGH,0.844
T000008890,A003946,2026-06-22,C010,NEW_TARGETING,HIGH,0.955
T000008891,A002865,2026-06-24,C010,NEW_TARGETING,MEDIUM,0.287
T000008892,A000732,2026-06-11,C010,NEW_TARGETING,HIGH,0.493
T000008893,A003415,2026-06-07,C010,NEW_TARGETING,MEDIUM,0.968
T000008894,A000835,2026-06-05,C010,NEW_TARGETING,MEDIUM,0.764
T000008895,A002156,2026-06-21,C010,NEW_TARGETING,MEDIUM,0.899
T000008896,A002744,2026-06-19,C010,NEW_TARGETING,MEDIUM,0.458
T000008897,A001115,2026-06-05,C010,NEW_TARGETING,MEDIUM,0.715
T000008898,A002819,2026-06-26,C010,NEW_TARGETING,HIGH,0.291
T000008899,A002201,2026-06-19,C010,NEW_TARGETING,LOW,0.354
T000008900,A000111,2026-06-10,C010,NEW_TARGETING,HIGH,0.388
T000008901,A003223,2026-06-15,C010,NEW_TARGETING,MEDIUM,0.92
T000008902,A003054,2026-06-04,C010,NEW_TARGETING,HIGH,0.399
T000008903,A002553,2026-06-02,C010,NEW_TARGETING,LOW,0.421
T000008904,A002534,2026-06-11,C010,NEW_TARGETING,MEDIUM,0.111
T000008905,A000337,2026-06-24,C010,NEW_TARGETING,MEDIUM,0.909
T000008906,A000273,2026-06-18,C010,NEW_TARGETING,LOW,0.741
T000008907,A002268,2026-06-24,C010,NEW_TARGETING,MEDIUM,0.821
T000008908,A003995,2026-06-06,C010,NEW_TARGETING,LOW,0.725
T000008909,A001835,2026-06-05,C010,NEW_TARGETING,HIGH,0.807
T000008910,A004073,2026-06-20,C010,NEW_TARGETING,MEDIUM,0.441
T000008911,A000903,2026-06-21,C010,NEW_TARGETING,MEDIUM,0.375
T000008912,A000696,2026-06-13,C010,NEW_TARGETING,MEDIUM,0.953
T000008913,A001589,2026-06-06,C010,NEW_TARGETING,MEDIUM,0.426
T000008914,A004169,2026-06-25,C010,NEW_TARGETING,HIGH,0.793
T000008915,A003965,2026-06-08,C010,NEW_TARGETING,LOW,0.693
T000008916,A003469,2026-06-05,C010,NEW_TARGETING,LOW,0.365
T000008917,A002647,2026-06-21,C010,NEW_TARGETING,HIGH,0.145
T000008918,A002941,2026-06-15,C010,NEW_TARGETING,MEDIUM,0.645
T000008919,A003702,2026-06-21,C010,NEW_TARGETING,MEDIUM,0.878
T000008920,A003124,2026-06-03,C010,NEW_TARGETING,MEDIUM,0.552
T000008921,A002137,2026-06-17,C010,NEW_TARGETING,MEDIUM,0.241
T000008922,A001039,2026-06-14,C010,NEW_TARGETING,HIGH,0.889
T000008923,A002892,2026-06-03,C010,NEW_TARGETING,HIGH,0.798
T000008924,A003250,2026-06-02,C010,NEW_TARGETING,HIGH,0.43
T000008925,A001916,2026-06-13,C010,NEW_TARGETING,LOW,0.606
T000008926,A002735,2026-06-23,C010,NEW_TARGETING,HIGH,0.48
T000008927,A002094,2026-06-26,C010,NEW_TARGETING,LOW,0.619
T000008928,A001385,2026-06-19,C010,NEW_TARGETING,MEDIUM,0.221
T000008929,A000572,2026-06-23,C010,NEW_TARGETING,HIGH,0.402
T000008930,A004141,2026-06-16,C010,NEW_TARGETING,MEDIUM,0.613
T000008931,A001092,2026-06-25,C010,NEW_TARGETING,MEDIUM,0.284
T000008932,A002571,2026-06-27,C010,NEW_TARGETING,LOW,0.288
T000008933,A001026,2026-06-26,C010,NEW_TARGETING,MEDIUM,0.103
T000008934,A001322,2026-06-13,C010,NEW_TARGETING,MEDIUM,0.155
T000008935,A003469,2026-06-23,C010,NEW_TARGETING,MEDIUM,0.954
T000008936,A003677,2026-06-19,C010,NEW_TARGETING,MEDIUM,0.565
T000008937,A003705,2026-06-02,C010,NEW_TARGETING,LOW,0.106
T000008938,A000869,2026-06-15,C010,NEW_TARGETING,LOW,0.408
T000008939,A002660,2026-06-20,C010,NEW_TARGETING,LOW,0.134
T000008940,A004054,2026-06-16,C010,NEW_TARGETING,MEDIUM,0.62
T000008941,A001982,2026-06-15,C010,NEW_TARGETING,LOW,0.248
T000008942,A003771,2026-06-11,C010,NEW_TARGETING,MEDIUM,0.15
T000008943,A001592,2026-06-17,C010,NEW_TARGETING,MEDIUM,0.283
T000008944,A000704,2026-06-06,C010,NEW_TARGETING,LOW,0.844
T000008945,A002538,2026-06-11,C010,NEW_TARGETING,MEDIUM,0.871
T000008946,A003728,2026-06-09,C010,NEW_TARGETING,MEDIUM,0.567
T000008947,A000742,2026-06-12,C010,NEW_TARGETING,MEDIUM,0.526
T000008948,A003949,2026-06-27,C010,NEW_TARGETING,LOW,0.811
T000008949,A000228,2026-06-24,C010,NEW_TARGETING,HIGH,0.462
T000008950,A000849,2026-06-22,C010,NEW_TARGETING,HIGH,0.323
T000008951,A002082,2026-06-05,C010,NEW_TARGETING,HIGH,0.118
T000008952,A000657,2026-06-09,C010,NEW_TARGETING,MEDIUM,0.16
T000008953,A001894,2026-06-15,C010,NEW_TARGETING,MEDIUM,0.58
T000008954,A002108,2026-06-25,C010,NEW_TARGETING,MEDIUM,0.116
T000008955,A003897,2026-06-19,C010,NEW_TARGETING,MEDIUM,0.507
T000008956,A000456,2026-06-02,C010,NEW_TARGETING,MEDIUM,0.661
T000008957,A002330,2026-06-21,C010,NEW_TARGETING,MEDIUM,0.49
T000008958,A001211,2026-06-12,C010,NEW_TARGETING,HIGH,0.724
T000008959,A000909,2026-06-13,C010,NEW_TARGETING,MEDIUM,0.709
T000008960,A003648,2026-06-22,C010,NEW_TARGETING,HIGH,0.812
T000008961,A000703,2026-06-20,C010,NEW_TARGETING,HIGH,0.868
T000008962,A001444,2026-06-26,C010,NEW_TARGETING,HIGH,0.327
T000008963,A002877,2026-06-23,C010,NEW_TARGETING,HIGH,0.741
T000008964,A000857,2026-06-11,C010,NEW_TARGETING,MEDIUM,0.761
T000008965,A003873,2026-06-20,C010,NEW_TARGETING,LOW,0.679
T000008966,A003830,2026-06-03,C010,NEW_TARGETING,MEDIUM,0.239
T000008967,A002949,2026-06-19,C010,NEW_TARGETING,MEDIUM,0.777
T000008968,A002193,2026-06-25,C010,NEW_TARGETING,LOW,0.142
T000008969,A002960,2026-06-10,C010,NEW_TARGETING,HIGH,0.232
T000008970,A001682,2026-06-06,C010,NEW_TARGETING,HIGH,0.356
T000008971,A001378,2026-06-09,C010,NEW_TARGETING,MEDIUM,0.543
T000008972,A000105,2026-06-21,C010,NEW_TARGETING,HIGH,0.529
T000008973,A001415,2026-06-24,C010,NEW_TARGETING,MEDIUM,0.892
T000008974,A004104,2026-06-13,C010,NEW_TARGETING,HIGH,0.314
T000008975,A003025,2026-06-06,C010,NEW_TARGETING,HIGH,0.249
T000008976,A002465,2026-06-09,C010,NEW_TARGETING,MEDIUM,0.892
T000008977,A001268,2026-06-18,C010,NEW_TARGETING,LOW,0.261
T000008978,A001210,2026-06-21,C010,NEW_TARGETING,MEDIUM,0.435
T000008979,A000545,2026-06-06,C010,NEW_TARGETING,HIGH,0.58
T000008980,A001509,2026-06-12,C010,NEW_TARGETING,LOW,0.379
T000008981,A003477,2026-06-25,C010,NEW_TARGETING,LOW,0.58
T000008982,A001226,2026-06-03,C010,NEW_TARGETING,LOW,0.258
T000008983,A000615,2026-06-12,C010,NEW_TARGETING,HIGH,0.323
T000008984,A003354,2026-06-27,C010,NEW_TARGETING,LOW,0.676
T000008985,A000391,2026-06-25,C010,NEW_TARGETING,HIGH,0.695
T000008986,A003145,2026-06-11,C010,NEW_TARGETING,MEDIUM,0.413
T000008987,A000507,2026-06-10,C010,NEW_TARGETING,LOW,0.202
T000008988,A000793,2026-06-20,C010,NEW_TARGETING,LOW,0.261
T000008989,A004045,2026-06-04,C010,NEW_TARGETING,HIGH,0.91
T000008990,A000739,2026-06-15,C010,NEW_TARGETING,HIGH,0.318
T000008991,A001341,2026-06-09,C010,NEW_TARGETING,MEDIUM,0.197
T000008992,A001042,2026-06-09,C010,NEW_TARGETING,HIGH,0.911
T000008993,A002931,2026-06-01,C010,NEW_TARGETING,HIGH,0.291
T000008994,A003738,2026-06-05,C010,NEW_TARGETING,MEDIUM,0.835
T000008995,A003493,2026-06-17,C010,NEW_TARGETING,LOW,0.625
T000008996,A003261,2026-06-13,C010,NEW_TARGETING,MEDIUM,0.609
T000008997,A000109,2026-06-16,C010,NEW_TARGETING,LOW,0.855
T000008998,A002443,2026-06-06,C010,NEW_TARGETING,MEDIUM,0.643
T000008999,A001479,2026-06-07,C010,NEW_TARGETING,HIGH,0.309
T000009000,A001205,2026-06-23,C010,NEW_TARGETING,LOW,0.644
T000009001,A003983,2026-07-15,C011,NEW_TARGETING,LOW,0.412
T000009002,A003496,2026-07-18,C011,NEW_TARGETING,MEDIUM,0.47
T000009003,A001058,2026-07-26,C011,NEW_TARGETING,MEDIUM,0.747
T000009004,A000235,2026-07-21,C011,NEW_TARGETING,MEDIUM,0.675
T000009005,A002475,2026-07-20,C011,NEW_TARGETING,LOW,0.354
T000009006,A004171,2026-07-24,C011,NEW_TARGETING,MEDIUM,0.535
T000009007,A001842,2026-07-21,C011,NEW_TARGETING,HIGH,0.231
T000009008,A002281,2026-07-19,C011,NEW_TARGETING,MEDIUM,0.461
T000009009,A003848,2026-07-16,C011,NEW_TARGETING,MEDIUM,0.57
T000009010,A003926,2026-07-12,C011,NEW_TARGETING,LOW,0.595
T000009011,A003027,2026-07-10,C011,NEW_TARGETING,HIGH,0.698
T000009012,A002030,2026-07-06,C011,NEW_TARGETING,LOW,0.199
T000009013,A000656,2026-07-22,C011,NEW_TARGETING,LOW,0.215
T000009014,A002636,2026-07-17,C011,NEW_TARGETING,HIGH,0.578
T000009015,A000645,2026-07-25,C011,NEW_TARGETING,HIGH,0.319
T000009016,A001049,2026-07-05,C011,NEW_TARGETING,HIGH,0.242
T000009017,A001846,2026-07-26,C011,NEW_TARGETING,LOW,0.893
T000009018,A001868,2026-07-23,C011,NEW_TARGETING,HIGH,0.372
T000009019,A002197,2026-07-14,C011,NEW_TARGETING,HIGH,0.441
T000009020,A001995,2026-07-04,C011,NEW_TARGETING,MEDIUM,0.575
T000009021,A002441,2026-07-26,C011,NEW_TARGETING,LOW,0.353
T000009022,A000188,2026-07-20,C011,NEW_TARGETING,MEDIUM,0.353
T000009023,A002865,2026-07-08,C011,NEW_TARGETING,HIGH,0.832
T000009024,A004144,2026-07-07,C011,NEW_TARGETING,MEDIUM,0.252
T000009025,A001468,2026-07-21,C011,NEW_TARGETING,MEDIUM,0.307
T000009026,A001115,2026-07-10,C011,NEW_TARGETING,HIGH,0.834
T000009027,A003123,2026-07-26,C011,NEW_TARGETING,MEDIUM,0.24
T000009028,A003056,2026-07-05,C011,NEW_TARGETING,MEDIUM,0.12
T000009029,A000379,2026-07-24,C011,NEW_TARGETING,HIGH,0.611
T000009030,A001090,2026-07-04,C011,NEW_TARGETING,HIGH,0.174
T000009031,A000400,2026-07-09,C011,NEW_TARGETING,MEDIUM,0.124
T000009032,A002333,2026-07-15,C011,NEW_TARGETING,MEDIUM,0.315
T000009033,A001010,2026-07-07,C011,NEW_TARGETING,LOW,0.15
T000009034,A003356,2026-07-24,C011,NEW_TARGETING,HIGH,0.112
T000009035,A000271,2026-07-25,C011,NEW_TARGETING,MEDIUM,0.15
T000009036,A001568,2026-07-25,C011,NEW_TARGETING,MEDIUM,0.434
T000009037,A001310,2026-07-05,C011,NEW_TARGETING,MEDIUM,0.842
T000009038,A002686,2026-07-21,C011,NEW_TARGETING,MEDIUM,0.563
T000009039,A002966,2026-07-06,C011,NEW_TARGETING,LOW,0.378
T000009040,A001851,2026-07-19,C011,NEW_TARGETING,MEDIUM,0.136
T000009041,A002477,2026-07-07,C011,NEW_TARGETING,HIGH,0.277
T000009042,A003092,2026-07-05,C011,NEW_TARGETING,MEDIUM,0.517
T000009043,A002371,2026-07-21,C011,NEW_TARGETING,LOW,0.105
T000009044,A004145,2026-07-25,C011,NEW_TARGETING,HIGH,0.614
T000009045,A000387,2026-07-03,C011,NEW_TARGETING,MEDIUM,0.533
T000009046,A002975,2026-07-10,C011,NEW_TARGETING,MEDIUM,0.619
T000009047,A003848,2026-07-24,C011,NEW_TARGETING,MEDIUM,0.962
T000009048,A000586,2026-07-20,C011,NEW_TARGETING,MEDIUM,0.756
T000009049,A000994,2026-07-05,C011,NEW_TARGETING,LOW,0.933
T000009050,A002802,2026-07-06,C011,NEW_TARGETING,LOW,0.909
T000009051,A000888,2026-07-01,C011,NEW_TARGETING,HIGH,0.766
T000009052,A003279,2026-07-11,C011,NEW_TARGETING,LOW,0.272
T000009053,A000646,2026-07-17,C011,NEW_TARGETING,HIGH,0.879
T000009054,A002494,2026-07-23,C011,NEW_TARGETING,LOW,0.356
T000009055,A003221,2026-07-24,C011,NEW_TARGETING,LOW,0.231
T000009056,A002396,2026-07-23,C011,NEW_TARGETING,HIGH,0.356
T000009057,A001682,2026-07-12,C011,NEW_TARGETING,MEDIUM,0.51
T000009058,A003612,2026-07-19,C011,NEW_TARGETING,HIGH,0.729
T000009059,A003868,2026-07-10,C011,NEW_TARGETING,MEDIUM,0.961
T000009060,A003470,2026-07-19,C011,NEW_TARGETING,MEDIUM,0.108
T000009061,A000757,2026-07-13,C011,NEW_TARGETING,LOW,0.603
T000009062,A001697,2026-07-25,C011,NEW_TARGETING,HIGH,0.465
T000009063,A001993,2026-07-06,C011,NEW_TARGETING,LOW,0.11
T000009064,A003165,2026-07-15,C011,NEW_TARGETING,MEDIUM,0.862
T000009065,A003353,2026-07-03,C011,NEW_TARGETING,MEDIUM,0.646
T000009066,A002465,2026-07-20,C011,NEW_TARGETING,MEDIUM,0.592
T000009067,A003408,2026-07-12,C011,NEW_TARGETING,HIGH,0.67
T000009068,A003334,2026-07-19,C011,NEW_TARGETING,LOW,0.588
T000009069,A002932,2026-07-06,C011,NEW_TARGETING,HIGH,0.312
T000009070,A001690,2026-07-12,C011,NEW_TARGETING,HIGH,0.722
T000009071,A002126,2026-07-17,C011,NEW_TARGETING,HIGH,0.492
T000009072,A001807,2026-07-06,C011,NEW_TARGETING,MEDIUM,0.769
T000009073,A002330,2026-07-11,C011,NEW_TARGETING,MEDIUM,0.773
T000009074,A001418,2026-07-19,C011,NEW_TARGETING,HIGH,0.475
T000009075,A002170,2026-07-09,C011,NEW_TARGETING,HIGH,0.81
T000009076,A000005,2026-07-24,C011,NEW_TARGETING,HIGH,0.717
T000009077,A003845,2026-07-06,C011,NEW_TARGETING,MEDIUM,0.321
T000009078,A003574,2026-07-13,C011,NEW_TARGETING,LOW,0.813
T000009079,A003588,2026-07-10,C011,NEW_TARGETING,MEDIUM,0.457
T000009080,A004042,2026-07-23,C011,NEW_TARGETING,LOW,0.36
T000009081,A001816,2026-07-12,C011,NEW_TARGETING,HIGH,0.185
T000009082,A003587,2026-07-26,C011,NEW_TARGETING,LOW,0.741
T000009083,A002267,2026-07-27,C011,NEW_TARGETING,HIGH,0.759
T000009084,A001160,2026-07-20,C011,NEW_TARGETING,MEDIUM,0.609
T000009085,A001842,2026-07-09,C011,NEW_TARGETING,LOW,0.645
T000009086,A000742,2026-07-15,C011,NEW_TARGETING,HIGH,0.696
T000009087,A002497,2026-07-18,C011,NEW_TARGETING,LOW,0.966
T000009088,A001221,2026-07-13,C011,NEW_TARGETING,MEDIUM,0.168
T000009089,A001373,2026-07-25,C011,NEW_TARGETING,LOW,0.506
T000009090,A001127,2026-07-22,C011,NEW_TARGETING,MEDIUM,0.866
T000009091,A000360,2026-07-25,C011,NEW_TARGETING,HIGH,0.773
T000009092,A002341,2026-07-08,C011,NEW_TARGETING,MEDIUM,0.256
T000009093,A002858,2026-07-02,C011,NEW_TARGETING,MEDIUM,0.305
T000009094,A002935,2026-07-11,C011,NEW_TARGETING,HIGH,0.618
T000009095,A000562,2026-07-08,C011,NEW_TARGETING,LOW,0.121
T000009096,A000739,2026-07-04,C011,NEW_TARGETING,HIGH,0.396
T000009097,A001846,2026-07-03,C011,NEW_TARGETING,HIGH,0.849
T000009098,A002088,2026-07-21,C011,NEW_TARGETING,MEDIUM,0.757
T000009099,A001975,2026-07-24,C011,NEW_TARGETING,MEDIUM,0.216
T000009100,A000629,2026-07-06,C011,NEW_TARGETING,MEDIUM,0.763
T000009101,A002428,2026-07-18,C011,NEW_TARGETING,HIGH,0.388
T000009102,A001064,2026-07-10,C011,NEW_TARGETING,HIGH,0.89
T000009103,A003995,2026-07-03,C011,NEW_TARGETING,HIGH,0.447
T000009104,A003035,2026-07-26,C011,NEW_TARGETING,MEDIUM,0.438
T000009105,A000019,2026-07-23,C011,NEW_TARGETING,MEDIUM,0.253
T000009106,A003617,2026-07-16,C011,NEW_TARGETING,MEDIUM,0.407
T000009107,A004123,2026-07-03,C011,NEW_TARGETING,HIGH,0.221
T000009108,A003745,2026-07-26,C011,NEW_TARGETING,MEDIUM,0.795
T000009109,A002003,2026-07-05,C011,NEW_TARGETING,MEDIUM,0.807
T000009110,A000954,2026-07-06,C011,NEW_TARGETING,MEDIUM,0.718
T000009111,A000837,2026-07-12,C011,NEW_TARGETING,HIGH,0.46
T000009112,A002534,2026-07-18,C011,NEW_TARGETING,HIGH,0.675
T000009113,A000529,2026-07-05,C011,NEW_TARGETING,MEDIUM,0.616
T000009114,A002619,2026-07-14,C011,NEW_TARGETING,LOW,0.468
T000009115,A001688,2026-07-14,C011,NEW_TARGETING,MEDIUM,0.69
T000009116,A004031,2026-07-02,C011,NEW_TARGETING,MEDIUM,0.516
T000009117,A001829,2026-07-14,C011,NEW_TARGETING,MEDIUM,0.935
T000009118,A004100,2026-07-13,C011,NEW_TARGETING,MEDIUM,0.634
T000009119,A000562,2026-07-14,C011,NEW_TARGETING,HIGH,0.764
T000009120,A004071,2026-07-18,C011,NEW_TARGETING,MEDIUM,0.333
T000009121,A000120,2026-07-26,C011,NEW_TARGETING,LOW,0.573
T000009122,A003825,2026-07-26,C011,NEW_TARGETING,LOW,0.512
T000009123,A001905,2026-07-23,C011,NEW_TARGETING,MEDIUM,0.959
T000009124,A003896,2026-07-07,C011,NEW_TARGETING,MEDIUM,0.705
T000009125,A003622,2026-07-19,C011,NEW_TARGETING,MEDIUM,0.708
T000009126,A002609,2026-07-21,C011,NEW_TARGETING,LOW,0.583
T000009127,A003048,2026-07-14,C011,NEW_TARGETING,MEDIUM,0.679
T000009128,A000735,2026-07-07,C011,NEW_TARGETING,LOW,0.266
T000009129,A003630,2026-07-08,C011,NEW_TARGETING,MEDIUM,0.704
T000009130,A003875,2026-07-08,C011,NEW_TARGETING,MEDIUM,0.658
T000009131,A002057,2026-07-01,C011,NEW_TARGETING,HIGH,0.248
T000009132,A002218,2026-07-15,C011,NEW_TARGETING,MEDIUM,0.317
T000009133,A002722,2026-07-01,C011,NEW_TARGETING,LOW,0.852
T000009134,A002258,2026-07-14,C011,NEW_TARGETING,LOW,0.287
T000009135,A002980,2026-07-25,C011,NEW_TARGETING,LOW,0.575
T000009136,A002846,2026-07-11,C011,NEW_TARGETING,MEDIUM,0.452
T000009137,A000321,2026-07-21,C011,NEW_TARGETING,LOW,0.249
T000009138,A001395,2026-07-01,C011,NEW_TARGETING,HIGH,0.718
T000009139,A001204,2026-07-22,C011,NEW_TARGETING,LOW,0.722
T000009140,A001055,2026-07-18,C011,NEW_TARGETING,MEDIUM,0.641
T000009141,A004193,2026-07-22,C011,NEW_TARGETING,MEDIUM,0.469
T000009142,A001296,2026-07-19,C011,NEW_TARGETING,MEDIUM,0.734
T000009143,A003836,2026-07-18,C011,NEW_TARGETING,HIGH,0.793
T000009144,A002051,2026-07-01,C011,NEW_TARGETING,LOW,0.361
T000009145,A002359,2026-07-19,C011,NEW_TARGETING,MEDIUM,0.557
T000009146,A001674,2026-07-27,C011,NEW_TARGETING,HIGH,0.36
T000009147,A000729,2026-07-24,C011,NEW_TARGETING,MEDIUM,0.607
T000009148,A002265,2026-07-02,C011,NEW_TARGETING,MEDIUM,0.885
T000009149,A003557,2026-07-27,C011,NEW_TARGETING,LOW,0.501
T000009150,A003865,2026-07-04,C011,NEW_TARGETING,LOW,0.45
T000009151,A000063,2026-07-18,C011,NEW_TARGETING,MEDIUM,0.685
T000009152,A000080,2026-07-26,C011,NEW_TARGETING,MEDIUM,0.978
T000009153,A003073,2026-07-01,C011,NEW_TARGETING,LOW,0.144
T000009154,A003139,2026-07-13,C011,NEW_TARGETING,MEDIUM,0.407
T000009155,A002641,2026-07-12,C011,NEW_TARGETING,MEDIUM,0.901
T000009156,A001355,2026-07-02,C011,NEW_TARGETING,LOW,0.567
T000009157,A002183,2026-07-25,C011,NEW_TARGETING,MEDIUM,0.812
T000009158,A001588,2026-07-02,C011,NEW_TARGETING,MEDIUM,0.523
T000009159,A003484,2026-07-20,C011,NEW_TARGETING,MEDIUM,0.821
T000009160,A002858,2026-07-22,C011,NEW_TARGETING,LOW,0.135
T000009161,A000969,2026-07-26,C011,NEW_TARGETING,MEDIUM,0.16
T000009162,A000715,2026-07-11,C011,NEW_TARGETING,HIGH,0.258
T000009163,A003398,2026-07-15,C011,NEW_TARGETING,MEDIUM,0.318
T000009164,A002696,2026-07-06,C011,NEW_TARGETING,LOW,0.306
T000009165,A003590,2026-07-02,C011,NEW_TARGETING,MEDIUM,0.912
T000009166,A000268,2026-07-13,C011,NEW_TARGETING,MEDIUM,0.662
T000009167,A000715,2026-07-16,C011,NEW_TARGETING,MEDIUM,0.171
T000009168,A002836,2026-07-15,C011,NEW_TARGETING,LOW,0.187
T000009169,A004066,2026-07-21,C011,NEW_TARGETING,HIGH,0.3
T000009170,A002743,2026-07-16,C011,NEW_TARGETING,HIGH,0.142
T000009171,A000094,2026-07-24,C011,NEW_TARGETING,LOW,0.96
T000009172,A000307,2026-07-11,C011,NEW_TARGETING,LOW,0.138
T000009173,A004102,2026-07-10,C011,NEW_TARGETING,LOW,0.455
T000009174,A003950,2026-07-19,C011,NEW_TARGETING,HIGH,0.309
T000009175,A002171,2026-07-27,C011,NEW_TARGETING,MEDIUM,0.24
T000009176,A000330,2026-07-12,C011,NEW_TARGETING,MEDIUM,0.408
T000009177,A002286,2026-07-14,C011,NEW_TARGETING,MEDIUM,0.855
T000009178,A001202,2026-07-21,C011,NEW_TARGETING,LOW,0.432
T000009179,A003050,2026-07-09,C011,NEW_TARGETING,MEDIUM,0.298
T000009180,A003083,2026-07-27,C011,NEW_TARGETING,MEDIUM,0.891
T000009181,A003390,2026-07-12,C011,NEW_TARGETING,MEDIUM,0.681
T000009182,A000394,2026-07-19,C011,NEW_TARGETING,HIGH,0.988
T000009183,A003221,2026-07-15,C011,NEW_TARGETING,LOW,0.595
T000009184,A002180,2026-07-10,C011,NEW_TARGETING,MEDIUM,0.281
T000009185,A000004,2026-07-05,C011,NEW_TARGETING,MEDIUM,0.74
T000009186,A003486,2026-07-21,C011,NEW_TARGETING,MEDIUM,0.875
T000009187,A001607,2026-07-08,C011,NEW_TARGETING,MEDIUM,0.915
T000009188,A002048,2026-07-15,C011,NEW_TARGETING,HIGH,0.91
T000009189,A002766,2026-07-22,C011,NEW_TARGETING,HIGH,0.368
T000009190,A001860,2026-07-10,C011,NEW_TARGETING,MEDIUM,0.166
T000009191,A000470,2026-07-02,C011,NEW_TARGETING,HIGH,0.91
T000009192,A003509,2026-07-24,C011,NEW_TARGETING,MEDIUM,0.663
T000009193,A001244,2026-07-23,C011,NEW_TARGETING,LOW,0.175
T000009194,A002685,2026-07-17,C011,NEW_TARGETING,MEDIUM,0.469
T000009195,A002368,2026-07-23,C011,NEW_TARGETING,MEDIUM,0.976
T000009196,A003124,2026-07-22,C011,NEW_TARGETING,LOW,0.793
T000009197,A000021,2026-07-22,C011,NEW_TARGETING,HIGH,0.575
T000009198,A002918,2026-07-19,C011,NEW_TARGETING,MEDIUM,0.544
T000009199,A002757,2026-07-07,C011,NEW_TARGETING,HIGH,0.745
T000009200,A000699,2026-07-22,C011,NEW_TARGETING,HIGH,0.114
T000009201,A001219,2026-07-16,C011,NEW_TARGETING,HIGH,0.484
T000009202,A001417,2026-07-12,C011,NEW_TARGETING,LOW,0.222
T000009203,A000679,2026-07-16,C011,NEW_TARGETING,HIGH,0.422
T000009204,A002304,2026-07-16,C011,NEW_TARGETING,MEDIUM,0.545
T000009205,A002340,2026-07-15,C011,NEW_TARGETING,LOW,0.58
T000009206,A000968,2026-07-13,C011,NEW_TARGETING,HIGH,0.368
T000009207,A003684,2026-07-25,C011,NEW_TARGETING,LOW,0.386
T000009208,A001089,2026-07-19,C011,NEW_TARGETING,HIGH,0.408
T000009209,A003711,2026-07-09,C011,NEW_TARGETING,LOW,0.131
T000009210,A003760,2026-07-09,C011,NEW_TARGETING,MEDIUM,0.433
T000009211,A000545,2026-07-08,C011,NEW_TARGETING,LOW,0.283
T000009212,A000685,2026-07-07,C011,NEW_TARGETING,LOW,0.746
T000009213,A000003,2026-07-27,C011,NEW_TARGETING,MEDIUM,0.699
T000009214,A003055,2026-07-26,C011,NEW_TARGETING,HIGH,0.71
T000009215,A002788,2026-07-11,C011,NEW_TARGETING,LOW,0.612
T000009216,A003248,2026-07-12,C011,NEW_TARGETING,MEDIUM,0.166
T000009217,A002195,2026-07-18,C011,NEW_TARGETING,MEDIUM,0.595
T000009218,A003104,2026-07-22,C011,NEW_TARGETING,MEDIUM,0.806
T000009219,A001385,2026-07-08,C011,NEW_TARGETING,MEDIUM,0.937
T000009220,A001047,2026-07-08,C011,NEW_TARGETING,LOW,0.22
T000009221,A000154,2026-07-18,C011,NEW_TARGETING,MEDIUM,0.297
T000009222,A001830,2026-07-14,C011,NEW_TARGETING,MEDIUM,0.118
T000009223,A003675,2026-07-21,C011,NEW_TARGETING,MEDIUM,0.469
T000009224,A000165,2026-07-25,C011,NEW_TARGETING,HIGH,0.719
T000009225,A000021,2026-07-25,C011,NEW_TARGETING,MEDIUM,0.483
T000009226,A002643,2026-07-18,C011,NEW_TARGETING,LOW,0.328
T000009227,A000533,2026-07-01,C011,NEW_TARGETING,MEDIUM,0.279
T000009228,A001652,2026-07-09,C011,NEW_TARGETING,MEDIUM,0.828
T000009229,A003870,2026-07-13,C011,NEW_TARGETING,LOW,0.578
T000009230,A001352,2026-07-12,C011,NEW_TARGETING,MEDIUM,0.544
T000009231,A004039,2026-07-27,C011,NEW_TARGETING,LOW,0.761
T000009232,A000829,2026-07-16,C011,NEW_TARGETING,LOW,0.289
T000009233,A003995,2026-07-16,C011,NEW_TARGETING,LOW,0.883
T000009234,A002742,2026-07-20,C011,NEW_TARGETING,MEDIUM,0.434
T000009235,A002762,2026-07-27,C011,NEW_TARGETING,MEDIUM,0.958
T000009236,A002833,2026-07-12,C011,NEW_TARGETING,LOW,0.611
T000009237,A002185,2026-07-02,C011,NEW_TARGETING,LOW,0.269
T000009238,A002709,2026-07-25,C011,NEW_TARGETING,LOW,0.957
T000009239,A000757,2026-07-22,C011,NEW_TARGETING,HIGH,0.344
T000009240,A000206,2026-07-05,C011,NEW_TARGETING,MEDIUM,0.185
T000009241,A002596,2026-07-20,C011,NEW_TARGETING,HIGH,0.656
T000009242,A004008,2026-07-01,C011,NEW_TARGETING,LOW,0.663
T000009243,A001029,2026-07-16,C011,NEW_TARGETING,MEDIUM,0.514
T000009244,A004126,2026-07-15,C011,NEW_TARGETING,HIGH,0.291
T000009245,A002583,2026-07-04,C011,NEW_TARGETING,LOW,0.155
T000009246,A001968,2026-07-27,C011,NEW_TARGETING,MEDIUM,0.539
T000009247,A000599,2026-07-27,C011,NEW_TARGETING,LOW,0.948
T000009248,A003808,2026-07-12,C011,NEW_TARGETING,MEDIUM,0.618
T000009249,A000178,2026-07-24,C011,NEW_TARGETING,MEDIUM,0.588
T000009250,A000955,2026-07-01,C011,NEW_TARGETING,MEDIUM,0.911
T000009251,A002005,2026-07-22,C011,NEW_TARGETING,HIGH,0.921
T000009252,A000311,2026-07-03,C011,NEW_TARGETING,MEDIUM,0.383
T000009253,A003667,2026-07-24,C011,NEW_TARGETING,HIGH,0.246
T000009254,A000117,2026-07-11,C011,NEW_TARGETING,MEDIUM,0.786
T000009255,A003803,2026-07-12,C011,NEW_TARGETING,MEDIUM,0.828
T000009256,A000233,2026-07-10,C011,NEW_TARGETING,MEDIUM,0.379
T000009257,A001739,2026-07-09,C011,NEW_TARGETING,MEDIUM,0.47
T000009258,A003260,2026-07-12,C011,NEW_TARGETING,LOW,0.842
T000009259,A002812,2026-07-16,C011,NEW_TARGETING,MEDIUM,0.77
T000009260,A000592,2026-07-09,C011,NEW_TARGETING,MEDIUM,0.212
T000009261,A001659,2026-07-22,C011,NEW_TARGETING,MEDIUM,0.607
T000009262,A001305,2026-07-20,C011,NEW_TARGETING,LOW,0.452
T000009263,A001016,2026-07-24,C011,NEW_TARGETING,MEDIUM,0.191
T000009264,A000583,2026-07-19,C011,NEW_TARGETING,MEDIUM,0.729
T000009265,A004181,2026-07-18,C011,NEW_TARGETING,MEDIUM,0.617
T000009266,A003806,2026-07-13,C011,NEW_TARGETING,HIGH,0.423
T000009267,A002150,2026-07-07,C011,NEW_TARGETING,LOW,0.547
T000009268,A002521,2026-07-26,C011,NEW_TARGETING,HIGH,0.799
T000009269,A001683,2026-07-17,C011,NEW_TARGETING,MEDIUM,0.308
T000009270,A002266,2026-07-17,C011,NEW_TARGETING,LOW,0.497
T000009271,A001910,2026-07-03,C011,NEW_TARGETING,HIGH,0.697
T000009272,A000169,2026-07-25,C011,NEW_TARGETING,MEDIUM,0.801
T000009273,A002341,2026-07-10,C011,NEW_TARGETING,MEDIUM,0.303
T000009274,A002919,2026-07-17,C011,NEW_TARGETING,MEDIUM,0.382
T000009275,A001970,2026-07-21,C011,NEW_TARGETING,MEDIUM,0.617
T000009276,A003708,2026-07-27,C011,NEW_TARGETING,MEDIUM,0.604
T000009277,A002135,2026-07-11,C011,NEW_TARGETING,MEDIUM,0.313
T000009278,A001076,2026-07-19,C011,NEW_TARGETING,MEDIUM,0.722
T000009279,A003434,2026-07-25,C011,NEW_TARGETING,HIGH,0.875
T000009280,A000561,2026-07-08,C011,NEW_TARGETING,HIGH,0.96
T000009281,A002981,2026-07-14,C011,NEW_TARGETING,LOW,0.612
T000009282,A001129,2026-07-08,C011,NEW_TARGETING,MEDIUM,0.694
T000009283,A003898,2026-07-15,C011,NEW_TARGETING,MEDIUM,0.156
T000009284,A003471,2026-07-15,C011,NEW_TARGETING,LOW,0.401
T000009285,A001949,2026-07-15,C011,NEW_TARGETING,MEDIUM,0.67
T000009286,A001999,2026-07-24,C011,NEW_TARGETING,MEDIUM,0.804
T000009287,A001154,2026-07-23,C011,NEW_TARGETING,HIGH,0.437
T000009288,A000849,2026-07-05,C011,NEW_TARGETING,HIGH,0.684
T000009289,A001774,2026-07-27,C011,NEW_TARGETING,LOW,0.506
T000009290,A000773,2026-07-17,C011,NEW_TARGETING,MEDIUM,0.605
T000009291,A003347,2026-07-10,C011,NEW_TARGETING,MEDIUM,0.364
T000009292,A003205,2026-07-14,C011,NEW_TARGETING,MEDIUM,0.372
T000009293,A003222,2026-07-15,C011,NEW_TARGETING,MEDIUM,0.579
T000009294,A001442,2026-07-06,C011,NEW_TARGETING,LOW,0.547
T000009295,A000967,2026-07-11,C011,NEW_TARGETING,MEDIUM,0.768
T000009296,A002581,2026-07-03,C011,NEW_TARGETING,HIGH,0.752
T000009297,A001519,2026-07-10,C011,NEW_TARGETING,HIGH,0.322
T000009298,A000995,2026-07-17,C011,NEW_TARGETING,MEDIUM,0.812
T000009299,A002465,2026-07-21,C011,NEW_TARGETING,LOW,0.488
T000009300,A003639,2026-07-17,C011,NEW_TARGETING,LOW,0.368
T000009301,A000419,2026-07-21,C011,NEW_TARGETING,HIGH,0.882
T000009302,A000626,2026-07-15,C011,NEW_TARGETING,MEDIUM,0.776
T000009303,A002671,2026-07-18,C011,NEW_TARGETING,MEDIUM,0.694
T000009304,A002591,2026-07-21,C011,NEW_TARGETING,LOW,0.729
T000009305,A001214,2026-07-24,C011,NEW_TARGETING,LOW,0.729
T000009306,A000305,2026-07-07,C011,NEW_TARGETING,MEDIUM,0.851
T000009307,A000680,2026-07-21,C011,NEW_TARGETING,HIGH,0.927
T000009308,A001417,2026-07-13,C011,NEW_TARGETING,MEDIUM,0.33
T000009309,A000307,2026-07-10,C011,NEW_TARGETING,MEDIUM,0.741
T000009310,A001505,2026-07-12,C011,NEW_TARGETING,MEDIUM,0.494
T000009311,A002184,2026-07-23,C011,NEW_TARGETING,LOW,0.153
T000009312,A002620,2026-07-12,C011,NEW_TARGETING,MEDIUM,0.198
T000009313,A001387,2026-07-24,C011,NEW_TARGETING,MEDIUM,0.242
T000009314,A003448,2026-07-14,C011,NEW_TARGETING,MEDIUM,0.725
T000009315,A002142,2026-07-10,C011,NEW_TARGETING,HIGH,0.263
T000009316,A001412,2026-07-20,C011,NEW_TARGETING,HIGH,0.437
T000009317,A000342,2026-07-14,C011,NEW_TARGETING,MEDIUM,0.478
T000009318,A003940,2026-07-04,C011,NEW_TARGETING,LOW,0.143
T000009319,A000309,2026-07-01,C011,NEW_TARGETING,MEDIUM,0.419
T000009320,A003527,2026-07-21,C011,NEW_TARGETING,MEDIUM,0.494
T000009321,A002256,2026-07-19,C011,NEW_TARGETING,HIGH,0.319
T000009322,A001304,2026-07-26,C011,NEW_TARGETING,HIGH,0.309
T000009323,A000530,2026-07-04,C011,NEW_TARGETING,LOW,0.665
T000009324,A002649,2026-07-18,C011,NEW_TARGETING,MEDIUM,0.45
T000009325,A000964,2026-07-21,C011,NEW_TARGETING,MEDIUM,0.402
T000009326,A003412,2026-07-26,C011,NEW_TARGETING,HIGH,0.853
T000009327,A002902,2026-07-21,C011,NEW_TARGETING,MEDIUM,0.334
T000009328,A002475,2026-07-27,C011,NEW_TARGETING,MEDIUM,0.161
T000009329,A000566,2026-07-08,C011,NEW_TARGETING,MEDIUM,0.682
T000009330,A003491,2026-07-09,C011,NEW_TARGETING,LOW,0.889
T000009331,A000136,2026-07-01,C011,NEW_TARGETING,LOW,0.954
T000009332,A001973,2026-07-06,C011,NEW_TARGETING,MEDIUM,0.345
T000009333,A003330,2026-07-02,C011,NEW_TARGETING,MEDIUM,0.78
T000009334,A003667,2026-07-18,C011,NEW_TARGETING,LOW,0.779
T000009335,A003335,2026-07-19,C011,NEW_TARGETING,HIGH,0.243
T000009336,A000274,2026-07-26,C011,NEW_TARGETING,HIGH,0.842
T000009337,A000836,2026-07-13,C011,NEW_TARGETING,MEDIUM,0.819
T000009338,A002928,2026-07-25,C011,NEW_TARGETING,LOW,0.71
T000009339,A004167,2026-07-27,C011,NEW_TARGETING,MEDIUM,0.389
T000009340,A002744,2026-07-09,C011,NEW_TARGETING,MEDIUM,0.983
T000009341,A002096,2026-07-04,C011,NEW_TARGETING,HIGH,0.525
T000009342,A003803,2026-07-13,C011,NEW_TARGETING,LOW,0.835
T000009343,A002137,2026-07-09,C011,NEW_TARGETING,MEDIUM,0.238
T000009344,A002533,2026-07-15,C011,NEW_TARGETING,MEDIUM,0.467
T000009345,A002353,2026-07-02,C011,NEW_TARGETING,HIGH,0.593
T000009346,A003806,2026-07-09,C011,NEW_TARGETING,MEDIUM,0.788
T000009347,A004182,2026-07-25,C011,NEW_TARGETING,MEDIUM,0.35
T000009348,A002015,2026-07-20,C011,NEW_TARGETING,MEDIUM,0.434
T000009349,A003138,2026-07-18,C011,NEW_TARGETING,LOW,0.612
T000009350,A000804,2026-07-21,C011,NEW_TARGETING,MEDIUM,0.936
T000009351,A000647,2026-07-20,C011,NEW_TARGETING,LOW,0.881
T000009352,A000401,2026-07-27,C011,NEW_TARGETING,MEDIUM,0.863
T000009353,A001982,2026-07-24,C011,NEW_TARGETING,MEDIUM,0.949
T000009354,A001608,2026-07-10,C011,NEW_TARGETING,MEDIUM,0.397
T000009355,A000659,2026-07-14,C011,NEW_TARGETING,MEDIUM,0.935
T000009356,A003130,2026-07-18,C011,NEW_TARGETING,MEDIUM,0.38
T000009357,A003579,2026-07-12,C011,NEW_TARGETING,HIGH,0.675
T000009358,A002792,2026-07-03,C011,NEW_TARGETING,MEDIUM,0.858
T000009359,A003099,2026-07-06,C011,NEW_TARGETING,MEDIUM,0.198
T000009360,A001191,2026-07-20,C011,NEW_TARGETING,HIGH,0.426
T000009361,A002851,2026-07-12,C011,NEW_TARGETING,HIGH,0.821
T000009362,A002949,2026-07-22,C011,NEW_TARGETING,LOW,0.908
T000009363,A001458,2026-07-07,C011,NEW_TARGETING,MEDIUM,0.527
T000009364,A000549,2026-07-19,C011,NEW_TARGETING,MEDIUM,0.743
T000009365,A004048,2026-07-14,C011,NEW_TARGETING,HIGH,0.658
T000009366,A000665,2026-07-21,C011,NEW_TARGETING,HIGH,0.208
T000009367,A000617,2026-07-23,C011,NEW_TARGETING,LOW,0.465
T000009368,A001192,2026-07-26,C011,NEW_TARGETING,MEDIUM,0.435
T000009369,A003788,2026-07-21,C011,NEW_TARGETING,HIGH,0.697
T000009370,A001597,2026-07-15,C011,NEW_TARGETING,MEDIUM,0.628
T000009371,A003249,2026-07-14,C011,NEW_TARGETING,MEDIUM,0.593
T000009372,A002365,2026-07-18,C011,NEW_TARGETING,LOW,0.161
T000009373,A003431,2026-07-08,C011,NEW_TARGETING,MEDIUM,0.796
T000009374,A002138,2026-07-04,C011,NEW_TARGETING,HIGH,0.642
T000009375,A000854,2026-07-23,C011,NEW_TARGETING,LOW,0.82
T000009376,A003093,2026-07-24,C011,NEW_TARGETING,MEDIUM,0.26
T000009377,A003336,2026-07-10,C011,NEW_TARGETING,MEDIUM,0.24
T000009378,A000757,2026-07-26,C011,NEW_TARGETING,LOW,0.869
T000009379,A003758,2026-07-25,C011,NEW_TARGETING,LOW,0.59
T000009380,A003312,2026-07-03,C011,NEW_TARGETING,MEDIUM,0.113
T000009381,A004132,2026-07-19,C011,NEW_TARGETING,MEDIUM,0.51
T000009382,A000938,2026-07-25,C011,NEW_TARGETING,MEDIUM,0.513
T000009383,A002207,2026-07-25,C011,NEW_TARGETING,MEDIUM,0.553
T000009384,A002636,2026-07-18,C011,NEW_TARGETING,HIGH,0.825
T000009385,A000031,2026-07-15,C011,NEW_TARGETING,HIGH,0.911
T000009386,A003963,2026-07-18,C011,NEW_TARGETING,LOW,0.682
T000009387,A002702,2026-07-12,C011,NEW_TARGETING,MEDIUM,0.956
T000009388,A003113,2026-07-04,C011,NEW_TARGETING,HIGH,0.237
T000009389,A003514,2026-07-14,C011,NEW_TARGETING,MEDIUM,0.141
T000009390,A001768,2026-07-20,C011,NEW_TARGETING,MEDIUM,0.205
T000009391,A003361,2026-07-03,C011,NEW_TARGETING,MEDIUM,0.254
T000009392,A000754,2026-07-23,C011,NEW_TARGETING,MEDIUM,0.777
T000009393,A003410,2026-07-09,C011,NEW_TARGETING,MEDIUM,0.931
T000009394,A002212,2026-07-12,C011,NEW_TARGETING,MEDIUM,0.914
T000009395,A003242,2026-07-06,C011,NEW_TARGETING,MEDIUM,0.155
T000009396,A003016,2026-07-18,C011,NEW_TARGETING,MEDIUM,0.39
T000009397,A003763,2026-07-19,C011,NEW_TARGETING,HIGH,0.466
T000009398,A002443,2026-07-07,C011,NEW_TARGETING,MEDIUM,0.323
T000009399,A001443,2026-07-11,C011,NEW_TARGETING,MEDIUM,0.823
T000009400,A002613,2026-07-16,C011,NEW_TARGETING,MEDIUM,0.51
T000009401,A001343,2026-07-06,C011,NEW_TARGETING,MEDIUM,0.642
T000009402,A001076,2026-07-21,C011,NEW_TARGETING,MEDIUM,0.364
T000009403,A004092,2026-07-13,C011,NEW_TARGETING,MEDIUM,0.237
T000009404,A000567,2026-07-12,C011,NEW_TARGETING,HIGH,0.843
T000009405,A002575,2026-07-01,C011,NEW_TARGETING,LOW,0.231
T000009406,A000336,2026-07-16,C011,NEW_TARGETING,LOW,0.748
T000009407,A001917,2026-07-18,C011,NEW_TARGETING,HIGH,0.325
T000009408,A003392,2026-07-02,C011,NEW_TARGETING,MEDIUM,0.151
T000009409,A002419,2026-07-11,C011,NEW_TARGETING,MEDIUM,0.326
T000009410,A002193,2026-07-09,C011,NEW_TARGETING,LOW,0.606
T000009411,A002633,2026-07-27,C011,NEW_TARGETING,HIGH,0.69
T000009412,A000867,2026-07-19,C011,NEW_TARGETING,LOW,0.701
T000009413,A003990,2026-07-26,C011,NEW_TARGETING,MEDIUM,0.654
T000009414,A000725,2026-07-06,C011,NEW_TARGETING,MEDIUM,0.489
T000009415,A001283,2026-07-18,C011,NEW_TARGETING,MEDIUM,0.679
T000009416,A001996,2026-07-07,C011,NEW_TARGETING,MEDIUM,0.452
T000009417,A001431,2026-07-06,C011,NEW_TARGETING,HIGH,0.591
T000009418,A002662,2026-07-15,C011,NEW_TARGETING,HIGH,0.198
T000009419,A002394,2026-07-06,C011,NEW_TARGETING,MEDIUM,0.616
T000009420,A001213,2026-07-06,C011,NEW_TARGETING,MEDIUM,0.847
T000009421,A002609,2026-07-12,C011,NEW_TARGETING,HIGH,0.838
T000009422,A003741,2026-07-15,C011,NEW_TARGETING,LOW,0.63
T000009423,A003597,2026-07-24,C011,NEW_TARGETING,LOW,0.877
T000009424,A002418,2026-07-15,C011,NEW_TARGETING,MEDIUM,0.234
T000009425,A002753,2026-07-03,C011,NEW_TARGETING,MEDIUM,0.601
T000009426,A003963,2026-07-20,C011,NEW_TARGETING,MEDIUM,0.349
T000009427,A000539,2026-07-26,C011,NEW_TARGETING,MEDIUM,0.613
T000009428,A002535,2026-07-19,C011,NEW_TARGETING,MEDIUM,0.965
T000009429,A000619,2026-07-07,C011,NEW_TARGETING,MEDIUM,0.44
T000009430,A001195,2026-07-07,C011,NEW_TARGETING,LOW,0.626
T000009431,A003182,2026-07-06,C011,NEW_TARGETING,HIGH,0.843
T000009432,A000002,2026-07-07,C011,NEW_TARGETING,MEDIUM,0.587
T000009433,A001268,2026-07-14,C011,NEW_TARGETING,HIGH,0.227
T000009434,A001687,2026-07-03,C011,NEW_TARGETING,MEDIUM,0.647
T000009435,A004085,2026-07-26,C011,NEW_TARGETING,LOW,0.307
T000009436,A001728,2026-07-15,C011,NEW_TARGETING,MEDIUM,0.227
T000009437,A001417,2026-07-12,C011,NEW_TARGETING,LOW,0.534
T000009438,A000788,2026-07-20,C011,NEW_TARGETING,HIGH,0.638
T000009439,A001763,2026-07-22,C011,NEW_TARGETING,MEDIUM,0.915
T000009440,A000261,2026-07-23,C011,NEW_TARGETING,MEDIUM,0.938
T000009441,A002172,2026-07-14,C011,NEW_TARGETING,MEDIUM,0.507
T000009442,A001275,2026-07-18,C011,NEW_TARGETING,MEDIUM,0.889
T000009443,A000882,2026-07-22,C011,NEW_TARGETING,LOW,0.919
T000009444,A000075,2026-07-13,C011,NEW_TARGETING,LOW,0.449
T000009445,A004017,2026-07-06,C011,NEW_TARGETING,LOW,0.677
T000009446,A001792,2026-07-08,C011,NEW_TARGETING,LOW,0.941
T000009447,A000417,2026-07-13,C011,NEW_TARGETING,HIGH,0.484
T000009448,A001969,2026-07-14,C011,NEW_TARGETING,LOW,0.923
T000009449,A004106,2026-07-06,C011,NEW_TARGETING,MEDIUM,0.463
T000009450,A002362,2026-07-09,C011,NEW_TARGETING,LOW,0.884
T000009451,A001100,2026-07-05,C011,NEW_TARGETING,LOW,0.562
T000009452,A000892,2026-07-05,C011,NEW_TARGETING,MEDIUM,0.937
T000009453,A003855,2026-07-07,C011,NEW_TARGETING,MEDIUM,0.938
T000009454,A002375,2026-07-18,C011,NEW_TARGETING,MEDIUM,0.348
T000009455,A003473,2026-07-04,C011,NEW_TARGETING,MEDIUM,0.251
T000009456,A000042,2026-07-04,C011,NEW_TARGETING,HIGH,0.493
T000009457,A004196,2026-07-06,C011,NEW_TARGETING,MEDIUM,0.799
T000009458,A002565,2026-07-11,C011,NEW_TARGETING,LOW,0.612
T000009459,A002066,2026-07-03,C011,NEW_TARGETING,MEDIUM,0.714
T000009460,A001698,2026-07-06,C011,NEW_TARGETING,MEDIUM,0.734
T000009461,A001704,2026-07-17,C011,NEW_TARGETING,MEDIUM,0.871
T000009462,A001057,2026-07-21,C011,NEW_TARGETING,MEDIUM,0.572
T000009463,A003270,2026-07-27,C011,NEW_TARGETING,LOW,0.251
T000009464,A004158,2026-07-05,C011,NEW_TARGETING,MEDIUM,0.716
T000009465,A001983,2026-07-05,C011,NEW_TARGETING,MEDIUM,0.624
T000009466,A002551,2026-07-15,C011,NEW_TARGETING,LOW,0.782
T000009467,A003305,2026-07-08,C011,NEW_TARGETING,MEDIUM,0.379
T000009468,A003461,2026-07-03,C011,NEW_TARGETING,HIGH,0.637
T000009469,A003558,2026-07-01,C011,NEW_TARGETING,MEDIUM,0.834
T000009470,A002694,2026-07-20,C011,NEW_TARGETING,LOW,0.73
T000009471,A001531,2026-07-22,C011,NEW_TARGETING,MEDIUM,0.804
T000009472,A003702,2026-07-04,C011,NEW_TARGETING,MEDIUM,0.292
T000009473,A002473,2026-07-17,C011,NEW_TARGETING,LOW,0.833
T000009474,A003013,2026-07-05,C011,NEW_TARGETING,LOW,0.156
T000009475,A003873,2026-07-16,C011,NEW_TARGETING,LOW,0.537
T000009476,A003842,2026-07-02,C011,NEW_TARGETING,MEDIUM,0.962
T000009477,A001647,2026-07-20,C011,NEW_TARGETING,MEDIUM,0.718
T000009478,A003794,2026-07-23,C011,NEW_TARGETING,HIGH,0.851
T000009479,A002421,2026-07-21,C011,NEW_TARGETING,HIGH,0.367
T000009480,A002817,2026-07-20,C011,NEW_TARGETING,HIGH,0.349
T000009481,A004084,2026-07-24,C011,NEW_TARGETING,HIGH,0.336
T000009482,A004190,2026-07-04,C011,NEW_TARGETING,MEDIUM,0.864
T000009483,A004044,2026-07-04,C011,NEW_TARGETING,LOW,0.83
T000009484,A000455,2026-07-14,C011,NEW_TARGETING,MEDIUM,0.765
T000009485,A001179,2026-07-21,C011,NEW_TARGETING,MEDIUM,0.254
T000009486,A004134,2026-07-13,C011,NEW_TARGETING,MEDIUM,0.263
T000009487,A000968,2026-07-18,C011,NEW_TARGETING,MEDIUM,0.176
T000009488,A003752,2026-07-26,C011,NEW_TARGETING,MEDIUM,0.493
T000009489,A003827,2026-07-01,C011,NEW_TARGETING,MEDIUM,0.975
T000009490,A001646,2026-07-21,C011,NEW_TARGETING,LOW,0.27
T000009491,A002179,2026-07-16,C011,NEW_TARGETING,LOW,0.465
T000009492,A001752,2026-07-21,C011,NEW_TARGETING,MEDIUM,0.199
T000009493,A001176,2026-07-25,C011,NEW_TARGETING,LOW,0.42
T000009494,A000028,2026-07-26,C011,NEW_TARGETING,MEDIUM,0.125
T000009495,A003124,2026-07-21,C011,NEW_TARGETING,HIGH,0.874
T000009496,A002227,2026-07-19,C011,NEW_TARGETING,MEDIUM,0.181
T000009497,A002231,2026-07-07,C011,NEW_TARGETING,MEDIUM,0.248
T000009498,A002033,2026-07-08,C011,NEW_TARGETING,LOW,0.144
T000009499,A000373,2026-07-13,C011,NEW_TARGETING,MEDIUM,0.26
T000009500,A002307,2026-07-25,C011,NEW_TARGETING,LOW,0.628
T000009501,A003047,2026-07-22,C011,NEW_TARGETING,HIGH,0.3
T000009502,A000299,2026-07-18,C011,NEW_TARGETING,MEDIUM,0.758
T000009503,A003125,2026-07-02,C011,NEW_TARGETING,HIGH,0.71
T000009504,A001679,2026-07-01,C011,NEW_TARGETING,LOW,0.392
T000009505,A003878,2026-07-05,C011,NEW_TARGETING,HIGH,0.829
T000009506,A002333,2026-07-04,C011,NEW_TARGETING,LOW,0.847
T000009507,A004027,2026-07-22,C011,NEW_TARGETING,MEDIUM,0.72
T000009508,A003185,2026-07-16,C011,NEW_TARGETING,MEDIUM,0.984
T000009509,A002373,2026-07-02,C011,NEW_TARGETING,HIGH,0.736
T000009510,A003782,2026-07-18,C011,NEW_TARGETING,LOW,0.927
T000009511,A001875,2026-07-20,C011,NEW_TARGETING,MEDIUM,0.672
T000009512,A000941,2026-07-02,C011,NEW_TARGETING,MEDIUM,0.928
T000009513,A002429,2026-07-12,C011,NEW_TARGETING,MEDIUM,0.446
T000009514,A002734,2026-07-15,C011,NEW_TARGETING,LOW,0.344
T000009515,A000838,2026-07-25,C011,NEW_TARGETING,HIGH,0.208
T000009516,A003554,2026-07-14,C011,NEW_TARGETING,MEDIUM,0.113
T000009517,A003907,2026-07-16,C011,NEW_TARGETING,MEDIUM,0.176
T000009518,A002429,2026-07-25,C011,NEW_TARGETING,MEDIUM,0.64
T000009519,A003796,2026-07-08,C011,NEW_TARGETING,HIGH,0.235
T000009520,A000889,2026-07-01,C011,NEW_TARGETING,MEDIUM,0.402
T000009521,A000804,2026-07-21,C011,NEW_TARGETING,HIGH,0.438
T000009522,A000554,2026-07-16,C011,NEW_TARGETING,MEDIUM,0.588
T000009523,A000099,2026-07-08,C011,NEW_TARGETING,MEDIUM,0.78
T000009524,A001076,2026-07-11,C011,NEW_TARGETING,MEDIUM,0.348
T000009525,A001785,2026-07-10,C011,NEW_TARGETING,MEDIUM,0.935
T000009526,A001653,2026-07-21,C011,NEW_TARGETING,MEDIUM,0.263
T000009527,A003838,2026-07-06,C011,NEW_TARGETING,LOW,0.58
T000009528,A003197,2026-07-01,C011,NEW_TARGETING,HIGH,0.167
T000009529,A003927,2026-07-26,C011,NEW_TARGETING,MEDIUM,0.133
T000009530,A000738,2026-07-22,C011,NEW_TARGETING,LOW,0.696
T000009531,A000842,2026-07-05,C011,NEW_TARGETING,MEDIUM,0.734
T000009532,A000746,2026-07-26,C011,NEW_TARGETING,MEDIUM,0.3
T000009533,A003955,2026-07-08,C011,NEW_TARGETING,LOW,0.963
T000009534,A000221,2026-07-20,C011,NEW_TARGETING,LOW,0.597
T000009535,A001388,2026-07-06,C011,NEW_TARGETING,HIGH,0.877
T000009536,A000420,2026-07-15,C011,NEW_TARGETING,MEDIUM,0.346
T000009537,A001611,2026-07-11,C011,NEW_TARGETING,MEDIUM,0.663
T000009538,A000442,2026-07-18,C011,NEW_TARGETING,MEDIUM,0.693
T000009539,A001151,2026-07-12,C011,NEW_TARGETING,MEDIUM,0.744
T000009540,A000232,2026-07-10,C011,NEW_TARGETING,LOW,0.509
T000009541,A004153,2026-07-14,C011,NEW_TARGETING,MEDIUM,0.837
T000009542,A001373,2026-07-26,C011,NEW_TARGETING,LOW,0.381
T000009543,A003475,2026-07-09,C011,NEW_TARGETING,MEDIUM,0.379
T000009544,A002907,2026-07-06,C011,NEW_TARGETING,MEDIUM,0.865
T000009545,A002619,2026-07-11,C011,NEW_TARGETING,LOW,0.855
T000009546,A000338,2026-07-09,C011,NEW_TARGETING,LOW,0.823
T000009547,A000506,2026-07-11,C011,NEW_TARGETING,MEDIUM,0.553
T000009548,A002538,2026-07-13,C011,NEW_TARGETING,LOW,0.191
T000009549,A000910,2026-07-18,C011,NEW_TARGETING,LOW,0.959
T000009550,A002946,2026-07-10,C011,NEW_TARGETING,MEDIUM,0.34
T000009551,A000377,2026-07-03,C011,NEW_TARGETING,MEDIUM,0.857
T000009552,A002069,2026-07-14,C011,NEW_TARGETING,MEDIUM,0.434
T000009553,A002543,2026-07-24,C011,NEW_TARGETING,LOW,0.771
T000009554,A000928,2026-07-07,C011,NEW_TARGETING,HIGH,0.642
T000009555,A003024,2026-07-20,C011,NEW_TARGETING,HIGH,0.189
T000009556,A000392,2026-07-10,C011,NEW_TARGETING,MEDIUM,0.277
T000009557,A002957,2026-07-18,C011,NEW_TARGETING,LOW,0.721
T000009558,A000801,2026-07-21,C011,NEW_TARGETING,LOW,0.285
T000009559,A003473,2026-07-25,C011,NEW_TARGETING,HIGH,0.518
T000009560,A002863,2026-07-20,C011,NEW_TARGETING,LOW,0.754
T000009561,A002142,2026-07-18,C011,NEW_TARGETING,HIGH,0.538
T000009562,A003286,2026-07-14,C011,NEW_TARGETING,MEDIUM,0.378
T000009563,A000435,2026-07-21,C011,NEW_TARGETING,HIGH,0.353
T000009564,A003339,2026-07-11,C011,NEW_TARGETING,LOW,0.262
T000009565,A000644,2026-07-21,C011,NEW_TARGETING,MEDIUM,0.952
T000009566,A000098,2026-07-02,C011,NEW_TARGETING,MEDIUM,0.636
T000009567,A000285,2026-07-21,C011,NEW_TARGETING,MEDIUM,0.572
T000009568,A004025,2026-07-19,C011,NEW_TARGETING,HIGH,0.594
T000009569,A002664,2026-07-07,C011,NEW_TARGETING,MEDIUM,0.923
T000009570,A000584,2026-07-06,C011,NEW_TARGETING,LOW,0.887
T000009571,A000900,2026-07-06,C011,NEW_TARGETING,MEDIUM,0.263
T000009572,A000705,2026-07-08,C011,NEW_TARGETING,HIGH,0.183
T000009573,A000933,2026-07-11,C011,NEW_TARGETING,MEDIUM,0.406
T000009574,A002227,2026-07-03,C011,NEW_TARGETING,MEDIUM,0.734
T000009575,A003114,2026-07-05,C011,NEW_TARGETING,MEDIUM,0.115
T000009576,A001491,2026-07-10,C011,NEW_TARGETING,HIGH,0.496
T000009577,A001929,2026-07-26,C011,NEW_TARGETING,MEDIUM,0.734
T000009578,A002813,2026-07-19,C011,NEW_TARGETING,MEDIUM,0.962
T000009579,A003305,2026-07-18,C011,NEW_TARGETING,MEDIUM,0.129
T000009580,A002969,2026-07-14,C011,NEW_TARGETING,MEDIUM,0.38
T000009581,A001398,2026-07-10,C011,NEW_TARGETING,MEDIUM,0.159
T000009582,A003082,2026-07-02,C011,NEW_TARGETING,HIGH,0.22
T000009583,A003064,2026-07-16,C011,NEW_TARGETING,LOW,0.74
T000009584,A000116,2026-07-21,C011,NEW_TARGETING,HIGH,0.486
T000009585,A001313,2026-07-17,C011,NEW_TARGETING,HIGH,0.598
T000009586,A001529,2026-07-07,C011,NEW_TARGETING,MEDIUM,0.109
T000009587,A001591,2026-07-18,C011,NEW_TARGETING,MEDIUM,0.962
T000009588,A002810,2026-07-19,C011,NEW_TARGETING,MEDIUM,0.632
T000009589,A002735,2026-07-08,C011,NEW_TARGETING,MEDIUM,0.645
T000009590,A002702,2026-07-14,C011,NEW_TARGETING,LOW,0.936
T000009591,A002663,2026-07-26,C011,NEW_TARGETING,MEDIUM,0.485
T000009592,A001155,2026-07-03,C011,NEW_TARGETING,MEDIUM,0.421
T000009593,A000115,2026-07-17,C011,NEW_TARGETING,MEDIUM,0.155
T000009594,A001578,2026-07-12,C011,NEW_TARGETING,MEDIUM,0.254
T000009595,A003887,2026-07-16,C011,NEW_TARGETING,MEDIUM,0.93
T000009596,A004098,2026-07-16,C011,NEW_TARGETING,MEDIUM,0.11
T000009597,A000453,2026-07-22,C011,NEW_TARGETING,MEDIUM,0.935
T000009598,A002451,2026-07-16,C011,NEW_TARGETING,MEDIUM,0.954
T000009599,A003684,2026-07-15,C011,NEW_TARGETING,MEDIUM,0.354
T000009600,A003827,2026-07-19,C011,NEW_TARGETING,MEDIUM,0.89
T000009601,A000431,2026-07-04,C011,NEW_TARGETING,LOW,0.226
T000009602,A003372,2026-07-19,C011,NEW_TARGETING,MEDIUM,0.792
T000009603,A001889,2026-07-14,C011,NEW_TARGETING,MEDIUM,0.446
T000009604,A000008,2026-07-14,C011,NEW_TARGETING,MEDIUM,0.442
T000009605,A002132,2026-07-13,C011,NEW_TARGETING,HIGH,0.609
T000009606,A003411,2026-07-11,C011,NEW_TARGETING,MEDIUM,0.131
T000009607,A003795,2026-07-11,C011,NEW_TARGETING,MEDIUM,0.467
T000009608,A002947,2026-07-21,C011,NEW_TARGETING,MEDIUM,0.63
T000009609,A002653,2026-07-09,C011,NEW_TARGETING,LOW,0.425
T000009610,A002297,2026-07-17,C011,NEW_TARGETING,MEDIUM,0.303
T000009611,A000073,2026-07-14,C011,NEW_TARGETING,HIGH,0.159
T000009612,A003448,2026-07-21,C011,NEW_TARGETING,LOW,0.959
T000009613,A000049,2026-07-15,C011,NEW_TARGETING,HIGH,0.946
T000009614,A004140,2026-07-14,C011,NEW_TARGETING,MEDIUM,0.749
T000009615,A001515,2026-07-21,C011,NEW_TARGETING,MEDIUM,0.5
T000009616,A004199,2026-07-18,C011,NEW_TARGETING,MEDIUM,0.622
T000009617,A002848,2026-07-04,C011,NEW_TARGETING,MEDIUM,0.915
T000009618,A000301,2026-07-07,C011,NEW_TARGETING,LOW,0.17
T000009619,A001305,2026-07-05,C011,NEW_TARGETING,MEDIUM,0.585
T000009620,A003946,2026-07-23,C011,NEW_TARGETING,MEDIUM,0.857
T000009621,A001578,2026-07-10,C011,NEW_TARGETING,MEDIUM,0.546
T000009622,A001130,2026-07-15,C011,NEW_TARGETING,LOW,0.851
T000009623,A003875,2026-07-25,C011,NEW_TARGETING,HIGH,0.325
T000009624,A004059,2026-07-06,C011,NEW_TARGETING,LOW,0.758
T000009625,A004028,2026-07-12,C011,NEW_TARGETING,MEDIUM,0.126
T000009626,A000066,2026-07-17,C011,NEW_TARGETING,MEDIUM,0.317
T000009627,A002499,2026-07-03,C011,NEW_TARGETING,MEDIUM,0.511
T000009628,A002514,2026-07-07,C011,NEW_TARGETING,MEDIUM,0.457
T000009629,A004006,2026-07-14,C011,NEW_TARGETING,HIGH,0.111
T000009630,A000640,2026-07-04,C011,NEW_TARGETING,MEDIUM,0.606
T000009631,A000086,2026-07-14,C011,NEW_TARGETING,HIGH,0.457
T000009632,A000730,2026-07-01,C011,NEW_TARGETING,HIGH,0.157
T000009633,A000043,2026-07-18,C011,NEW_TARGETING,HIGH,0.469
T000009634,A003620,2026-07-17,C011,NEW_TARGETING,LOW,0.851
T000009635,A001851,2026-07-14,C011,NEW_TARGETING,MEDIUM,0.395
T000009636,A000799,2026-07-17,C011,NEW_TARGETING,LOW,0.556
T000009637,A003773,2026-07-26,C011,NEW_TARGETING,HIGH,0.664
T000009638,A003256,2026-07-01,C011,NEW_TARGETING,LOW,0.604
T000009639,A001429,2026-07-26,C011,NEW_TARGETING,LOW,0.989
T000009640,A001175,2026-07-20,C011,NEW_TARGETING,HIGH,0.106
T000009641,A001128,2026-07-19,C011,NEW_TARGETING,MEDIUM,0.655
T000009642,A000133,2026-07-13,C011,NEW_TARGETING,LOW,0.428
T000009643,A002987,2026-07-23,C011,NEW_TARGETING,MEDIUM,0.51
T000009644,A003645,2026-07-02,C011,NEW_TARGETING,MEDIUM,0.523
T000009645,A000376,2026-07-04,C011,NEW_TARGETING,MEDIUM,0.984
T000009646,A003018,2026-07-27,C011,NEW_TARGETING,MEDIUM,0.241
T000009647,A001753,2026-07-01,C011,NEW_TARGETING,LOW,0.596
T000009648,A001419,2026-07-23,C011,NEW_TARGETING,MEDIUM,0.279
T000009649,A001143,2026-07-05,C011,NEW_TARGETING,MEDIUM,0.234
T000009650,A003440,2026-07-13,C011,NEW_TARGETING,HIGH,0.349
T000009651,A000511,2026-07-22,C011,NEW_TARGETING,HIGH,0.436
T000009652,A000339,2026-07-07,C011,NEW_TARGETING,MEDIUM,0.773
T000009653,A001378,2026-07-21,C011,NEW_TARGETING,LOW,0.821
T000009654,A000796,2026-07-23,C011,NEW_TARGETING,MEDIUM,0.434
T000009655,A000453,2026-07-18,C011,NEW_TARGETING,MEDIUM,0.647
T000009656,A002441,2026-07-17,C011,NEW_TARGETING,LOW,0.897
T000009657,A001215,2026-07-20,C011,NEW_TARGETING,MEDIUM,0.624
T000009658,A003747,2026-07-23,C011,NEW_TARGETING,HIGH,0.462
T000009659,A003666,2026-07-21,C011,NEW_TARGETING,LOW,0.784
T000009660,A003339,2026-07-21,C011,NEW_TARGETING,MEDIUM,0.241
T000009661,A002509,2026-07-10,C011,NEW_TARGETING,HIGH,0.906
T000009662,A003341,2026-07-04,C011,NEW_TARGETING,MEDIUM,0.949
T000009663,A003201,2026-07-18,C011,NEW_TARGETING,MEDIUM,0.555
T000009664,A003333,2026-07-18,C011,NEW_TARGETING,HIGH,0.906
T000009665,A003577,2026-07-08,C011,NEW_TARGETING,LOW,0.552
T000009666,A001080,2026-07-12,C011,NEW_TARGETING,HIGH,0.181
T000009667,A003640,2026-07-11,C011,NEW_TARGETING,MEDIUM,0.726
T000009668,A002225,2026-07-18,C011,NEW_TARGETING,HIGH,0.934
T000009669,A000467,2026-07-13,C011,NEW_TARGETING,MEDIUM,0.328
T000009670,A000238,2026-07-19,C011,NEW_TARGETING,LOW,0.254
T000009671,A002532,2026-07-26,C011,NEW_TARGETING,LOW,0.422
T000009672,A002272,2026-07-05,C011,NEW_TARGETING,MEDIUM,0.309
T000009673,A000908,2026-07-06,C011,NEW_TARGETING,LOW,0.605
T000009674,A003273,2026-07-18,C011,NEW_TARGETING,MEDIUM,0.182
T000009675,A004042,2026-07-24,C011,NEW_TARGETING,HIGH,0.104
T000009676,A002241,2026-07-19,C011,NEW_TARGETING,LOW,0.306
T000009677,A001945,2026-07-25,C011,NEW_TARGETING,LOW,0.288
T000009678,A001267,2026-07-21,C011,NEW_TARGETING,MEDIUM,0.689
T000009679,A000200,2026-07-07,C011,NEW_TARGETING,MEDIUM,0.312
T000009680,A001884,2026-07-09,C011,NEW_TARGETING,MEDIUM,0.824
T000009681,A002566,2026-07-14,C011,NEW_TARGETING,HIGH,0.473
T000009682,A000750,2026-07-06,C011,NEW_TARGETING,HIGH,0.317
T000009683,A000985,2026-07-18,C011,NEW_TARGETING,LOW,0.466
T000009684,A002853,2026-07-09,C011,NEW_TARGETING,HIGH,0.57
T000009685,A003188,2026-07-24,C011,NEW_TARGETING,LOW,0.163
T000009686,A001638,2026-07-04,C011,NEW_TARGETING,LOW,0.299
T000009687,A000115,2026-07-12,C011,NEW_TARGETING,MEDIUM,0.956
T000009688,A001296,2026-07-07,C011,NEW_TARGETING,HIGH,0.222
T000009689,A000295,2026-07-21,C011,NEW_TARGETING,MEDIUM,0.108
T000009690,A001633,2026-07-18,C011,NEW_TARGETING,MEDIUM,0.963
T000009691,A003075,2026-07-10,C011,NEW_TARGETING,MEDIUM,0.387
T000009692,A003019,2026-07-24,C011,NEW_TARGETING,MEDIUM,0.918
T000009693,A003932,2026-07-17,C011,NEW_TARGETING,LOW,0.307
T000009694,A001615,2026-07-22,C011,NEW_TARGETING,MEDIUM,0.96
T000009695,A003702,2026-07-09,C011,NEW_TARGETING,MEDIUM,0.338
T000009696,A002174,2026-07-23,C011,NEW_TARGETING,HIGH,0.127
T000009697,A004137,2026-07-10,C011,NEW_TARGETING,MEDIUM,0.662
T000009698,A001425,2026-07-02,C011,NEW_TARGETING,LOW,0.898
T000009699,A001252,2026-07-18,C011,NEW_TARGETING,LOW,0.246
T000009700,A001752,2026-07-17,C011,NEW_TARGETING,HIGH,0.78
T000009701,A000404,2026-07-01,C011,NEW_TARGETING,HIGH,0.103
T000009702,A000595,2026-07-20,C011,NEW_TARGETING,HIGH,0.534
T000009703,A003993,2026-07-24,C011,NEW_TARGETING,LOW,0.938
T000009704,A002241,2026-07-10,C011,NEW_TARGETING,LOW,0.812
T000009705,A003200,2026-07-11,C011,NEW_TARGETING,HIGH,0.35
T000009706,A001704,2026-07-12,C011,NEW_TARGETING,HIGH,0.624
T000009707,A002020,2026-07-08,C011,NEW_TARGETING,LOW,0.904
T000009708,A000945,2026-07-02,C011,NEW_TARGETING,LOW,0.23
T000009709,A000671,2026-07-18,C011,NEW_TARGETING,MEDIUM,0.445
T000009710,A001962,2026-07-19,C011,NEW_TARGETING,HIGH,0.861
T000009711,A003424,2026-07-08,C011,NEW_TARGETING,HIGH,0.776
T000009712,A000686,2026-07-25,C011,NEW_TARGETING,LOW,0.682
T000009713,A001658,2026-07-03,C011,NEW_TARGETING,LOW,0.868
T000009714,A003649,2026-07-11,C011,NEW_TARGETING,LOW,0.95
T000009715,A001852,2026-07-04,C011,NEW_TARGETING,HIGH,0.831
T000009716,A001544,2026-07-19,C011,NEW_TARGETING,MEDIUM,0.731
T000009717,A001759,2026-07-11,C011,NEW_TARGETING,MEDIUM,0.236
T000009718,A002787,2026-07-12,C011,NEW_TARGETING,MEDIUM,0.95
T000009719,A001544,2026-07-23,C011,NEW_TARGETING,LOW,0.646
T000009720,A000716,2026-07-04,C011,NEW_TARGETING,MEDIUM,0.877
T000009721,A002820,2026-07-11,C011,NEW_TARGETING,LOW,0.577
T000009722,A002479,2026-07-12,C011,NEW_TARGETING,LOW,0.388
T000009723,A002276,2026-07-19,C011,NEW_TARGETING,MEDIUM,0.348
T000009724,A001097,2026-07-16,C011,NEW_TARGETING,MEDIUM,0.93
T000009725,A002457,2026-07-22,C011,NEW_TARGETING,MEDIUM,0.9
T000009726,A000977,2026-07-01,C011,NEW_TARGETING,MEDIUM,0.315
T000009727,A001860,2026-07-15,C011,NEW_TARGETING,HIGH,0.667
T000009728,A000800,2026-07-20,C011,NEW_TARGETING,HIGH,0.558
T000009729,A002431,2026-07-01,C011,NEW_TARGETING,HIGH,0.676
T000009730,A003991,2026-07-06,C011,NEW_TARGETING,HIGH,0.489
T000009731,A001139,2026-07-19,C011,NEW_TARGETING,MEDIUM,0.438
T000009732,A000516,2026-07-07,C011,NEW_TARGETING,HIGH,0.849
T000009733,A002215,2026-07-06,C011,NEW_TARGETING,HIGH,0.336
T000009734,A002667,2026-07-11,C011,NEW_TARGETING,LOW,0.358
T000009735,A001507,2026-07-19,C011,NEW_TARGETING,HIGH,0.519
T000009736,A000647,2026-07-20,C011,NEW_TARGETING,HIGH,0.287
T000009737,A003932,2026-07-24,C011,NEW_TARGETING,LOW,0.571
T000009738,A003739,2026-07-18,C011,NEW_TARGETING,MEDIUM,0.748
T000009739,A002398,2026-07-22,C011,NEW_TARGETING,MEDIUM,0.206
T000009740,A001411,2026-07-24,C011,NEW_TARGETING,LOW,0.882
T000009741,A001939,2026-07-24,C011,NEW_TARGETING,MEDIUM,0.677
T000009742,A000902,2026-07-08,C011,NEW_TARGETING,HIGH,0.595
T000009743,A001276,2026-07-06,C011,NEW_TARGETING,MEDIUM,0.168
T000009744,A000764,2026-07-14,C011,NEW_TARGETING,HIGH,0.375
T000009745,A000009,2026-07-11,C011,NEW_TARGETING,HIGH,0.774
T000009746,A000991,2026-07-02,C011,NEW_TARGETING,HIGH,0.26
T000009747,A000854,2026-07-06,C011,NEW_TARGETING,MEDIUM,0.731
T000009748,A002193,2026-07-26,C011,NEW_TARGETING,LOW,0.889
T000009749,A003629,2026-07-01,C011,NEW_TARGETING,HIGH,0.263
T000009750,A003560,2026-07-15,C011,NEW_TARGETING,HIGH,0.531
T000009751,A000588,2026-07-12,C011,NEW_TARGETING,LOW,0.806
T000009752,A003780,2026-07-21,C011,NEW_TARGETING,MEDIUM,0.517
T000009753,A002733,2026-07-13,C011,NEW_TARGETING,MEDIUM,0.678
T000009754,A001388,2026-07-07,C011,NEW_TARGETING,MEDIUM,0.676
T000009755,A000241,2026-07-25,C011,NEW_TARGETING,LOW,0.922
T000009756,A000773,2026-07-02,C011,NEW_TARGETING,MEDIUM,0.717
T000009757,A002603,2026-07-10,C011,NEW_TARGETING,MEDIUM,0.359
T000009758,A000797,2026-07-26,C011,NEW_TARGETING,MEDIUM,0.73
T000009759,A000101,2026-07-17,C011,NEW_TARGETING,LOW,0.747
T000009760,A002693,2026-07-22,C011,NEW_TARGETING,MEDIUM,0.594
T000009761,A001538,2026-07-20,C011,NEW_TARGETING,MEDIUM,0.301
T000009762,A001572,2026-07-04,C011,NEW_TARGETING,LOW,0.352
T000009763,A000211,2026-07-21,C011,NEW_TARGETING,LOW,0.566
T000009764,A001090,2026-07-12,C011,NEW_TARGETING,MEDIUM,0.741
T000009765,A003089,2026-07-03,C011,NEW_TARGETING,MEDIUM,0.675
T000009766,A003916,2026-07-19,C011,NEW_TARGETING,HIGH,0.162
T000009767,A003959,2026-07-09,C011,NEW_TARGETING,MEDIUM,0.726
T000009768,A002429,2026-07-03,C011,NEW_TARGETING,LOW,0.563
T000009769,A002972,2026-07-16,C011,NEW_TARGETING,MEDIUM,0.755
T000009770,A000640,2026-07-24,C011,NEW_TARGETING,MEDIUM,0.493
T000009771,A001834,2026-07-08,C011,NEW_TARGETING,LOW,0.876
T000009772,A002670,2026-07-19,C011,NEW_TARGETING,LOW,0.52
T000009773,A001275,2026-07-12,C011,NEW_TARGETING,MEDIUM,0.309
T000009774,A003293,2026-07-26,C011,NEW_TARGETING,HIGH,0.698
T000009775,A003776,2026-07-20,C011,NEW_TARGETING,MEDIUM,0.713
T000009776,A000767,2026-07-06,C011,NEW_TARGETING,HIGH,0.905
T000009777,A001916,2026-07-07,C011,NEW_TARGETING,HIGH,0.788
T000009778,A000530,2026-07-04,C011,NEW_TARGETING,HIGH,0.867
T000009779,A002032,2026-07-17,C011,NEW_TARGETING,LOW,0.109
T000009780,A002873,2026-07-23,C011,NEW_TARGETING,MEDIUM,0.697
T000009781,A000285,2026-07-13,C011,NEW_TARGETING,MEDIUM,0.913
T000009782,A003815,2026-07-10,C011,NEW_TARGETING,MEDIUM,0.651
T000009783,A003038,2026-07-21,C011,NEW_TARGETING,HIGH,0.353
T000009784,A000908,2026-07-15,C011,NEW_TARGETING,HIGH,0.766
T000009785,A002773,2026-07-22,C011,NEW_TARGETING,HIGH,0.357
T000009786,A001977,2026-07-10,C011,NEW_TARGETING,LOW,0.466
T000009787,A000781,2026-07-26,C011,NEW_TARGETING,LOW,0.353
T000009788,A000173,2026-07-25,C011,NEW_TARGETING,MEDIUM,0.669
T000009789,A000849,2026-07-20,C011,NEW_TARGETING,MEDIUM,0.324
T000009790,A002883,2026-07-04,C011,NEW_TARGETING,LOW,0.737
T000009791,A003412,2026-07-18,C011,NEW_TARGETING,MEDIUM,0.953
T000009792,A000879,2026-07-15,C011,NEW_TARGETING,MEDIUM,0.485
T000009793,A002240,2026-07-08,C011,NEW_TARGETING,LOW,0.314
T000009794,A000443,2026-07-01,C011,NEW_TARGETING,MEDIUM,0.218
T000009795,A001021,2026-07-07,C011,NEW_TARGETING,MEDIUM,0.366
T000009796,A001743,2026-07-09,C011,NEW_TARGETING,LOW,0.592
T000009797,A001441,2026-07-01,C011,NEW_TARGETING,LOW,0.81
T000009798,A000195,2026-07-03,C011,NEW_TARGETING,LOW,0.43
T000009799,A001055,2026-07-05,C011,NEW_TARGETING,LOW,0.648
T000009800,A002234,2026-07-21,C011,NEW_TARGETING,HIGH,0.224
T000009801,A002582,2026-07-02,C011,NEW_TARGETING,MEDIUM,0.386
T000009802,A003582,2026-07-18,C011,NEW_TARGETING,HIGH,0.116
T000009803,A002479,2026-07-23,C011,NEW_TARGETING,LOW,0.131
T000009804,A000984,2026-07-22,C011,NEW_TARGETING,MEDIUM,0.343
T000009805,A003328,2026-07-25,C011,NEW_TARGETING,HIGH,0.127
T000009806,A001608,2026-07-25,C011,NEW_TARGETING,MEDIUM,0.756
T000009807,A003926,2026-07-26,C011,NEW_TARGETING,MEDIUM,0.121
T000009808,A003512,2026-07-17,C011,NEW_TARGETING,MEDIUM,0.267
T000009809,A001882,2026-07-15,C011,NEW_TARGETING,MEDIUM,0.9
T000009810,A003552,2026-07-26,C011,NEW_TARGETING,MEDIUM,0.834
T000009811,A001115,2026-07-21,C011,NEW_TARGETING,LOW,0.241
T000009812,A002121,2026-07-05,C011,NEW_TARGETING,HIGH,0.121
T000009813,A003556,2026-07-09,C011,NEW_TARGETING,HIGH,0.296
T000009814,A000030,2026-07-10,C011,NEW_TARGETING,MEDIUM,0.828
T000009815,A000271,2026-07-02,C011,NEW_TARGETING,HIGH,0.644
T000009816,A000916,2026-07-15,C011,NEW_TARGETING,HIGH,0.791
T000009817,A002822,2026-07-18,C011,NEW_TARGETING,LOW,0.664
T000009818,A000307,2026-07-14,C011,NEW_TARGETING,MEDIUM,0.926
T000009819,A001133,2026-07-12,C011,NEW_TARGETING,LOW,0.933
T000009820,A000697,2026-07-10,C011,NEW_TARGETING,HIGH,0.612
T000009821,A002896,2026-07-03,C011,NEW_TARGETING,HIGH,0.454
T000009822,A000219,2026-07-17,C011,NEW_TARGETING,HIGH,0.495
T000009823,A000472,2026-07-23,C011,NEW_TARGETING,MEDIUM,0.564
T000009824,A000180,2026-07-07,C011,NEW_TARGETING,HIGH,0.501
T000009825,A001469,2026-07-19,C011,NEW_TARGETING,LOW,0.457
T000009826,A000708,2026-07-05,C011,NEW_TARGETING,LOW,0.443
T000009827,A003617,2026-07-09,C011,NEW_TARGETING,MEDIUM,0.103
T000009828,A003858,2026-07-02,C011,NEW_TARGETING,MEDIUM,0.757
T000009829,A001711,2026-07-26,C011,NEW_TARGETING,HIGH,0.114
T000009830,A003780,2026-07-13,C011,NEW_TARGETING,LOW,0.555
T000009831,A002091,2026-07-06,C011,NEW_TARGETING,LOW,0.72
T000009832,A003938,2026-07-23,C011,NEW_TARGETING,MEDIUM,0.337
T000009833,A004035,2026-07-03,C011,NEW_TARGETING,LOW,0.719
T000009834,A003816,2026-07-04,C011,NEW_TARGETING,MEDIUM,0.456
T000009835,A002444,2026-07-24,C011,NEW_TARGETING,HIGH,0.223
T000009836,A004146,2026-07-22,C011,NEW_TARGETING,HIGH,0.698
T000009837,A003618,2026-07-23,C011,NEW_TARGETING,HIGH,0.452
T000009838,A000151,2026-07-06,C011,NEW_TARGETING,MEDIUM,0.369
T000009839,A002262,2026-07-02,C011,NEW_TARGETING,LOW,0.611
T000009840,A001721,2026-07-13,C011,NEW_TARGETING,MEDIUM,0.79
T000009841,A003364,2026-07-05,C011,NEW_TARGETING,LOW,0.219
T000009842,A004099,2026-07-07,C011,NEW_TARGETING,HIGH,0.109
T000009843,A001299,2026-07-02,C011,NEW_TARGETING,LOW,0.505
T000009844,A000048,2026-07-07,C011,NEW_TARGETING,HIGH,0.356
T000009845,A002826,2026-07-17,C011,NEW_TARGETING,HIGH,0.259
T000009846,A003137,2026-07-12,C011,NEW_TARGETING,LOW,0.584
T000009847,A002374,2026-07-10,C011,NEW_TARGETING,MEDIUM,0.961
T000009848,A003377,2026-07-23,C011,NEW_TARGETING,HIGH,0.26
T000009849,A001279,2026-07-27,C011,NEW_TARGETING,MEDIUM,0.462
T000009850,A003458,2026-07-10,C011,NEW_TARGETING,MEDIUM,0.477
T000009851,A003762,2026-07-20,C011,NEW_TARGETING,LOW,0.565
T000009852,A001180,2026-07-27,C011,NEW_TARGETING,MEDIUM,0.343
T000009853,A001411,2026-07-12,C011,NEW_TARGETING,HIGH,0.977
T000009854,A003039,2026-07-10,C011,NEW_TARGETING,MEDIUM,0.255
T000009855,A001212,2026-07-27,C011,NEW_TARGETING,MEDIUM,0.549
T000009856,A002723,2026-07-10,C011,NEW_TARGETING,LOW,0.749
T000009857,A001466,2026-07-08,C011,NEW_TARGETING,LOW,0.94
T000009858,A000209,2026-07-23,C011,NEW_TARGETING,LOW,0.481
T000009859,A003585,2026-07-26,C011,NEW_TARGETING,HIGH,0.268
T000009860,A001832,2026-07-03,C011,NEW_TARGETING,MEDIUM,0.988
T000009861,A000905,2026-07-10,C011,NEW_TARGETING,LOW,0.457
T000009862,A001704,2026-07-11,C011,NEW_TARGETING,HIGH,0.524
T000009863,A001853,2026-07-01,C011,NEW_TARGETING,MEDIUM,0.682
T000009864,A001994,2026-07-27,C011,NEW_TARGETING,MEDIUM,0.72
T000009865,A001519,2026-07-18,C011,NEW_TARGETING,MEDIUM,0.886
T000009866,A001296,2026-07-01,C011,NEW_TARGETING,LOW,0.151
T000009867,A001638,2026-07-10,C011,NEW_TARGETING,MEDIUM,0.193
T000009868,A003674,2026-07-07,C011,NEW_TARGETING,MEDIUM,0.856
T000009869,A003448,2026-07-14,C011,NEW_TARGETING,HIGH,0.417
T000009870,A001809,2026-07-05,C011,NEW_TARGETING,MEDIUM,0.776
T000009871,A001027,2026-07-23,C011,NEW_TARGETING,MEDIUM,0.131
T000009872,A001392,2026-07-01,C011,NEW_TARGETING,MEDIUM,0.951
T000009873,A000733,2026-07-24,C011,NEW_TARGETING,MEDIUM,0.413
T000009874,A003296,2026-07-02,C011,NEW_TARGETING,MEDIUM,0.538
T000009875,A000059,2026-07-10,C011,NEW_TARGETING,MEDIUM,0.498
T000009876,A003381,2026-07-11,C011,NEW_TARGETING,HIGH,0.543
T000009877,A000443,2026-07-04,C011,NEW_TARGETING,MEDIUM,0.984
T000009878,A003896,2026-07-06,C011,NEW_TARGETING,MEDIUM,0.162
T000009879,A001077,2026-07-16,C011,NEW_TARGETING,MEDIUM,0.428
T000009880,A000690,2026-07-19,C011,NEW_TARGETING,LOW,0.236
T000009881,A003244,2026-07-20,C011,NEW_TARGETING,HIGH,0.198
T000009882,A001350,2026-07-22,C011,NEW_TARGETING,HIGH,0.711
T000009883,A002648,2026-07-02,C011,NEW_TARGETING,MEDIUM,0.76
T000009884,A000479,2026-07-17,C011,NEW_TARGETING,HIGH,0.71
T000009885,A003338,2026-07-15,C011,NEW_TARGETING,MEDIUM,0.171
T000009886,A001950,2026-07-25,C011,NEW_TARGETING,MEDIUM,0.967
T000009887,A002859,2026-07-05,C011,NEW_TARGETING,MEDIUM,0.338
T000009888,A000525,2026-07-26,C011,NEW_TARGETING,MEDIUM,0.954
T000009889,A002933,2026-07-19,C011,NEW_TARGETING,HIGH,0.526
T000009890,A001060,2026-07-14,C011,NEW_TARGETING,MEDIUM,0.658
T000009891,A003994,2026-07-23,C011,NEW_TARGETING,LOW,0.256
T000009892,A003123,2026-07-14,C011,NEW_TARGETING,MEDIUM,0.572
T000009893,A002608,2026-07-27,C011,NEW_TARGETING,MEDIUM,0.176
T000009894,A002657,2026-07-14,C011,NEW_TARGETING,HIGH,0.261
T000009895,A001755,2026-07-27,C011,NEW_TARGETING,MEDIUM,0.785
T000009896,A001058,2026-07-17,C011,NEW_TARGETING,HIGH,0.901
T000009897,A003210,2026-07-27,C011,NEW_TARGETING,MEDIUM,0.491
T000009898,A001102,2026-07-05,C011,NEW_TARGETING,LOW,0.636
T000009899,A001444,2026-07-05,C011,NEW_TARGETING,LOW,0.239
T000009900,A003024,2026-07-17,C011,NEW_TARGETING,LOW,0.184
T000009901,A001522,2026-08-12,C012,NEW_TARGETING,HIGH,0.622
T000009902,A002996,2026-08-20,C012,NEW_TARGETING,LOW,0.214
T000009903,A004028,2026-08-04,C012,NEW_TARGETING,HIGH,0.953
T000009904,A000308,2026-08-11,C012,NEW_TARGETING,HIGH,0.395
T000009905,A003562,2026-08-16,C012,NEW_TARGETING,HIGH,0.932
T000009906,A000439,2026-08-01,C012,NEW_TARGETING,MEDIUM,0.252
T000009907,A000691,2026-08-23,C012,NEW_TARGETING,MEDIUM,0.769
T000009908,A000061,2026-08-18,C012,NEW_TARGETING,LOW,0.76
T000009909,A002783,2026-08-07,C012,NEW_TARGETING,MEDIUM,0.841
T000009910,A002934,2026-08-17,C012,NEW_TARGETING,MEDIUM,0.515
T000009911,A003203,2026-08-13,C012,NEW_TARGETING,LOW,0.148
T000009912,A003787,2026-08-14,C012,NEW_TARGETING,MEDIUM,0.555
T000009913,A003237,2026-08-13,C012,NEW_TARGETING,MEDIUM,0.261
T000009914,A003782,2026-08-05,C012,NEW_TARGETING,HIGH,0.949
T000009915,A000748,2026-08-03,C012,NEW_TARGETING,MEDIUM,0.92
T000009916,A000353,2026-08-02,C012,NEW_TARGETING,MEDIUM,0.181
T000009917,A001860,2026-08-17,C012,NEW_TARGETING,HIGH,0.438
T000009918,A003471,2026-08-17,C012,NEW_TARGETING,HIGH,0.345
T000009919,A001916,2026-08-27,C012,NEW_TARGETING,MEDIUM,0.204
T000009920,A001820,2026-08-22,C012,NEW_TARGETING,LOW,0.873
T000009921,A003095,2026-08-01,C012,NEW_TARGETING,MEDIUM,0.775
T000009922,A001229,2026-08-01,C012,NEW_TARGETING,LOW,0.73
T000009923,A004172,2026-08-21,C012,NEW_TARGETING,HIGH,0.54
T000009924,A001905,2026-08-13,C012,NEW_TARGETING,MEDIUM,0.749
T000009925,A003777,2026-08-17,C012,NEW_TARGETING,MEDIUM,0.375
T000009926,A000922,2026-08-01,C012,NEW_TARGETING,LOW,0.351
T000009927,A003921,2026-08-13,C012,NEW_TARGETING,LOW,0.143
T000009928,A000439,2026-08-08,C012,NEW_TARGETING,LOW,0.241
T000009929,A002948,2026-08-27,C012,NEW_TARGETING,LOW,0.309
T000009930,A000242,2026-08-06,C012,NEW_TARGETING,HIGH,0.68
T000009931,A002847,2026-08-04,C012,NEW_TARGETING,LOW,0.51
T000009932,A002242,2026-08-27,C012,NEW_TARGETING,MEDIUM,0.817
T000009933,A003536,2026-08-22,C012,NEW_TARGETING,HIGH,0.985
T000009934,A000394,2026-08-12,C012,NEW_TARGETING,MEDIUM,0.884
T000009935,A003375,2026-08-21,C012,NEW_TARGETING,HIGH,0.544
T000009936,A000222,2026-08-01,C012,NEW_TARGETING,MEDIUM,0.917
T000009937,A001670,2026-08-17,C012,NEW_TARGETING,MEDIUM,0.91
T000009938,A000786,2026-08-06,C012,NEW_TARGETING,LOW,0.214
T000009939,A001726,2026-08-04,C012,NEW_TARGETING,LOW,0.403
T000009940,A002452,2026-08-18,C012,NEW_TARGETING,MEDIUM,0.356
T000009941,A001719,2026-08-25,C012,NEW_TARGETING,MEDIUM,0.112
T000009942,A003145,2026-08-15,C012,NEW_TARGETING,MEDIUM,0.718
T000009943,A001282,2026-08-12,C012,NEW_TARGETING,MEDIUM,0.575
T000009944,A003703,2026-08-05,C012,NEW_TARGETING,LOW,0.809
T000009945,A000001,2026-08-08,C012,NEW_TARGETING,MEDIUM,0.526
T000009946,A001494,2026-08-19,C012,NEW_TARGETING,LOW,0.94
T000009947,A003226,2026-08-27,C012,NEW_TARGETING,LOW,0.843
T000009948,A001501,2026-08-14,C012,NEW_TARGETING,MEDIUM,0.217
T000009949,A002439,2026-08-23,C012,NEW_TARGETING,HIGH,0.717
T000009950,A000748,2026-08-08,C012,NEW_TARGETING,LOW,0.419
T000009951,A002867,2026-08-24,C012,NEW_TARGETING,LOW,0.107
T000009952,A000218,2026-08-18,C012,NEW_TARGETING,HIGH,0.413
T000009953,A002452,2026-08-08,C012,NEW_TARGETING,LOW,0.407
T000009954,A003246,2026-08-22,C012,NEW_TARGETING,LOW,0.316
T000009955,A003793,2026-08-14,C012,NEW_TARGETING,MEDIUM,0.513
T000009956,A003991,2026-08-24,C012,NEW_TARGETING,HIGH,0.629
T000009957,A004082,2026-08-23,C012,NEW_TARGETING,MEDIUM,0.816
T000009958,A000651,2026-08-03,C012,NEW_TARGETING,LOW,0.291
T000009959,A000103,2026-08-04,C012,NEW_TARGETING,LOW,0.278
T000009960,A003079,2026-08-25,C012,NEW_TARGETING,MEDIUM,0.81
T000009961,A001434,2026-08-12,C012,NEW_TARGETING,MEDIUM,0.506
T000009962,A002384,2026-08-02,C012,NEW_TARGETING,HIGH,0.591
T000009963,A003307,2026-08-24,C012,NEW_TARGETING,MEDIUM,0.269
T000009964,A004099,2026-08-03,C012,NEW_TARGETING,HIGH,0.362
T000009965,A002297,2026-08-13,C012,NEW_TARGETING,HIGH,0.602
T000009966,A003108,2026-08-24,C012,NEW_TARGETING,HIGH,0.57
T000009967,A003382,2026-08-26,C012,NEW_TARGETING,LOW,0.38
T000009968,A001226,2026-08-15,C012,NEW_TARGETING,MEDIUM,0.632
T000009969,A002033,2026-08-26,C012,NEW_TARGETING,LOW,0.947
T000009970,A001149,2026-08-18,C012,NEW_TARGETING,MEDIUM,0.183
T000009971,A000421,2026-08-10,C012,NEW_TARGETING,MEDIUM,0.336
T000009972,A003832,2026-08-18,C012,NEW_TARGETING,LOW,0.559
T000009973,A000076,2026-08-09,C012,NEW_TARGETING,MEDIUM,0.56
T000009974,A003266,2026-08-15,C012,NEW_TARGETING,MEDIUM,0.504
T000009975,A002649,2026-08-22,C012,NEW_TARGETING,MEDIUM,0.405
T000009976,A003346,2026-08-07,C012,NEW_TARGETING,MEDIUM,0.301
T000009977,A001542,2026-08-19,C012,NEW_TARGETING,HIGH,0.779
T000009978,A001258,2026-08-25,C012,NEW_TARGETING,MEDIUM,0.753
T000009979,A001830,2026-08-09,C012,NEW_TARGETING,LOW,0.689
T000009980,A001508,2026-08-20,C012,NEW_TARGETING,HIGH,0.969
T000009981,A002948,2026-08-24,C012,NEW_TARGETING,MEDIUM,0.532
T000009982,A001779,2026-08-11,C012,NEW_TARGETING,MEDIUM,0.36
T000009983,A003924,2026-08-13,C012,NEW_TARGETING,MEDIUM,0.908
T000009984,A003207,2026-08-01,C012,NEW_TARGETING,HIGH,0.536
T000009985,A002373,2026-08-05,C012,NEW_TARGETING,MEDIUM,0.263
T000009986,A002607,2026-08-03,C012,NEW_TARGETING,MEDIUM,0.204
T000009987,A004081,2026-08-13,C012,NEW_TARGETING,LOW,0.336
T000009988,A000826,2026-08-22,C012,NEW_TARGETING,HIGH,0.877
T000009989,A001630,2026-08-16,C012,NEW_TARGETING,MEDIUM,0.673
T000009990,A003861,2026-08-08,C012,NEW_TARGETING,HIGH,0.8
T000009991,A003555,2026-08-16,C012,NEW_TARGETING,MEDIUM,0.267
T000009992,A002821,2026-08-04,C012,NEW_TARGETING,LOW,0.695
T000009993,A002871,2026-08-08,C012,NEW_TARGETING,HIGH,0.421
T000009994,A000462,2026-08-14,C012,NEW_TARGETING,HIGH,0.494
T000009995,A000430,2026-08-02,C012,NEW_TARGETING,LOW,0.365
T000009996,A003603,2026-08-22,C012,NEW_TARGETING,MEDIUM,0.675
T000009997,A002575,2026-08-05,C012,NEW_TARGETING,MEDIUM,0.796
T000009998,A002367,2026-08-13,C012,NEW_TARGETING,HIGH,0.688
T000009999,A000470,2026-08-22,C012,NEW_TARGETING,HIGH,0.127
T000010000,A000530,2026-08-12,C012,NEW_TARGETING,MEDIUM,0.962
T000010001,A002855,2026-08-27,C012,NEW_TARGETING,MEDIUM,0.479
T000010002,A002195,2026-08-07,C012,NEW_TARGETING,MEDIUM,0.246
T000010003,A003562,2026-08-24,C012,NEW_TARGETING,LOW,0.483
T000010004,A002672,2026-08-01,C012,NEW_TARGETING,HIGH,0.733
T000010005,A000805,2026-08-13,C012,NEW_TARGETING,LOW,0.734
T000010006,A000431,2026-08-11,C012,NEW_TARGETING,HIGH,0.57
T000010007,A000387,2026-08-15,C012,NEW_TARGETING,HIGH,0.617
T000010008,A001472,2026-08-08,C012,NEW_TARGETING,LOW,0.872
T000010009,A002536,2026-08-02,C012,NEW_TARGETING,HIGH,0.746
T000010010,A002217,2026-08-16,C012,NEW_TARGETING,MEDIUM,0.818
T000010011,A001240,2026-08-13,C012,NEW_TARGETING,MEDIUM,0.979
T000010012,A002596,2026-08-21,C012,NEW_TARGETING,LOW,0.232
T000010013,A002784,2026-08-09,C012,NEW_TARGETING,MEDIUM,0.479
T000010014,A000365,2026-08-25,C012,NEW_TARGETING,HIGH,0.803
T000010015,A001202,2026-08-01,C012,NEW_TARGETING,MEDIUM,0.21
T000010016,A000545,2026-08-14,C012,NEW_TARGETING,LOW,0.172
T000010017,A004148,2026-08-25,C012,NEW_TARGETING,LOW,0.65
T000010018,A001575,2026-08-15,C012,NEW_TARGETING,MEDIUM,0.487
T000010019,A003465,2026-08-10,C012,NEW_TARGETING,HIGH,0.609
T000010020,A001352,2026-08-25,C012,NEW_TARGETING,LOW,0.686
T000010021,A001657,2026-08-25,C012,NEW_TARGETING,MEDIUM,0.47
T000010022,A001546,2026-08-03,C012,NEW_TARGETING,MEDIUM,0.612
T000010023,A002208,2026-08-08,C012,NEW_TARGETING,MEDIUM,0.118
T000010024,A000062,2026-08-20,C012,NEW_TARGETING,MEDIUM,0.485
T000010025,A003567,2026-08-04,C012,NEW_TARGETING,HIGH,0.107
T000010026,A001936,2026-08-20,C012,NEW_TARGETING,MEDIUM,0.263
T000010027,A000873,2026-08-14,C012,NEW_TARGETING,HIGH,0.612
T000010028,A001119,2026-08-02,C012,NEW_TARGETING,MEDIUM,0.764
T000010029,A000292,2026-08-16,C012,NEW_TARGETING,MEDIUM,0.179
T000010030,A000435,2026-08-01,C012,NEW_TARGETING,HIGH,0.225
T000010031,A001379,2026-08-27,C012,NEW_TARGETING,HIGH,0.888
T000010032,A001637,2026-08-20,C012,NEW_TARGETING,HIGH,0.685
T000010033,A002796,2026-08-22,C012,NEW_TARGETING,MEDIUM,0.81
T000010034,A003838,2026-08-15,C012,NEW_TARGETING,MEDIUM,0.162
T000010035,A003296,2026-08-07,C012,NEW_TARGETING,MEDIUM,0.257
T000010036,A001649,2026-08-10,C012,NEW_TARGETING,MEDIUM,0.3
T000010037,A002950,2026-08-05,C012,NEW_TARGETING,MEDIUM,0.72
T000010038,A000809,2026-08-18,C012,NEW_TARGETING,MEDIUM,0.9
T000010039,A000165,2026-08-17,C012,NEW_TARGETING,LOW,0.284
T000010040,A000432,2026-08-24,C012,NEW_TARGETING,LOW,0.807
T000010041,A004026,2026-08-03,C012,NEW_TARGETING,MEDIUM,0.923
T000010042,A003493,2026-08-19,C012,NEW_TARGETING,MEDIUM,0.468
T000010043,A002428,2026-08-11,C012,NEW_TARGETING,MEDIUM,0.726
T000010044,A002183,2026-08-16,C012,NEW_TARGETING,MEDIUM,0.778
T000010045,A002922,2026-08-17,C012,NEW_TARGETING,LOW,0.797
T000010046,A003478,2026-08-14,C012,NEW_TARGETING,LOW,0.86
T000010047,A000809,2026-08-10,C012,NEW_TARGETING,MEDIUM,0.721
T000010048,A003706,2026-08-03,C012,NEW_TARGETING,HIGH,0.482
T000010049,A001996,2026-08-07,C012,NEW_TARGETING,LOW,0.929
T000010050,A002427,2026-08-13,C012,NEW_TARGETING,HIGH,0.361
T000010051,A001343,2026-08-16,C012,NEW_TARGETING,HIGH,0.182
T000010052,A001116,2026-08-27,C012,NEW_TARGETING,MEDIUM,0.493
T000010053,A001886,2026-08-20,C012,NEW_TARGETING,LOW,0.621
T000010054,A001789,2026-08-07,C012,NEW_TARGETING,HIGH,0.858
T000010055,A004038,2026-08-02,C012,NEW_TARGETING,LOW,0.173
T000010056,A003855,2026-08-26,C012,NEW_TARGETING,MEDIUM,0.731
T000010057,A001163,2026-08-07,C012,NEW_TARGETING,HIGH,0.751
T000010058,A001313,2026-08-17,C012,NEW_TARGETING,MEDIUM,0.793
T000010059,A001254,2026-08-13,C012,NEW_TARGETING,LOW,0.615
T000010060,A001513,2026-08-01,C012,NEW_TARGETING,HIGH,0.452
T000010061,A002727,2026-08-13,C012,NEW_TARGETING,HIGH,0.219
T000010062,A002310,2026-08-23,C012,NEW_TARGETING,MEDIUM,0.426
T000010063,A002874,2026-08-18,C012,NEW_TARGETING,LOW,0.856
T000010064,A001750,2026-08-21,C012,NEW_TARGETING,MEDIUM,0.409
T000010065,A000915,2026-08-15,C012,NEW_TARGETING,MEDIUM,0.878
T000010066,A003170,2026-08-12,C012,NEW_TARGETING,HIGH,0.417
T000010067,A001266,2026-08-19,C012,NEW_TARGETING,HIGH,0.649
T000010068,A000365,2026-08-11,C012,NEW_TARGETING,HIGH,0.57
T000010069,A000347,2026-08-03,C012,NEW_TARGETING,HIGH,0.481
T000010070,A002698,2026-08-17,C012,NEW_TARGETING,MEDIUM,0.905
T000010071,A003905,2026-08-20,C012,NEW_TARGETING,LOW,0.469
T000010072,A003568,2026-08-23,C012,NEW_TARGETING,MEDIUM,0.101
T000010073,A000887,2026-08-18,C012,NEW_TARGETING,HIGH,0.297
T000010074,A000874,2026-08-16,C012,NEW_TARGETING,MEDIUM,0.948
T000010075,A001202,2026-08-27,C012,NEW_TARGETING,MEDIUM,0.7
T000010076,A004035,2026-08-09,C012,NEW_TARGETING,MEDIUM,0.591
T000010077,A002657,2026-08-02,C012,NEW_TARGETING,LOW,0.696
T000010078,A000584,2026-08-03,C012,NEW_TARGETING,MEDIUM,0.105
T000010079,A001443,2026-08-06,C012,NEW_TARGETING,MEDIUM,0.517
T000010080,A003410,2026-08-04,C012,NEW_TARGETING,MEDIUM,0.493
T000010081,A002196,2026-08-13,C012,NEW_TARGETING,LOW,0.779
T000010082,A002728,2026-08-22,C012,NEW_TARGETING,HIGH,0.298
T000010083,A004177,2026-08-21,C012,NEW_TARGETING,MEDIUM,0.185
T000010084,A000592,2026-08-07,C012,NEW_TARGETING,HIGH,0.415
T000010085,A001336,2026-08-14,C012,NEW_TARGETING,MEDIUM,0.422
T000010086,A003554,2026-08-01,C012,NEW_TARGETING,LOW,0.806
T000010087,A000971,2026-08-19,C012,NEW_TARGETING,HIGH,0.135
T000010088,A001900,2026-08-20,C012,NEW_TARGETING,HIGH,0.384
T000010089,A001644,2026-08-11,C012,NEW_TARGETING,LOW,0.762
T000010090,A000739,2026-08-15,C012,NEW_TARGETING,LOW,0.358
T000010091,A003237,2026-08-12,C012,NEW_TARGETING,MEDIUM,0.257
T000010092,A001755,2026-08-09,C012,NEW_TARGETING,MEDIUM,0.524
T000010093,A002498,2026-08-15,C012,NEW_TARGETING,LOW,0.687
T000010094,A002151,2026-08-24,C012,NEW_TARGETING,MEDIUM,0.266
T000010095,A000451,2026-08-02,C012,NEW_TARGETING,HIGH,0.788
T000010096,A003229,2026-08-18,C012,NEW_TARGETING,MEDIUM,0.274
T000010097,A000024,2026-08-07,C012,NEW_TARGETING,MEDIUM,0.685
T000010098,A000872,2026-08-26,C012,NEW_TARGETING,HIGH,0.181
T000010099,A000107,2026-08-19,C012,NEW_TARGETING,MEDIUM,0.132
T000010100,A002457,2026-08-10,C012,NEW_TARGETING,HIGH,0.338
T000010101,A002931,2026-08-10,C012,NEW_TARGETING,MEDIUM,0.461
T000010102,A004112,2026-08-15,C012,NEW_TARGETING,LOW,0.893
T000010103,A003726,2026-08-16,C012,NEW_TARGETING,MEDIUM,0.702
T000010104,A000172,2026-08-18,C012,NEW_TARGETING,LOW,0.899
T000010105,A002411,2026-08-22,C012,NEW_TARGETING,MEDIUM,0.469
T000010106,A004054,2026-08-16,C012,NEW_TARGETING,HIGH,0.725
T000010107,A002706,2026-08-09,C012,NEW_TARGETING,HIGH,0.35
T000010108,A003053,2026-08-20,C012,NEW_TARGETING,HIGH,0.13
T000010109,A001183,2026-08-26,C012,NEW_TARGETING,HIGH,0.551
T000010110,A000528,2026-08-22,C012,NEW_TARGETING,HIGH,0.531
T000010111,A003431,2026-08-01,C012,NEW_TARGETING,LOW,0.916
T000010112,A003085,2026-08-25,C012,NEW_TARGETING,MEDIUM,0.223
T000010113,A003799,2026-08-15,C012,NEW_TARGETING,HIGH,0.516
T000010114,A003326,2026-08-05,C012,NEW_TARGETING,MEDIUM,0.271
T000010115,A002744,2026-08-14,C012,NEW_TARGETING,HIGH,0.255
T000010116,A002354,2026-08-27,C012,NEW_TARGETING,LOW,0.584
T000010117,A003506,2026-08-27,C012,NEW_TARGETING,HIGH,0.396
T000010118,A001602,2026-08-27,C012,NEW_TARGETING,MEDIUM,0.536
T000010119,A002656,2026-08-23,C012,NEW_TARGETING,MEDIUM,0.804
T000010120,A002611,2026-08-15,C012,NEW_TARGETING,HIGH,0.42
T000010121,A000020,2026-08-20,C012,NEW_TARGETING,LOW,0.339
T000010122,A002340,2026-08-15,C012,NEW_TARGETING,MEDIUM,0.366
T000010123,A001890,2026-08-17,C012,NEW_TARGETING,HIGH,0.781
T000010124,A001490,2026-08-14,C012,NEW_TARGETING,MEDIUM,0.177
T000010125,A002453,2026-08-09,C012,NEW_TARGETING,MEDIUM,0.203
T000010126,A003128,2026-08-06,C012,NEW_TARGETING,LOW,0.144
T000010127,A003227,2026-08-02,C012,NEW_TARGETING,MEDIUM,0.356
T000010128,A001257,2026-08-22,C012,NEW_TARGETING,LOW,0.33
T000010129,A000305,2026-08-08,C012,NEW_TARGETING,LOW,0.695
T000010130,A001430,2026-08-22,C012,NEW_TARGETING,HIGH,0.691
T000010131,A001817,2026-08-14,C012,NEW_TARGETING,LOW,0.869
T000010132,A003213,2026-08-13,C012,NEW_TARGETING,HIGH,0.32
T000010133,A000950,2026-08-15,C012,NEW_TARGETING,HIGH,0.813
T000010134,A000020,2026-08-10,C012,NEW_TARGETING,MEDIUM,0.671
T000010135,A004047,2026-08-12,C012,NEW_TARGETING,HIGH,0.449
T000010136,A003812,2026-08-07,C012,NEW_TARGETING,MEDIUM,0.304
T000010137,A004099,2026-08-25,C012,NEW_TARGETING,HIGH,0.327
T000010138,A000381,2026-08-24,C012,NEW_TARGETING,HIGH,0.759
T000010139,A000868,2026-08-20,C012,NEW_TARGETING,MEDIUM,0.805
T000010140,A003859,2026-08-27,C012,NEW_TARGETING,LOW,0.906
T000010141,A001951,2026-08-11,C012,NEW_TARGETING,MEDIUM,0.379
T000010142,A000997,2026-08-12,C012,NEW_TARGETING,MEDIUM,0.499
T000010143,A002564,2026-08-21,C012,NEW_TARGETING,LOW,0.12
T000010144,A001640,2026-08-07,C012,NEW_TARGETING,MEDIUM,0.793
T000010145,A000444,2026-08-24,C012,NEW_TARGETING,LOW,0.764
T000010146,A003286,2026-08-03,C012,NEW_TARGETING,MEDIUM,0.247
T000010147,A001710,2026-08-26,C012,NEW_TARGETING,HIGH,0.698
T000010148,A002978,2026-08-07,C012,NEW_TARGETING,MEDIUM,0.5
T000010149,A001118,2026-08-13,C012,NEW_TARGETING,HIGH,0.213
T000010150,A000331,2026-08-06,C012,NEW_TARGETING,LOW,0.41
T000010151,A002191,2026-08-16,C012,NEW_TARGETING,HIGH,0.522
T000010152,A003376,2026-08-06,C012,NEW_TARGETING,MEDIUM,0.386
T000010153,A003793,2026-08-13,C012,NEW_TARGETING,LOW,0.828
T000010154,A001071,2026-08-12,C012,NEW_TARGETING,MEDIUM,0.175
T000010155,A003848,2026-08-08,C012,NEW_TARGETING,MEDIUM,0.803
T000010156,A002993,2026-08-12,C012,NEW_TARGETING,LOW,0.553
T000010157,A001748,2026-08-16,C012,NEW_TARGETING,MEDIUM,0.653
T000010158,A002833,2026-08-22,C012,NEW_TARGETING,MEDIUM,0.485
T000010159,A001862,2026-08-03,C012,NEW_TARGETING,MEDIUM,0.458
T000010160,A002921,2026-08-25,C012,NEW_TARGETING,MEDIUM,0.491
T000010161,A003485,2026-08-12,C012,NEW_TARGETING,MEDIUM,0.804
T000010162,A004196,2026-08-20,C012,NEW_TARGETING,MEDIUM,0.829
T000010163,A001943,2026-08-20,C012,NEW_TARGETING,MEDIUM,0.818
T000010164,A001028,2026-08-16,C012,NEW_TARGETING,LOW,0.129
T000010165,A004172,2026-08-25,C012,NEW_TARGETING,LOW,0.929
T000010166,A002158,2026-08-20,C012,NEW_TARGETING,MEDIUM,0.474
T000010167,A002120,2026-08-27,C012,NEW_TARGETING,HIGH,0.847
T000010168,A000455,2026-08-03,C012,NEW_TARGETING,LOW,0.531
T000010169,A003480,2026-08-08,C012,NEW_TARGETING,HIGH,0.643
T000010170,A002964,2026-08-25,C012,NEW_TARGETING,HIGH,0.651
T000010171,A000407,2026-08-07,C012,NEW_TARGETING,HIGH,0.78
T000010172,A003620,2026-08-07,C012,NEW_TARGETING,LOW,0.486
T000010173,A000599,2026-08-18,C012,NEW_TARGETING,MEDIUM,0.551
T000010174,A003855,2026-08-11,C012,NEW_TARGETING,HIGH,0.971
T000010175,A001697,2026-08-24,C012,NEW_TARGETING,MEDIUM,0.943
T000010176,A003531,2026-08-05,C012,NEW_TARGETING,HIGH,0.819
T000010177,A003504,2026-08-15,C012,NEW_TARGETING,LOW,0.534
T000010178,A002858,2026-08-14,C012,NEW_TARGETING,MEDIUM,0.747
T000010179,A002885,2026-08-23,C012,NEW_TARGETING,MEDIUM,0.244
T000010180,A001372,2026-08-14,C012,NEW_TARGETING,LOW,0.67
T000010181,A000860,2026-08-01,C012,NEW_TARGETING,MEDIUM,0.757
T000010182,A002442,2026-08-06,C012,NEW_TARGETING,HIGH,0.493
T000010183,A001697,2026-08-09,C012,NEW_TARGETING,MEDIUM,0.338
T000010184,A000592,2026-08-11,C012,NEW_TARGETING,MEDIUM,0.485
T000010185,A003476,2026-08-18,C012,NEW_TARGETING,MEDIUM,0.279
T000010186,A004031,2026-08-03,C012,NEW_TARGETING,MEDIUM,0.563
T000010187,A003571,2026-08-03,C012,NEW_TARGETING,MEDIUM,0.798
T000010188,A002991,2026-08-22,C012,NEW_TARGETING,HIGH,0.116
T000010189,A002754,2026-08-19,C012,NEW_TARGETING,MEDIUM,0.263
T000010190,A002294,2026-08-06,C012,NEW_TARGETING,LOW,0.615
T000010191,A000271,2026-08-02,C012,NEW_TARGETING,LOW,0.412
T000010192,A000733,2026-08-10,C012,NEW_TARGETING,LOW,0.78
T000010193,A001614,2026-08-16,C012,NEW_TARGETING,MEDIUM,0.201
T000010194,A004013,2026-08-17,C012,NEW_TARGETING,MEDIUM,0.131
T000010195,A004070,2026-08-10,C012,NEW_TARGETING,MEDIUM,0.792
T000010196,A003999,2026-08-01,C012,NEW_TARGETING,HIGH,0.505
T000010197,A002130,2026-08-21,C012,NEW_TARGETING,HIGH,0.583
T000010198,A003587,2026-08-23,C012,NEW_TARGETING,MEDIUM,0.405
T000010199,A003147,2026-08-10,C012,NEW_TARGETING,LOW,0.712
T000010200,A000473,2026-08-06,C012,NEW_TARGETING,HIGH,0.9
T000010201,A001533,2026-08-07,C012,NEW_TARGETING,MEDIUM,0.262
T000010202,A003799,2026-08-06,C012,NEW_TARGETING,MEDIUM,0.34
T000010203,A002023,2026-08-09,C012,NEW_TARGETING,MEDIUM,0.391
T000010204,A002647,2026-08-01,C012,NEW_TARGETING,LOW,0.616
T000010205,A003219,2026-08-06,C012,NEW_TARGETING,LOW,0.536
T000010206,A002992,2026-08-05,C012,NEW_TARGETING,MEDIUM,0.645
T000010207,A001853,2026-08-04,C012,NEW_TARGETING,MEDIUM,0.88
T000010208,A000910,2026-08-12,C012,NEW_TARGETING,HIGH,0.462
T000010209,A000150,2026-08-06,C012,NEW_TARGETING,LOW,0.16
T000010210,A001163,2026-08-13,C012,NEW_TARGETING,MEDIUM,0.327
T000010211,A001776,2026-08-07,C012,NEW_TARGETING,MEDIUM,0.92
T000010212,A001094,2026-08-13,C012,NEW_TARGETING,LOW,0.975
T000010213,A000165,2026-08-26,C012,NEW_TARGETING,LOW,0.39
T000010214,A003436,2026-08-13,C012,NEW_TARGETING,HIGH,0.121
T000010215,A000218,2026-08-24,C012,NEW_TARGETING,MEDIUM,0.663
T000010216,A000155,2026-08-04,C012,NEW_TARGETING,MEDIUM,0.417
T000010217,A001224,2026-08-21,C012,NEW_TARGETING,LOW,0.235
T000010218,A001043,2026-08-01,C012,NEW_TARGETING,HIGH,0.75
T000010219,A001207,2026-08-16,C012,NEW_TARGETING,LOW,0.631
T000010220,A001082,2026-08-02,C012,NEW_TARGETING,MEDIUM,0.837
T000010221,A000503,2026-08-26,C012,NEW_TARGETING,MEDIUM,0.639
T000010222,A003115,2026-08-14,C012,NEW_TARGETING,LOW,0.942
T000010223,A001953,2026-08-02,C012,NEW_TARGETING,HIGH,0.598
T000010224,A004077,2026-08-09,C012,NEW_TARGETING,MEDIUM,0.21
T000010225,A001494,2026-08-03,C012,NEW_TARGETING,LOW,0.386
T000010226,A001603,2026-08-25,C012,NEW_TARGETING,LOW,0.651
T000010227,A003088,2026-08-02,C012,NEW_TARGETING,LOW,0.789
T000010228,A001478,2026-08-19,C012,NEW_TARGETING,HIGH,0.559
T000010229,A002652,2026-08-10,C012,NEW_TARGETING,MEDIUM,0.32
T000010230,A001744,2026-08-03,C012,NEW_TARGETING,MEDIUM,0.972
T000010231,A001018,2026-08-23,C012,NEW_TARGETING,MEDIUM,0.672
T000010232,A000015,2026-08-01,C012,NEW_TARGETING,MEDIUM,0.228
T000010233,A001588,2026-08-24,C012,NEW_TARGETING,MEDIUM,0.221
T000010234,A001406,2026-08-12,C012,NEW_TARGETING,LOW,0.365
T000010235,A001664,2026-08-27,C012,NEW_TARGETING,LOW,0.902
T000010236,A001668,2026-08-01,C012,NEW_TARGETING,LOW,0.663
T000010237,A003225,2026-08-25,C012,NEW_TARGETING,HIGH,0.246
T000010238,A003868,2026-08-25,C012,NEW_TARGETING,MEDIUM,0.445
T000010239,A003216,2026-08-09,C012,NEW_TARGETING,LOW,0.442
T000010240,A001931,2026-08-14,C012,NEW_TARGETING,HIGH,0.883
T000010241,A002096,2026-08-16,C012,NEW_TARGETING,LOW,0.437
T000010242,A000645,2026-08-25,C012,NEW_TARGETING,HIGH,0.494
T000010243,A001810,2026-08-03,C012,NEW_TARGETING,MEDIUM,0.162
T000010244,A000583,2026-08-20,C012,NEW_TARGETING,MEDIUM,0.736
T000010245,A002600,2026-08-10,C012,NEW_TARGETING,MEDIUM,0.699
T000010246,A001716,2026-08-22,C012,NEW_TARGETING,MEDIUM,0.686
T000010247,A001896,2026-08-09,C012,NEW_TARGETING,HIGH,0.699
T000010248,A002773,2026-08-14,C012,NEW_TARGETING,LOW,0.775
T000010249,A003540,2026-08-25,C012,NEW_TARGETING,HIGH,0.577
T000010250,A003360,2026-08-14,C012,NEW_TARGETING,HIGH,0.56
T000010251,A003821,2026-08-09,C012,NEW_TARGETING,LOW,0.166
T000010252,A000385,2026-08-08,C012,NEW_TARGETING,LOW,0.398
T000010253,A000642,2026-08-25,C012,NEW_TARGETING,MEDIUM,0.805
T000010254,A002036,2026-08-09,C012,NEW_TARGETING,MEDIUM,0.46
T000010255,A001399,2026-08-26,C012,NEW_TARGETING,MEDIUM,0.115
T000010256,A000889,2026-08-16,C012,NEW_TARGETING,MEDIUM,0.59
T000010257,A001958,2026-08-25,C012,NEW_TARGETING,LOW,0.244
T000010258,A000858,2026-08-24,C012,NEW_TARGETING,LOW,0.21
T000010259,A000453,2026-08-12,C012,NEW_TARGETING,LOW,0.554
T000010260,A001615,2026-08-19,C012,NEW_TARGETING,LOW,0.588
T000010261,A002353,2026-08-03,C012,NEW_TARGETING,LOW,0.135
T000010262,A001797,2026-08-20,C012,NEW_TARGETING,HIGH,0.807
T000010263,A000258,2026-08-23,C012,NEW_TARGETING,LOW,0.611
T000010264,A001699,2026-08-02,C012,NEW_TARGETING,MEDIUM,0.725
T000010265,A001047,2026-08-09,C012,NEW_TARGETING,MEDIUM,0.158
T000010266,A003334,2026-08-13,C012,NEW_TARGETING,MEDIUM,0.614
T000010267,A002495,2026-08-25,C012,NEW_TARGETING,MEDIUM,0.427
T000010268,A001341,2026-08-13,C012,NEW_TARGETING,HIGH,0.984
T000010269,A003819,2026-08-06,C012,NEW_TARGETING,HIGH,0.82
T000010270,A002685,2026-08-25,C012,NEW_TARGETING,MEDIUM,0.569
T000010271,A003796,2026-08-17,C012,NEW_TARGETING,HIGH,0.208
T000010272,A003838,2026-08-23,C012,NEW_TARGETING,MEDIUM,0.232
T000010273,A002603,2026-08-12,C012,NEW_TARGETING,MEDIUM,0.103
T000010274,A000901,2026-08-10,C012,NEW_TARGETING,HIGH,0.927
T000010275,A003858,2026-08-12,C012,NEW_TARGETING,LOW,0.916
T000010276,A003053,2026-08-05,C012,NEW_TARGETING,MEDIUM,0.485
T000010277,A001783,2026-08-22,C012,NEW_TARGETING,MEDIUM,0.623
T000010278,A001249,2026-08-07,C012,NEW_TARGETING,MEDIUM,0.865
T000010279,A000248,2026-08-01,C012,NEW_TARGETING,HIGH,0.439
T000010280,A003103,2026-08-13,C012,NEW_TARGETING,MEDIUM,0.64
T000010281,A003918,2026-08-07,C012,NEW_TARGETING,LOW,0.761
T000010282,A002905,2026-08-15,C012,NEW_TARGETING,LOW,0.764
T000010283,A004023,2026-08-26,C012,NEW_TARGETING,MEDIUM,0.749
T000010284,A000933,2026-08-21,C012,NEW_TARGETING,LOW,0.652
T000010285,A003044,2026-08-05,C012,NEW_TARGETING,HIGH,0.764
T000010286,A002184,2026-08-13,C012,NEW_TARGETING,MEDIUM,0.207
T000010287,A003281,2026-08-12,C012,NEW_TARGETING,MEDIUM,0.571
T000010288,A000715,2026-08-14,C012,NEW_TARGETING,HIGH,0.437
T000010289,A002940,2026-08-12,C012,NEW_TARGETING,HIGH,0.971
T000010290,A003950,2026-08-13,C012,NEW_TARGETING,HIGH,0.871
T000010291,A003720,2026-08-10,C012,NEW_TARGETING,MEDIUM,0.527
T000010292,A001055,2026-08-20,C012,NEW_TARGETING,MEDIUM,0.385
T000010293,A001215,2026-08-03,C012,NEW_TARGETING,HIGH,0.957
T000010294,A003955,2026-08-22,C012,NEW_TARGETING,HIGH,0.268
T000010295,A000249,2026-08-24,C012,NEW_TARGETING,MEDIUM,0.115
T000010296,A001642,2026-08-01,C012,NEW_TARGETING,LOW,0.274
T000010297,A000042,2026-08-03,C012,NEW_TARGETING,MEDIUM,0.727
T000010298,A001631,2026-08-07,C012,NEW_TARGETING,HIGH,0.848
T000010299,A004113,2026-08-04,C012,NEW_TARGETING,MEDIUM,0.89
T000010300,A000704,2026-08-27,C012,NEW_TARGETING,HIGH,0.74
T000010301,A003182,2026-08-01,C012,NEW_TARGETING,LOW,0.638
T000010302,A001029,2026-08-07,C012,NEW_TARGETING,MEDIUM,0.133
T000010303,A000363,2026-08-11,C012,NEW_TARGETING,HIGH,0.959
T000010304,A003976,2026-08-09,C012,NEW_TARGETING,MEDIUM,0.265
T000010305,A003463,2026-08-03,C012,NEW_TARGETING,MEDIUM,0.404
T000010306,A000040,2026-08-17,C012,NEW_TARGETING,HIGH,0.613
T000010307,A001882,2026-08-03,C012,NEW_TARGETING,LOW,0.233
T000010308,A004067,2026-08-25,C012,NEW_TARGETING,LOW,0.949
T000010309,A003851,2026-08-15,C012,NEW_TARGETING,MEDIUM,0.253
T000010310,A001480,2026-08-03,C012,NEW_TARGETING,HIGH,0.497
T000010311,A004003,2026-08-24,C012,NEW_TARGETING,HIGH,0.646
T000010312,A002636,2026-08-17,C012,NEW_TARGETING,MEDIUM,0.768
T000010313,A003801,2026-08-11,C012,NEW_TARGETING,LOW,0.844
T000010314,A000628,2026-08-16,C012,NEW_TARGETING,LOW,0.344
T000010315,A003945,2026-08-08,C012,NEW_TARGETING,LOW,0.284
T000010316,A004176,2026-08-14,C012,NEW_TARGETING,HIGH,0.936
T000010317,A002229,2026-08-01,C012,NEW_TARGETING,MEDIUM,0.684
T000010318,A002072,2026-08-03,C012,NEW_TARGETING,MEDIUM,0.551
T000010319,A002269,2026-08-24,C012,NEW_TARGETING,LOW,0.148
T000010320,A000112,2026-08-08,C012,NEW_TARGETING,LOW,0.719
T000010321,A002605,2026-08-03,C012,NEW_TARGETING,LOW,0.761
T000010322,A003986,2026-08-18,C012,NEW_TARGETING,HIGH,0.818
T000010323,A002065,2026-08-03,C012,NEW_TARGETING,MEDIUM,0.47
T000010324,A002309,2026-08-05,C012,NEW_TARGETING,LOW,0.931
T000010325,A003679,2026-08-25,C012,NEW_TARGETING,LOW,0.9
T000010326,A002032,2026-08-12,C012,NEW_TARGETING,HIGH,0.107
T000010327,A002160,2026-08-13,C012,NEW_TARGETING,MEDIUM,0.309
T000010328,A002057,2026-08-04,C012,NEW_TARGETING,HIGH,0.806
T000010329,A002626,2026-08-18,C012,NEW_TARGETING,HIGH,0.613
T000010330,A001502,2026-08-13,C012,NEW_TARGETING,LOW,0.334
T000010331,A003833,2026-08-25,C012,NEW_TARGETING,MEDIUM,0.172
T000010332,A001846,2026-08-09,C012,NEW_TARGETING,MEDIUM,0.268
T000010333,A003472,2026-08-02,C012,NEW_TARGETING,LOW,0.196
T000010334,A001539,2026-08-22,C012,NEW_TARGETING,MEDIUM,0.402
T000010335,A000686,2026-08-21,C012,NEW_TARGETING,HIGH,0.553
T000010336,A003735,2026-08-07,C012,NEW_TARGETING,HIGH,0.4
T000010337,A001348,2026-08-06,C012,NEW_TARGETING,HIGH,0.932
T000010338,A000904,2026-08-23,C012,NEW_TARGETING,MEDIUM,0.75
T000010339,A002506,2026-08-22,C012,NEW_TARGETING,LOW,0.444
T000010340,A002793,2026-08-20,C012,NEW_TARGETING,LOW,0.714
T000010341,A004142,2026-08-09,C012,NEW_TARGETING,LOW,0.109
T000010342,A001334,2026-08-08,C012,NEW_TARGETING,MEDIUM,0.521
T000010343,A003903,2026-08-03,C012,NEW_TARGETING,MEDIUM,0.382
T000010344,A002496,2026-08-11,C012,NEW_TARGETING,LOW,0.879
T000010345,A004033,2026-08-05,C012,NEW_TARGETING,HIGH,0.835
T000010346,A002741,2026-08-16,C012,NEW_TARGETING,MEDIUM,0.977
T000010347,A000212,2026-08-22,C012,NEW_TARGETING,MEDIUM,0.219
T000010348,A003930,2026-08-04,C012,NEW_TARGETING,MEDIUM,0.896
T000010349,A002296,2026-08-19,C012,NEW_TARGETING,MEDIUM,0.722
T000010350,A003309,2026-08-19,C012,NEW_TARGETING,HIGH,0.738
T000010351,A000305,2026-08-14,C012,NEW_TARGETING,MEDIUM,0.823
T000010352,A002524,2026-08-26,C012,NEW_TARGETING,MEDIUM,0.258
T000010353,A002263,2026-08-08,C012,NEW_TARGETING,LOW,0.528
T000010354,A001744,2026-08-24,C012,NEW_TARGETING,HIGH,0.408
T000010355,A000390,2026-08-02,C012,NEW_TARGETING,HIGH,0.933
T000010356,A003490,2026-08-23,C012,NEW_TARGETING,HIGH,0.221
T000010357,A001246,2026-08-17,C012,NEW_TARGETING,HIGH,0.947
T000010358,A002704,2026-08-01,C012,NEW_TARGETING,MEDIUM,0.613
T000010359,A000156,2026-08-17,C012,NEW_TARGETING,HIGH,0.709
T000010360,A004163,2026-08-05,C012,NEW_TARGETING,LOW,0.894
T000010361,A002833,2026-08-25,C012,NEW_TARGETING,MEDIUM,0.483
T000010362,A001893,2026-08-14,C012,NEW_TARGETING,MEDIUM,0.324
T000010363,A000861,2026-08-02,C012,NEW_TARGETING,HIGH,0.671
T000010364,A001173,2026-08-19,C012,NEW_TARGETING,MEDIUM,0.222
T000010365,A000562,2026-08-06,C012,NEW_TARGETING,MEDIUM,0.807
T000010366,A000861,2026-08-21,C012,NEW_TARGETING,MEDIUM,0.397
T000010367,A000475,2026-08-12,C012,NEW_TARGETING,HIGH,0.495
T000010368,A000375,2026-08-14,C012,NEW_TARGETING,MEDIUM,0.366
T000010369,A003555,2026-08-18,C012,NEW_TARGETING,LOW,0.162
T000010370,A004033,2026-08-17,C012,NEW_TARGETING,MEDIUM,0.978
T000010371,A002673,2026-08-20,C012,NEW_TARGETING,HIGH,0.394
T000010372,A000458,2026-08-26,C012,NEW_TARGETING,MEDIUM,0.43
T000010373,A000085,2026-08-01,C012,NEW_TARGETING,LOW,0.984
T000010374,A001280,2026-08-07,C012,NEW_TARGETING,LOW,0.251
T000010375,A001819,2026-08-22,C012,NEW_TARGETING,MEDIUM,0.685
T000010376,A004155,2026-08-08,C012,NEW_TARGETING,MEDIUM,0.245
T000010377,A003379,2026-08-10,C012,NEW_TARGETING,MEDIUM,0.728
T000010378,A001593,2026-08-05,C012,NEW_TARGETING,LOW,0.212
T000010379,A003054,2026-08-19,C012,NEW_TARGETING,HIGH,0.789
T000010380,A000676,2026-08-11,C012,NEW_TARGETING,LOW,0.501
T000010381,A002002,2026-08-23,C012,NEW_TARGETING,MEDIUM,0.717
T000010382,A000608,2026-08-09,C012,NEW_TARGETING,HIGH,0.967
T000010383,A001807,2026-08-25,C012,NEW_TARGETING,LOW,0.441
T000010384,A002204,2026-08-09,C012,NEW_TARGETING,HIGH,0.557
T000010385,A002732,2026-08-07,C012,NEW_TARGETING,MEDIUM,0.634
T000010386,A001241,2026-08-24,C012,NEW_TARGETING,LOW,0.753
T000010387,A000465,2026-08-12,C012,NEW_TARGETING,MEDIUM,0.23
T000010388,A003587,2026-08-16,C012,NEW_TARGETING,LOW,0.886
T000010389,A003177,2026-08-24,C012,NEW_TARGETING,HIGH,0.428
T000010390,A000067,2026-08-20,C012,NEW_TARGETING,MEDIUM,0.537
T000010391,A000053,2026-08-08,C012,NEW_TARGETING,LOW,0.708
T000010392,A000367,2026-08-12,C012,NEW_TARGETING,LOW,0.844
T000010393,A004010,2026-08-05,C012,NEW_TARGETING,MEDIUM,0.447
T000010394,A002176,2026-08-22,C012,NEW_TARGETING,MEDIUM,0.191
T000010395,A000723,2026-08-06,C012,NEW_TARGETING,MEDIUM,0.781
T000010396,A002001,2026-08-25,C012,NEW_TARGETING,LOW,0.306
T000010397,A001228,2026-08-26,C012,NEW_TARGETING,LOW,0.432
T000010398,A000236,2026-08-08,C012,NEW_TARGETING,MEDIUM,0.823
T000010399,A000013,2026-08-07,C012,NEW_TARGETING,HIGH,0.903
T000010400,A001302,2026-08-20,C012,NEW_TARGETING,LOW,0.331
T000010401,A000945,2026-08-17,C012,NEW_TARGETING,MEDIUM,0.714
T000010402,A002951,2026-08-09,C012,NEW_TARGETING,MEDIUM,0.415
T000010403,A000447,2026-08-05,C012,NEW_TARGETING,HIGH,0.852
T000010404,A001404,2026-08-12,C012,NEW_TARGETING,HIGH,0.768
T000010405,A002725,2026-08-18,C012,NEW_TARGETING,MEDIUM,0.745
T000010406,A002534,2026-08-24,C012,NEW_TARGETING,MEDIUM,0.491
T000010407,A000083,2026-08-06,C012,NEW_TARGETING,MEDIUM,0.811
T000010408,A000068,2026-08-16,C012,NEW_TARGETING,LOW,0.221
T000010409,A000985,2026-08-05,C012,NEW_TARGETING,MEDIUM,0.17
T000010410,A000919,2026-08-25,C012,NEW_TARGETING,MEDIUM,0.872
T000010411,A000425,2026-08-02,C012,NEW_TARGETING,MEDIUM,0.944
T000010412,A000500,2026-08-23,C012,NEW_TARGETING,LOW,0.412
T000010413,A003583,2026-08-12,C012,NEW_TARGETING,LOW,0.507
T000010414,A002404,2026-08-03,C012,NEW_TARGETING,MEDIUM,0.416
T000010415,A000149,2026-08-05,C012,NEW_TARGETING,LOW,0.163
T000010416,A000650,2026-08-16,C012,NEW_TARGETING,LOW,0.248
T000010417,A003953,2026-08-16,C012,NEW_TARGETING,MEDIUM,0.4
T000010418,A001246,2026-08-25,C012,NEW_TARGETING,LOW,0.403
T000010419,A003003,2026-08-20,C012,NEW_TARGETING,HIGH,0.153
T000010420,A002399,2026-08-13,C012,NEW_TARGETING,MEDIUM,0.559
T000010421,A001240,2026-08-14,C012,NEW_TARGETING,MEDIUM,0.142
T000010422,A001514,2026-08-07,C012,NEW_TARGETING,LOW,0.187
T000010423,A000985,2026-08-19,C012,NEW_TARGETING,MEDIUM,0.15
T000010424,A001906,2026-08-27,C012,NEW_TARGETING,LOW,0.686
T000010425,A001057,2026-08-04,C012,NEW_TARGETING,HIGH,0.827
T000010426,A003727,2026-08-15,C012,NEW_TARGETING,MEDIUM,0.467
T000010427,A000594,2026-08-16,C012,NEW_TARGETING,MEDIUM,0.331
T000010428,A000908,2026-08-21,C012,NEW_TARGETING,HIGH,0.587
T000010429,A000732,2026-08-14,C012,NEW_TARGETING,HIGH,0.176
T000010430,A003628,2026-08-23,C012,NEW_TARGETING,HIGH,0.208
T000010431,A000909,2026-08-07,C012,NEW_TARGETING,HIGH,0.263
T000010432,A002764,2026-08-19,C012,NEW_TARGETING,LOW,0.258
T000010433,A003892,2026-08-20,C012,NEW_TARGETING,MEDIUM,0.952
T000010434,A001996,2026-08-03,C012,NEW_TARGETING,MEDIUM,0.198
T000010435,A001338,2026-08-16,C012,NEW_TARGETING,MEDIUM,0.611
T000010436,A000570,2026-08-17,C012,NEW_TARGETING,MEDIUM,0.144
T000010437,A004017,2026-08-27,C012,NEW_TARGETING,MEDIUM,0.186
T000010438,A000550,2026-08-10,C012,NEW_TARGETING,MEDIUM,0.346
T000010439,A001918,2026-08-07,C012,NEW_TARGETING,HIGH,0.941
T000010440,A000912,2026-08-20,C012,NEW_TARGETING,LOW,0.383
T000010441,A000046,2026-08-22,C012,NEW_TARGETING,MEDIUM,0.175
T000010442,A002781,2026-08-15,C012,NEW_TARGETING,MEDIUM,0.646
T000010443,A002500,2026-08-07,C012,NEW_TARGETING,MEDIUM,0.804
T000010444,A003275,2026-08-05,C012,NEW_TARGETING,MEDIUM,0.564
T000010445,A001547,2026-08-22,C012,NEW_TARGETING,LOW,0.388
T000010446,A000839,2026-08-07,C012,NEW_TARGETING,HIGH,0.703
T000010447,A003243,2026-08-01,C012,NEW_TARGETING,HIGH,0.685
T000010448,A000986,2026-08-17,C012,NEW_TARGETING,MEDIUM,0.485
T000010449,A000494,2026-08-10,C012,NEW_TARGETING,MEDIUM,0.117
T000010450,A001312,2026-08-27,C012,NEW_TARGETING,MEDIUM,0.469
T000010451,A002152,2026-08-22,C012,NEW_TARGETING,LOW,0.71
T000010452,A002225,2026-08-24,C012,NEW_TARGETING,MEDIUM,0.749
T000010453,A001034,2026-08-09,C012,NEW_TARGETING,LOW,0.44
T000010454,A002547,2026-08-24,C012,NEW_TARGETING,HIGH,0.516
T000010455,A003647,2026-08-25,C012,NEW_TARGETING,MEDIUM,0.96
T000010456,A002199,2026-08-21,C012,NEW_TARGETING,MEDIUM,0.726
T000010457,A001112,2026-08-15,C012,NEW_TARGETING,LOW,0.551
T000010458,A000661,2026-08-20,C012,NEW_TARGETING,MEDIUM,0.312
T000010459,A000748,2026-08-01,C012,NEW_TARGETING,MEDIUM,0.348
T000010460,A002345,2026-08-16,C012,NEW_TARGETING,HIGH,0.115
T000010461,A001977,2026-08-08,C012,NEW_TARGETING,MEDIUM,0.272
T000010462,A003447,2026-08-05,C012,NEW_TARGETING,MEDIUM,0.428
T000010463,A002761,2026-08-18,C012,NEW_TARGETING,MEDIUM,0.626
T000010464,A002142,2026-08-05,C012,NEW_TARGETING,MEDIUM,0.633
T000010465,A002002,2026-08-07,C012,NEW_TARGETING,MEDIUM,0.14
T000010466,A001669,2026-08-12,C012,NEW_TARGETING,MEDIUM,0.662
T000010467,A002854,2026-08-24,C012,NEW_TARGETING,MEDIUM,0.917
T000010468,A004195,2026-08-13,C012,NEW_TARGETING,LOW,0.227
T000010469,A000053,2026-08-14,C012,NEW_TARGETING,HIGH,0.93
T000010470,A002244,2026-08-26,C012,NEW_TARGETING,LOW,0.377
T000010471,A000390,2026-08-25,C012,NEW_TARGETING,LOW,0.971
T000010472,A001040,2026-08-23,C012,NEW_TARGETING,HIGH,0.444
T000010473,A001871,2026-08-01,C012,NEW_TARGETING,HIGH,0.948
T000010474,A003846,2026-08-15,C012,NEW_TARGETING,MEDIUM,0.544
T000010475,A001512,2026-08-04,C012,NEW_TARGETING,HIGH,0.705
T000010476,A000184,2026-08-18,C012,NEW_TARGETING,MEDIUM,0.727
T000010477,A003453,2026-08-27,C012,NEW_TARGETING,HIGH,0.39
T000010478,A000040,2026-08-01,C012,NEW_TARGETING,LOW,0.244
T000010479,A002080,2026-08-12,C012,NEW_TARGETING,MEDIUM,0.869
T000010480,A003843,2026-08-13,C012,NEW_TARGETING,HIGH,0.961
T000010481,A001211,2026-08-09,C012,NEW_TARGETING,LOW,0.419
T000010482,A000215,2026-08-17,C012,NEW_TARGETING,HIGH,0.411
T000010483,A002846,2026-08-27,C012,NEW_TARGETING,HIGH,0.736
T000010484,A000017,2026-08-02,C012,NEW_TARGETING,MEDIUM,0.502
T000010485,A004184,2026-08-12,C012,NEW_TARGETING,HIGH,0.225
T000010486,A001401,2026-08-25,C012,NEW_TARGETING,MEDIUM,0.685
T000010487,A004172,2026-08-20,C012,NEW_TARGETING,HIGH,0.938
T000010488,A002849,2026-08-04,C012,NEW_TARGETING,MEDIUM,0.705
T000010489,A004141,2026-08-12,C012,NEW_TARGETING,MEDIUM,0.262
T000010490,A002456,2026-08-04,C012,NEW_TARGETING,HIGH,0.487
T000010491,A003031,2026-08-01,C012,NEW_TARGETING,HIGH,0.966
T000010492,A002816,2026-08-10,C012,NEW_TARGETING,MEDIUM,0.795
T000010493,A000288,2026-08-13,C012,NEW_TARGETING,LOW,0.615
T000010494,A003395,2026-08-14,C012,NEW_TARGETING,HIGH,0.854
T000010495,A002223,2026-08-01,C012,NEW_TARGETING,MEDIUM,0.136
T000010496,A003388,2026-08-08,C012,NEW_TARGETING,MEDIUM,0.633
T000010497,A001404,2026-08-22,C012,NEW_TARGETING,MEDIUM,0.348
T000010498,A002924,2026-08-23,C012,NEW_TARGETING,HIGH,0.723
T000010499,A000791,2026-08-23,C012,NEW_TARGETING,MEDIUM,0.571
T000010500,A001768,2026-08-03,C012,NEW_TARGETING,MEDIUM,0.35
T000010501,A003964,2026-08-22,C012,NEW_TARGETING,MEDIUM,0.215
T000010502,A001861,2026-08-22,C012,NEW_TARGETING,MEDIUM,0.917
T000010503,A003305,2026-08-09,C012,NEW_TARGETING,LOW,0.344
T000010504,A000493,2026-08-25,C012,NEW_TARGETING,MEDIUM,0.282
T000010505,A002532,2026-08-25,C012,NEW_TARGETING,LOW,0.386
T000010506,A000580,2026-08-03,C012,NEW_TARGETING,MEDIUM,0.2
T000010507,A000199,2026-08-16,C012,NEW_TARGETING,MEDIUM,0.248
T000010508,A001296,2026-08-04,C012,NEW_TARGETING,MEDIUM,0.94
T000010509,A001889,2026-08-25,C012,NEW_TARGETING,HIGH,0.462
T000010510,A002161,2026-08-22,C012,NEW_TARGETING,LOW,0.188
T000010511,A002558,2026-08-13,C012,NEW_TARGETING,MEDIUM,0.61
T000010512,A003222,2026-08-20,C012,NEW_TARGETING,LOW,0.879
T000010513,A002807,2026-08-27,C012,NEW_TARGETING,HIGH,0.545
T000010514,A004085,2026-08-06,C012,NEW_TARGETING,MEDIUM,0.445
T000010515,A002337,2026-08-11,C012,NEW_TARGETING,MEDIUM,0.33
T000010516,A001329,2026-08-16,C012,NEW_TARGETING,MEDIUM,0.35
T000010517,A002310,2026-08-27,C012,NEW_TARGETING,MEDIUM,0.708
T000010518,A002858,2026-08-26,C012,NEW_TARGETING,HIGH,0.942
T000010519,A002821,2026-08-08,C012,NEW_TARGETING,MEDIUM,0.939
T000010520,A002729,2026-08-21,C012,NEW_TARGETING,HIGH,0.708
T000010521,A003278,2026-08-25,C012,NEW_TARGETING,MEDIUM,0.849
T000010522,A000050,2026-08-16,C012,NEW_TARGETING,MEDIUM,0.788
T000010523,A002443,2026-08-05,C012,NEW_TARGETING,LOW,0.374
T000010524,A000686,2026-08-05,C012,NEW_TARGETING,LOW,0.106
T000010525,A002888,2026-08-06,C012,NEW_TARGETING,LOW,0.12
T000010526,A003562,2026-08-27,C012,NEW_TARGETING,LOW,0.906
T000010527,A003586,2026-08-01,C012,NEW_TARGETING,LOW,0.589
T000010528,A000051,2026-08-24,C012,NEW_TARGETING,LOW,0.187
T000010529,A002296,2026-08-10,C012,NEW_TARGETING,MEDIUM,0.132
T000010530,A002546,2026-08-11,C012,NEW_TARGETING,HIGH,0.213
T000010531,A003568,2026-08-20,C012,NEW_TARGETING,MEDIUM,0.756
T000010532,A000274,2026-08-18,C012,NEW_TARGETING,MEDIUM,0.911
T000010533,A003953,2026-08-06,C012,NEW_TARGETING,MEDIUM,0.259
T000010534,A002967,2026-08-26,C012,NEW_TARGETING,LOW,0.119
T000010535,A001915,2026-08-06,C012,NEW_TARGETING,LOW,0.733
T000010536,A002388,2026-08-21,C012,NEW_TARGETING,HIGH,0.466
T000010537,A000593,2026-08-16,C012,NEW_TARGETING,LOW,0.78
T000010538,A004064,2026-08-06,C012,NEW_TARGETING,MEDIUM,0.331
T000010539,A000462,2026-08-08,C012,NEW_TARGETING,HIGH,0.537
T000010540,A002976,2026-08-19,C012,NEW_TARGETING,MEDIUM,0.118
T000010541,A003590,2026-08-05,C012,NEW_TARGETING,HIGH,0.436
T000010542,A003710,2026-08-20,C012,NEW_TARGETING,MEDIUM,0.5
T000010543,A000190,2026-08-07,C012,NEW_TARGETING,LOW,0.111
T000010544,A002024,2026-08-05,C012,NEW_TARGETING,HIGH,0.692
T000010545,A003750,2026-08-20,C012,NEW_TARGETING,LOW,0.487
T000010546,A001315,2026-08-22,C012,NEW_TARGETING,MEDIUM,0.592
T000010547,A000031,2026-08-21,C012,NEW_TARGETING,LOW,0.942
T000010548,A001949,2026-08-21,C012,NEW_TARGETING,HIGH,0.811
T000010549,A001793,2026-08-02,C012,NEW_TARGETING,MEDIUM,0.854
T000010550,A002291,2026-08-20,C012,NEW_TARGETING,HIGH,0.854
T000010551,A003042,2026-08-26,C012,NEW_TARGETING,MEDIUM,0.133
T000010552,A002862,2026-08-14,C012,NEW_TARGETING,LOW,0.968
T000010553,A003728,2026-08-24,C012,NEW_TARGETING,LOW,0.642
T000010554,A003794,2026-08-10,C012,NEW_TARGETING,LOW,0.2
T000010555,A002427,2026-08-09,C012,NEW_TARGETING,LOW,0.504
T000010556,A003985,2026-08-11,C012,NEW_TARGETING,LOW,0.406
T000010557,A003661,2026-08-10,C012,NEW_TARGETING,LOW,0.86
T000010558,A002657,2026-08-07,C012,NEW_TARGETING,MEDIUM,0.42
T000010559,A002910,2026-08-22,C012,NEW_TARGETING,LOW,0.836
T000010560,A003763,2026-08-07,C012,NEW_TARGETING,MEDIUM,0.562
T000010561,A003389,2026-08-07,C012,NEW_TARGETING,MEDIUM,0.676
T000010562,A003323,2026-08-18,C012,NEW_TARGETING,LOW,0.42
T000010563,A000155,2026-08-05,C012,NEW_TARGETING,LOW,0.69
T000010564,A002238,2026-08-17,C012,NEW_TARGETING,LOW,0.823
T000010565,A002506,2026-08-19,C012,NEW_TARGETING,HIGH,0.191
T000010566,A003366,2026-08-05,C012,NEW_TARGETING,LOW,0.871
T000010567,A000562,2026-08-21,C012,NEW_TARGETING,LOW,0.467
T000010568,A001450,2026-08-01,C012,NEW_TARGETING,MEDIUM,0.65
T000010569,A001423,2026-08-12,C012,NEW_TARGETING,LOW,0.894
T000010570,A002879,2026-08-26,C012,NEW_TARGETING,LOW,0.75
T000010571,A003432,2026-08-20,C012,NEW_TARGETING,LOW,0.772
T000010572,A002020,2026-08-05,C012,NEW_TARGETING,LOW,0.106
T000010573,A001820,2026-08-25,C012,NEW_TARGETING,HIGH,0.832
T000010574,A002146,2026-08-17,C012,NEW_TARGETING,MEDIUM,0.914
T000010575,A001941,2026-08-24,C012,NEW_TARGETING,LOW,0.714
T000010576,A003996,2026-08-07,C012,NEW_TARGETING,LOW,0.331
T000010577,A001347,2026-08-18,C012,NEW_TARGETING,MEDIUM,0.852
T000010578,A001955,2026-08-20,C012,NEW_TARGETING,MEDIUM,0.741
T000010579,A002262,2026-08-13,C012,NEW_TARGETING,LOW,0.988
T000010580,A001877,2026-08-07,C012,NEW_TARGETING,MEDIUM,0.292
T000010581,A001895,2026-08-22,C012,NEW_TARGETING,MEDIUM,0.132
T000010582,A002828,2026-08-23,C012,NEW_TARGETING,LOW,0.239
T000010583,A003632,2026-08-19,C012,NEW_TARGETING,MEDIUM,0.635
T000010584,A001063,2026-08-13,C012,NEW_TARGETING,MEDIUM,0.265
T000010585,A003450,2026-08-27,C012,NEW_TARGETING,MEDIUM,0.194
T000010586,A001766,2026-08-12,C012,NEW_TARGETING,MEDIUM,0.341
T000010587,A003530,2026-08-27,C012,NEW_TARGETING,HIGH,0.188
T000010588,A000148,2026-08-22,C012,NEW_TARGETING,HIGH,0.489
T000010589,A001633,2026-08-22,C012,NEW_TARGETING,MEDIUM,0.112
T000010590,A003114,2026-08-21,C012,NEW_TARGETING,MEDIUM,0.797
T000010591,A000367,2026-08-27,C012,NEW_TARGETING,MEDIUM,0.104
T000010592,A002591,2026-08-07,C012,NEW_TARGETING,LOW,0.655
T000010593,A004068,2026-08-14,C012,NEW_TARGETING,HIGH,0.851
T000010594,A003913,2026-08-03,C012,NEW_TARGETING,MEDIUM,0.436
T000010595,A001348,2026-08-14,C012,NEW_TARGETING,LOW,0.705
T000010596,A001049,2026-08-11,C012,NEW_TARGETING,HIGH,0.329
T000010597,A002938,2026-08-17,C012,NEW_TARGETING,MEDIUM,0.385
T000010598,A002607,2026-08-20,C012,NEW_TARGETING,LOW,0.833
T000010599,A004119,2026-08-09,C012,NEW_TARGETING,MEDIUM,0.49
T000010600,A001515,2026-08-04,C012,NEW_TARGETING,HIGH,0.361
T000010601,A000047,2026-08-19,C012,NEW_TARGETING,HIGH,0.822
T000010602,A003498,2026-08-26,C012,NEW_TARGETING,MEDIUM,0.601
T000010603,A002841,2026-08-27,C012,NEW_TARGETING,LOW,0.305
T000010604,A003427,2026-08-24,C012,NEW_TARGETING,HIGH,0.728
T000010605,A001081,2026-08-16,C012,NEW_TARGETING,LOW,0.91
T000010606,A001042,2026-08-22,C012,NEW_TARGETING,MEDIUM,0.449
T000010607,A003382,2026-08-04,C012,NEW_TARGETING,MEDIUM,0.965
T000010608,A000253,2026-08-10,C012,NEW_TARGETING,HIGH,0.282
T000010609,A001122,2026-08-21,C012,NEW_TARGETING,MEDIUM,0.939
T000010610,A000405,2026-08-21,C012,NEW_TARGETING,MEDIUM,0.171
T000010611,A004146,2026-08-07,C012,NEW_TARGETING,LOW,0.979
T000010612,A003219,2026-08-11,C012,NEW_TARGETING,LOW,0.226
T000010613,A004079,2026-08-23,C012,NEW_TARGETING,LOW,0.527
T000010614,A000388,2026-08-03,C012,NEW_TARGETING,MEDIUM,0.421
T000010615,A002058,2026-08-11,C012,NEW_TARGETING,MEDIUM,0.69
T000010616,A002168,2026-08-09,C012,NEW_TARGETING,MEDIUM,0.721
T000010617,A003310,2026-08-20,C012,NEW_TARGETING,MEDIUM,0.31
T000010618,A003464,2026-08-06,C012,NEW_TARGETING,MEDIUM,0.245
T000010619,A004000,2026-08-14,C012,NEW_TARGETING,LOW,0.955
T000010620,A000493,2026-08-14,C012,NEW_TARGETING,LOW,0.326
T000010621,A002671,2026-08-14,C012,NEW_TARGETING,MEDIUM,0.546
T000010622,A003465,2026-08-06,C012,NEW_TARGETING,LOW,0.957
T000010623,A000722,2026-08-03,C012,NEW_TARGETING,LOW,0.179
T000010624,A003789,2026-08-25,C012,NEW_TARGETING,HIGH,0.203
T000010625,A002357,2026-08-22,C012,NEW_TARGETING,HIGH,0.3
T000010626,A000209,2026-08-25,C012,NEW_TARGETING,MEDIUM,0.321
T000010627,A000938,2026-08-13,C012,NEW_TARGETING,LOW,0.941
T000010628,A000890,2026-08-08,C012,NEW_TARGETING,LOW,0.337
T000010629,A002111,2026-08-09,C012,NEW_TARGETING,HIGH,0.71
T000010630,A001443,2026-08-19,C012,NEW_TARGETING,LOW,0.733
T000010631,A003053,2026-08-05,C012,NEW_TARGETING,MEDIUM,0.611
T000010632,A001250,2026-08-24,C012,NEW_TARGETING,MEDIUM,0.539
T000010633,A003849,2026-08-24,C012,NEW_TARGETING,MEDIUM,0.636
T000010634,A000475,2026-08-21,C012,NEW_TARGETING,LOW,0.634
T000010635,A001802,2026-08-22,C012,NEW_TARGETING,MEDIUM,0.941
T000010636,A002945,2026-08-09,C012,NEW_TARGETING,LOW,0.525
T000010637,A002653,2026-08-12,C012,NEW_TARGETING,HIGH,0.152
T000010638,A001751,2026-08-13,C012,NEW_TARGETING,HIGH,0.231
T000010639,A001670,2026-08-03,C012,NEW_TARGETING,MEDIUM,0.82
T000010640,A000674,2026-08-10,C012,NEW_TARGETING,MEDIUM,0.536
T000010641,A002886,2026-08-11,C012,NEW_TARGETING,HIGH,0.942
T000010642,A001387,2026-08-12,C012,NEW_TARGETING,MEDIUM,0.133
T000010643,A002086,2026-08-11,C012,NEW_TARGETING,MEDIUM,0.78
T000010644,A004104,2026-08-23,C012,NEW_TARGETING,MEDIUM,0.634
T000010645,A000427,2026-08-11,C012,NEW_TARGETING,LOW,0.146
T000010646,A000476,2026-08-13,C012,NEW_TARGETING,MEDIUM,0.851
T000010647,A000007,2026-08-10,C012,NEW_TARGETING,LOW,0.18
T000010648,A004074,2026-08-17,C012,NEW_TARGETING,HIGH,0.665
T000010649,A000291,2026-08-05,C012,NEW_TARGETING,HIGH,0.37
T000010650,A002284,2026-08-27,C012,NEW_TARGETING,LOW,0.985
T000010651,A003074,2026-08-12,C012,NEW_TARGETING,MEDIUM,0.195
T000010652,A002334,2026-08-23,C012,NEW_TARGETING,HIGH,0.781
T000010653,A002836,2026-08-15,C012,NEW_TARGETING,MEDIUM,0.24
T000010654,A003162,2026-08-26,C012,NEW_TARGETING,LOW,0.233
T000010655,A002270,2026-08-17,C012,NEW_TARGETING,LOW,0.218
T000010656,A002883,2026-08-03,C012,NEW_TARGETING,HIGH,0.502
T000010657,A002743,2026-08-13,C012,NEW_TARGETING,HIGH,0.986
T000010658,A003707,2026-08-09,C012,NEW_TARGETING,LOW,0.526
T000010659,A000659,2026-08-17,C012,NEW_TARGETING,MEDIUM,0.354
T000010660,A002290,2026-08-23,C012,NEW_TARGETING,LOW,0.773
T000010661,A000567,2026-08-16,C012,NEW_TARGETING,MEDIUM,0.725
T000010662,A000185,2026-08-24,C012,NEW_TARGETING,LOW,0.933
T000010663,A002213,2026-08-27,C012,NEW_TARGETING,MEDIUM,0.673
T000010664,A000997,2026-08-15,C012,NEW_TARGETING,LOW,0.291
T000010665,A002291,2026-08-09,C012,NEW_TARGETING,MEDIUM,0.869
T000010666,A001293,2026-08-08,C012,NEW_TARGETING,MEDIUM,0.14
T000010667,A001730,2026-08-21,C012,NEW_TARGETING,LOW,0.498
T000010668,A003999,2026-08-23,C012,NEW_TARGETING,MEDIUM,0.173
T000010669,A000852,2026-08-18,C012,NEW_TARGETING,HIGH,0.95
T000010670,A001155,2026-08-17,C012,NEW_TARGETING,LOW,0.388
T000010671,A003068,2026-08-09,C012,NEW_TARGETING,LOW,0.708
T000010672,A001044,2026-08-23,C012,NEW_TARGETING,MEDIUM,0.162
T000010673,A001563,2026-08-07,C012,NEW_TARGETING,MEDIUM,0.653
T000010674,A003902,2026-08-14,C012,NEW_TARGETING,HIGH,0.754
T000010675,A001704,2026-08-15,C012,NEW_TARGETING,MEDIUM,0.985
T000010676,A003238,2026-08-12,C012,NEW_TARGETING,MEDIUM,0.784
T000010677,A002037,2026-08-13,C012,NEW_TARGETING,MEDIUM,0.776
T000010678,A004115,2026-08-25,C012,NEW_TARGETING,LOW,0.155
T000010679,A003397,2026-08-10,C012,NEW_TARGETING,LOW,0.356
T000010680,A002093,2026-08-09,C012,NEW_TARGETING,MEDIUM,0.355
T000010681,A003962,2026-08-17,C012,NEW_TARGETING,MEDIUM,0.419
T000010682,A000089,2026-08-16,C012,NEW_TARGETING,MEDIUM,0.346
T000010683,A000305,2026-08-19,C012,NEW_TARGETING,MEDIUM,0.391
T000010684,A003803,2026-08-02,C012,NEW_TARGETING,MEDIUM,0.735
T000010685,A000411,2026-08-04,C012,NEW_TARGETING,LOW,0.263
T000010686,A002944,2026-08-23,C012,NEW_TARGETING,MEDIUM,0.451
T000010687,A000139,2026-08-27,C012,NEW_TARGETING,HIGH,0.535
T000010688,A000479,2026-08-15,C012,NEW_TARGETING,MEDIUM,0.665
T000010689,A000382,2026-08-17,C012,NEW_TARGETING,MEDIUM,0.646
T000010690,A001718,2026-08-10,C012,NEW_TARGETING,LOW,0.177
T000010691,A003495,2026-08-17,C012,NEW_TARGETING,LOW,0.271
T000010692,A001433,2026-08-22,C012,NEW_TARGETING,MEDIUM,0.676
T000010693,A004166,2026-08-14,C012,NEW_TARGETING,LOW,0.643
T000010694,A000325,2026-08-01,C012,NEW_TARGETING,MEDIUM,0.459
T000010695,A000593,2026-08-25,C012,NEW_TARGETING,LOW,0.973
T000010696,A002736,2026-08-17,C012,NEW_TARGETING,LOW,0.828
T000010697,A001095,2026-08-04,C012,NEW_TARGETING,MEDIUM,0.456
T000010698,A003434,2026-08-17,C012,NEW_TARGETING,LOW,0.531
T000010699,A000931,2026-08-26,C012,NEW_TARGETING,MEDIUM,0.962
T000010700,A001755,2026-08-20,C012,NEW_TARGETING,MEDIUM,0.781
T000010701,A002049,2026-08-04,C012,NEW_TARGETING,LOW,0.829
T000010702,A002835,2026-08-12,C012,NEW_TARGETING,HIGH,0.863
T000010703,A002235,2026-08-12,C012,NEW_TARGETING,LOW,0.552
T000010704,A002392,2026-08-25,C012,NEW_TARGETING,MEDIUM,0.19
T000010705,A000776,2026-08-20,C012,NEW_TARGETING,LOW,0.676
T000010706,A003146,2026-08-22,C012,NEW_TARGETING,MEDIUM,0.475
T000010707,A001881,2026-08-22,C012,NEW_TARGETING,LOW,0.653
T000010708,A001953,2026-08-25,C012,NEW_TARGETING,HIGH,0.685
T000010709,A001111,2026-08-06,C012,NEW_TARGETING,HIGH,0.933
T000010710,A003358,2026-08-06,C012,NEW_TARGETING,MEDIUM,0.252
T000010711,A003442,2026-08-02,C012,NEW_TARGETING,LOW,0.31
T000010712,A002054,2026-08-04,C012,NEW_TARGETING,MEDIUM,0.77
T000010713,A003407,2026-08-05,C012,NEW_TARGETING,LOW,0.595
T000010714,A004189,2026-08-24,C012,NEW_TARGETING,MEDIUM,0.951
T000010715,A002294,2026-08-02,C012,NEW_TARGETING,MEDIUM,0.63
T000010716,A003003,2026-08-05,C012,NEW_TARGETING,MEDIUM,0.569
T000010717,A003308,2026-08-25,C012,NEW_TARGETING,LOW,0.795
T000010718,A002070,2026-08-15,C012,NEW_TARGETING,MEDIUM,0.226
T000010719,A003114,2026-08-07,C012,NEW_TARGETING,MEDIUM,0.424
T000010720,A001220,2026-08-11,C012,NEW_TARGETING,MEDIUM,0.358
T000010721,A003311,2026-08-11,C012,NEW_TARGETING,MEDIUM,0.66
T000010722,A000848,2026-08-04,C012,NEW_TARGETING,HIGH,0.728
T000010723,A003146,2026-08-08,C012,NEW_TARGETING,MEDIUM,0.921
T000010724,A001666,2026-08-13,C012,NEW_TARGETING,MEDIUM,0.135
T000010725,A004192,2026-08-14,C012,NEW_TARGETING,MEDIUM,0.927
T000010726,A001804,2026-08-07,C012,NEW_TARGETING,MEDIUM,0.727
T000010727,A003285,2026-08-16,C012,NEW_TARGETING,MEDIUM,0.105
T000010728,A002403,2026-08-25,C012,NEW_TARGETING,MEDIUM,0.948
T000010729,A000831,2026-08-10,C012,NEW_TARGETING,MEDIUM,0.348
T000010730,A003867,2026-08-24,C012,NEW_TARGETING,MEDIUM,0.123
T000010731,A000094,2026-08-09,C012,NEW_TARGETING,HIGH,0.303
T000010732,A002091,2026-08-04,C012,NEW_TARGETING,MEDIUM,0.622
T000010733,A003487,2026-08-11,C012,NEW_TARGETING,LOW,0.888
T000010734,A001667,2026-08-06,C012,NEW_TARGETING,MEDIUM,0.215
T000010735,A002001,2026-08-24,C012,NEW_TARGETING,LOW,0.406
T000010736,A003267,2026-08-14,C012,NEW_TARGETING,MEDIUM,0.744
T000010737,A000835,2026-08-11,C012,NEW_TARGETING,MEDIUM,0.187
T000010738,A002035,2026-08-18,C012,NEW_TARGETING,MEDIUM,0.329
T000010739,A000581,2026-08-18,C012,NEW_TARGETING,MEDIUM,0.483
T000010740,A004197,2026-08-21,C012,NEW_TARGETING,MEDIUM,0.95
T000010741,A003222,2026-08-02,C012,NEW_TARGETING,MEDIUM,0.858
T000010742,A003426,2026-08-13,C012,NEW_TARGETING,MEDIUM,0.384
T000010743,A001555,2026-08-27,C012,NEW_TARGETING,MEDIUM,0.158
T000010744,A001725,2026-08-27,C012,NEW_TARGETING,MEDIUM,0.451
T000010745,A002710,2026-08-04,C012,NEW_TARGETING,LOW,0.548
T000010746,A002516,2026-08-17,C012,NEW_TARGETING,LOW,0.468
T000010747,A004198,2026-08-09,C012,NEW_TARGETING,MEDIUM,0.21
T000010748,A003433,2026-08-04,C012,NEW_TARGETING,LOW,0.25
T000010749,A003655,2026-08-21,C012,NEW_TARGETING,LOW,0.595
T000010750,A000804,2026-08-18,C012,NEW_TARGETING,MEDIUM,0.673
T000010751,A003099,2026-08-21,C012,NEW_TARGETING,MEDIUM,0.742
T000010752,A002843,2026-08-18,C012,NEW_TARGETING,MEDIUM,0.305
T000010753,A002653,2026-08-02,C012,NEW_TARGETING,LOW,0.918
T000010754,A003367,2026-08-25,C012,NEW_TARGETING,MEDIUM,0.848
T000010755,A000507,2026-08-24,C012,NEW_TARGETING,MEDIUM,0.501
T000010756,A000742,2026-08-14,C012,NEW_TARGETING,MEDIUM,0.323
T000010757,A000475,2026-08-02,C012,NEW_TARGETING,HIGH,0.312
T000010758,A002370,2026-08-27,C012,NEW_TARGETING,MEDIUM,0.615
T000010759,A001811,2026-08-02,C012,NEW_TARGETING,HIGH,0.932
T000010760,A000909,2026-08-21,C012,NEW_TARGETING,HIGH,0.706
T000010761,A002108,2026-08-02,C012,NEW_TARGETING,MEDIUM,0.367
T000010762,A000152,2026-08-12,C012,NEW_TARGETING,MEDIUM,0.129
T000010763,A003375,2026-08-17,C012,NEW_TARGETING,MEDIUM,0.193
T000010764,A000805,2026-08-22,C012,NEW_TARGETING,MEDIUM,0.487
T000010765,A003431,2026-08-03,C012,NEW_TARGETING,HIGH,0.923
T000010766,A003474,2026-08-23,C012,NEW_TARGETING,MEDIUM,0.777
T000010767,A003460,2026-08-26,C012,NEW_TARGETING,MEDIUM,0.763
T000010768,A000609,2026-08-27,C012,NEW_TARGETING,MEDIUM,0.655
T000010769,A000746,2026-08-20,C012,NEW_TARGETING,MEDIUM,0.735
T000010770,A001528,2026-08-04,C012,NEW_TARGETING,MEDIUM,0.488
T000010771,A001728,2026-08-08,C012,NEW_TARGETING,MEDIUM,0.123
T000010772,A003534,2026-08-12,C012,NEW_TARGETING,HIGH,0.657
T000010773,A000064,2026-08-13,C012,NEW_TARGETING,LOW,0.828
T000010774,A000278,2026-08-01,C012,NEW_TARGETING,LOW,0.769
T000010775,A000065,2026-08-02,C012,NEW_TARGETING,LOW,0.897
T000010776,A002514,2026-08-13,C012,NEW_TARGETING,LOW,0.545
T000010777,A003019,2026-08-22,C012,NEW_TARGETING,MEDIUM,0.904
T000010778,A000762,2026-08-02,C012,NEW_TARGETING,HIGH,0.934
T000010779,A000545,2026-08-25,C012,NEW_TARGETING,MEDIUM,0.698
T000010780,A001043,2026-08-26,C012,NEW_TARGETING,HIGH,0.311
T000010781,A004188,2026-08-27,C012,NEW_TARGETING,MEDIUM,0.19
T000010782,A002926,2026-08-26,C012,NEW_TARGETING,LOW,0.696
T000010783,A000219,2026-08-18,C012,NEW_TARGETING,MEDIUM,0.209
T000010784,A001574,2026-08-22,C012,NEW_TARGETING,HIGH,0.601
T000010785,A000722,2026-08-23,C012,NEW_TARGETING,MEDIUM,0.908
T000010786,A004185,2026-08-16,C012,NEW_TARGETING,MEDIUM,0.722
T000010787,A004159,2026-08-16,C012,NEW_TARGETING,LOW,0.804
T000010788,A002800,2026-08-15,C012,NEW_TARGETING,LOW,0.301
T000010789,A000723,2026-08-18,C012,NEW_TARGETING,MEDIUM,0.333
T000010790,A004145,2026-08-26,C012,NEW_TARGETING,LOW,0.659
T000010791,A001621,2026-08-17,C012,NEW_TARGETING,LOW,0.911
T000010792,A002428,2026-08-17,C012,NEW_TARGETING,HIGH,0.159
T000010793,A000366,2026-08-11,C012,NEW_TARGETING,MEDIUM,0.203
T000010794,A004035,2026-08-27,C012,NEW_TARGETING,HIGH,0.264
T000010795,A001973,2026-08-08,C012,NEW_TARGETING,HIGH,0.166
T000010796,A002626,2026-08-17,C012,NEW_TARGETING,MEDIUM,0.886
T000010797,A003872,2026-08-18,C012,NEW_TARGETING,MEDIUM,0.867
T000010798,A000851,2026-08-20,C012,NEW_TARGETING,MEDIUM,0.983
T000010799,A002034,2026-08-03,C012,NEW_TARGETING,HIGH,0.235
T000010800,A000351,2026-08-01,C012,NEW_TARGETING,MEDIUM,0.906
