payment_id,account_id,payment_timestamp,amount,payment_status,payment_method,reported_channel
PAY000000001,A002703,2025-11-11 20:00:00,13400.83,FAILED,CASH,Self_Pay
PAY000000002,A003809,2025-12-04 12:00:00,5430.49,SUCCESS,CASH,Human
PAY000000003,A002121,2025-12-20 10:00:00,6165.05,FAILED,CARD,AI Voice
PAY000000004,A000503,2026-08-17 14:00:00,3824.06,FAILED,CASH,WhatsApp
PAY000000005,A000397,2026-06-21 16:00:00,7027.67,FAILED,CASH,AI Voice
PAY000000006,A001010,2025-10-10 15:00:00,6164.25,SUCCESS,BANK,WhatsApp
PAY000000007,A003030,2026-05-09 07:00:00,9832.0,SUCCESS,BANK,Human
PAY000000008,A001997,2026-03-22 15:00:00,6267.63,SUCCESS,UPI,WhatsApp
PAY000000009,A000131,2025-12-13 08:00:00,10718.84,SUCCESS,CASH,AI Voice
PAY000000010,A000950,2026-03-05 09:00:00,14677.77,SUCCESS,BANK,Human
PAY000000011,A002954,2025-12-08 10:00:00,6361.27,SUCCESS,BANK,Human
PAY000000012,A002117,2026-01-06 13:00:00,6446.53,FAILED,BANK,Human
PAY000000013,A001340,2026-04-11 09:00:00,10137.57,SUCCESS,BANK,WhatsApp
PAY000000014,A000726,2025-09-05 10:00:00,4597.79,SUCCESS,CARD,WhatsApp
PAY000000015,A001459,2025-12-04 08:00:00,6687.07,FAILED,CARD,Human
PAY000000016,A002243,2026-03-07 21:00:00,13829.43,SUCCESS,UPI,Human
PAY000000017,A003779,2025-12-04 15:00:00,4438.5,SUCCESS,UPI,Self_Pay
PAY000000018,A003550,2025-09-27 07:00:00,14996.07,SUCCESS,BANK,AI Voice
PAY000000019,A003285,2026-02-15 11:00:00,4260.84,SUCCESS,CARD,AI Voice
PAY000000020,A001049,2025-11-02 10:00:00,11697.79,SUCCESS,UPI,Self_Pay
PAY000000021,A002533,2025-11-04 19:00:00,1191.05,FAILED,CARD,Human
PAY000000022,A003802,2026-03-23 16:00:00,7255.0,FAILED,CARD,WhatsApp
PAY000000023,A001758,2026-06-22 20:00:00,12799.0,SUCCESS,CARD,Field
PAY000000024,A002825,2026-07-26 19:00:00,7818.28,FAILED,CASH,AI Voice
PAY000000025,A003345,2026-05-04 09:00:00,6493.13,SUCCESS,UPI,WhatsApp
PAY000000026,A002729,2026-08-11 15:00:00,10232.0,SUCCESS,BANK,Human
PAY000000027,A003271,2026-01-24 11:00:00,4975.89,FAILED,CARD,AI Voice
PAY000000028,A000630,2025-09-13 16:00:00,3272.94,FAILED,BANK,WhatsApp
PAY000000029,A002893,2025-11-25 15:00:00,2343.99,SUCCESS,BANK,Human
PAY000000030,A002725,2026-07-26 11:00:00,4383.69,FAILED,BANK,Self_Pay
PAY000000031,A003013,2026-07-09 19:00:00,15310.97,SUCCESS,CASH,Field
PAY000000032,A002606,2026-07-03 16:00:00,14239.67,SUCCESS,UPI,Self_Pay
PAY000000033,A000573,2026-08-20 21:00:00,7072.0,FAILED,UPI,Human
PAY000000034,A001771,2026-04-12 12:00:00,7260.43,SUCCESS,CASH,AI Voice
PAY000000035,A002236,2026-04-23 14:00:00,9012.13,SUCCESS,UPI,WhatsApp
PAY000000036,A001414,2025-12-10 21:00:00,4279.26,SUCCESS,UPI,WhatsApp
PAY000000037,A000997,2026-02-13 10:00:00,6675.57,SUCCESS,CASH,Field
PAY000000038,A001220,2026-05-07 21:00:00,4042.89,FAILED,BANK,Self_Pay
PAY000000039,A002570,2025-10-07 07:00:00,1653.07,SUCCESS,CASH,Field
PAY000000040,A003543,2026-03-12 21:00:00,12003.17,SUCCESS,UPI,Self_Pay
PAY000000041,A000381,2026-05-03 12:00:00,10133.5,SUCCESS,CASH,Human
PAY000000042,A002477,2026-02-11 14:00:00,8160.66,SUCCESS,BANK,Human
PAY000000043,A002249,2026-02-21 21:00:00,5753.74,FAILED,UPI,AI Voice
PAY000000044,A001584,2026-08-18 09:00:00,12111.45,SUCCESS,BANK,AI Voice
PAY000000045,A002497,2025-10-05 16:00:00,11367.09,SUCCESS,UPI,AI Voice
PAY000000046,A000221,2026-01-18 19:00:00,6588.04,SUCCESS,BANK,Human
PAY000000047,A000323,2026-06-14 10:00:00,7747.03,SUCCESS,CARD,Human
PAY000000048,A002934,2026-01-03 09:00:00,1281.06,FAILED,BANK,Human
PAY000000049,A002633,2025-09-24 15:00:00,8949.38,SUCCESS,BANK,Self_Pay
PAY000000050,A000058,2026-06-20 15:00:00,15289.51,SUCCESS,BANK,Field
PAY000000051,A001884,2025-09-08 14:00:00,5974.96,SUCCESS,UPI,Field
PAY000000052,A003521,2025-09-17 07:00:00,14992.67,SUCCESS,CASH,WhatsApp
PAY000000053,A001956,2026-07-04 15:00:00,9860.23,SUCCESS,BANK,Self_Pay
PAY000000054,A000244,2025-10-26 12:00:00,12718.85,SUCCESS,BANK,Field
PAY000000055,A004053,2026-02-16 17:00:00,7005.73,SUCCESS,BANK,Field
PAY000000056,A001129,2025-12-16 18:00:00,9689.35,SUCCESS,BANK,Self_Pay
PAY000000057,A001591,2026-03-12 11:00:00,4978.78,FAILED,UPI,Field
PAY000000058,A000451,2025-11-11 17:00:00,11978.58,SUCCESS,BANK,Self_Pay
PAY000000059,A004033,2025-10-12 20:00:00,10889.32,FAILED,CASH,Field
PAY000000060,A000469,2026-08-06 15:00:00,11733.0,SUCCESS,CASH,Human
PAY000000061,A000720,2026-03-19 15:00:00,12670.16,FAILED,CARD,Human
PAY000000062,A003092,2026-06-15 19:00:00,3190.98,SUCCESS,CARD,AI Voice
PAY000000063,A001449,2025-12-24 08:00:00,3322.61,SUCCESS,BANK,WhatsApp
PAY000000064,A003792,2026-05-16 14:00:00,7314.76,SUCCESS,UPI,AI Voice
PAY000000065,A003675,2026-04-19 20:00:00,13478.3,SUCCESS,CARD,Human
PAY000000066,A001014,2026-06-06 16:00:00,1855.04,SUCCESS,BANK,Field
PAY000000067,A000699,2025-09-22 08:00:00,11393.07,SUCCESS,CASH,Field
PAY000000068,A003191,2026-04-05 12:00:00,8617.75,FAILED,BANK,Human
PAY000000069,A000679,2025-12-12 15:00:00,12517.0,SUCCESS,BANK,Field
PAY000000070,A001830,2026-05-06 17:00:00,4751.31,SUCCESS,CARD,WhatsApp
PAY000000071,A000604,2025-10-06 17:00:00,2011.23,FAILED,UPI,AI Voice
PAY000000072,A001103,2026-04-10 12:00:00,13126.29,FAILED,BANK,Human
PAY000000073,A001177,2026-02-02 14:00:00,8350.79,SUCCESS,CASH,Human
PAY000000074,A001094,2025-10-21 19:00:00,5202.52,SUCCESS,BANK,Field
PAY000000075,A003055,2025-09-21 12:00:00,1562.9,SUCCESS,UPI,Field
PAY000000076,A003369,2026-08-04 17:00:00,12424.0,SUCCESS,CARD,AI Voice
PAY000000077,A001579,2026-05-24 10:00:00,14824.38,FAILED,CARD,WhatsApp
PAY000000078,A000411,2026-04-21 17:00:00,10871.67,SUCCESS,UPI,WhatsApp
PAY000000079,A002885,2026-08-19 19:00:00,8350.37,FAILED,CARD,Self_Pay
PAY000000080,A000315,2026-06-05 12:00:00,2343.38,SUCCESS,CASH,WhatsApp
PAY000000081,A001998,2025-10-12 13:00:00,10951.48,SUCCESS,UPI,Self_Pay
PAY000000082,A000781,2025-11-26 13:00:00,8463.39,SUCCESS,UPI,AI Voice
PAY000000083,A003777,2025-11-08 17:00:00,4225.2,FAILED,UPI,WhatsApp
PAY000000084,A003856,2025-12-15 08:00:00,11139.79,SUCCESS,BANK,Human
PAY000000085,A003814,2026-06-10 19:00:00,10925.0,SUCCESS,CARD,Self_Pay
PAY000000086,A002460,2026-02-01 16:00:00,3746.16,SUCCESS,CASH,AI Voice
PAY000000087,A000961,2026-03-09 10:00:00,4483.25,SUCCESS,CARD,WhatsApp
PAY000000088,A003878,2026-01-08 08:00:00,11947.02,SUCCESS,CASH,Self_Pay
PAY000000089,A002799,2026-06-08 09:00:00,3908.87,FAILED,UPI,Self_Pay
PAY000000090,A000059,2025-09-26 21:00:00,11533.64,SUCCESS,CASH,AI Voice
PAY000000091,A002042,2026-02-24 12:00:00,10676.98,SUCCESS,CASH,Human
PAY000000092,A002108,2026-08-03 08:00:00,7912.21,SUCCESS,CARD,Human
PAY000000093,A001889,2026-04-24 10:00:00,1536.53,FAILED,UPI,Human
PAY000000094,A003630,2025-09-19 19:00:00,5826.94,SUCCESS,UPI,Human
PAY000000095,A001347,2026-07-13 16:00:00,11470.51,SUCCESS,CARD,Self_Pay
PAY000000096,A001364,2026-08-03 15:00:00,8435.96,SUCCESS,UPI,Self_Pay
PAY000000097,A002247,2026-02-03 20:00:00,11266.49,SUCCESS,BANK,AI Voice
PAY000000098,A003269,2025-11-04 14:00:00,4174.04,SUCCESS,CARD,Field
PAY000000099,A000038,2025-12-23 19:00:00,2143.27,SUCCESS,BANK,Self_Pay
PAY000000100,A002417,2026-03-11 10:00:00,11240.77,SUCCESS,CASH,WhatsApp
PAY000000101,A000781,2026-04-22 17:00:00,3070.76,FAILED,UPI,Human
PAY000000102,A001842,2025-12-24 13:00:00,11757.87,FAILED,CASH,AI Voice
PAY000000103,A002824,2026-06-12 21:00:00,1408.76,SUCCESS,CASH,WhatsApp
PAY000000104,A002440,2026-06-01 20:00:00,10747.96,SUCCESS,UPI,Human
PAY000000105,A004061,2025-11-01 19:00:00,13440.0,FAILED,CASH,Field
PAY000000106,A002159,2026-02-03 17:00:00,10917.12,SUCCESS,CARD,Field
PAY000000107,A003012,2026-02-21 21:00:00,8264.0,SUCCESS,BANK,WhatsApp
PAY000000108,A000808,2025-12-02 11:00:00,1442.86,SUCCESS,UPI,Self_Pay
PAY000000109,A000742,2026-04-23 12:00:00,11643.74,SUCCESS,BANK,Self_Pay
PAY000000110,A000322,2026-05-11 14:00:00,1545.53,SUCCESS,CARD,Field
PAY000000111,A001972,2026-05-17 08:00:00,10229.24,SUCCESS,UPI,Self_Pay
PAY000000112,A000110,2026-06-09 11:00:00,4502.26,FAILED,BANK,AI Voice
PAY000000113,A003492,2026-06-22 21:00:00,11679.44,SUCCESS,UPI,WhatsApp
PAY000000114,A001195,2026-03-12 07:00:00,3083.76,FAILED,CARD,Self_Pay
PAY000000115,A002049,2025-10-18 19:00:00,10329.19,SUCCESS,CASH,Field
PAY000000116,A003083,2026-02-14 13:00:00,7891.0,FAILED,UPI,Human
PAY000000117,A004133,2026-04-03 13:00:00,3173.26,FAILED,CASH,WhatsApp
PAY000000118,A002098,2026-06-06 15:00:00,13737.48,FAILED,UPI,Self_Pay
PAY000000119,A002976,2026-03-06 10:00:00,6469.36,SUCCESS,UPI,Human
PAY000000120,A002918,2026-02-25 13:00:00,4330.35,FAILED,BANK,Self_Pay
PAY000000121,A001877,2025-09-27 10:00:00,13149.92,SUCCESS,UPI,WhatsApp
PAY000000122,A004150,2025-09-22 12:00:00,12970.3,SUCCESS,UPI,Human
PAY000000123,A003155,2026-08-09 10:00:00,11653.24,SUCCESS,UPI,AI Voice
PAY000000124,A001521,2026-05-21 20:00:00,14327.97,SUCCESS,UPI,Field
PAY000000125,A003253,2026-05-23 09:00:00,13882.11,FAILED,CASH,AI Voice
PAY000000126,A002006,2026-02-14 14:00:00,8916.1,SUCCESS,CARD,WhatsApp
PAY000000127,A004135,2026-07-05 17:00:00,5594.05,SUCCESS,UPI,WhatsApp
PAY000000128,A002620,2025-12-23 10:00:00,2505.57,SUCCESS,CARD,WhatsApp
PAY000000129,A002198,2025-10-05 17:00:00,14097.0,SUCCESS,CARD,WhatsApp
PAY000000130,A003637,2026-04-11 18:00:00,9842.35,FAILED,CARD,Human
PAY000000131,A001171,2026-07-15 21:00:00,12312.49,FAILED,BANK,Human
PAY000000132,A001141,2025-10-05 17:00:00,4385.13,SUCCESS,CARD,AI Voice
PAY000000133,A002132,2026-03-22 19:00:00,7276.53,SUCCESS,UPI,WhatsApp
PAY000000134,A000884,2026-06-06 14:00:00,14738.47,SUCCESS,CASH,AI Voice
PAY000000135,A002573,2026-06-19 20:00:00,8324.51,SUCCESS,CARD,AI Voice
PAY000000136,A002683,2025-09-08 14:00:00,6620.08,SUCCESS,CASH,AI Voice
PAY000000137,A003706,2026-05-06 09:00:00,15544.29,SUCCESS,CASH,Human
PAY000000138,A002635,2026-08-14 10:00:00,9629.21,FAILED,BANK,Self_Pay
PAY000000139,A001377,2025-10-18 08:00:00,3897.68,SUCCESS,BANK,Self_Pay
PAY000000140,A003187,2025-12-02 07:00:00,14884.47,FAILED,CASH,Human
PAY000000141,A004006,2026-07-12 14:00:00,7509.94,SUCCESS,UPI,WhatsApp
PAY000000142,A001106,2026-03-05 15:00:00,8278.89,SUCCESS,CASH,Self_Pay
PAY000000143,A002344,2025-11-16 08:00:00,9523.0,SUCCESS,UPI,Field
PAY000000144,A000606,2025-10-02 13:00:00,8993.74,SUCCESS,CARD,AI Voice
PAY000000145,A002244,2025-11-04 18:00:00,11027.0,SUCCESS,CARD,Human
PAY000000146,A003086,2026-06-09 16:00:00,12799.62,SUCCESS,CARD,Field
PAY000000147,A001522,2026-02-09 11:00:00,1337.4,FAILED,CASH,Field
PAY000000148,A001291,2025-09-13 08:00:00,7447.38,SUCCESS,CASH,WhatsApp
PAY000000149,A003893,2025-11-09 10:00:00,1352.27,SUCCESS,UPI,Human
PAY000000150,A003607,2025-09-23 10:00:00,8682.0,SUCCESS,BANK,Human
PAY000000151,A001852,2026-02-23 17:00:00,10230.55,FAILED,UPI,Human
PAY000000152,A003594,2025-11-20 21:00:00,3742.32,SUCCESS,UPI,AI Voice
PAY000000153,A000551,2026-01-19 19:00:00,15931.49,SUCCESS,BANK,WhatsApp
PAY000000154,A001150,2026-03-08 08:00:00,4081.71,SUCCESS,CASH,Self_Pay
PAY000000155,A001329,2026-01-25 14:00:00,2698.66,SUCCESS,UPI,WhatsApp
PAY000000156,A000436,2025-12-21 20:00:00,14586.14,SUCCESS,CASH,Self_Pay
PAY000000157,A002028,2026-02-11 15:00:00,11147.03,FAILED,CASH,Human
PAY000000158,A001911,2026-04-26 18:00:00,5295.65,SUCCESS,CARD,Field
PAY000000159,A003010,2025-10-16 10:00:00,15985.61,SUCCESS,CARD,AI Voice
PAY000000160,A002258,2026-01-27 09:00:00,8283.58,SUCCESS,CASH,Field
PAY000000161,A001235,2025-10-14 14:00:00,2778.73,SUCCESS,BANK,AI Voice
PAY000000162,A004037,2025-10-16 07:00:00,4101.62,SUCCESS,UPI,Self_Pay
PAY000000163,A000581,2026-07-09 21:00:00,7097.85,FAILED,UPI,Human
PAY000000164,A000745,2026-02-10 19:00:00,10929.76,SUCCESS,CASH,WhatsApp
PAY000000165,A004088,2026-06-07 16:00:00,13164.46,SUCCESS,UPI,AI Voice
PAY000000166,A004116,2025-09-01 09:00:00,5615.78,SUCCESS,CARD,AI Voice
PAY000000167,A004100,2026-04-27 13:00:00,8579.54,FAILED,CASH,WhatsApp
PAY000000168,A000245,2026-05-23 21:00:00,8721.06,SUCCESS,CARD,Self_Pay
PAY000000169,A002923,2025-09-25 07:00:00,11013.14,FAILED,BANK,AI Voice
PAY000000170,A003561,2025-12-16 16:00:00,9094.38,SUCCESS,CARD,AI Voice
PAY000000171,A001278,2025-12-19 20:00:00,6557.77,FAILED,UPI,Field
PAY000000172,A002934,2026-04-26 07:00:00,14023.8,SUCCESS,UPI,Self_Pay
PAY000000173,A001102,2025-09-10 07:00:00,11577.36,FAILED,UPI,WhatsApp
PAY000000174,A002540,2026-05-26 12:00:00,13469.09,SUCCESS,UPI,Field
PAY000000175,A000090,2026-06-01 21:00:00,2550.0,SUCCESS,BANK,AI Voice
PAY000000176,A001924,2025-09-01 08:00:00,13384.7,SUCCESS,BANK,Human
PAY000000177,A002098,2026-05-23 08:00:00,13500.26,SUCCESS,CARD,Field
PAY000000178,A002076,2025-11-13 08:00:00,5940.0,FAILED,CASH,WhatsApp
PAY000000179,A002125,2025-12-21 20:00:00,7756.83,SUCCESS,UPI,WhatsApp
PAY000000180,A002353,2025-12-16 10:00:00,7898.03,SUCCESS,CASH,Field
PAY000000181,A000819,2026-07-19 08:00:00,8270.08,SUCCESS,CARD,AI Voice
PAY000000182,A001752,2025-10-03 18:00:00,4078.18,SUCCESS,CASH,WhatsApp
PAY000000183,A003433,2025-10-10 10:00:00,3725.23,SUCCESS,BANK,WhatsApp
PAY000000184,A000765,2025-11-22 19:00:00,14997.72,SUCCESS,CARD,Field
PAY000000185,A000208,2026-05-17 19:00:00,15152.04,SUCCESS,CASH,AI Voice
PAY000000186,A000903,2026-03-09 08:00:00,10558.17,FAILED,CARD,Self_Pay
PAY000000187,A000499,2026-01-11 19:00:00,5331.72,SUCCESS,BANK,Self_Pay
PAY000000188,A002388,2026-02-18 08:00:00,2298.09,SUCCESS,BANK,AI Voice
PAY000000189,A003674,2026-08-07 10:00:00,10852.68,SUCCESS,CARD,AI Voice
PAY000000190,A001061,2025-09-18 21:00:00,5290.07,SUCCESS,CASH,WhatsApp
PAY000000191,A004159,2026-06-06 12:00:00,7097.11,SUCCESS,CASH,WhatsApp
PAY000000192,A000139,2026-04-17 13:00:00,2446.68,FAILED,UPI,Field
PAY000000193,A000557,2026-08-14 12:00:00,3772.73,SUCCESS,CASH,AI Voice
PAY000000194,A000503,2025-10-20 11:00:00,15966.46,SUCCESS,CASH,Self_Pay
PAY000000195,A002117,2025-11-21 19:00:00,11093.04,SUCCESS,CARD,Self_Pay
PAY000000196,A001626,2025-10-16 14:00:00,2550.65,SUCCESS,UPI,Field
PAY000000197,A001711,2026-02-27 12:00:00,7786.95,SUCCESS,CASH,Field
PAY000000198,A001001,2025-11-13 16:00:00,12276.08,FAILED,UPI,Self_Pay
PAY000000199,A003797,2026-08-05 10:00:00,7842.0,FAILED,CARD,AI Voice
PAY000000200,A000974,2026-08-13 20:00:00,2837.63,FAILED,UPI,WhatsApp
PAY000000201,A001324,2026-04-18 17:00:00,11574.21,FAILED,CARD,Self_Pay
PAY000000202,A000621,2026-07-24 17:00:00,1783.87,FAILED,UPI,Human
PAY000000203,A000242,2025-09-03 12:00:00,12312.35,SUCCESS,BANK,Human
PAY000000204,A002621,2026-04-07 12:00:00,15607.25,SUCCESS,CARD,AI Voice
PAY000000205,A002693,2026-04-27 12:00:00,12830.83,FAILED,UPI,Field
PAY000000206,A003437,2025-09-08 10:00:00,10969.0,SUCCESS,CASH,Field
PAY000000207,A003636,2026-06-27 09:00:00,9240.0,SUCCESS,CASH,WhatsApp
PAY000000208,A003934,2026-03-18 13:00:00,3397.1,SUCCESS,CASH,Human
PAY000000209,A002980,2025-09-19 20:00:00,6042.42,SUCCESS,BANK,WhatsApp
PAY000000210,A003246,2026-07-14 20:00:00,7818.94,SUCCESS,CARD,AI Voice
PAY000000211,A002980,2025-12-24 17:00:00,3170.16,SUCCESS,CASH,Human
PAY000000212,A001241,2026-08-11 19:00:00,2055.85,SUCCESS,CARD,Field
PAY000000213,A000086,2025-12-22 09:00:00,7678.0,SUCCESS,BANK,WhatsApp
PAY000000214,A003845,2025-10-20 07:00:00,9843.84,SUCCESS,CASH,Field
PAY000000215,A002226,2026-05-24 17:00:00,6141.21,SUCCESS,CARD,AI Voice
PAY000000216,A001916,2026-08-04 16:00:00,13666.4,FAILED,BANK,WhatsApp
PAY000000217,A001519,2026-06-19 20:00:00,5834.46,SUCCESS,CASH,WhatsApp
PAY000000218,A003714,2025-10-06 12:00:00,6520.65,SUCCESS,CARD,Self_Pay
PAY000000219,A002561,2026-05-03 09:00:00,14442.74,SUCCESS,CARD,Human
PAY000000220,A003857,2025-10-15 16:00:00,8211.1,SUCCESS,UPI,AI Voice
PAY000000221,A001680,2025-12-07 08:00:00,6670.63,FAILED,UPI,Field
PAY000000222,A001428,2025-10-06 08:00:00,13564.54,SUCCESS,UPI,Human
PAY000000223,A003693,2025-11-09 18:00:00,13003.29,FAILED,CARD,Human
PAY000000224,A001342,2025-10-08 12:00:00,9847.0,SUCCESS,UPI,WhatsApp
PAY000000225,A001409,2026-02-14 10:00:00,9878.8,SUCCESS,BANK,WhatsApp
PAY000000226,A002878,2026-06-05 20:00:00,6436.47,SUCCESS,CASH,AI Voice
PAY000000227,A002744,2026-01-27 14:00:00,1518.95,SUCCESS,UPI,AI Voice
PAY000000228,A001388,2026-07-19 17:00:00,13694.67,FAILED,CASH,Field
PAY000000229,A001553,2025-12-07 17:00:00,10733.35,SUCCESS,UPI,Field
PAY000000230,A002358,2026-07-18 10:00:00,2349.8,SUCCESS,UPI,WhatsApp
PAY000000231,A000644,2025-12-08 21:00:00,10374.99,SUCCESS,CASH,AI Voice
PAY000000232,A003251,2026-07-18 20:00:00,8466.96,SUCCESS,CARD,Self_Pay
PAY000000233,A002702,2025-11-14 18:00:00,11077.0,SUCCESS,CARD,Field
PAY000000234,A002481,2026-06-12 12:00:00,7067.22,SUCCESS,UPI,Self_Pay
PAY000000235,A001790,2025-09-13 11:00:00,5435.0,SUCCESS,BANK,WhatsApp
PAY000000236,A003232,2025-09-04 11:00:00,15776.38,SUCCESS,CASH,AI Voice
PAY000000237,A000816,2026-04-03 14:00:00,10202.36,SUCCESS,UPI,AI Voice
PAY000000238,A001047,2026-02-19 09:00:00,7686.13,FAILED,UPI,Field
PAY000000239,A003025,2026-04-20 14:00:00,4124.06,FAILED,UPI,Field
PAY000000240,A002057,2026-05-08 20:00:00,13360.31,SUCCESS,BANK,Human
PAY000000241,A002387,2025-09-21 16:00:00,6291.64,SUCCESS,UPI,Self_Pay
PAY000000242,A002216,2026-07-04 08:00:00,7249.03,SUCCESS,UPI,Human
PAY000000243,A002834,2026-06-24 09:00:00,7148.88,SUCCESS,CARD,WhatsApp
PAY000000244,A003475,2025-10-15 17:00:00,2498.54,SUCCESS,BANK,AI Voice
PAY000000245,A004066,2026-01-08 21:00:00,13337.75,FAILED,CARD,Self_Pay
PAY000000246,A004184,2026-05-22 12:00:00,11662.48,FAILED,CARD,WhatsApp
PAY000000247,A001251,2026-08-27 07:00:00,9433.38,SUCCESS,BANK,WhatsApp
PAY000000248,A002222,2026-06-08 07:00:00,15902.4,SUCCESS,CARD,Field
PAY000000249,A000963,2026-05-09 11:00:00,6782.8,SUCCESS,UPI,Self_Pay
PAY000000250,A003524,2026-07-15 13:00:00,8834.11,SUCCESS,CASH,Self_Pay
PAY000000251,A000414,2026-05-03 17:00:00,5286.0,SUCCESS,BANK,Self_Pay
PAY000000252,A001085,2026-08-03 07:00:00,4324.72,FAILED,CASH,AI Voice
PAY000000253,A003853,2025-10-12 18:00:00,7875.53,SUCCESS,CARD,AI Voice
PAY000000254,A003735,2025-11-20 08:00:00,1298.11,FAILED,UPI,Field
PAY000000255,A003772,2025-09-01 12:00:00,5910.0,SUCCESS,CASH,AI Voice
PAY000000256,A003898,2026-06-07 12:00:00,9381.22,FAILED,CARD,Human
PAY000000257,A001097,2026-02-25 13:00:00,11983.3,SUCCESS,BANK,Self_Pay
PAY000000258,A002619,2026-07-24 21:00:00,3093.73,SUCCESS,CARD,AI Voice
PAY000000259,A000307,2025-09-16 18:00:00,12414.38,SUCCESS,BANK,Human
PAY000000260,A003761,2025-09-09 18:00:00,5414.1,FAILED,UPI,Field
PAY000000261,A002308,2026-02-21 11:00:00,1337.55,SUCCESS,BANK,Field
PAY000000262,A002188,2026-08-20 18:00:00,6616.52,SUCCESS,UPI,Field
PAY000000263,A002977,2025-11-26 09:00:00,1367.98,SUCCESS,CARD,AI Voice
PAY000000264,A002571,2025-12-22 18:00:00,6402.2,SUCCESS,CARD,Human
PAY000000265,A002041,2026-07-08 11:00:00,6618.08,FAILED,UPI,Field
PAY000000266,A003983,2026-08-06 14:00:00,14398.0,SUCCESS,CARD,AI Voice
PAY000000267,A001840,2026-02-20 18:00:00,5997.33,SUCCESS,BANK,Self_Pay
PAY000000268,A003198,2026-07-02 12:00:00,13499.7,FAILED,CARD,Field
PAY000000269,A000796,2025-10-10 21:00:00,4467.92,SUCCESS,CARD,Human
PAY000000270,A002843,2026-02-17 11:00:00,9007.37,SUCCESS,UPI,Human
PAY000000271,A003128,2025-10-20 13:00:00,8956.6,FAILED,UPI,WhatsApp
PAY000000272,A001949,2026-07-02 10:00:00,5774.48,FAILED,CARD,Human
PAY000000273,A002029,2026-01-27 20:00:00,6627.85,SUCCESS,BANK,Self_Pay
PAY000000274,A002547,2025-10-19 20:00:00,8654.17,SUCCESS,CARD,Human
PAY000000275,A002742,2026-04-12 17:00:00,9282.42,SUCCESS,BANK,Self_Pay
PAY000000276,A001472,2026-01-27 07:00:00,10395.0,FAILED,CASH,WhatsApp
PAY000000277,A001531,2026-02-15 16:00:00,10946.57,FAILED,CASH,Human
PAY000000278,A003977,2026-04-18 20:00:00,3058.25,SUCCESS,BANK,Field
PAY000000279,A000674,2026-07-05 16:00:00,3022.14,SUCCESS,CARD,WhatsApp
PAY000000280,A003669,2026-06-08 13:00:00,10841.7,SUCCESS,CASH,Self_Pay
PAY000000281,A002421,2026-06-17 07:00:00,4558.45,SUCCESS,BANK,Human
PAY000000282,A000287,2026-01-15 08:00:00,13085.11,FAILED,UPI,Self_Pay
PAY000000283,A002611,2025-11-02 20:00:00,10500.17,SUCCESS,UPI,Field
PAY000000284,A002786,2025-10-13 16:00:00,5397.1,FAILED,CASH,WhatsApp
PAY000000285,A000406,2025-11-23 12:00:00,5470.42,FAILED,CARD,WhatsApp
PAY000000286,A003005,2026-03-14 11:00:00,14806.44,SUCCESS,BANK,Self_Pay
PAY000000287,A002974,2025-09-02 16:00:00,11844.65,FAILED,CARD,Self_Pay
PAY000000288,A000262,2026-07-11 09:00:00,11990.68,SUCCESS,UPI,WhatsApp
PAY000000289,A000468,2026-01-01 19:00:00,8358.82,SUCCESS,BANK,AI Voice
PAY000000290,A001477,2026-02-17 15:00:00,3971.65,SUCCESS,BANK,AI Voice
PAY000000291,A000530,2026-05-18 19:00:00,3907.0,SUCCESS,BANK,Field
PAY000000292,A003866,2025-09-09 12:00:00,10037.35,SUCCESS,UPI,WhatsApp
PAY000000293,A000396,2026-07-19 11:00:00,14294.71,FAILED,UPI,WhatsApp
PAY000000294,A002402,2025-12-24 20:00:00,12483.74,SUCCESS,BANK,Field
PAY000000295,A002087,2026-04-03 21:00:00,11810.88,SUCCESS,CARD,Human
PAY000000296,A002874,2026-06-20 20:00:00,7987.0,SUCCESS,CASH,Field
PAY000000297,A001666,2026-05-12 11:00:00,9300.16,FAILED,BANK,Field
PAY000000298,A000256,2026-08-16 16:00:00,2460.86,SUCCESS,BANK,AI Voice
PAY000000299,A003972,2026-03-06 17:00:00,15459.76,SUCCESS,UPI,AI Voice
PAY000000300,A002794,2026-07-01 11:00:00,6573.27,SUCCESS,BANK,Human
PAY000000301,A002663,2026-06-17 21:00:00,2219.56,FAILED,CARD,Field
PAY000000302,A000512,2025-10-15 18:00:00,12120.05,SUCCESS,BANK,WhatsApp
PAY000000303,A002100,2025-11-01 17:00:00,6720.88,FAILED,CARD,AI Voice
PAY000000304,A003352,2026-04-21 15:00:00,7993.07,SUCCESS,UPI,Field
PAY000000305,A001891,2025-11-25 10:00:00,5203.88,FAILED,CASH,AI Voice
PAY000000306,A002469,2025-09-01 09:00:00,8310.6,FAILED,UPI,Self_Pay
PAY000000307,A001441,2026-03-07 14:00:00,8094.0,SUCCESS,BANK,WhatsApp
PAY000000308,A002824,2025-10-14 17:00:00,13721.19,FAILED,CASH,Field
PAY000000309,A000818,2025-12-09 15:00:00,12502.05,FAILED,UPI,AI Voice
PAY000000310,A000910,2026-01-04 12:00:00,1224.17,SUCCESS,UPI,Human
PAY000000311,A003758,2025-12-22 10:00:00,12474.0,SUCCESS,CARD,WhatsApp
PAY000000312,A000252,2026-08-05 16:00:00,13499.82,SUCCESS,CASH,AI Voice
PAY000000313,A000050,2025-11-18 14:00:00,9472.06,SUCCESS,UPI,Human
PAY000000314,A000448,2025-09-18 20:00:00,12761.92,SUCCESS,CASH,WhatsApp
PAY000000315,A004184,2025-12-05 19:00:00,11098.64,SUCCESS,CARD,WhatsApp
PAY000000316,A002845,2026-02-15 14:00:00,9318.58,SUCCESS,UPI,AI Voice
PAY000000317,A000584,2026-03-16 20:00:00,9183.0,SUCCESS,CARD,Human
PAY000000318,A003160,2026-02-20 19:00:00,1235.49,SUCCESS,UPI,Self_Pay
PAY000000319,A002271,2025-10-26 17:00:00,4308.1,SUCCESS,UPI,AI Voice
PAY000000320,A002900,2026-01-05 17:00:00,13089.62,SUCCESS,CASH,WhatsApp
PAY000000321,A002830,2026-02-14 20:00:00,12399.54,SUCCESS,CARD,AI Voice
PAY000000322,A000590,2026-03-06 12:00:00,10368.36,SUCCESS,UPI,Self_Pay
PAY000000323,A002486,2026-05-14 13:00:00,7682.29,SUCCESS,CARD,Human
PAY000000324,A001239,2026-05-08 17:00:00,1195.14,SUCCESS,CASH,WhatsApp
PAY000000325,A003222,2026-04-10 17:00:00,4120.13,SUCCESS,UPI,Field
PAY000000326,A003336,2026-02-21 07:00:00,1376.68,FAILED,CARD,AI Voice
PAY000000327,A004058,2026-01-03 09:00:00,8105.32,FAILED,UPI,Field
PAY000000328,A004189,2026-05-12 18:00:00,8661.87,SUCCESS,CARD,WhatsApp
PAY000000329,A004096,2026-07-02 11:00:00,8913.97,SUCCESS,UPI,WhatsApp
PAY000000330,A002583,2026-05-01 10:00:00,2253.12,SUCCESS,BANK,AI Voice
PAY000000331,A003626,2026-07-03 07:00:00,2432.72,SUCCESS,UPI,Human
PAY000000332,A001746,2025-10-15 08:00:00,7483.53,FAILED,CARD,AI Voice
PAY000000333,A003455,2026-03-09 19:00:00,14236.36,SUCCESS,UPI,WhatsApp
PAY000000334,A001555,2026-01-16 17:00:00,10618.36,SUCCESS,CASH,Human
PAY000000335,A001222,2025-11-23 17:00:00,6597.59,SUCCESS,BANK,AI Voice
PAY000000336,A000593,2025-12-26 18:00:00,3945.82,SUCCESS,CARD,Human
PAY000000337,A004178,2025-11-03 12:00:00,8719.88,SUCCESS,CARD,AI Voice
PAY000000338,A002941,2026-03-01 08:00:00,8265.0,SUCCESS,CASH,AI Voice
PAY000000339,A002335,2026-05-24 15:00:00,14318.71,SUCCESS,CASH,Self_Pay
PAY000000340,A000081,2026-02-27 19:00:00,10237.0,SUCCESS,UPI,WhatsApp
PAY000000341,A000590,2025-11-08 08:00:00,8211.87,SUCCESS,CASH,Human
PAY000000342,A001916,2026-01-05 08:00:00,14389.29,FAILED,BANK,Self_Pay
PAY000000343,A003635,2026-04-16 14:00:00,4027.41,SUCCESS,UPI,AI Voice
PAY000000344,A001583,2026-05-01 14:00:00,4282.32,SUCCESS,UPI,Self_Pay
PAY000000345,A002292,2026-04-09 08:00:00,12151.51,FAILED,BANK,Human
PAY000000346,A003952,2026-01-14 20:00:00,11187.91,SUCCESS,CARD,Self_Pay
PAY000000347,A001859,2026-02-01 12:00:00,5394.62,SUCCESS,BANK,Self_Pay
PAY000000348,A002730,2026-04-12 08:00:00,4976.04,SUCCESS,UPI,AI Voice
PAY000000349,A004112,2026-01-20 18:00:00,13748.9,SUCCESS,BANK,AI Voice
PAY000000350,A002446,2026-07-25 07:00:00,1143.0,SUCCESS,CASH,Field
PAY000000351,A003507,2026-01-16 09:00:00,3994.83,FAILED,BANK,WhatsApp
PAY000000352,A003712,2026-05-08 07:00:00,11357.78,FAILED,CARD,Field
PAY000000353,A003510,2026-01-06 09:00:00,9387.52,SUCCESS,BANK,Human
PAY000000354,A001415,2026-01-26 19:00:00,13755.0,SUCCESS,CARD,Human
PAY000000355,A001862,2026-05-15 15:00:00,4832.79,SUCCESS,CARD,WhatsApp
PAY000000356,A001353,2026-04-20 21:00:00,13360.9,SUCCESS,UPI,Human
PAY000000357,A000748,2025-10-27 07:00:00,15940.54,SUCCESS,CASH,AI Voice
PAY000000358,A003182,2026-08-04 07:00:00,14260.93,SUCCESS,CASH,Human
PAY000000359,A002225,2026-02-03 11:00:00,8837.6,SUCCESS,CASH,WhatsApp
PAY000000360,A001939,2025-10-07 20:00:00,10546.0,SUCCESS,BANK,Human
PAY000000361,A002295,2025-12-02 21:00:00,5468.0,SUCCESS,CARD,AI Voice
PAY000000362,A003220,2026-01-20 09:00:00,7650.0,SUCCESS,CASH,Field
PAY000000363,A000420,2026-08-16 07:00:00,6443.06,SUCCESS,CARD,WhatsApp
PAY000000364,A002935,2026-06-08 11:00:00,4275.06,SUCCESS,CASH,Field
PAY000000365,A000555,2025-09-23 07:00:00,8123.09,SUCCESS,CARD,Human
PAY000000366,A001067,2026-08-12 14:00:00,15073.66,FAILED,UPI,Field
PAY000000367,A002925,2026-06-01 08:00:00,15061.95,SUCCESS,CARD,Field
PAY000000368,A001934,2025-11-13 09:00:00,7371.08,SUCCESS,BANK,Human
PAY000000369,A001969,2026-08-13 09:00:00,7007.53,SUCCESS,CASH,Field
PAY000000370,A003524,2026-01-14 21:00:00,6483.14,SUCCESS,CARD,Field
PAY000000371,A000568,2025-11-04 07:00:00,1084.4,SUCCESS,BANK,Human
PAY000000372,A003188,2026-08-07 09:00:00,7755.36,SUCCESS,UPI,Self_Pay
PAY000000373,A003385,2026-02-04 14:00:00,15344.45,SUCCESS,CARD,Self_Pay
PAY000000374,A001279,2026-02-08 13:00:00,8944.84,SUCCESS,CARD,Human
PAY000000375,A002524,2026-06-23 11:00:00,9158.8,SUCCESS,CARD,Field
PAY000000376,A003222,2026-02-23 18:00:00,8913.19,FAILED,CASH,Field
PAY000000377,A003334,2026-07-04 12:00:00,15463.27,SUCCESS,BANK,Field
PAY000000378,A003499,2025-10-03 14:00:00,4174.71,SUCCESS,BANK,Field
PAY000000379,A000966,2026-03-12 08:00:00,14923.41,SUCCESS,CARD,Field
PAY000000380,A001243,2025-12-24 08:00:00,2133.03,SUCCESS,UPI,Self_Pay
PAY000000381,A003088,2026-02-09 19:00:00,10129.41,SUCCESS,CARD,WhatsApp
PAY000000382,A003751,2025-09-11 12:00:00,5517.84,SUCCESS,CARD,Field
PAY000000383,A003271,2025-11-23 11:00:00,9637.26,FAILED,UPI,Field
PAY000000384,A001543,2026-02-01 12:00:00,3640.29,SUCCESS,CARD,WhatsApp
PAY000000385,A002121,2026-08-14 16:00:00,12366.48,SUCCESS,CARD,AI Voice
PAY000000386,A002573,2025-09-03 20:00:00,8144.33,SUCCESS,UPI,Human
PAY000000387,A004064,2025-12-18 18:00:00,14635.86,FAILED,CARD,Field
PAY000000388,A002755,2025-10-10 15:00:00,13949.09,SUCCESS,CASH,AI Voice
PAY000000389,A000328,2025-09-23 21:00:00,1676.16,SUCCESS,UPI,Human
PAY000000390,A002914,2026-02-20 09:00:00,14235.04,FAILED,BANK,Field
PAY000000391,A003843,2025-12-18 10:00:00,3226.42,SUCCESS,CASH,Human
PAY000000392,A000338,2026-01-09 17:00:00,14021.41,SUCCESS,UPI,Human
PAY000000393,A003371,2026-05-24 09:00:00,8478.03,FAILED,CARD,AI Voice
PAY000000394,A000075,2026-05-11 09:00:00,13933.0,SUCCESS,UPI,Self_Pay
PAY000000395,A003504,2026-02-12 12:00:00,4484.35,SUCCESS,UPI,Human
PAY000000396,A002174,2026-07-21 11:00:00,7162.56,SUCCESS,UPI,WhatsApp
PAY000000397,A000361,2025-09-19 16:00:00,12603.2,SUCCESS,CASH,Human
PAY000000398,A003761,2026-05-12 21:00:00,10105.89,SUCCESS,BANK,Human
PAY000000399,A001632,2026-08-25 20:00:00,6860.51,SUCCESS,CARD,AI Voice
PAY000000400,A001907,2025-12-05 10:00:00,15249.61,SUCCESS,CASH,Field
PAY000000401,A000319,2025-11-13 10:00:00,5603.4,SUCCESS,UPI,Field
PAY000000402,A003163,2025-11-17 20:00:00,6626.0,SUCCESS,UPI,Human
PAY000000403,A000784,2025-10-27 21:00:00,6523.13,SUCCESS,BANK,WhatsApp
PAY000000404,A001297,2026-04-02 19:00:00,9995.3,SUCCESS,CASH,Human
PAY000000405,A001900,2026-06-25 10:00:00,15211.48,SUCCESS,BANK,AI Voice
PAY000000406,A001638,2026-04-05 15:00:00,4887.92,FAILED,UPI,Field
PAY000000407,A000721,2026-03-23 20:00:00,9427.76,SUCCESS,BANK,Human
PAY000000408,A002903,2026-01-19 13:00:00,12453.47,SUCCESS,UPI,WhatsApp
PAY000000409,A000604,2026-06-26 17:00:00,2166.37,SUCCESS,CASH,Field
PAY000000410,A003080,2025-10-13 14:00:00,14571.81,SUCCESS,UPI,AI Voice
PAY000000411,A004067,2026-08-17 15:00:00,7109.25,SUCCESS,BANK,WhatsApp
PAY000000412,A002803,2026-07-21 08:00:00,8201.52,SUCCESS,BANK,AI Voice
PAY000000413,A000642,2026-01-11 09:00:00,7933.59,FAILED,BANK,AI Voice
PAY000000414,A001036,2026-08-23 21:00:00,6942.13,FAILED,UPI,Field
PAY000000415,A000019,2026-02-17 07:00:00,2332.16,SUCCESS,CARD,Human
PAY000000416,A000431,2026-06-05 19:00:00,7448.51,SUCCESS,UPI,Self_Pay
PAY000000417,A003350,2025-12-14 07:00:00,15017.73,SUCCESS,CASH,AI Voice
PAY000000418,A004054,2025-11-08 09:00:00,6061.59,SUCCESS,CASH,Self_Pay
PAY000000419,A002731,2025-11-10 08:00:00,11730.49,SUCCESS,UPI,WhatsApp
PAY000000420,A002008,2026-07-14 13:00:00,6395.0,SUCCESS,UPI,Field
PAY000000421,A003576,2026-08-18 11:00:00,10258.31,FAILED,CASH,AI Voice
PAY000000422,A001809,2026-01-27 14:00:00,14659.28,SUCCESS,BANK,Human
PAY000000423,A003225,2026-02-17 19:00:00,4875.29,SUCCESS,BANK,AI Voice
PAY000000424,A003471,2026-07-15 20:00:00,15326.38,SUCCESS,UPI,AI Voice
PAY000000425,A001214,2025-11-23 19:00:00,2383.44,SUCCESS,UPI,WhatsApp
PAY000000426,A000045,2026-01-26 08:00:00,7673.94,SUCCESS,UPI,Self_Pay
PAY000000427,A003407,2026-02-24 07:00:00,4934.05,FAILED,UPI,Human
PAY000000428,A003805,2025-12-09 07:00:00,4115.19,SUCCESS,UPI,Field
PAY000000429,A002023,2026-01-21 13:00:00,6225.66,FAILED,CARD,WhatsApp
PAY000000430,A002650,2025-09-08 19:00:00,11971.04,FAILED,CARD,Self_Pay
PAY000000431,A001415,2026-03-20 08:00:00,7456.22,FAILED,CARD,WhatsApp
PAY000000432,A000234,2026-08-20 08:00:00,9851.25,SUCCESS,UPI,AI Voice
PAY000000433,A000976,2025-12-20 12:00:00,8546.26,SUCCESS,CASH,Self_Pay
PAY000000434,A002175,2025-09-23 08:00:00,3862.15,SUCCESS,CASH,AI Voice
PAY000000435,A001863,2026-01-12 12:00:00,4398.44,SUCCESS,CARD,Self_Pay
PAY000000436,A003935,2026-03-13 19:00:00,5043.95,FAILED,BANK,WhatsApp
PAY000000437,A001087,2026-04-07 12:00:00,4272.0,FAILED,BANK,Human
PAY000000438,A001886,2026-01-25 21:00:00,7456.59,SUCCESS,CARD,Field
PAY000000439,A003222,2026-08-10 08:00:00,15408.48,FAILED,CASH,WhatsApp
PAY000000440,A002505,2026-02-21 14:00:00,4982.29,SUCCESS,CASH,Human
PAY000000441,A001417,2026-02-08 21:00:00,15686.73,SUCCESS,CARD,Self_Pay
PAY000000442,A000961,2026-01-20 13:00:00,2763.86,SUCCESS,BANK,Field
PAY000000443,A002313,2026-05-14 08:00:00,7001.93,SUCCESS,UPI,Field
PAY000000444,A001515,2026-02-07 10:00:00,8562.68,FAILED,BANK,Self_Pay
PAY000000445,A001642,2025-12-22 12:00:00,6639.89,FAILED,CARD,Human
PAY000000446,A003735,2026-03-22 08:00:00,3015.97,FAILED,BANK,AI Voice
PAY000000447,A001598,2026-02-04 18:00:00,8947.0,SUCCESS,CARD,AI Voice
PAY000000448,A003394,2026-04-23 16:00:00,5957.0,SUCCESS,CASH,Human
PAY000000449,A003914,2025-10-23 15:00:00,6977.0,FAILED,CASH,Human
PAY000000450,A003425,2026-03-16 12:00:00,7155.4,SUCCESS,BANK,Field
PAY000000451,A000289,2026-01-16 08:00:00,6978.0,SUCCESS,UPI,Self_Pay
PAY000000452,A000222,2026-05-06 14:00:00,10717.89,SUCCESS,CASH,WhatsApp
PAY000000453,A003360,2026-03-26 13:00:00,5418.55,FAILED,CASH,AI Voice
PAY000000454,A001051,2026-06-18 16:00:00,6749.87,SUCCESS,CASH,Self_Pay
PAY000000455,A002580,2026-04-07 17:00:00,7897.2,SUCCESS,UPI,Field
PAY000000456,A000934,2026-06-04 15:00:00,11068.59,FAILED,CARD,Field
PAY000000457,A001766,2026-06-13 14:00:00,2949.7,FAILED,BANK,Human
PAY000000458,A003426,2026-07-03 17:00:00,15733.23,SUCCESS,BANK,AI Voice
PAY000000459,A001659,2025-12-20 17:00:00,8678.47,SUCCESS,BANK,WhatsApp
PAY000000460,A000152,2026-04-24 10:00:00,11337.4,FAILED,UPI,Human
PAY000000461,A004037,2025-09-02 08:00:00,4109.07,FAILED,CARD,Self_Pay
PAY000000462,A002159,2025-10-27 09:00:00,14807.36,SUCCESS,CASH,Human
PAY000000463,A000317,2025-12-23 15:00:00,4293.07,SUCCESS,CASH,Field
PAY000000464,A003683,2025-09-04 12:00:00,4219.63,SUCCESS,CARD,Human
PAY000000465,A003339,2025-11-24 10:00:00,8067.0,FAILED,CARD,Self_Pay
PAY000000466,A002675,2026-02-13 17:00:00,12573.32,FAILED,BANK,Field
PAY000000467,A000557,2026-08-01 09:00:00,3458.51,FAILED,UPI,AI Voice
PAY000000468,A001499,2026-04-12 17:00:00,7743.81,FAILED,UPI,Self_Pay
PAY000000469,A001843,2026-06-22 19:00:00,13280.91,SUCCESS,BANK,Field
PAY000000470,A000494,2026-02-09 20:00:00,10890.1,SUCCESS,CASH,Human
PAY000000471,A003852,2026-04-01 09:00:00,7018.28,SUCCESS,BANK,Human
PAY000000472,A002975,2025-11-16 16:00:00,3851.09,SUCCESS,CARD,Field
PAY000000473,A001614,2026-06-18 07:00:00,2659.62,SUCCESS,CASH,Human
PAY000000474,A001140,2026-06-27 18:00:00,15581.13,SUCCESS,CASH,AI Voice
PAY000000475,A001815,2026-05-01 20:00:00,2682.1,SUCCESS,CASH,AI Voice
PAY000000476,A002143,2025-09-12 08:00:00,2095.96,FAILED,CASH,Self_Pay
PAY000000477,A000460,2025-12-10 19:00:00,7693.33,SUCCESS,CARD,Field
PAY000000478,A004165,2026-04-21 07:00:00,12430.9,SUCCESS,UPI,Self_Pay
PAY000000479,A000239,2026-08-02 19:00:00,4564.95,FAILED,CASH,Field
PAY000000480,A001548,2026-05-05 07:00:00,12500.29,SUCCESS,UPI,Self_Pay
PAY000000481,A000106,2026-03-10 21:00:00,7775.36,SUCCESS,CASH,WhatsApp
PAY000000482,A004051,2025-09-02 20:00:00,6853.6,FAILED,UPI,Field
PAY000000483,A002526,2026-02-20 20:00:00,10029.73,SUCCESS,UPI,WhatsApp
PAY000000484,A000673,2026-07-01 20:00:00,14916.0,SUCCESS,CARD,AI Voice
PAY000000485,A000759,2025-10-25 18:00:00,2974.59,FAILED,CARD,AI Voice
PAY000000486,A003278,2026-07-04 20:00:00,1575.02,SUCCESS,UPI,Field
PAY000000487,A000606,2025-09-04 10:00:00,13752.0,SUCCESS,CASH,Self_Pay
PAY000000488,A003530,2026-08-27 09:00:00,11401.93,SUCCESS,UPI,Self_Pay
PAY000000489,A003166,2026-01-07 18:00:00,2412.22,SUCCESS,CASH,Human
PAY000000490,A002307,2025-12-23 12:00:00,4021.52,SUCCESS,CARD,Human
PAY000000491,A003076,2026-07-13 09:00:00,7063.31,SUCCESS,UPI,Field
PAY000000492,A000716,2026-02-21 10:00:00,6419.0,SUCCESS,CARD,Self_Pay
PAY000000493,A003965,2025-10-22 17:00:00,6831.97,FAILED,CARD,Human
PAY000000494,A001002,2025-12-05 07:00:00,7303.45,SUCCESS,CARD,WhatsApp
PAY000000495,A001399,2026-02-12 19:00:00,14358.11,SUCCESS,BANK,WhatsApp
PAY000000496,A003401,2025-10-20 09:00:00,2630.44,SUCCESS,UPI,WhatsApp
PAY000000497,A002378,2026-05-23 20:00:00,5528.1,SUCCESS,UPI,Self_Pay
PAY000000498,A000517,2026-04-09 21:00:00,5993.2,SUCCESS,BANK,WhatsApp
PAY000000499,A000633,2025-12-13 17:00:00,9387.0,SUCCESS,CARD,Self_Pay
PAY000000500,A001309,2026-01-22 16:00:00,4799.98,SUCCESS,CARD,WhatsApp
PAY000000501,A001784,2025-12-13 09:00:00,9538.69,FAILED,CARD,Human
PAY000000502,A002827,2026-02-27 18:00:00,5513.24,SUCCESS,BANK,Field
PAY000000503,A002808,2026-06-14 16:00:00,7127.05,SUCCESS,CARD,Self_Pay
PAY000000504,A000736,2025-11-21 16:00:00,4424.79,SUCCESS,CARD,Human
PAY000000505,A003438,2025-09-02 18:00:00,14161.25,FAILED,CASH,Field
PAY000000506,A003236,2025-12-23 11:00:00,1444.87,SUCCESS,CASH,Self_Pay
PAY000000507,A001837,2025-10-21 20:00:00,1266.62,SUCCESS,CASH,WhatsApp
PAY000000508,A000605,2026-07-11 20:00:00,6979.22,SUCCESS,CARD,AI Voice
PAY000000509,A000158,2026-02-10 20:00:00,3569.38,SUCCESS,CARD,Field
PAY000000510,A002750,2026-04-13 18:00:00,8281.81,FAILED,BANK,Field
PAY000000511,A000147,2026-06-20 09:00:00,8725.06,SUCCESS,BANK,WhatsApp
PAY000000512,A002926,2026-03-18 09:00:00,12983.45,FAILED,CASH,WhatsApp
PAY000000513,A002967,2026-08-17 17:00:00,10127.75,FAILED,CARD,WhatsApp
PAY000000514,A003674,2026-03-01 19:00:00,12059.52,SUCCESS,CASH,Field
PAY000000515,A002570,2026-05-26 08:00:00,9026.6,SUCCESS,CASH,Self_Pay
PAY000000516,A002752,2026-03-05 11:00:00,3957.97,SUCCESS,UPI,Self_Pay
PAY000000517,A000660,2026-06-09 07:00:00,4963.38,SUCCESS,CASH,WhatsApp
PAY000000518,A003889,2025-09-06 16:00:00,4862.06,SUCCESS,UPI,Self_Pay
PAY000000519,A003899,2026-07-10 18:00:00,5986.88,SUCCESS,BANK,Field
PAY000000520,A002489,2025-09-20 11:00:00,9053.57,SUCCESS,CARD,AI Voice
PAY000000521,A000977,2026-08-25 18:00:00,6727.47,SUCCESS,BANK,Human
PAY000000522,A002178,2026-06-08 16:00:00,6674.43,SUCCESS,UPI,WhatsApp
PAY000000523,A000243,2026-06-13 12:00:00,10207.27,SUCCESS,BANK,Self_Pay
PAY000000524,A000494,2026-05-10 13:00:00,7619.16,SUCCESS,UPI,Self_Pay
PAY000000525,A001513,2026-06-03 20:00:00,9467.84,SUCCESS,UPI,AI Voice
PAY000000526,A003913,2026-04-22 11:00:00,1216.49,SUCCESS,BANK,Field
PAY000000527,A000652,2026-06-12 20:00:00,7435.18,SUCCESS,BANK,AI Voice
PAY000000528,A002628,2026-01-13 09:00:00,2331.96,SUCCESS,BANK,Human
PAY000000529,A003629,2026-05-02 20:00:00,4368.27,SUCCESS,UPI,Human
PAY000000530,A001865,2025-10-22 08:00:00,3725.84,SUCCESS,UPI,Human
PAY000000531,A001074,2025-09-21 10:00:00,15765.46,SUCCESS,CASH,Field
PAY000000532,A000628,2025-09-18 09:00:00,14858.28,SUCCESS,CASH,AI Voice
PAY000000533,A001369,2026-02-19 21:00:00,8757.95,SUCCESS,UPI,WhatsApp
PAY000000534,A002535,2026-04-22 21:00:00,11578.68,SUCCESS,CASH,WhatsApp
PAY000000535,A002225,2026-03-20 08:00:00,5735.4,SUCCESS,CARD,Field
PAY000000536,A000814,2026-03-10 09:00:00,4624.86,SUCCESS,CASH,Self_Pay
PAY000000537,A001454,2026-08-16 20:00:00,5808.63,SUCCESS,CARD,Self_Pay
PAY000000538,A000305,2025-11-11 19:00:00,3417.29,FAILED,UPI,Field
PAY000000539,A003946,2026-02-06 07:00:00,6222.06,SUCCESS,UPI,WhatsApp
PAY000000540,A003022,2025-09-11 16:00:00,6159.75,SUCCESS,CASH,Self_Pay
PAY000000541,A002005,2026-08-17 14:00:00,4429.39,SUCCESS,UPI,Self_Pay
PAY000000542,A001707,2026-01-20 20:00:00,7309.9,SUCCESS,CASH,Self_Pay
PAY000000543,A000117,2026-05-05 18:00:00,2192.52,SUCCESS,CARD,Field
PAY000000544,A000106,2025-10-27 13:00:00,1227.26,FAILED,BANK,Human
PAY000000545,A001259,2026-08-06 12:00:00,10103.55,FAILED,CARD,AI Voice
PAY000000546,A002989,2026-03-20 11:00:00,10527.63,SUCCESS,CARD,WhatsApp
PAY000000547,A002684,2025-11-06 17:00:00,13089.32,SUCCESS,BANK,Human
PAY000000548,A001985,2026-06-01 10:00:00,15927.29,SUCCESS,CARD,AI Voice
PAY000000549,A003210,2026-04-14 18:00:00,1779.04,SUCCESS,CASH,Human
PAY000000550,A000351,2026-03-15 18:00:00,7886.27,SUCCESS,CARD,WhatsApp
PAY000000551,A002810,2026-07-15 09:00:00,14391.27,SUCCESS,UPI,Human
PAY000000552,A003981,2025-10-27 09:00:00,4935.82,SUCCESS,CARD,Field
PAY000000553,A002689,2026-03-25 09:00:00,7685.87,SUCCESS,CASH,Field
PAY000000554,A002992,2026-08-15 21:00:00,9439.71,SUCCESS,BANK,Field
PAY000000555,A004040,2026-03-07 09:00:00,10321.11,SUCCESS,CASH,Field
PAY000000556,A000947,2026-01-12 20:00:00,15412.5,SUCCESS,BANK,Self_Pay
PAY000000557,A002731,2025-09-07 12:00:00,15455.76,FAILED,CARD,Human
PAY000000558,A003630,2026-06-27 11:00:00,3037.64,SUCCESS,BANK,Self_Pay
PAY000000559,A000205,2025-10-13 19:00:00,6583.0,SUCCESS,BANK,Self_Pay
PAY000000560,A000926,2025-09-17 19:00:00,12293.78,SUCCESS,BANK,Self_Pay
PAY000000561,A001549,2026-08-04 11:00:00,3997.69,SUCCESS,CARD,AI Voice
PAY000000562,A001412,2025-10-06 08:00:00,4301.3,SUCCESS,CARD,Human
PAY000000563,A000313,2026-08-02 11:00:00,6371.71,FAILED,CASH,AI Voice
PAY000000564,A003617,2025-11-27 14:00:00,3570.54,SUCCESS,BANK,Field
PAY000000565,A003166,2026-08-08 10:00:00,8109.32,SUCCESS,UPI,Self_Pay
PAY000000566,A002852,2026-01-19 14:00:00,1092.15,SUCCESS,CASH,Human
PAY000000567,A000734,2026-04-06 08:00:00,11203.7,SUCCESS,UPI,Human
PAY000000568,A002199,2026-05-08 18:00:00,3600.88,FAILED,CARD,AI Voice
PAY000000569,A000636,2026-06-20 10:00:00,8430.0,SUCCESS,CASH,Field
PAY000000570,A003006,2025-12-26 17:00:00,8020.0,FAILED,CASH,Human
PAY000000571,A003646,2026-07-05 17:00:00,11016.0,SUCCESS,UPI,Self_Pay
PAY000000572,A001689,2026-03-17 13:00:00,12965.11,SUCCESS,UPI,WhatsApp
PAY000000573,A000201,2026-05-13 07:00:00,1818.26,SUCCESS,CASH,AI Voice
PAY000000574,A000999,2025-10-05 11:00:00,1788.57,SUCCESS,UPI,AI Voice
PAY000000575,A000544,2026-03-23 07:00:00,9747.51,FAILED,UPI,WhatsApp
PAY000000576,A001242,2025-12-26 09:00:00,2504.25,SUCCESS,UPI,Field
PAY000000577,A002950,2026-03-20 15:00:00,3996.68,SUCCESS,CARD,AI Voice
PAY000000578,A001687,2026-05-05 11:00:00,11481.29,SUCCESS,BANK,Self_Pay
PAY000000579,A000125,2025-12-05 16:00:00,10010.14,SUCCESS,UPI,WhatsApp
PAY000000580,A003534,2026-04-04 12:00:00,7742.7,SUCCESS,UPI,Field
PAY000000581,A003973,2026-08-14 17:00:00,13428.77,SUCCESS,BANK,AI Voice
PAY000000582,A002061,2026-05-07 07:00:00,15581.78,SUCCESS,BANK,Self_Pay
PAY000000583,A001105,2025-10-17 09:00:00,10052.55,FAILED,UPI,Field
PAY000000584,A002400,2026-02-13 19:00:00,11276.58,SUCCESS,CARD,Field
PAY000000585,A000207,2026-05-27 17:00:00,5045.68,SUCCESS,CARD,Field
PAY000000586,A000258,2026-06-13 17:00:00,8770.23,FAILED,CARD,AI Voice
PAY000000587,A002128,2025-10-06 08:00:00,5571.76,FAILED,CARD,AI Voice
PAY000000588,A000056,2026-06-04 07:00:00,4267.46,SUCCESS,CASH,AI Voice
PAY000000589,A003248,2026-08-11 08:00:00,9547.99,SUCCESS,BANK,Field
PAY000000590,A000050,2026-06-15 14:00:00,9331.8,SUCCESS,BANK,AI Voice
PAY000000591,A001248,2026-08-18 19:00:00,6622.78,FAILED,CARD,AI Voice
PAY000000592,A004198,2026-07-07 15:00:00,7261.35,SUCCESS,CASH,Self_Pay
PAY000000593,A000932,2026-03-24 19:00:00,12317.54,SUCCESS,CARD,Self_Pay
PAY000000594,A000300,2026-07-20 11:00:00,8635.06,SUCCESS,BANK,AI Voice
PAY000000595,A000783,2026-03-23 14:00:00,4353.29,SUCCESS,UPI,WhatsApp
PAY000000596,A004132,2025-09-24 10:00:00,14420.25,SUCCESS,BANK,Self_Pay
PAY000000597,A003705,2025-10-27 20:00:00,13661.28,SUCCESS,CARD,Human
PAY000000598,A001126,2026-06-12 15:00:00,8466.58,FAILED,CASH,Field
PAY000000599,A003518,2026-07-13 21:00:00,9431.0,FAILED,CASH,Self_Pay
PAY000000600,A001793,2026-05-23 17:00:00,6677.13,SUCCESS,CASH,Self_Pay
PAY000000601,A003369,2026-05-08 12:00:00,2193.66,SUCCESS,UPI,Field
PAY000000602,A001266,2026-02-15 16:00:00,11451.13,FAILED,BANK,WhatsApp
PAY000000603,A002084,2026-08-05 15:00:00,15414.36,SUCCESS,UPI,Human
PAY000000604,A002863,2025-10-16 14:00:00,10292.28,SUCCESS,UPI,Human
PAY000000605,A000660,2026-03-21 13:00:00,10035.45,SUCCESS,UPI,Self_Pay
PAY000000606,A001583,2026-08-26 21:00:00,13301.0,FAILED,UPI,AI Voice
PAY000000607,A003964,2026-03-15 21:00:00,11840.28,SUCCESS,BANK,AI Voice
PAY000000608,A003965,2026-08-09 09:00:00,1772.21,FAILED,BANK,AI Voice
PAY000000609,A000370,2026-06-09 16:00:00,3411.07,FAILED,CASH,Field
PAY000000610,A003232,2025-09-09 17:00:00,12154.12,SUCCESS,BANK,AI Voice
PAY000000611,A000549,2026-05-14 18:00:00,11069.21,SUCCESS,CARD,Human
PAY000000612,A003796,2026-05-13 19:00:00,7878.49,FAILED,BANK,Self_Pay
PAY000000613,A004095,2025-10-10 14:00:00,7922.03,SUCCESS,CARD,Human
PAY000000614,A001060,2026-08-13 10:00:00,7886.58,FAILED,CARD,Human
PAY000000615,A002282,2025-09-19 20:00:00,9090.13,SUCCESS,UPI,Self_Pay
PAY000000616,A003857,2026-08-17 16:00:00,4281.29,SUCCESS,CARD,Self_Pay
PAY000000617,A000926,2026-06-04 20:00:00,6916.44,SUCCESS,CARD,WhatsApp
PAY000000618,A003103,2025-10-25 09:00:00,5887.0,FAILED,CARD,WhatsApp
PAY000000619,A002421,2026-08-03 14:00:00,3655.73,FAILED,CASH,Field
PAY000000620,A003498,2026-04-23 21:00:00,11141.0,SUCCESS,BANK,Field
PAY000000621,A001830,2026-03-24 18:00:00,4376.19,SUCCESS,UPI,Human
PAY000000622,A001445,2025-09-22 15:00:00,12642.0,SUCCESS,CARD,Self_Pay
PAY000000623,A001757,2026-01-01 10:00:00,13608.44,FAILED,CARD,WhatsApp
PAY000000624,A000360,2025-11-18 14:00:00,7344.42,SUCCESS,UPI,Field
PAY000000625,A000353,2026-03-07 10:00:00,14874.61,SUCCESS,BANK,Human
PAY000000626,A003158,2026-06-15 14:00:00,14002.77,SUCCESS,UPI,Human
PAY000000627,A002405,2025-11-20 19:00:00,2836.65,SUCCESS,UPI,Self_Pay
PAY000000628,A000053,2026-08-06 20:00:00,14433.39,SUCCESS,CARD,Self_Pay
PAY000000629,A003846,2026-05-12 12:00:00,7021.46,FAILED,UPI,Human
PAY000000630,A001278,2026-05-20 19:00:00,7074.27,SUCCESS,CARD,AI Voice
PAY000000631,A003461,2025-12-11 21:00:00,11158.29,FAILED,CARD,Human
PAY000000632,A004068,2025-12-05 17:00:00,13419.04,SUCCESS,CARD,Field
PAY000000633,A000705,2026-04-18 18:00:00,14275.19,SUCCESS,CASH,AI Voice
PAY000000634,A000070,2026-08-05 12:00:00,14179.63,SUCCESS,BANK,WhatsApp
PAY000000635,A001606,2025-09-25 07:00:00,5671.01,SUCCESS,CASH,Field
PAY000000636,A003771,2025-12-05 18:00:00,1704.3,SUCCESS,CARD,WhatsApp
PAY000000637,A001515,2025-09-12 09:00:00,11799.0,SUCCESS,UPI,WhatsApp
PAY000000638,A000043,2026-06-01 10:00:00,2522.08,FAILED,BANK,WhatsApp
PAY000000639,A003432,2026-03-22 16:00:00,10962.3,SUCCESS,CASH,Field
PAY000000640,A003870,2026-04-13 19:00:00,7699.86,FAILED,UPI,WhatsApp
PAY000000641,A001677,2026-06-22 13:00:00,13320.85,FAILED,UPI,Self_Pay
PAY000000642,A000312,2025-10-21 18:00:00,6223.82,SUCCESS,CARD,Field
PAY000000643,A000299,2026-03-24 20:00:00,14859.82,SUCCESS,UPI,AI Voice
PAY000000644,A002313,2025-12-13 08:00:00,13426.83,SUCCESS,CARD,Human
PAY000000645,A002058,2026-07-10 18:00:00,1519.46,SUCCESS,CASH,AI Voice
PAY000000646,A002857,2026-03-21 09:00:00,14718.65,SUCCESS,CASH,Self_Pay
PAY000000647,A000082,2026-01-02 12:00:00,3487.51,SUCCESS,UPI,WhatsApp
PAY000000648,A001933,2026-02-26 10:00:00,14721.57,FAILED,CARD,WhatsApp
PAY000000649,A000420,2026-08-07 21:00:00,6167.9,SUCCESS,BANK,AI Voice
PAY000000650,A003601,2025-09-10 14:00:00,10973.96,SUCCESS,BANK,AI Voice
PAY000000651,A000515,2025-12-01 10:00:00,1747.03,SUCCESS,CASH,Field
PAY000000652,A003222,2025-09-17 19:00:00,10674.25,FAILED,CASH,Human
PAY000000653,A001794,2025-12-03 14:00:00,5606.46,FAILED,CASH,AI Voice
PAY000000654,A003641,2025-10-14 21:00:00,3908.39,FAILED,CARD,Self_Pay
PAY000000655,A003316,2026-01-21 11:00:00,12350.0,SUCCESS,BANK,AI Voice
PAY000000656,A004044,2026-01-18 07:00:00,4238.89,SUCCESS,BANK,Self_Pay
PAY000000657,A003808,2026-06-06 10:00:00,8455.69,SUCCESS,CASH,Field
PAY000000658,A001487,2026-03-07 10:00:00,13249.0,SUCCESS,CARD,Self_Pay
PAY000000659,A003763,2025-10-23 08:00:00,10090.65,SUCCESS,UPI,WhatsApp
PAY000000660,A002733,2025-10-21 13:00:00,7248.0,FAILED,UPI,WhatsApp
PAY000000661,A001776,2026-06-04 07:00:00,15201.87,SUCCESS,CASH,Self_Pay
PAY000000662,A003654,2025-12-23 21:00:00,5351.06,SUCCESS,BANK,Human
PAY000000663,A000128,2026-07-13 12:00:00,11634.31,SUCCESS,BANK,Field
PAY000000664,A002089,2026-03-11 21:00:00,10884.94,SUCCESS,UPI,Self_Pay
PAY000000665,A002929,2026-03-20 13:00:00,8945.62,SUCCESS,CARD,Field
PAY000000666,A003116,2025-11-19 16:00:00,3569.1,SUCCESS,CARD,AI Voice
PAY000000667,A003820,2026-02-13 21:00:00,1390.31,SUCCESS,UPI,Human
PAY000000668,A003218,2025-12-12 14:00:00,10991.0,SUCCESS,CARD,Field
PAY000000669,A002552,2026-02-06 14:00:00,12085.94,FAILED,CASH,Field
PAY000000670,A002258,2026-05-13 17:00:00,6854.54,SUCCESS,CARD,Self_Pay
PAY000000671,A003271,2026-04-23 16:00:00,9685.0,SUCCESS,CARD,Field
PAY000000672,A001683,2025-11-13 16:00:00,13149.06,SUCCESS,UPI,Field
PAY000000673,A000273,2025-09-05 14:00:00,2476.84,FAILED,CARD,Field
PAY000000674,A003622,2026-05-04 18:00:00,6718.19,FAILED,CASH,Field
PAY000000675,A002042,2026-07-23 12:00:00,12147.46,SUCCESS,CASH,Self_Pay
PAY000000676,A001678,2025-11-12 12:00:00,4742.64,SUCCESS,BANK,AI Voice
PAY000000677,A000327,2026-02-08 14:00:00,7315.54,SUCCESS,UPI,Self_Pay
PAY000000678,A001637,2026-03-24 07:00:00,15402.64,SUCCESS,BANK,AI Voice
PAY000000679,A001718,2026-07-17 20:00:00,4314.33,SUCCESS,CASH,Self_Pay
PAY000000680,A000490,2026-01-02 09:00:00,4978.0,SUCCESS,CASH,AI Voice
PAY000000681,A002850,2026-08-21 07:00:00,4516.03,SUCCESS,BANK,Field
PAY000000682,A003564,2026-01-01 17:00:00,9656.5,SUCCESS,BANK,WhatsApp
PAY000000683,A003080,2026-06-22 09:00:00,13516.38,SUCCESS,BANK,Field
PAY000000684,A004055,2026-01-19 21:00:00,4188.29,SUCCESS,BANK,Human
PAY000000685,A004179,2026-03-11 14:00:00,9300.47,SUCCESS,BANK,WhatsApp
PAY000000686,A003780,2026-07-06 12:00:00,10181.0,SUCCESS,CARD,WhatsApp
PAY000000687,A001713,2026-02-12 11:00:00,12316.0,FAILED,BANK,AI Voice
PAY000000688,A002562,2025-10-01 08:00:00,5191.14,SUCCESS,CASH,Self_Pay
PAY000000689,A000122,2025-11-02 19:00:00,7718.68,SUCCESS,UPI,Self_Pay
PAY000000690,A002610,2025-09-16 19:00:00,10388.01,SUCCESS,UPI,Field
PAY000000691,A002031,2026-08-25 07:00:00,9272.45,SUCCESS,BANK,Human
PAY000000692,A000859,2026-06-01 19:00:00,6682.5,SUCCESS,CASH,Human
PAY000000693,A001597,2025-11-14 11:00:00,12687.78,SUCCESS,UPI,Self_Pay
PAY000000694,A000883,2026-01-15 12:00:00,13363.37,SUCCESS,CASH,Self_Pay
PAY000000695,A000636,2026-04-07 09:00:00,8333.35,FAILED,UPI,Human
PAY000000696,A003362,2025-10-11 18:00:00,3926.75,SUCCESS,BANK,Self_Pay
PAY000000697,A002061,2025-09-05 18:00:00,2315.3,FAILED,BANK,WhatsApp
PAY000000698,A002955,2025-09-14 12:00:00,8480.73,FAILED,CASH,WhatsApp
PAY000000699,A002443,2026-03-18 13:00:00,8421.0,FAILED,BANK,Field
PAY000000700,A002691,2026-05-11 13:00:00,14400.07,SUCCESS,CARD,AI Voice
PAY000000701,A000715,2026-08-14 17:00:00,6585.04,FAILED,UPI,Field
PAY000000702,A002259,2026-06-18 12:00:00,8673.34,SUCCESS,BANK,Self_Pay
PAY000000703,A000828,2026-03-06 11:00:00,6336.92,FAILED,CASH,Self_Pay
PAY000000704,A000591,2025-09-02 21:00:00,13898.07,SUCCESS,UPI,WhatsApp
PAY000000705,A001853,2026-05-15 17:00:00,9915.68,SUCCESS,CASH,Human
PAY000000706,A001823,2025-12-07 17:00:00,13245.4,SUCCESS,CARD,Self_Pay
PAY000000707,A003095,2026-04-06 21:00:00,12592.62,SUCCESS,CARD,Human
PAY000000708,A002829,2026-07-02 10:00:00,13390.0,SUCCESS,CARD,AI Voice
PAY000000709,A002423,2025-09-05 14:00:00,6972.39,SUCCESS,CASH,AI Voice
PAY000000710,A003311,2026-08-20 11:00:00,8148.52,SUCCESS,CASH,Human
PAY000000711,A000854,2026-06-04 16:00:00,13544.85,SUCCESS,CARD,Field
PAY000000712,A003393,2025-11-18 10:00:00,1607.79,SUCCESS,CASH,AI Voice
PAY000000713,A000459,2026-08-22 07:00:00,3152.41,SUCCESS,BANK,Field
PAY000000714,A000062,2025-11-14 21:00:00,5325.97,FAILED,CARD,Human
PAY000000715,A002013,2026-08-03 16:00:00,14540.6,SUCCESS,BANK,Self_Pay
PAY000000716,A003134,2025-09-18 14:00:00,5145.71,FAILED,CASH,WhatsApp
PAY000000717,A002001,2025-10-10 18:00:00,8537.4,FAILED,CARD,Self_Pay
PAY000000718,A000184,2025-10-09 21:00:00,11621.71,SUCCESS,UPI,Field
PAY000000719,A003014,2025-09-18 20:00:00,15893.65,SUCCESS,UPI,Field
PAY000000720,A003268,2025-11-13 12:00:00,2548.61,SUCCESS,UPI,AI Voice
PAY000000721,A000758,2025-11-03 19:00:00,14194.26,SUCCESS,CASH,Field
PAY000000722,A003998,2025-11-09 14:00:00,12524.72,SUCCESS,CASH,Self_Pay
PAY000000723,A003449,2026-06-18 13:00:00,4025.74,FAILED,CARD,WhatsApp
PAY000000724,A003230,2026-04-27 07:00:00,12402.28,SUCCESS,BANK,Field
PAY000000725,A000378,2026-06-15 16:00:00,9040.5,SUCCESS,CARD,Self_Pay
PAY000000726,A002513,2026-03-20 21:00:00,15689.86,SUCCESS,UPI,WhatsApp
PAY000000727,A000628,2025-10-15 08:00:00,13356.42,SUCCESS,BANK,Human
PAY000000728,A000405,2026-03-07 21:00:00,1007.72,SUCCESS,CASH,Field
PAY000000729,A001893,2026-07-15 20:00:00,9008.68,SUCCESS,UPI,AI Voice
PAY000000730,A003495,2026-01-07 13:00:00,15286.44,FAILED,BANK,Self_Pay
PAY000000731,A000368,2026-08-23 18:00:00,4395.88,FAILED,BANK,WhatsApp
PAY000000732,A003393,2025-10-08 20:00:00,13458.29,SUCCESS,CASH,Field
PAY000000733,A003530,2025-09-20 21:00:00,10453.31,SUCCESS,BANK,Human
PAY000000734,A002491,2026-02-19 14:00:00,14133.7,SUCCESS,BANK,Human
PAY000000735,A000530,2025-12-20 19:00:00,3907.0,FAILED,UPI,WhatsApp
PAY000000736,A002981,2026-03-18 14:00:00,3423.14,SUCCESS,UPI,Self_Pay
PAY000000737,A001123,2025-11-18 13:00:00,6922.07,SUCCESS,CASH,Field
PAY000000738,A002227,2026-04-05 07:00:00,9428.71,SUCCESS,CARD,Self_Pay
PAY000000739,A002765,2026-07-09 20:00:00,14138.93,SUCCESS,UPI,Field
PAY000000740,A003849,2026-04-23 11:00:00,5645.76,FAILED,CARD,Self_Pay
PAY000000741,A002479,2025-11-14 14:00:00,12417.07,SUCCESS,CASH,Field
PAY000000742,A002468,2026-07-02 08:00:00,1436.56,SUCCESS,CASH,WhatsApp
PAY000000743,A002730,2025-10-02 11:00:00,12171.53,FAILED,CARD,Self_Pay
PAY000000744,A003339,2025-10-16 20:00:00,2265.43,SUCCESS,CARD,Self_Pay
PAY000000745,A004167,2026-06-08 09:00:00,15222.18,SUCCESS,BANK,AI Voice
PAY000000746,A003381,2026-07-12 13:00:00,3333.84,SUCCESS,CASH,Self_Pay
PAY000000747,A003952,2026-02-14 07:00:00,14913.57,SUCCESS,CARD,AI Voice
PAY000000748,A002881,2026-04-03 17:00:00,5915.25,SUCCESS,CARD,WhatsApp
PAY000000749,A000165,2025-12-16 09:00:00,7405.95,SUCCESS,UPI,Self_Pay
PAY000000750,A001094,2026-04-06 07:00:00,13297.22,SUCCESS,BANK,Self_Pay
PAY000000751,A003170,2026-04-21 11:00:00,13406.44,FAILED,BANK,Field
PAY000000752,A000602,2026-05-18 17:00:00,6364.61,SUCCESS,UPI,WhatsApp
PAY000000753,A003048,2025-10-17 13:00:00,12788.76,SUCCESS,UPI,AI Voice
PAY000000754,A001853,2025-11-22 19:00:00,3230.21,SUCCESS,BANK,Human
PAY000000755,A003773,2025-11-04 11:00:00,13098.36,FAILED,CARD,Self_Pay
PAY000000756,A002651,2026-03-02 14:00:00,5543.99,FAILED,BANK,WhatsApp
PAY000000757,A002900,2025-11-02 21:00:00,10899.83,SUCCESS,CARD,Human
PAY000000758,A000888,2025-09-17 20:00:00,6204.25,SUCCESS,CARD,AI Voice
PAY000000759,A001727,2025-12-18 08:00:00,2380.63,SUCCESS,UPI,AI Voice
PAY000000760,A002574,2026-01-26 13:00:00,11995.42,SUCCESS,BANK,Field
PAY000000761,A000658,2026-01-24 08:00:00,6856.6,SUCCESS,CASH,Field
PAY000000762,A002369,2026-03-23 14:00:00,2175.56,SUCCESS,CARD,AI Voice
PAY000000763,A001367,2026-05-22 15:00:00,3119.83,SUCCESS,BANK,Human
PAY000000764,A000534,2026-05-17 19:00:00,2961.6,SUCCESS,BANK,WhatsApp
PAY000000765,A000963,2026-07-20 16:00:00,2735.09,SUCCESS,BANK,WhatsApp
PAY000000766,A001584,2025-12-16 11:00:00,15014.17,SUCCESS,CASH,Self_Pay
PAY000000767,A001863,2025-10-20 11:00:00,1689.58,FAILED,CARD,Self_Pay
PAY000000768,A002999,2026-08-17 18:00:00,5975.72,FAILED,UPI,Self_Pay
PAY000000769,A001497,2025-12-04 18:00:00,12636.18,SUCCESS,UPI,AI Voice
PAY000000770,A003897,2025-10-19 13:00:00,4261.69,FAILED,UPI,AI Voice
PAY000000771,A002527,2026-01-14 08:00:00,8955.09,SUCCESS,CARD,WhatsApp
PAY000000772,A003383,2026-03-26 17:00:00,7036.16,SUCCESS,CASH,Human
PAY000000773,A003055,2025-10-08 17:00:00,8468.15,SUCCESS,UPI,WhatsApp
PAY000000774,A002324,2025-11-13 11:00:00,4826.93,SUCCESS,CASH,WhatsApp
PAY000000775,A003782,2026-07-22 08:00:00,6356.0,SUCCESS,CASH,AI Voice
PAY000000776,A001286,2025-12-24 08:00:00,13044.02,SUCCESS,UPI,Field
PAY000000777,A003655,2026-08-13 18:00:00,5062.66,FAILED,BANK,Self_Pay
PAY000000778,A000685,2025-12-20 18:00:00,2533.66,SUCCESS,CASH,Human
PAY000000779,A003669,2025-11-09 16:00:00,9029.74,SUCCESS,UPI,WhatsApp
PAY000000780,A001325,2026-02-24 20:00:00,12636.37,SUCCESS,UPI,Self_Pay
PAY000000781,A004050,2025-12-14 15:00:00,4602.48,SUCCESS,CASH,AI Voice
PAY000000782,A001796,2025-09-03 11:00:00,12371.37,SUCCESS,BANK,WhatsApp
PAY000000783,A000782,2025-10-07 14:00:00,6285.0,SUCCESS,CASH,Self_Pay
PAY000000784,A001597,2026-05-10 13:00:00,3163.24,FAILED,UPI,AI Voice
PAY000000785,A003479,2026-06-05 14:00:00,10528.9,SUCCESS,UPI,Human
PAY000000786,A002829,2026-02-06 15:00:00,8829.74,SUCCESS,CASH,Self_Pay
PAY000000787,A003647,2026-01-13 11:00:00,8240.94,SUCCESS,CASH,Human
PAY000000788,A003904,2026-03-19 10:00:00,11570.97,FAILED,CARD,Field
PAY000000789,A002307,2026-06-05 13:00:00,1911.51,SUCCESS,UPI,WhatsApp
PAY000000790,A003341,2026-05-15 07:00:00,6870.97,SUCCESS,CASH,Field
PAY000000791,A003959,2025-09-05 10:00:00,3453.0,SUCCESS,CARD,Field
PAY000000792,A001085,2026-04-12 17:00:00,15468.84,SUCCESS,BANK,AI Voice
PAY000000793,A003068,2026-07-14 13:00:00,2653.52,FAILED,CARD,Self_Pay
PAY000000794,A003863,2026-07-12 20:00:00,8382.44,FAILED,CARD,Human
PAY000000795,A004189,2026-01-04 07:00:00,15748.84,SUCCESS,UPI,WhatsApp
PAY000000796,A000176,2025-10-20 17:00:00,1866.59,SUCCESS,UPI,Human
PAY000000797,A000421,2025-12-04 20:00:00,7529.0,SUCCESS,CASH,Self_Pay
PAY000000798,A002225,2026-07-01 20:00:00,12406.61,SUCCESS,CASH,Field
PAY000000799,A000321,2025-12-23 14:00:00,6262.24,SUCCESS,UPI,Self_Pay
PAY000000800,A001749,2026-04-11 15:00:00,5638.78,SUCCESS,CASH,WhatsApp
PAY000000801,A003435,2025-11-12 20:00:00,5844.56,SUCCESS,BANK,Self_Pay
PAY000000802,A001965,2025-10-04 07:00:00,13954.89,SUCCESS,CASH,Field
PAY000000803,A002338,2026-02-15 13:00:00,5051.69,FAILED,CASH,WhatsApp
PAY000000804,A003457,2025-12-09 09:00:00,1072.74,SUCCESS,UPI,Self_Pay
PAY000000805,A001807,2025-10-21 08:00:00,11776.0,FAILED,UPI,Human
PAY000000806,A002931,2026-02-12 15:00:00,12535.7,SUCCESS,UPI,Self_Pay
PAY000000807,A001960,2026-05-24 08:00:00,4176.78,SUCCESS,UPI,Human
PAY000000808,A002332,2026-02-02 19:00:00,9049.27,FAILED,BANK,WhatsApp
PAY000000809,A003274,2026-06-17 19:00:00,10237.47,SUCCESS,UPI,Human
PAY000000810,A000489,2026-02-25 16:00:00,9308.19,SUCCESS,BANK,Self_Pay
PAY000000811,A002436,2026-07-10 20:00:00,4048.63,FAILED,CARD,Human
PAY000000812,A001020,2026-05-08 13:00:00,8637.51,SUCCESS,UPI,Human
PAY000000813,A002378,2025-12-10 15:00:00,4858.37,SUCCESS,CASH,Self_Pay
PAY000000814,A001399,2026-05-03 11:00:00,4827.72,SUCCESS,CARD,Self_Pay
PAY000000815,A002062,2026-04-23 15:00:00,7242.57,SUCCESS,CASH,AI Voice
PAY000000816,A001821,2026-04-09 19:00:00,1115.24,SUCCESS,CASH,Self_Pay
PAY000000817,A000644,2026-02-05 15:00:00,6876.62,SUCCESS,CASH,AI Voice
PAY000000818,A002680,2026-05-21 19:00:00,4281.0,SUCCESS,UPI,WhatsApp
PAY000000819,A000199,2025-09-02 20:00:00,6094.84,SUCCESS,CARD,Field
PAY000000820,A003936,2026-08-09 12:00:00,8469.64,SUCCESS,UPI,Field
PAY000000821,A000833,2026-08-26 11:00:00,6522.88,SUCCESS,BANK,Self_Pay
PAY000000822,A000936,2026-07-19 08:00:00,8422.27,SUCCESS,CARD,Self_Pay
PAY000000823,A000195,2026-03-17 15:00:00,11505.09,SUCCESS,BANK,Self_Pay
PAY000000824,A001854,2025-10-24 18:00:00,1328.26,SUCCESS,BANK,AI Voice
PAY000000825,A000815,2025-12-07 20:00:00,7294.0,SUCCESS,CARD,Human
PAY000000826,A001318,2026-03-04 16:00:00,9780.17,SUCCESS,CARD,Field
PAY000000827,A004167,2026-02-15 09:00:00,10093.65,SUCCESS,CARD,AI Voice
PAY000000828,A000684,2026-01-11 13:00:00,2921.99,SUCCESS,CARD,Human
PAY000000829,A000458,2026-06-12 16:00:00,3507.53,FAILED,CASH,Self_Pay
PAY000000830,A001683,2025-11-03 16:00:00,11097.94,SUCCESS,CASH,Human
PAY000000831,A001160,2026-08-22 10:00:00,7893.56,SUCCESS,CARD,Human
PAY000000832,A003430,2026-01-19 08:00:00,3514.69,FAILED,CASH,Field
PAY000000833,A000346,2026-06-12 09:00:00,3574.29,SUCCESS,UPI,Field
PAY000000834,A000646,2025-09-19 09:00:00,5260.24,SUCCESS,CARD,Field
PAY000000835,A003056,2025-10-04 17:00:00,4137.79,SUCCESS,BANK,WhatsApp
PAY000000836,A003086,2026-07-04 14:00:00,14931.87,SUCCESS,UPI,Self_Pay
PAY000000837,A002493,2026-08-13 14:00:00,13380.68,SUCCESS,CARD,Field
PAY000000838,A001998,2026-04-03 16:00:00,14907.86,FAILED,CASH,Human
PAY000000839,A003898,2026-06-07 14:00:00,3390.23,SUCCESS,CASH,WhatsApp
PAY000000840,A003802,2026-06-23 10:00:00,5717.2,SUCCESS,CARD,AI Voice
PAY000000841,A000092,2026-07-14 16:00:00,1811.43,SUCCESS,CASH,WhatsApp
PAY000000842,A003842,2026-05-01 15:00:00,2025.91,SUCCESS,BANK,Human
PAY000000843,A003615,2026-02-03 11:00:00,9621.0,SUCCESS,CASH,Field
PAY000000844,A003251,2025-10-27 14:00:00,10654.3,SUCCESS,CARD,Self_Pay
PAY000000845,A001031,2025-09-22 16:00:00,3671.0,FAILED,CASH,Human
PAY000000846,A001960,2026-08-08 17:00:00,14084.4,SUCCESS,CARD,WhatsApp
PAY000000847,A002729,2025-09-06 17:00:00,6113.44,SUCCESS,BANK,Field
PAY000000848,A001482,2026-08-10 07:00:00,7964.43,SUCCESS,BANK,Self_Pay
PAY000000849,A001185,2026-08-13 15:00:00,7406.22,SUCCESS,UPI,AI Voice
PAY000000850,A004038,2025-12-07 17:00:00,7090.42,FAILED,CASH,AI Voice
PAY000000851,A002508,2025-11-24 18:00:00,7421.41,SUCCESS,CASH,Self_Pay
PAY000000852,A002342,2026-04-21 11:00:00,6714.82,SUCCESS,UPI,Human
PAY000000853,A003794,2026-08-17 17:00:00,8754.53,SUCCESS,CASH,Self_Pay
PAY000000854,A004096,2026-01-11 13:00:00,10484.73,FAILED,BANK,Human
PAY000000855,A002586,2026-03-19 13:00:00,4260.35,FAILED,BANK,Field
PAY000000856,A003674,2025-10-01 17:00:00,12789.31,FAILED,CARD,WhatsApp
PAY000000857,A000006,2025-09-08 09:00:00,14402.51,SUCCESS,CASH,Field
PAY000000858,A003066,2025-11-05 14:00:00,15454.63,FAILED,CASH,AI Voice
PAY000000859,A002965,2026-04-20 09:00:00,10322.7,SUCCESS,CASH,Self_Pay
PAY000000860,A001277,2025-12-17 07:00:00,6027.22,SUCCESS,BANK,WhatsApp
PAY000000861,A003573,2025-11-05 15:00:00,11996.81,SUCCESS,BANK,Human
PAY000000862,A003339,2026-07-19 09:00:00,8067.0,SUCCESS,CASH,Field
PAY000000863,A001420,2025-10-16 14:00:00,4424.99,SUCCESS,BANK,WhatsApp
PAY000000864,A000675,2026-01-19 16:00:00,6108.74,SUCCESS,CARD,Human
PAY000000865,A004025,2026-03-15 09:00:00,1542.08,SUCCESS,CARD,AI Voice
PAY000000866,A003390,2026-03-03 15:00:00,8093.16,FAILED,CASH,Self_Pay
PAY000000867,A000388,2026-08-15 16:00:00,6648.96,SUCCESS,CASH,AI Voice
PAY000000868,A003251,2026-07-14 08:00:00,14731.0,SUCCESS,UPI,Human
PAY000000869,A001118,2026-06-22 18:00:00,15501.76,FAILED,UPI,Self_Pay
PAY000000870,A004059,2025-09-07 12:00:00,1653.71,FAILED,BANK,AI Voice
PAY000000871,A000861,2026-08-19 09:00:00,10628.42,FAILED,CASH,Field
PAY000000872,A002868,2025-11-23 10:00:00,7925.63,SUCCESS,UPI,Field
PAY000000873,A004178,2026-02-03 16:00:00,12097.52,SUCCESS,CARD,AI Voice
PAY000000874,A003965,2025-12-14 13:00:00,13856.91,FAILED,CASH,Human
PAY000000875,A000036,2026-01-18 10:00:00,2433.86,SUCCESS,CARD,Human
PAY000000876,A002427,2025-10-25 19:00:00,15768.83,FAILED,CARD,Human
PAY000000877,A002761,2026-01-03 07:00:00,14914.13,SUCCESS,UPI,Self_Pay
PAY000000878,A000951,2026-03-19 12:00:00,11443.32,FAILED,BANK,Field
PAY000000879,A002204,2025-12-20 11:00:00,9789.47,SUCCESS,CARD,Field
PAY000000880,A002298,2026-05-08 08:00:00,8467.07,SUCCESS,CARD,Field
PAY000000881,A002076,2025-10-27 18:00:00,5940.0,FAILED,BANK,Human
PAY000000882,A000655,2026-03-20 18:00:00,9341.98,FAILED,BANK,Human
PAY000000883,A000379,2026-04-10 18:00:00,9266.64,SUCCESS,CASH,Self_Pay
PAY000000884,A000468,2025-09-19 11:00:00,6162.73,FAILED,CASH,Field
PAY000000885,A001756,2026-05-17 17:00:00,9927.9,SUCCESS,CARD,Field
PAY000000886,A002106,2026-08-10 18:00:00,3439.23,SUCCESS,CASH,AI Voice
PAY000000887,A003901,2026-02-13 11:00:00,4655.04,FAILED,UPI,AI Voice
PAY000000888,A000414,2026-03-24 19:00:00,3892.36,SUCCESS,CASH,Human
PAY000000889,A002737,2026-07-21 17:00:00,6835.1,SUCCESS,CASH,Human
PAY000000890,A003164,2025-10-15 07:00:00,10607.12,FAILED,CASH,WhatsApp
PAY000000891,A004034,2026-06-17 18:00:00,13667.22,SUCCESS,CASH,Self_Pay
PAY000000892,A001517,2026-04-04 18:00:00,1597.7,FAILED,CASH,Human
PAY000000893,A001701,2026-04-03 10:00:00,15042.14,SUCCESS,CASH,AI Voice
PAY000000894,A002374,2025-10-21 12:00:00,10660.72,SUCCESS,CARD,WhatsApp
PAY000000895,A001668,2026-01-22 17:00:00,2071.85,SUCCESS,UPI,Field
PAY000000896,A000608,2026-04-10 09:00:00,13919.77,SUCCESS,BANK,AI Voice
PAY000000897,A003515,2026-01-24 14:00:00,10535.62,SUCCESS,BANK,WhatsApp
PAY000000898,A002045,2026-07-27 21:00:00,12458.36,SUCCESS,CARD,WhatsApp
PAY000000899,A002905,2025-12-15 18:00:00,15005.66,FAILED,CASH,WhatsApp
PAY000000900,A000621,2026-04-26 11:00:00,3896.15,FAILED,BANK,Human
PAY000000901,A003005,2025-11-04 17:00:00,14556.74,SUCCESS,BANK,Field
PAY000000902,A003648,2025-09-20 14:00:00,5993.02,SUCCESS,UPI,AI Voice
PAY000000903,A001859,2026-03-16 11:00:00,6987.82,SUCCESS,UPI,AI Voice
PAY000000904,A001681,2026-01-26 14:00:00,9348.49,SUCCESS,UPI,Self_Pay
PAY000000905,A002933,2026-08-16 11:00:00,7812.87,SUCCESS,BANK,WhatsApp
PAY000000906,A003704,2025-10-18 20:00:00,10193.0,SUCCESS,BANK,Field
PAY000000907,A004027,2026-06-15 14:00:00,3312.71,SUCCESS,CASH,WhatsApp
PAY000000908,A002398,2025-10-16 15:00:00,14493.13,SUCCESS,CARD,Self_Pay
PAY000000909,A001807,2026-01-08 18:00:00,11776.0,SUCCESS,CASH,WhatsApp
PAY000000910,A001795,2026-05-16 09:00:00,2991.72,SUCCESS,CASH,AI Voice
PAY000000911,A001324,2025-10-22 21:00:00,3828.78,SUCCESS,CARD,Field
PAY000000912,A001922,2026-03-11 15:00:00,1063.41,SUCCESS,CASH,Field
PAY000000913,A001410,2026-08-07 18:00:00,1496.08,SUCCESS,CARD,AI Voice
PAY000000914,A002054,2026-02-27 11:00:00,11783.8,SUCCESS,CASH,WhatsApp
PAY000000915,A002938,2026-01-25 11:00:00,14483.5,SUCCESS,CASH,AI Voice
PAY000000916,A003339,2025-12-25 19:00:00,4199.21,FAILED,CASH,WhatsApp
PAY000000917,A000043,2026-02-12 18:00:00,7142.0,SUCCESS,BANK,Human
PAY000000918,A002194,2025-12-25 10:00:00,8559.23,SUCCESS,CASH,Field
PAY000000919,A001276,2026-04-27 13:00:00,12747.42,FAILED,UPI,Self_Pay
PAY000000920,A002862,2026-08-26 17:00:00,9882.27,SUCCESS,CARD,WhatsApp
PAY000000921,A003284,2026-02-06 17:00:00,15801.65,SUCCESS,CARD,AI Voice
PAY000000922,A001821,2026-08-25 16:00:00,6430.95,FAILED,UPI,AI Voice
PAY000000923,A002107,2026-01-15 11:00:00,4376.89,SUCCESS,CASH,AI Voice
PAY000000924,A000942,2026-06-12 14:00:00,11573.12,SUCCESS,BANK,Self_Pay
PAY000000925,A003518,2026-07-13 10:00:00,9431.0,SUCCESS,UPI,Field
PAY000000926,A003340,2026-04-26 15:00:00,14191.23,SUCCESS,CASH,Self_Pay
PAY000000927,A004101,2026-08-13 16:00:00,12789.0,SUCCESS,UPI,Self_Pay
PAY000000928,A003800,2025-12-22 15:00:00,13736.81,SUCCESS,CASH,AI Voice
PAY000000929,A000542,2025-11-26 14:00:00,3753.4,SUCCESS,UPI,Human
PAY000000930,A000484,2026-02-01 21:00:00,6337.84,SUCCESS,CASH,AI Voice
PAY000000931,A002032,2026-01-07 14:00:00,15245.38,SUCCESS,CASH,AI Voice
PAY000000932,A000982,2026-08-04 19:00:00,9779.33,SUCCESS,CASH,WhatsApp
PAY000000933,A001581,2026-06-22 14:00:00,3731.68,SUCCESS,UPI,Self_Pay
PAY000000934,A001112,2025-11-12 08:00:00,7917.37,SUCCESS,CASH,Human
PAY000000935,A000144,2025-12-23 07:00:00,5704.05,SUCCESS,BANK,Self_Pay
PAY000000936,A000436,2025-09-12 16:00:00,1505.35,SUCCESS,UPI,AI Voice
PAY000000937,A000833,2025-12-07 20:00:00,4444.41,SUCCESS,CASH,Self_Pay
PAY000000938,A001963,2026-07-07 10:00:00,2514.86,SUCCESS,CASH,Self_Pay
PAY000000939,A001317,2026-03-07 12:00:00,9548.67,FAILED,CASH,Human
PAY000000940,A001012,2025-12-11 18:00:00,12017.42,FAILED,CASH,Self_Pay
PAY000000941,A002532,2026-08-02 13:00:00,2269.68,SUCCESS,UPI,Human
PAY000000942,A001578,2025-09-15 16:00:00,8275.0,SUCCESS,CARD,Self_Pay
PAY000000943,A001160,2026-03-14 07:00:00,5676.38,FAILED,BANK,AI Voice
PAY000000944,A001523,2026-05-25 10:00:00,3409.65,SUCCESS,CASH,AI Voice
PAY000000945,A003182,2025-12-27 21:00:00,14319.42,SUCCESS,CASH,AI Voice
PAY000000946,A001588,2026-05-06 21:00:00,6735.99,SUCCESS,CASH,Self_Pay
PAY000000947,A000458,2026-07-01 10:00:00,12354.73,FAILED,CARD,Field
PAY000000948,A000518,2026-06-10 15:00:00,6301.04,FAILED,CARD,Field
PAY000000949,A000907,2026-04-09 20:00:00,10481.47,SUCCESS,BANK,Self_Pay
PAY000000950,A000834,2025-09-08 08:00:00,12257.81,SUCCESS,CARD,Field
PAY000000951,A000545,2025-09-10 15:00:00,4391.17,SUCCESS,CARD,Human
PAY000000952,A003177,2026-03-18 17:00:00,10602.15,SUCCESS,BANK,Human
PAY000000953,A002293,2026-05-14 08:00:00,5659.97,SUCCESS,CASH,AI Voice
PAY000000954,A001133,2025-10-20 18:00:00,3770.07,SUCCESS,CASH,Human
PAY000000955,A003722,2026-01-07 19:00:00,5325.39,FAILED,UPI,WhatsApp
PAY000000956,A002814,2025-11-11 12:00:00,10088.57,SUCCESS,UPI,AI Voice
PAY000000957,A000888,2026-06-27 19:00:00,10924.26,SUCCESS,CASH,WhatsApp
PAY000000958,A001032,2025-11-26 11:00:00,5198.61,SUCCESS,BANK,Field
PAY000000959,A000125,2026-04-01 07:00:00,2063.02,SUCCESS,BANK,Field
PAY000000960,A001130,2025-10-22 17:00:00,9169.33,SUCCESS,CASH,Field
PAY000000961,A001853,2026-04-26 16:00:00,8442.82,SUCCESS,CARD,Human
PAY000000962,A000241,2026-08-26 17:00:00,11467.64,SUCCESS,UPI,AI Voice
PAY000000963,A002559,2025-12-19 14:00:00,15321.25,SUCCESS,UPI,AI Voice
PAY000000964,A003675,2025-09-24 08:00:00,13384.08,FAILED,CARD,Self_Pay
PAY000000965,A001732,2026-03-14 20:00:00,4775.0,SUCCESS,UPI,Self_Pay
PAY000000966,A001357,2026-04-08 21:00:00,9314.12,SUCCESS,CASH,AI Voice
PAY000000967,A003932,2026-02-12 19:00:00,2475.47,SUCCESS,UPI,Human
PAY000000968,A003552,2025-11-04 11:00:00,12801.31,SUCCESS,CARD,WhatsApp
PAY000000969,A002102,2026-08-27 21:00:00,5891.91,SUCCESS,CASH,Field
PAY000000970,A003078,2026-04-03 08:00:00,2231.93,FAILED,CARD,WhatsApp
PAY000000971,A002796,2025-12-22 16:00:00,11514.82,SUCCESS,CASH,Field
PAY000000972,A001851,2026-01-06 16:00:00,6355.52,SUCCESS,CARD,WhatsApp
PAY000000973,A002552,2026-05-10 17:00:00,13545.04,SUCCESS,BANK,WhatsApp
PAY000000974,A002975,2026-03-16 20:00:00,7132.64,FAILED,CARD,AI Voice
PAY000000975,A002134,2026-05-03 15:00:00,8618.99,SUCCESS,CASH,AI Voice
PAY000000976,A001851,2025-12-19 12:00:00,12855.51,SUCCESS,UPI,Human
PAY000000977,A001706,2026-03-16 13:00:00,7759.43,SUCCESS,CASH,AI Voice
PAY000000978,A001633,2026-05-22 17:00:00,7583.32,SUCCESS,CARD,Human
PAY000000979,A000126,2025-10-23 08:00:00,10923.77,SUCCESS,UPI,Human
PAY000000980,A002092,2025-10-21 19:00:00,6842.38,SUCCESS,UPI,Human
PAY000000981,A001619,2025-09-15 10:00:00,5780.08,SUCCESS,CARD,AI Voice
PAY000000982,A000333,2026-06-19 11:00:00,2215.58,SUCCESS,CARD,WhatsApp
PAY000000983,A001282,2025-09-25 08:00:00,3065.9,FAILED,UPI,AI Voice
PAY000000984,A002104,2026-05-24 07:00:00,4958.56,FAILED,CASH,AI Voice
PAY000000985,A001615,2026-01-27 14:00:00,8703.0,FAILED,CARD,Human
PAY000000986,A001842,2025-10-06 16:00:00,15211.68,SUCCESS,BANK,WhatsApp
PAY000000987,A003103,2026-07-09 15:00:00,5887.0,SUCCESS,CARD,Self_Pay
PAY000000988,A000646,2026-08-22 09:00:00,8317.19,SUCCESS,CARD,AI Voice
PAY000000989,A001500,2026-04-17 19:00:00,14216.0,SUCCESS,BANK,Self_Pay
PAY000000990,A003707,2025-12-12 21:00:00,12555.44,SUCCESS,BANK,WhatsApp
PAY000000991,A000413,2025-10-06 16:00:00,7516.33,SUCCESS,BANK,AI Voice
PAY000000992,A000859,2026-02-03 19:00:00,4529.71,SUCCESS,CASH,AI Voice
PAY000000993,A002978,2026-05-26 09:00:00,11533.66,FAILED,BANK,Self_Pay
PAY000000994,A002917,2026-01-10 10:00:00,1309.14,FAILED,BANK,WhatsApp
PAY000000995,A001381,2026-03-10 09:00:00,8914.26,SUCCESS,BANK,Human
PAY000000996,A003725,2026-04-09 09:00:00,3577.67,SUCCESS,UPI,Human
PAY000000997,A002551,2025-12-18 14:00:00,8324.97,SUCCESS,CASH,Self_Pay
PAY000000998,A002220,2025-09-02 10:00:00,2560.49,SUCCESS,BANK,Field
PAY000000999,A001522,2026-08-15 13:00:00,5985.12,SUCCESS,BANK,AI Voice
PAY000001000,A001519,2026-02-19 18:00:00,12247.39,FAILED,CASH,Field
PAY000001001,A001462,2025-09-18 11:00:00,6020.66,SUCCESS,CASH,WhatsApp
PAY000001002,A002431,2026-01-02 18:00:00,10764.61,FAILED,CARD,Field
PAY000001003,A003696,2026-03-08 07:00:00,14899.37,SUCCESS,CASH,WhatsApp
PAY000001004,A004138,2026-03-27 09:00:00,9476.16,FAILED,UPI,Self_Pay
PAY000001005,A000697,2026-02-07 09:00:00,7613.58,SUCCESS,CARD,Self_Pay
PAY000001006,A001347,2025-12-06 09:00:00,1509.95,SUCCESS,CARD,AI Voice
PAY000001007,A001699,2026-02-15 10:00:00,6667.08,SUCCESS,CARD,Field
PAY000001008,A002055,2026-07-04 08:00:00,8484.51,SUCCESS,UPI,AI Voice
PAY000001009,A002131,2026-08-08 13:00:00,11755.0,FAILED,CARD,Human
PAY000001010,A003102,2026-03-01 17:00:00,6359.0,SUCCESS,CARD,Self_Pay
PAY000001011,A002893,2026-02-24 17:00:00,4186.61,SUCCESS,BANK,Self_Pay
PAY000001012,A003586,2025-11-15 14:00:00,7251.17,SUCCESS,CASH,AI Voice
PAY000001013,A000415,2025-09-27 15:00:00,5602.95,SUCCESS,CASH,WhatsApp
PAY000001014,A003682,2025-11-14 10:00:00,3298.14,SUCCESS,UPI,Self_Pay
PAY000001015,A003126,2026-08-27 19:00:00,5078.79,SUCCESS,BANK,WhatsApp
PAY000001016,A001994,2026-07-05 18:00:00,9954.96,SUCCESS,CARD,WhatsApp
PAY000001017,A003984,2025-10-07 15:00:00,7707.54,SUCCESS,BANK,Human
PAY000001018,A000357,2026-06-09 18:00:00,15489.0,FAILED,CARD,Field
PAY000001019,A000010,2025-09-20 10:00:00,14903.45,FAILED,BANK,WhatsApp
PAY000001020,A000580,2025-10-26 07:00:00,8705.1,SUCCESS,UPI,Human
PAY000001021,A002493,2025-11-15 11:00:00,11001.53,SUCCESS,CASH,Human
PAY000001022,A000564,2026-08-10 16:00:00,3250.63,FAILED,BANK,AI Voice
PAY000001023,A003194,2026-03-18 07:00:00,10825.0,SUCCESS,UPI,WhatsApp
PAY000001024,A002209,2026-01-05 21:00:00,14261.15,SUCCESS,UPI,AI Voice
PAY000001025,A000564,2026-05-12 08:00:00,8448.79,SUCCESS,BANK,WhatsApp
PAY000001026,A002234,2026-08-21 17:00:00,1629.87,SUCCESS,CASH,Human
PAY000001027,A003634,2026-05-23 10:00:00,3585.98,FAILED,UPI,Field
PAY000001028,A000977,2025-12-04 09:00:00,6007.43,SUCCESS,UPI,AI Voice
PAY000001029,A000136,2026-04-07 19:00:00,13023.6,SUCCESS,CARD,WhatsApp
PAY000001030,A000801,2026-07-13 07:00:00,12175.37,SUCCESS,UPI,WhatsApp
PAY000001031,A001608,2025-12-03 19:00:00,12088.09,SUCCESS,CARD,WhatsApp
PAY000001032,A002598,2026-04-07 10:00:00,9493.12,SUCCESS,CASH,WhatsApp
PAY000001033,A003995,2026-05-25 18:00:00,5227.97,FAILED,UPI,Field
PAY000001034,A003628,2026-08-17 19:00:00,2798.02,FAILED,UPI,Self_Pay
PAY000001035,A000755,2026-02-22 15:00:00,12079.0,SUCCESS,BANK,Self_Pay
PAY000001036,A001610,2026-03-19 07:00:00,3391.69,SUCCESS,BANK,Field
PAY000001037,A002074,2026-01-09 07:00:00,1973.93,FAILED,BANK,Human
PAY000001038,A000224,2026-05-04 11:00:00,14602.14,SUCCESS,CASH,Self_Pay
PAY000001039,A002625,2026-07-20 16:00:00,9634.28,SUCCESS,UPI,AI Voice
PAY000001040,A001778,2025-10-25 21:00:00,9337.0,SUCCESS,CARD,Human
PAY000001041,A001956,2025-12-24 21:00:00,5329.38,SUCCESS,CASH,WhatsApp
PAY000001042,A000975,2026-07-16 19:00:00,13785.0,SUCCESS,BANK,Self_Pay
PAY000001043,A001637,2025-09-02 13:00:00,3118.88,SUCCESS,CARD,WhatsApp
PAY000001044,A003622,2026-05-11 20:00:00,12072.48,FAILED,CASH,Field
PAY000001045,A002625,2026-01-22 17:00:00,1953.73,SUCCESS,UPI,AI Voice
PAY000001046,A000274,2025-10-10 07:00:00,7528.76,SUCCESS,CARD,Human
PAY000001047,A001233,2026-08-11 07:00:00,5464.0,SUCCESS,UPI,Self_Pay
PAY000001048,A002410,2026-02-17 10:00:00,4686.42,FAILED,BANK,Self_Pay
PAY000001049,A002625,2026-07-20 15:00:00,11184.0,SUCCESS,UPI,Human
PAY000001050,A001568,2026-03-23 09:00:00,1094.8,SUCCESS,BANK,Self_Pay
PAY000001051,A003841,2025-10-14 20:00:00,4820.2,FAILED,BANK,Human
PAY000001052,A002041,2025-11-13 15:00:00,5507.0,SUCCESS,UPI,Human
PAY000001053,A003346,2026-02-18 21:00:00,10966.96,SUCCESS,UPI,Self_Pay
PAY000001054,A003949,2026-02-23 17:00:00,7650.11,FAILED,UPI,Self_Pay
PAY000001055,A000680,2026-08-23 13:00:00,4105.1,SUCCESS,BANK,Field
PAY000001056,A003415,2026-05-18 20:00:00,6141.37,SUCCESS,CARD,AI Voice
PAY000001057,A002630,2026-01-04 14:00:00,4370.94,FAILED,CARD,AI Voice
PAY000001058,A003148,2026-01-07 12:00:00,9264.82,SUCCESS,UPI,Self_Pay
PAY000001059,A001860,2026-04-27 10:00:00,14094.16,FAILED,CASH,Human
PAY000001060,A000238,2026-02-01 15:00:00,7387.17,FAILED,CARD,Self_Pay
PAY000001061,A001915,2025-10-09 08:00:00,14246.47,SUCCESS,CARD,Self_Pay
PAY000001062,A000651,2026-03-07 13:00:00,8710.36,FAILED,CARD,Field
PAY000001063,A000004,2025-09-04 11:00:00,8469.97,SUCCESS,CARD,AI Voice
PAY000001064,A000797,2026-04-20 16:00:00,15020.83,FAILED,UPI,Field
PAY000001065,A001351,2026-08-19 15:00:00,9743.33,SUCCESS,CARD,Field
PAY000001066,A001053,2026-02-13 21:00:00,4064.94,SUCCESS,CARD,Field
PAY000001067,A000674,2026-02-02 16:00:00,5610.94,SUCCESS,CASH,AI Voice
PAY000001068,A003295,2025-11-04 09:00:00,1118.21,SUCCESS,CARD,WhatsApp
PAY000001069,A002753,2026-06-15 21:00:00,11532.73,FAILED,BANK,Human
PAY000001070,A000776,2026-02-25 18:00:00,3764.22,SUCCESS,BANK,Field
PAY000001071,A004007,2025-09-02 18:00:00,13106.98,SUCCESS,UPI,Human
PAY000001072,A002528,2026-06-15 09:00:00,14356.12,FAILED,CARD,Field
PAY000001073,A002705,2026-07-20 16:00:00,2497.69,FAILED,CARD,Field
PAY000001074,A002470,2025-12-02 14:00:00,8399.5,FAILED,UPI,Self_Pay
PAY000001075,A002005,2025-11-23 07:00:00,5879.11,SUCCESS,CASH,AI Voice
PAY000001076,A001911,2025-10-20 15:00:00,4624.25,SUCCESS,CASH,AI Voice
PAY000001077,A000816,2025-10-21 21:00:00,1546.29,SUCCESS,BANK,WhatsApp
PAY000001078,A002195,2025-12-18 13:00:00,9151.0,SUCCESS,CARD,Field
PAY000001079,A000023,2025-10-24 13:00:00,7332.36,SUCCESS,CARD,Self_Pay
PAY000001080,A000777,2025-11-08 15:00:00,12130.48,SUCCESS,CASH,Human
PAY000001081,A003006,2026-01-16 11:00:00,4978.29,FAILED,BANK,Human
PAY000001082,A000574,2025-11-21 11:00:00,9236.95,SUCCESS,CASH,Self_Pay
PAY000001083,A002559,2025-09-07 18:00:00,12085.6,FAILED,UPI,Human
PAY000001084,A000020,2026-08-05 18:00:00,12731.92,SUCCESS,UPI,Human
PAY000001085,A003807,2026-03-24 13:00:00,14209.84,SUCCESS,CARD,Field
PAY000001086,A001237,2026-01-14 09:00:00,3432.7,FAILED,CASH,Field
PAY000001087,A001547,2026-04-24 17:00:00,1151.65,SUCCESS,CASH,WhatsApp
PAY000001088,A001668,2026-04-20 19:00:00,9654.7,SUCCESS,CASH,Field
PAY000001089,A000042,2025-09-21 12:00:00,7150.72,SUCCESS,BANK,AI Voice
PAY000001090,A003806,2026-06-26 07:00:00,7590.92,SUCCESS,CASH,WhatsApp
PAY000001091,A003237,2026-06-14 19:00:00,13298.42,FAILED,CARD,Field
PAY000001092,A002779,2025-09-09 15:00:00,13626.89,SUCCESS,UPI,WhatsApp
PAY000001093,A003903,2026-01-05 13:00:00,14474.91,SUCCESS,CARD,Field
PAY000001094,A002409,2025-11-17 09:00:00,5417.82,SUCCESS,CARD,AI Voice
PAY000001095,A002535,2026-05-19 18:00:00,4073.71,SUCCESS,BANK,WhatsApp
PAY000001096,A002398,2025-10-14 16:00:00,7681.5,SUCCESS,UPI,Human
PAY000001097,A000336,2026-03-13 16:00:00,13178.79,SUCCESS,UPI,WhatsApp
PAY000001098,A003587,2026-01-13 16:00:00,4262.32,FAILED,UPI,Field
PAY000001099,A001562,2025-10-22 18:00:00,6632.32,SUCCESS,CASH,Human
PAY000001100,A001586,2025-12-02 10:00:00,5354.67,FAILED,CARD,Self_Pay
PAY000001101,A003695,2026-02-04 08:00:00,12281.6,SUCCESS,UPI,Self_Pay
PAY000001102,A003706,2025-10-05 17:00:00,3834.98,SUCCESS,CASH,Self_Pay
PAY000001103,A004174,2025-09-03 13:00:00,11640.49,SUCCESS,CASH,WhatsApp
PAY000001104,A001514,2025-12-24 17:00:00,4840.98,SUCCESS,CARD,Self_Pay
PAY000001105,A000045,2026-03-15 14:00:00,11631.77,SUCCESS,CARD,Human
PAY000001106,A000665,2025-11-24 17:00:00,9030.51,SUCCESS,BANK,Human
PAY000001107,A004149,2025-09-08 20:00:00,9245.7,FAILED,BANK,AI Voice
PAY000001108,A003191,2026-06-04 08:00:00,6598.79,SUCCESS,CARD,WhatsApp
PAY000001109,A000100,2025-10-21 17:00:00,8518.76,SUCCESS,UPI,Field
PAY000001110,A001313,2025-11-10 16:00:00,7560.06,SUCCESS,CASH,Human
PAY000001111,A001387,2025-09-20 07:00:00,13457.0,FAILED,BANK,Self_Pay
PAY000001112,A002877,2025-09-22 07:00:00,4969.52,SUCCESS,UPI,Human
PAY000001113,A000339,2025-09-15 07:00:00,4207.85,SUCCESS,CASH,Human
PAY000001114,A003803,2026-04-25 12:00:00,11227.8,SUCCESS,UPI,WhatsApp
PAY000001115,A002490,2026-02-10 17:00:00,2820.65,SUCCESS,CARD,Field
PAY000001116,A003430,2026-04-02 09:00:00,2055.8,SUCCESS,CARD,Field
PAY000001117,A001531,2026-01-13 09:00:00,8341.53,SUCCESS,BANK,Self_Pay
PAY000001118,A003128,2026-01-18 13:00:00,13919.82,SUCCESS,UPI,Field
PAY000001119,A001009,2026-06-09 13:00:00,12868.93,SUCCESS,UPI,WhatsApp
PAY000001120,A000839,2025-10-24 07:00:00,2997.16,FAILED,UPI,WhatsApp
PAY000001121,A002967,2025-10-20 07:00:00,5471.81,FAILED,CASH,Human
PAY000001122,A003751,2026-07-21 17:00:00,9858.79,FAILED,CARD,WhatsApp
PAY000001123,A000967,2026-02-23 07:00:00,4713.79,SUCCESS,CASH,Field
PAY000001124,A001192,2026-07-25 14:00:00,8826.0,SUCCESS,CASH,Human
PAY000001125,A002830,2026-04-18 12:00:00,9941.45,SUCCESS,CARD,Self_Pay
PAY000001126,A002413,2026-08-27 20:00:00,5643.54,SUCCESS,CASH,WhatsApp
PAY000001127,A001370,2025-12-18 17:00:00,4148.2,SUCCESS,CASH,Field
PAY000001128,A003122,2025-12-07 19:00:00,6338.0,FAILED,CASH,WhatsApp
PAY000001129,A000424,2026-01-15 16:00:00,13000.39,SUCCESS,BANK,Field
PAY000001130,A002711,2026-06-19 12:00:00,9852.0,SUCCESS,CARD,WhatsApp
PAY000001131,A001788,2025-10-19 13:00:00,7564.46,FAILED,UPI,Self_Pay
PAY000001132,A001515,2026-05-17 12:00:00,3436.73,FAILED,CASH,AI Voice
PAY000001133,A002167,2025-12-15 15:00:00,2241.37,SUCCESS,CARD,Human
PAY000001134,A001360,2026-03-20 15:00:00,10207.82,SUCCESS,UPI,Human
PAY000001135,A002471,2025-10-06 15:00:00,4804.79,FAILED,UPI,AI Voice
PAY000001136,A000509,2025-09-14 14:00:00,9015.65,FAILED,BANK,AI Voice
PAY000001137,A002873,2025-11-23 08:00:00,8636.91,SUCCESS,UPI,AI Voice
PAY000001138,A002000,2026-02-01 19:00:00,13070.16,SUCCESS,CARD,Human
PAY000001139,A003494,2026-01-01 10:00:00,10253.54,SUCCESS,CARD,WhatsApp
PAY000001140,A000293,2026-08-21 21:00:00,7171.42,SUCCESS,UPI,WhatsApp
PAY000001141,A000190,2026-08-18 07:00:00,3972.6,SUCCESS,UPI,Field
PAY000001142,A002380,2026-01-13 11:00:00,4476.31,SUCCESS,CASH,WhatsApp
PAY000001143,A000571,2025-11-09 11:00:00,12892.05,SUCCESS,CASH,AI Voice
PAY000001144,A003914,2025-09-05 11:00:00,6148.71,SUCCESS,CASH,Field
PAY000001145,A004030,2025-12-16 10:00:00,15162.09,SUCCESS,CASH,Self_Pay
PAY000001146,A002476,2025-12-19 19:00:00,9187.72,FAILED,CASH,Self_Pay
PAY000001147,A003907,2026-05-05 08:00:00,8932.97,SUCCESS,CARD,Human
PAY000001148,A003806,2026-08-04 08:00:00,11099.05,SUCCESS,BANK,Human
PAY000001149,A000154,2026-07-17 08:00:00,9178.84,SUCCESS,CARD,Field
PAY000001150,A002125,2026-05-02 11:00:00,11651.49,SUCCESS,UPI,Field
PAY000001151,A003114,2026-08-27 10:00:00,2841.98,FAILED,BANK,WhatsApp
PAY000001152,A000761,2026-08-06 11:00:00,6842.3,SUCCESS,CARD,Self_Pay
PAY000001153,A003906,2025-11-09 14:00:00,15272.21,SUCCESS,BANK,Human
PAY000001154,A002361,2025-12-13 15:00:00,6558.0,FAILED,UPI,Field
PAY000001155,A002864,2025-10-01 16:00:00,5441.2,FAILED,CARD,Field
PAY000001156,A003413,2026-06-23 07:00:00,9143.0,SUCCESS,CARD,Human
PAY000001157,A003677,2026-05-05 16:00:00,13940.55,SUCCESS,UPI,WhatsApp
PAY000001158,A000398,2026-03-08 15:00:00,1762.68,SUCCESS,UPI,Human
PAY000001159,A001736,2026-03-23 20:00:00,2733.2,SUCCESS,BANK,Human
PAY000001160,A001917,2026-07-16 09:00:00,6325.15,SUCCESS,UPI,WhatsApp
PAY000001161,A001656,2026-07-01 08:00:00,5473.19,SUCCESS,UPI,Field
PAY000001162,A003270,2025-09-20 18:00:00,9518.78,SUCCESS,CASH,Self_Pay
PAY000001163,A002743,2026-03-11 10:00:00,15847.03,SUCCESS,UPI,WhatsApp
PAY000001164,A002935,2026-06-13 17:00:00,8923.02,SUCCESS,UPI,Field
PAY000001165,A002710,2026-08-24 17:00:00,15168.56,SUCCESS,BANK,Self_Pay
PAY000001166,A000126,2026-06-08 18:00:00,11874.21,SUCCESS,BANK,Human
PAY000001167,A001385,2026-01-18 11:00:00,2863.8,FAILED,UPI,Self_Pay
PAY000001168,A000098,2026-06-13 10:00:00,11075.43,SUCCESS,CARD,WhatsApp
PAY000001169,A001628,2025-12-08 10:00:00,8810.33,FAILED,BANK,Human
PAY000001170,A003077,2026-05-01 14:00:00,6591.0,SUCCESS,CARD,Self_Pay
PAY000001171,A000733,2026-03-06 15:00:00,15786.32,FAILED,UPI,Self_Pay
PAY000001172,A000591,2026-06-18 07:00:00,8556.6,SUCCESS,UPI,AI Voice
PAY000001173,A002891,2026-06-23 13:00:00,6802.96,FAILED,BANK,Human
PAY000001174,A003898,2026-01-21 18:00:00,2851.84,FAILED,CASH,WhatsApp
PAY000001175,A000682,2025-09-17 15:00:00,1307.84,SUCCESS,CARD,Field
PAY000001176,A002539,2026-04-25 18:00:00,12447.87,FAILED,CASH,AI Voice
PAY000001177,A002091,2026-01-12 10:00:00,7283.21,SUCCESS,CARD,Field
PAY000001178,A002488,2026-04-06 16:00:00,1985.02,FAILED,UPI,WhatsApp
PAY000001179,A003689,2026-03-12 16:00:00,3437.93,SUCCESS,CARD,Self_Pay
PAY000001180,A002738,2025-12-15 18:00:00,8294.34,FAILED,BANK,WhatsApp
PAY000001181,A000355,2026-02-02 08:00:00,15652.65,SUCCESS,CARD,Self_Pay
PAY000001182,A003580,2025-10-12 16:00:00,10842.68,SUCCESS,CASH,Self_Pay
PAY000001183,A000664,2026-06-02 15:00:00,1663.49,SUCCESS,UPI,WhatsApp
PAY000001184,A001504,2026-07-23 20:00:00,1467.92,SUCCESS,CASH,Field
PAY000001185,A000339,2026-02-17 16:00:00,4935.74,SUCCESS,UPI,Self_Pay
PAY000001186,A002036,2026-03-06 14:00:00,7044.04,SUCCESS,BANK,Self_Pay
PAY000001187,A001032,2026-03-04 14:00:00,1304.73,FAILED,CASH,WhatsApp
PAY000001188,A002419,2026-06-15 10:00:00,11726.48,SUCCESS,BANK,Human
PAY000001189,A000604,2025-12-19 13:00:00,2034.63,SUCCESS,UPI,WhatsApp
PAY000001190,A003681,2026-07-06 11:00:00,12999.06,SUCCESS,CARD,Human
PAY000001191,A000516,2026-06-02 16:00:00,13129.94,SUCCESS,CASH,AI Voice
PAY000001192,A000737,2026-07-06 15:00:00,6834.16,FAILED,CARD,Human
PAY000001193,A002686,2025-10-07 09:00:00,7554.03,SUCCESS,CASH,WhatsApp
PAY000001194,A002016,2026-08-13 13:00:00,15305.66,SUCCESS,CASH,Human
PAY000001195,A001732,2026-05-25 07:00:00,4775.0,SUCCESS,CARD,Self_Pay
PAY000001196,A002663,2025-10-25 11:00:00,4837.96,SUCCESS,UPI,Human
PAY000001197,A002642,2025-11-08 17:00:00,1891.67,SUCCESS,CARD,Field
PAY000001198,A000158,2025-11-09 10:00:00,11136.02,SUCCESS,UPI,WhatsApp
PAY000001199,A003623,2026-03-07 19:00:00,5765.0,SUCCESS,UPI,Human
PAY000001200,A001631,2026-06-04 12:00:00,10937.0,FAILED,UPI,Self_Pay
PAY000001201,A001400,2025-12-02 21:00:00,15683.96,SUCCESS,UPI,Human
PAY000001202,A001272,2026-01-01 20:00:00,11571.5,SUCCESS,UPI,AI Voice
PAY000001203,A002552,2025-09-01 16:00:00,3473.32,SUCCESS,BANK,AI Voice
PAY000001204,A002735,2026-03-21 21:00:00,7703.37,SUCCESS,UPI,AI Voice
PAY000001205,A003762,2025-10-24 10:00:00,10529.75,SUCCESS,CARD,Field
PAY000001206,A000524,2026-05-14 13:00:00,3594.33,SUCCESS,CARD,Self_Pay
PAY000001207,A002091,2026-07-10 11:00:00,5463.34,SUCCESS,CASH,Human
PAY000001208,A000966,2026-02-24 12:00:00,12627.27,FAILED,UPI,WhatsApp
PAY000001209,A001626,2025-10-20 18:00:00,14675.64,SUCCESS,UPI,Self_Pay
PAY000001210,A001592,2026-06-17 10:00:00,5279.19,SUCCESS,CASH,Self_Pay
PAY000001211,A000546,2025-10-12 19:00:00,8935.0,SUCCESS,UPI,AI Voice
PAY000001212,A002335,2026-06-17 08:00:00,13829.73,SUCCESS,CARD,AI Voice
PAY000001213,A002651,2025-12-24 14:00:00,8050.3,SUCCESS,CASH,WhatsApp
PAY000001214,A003791,2025-12-25 07:00:00,15290.82,SUCCESS,CARD,Human
PAY000001215,A002216,2026-07-03 12:00:00,6310.13,SUCCESS,CARD,Human
PAY000001216,A002233,2025-12-04 16:00:00,5972.92,SUCCESS,CARD,WhatsApp
PAY000001217,A001362,2026-07-11 07:00:00,9465.35,SUCCESS,BANK,Field
PAY000001218,A001148,2026-07-05 16:00:00,3112.2,SUCCESS,CASH,Human
PAY000001219,A002827,2026-07-20 15:00:00,7439.68,SUCCESS,UPI,Self_Pay
PAY000001220,A003333,2025-09-14 16:00:00,4090.53,SUCCESS,CARD,Human
PAY000001221,A002547,2026-05-25 10:00:00,7346.55,SUCCESS,BANK,Field
PAY000001222,A002811,2026-08-08 19:00:00,7214.37,FAILED,UPI,WhatsApp
PAY000001223,A002175,2026-03-25 19:00:00,10020.94,SUCCESS,CARD,Human
PAY000001224,A002157,2026-05-25 12:00:00,8188.57,SUCCESS,UPI,Field
PAY000001225,A004098,2026-06-08 15:00:00,1156.87,SUCCESS,CARD,Field
PAY000001226,A001724,2025-10-14 12:00:00,13027.78,FAILED,CASH,Field
PAY000001227,A001099,2026-04-19 11:00:00,6589.22,FAILED,CASH,Field
PAY000001228,A000866,2025-12-20 11:00:00,7958.98,FAILED,UPI,Human
PAY000001229,A003639,2026-02-21 13:00:00,12487.63,FAILED,UPI,Human
PAY000001230,A004155,2026-04-24 08:00:00,7649.5,SUCCESS,BANK,WhatsApp
PAY000001231,A002997,2025-09-03 15:00:00,1931.15,SUCCESS,CARD,Self_Pay
PAY000001232,A000218,2026-03-15 18:00:00,15454.82,SUCCESS,CASH,AI Voice
PAY000001233,A002181,2025-12-27 12:00:00,5066.98,SUCCESS,CASH,WhatsApp
PAY000001234,A000549,2025-11-20 14:00:00,1788.68,SUCCESS,UPI,Field
PAY000001235,A003007,2025-12-02 17:00:00,5901.0,FAILED,BANK,Human
PAY000001236,A001404,2026-01-14 08:00:00,3951.58,SUCCESS,UPI,Field
PAY000001237,A001201,2025-11-17 14:00:00,9630.58,SUCCESS,UPI,Field
PAY000001238,A000891,2025-12-07 20:00:00,1225.1,SUCCESS,UPI,Self_Pay
PAY000001239,A000332,2026-05-23 14:00:00,13825.99,SUCCESS,CASH,WhatsApp
PAY000001240,A001181,2026-03-03 11:00:00,12058.76,FAILED,CASH,AI Voice
PAY000001241,A000542,2025-10-18 19:00:00,2858.88,FAILED,BANK,Self_Pay
PAY000001242,A004143,2026-02-05 11:00:00,12279.79,SUCCESS,BANK,AI Voice
PAY000001243,A003252,2025-12-24 18:00:00,2327.53,FAILED,BANK,Human
PAY000001244,A001797,2026-06-13 08:00:00,2727.93,FAILED,CARD,AI Voice
PAY000001245,A001433,2026-08-16 17:00:00,5320.0,SUCCESS,CASH,AI Voice
PAY000001246,A000664,2025-10-27 12:00:00,5211.62,SUCCESS,CARD,WhatsApp
PAY000001247,A001912,2025-09-18 17:00:00,4082.95,SUCCESS,UPI,Field
PAY000001248,A000402,2026-04-10 21:00:00,1227.06,FAILED,UPI,AI Voice
PAY000001249,A003403,2026-08-01 20:00:00,4190.1,SUCCESS,BANK,Self_Pay
PAY000001250,A002268,2026-04-15 20:00:00,11052.48,SUCCESS,CASH,Field
PAY000001251,A000660,2026-03-19 11:00:00,10192.32,FAILED,BANK,AI Voice
PAY000001252,A001767,2026-06-02 10:00:00,8029.37,SUCCESS,CARD,Human
PAY000001253,A000686,2026-06-24 19:00:00,5946.0,SUCCESS,UPI,AI Voice
PAY000001254,A000930,2025-10-04 07:00:00,15749.74,SUCCESS,UPI,Field
PAY000001255,A001290,2025-09-22 16:00:00,3471.61,SUCCESS,UPI,WhatsApp
PAY000001256,A003038,2026-05-14 20:00:00,14224.84,SUCCESS,CASH,Self_Pay
PAY000001257,A003201,2026-05-25 17:00:00,15240.8,FAILED,UPI,Self_Pay
PAY000001258,A002196,2026-04-26 15:00:00,9034.0,SUCCESS,CARD,Human
PAY000001259,A003494,2026-05-03 15:00:00,7365.28,SUCCESS,CARD,Human
PAY000001260,A003181,2026-05-08 08:00:00,4898.82,SUCCESS,CASH,AI Voice
PAY000001261,A002066,2026-08-01 10:00:00,2799.31,SUCCESS,CASH,Field
PAY000001262,A001689,2026-03-06 18:00:00,15822.97,FAILED,UPI,Human
PAY000001263,A001884,2026-04-12 11:00:00,8635.0,SUCCESS,UPI,WhatsApp
PAY000001264,A000710,2025-10-25 15:00:00,3764.62,SUCCESS,CARD,AI Voice
PAY000001265,A000640,2025-09-25 07:00:00,10434.51,SUCCESS,BANK,Self_Pay
PAY000001266,A002740,2025-09-02 10:00:00,2676.5,SUCCESS,CASH,Self_Pay
PAY000001267,A002104,2025-10-16 21:00:00,11782.89,SUCCESS,CARD,WhatsApp
PAY000001268,A002398,2026-07-02 09:00:00,5966.37,FAILED,CASH,AI Voice
PAY000001269,A000532,2026-03-21 19:00:00,10518.61,SUCCESS,BANK,AI Voice
PAY000001270,A003611,2026-05-04 15:00:00,3223.96,FAILED,BANK,Self_Pay
PAY000001271,A001263,2026-05-01 15:00:00,6189.81,FAILED,CASH,Self_Pay
PAY000001272,A002846,2026-04-18 16:00:00,1559.15,SUCCESS,CARD,WhatsApp
PAY000001273,A001546,2026-02-24 13:00:00,8296.05,SUCCESS,UPI,WhatsApp
PAY000001274,A004062,2026-03-21 19:00:00,13385.58,SUCCESS,CARD,Human
PAY000001275,A000876,2025-10-05 11:00:00,1025.16,SUCCESS,BANK,Human
PAY000001276,A001682,2025-12-10 11:00:00,2794.95,SUCCESS,BANK,Field
PAY000001277,A000243,2026-05-22 19:00:00,9798.96,SUCCESS,BANK,WhatsApp
PAY000001278,A003915,2025-09-23 19:00:00,4621.13,SUCCESS,UPI,AI Voice
PAY000001279,A002841,2026-08-11 20:00:00,9467.8,FAILED,CARD,WhatsApp
PAY000001280,A002645,2026-08-11 07:00:00,10179.71,SUCCESS,CARD,WhatsApp
PAY000001281,A001960,2026-08-11 19:00:00,8890.15,SUCCESS,UPI,Self_Pay
PAY000001282,A003124,2025-11-21 12:00:00,10749.86,FAILED,CARD,Field
PAY000001283,A000849,2025-12-12 16:00:00,7689.21,SUCCESS,UPI,AI Voice
PAY000001284,A000973,2025-10-21 07:00:00,7661.0,SUCCESS,UPI,Human
PAY000001285,A002202,2026-01-10 19:00:00,12602.0,FAILED,UPI,WhatsApp
PAY000001286,A002233,2026-04-23 08:00:00,3531.14,FAILED,BANK,Self_Pay
PAY000001287,A003315,2025-11-05 19:00:00,12355.63,SUCCESS,CASH,AI Voice
PAY000001288,A002253,2026-05-01 21:00:00,13646.44,SUCCESS,CASH,Field
PAY000001289,A000824,2025-11-11 16:00:00,10024.66,SUCCESS,BANK,Self_Pay
PAY000001290,A001576,2025-12-25 10:00:00,2588.46,SUCCESS,BANK,Human
PAY000001291,A003855,2026-03-25 17:00:00,6095.77,SUCCESS,CASH,Human
PAY000001292,A003312,2025-12-04 19:00:00,3179.98,FAILED,CASH,Field
PAY000001293,A002367,2026-06-24 11:00:00,5258.32,FAILED,UPI,Field
PAY000001294,A002655,2026-04-03 17:00:00,15822.11,SUCCESS,CARD,WhatsApp
PAY000001295,A001171,2025-09-19 16:00:00,3722.17,FAILED,UPI,AI Voice
PAY000001296,A003265,2025-10-25 12:00:00,10809.62,SUCCESS,UPI,WhatsApp
PAY000001297,A003216,2026-04-27 11:00:00,1741.3,FAILED,UPI,Self_Pay
PAY000001298,A002356,2026-06-21 12:00:00,3989.21,SUCCESS,CARD,Human
PAY000001299,A003925,2026-01-16 10:00:00,6716.75,SUCCESS,UPI,Self_Pay
PAY000001300,A003572,2025-11-14 19:00:00,8338.99,FAILED,BANK,Self_Pay
PAY000001301,A001164,2026-01-24 17:00:00,9502.42,FAILED,UPI,Human
PAY000001302,A003978,2026-06-05 12:00:00,7920.35,SUCCESS,CASH,AI Voice
PAY000001303,A001916,2025-11-04 17:00:00,12334.91,SUCCESS,BANK,Human
PAY000001304,A002935,2025-11-15 12:00:00,5130.17,SUCCESS,UPI,Field
PAY000001305,A002036,2026-08-26 14:00:00,9569.0,SUCCESS,BANK,WhatsApp
PAY000001306,A000692,2026-08-04 20:00:00,12247.24,SUCCESS,BANK,Self_Pay
PAY000001307,A003091,2026-06-10 16:00:00,4376.82,SUCCESS,UPI,WhatsApp
PAY000001308,A003511,2026-07-19 17:00:00,3261.12,SUCCESS,CARD,WhatsApp
PAY000001309,A001458,2025-10-09 07:00:00,13240.28,FAILED,CARD,Field
PAY000001310,A002481,2026-08-26 15:00:00,6254.76,FAILED,BANK,AI Voice
PAY000001311,A003793,2025-10-16 07:00:00,1658.51,FAILED,CARD,WhatsApp
PAY000001312,A001713,2025-10-23 20:00:00,11781.98,SUCCESS,BANK,Self_Pay
PAY000001313,A002318,2026-03-08 17:00:00,6778.48,FAILED,BANK,Field
PAY000001314,A002982,2025-10-16 11:00:00,7998.24,FAILED,CARD,WhatsApp
PAY000001315,A001458,2025-12-16 21:00:00,4869.54,FAILED,CASH,AI Voice
PAY000001316,A003277,2025-12-18 13:00:00,9621.23,FAILED,UPI,Field
PAY000001317,A001111,2025-12-01 08:00:00,4957.97,SUCCESS,CARD,WhatsApp
PAY000001318,A003772,2026-02-25 11:00:00,5910.0,SUCCESS,CARD,Field
PAY000001319,A002475,2026-05-02 09:00:00,1402.66,SUCCESS,UPI,WhatsApp
PAY000001320,A002567,2025-11-27 19:00:00,2517.38,SUCCESS,BANK,WhatsApp
PAY000001321,A002244,2026-01-06 13:00:00,2837.25,SUCCESS,CARD,Human
PAY000001322,A001081,2025-10-17 18:00:00,2623.62,FAILED,UPI,WhatsApp
PAY000001323,A000676,2025-12-03 21:00:00,5834.73,SUCCESS,CARD,WhatsApp
PAY000001324,A001543,2025-11-26 20:00:00,9999.0,SUCCESS,CASH,Human
PAY000001325,A003034,2026-03-23 10:00:00,2091.92,SUCCESS,CARD,Self_Pay
PAY000001326,A001236,2026-07-20 07:00:00,2688.79,FAILED,CARD,Human
PAY000001327,A001693,2025-12-27 09:00:00,2306.59,SUCCESS,UPI,AI Voice
PAY000001328,A003650,2025-12-11 13:00:00,2175.77,SUCCESS,BANK,Human
PAY000001329,A002188,2025-11-22 08:00:00,10525.52,SUCCESS,CASH,Human
PAY000001330,A000893,2025-12-27 10:00:00,1434.72,SUCCESS,BANK,Self_Pay
PAY000001331,A000292,2026-04-15 13:00:00,3904.0,SUCCESS,UPI,Human
PAY000001332,A003773,2025-11-04 21:00:00,6452.86,SUCCESS,BANK,Self_Pay
PAY000001333,A003618,2026-05-20 07:00:00,8210.92,SUCCESS,BANK,Field
PAY000001334,A003072,2025-09-02 14:00:00,13887.71,SUCCESS,CARD,Self_Pay
PAY000001335,A003114,2026-01-12 21:00:00,13394.35,SUCCESS,UPI,Field
PAY000001336,A003900,2026-03-18 14:00:00,5439.01,SUCCESS,BANK,Self_Pay
PAY000001337,A002143,2025-12-19 10:00:00,15174.02,SUCCESS,BANK,AI Voice
PAY000001338,A000543,2026-03-18 19:00:00,10756.83,SUCCESS,BANK,Human
PAY000001339,A000024,2026-03-25 17:00:00,2155.6,FAILED,BANK,AI Voice
PAY000001340,A000454,2026-01-25 11:00:00,2471.01,FAILED,BANK,Human
PAY000001341,A001008,2025-11-17 08:00:00,12440.54,FAILED,BANK,Self_Pay
PAY000001342,A002506,2026-04-26 20:00:00,15186.05,FAILED,UPI,WhatsApp
PAY000001343,A003980,2025-10-21 10:00:00,10104.67,FAILED,BANK,Human
PAY000001344,A003471,2025-09-13 18:00:00,9681.29,SUCCESS,CASH,AI Voice
PAY000001345,A001434,2026-08-13 19:00:00,3924.87,SUCCESS,CASH,Self_Pay
PAY000001346,A002999,2025-10-07 18:00:00,13681.51,FAILED,CARD,Field
PAY000001347,A003190,2025-09-11 09:00:00,5831.05,SUCCESS,CASH,Human
PAY000001348,A002948,2026-02-16 12:00:00,2882.68,SUCCESS,CARD,Field
PAY000001349,A001729,2026-05-26 14:00:00,15551.14,SUCCESS,CARD,AI Voice
PAY000001350,A003006,2026-04-05 21:00:00,6477.69,SUCCESS,BANK,AI Voice
PAY000001351,A000449,2025-11-23 09:00:00,8827.0,FAILED,UPI,WhatsApp
PAY000001352,A002823,2026-08-25 12:00:00,6727.87,SUCCESS,CARD,Human
PAY000001353,A000176,2025-10-11 08:00:00,4930.0,SUCCESS,UPI,AI Voice
PAY000001354,A000923,2026-05-10 13:00:00,13230.97,SUCCESS,UPI,Human
PAY000001355,A002478,2025-10-11 10:00:00,9180.22,FAILED,CASH,AI Voice
PAY000001356,A001177,2026-01-12 18:00:00,13493.44,SUCCESS,BANK,Field
PAY000001357,A002942,2026-02-27 19:00:00,3799.58,SUCCESS,CARD,Field
PAY000001358,A000430,2026-05-24 15:00:00,2203.04,FAILED,CARD,Self_Pay
PAY000001359,A003291,2026-04-13 12:00:00,2560.08,SUCCESS,UPI,Field
PAY000001360,A002236,2025-10-22 21:00:00,12656.22,SUCCESS,BANK,Self_Pay
PAY000001361,A000942,2025-12-03 21:00:00,12094.61,SUCCESS,CASH,AI Voice
PAY000001362,A001359,2026-03-26 17:00:00,1437.65,SUCCESS,CASH,Field
PAY000001363,A001122,2025-10-01 20:00:00,2043.18,SUCCESS,UPI,WhatsApp
PAY000001364,A000988,2025-09-24 11:00:00,11403.68,SUCCESS,BANK,Human
PAY000001365,A001384,2025-09-25 09:00:00,2527.98,SUCCESS,BANK,Human
PAY000001366,A001396,2025-12-27 20:00:00,11676.0,FAILED,CASH,Human
PAY000001367,A004138,2026-02-12 16:00:00,3040.79,FAILED,CASH,Self_Pay
PAY000001368,A002730,2026-06-13 09:00:00,11127.66,SUCCESS,CASH,Field
PAY000001369,A002573,2025-10-10 07:00:00,15167.55,SUCCESS,CARD,Field
PAY000001370,A001226,2026-04-15 07:00:00,2740.73,SUCCESS,UPI,Field
PAY000001371,A000440,2026-06-09 16:00:00,5872.86,SUCCESS,UPI,Field
PAY000001372,A004068,2025-10-14 12:00:00,8819.69,SUCCESS,UPI,Field
PAY000001373,A000343,2026-05-08 07:00:00,3867.4,SUCCESS,BANK,Self_Pay
PAY000001374,A001042,2026-03-17 17:00:00,13835.0,SUCCESS,CASH,WhatsApp
PAY000001375,A000784,2026-01-15 12:00:00,13046.26,SUCCESS,BANK,WhatsApp
PAY000001376,A003184,2026-02-16 12:00:00,2175.13,SUCCESS,UPI,Self_Pay
PAY000001377,A001080,2026-06-25 18:00:00,10310.86,SUCCESS,BANK,Human
PAY000001378,A003255,2025-10-08 08:00:00,3361.42,SUCCESS,UPI,WhatsApp
PAY000001379,A002064,2026-01-03 11:00:00,5106.28,SUCCESS,UPI,Self_Pay
PAY000001380,A000846,2025-11-06 12:00:00,13677.0,SUCCESS,BANK,WhatsApp
PAY000001381,A001558,2026-03-02 08:00:00,14385.45,SUCCESS,BANK,Field
PAY000001382,A002528,2025-09-02 16:00:00,11543.09,FAILED,BANK,AI Voice
PAY000001383,A001557,2026-05-11 19:00:00,3875.27,SUCCESS,CASH,AI Voice
PAY000001384,A003972,2025-09-25 16:00:00,12597.26,SUCCESS,CARD,Self_Pay
PAY000001385,A002055,2026-03-02 08:00:00,2018.42,SUCCESS,CARD,Field
PAY000001386,A003403,2026-08-27 18:00:00,2127.09,FAILED,BANK,Self_Pay
PAY000001387,A001925,2026-06-05 20:00:00,2744.98,FAILED,CASH,Human
PAY000001388,A001326,2025-09-26 07:00:00,10644.65,SUCCESS,CASH,AI Voice
PAY000001389,A000577,2026-08-21 19:00:00,7087.6,SUCCESS,UPI,WhatsApp
PAY000001390,A002272,2025-12-24 15:00:00,3272.94,FAILED,BANK,Field
PAY000001391,A002851,2026-07-11 14:00:00,7290.41,SUCCESS,CARD,WhatsApp
PAY000001392,A003744,2026-01-19 09:00:00,13567.14,SUCCESS,CARD,Human
PAY000001393,A002056,2026-02-08 19:00:00,6108.51,SUCCESS,BANK,WhatsApp
PAY000001394,A002018,2025-10-21 07:00:00,10419.32,SUCCESS,UPI,WhatsApp
PAY000001395,A000229,2025-10-02 13:00:00,14628.25,FAILED,CASH,WhatsApp
PAY000001396,A000262,2025-10-19 20:00:00,11920.78,SUCCESS,UPI,Self_Pay
PAY000001397,A000766,2025-10-24 10:00:00,2435.25,SUCCESS,CASH,Self_Pay
PAY000001398,A002084,2026-04-13 15:00:00,10121.23,SUCCESS,BANK,Self_Pay
PAY000001399,A003756,2026-02-21 14:00:00,10903.22,SUCCESS,UPI,Human
PAY000001400,A001126,2026-02-16 20:00:00,3021.06,SUCCESS,UPI,Field
PAY000001401,A000651,2025-09-22 07:00:00,9097.0,SUCCESS,CARD,Field
PAY000001402,A003675,2026-02-11 21:00:00,4167.23,FAILED,UPI,WhatsApp
PAY000001403,A000470,2026-04-21 09:00:00,2692.99,FAILED,UPI,Self_Pay
PAY000001404,A002235,2026-07-20 07:00:00,8778.84,SUCCESS,CASH,Human
PAY000001405,A002761,2025-11-09 17:00:00,11323.65,SUCCESS,BANK,Field
PAY000001406,A000889,2026-01-12 15:00:00,4455.62,FAILED,UPI,Self_Pay
PAY000001407,A003858,2026-03-13 19:00:00,2729.55,FAILED,CARD,Human
PAY000001408,A001252,2026-08-19 07:00:00,7611.82,SUCCESS,BANK,WhatsApp
PAY000001409,A004177,2026-06-21 18:00:00,3990.79,SUCCESS,CASH,Field
PAY000001410,A001696,2025-11-22 09:00:00,3032.87,SUCCESS,CASH,Field
PAY000001411,A002595,2026-08-05 07:00:00,3135.9,SUCCESS,UPI,Field
PAY000001412,A001096,2026-02-21 18:00:00,2281.12,SUCCESS,UPI,Human
PAY000001413,A001664,2025-10-14 18:00:00,9558.02,SUCCESS,BANK,Field
PAY000001414,A001296,2026-04-06 17:00:00,13581.09,SUCCESS,BANK,AI Voice
PAY000001415,A000239,2025-11-27 11:00:00,1014.93,SUCCESS,CARD,Self_Pay
PAY000001416,A003687,2026-08-26 14:00:00,15929.29,SUCCESS,CASH,Human
PAY000001417,A003725,2026-02-22 12:00:00,8133.92,FAILED,CARD,Human
PAY000001418,A003230,2025-12-21 13:00:00,15292.68,SUCCESS,CARD,AI Voice
PAY000001419,A003559,2026-08-03 10:00:00,9054.41,FAILED,UPI,Field
PAY000001420,A001055,2026-03-01 07:00:00,1578.56,SUCCESS,BANK,Human
PAY000001421,A003504,2026-08-27 08:00:00,8966.57,SUCCESS,CASH,WhatsApp
PAY000001422,A000680,2026-05-26 11:00:00,6070.83,SUCCESS,CARD,AI Voice
PAY000001423,A003958,2025-09-10 09:00:00,11338.0,SUCCESS,CASH,AI Voice
PAY000001424,A002094,2026-08-04 12:00:00,1912.06,SUCCESS,BANK,WhatsApp
PAY000001425,A001152,2026-01-02 17:00:00,12785.39,SUCCESS,BANK,Field
PAY000001426,A000167,2025-11-10 10:00:00,6561.68,SUCCESS,UPI,Self_Pay
PAY000001427,A001150,2025-12-26 08:00:00,14878.0,SUCCESS,CARD,WhatsApp
PAY000001428,A001703,2026-04-06 12:00:00,2411.2,SUCCESS,CARD,Human
PAY000001429,A000405,2026-02-21 20:00:00,5625.63,SUCCESS,BANK,Human
PAY000001430,A001039,2025-10-04 12:00:00,4507.24,SUCCESS,CARD,AI Voice
PAY000001431,A003688,2025-09-15 10:00:00,12914.02,FAILED,CARD,WhatsApp
PAY000001432,A000296,2025-12-24 15:00:00,15306.03,FAILED,BANK,Field
PAY000001433,A003011,2025-10-14 21:00:00,10379.0,FAILED,CARD,Human
PAY000001434,A001562,2026-03-17 08:00:00,10050.89,SUCCESS,UPI,Field
PAY000001435,A000125,2026-02-18 18:00:00,12657.93,SUCCESS,CARD,Human
PAY000001436,A000132,2026-08-08 07:00:00,13429.75,SUCCESS,UPI,Field
PAY000001437,A001231,2026-08-17 14:00:00,13392.99,SUCCESS,CASH,Self_Pay
PAY000001438,A002158,2026-06-15 07:00:00,15529.04,SUCCESS,BANK,Self_Pay
PAY000001439,A002742,2026-05-22 17:00:00,9482.29,SUCCESS,CARD,WhatsApp
PAY000001440,A001316,2025-10-27 19:00:00,9184.41,FAILED,CARD,Human
PAY000001441,A002116,2026-03-06 12:00:00,2755.46,SUCCESS,UPI,AI Voice
PAY000001442,A000660,2026-08-12 09:00:00,13621.0,SUCCESS,UPI,Human
PAY000001443,A002247,2026-02-23 07:00:00,12148.0,SUCCESS,CARD,Human
PAY000001444,A000378,2025-12-20 21:00:00,12109.77,FAILED,CASH,WhatsApp
PAY000001445,A003151,2025-11-22 19:00:00,10350.19,FAILED,BANK,Self_Pay
PAY000001446,A001943,2026-04-08 21:00:00,7176.96,SUCCESS,UPI,Field
PAY000001447,A000265,2026-03-05 20:00:00,11720.03,SUCCESS,CARD,AI Voice
PAY000001448,A000570,2025-11-12 17:00:00,7151.0,SUCCESS,BANK,Self_Pay
PAY000001449,A000698,2026-08-26 12:00:00,12352.53,SUCCESS,BANK,Human
PAY000001450,A002155,2025-11-02 19:00:00,4652.52,SUCCESS,UPI,Field
PAY000001451,A002734,2026-07-24 09:00:00,14569.25,SUCCESS,UPI,WhatsApp
PAY000001452,A000589,2026-02-12 14:00:00,4438.56,SUCCESS,BANK,Self_Pay
PAY000001453,A001300,2025-12-19 13:00:00,7342.03,FAILED,UPI,WhatsApp
PAY000001454,A001361,2026-04-27 16:00:00,7826.89,SUCCESS,CASH,Human
PAY000001455,A002121,2025-11-03 19:00:00,7783.98,FAILED,CARD,Human
PAY000001456,A003875,2025-09-13 20:00:00,7364.07,FAILED,CARD,Field
PAY000001457,A000062,2026-01-14 19:00:00,3860.24,SUCCESS,CASH,Human
PAY000001458,A001520,2025-12-27 14:00:00,8993.93,SUCCESS,UPI,WhatsApp
PAY000001459,A000106,2026-08-23 07:00:00,11095.0,SUCCESS,CASH,WhatsApp
PAY000001460,A001957,2025-09-13 08:00:00,9366.43,FAILED,CARD,Human
PAY000001461,A001407,2026-05-09 16:00:00,4154.98,SUCCESS,CASH,Human
PAY000001462,A001066,2026-03-21 14:00:00,13629.09,SUCCESS,BANK,WhatsApp
PAY000001463,A002219,2026-02-05 19:00:00,8661.66,SUCCESS,UPI,Field
PAY000001464,A001101,2026-07-03 09:00:00,13803.17,SUCCESS,CASH,Human
PAY000001465,A000630,2026-08-18 10:00:00,9110.41,SUCCESS,CASH,WhatsApp
PAY000001466,A002189,2026-04-09 13:00:00,4387.26,SUCCESS,CASH,WhatsApp
PAY000001467,A003224,2026-08-27 21:00:00,3069.17,SUCCESS,BANK,Self_Pay
PAY000001468,A003942,2026-02-27 11:00:00,5138.62,SUCCESS,CASH,AI Voice
PAY000001469,A003710,2026-05-01 20:00:00,13333.24,SUCCESS,BANK,AI Voice
PAY000001470,A003777,2025-10-07 13:00:00,9992.2,SUCCESS,CASH,WhatsApp
PAY000001471,A000210,2026-04-18 19:00:00,5595.9,FAILED,CARD,Field
PAY000001472,A003449,2026-07-17 18:00:00,2265.99,FAILED,CARD,Human
PAY000001473,A003204,2026-03-18 15:00:00,14956.15,SUCCESS,UPI,Field
PAY000001474,A002303,2026-05-14 19:00:00,3890.87,SUCCESS,CASH,Human
PAY000001475,A000082,2025-12-05 14:00:00,3417.13,FAILED,BANK,AI Voice
PAY000001476,A000868,2026-01-18 08:00:00,1407.21,SUCCESS,CASH,Self_Pay
PAY000001477,A002389,2026-07-12 13:00:00,9585.18,SUCCESS,CARD,Self_Pay
PAY000001478,A003054,2025-10-24 13:00:00,13748.0,SUCCESS,BANK,WhatsApp
PAY000001479,A001221,2025-09-10 07:00:00,3602.08,SUCCESS,CARD,Self_Pay
PAY000001480,A003378,2026-02-26 14:00:00,15174.84,SUCCESS,CASH,AI Voice
PAY000001481,A001475,2025-12-08 14:00:00,7857.02,SUCCESS,UPI,Field
PAY000001482,A002616,2025-12-17 10:00:00,4351.74,SUCCESS,BANK,Field
PAY000001483,A000694,2025-09-24 16:00:00,10967.69,FAILED,CASH,Field
PAY000001484,A000755,2026-02-04 12:00:00,11517.6,SUCCESS,CASH,Human
PAY000001485,A001381,2026-06-12 16:00:00,14162.04,SUCCESS,BANK,Self_Pay
PAY000001486,A003005,2026-06-27 15:00:00,6877.54,SUCCESS,CARD,Field
PAY000001487,A001276,2026-02-01 14:00:00,4030.09,FAILED,CARD,Field
PAY000001488,A002255,2026-07-12 11:00:00,5531.26,SUCCESS,UPI,Field
PAY000001489,A001397,2025-11-06 16:00:00,6517.47,SUCCESS,UPI,Self_Pay
PAY000001490,A003439,2025-12-09 13:00:00,1100.12,SUCCESS,BANK,Field
PAY000001491,A002399,2026-02-16 20:00:00,11527.76,SUCCESS,UPI,WhatsApp
PAY000001492,A000642,2026-01-25 15:00:00,3810.78,FAILED,UPI,Self_Pay
PAY000001493,A001752,2026-07-04 08:00:00,14388.11,SUCCESS,UPI,AI Voice
PAY000001494,A001619,2026-06-03 18:00:00,9617.73,FAILED,UPI,Self_Pay
PAY000001495,A003782,2026-07-01 12:00:00,6356.0,FAILED,CARD,AI Voice
PAY000001496,A004108,2025-11-08 14:00:00,1235.34,SUCCESS,CASH,Field
PAY000001497,A002950,2026-02-05 09:00:00,13373.32,SUCCESS,CARD,Self_Pay
PAY000001498,A000962,2026-01-20 11:00:00,7872.67,SUCCESS,CASH,Human
PAY000001499,A003823,2025-11-22 10:00:00,7473.78,SUCCESS,CARD,Field
PAY000001500,A002698,2026-03-05 10:00:00,4877.54,SUCCESS,BANK,AI Voice
PAY000001501,A002409,2025-10-17 13:00:00,8661.32,SUCCESS,CASH,Self_Pay
PAY000001502,A003694,2025-10-12 10:00:00,7797.38,SUCCESS,BANK,AI Voice
PAY000001503,A001222,2026-01-13 08:00:00,8518.12,SUCCESS,UPI,Field
PAY000001504,A002637,2025-11-03 16:00:00,9107.0,SUCCESS,CARD,AI Voice
PAY000001505,A003660,2026-01-16 18:00:00,9878.83,SUCCESS,UPI,Self_Pay
PAY000001506,A003166,2025-11-05 21:00:00,15031.61,FAILED,UPI,Field
PAY000001507,A002179,2026-02-07 21:00:00,6465.43,FAILED,BANK,Field
PAY000001508,A004086,2026-08-22 20:00:00,1384.53,SUCCESS,UPI,AI Voice
PAY000001509,A002932,2026-07-19 10:00:00,13897.25,FAILED,CARD,Human
PAY000001510,A000125,2026-01-18 09:00:00,14965.19,SUCCESS,CASH,WhatsApp
PAY000001511,A003471,2025-10-20 12:00:00,13257.56,SUCCESS,UPI,WhatsApp
PAY000001512,A002046,2026-06-23 21:00:00,14419.71,SUCCESS,BANK,Human
PAY000001513,A000039,2026-04-06 10:00:00,12666.78,SUCCESS,BANK,Field
PAY000001514,A000214,2026-06-23 19:00:00,9685.53,SUCCESS,UPI,Self_Pay
PAY000001515,A000546,2025-12-21 08:00:00,3941.02,SUCCESS,CARD,Human
PAY000001516,A000785,2025-10-16 10:00:00,10207.0,FAILED,BANK,Self_Pay
PAY000001517,A003568,2026-06-11 14:00:00,6255.86,SUCCESS,CASH,Field
PAY000001518,A000073,2026-06-20 07:00:00,4088.7,SUCCESS,CARD,Self_Pay
PAY000001519,A001822,2026-04-23 18:00:00,9419.16,SUCCESS,BANK,Human
PAY000001520,A000086,2026-05-07 08:00:00,7678.0,SUCCESS,UPI,Field
PAY000001521,A001544,2025-12-26 09:00:00,15664.71,SUCCESS,UPI,AI Voice
PAY000001522,A000534,2026-06-09 18:00:00,4474.08,SUCCESS,BANK,Field
PAY000001523,A002639,2025-09-19 16:00:00,4034.18,SUCCESS,UPI,WhatsApp
PAY000001524,A001028,2026-05-17 14:00:00,10555.0,FAILED,BANK,WhatsApp
PAY000001525,A002590,2026-04-03 21:00:00,3838.36,SUCCESS,BANK,Self_Pay
PAY000001526,A000713,2025-10-06 13:00:00,13114.58,SUCCESS,CARD,Field
PAY000001527,A001995,2026-02-14 15:00:00,11207.0,FAILED,BANK,Self_Pay
PAY000001528,A003790,2025-09-05 16:00:00,15037.32,SUCCESS,BANK,WhatsApp
PAY000001529,A002697,2025-12-20 14:00:00,13362.97,SUCCESS,CARD,Field
PAY000001530,A001152,2026-05-15 19:00:00,7243.8,SUCCESS,BANK,Field
PAY000001531,A000869,2025-10-23 21:00:00,1471.02,SUCCESS,UPI,WhatsApp
PAY000001532,A000980,2025-11-26 21:00:00,10156.64,FAILED,UPI,Self_Pay
PAY000001533,A001788,2026-03-06 15:00:00,11041.0,FAILED,UPI,Field
PAY000001534,A003094,2025-09-25 16:00:00,13086.33,FAILED,UPI,Human
PAY000001535,A000998,2025-09-21 16:00:00,11321.64,FAILED,BANK,AI Voice
PAY000001536,A002147,2026-08-01 20:00:00,6560.84,SUCCESS,BANK,Human
PAY000001537,A003474,2026-05-20 12:00:00,3156.08,SUCCESS,CARD,Self_Pay
PAY000001538,A001366,2026-03-18 15:00:00,7275.17,SUCCESS,CARD,AI Voice
PAY000001539,A003120,2026-05-27 09:00:00,4992.0,SUCCESS,UPI,AI Voice
PAY000001540,A002560,2026-08-11 19:00:00,14491.31,SUCCESS,CASH,WhatsApp
PAY000001541,A003580,2026-08-24 13:00:00,5757.37,SUCCESS,CARD,WhatsApp
PAY000001542,A002340,2025-11-19 19:00:00,4490.11,SUCCESS,UPI,Human
PAY000001543,A000382,2025-09-20 17:00:00,7494.01,SUCCESS,UPI,Human
PAY000001544,A001909,2026-05-13 14:00:00,9847.26,FAILED,UPI,AI Voice
PAY000001545,A002815,2026-05-06 11:00:00,9228.85,SUCCESS,UPI,Self_Pay
PAY000001546,A000217,2026-04-13 14:00:00,13543.52,SUCCESS,CARD,Human
PAY000001547,A001112,2026-01-04 16:00:00,1360.06,SUCCESS,BANK,WhatsApp
PAY000001548,A002410,2025-11-08 09:00:00,14703.8,SUCCESS,CASH,Human
PAY000001549,A003844,2026-03-03 20:00:00,8419.35,FAILED,UPI,AI Voice
PAY000001550,A002588,2026-07-03 10:00:00,6558.03,FAILED,CASH,Human
PAY000001551,A002306,2025-12-17 21:00:00,6806.0,SUCCESS,BANK,Human
PAY000001552,A003227,2026-01-17 09:00:00,5250.83,SUCCESS,BANK,Self_Pay
PAY000001553,A001993,2026-08-23 15:00:00,15437.35,SUCCESS,CARD,Human
PAY000001554,A003879,2026-06-21 16:00:00,9569.53,SUCCESS,CASH,Human
PAY000001555,A002215,2026-08-03 19:00:00,2056.11,SUCCESS,UPI,WhatsApp
PAY000001556,A002511,2026-03-23 07:00:00,12933.0,SUCCESS,BANK,Self_Pay
PAY000001557,A002897,2026-06-09 15:00:00,15606.19,SUCCESS,UPI,Field
PAY000001558,A004095,2026-01-06 21:00:00,7860.14,SUCCESS,CASH,Self_Pay
PAY000001559,A003101,2025-09-27 12:00:00,15801.99,SUCCESS,UPI,Human
PAY000001560,A003372,2026-01-24 13:00:00,6716.24,FAILED,UPI,WhatsApp
PAY000001561,A003100,2026-02-04 19:00:00,3539.67,SUCCESS,CARD,Human
PAY000001562,A002077,2026-07-17 18:00:00,11569.82,FAILED,UPI,Human
PAY000001563,A001941,2026-01-04 07:00:00,14971.06,SUCCESS,CARD,Human
PAY000001564,A003298,2026-05-24 19:00:00,12572.58,SUCCESS,BANK,WhatsApp
PAY000001565,A001639,2026-02-02 13:00:00,10928.52,SUCCESS,UPI,Human
PAY000001566,A001540,2026-08-24 07:00:00,8138.43,SUCCESS,BANK,WhatsApp
PAY000001567,A000779,2026-05-14 09:00:00,7573.3,SUCCESS,CASH,Self_Pay
PAY000001568,A001681,2026-04-07 21:00:00,3590.03,SUCCESS,CARD,Human
PAY000001569,A001721,2026-05-26 16:00:00,7501.0,SUCCESS,CASH,Self_Pay
PAY000001570,A000809,2026-02-15 18:00:00,10112.05,SUCCESS,CASH,AI Voice
PAY000001571,A000584,2026-02-05 17:00:00,6062.38,SUCCESS,CARD,Field
PAY000001572,A003874,2025-09-27 11:00:00,3631.53,SUCCESS,UPI,WhatsApp
PAY000001573,A003175,2026-02-21 07:00:00,13729.87,SUCCESS,UPI,WhatsApp
PAY000001574,A003631,2026-06-19 10:00:00,10659.8,SUCCESS,CASH,Field
PAY000001575,A002911,2025-09-17 16:00:00,12563.87,FAILED,BANK,Human
PAY000001576,A003462,2026-05-08 07:00:00,4264.74,FAILED,BANK,Field
PAY000001577,A003801,2025-12-22 19:00:00,11694.46,SUCCESS,CASH,WhatsApp
PAY000001578,A002936,2026-04-02 18:00:00,10039.33,SUCCESS,UPI,Field
PAY000001579,A000860,2026-04-20 20:00:00,11898.6,SUCCESS,CARD,AI Voice
PAY000001580,A002033,2026-06-10 12:00:00,8403.99,SUCCESS,CASH,Self_Pay
PAY000001581,A003932,2026-08-24 15:00:00,9799.68,SUCCESS,CASH,WhatsApp
PAY000001582,A003344,2026-01-10 12:00:00,2575.6,SUCCESS,BANK,Self_Pay
PAY000001583,A002357,2026-06-20 13:00:00,10670.81,SUCCESS,UPI,Self_Pay
PAY000001584,A001608,2025-12-06 19:00:00,8287.12,SUCCESS,UPI,AI Voice
PAY000001585,A003082,2025-09-26 18:00:00,8488.14,FAILED,UPI,Field
PAY000001586,A001850,2026-01-12 15:00:00,8652.74,SUCCESS,UPI,Human
PAY000001587,A002155,2026-02-17 12:00:00,6359.19,SUCCESS,CARD,Human
PAY000001588,A000967,2025-12-16 15:00:00,12993.81,SUCCESS,CARD,Field
PAY000001589,A002694,2026-04-06 10:00:00,1753.58,FAILED,CARD,AI Voice
PAY000001590,A000404,2026-05-04 08:00:00,9475.7,SUCCESS,CARD,Field
PAY000001591,A001719,2026-03-25 19:00:00,9915.01,FAILED,BANK,Field
PAY000001592,A001856,2026-01-15 10:00:00,2178.54,SUCCESS,CARD,Field
PAY000001593,A001751,2025-12-18 17:00:00,14997.06,SUCCESS,BANK,Human
PAY000001594,A003968,2026-04-08 21:00:00,5329.32,FAILED,CARD,Self_Pay
PAY000001595,A001593,2025-12-03 17:00:00,4725.71,SUCCESS,BANK,Self_Pay
PAY000001596,A000652,2025-10-19 18:00:00,3226.96,FAILED,BANK,Field
PAY000001597,A002418,2026-06-06 09:00:00,4102.82,SUCCESS,BANK,WhatsApp
PAY000001598,A001994,2026-06-15 08:00:00,13726.0,SUCCESS,UPI,AI Voice
PAY000001599,A002587,2026-07-21 19:00:00,3370.58,FAILED,UPI,WhatsApp
PAY000001600,A001941,2025-09-08 14:00:00,9933.86,SUCCESS,CARD,Field
PAY000001601,A003232,2025-10-02 16:00:00,4015.9,SUCCESS,BANK,Field
PAY000001602,A002479,2026-05-08 14:00:00,1150.43,SUCCESS,UPI,Human
PAY000001603,A001253,2026-04-14 09:00:00,1039.74,SUCCESS,CARD,AI Voice
PAY000001604,A003762,2026-04-07 08:00:00,5332.1,FAILED,BANK,Human
PAY000001605,A001119,2026-02-05 19:00:00,14529.41,SUCCESS,CARD,AI Voice
PAY000001606,A001164,2026-07-08 12:00:00,5520.66,SUCCESS,BANK,Field
PAY000001607,A003981,2026-04-05 14:00:00,10370.18,FAILED,CASH,Field
PAY000001608,A000615,2026-06-24 07:00:00,10992.76,FAILED,BANK,Human
PAY000001609,A003630,2026-08-12 21:00:00,14985.17,FAILED,BANK,Human
PAY000001610,A003685,2026-04-09 17:00:00,9100.12,SUCCESS,UPI,AI Voice
PAY000001611,A004046,2026-05-25 15:00:00,7547.38,SUCCESS,CASH,Self_Pay
PAY000001612,A004165,2026-08-08 19:00:00,13847.68,FAILED,BANK,WhatsApp
PAY000001613,A003716,2026-07-15 13:00:00,14225.16,FAILED,CASH,Self_Pay
PAY000001614,A001031,2026-01-22 21:00:00,3671.0,SUCCESS,CASH,Field
PAY000001615,A004171,2026-06-27 14:00:00,3630.39,SUCCESS,CASH,WhatsApp
PAY000001616,A004043,2026-02-18 19:00:00,8895.95,FAILED,UPI,Field
PAY000001617,A002061,2026-07-20 12:00:00,12363.46,FAILED,CASH,Self_Pay
PAY000001618,A003737,2026-01-14 15:00:00,9664.11,SUCCESS,BANK,AI Voice
PAY000001619,A002928,2025-12-23 09:00:00,6774.17,SUCCESS,CASH,Human
PAY000001620,A003804,2026-02-05 13:00:00,2051.53,SUCCESS,CARD,AI Voice
PAY000001621,A000567,2026-06-27 09:00:00,13577.32,SUCCESS,CARD,Field
PAY000001622,A000080,2025-12-24 21:00:00,5251.14,FAILED,UPI,Field
PAY000001623,A003048,2026-03-08 10:00:00,12480.79,FAILED,BANK,Field
PAY000001624,A003127,2026-04-20 11:00:00,9611.92,FAILED,CASH,Field
PAY000001625,A001741,2026-03-02 10:00:00,10759.77,SUCCESS,BANK,Human
PAY000001626,A002113,2025-09-11 21:00:00,10949.0,SUCCESS,BANK,Field
PAY000001627,A002142,2026-04-06 08:00:00,14652.11,FAILED,CASH,WhatsApp
PAY000001628,A000619,2026-07-03 11:00:00,6253.46,SUCCESS,BANK,WhatsApp
PAY000001629,A004003,2026-04-08 21:00:00,8035.14,SUCCESS,BANK,AI Voice
PAY000001630,A001648,2026-08-20 12:00:00,1212.37,FAILED,CARD,AI Voice
PAY000001631,A003735,2025-12-10 08:00:00,4234.34,FAILED,BANK,AI Voice
PAY000001632,A001896,2026-04-10 12:00:00,15868.72,FAILED,BANK,Field
PAY000001633,A003655,2025-11-25 08:00:00,7811.62,FAILED,CASH,Human
PAY000001634,A003511,2026-08-10 21:00:00,8222.5,SUCCESS,CASH,Field
PAY000001635,A000807,2026-01-21 09:00:00,4136.44,SUCCESS,UPI,Human
PAY000001636,A003093,2026-02-10 18:00:00,1905.12,SUCCESS,CASH,WhatsApp
PAY000001637,A003744,2026-06-13 17:00:00,9049.59,SUCCESS,CARD,WhatsApp
PAY000001638,A003923,2025-10-24 09:00:00,10058.0,FAILED,BANK,Human
PAY000001639,A003157,2026-07-10 15:00:00,2054.69,SUCCESS,UPI,AI Voice
PAY000001640,A002497,2026-07-12 09:00:00,10818.94,FAILED,CASH,Field
PAY000001641,A002155,2025-12-18 21:00:00,13699.06,FAILED,UPI,Field
PAY000001642,A002299,2025-11-22 07:00:00,1019.71,SUCCESS,CASH,Human
PAY000001643,A002549,2026-05-12 16:00:00,9150.14,SUCCESS,BANK,Self_Pay
PAY000001644,A002065,2025-11-19 07:00:00,6218.56,SUCCESS,CARD,WhatsApp
PAY000001645,A002174,2025-10-14 21:00:00,4900.85,SUCCESS,BANK,Field
PAY000001646,A003482,2026-04-05 09:00:00,2168.96,FAILED,CASH,Human
PAY000001647,A003549,2025-12-09 18:00:00,8642.18,SUCCESS,BANK,Self_Pay
PAY000001648,A000090,2026-03-16 11:00:00,5685.34,FAILED,CASH,Self_Pay
PAY000001649,A001269,2026-08-15 09:00:00,9844.63,SUCCESS,BANK,Self_Pay
PAY000001650,A003187,2025-12-23 12:00:00,2607.03,FAILED,CASH,Self_Pay
PAY000001651,A002232,2026-08-19 08:00:00,5730.64,SUCCESS,UPI,Self_Pay
PAY000001652,A002096,2026-04-15 17:00:00,8010.0,FAILED,BANK,Self_Pay
PAY000001653,A002358,2025-12-05 07:00:00,10000.94,SUCCESS,CASH,Human
PAY000001654,A002589,2026-03-25 18:00:00,15559.62,SUCCESS,BANK,Human
PAY000001655,A002991,2025-11-15 13:00:00,1585.56,SUCCESS,CASH,AI Voice
PAY000001656,A001369,2026-03-27 11:00:00,10669.0,SUCCESS,CASH,Human
PAY000001657,A002013,2026-07-14 17:00:00,4068.09,SUCCESS,BANK,Human
PAY000001658,A001987,2026-01-09 16:00:00,5444.48,SUCCESS,CASH,AI Voice
PAY000001659,A001946,2026-07-11 08:00:00,8114.84,FAILED,CASH,Self_Pay
PAY000001660,A000904,2026-04-09 10:00:00,3918.33,FAILED,CASH,Human
PAY000001661,A003365,2025-11-26 09:00:00,2531.13,FAILED,CARD,WhatsApp
PAY000001662,A002658,2026-05-04 14:00:00,8945.2,SUCCESS,BANK,Self_Pay
PAY000001663,A000852,2026-08-23 19:00:00,6601.97,SUCCESS,CARD,Self_Pay
PAY000001664,A003174,2026-05-25 20:00:00,11816.87,SUCCESS,UPI,Field
PAY000001665,A003643,2026-06-18 21:00:00,1489.74,FAILED,CARD,AI Voice
PAY000001666,A002118,2026-08-12 13:00:00,4731.27,SUCCESS,CASH,Human
PAY000001667,A000931,2026-03-11 10:00:00,1447.3,SUCCESS,CASH,WhatsApp
PAY000001668,A001824,2026-06-12 15:00:00,6356.42,SUCCESS,UPI,Field
PAY000001669,A002850,2026-07-21 16:00:00,7258.77,FAILED,BANK,Field
PAY000001670,A002613,2026-02-26 18:00:00,10718.88,SUCCESS,CARD,AI Voice
PAY000001671,A001355,2026-05-04 14:00:00,1576.75,FAILED,CASH,Field
PAY000001672,A003077,2025-09-22 17:00:00,6591.0,SUCCESS,UPI,Human
PAY000001673,A003393,2026-07-10 14:00:00,7148.13,SUCCESS,UPI,WhatsApp
PAY000001674,A003046,2026-01-15 10:00:00,7377.32,SUCCESS,CARD,WhatsApp
PAY000001675,A002839,2026-02-27 08:00:00,10027.0,SUCCESS,UPI,Field
PAY000001676,A003098,2026-05-03 19:00:00,10626.35,FAILED,BANK,Self_Pay
PAY000001677,A003497,2026-06-20 09:00:00,12825.91,FAILED,CARD,Self_Pay
PAY000001678,A000301,2025-10-10 21:00:00,3925.27,FAILED,CASH,Human
PAY000001679,A002096,2025-11-27 16:00:00,8010.0,SUCCESS,UPI,Field
PAY000001680,A001694,2026-07-08 14:00:00,5467.6,SUCCESS,CASH,WhatsApp
PAY000001681,A000043,2026-06-05 09:00:00,3290.16,SUCCESS,UPI,WhatsApp
PAY000001682,A000310,2026-03-24 15:00:00,8354.85,SUCCESS,UPI,WhatsApp
PAY000001683,A003735,2026-02-01 11:00:00,12333.07,SUCCESS,UPI,Human
PAY000001684,A000547,2026-06-25 15:00:00,3682.09,SUCCESS,CASH,Human
PAY000001685,A000279,2026-08-04 15:00:00,14286.0,SUCCESS,CARD,Field
PAY000001686,A000045,2026-05-04 16:00:00,3139.35,SUCCESS,UPI,AI Voice
PAY000001687,A002228,2025-09-05 09:00:00,6734.9,SUCCESS,BANK,Human
PAY000001688,A000239,2026-04-19 19:00:00,15173.87,SUCCESS,BANK,Human
PAY000001689,A001800,2025-09-21 08:00:00,5597.58,SUCCESS,BANK,AI Voice
PAY000001690,A001718,2026-01-16 09:00:00,1628.39,SUCCESS,UPI,Human
PAY000001691,A003913,2026-04-22 16:00:00,8643.9,SUCCESS,CARD,Human
PAY000001692,A003934,2026-06-05 19:00:00,8696.68,SUCCESS,CARD,Field
PAY000001693,A000611,2026-02-09 11:00:00,11149.0,SUCCESS,CARD,Field
PAY000001694,A003194,2025-11-26 21:00:00,10825.0,SUCCESS,CARD,Self_Pay
PAY000001695,A003217,2025-12-22 15:00:00,15059.3,FAILED,BANK,AI Voice
PAY000001696,A001339,2025-11-13 08:00:00,1767.63,SUCCESS,UPI,AI Voice
PAY000001697,A002790,2025-12-05 11:00:00,7961.93,SUCCESS,UPI,AI Voice
PAY000001698,A000631,2026-02-24 17:00:00,15761.25,SUCCESS,CASH,AI Voice
PAY000001699,A000899,2025-11-17 15:00:00,2469.64,FAILED,BANK,WhatsApp
PAY000001700,A000914,2025-10-08 16:00:00,15733.38,FAILED,CARD,WhatsApp
PAY000001701,A001069,2026-08-23 08:00:00,15194.11,SUCCESS,BANK,Human
PAY000001702,A000434,2026-04-07 15:00:00,4773.0,SUCCESS,CASH,WhatsApp
PAY000001703,A001932,2026-06-21 08:00:00,5887.47,SUCCESS,BANK,Self_Pay
PAY000001704,A001515,2026-03-19 12:00:00,12728.02,SUCCESS,UPI,AI Voice
PAY000001705,A001046,2026-03-20 18:00:00,15601.6,SUCCESS,UPI,WhatsApp
PAY000001706,A003434,2026-01-20 08:00:00,2508.57,SUCCESS,CASH,WhatsApp
PAY000001707,A003366,2025-12-10 07:00:00,1042.37,SUCCESS,CARD,Self_Pay
PAY000001708,A000662,2025-09-27 09:00:00,4178.52,SUCCESS,CARD,Human
PAY000001709,A004145,2026-01-21 16:00:00,9290.61,FAILED,CASH,Human
PAY000001710,A003217,2025-12-04 07:00:00,9803.26,SUCCESS,UPI,Self_Pay
PAY000001711,A003564,2026-04-23 13:00:00,10173.96,SUCCESS,BANK,AI Voice
PAY000001712,A002035,2026-07-17 11:00:00,2931.24,SUCCESS,UPI,AI Voice
PAY000001713,A000526,2026-05-16 13:00:00,12571.17,SUCCESS,BANK,WhatsApp
PAY000001714,A003837,2026-06-06 11:00:00,2797.21,SUCCESS,UPI,Field
PAY000001715,A004098,2026-05-25 17:00:00,1867.49,SUCCESS,CASH,AI Voice
PAY000001716,A001263,2025-12-25 15:00:00,7494.36,SUCCESS,BANK,WhatsApp
PAY000001717,A001661,2025-12-20 15:00:00,8006.24,SUCCESS,CARD,AI Voice
PAY000001718,A003619,2025-11-17 16:00:00,1678.91,SUCCESS,BANK,Self_Pay
PAY000001719,A002550,2025-10-05 21:00:00,1975.53,FAILED,CARD,AI Voice
PAY000001720,A001518,2025-10-05 17:00:00,6397.0,SUCCESS,CASH,WhatsApp
PAY000001721,A001980,2025-09-08 17:00:00,7168.97,FAILED,BANK,WhatsApp
PAY000001722,A000974,2026-05-02 16:00:00,14180.36,SUCCESS,CASH,Self_Pay
PAY000001723,A003151,2026-01-06 21:00:00,4851.02,FAILED,BANK,Self_Pay
PAY000001724,A002688,2026-08-27 09:00:00,9890.61,SUCCESS,UPI,Field
PAY000001725,A003789,2026-06-15 20:00:00,11965.04,SUCCESS,CARD,WhatsApp
PAY000001726,A001546,2026-01-05 15:00:00,9835.59,SUCCESS,UPI,Self_Pay
PAY000001727,A000962,2026-02-21 19:00:00,8906.0,SUCCESS,UPI,Self_Pay
PAY000001728,A001770,2026-03-22 19:00:00,7901.08,FAILED,UPI,Human
PAY000001729,A002424,2025-12-18 17:00:00,11979.69,SUCCESS,BANK,Human
PAY000001730,A003183,2025-11-15 11:00:00,6420.98,FAILED,CASH,WhatsApp
PAY000001731,A003481,2026-06-20 07:00:00,1691.12,FAILED,CASH,Self_Pay
PAY000001732,A000867,2026-02-09 18:00:00,1420.2,SUCCESS,BANK,WhatsApp
PAY000001733,A001132,2025-12-25 08:00:00,12338.0,SUCCESS,UPI,AI Voice
PAY000001734,A002735,2026-02-06 12:00:00,7119.25,SUCCESS,CASH,AI Voice
PAY000001735,A001728,2025-10-26 09:00:00,8860.41,SUCCESS,CASH,Human
PAY000001736,A003327,2026-07-07 12:00:00,4671.44,SUCCESS,CASH,Self_Pay
PAY000001737,A003263,2025-10-01 21:00:00,4999.36,FAILED,CARD,Self_Pay
PAY000001738,A001633,2026-03-17 10:00:00,2357.65,SUCCESS,CASH,WhatsApp
PAY000001739,A000264,2026-08-09 12:00:00,12517.99,SUCCESS,CASH,WhatsApp
PAY000001740,A002973,2026-03-24 18:00:00,5722.66,SUCCESS,CARD,Human
PAY000001741,A002616,2026-07-19 13:00:00,3263.19,FAILED,UPI,Human
PAY000001742,A002541,2026-07-06 16:00:00,7088.63,FAILED,UPI,AI Voice
PAY000001743,A000544,2025-09-15 19:00:00,11809.29,SUCCESS,CASH,Human
PAY000001744,A002241,2025-09-07 14:00:00,4882.39,SUCCESS,UPI,Human
PAY000001745,A002398,2026-02-15 08:00:00,5299.66,FAILED,UPI,Human
PAY000001746,A003893,2026-01-26 16:00:00,6987.53,FAILED,CASH,Human
PAY000001747,A003387,2026-05-02 10:00:00,9398.8,FAILED,CASH,AI Voice
PAY000001748,A001546,2026-07-27 13:00:00,9798.89,SUCCESS,UPI,WhatsApp
PAY000001749,A002708,2026-03-13 07:00:00,10307.26,SUCCESS,CASH,WhatsApp
PAY000001750,A001853,2026-01-08 16:00:00,8515.59,FAILED,BANK,Self_Pay
PAY000001751,A001225,2026-05-21 12:00:00,11101.1,FAILED,CASH,WhatsApp
PAY000001752,A000473,2025-10-14 10:00:00,15654.7,FAILED,CASH,Field
PAY000001753,A001927,2026-05-26 20:00:00,10952.29,SUCCESS,CARD,WhatsApp
PAY000001754,A002291,2026-03-14 12:00:00,5269.78,SUCCESS,UPI,Human
PAY000001755,A003903,2026-07-21 08:00:00,7636.28,FAILED,BANK,Human
PAY000001756,A000989,2026-08-17 16:00:00,5847.86,FAILED,BANK,AI Voice
PAY000001757,A000560,2025-10-27 19:00:00,11621.54,SUCCESS,UPI,Self_Pay
PAY000001758,A000777,2026-02-16 10:00:00,10362.34,FAILED,CARD,Human
PAY000001759,A003062,2026-02-04 08:00:00,14422.27,SUCCESS,CASH,AI Voice
PAY000001760,A001923,2025-12-03 11:00:00,12119.06,SUCCESS,UPI,WhatsApp
PAY000001761,A000984,2026-07-18 10:00:00,8739.12,SUCCESS,CASH,Field
PAY000001762,A003946,2026-05-15 18:00:00,7607.7,SUCCESS,CARD,Field
PAY000001763,A002361,2026-01-21 07:00:00,6558.0,SUCCESS,CARD,WhatsApp
PAY000001764,A004014,2026-04-13 07:00:00,14843.45,FAILED,BANK,AI Voice
PAY000001765,A000355,2026-06-14 14:00:00,12702.66,SUCCESS,CASH,Field
PAY000001766,A003260,2026-03-11 15:00:00,12291.0,SUCCESS,CARD,Human
PAY000001767,A003538,2026-01-27 11:00:00,11266.6,SUCCESS,BANK,AI Voice
PAY000001768,A002291,2026-02-18 13:00:00,14740.55,FAILED,CARD,Self_Pay
PAY000001769,A001121,2026-05-04 11:00:00,5120.42,SUCCESS,CARD,AI Voice
PAY000001770,A001847,2026-05-27 16:00:00,13818.79,SUCCESS,CARD,WhatsApp
PAY000001771,A000235,2025-09-03 07:00:00,2454.88,FAILED,BANK,Field
PAY000001772,A003186,2026-03-08 12:00:00,7403.59,SUCCESS,CASH,AI Voice
PAY000001773,A002201,2025-10-23 21:00:00,5305.27,SUCCESS,BANK,Self_Pay
PAY000001774,A002030,2026-04-14 20:00:00,11349.79,SUCCESS,CARD,Human
PAY000001775,A002742,2026-08-20 07:00:00,7686.31,SUCCESS,CASH,Self_Pay
PAY000001776,A000064,2026-03-12 16:00:00,14225.56,SUCCESS,CARD,AI Voice
PAY000001777,A002566,2026-02-04 17:00:00,10410.5,SUCCESS,BANK,Human
PAY000001778,A001588,2026-02-13 14:00:00,8708.7,FAILED,CASH,AI Voice
PAY000001779,A002648,2026-02-11 08:00:00,8511.41,SUCCESS,UPI,AI Voice
PAY000001780,A004006,2025-12-24 21:00:00,11919.68,SUCCESS,BANK,AI Voice
PAY000001781,A000592,2026-07-03 07:00:00,14997.34,SUCCESS,CARD,WhatsApp
PAY000001782,A002409,2025-11-04 12:00:00,4990.35,SUCCESS,CASH,Human
PAY000001783,A002412,2026-05-06 16:00:00,6075.59,SUCCESS,UPI,Field
PAY000001784,A001959,2026-08-15 16:00:00,2697.2,SUCCESS,CARD,Field
PAY000001785,A003527,2025-09-17 16:00:00,4440.35,SUCCESS,UPI,AI Voice
PAY000001786,A000539,2026-02-08 09:00:00,9407.99,SUCCESS,CASH,WhatsApp
PAY000001787,A000856,2026-08-25 17:00:00,15244.8,SUCCESS,CASH,Field
PAY000001788,A003932,2026-04-21 21:00:00,5316.22,SUCCESS,BANK,Field
PAY000001789,A001742,2026-05-11 14:00:00,2780.72,SUCCESS,BANK,WhatsApp
PAY000001790,A003712,2026-02-24 18:00:00,10797.65,FAILED,UPI,Human
PAY000001791,A001790,2026-07-14 09:00:00,5094.52,SUCCESS,CARD,Human
PAY000001792,A000963,2025-09-14 21:00:00,14619.29,SUCCESS,CASH,Human
PAY000001793,A000241,2026-04-08 21:00:00,13585.0,SUCCESS,CASH,Human
PAY000001794,A002132,2026-06-04 13:00:00,7007.63,SUCCESS,CARD,AI Voice
PAY000001795,A003271,2026-03-13 19:00:00,4133.82,SUCCESS,UPI,Self_Pay
PAY000001796,A003588,2025-10-26 16:00:00,11127.0,SUCCESS,CARD,AI Voice
PAY000001797,A003318,2026-01-19 19:00:00,7654.15,SUCCESS,BANK,Self_Pay
PAY000001798,A003455,2025-09-26 13:00:00,11316.28,FAILED,CASH,WhatsApp
PAY000001799,A003463,2025-09-25 13:00:00,13038.05,SUCCESS,CARD,WhatsApp
PAY000001800,A003667,2025-09-09 12:00:00,2598.19,SUCCESS,CASH,AI Voice
PAY000001801,A001701,2025-09-14 11:00:00,11925.0,SUCCESS,BANK,Human
PAY000001802,A003292,2025-12-27 18:00:00,7685.25,SUCCESS,BANK,WhatsApp
PAY000001803,A003253,2026-02-01 12:00:00,7718.72,SUCCESS,UPI,Self_Pay
PAY000001804,A002133,2025-11-10 17:00:00,4882.39,FAILED,CASH,AI Voice
PAY000001805,A003807,2026-08-13 10:00:00,1695.21,FAILED,CARD,AI Voice
PAY000001806,A002121,2025-11-15 07:00:00,12733.31,FAILED,BANK,Human
PAY000001807,A001372,2026-05-09 15:00:00,6946.0,SUCCESS,UPI,Self_Pay
PAY000001808,A002108,2026-02-04 11:00:00,9868.76,SUCCESS,UPI,AI Voice
PAY000001809,A000734,2026-03-08 13:00:00,13766.93,SUCCESS,CASH,AI Voice
PAY000001810,A001756,2025-12-05 07:00:00,10193.39,FAILED,UPI,WhatsApp
PAY000001811,A003707,2025-09-05 13:00:00,13089.08,SUCCESS,CASH,AI Voice
PAY000001812,A003370,2025-09-06 17:00:00,6335.12,FAILED,CASH,AI Voice
PAY000001813,A000208,2025-09-15 07:00:00,9849.11,SUCCESS,CASH,Self_Pay
PAY000001814,A002537,2026-02-19 10:00:00,9517.35,SUCCESS,UPI,Field
PAY000001815,A001810,2026-08-11 16:00:00,2859.5,SUCCESS,CASH,WhatsApp
PAY000001816,A001858,2026-06-06 07:00:00,13807.35,FAILED,BANK,WhatsApp
PAY000001817,A003113,2026-05-02 12:00:00,7589.88,SUCCESS,UPI,AI Voice
PAY000001818,A000802,2026-05-07 14:00:00,8028.6,FAILED,BANK,Self_Pay
PAY000001819,A001387,2026-07-23 20:00:00,3320.58,SUCCESS,BANK,AI Voice
PAY000001820,A003631,2026-02-10 11:00:00,2608.12,SUCCESS,CASH,Self_Pay
PAY000001821,A003081,2026-05-14 18:00:00,12590.8,SUCCESS,BANK,AI Voice
PAY000001822,A000102,2026-04-16 21:00:00,12663.48,SUCCESS,CASH,Self_Pay
PAY000001823,A001244,2025-09-08 21:00:00,13875.04,SUCCESS,CARD,Field
PAY000001824,A001122,2026-07-21 16:00:00,15290.51,SUCCESS,CARD,Human
PAY000001825,A003356,2025-12-01 19:00:00,8089.26,SUCCESS,CARD,Human
PAY000001826,A001437,2026-08-06 15:00:00,7328.95,SUCCESS,CASH,Human
PAY000001827,A003520,2026-01-11 20:00:00,10402.1,SUCCESS,CARD,AI Voice
PAY000001828,A001905,2025-11-07 07:00:00,9897.13,SUCCESS,CASH,Self_Pay
PAY000001829,A002954,2025-12-14 15:00:00,8319.88,SUCCESS,CASH,Human
PAY000001830,A002110,2026-05-21 20:00:00,15142.86,SUCCESS,UPI,AI Voice
PAY000001831,A001921,2026-04-27 08:00:00,12136.95,SUCCESS,UPI,WhatsApp
PAY000001832,A002065,2026-01-11 16:00:00,6791.58,SUCCESS,CASH,Field
PAY000001833,A003624,2026-01-24 08:00:00,9053.21,SUCCESS,BANK,AI Voice
PAY000001834,A002076,2026-01-03 12:00:00,4563.44,FAILED,UPI,Human
PAY000001835,A002778,2026-08-20 15:00:00,1221.49,SUCCESS,CARD,Human
PAY000001836,A004101,2025-09-13 13:00:00,1053.03,FAILED,CASH,Human
PAY000001837,A003278,2025-11-06 13:00:00,1135.2,SUCCESS,BANK,Field
PAY000001838,A001802,2025-12-04 08:00:00,11741.13,SUCCESS,CARD,AI Voice
PAY000001839,A003903,2025-09-10 10:00:00,2859.26,SUCCESS,UPI,Self_Pay
PAY000001840,A004179,2026-06-15 14:00:00,14273.31,SUCCESS,UPI,WhatsApp
PAY000001841,A001967,2025-09-23 17:00:00,9611.95,SUCCESS,BANK,WhatsApp
PAY000001842,A003070,2026-01-13 11:00:00,6788.97,SUCCESS,CASH,Field
PAY000001843,A000530,2026-07-24 10:00:00,1776.36,SUCCESS,CASH,AI Voice
PAY000001844,A003194,2025-11-01 18:00:00,5187.74,FAILED,CASH,AI Voice
PAY000001845,A003467,2025-09-05 19:00:00,14181.82,SUCCESS,CASH,Human
PAY000001846,A003381,2025-12-21 14:00:00,5020.3,SUCCESS,CARD,Field
PAY000001847,A001919,2026-05-09 16:00:00,7575.64,SUCCESS,UPI,WhatsApp
PAY000001848,A001716,2025-09-14 13:00:00,3334.73,FAILED,BANK,WhatsApp
PAY000001849,A001044,2026-08-25 14:00:00,8474.14,FAILED,UPI,AI Voice
PAY000001850,A000432,2026-01-15 21:00:00,11359.08,SUCCESS,UPI,AI Voice
PAY000001851,A001552,2026-01-21 15:00:00,5423.22,SUCCESS,CARD,Field
PAY000001852,A000116,2026-06-22 14:00:00,8338.29,FAILED,CASH,Field
PAY000001853,A003029,2026-08-01 10:00:00,2471.57,FAILED,BANK,AI Voice
PAY000001854,A002819,2026-06-01 10:00:00,4433.7,SUCCESS,BANK,Field
PAY000001855,A003089,2026-07-08 12:00:00,3240.35,SUCCESS,CASH,Field
PAY000001856,A000192,2025-11-02 13:00:00,11461.0,SUCCESS,UPI,AI Voice
PAY000001857,A002373,2026-06-07 09:00:00,7457.0,SUCCESS,CARD,AI Voice
PAY000001858,A003240,2026-02-21 14:00:00,8282.14,SUCCESS,BANK,Self_Pay
PAY000001859,A001288,2026-01-04 11:00:00,15716.0,FAILED,CASH,WhatsApp
PAY000001860,A001827,2026-06-23 14:00:00,12371.77,SUCCESS,BANK,WhatsApp
PAY000001861,A003525,2026-06-05 12:00:00,9596.56,SUCCESS,CARD,Human
PAY000001862,A000857,2026-05-07 20:00:00,5312.32,SUCCESS,UPI,WhatsApp
PAY000001863,A002350,2026-07-18 11:00:00,3245.81,SUCCESS,UPI,WhatsApp
PAY000001864,A002130,2026-08-12 14:00:00,11365.0,SUCCESS,CARD,AI Voice
PAY000001865,A002084,2026-06-18 21:00:00,13930.21,FAILED,BANK,WhatsApp
PAY000001866,A002182,2026-02-11 15:00:00,3692.13,SUCCESS,CASH,Self_Pay
PAY000001867,A003733,2025-10-23 16:00:00,7956.11,FAILED,UPI,Field
PAY000001868,A000442,2026-07-13 14:00:00,3503.74,FAILED,UPI,Self_Pay
PAY000001869,A000418,2026-05-03 17:00:00,4431.39,SUCCESS,CARD,Human
PAY000001870,A003928,2025-10-11 13:00:00,11793.95,SUCCESS,CARD,Self_Pay
PAY000001871,A000286,2026-08-10 14:00:00,3923.12,FAILED,CARD,Field
PAY000001872,A000585,2026-06-09 12:00:00,13288.84,SUCCESS,BANK,WhatsApp
PAY000001873,A004091,2026-08-02 08:00:00,11423.38,FAILED,BANK,Human
PAY000001874,A003348,2026-01-04 09:00:00,8705.0,FAILED,CASH,Human
PAY000001875,A002977,2026-02-21 21:00:00,4697.11,SUCCESS,UPI,WhatsApp
PAY000001876,A002105,2026-05-20 20:00:00,1795.95,SUCCESS,CARD,Field
PAY000001877,A002528,2026-02-13 15:00:00,5101.8,SUCCESS,CASH,Human
PAY000001878,A002386,2026-08-03 10:00:00,2202.37,SUCCESS,CASH,Human
PAY000001879,A002885,2026-04-25 21:00:00,10424.9,SUCCESS,CASH,Self_Pay
PAY000001880,A001457,2025-11-09 20:00:00,1757.34,SUCCESS,BANK,AI Voice
PAY000001881,A003368,2026-08-04 18:00:00,9620.21,SUCCESS,UPI,AI Voice
PAY000001882,A000621,2026-02-02 07:00:00,14411.3,SUCCESS,BANK,Self_Pay
PAY000001883,A000685,2026-07-03 12:00:00,13124.61,SUCCESS,CARD,WhatsApp
PAY000001884,A002008,2026-02-23 18:00:00,6395.0,SUCCESS,CASH,WhatsApp
PAY000001885,A002617,2025-11-25 08:00:00,2419.01,FAILED,UPI,AI Voice
PAY000001886,A000174,2026-02-10 09:00:00,6883.04,SUCCESS,CARD,AI Voice
PAY000001887,A001438,2025-12-12 19:00:00,6888.0,SUCCESS,CASH,Human
PAY000001888,A000457,2025-09-06 21:00:00,8929.0,SUCCESS,CARD,WhatsApp
PAY000001889,A001894,2026-01-25 08:00:00,12921.72,FAILED,CASH,AI Voice
PAY000001890,A000317,2026-05-03 11:00:00,2491.45,SUCCESS,BANK,WhatsApp
PAY000001891,A000413,2026-04-26 17:00:00,4298.12,FAILED,CASH,Self_Pay
PAY000001892,A002832,2026-08-05 17:00:00,15326.93,SUCCESS,BANK,AI Voice
PAY000001893,A003646,2025-12-07 12:00:00,11016.0,SUCCESS,CASH,Field
PAY000001894,A000403,2025-12-13 15:00:00,9369.0,SUCCESS,CARD,WhatsApp
PAY000001895,A000072,2026-05-06 16:00:00,15442.08,FAILED,UPI,AI Voice
PAY000001896,A000633,2025-09-03 17:00:00,9387.0,FAILED,CARD,Field
PAY000001897,A000421,2025-11-25 18:00:00,2804.36,SUCCESS,CARD,Field
PAY000001898,A000545,2026-07-11 08:00:00,9303.82,SUCCESS,UPI,Self_Pay
PAY000001899,A002119,2025-10-06 13:00:00,9142.32,SUCCESS,BANK,WhatsApp
PAY000001900,A001279,2025-12-01 17:00:00,6940.18,SUCCESS,BANK,WhatsApp
PAY000001901,A001334,2025-09-23 11:00:00,2740.07,SUCCESS,BANK,AI Voice
PAY000001902,A000073,2026-08-20 10:00:00,7978.44,SUCCESS,CARD,Self_Pay
PAY000001903,A001471,2026-05-06 20:00:00,10988.0,SUCCESS,UPI,AI Voice
PAY000001904,A002778,2025-09-11 17:00:00,14077.75,SUCCESS,BANK,Self_Pay
PAY000001905,A001173,2025-12-22 07:00:00,11201.04,FAILED,CASH,WhatsApp
PAY000001906,A000072,2025-12-27 16:00:00,1631.16,SUCCESS,CARD,WhatsApp
PAY000001907,A002961,2025-09-12 09:00:00,5874.5,SUCCESS,CARD,WhatsApp
PAY000001908,A002089,2025-12-07 19:00:00,9871.85,SUCCESS,UPI,WhatsApp
PAY000001909,A003903,2025-09-07 09:00:00,6954.91,FAILED,CASH,WhatsApp
PAY000001910,A002682,2026-05-06 12:00:00,2678.16,SUCCESS,BANK,Field
PAY000001911,A003494,2026-04-04 10:00:00,10782.53,FAILED,CASH,WhatsApp
PAY000001912,A002127,2026-08-05 20:00:00,9145.57,SUCCESS,CASH,Human
PAY000001913,A003241,2025-09-07 21:00:00,2424.21,SUCCESS,UPI,AI Voice
PAY000001914,A001319,2025-09-24 13:00:00,15644.72,SUCCESS,BANK,WhatsApp
PAY000001915,A001086,2026-03-16 18:00:00,11384.92,SUCCESS,BANK,WhatsApp
PAY000001916,A002133,2026-06-10 20:00:00,10032.42,SUCCESS,CARD,Field
PAY000001917,A001938,2026-01-09 20:00:00,9196.9,SUCCESS,BANK,Field
PAY000001918,A002471,2026-03-10 15:00:00,15371.68,FAILED,BANK,Field
PAY000001919,A002286,2025-10-24 07:00:00,6508.11,SUCCESS,CASH,WhatsApp
PAY000001920,A002152,2026-08-02 09:00:00,11203.46,FAILED,UPI,Field
PAY000001921,A002928,2026-04-10 12:00:00,3827.28,SUCCESS,BANK,AI Voice
PAY000001922,A002625,2026-06-23 12:00:00,7237.09,SUCCESS,UPI,Self_Pay
PAY000001923,A002596,2026-08-04 11:00:00,13500.53,SUCCESS,BANK,WhatsApp
PAY000001924,A003652,2025-12-24 12:00:00,14599.41,SUCCESS,CASH,Field
PAY000001925,A003806,2026-01-22 18:00:00,9616.24,SUCCESS,CASH,AI Voice
PAY000001926,A003630,2026-05-13 19:00:00,12992.65,FAILED,CARD,AI Voice
PAY000001927,A002479,2026-07-23 18:00:00,11977.95,FAILED,CASH,Human
PAY000001928,A001671,2025-12-11 14:00:00,9580.46,SUCCESS,BANK,WhatsApp
PAY000001929,A002709,2026-05-21 16:00:00,9270.85,SUCCESS,BANK,Human
PAY000001930,A004119,2025-12-19 13:00:00,2028.9,FAILED,CARD,WhatsApp
PAY000001931,A002687,2026-01-13 10:00:00,7099.17,FAILED,UPI,Human
PAY000001932,A003223,2026-03-16 19:00:00,11173.73,SUCCESS,BANK,Field
PAY000001933,A002295,2025-11-24 20:00:00,15081.22,SUCCESS,CARD,WhatsApp
PAY000001934,A001452,2025-10-13 10:00:00,8853.14,SUCCESS,UPI,AI Voice
PAY000001935,A002773,2025-12-16 20:00:00,15692.92,SUCCESS,CASH,WhatsApp
PAY000001936,A001966,2026-05-14 19:00:00,3089.7,SUCCESS,BANK,AI Voice
PAY000001937,A001993,2026-05-24 13:00:00,6509.43,SUCCESS,CASH,Human
PAY000001938,A003646,2025-10-19 19:00:00,4832.6,SUCCESS,UPI,Field
PAY000001939,A003388,2025-10-24 16:00:00,6071.34,SUCCESS,UPI,Human
PAY000001940,A002266,2026-04-13 13:00:00,3250.74,FAILED,BANK,Human
PAY000001941,A000054,2025-11-12 07:00:00,8739.7,SUCCESS,UPI,Human
PAY000001942,A000655,2026-03-10 08:00:00,2723.88,SUCCESS,BANK,Human
PAY000001943,A003155,2026-07-04 19:00:00,14066.91,SUCCESS,CASH,WhatsApp
PAY000001944,A001176,2025-12-10 19:00:00,13328.39,SUCCESS,BANK,AI Voice
PAY000001945,A001183,2026-06-25 12:00:00,5550.47,SUCCESS,CASH,Self_Pay
PAY000001946,A002119,2025-12-24 15:00:00,6991.25,SUCCESS,CASH,WhatsApp
PAY000001947,A002382,2025-11-01 11:00:00,8051.93,FAILED,UPI,Field
PAY000001948,A004048,2025-09-10 14:00:00,14742.0,SUCCESS,CASH,Human
PAY000001949,A002481,2026-03-17 07:00:00,7546.92,FAILED,CARD,Field
PAY000001950,A003368,2026-06-17 14:00:00,11073.53,SUCCESS,CARD,AI Voice
PAY000001951,A001553,2026-03-09 21:00:00,11790.2,SUCCESS,CASH,AI Voice
PAY000001952,A001334,2026-01-04 21:00:00,8293.0,SUCCESS,BANK,Self_Pay
PAY000001953,A002550,2025-12-10 07:00:00,1220.01,SUCCESS,BANK,AI Voice
PAY000001954,A000672,2026-04-02 17:00:00,7779.62,SUCCESS,UPI,Self_Pay
PAY000001955,A002745,2026-02-09 07:00:00,8356.79,SUCCESS,CARD,Human
PAY000001956,A001343,2026-07-07 17:00:00,6034.48,FAILED,CASH,Field
PAY000001957,A001498,2026-05-08 08:00:00,1823.67,SUCCESS,BANK,Field
PAY000001958,A001136,2026-06-01 20:00:00,7210.0,SUCCESS,UPI,AI Voice
PAY000001959,A003834,2026-05-12 13:00:00,15601.45,FAILED,UPI,Human
PAY000001960,A003649,2025-11-19 09:00:00,10198.56,FAILED,BANK,Field
PAY000001961,A003739,2025-11-13 15:00:00,7311.61,SUCCESS,CASH,Field
PAY000001962,A002352,2026-01-07 11:00:00,4240.62,SUCCESS,UPI,WhatsApp
PAY000001963,A000993,2025-11-04 20:00:00,12787.23,SUCCESS,UPI,Human
PAY000001964,A003038,2026-04-11 17:00:00,3788.2,FAILED,CASH,Field
PAY000001965,A003842,2026-07-24 14:00:00,14691.8,SUCCESS,UPI,Field
PAY000001966,A003491,2026-05-20 07:00:00,6824.32,SUCCESS,BANK,Human
PAY000001967,A002735,2026-04-14 08:00:00,10556.0,SUCCESS,BANK,Self_Pay
PAY000001968,A004185,2025-12-09 19:00:00,13528.16,SUCCESS,CASH,AI Voice
PAY000001969,A003997,2025-11-18 20:00:00,15496.51,SUCCESS,CASH,AI Voice
PAY000001970,A003962,2025-11-09 18:00:00,7096.41,FAILED,CASH,Self_Pay
PAY000001971,A002210,2025-11-12 09:00:00,15733.91,SUCCESS,BANK,WhatsApp
PAY000001972,A002053,2026-05-19 16:00:00,14035.11,SUCCESS,CASH,WhatsApp
PAY000001973,A003431,2026-02-07 14:00:00,12238.52,SUCCESS,CASH,Human
PAY000001974,A002944,2026-03-20 15:00:00,14806.74,SUCCESS,CASH,WhatsApp
PAY000001975,A000806,2025-12-09 17:00:00,3769.48,SUCCESS,BANK,WhatsApp
PAY000001976,A002551,2026-02-15 18:00:00,1143.86,SUCCESS,BANK,AI Voice
PAY000001977,A003215,2025-11-05 18:00:00,5546.01,SUCCESS,CARD,Self_Pay
PAY000001978,A001950,2026-04-03 18:00:00,5471.39,SUCCESS,CARD,Human
PAY000001979,A002260,2026-04-14 20:00:00,11614.38,FAILED,BANK,WhatsApp
PAY000001980,A002023,2026-01-24 11:00:00,13798.83,SUCCESS,BANK,Human
PAY000001981,A002710,2025-10-14 16:00:00,4858.69,SUCCESS,CARD,Human
PAY000001982,A003732,2025-10-10 09:00:00,8028.0,SUCCESS,BANK,AI Voice
PAY000001983,A002849,2026-05-01 18:00:00,10751.92,FAILED,UPI,AI Voice
PAY000001984,A002080,2025-10-15 15:00:00,10564.45,SUCCESS,BANK,Self_Pay
PAY000001985,A003336,2026-03-21 17:00:00,7607.83,SUCCESS,CARD,Field
PAY000001986,A003243,2026-07-19 07:00:00,4605.42,FAILED,CASH,WhatsApp
PAY000001987,A000078,2026-03-16 13:00:00,8426.02,SUCCESS,CASH,Self_Pay
PAY000001988,A003932,2026-07-21 13:00:00,9593.02,FAILED,CARD,AI Voice
PAY000001989,A003501,2025-11-03 11:00:00,11886.0,SUCCESS,BANK,Self_Pay
PAY000001990,A001552,2026-04-20 16:00:00,10298.49,SUCCESS,BANK,Self_Pay
PAY000001991,A003621,2026-08-18 14:00:00,2025.76,FAILED,CARD,WhatsApp
PAY000001992,A003619,2026-01-18 12:00:00,3650.09,SUCCESS,BANK,Human
PAY000001993,A001767,2026-08-11 09:00:00,3000.02,SUCCESS,BANK,Field
PAY000001994,A001077,2025-10-21 14:00:00,2748.19,SUCCESS,CARD,Human
PAY000001995,A003527,2025-09-04 11:00:00,1532.87,SUCCESS,BANK,AI Voice
PAY000001996,A003563,2025-11-21 21:00:00,15229.0,FAILED,BANK,WhatsApp
PAY000001997,A000334,2026-05-16 10:00:00,8611.17,FAILED,UPI,Human
PAY000001998,A003489,2025-10-18 07:00:00,7983.97,SUCCESS,UPI,Field
PAY000001999,A001415,2026-07-10 18:00:00,10564.93,SUCCESS,CASH,Field
PAY000002000,A003576,2026-07-01 13:00:00,12969.91,SUCCESS,CARD,Human
PAY000002001,A000707,2025-09-18 11:00:00,4598.24,SUCCESS,BANK,Human
PAY000002002,A004145,2025-11-26 19:00:00,6875.85,SUCCESS,CASH,Field
PAY000002003,A003858,2026-01-23 14:00:00,5824.67,SUCCESS,CASH,Human
PAY000002004,A003424,2026-06-01 09:00:00,5774.83,FAILED,BANK,WhatsApp
PAY000002005,A001975,2025-09-12 18:00:00,8628.89,FAILED,BANK,Self_Pay
PAY000002006,A000308,2025-11-18 19:00:00,1128.48,FAILED,CARD,Human
PAY000002007,A000233,2025-09-13 21:00:00,8523.6,SUCCESS,UPI,Field
PAY000002008,A001927,2025-09-01 07:00:00,15900.71,FAILED,BANK,Field
PAY000002009,A003652,2025-12-20 17:00:00,5491.95,SUCCESS,UPI,AI Voice
PAY000002010,A002346,2026-07-04 09:00:00,9398.0,SUCCESS,UPI,Human
PAY000002011,A000793,2025-11-24 18:00:00,5719.52,SUCCESS,CASH,Self_Pay
PAY000002012,A000959,2025-11-20 17:00:00,6580.07,FAILED,CASH,WhatsApp
PAY000002013,A002288,2025-11-20 07:00:00,4175.49,SUCCESS,BANK,Self_Pay
PAY000002014,A002016,2026-01-26 15:00:00,2048.93,SUCCESS,UPI,Human
PAY000002015,A003039,2025-10-06 08:00:00,8457.16,SUCCESS,UPI,Self_Pay
PAY000002016,A003808,2026-05-11 16:00:00,11474.51,SUCCESS,UPI,Human
PAY000002017,A001233,2025-09-27 08:00:00,8776.89,FAILED,UPI,Human
PAY000002018,A003725,2026-05-10 07:00:00,12040.54,SUCCESS,CASH,AI Voice
PAY000002019,A000464,2026-01-08 08:00:00,8714.34,SUCCESS,CARD,Field
PAY000002020,A001335,2026-05-07 14:00:00,13478.45,FAILED,CARD,Human
PAY000002021,A004160,2026-03-27 19:00:00,3063.76,SUCCESS,UPI,WhatsApp
PAY000002022,A000192,2025-11-08 20:00:00,1337.34,FAILED,UPI,Human
PAY000002023,A002959,2026-05-16 13:00:00,3042.02,SUCCESS,BANK,Human
PAY000002024,A004095,2026-07-22 16:00:00,2178.47,SUCCESS,CARD,AI Voice
PAY000002025,A000910,2025-09-09 08:00:00,8326.0,SUCCESS,CARD,Field
PAY000002026,A002138,2026-02-16 09:00:00,6648.29,SUCCESS,CARD,Human
PAY000002027,A003632,2025-10-27 17:00:00,10030.0,SUCCESS,BANK,AI Voice
PAY000002028,A001103,2026-01-13 21:00:00,7081.24,SUCCESS,CARD,Self_Pay
PAY000002029,A003167,2025-09-24 08:00:00,5756.47,SUCCESS,UPI,WhatsApp
PAY000002030,A002853,2026-03-17 18:00:00,9315.94,FAILED,CARD,Human
PAY000002031,A001299,2026-01-14 09:00:00,4525.88,SUCCESS,CASH,Self_Pay
PAY000002032,A004127,2026-05-24 09:00:00,1623.21,SUCCESS,BANK,Self_Pay
PAY000002033,A001020,2026-01-06 18:00:00,6478.84,SUCCESS,CARD,Human
PAY000002034,A000732,2025-09-15 09:00:00,9573.0,SUCCESS,CARD,Self_Pay
PAY000002035,A002883,2025-10-18 17:00:00,14307.42,SUCCESS,CASH,Field
PAY000002036,A001970,2025-11-23 14:00:00,12141.42,SUCCESS,CASH,Human
PAY000002037,A001375,2026-02-02 08:00:00,14417.54,FAILED,CARD,Human
PAY000002038,A001951,2026-03-14 07:00:00,15708.35,SUCCESS,CARD,Self_Pay
PAY000002039,A001756,2026-07-13 20:00:00,15113.09,FAILED,UPI,Human
PAY000002040,A003674,2025-10-22 10:00:00,5500.54,SUCCESS,CASH,Human
PAY000002041,A002343,2026-06-11 20:00:00,4243.78,SUCCESS,CARD,WhatsApp
PAY000002042,A001068,2025-12-16 19:00:00,14245.13,FAILED,CASH,Field
PAY000002043,A000962,2026-08-02 08:00:00,8906.0,FAILED,CASH,AI Voice
PAY000002044,A000333,2026-04-23 14:00:00,7904.0,SUCCESS,UPI,Human
PAY000002045,A000500,2026-03-26 17:00:00,6530.79,SUCCESS,CASH,Field
PAY000002046,A002085,2025-11-15 11:00:00,15820.45,FAILED,BANK,AI Voice
PAY000002047,A003776,2026-03-03 10:00:00,10892.56,FAILED,CASH,AI Voice
PAY000002048,A003415,2025-10-17 14:00:00,10107.94,SUCCESS,CASH,Self_Pay
PAY000002049,A001482,2026-02-19 10:00:00,12814.46,FAILED,CASH,AI Voice
PAY000002050,A002459,2026-03-16 07:00:00,12677.4,FAILED,CARD,AI Voice
PAY000002051,A001666,2026-01-04 09:00:00,8667.34,FAILED,CARD,Human
PAY000002052,A003431,2026-06-19 16:00:00,15670.33,SUCCESS,BANK,Human
PAY000002053,A003297,2026-04-12 08:00:00,8213.19,SUCCESS,CARD,Field
PAY000002054,A000178,2025-11-05 11:00:00,11571.55,FAILED,BANK,Field
PAY000002055,A002721,2026-03-22 08:00:00,6419.51,SUCCESS,CASH,Self_Pay
PAY000002056,A000095,2026-02-17 15:00:00,1646.14,SUCCESS,UPI,Self_Pay
PAY000002057,A004027,2025-10-05 21:00:00,9504.0,FAILED,UPI,Field
PAY000002058,A001812,2026-05-18 20:00:00,13289.29,SUCCESS,BANK,Field
PAY000002059,A001115,2025-12-27 12:00:00,11331.31,FAILED,BANK,WhatsApp
PAY000002060,A004010,2025-10-10 14:00:00,5972.31,FAILED,CARD,WhatsApp
PAY000002061,A003889,2025-11-13 14:00:00,9564.05,SUCCESS,CARD,WhatsApp
PAY000002062,A002872,2026-08-03 18:00:00,2827.65,SUCCESS,UPI,Self_Pay
PAY000002063,A003357,2026-03-14 17:00:00,12349.72,SUCCESS,CARD,Human
PAY000002064,A002874,2026-02-21 19:00:00,7987.0,SUCCESS,BANK,Field
PAY000002065,A002342,2026-01-16 17:00:00,6459.19,SUCCESS,CASH,WhatsApp
PAY000002066,A001691,2025-10-05 21:00:00,9544.0,SUCCESS,CASH,WhatsApp
PAY000002067,A001565,2025-12-06 11:00:00,6692.45,SUCCESS,BANK,Human
PAY000002068,A001555,2026-07-06 09:00:00,7081.31,SUCCESS,CASH,Human
PAY000002069,A003291,2025-10-09 15:00:00,1925.15,SUCCESS,BANK,WhatsApp
PAY000002070,A003092,2026-02-15 16:00:00,14852.64,SUCCESS,CASH,AI Voice
PAY000002071,A001348,2026-01-04 17:00:00,15090.65,SUCCESS,CASH,Field
PAY000002072,A000775,2025-11-22 18:00:00,15166.56,SUCCESS,CASH,AI Voice
PAY000002073,A002111,2025-11-14 16:00:00,6041.38,SUCCESS,UPI,Self_Pay
PAY000002074,A000357,2025-12-09 07:00:00,3825.22,SUCCESS,UPI,Self_Pay
PAY000002075,A004040,2025-11-23 13:00:00,13898.71,SUCCESS,CASH,WhatsApp
PAY000002076,A000222,2026-01-04 09:00:00,1657.24,FAILED,CARD,AI Voice
PAY000002077,A002694,2026-01-01 19:00:00,6382.71,SUCCESS,UPI,Field
PAY000002078,A002127,2025-09-16 09:00:00,9616.45,SUCCESS,BANK,Human
PAY000002079,A000970,2025-11-22 21:00:00,7945.9,FAILED,CARD,WhatsApp
PAY000002080,A001560,2026-02-11 10:00:00,4855.6,FAILED,CASH,Self_Pay
PAY000002081,A002530,2025-09-14 16:00:00,10005.42,SUCCESS,UPI,Self_Pay
PAY000002082,A002669,2026-02-08 20:00:00,2095.32,SUCCESS,UPI,AI Voice
PAY000002083,A003689,2026-05-25 21:00:00,13985.57,SUCCESS,UPI,Self_Pay
PAY000002084,A000743,2026-02-22 20:00:00,9243.35,SUCCESS,CASH,Field
PAY000002085,A003197,2025-12-26 19:00:00,2255.15,SUCCESS,UPI,AI Voice
PAY000002086,A001554,2026-08-24 08:00:00,14653.93,SUCCESS,CASH,Human
PAY000002087,A000708,2026-07-26 19:00:00,3941.45,SUCCESS,UPI,WhatsApp
PAY000002088,A002876,2026-08-07 12:00:00,3757.39,SUCCESS,UPI,AI Voice
PAY000002089,A003356,2026-03-17 19:00:00,14952.49,SUCCESS,BANK,Field
PAY000002090,A001784,2025-10-08 19:00:00,2586.62,SUCCESS,CARD,Field
PAY000002091,A001342,2026-05-13 18:00:00,8844.75,SUCCESS,BANK,Self_Pay
PAY000002092,A000592,2026-04-20 18:00:00,1937.66,FAILED,CASH,WhatsApp
PAY000002093,A002296,2026-06-27 12:00:00,1694.36,FAILED,UPI,WhatsApp
PAY000002094,A001134,2025-10-10 18:00:00,8191.32,SUCCESS,CASH,AI Voice
PAY000002095,A002220,2025-10-24 15:00:00,4282.29,SUCCESS,UPI,Human
PAY000002096,A001075,2026-01-16 08:00:00,9594.94,FAILED,CARD,Field
PAY000002097,A003387,2025-11-09 13:00:00,2718.98,SUCCESS,BANK,Field
PAY000002098,A002649,2026-02-13 20:00:00,9669.93,SUCCESS,BANK,Self_Pay
PAY000002099,A002455,2026-03-09 18:00:00,2275.34,FAILED,CASH,Human
PAY000002100,A002429,2026-02-04 07:00:00,4657.05,SUCCESS,UPI,Self_Pay
PAY000002101,A000607,2026-04-03 14:00:00,14074.71,SUCCESS,UPI,WhatsApp
PAY000002102,A001022,2025-09-15 15:00:00,4400.56,SUCCESS,CASH,WhatsApp
PAY000002103,A003186,2026-08-16 17:00:00,9552.58,FAILED,BANK,Field
PAY000002104,A000594,2026-08-14 12:00:00,9777.0,SUCCESS,CASH,AI Voice
PAY000002105,A000161,2025-09-09 09:00:00,3162.53,FAILED,CASH,Human
PAY000002106,A000305,2026-06-06 09:00:00,4228.0,FAILED,CARD,AI Voice
PAY000002107,A001920,2026-05-15 18:00:00,12457.66,FAILED,UPI,WhatsApp
PAY000002108,A001580,2026-02-22 09:00:00,1461.33,SUCCESS,CASH,Human
PAY000002109,A003973,2025-09-17 20:00:00,14690.92,SUCCESS,CASH,Self_Pay
PAY000002110,A003695,2026-04-05 11:00:00,9177.24,FAILED,CARD,Self_Pay
PAY000002111,A002572,2026-07-05 09:00:00,5368.0,FAILED,CARD,AI Voice
PAY000002112,A003717,2026-01-02 07:00:00,15470.91,FAILED,UPI,Field
PAY000002113,A002821,2026-03-27 20:00:00,3736.47,SUCCESS,BANK,AI Voice
PAY000002114,A001939,2025-10-25 18:00:00,10546.0,SUCCESS,UPI,WhatsApp
PAY000002115,A003032,2025-11-19 20:00:00,1440.28,SUCCESS,UPI,AI Voice
PAY000002116,A002700,2026-04-16 14:00:00,5230.75,SUCCESS,CARD,Field
PAY000002117,A003065,2025-09-16 11:00:00,13793.43,SUCCESS,CARD,Field
PAY000002118,A000813,2026-01-04 07:00:00,8978.82,FAILED,CARD,AI Voice
PAY000002119,A001193,2025-09-15 16:00:00,10469.75,SUCCESS,BANK,Self_Pay
PAY000002120,A001792,2026-03-08 10:00:00,2545.34,SUCCESS,BANK,AI Voice
PAY000002121,A003777,2026-03-02 08:00:00,1622.08,SUCCESS,BANK,AI Voice
PAY000002122,A002194,2026-05-06 16:00:00,3986.76,SUCCESS,CARD,AI Voice
PAY000002123,A002186,2026-02-19 10:00:00,7350.2,SUCCESS,CARD,Field
PAY000002124,A002760,2025-09-11 17:00:00,4175.03,SUCCESS,CARD,WhatsApp
PAY000002125,A004044,2025-11-11 10:00:00,9893.0,SUCCESS,BANK,AI Voice
PAY000002126,A002423,2026-07-18 08:00:00,10352.68,FAILED,CASH,Self_Pay
PAY000002127,A002935,2025-12-08 14:00:00,8076.19,SUCCESS,CARD,Field
PAY000002128,A000218,2025-11-24 11:00:00,2442.73,FAILED,CARD,Self_Pay
PAY000002129,A003905,2026-08-10 13:00:00,7112.0,SUCCESS,CASH,AI Voice
PAY000002130,A000636,2026-08-09 16:00:00,8430.0,FAILED,UPI,Self_Pay
PAY000002131,A002284,2026-02-16 19:00:00,3751.92,SUCCESS,BANK,Self_Pay
PAY000002132,A004142,2026-03-25 10:00:00,9124.69,SUCCESS,UPI,Self_Pay
PAY000002133,A003691,2026-03-02 17:00:00,3224.39,FAILED,UPI,Field
PAY000002134,A000043,2026-07-10 19:00:00,7142.0,SUCCESS,UPI,Field
PAY000002135,A001097,2025-11-10 16:00:00,11618.84,SUCCESS,BANK,Human
PAY000002136,A001377,2025-12-22 12:00:00,12909.22,SUCCESS,BANK,AI Voice
PAY000002137,A004122,2025-11-03 13:00:00,14307.86,SUCCESS,UPI,AI Voice
PAY000002138,A000163,2026-03-14 11:00:00,2752.17,SUCCESS,BANK,AI Voice
PAY000002139,A000512,2026-01-12 13:00:00,2233.23,SUCCESS,CARD,Human
PAY000002140,A001654,2025-10-02 15:00:00,5673.33,FAILED,CARD,Self_Pay
PAY000002141,A004149,2026-07-12 17:00:00,8955.37,SUCCESS,BANK,AI Voice
PAY000002142,A003191,2026-04-21 18:00:00,9884.94,SUCCESS,BANK,Field
PAY000002143,A000198,2026-03-03 10:00:00,10972.29,FAILED,CARD,AI Voice
PAY000002144,A002489,2025-10-13 07:00:00,14880.52,SUCCESS,CASH,Human
PAY000002145,A001984,2026-04-12 18:00:00,14687.13,SUCCESS,CARD,WhatsApp
PAY000002146,A001682,2026-03-25 11:00:00,1147.02,SUCCESS,CARD,Field
PAY000002147,A002789,2025-09-14 12:00:00,14858.57,SUCCESS,CASH,WhatsApp
PAY000002148,A004083,2025-09-19 21:00:00,13895.54,FAILED,UPI,Field
PAY000002149,A000172,2026-06-15 21:00:00,6008.25,SUCCESS,CASH,Self_Pay
PAY000002150,A001167,2026-04-26 13:00:00,1494.77,SUCCESS,BANK,Human
PAY000002151,A001312,2026-03-23 14:00:00,9782.51,SUCCESS,UPI,WhatsApp
PAY000002152,A001304,2026-01-20 21:00:00,14897.67,FAILED,CARD,AI Voice
PAY000002153,A002327,2025-09-24 10:00:00,15776.75,SUCCESS,CARD,Self_Pay
PAY000002154,A003894,2026-06-19 11:00:00,1559.36,SUCCESS,UPI,AI Voice
PAY000002155,A001991,2026-07-09 12:00:00,5479.9,FAILED,CARD,Self_Pay
PAY000002156,A002859,2026-08-21 09:00:00,9556.87,FAILED,CASH,AI Voice
PAY000002157,A003000,2026-02-09 21:00:00,5731.51,SUCCESS,BANK,Human
PAY000002158,A000103,2026-04-19 14:00:00,7526.0,SUCCESS,BANK,Self_Pay
PAY000002159,A003764,2026-02-11 15:00:00,8985.76,SUCCESS,UPI,Human
PAY000002160,A000276,2026-07-05 20:00:00,7330.11,SUCCESS,CARD,Self_Pay
PAY000002161,A001152,2026-08-20 13:00:00,12836.81,SUCCESS,UPI,Human
PAY000002162,A002554,2026-02-23 13:00:00,14228.41,SUCCESS,CASH,Self_Pay
PAY000002163,A001281,2025-09-18 14:00:00,6410.35,FAILED,CASH,Self_Pay
PAY000002164,A001526,2026-05-11 12:00:00,13349.28,SUCCESS,CARD,Field
PAY000002165,A002526,2026-03-21 20:00:00,3381.35,SUCCESS,BANK,Field
PAY000002166,A004170,2025-09-03 11:00:00,1206.7,SUCCESS,CARD,Self_Pay
PAY000002167,A000685,2026-04-15 07:00:00,9744.61,FAILED,BANK,WhatsApp
PAY000002168,A001535,2025-11-17 20:00:00,9755.14,SUCCESS,CARD,AI Voice
PAY000002169,A003778,2026-03-01 18:00:00,7525.25,SUCCESS,CARD,WhatsApp
PAY000002170,A000958,2026-05-18 18:00:00,2366.53,SUCCESS,UPI,Self_Pay
PAY000002171,A003155,2025-10-17 16:00:00,15808.8,SUCCESS,BANK,WhatsApp
PAY000002172,A003990,2026-08-20 08:00:00,2464.01,FAILED,BANK,Field
PAY000002173,A003836,2026-01-17 13:00:00,4732.0,SUCCESS,UPI,WhatsApp
PAY000002174,A003248,2025-11-26 13:00:00,1646.31,FAILED,CARD,AI Voice
PAY000002175,A000030,2026-04-21 11:00:00,8436.69,FAILED,CASH,AI Voice
PAY000002176,A001134,2025-09-02 12:00:00,15380.03,SUCCESS,UPI,Self_Pay
PAY000002177,A003072,2026-03-04 17:00:00,5973.21,SUCCESS,CASH,Self_Pay
PAY000002178,A002718,2026-04-16 19:00:00,9070.87,SUCCESS,CASH,Field
PAY000002179,A004185,2026-05-08 18:00:00,12635.02,FAILED,BANK,Self_Pay
PAY000002180,A003016,2025-10-18 07:00:00,8770.61,SUCCESS,CARD,WhatsApp
PAY000002181,A000825,2026-05-25 21:00:00,1792.55,SUCCESS,CARD,Field
PAY000002182,A000543,2026-01-20 15:00:00,9546.29,SUCCESS,CASH,Field
PAY000002183,A003076,2026-08-03 07:00:00,3773.62,SUCCESS,CASH,Field
PAY000002184,A000586,2026-03-27 11:00:00,7986.87,SUCCESS,UPI,Human
PAY000002185,A004061,2025-11-18 14:00:00,13440.0,SUCCESS,BANK,Human
PAY000002186,A003811,2025-11-05 13:00:00,12531.07,FAILED,UPI,AI Voice
PAY000002187,A001477,2026-02-17 12:00:00,6967.75,SUCCESS,CASH,Field
PAY000002188,A001167,2025-11-15 13:00:00,2604.56,SUCCESS,CASH,Self_Pay
PAY000002189,A000674,2025-09-18 09:00:00,8363.71,SUCCESS,CASH,WhatsApp
PAY000002190,A002796,2026-01-05 13:00:00,9578.48,SUCCESS,CASH,Self_Pay
PAY000002191,A002787,2026-08-03 17:00:00,14261.46,FAILED,CASH,Field
PAY000002192,A003758,2026-05-16 07:00:00,4610.81,SUCCESS,CARD,Self_Pay
PAY000002193,A000884,2026-04-15 17:00:00,7806.55,SUCCESS,CASH,Human
PAY000002194,A003847,2025-09-09 20:00:00,12511.38,SUCCESS,UPI,Human
PAY000002195,A002977,2026-07-12 18:00:00,12804.66,SUCCESS,CASH,WhatsApp
PAY000002196,A000210,2026-07-21 09:00:00,7399.01,SUCCESS,CARD,WhatsApp
PAY000002197,A003239,2026-03-08 21:00:00,12997.22,FAILED,CASH,Human
PAY000002198,A004003,2025-11-15 11:00:00,2306.55,SUCCESS,BANK,WhatsApp
PAY000002199,A000779,2026-01-03 17:00:00,13803.02,FAILED,UPI,AI Voice
PAY000002200,A001796,2026-03-07 19:00:00,3374.95,SUCCESS,UPI,Field
PAY000002201,A000556,2025-11-02 10:00:00,9813.56,SUCCESS,CARD,AI Voice
PAY000002202,A000454,2025-12-19 19:00:00,7800.58,FAILED,UPI,Field
PAY000002203,A001788,2026-01-05 13:00:00,2141.13,SUCCESS,BANK,AI Voice
PAY000002204,A000716,2025-11-04 07:00:00,6419.0,SUCCESS,UPI,WhatsApp
PAY000002205,A003523,2026-07-13 14:00:00,2338.77,SUCCESS,BANK,Self_Pay
PAY000002206,A003865,2026-03-27 15:00:00,1532.44,SUCCESS,CASH,Field
PAY000002207,A003278,2026-01-12 10:00:00,4474.27,SUCCESS,BANK,AI Voice
PAY000002208,A003601,2026-08-14 18:00:00,12436.32,FAILED,BANK,Self_Pay
PAY000002209,A003143,2026-04-06 08:00:00,10161.0,SUCCESS,CASH,Field
PAY000002210,A001023,2026-04-20 15:00:00,2028.53,SUCCESS,CASH,Field
PAY000002211,A004129,2025-11-26 08:00:00,6383.57,FAILED,CARD,Field
PAY000002212,A000074,2026-05-22 10:00:00,14005.44,SUCCESS,BANK,Human
PAY000002213,A002805,2026-05-03 20:00:00,12402.0,SUCCESS,CASH,Self_Pay
PAY000002214,A002504,2026-02-20 18:00:00,7638.99,SUCCESS,UPI,WhatsApp
PAY000002215,A003914,2026-02-27 15:00:00,6977.0,SUCCESS,CARD,AI Voice
PAY000002216,A003944,2025-10-07 17:00:00,13089.71,SUCCESS,CARD,WhatsApp
PAY000002217,A000778,2025-09-22 15:00:00,6167.48,SUCCESS,CARD,WhatsApp
PAY000002218,A002443,2026-05-25 16:00:00,6321.97,SUCCESS,BANK,AI Voice
PAY000002219,A001577,2025-09-05 10:00:00,3307.73,SUCCESS,CASH,Self_Pay
PAY000002220,A000052,2025-09-02 20:00:00,9660.39,SUCCESS,CASH,AI Voice
PAY000002221,A001384,2026-06-13 20:00:00,6215.31,SUCCESS,BANK,Human
PAY000002222,A003029,2026-02-17 16:00:00,13394.0,SUCCESS,CASH,Field
PAY000002223,A000393,2026-07-17 21:00:00,9752.65,FAILED,BANK,Human
PAY000002224,A000865,2026-08-25 07:00:00,11692.69,SUCCESS,BANK,AI Voice
PAY000002225,A001550,2025-10-27 17:00:00,4202.24,SUCCESS,BANK,WhatsApp
PAY000002226,A004146,2025-09-22 21:00:00,9562.44,SUCCESS,CASH,Self_Pay
PAY000002227,A000488,2026-05-13 15:00:00,3062.65,SUCCESS,CARD,WhatsApp
PAY000002228,A001127,2026-04-13 11:00:00,15160.0,SUCCESS,UPI,AI Voice
PAY000002229,A001676,2026-04-27 19:00:00,7132.27,SUCCESS,BANK,Human
PAY000002230,A002030,2025-10-06 08:00:00,5501.91,SUCCESS,BANK,AI Voice
PAY000002231,A002753,2026-05-13 20:00:00,10246.26,FAILED,BANK,WhatsApp
PAY000002232,A001455,2026-07-01 21:00:00,2974.85,FAILED,BANK,Self_Pay
PAY000002233,A001735,2026-06-08 16:00:00,6302.03,SUCCESS,CARD,WhatsApp
PAY000002234,A002515,2025-10-03 12:00:00,5309.95,FAILED,CARD,Self_Pay
PAY000002235,A003682,2026-05-02 14:00:00,4860.58,SUCCESS,BANK,Self_Pay
PAY000002236,A001040,2026-03-16 14:00:00,7766.84,FAILED,CASH,Human
PAY000002237,A003315,2026-05-09 15:00:00,3347.16,SUCCESS,CARD,Human
PAY000002238,A000358,2026-01-03 11:00:00,2267.94,SUCCESS,CASH,AI Voice
PAY000002239,A000082,2025-11-07 13:00:00,12839.36,SUCCESS,CASH,AI Voice
PAY000002240,A000366,2026-02-08 10:00:00,2037.35,SUCCESS,UPI,Self_Pay
PAY000002241,A002811,2026-05-08 12:00:00,10179.63,SUCCESS,BANK,AI Voice
PAY000002242,A003772,2026-05-26 21:00:00,5910.0,SUCCESS,UPI,Human
PAY000002243,A001052,2025-11-12 11:00:00,13628.53,SUCCESS,CASH,WhatsApp
PAY000002244,A002319,2026-08-23 20:00:00,6632.18,SUCCESS,BANK,Human
PAY000002245,A001669,2026-07-02 13:00:00,3141.1,SUCCESS,UPI,AI Voice
PAY000002246,A001199,2025-09-10 12:00:00,15588.14,FAILED,BANK,Field
PAY000002247,A000886,2025-10-25 08:00:00,7361.45,SUCCESS,CASH,Self_Pay
PAY000002248,A001431,2026-02-22 12:00:00,4326.32,SUCCESS,CASH,AI Voice
PAY000002249,A002373,2026-06-04 15:00:00,5691.16,SUCCESS,UPI,WhatsApp
PAY000002250,A000601,2026-05-15 10:00:00,10331.0,FAILED,CARD,Human
PAY000002251,A003062,2025-12-03 13:00:00,10312.43,SUCCESS,CASH,AI Voice
PAY000002252,A002020,2026-08-10 16:00:00,13680.94,SUCCESS,UPI,Human
PAY000002253,A003978,2025-09-24 12:00:00,6513.43,FAILED,CASH,WhatsApp
PAY000002254,A003292,2026-01-26 19:00:00,3271.58,FAILED,CARD,Human
PAY000002255,A002157,2026-04-25 12:00:00,3953.3,SUCCESS,CARD,Self_Pay
PAY000002256,A004190,2026-07-18 21:00:00,10077.67,SUCCESS,BANK,Human
PAY000002257,A002983,2025-09-11 17:00:00,9781.29,SUCCESS,CARD,WhatsApp
PAY000002258,A000126,2026-04-21 07:00:00,2870.86,SUCCESS,CASH,Human
PAY000002259,A002519,2026-04-23 07:00:00,10324.52,SUCCESS,CASH,WhatsApp
PAY000002260,A001066,2025-10-22 16:00:00,7083.64,SUCCESS,CARD,Self_Pay
PAY000002261,A002517,2026-03-26 14:00:00,7930.0,FAILED,CASH,Self_Pay
PAY000002262,A001517,2026-07-17 19:00:00,5462.83,FAILED,BANK,WhatsApp
PAY000002263,A002759,2025-11-06 20:00:00,4383.0,FAILED,BANK,WhatsApp
PAY000002264,A003703,2026-03-06 21:00:00,5070.15,SUCCESS,CASH,Human
PAY000002265,A000911,2026-05-14 19:00:00,7177.16,SUCCESS,CARD,WhatsApp
PAY000002266,A002494,2026-06-18 20:00:00,13432.46,SUCCESS,BANK,AI Voice
PAY000002267,A000944,2026-04-08 16:00:00,13316.15,SUCCESS,UPI,Field
PAY000002268,A000572,2026-08-23 15:00:00,12094.21,SUCCESS,UPI,Self_Pay
PAY000002269,A000716,2025-12-15 18:00:00,6419.0,SUCCESS,CASH,Human
PAY000002270,A003989,2026-01-05 15:00:00,1464.0,SUCCESS,CASH,Self_Pay
PAY000002271,A000981,2025-12-14 14:00:00,6259.26,FAILED,CASH,Human
PAY000002272,A003277,2026-06-17 12:00:00,6217.04,FAILED,CASH,Human
PAY000002273,A002117,2026-08-13 09:00:00,11641.81,SUCCESS,CASH,Field
PAY000002274,A000804,2026-08-10 07:00:00,13586.24,FAILED,CASH,Field
PAY000002275,A001222,2026-05-04 15:00:00,8877.5,SUCCESS,BANK,AI Voice
PAY000002276,A001926,2025-12-24 10:00:00,4789.78,FAILED,BANK,AI Voice
PAY000002277,A002204,2026-03-10 19:00:00,8978.81,FAILED,BANK,AI Voice
PAY000002278,A003251,2026-02-08 15:00:00,1938.43,SUCCESS,CARD,AI Voice
PAY000002279,A003589,2025-09-16 11:00:00,7689.26,SUCCESS,BANK,Self_Pay
PAY000002280,A002392,2026-01-24 07:00:00,8290.0,SUCCESS,CARD,Field
PAY000002281,A001234,2026-04-06 20:00:00,1504.42,SUCCESS,CARD,WhatsApp
PAY000002282,A000894,2026-04-06 14:00:00,2751.01,SUCCESS,CARD,Human
PAY000002283,A003610,2025-11-06 10:00:00,9936.96,SUCCESS,CARD,WhatsApp
PAY000002284,A003357,2026-02-05 08:00:00,8250.06,SUCCESS,CARD,Human
PAY000002285,A002512,2025-10-26 12:00:00,15585.52,SUCCESS,UPI,Self_Pay
PAY000002286,A000458,2026-08-27 16:00:00,3400.39,FAILED,UPI,AI Voice
PAY000002287,A002952,2026-02-12 14:00:00,9857.6,SUCCESS,CASH,Field
PAY000002288,A000765,2025-09-04 09:00:00,6854.92,SUCCESS,CASH,Field
PAY000002289,A004143,2026-01-19 18:00:00,7143.86,SUCCESS,CASH,WhatsApp
PAY000002290,A004114,2026-03-20 19:00:00,14069.0,SUCCESS,UPI,Field
PAY000002291,A000331,2025-09-12 08:00:00,4508.95,SUCCESS,BANK,Self_Pay
PAY000002292,A004163,2026-06-19 12:00:00,10173.43,SUCCESS,CASH,WhatsApp
PAY000002293,A001009,2026-07-10 07:00:00,6412.24,SUCCESS,CARD,Human
PAY000002294,A001795,2025-12-10 17:00:00,7878.32,SUCCESS,BANK,Self_Pay
PAY000002295,A000515,2026-03-23 13:00:00,10351.81,SUCCESS,CARD,Human
PAY000002296,A003568,2026-05-03 15:00:00,3083.87,SUCCESS,CARD,AI Voice
PAY000002297,A003962,2025-10-13 16:00:00,3554.28,SUCCESS,BANK,Field
PAY000002298,A000931,2026-03-13 16:00:00,1772.53,FAILED,CASH,Human
PAY000002299,A003306,2026-07-13 14:00:00,7086.6,SUCCESS,UPI,AI Voice
PAY000002300,A003639,2026-01-25 18:00:00,5037.64,SUCCESS,UPI,Human
PAY000002301,A001092,2026-08-24 18:00:00,14707.75,FAILED,BANK,AI Voice
PAY000002302,A002201,2025-12-15 16:00:00,1070.89,SUCCESS,UPI,Self_Pay
PAY000002303,A000307,2026-04-03 12:00:00,7840.6,SUCCESS,BANK,Self_Pay
PAY000002304,A000096,2025-10-05 08:00:00,10236.0,FAILED,UPI,AI Voice
PAY000002305,A002172,2026-07-08 07:00:00,14577.46,SUCCESS,BANK,WhatsApp
PAY000002306,A001564,2025-11-26 18:00:00,13895.01,FAILED,CARD,WhatsApp
PAY000002307,A003166,2026-03-13 20:00:00,5259.97,FAILED,CASH,Human
PAY000002308,A003366,2026-03-18 07:00:00,15998.3,SUCCESS,BANK,Self_Pay
PAY000002309,A003276,2026-05-14 07:00:00,14030.67,SUCCESS,BANK,WhatsApp
PAY000002310,A003103,2026-07-14 20:00:00,5887.0,SUCCESS,CARD,Human
PAY000002311,A002038,2026-04-12 10:00:00,6057.0,SUCCESS,UPI,Field
PAY000002312,A001523,2026-02-22 09:00:00,10757.46,SUCCESS,CARD,Field
PAY000002313,A000897,2026-04-03 07:00:00,14460.73,SUCCESS,CARD,Self_Pay
PAY000002314,A003179,2025-12-05 17:00:00,5235.7,FAILED,CASH,AI Voice
PAY000002315,A000076,2026-04-27 16:00:00,3735.43,SUCCESS,UPI,Human
PAY000002316,A002473,2025-09-03 15:00:00,3282.0,SUCCESS,BANK,AI Voice
PAY000002317,A003078,2025-10-06 16:00:00,12703.59,SUCCESS,UPI,AI Voice
PAY000002318,A001065,2025-12-23 20:00:00,4753.49,SUCCESS,CASH,AI Voice
PAY000002319,A000048,2026-08-07 07:00:00,12724.79,FAILED,CASH,Self_Pay
PAY000002320,A001528,2025-11-12 10:00:00,5495.92,SUCCESS,CARD,WhatsApp
PAY000002321,A000399,2026-04-21 15:00:00,9244.84,FAILED,CASH,WhatsApp
PAY000002322,A003866,2025-09-06 17:00:00,6465.61,SUCCESS,BANK,Human
PAY000002323,A003600,2026-06-25 12:00:00,13164.0,FAILED,BANK,WhatsApp
PAY000002324,A000744,2026-04-11 12:00:00,3908.95,SUCCESS,CARD,AI Voice
PAY000002325,A003270,2026-01-18 19:00:00,5105.18,FAILED,UPI,Human
PAY000002326,A001692,2026-08-23 15:00:00,3043.59,SUCCESS,CASH,Human
PAY000002327,A000113,2026-03-12 21:00:00,2198.49,SUCCESS,CASH,Field
PAY000002328,A003995,2025-12-22 08:00:00,8288.25,SUCCESS,CASH,AI Voice
PAY000002329,A002542,2026-04-09 07:00:00,9041.52,SUCCESS,BANK,Human
PAY000002330,A001426,2026-03-07 21:00:00,8468.21,SUCCESS,CARD,Field
PAY000002331,A001455,2026-01-22 10:00:00,11476.35,FAILED,UPI,Field
PAY000002332,A001412,2025-09-13 14:00:00,9881.0,FAILED,UPI,WhatsApp
PAY000002333,A002936,2025-09-14 18:00:00,8963.15,SUCCESS,BANK,WhatsApp
PAY000002334,A001762,2025-12-15 20:00:00,15275.81,SUCCESS,BANK,Self_Pay
PAY000002335,A001698,2026-05-27 16:00:00,8766.13,SUCCESS,UPI,WhatsApp
PAY000002336,A002343,2026-06-18 17:00:00,5293.22,FAILED,UPI,AI Voice
PAY000002337,A004146,2025-11-14 20:00:00,4701.75,FAILED,BANK,Self_Pay
PAY000002338,A002143,2026-06-13 13:00:00,4902.62,FAILED,UPI,Human
PAY000002339,A001415,2026-05-12 08:00:00,7673.14,SUCCESS,CASH,Human
PAY000002340,A001223,2025-12-11 13:00:00,11948.39,SUCCESS,CARD,Field
PAY000002341,A001494,2026-03-06 16:00:00,5010.04,SUCCESS,CASH,AI Voice
PAY000002342,A002716,2026-07-12 20:00:00,11722.57,FAILED,CARD,Self_Pay
PAY000002343,A000397,2026-02-06 11:00:00,5581.08,SUCCESS,CARD,Field
PAY000002344,A004097,2026-07-06 17:00:00,12379.87,FAILED,CARD,AI Voice
PAY000002345,A002123,2026-03-25 13:00:00,10891.28,SUCCESS,CARD,AI Voice
PAY000002346,A003572,2026-03-13 08:00:00,11068.98,SUCCESS,CASH,Human
PAY000002347,A003317,2026-06-08 15:00:00,3133.3,SUCCESS,CARD,Self_Pay
PAY000002348,A002018,2026-08-18 14:00:00,9186.91,SUCCESS,CASH,AI Voice
PAY000002349,A000595,2025-09-22 21:00:00,15738.83,SUCCESS,CASH,Field
PAY000002350,A003299,2026-02-23 07:00:00,13976.95,FAILED,CARD,Self_Pay
PAY000002351,A003274,2025-11-20 11:00:00,2629.03,SUCCESS,CASH,AI Voice
PAY000002352,A000326,2025-09-04 15:00:00,9808.51,SUCCESS,CASH,Human
PAY000002353,A004036,2025-11-24 11:00:00,4920.36,FAILED,UPI,Field
PAY000002354,A003972,2025-09-15 20:00:00,8641.37,SUCCESS,CARD,Field
PAY000002355,A000629,2025-09-25 16:00:00,14323.91,SUCCESS,BANK,Self_Pay
PAY000002356,A003330,2026-03-10 19:00:00,1227.39,SUCCESS,UPI,Field
PAY000002357,A002977,2026-05-10 09:00:00,12048.7,SUCCESS,CARD,Human
PAY000002358,A003753,2026-05-09 09:00:00,9216.34,SUCCESS,BANK,Field
PAY000002359,A000388,2025-09-13 09:00:00,4861.33,SUCCESS,CASH,AI Voice
PAY000002360,A001056,2026-08-21 08:00:00,2996.49,SUCCESS,CARD,WhatsApp
PAY000002361,A003315,2026-01-14 10:00:00,9915.65,SUCCESS,CARD,AI Voice
PAY000002362,A001219,2026-03-06 08:00:00,11328.56,FAILED,UPI,Human
PAY000002363,A002121,2026-03-01 19:00:00,12915.7,SUCCESS,CASH,Field
PAY000002364,A002114,2026-02-09 14:00:00,5550.06,SUCCESS,BANK,WhatsApp
PAY000002365,A002371,2025-12-14 08:00:00,8814.97,SUCCESS,BANK,Human
PAY000002366,A002921,2026-07-24 21:00:00,10245.0,FAILED,UPI,WhatsApp
PAY000002367,A000775,2026-04-02 12:00:00,5258.8,SUCCESS,CASH,Human
PAY000002368,A000838,2026-04-07 15:00:00,1661.81,SUCCESS,BANK,WhatsApp
PAY000002369,A001868,2025-09-22 14:00:00,7008.48,SUCCESS,CASH,WhatsApp
PAY000002370,A001965,2026-02-08 20:00:00,6011.84,SUCCESS,CASH,AI Voice
PAY000002371,A001253,2025-11-24 10:00:00,6179.85,FAILED,BANK,Human
PAY000002372,A003522,2026-07-20 21:00:00,7651.02,FAILED,BANK,Human
PAY000002373,A002548,2026-01-26 08:00:00,10312.33,FAILED,UPI,WhatsApp
PAY000002374,A003513,2026-01-08 13:00:00,14465.99,SUCCESS,UPI,WhatsApp
PAY000002375,A000638,2025-10-12 10:00:00,9190.92,SUCCESS,BANK,WhatsApp
PAY000002376,A000782,2026-01-02 12:00:00,6285.0,SUCCESS,BANK,Field
PAY000002377,A002718,2026-07-24 07:00:00,5539.06,SUCCESS,UPI,WhatsApp
PAY000002378,A000770,2026-08-07 07:00:00,6052.97,FAILED,CASH,Field
PAY000002379,A001213,2026-01-01 15:00:00,14311.01,SUCCESS,CARD,WhatsApp
PAY000002380,A002884,2026-05-11 07:00:00,10839.94,FAILED,CASH,Human
PAY000002381,A003713,2025-12-07 20:00:00,13620.0,SUCCESS,BANK,Self_Pay
PAY000002382,A003858,2025-09-19 10:00:00,4142.24,SUCCESS,CARD,AI Voice
PAY000002383,A003511,2026-08-27 13:00:00,11297.59,SUCCESS,BANK,Self_Pay
PAY000002384,A002810,2026-07-11 18:00:00,4711.78,SUCCESS,UPI,Self_Pay
PAY000002385,A000509,2026-01-25 21:00:00,2251.4,FAILED,CARD,Human
PAY000002386,A000505,2026-05-21 11:00:00,10387.74,SUCCESS,UPI,Self_Pay
PAY000002387,A000646,2026-03-03 17:00:00,4572.34,SUCCESS,UPI,AI Voice
PAY000002388,A000988,2025-10-11 11:00:00,6526.79,SUCCESS,BANK,Self_Pay
PAY000002389,A002704,2026-02-02 20:00:00,3615.52,SUCCESS,CASH,Field
PAY000002390,A002823,2026-03-15 09:00:00,2349.22,SUCCESS,CARD,Human
PAY000002391,A003674,2026-03-21 13:00:00,9888.73,SUCCESS,BANK,Field
PAY000002392,A001481,2025-11-20 09:00:00,7882.5,FAILED,BANK,Human
PAY000002393,A000901,2025-12-13 09:00:00,7437.79,SUCCESS,CARD,AI Voice
PAY000002394,A001774,2026-07-16 14:00:00,12473.29,SUCCESS,BANK,WhatsApp
PAY000002395,A003352,2025-10-09 08:00:00,8178.55,FAILED,UPI,WhatsApp
PAY000002396,A001192,2026-01-19 18:00:00,8826.0,SUCCESS,BANK,WhatsApp
PAY000002397,A002366,2026-08-15 17:00:00,9275.85,SUCCESS,CASH,WhatsApp
PAY000002398,A002340,2026-04-21 12:00:00,14348.18,FAILED,CARD,Human
PAY000002399,A001224,2026-07-06 21:00:00,6347.07,FAILED,UPI,AI Voice
PAY000002400,A000150,2025-09-14 21:00:00,3443.05,SUCCESS,CASH,Field
PAY000002401,A001135,2026-01-02 21:00:00,12742.3,SUCCESS,CASH,AI Voice
PAY000002402,A003965,2026-06-17 19:00:00,5937.35,SUCCESS,CASH,Self_Pay
PAY000002403,A001620,2025-09-01 14:00:00,9594.64,SUCCESS,UPI,Field
PAY000002404,A001394,2026-03-12 15:00:00,2434.81,FAILED,BANK,Field
PAY000002405,A001444,2026-05-03 15:00:00,5627.48,SUCCESS,BANK,Field
PAY000002406,A003853,2026-06-13 16:00:00,14348.33,SUCCESS,CASH,Self_Pay
PAY000002407,A000369,2026-07-08 15:00:00,3009.1,SUCCESS,BANK,AI Voice
PAY000002408,A004015,2026-06-08 07:00:00,11990.17,SUCCESS,CARD,WhatsApp
PAY000002409,A003981,2026-07-21 18:00:00,13595.21,SUCCESS,CASH,Field
PAY000002410,A001239,2026-01-05 20:00:00,4696.62,SUCCESS,UPI,AI Voice
PAY000002411,A002103,2025-12-22 10:00:00,3360.27,SUCCESS,BANK,Human
PAY000002412,A001682,2026-03-05 14:00:00,13196.49,SUCCESS,CARD,Human
PAY000002413,A000476,2026-08-27 12:00:00,2918.16,SUCCESS,CASH,Self_Pay
PAY000002414,A003903,2026-03-13 13:00:00,8560.85,SUCCESS,CARD,WhatsApp
PAY000002415,A001573,2026-02-21 07:00:00,13519.65,SUCCESS,UPI,Human
PAY000002416,A004111,2025-12-20 07:00:00,11519.0,SUCCESS,CARD,AI Voice
PAY000002417,A003763,2025-11-23 14:00:00,5717.45,SUCCESS,UPI,Human
PAY000002418,A000849,2025-12-14 15:00:00,13801.33,SUCCESS,CASH,Self_Pay
PAY000002419,A000486,2026-04-13 16:00:00,11239.04,FAILED,CARD,Field
PAY000002420,A000478,2025-09-20 18:00:00,3048.29,FAILED,BANK,Human
PAY000002421,A000606,2026-02-27 20:00:00,8579.1,FAILED,CASH,AI Voice
PAY000002422,A000222,2026-05-27 16:00:00,13844.92,FAILED,CASH,Human
PAY000002423,A002559,2025-12-16 17:00:00,14744.62,SUCCESS,BANK,Field
PAY000002424,A000380,2026-03-01 17:00:00,4633.44,SUCCESS,UPI,Self_Pay
PAY000002425,A002325,2026-08-25 09:00:00,11406.87,SUCCESS,BANK,AI Voice
PAY000002426,A001927,2026-04-06 17:00:00,5176.04,FAILED,CASH,Self_Pay
PAY000002427,A003683,2026-05-09 20:00:00,1289.47,SUCCESS,CASH,Self_Pay
PAY000002428,A000245,2026-03-25 20:00:00,15789.63,SUCCESS,UPI,AI Voice
PAY000002429,A002789,2026-07-12 18:00:00,7419.08,SUCCESS,CASH,WhatsApp
PAY000002430,A001910,2026-04-10 08:00:00,1171.63,FAILED,CASH,Human
PAY000002431,A003012,2025-11-01 16:00:00,7735.74,SUCCESS,UPI,Self_Pay
PAY000002432,A000125,2026-07-12 19:00:00,5360.57,SUCCESS,UPI,Self_Pay
PAY000002433,A003691,2026-01-23 13:00:00,5557.95,SUCCESS,BANK,Human
PAY000002434,A002232,2025-12-10 09:00:00,14834.8,SUCCESS,UPI,Self_Pay
PAY000002435,A003162,2026-03-24 07:00:00,7086.87,SUCCESS,UPI,AI Voice
PAY000002436,A003343,2026-03-19 07:00:00,4625.62,SUCCESS,BANK,AI Voice
PAY000002437,A000994,2025-12-23 14:00:00,5751.58,SUCCESS,BANK,AI Voice
PAY000002438,A003126,2025-09-05 20:00:00,6144.38,SUCCESS,CARD,Self_Pay
PAY000002439,A004021,2025-11-04 19:00:00,7562.0,SUCCESS,CARD,WhatsApp
PAY000002440,A001902,2026-02-18 20:00:00,5079.4,SUCCESS,UPI,WhatsApp
PAY000002441,A002414,2026-05-07 09:00:00,5699.5,SUCCESS,UPI,WhatsApp
PAY000002442,A003663,2026-07-18 15:00:00,6602.59,FAILED,UPI,Field
PAY000002443,A003849,2026-05-20 07:00:00,2625.86,FAILED,UPI,Human
PAY000002444,A000274,2026-03-09 20:00:00,1414.05,SUCCESS,CARD,Self_Pay
PAY000002445,A002400,2026-05-16 16:00:00,4818.34,SUCCESS,CASH,Field
PAY000002446,A001996,2026-01-25 12:00:00,10190.24,FAILED,BANK,WhatsApp
PAY000002447,A002747,2026-02-09 19:00:00,3548.85,SUCCESS,CARD,WhatsApp
PAY000002448,A000485,2026-06-25 18:00:00,1659.79,SUCCESS,BANK,AI Voice
PAY000002449,A001436,2025-10-17 16:00:00,5029.99,SUCCESS,BANK,Human
PAY000002450,A001548,2026-02-11 18:00:00,14980.37,FAILED,CARD,AI Voice
PAY000002451,A000168,2025-11-14 07:00:00,7667.51,SUCCESS,CASH,AI Voice
PAY000002452,A003882,2025-09-16 17:00:00,4787.69,FAILED,BANK,Self_Pay
PAY000002453,A001932,2026-08-11 08:00:00,10914.89,SUCCESS,CASH,AI Voice
PAY000002454,A001563,2025-09-02 13:00:00,14541.42,SUCCESS,CARD,WhatsApp
PAY000002455,A004172,2026-08-12 10:00:00,14196.83,SUCCESS,CASH,Field
PAY000002456,A000412,2026-07-04 18:00:00,12560.23,SUCCESS,UPI,Field
PAY000002457,A002221,2026-02-03 10:00:00,4309.02,FAILED,BANK,Field
PAY000002458,A001841,2026-03-19 20:00:00,11088.0,FAILED,UPI,AI Voice
PAY000002459,A004072,2026-03-10 17:00:00,12087.65,SUCCESS,CASH,Self_Pay
PAY000002460,A001067,2025-09-04 09:00:00,2817.82,FAILED,CARD,Self_Pay
PAY000002461,A002891,2025-11-12 08:00:00,8418.31,SUCCESS,CASH,WhatsApp
PAY000002462,A002596,2026-08-07 12:00:00,8500.11,FAILED,UPI,Field
PAY000002463,A001356,2026-06-15 10:00:00,5714.96,SUCCESS,BANK,Self_Pay
PAY000002464,A004059,2025-10-12 20:00:00,13427.35,SUCCESS,BANK,Human
PAY000002465,A000710,2026-03-17 18:00:00,11137.4,SUCCESS,BANK,Human
PAY000002466,A001846,2025-09-19 08:00:00,7236.53,FAILED,UPI,AI Voice
PAY000002467,A004020,2025-11-21 15:00:00,9223.42,FAILED,UPI,Field
PAY000002468,A002627,2026-05-08 13:00:00,15822.58,SUCCESS,CARD,WhatsApp
PAY000002469,A001287,2026-07-13 20:00:00,7615.82,SUCCESS,BANK,AI Voice
PAY000002470,A002837,2026-07-24 19:00:00,13698.51,SUCCESS,BANK,Self_Pay
PAY000002471,A000601,2026-04-10 11:00:00,9438.33,FAILED,UPI,Self_Pay
PAY000002472,A000399,2025-10-25 09:00:00,7535.58,FAILED,UPI,Self_Pay
PAY000002473,A002450,2026-07-01 19:00:00,10581.3,SUCCESS,BANK,AI Voice
PAY000002474,A003477,2026-03-08 10:00:00,8493.3,SUCCESS,BANK,AI Voice
PAY000002475,A001902,2025-10-24 18:00:00,14808.44,FAILED,BANK,AI Voice
PAY000002476,A001181,2026-04-27 15:00:00,6063.01,FAILED,CASH,Field
PAY000002477,A000088,2025-10-26 12:00:00,13387.5,SUCCESS,CASH,Field
PAY000002478,A000949,2026-01-18 20:00:00,15938.43,SUCCESS,CARD,AI Voice
PAY000002479,A001735,2025-10-26 12:00:00,11572.96,SUCCESS,CARD,WhatsApp
PAY000002480,A003058,2025-10-26 20:00:00,7616.4,SUCCESS,CARD,Self_Pay
PAY000002481,A002174,2026-06-21 11:00:00,2392.7,SUCCESS,BANK,Human
PAY000002482,A003550,2026-07-21 18:00:00,6773.88,SUCCESS,CASH,Human
PAY000002483,A002176,2026-01-27 14:00:00,4253.12,SUCCESS,UPI,Field
PAY000002484,A001142,2026-08-19 10:00:00,5106.59,SUCCESS,BANK,Field
PAY000002485,A001464,2026-07-14 15:00:00,7411.69,SUCCESS,CARD,AI Voice
PAY000002486,A000331,2026-06-13 20:00:00,8132.57,SUCCESS,UPI,Field
PAY000002487,A002968,2025-09-13 10:00:00,8137.83,SUCCESS,CASH,Field
PAY000002488,A002577,2025-12-01 16:00:00,8255.46,SUCCESS,CARD,Self_Pay
PAY000002489,A002015,2026-03-15 13:00:00,5353.57,SUCCESS,CASH,Field
PAY000002490,A001862,2026-02-16 17:00:00,8581.0,SUCCESS,CASH,Human
PAY000002491,A000350,2026-01-01 08:00:00,6615.0,SUCCESS,UPI,Self_Pay
PAY000002492,A003288,2026-05-13 18:00:00,3504.0,SUCCESS,UPI,AI Voice
PAY000002493,A000818,2026-03-08 12:00:00,5919.62,SUCCESS,CASH,AI Voice
PAY000002494,A002145,2026-03-25 15:00:00,9480.92,FAILED,CASH,WhatsApp
PAY000002495,A000051,2025-12-14 19:00:00,10436.0,SUCCESS,CASH,AI Voice
PAY000002496,A001585,2026-04-01 10:00:00,8890.39,FAILED,UPI,AI Voice
PAY000002497,A000358,2026-03-19 17:00:00,9480.26,SUCCESS,BANK,Human
PAY000002498,A000384,2026-02-27 15:00:00,5463.0,SUCCESS,CASH,Field
PAY000002499,A001895,2026-03-06 07:00:00,10703.0,SUCCESS,CASH,WhatsApp
PAY000002500,A002159,2025-11-01 17:00:00,8761.55,FAILED,CARD,Field
PAY000002501,A004100,2025-09-23 13:00:00,8157.8,FAILED,UPI,Human
PAY000002502,A003785,2026-05-18 09:00:00,6637.3,SUCCESS,UPI,WhatsApp
PAY000002503,A002140,2025-09-02 17:00:00,3861.08,SUCCESS,CASH,Field
PAY000002504,A001866,2025-12-24 08:00:00,2502.48,SUCCESS,CARD,AI Voice
PAY000002505,A003146,2026-02-25 20:00:00,13866.52,FAILED,CARD,WhatsApp
PAY000002506,A003064,2025-12-11 15:00:00,7566.12,FAILED,CARD,AI Voice
PAY000002507,A001209,2026-08-12 16:00:00,4496.64,FAILED,BANK,Self_Pay
PAY000002508,A000277,2025-10-20 19:00:00,1003.94,SUCCESS,CARD,Field
PAY000002509,A002416,2025-10-15 21:00:00,15841.15,SUCCESS,CASH,Self_Pay
PAY000002510,A002749,2026-01-26 15:00:00,9335.53,SUCCESS,BANK,Self_Pay
PAY000002511,A001758,2026-03-13 19:00:00,1302.05,FAILED,BANK,Field
PAY000002512,A001618,2025-10-27 09:00:00,3205.74,FAILED,CARD,Human
PAY000002513,A000965,2026-08-08 14:00:00,1253.95,SUCCESS,CARD,AI Voice
PAY000002514,A002319,2025-09-12 07:00:00,3815.7,FAILED,UPI,Human
PAY000002515,A001140,2025-10-12 12:00:00,1512.73,SUCCESS,UPI,Field
PAY000002516,A001664,2026-01-20 17:00:00,6853.9,SUCCESS,UPI,AI Voice
PAY000002517,A001102,2026-02-11 12:00:00,6651.89,SUCCESS,BANK,AI Voice
PAY000002518,A002904,2026-07-22 11:00:00,13447.0,SUCCESS,CASH,WhatsApp
PAY000002519,A003798,2025-10-25 12:00:00,8297.0,FAILED,UPI,Self_Pay
PAY000002520,A000090,2026-06-15 14:00:00,3201.06,SUCCESS,CARD,Human
PAY000002521,A000433,2025-12-19 13:00:00,10752.42,SUCCESS,UPI,Field
PAY000002522,A000780,2026-01-26 19:00:00,4956.83,FAILED,BANK,Field
PAY000002523,A001049,2025-10-22 11:00:00,9585.68,FAILED,UPI,Human
PAY000002524,A003405,2026-07-13 12:00:00,4389.55,SUCCESS,UPI,Field
PAY000002525,A000228,2026-03-16 10:00:00,5026.3,FAILED,BANK,AI Voice
PAY000002526,A002100,2025-09-16 14:00:00,4549.63,SUCCESS,CASH,WhatsApp
PAY000002527,A002194,2026-07-26 13:00:00,8845.27,SUCCESS,CASH,Field
PAY000002528,A002109,2026-04-21 14:00:00,7599.28,SUCCESS,UPI,Human
PAY000002529,A001349,2026-08-11 13:00:00,15159.01,FAILED,CASH,AI Voice
PAY000002530,A000193,2026-07-05 16:00:00,8191.71,SUCCESS,BANK,Field
PAY000002531,A003700,2026-08-26 18:00:00,10998.0,FAILED,BANK,WhatsApp
PAY000002532,A001853,2026-04-16 11:00:00,8071.83,SUCCESS,UPI,Field
PAY000002533,A002350,2026-06-25 16:00:00,7218.65,SUCCESS,UPI,Self_Pay
PAY000002534,A003051,2026-02-14 14:00:00,3022.35,FAILED,CARD,AI Voice
PAY000002535,A001964,2025-11-13 11:00:00,12954.69,SUCCESS,CASH,Self_Pay
PAY000002536,A001908,2026-06-19 11:00:00,4428.0,FAILED,BANK,Field
PAY000002537,A002101,2026-02-10 13:00:00,2249.69,SUCCESS,UPI,AI Voice
PAY000002538,A000011,2025-09-04 12:00:00,3557.47,SUCCESS,UPI,AI Voice
PAY000002539,A000942,2026-01-01 15:00:00,5954.22,SUCCESS,CASH,WhatsApp
PAY000002540,A003619,2026-02-02 17:00:00,14107.92,SUCCESS,UPI,Self_Pay
PAY000002541,A001314,2026-07-12 10:00:00,10204.4,FAILED,UPI,WhatsApp
PAY000002542,A002594,2025-10-26 20:00:00,4635.6,SUCCESS,BANK,WhatsApp
PAY000002543,A002587,2025-12-25 18:00:00,12816.97,FAILED,UPI,Self_Pay
PAY000002544,A001020,2026-07-08 18:00:00,11854.32,FAILED,UPI,Self_Pay
PAY000002545,A000476,2025-10-25 13:00:00,4738.65,SUCCESS,CARD,Human
PAY000002546,A003386,2026-07-25 11:00:00,13450.2,FAILED,CASH,Self_Pay
PAY000002547,A001517,2026-05-21 07:00:00,1755.6,SUCCESS,CARD,AI Voice
PAY000002548,A000899,2026-06-27 21:00:00,2380.34,SUCCESS,CARD,Self_Pay
PAY000002549,A003353,2026-02-06 16:00:00,3730.09,SUCCESS,CARD,Self_Pay
PAY000002550,A001092,2026-05-19 20:00:00,13608.32,FAILED,CASH,Field
PAY000002551,A000178,2026-03-15 18:00:00,8738.77,SUCCESS,BANK,Self_Pay
PAY000002552,A001616,2026-02-11 17:00:00,11005.99,FAILED,CARD,AI Voice
PAY000002553,A001777,2026-08-14 08:00:00,7702.13,FAILED,CARD,WhatsApp
PAY000002554,A003276,2026-04-27 10:00:00,10070.24,FAILED,CASH,AI Voice
PAY000002555,A001925,2026-05-14 08:00:00,14314.25,SUCCESS,UPI,Human
PAY000002556,A003932,2026-02-06 09:00:00,15633.37,SUCCESS,BANK,Self_Pay
PAY000002557,A000703,2026-06-20 09:00:00,2441.22,SUCCESS,CASH,AI Voice
PAY000002558,A003125,2026-07-07 17:00:00,13636.14,FAILED,CARD,Self_Pay
PAY000002559,A000977,2025-11-09 11:00:00,2394.14,SUCCESS,CASH,Field
PAY000002560,A003148,2026-04-24 09:00:00,11387.45,FAILED,CARD,Self_Pay
PAY000002561,A003826,2026-08-05 12:00:00,6855.25,FAILED,UPI,Human
PAY000002562,A002900,2026-01-04 09:00:00,12777.49,SUCCESS,BANK,AI Voice
PAY000002563,A001722,2025-09-23 07:00:00,4031.29,SUCCESS,CARD,Field
PAY000002564,A000905,2025-10-18 12:00:00,11413.66,SUCCESS,BANK,Self_Pay
PAY000002565,A001269,2026-05-21 15:00:00,11703.0,FAILED,CARD,Self_Pay
PAY000002566,A000520,2026-08-27 19:00:00,12495.23,SUCCESS,CASH,Field
PAY000002567,A001505,2026-02-08 09:00:00,6067.14,SUCCESS,CASH,Field
PAY000002568,A003847,2026-05-12 07:00:00,8173.81,SUCCESS,CARD,Field
PAY000002569,A003262,2025-11-26 16:00:00,14909.11,SUCCESS,BANK,WhatsApp
PAY000002570,A001110,2026-04-14 09:00:00,11245.0,SUCCESS,UPI,WhatsApp
PAY000002571,A003364,2026-02-18 14:00:00,13173.24,SUCCESS,CARD,Human
PAY000002572,A000788,2026-04-27 07:00:00,10539.65,SUCCESS,CARD,Field
PAY000002573,A001848,2025-09-18 13:00:00,12653.45,SUCCESS,CARD,AI Voice
PAY000002574,A002642,2026-02-09 21:00:00,7046.0,SUCCESS,UPI,AI Voice
PAY000002575,A000912,2025-11-26 10:00:00,8221.6,SUCCESS,UPI,AI Voice
PAY000002576,A003873,2026-08-08 14:00:00,7635.22,SUCCESS,CARD,Self_Pay
PAY000002577,A000316,2025-11-01 10:00:00,3588.15,SUCCESS,UPI,AI Voice
PAY000002578,A001649,2026-04-21 08:00:00,1942.06,SUCCESS,CASH,Human
PAY000002579,A003700,2026-07-08 17:00:00,10998.0,SUCCESS,UPI,Self_Pay
PAY000002580,A003519,2025-09-22 16:00:00,4536.02,SUCCESS,CASH,Field
PAY000002581,A004179,2026-04-27 07:00:00,9885.05,SUCCESS,CARD,Field
PAY000002582,A000422,2026-03-12 13:00:00,6242.38,SUCCESS,BANK,Human
PAY000002583,A001427,2026-04-01 08:00:00,7339.0,SUCCESS,BANK,Field
PAY000002584,A003158,2025-09-11 18:00:00,2591.64,SUCCESS,UPI,Self_Pay
PAY000002585,A003110,2026-02-15 08:00:00,3242.4,SUCCESS,CARD,AI Voice
PAY000002586,A001070,2025-10-11 10:00:00,13284.98,FAILED,CASH,Field
PAY000002587,A004004,2025-12-23 11:00:00,2686.47,SUCCESS,BANK,Field
PAY000002588,A003789,2025-11-04 12:00:00,8443.69,SUCCESS,BANK,WhatsApp
PAY000002589,A003495,2025-11-06 12:00:00,1985.42,SUCCESS,BANK,Self_Pay
PAY000002590,A003169,2026-04-20 21:00:00,7641.02,FAILED,CARD,WhatsApp
PAY000002591,A001630,2026-02-17 17:00:00,1245.25,SUCCESS,CASH,Field
PAY000002592,A003796,2025-10-04 07:00:00,9009.0,SUCCESS,BANK,Field
PAY000002593,A001823,2026-03-16 21:00:00,9603.03,SUCCESS,CASH,AI Voice
PAY000002594,A000307,2025-11-03 19:00:00,13008.81,SUCCESS,CASH,Human
PAY000002595,A000978,2026-02-02 12:00:00,9518.79,SUCCESS,CARD,Field
PAY000002596,A000494,2025-12-06 21:00:00,1550.62,FAILED,UPI,AI Voice
PAY000002597,A002565,2025-11-12 18:00:00,12472.75,SUCCESS,CASH,Field
PAY000002598,A001191,2026-08-06 11:00:00,10494.66,SUCCESS,CARD,AI Voice
PAY000002599,A000288,2026-07-27 11:00:00,7277.01,SUCCESS,UPI,Field
PAY000002600,A000696,2026-07-25 13:00:00,10890.0,SUCCESS,BANK,Field
PAY000002601,A003304,2026-03-15 08:00:00,12246.48,SUCCESS,CASH,AI Voice
PAY000002602,A002923,2026-01-08 18:00:00,12452.64,FAILED,CASH,Self_Pay
PAY000002603,A001045,2026-05-02 21:00:00,1448.54,SUCCESS,UPI,AI Voice
PAY000002604,A000478,2026-03-20 10:00:00,7670.01,SUCCESS,CARD,AI Voice
PAY000002605,A002797,2025-11-15 19:00:00,10981.59,SUCCESS,CASH,Human
PAY000002606,A000937,2026-01-20 18:00:00,6358.0,SUCCESS,CARD,Self_Pay
PAY000002607,A001811,2025-11-07 19:00:00,10248.0,SUCCESS,CARD,Self_Pay
PAY000002608,A001213,2025-12-26 08:00:00,3325.68,SUCCESS,BANK,Field
PAY000002609,A000919,2026-02-25 10:00:00,2859.58,SUCCESS,BANK,WhatsApp
PAY000002610,A001469,2026-04-08 10:00:00,12405.0,SUCCESS,BANK,Field
PAY000002611,A000651,2026-08-01 09:00:00,9097.0,FAILED,CASH,Field
PAY000002612,A001078,2026-05-10 18:00:00,6356.41,SUCCESS,BANK,WhatsApp
PAY000002613,A000747,2026-06-06 18:00:00,4596.72,SUCCESS,BANK,Human
PAY000002614,A004003,2025-09-26 13:00:00,12572.92,SUCCESS,CARD,AI Voice
PAY000002615,A002526,2025-12-09 14:00:00,1612.3,SUCCESS,UPI,WhatsApp
PAY000002616,A000288,2026-06-10 11:00:00,13404.0,SUCCESS,CASH,WhatsApp
PAY000002617,A000026,2025-11-01 18:00:00,12879.19,SUCCESS,CARD,Self_Pay
PAY000002618,A001588,2026-03-25 20:00:00,3214.51,SUCCESS,BANK,WhatsApp
PAY000002619,A003799,2026-03-21 08:00:00,15006.39,FAILED,CASH,WhatsApp
PAY000002620,A002263,2026-06-03 07:00:00,9630.38,SUCCESS,UPI,Human
PAY000002621,A000365,2025-11-09 19:00:00,3504.53,SUCCESS,UPI,Human
PAY000002622,A003544,2026-03-05 12:00:00,9956.46,SUCCESS,UPI,AI Voice
PAY000002623,A002863,2025-09-24 09:00:00,1369.0,SUCCESS,BANK,WhatsApp
PAY000002624,A000662,2025-12-14 11:00:00,1972.52,SUCCESS,CASH,Field
PAY000002625,A001234,2025-10-12 08:00:00,7146.33,SUCCESS,CARD,Field
PAY000002626,A001681,2025-09-23 09:00:00,4857.57,SUCCESS,CASH,WhatsApp
PAY000002627,A003271,2026-08-23 07:00:00,9685.0,SUCCESS,CASH,Human
PAY000002628,A001880,2025-11-23 13:00:00,12993.51,SUCCESS,CASH,Field
PAY000002629,A003988,2026-05-15 19:00:00,13998.21,SUCCESS,UPI,AI Voice
PAY000002630,A002887,2025-12-09 10:00:00,9562.97,FAILED,CARD,AI Voice
PAY000002631,A002018,2026-01-20 16:00:00,15170.11,SUCCESS,UPI,Self_Pay
PAY000002632,A002667,2025-09-09 17:00:00,9782.37,FAILED,CARD,Human
PAY000002633,A002435,2026-07-26 17:00:00,7936.0,SUCCESS,UPI,Human
PAY000002634,A002189,2026-02-18 16:00:00,11200.59,SUCCESS,UPI,Self_Pay
PAY000002635,A004183,2025-09-12 09:00:00,4449.2,SUCCESS,BANK,AI Voice
PAY000002636,A001356,2026-08-19 15:00:00,5220.46,SUCCESS,CARD,Self_Pay
PAY000002637,A000036,2026-01-22 21:00:00,4531.11,SUCCESS,CASH,Field
PAY000002638,A000681,2026-08-11 16:00:00,12060.92,SUCCESS,CASH,Human
PAY000002639,A001458,2026-06-10 13:00:00,6344.61,SUCCESS,BANK,WhatsApp
PAY000002640,A002992,2026-02-15 14:00:00,2541.71,SUCCESS,CASH,AI Voice
PAY000002641,A000799,2026-07-21 17:00:00,14903.15,SUCCESS,CARD,Human
PAY000002642,A000638,2026-05-02 11:00:00,9458.9,SUCCESS,CARD,WhatsApp
PAY000002643,A002353,2026-01-06 17:00:00,4158.59,SUCCESS,BANK,AI Voice
PAY000002644,A003938,2025-12-01 14:00:00,11101.06,SUCCESS,CARD,Field
PAY000002645,A003792,2025-09-01 10:00:00,7774.47,SUCCESS,CARD,AI Voice
PAY000002646,A002609,2026-08-03 19:00:00,2401.78,FAILED,CARD,AI Voice
PAY000002647,A001750,2026-08-21 21:00:00,14800.86,SUCCESS,UPI,Self_Pay
PAY000002648,A001178,2025-12-27 12:00:00,10740.15,FAILED,CASH,WhatsApp
PAY000002649,A003406,2025-09-19 09:00:00,8575.07,SUCCESS,UPI,Human
PAY000002650,A001658,2026-02-05 07:00:00,12840.22,SUCCESS,UPI,Field
PAY000002651,A002408,2026-05-03 16:00:00,8358.94,SUCCESS,UPI,AI Voice
PAY000002652,A002990,2026-07-20 17:00:00,6262.31,SUCCESS,CASH,AI Voice
PAY000002653,A003229,2026-05-22 09:00:00,1007.42,SUCCESS,BANK,Human
PAY000002654,A001644,2025-09-13 18:00:00,14998.97,SUCCESS,UPI,Self_Pay
PAY000002655,A003557,2026-03-18 11:00:00,13863.07,SUCCESS,CASH,Field
PAY000002656,A000256,2025-11-16 13:00:00,15154.75,SUCCESS,UPI,Self_Pay
PAY000002657,A003914,2026-03-25 15:00:00,6977.0,SUCCESS,CARD,Human
PAY000002658,A000276,2026-08-09 20:00:00,6176.5,FAILED,UPI,Self_Pay
PAY000002659,A003480,2025-11-22 08:00:00,6941.0,SUCCESS,UPI,AI Voice
PAY000002660,A001643,2026-08-11 15:00:00,13234.17,SUCCESS,CARD,Self_Pay
PAY000002661,A000430,2026-04-12 17:00:00,7782.27,SUCCESS,CASH,WhatsApp
PAY000002662,A001247,2026-08-09 07:00:00,13225.25,SUCCESS,UPI,Self_Pay
PAY000002663,A002514,2026-04-24 16:00:00,4951.33,SUCCESS,BANK,Human
PAY000002664,A002538,2025-12-22 16:00:00,3460.66,FAILED,UPI,Self_Pay
PAY000002665,A001120,2026-01-24 11:00:00,7498.0,SUCCESS,UPI,Field
PAY000002666,A000375,2026-01-20 15:00:00,10304.22,SUCCESS,CASH,WhatsApp
PAY000002667,A000747,2026-02-14 11:00:00,14527.46,SUCCESS,CASH,Self_Pay
PAY000002668,A004169,2025-12-11 12:00:00,1634.85,SUCCESS,BANK,WhatsApp
PAY000002669,A002896,2026-07-22 12:00:00,8112.85,SUCCESS,UPI,Human
PAY000002670,A000775,2025-10-04 21:00:00,14238.55,SUCCESS,CARD,Human
PAY000002671,A000921,2025-09-09 19:00:00,9261.16,SUCCESS,CARD,Human
PAY000002672,A000469,2025-10-22 19:00:00,1299.18,FAILED,CARD,Self_Pay
PAY000002673,A003946,2026-06-09 18:00:00,9607.57,SUCCESS,CARD,Human
PAY000002674,A000160,2025-12-19 10:00:00,10534.41,SUCCESS,UPI,Field
PAY000002675,A002530,2026-08-06 13:00:00,14197.24,SUCCESS,BANK,Field
PAY000002676,A001256,2026-05-27 08:00:00,2997.42,SUCCESS,UPI,Human
PAY000002677,A004032,2026-06-12 21:00:00,6905.0,FAILED,CARD,Human
PAY000002678,A000052,2026-02-17 15:00:00,6312.02,SUCCESS,CASH,Self_Pay
PAY000002679,A002409,2025-09-08 14:00:00,6832.5,SUCCESS,UPI,AI Voice
PAY000002680,A001884,2025-12-08 10:00:00,8326.56,FAILED,CARD,Field
PAY000002681,A001370,2026-05-16 17:00:00,2734.42,SUCCESS,BANK,Field
PAY000002682,A000440,2026-04-26 07:00:00,5322.71,SUCCESS,CARD,Human
PAY000002683,A001611,2025-12-02 09:00:00,4880.95,FAILED,UPI,Human
PAY000002684,A002722,2026-05-08 13:00:00,14732.91,FAILED,UPI,Self_Pay
PAY000002685,A000953,2025-10-21 20:00:00,4355.15,SUCCESS,UPI,Field
PAY000002686,A001411,2025-11-12 13:00:00,14034.94,SUCCESS,UPI,Self_Pay
PAY000002687,A003233,2026-07-19 13:00:00,2793.14,FAILED,UPI,Self_Pay
PAY000002688,A003487,2025-09-22 09:00:00,2739.64,SUCCESS,UPI,Field
PAY000002689,A003312,2026-01-24 07:00:00,11803.84,SUCCESS,CASH,AI Voice
PAY000002690,A000461,2026-02-11 15:00:00,8321.73,SUCCESS,UPI,Self_Pay
PAY000002691,A001382,2026-02-04 08:00:00,10767.76,SUCCESS,CASH,AI Voice
PAY000002692,A001703,2026-01-01 19:00:00,6716.97,SUCCESS,BANK,Field
PAY000002693,A000618,2026-05-13 15:00:00,6724.79,FAILED,BANK,Self_Pay
PAY000002694,A001501,2026-08-19 18:00:00,2151.09,FAILED,UPI,Self_Pay
PAY000002695,A000398,2026-08-07 07:00:00,7827.83,SUCCESS,CARD,WhatsApp
PAY000002696,A003661,2026-05-22 12:00:00,4110.51,SUCCESS,CARD,Human
PAY000002697,A000168,2026-02-15 15:00:00,4930.9,FAILED,CARD,AI Voice
PAY000002698,A000023,2026-07-25 13:00:00,14694.84,SUCCESS,CARD,AI Voice
PAY000002699,A000322,2026-03-19 16:00:00,10947.24,SUCCESS,CARD,Human
PAY000002700,A000264,2025-11-11 14:00:00,12071.3,SUCCESS,CASH,Field
PAY000002701,A004011,2025-09-17 12:00:00,6163.2,FAILED,CARD,AI Voice
PAY000002702,A003138,2025-10-26 21:00:00,7268.45,FAILED,CARD,AI Voice
PAY000002703,A002358,2026-06-20 07:00:00,4692.95,SUCCESS,UPI,AI Voice
PAY000002704,A002412,2026-07-13 12:00:00,9056.72,SUCCESS,BANK,WhatsApp
PAY000002705,A000913,2025-12-18 09:00:00,8516.84,FAILED,UPI,AI Voice
PAY000002706,A002521,2026-08-22 09:00:00,2953.65,SUCCESS,UPI,Field
PAY000002707,A000333,2026-04-25 13:00:00,7904.0,FAILED,BANK,Field
PAY000002708,A002928,2025-09-18 18:00:00,12522.68,SUCCESS,CASH,Self_Pay
PAY000002709,A002744,2026-03-02 08:00:00,15152.32,SUCCESS,BANK,Field
PAY000002710,A000793,2026-06-12 21:00:00,13242.57,SUCCESS,UPI,WhatsApp
PAY000002711,A001892,2025-10-21 07:00:00,13704.56,SUCCESS,UPI,AI Voice
PAY000002712,A001496,2026-02-08 08:00:00,10768.12,SUCCESS,BANK,Field
PAY000002713,A003015,2026-07-18 18:00:00,15624.82,SUCCESS,CARD,Human
PAY000002714,A002561,2025-09-14 17:00:00,6414.53,SUCCESS,BANK,WhatsApp
PAY000002715,A001245,2026-03-02 17:00:00,14552.15,SUCCESS,UPI,Self_Pay
PAY000002716,A002937,2025-11-08 08:00:00,8751.88,FAILED,CASH,AI Voice
PAY000002717,A002170,2026-03-02 15:00:00,11997.66,FAILED,UPI,WhatsApp
PAY000002718,A000439,2026-06-11 09:00:00,14894.52,SUCCESS,CARD,AI Voice
PAY000002719,A003797,2026-06-26 07:00:00,7842.0,SUCCESS,CASH,Field
PAY000002720,A002865,2026-02-20 20:00:00,15310.2,SUCCESS,BANK,Field
PAY000002721,A000793,2026-01-14 20:00:00,6388.88,SUCCESS,UPI,Human
PAY000002722,A000989,2026-01-05 18:00:00,3391.59,SUCCESS,UPI,AI Voice
PAY000002723,A003336,2025-10-22 18:00:00,8399.99,SUCCESS,CARD,Field
PAY000002724,A000497,2026-02-14 08:00:00,2097.74,SUCCESS,BANK,WhatsApp
PAY000002725,A002326,2026-02-12 16:00:00,5307.89,FAILED,UPI,AI Voice
PAY000002726,A000857,2026-02-07 11:00:00,5060.79,SUCCESS,CASH,Human
PAY000002727,A001204,2026-04-08 13:00:00,7796.4,SUCCESS,BANK,Self_Pay
PAY000002728,A000849,2026-02-12 21:00:00,6394.64,SUCCESS,CASH,Field
PAY000002729,A003758,2026-03-07 21:00:00,11757.48,SUCCESS,CARD,AI Voice
PAY000002730,A003379,2025-12-05 07:00:00,3012.26,SUCCESS,UPI,Field
PAY000002731,A001908,2025-10-01 16:00:00,4428.0,SUCCESS,CASH,AI Voice
PAY000002732,A000924,2026-04-11 11:00:00,13232.57,SUCCESS,BANK,Self_Pay
PAY000002733,A002570,2026-08-15 20:00:00,12608.76,SUCCESS,CARD,Self_Pay
PAY000002734,A002225,2026-01-26 14:00:00,10332.44,SUCCESS,UPI,Human
PAY000002735,A003218,2026-01-04 14:00:00,9638.4,SUCCESS,CARD,WhatsApp
PAY000002736,A002509,2026-08-24 18:00:00,14684.09,SUCCESS,BANK,WhatsApp
PAY000002737,A003000,2026-04-07 13:00:00,5453.8,SUCCESS,BANK,AI Voice
PAY000002738,A001002,2026-07-01 12:00:00,1319.48,FAILED,CASH,Human
PAY000002739,A001655,2025-10-09 14:00:00,15276.07,SUCCESS,CASH,Human
PAY000002740,A001154,2026-08-20 12:00:00,3349.56,SUCCESS,CASH,AI Voice
PAY000002741,A000930,2025-10-22 21:00:00,15236.24,SUCCESS,BANK,AI Voice
PAY000002742,A000419,2025-10-17 09:00:00,9596.93,SUCCESS,CARD,AI Voice
PAY000002743,A003737,2026-07-09 09:00:00,12435.78,SUCCESS,BANK,AI Voice
PAY000002744,A000902,2025-11-07 09:00:00,5819.31,SUCCESS,BANK,Human
PAY000002745,A003196,2025-12-07 20:00:00,11104.07,SUCCESS,CARD,Field
PAY000002746,A000249,2026-01-19 21:00:00,11467.0,SUCCESS,UPI,Field
PAY000002747,A000554,2026-04-27 16:00:00,8209.38,SUCCESS,BANK,Self_Pay
PAY000002748,A003639,2026-05-08 19:00:00,3161.08,FAILED,CARD,Human
PAY000002749,A001056,2026-03-02 18:00:00,12870.87,SUCCESS,CASH,Human
PAY000002750,A002303,2025-12-27 21:00:00,5280.36,SUCCESS,UPI,Field
PAY000002751,A003207,2025-09-11 11:00:00,2361.66,SUCCESS,BANK,Field
PAY000002752,A003759,2025-11-24 08:00:00,9432.76,SUCCESS,BANK,WhatsApp
PAY000002753,A003865,2026-03-12 20:00:00,15045.7,SUCCESS,CASH,Human
PAY000002754,A001630,2026-06-12 13:00:00,5583.1,FAILED,UPI,WhatsApp
PAY000002755,A000493,2026-06-20 21:00:00,2150.27,SUCCESS,CARD,Self_Pay
PAY000002756,A000710,2026-02-19 18:00:00,10592.78,SUCCESS,BANK,Human
PAY000002757,A002390,2026-06-08 13:00:00,14233.38,SUCCESS,UPI,Self_Pay
PAY000002758,A002578,2026-02-15 19:00:00,1469.76,FAILED,UPI,Self_Pay
PAY000002759,A004151,2025-11-24 17:00:00,4803.16,SUCCESS,CASH,Human
PAY000002760,A001402,2026-01-10 14:00:00,4096.74,SUCCESS,CARD,Self_Pay
PAY000002761,A002555,2026-06-15 16:00:00,6238.86,SUCCESS,UPI,Self_Pay
PAY000002762,A004111,2026-03-19 15:00:00,8374.23,SUCCESS,CARD,Human
PAY000002763,A001248,2026-02-23 20:00:00,12599.41,SUCCESS,CASH,Field
PAY000002764,A001045,2025-10-18 20:00:00,3849.21,FAILED,CARD,Field
PAY000002765,A003252,2026-03-11 16:00:00,9523.04,SUCCESS,CARD,Human
PAY000002766,A002986,2026-06-13 07:00:00,2808.78,FAILED,UPI,WhatsApp
PAY000002767,A000417,2025-10-24 10:00:00,2555.65,SUCCESS,CASH,Human
PAY000002768,A002207,2026-04-09 11:00:00,3340.6,FAILED,UPI,Self_Pay
PAY000002769,A002731,2025-09-20 12:00:00,13466.8,SUCCESS,CARD,AI Voice
PAY000002770,A000812,2026-05-24 18:00:00,3548.47,FAILED,UPI,WhatsApp
PAY000002771,A003646,2026-04-10 13:00:00,11016.0,SUCCESS,BANK,AI Voice
PAY000002772,A002624,2026-06-17 08:00:00,6159.56,FAILED,BANK,WhatsApp
PAY000002773,A001997,2025-12-05 13:00:00,6897.72,SUCCESS,BANK,WhatsApp
PAY000002774,A000744,2025-09-14 19:00:00,4628.69,SUCCESS,UPI,AI Voice
PAY000002775,A001168,2026-05-15 07:00:00,7399.1,SUCCESS,CASH,Field
PAY000002776,A000228,2026-02-14 13:00:00,2763.04,SUCCESS,CARD,Field
PAY000002777,A002993,2026-03-07 10:00:00,7814.91,FAILED,CASH,Field
PAY000002778,A000365,2025-09-25 15:00:00,10379.51,FAILED,BANK,AI Voice
PAY000002779,A003632,2026-04-18 18:00:00,10030.0,SUCCESS,BANK,AI Voice
PAY000002780,A001077,2025-12-03 15:00:00,5688.0,SUCCESS,BANK,Self_Pay
PAY000002781,A000833,2026-07-17 09:00:00,3441.16,FAILED,CASH,Human
PAY000002782,A002342,2025-10-04 09:00:00,1722.77,SUCCESS,BANK,Human
PAY000002783,A000466,2026-03-12 17:00:00,12535.46,SUCCESS,BANK,WhatsApp
PAY000002784,A003432,2026-06-27 11:00:00,14908.97,SUCCESS,CASH,Field
PAY000002785,A004043,2026-04-21 08:00:00,10449.0,SUCCESS,UPI,WhatsApp
PAY000002786,A002028,2026-02-03 11:00:00,1616.57,FAILED,CARD,Field
PAY000002787,A003394,2026-07-14 09:00:00,5957.0,SUCCESS,CARD,AI Voice
PAY000002788,A003086,2026-08-07 17:00:00,11658.89,SUCCESS,UPI,WhatsApp
PAY000002789,A001362,2025-10-27 08:00:00,1153.25,SUCCESS,UPI,Self_Pay
PAY000002790,A003866,2026-01-20 09:00:00,3619.57,SUCCESS,CARD,Self_Pay
PAY000002791,A003873,2025-09-18 19:00:00,1800.43,SUCCESS,BANK,Field
PAY000002792,A001576,2026-01-04 11:00:00,2311.85,SUCCESS,BANK,AI Voice
PAY000002793,A002384,2026-04-06 07:00:00,11211.25,SUCCESS,BANK,AI Voice
PAY000002794,A000977,2025-10-24 13:00:00,8135.85,SUCCESS,UPI,Self_Pay
PAY000002795,A000742,2026-08-24 20:00:00,3380.15,SUCCESS,CARD,Field
PAY000002796,A000909,2025-12-09 18:00:00,10346.79,SUCCESS,CASH,WhatsApp
PAY000002797,A003661,2025-12-16 10:00:00,2367.9,FAILED,CARD,Self_Pay
PAY000002798,A000217,2025-10-24 18:00:00,12467.55,SUCCESS,CARD,Human
PAY000002799,A001875,2025-09-23 16:00:00,4914.91,SUCCESS,UPI,Human
PAY000002800,A000171,2026-04-01 21:00:00,14354.89,FAILED,CASH,AI Voice
PAY000002801,A002258,2026-02-02 14:00:00,3977.97,SUCCESS,CARD,Field
PAY000002802,A002927,2026-08-20 13:00:00,14763.02,SUCCESS,CASH,Human
PAY000002803,A001689,2026-05-13 12:00:00,6568.43,SUCCESS,UPI,AI Voice
PAY000002804,A001436,2026-02-02 13:00:00,6563.3,FAILED,BANK,Field
PAY000002805,A001304,2026-08-03 13:00:00,14888.35,SUCCESS,CARD,AI Voice
PAY000002806,A002058,2026-02-02 17:00:00,5537.45,SUCCESS,UPI,Human
PAY000002807,A000844,2025-09-27 20:00:00,7667.71,FAILED,UPI,WhatsApp
PAY000002808,A002896,2026-07-17 11:00:00,3360.23,SUCCESS,UPI,WhatsApp
PAY000002809,A002555,2025-12-05 15:00:00,5716.75,SUCCESS,UPI,Field
PAY000002810,A000747,2025-09-08 10:00:00,14581.77,SUCCESS,CARD,WhatsApp
PAY000002811,A001466,2026-02-26 10:00:00,8963.82,SUCCESS,CARD,Human
PAY000002812,A000679,2026-07-11 20:00:00,12092.76,FAILED,BANK,Field
PAY000002813,A000318,2025-11-20 19:00:00,1742.69,SUCCESS,UPI,AI Voice
PAY000002814,A001544,2026-06-02 19:00:00,8689.36,FAILED,CARD,Field
PAY000002815,A001946,2026-03-11 15:00:00,2375.76,SUCCESS,UPI,Self_Pay
PAY000002816,A001452,2026-03-19 16:00:00,8365.75,SUCCESS,CARD,AI Voice
PAY000002817,A001364,2026-03-08 20:00:00,15060.16,SUCCESS,CASH,WhatsApp
PAY000002818,A004160,2026-06-04 21:00:00,3907.24,SUCCESS,CASH,Self_Pay
PAY000002819,A000512,2026-02-15 08:00:00,5860.13,SUCCESS,CARD,Self_Pay
PAY000002820,A000804,2026-01-24 09:00:00,1204.19,SUCCESS,BANK,Human
PAY000002821,A000981,2026-04-14 10:00:00,3440.87,SUCCESS,CARD,Self_Pay
PAY000002822,A000262,2026-06-05 19:00:00,12984.41,FAILED,BANK,Self_Pay
PAY000002823,A001323,2025-09-25 13:00:00,12288.12,SUCCESS,CASH,Human
PAY000002824,A003576,2025-10-22 08:00:00,6967.96,SUCCESS,UPI,WhatsApp
PAY000002825,A001734,2026-04-08 17:00:00,1645.42,SUCCESS,CASH,Self_Pay
PAY000002826,A002427,2026-02-09 13:00:00,8493.67,SUCCESS,CASH,Field
PAY000002827,A000362,2025-11-16 20:00:00,1966.85,FAILED,BANK,WhatsApp
PAY000002828,A002374,2025-10-22 14:00:00,12640.23,SUCCESS,UPI,Human
PAY000002829,A000452,2026-06-23 20:00:00,11122.6,SUCCESS,UPI,Field
PAY000002830,A001638,2026-04-23 09:00:00,2523.63,SUCCESS,BANK,Human
PAY000002831,A003964,2026-02-10 13:00:00,12378.15,SUCCESS,BANK,AI Voice
PAY000002832,A000390,2026-05-01 21:00:00,4379.5,SUCCESS,BANK,Human
PAY000002833,A002417,2025-11-18 14:00:00,2220.18,FAILED,UPI,WhatsApp
PAY000002834,A000297,2026-06-06 18:00:00,2799.13,SUCCESS,UPI,AI Voice
PAY000002835,A001539,2025-11-26 16:00:00,8327.66,SUCCESS,CASH,Self_Pay
PAY000002836,A003740,2026-06-18 18:00:00,9919.51,SUCCESS,UPI,Human
PAY000002837,A002791,2026-03-01 11:00:00,4007.01,SUCCESS,CASH,Field
PAY000002838,A003101,2025-09-26 14:00:00,5813.83,FAILED,UPI,Human
PAY000002839,A003451,2026-01-11 13:00:00,9293.0,SUCCESS,CARD,Self_Pay
PAY000002840,A001201,2026-04-24 18:00:00,11597.7,SUCCESS,CARD,WhatsApp
PAY000002841,A003882,2025-09-22 10:00:00,5708.34,SUCCESS,CASH,Human
PAY000002842,A001385,2026-04-07 13:00:00,8705.64,SUCCESS,UPI,WhatsApp
PAY000002843,A000590,2026-05-23 20:00:00,9599.47,SUCCESS,CARD,Self_Pay
PAY000002844,A000262,2026-06-20 12:00:00,1263.58,FAILED,CARD,Human
PAY000002845,A003710,2025-12-06 13:00:00,1926.77,FAILED,UPI,Human
PAY000002846,A001005,2025-11-05 11:00:00,8387.86,SUCCESS,CASH,Self_Pay
PAY000002847,A001395,2026-04-04 18:00:00,11599.0,FAILED,CARD,Human
PAY000002848,A001351,2025-12-02 21:00:00,5259.2,FAILED,CASH,Self_Pay
PAY000002849,A003901,2026-05-27 17:00:00,3187.35,SUCCESS,CARD,AI Voice
PAY000002850,A003861,2025-09-08 12:00:00,9291.77,FAILED,UPI,Human
PAY000002851,A003087,2025-12-15 18:00:00,15886.53,SUCCESS,CARD,Field
PAY000002852,A001425,2026-03-05 17:00:00,3593.14,FAILED,UPI,WhatsApp
PAY000002853,A003642,2026-02-16 13:00:00,8438.77,SUCCESS,BANK,WhatsApp
PAY000002854,A002752,2025-09-17 10:00:00,14884.0,SUCCESS,CARD,AI Voice
PAY000002855,A000070,2025-10-01 08:00:00,7702.28,FAILED,CASH,Human
PAY000002856,A000004,2026-07-09 08:00:00,4948.81,FAILED,CASH,AI Voice
PAY000002857,A001898,2025-11-02 08:00:00,5992.23,SUCCESS,CASH,AI Voice
PAY000002858,A002265,2026-06-17 15:00:00,9679.37,SUCCESS,BANK,Human
PAY000002859,A002540,2026-06-10 15:00:00,14240.49,SUCCESS,CARD,Human
PAY000002860,A002148,2025-12-27 10:00:00,6236.19,SUCCESS,CASH,WhatsApp
PAY000002861,A002506,2026-02-07 13:00:00,9599.89,FAILED,CARD,WhatsApp
PAY000002862,A002479,2025-12-01 11:00:00,13349.0,FAILED,UPI,WhatsApp
PAY000002863,A001491,2026-08-25 21:00:00,13727.01,SUCCESS,CARD,Human
PAY000002864,A000919,2025-09-17 08:00:00,9185.75,FAILED,CARD,Human
PAY000002865,A002671,2026-04-21 15:00:00,6637.31,SUCCESS,UPI,Human
PAY000002866,A002586,2025-10-02 21:00:00,4854.0,SUCCESS,CARD,Human
PAY000002867,A001285,2025-11-19 21:00:00,6317.0,SUCCESS,BANK,Field
PAY000002868,A001154,2025-10-06 14:00:00,10602.93,SUCCESS,CARD,Self_Pay
PAY000002869,A002800,2026-06-12 18:00:00,7302.33,SUCCESS,CARD,Human
PAY000002870,A000071,2026-06-07 11:00:00,7753.48,SUCCESS,CASH,WhatsApp
PAY000002871,A001207,2026-08-07 13:00:00,8570.28,SUCCESS,CASH,AI Voice
PAY000002872,A002141,2026-08-03 20:00:00,7466.58,SUCCESS,BANK,Human
PAY000002873,A002448,2026-07-21 16:00:00,9039.88,FAILED,CASH,WhatsApp
PAY000002874,A000636,2025-11-02 20:00:00,1034.34,SUCCESS,UPI,AI Voice
PAY000002875,A000693,2025-12-26 15:00:00,2950.5,SUCCESS,UPI,Field
PAY000002876,A000716,2026-03-07 10:00:00,6419.0,SUCCESS,UPI,Self_Pay
PAY000002877,A002666,2025-11-11 18:00:00,5127.31,SUCCESS,BANK,AI Voice
PAY000002878,A002470,2025-10-01 20:00:00,5187.71,FAILED,CASH,WhatsApp
PAY000002879,A003640,2025-10-19 11:00:00,3259.49,FAILED,UPI,WhatsApp
PAY000002880,A001066,2025-12-18 14:00:00,12530.42,SUCCESS,BANK,Human
PAY000002881,A001771,2025-10-21 09:00:00,5763.75,SUCCESS,BANK,WhatsApp
PAY000002882,A001490,2026-01-08 17:00:00,15069.23,SUCCESS,BANK,Field
PAY000002883,A002701,2026-05-18 17:00:00,7852.2,SUCCESS,CARD,Human
PAY000002884,A001600,2026-08-10 20:00:00,13272.25,SUCCESS,UPI,Field
PAY000002885,A002630,2026-07-18 15:00:00,14750.58,SUCCESS,UPI,Self_Pay
PAY000002886,A002334,2026-05-27 16:00:00,7755.67,SUCCESS,CASH,WhatsApp
PAY000002887,A001693,2025-09-20 20:00:00,1145.52,SUCCESS,CARD,WhatsApp
PAY000002888,A000723,2026-03-12 08:00:00,6974.3,SUCCESS,CASH,AI Voice
PAY000002889,A003464,2026-08-19 10:00:00,3373.42,SUCCESS,CASH,Self_Pay
PAY000002890,A002427,2026-01-23 11:00:00,1885.75,SUCCESS,CARD,Field
PAY000002891,A001735,2026-07-10 11:00:00,2909.16,FAILED,BANK,Field
PAY000002892,A000588,2026-04-25 13:00:00,13499.6,SUCCESS,CARD,AI Voice
PAY000002893,A001936,2026-04-09 19:00:00,9420.31,SUCCESS,CASH,WhatsApp
PAY000002894,A000622,2025-12-12 18:00:00,2045.34,SUCCESS,CARD,Field
PAY000002895,A001665,2025-11-19 11:00:00,1287.51,SUCCESS,CASH,Human
PAY000002896,A001174,2025-10-07 20:00:00,1363.84,SUCCESS,BANK,Field
PAY000002897,A001408,2025-11-02 11:00:00,3670.09,SUCCESS,CARD,WhatsApp
PAY000002898,A001127,2025-10-05 20:00:00,10782.28,FAILED,CARD,Field
PAY000002899,A000116,2026-05-13 12:00:00,12560.0,SUCCESS,CASH,Field
PAY000002900,A001665,2026-04-21 07:00:00,10029.31,SUCCESS,CASH,Field
PAY000002901,A002043,2026-05-24 16:00:00,9392.49,FAILED,CASH,Human
PAY000002902,A000305,2026-07-21 12:00:00,4228.0,FAILED,UPI,WhatsApp
PAY000002903,A000946,2025-09-24 19:00:00,9486.02,SUCCESS,UPI,Human
PAY000002904,A001789,2025-09-02 07:00:00,5820.0,SUCCESS,CARD,Self_Pay
PAY000002905,A003902,2026-01-16 08:00:00,1572.12,SUCCESS,UPI,Human
PAY000002906,A000649,2026-02-02 19:00:00,8300.44,FAILED,UPI,AI Voice
PAY000002907,A003353,2025-10-20 07:00:00,3595.48,FAILED,BANK,Self_Pay
PAY000002908,A003344,2026-01-19 11:00:00,6043.07,SUCCESS,BANK,AI Voice
PAY000002909,A001898,2025-11-25 17:00:00,8718.0,SUCCESS,CARD,Field
PAY000002910,A002628,2026-04-10 10:00:00,10682.9,SUCCESS,BANK,Self_Pay
PAY000002911,A001902,2026-05-05 17:00:00,8136.15,FAILED,CARD,AI Voice
PAY000002912,A003479,2026-03-12 13:00:00,7870.54,SUCCESS,BANK,Field
PAY000002913,A001701,2026-07-20 09:00:00,6482.32,SUCCESS,CARD,Field
PAY000002914,A001497,2026-01-07 11:00:00,4594.67,SUCCESS,BANK,AI Voice
PAY000002915,A000078,2025-11-23 09:00:00,12640.44,FAILED,UPI,WhatsApp
PAY000002916,A000985,2026-06-08 18:00:00,11547.33,SUCCESS,CARD,Self_Pay
PAY000002917,A002898,2026-04-25 15:00:00,8668.07,SUCCESS,UPI,AI Voice
PAY000002918,A002854,2026-03-25 07:00:00,5720.22,SUCCESS,BANK,AI Voice
PAY000002919,A001919,2026-05-03 12:00:00,11093.37,SUCCESS,BANK,Human
PAY000002920,A002564,2026-08-09 18:00:00,14261.44,SUCCESS,CASH,Self_Pay
PAY000002921,A003502,2026-04-23 20:00:00,15817.93,SUCCESS,CARD,Human
PAY000002922,A001847,2026-05-12 20:00:00,14300.68,FAILED,UPI,Self_Pay
PAY000002923,A001937,2026-03-08 15:00:00,2871.28,FAILED,UPI,AI Voice
PAY000002924,A001601,2026-06-11 20:00:00,9705.0,SUCCESS,BANK,Self_Pay
PAY000002925,A001793,2025-11-17 14:00:00,1144.7,SUCCESS,CARD,WhatsApp
PAY000002926,A003360,2025-09-08 16:00:00,4054.19,SUCCESS,CARD,WhatsApp
PAY000002927,A001754,2025-10-09 18:00:00,11776.16,SUCCESS,CASH,Human
PAY000002928,A003379,2026-02-24 16:00:00,8111.76,SUCCESS,UPI,Self_Pay
PAY000002929,A002387,2025-10-09 07:00:00,12852.95,SUCCESS,CASH,Field
PAY000002930,A003052,2025-11-16 20:00:00,9443.75,SUCCESS,CASH,WhatsApp
PAY000002931,A001439,2026-05-08 11:00:00,7604.67,FAILED,UPI,Human
PAY000002932,A003449,2025-11-15 12:00:00,5755.26,SUCCESS,CARD,WhatsApp
PAY000002933,A002260,2026-05-02 12:00:00,13968.83,SUCCESS,CARD,AI Voice
PAY000002934,A001161,2026-03-05 11:00:00,5128.67,SUCCESS,CARD,WhatsApp
PAY000002935,A003486,2025-09-20 21:00:00,7415.29,SUCCESS,UPI,Human
PAY000002936,A002645,2026-05-19 08:00:00,10506.27,SUCCESS,UPI,AI Voice
PAY000002937,A001345,2026-02-14 20:00:00,10008.4,FAILED,BANK,WhatsApp
PAY000002938,A000231,2026-07-18 09:00:00,15607.23,FAILED,BANK,Human
PAY000002939,A002646,2026-03-26 14:00:00,10630.64,FAILED,UPI,Field
PAY000002940,A003539,2026-08-10 12:00:00,14068.33,FAILED,BANK,Human
PAY000002941,A002967,2025-09-21 18:00:00,5306.49,SUCCESS,CASH,WhatsApp
PAY000002942,A001154,2026-05-01 09:00:00,12287.18,SUCCESS,CASH,Human
PAY000002943,A003747,2026-03-16 13:00:00,7821.51,SUCCESS,BANK,WhatsApp
PAY000002944,A002128,2025-12-07 13:00:00,7964.74,SUCCESS,UPI,Human
PAY000002945,A000924,2025-10-02 11:00:00,9165.47,SUCCESS,UPI,Field
PAY000002946,A002197,2025-09-18 13:00:00,2438.78,SUCCESS,CASH,Self_Pay
PAY000002947,A003027,2025-09-25 12:00:00,9682.63,SUCCESS,UPI,WhatsApp
PAY000002948,A003149,2026-08-13 12:00:00,10601.75,SUCCESS,CASH,Self_Pay
PAY000002949,A001950,2026-06-10 09:00:00,14309.0,SUCCESS,BANK,Field
PAY000002950,A004185,2025-10-05 07:00:00,8971.74,SUCCESS,BANK,Human
PAY000002951,A003581,2026-05-15 20:00:00,7865.18,SUCCESS,CASH,WhatsApp
PAY000002952,A002155,2025-11-11 14:00:00,4829.28,SUCCESS,BANK,AI Voice
PAY000002953,A002951,2026-06-05 15:00:00,8691.45,SUCCESS,UPI,Human
PAY000002954,A002876,2026-05-16 09:00:00,1537.7,SUCCESS,CARD,Human
PAY000002955,A001988,2025-11-24 16:00:00,15552.64,SUCCESS,CASH,Field
PAY000002956,A003966,2026-06-02 14:00:00,14648.98,SUCCESS,BANK,Human
PAY000002957,A004169,2025-11-25 07:00:00,7118.34,SUCCESS,BANK,AI Voice
PAY000002958,A001766,2025-09-15 08:00:00,10501.44,SUCCESS,UPI,WhatsApp
PAY000002959,A000758,2026-06-11 17:00:00,2226.68,SUCCESS,UPI,WhatsApp
PAY000002960,A000387,2026-08-16 19:00:00,13750.35,SUCCESS,UPI,Human
PAY000002961,A000256,2025-12-07 08:00:00,3775.85,SUCCESS,CARD,Human
PAY000002962,A001158,2026-03-10 11:00:00,14776.0,SUCCESS,CASH,Human
PAY000002963,A001826,2025-11-06 20:00:00,8846.59,SUCCESS,CASH,Self_Pay
PAY000002964,A001575,2025-11-02 15:00:00,7583.47,SUCCESS,CASH,AI Voice
PAY000002965,A001093,2025-12-25 12:00:00,11576.06,SUCCESS,CASH,Human
PAY000002966,A003866,2026-04-14 16:00:00,12632.88,FAILED,BANK,Human
PAY000002967,A003687,2026-06-11 10:00:00,2591.22,FAILED,CASH,Human
PAY000002968,A003958,2026-05-19 19:00:00,8893.52,SUCCESS,UPI,Human
PAY000002969,A001630,2026-07-20 17:00:00,4701.23,SUCCESS,CARD,Self_Pay
PAY000002970,A003103,2026-02-25 09:00:00,5887.0,SUCCESS,CARD,AI Voice
PAY000002971,A001097,2026-04-05 09:00:00,14243.93,FAILED,CASH,WhatsApp
PAY000002972,A002636,2026-06-01 12:00:00,7916.53,SUCCESS,CARD,Field
PAY000002973,A001264,2025-10-12 13:00:00,6521.01,SUCCESS,UPI,Self_Pay
PAY000002974,A001059,2025-10-22 10:00:00,5614.34,SUCCESS,BANK,Self_Pay
PAY000002975,A002963,2026-01-22 11:00:00,11833.34,SUCCESS,CASH,Field
PAY000002976,A000908,2025-11-21 09:00:00,7070.15,SUCCESS,BANK,Self_Pay
PAY000002977,A001169,2025-09-07 20:00:00,3151.31,SUCCESS,BANK,WhatsApp
PAY000002978,A003230,2026-05-27 13:00:00,15139.84,SUCCESS,CASH,Self_Pay
PAY000002979,A000282,2026-02-12 10:00:00,7353.0,SUCCESS,UPI,Self_Pay
PAY000002980,A002999,2025-09-24 11:00:00,6180.88,SUCCESS,BANK,Human
PAY000002981,A002052,2025-12-02 07:00:00,1949.89,SUCCESS,CARD,AI Voice
PAY000002982,A000002,2026-07-11 18:00:00,11420.38,SUCCESS,UPI,Human
PAY000002983,A001908,2026-04-09 16:00:00,4428.0,SUCCESS,UPI,Self_Pay
PAY000002984,A003453,2026-01-17 17:00:00,7544.64,SUCCESS,CARD,Human
PAY000002985,A003502,2026-03-05 12:00:00,6379.62,SUCCESS,CARD,AI Voice
PAY000002986,A003538,2026-07-16 21:00:00,12924.77,FAILED,UPI,WhatsApp
PAY000002987,A003325,2026-04-01 14:00:00,12413.0,FAILED,UPI,Field
PAY000002988,A004188,2025-12-10 12:00:00,11220.24,SUCCESS,CARD,Human
PAY000002989,A002292,2026-05-09 21:00:00,7862.5,SUCCESS,BANK,AI Voice
PAY000002990,A003460,2026-06-14 09:00:00,4696.64,SUCCESS,CASH,Human
PAY000002991,A001262,2026-05-24 20:00:00,4989.66,SUCCESS,BANK,Field
PAY000002992,A003730,2026-04-03 09:00:00,10590.1,SUCCESS,UPI,Field
PAY000002993,A001681,2026-05-10 21:00:00,12653.17,FAILED,CASH,AI Voice
PAY000002994,A000654,2026-03-01 20:00:00,9570.76,SUCCESS,CASH,Human
PAY000002995,A000229,2026-07-10 21:00:00,13965.62,SUCCESS,UPI,AI Voice
PAY000002996,A003412,2025-10-24 19:00:00,14287.05,SUCCESS,CASH,Self_Pay
PAY000002997,A003310,2026-02-27 11:00:00,6572.8,SUCCESS,CASH,WhatsApp
PAY000002998,A002719,2026-04-16 19:00:00,7137.47,SUCCESS,CARD,Self_Pay
PAY000002999,A002351,2026-03-14 21:00:00,6610.68,FAILED,CARD,AI Voice
PAY000003000,A000504,2026-03-05 16:00:00,5560.85,SUCCESS,BANK,WhatsApp
PAY000003001,A002635,2026-06-15 07:00:00,7343.73,FAILED,BANK,WhatsApp
PAY000003002,A001496,2025-12-12 21:00:00,15935.05,SUCCESS,UPI,Field
PAY000003003,A002484,2026-01-09 07:00:00,13755.31,SUCCESS,BANK,WhatsApp
PAY000003004,A001451,2026-04-01 12:00:00,6296.62,SUCCESS,CARD,AI Voice
PAY000003005,A003955,2026-06-02 11:00:00,7309.26,SUCCESS,CASH,Self_Pay
PAY000003006,A003170,2026-04-21 18:00:00,12837.06,SUCCESS,CARD,Self_Pay
PAY000003007,A002320,2025-09-26 17:00:00,4530.74,FAILED,CARD,Field
PAY000003008,A000254,2025-12-26 17:00:00,8270.64,SUCCESS,CASH,Human
PAY000003009,A000193,2025-09-25 15:00:00,10465.59,FAILED,CASH,WhatsApp
PAY000003010,A001402,2026-04-24 12:00:00,11933.63,SUCCESS,CASH,Field
PAY000003011,A001484,2025-12-03 19:00:00,8993.3,FAILED,CARD,Human
PAY000003012,A004081,2025-12-19 14:00:00,9933.42,SUCCESS,CASH,Field
PAY000003013,A003965,2025-10-11 14:00:00,11537.05,SUCCESS,UPI,Self_Pay
PAY000003014,A003342,2026-02-21 15:00:00,3114.24,SUCCESS,BANK,Field
PAY000003015,A003416,2026-04-05 19:00:00,10723.92,SUCCESS,CARD,Human
PAY000003016,A003068,2026-06-02 08:00:00,10463.76,FAILED,BANK,Self_Pay
PAY000003017,A001801,2025-12-08 08:00:00,3911.32,SUCCESS,UPI,AI Voice
PAY000003018,A003651,2026-07-26 11:00:00,12319.66,SUCCESS,BANK,Human
PAY000003019,A004098,2026-02-02 12:00:00,6741.88,FAILED,CASH,Field
PAY000003020,A003153,2025-12-12 15:00:00,8243.0,SUCCESS,BANK,Human
PAY000003021,A001153,2026-05-17 12:00:00,3232.26,SUCCESS,UPI,Self_Pay
PAY000003022,A002747,2026-01-13 15:00:00,10396.27,FAILED,BANK,Human
PAY000003023,A001934,2026-04-06 10:00:00,11463.98,SUCCESS,CARD,WhatsApp
PAY000003024,A000982,2026-05-06 16:00:00,2549.74,FAILED,CASH,AI Voice
PAY000003025,A002282,2026-01-22 17:00:00,6787.37,SUCCESS,CASH,Self_Pay
PAY000003026,A003650,2026-04-11 21:00:00,10490.47,SUCCESS,CASH,AI Voice
PAY000003027,A000928,2026-08-07 09:00:00,9353.9,FAILED,CARD,AI Voice
PAY000003028,A002691,2025-12-05 17:00:00,15328.23,FAILED,BANK,Field
PAY000003029,A002492,2026-08-01 21:00:00,6554.05,FAILED,BANK,WhatsApp
PAY000003030,A001792,2025-11-21 17:00:00,4577.76,SUCCESS,UPI,Self_Pay
PAY000003031,A002493,2026-05-24 21:00:00,12720.46,SUCCESS,UPI,Human
PAY000003032,A001848,2026-07-22 18:00:00,11482.73,SUCCESS,UPI,WhatsApp
PAY000003033,A000932,2026-02-19 14:00:00,4239.8,SUCCESS,UPI,WhatsApp
PAY000003034,A004049,2026-07-23 08:00:00,15916.2,SUCCESS,BANK,Self_Pay
PAY000003035,A001370,2026-06-04 19:00:00,4119.99,SUCCESS,BANK,Human
PAY000003036,A003599,2025-12-27 12:00:00,13133.0,SUCCESS,BANK,AI Voice
PAY000003037,A003950,2026-08-04 18:00:00,1787.13,SUCCESS,BANK,AI Voice
PAY000003038,A000882,2025-10-16 14:00:00,8745.67,SUCCESS,CARD,Field
PAY000003039,A002944,2026-04-05 09:00:00,9074.36,FAILED,CASH,Self_Pay
PAY000003040,A003108,2026-05-13 16:00:00,1249.84,FAILED,CASH,WhatsApp
PAY000003041,A002691,2026-06-23 18:00:00,3481.31,SUCCESS,UPI,Self_Pay
PAY000003042,A002117,2026-06-19 10:00:00,11140.32,SUCCESS,CARD,Human
PAY000003043,A003723,2026-01-08 19:00:00,7262.65,SUCCESS,CASH,Human
PAY000003044,A003928,2026-03-21 16:00:00,9101.38,FAILED,CARD,WhatsApp
PAY000003045,A001836,2026-01-24 21:00:00,8405.29,SUCCESS,UPI,Field
PAY000003046,A002660,2026-03-08 11:00:00,6604.16,FAILED,CARD,Human
PAY000003047,A003455,2025-09-03 11:00:00,10788.68,SUCCESS,CARD,Human
PAY000003048,A002204,2025-11-21 12:00:00,7688.33,SUCCESS,CASH,WhatsApp
PAY000003049,A002286,2026-05-25 16:00:00,9851.17,SUCCESS,CASH,WhatsApp
PAY000003050,A002427,2026-07-11 12:00:00,8965.91,FAILED,BANK,Self_Pay
PAY000003051,A002916,2025-10-12 17:00:00,6910.99,SUCCESS,CASH,Field
PAY000003052,A001086,2025-10-10 21:00:00,7342.72,FAILED,UPI,WhatsApp
PAY000003053,A002935,2025-10-19 07:00:00,4959.36,SUCCESS,CARD,Field
PAY000003054,A002877,2026-01-09 15:00:00,10879.07,FAILED,BANK,Self_Pay
PAY000003055,A000671,2026-05-19 13:00:00,14449.59,SUCCESS,UPI,AI Voice
PAY000003056,A003551,2025-12-09 14:00:00,6976.0,SUCCESS,CARD,Self_Pay
PAY000003057,A001401,2026-01-02 09:00:00,10733.83,FAILED,CARD,Self_Pay
PAY000003058,A002938,2026-08-05 09:00:00,13345.39,SUCCESS,CASH,AI Voice
PAY000003059,A001372,2026-06-18 20:00:00,6946.0,SUCCESS,CASH,WhatsApp
PAY000003060,A002640,2026-04-04 11:00:00,1649.89,SUCCESS,UPI,WhatsApp
PAY000003061,A003068,2026-01-01 15:00:00,6483.31,SUCCESS,BANK,Human
PAY000003062,A002519,2026-04-22 16:00:00,8493.34,SUCCESS,CARD,Field
PAY000003063,A002833,2026-05-15 17:00:00,7383.32,FAILED,UPI,Field
PAY000003064,A003670,2025-11-15 21:00:00,12888.18,FAILED,BANK,Self_Pay
PAY000003065,A001529,2026-06-11 16:00:00,15365.75,FAILED,UPI,Field
PAY000003066,A002297,2025-11-05 17:00:00,3902.84,SUCCESS,UPI,Self_Pay
PAY000003067,A002663,2026-06-15 17:00:00,5929.56,SUCCESS,CASH,Self_Pay
PAY000003068,A003731,2026-01-20 18:00:00,15981.22,SUCCESS,CASH,AI Voice
PAY000003069,A001533,2026-05-08 08:00:00,9476.02,SUCCESS,BANK,WhatsApp
PAY000003070,A003672,2026-07-03 12:00:00,4260.85,SUCCESS,CARD,WhatsApp
PAY000003071,A004033,2026-08-17 10:00:00,6950.1,SUCCESS,UPI,Field
PAY000003072,A001208,2025-10-09 09:00:00,8096.26,SUCCESS,BANK,Human
PAY000003073,A001792,2026-04-26 13:00:00,11317.32,FAILED,CARD,AI Voice
PAY000003074,A002639,2025-10-23 18:00:00,5224.75,SUCCESS,CARD,AI Voice
PAY000003075,A003568,2026-06-10 09:00:00,5725.75,SUCCESS,UPI,Self_Pay
PAY000003076,A001649,2026-05-04 10:00:00,1507.4,SUCCESS,CASH,Self_Pay
PAY000003077,A003703,2026-03-04 16:00:00,3892.99,SUCCESS,BANK,WhatsApp
PAY000003078,A002799,2026-05-01 07:00:00,13184.91,SUCCESS,CARD,Human
PAY000003079,A002376,2026-07-24 18:00:00,12466.85,SUCCESS,CARD,Field
PAY000003080,A003227,2026-01-27 21:00:00,14130.55,SUCCESS,BANK,Self_Pay
PAY000003081,A003234,2026-05-19 11:00:00,14081.69,SUCCESS,CASH,WhatsApp
PAY000003082,A002387,2026-05-09 21:00:00,1166.37,SUCCESS,CARD,WhatsApp
PAY000003083,A002073,2026-03-02 11:00:00,8898.89,FAILED,CASH,AI Voice
PAY000003084,A000927,2025-12-13 08:00:00,11009.79,SUCCESS,CARD,AI Voice
PAY000003085,A000578,2026-04-15 07:00:00,14721.76,SUCCESS,CARD,Self_Pay
PAY000003086,A000138,2025-12-06 17:00:00,8308.74,SUCCESS,CASH,Self_Pay
PAY000003087,A001215,2026-08-08 08:00:00,13975.43,FAILED,CASH,Self_Pay
PAY000003088,A002337,2025-09-03 14:00:00,12772.78,FAILED,CASH,Human
PAY000003089,A004100,2025-10-12 20:00:00,6841.61,FAILED,BANK,Field
PAY000003090,A000274,2026-08-09 14:00:00,6435.01,SUCCESS,UPI,WhatsApp
PAY000003091,A001116,2025-09-15 12:00:00,9198.34,SUCCESS,BANK,AI Voice
PAY000003092,A002710,2026-06-07 15:00:00,2924.08,SUCCESS,BANK,AI Voice
PAY000003093,A000354,2026-06-15 21:00:00,2331.7,SUCCESS,BANK,AI Voice
PAY000003094,A001679,2026-02-03 17:00:00,11982.16,SUCCESS,CARD,Field
PAY000003095,A001774,2025-12-08 10:00:00,10420.28,SUCCESS,BANK,Self_Pay
PAY000003096,A002584,2026-01-14 19:00:00,12641.56,SUCCESS,CARD,AI Voice
PAY000003097,A001915,2026-07-17 14:00:00,5529.69,SUCCESS,CASH,Human
PAY000003098,A002420,2026-06-25 08:00:00,10771.71,SUCCESS,BANK,WhatsApp
PAY000003099,A001455,2025-11-17 12:00:00,13315.06,FAILED,CASH,WhatsApp
PAY000003100,A001190,2026-01-24 14:00:00,2432.53,SUCCESS,BANK,Self_Pay
PAY000003101,A003376,2026-03-02 13:00:00,14392.13,SUCCESS,BANK,AI Voice
PAY000003102,A001066,2025-11-23 07:00:00,15062.05,SUCCESS,UPI,Human
PAY000003103,A003692,2026-03-14 17:00:00,9280.0,FAILED,BANK,Human
PAY000003104,A003157,2025-11-09 21:00:00,10467.72,SUCCESS,CASH,Self_Pay
PAY000003105,A001983,2026-08-11 14:00:00,14442.0,SUCCESS,CARD,Self_Pay
PAY000003106,A002102,2025-12-25 11:00:00,11143.58,FAILED,CASH,Human
PAY000003107,A003699,2025-12-16 08:00:00,9971.43,FAILED,BANK,Field
PAY000003108,A002415,2026-08-08 21:00:00,10695.27,SUCCESS,CARD,AI Voice
PAY000003109,A002560,2026-05-11 08:00:00,13507.46,SUCCESS,CASH,Field
PAY000003110,A000168,2026-05-24 17:00:00,3325.05,SUCCESS,CASH,Field
PAY000003111,A003235,2025-12-14 07:00:00,9253.42,SUCCESS,UPI,Human
PAY000003112,A001414,2026-01-07 18:00:00,3604.6,SUCCESS,CARD,WhatsApp
PAY000003113,A002145,2026-08-15 10:00:00,13925.23,FAILED,UPI,WhatsApp
PAY000003114,A000815,2025-10-15 08:00:00,7294.0,SUCCESS,CASH,AI Voice
PAY000003115,A001614,2026-05-25 14:00:00,2894.79,SUCCESS,BANK,Human
PAY000003116,A002927,2026-01-12 13:00:00,6386.93,SUCCESS,CASH,AI Voice
PAY000003117,A002821,2026-05-07 16:00:00,7616.8,SUCCESS,CASH,AI Voice
PAY000003118,A000849,2026-05-09 10:00:00,3634.98,SUCCESS,UPI,Human
PAY000003119,A002286,2025-12-26 19:00:00,9548.69,SUCCESS,CASH,Field
PAY000003120,A003906,2025-10-27 19:00:00,5089.02,FAILED,CASH,AI Voice
PAY000003121,A001983,2026-04-09 09:00:00,15554.85,SUCCESS,CASH,Field
PAY000003122,A004019,2025-12-11 21:00:00,9598.46,FAILED,CASH,Self_Pay
PAY000003123,A000564,2026-06-17 12:00:00,14547.74,SUCCESS,CASH,Self_Pay
PAY000003124,A002902,2025-11-02 13:00:00,15692.87,SUCCESS,UPI,Human
PAY000003125,A003823,2026-08-12 16:00:00,10503.38,SUCCESS,CASH,Self_Pay
PAY000003126,A002164,2026-06-21 07:00:00,1561.09,SUCCESS,BANK,Human
PAY000003127,A003577,2026-08-01 18:00:00,1114.4,SUCCESS,CARD,Human
PAY000003128,A004069,2026-03-06 14:00:00,1548.34,SUCCESS,BANK,Field
PAY000003129,A000280,2026-01-24 20:00:00,5456.41,SUCCESS,CASH,Field
PAY000003130,A002308,2026-07-06 11:00:00,4881.73,SUCCESS,UPI,WhatsApp
PAY000003131,A001638,2025-12-11 17:00:00,1144.21,SUCCESS,CASH,Field
PAY000003132,A001012,2025-11-22 10:00:00,12887.45,SUCCESS,UPI,Self_Pay
PAY000003133,A001526,2026-05-22 12:00:00,6502.44,SUCCESS,CASH,Human
PAY000003134,A000301,2025-11-26 15:00:00,4038.39,FAILED,UPI,AI Voice
PAY000003135,A000670,2026-05-14 20:00:00,8695.23,SUCCESS,CARD,Field
PAY000003136,A002391,2026-04-03 14:00:00,5177.69,SUCCESS,UPI,AI Voice
PAY000003137,A003279,2025-09-02 18:00:00,10426.73,FAILED,CARD,Self_Pay
PAY000003138,A002000,2025-10-05 09:00:00,4873.29,FAILED,CASH,AI Voice
PAY000003139,A003150,2026-02-19 15:00:00,5809.48,SUCCESS,CARD,Field
PAY000003140,A000424,2025-11-06 09:00:00,6186.49,SUCCESS,CARD,Self_Pay
PAY000003141,A002485,2025-12-25 15:00:00,4410.63,SUCCESS,CARD,WhatsApp
PAY000003142,A004142,2026-05-08 18:00:00,8165.65,SUCCESS,CASH,Human
PAY000003143,A003266,2026-08-19 13:00:00,11593.0,FAILED,UPI,Self_Pay
PAY000003144,A000643,2026-08-10 19:00:00,12186.98,SUCCESS,BANK,Field
PAY000003145,A001439,2026-05-19 09:00:00,8440.91,SUCCESS,BANK,Field
PAY000003146,A003843,2025-11-05 20:00:00,3325.91,SUCCESS,CARD,WhatsApp
PAY000003147,A000812,2026-04-07 17:00:00,5790.6,SUCCESS,BANK,Self_Pay
PAY000003148,A003766,2026-03-26 09:00:00,3153.01,SUCCESS,CASH,Field
PAY000003149,A003871,2026-03-07 13:00:00,12610.47,SUCCESS,CARD,Human
PAY000003150,A000003,2026-01-18 15:00:00,11643.83,SUCCESS,UPI,Human
PAY000003151,A002223,2026-08-12 16:00:00,4724.92,SUCCESS,BANK,Field
PAY000003152,A001250,2026-05-26 19:00:00,10838.0,SUCCESS,CARD,Field
PAY000003153,A003635,2025-10-20 19:00:00,4068.72,FAILED,CASH,Human
PAY000003154,A003138,2026-05-05 11:00:00,3940.99,FAILED,BANK,WhatsApp
PAY000003155,A004165,2026-03-06 17:00:00,5479.66,FAILED,CARD,Field
PAY000003156,A000696,2026-04-17 11:00:00,4970.5,SUCCESS,BANK,Self_Pay
PAY000003157,A002812,2026-02-24 11:00:00,8747.56,SUCCESS,BANK,WhatsApp
PAY000003158,A003763,2026-01-05 08:00:00,7622.06,SUCCESS,UPI,Self_Pay
PAY000003159,A002699,2026-06-03 08:00:00,13691.6,SUCCESS,CASH,WhatsApp
PAY000003160,A002565,2025-09-03 08:00:00,15861.52,SUCCESS,UPI,WhatsApp
PAY000003161,A003499,2026-01-11 11:00:00,9084.63,FAILED,BANK,Self_Pay
PAY000003162,A001387,2026-02-07 13:00:00,11787.38,FAILED,CARD,WhatsApp
PAY000003163,A002808,2026-03-26 11:00:00,13089.15,SUCCESS,CARD,Field
PAY000003164,A003975,2026-08-27 07:00:00,3229.83,FAILED,CASH,WhatsApp
PAY000003165,A000536,2025-12-11 08:00:00,8212.84,SUCCESS,CASH,WhatsApp
PAY000003166,A002645,2026-08-03 09:00:00,5343.58,SUCCESS,BANK,AI Voice
PAY000003167,A000287,2026-05-17 07:00:00,2938.93,FAILED,BANK,AI Voice
PAY000003168,A004164,2026-04-08 17:00:00,8773.41,SUCCESS,CARD,AI Voice
PAY000003169,A003723,2026-07-13 17:00:00,10610.01,SUCCESS,CARD,Human
PAY000003170,A004082,2025-10-11 19:00:00,6523.12,SUCCESS,UPI,Human
PAY000003171,A002174,2026-03-01 08:00:00,13760.15,SUCCESS,UPI,Self_Pay
PAY000003172,A003150,2026-04-04 11:00:00,6012.48,SUCCESS,CARD,Field
PAY000003173,A002385,2026-08-02 15:00:00,8539.95,SUCCESS,BANK,Field
PAY000003174,A001017,2026-04-04 19:00:00,9485.84,SUCCESS,UPI,WhatsApp
PAY000003175,A002424,2025-10-18 17:00:00,12488.0,SUCCESS,UPI,Self_Pay
PAY000003176,A001188,2026-07-15 21:00:00,6993.26,SUCCESS,CARD,Human
PAY000003177,A002913,2026-06-19 20:00:00,4472.0,SUCCESS,CASH,Self_Pay
PAY000003178,A000469,2026-06-17 18:00:00,11733.0,SUCCESS,CASH,AI Voice
PAY000003179,A003546,2026-01-27 09:00:00,15506.96,SUCCESS,BANK,AI Voice
PAY000003180,A003982,2026-02-06 08:00:00,7562.98,FAILED,CARD,AI Voice
PAY000003181,A003276,2025-09-16 17:00:00,15974.75,SUCCESS,CASH,AI Voice
PAY000003182,A001702,2026-04-05 19:00:00,3744.69,SUCCESS,CASH,Human
PAY000003183,A000009,2026-01-27 07:00:00,6605.96,FAILED,BANK,WhatsApp
PAY000003184,A001379,2026-08-02 20:00:00,1377.06,FAILED,BANK,AI Voice
PAY000003185,A003209,2026-06-15 20:00:00,12650.74,SUCCESS,CARD,WhatsApp
PAY000003186,A002236,2025-11-18 10:00:00,15307.0,SUCCESS,BANK,Human
PAY000003187,A003592,2026-03-11 12:00:00,9967.79,SUCCESS,UPI,Human
PAY000003188,A001777,2026-03-26 07:00:00,1099.27,FAILED,UPI,Human
PAY000003189,A004119,2025-11-11 13:00:00,1460.19,FAILED,BANK,WhatsApp
PAY000003190,A003365,2025-12-08 11:00:00,11214.56,FAILED,CARD,Field
PAY000003191,A000354,2025-11-05 21:00:00,10818.24,FAILED,UPI,Human
PAY000003192,A001778,2026-08-02 10:00:00,9337.0,SUCCESS,CASH,AI Voice
PAY000003193,A001562,2026-01-26 15:00:00,9083.21,SUCCESS,CARD,Self_Pay
PAY000003194,A002658,2026-02-07 15:00:00,1385.13,FAILED,BANK,Human
PAY000003195,A001042,2026-08-18 18:00:00,3170.94,SUCCESS,CARD,AI Voice
PAY000003196,A000888,2026-03-16 13:00:00,2490.9,SUCCESS,UPI,Field
PAY000003197,A002081,2026-05-03 20:00:00,3974.25,SUCCESS,CARD,Human
PAY000003198,A003389,2026-02-16 14:00:00,14147.82,SUCCESS,BANK,WhatsApp
PAY000003199,A001394,2026-07-06 12:00:00,14142.49,SUCCESS,UPI,Field
PAY000003200,A002640,2026-03-02 21:00:00,12217.25,SUCCESS,CASH,Field
PAY000003201,A003394,2026-07-03 21:00:00,5957.0,FAILED,UPI,Human
PAY000003202,A001053,2026-01-21 08:00:00,8620.59,SUCCESS,UPI,AI Voice
PAY000003203,A000802,2026-08-12 07:00:00,7989.43,SUCCESS,CARD,WhatsApp
PAY000003204,A000746,2025-12-06 13:00:00,1484.39,SUCCESS,CARD,Human
PAY000003205,A003476,2026-04-25 08:00:00,11492.24,SUCCESS,CARD,Self_Pay
PAY000003206,A003916,2025-10-12 17:00:00,5038.18,SUCCESS,CARD,Human
PAY000003207,A000480,2026-03-03 12:00:00,15436.4,SUCCESS,BANK,Self_Pay
PAY000003208,A002261,2026-05-20 15:00:00,4577.81,SUCCESS,BANK,Self_Pay
PAY000003209,A002959,2026-02-17 12:00:00,2854.43,SUCCESS,CASH,AI Voice
PAY000003210,A001256,2026-03-24 19:00:00,4438.02,SUCCESS,CASH,Human
PAY000003211,A001955,2026-03-26 12:00:00,15761.17,SUCCESS,CARD,AI Voice
PAY000003212,A001797,2026-01-25 19:00:00,1998.68,SUCCESS,UPI,AI Voice
PAY000003213,A003947,2026-07-13 17:00:00,1562.0,SUCCESS,CARD,WhatsApp
PAY000003214,A004004,2026-07-25 11:00:00,6839.23,SUCCESS,BANK,AI Voice
PAY000003215,A001019,2025-11-20 10:00:00,1855.29,FAILED,CARD,AI Voice
PAY000003216,A003070,2026-08-20 20:00:00,5830.32,SUCCESS,CARD,Self_Pay
PAY000003217,A001683,2026-07-15 09:00:00,11640.15,SUCCESS,CARD,Field
PAY000003218,A001747,2026-01-08 14:00:00,5263.24,SUCCESS,BANK,Field
PAY000003219,A002473,2025-11-27 12:00:00,15291.0,SUCCESS,UPI,Human
PAY000003220,A003701,2025-11-23 19:00:00,14041.05,SUCCESS,BANK,AI Voice
PAY000003221,A003090,2026-03-25 09:00:00,9352.0,FAILED,UPI,AI Voice
PAY000003222,A000240,2026-08-18 19:00:00,3273.64,SUCCESS,UPI,Self_Pay
PAY000003223,A000126,2026-07-11 11:00:00,12667.53,SUCCESS,BANK,Human
PAY000003224,A001562,2026-07-13 18:00:00,13240.95,SUCCESS,CARD,Human
PAY000003225,A001303,2026-02-07 08:00:00,10878.18,SUCCESS,BANK,Field
PAY000003226,A003624,2026-01-20 15:00:00,3444.8,SUCCESS,UPI,WhatsApp
PAY000003227,A002809,2025-09-03 14:00:00,4052.33,SUCCESS,CARD,Self_Pay
PAY000003228,A002363,2026-03-25 07:00:00,11736.37,SUCCESS,UPI,Human
PAY000003229,A004069,2026-08-24 09:00:00,13136.0,SUCCESS,CASH,WhatsApp
PAY000003230,A001791,2026-01-01 09:00:00,13110.5,SUCCESS,UPI,Self_Pay
PAY000003231,A000032,2026-02-16 10:00:00,1081.0,SUCCESS,BANK,AI Voice
PAY000003232,A001780,2026-05-19 15:00:00,10629.08,FAILED,BANK,Human
PAY000003233,A001521,2026-04-20 16:00:00,4545.03,FAILED,CASH,AI Voice
PAY000003234,A004147,2026-05-22 08:00:00,7360.79,SUCCESS,BANK,Human
PAY000003235,A003117,2026-08-13 19:00:00,8088.0,SUCCESS,UPI,Human
PAY000003236,A003361,2025-10-19 08:00:00,13090.47,SUCCESS,CARD,Human
PAY000003237,A000887,2025-09-27 17:00:00,7373.84,SUCCESS,CARD,Field
PAY000003238,A001334,2026-08-15 20:00:00,8293.0,SUCCESS,CARD,AI Voice
PAY000003239,A001516,2026-03-21 17:00:00,8710.18,SUCCESS,CASH,WhatsApp
PAY000003240,A002263,2025-11-19 16:00:00,5982.14,SUCCESS,BANK,AI Voice
PAY000003241,A003007,2026-01-20 18:00:00,5901.0,SUCCESS,CASH,Human
PAY000003242,A003104,2025-12-15 21:00:00,1893.98,FAILED,CARD,Self_Pay
PAY000003243,A002942,2026-01-16 14:00:00,1039.8,SUCCESS,CARD,Self_Pay
PAY000003244,A002907,2025-09-04 08:00:00,5417.99,SUCCESS,UPI,AI Voice
PAY000003245,A000499,2025-10-22 16:00:00,12162.29,SUCCESS,UPI,Human
PAY000003246,A001823,2026-06-17 16:00:00,3768.16,SUCCESS,UPI,Field
PAY000003247,A002705,2026-05-12 10:00:00,4217.83,SUCCESS,BANK,Field
PAY000003248,A001289,2026-08-07 07:00:00,5311.51,SUCCESS,UPI,Human
PAY000003249,A003744,2026-02-27 19:00:00,12954.52,FAILED,BANK,AI Voice
PAY000003250,A003486,2026-01-10 21:00:00,7365.73,SUCCESS,CARD,Field
PAY000003251,A003415,2026-07-20 08:00:00,5307.32,SUCCESS,CARD,Field
PAY000003252,A000023,2026-05-12 21:00:00,5267.63,SUCCESS,BANK,AI Voice
PAY000003253,A000983,2026-01-10 19:00:00,4945.65,SUCCESS,UPI,Field
PAY000003254,A004025,2026-07-03 13:00:00,6657.45,FAILED,BANK,AI Voice
PAY000003255,A003976,2026-01-11 15:00:00,7779.89,SUCCESS,CARD,AI Voice
PAY000003256,A000249,2025-11-21 11:00:00,6667.89,SUCCESS,BANK,WhatsApp
PAY000003257,A003741,2025-09-16 11:00:00,8759.0,SUCCESS,CARD,AI Voice
PAY000003258,A003205,2026-08-18 20:00:00,2291.41,SUCCESS,BANK,WhatsApp
PAY000003259,A003222,2026-06-04 20:00:00,12606.9,FAILED,CASH,Field
PAY000003260,A004137,2025-11-09 18:00:00,1353.4,SUCCESS,CASH,AI Voice
PAY000003261,A004088,2025-11-02 15:00:00,15877.53,SUCCESS,CARD,Self_Pay
PAY000003262,A004020,2026-04-27 14:00:00,14945.16,SUCCESS,CARD,AI Voice
PAY000003263,A001143,2025-11-25 14:00:00,12768.74,SUCCESS,BANK,Human
PAY000003264,A003052,2026-02-02 21:00:00,15031.06,SUCCESS,BANK,Self_Pay
PAY000003265,A001331,2026-06-18 07:00:00,7261.89,SUCCESS,UPI,Field
PAY000003266,A000514,2026-06-12 07:00:00,1596.45,SUCCESS,CARD,AI Voice
PAY000003267,A002068,2025-09-23 11:00:00,10265.99,SUCCESS,BANK,Field
PAY000003268,A000476,2026-04-16 14:00:00,4287.1,SUCCESS,CARD,WhatsApp
PAY000003269,A003270,2026-06-10 12:00:00,3159.95,SUCCESS,BANK,WhatsApp
PAY000003270,A000410,2025-09-08 18:00:00,10461.18,SUCCESS,BANK,AI Voice
PAY000003271,A000774,2025-12-09 07:00:00,11592.0,SUCCESS,CARD,Field
PAY000003272,A000883,2026-08-21 07:00:00,5967.02,SUCCESS,CARD,Self_Pay
PAY000003273,A003825,2025-12-04 09:00:00,6506.0,SUCCESS,CARD,AI Voice
PAY000003274,A000919,2026-06-05 11:00:00,4256.26,FAILED,CASH,Field
PAY000003275,A001041,2026-04-26 10:00:00,10359.0,SUCCESS,BANK,Field
PAY000003276,A001215,2026-04-09 10:00:00,4254.92,FAILED,CARD,Human
PAY000003277,A000584,2026-03-15 15:00:00,9183.0,SUCCESS,CASH,Human
PAY000003278,A003399,2026-04-06 14:00:00,8863.17,SUCCESS,CASH,Self_Pay
PAY000003279,A001075,2026-03-26 16:00:00,6022.71,SUCCESS,UPI,AI Voice
PAY000003280,A001965,2025-10-15 17:00:00,14344.9,SUCCESS,CARD,Field
PAY000003281,A001811,2026-03-16 20:00:00,2291.9,SUCCESS,CARD,Field
PAY000003282,A001339,2026-05-07 07:00:00,10125.73,SUCCESS,CASH,Self_Pay
PAY000003283,A000589,2026-02-20 15:00:00,13811.11,SUCCESS,UPI,Human
PAY000003284,A003106,2026-07-10 18:00:00,1883.62,SUCCESS,BANK,Human
PAY000003285,A001300,2025-12-19 18:00:00,5941.81,SUCCESS,CARD,Self_Pay
PAY000003286,A000495,2026-07-13 14:00:00,4385.19,SUCCESS,UPI,Human
PAY000003287,A002665,2025-10-22 13:00:00,10952.97,FAILED,BANK,Self_Pay
PAY000003288,A002870,2026-06-12 15:00:00,3939.31,FAILED,UPI,Self_Pay
PAY000003289,A001313,2026-04-14 09:00:00,1945.97,SUCCESS,CARD,WhatsApp
PAY000003290,A001855,2026-05-19 17:00:00,5956.05,SUCCESS,CARD,WhatsApp
PAY000003291,A001509,2025-12-14 11:00:00,10585.02,SUCCESS,CARD,Field
PAY000003292,A002140,2026-04-07 07:00:00,5442.19,SUCCESS,UPI,WhatsApp
PAY000003293,A000997,2025-12-13 17:00:00,2155.26,SUCCESS,UPI,Field
PAY000003294,A004138,2026-03-11 17:00:00,3319.17,SUCCESS,UPI,WhatsApp
PAY000003295,A003477,2026-06-24 09:00:00,9689.87,SUCCESS,CASH,AI Voice
PAY000003296,A003139,2026-05-27 20:00:00,5931.39,SUCCESS,CARD,Human
PAY000003297,A002661,2025-12-13 13:00:00,1040.32,SUCCESS,CARD,Field
PAY000003298,A001472,2026-02-26 10:00:00,10395.0,SUCCESS,BANK,AI Voice
PAY000003299,A002067,2026-02-23 20:00:00,8371.0,SUCCESS,CASH,Field
PAY000003300,A003572,2026-08-06 13:00:00,2741.38,FAILED,CARD,WhatsApp
PAY000003301,A001130,2026-04-17 20:00:00,3177.42,SUCCESS,CARD,Field
PAY000003302,A001916,2026-05-02 16:00:00,3772.8,SUCCESS,BANK,Self_Pay
PAY000003303,A001289,2026-01-21 11:00:00,15306.01,FAILED,CASH,WhatsApp
PAY000003304,A001223,2026-06-06 16:00:00,8711.4,SUCCESS,BANK,WhatsApp
PAY000003305,A000869,2026-01-15 12:00:00,3372.25,SUCCESS,BANK,Human
PAY000003306,A001754,2025-09-14 18:00:00,14520.18,SUCCESS,CARD,WhatsApp
PAY000003307,A003546,2025-10-26 18:00:00,9031.1,SUCCESS,CASH,Field
PAY000003308,A001440,2026-06-10 18:00:00,2982.85,SUCCESS,CASH,WhatsApp
PAY000003309,A000224,2025-11-11 16:00:00,11535.89,FAILED,CARD,AI Voice
PAY000003310,A002709,2026-08-13 17:00:00,13010.78,SUCCESS,BANK,AI Voice
PAY000003311,A001702,2026-05-16 07:00:00,1378.98,SUCCESS,BANK,Human
PAY000003312,A000983,2025-09-13 21:00:00,3147.03,FAILED,CARD,Field
PAY000003313,A000755,2025-10-26 13:00:00,12079.0,SUCCESS,CASH,Human
PAY000003314,A000339,2025-12-08 19:00:00,6355.77,SUCCESS,UPI,Self_Pay
PAY000003315,A004158,2026-02-27 12:00:00,3217.83,SUCCESS,UPI,WhatsApp
PAY000003316,A002285,2025-11-06 08:00:00,13721.13,SUCCESS,CARD,WhatsApp
PAY000003317,A003200,2025-10-24 09:00:00,14229.34,SUCCESS,CARD,Field
PAY000003318,A002776,2026-02-25 17:00:00,11247.49,SUCCESS,BANK,Field
PAY000003319,A001473,2026-02-17 11:00:00,7116.0,FAILED,CARD,WhatsApp
PAY000003320,A003956,2025-10-11 07:00:00,6989.32,SUCCESS,BANK,Field
PAY000003321,A003696,2026-01-06 17:00:00,10067.8,SUCCESS,BANK,Field
PAY000003322,A001963,2026-03-13 08:00:00,13038.99,SUCCESS,CASH,Field
PAY000003323,A003092,2025-10-22 09:00:00,6866.73,SUCCESS,CASH,Self_Pay
PAY000003324,A004136,2026-06-02 12:00:00,15921.54,SUCCESS,CASH,WhatsApp
PAY000003325,A003170,2025-12-12 19:00:00,11464.68,FAILED,CARD,Self_Pay
PAY000003326,A004061,2025-12-05 19:00:00,11448.3,SUCCESS,CASH,AI Voice
PAY000003327,A002440,2025-09-06 19:00:00,7149.97,SUCCESS,BANK,AI Voice
PAY000003328,A002939,2026-07-10 20:00:00,4762.51,FAILED,CASH,Self_Pay
PAY000003329,A002107,2026-07-22 15:00:00,3941.5,SUCCESS,UPI,AI Voice
PAY000003330,A003533,2025-11-14 17:00:00,12259.95,SUCCESS,UPI,WhatsApp
PAY000003331,A000034,2025-09-07 14:00:00,14419.39,SUCCESS,CARD,AI Voice
PAY000003332,A003390,2026-03-02 17:00:00,15662.01,SUCCESS,CASH,Self_Pay
PAY000003333,A002081,2026-08-16 09:00:00,6123.81,SUCCESS,CARD,Field
PAY000003334,A001363,2026-06-27 15:00:00,9709.12,FAILED,CASH,WhatsApp
PAY000003335,A003348,2026-03-15 14:00:00,8705.0,FAILED,UPI,WhatsApp
PAY000003336,A002263,2026-02-06 17:00:00,5764.45,FAILED,BANK,Self_Pay
PAY000003337,A001300,2026-03-05 20:00:00,14239.61,SUCCESS,BANK,Self_Pay
PAY000003338,A000732,2026-06-22 11:00:00,9573.0,SUCCESS,CASH,AI Voice
PAY000003339,A001829,2025-10-14 07:00:00,9676.82,SUCCESS,CASH,AI Voice
PAY000003340,A004001,2026-03-01 07:00:00,7068.28,SUCCESS,BANK,WhatsApp
PAY000003341,A003820,2026-08-27 09:00:00,6221.11,SUCCESS,CARD,Field
PAY000003342,A000246,2025-10-09 08:00:00,10734.42,SUCCESS,BANK,WhatsApp
PAY000003343,A001161,2026-06-23 18:00:00,9364.93,SUCCESS,UPI,Human
PAY000003344,A002452,2026-02-02 17:00:00,7656.9,SUCCESS,CARD,AI Voice
PAY000003345,A003695,2025-09-07 10:00:00,13208.0,SUCCESS,UPI,Field
PAY000003346,A001777,2026-04-04 14:00:00,11120.92,SUCCESS,CARD,AI Voice
PAY000003347,A003133,2026-04-17 12:00:00,8634.59,SUCCESS,CARD,Field
PAY000003348,A003699,2026-02-10 15:00:00,11087.54,SUCCESS,UPI,Field
PAY000003349,A004102,2025-10-15 07:00:00,15795.27,FAILED,BANK,Human
PAY000003350,A000414,2026-01-06 08:00:00,5286.0,SUCCESS,CASH,AI Voice
PAY000003351,A003775,2026-05-24 09:00:00,11981.78,SUCCESS,CASH,AI Voice
PAY000003352,A002707,2026-07-02 09:00:00,6882.38,SUCCESS,CARD,Human
PAY000003353,A003425,2026-03-07 19:00:00,7654.0,FAILED,CARD,Field
PAY000003354,A000523,2026-07-11 19:00:00,7317.0,SUCCESS,CARD,WhatsApp
PAY000003355,A000790,2026-07-16 18:00:00,12316.0,SUCCESS,CASH,Self_Pay
PAY000003356,A004192,2026-01-23 15:00:00,15391.15,FAILED,UPI,Human
PAY000003357,A001175,2026-02-08 21:00:00,7777.93,SUCCESS,CASH,Field
PAY000003358,A002980,2026-05-18 17:00:00,8807.51,SUCCESS,CASH,Field
PAY000003359,A000622,2026-03-05 18:00:00,12151.33,SUCCESS,CARD,Field
PAY000003360,A002273,2026-02-04 10:00:00,6316.64,SUCCESS,UPI,WhatsApp
PAY000003361,A003340,2026-07-12 16:00:00,13056.08,SUCCESS,CARD,WhatsApp
PAY000003362,A001969,2025-09-18 07:00:00,7800.04,SUCCESS,CASH,AI Voice
PAY000003363,A000742,2026-02-26 21:00:00,6478.51,SUCCESS,CASH,Human
PAY000003364,A001044,2026-02-08 21:00:00,7085.13,SUCCESS,CASH,WhatsApp
PAY000003365,A000069,2026-01-20 10:00:00,6719.12,SUCCESS,CASH,Self_Pay
PAY000003366,A001932,2025-09-18 21:00:00,12330.55,SUCCESS,CARD,AI Voice
PAY000003367,A002203,2025-10-15 15:00:00,7261.0,SUCCESS,CASH,Self_Pay
PAY000003368,A000678,2026-04-06 17:00:00,4488.39,FAILED,BANK,Human
PAY000003369,A003630,2026-01-09 09:00:00,7457.27,SUCCESS,CARD,Human
PAY000003370,A000147,2026-06-04 15:00:00,8121.14,SUCCESS,CARD,Field
PAY000003371,A001290,2026-03-26 20:00:00,10725.46,SUCCESS,UPI,AI Voice
PAY000003372,A001618,2025-09-11 07:00:00,11126.62,SUCCESS,BANK,Human
PAY000003373,A004008,2026-02-10 07:00:00,4182.52,SUCCESS,CASH,Human
PAY000003374,A003474,2026-02-04 18:00:00,6610.84,SUCCESS,CARD,Human
PAY000003375,A002913,2025-10-23 07:00:00,3217.56,FAILED,BANK,WhatsApp
PAY000003376,A003372,2026-07-13 21:00:00,1250.15,SUCCESS,CASH,AI Voice
PAY000003377,A002987,2026-02-14 17:00:00,12304.33,SUCCESS,CASH,Human
PAY000003378,A000793,2026-02-15 11:00:00,2321.59,SUCCESS,BANK,AI Voice
PAY000003379,A003583,2025-09-19 15:00:00,12339.0,SUCCESS,CASH,Field
PAY000003380,A001329,2026-03-17 08:00:00,8076.69,SUCCESS,UPI,AI Voice
PAY000003381,A001138,2026-06-07 09:00:00,11904.0,SUCCESS,CASH,AI Voice
PAY000003382,A003897,2026-06-10 11:00:00,7532.3,SUCCESS,CASH,Field
PAY000003383,A003265,2026-04-09 13:00:00,9989.05,SUCCESS,BANK,Field
PAY000003384,A001084,2026-08-21 07:00:00,9181.24,SUCCESS,CARD,Human
PAY000003385,A001445,2026-08-14 11:00:00,8888.78,SUCCESS,BANK,Self_Pay
PAY000003386,A003868,2026-04-25 13:00:00,1712.66,SUCCESS,CARD,WhatsApp
PAY000003387,A003366,2026-06-17 20:00:00,6403.29,SUCCESS,CARD,Self_Pay
PAY000003388,A002664,2026-03-17 10:00:00,8543.12,SUCCESS,BANK,WhatsApp
PAY000003389,A000377,2025-11-01 17:00:00,7389.42,SUCCESS,BANK,Field
PAY000003390,A003249,2026-03-04 21:00:00,10637.0,SUCCESS,CARD,Self_Pay
PAY000003391,A000210,2026-08-15 13:00:00,13945.17,SUCCESS,BANK,Field
PAY000003392,A000757,2026-02-01 11:00:00,5678.98,SUCCESS,CARD,AI Voice
PAY000003393,A003053,2026-02-14 10:00:00,11294.08,SUCCESS,CASH,Field
PAY000003394,A003217,2026-05-15 12:00:00,10826.82,SUCCESS,UPI,AI Voice
PAY000003395,A000096,2025-11-07 10:00:00,10236.0,SUCCESS,CARD,Self_Pay
PAY000003396,A003269,2026-06-13 13:00:00,6912.94,SUCCESS,CASH,Human
PAY000003397,A001947,2026-06-13 08:00:00,11760.06,SUCCESS,BANK,AI Voice
PAY000003398,A001008,2026-06-18 12:00:00,6205.28,SUCCESS,CARD,Self_Pay
PAY000003399,A002118,2026-03-17 15:00:00,12767.95,FAILED,CARD,WhatsApp
PAY000003400,A003490,2026-05-02 13:00:00,8209.04,FAILED,CARD,WhatsApp
PAY000003401,A002994,2025-11-15 13:00:00,9019.0,FAILED,CARD,Field
PAY000003402,A001753,2025-09-20 21:00:00,9913.93,SUCCESS,BANK,Self_Pay
PAY000003403,A003810,2025-12-05 13:00:00,13888.88,SUCCESS,CASH,WhatsApp
PAY000003404,A000046,2025-10-23 12:00:00,2805.27,SUCCESS,CASH,WhatsApp
PAY000003405,A002285,2026-08-16 21:00:00,12288.57,FAILED,CARD,Self_Pay
PAY000003406,A000892,2025-11-01 20:00:00,8329.33,SUCCESS,CARD,Human
PAY000003407,A002440,2025-11-23 18:00:00,15402.07,SUCCESS,UPI,Human
PAY000003408,A003886,2026-05-24 14:00:00,8281.47,SUCCESS,UPI,Human
PAY000003409,A002641,2025-09-06 12:00:00,6917.56,SUCCESS,BANK,Field
PAY000003410,A000555,2026-05-12 09:00:00,8644.34,SUCCESS,BANK,WhatsApp
PAY000003411,A002452,2025-11-17 09:00:00,10073.88,SUCCESS,UPI,AI Voice
PAY000003412,A003678,2026-08-13 12:00:00,7737.62,SUCCESS,BANK,WhatsApp
PAY000003413,A001603,2025-10-22 08:00:00,9207.89,SUCCESS,CARD,Field
PAY000003414,A003048,2025-11-07 16:00:00,4375.8,FAILED,CASH,Human
PAY000003415,A002152,2026-01-05 17:00:00,11885.0,FAILED,CARD,Human
PAY000003416,A003754,2026-08-06 17:00:00,8088.0,SUCCESS,UPI,AI Voice
PAY000003417,A004148,2025-09-26 14:00:00,8534.1,FAILED,CASH,AI Voice
PAY000003418,A001383,2025-09-26 10:00:00,1238.84,SUCCESS,CASH,Human
PAY000003419,A001881,2026-06-06 12:00:00,6575.15,FAILED,UPI,Field
PAY000003420,A003697,2025-10-13 20:00:00,14156.25,SUCCESS,UPI,Human
PAY000003421,A002561,2026-03-06 17:00:00,7506.33,SUCCESS,CARD,AI Voice
PAY000003422,A002240,2025-10-12 12:00:00,10078.0,SUCCESS,CASH,Human
PAY000003423,A003685,2025-11-08 14:00:00,9480.77,FAILED,CARD,Field
PAY000003424,A001443,2026-08-14 20:00:00,1066.63,SUCCESS,CASH,Self_Pay
PAY000003425,A001883,2026-08-10 17:00:00,11992.1,SUCCESS,BANK,Field
PAY000003426,A002970,2026-08-06 18:00:00,11375.91,FAILED,UPI,Human
PAY000003427,A001322,2025-10-03 14:00:00,3864.15,SUCCESS,CARD,WhatsApp
PAY000003428,A001624,2026-04-27 14:00:00,13278.08,SUCCESS,CARD,Human
PAY000003429,A000415,2026-04-12 09:00:00,7295.29,SUCCESS,CARD,Human
PAY000003430,A003261,2026-07-26 10:00:00,9964.68,SUCCESS,BANK,Field
PAY000003431,A003864,2026-03-15 15:00:00,6975.51,SUCCESS,CASH,Field
PAY000003432,A002967,2026-04-23 19:00:00,3037.13,SUCCESS,UPI,AI Voice
PAY000003433,A001835,2026-01-23 15:00:00,10759.0,FAILED,BANK,AI Voice
PAY000003434,A001800,2025-09-27 07:00:00,6999.98,SUCCESS,CASH,Self_Pay
PAY000003435,A003394,2026-02-02 17:00:00,5957.0,SUCCESS,UPI,Field
PAY000003436,A002109,2025-12-20 13:00:00,12937.9,FAILED,CARD,WhatsApp
PAY000003437,A004040,2025-10-05 14:00:00,5928.11,SUCCESS,CASH,WhatsApp
PAY000003438,A003946,2026-06-23 11:00:00,11467.19,SUCCESS,CARD,Self_Pay
PAY000003439,A004026,2026-04-27 20:00:00,6847.0,SUCCESS,CASH,Human
PAY000003440,A003349,2026-05-21 21:00:00,3444.84,FAILED,CASH,AI Voice
PAY000003441,A001734,2025-12-06 11:00:00,4466.03,SUCCESS,BANK,AI Voice
PAY000003442,A000581,2026-03-01 21:00:00,6609.15,FAILED,UPI,Field
PAY000003443,A002073,2026-04-08 10:00:00,8093.25,SUCCESS,BANK,AI Voice
PAY000003444,A000402,2026-06-21 21:00:00,2306.33,FAILED,CASH,WhatsApp
PAY000003445,A000429,2025-09-01 10:00:00,3672.95,SUCCESS,BANK,Field
PAY000003446,A004100,2025-10-01 09:00:00,14181.78,SUCCESS,CARD,Field
PAY000003447,A002193,2025-09-02 07:00:00,4317.34,SUCCESS,UPI,Human
PAY000003448,A000719,2025-09-09 17:00:00,9597.78,SUCCESS,CASH,AI Voice
PAY000003449,A004173,2026-04-18 11:00:00,13182.68,SUCCESS,CASH,WhatsApp
PAY000003450,A002547,2026-02-03 15:00:00,8412.67,SUCCESS,UPI,WhatsApp
PAY000003451,A002447,2025-12-01 12:00:00,3707.83,FAILED,UPI,Self_Pay
PAY000003452,A002449,2026-03-25 07:00:00,6864.97,SUCCESS,UPI,WhatsApp
PAY000003453,A000629,2026-07-19 13:00:00,13509.15,SUCCESS,UPI,Self_Pay
PAY000003454,A003527,2025-09-02 20:00:00,14893.95,SUCCESS,UPI,WhatsApp
PAY000003455,A003841,2025-09-12 17:00:00,4002.13,FAILED,BANK,Self_Pay
PAY000003456,A000695,2026-08-13 09:00:00,8953.44,SUCCESS,UPI,Human
PAY000003457,A000217,2026-05-27 12:00:00,9778.64,SUCCESS,CASH,Human
PAY000003458,A000824,2026-05-07 17:00:00,9098.52,SUCCESS,BANK,AI Voice
PAY000003459,A000209,2026-05-16 12:00:00,9067.66,FAILED,CASH,Self_Pay
PAY000003460,A000315,2026-02-09 13:00:00,3115.01,SUCCESS,CASH,AI Voice
PAY000003461,A000143,2025-11-14 19:00:00,11620.04,SUCCESS,UPI,Self_Pay
PAY000003462,A000383,2025-09-16 12:00:00,9872.43,SUCCESS,CARD,Field
PAY000003463,A001260,2026-04-07 20:00:00,6232.56,SUCCESS,BANK,WhatsApp
PAY000003464,A001801,2026-02-19 08:00:00,7664.7,SUCCESS,UPI,Field
PAY000003465,A000021,2026-06-17 11:00:00,7520.82,SUCCESS,UPI,Self_Pay
PAY000003466,A002574,2026-04-13 15:00:00,4220.84,FAILED,CASH,WhatsApp
PAY000003467,A002921,2026-03-12 21:00:00,2061.53,SUCCESS,BANK,WhatsApp
PAY000003468,A000554,2026-04-12 10:00:00,3102.52,SUCCESS,CARD,Field
PAY000003469,A004058,2026-01-13 19:00:00,14889.54,FAILED,BANK,Field
PAY000003470,A000703,2026-08-05 18:00:00,7152.57,FAILED,CASH,WhatsApp
PAY000003471,A003514,2025-11-24 19:00:00,1294.78,SUCCESS,BANK,Self_Pay
PAY000003472,A001481,2026-04-14 10:00:00,7229.62,SUCCESS,BANK,Human
PAY000003473,A002367,2025-11-25 14:00:00,4899.8,SUCCESS,CASH,Human
PAY000003474,A003391,2025-12-12 07:00:00,1191.11,SUCCESS,UPI,WhatsApp
PAY000003475,A003628,2025-11-01 14:00:00,15362.13,FAILED,CARD,Field
PAY000003476,A001606,2026-02-15 21:00:00,14732.77,SUCCESS,BANK,Human
PAY000003477,A002828,2026-02-06 21:00:00,8047.88,SUCCESS,BANK,Self_Pay
PAY000003478,A001267,2025-10-16 19:00:00,2262.21,SUCCESS,UPI,Field
PAY000003479,A003696,2026-05-20 20:00:00,11238.06,FAILED,CARD,Field
PAY000003480,A003777,2025-12-18 13:00:00,14594.8,SUCCESS,UPI,Human
PAY000003481,A003703,2026-07-24 10:00:00,5086.11,SUCCESS,UPI,AI Voice
PAY000003482,A003188,2026-06-17 18:00:00,9780.67,SUCCESS,BANK,WhatsApp
PAY000003483,A001691,2026-04-07 07:00:00,7813.05,FAILED,UPI,Field
PAY000003484,A002216,2026-01-10 20:00:00,3797.53,SUCCESS,CASH,WhatsApp
PAY000003485,A002903,2026-06-13 16:00:00,15832.94,SUCCESS,UPI,Self_Pay
PAY000003486,A000154,2025-09-07 12:00:00,14518.75,SUCCESS,CASH,WhatsApp
PAY000003487,A001101,2026-08-03 14:00:00,3725.47,SUCCESS,CASH,AI Voice
PAY000003488,A001416,2026-04-13 21:00:00,2147.54,SUCCESS,CARD,WhatsApp
PAY000003489,A001116,2026-07-16 07:00:00,6855.33,SUCCESS,UPI,Field
PAY000003490,A000360,2026-07-19 08:00:00,14753.0,SUCCESS,BANK,AI Voice
PAY000003491,A001766,2026-05-27 08:00:00,14891.96,SUCCESS,CARD,Self_Pay
PAY000003492,A003800,2026-08-21 16:00:00,10585.14,SUCCESS,BANK,Human
PAY000003493,A001213,2025-12-13 17:00:00,13104.47,SUCCESS,UPI,AI Voice
PAY000003494,A003187,2026-08-03 07:00:00,14154.54,FAILED,CARD,Self_Pay
PAY000003495,A000172,2026-06-13 18:00:00,13228.66,SUCCESS,UPI,Field
PAY000003496,A002938,2026-07-12 07:00:00,6374.91,SUCCESS,BANK,Field
PAY000003497,A003804,2025-11-11 20:00:00,13155.0,SUCCESS,CASH,Human
PAY000003498,A002041,2026-05-22 14:00:00,4058.86,FAILED,BANK,Field
PAY000003499,A002753,2025-12-09 20:00:00,12353.91,SUCCESS,UPI,Self_Pay
PAY000003500,A002850,2026-04-24 19:00:00,14458.76,SUCCESS,UPI,Self_Pay
PAY000003501,A000270,2026-04-15 18:00:00,11512.68,SUCCESS,CARD,Human
PAY000003502,A001142,2025-12-04 12:00:00,13564.36,SUCCESS,UPI,Human
PAY000003503,A001650,2026-03-15 13:00:00,14286.33,FAILED,UPI,Human
PAY000003504,A003918,2025-09-19 14:00:00,6948.83,SUCCESS,CASH,AI Voice
PAY000003505,A000971,2026-01-20 15:00:00,15256.47,SUCCESS,UPI,Self_Pay
PAY000003506,A000764,2025-11-03 08:00:00,10527.97,SUCCESS,CARD,WhatsApp
PAY000003507,A004040,2026-07-22 07:00:00,12486.87,SUCCESS,UPI,Self_Pay
PAY000003508,A002402,2026-04-17 12:00:00,3840.29,SUCCESS,CASH,Field
PAY000003509,A000767,2026-07-18 15:00:00,4965.46,FAILED,UPI,WhatsApp
PAY000003510,A000707,2026-06-24 15:00:00,7389.45,FAILED,CASH,Self_Pay
PAY000003511,A000922,2025-10-14 20:00:00,13491.54,SUCCESS,CASH,Human
PAY000003512,A000081,2026-03-14 20:00:00,9232.83,FAILED,CASH,Human
PAY000003513,A003046,2025-09-06 18:00:00,1793.07,SUCCESS,BANK,WhatsApp
PAY000003514,A000360,2025-12-12 11:00:00,14753.0,SUCCESS,CASH,Human
PAY000003515,A000953,2025-09-07 09:00:00,5847.76,SUCCESS,CASH,WhatsApp
PAY000003516,A002025,2026-05-17 10:00:00,8958.28,SUCCESS,BANK,Field
PAY000003517,A000915,2026-02-19 12:00:00,4195.03,SUCCESS,BANK,Field
PAY000003518,A003135,2026-05-19 19:00:00,4129.21,SUCCESS,CASH,Self_Pay
PAY000003519,A001500,2025-11-05 15:00:00,14216.0,SUCCESS,CARD,Field
PAY000003520,A003688,2026-02-27 08:00:00,15723.75,SUCCESS,UPI,Self_Pay
PAY000003521,A000449,2026-08-07 08:00:00,8827.0,SUCCESS,UPI,AI Voice
PAY000003522,A002734,2026-03-22 20:00:00,8785.57,FAILED,BANK,Self_Pay
PAY000003523,A000214,2026-07-20 17:00:00,1732.52,SUCCESS,UPI,Human
PAY000003524,A001620,2026-02-17 19:00:00,5104.64,SUCCESS,CASH,AI Voice
PAY000003525,A002644,2026-06-11 11:00:00,2281.89,SUCCESS,BANK,WhatsApp
PAY000003526,A003347,2026-03-22 20:00:00,12710.83,SUCCESS,CARD,Human
PAY000003527,A000555,2025-12-13 19:00:00,12641.93,SUCCESS,BANK,WhatsApp
PAY000003528,A001895,2025-11-23 12:00:00,7896.59,SUCCESS,BANK,Field
PAY000003529,A003376,2026-07-05 17:00:00,1810.8,SUCCESS,CASH,Human
PAY000003530,A002105,2026-03-04 12:00:00,12561.59,FAILED,UPI,Human
PAY000003531,A000832,2026-04-15 11:00:00,3970.89,FAILED,CASH,Field
PAY000003532,A003629,2026-02-07 19:00:00,2447.86,SUCCESS,UPI,Human
PAY000003533,A003245,2025-11-13 07:00:00,11105.55,SUCCESS,BANK,Field
PAY000003534,A004158,2026-01-10 12:00:00,3569.32,SUCCESS,BANK,Human
PAY000003535,A000077,2026-06-20 15:00:00,1141.87,SUCCESS,BANK,Human
PAY000003536,A001440,2025-11-21 20:00:00,13094.26,FAILED,BANK,Human
PAY000003537,A003047,2025-11-16 12:00:00,11988.85,SUCCESS,UPI,Field
PAY000003538,A002723,2026-01-19 20:00:00,9647.74,SUCCESS,UPI,AI Voice
PAY000003539,A002007,2026-04-21 21:00:00,2744.19,SUCCESS,UPI,Self_Pay
PAY000003540,A001535,2026-01-24 11:00:00,11670.44,SUCCESS,UPI,Self_Pay
PAY000003541,A000682,2026-01-27 14:00:00,6396.01,FAILED,UPI,Field
PAY000003542,A002534,2025-12-11 16:00:00,3888.95,SUCCESS,CARD,AI Voice
PAY000003543,A000547,2026-02-15 13:00:00,15824.76,FAILED,BANK,WhatsApp
PAY000003544,A002931,2026-06-22 18:00:00,12031.95,FAILED,CARD,Human
PAY000003545,A001968,2025-12-23 13:00:00,6426.52,FAILED,BANK,WhatsApp
PAY000003546,A002551,2025-10-10 14:00:00,15321.06,SUCCESS,CASH,Field
PAY000003547,A000161,2026-02-20 15:00:00,11532.02,FAILED,CARD,Human
PAY000003548,A002956,2025-10-03 20:00:00,9359.08,SUCCESS,UPI,Self_Pay
PAY000003549,A003529,2025-10-23 21:00:00,1774.8,SUCCESS,CARD,WhatsApp
PAY000003550,A002408,2026-08-01 16:00:00,5554.35,SUCCESS,CASH,AI Voice
PAY000003551,A000271,2026-05-03 15:00:00,8043.45,SUCCESS,UPI,Self_Pay
PAY000003552,A001826,2026-08-05 11:00:00,15398.74,SUCCESS,BANK,WhatsApp
PAY000003553,A001917,2026-07-01 12:00:00,11540.54,SUCCESS,CASH,Field
PAY000003554,A002332,2026-08-21 18:00:00,9594.84,SUCCESS,CASH,AI Voice
PAY000003555,A000123,2026-02-17 20:00:00,5778.01,SUCCESS,UPI,Human
PAY000003556,A000384,2026-08-27 07:00:00,3331.66,SUCCESS,UPI,Field
PAY000003557,A001762,2026-06-21 08:00:00,10628.76,FAILED,CARD,Self_Pay
PAY000003558,A003149,2026-01-08 16:00:00,6766.64,SUCCESS,UPI,Human
PAY000003559,A000900,2026-06-02 10:00:00,8600.94,SUCCESS,UPI,WhatsApp
PAY000003560,A001161,2026-06-05 08:00:00,5711.75,FAILED,UPI,WhatsApp
PAY000003561,A001970,2026-04-24 07:00:00,14572.31,SUCCESS,BANK,WhatsApp
PAY000003562,A002757,2026-01-27 18:00:00,15784.22,SUCCESS,CASH,AI Voice
PAY000003563,A002228,2026-02-03 21:00:00,11108.0,SUCCESS,CASH,Human
PAY000003564,A001420,2026-03-17 13:00:00,5046.47,SUCCESS,CARD,WhatsApp
PAY000003565,A002081,2026-06-07 19:00:00,3112.23,SUCCESS,CARD,Field
PAY000003566,A003305,2026-05-23 17:00:00,12501.36,SUCCESS,BANK,WhatsApp
PAY000003567,A001827,2025-12-04 12:00:00,7002.6,SUCCESS,BANK,Human
PAY000003568,A000745,2026-01-12 20:00:00,5297.52,SUCCESS,CASH,WhatsApp
PAY000003569,A000721,2026-07-15 14:00:00,15128.18,SUCCESS,CASH,AI Voice
PAY000003570,A001829,2026-07-24 15:00:00,9109.82,SUCCESS,BANK,AI Voice
PAY000003571,A001570,2026-02-05 08:00:00,12038.45,SUCCESS,CARD,AI Voice
PAY000003572,A000736,2026-08-14 18:00:00,7261.38,SUCCESS,CASH,Field
PAY000003573,A002811,2026-05-11 18:00:00,12755.22,SUCCESS,CARD,Self_Pay
PAY000003574,A000269,2025-12-13 21:00:00,14938.27,SUCCESS,UPI,Human
PAY000003575,A001990,2025-10-12 20:00:00,9286.0,SUCCESS,BANK,AI Voice
PAY000003576,A003371,2025-09-11 14:00:00,15813.26,SUCCESS,BANK,Field
PAY000003577,A002727,2026-08-19 07:00:00,15272.31,SUCCESS,CARD,Self_Pay
PAY000003578,A001237,2026-01-24 15:00:00,9708.0,FAILED,UPI,AI Voice
PAY000003579,A003125,2026-02-21 18:00:00,9816.98,SUCCESS,CARD,Field
PAY000003580,A000157,2026-07-04 21:00:00,4550.1,SUCCESS,UPI,Human
PAY000003581,A000610,2025-11-01 08:00:00,1744.58,FAILED,CASH,Human
PAY000003582,A003419,2026-04-24 12:00:00,3663.23,SUCCESS,BANK,Self_Pay
PAY000003583,A001933,2025-12-14 19:00:00,14394.81,SUCCESS,BANK,Self_Pay
PAY000003584,A002627,2026-07-21 14:00:00,9120.07,SUCCESS,UPI,Human
PAY000003585,A001252,2026-01-10 20:00:00,3326.86,SUCCESS,BANK,Field
PAY000003586,A001136,2026-07-09 19:00:00,7210.0,SUCCESS,CARD,Human
PAY000003587,A003337,2026-07-07 21:00:00,6680.0,FAILED,UPI,Human
PAY000003588,A003876,2026-02-10 17:00:00,13184.62,FAILED,CASH,Self_Pay
PAY000003589,A003892,2025-11-27 13:00:00,11946.7,SUCCESS,BANK,AI Voice
PAY000003590,A003092,2026-03-21 08:00:00,4397.22,SUCCESS,BANK,Human
PAY000003591,A000813,2026-05-19 19:00:00,4586.45,SUCCESS,CARD,Field
PAY000003592,A003335,2026-05-05 11:00:00,10337.66,SUCCESS,UPI,AI Voice
PAY000003593,A003176,2025-10-01 16:00:00,15673.82,SUCCESS,BANK,Field
PAY000003594,A000883,2026-08-25 18:00:00,1393.61,SUCCESS,UPI,Field
PAY000003595,A002412,2025-11-19 14:00:00,8093.11,SUCCESS,CARD,WhatsApp
PAY000003596,A003302,2026-03-26 11:00:00,1322.27,SUCCESS,CARD,Field
PAY000003597,A000988,2025-10-26 10:00:00,15459.42,SUCCESS,UPI,WhatsApp
PAY000003598,A004027,2025-10-17 19:00:00,9504.0,SUCCESS,CARD,Field
PAY000003599,A004195,2026-07-26 17:00:00,7205.37,SUCCESS,UPI,WhatsApp
PAY000003600,A001495,2025-11-01 14:00:00,10885.17,FAILED,CASH,AI Voice
PAY000003601,A003453,2025-11-25 13:00:00,7405.05,SUCCESS,UPI,AI Voice
PAY000003602,A002034,2026-03-21 15:00:00,14219.0,SUCCESS,BANK,Field
PAY000003603,A001971,2025-11-21 14:00:00,5337.72,FAILED,UPI,Human
PAY000003604,A000283,2025-10-22 16:00:00,8854.15,SUCCESS,CARD,Human
PAY000003605,A001334,2025-11-25 15:00:00,8293.0,SUCCESS,CASH,Self_Pay
PAY000003606,A000004,2026-05-08 20:00:00,8370.55,SUCCESS,BANK,Self_Pay
PAY000003607,A002414,2026-03-06 19:00:00,2627.97,FAILED,BANK,Field
PAY000003608,A000047,2026-08-05 18:00:00,2430.75,SUCCESS,BANK,WhatsApp
PAY000003609,A001856,2026-04-07 19:00:00,6097.14,SUCCESS,CASH,Self_Pay
PAY000003610,A001661,2026-02-07 13:00:00,2465.65,SUCCESS,CASH,AI Voice
PAY000003611,A001926,2026-03-04 13:00:00,7910.96,SUCCESS,BANK,WhatsApp
PAY000003612,A001270,2026-03-15 10:00:00,3342.71,FAILED,CASH,Human
PAY000003613,A003791,2026-03-25 14:00:00,6096.82,SUCCESS,CARD,Field
PAY000003614,A000859,2025-11-02 15:00:00,8948.3,SUCCESS,CARD,Human
PAY000003615,A000159,2025-12-07 20:00:00,11332.98,SUCCESS,BANK,Field
PAY000003616,A003591,2026-04-06 20:00:00,10802.62,SUCCESS,CARD,WhatsApp
PAY000003617,A003391,2025-10-20 21:00:00,1753.85,FAILED,CARD,WhatsApp
PAY000003618,A003030,2025-10-26 13:00:00,4521.0,SUCCESS,CASH,AI Voice
PAY000003619,A002061,2025-09-15 11:00:00,14076.13,SUCCESS,BANK,Self_Pay
PAY000003620,A003493,2026-01-03 09:00:00,2067.59,SUCCESS,UPI,Self_Pay
PAY000003621,A003522,2026-08-21 15:00:00,9798.04,FAILED,CASH,Field
PAY000003622,A002333,2026-01-17 20:00:00,13110.09,SUCCESS,UPI,Self_Pay
PAY000003623,A001707,2026-04-17 10:00:00,15050.09,SUCCESS,BANK,Human
PAY000003624,A001326,2026-04-03 08:00:00,5189.37,SUCCESS,UPI,Human
PAY000003625,A002200,2026-05-10 13:00:00,14467.62,SUCCESS,BANK,WhatsApp
PAY000003626,A003437,2026-02-05 20:00:00,5332.28,SUCCESS,UPI,Self_Pay
PAY000003627,A002420,2026-05-22 09:00:00,11848.96,FAILED,UPI,Human
PAY000003628,A001627,2026-06-23 08:00:00,14540.71,FAILED,BANK,AI Voice
PAY000003629,A002639,2025-10-01 12:00:00,7122.96,FAILED,CARD,Human
PAY000003630,A001326,2026-07-14 07:00:00,8058.41,SUCCESS,CARD,AI Voice
PAY000003631,A004187,2026-08-14 12:00:00,1086.89,SUCCESS,CASH,Human
PAY000003632,A001106,2026-04-23 11:00:00,7550.58,SUCCESS,BANK,Field
PAY000003633,A003590,2025-12-09 16:00:00,6631.4,FAILED,CASH,Self_Pay
PAY000003634,A003731,2026-02-24 21:00:00,13842.84,SUCCESS,BANK,WhatsApp
PAY000003635,A002252,2026-08-04 18:00:00,9590.18,SUCCESS,UPI,Human
PAY000003636,A000871,2026-01-21 14:00:00,7681.0,FAILED,UPI,AI Voice
PAY000003637,A002376,2025-11-06 11:00:00,2890.58,FAILED,UPI,WhatsApp
PAY000003638,A001960,2026-02-25 08:00:00,9054.7,SUCCESS,BANK,Self_Pay
PAY000003639,A001800,2025-10-05 10:00:00,6478.01,FAILED,BANK,WhatsApp
PAY000003640,A001768,2026-08-06 18:00:00,7684.2,SUCCESS,CARD,Human
PAY000003641,A000174,2026-01-19 10:00:00,7806.16,SUCCESS,CARD,Field
PAY000003642,A001818,2026-02-06 18:00:00,6637.19,FAILED,CARD,Human
PAY000003643,A002380,2025-12-03 20:00:00,6905.09,SUCCESS,UPI,Human
PAY000003644,A004040,2025-09-14 10:00:00,14045.0,SUCCESS,CASH,AI Voice
PAY000003645,A001360,2026-06-08 21:00:00,8790.37,FAILED,CASH,Human
PAY000003646,A000462,2026-06-09 09:00:00,10642.63,SUCCESS,UPI,AI Voice
PAY000003647,A000483,2026-07-06 11:00:00,9179.7,SUCCESS,CASH,WhatsApp
PAY000003648,A002046,2025-11-14 14:00:00,2168.14,SUCCESS,CARD,Human
PAY000003649,A004160,2025-11-06 14:00:00,8116.37,FAILED,CARD,AI Voice
PAY000003650,A003047,2026-08-19 20:00:00,6576.23,SUCCESS,CARD,AI Voice
PAY000003651,A001607,2025-09-23 15:00:00,7568.67,SUCCESS,CASH,Field
PAY000003652,A000030,2025-11-25 21:00:00,3442.71,SUCCESS,UPI,Field
PAY000003653,A002453,2026-02-18 20:00:00,5012.53,SUCCESS,UPI,Self_Pay
PAY000003654,A000863,2026-08-24 11:00:00,12308.99,SUCCESS,UPI,WhatsApp
PAY000003655,A000147,2026-02-25 10:00:00,5063.38,SUCCESS,CARD,WhatsApp
PAY000003656,A000492,2026-03-01 11:00:00,7522.67,SUCCESS,CARD,AI Voice
PAY000003657,A001323,2025-09-25 20:00:00,1925.3,SUCCESS,UPI,Human
PAY000003658,A002391,2026-04-14 18:00:00,9267.0,SUCCESS,UPI,Self_Pay
PAY000003659,A001822,2026-08-24 11:00:00,7512.02,SUCCESS,BANK,WhatsApp
PAY000003660,A002610,2025-10-22 20:00:00,3922.99,SUCCESS,CARD,Human
PAY000003661,A003514,2026-07-27 10:00:00,11066.35,SUCCESS,UPI,Field
PAY000003662,A004039,2025-09-18 17:00:00,10018.97,SUCCESS,CARD,WhatsApp
PAY000003663,A000353,2026-05-13 09:00:00,14603.89,SUCCESS,CARD,Self_Pay
PAY000003664,A001643,2026-03-27 20:00:00,7981.89,SUCCESS,UPI,Human
PAY000003665,A002477,2025-11-22 12:00:00,4289.94,FAILED,BANK,WhatsApp
PAY000003666,A001799,2025-12-10 21:00:00,7475.0,SUCCESS,BANK,Field
PAY000003667,A000787,2026-08-24 19:00:00,7250.03,FAILED,CARD,Self_Pay
PAY000003668,A000685,2026-04-02 18:00:00,12517.91,FAILED,CARD,Human
PAY000003669,A001161,2026-01-12 17:00:00,13378.6,SUCCESS,CARD,AI Voice
PAY000003670,A002414,2025-12-20 18:00:00,11062.05,SUCCESS,CASH,Field
PAY000003671,A001306,2026-03-20 09:00:00,11031.18,SUCCESS,UPI,Human
PAY000003672,A001369,2026-06-26 15:00:00,10669.0,SUCCESS,CASH,Field
PAY000003673,A002124,2026-04-27 12:00:00,13851.27,SUCCESS,CASH,Human
PAY000003674,A003919,2026-03-04 08:00:00,9610.0,SUCCESS,CASH,Field
PAY000003675,A000697,2026-04-17 20:00:00,13399.0,FAILED,CASH,WhatsApp
PAY000003676,A003299,2026-04-05 12:00:00,7928.14,SUCCESS,UPI,Field
PAY000003677,A001932,2025-11-25 21:00:00,15127.0,SUCCESS,CASH,Field
PAY000003678,A003708,2026-01-07 17:00:00,9883.29,SUCCESS,CASH,WhatsApp
PAY000003679,A003491,2026-04-12 14:00:00,4638.91,SUCCESS,CASH,Human
PAY000003680,A002940,2026-01-08 12:00:00,4540.96,SUCCESS,BANK,WhatsApp
PAY000003681,A002308,2026-05-22 19:00:00,12145.63,SUCCESS,CARD,Human
PAY000003682,A003923,2025-09-08 19:00:00,10058.0,SUCCESS,BANK,Self_Pay
PAY000003683,A000900,2026-01-06 07:00:00,9192.03,FAILED,CARD,AI Voice
PAY000003684,A000860,2026-01-02 17:00:00,7898.92,FAILED,CASH,WhatsApp
PAY000003685,A002651,2026-08-20 16:00:00,1771.01,FAILED,CASH,Field
PAY000003686,A003856,2026-06-13 14:00:00,9613.71,SUCCESS,UPI,Field
PAY000003687,A003194,2026-01-23 07:00:00,10825.0,SUCCESS,BANK,Human
PAY000003688,A002456,2026-07-23 17:00:00,5570.0,SUCCESS,UPI,Self_Pay
PAY000003689,A000576,2026-01-12 21:00:00,3183.4,SUCCESS,BANK,Field
PAY000003690,A002968,2026-04-10 20:00:00,8166.96,SUCCESS,CARD,Self_Pay
PAY000003691,A001456,2026-08-23 11:00:00,9634.41,SUCCESS,CARD,WhatsApp
PAY000003692,A002559,2025-09-27 14:00:00,7853.02,SUCCESS,UPI,Self_Pay
PAY000003693,A004081,2026-07-11 11:00:00,5502.7,SUCCESS,CASH,WhatsApp
PAY000003694,A000456,2025-11-22 10:00:00,1161.57,SUCCESS,UPI,WhatsApp
PAY000003695,A003855,2026-01-24 17:00:00,4834.43,SUCCESS,CARD,Self_Pay
PAY000003696,A003403,2025-10-21 16:00:00,8347.49,SUCCESS,UPI,WhatsApp
PAY000003697,A003937,2026-01-15 20:00:00,8224.0,SUCCESS,CASH,Self_Pay
PAY000003698,A002646,2026-08-06 09:00:00,9131.94,SUCCESS,CARD,Self_Pay
PAY000003699,A000511,2026-03-08 07:00:00,5542.87,SUCCESS,CARD,Field
PAY000003700,A003990,2026-03-16 08:00:00,9194.0,SUCCESS,CARD,Field
PAY000003701,A000710,2026-01-14 21:00:00,1584.9,SUCCESS,UPI,Field
PAY000003702,A000292,2026-06-06 14:00:00,3904.0,SUCCESS,CASH,Self_Pay
PAY000003703,A000709,2026-04-26 16:00:00,12681.0,SUCCESS,CARD,AI Voice
PAY000003704,A003241,2026-04-16 18:00:00,10609.87,FAILED,UPI,Self_Pay
PAY000003705,A001986,2026-03-15 19:00:00,3292.65,SUCCESS,UPI,AI Voice
PAY000003706,A000749,2025-11-23 17:00:00,2035.43,SUCCESS,BANK,WhatsApp
PAY000003707,A000105,2026-07-04 21:00:00,12158.93,SUCCESS,CARD,Field
PAY000003708,A001436,2025-10-22 07:00:00,7184.88,SUCCESS,UPI,AI Voice
PAY000003709,A000719,2026-04-06 17:00:00,5332.98,FAILED,UPI,Field
PAY000003710,A002431,2026-07-13 21:00:00,6267.91,FAILED,UPI,Human
PAY000003711,A003538,2026-08-27 09:00:00,12030.27,FAILED,BANK,Self_Pay
PAY000003712,A000037,2026-07-12 20:00:00,14410.52,SUCCESS,UPI,Field
PAY000003713,A004198,2026-06-23 13:00:00,5806.9,SUCCESS,CASH,AI Voice
PAY000003714,A003017,2026-03-24 14:00:00,14716.11,SUCCESS,BANK,Field
PAY000003715,A004071,2026-04-19 15:00:00,4977.16,FAILED,BANK,Self_Pay
PAY000003716,A000063,2026-02-06 12:00:00,7378.39,SUCCESS,UPI,AI Voice
PAY000003717,A001358,2026-06-27 10:00:00,9973.33,SUCCESS,CARD,WhatsApp
PAY000003718,A000115,2025-09-07 18:00:00,12858.0,FAILED,UPI,Field
PAY000003719,A003249,2026-08-25 12:00:00,10637.0,SUCCESS,UPI,Self_Pay
PAY000003720,A001681,2025-09-13 18:00:00,1526.01,FAILED,BANK,Field
PAY000003721,A001867,2025-10-13 11:00:00,3507.77,SUCCESS,CARD,Human
PAY000003722,A000113,2026-05-10 12:00:00,13957.72,SUCCESS,UPI,AI Voice
PAY000003723,A000743,2026-03-27 08:00:00,6833.25,SUCCESS,CASH,Self_Pay
PAY000003724,A003784,2026-06-22 08:00:00,15442.1,SUCCESS,BANK,WhatsApp
PAY000003725,A002736,2026-02-20 13:00:00,14470.67,SUCCESS,CASH,AI Voice
PAY000003726,A003480,2026-04-26 10:00:00,6941.0,SUCCESS,CARD,WhatsApp
PAY000003727,A003741,2025-09-19 17:00:00,7071.51,FAILED,CASH,WhatsApp
PAY000003728,A001016,2025-10-03 17:00:00,5801.04,SUCCESS,UPI,Field
PAY000003729,A000596,2026-02-23 11:00:00,5660.21,FAILED,UPI,AI Voice
PAY000003730,A000481,2025-11-13 12:00:00,6265.66,SUCCESS,CARD,Self_Pay
PAY000003731,A000120,2026-08-12 09:00:00,4717.33,SUCCESS,CASH,Human
PAY000003732,A000685,2026-08-17 20:00:00,13594.55,SUCCESS,CARD,WhatsApp
PAY000003733,A002014,2026-06-18 16:00:00,10519.71,SUCCESS,BANK,AI Voice
PAY000003734,A000571,2026-01-04 18:00:00,15447.91,FAILED,BANK,Field
PAY000003735,A003301,2026-06-10 09:00:00,7618.71,FAILED,UPI,Field
PAY000003736,A000266,2026-05-12 09:00:00,5550.16,SUCCESS,UPI,Human
PAY000003737,A004019,2026-08-10 09:00:00,10683.36,FAILED,BANK,Field
PAY000003738,A001454,2025-09-18 07:00:00,2941.28,FAILED,BANK,Field
PAY000003739,A000849,2026-04-20 20:00:00,8206.54,SUCCESS,CASH,Field
PAY000003740,A003789,2026-01-18 18:00:00,14091.58,SUCCESS,BANK,WhatsApp
PAY000003741,A004050,2025-12-23 15:00:00,8466.52,SUCCESS,CARD,AI Voice
PAY000003742,A000451,2026-08-22 18:00:00,8037.38,FAILED,CARD,Human
PAY000003743,A002190,2026-02-16 19:00:00,7046.7,SUCCESS,UPI,AI Voice
PAY000003744,A001967,2026-08-22 19:00:00,6729.46,SUCCESS,UPI,AI Voice
PAY000003745,A002198,2025-12-16 18:00:00,14097.0,SUCCESS,UPI,Field
PAY000003746,A003343,2026-06-11 16:00:00,8406.22,SUCCESS,CASH,Field
PAY000003747,A000278,2025-09-24 20:00:00,13517.0,SUCCESS,BANK,Human
PAY000003748,A000941,2026-04-15 20:00:00,1904.89,SUCCESS,UPI,WhatsApp
PAY000003749,A000158,2026-05-19 12:00:00,1563.89,SUCCESS,CASH,WhatsApp
PAY000003750,A002595,2025-09-23 10:00:00,7043.2,SUCCESS,BANK,Field
PAY000003751,A001677,2026-04-06 09:00:00,6087.77,SUCCESS,BANK,Self_Pay
PAY000003752,A001537,2025-09-10 14:00:00,13551.04,FAILED,BANK,Field
PAY000003753,A003084,2025-12-09 17:00:00,10091.56,FAILED,CASH,Field
PAY000003754,A003270,2025-12-21 08:00:00,2321.02,SUCCESS,CASH,WhatsApp
PAY000003755,A001514,2025-10-09 15:00:00,6136.96,SUCCESS,BANK,Field
PAY000003756,A004120,2025-09-05 17:00:00,5213.99,SUCCESS,UPI,Self_Pay
PAY000003757,A001161,2026-06-20 15:00:00,6352.89,FAILED,BANK,AI Voice
PAY000003758,A000090,2025-11-17 07:00:00,5672.71,SUCCESS,CASH,AI Voice
PAY000003759,A003093,2026-01-25 11:00:00,11127.0,SUCCESS,UPI,Field
PAY000003760,A000212,2026-01-22 15:00:00,14592.08,FAILED,BANK,AI Voice
PAY000003761,A001572,2025-11-16 17:00:00,15823.84,SUCCESS,BANK,Human
PAY000003762,A001429,2025-09-12 17:00:00,6472.19,SUCCESS,UPI,AI Voice
PAY000003763,A002546,2026-03-01 10:00:00,6248.37,SUCCESS,CARD,WhatsApp
PAY000003764,A002631,2026-03-13 15:00:00,13300.3,SUCCESS,CASH,Self_Pay
PAY000003765,A001015,2026-06-14 16:00:00,12224.19,SUCCESS,BANK,AI Voice
PAY000003766,A003688,2026-05-01 07:00:00,3653.35,SUCCESS,CASH,WhatsApp
PAY000003767,A003029,2026-01-13 10:00:00,13070.17,SUCCESS,CASH,Self_Pay
PAY000003768,A001835,2026-03-13 16:00:00,7258.9,SUCCESS,BANK,WhatsApp
PAY000003769,A001989,2025-10-04 17:00:00,2598.18,SUCCESS,CARD,Self_Pay
PAY000003770,A001096,2026-07-11 19:00:00,9989.04,FAILED,CASH,WhatsApp
PAY000003771,A002425,2026-05-19 19:00:00,2030.92,SUCCESS,CASH,Human
PAY000003772,A001837,2025-11-07 13:00:00,12834.0,SUCCESS,BANK,Field
PAY000003773,A000159,2026-06-13 08:00:00,8388.26,SUCCESS,CASH,Field
PAY000003774,A000794,2026-07-27 19:00:00,15848.49,SUCCESS,CASH,AI Voice
PAY000003775,A002688,2026-02-21 16:00:00,4042.66,SUCCESS,CASH,Human
PAY000003776,A002222,2026-02-10 13:00:00,7113.5,SUCCESS,CASH,AI Voice
PAY000003777,A003679,2026-08-23 09:00:00,7734.0,SUCCESS,CASH,Self_Pay
PAY000003778,A001415,2026-02-05 12:00:00,10499.17,SUCCESS,CARD,WhatsApp
PAY000003779,A003163,2026-03-25 13:00:00,2221.73,SUCCESS,CASH,Field
PAY000003780,A003472,2026-01-20 21:00:00,7931.9,SUCCESS,BANK,Human
PAY000003781,A002903,2026-08-15 16:00:00,12999.28,SUCCESS,UPI,AI Voice
PAY000003782,A001987,2026-06-06 08:00:00,15740.72,SUCCESS,UPI,AI Voice
PAY000003783,A000162,2026-02-12 10:00:00,3558.59,FAILED,BANK,Human
PAY000003784,A001087,2026-05-04 09:00:00,4272.0,FAILED,BANK,Human
PAY000003785,A003489,2026-05-23 11:00:00,2056.11,SUCCESS,BANK,WhatsApp
PAY000003786,A002642,2026-05-14 15:00:00,7046.0,SUCCESS,CARD,Human
PAY000003787,A003113,2026-08-15 11:00:00,11433.87,SUCCESS,UPI,Human
PAY000003788,A002326,2026-02-14 11:00:00,8095.74,SUCCESS,CARD,Field
PAY000003789,A000187,2025-11-11 20:00:00,13801.0,FAILED,UPI,Field
PAY000003790,A001239,2026-02-19 13:00:00,13794.09,FAILED,CARD,Human
PAY000003791,A003772,2026-04-25 21:00:00,3832.18,FAILED,UPI,WhatsApp
PAY000003792,A001639,2026-02-14 16:00:00,5588.09,SUCCESS,BANK,AI Voice
PAY000003793,A000055,2025-10-23 08:00:00,6121.56,SUCCESS,BANK,AI Voice
PAY000003794,A000540,2026-05-10 10:00:00,10209.02,SUCCESS,UPI,WhatsApp
PAY000003795,A001277,2026-06-19 09:00:00,2569.45,FAILED,BANK,Field
PAY000003796,A001345,2026-02-25 10:00:00,4739.64,FAILED,BANK,AI Voice
PAY000003797,A002384,2026-01-13 16:00:00,12898.2,FAILED,BANK,Self_Pay
PAY000003798,A002816,2025-09-21 20:00:00,7620.4,FAILED,CASH,Field
PAY000003799,A001711,2026-03-04 09:00:00,6806.77,SUCCESS,CASH,WhatsApp
PAY000003800,A001096,2025-11-05 11:00:00,6468.62,SUCCESS,CARD,WhatsApp
PAY000003801,A003823,2026-08-10 10:00:00,4469.96,SUCCESS,CASH,Field
PAY000003802,A003449,2025-09-22 18:00:00,6092.88,SUCCESS,UPI,WhatsApp
PAY000003803,A001527,2025-09-18 16:00:00,5864.0,SUCCESS,CARD,WhatsApp
PAY000003804,A000265,2026-04-09 20:00:00,9493.18,FAILED,UPI,AI Voice
PAY000003805,A003579,2026-05-26 12:00:00,10694.17,SUCCESS,UPI,Human
PAY000003806,A001886,2026-01-09 21:00:00,6337.61,FAILED,UPI,AI Voice
PAY000003807,A000790,2026-06-01 16:00:00,3195.72,SUCCESS,UPI,Field
PAY000003808,A001018,2025-11-09 19:00:00,3690.63,SUCCESS,BANK,AI Voice
PAY000003809,A000830,2026-03-25 10:00:00,4435.67,SUCCESS,CARD,Human
PAY000003810,A003898,2026-01-21 21:00:00,10616.0,SUCCESS,UPI,Human
PAY000003811,A000587,2026-06-16 10:00:00,5256.8,SUCCESS,CARD,Field
PAY000003812,A001716,2026-03-05 14:00:00,5703.77,FAILED,CARD,Human
PAY000003813,A003050,2026-04-12 12:00:00,14031.05,SUCCESS,BANK,Self_Pay
PAY000003814,A004180,2025-11-24 14:00:00,8382.47,SUCCESS,CASH,Field
PAY000003815,A002143,2025-09-17 07:00:00,3011.03,SUCCESS,CARD,WhatsApp
PAY000003816,A002968,2026-07-11 17:00:00,15225.11,SUCCESS,CASH,WhatsApp
PAY000003817,A002897,2026-02-15 16:00:00,14064.07,FAILED,BANK,Field
PAY000003818,A000185,2025-12-11 09:00:00,10092.02,SUCCESS,CASH,AI Voice
PAY000003819,A000757,2025-09-15 08:00:00,4111.77,SUCCESS,UPI,AI Voice
PAY000003820,A001623,2025-12-09 14:00:00,7809.76,SUCCESS,BANK,WhatsApp
PAY000003821,A004025,2025-10-16 11:00:00,2875.51,FAILED,CASH,Self_Pay
PAY000003822,A000585,2026-05-02 16:00:00,4697.4,SUCCESS,CASH,WhatsApp
PAY000003823,A001602,2026-02-13 07:00:00,8405.08,SUCCESS,BANK,AI Voice
PAY000003824,A001108,2026-05-14 11:00:00,5021.03,SUCCESS,BANK,AI Voice
PAY000003825,A001896,2025-11-22 10:00:00,12953.62,SUCCESS,CARD,WhatsApp
PAY000003826,A000822,2026-04-23 19:00:00,11764.84,FAILED,CASH,AI Voice
PAY000003827,A004050,2025-11-14 19:00:00,1578.13,FAILED,CARD,AI Voice
PAY000003828,A002738,2026-01-26 20:00:00,2003.13,SUCCESS,CARD,WhatsApp
PAY000003829,A002307,2025-11-20 21:00:00,5409.41,SUCCESS,CARD,Self_Pay
PAY000003830,A001013,2025-11-21 11:00:00,2232.06,SUCCESS,BANK,Human
PAY000003831,A002143,2026-07-08 08:00:00,13635.0,SUCCESS,BANK,Human
PAY000003832,A001535,2025-11-02 11:00:00,1611.14,SUCCESS,CARD,Self_Pay
PAY000003833,A002785,2026-08-04 07:00:00,8702.87,SUCCESS,CASH,WhatsApp
PAY000003834,A002747,2026-03-04 08:00:00,4407.21,SUCCESS,BANK,Self_Pay
PAY000003835,A003661,2025-11-06 07:00:00,5871.36,FAILED,UPI,WhatsApp
PAY000003836,A000088,2026-07-07 07:00:00,12010.49,SUCCESS,UPI,WhatsApp
PAY000003837,A002998,2025-11-11 10:00:00,13497.32,SUCCESS,BANK,Self_Pay
PAY000003838,A000943,2025-09-13 13:00:00,1070.97,SUCCESS,UPI,Self_Pay
PAY000003839,A003173,2025-12-22 11:00:00,1244.63,SUCCESS,CASH,Human
PAY000003840,A003100,2026-08-19 09:00:00,13535.44,FAILED,CARD,WhatsApp
PAY000003841,A002745,2026-04-16 12:00:00,13757.81,SUCCESS,BANK,Field
PAY000003842,A002693,2025-10-19 09:00:00,2874.04,SUCCESS,CASH,AI Voice
PAY000003843,A000786,2026-02-01 10:00:00,6902.0,SUCCESS,CASH,Human
PAY000003844,A002881,2026-06-10 08:00:00,14045.95,SUCCESS,CASH,Self_Pay
PAY000003845,A002864,2025-10-02 20:00:00,6978.74,SUCCESS,UPI,Field
PAY000003846,A000321,2026-02-04 10:00:00,4055.98,SUCCESS,CARD,AI Voice
PAY000003847,A000166,2025-10-14 17:00:00,5678.83,SUCCESS,BANK,Field
PAY000003848,A002791,2025-11-22 08:00:00,7574.6,SUCCESS,CARD,Human
PAY000003849,A003066,2025-09-04 19:00:00,8587.13,SUCCESS,UPI,Self_Pay
PAY000003850,A000370,2025-11-23 09:00:00,3079.88,SUCCESS,CARD,Human
PAY000003851,A003166,2025-09-06 07:00:00,4916.66,SUCCESS,CARD,Self_Pay
PAY000003852,A002687,2025-12-27 20:00:00,10933.0,SUCCESS,CARD,AI Voice
PAY000003853,A003770,2026-02-02 16:00:00,15035.31,SUCCESS,BANK,Field
PAY000003854,A001662,2025-12-10 20:00:00,11916.91,SUCCESS,CASH,Self_Pay
PAY000003855,A004016,2025-09-05 18:00:00,10571.22,FAILED,CASH,WhatsApp
PAY000003856,A002098,2026-06-23 19:00:00,7570.58,SUCCESS,BANK,AI Voice
PAY000003857,A003985,2026-04-20 18:00:00,10872.15,SUCCESS,UPI,Human
PAY000003858,A002173,2026-05-16 18:00:00,10467.0,SUCCESS,CARD,AI Voice
PAY000003859,A002349,2026-08-10 17:00:00,13854.43,SUCCESS,BANK,Field
PAY000003860,A002526,2025-10-25 15:00:00,13237.7,SUCCESS,UPI,WhatsApp
PAY000003861,A001243,2026-01-11 21:00:00,11825.39,SUCCESS,CARD,AI Voice
PAY000003862,A002916,2026-04-03 18:00:00,13499.99,FAILED,CARD,Human
PAY000003863,A002937,2026-08-15 08:00:00,7090.47,SUCCESS,CASH,AI Voice
PAY000003864,A001436,2025-09-15 15:00:00,8925.8,SUCCESS,CASH,Human
PAY000003865,A002397,2026-07-12 18:00:00,4321.9,SUCCESS,CARD,WhatsApp
PAY000003866,A000032,2026-01-21 10:00:00,1048.85,SUCCESS,CASH,Human
PAY000003867,A001111,2026-07-13 18:00:00,9979.86,SUCCESS,CARD,WhatsApp
PAY000003868,A000194,2025-11-22 18:00:00,3936.02,SUCCESS,BANK,AI Voice
PAY000003869,A000720,2026-02-21 14:00:00,1778.14,FAILED,CASH,Human
PAY000003870,A001847,2026-02-06 11:00:00,2565.47,SUCCESS,CASH,Self_Pay
PAY000003871,A000152,2026-02-19 21:00:00,6982.75,SUCCESS,CASH,AI Voice
PAY000003872,A000441,2026-08-26 09:00:00,1226.02,SUCCESS,BANK,WhatsApp
PAY000003873,A002063,2026-07-19 10:00:00,10387.73,FAILED,CASH,Self_Pay
PAY000003874,A000512,2026-02-25 19:00:00,2935.84,SUCCESS,CASH,Field
PAY000003875,A000285,2026-01-12 20:00:00,4847.79,SUCCESS,CASH,AI Voice
PAY000003876,A002156,2026-02-08 09:00:00,2337.13,SUCCESS,CARD,Field
PAY000003877,A004062,2026-04-13 11:00:00,5591.4,SUCCESS,UPI,Human
PAY000003878,A002453,2026-01-08 12:00:00,15869.05,SUCCESS,BANK,AI Voice
PAY000003879,A001341,2026-05-05 07:00:00,3903.09,SUCCESS,CARD,Field
PAY000003880,A002613,2025-12-10 09:00:00,15541.32,SUCCESS,BANK,Human
PAY000003881,A003105,2026-04-03 11:00:00,9272.62,SUCCESS,UPI,WhatsApp
PAY000003882,A002643,2026-01-20 20:00:00,3481.88,SUCCESS,CARD,Human
PAY000003883,A002458,2025-11-07 18:00:00,2467.79,SUCCESS,CASH,Self_Pay
PAY000003884,A004072,2025-11-04 07:00:00,3004.63,FAILED,UPI,WhatsApp
PAY000003885,A001636,2025-10-04 15:00:00,7637.22,SUCCESS,CASH,Field
PAY000003886,A000957,2026-04-19 21:00:00,2298.05,SUCCESS,CASH,WhatsApp
PAY000003887,A003474,2025-10-05 20:00:00,6910.6,SUCCESS,CASH,Self_Pay
PAY000003888,A001121,2025-09-23 12:00:00,6213.0,SUCCESS,BANK,AI Voice
PAY000003889,A001253,2026-01-25 13:00:00,2947.69,FAILED,CARD,Self_Pay
PAY000003890,A003815,2026-01-08 19:00:00,6635.19,SUCCESS,UPI,WhatsApp
PAY000003891,A000620,2025-09-27 12:00:00,8888.18,FAILED,CARD,Field
PAY000003892,A001010,2025-10-06 21:00:00,10119.42,SUCCESS,CASH,Human
PAY000003893,A000731,2025-12-12 20:00:00,13053.72,FAILED,BANK,Human
PAY000003894,A000404,2026-03-17 12:00:00,1606.24,FAILED,CARD,Field
PAY000003895,A003546,2026-07-22 14:00:00,13046.3,FAILED,BANK,WhatsApp
PAY000003896,A000963,2026-07-01 09:00:00,9807.9,SUCCESS,BANK,Field
PAY000003897,A002642,2025-11-22 14:00:00,3875.19,SUCCESS,BANK,WhatsApp
PAY000003898,A003838,2026-07-14 17:00:00,8481.25,SUCCESS,CASH,AI Voice
PAY000003899,A001420,2025-12-04 14:00:00,1714.2,SUCCESS,BANK,AI Voice
PAY000003900,A003202,2026-06-03 13:00:00,6731.55,SUCCESS,BANK,WhatsApp
PAY000003901,A003306,2026-02-09 07:00:00,12158.4,FAILED,BANK,AI Voice
PAY000003902,A000556,2026-05-18 15:00:00,15941.09,SUCCESS,CARD,WhatsApp
PAY000003903,A001860,2025-12-18 18:00:00,15870.52,FAILED,UPI,WhatsApp
PAY000003904,A000597,2025-11-23 16:00:00,7809.83,SUCCESS,CARD,Self_Pay
PAY000003905,A001985,2026-01-25 17:00:00,10378.91,SUCCESS,CARD,Human
PAY000003906,A004146,2026-06-25 16:00:00,6900.65,SUCCESS,CASH,WhatsApp
PAY000003907,A000144,2025-11-17 16:00:00,5814.29,FAILED,UPI,Field
PAY000003908,A001028,2026-07-13 12:00:00,3973.15,SUCCESS,UPI,Human
PAY000003909,A002042,2025-09-16 08:00:00,10863.35,SUCCESS,BANK,AI Voice
PAY000003910,A001526,2026-01-24 07:00:00,7631.56,FAILED,BANK,AI Voice
PAY000003911,A000022,2025-12-05 08:00:00,14651.01,SUCCESS,UPI,Field
PAY000003912,A002440,2025-11-19 20:00:00,6538.94,SUCCESS,CARD,Human
PAY000003913,A000202,2025-09-11 14:00:00,6229.97,SUCCESS,UPI,Human
PAY000003914,A000433,2026-08-04 14:00:00,3798.34,SUCCESS,UPI,Field
PAY000003915,A002545,2025-10-03 18:00:00,11972.83,FAILED,UPI,WhatsApp
PAY000003916,A002813,2025-11-27 16:00:00,8239.73,SUCCESS,BANK,AI Voice
PAY000003917,A002050,2026-02-13 10:00:00,12077.93,SUCCESS,BANK,Field
PAY000003918,A002601,2026-06-13 12:00:00,8345.64,SUCCESS,CARD,WhatsApp
PAY000003919,A001390,2025-12-16 09:00:00,14776.8,SUCCESS,CARD,Self_Pay
PAY000003920,A003846,2026-08-16 14:00:00,1430.66,SUCCESS,CASH,Field
PAY000003921,A001235,2025-12-16 16:00:00,14426.15,SUCCESS,CARD,Self_Pay
PAY000003922,A002464,2026-07-19 12:00:00,2954.82,SUCCESS,UPI,AI Voice
PAY000003923,A003212,2026-01-23 17:00:00,9991.19,SUCCESS,UPI,AI Voice
PAY000003924,A002322,2025-10-12 16:00:00,4771.54,SUCCESS,CARD,Self_Pay
PAY000003925,A003903,2026-06-05 21:00:00,12748.85,SUCCESS,CARD,Self_Pay
PAY000003926,A001894,2025-12-10 11:00:00,10780.78,SUCCESS,CARD,AI Voice
PAY000003927,A000409,2026-06-26 20:00:00,13670.26,SUCCESS,CARD,Field
PAY000003928,A001930,2026-03-25 18:00:00,12678.95,SUCCESS,CASH,WhatsApp
PAY000003929,A000872,2026-06-03 15:00:00,1265.93,SUCCESS,CASH,Human
PAY000003930,A000490,2026-06-19 14:00:00,4978.0,FAILED,CARD,Human
PAY000003931,A001062,2025-12-12 17:00:00,14128.47,FAILED,UPI,WhatsApp
PAY000003932,A000953,2025-12-03 07:00:00,4632.76,SUCCESS,CARD,Field
PAY000003933,A003086,2026-07-26 16:00:00,6251.44,SUCCESS,UPI,Self_Pay
PAY000003934,A002725,2026-01-14 13:00:00,15463.47,SUCCESS,CASH,WhatsApp
PAY000003935,A000957,2026-04-18 10:00:00,2812.93,SUCCESS,CARD,Human
PAY000003936,A001326,2025-10-22 19:00:00,2558.11,SUCCESS,BANK,Human
PAY000003937,A003022,2026-07-27 13:00:00,7562.85,SUCCESS,BANK,WhatsApp
PAY000003938,A002864,2026-06-03 16:00:00,11828.74,SUCCESS,UPI,WhatsApp
PAY000003939,A000302,2026-08-04 07:00:00,11908.11,SUCCESS,BANK,Field
PAY000003940,A003027,2025-11-15 19:00:00,1033.76,SUCCESS,BANK,Self_Pay
PAY000003941,A002355,2026-04-25 13:00:00,6429.49,SUCCESS,BANK,WhatsApp
PAY000003942,A001801,2026-04-20 17:00:00,11353.0,SUCCESS,BANK,Self_Pay
PAY000003943,A000994,2025-09-13 14:00:00,4012.62,SUCCESS,CASH,WhatsApp
PAY000003944,A001796,2026-06-24 13:00:00,7226.87,SUCCESS,CARD,WhatsApp
PAY000003945,A000613,2026-01-23 09:00:00,9338.34,SUCCESS,BANK,AI Voice
PAY000003946,A002926,2026-07-19 07:00:00,15112.36,SUCCESS,CARD,WhatsApp
PAY000003947,A002934,2025-09-05 14:00:00,10321.54,SUCCESS,CARD,Field
PAY000003948,A001022,2026-02-27 19:00:00,4380.42,SUCCESS,UPI,Human
PAY000003949,A000874,2026-01-05 07:00:00,14817.89,SUCCESS,CASH,Human
PAY000003950,A003258,2025-11-19 21:00:00,4987.0,SUCCESS,CASH,Human
PAY000003951,A002861,2025-09-19 10:00:00,2933.1,SUCCESS,UPI,Field
PAY000003952,A002552,2026-03-21 16:00:00,6895.79,SUCCESS,CARD,AI Voice
PAY000003953,A003583,2026-08-04 21:00:00,9786.31,SUCCESS,BANK,Self_Pay
PAY000003954,A004064,2026-05-21 14:00:00,12620.34,SUCCESS,UPI,WhatsApp
PAY000003955,A000875,2026-04-10 19:00:00,14416.31,SUCCESS,CARD,Self_Pay
PAY000003956,A001299,2026-07-02 07:00:00,6504.03,SUCCESS,BANK,AI Voice
PAY000003957,A003399,2026-01-11 18:00:00,12135.16,FAILED,BANK,Self_Pay
PAY000003958,A001040,2025-12-19 21:00:00,15835.72,SUCCESS,UPI,WhatsApp
PAY000003959,A003282,2025-11-13 12:00:00,2841.0,FAILED,UPI,Self_Pay
PAY000003960,A003869,2025-10-14 09:00:00,8283.35,SUCCESS,CARD,AI Voice
PAY000003961,A001111,2026-08-26 18:00:00,8352.77,SUCCESS,BANK,AI Voice
PAY000003962,A003454,2026-03-13 10:00:00,4343.13,FAILED,BANK,AI Voice
PAY000003963,A000669,2025-11-23 15:00:00,15560.22,SUCCESS,UPI,Field
PAY000003964,A000821,2026-03-15 10:00:00,13705.06,SUCCESS,UPI,WhatsApp
PAY000003965,A001145,2025-09-13 12:00:00,12403.46,SUCCESS,CARD,Self_Pay
PAY000003966,A001373,2026-06-13 21:00:00,8868.27,SUCCESS,CARD,AI Voice
PAY000003967,A003514,2026-02-23 20:00:00,11164.85,FAILED,CARD,Self_Pay
PAY000003968,A002780,2025-09-20 20:00:00,14677.18,SUCCESS,CARD,Human
PAY000003969,A002850,2026-01-05 08:00:00,3147.56,SUCCESS,BANK,AI Voice
PAY000003970,A002982,2026-08-07 13:00:00,6675.36,FAILED,CASH,Field
PAY000003971,A002604,2025-09-14 11:00:00,4920.75,SUCCESS,CASH,Human
PAY000003972,A001454,2025-09-18 15:00:00,8080.0,SUCCESS,BANK,Self_Pay
PAY000003973,A002898,2026-08-27 08:00:00,8321.45,SUCCESS,CARD,AI Voice
PAY000003974,A002663,2025-09-26 08:00:00,1223.94,FAILED,UPI,Self_Pay
PAY000003975,A000378,2025-11-03 14:00:00,2297.9,SUCCESS,CARD,Field
PAY000003976,A002701,2025-12-27 11:00:00,3319.03,FAILED,CASH,AI Voice
PAY000003977,A002879,2025-12-21 19:00:00,13621.93,SUCCESS,UPI,Human
PAY000003978,A003718,2026-05-13 14:00:00,5461.0,FAILED,BANK,WhatsApp
PAY000003979,A000676,2025-09-16 16:00:00,11546.0,SUCCESS,UPI,AI Voice
PAY000003980,A002835,2025-09-20 08:00:00,4305.3,SUCCESS,UPI,WhatsApp
PAY000003981,A003217,2026-07-20 10:00:00,12048.12,FAILED,CASH,AI Voice
PAY000003982,A003983,2026-02-01 07:00:00,7021.04,SUCCESS,CASH,Field
PAY000003983,A003140,2026-08-09 16:00:00,14272.2,SUCCESS,CARD,Field
PAY000003984,A001892,2026-04-04 13:00:00,12489.51,SUCCESS,CASH,Human
PAY000003985,A000843,2026-01-16 21:00:00,6182.07,SUCCESS,UPI,Field
PAY000003986,A002978,2025-10-13 10:00:00,12081.0,SUCCESS,BANK,WhatsApp
PAY000003987,A003703,2025-11-19 14:00:00,9188.48,SUCCESS,UPI,AI Voice
PAY000003988,A002748,2026-07-07 19:00:00,8149.98,SUCCESS,BANK,Human
PAY000003989,A000816,2026-02-12 12:00:00,8063.59,FAILED,BANK,Self_Pay
PAY000003990,A001278,2025-09-16 10:00:00,2419.47,SUCCESS,BANK,Self_Pay
PAY000003991,A001649,2026-07-18 11:00:00,5316.04,SUCCESS,UPI,Human
PAY000003992,A002973,2026-01-03 10:00:00,5913.48,SUCCESS,CARD,Human
PAY000003993,A001389,2025-12-07 16:00:00,5629.26,SUCCESS,UPI,Self_Pay
PAY000003994,A002082,2026-01-21 14:00:00,13737.22,SUCCESS,UPI,Self_Pay
PAY000003995,A000320,2025-11-06 14:00:00,4500.74,FAILED,CASH,AI Voice
PAY000003996,A003635,2026-02-20 15:00:00,5092.87,SUCCESS,CASH,Human
PAY000003997,A001522,2026-07-03 15:00:00,8649.23,SUCCESS,CARD,AI Voice
PAY000003998,A000634,2026-06-09 12:00:00,9596.2,SUCCESS,UPI,Human
PAY000003999,A000810,2026-08-13 15:00:00,2325.14,SUCCESS,CARD,AI Voice
PAY000004000,A001177,2026-07-01 21:00:00,6270.8,SUCCESS,CASH,Field
PAY000004001,A003223,2026-02-19 21:00:00,5364.0,SUCCESS,BANK,Self_Pay
PAY000004002,A001350,2026-08-07 07:00:00,12935.21,SUCCESS,CARD,Self_Pay
PAY000004003,A004101,2026-03-14 09:00:00,12789.0,SUCCESS,BANK,Self_Pay
PAY000004004,A001548,2026-05-02 10:00:00,3078.4,SUCCESS,CASH,Human
PAY000004005,A002999,2026-05-17 19:00:00,14063.24,FAILED,BANK,Self_Pay
PAY000004006,A000441,2026-02-20 11:00:00,6716.86,FAILED,CARD,WhatsApp
PAY000004007,A003901,2025-11-02 19:00:00,13042.47,SUCCESS,CARD,WhatsApp
PAY000004008,A002231,2025-09-02 21:00:00,14504.1,SUCCESS,UPI,AI Voice
PAY000004009,A002490,2025-09-17 08:00:00,12276.0,SUCCESS,UPI,AI Voice
PAY000004010,A001164,2025-10-22 11:00:00,6278.59,SUCCESS,BANK,Field
PAY000004011,A000402,2026-07-17 14:00:00,5307.57,FAILED,BANK,Self_Pay
PAY000004012,A000822,2026-07-08 16:00:00,10427.8,SUCCESS,UPI,Field
PAY000004013,A003568,2026-04-11 14:00:00,1110.71,SUCCESS,BANK,AI Voice
PAY000004014,A001790,2026-05-07 07:00:00,2132.38,SUCCESS,BANK,Field
PAY000004015,A000681,2026-03-11 12:00:00,14741.0,SUCCESS,CARD,Human
PAY000004016,A002038,2026-07-24 21:00:00,3465.56,SUCCESS,CASH,Self_Pay
PAY000004017,A001407,2025-09-18 12:00:00,15956.96,SUCCESS,CARD,Human
PAY000004018,A001738,2026-03-10 20:00:00,6879.59,SUCCESS,BANK,WhatsApp
PAY000004019,A002710,2026-05-22 21:00:00,1083.46,SUCCESS,CARD,AI Voice
PAY000004020,A003970,2025-11-02 20:00:00,12707.76,FAILED,BANK,AI Voice
PAY000004021,A001882,2026-07-22 13:00:00,5610.16,SUCCESS,BANK,WhatsApp
PAY000004022,A003350,2026-05-25 17:00:00,3507.98,FAILED,UPI,WhatsApp
PAY000004023,A002212,2026-04-23 11:00:00,7766.32,SUCCESS,UPI,Self_Pay
PAY000004024,A003712,2025-10-17 17:00:00,12824.42,SUCCESS,UPI,Field
PAY000004025,A000756,2026-04-04 07:00:00,4546.51,SUCCESS,UPI,AI Voice
PAY000004026,A003473,2025-12-16 11:00:00,6804.47,SUCCESS,CASH,WhatsApp
PAY000004027,A002192,2026-03-19 19:00:00,9268.7,SUCCESS,CASH,Field
PAY000004028,A003699,2025-10-19 17:00:00,14079.53,FAILED,UPI,WhatsApp
PAY000004029,A003932,2026-07-11 17:00:00,7827.46,SUCCESS,CASH,AI Voice
PAY000004030,A002894,2025-10-14 16:00:00,3114.82,SUCCESS,BANK,WhatsApp
PAY000004031,A000192,2025-11-10 09:00:00,9265.92,SUCCESS,CARD,AI Voice
PAY000004032,A001418,2025-12-01 18:00:00,9341.99,SUCCESS,CARD,Self_Pay
PAY000004033,A001663,2026-06-04 08:00:00,11239.0,SUCCESS,CASH,Self_Pay
PAY000004034,A003424,2026-04-01 14:00:00,6892.0,SUCCESS,CASH,AI Voice
PAY000004035,A001235,2026-08-05 20:00:00,11324.09,SUCCESS,CASH,Field
PAY000004036,A001852,2026-01-24 13:00:00,3361.27,SUCCESS,CARD,Field
PAY000004037,A003890,2026-02-02 13:00:00,11925.5,FAILED,UPI,Field
PAY000004038,A003770,2025-11-13 14:00:00,1788.96,SUCCESS,UPI,Self_Pay
PAY000004039,A000081,2026-07-05 19:00:00,6414.03,SUCCESS,UPI,AI Voice
PAY000004040,A001988,2026-08-12 14:00:00,1703.61,SUCCESS,CARD,WhatsApp
PAY000004041,A003420,2025-11-19 16:00:00,2236.35,FAILED,CARD,Self_Pay
PAY000004042,A001716,2026-06-18 08:00:00,3898.85,FAILED,UPI,WhatsApp
PAY000004043,A000483,2026-06-02 07:00:00,2435.45,SUCCESS,CARD,Field
PAY000004044,A002699,2026-02-03 12:00:00,3909.62,SUCCESS,CARD,Self_Pay
PAY000004045,A001767,2025-11-08 10:00:00,9090.88,FAILED,CARD,Self_Pay
PAY000004046,A000866,2026-04-13 10:00:00,6772.18,SUCCESS,CARD,Field
PAY000004047,A000461,2026-08-25 15:00:00,1780.12,SUCCESS,BANK,Self_Pay
PAY000004048,A002832,2025-10-23 08:00:00,13272.99,SUCCESS,CASH,WhatsApp
PAY000004049,A003435,2025-10-21 11:00:00,1252.86,SUCCESS,BANK,Self_Pay
PAY000004050,A002184,2026-03-18 18:00:00,8438.38,SUCCESS,CASH,Self_Pay
PAY000004051,A001110,2026-03-22 19:00:00,6485.41,SUCCESS,UPI,WhatsApp
PAY000004052,A001906,2026-04-22 08:00:00,14784.71,SUCCESS,CARD,Human
PAY000004053,A000820,2026-04-11 10:00:00,3775.43,SUCCESS,CASH,Human
PAY000004054,A002890,2026-02-20 10:00:00,4304.45,SUCCESS,CARD,WhatsApp
PAY000004055,A003112,2026-08-11 08:00:00,3972.05,FAILED,CARD,Field
PAY000004056,A000372,2026-06-23 09:00:00,15751.85,SUCCESS,UPI,Field
PAY000004057,A002845,2026-07-10 18:00:00,13500.87,SUCCESS,BANK,Human
PAY000004058,A003527,2026-02-06 17:00:00,12304.96,SUCCESS,CASH,WhatsApp
PAY000004059,A002966,2026-06-10 20:00:00,4684.05,SUCCESS,CARD,Self_Pay
PAY000004060,A000315,2026-03-14 12:00:00,4119.51,SUCCESS,CASH,WhatsApp
PAY000004061,A001013,2026-04-04 18:00:00,9963.41,SUCCESS,CASH,Field
PAY000004062,A003939,2025-12-03 10:00:00,5852.02,SUCCESS,UPI,Human
PAY000004063,A003935,2026-02-06 21:00:00,7434.0,SUCCESS,UPI,AI Voice
PAY000004064,A001351,2025-10-18 13:00:00,15189.23,SUCCESS,CARD,Human
PAY000004065,A002633,2026-01-14 11:00:00,11925.22,SUCCESS,UPI,Field
PAY000004066,A000370,2025-11-24 07:00:00,12623.54,FAILED,UPI,Field
PAY000004067,A003433,2025-10-08 12:00:00,7655.49,SUCCESS,CARD,AI Voice
PAY000004068,A003639,2026-05-02 17:00:00,11958.45,SUCCESS,BANK,Self_Pay
PAY000004069,A000528,2026-02-25 19:00:00,7200.93,SUCCESS,CASH,Field
PAY000004070,A004048,2025-12-06 07:00:00,14424.23,SUCCESS,UPI,Self_Pay
PAY000004071,A000887,2025-09-03 16:00:00,1764.43,SUCCESS,UPI,Self_Pay
PAY000004072,A000251,2026-01-10 19:00:00,2989.28,FAILED,CARD,Human
PAY000004073,A002077,2026-03-08 19:00:00,13459.0,SUCCESS,BANK,AI Voice
PAY000004074,A000981,2026-06-06 12:00:00,4491.33,FAILED,UPI,Human
PAY000004075,A000084,2026-02-24 20:00:00,12313.45,SUCCESS,CARD,Field
PAY000004076,A000983,2026-05-09 11:00:00,15821.82,SUCCESS,BANK,WhatsApp
PAY000004077,A002522,2025-10-20 10:00:00,13310.45,FAILED,CASH,AI Voice
PAY000004078,A002741,2026-08-14 19:00:00,4371.22,SUCCESS,UPI,Human
PAY000004079,A003157,2025-11-21 19:00:00,10726.77,SUCCESS,CARD,Human
PAY000004080,A000471,2026-07-07 12:00:00,12408.81,FAILED,UPI,AI Voice
PAY000004081,A001385,2025-12-13 08:00:00,13340.42,SUCCESS,CASH,WhatsApp
PAY000004082,A002691,2026-08-04 10:00:00,13555.68,SUCCESS,UPI,Self_Pay
PAY000004083,A002127,2025-11-07 08:00:00,12960.12,FAILED,CARD,Self_Pay
PAY000004084,A004192,2026-02-26 09:00:00,7548.75,FAILED,UPI,Self_Pay
PAY000004085,A000582,2026-08-12 09:00:00,6764.0,FAILED,CARD,AI Voice
PAY000004086,A000938,2026-06-05 18:00:00,2161.09,FAILED,UPI,AI Voice
PAY000004087,A002554,2025-09-24 20:00:00,13079.83,SUCCESS,CASH,Human
PAY000004088,A000832,2025-09-09 20:00:00,1887.59,SUCCESS,CASH,Field
PAY000004089,A000090,2025-12-05 09:00:00,10637.78,SUCCESS,CARD,Self_Pay
PAY000004090,A002727,2026-04-12 08:00:00,3077.82,FAILED,CARD,AI Voice
PAY000004091,A003456,2026-02-15 17:00:00,9588.96,SUCCESS,CARD,WhatsApp
PAY000004092,A003251,2025-12-27 07:00:00,6029.03,SUCCESS,BANK,Field
PAY000004093,A003117,2026-06-11 21:00:00,8088.0,SUCCESS,CARD,Self_Pay
PAY000004094,A003060,2026-07-14 17:00:00,4690.92,SUCCESS,UPI,Human
PAY000004095,A000485,2026-01-19 11:00:00,9507.55,FAILED,CARD,Human
PAY000004096,A003690,2026-08-12 10:00:00,4805.0,SUCCESS,CARD,WhatsApp
PAY000004097,A004130,2026-08-25 15:00:00,2700.9,SUCCESS,BANK,Field
PAY000004098,A001981,2025-10-12 15:00:00,14178.52,SUCCESS,CARD,Field
PAY000004099,A002013,2025-12-22 14:00:00,5681.97,SUCCESS,CASH,WhatsApp
PAY000004100,A001539,2026-04-15 13:00:00,9938.01,SUCCESS,CARD,AI Voice
PAY000004101,A004106,2025-09-26 21:00:00,11745.0,SUCCESS,BANK,WhatsApp
PAY000004102,A001822,2026-07-18 14:00:00,4936.98,SUCCESS,CARD,Field
PAY000004103,A001914,2025-10-02 14:00:00,8843.55,SUCCESS,UPI,Self_Pay
PAY000004104,A003292,2025-09-08 09:00:00,15398.55,SUCCESS,BANK,AI Voice
PAY000004105,A002032,2026-02-02 13:00:00,8065.58,SUCCESS,UPI,Human
PAY000004106,A001056,2026-07-02 08:00:00,13971.56,SUCCESS,CASH,Human
PAY000004107,A004110,2026-07-04 13:00:00,15053.53,SUCCESS,CASH,AI Voice
PAY000004108,A001428,2026-07-09 12:00:00,2470.6,SUCCESS,BANK,AI Voice
PAY000004109,A004128,2026-05-15 10:00:00,10421.9,SUCCESS,CARD,AI Voice
PAY000004110,A000716,2025-09-09 14:00:00,1971.75,FAILED,BANK,Human
PAY000004111,A002524,2026-06-13 15:00:00,5647.65,FAILED,CARD,AI Voice
PAY000004112,A003997,2026-06-16 15:00:00,9218.22,FAILED,CASH,Human
PAY000004113,A003819,2026-05-17 19:00:00,8371.45,FAILED,CARD,WhatsApp
PAY000004114,A003703,2026-03-02 14:00:00,5061.09,SUCCESS,CASH,Field
PAY000004115,A000021,2026-03-02 15:00:00,7579.54,SUCCESS,CARD,Field
PAY000004116,A003912,2026-07-09 10:00:00,12404.35,SUCCESS,CASH,Self_Pay
PAY000004117,A003239,2026-04-02 09:00:00,14931.49,SUCCESS,BANK,AI Voice
PAY000004118,A002518,2025-11-16 14:00:00,6874.53,FAILED,CASH,AI Voice
PAY000004119,A000195,2026-02-15 10:00:00,6396.7,FAILED,CARD,AI Voice
PAY000004120,A004114,2026-01-08 13:00:00,3720.05,SUCCESS,BANK,AI Voice
PAY000004121,A002488,2026-04-20 14:00:00,12851.7,SUCCESS,CASH,Self_Pay
PAY000004122,A001825,2026-03-27 13:00:00,11339.31,SUCCESS,BANK,WhatsApp
PAY000004123,A003222,2025-11-06 10:00:00,7785.23,FAILED,CASH,Field
PAY000004124,A001242,2026-04-09 13:00:00,7351.85,FAILED,UPI,Field
PAY000004125,A002970,2026-06-18 16:00:00,9920.89,SUCCESS,UPI,Self_Pay
PAY000004126,A000082,2026-05-12 07:00:00,14682.82,FAILED,CASH,WhatsApp
PAY000004127,A002007,2025-10-10 14:00:00,3997.73,FAILED,CASH,WhatsApp
PAY000004128,A003806,2025-10-21 11:00:00,4613.71,SUCCESS,BANK,Human
PAY000004129,A000932,2025-12-09 20:00:00,8536.82,SUCCESS,BANK,WhatsApp
PAY000004130,A002041,2025-09-23 18:00:00,3710.22,SUCCESS,CARD,Self_Pay
PAY000004131,A001555,2026-02-25 07:00:00,8267.69,SUCCESS,BANK,AI Voice
PAY000004132,A002056,2026-04-25 18:00:00,8274.94,FAILED,UPI,Self_Pay
PAY000004133,A001545,2026-04-05 09:00:00,11034.2,FAILED,CARD,Self_Pay
PAY000004134,A001636,2026-04-25 15:00:00,9531.47,SUCCESS,CASH,AI Voice
PAY000004135,A002051,2025-09-06 14:00:00,14134.74,SUCCESS,BANK,Field
PAY000004136,A001683,2026-02-17 09:00:00,15279.87,SUCCESS,UPI,Human
PAY000004137,A002891,2026-05-12 13:00:00,10022.11,SUCCESS,BANK,Self_Pay
PAY000004138,A001343,2025-09-03 18:00:00,10228.51,FAILED,BANK,Human
PAY000004139,A002581,2026-02-01 07:00:00,7510.79,FAILED,BANK,Self_Pay
PAY000004140,A002419,2026-03-22 17:00:00,1905.38,SUCCESS,CARD,Human
PAY000004141,A001476,2025-11-12 12:00:00,6221.26,SUCCESS,UPI,AI Voice
PAY000004142,A002606,2025-10-08 18:00:00,15607.2,SUCCESS,CARD,WhatsApp
PAY000004143,A002370,2025-12-04 11:00:00,8652.3,SUCCESS,BANK,Field
PAY000004144,A001619,2026-06-22 07:00:00,7864.94,SUCCESS,CARD,Field
PAY000004145,A000963,2026-08-15 07:00:00,2135.3,SUCCESS,BANK,WhatsApp
PAY000004146,A003817,2026-05-14 14:00:00,3799.16,SUCCESS,UPI,Self_Pay
PAY000004147,A002190,2026-02-10 18:00:00,14731.33,SUCCESS,BANK,AI Voice
PAY000004148,A000565,2025-12-20 15:00:00,3108.58,FAILED,BANK,Human
PAY000004149,A000938,2026-05-06 13:00:00,15254.69,SUCCESS,BANK,Human
PAY000004150,A002268,2025-09-06 13:00:00,6459.13,FAILED,CARD,Human
PAY000004151,A001749,2025-09-24 17:00:00,6665.47,SUCCESS,CARD,AI Voice
PAY000004152,A001524,2026-07-05 13:00:00,8919.06,SUCCESS,BANK,Human
PAY000004153,A003634,2026-01-20 19:00:00,11715.52,SUCCESS,UPI,Field
PAY000004154,A002201,2025-10-25 20:00:00,11334.09,SUCCESS,CARD,Human
PAY000004155,A003577,2026-01-06 14:00:00,3554.19,SUCCESS,UPI,AI Voice
PAY000004156,A000006,2026-02-09 17:00:00,4116.69,SUCCESS,CASH,Human
PAY000004157,A001736,2025-12-27 11:00:00,3580.6,SUCCESS,CARD,Human
PAY000004158,A000407,2025-10-11 14:00:00,2487.47,FAILED,BANK,Human
PAY000004159,A001310,2025-09-14 10:00:00,1764.25,SUCCESS,UPI,Self_Pay
PAY000004160,A002206,2025-09-14 09:00:00,12867.76,SUCCESS,BANK,Human
PAY000004161,A003496,2025-09-04 15:00:00,11589.21,SUCCESS,CASH,Self_Pay
PAY000004162,A000347,2026-08-25 07:00:00,5531.31,SUCCESS,CASH,AI Voice
PAY000004163,A001542,2026-07-12 21:00:00,8158.23,SUCCESS,BANK,AI Voice
PAY000004164,A001554,2026-01-22 09:00:00,13929.06,SUCCESS,CASH,Field
PAY000004165,A002654,2026-06-27 10:00:00,13185.62,SUCCESS,UPI,Human
PAY000004166,A001136,2026-04-24 10:00:00,2462.03,SUCCESS,CARD,WhatsApp
PAY000004167,A003829,2026-04-19 21:00:00,14241.43,SUCCESS,CASH,Human
PAY000004168,A003203,2025-12-11 16:00:00,11970.3,SUCCESS,BANK,Human
PAY000004169,A000348,2026-01-07 14:00:00,5731.18,SUCCESS,UPI,AI Voice
PAY000004170,A003451,2025-10-03 14:00:00,4027.05,FAILED,BANK,AI Voice
PAY000004171,A001190,2026-01-07 07:00:00,10074.49,FAILED,BANK,Self_Pay
PAY000004172,A000776,2026-03-27 21:00:00,1562.36,SUCCESS,UPI,Field
PAY000004173,A001095,2026-07-09 09:00:00,4980.51,SUCCESS,UPI,Human
PAY000004174,A000243,2025-10-13 16:00:00,5925.3,FAILED,UPI,WhatsApp
PAY000004175,A002193,2026-05-17 18:00:00,7288.14,FAILED,CARD,AI Voice
PAY000004176,A000862,2026-02-20 11:00:00,2339.41,FAILED,UPI,WhatsApp
PAY000004177,A003105,2026-04-01 17:00:00,13904.0,SUCCESS,CARD,Self_Pay
PAY000004178,A002836,2025-10-18 17:00:00,6846.97,SUCCESS,UPI,Human
PAY000004179,A001606,2025-12-10 11:00:00,15517.79,FAILED,CARD,AI Voice
PAY000004180,A002967,2025-11-20 20:00:00,15389.66,SUCCESS,CARD,AI Voice
PAY000004181,A003918,2026-06-26 16:00:00,7865.0,SUCCESS,BANK,Self_Pay
PAY000004182,A001805,2026-08-08 21:00:00,6998.99,FAILED,UPI,AI Voice
PAY000004183,A000644,2026-07-19 20:00:00,11907.22,SUCCESS,CARD,WhatsApp
PAY000004184,A002236,2026-07-25 21:00:00,9186.09,FAILED,BANK,Human
PAY000004185,A002230,2026-08-08 07:00:00,4422.72,SUCCESS,UPI,Self_Pay
PAY000004186,A003776,2026-03-19 19:00:00,2285.72,SUCCESS,UPI,AI Voice
PAY000004187,A001036,2026-04-10 16:00:00,4726.29,SUCCESS,UPI,WhatsApp
PAY000004188,A001831,2026-03-19 14:00:00,3368.12,SUCCESS,UPI,AI Voice
PAY000004189,A002611,2026-01-06 07:00:00,3031.56,SUCCESS,UPI,WhatsApp
PAY000004190,A000059,2025-09-12 10:00:00,10357.41,FAILED,CASH,AI Voice
PAY000004191,A000275,2026-06-18 16:00:00,7770.32,FAILED,UPI,WhatsApp
PAY000004192,A003542,2026-08-12 21:00:00,15775.63,SUCCESS,BANK,AI Voice
PAY000004193,A003660,2026-02-20 12:00:00,7518.28,SUCCESS,CARD,Self_Pay
PAY000004194,A001726,2026-07-21 10:00:00,8669.63,SUCCESS,UPI,Human
PAY000004195,A000111,2026-02-22 16:00:00,3505.39,SUCCESS,BANK,AI Voice
PAY000004196,A002866,2026-04-03 21:00:00,7211.37,SUCCESS,BANK,Self_Pay
PAY000004197,A003414,2025-09-22 10:00:00,14336.84,SUCCESS,BANK,Field
PAY000004198,A001847,2025-11-13 21:00:00,5861.58,FAILED,UPI,Human
PAY000004199,A003520,2025-10-21 15:00:00,13301.61,FAILED,UPI,Human
PAY000004200,A001710,2026-03-18 07:00:00,13517.62,FAILED,BANK,Field
PAY000004201,A001022,2026-02-05 13:00:00,2921.74,SUCCESS,UPI,Human
PAY000004202,A001349,2026-08-16 08:00:00,4774.86,SUCCESS,UPI,WhatsApp
PAY000004203,A000407,2026-05-17 18:00:00,6507.83,FAILED,CASH,AI Voice
PAY000004204,A001133,2026-04-02 20:00:00,1462.02,SUCCESS,CARD,Field
PAY000004205,A002751,2026-03-11 14:00:00,15104.84,SUCCESS,UPI,Self_Pay
PAY000004206,A001886,2026-01-15 19:00:00,10121.18,SUCCESS,CASH,Human
PAY000004207,A002182,2025-09-25 16:00:00,10360.37,SUCCESS,CASH,Self_Pay
PAY000004208,A000967,2026-02-03 16:00:00,11171.03,SUCCESS,CARD,Self_Pay
PAY000004209,A002439,2025-12-21 17:00:00,3208.72,SUCCESS,BANK,Self_Pay
PAY000004210,A000056,2025-10-10 08:00:00,1523.8,SUCCESS,CARD,Self_Pay
PAY000004211,A001896,2026-05-13 18:00:00,7318.9,SUCCESS,CASH,Self_Pay
PAY000004212,A002668,2026-07-07 11:00:00,13400.48,FAILED,CARD,AI Voice
PAY000004213,A003600,2026-06-05 19:00:00,9217.42,FAILED,UPI,AI Voice
PAY000004214,A003791,2026-08-04 21:00:00,13014.28,SUCCESS,BANK,AI Voice
PAY000004215,A003327,2026-07-10 13:00:00,13241.23,SUCCESS,UPI,WhatsApp
PAY000004216,A000999,2025-10-05 13:00:00,6506.5,SUCCESS,BANK,Human
PAY000004217,A003298,2026-08-06 09:00:00,6810.8,SUCCESS,CASH,Self_Pay
PAY000004218,A001209,2026-07-18 10:00:00,10317.48,FAILED,BANK,Human
PAY000004219,A004144,2025-12-07 20:00:00,15981.48,SUCCESS,UPI,AI Voice
PAY000004220,A001465,2026-03-16 08:00:00,10900.87,SUCCESS,CARD,Field
PAY000004221,A000334,2026-02-01 18:00:00,5776.35,SUCCESS,CARD,AI Voice
PAY000004222,A002827,2025-10-17 10:00:00,11791.0,SUCCESS,CASH,Field
PAY000004223,A000181,2026-05-15 10:00:00,15006.52,SUCCESS,BANK,AI Voice
PAY000004224,A001306,2025-11-19 20:00:00,13321.44,SUCCESS,UPI,AI Voice
PAY000004225,A001870,2025-09-27 19:00:00,14550.18,SUCCESS,UPI,WhatsApp
PAY000004226,A003183,2026-02-16 17:00:00,1363.1,SUCCESS,CARD,Human
PAY000004227,A000317,2025-11-17 14:00:00,1431.75,FAILED,UPI,Human
PAY000004228,A000476,2026-04-26 13:00:00,13024.56,SUCCESS,CASH,WhatsApp
PAY000004229,A001609,2026-03-09 17:00:00,14690.27,FAILED,CASH,Field
PAY000004230,A003779,2026-05-01 19:00:00,5315.25,SUCCESS,CARD,Field
PAY000004231,A000287,2026-05-19 09:00:00,10536.21,SUCCESS,UPI,Self_Pay
PAY000004232,A003908,2026-02-14 21:00:00,14233.23,FAILED,BANK,WhatsApp
PAY000004233,A000889,2025-09-24 18:00:00,2359.47,SUCCESS,UPI,Field
PAY000004234,A001390,2026-01-26 13:00:00,1675.05,FAILED,CASH,Self_Pay
PAY000004235,A000648,2026-02-23 14:00:00,11222.0,FAILED,CARD,Human
PAY000004236,A002849,2025-09-04 12:00:00,15106.73,SUCCESS,UPI,WhatsApp
PAY000004237,A002068,2025-09-24 09:00:00,3813.13,SUCCESS,CASH,AI Voice
PAY000004238,A002706,2026-01-02 10:00:00,10245.48,SUCCESS,UPI,Self_Pay
PAY000004239,A002236,2025-12-22 20:00:00,12049.33,FAILED,CASH,Field
PAY000004240,A004049,2026-04-13 16:00:00,8559.13,SUCCESS,UPI,Human
PAY000004241,A003784,2025-10-05 14:00:00,15989.78,FAILED,CASH,WhatsApp
PAY000004242,A002487,2026-06-17 17:00:00,10429.53,FAILED,CARD,Field
PAY000004243,A002881,2026-03-08 21:00:00,5827.62,SUCCESS,CASH,Human
PAY000004244,A002294,2026-08-26 08:00:00,10298.0,SUCCESS,CASH,Self_Pay
PAY000004245,A003378,2026-04-10 14:00:00,2448.07,SUCCESS,CARD,WhatsApp
PAY000004246,A003367,2026-06-21 13:00:00,3813.13,FAILED,CASH,WhatsApp
PAY000004247,A001625,2026-06-12 08:00:00,6734.4,FAILED,BANK,Human
PAY000004248,A001240,2026-01-20 17:00:00,9721.85,SUCCESS,UPI,Self_Pay
PAY000004249,A000315,2025-10-14 16:00:00,4266.97,SUCCESS,CASH,Field
PAY000004250,A003394,2026-08-01 18:00:00,5957.0,FAILED,CASH,Field
PAY000004251,A002934,2025-10-17 07:00:00,1926.3,SUCCESS,BANK,AI Voice
PAY000004252,A003709,2025-10-26 08:00:00,13348.1,SUCCESS,UPI,WhatsApp
PAY000004253,A004034,2025-09-17 14:00:00,13814.91,SUCCESS,CARD,Field
PAY000004254,A001813,2025-09-17 20:00:00,3125.11,SUCCESS,CASH,Human
PAY000004255,A003975,2026-01-08 18:00:00,9111.0,FAILED,UPI,Human
PAY000004256,A000546,2025-09-18 12:00:00,10580.56,SUCCESS,UPI,Self_Pay
PAY000004257,A003926,2026-06-21 16:00:00,14674.6,FAILED,UPI,WhatsApp
PAY000004258,A001447,2025-10-12 07:00:00,13125.15,SUCCESS,BANK,WhatsApp
PAY000004259,A002699,2026-07-03 07:00:00,15088.21,SUCCESS,CASH,AI Voice
PAY000004260,A000553,2026-02-01 20:00:00,3809.62,SUCCESS,BANK,Human
PAY000004261,A001847,2026-02-08 18:00:00,13814.93,SUCCESS,BANK,AI Voice
PAY000004262,A000316,2025-12-12 18:00:00,8271.37,SUCCESS,CARD,AI Voice
PAY000004263,A002514,2025-09-07 12:00:00,5831.99,SUCCESS,CASH,Field
PAY000004264,A001112,2026-06-17 20:00:00,9057.91,SUCCESS,CASH,Self_Pay
PAY000004265,A002016,2026-07-25 21:00:00,12821.68,SUCCESS,BANK,Field
PAY000004266,A001880,2025-09-21 08:00:00,12206.32,SUCCESS,UPI,WhatsApp
PAY000004267,A003511,2025-12-08 17:00:00,2786.67,SUCCESS,CASH,Human
PAY000004268,A003687,2026-01-11 14:00:00,10394.42,SUCCESS,UPI,WhatsApp
PAY000004269,A002582,2025-12-17 14:00:00,12707.0,SUCCESS,CASH,Self_Pay
PAY000004270,A004035,2026-07-10 18:00:00,10864.34,SUCCESS,BANK,WhatsApp
PAY000004271,A001189,2026-08-03 13:00:00,1413.14,FAILED,UPI,WhatsApp
PAY000004272,A003346,2026-08-15 08:00:00,3647.71,SUCCESS,UPI,AI Voice
PAY000004273,A000396,2025-09-09 14:00:00,14057.39,FAILED,CASH,WhatsApp
PAY000004274,A000916,2026-08-07 11:00:00,6240.83,SUCCESS,CASH,WhatsApp
PAY000004275,A001229,2026-02-25 18:00:00,5445.46,SUCCESS,BANK,Field
PAY000004276,A002357,2025-12-15 15:00:00,4932.37,SUCCESS,CARD,Field
PAY000004277,A002690,2026-02-22 07:00:00,10369.36,FAILED,CASH,AI Voice
PAY000004278,A001927,2026-07-21 08:00:00,10842.23,SUCCESS,CASH,Self_Pay
PAY000004279,A002171,2025-12-20 11:00:00,7595.97,SUCCESS,BANK,Self_Pay
PAY000004280,A002146,2025-09-01 08:00:00,4213.47,SUCCESS,CASH,AI Voice
PAY000004281,A000351,2026-06-24 18:00:00,6322.28,SUCCESS,BANK,WhatsApp
PAY000004282,A001756,2026-01-18 10:00:00,6535.27,FAILED,CASH,Field
PAY000004283,A002090,2025-09-24 08:00:00,3989.9,SUCCESS,UPI,Self_Pay
PAY000004284,A001222,2026-02-13 08:00:00,1472.45,SUCCESS,CASH,WhatsApp
PAY000004285,A000550,2026-05-05 13:00:00,7472.56,FAILED,CARD,Self_Pay
PAY000004286,A002608,2025-09-05 13:00:00,2039.66,SUCCESS,UPI,Self_Pay
PAY000004287,A003578,2026-07-18 15:00:00,14313.27,SUCCESS,BANK,AI Voice
PAY000004288,A003495,2026-02-08 16:00:00,5499.32,SUCCESS,BANK,Self_Pay
PAY000004289,A002699,2025-09-19 17:00:00,13939.65,SUCCESS,UPI,Human
PAY000004290,A001228,2026-08-06 15:00:00,2620.18,SUCCESS,CARD,Self_Pay
PAY000004291,A001610,2026-08-06 11:00:00,6408.64,SUCCESS,BANK,WhatsApp
PAY000004292,A000042,2026-05-25 14:00:00,14399.0,SUCCESS,BANK,WhatsApp
PAY000004293,A003631,2026-05-03 18:00:00,9007.95,SUCCESS,UPI,AI Voice
PAY000004294,A001603,2026-05-19 09:00:00,2639.75,SUCCESS,CASH,Human
PAY000004295,A003320,2025-10-20 13:00:00,6929.0,SUCCESS,CARD,Self_Pay
PAY000004296,A001181,2026-07-24 13:00:00,14360.08,SUCCESS,CARD,WhatsApp
PAY000004297,A000610,2025-11-17 17:00:00,8896.0,SUCCESS,CARD,AI Voice
PAY000004298,A002427,2026-03-05 11:00:00,8770.65,FAILED,CASH,WhatsApp
PAY000004299,A001125,2026-03-01 07:00:00,2638.37,SUCCESS,CASH,Field
PAY000004300,A003094,2026-06-03 11:00:00,9711.34,SUCCESS,CARD,AI Voice
PAY000004301,A003658,2026-08-12 15:00:00,10224.19,SUCCESS,UPI,Human
PAY000004302,A000249,2026-03-18 10:00:00,7806.56,SUCCESS,CARD,Human
PAY000004303,A002737,2025-09-07 15:00:00,6961.0,FAILED,BANK,WhatsApp
PAY000004304,A004161,2026-08-27 09:00:00,13957.31,SUCCESS,UPI,WhatsApp
PAY000004305,A000089,2026-01-11 20:00:00,13281.96,SUCCESS,CASH,Field
PAY000004306,A000495,2026-02-11 13:00:00,9526.61,SUCCESS,BANK,Field
PAY000004307,A003939,2026-08-21 18:00:00,11092.15,SUCCESS,CASH,AI Voice
PAY000004308,A000829,2025-09-18 07:00:00,2308.14,SUCCESS,BANK,Human
PAY000004309,A003079,2026-03-17 21:00:00,9034.45,FAILED,UPI,WhatsApp
PAY000004310,A003421,2026-05-01 15:00:00,15097.79,SUCCESS,BANK,Field
PAY000004311,A003260,2026-02-27 07:00:00,12291.0,SUCCESS,UPI,Field
PAY000004312,A003507,2026-04-13 21:00:00,1681.38,FAILED,CARD,Human
PAY000004313,A001690,2026-02-04 18:00:00,14917.68,SUCCESS,UPI,Field
PAY000004314,A000151,2025-10-06 13:00:00,6953.77,SUCCESS,CARD,AI Voice
PAY000004315,A004192,2026-03-09 18:00:00,7356.73,SUCCESS,UPI,Field
PAY000004316,A000659,2026-04-19 10:00:00,4939.73,FAILED,BANK,WhatsApp
PAY000004317,A003388,2026-03-06 12:00:00,7392.0,SUCCESS,BANK,Self_Pay
PAY000004318,A000834,2025-09-01 11:00:00,15744.26,FAILED,CASH,Field
PAY000004319,A000885,2026-08-27 13:00:00,15304.13,SUCCESS,CARD,AI Voice
PAY000004320,A001158,2025-10-06 13:00:00,6438.95,SUCCESS,BANK,Field
PAY000004321,A000886,2026-08-02 11:00:00,14230.54,SUCCESS,UPI,Self_Pay
PAY000004322,A002445,2026-04-12 16:00:00,12747.0,SUCCESS,UPI,Self_Pay
PAY000004323,A003077,2026-07-08 18:00:00,6099.97,SUCCESS,UPI,Human
PAY000004324,A003462,2025-09-20 10:00:00,9697.1,SUCCESS,BANK,Human
PAY000004325,A000940,2025-11-22 12:00:00,7984.89,SUCCESS,CARD,Field
PAY000004326,A000940,2026-06-16 12:00:00,15462.56,SUCCESS,CASH,Field
PAY000004327,A002697,2026-08-24 10:00:00,8252.45,SUCCESS,CARD,AI Voice
PAY000004328,A002838,2025-10-09 19:00:00,2157.38,SUCCESS,CARD,Human
PAY000004329,A001812,2026-02-24 19:00:00,12111.87,FAILED,BANK,Field
PAY000004330,A000789,2026-07-14 09:00:00,10208.75,SUCCESS,UPI,Human
PAY000004331,A003709,2026-07-24 20:00:00,12036.16,FAILED,BANK,Human
PAY000004332,A003419,2026-01-12 08:00:00,5819.92,SUCCESS,UPI,WhatsApp
PAY000004333,A003798,2026-03-06 09:00:00,6712.97,SUCCESS,UPI,Self_Pay
PAY000004334,A004178,2026-03-21 13:00:00,3766.94,SUCCESS,CASH,Human
PAY000004335,A001125,2026-04-18 19:00:00,6952.74,SUCCESS,CASH,Human
PAY000004336,A003320,2025-12-07 21:00:00,6929.0,FAILED,UPI,Self_Pay
PAY000004337,A000385,2025-10-19 10:00:00,8450.92,SUCCESS,CASH,Human
PAY000004338,A003467,2026-02-21 13:00:00,4508.49,SUCCESS,UPI,Human
PAY000004339,A001764,2026-04-17 16:00:00,6722.08,SUCCESS,CARD,Field
PAY000004340,A000436,2026-05-15 18:00:00,11758.54,FAILED,BANK,Self_Pay
PAY000004341,A001250,2026-06-27 20:00:00,10838.0,SUCCESS,UPI,AI Voice
PAY000004342,A003399,2026-05-02 12:00:00,4103.3,SUCCESS,CARD,Human
PAY000004343,A001982,2026-05-17 08:00:00,9648.63,FAILED,UPI,AI Voice
PAY000004344,A004133,2026-01-19 09:00:00,12856.23,SUCCESS,CASH,AI Voice
PAY000004345,A000796,2025-12-18 10:00:00,15094.72,FAILED,UPI,Self_Pay
PAY000004346,A001179,2026-05-22 20:00:00,9606.24,SUCCESS,CASH,WhatsApp
PAY000004347,A001378,2026-01-16 16:00:00,13128.97,FAILED,UPI,AI Voice
PAY000004348,A003279,2025-10-26 15:00:00,9011.76,FAILED,UPI,Self_Pay
PAY000004349,A003983,2026-04-13 11:00:00,9622.29,SUCCESS,CARD,Human
PAY000004350,A002855,2025-09-20 14:00:00,3348.32,FAILED,CARD,Field
PAY000004351,A001271,2025-10-21 14:00:00,5683.65,SUCCESS,CARD,AI Voice
PAY000004352,A003465,2026-07-08 09:00:00,9001.0,SUCCESS,CARD,WhatsApp
PAY000004353,A003319,2026-02-22 07:00:00,14368.73,SUCCESS,CARD,Self_Pay
PAY000004354,A002573,2025-09-04 19:00:00,3874.25,FAILED,CARD,Self_Pay
PAY000004355,A003403,2026-08-05 12:00:00,9967.15,FAILED,CARD,Field
PAY000004356,A003029,2026-08-12 14:00:00,13394.0,SUCCESS,CASH,AI Voice
PAY000004357,A001558,2026-02-07 19:00:00,13295.51,SUCCESS,BANK,Self_Pay
PAY000004358,A003993,2026-05-04 13:00:00,4588.81,SUCCESS,CARD,AI Voice
PAY000004359,A001464,2025-09-26 08:00:00,13712.99,SUCCESS,BANK,AI Voice
PAY000004360,A000595,2026-08-18 09:00:00,9058.52,SUCCESS,BANK,Human
PAY000004361,A001905,2025-09-02 18:00:00,1786.95,FAILED,BANK,AI Voice
PAY000004362,A002779,2026-04-06 08:00:00,6893.5,SUCCESS,CASH,Self_Pay
PAY000004363,A001137,2026-03-15 16:00:00,14689.64,SUCCESS,CASH,AI Voice
PAY000004364,A001667,2025-11-05 14:00:00,8197.31,SUCCESS,CASH,Field
PAY000004365,A002847,2026-03-06 15:00:00,1898.31,SUCCESS,BANK,Human
PAY000004366,A003229,2026-06-21 18:00:00,5279.19,FAILED,UPI,WhatsApp
PAY000004367,A000909,2026-06-18 07:00:00,12384.0,SUCCESS,BANK,Self_Pay
PAY000004368,A002384,2025-12-03 16:00:00,7488.71,SUCCESS,BANK,WhatsApp
PAY000004369,A001680,2026-01-17 15:00:00,2945.16,SUCCESS,BANK,Field
PAY000004370,A002263,2026-07-09 07:00:00,3399.26,FAILED,UPI,Human
PAY000004371,A003922,2025-09-06 18:00:00,11725.94,SUCCESS,BANK,AI Voice
PAY000004372,A001416,2025-11-22 18:00:00,2260.6,SUCCESS,BANK,Field
PAY000004373,A002871,2026-02-24 19:00:00,15533.33,SUCCESS,BANK,Self_Pay
PAY000004374,A000237,2025-10-24 17:00:00,3492.55,SUCCESS,CASH,Self_Pay
PAY000004375,A001329,2026-01-23 16:00:00,11353.3,SUCCESS,BANK,Human
PAY000004376,A001943,2026-07-03 07:00:00,11446.0,SUCCESS,CARD,Human
PAY000004377,A000506,2026-08-27 09:00:00,3100.58,SUCCESS,CASH,Field
PAY000004378,A002648,2026-01-27 13:00:00,15619.82,SUCCESS,BANK,Self_Pay
PAY000004379,A000160,2026-06-23 10:00:00,1504.18,SUCCESS,CASH,Self_Pay
PAY000004380,A003545,2026-04-25 11:00:00,15088.42,SUCCESS,UPI,WhatsApp
PAY000004381,A003836,2026-03-19 18:00:00,4131.62,SUCCESS,CARD,Self_Pay
PAY000004382,A001077,2025-12-08 19:00:00,5280.7,SUCCESS,CASH,Field
PAY000004383,A004124,2025-12-13 10:00:00,13671.96,SUCCESS,UPI,Self_Pay
PAY000004384,A001253,2025-11-03 15:00:00,4613.98,FAILED,UPI,Human
PAY000004385,A003957,2025-11-20 10:00:00,1222.46,SUCCESS,BANK,AI Voice
PAY000004386,A001323,2026-08-12 13:00:00,7828.18,SUCCESS,CASH,Human
PAY000004387,A000494,2026-03-04 19:00:00,6088.58,SUCCESS,CASH,Field
PAY000004388,A000635,2026-07-11 10:00:00,6414.8,FAILED,BANK,Field
PAY000004389,A000868,2026-07-06 07:00:00,13150.9,SUCCESS,CASH,AI Voice
PAY000004390,A003697,2026-01-11 09:00:00,14688.01,SUCCESS,CARD,Self_Pay
PAY000004391,A000514,2026-05-10 11:00:00,11125.88,FAILED,BANK,Field
PAY000004392,A000476,2026-03-18 19:00:00,1402.7,SUCCESS,CASH,AI Voice
PAY000004393,A003109,2026-06-17 13:00:00,12412.5,SUCCESS,CASH,WhatsApp
PAY000004394,A000514,2026-04-02 13:00:00,5940.6,SUCCESS,UPI,AI Voice
PAY000004395,A000885,2026-01-06 15:00:00,3142.79,SUCCESS,CASH,WhatsApp
PAY000004396,A001644,2026-03-07 07:00:00,15650.0,SUCCESS,UPI,WhatsApp
PAY000004397,A000486,2026-04-01 17:00:00,6360.38,SUCCESS,BANK,Self_Pay
PAY000004398,A003692,2026-04-21 07:00:00,5015.06,SUCCESS,BANK,Field
PAY000004399,A000340,2026-04-23 07:00:00,7438.44,SUCCESS,CASH,WhatsApp
PAY000004400,A002049,2025-12-24 10:00:00,13842.0,SUCCESS,CASH,WhatsApp
PAY000004401,A002746,2026-07-09 07:00:00,4163.0,SUCCESS,UPI,WhatsApp
PAY000004402,A003887,2025-10-21 20:00:00,4585.09,SUCCESS,CARD,WhatsApp
PAY000004403,A000238,2025-12-11 19:00:00,15234.64,FAILED,UPI,Field
PAY000004404,A002272,2025-11-27 08:00:00,2759.51,SUCCESS,UPI,Human
PAY000004405,A001260,2025-12-12 21:00:00,2700.14,SUCCESS,BANK,AI Voice
PAY000004406,A003985,2026-02-19 20:00:00,2380.5,SUCCESS,UPI,Field
PAY000004407,A003597,2026-04-17 11:00:00,15377.7,FAILED,BANK,Human
PAY000004408,A002895,2026-01-11 08:00:00,1370.63,SUCCESS,BANK,AI Voice
PAY000004409,A001606,2026-02-24 15:00:00,7317.57,SUCCESS,CASH,Field
PAY000004410,A003783,2026-02-23 15:00:00,2715.52,SUCCESS,CARD,Human
PAY000004411,A001156,2026-04-04 21:00:00,6963.44,SUCCESS,BANK,Field
PAY000004412,A003395,2025-09-23 21:00:00,14335.53,FAILED,CASH,WhatsApp
PAY000004413,A002352,2026-05-05 07:00:00,12025.22,SUCCESS,CARD,Self_Pay
PAY000004414,A001651,2026-07-14 20:00:00,7969.48,SUCCESS,BANK,Field
PAY000004415,A003466,2026-02-16 09:00:00,13980.92,SUCCESS,CARD,Human
PAY000004416,A001359,2025-09-16 20:00:00,8741.0,SUCCESS,BANK,WhatsApp
PAY000004417,A003705,2026-05-16 13:00:00,12097.0,SUCCESS,BANK,Human
PAY000004418,A001059,2025-09-18 07:00:00,9237.45,SUCCESS,BANK,Human
PAY000004419,A000513,2026-06-06 18:00:00,6705.0,FAILED,UPI,AI Voice
PAY000004420,A003925,2025-10-11 21:00:00,15806.94,SUCCESS,UPI,WhatsApp
PAY000004421,A003334,2026-08-15 07:00:00,2332.75,SUCCESS,BANK,AI Voice
PAY000004422,A002284,2025-10-20 15:00:00,6195.87,FAILED,BANK,AI Voice
PAY000004423,A000425,2026-06-14 16:00:00,11954.61,SUCCESS,UPI,AI Voice
PAY000004424,A001924,2025-11-05 19:00:00,2472.32,SUCCESS,BANK,AI Voice
PAY000004425,A001480,2026-08-12 21:00:00,7783.43,SUCCESS,CARD,WhatsApp
PAY000004426,A004014,2025-10-27 21:00:00,4890.37,SUCCESS,UPI,Field
PAY000004427,A002032,2026-03-01 18:00:00,7849.08,SUCCESS,BANK,Field
PAY000004428,A001593,2026-05-22 13:00:00,12370.83,SUCCESS,BANK,Self_Pay
PAY000004429,A001731,2026-01-01 19:00:00,11201.29,FAILED,CASH,Human
PAY000004430,A003957,2026-03-24 16:00:00,2684.58,SUCCESS,CASH,Self_Pay
PAY000004431,A002560,2025-10-06 14:00:00,12641.0,FAILED,UPI,AI Voice
PAY000004432,A004005,2026-08-01 18:00:00,5020.71,FAILED,CARD,Human
PAY000004433,A001522,2026-08-13 15:00:00,12135.0,SUCCESS,CARD,WhatsApp
PAY000004434,A003800,2026-08-26 11:00:00,10592.86,SUCCESS,BANK,Field
PAY000004435,A003071,2026-02-12 09:00:00,6682.96,SUCCESS,CARD,AI Voice
PAY000004436,A001479,2026-03-02 13:00:00,13902.68,FAILED,CARD,AI Voice
PAY000004437,A002458,2026-04-10 15:00:00,7308.74,SUCCESS,CASH,WhatsApp
PAY000004438,A002558,2026-03-25 17:00:00,8974.23,SUCCESS,CARD,AI Voice
PAY000004439,A002143,2026-02-15 10:00:00,7706.92,SUCCESS,BANK,Human
PAY000004440,A000748,2025-09-17 08:00:00,8707.84,FAILED,UPI,Self_Pay
PAY000004441,A001231,2026-03-04 20:00:00,1608.53,SUCCESS,BANK,Human
PAY000004442,A000338,2025-12-25 07:00:00,3639.58,SUCCESS,BANK,WhatsApp
PAY000004443,A002532,2026-07-24 19:00:00,15840.7,FAILED,BANK,WhatsApp
PAY000004444,A002692,2026-07-16 09:00:00,12811.51,SUCCESS,CASH,WhatsApp
PAY000004445,A002898,2026-01-27 12:00:00,7547.9,SUCCESS,UPI,Self_Pay
PAY000004446,A000858,2025-10-10 16:00:00,3804.05,SUCCESS,CASH,Human
PAY000004447,A000078,2026-01-05 09:00:00,1702.92,SUCCESS,BANK,WhatsApp
PAY000004448,A002521,2026-04-12 19:00:00,4026.68,SUCCESS,CASH,Human
PAY000004449,A003211,2025-12-15 18:00:00,15480.06,FAILED,CARD,Self_Pay
PAY000004450,A003082,2026-02-09 16:00:00,1620.51,SUCCESS,CARD,AI Voice
PAY000004451,A002177,2025-11-04 13:00:00,2564.77,SUCCESS,CARD,Self_Pay
PAY000004452,A003481,2026-03-24 09:00:00,7665.23,SUCCESS,CARD,Field
PAY000004453,A004036,2026-05-04 12:00:00,6666.0,SUCCESS,CASH,Self_Pay
PAY000004454,A004025,2025-11-06 21:00:00,11195.0,SUCCESS,CASH,Field
PAY000004455,A000831,2025-09-01 07:00:00,7862.96,FAILED,UPI,WhatsApp
PAY000004456,A000297,2025-09-10 16:00:00,7528.58,FAILED,CASH,Field
PAY000004457,A001670,2026-02-11 12:00:00,1718.66,SUCCESS,CARD,Human
PAY000004458,A003845,2025-12-05 19:00:00,7297.54,SUCCESS,UPI,Field
PAY000004459,A001935,2026-05-19 14:00:00,10142.38,SUCCESS,UPI,Human
PAY000004460,A001778,2026-02-17 16:00:00,9337.0,SUCCESS,BANK,AI Voice
PAY000004461,A003653,2026-04-26 19:00:00,9034.31,FAILED,CASH,Human
PAY000004462,A000911,2026-04-04 17:00:00,9869.97,SUCCESS,CARD,Human
PAY000004463,A003090,2026-01-23 10:00:00,9352.0,FAILED,UPI,WhatsApp
PAY000004464,A000272,2026-03-01 11:00:00,8727.08,SUCCESS,CARD,Human
PAY000004465,A001447,2026-07-01 21:00:00,1590.76,SUCCESS,CARD,Self_Pay
PAY000004466,A000442,2026-08-06 16:00:00,15300.99,SUCCESS,CARD,WhatsApp
PAY000004467,A002669,2026-02-25 20:00:00,7696.36,SUCCESS,UPI,Field
PAY000004468,A003627,2026-01-01 19:00:00,3832.14,SUCCESS,UPI,Human
PAY000004469,A002377,2026-01-05 21:00:00,9203.76,SUCCESS,CARD,WhatsApp
PAY000004470,A001988,2026-07-06 21:00:00,15111.6,SUCCESS,BANK,Field
PAY000004471,A001664,2025-10-02 07:00:00,10138.62,SUCCESS,CASH,WhatsApp
PAY000004472,A000833,2025-12-02 15:00:00,13171.04,SUCCESS,UPI,Self_Pay
PAY000004473,A003803,2026-01-12 21:00:00,1786.81,FAILED,UPI,AI Voice
PAY000004474,A004144,2025-09-10 09:00:00,2812.55,SUCCESS,UPI,Human
PAY000004475,A000918,2026-08-24 17:00:00,8797.92,FAILED,CASH,AI Voice
PAY000004476,A000297,2026-07-03 17:00:00,11459.37,SUCCESS,CARD,AI Voice
PAY000004477,A001350,2026-05-12 16:00:00,4790.48,SUCCESS,UPI,WhatsApp
PAY000004478,A003635,2026-08-02 19:00:00,13807.59,FAILED,BANK,Human
PAY000004479,A002487,2026-01-09 20:00:00,6482.13,FAILED,UPI,Human
PAY000004480,A004163,2025-12-08 21:00:00,7772.81,SUCCESS,UPI,WhatsApp
PAY000004481,A001456,2025-09-24 15:00:00,5129.86,SUCCESS,CASH,AI Voice
PAY000004482,A000221,2026-01-25 20:00:00,1974.63,SUCCESS,CARD,Self_Pay
PAY000004483,A000295,2026-02-17 16:00:00,13530.17,SUCCESS,UPI,AI Voice
PAY000004484,A003362,2026-08-25 17:00:00,14669.31,SUCCESS,CARD,WhatsApp
PAY000004485,A000029,2026-03-26 19:00:00,7591.83,SUCCESS,CASH,Field
PAY000004486,A000952,2025-10-19 14:00:00,2682.47,SUCCESS,UPI,Human
PAY000004487,A000739,2026-07-13 08:00:00,3026.89,SUCCESS,CASH,Field
PAY000004488,A002166,2026-02-03 11:00:00,15940.57,SUCCESS,UPI,Human
PAY000004489,A003909,2026-04-16 10:00:00,7146.11,SUCCESS,BANK,Human
PAY000004490,A002833,2025-11-26 19:00:00,10123.0,SUCCESS,UPI,Human
PAY000004491,A002294,2025-11-18 15:00:00,10298.0,SUCCESS,BANK,Self_Pay
PAY000004492,A001023,2026-05-19 07:00:00,4929.84,SUCCESS,CARD,Human
PAY000004493,A000342,2025-11-01 18:00:00,14007.38,SUCCESS,UPI,Human
PAY000004494,A002132,2025-12-25 10:00:00,1581.19,FAILED,UPI,Human
PAY000004495,A002830,2026-07-20 21:00:00,14889.56,SUCCESS,UPI,AI Voice
PAY000004496,A001900,2026-08-09 07:00:00,6355.11,SUCCESS,CARD,Field
PAY000004497,A002867,2026-05-27 09:00:00,8116.07,SUCCESS,CARD,WhatsApp
PAY000004498,A000544,2026-05-14 21:00:00,3261.08,SUCCESS,CASH,WhatsApp
PAY000004499,A001838,2025-09-15 09:00:00,1477.59,SUCCESS,BANK,Field
PAY000004500,A003010,2025-10-11 08:00:00,4263.06,SUCCESS,BANK,WhatsApp
PAY000004501,A003995,2026-08-07 19:00:00,8330.86,SUCCESS,CASH,AI Voice
PAY000004502,A004000,2026-02-03 21:00:00,13310.8,SUCCESS,BANK,AI Voice
PAY000004503,A001442,2025-10-07 09:00:00,6797.37,SUCCESS,UPI,Self_Pay
PAY000004504,A002100,2026-08-09 12:00:00,7416.0,SUCCESS,BANK,Human
PAY000004505,A002772,2026-04-27 13:00:00,8898.0,SUCCESS,BANK,Self_Pay
PAY000004506,A003011,2026-08-17 08:00:00,10379.0,SUCCESS,BANK,Human
PAY000004507,A002927,2026-03-17 18:00:00,7387.39,SUCCESS,CASH,Self_Pay
PAY000004508,A000300,2026-01-23 16:00:00,12187.49,FAILED,UPI,WhatsApp
PAY000004509,A001825,2025-12-26 14:00:00,3263.85,SUCCESS,UPI,Human
PAY000004510,A003965,2026-01-22 09:00:00,8717.5,SUCCESS,CARD,Human
PAY000004511,A000443,2026-02-05 17:00:00,9419.12,FAILED,CASH,Self_Pay
PAY000004512,A002144,2026-02-21 09:00:00,13274.41,SUCCESS,BANK,AI Voice
PAY000004513,A003463,2026-02-10 08:00:00,2378.28,SUCCESS,CARD,Human
PAY000004514,A001174,2026-07-06 10:00:00,9170.58,SUCCESS,UPI,Field
PAY000004515,A003126,2026-05-24 07:00:00,5693.29,SUCCESS,BANK,AI Voice
PAY000004516,A002711,2026-03-08 16:00:00,8602.07,FAILED,CASH,Field
PAY000004517,A001980,2025-10-17 13:00:00,9681.0,FAILED,UPI,Self_Pay
PAY000004518,A000136,2026-04-01 09:00:00,2374.64,SUCCESS,CASH,Self_Pay
PAY000004519,A001156,2025-12-21 09:00:00,2226.17,SUCCESS,UPI,Field
PAY000004520,A001396,2026-03-25 16:00:00,11676.0,SUCCESS,CARD,AI Voice
PAY000004521,A001360,2025-12-19 08:00:00,9251.25,FAILED,BANK,Field
PAY000004522,A003593,2025-10-19 21:00:00,5294.18,SUCCESS,CARD,Self_Pay
PAY000004523,A002256,2026-08-25 17:00:00,13639.19,FAILED,CASH,Self_Pay
PAY000004524,A001544,2026-04-04 12:00:00,5928.06,SUCCESS,CARD,WhatsApp
PAY000004525,A001096,2026-02-02 21:00:00,2074.54,SUCCESS,BANK,Self_Pay
PAY000004526,A000838,2025-11-26 12:00:00,8213.9,FAILED,CASH,WhatsApp
PAY000004527,A001367,2026-04-17 15:00:00,1992.85,FAILED,CARD,Human
PAY000004528,A001101,2026-02-14 13:00:00,8790.24,SUCCESS,BANK,Field
PAY000004529,A001585,2026-08-11 15:00:00,11200.52,SUCCESS,CARD,Field
PAY000004530,A003562,2026-03-12 08:00:00,7070.02,SUCCESS,BANK,Human
PAY000004531,A001479,2025-10-10 14:00:00,11858.05,FAILED,BANK,WhatsApp
PAY000004532,A003743,2026-03-13 21:00:00,9976.46,FAILED,UPI,AI Voice
PAY000004533,A001303,2026-03-16 17:00:00,11390.95,SUCCESS,CASH,Field
PAY000004534,A001598,2026-08-14 07:00:00,8947.0,SUCCESS,BANK,WhatsApp
PAY000004535,A003289,2026-04-08 07:00:00,12119.03,SUCCESS,CASH,AI Voice
PAY000004536,A001879,2026-06-11 08:00:00,8959.41,SUCCESS,CASH,AI Voice
PAY000004537,A002838,2026-06-14 19:00:00,12548.81,FAILED,CASH,Field
PAY000004538,A003019,2026-03-12 11:00:00,1039.87,SUCCESS,BANK,Self_Pay
PAY000004539,A000689,2026-08-07 14:00:00,10926.64,FAILED,CARD,WhatsApp
PAY000004540,A002001,2026-03-06 16:00:00,14658.73,SUCCESS,CARD,AI Voice
PAY000004541,A003059,2025-11-17 16:00:00,6825.2,SUCCESS,CARD,Human
PAY000004542,A000934,2025-11-20 08:00:00,1554.53,SUCCESS,CASH,Field
PAY000004543,A000561,2025-09-05 15:00:00,12458.07,SUCCESS,CARD,Field
PAY000004544,A000992,2026-08-16 14:00:00,8660.1,SUCCESS,CARD,Field
PAY000004545,A001375,2025-12-02 21:00:00,8382.04,SUCCESS,UPI,Human
PAY000004546,A002191,2026-03-14 07:00:00,5725.04,SUCCESS,CASH,WhatsApp
PAY000004547,A002096,2026-04-03 17:00:00,4682.95,FAILED,BANK,Human
PAY000004548,A001424,2026-03-19 15:00:00,11272.36,SUCCESS,CARD,WhatsApp
PAY000004549,A003738,2026-06-15 09:00:00,11373.66,SUCCESS,CARD,WhatsApp
PAY000004550,A004033,2025-09-27 20:00:00,7474.16,SUCCESS,CASH,WhatsApp
PAY000004551,A000780,2026-03-08 14:00:00,4313.91,SUCCESS,CARD,AI Voice
PAY000004552,A003653,2025-09-19 10:00:00,12693.68,SUCCESS,BANK,Human
PAY000004553,A000118,2026-03-21 12:00:00,1946.88,SUCCESS,CASH,Human
PAY000004554,A000266,2025-10-27 09:00:00,3667.36,FAILED,CARD,Field
PAY000004555,A002165,2025-09-10 14:00:00,1277.01,SUCCESS,BANK,Field
PAY000004556,A000932,2025-11-27 19:00:00,6402.91,FAILED,CARD,AI Voice
PAY000004557,A002344,2025-09-09 07:00:00,4573.68,SUCCESS,CARD,AI Voice
PAY000004558,A003530,2026-06-07 17:00:00,8756.72,SUCCESS,UPI,Human
PAY000004559,A001373,2026-05-12 18:00:00,3385.81,SUCCESS,CASH,Field
PAY000004560,A002829,2026-08-08 20:00:00,10157.01,SUCCESS,CASH,WhatsApp
PAY000004561,A003230,2026-06-09 12:00:00,4166.93,SUCCESS,BANK,Human
PAY000004562,A001765,2026-06-04 07:00:00,4419.24,SUCCESS,CARD,AI Voice
PAY000004563,A000703,2026-08-13 13:00:00,7287.12,SUCCESS,BANK,Human
PAY000004564,A004075,2026-03-25 17:00:00,9082.11,FAILED,BANK,WhatsApp
PAY000004565,A001959,2026-03-23 11:00:00,4693.58,FAILED,UPI,AI Voice
PAY000004566,A003563,2026-02-04 08:00:00,3439.98,SUCCESS,CASH,AI Voice
PAY000004567,A002344,2026-03-03 13:00:00,6988.5,FAILED,UPI,AI Voice
PAY000004568,A000466,2025-09-08 18:00:00,1680.57,SUCCESS,BANK,AI Voice
PAY000004569,A002539,2026-08-07 17:00:00,6457.03,SUCCESS,BANK,Human
PAY000004570,A002276,2026-02-02 14:00:00,11609.04,SUCCESS,BANK,WhatsApp
PAY000004571,A003546,2026-03-23 15:00:00,2257.45,SUCCESS,BANK,Human
PAY000004572,A002075,2026-04-02 13:00:00,10840.59,SUCCESS,CASH,Field
PAY000004573,A003112,2026-02-01 14:00:00,6104.59,SUCCESS,CARD,WhatsApp
PAY000004574,A003660,2026-06-13 16:00:00,12766.91,SUCCESS,BANK,AI Voice
PAY000004575,A001831,2025-12-24 20:00:00,1402.1,FAILED,UPI,Self_Pay
PAY000004576,A004080,2025-12-02 20:00:00,3281.6,SUCCESS,CARD,WhatsApp
PAY000004577,A000145,2026-01-22 18:00:00,1714.49,FAILED,BANK,AI Voice
PAY000004578,A003992,2025-12-14 19:00:00,5200.0,SUCCESS,CASH,AI Voice
PAY000004579,A003359,2026-01-21 08:00:00,5670.96,SUCCESS,CASH,Self_Pay
PAY000004580,A001360,2026-01-04 11:00:00,4053.18,FAILED,UPI,Field
PAY000004581,A000153,2025-11-20 07:00:00,8513.99,SUCCESS,BANK,AI Voice
PAY000004582,A003573,2026-03-03 11:00:00,14914.68,SUCCESS,CASH,Human
PAY000004583,A002222,2026-06-03 07:00:00,11858.66,SUCCESS,UPI,Human
PAY000004584,A000533,2026-04-07 16:00:00,3389.46,SUCCESS,UPI,AI Voice
PAY000004585,A002791,2025-12-07 21:00:00,3119.32,SUCCESS,UPI,AI Voice
PAY000004586,A004074,2026-03-10 17:00:00,8185.78,SUCCESS,CASH,Field
PAY000004587,A002548,2026-05-06 09:00:00,5293.24,SUCCESS,CASH,AI Voice
PAY000004588,A001125,2026-07-16 07:00:00,8259.28,FAILED,CASH,Field
PAY000004589,A003909,2025-10-18 16:00:00,9062.35,FAILED,BANK,Field
PAY000004590,A003769,2025-12-06 16:00:00,14770.71,SUCCESS,UPI,Human
PAY000004591,A003340,2025-12-17 19:00:00,14369.0,SUCCESS,CARD,AI Voice
PAY000004592,A001640,2026-07-17 12:00:00,9358.25,SUCCESS,CASH,WhatsApp
PAY000004593,A000207,2025-09-20 08:00:00,12560.0,FAILED,CARD,Self_Pay
PAY000004594,A003875,2026-02-23 14:00:00,12541.16,SUCCESS,UPI,WhatsApp
PAY000004595,A001300,2025-11-03 17:00:00,1660.84,FAILED,UPI,Human
PAY000004596,A000058,2026-04-17 15:00:00,2927.64,SUCCESS,CARD,AI Voice
PAY000004597,A002884,2026-04-06 14:00:00,12581.97,SUCCESS,BANK,WhatsApp
PAY000004598,A002354,2026-04-25 15:00:00,12383.5,SUCCESS,BANK,Field
PAY000004599,A003283,2026-02-19 08:00:00,6778.0,SUCCESS,CARD,WhatsApp
PAY000004600,A000990,2026-05-13 18:00:00,1118.95,FAILED,CASH,AI Voice
PAY000004601,A001741,2026-05-18 14:00:00,4867.89,SUCCESS,UPI,Field
PAY000004602,A003692,2026-08-15 20:00:00,4087.39,FAILED,CARD,Field
PAY000004603,A002959,2026-04-16 13:00:00,3881.87,SUCCESS,BANK,WhatsApp
PAY000004604,A002304,2025-10-06 16:00:00,6933.42,SUCCESS,BANK,WhatsApp
PAY000004605,A003044,2026-01-02 20:00:00,11873.27,FAILED,BANK,WhatsApp
PAY000004606,A000800,2025-12-17 08:00:00,5393.5,SUCCESS,BANK,AI Voice
PAY000004607,A001692,2026-04-04 12:00:00,7554.07,SUCCESS,BANK,WhatsApp
PAY000004608,A000096,2026-06-12 07:00:00,6707.26,FAILED,UPI,Self_Pay
PAY000004609,A001635,2025-09-01 14:00:00,10198.45,FAILED,CARD,Field
PAY000004610,A003229,2026-01-22 12:00:00,4020.97,FAILED,CASH,Self_Pay
PAY000004611,A001914,2025-11-03 15:00:00,14390.49,SUCCESS,BANK,WhatsApp
PAY000004612,A000864,2025-09-23 15:00:00,15858.8,SUCCESS,UPI,Human
PAY000004613,A003769,2025-11-19 14:00:00,15061.19,SUCCESS,BANK,Human
PAY000004614,A001766,2026-01-20 20:00:00,5665.95,FAILED,CASH,Field
PAY000004615,A001526,2026-04-13 19:00:00,10221.04,SUCCESS,BANK,Human
PAY000004616,A003188,2025-10-09 15:00:00,4352.63,FAILED,BANK,Field
PAY000004617,A000079,2026-06-16 21:00:00,7223.0,SUCCESS,CARD,AI Voice
PAY000004618,A003392,2026-05-13 07:00:00,14919.96,SUCCESS,CARD,WhatsApp
PAY000004619,A001272,2026-01-27 07:00:00,10192.09,SUCCESS,CASH,Field
PAY000004620,A000016,2026-02-16 08:00:00,2318.54,SUCCESS,UPI,WhatsApp
PAY000004621,A003366,2026-01-21 21:00:00,2419.49,SUCCESS,CASH,WhatsApp
PAY000004622,A003551,2026-02-11 19:00:00,4655.5,FAILED,BANK,Human
PAY000004623,A001274,2026-07-05 07:00:00,14832.28,SUCCESS,CARD,Field
PAY000004624,A003311,2026-04-16 21:00:00,7955.07,FAILED,UPI,AI Voice
PAY000004625,A001084,2026-01-27 17:00:00,2094.83,SUCCESS,BANK,Human
PAY000004626,A003812,2026-04-21 17:00:00,3175.03,SUCCESS,CASH,AI Voice
PAY000004627,A003318,2025-11-07 15:00:00,4592.37,SUCCESS,CASH,Human
PAY000004628,A003923,2026-02-07 09:00:00,2986.66,SUCCESS,BANK,Self_Pay
PAY000004629,A001962,2026-03-06 17:00:00,10506.11,FAILED,BANK,Field
PAY000004630,A002697,2026-06-06 07:00:00,6078.74,FAILED,CASH,Human
PAY000004631,A001508,2026-05-13 13:00:00,15315.88,SUCCESS,BANK,WhatsApp
PAY000004632,A002238,2026-06-27 10:00:00,9823.08,SUCCESS,CARD,WhatsApp
PAY000004633,A000604,2026-03-08 16:00:00,5949.04,FAILED,BANK,Field
PAY000004634,A002335,2026-03-16 11:00:00,6479.87,FAILED,UPI,Human
PAY000004635,A002479,2025-11-09 14:00:00,13349.0,SUCCESS,BANK,WhatsApp
PAY000004636,A002762,2026-02-06 16:00:00,4211.97,SUCCESS,CARD,Field
PAY000004637,A001689,2026-05-02 13:00:00,14240.33,FAILED,CARD,Self_Pay
PAY000004638,A001312,2026-06-19 20:00:00,6478.66,SUCCESS,UPI,Field
PAY000004639,A003232,2025-10-25 12:00:00,9772.38,SUCCESS,UPI,Human
PAY000004640,A000046,2025-09-01 09:00:00,9706.03,FAILED,BANK,Self_Pay
PAY000004641,A003459,2026-03-14 07:00:00,6003.0,SUCCESS,BANK,WhatsApp
PAY000004642,A002696,2025-11-22 21:00:00,14534.0,SUCCESS,BANK,Field
PAY000004643,A002896,2025-11-05 13:00:00,9502.86,SUCCESS,UPI,Self_Pay
PAY000004644,A003957,2025-09-01 12:00:00,4362.01,SUCCESS,UPI,AI Voice
PAY000004645,A001024,2025-12-26 12:00:00,9976.75,SUCCESS,CASH,Self_Pay
PAY000004646,A001515,2026-04-10 15:00:00,3675.98,SUCCESS,CARD,AI Voice
PAY000004647,A001279,2026-07-14 13:00:00,9115.0,SUCCESS,BANK,Human
PAY000004648,A003468,2026-05-14 08:00:00,15213.92,SUCCESS,BANK,WhatsApp
PAY000004649,A002242,2025-12-21 18:00:00,9916.06,SUCCESS,CARD,Human
PAY000004650,A002403,2026-08-02 21:00:00,8980.48,FAILED,CASH,WhatsApp
PAY000004651,A001676,2026-04-26 09:00:00,5922.83,SUCCESS,CASH,AI Voice
PAY000004652,A000960,2025-11-04 20:00:00,5542.31,FAILED,BANK,Field
PAY000004653,A003871,2026-05-08 07:00:00,6178.04,FAILED,CARD,Human
PAY000004654,A000709,2026-06-25 15:00:00,2660.79,SUCCESS,BANK,Field
PAY000004655,A004098,2026-02-11 20:00:00,6740.39,SUCCESS,CASH,Human
PAY000004656,A000119,2026-07-11 19:00:00,2238.83,SUCCESS,BANK,Field
PAY000004657,A001551,2026-02-11 09:00:00,2397.05,SUCCESS,CASH,WhatsApp
PAY000004658,A003311,2026-03-16 17:00:00,7205.96,SUCCESS,CASH,Field
PAY000004659,A000321,2025-11-13 18:00:00,12863.0,SUCCESS,CASH,Field
PAY000004660,A000217,2025-10-01 14:00:00,8729.76,SUCCESS,BANK,WhatsApp
PAY000004661,A000495,2025-09-24 21:00:00,4499.64,SUCCESS,CARD,Self_Pay
PAY000004662,A003348,2025-09-12 14:00:00,8705.0,SUCCESS,CARD,Self_Pay
PAY000004663,A000680,2026-05-18 09:00:00,15779.74,SUCCESS,BANK,Human
PAY000004664,A001646,2026-02-14 07:00:00,4756.7,SUCCESS,CARD,WhatsApp
PAY000004665,A000129,2025-11-05 21:00:00,4267.09,SUCCESS,CASH,Field
PAY000004666,A000463,2026-03-06 08:00:00,7514.06,FAILED,CARD,AI Voice
PAY000004667,A000470,2025-10-08 10:00:00,9026.05,SUCCESS,CARD,Field
PAY000004668,A002507,2026-08-13 18:00:00,4648.17,SUCCESS,UPI,WhatsApp
PAY000004669,A002599,2025-12-14 10:00:00,11865.79,SUCCESS,BANK,Human
PAY000004670,A003698,2025-11-17 18:00:00,6240.46,SUCCESS,BANK,WhatsApp
PAY000004671,A001465,2026-01-02 18:00:00,13227.57,SUCCESS,BANK,AI Voice
PAY000004672,A003641,2026-01-06 09:00:00,13140.5,SUCCESS,UPI,Field
PAY000004673,A003846,2026-01-15 11:00:00,2283.21,SUCCESS,CASH,Human
PAY000004674,A002450,2026-07-16 07:00:00,10897.85,SUCCESS,CASH,AI Voice
PAY000004675,A000663,2025-11-16 15:00:00,10951.87,FAILED,UPI,WhatsApp
PAY000004676,A000898,2026-04-18 13:00:00,5055.25,SUCCESS,CARD,Human
PAY000004677,A003050,2026-03-18 16:00:00,5313.18,SUCCESS,CASH,Human
PAY000004678,A002087,2026-04-02 19:00:00,9906.08,SUCCESS,CASH,AI Voice
PAY000004679,A001094,2026-06-04 19:00:00,14758.09,SUCCESS,CASH,Field
PAY000004680,A003818,2026-02-18 12:00:00,6669.78,SUCCESS,CARD,Self_Pay
PAY000004681,A002592,2026-04-08 07:00:00,11731.17,SUCCESS,UPI,Field
PAY000004682,A002969,2026-07-17 11:00:00,13448.98,SUCCESS,CASH,Human
PAY000004683,A002211,2025-10-01 20:00:00,5732.43,SUCCESS,CASH,AI Voice
PAY000004684,A003086,2026-05-19 15:00:00,8003.29,FAILED,UPI,WhatsApp
PAY000004685,A002376,2025-09-25 07:00:00,3018.52,FAILED,BANK,Field
PAY000004686,A002342,2026-06-06 10:00:00,8800.45,FAILED,CARD,Self_Pay
PAY000004687,A002308,2025-12-16 08:00:00,15962.88,FAILED,CASH,WhatsApp
PAY000004688,A001810,2026-03-18 14:00:00,9055.25,FAILED,CASH,AI Voice
PAY000004689,A004077,2026-02-04 21:00:00,13326.87,FAILED,CASH,Self_Pay
PAY000004690,A000462,2026-05-06 16:00:00,7669.7,SUCCESS,BANK,AI Voice
PAY000004691,A000101,2026-05-11 09:00:00,14430.53,SUCCESS,CARD,WhatsApp
PAY000004692,A001609,2026-06-24 11:00:00,2024.92,SUCCESS,CASH,AI Voice
PAY000004693,A002238,2026-04-14 16:00:00,2840.17,SUCCESS,UPI,AI Voice
PAY000004694,A003612,2026-06-01 21:00:00,8704.04,SUCCESS,BANK,Human
PAY000004695,A003129,2026-06-01 08:00:00,3073.94,SUCCESS,CARD,WhatsApp
PAY000004696,A001664,2025-11-15 11:00:00,6719.5,SUCCESS,BANK,Field
PAY000004697,A001003,2026-04-22 13:00:00,10939.27,SUCCESS,BANK,Field
PAY000004698,A000714,2025-09-22 15:00:00,8608.65,SUCCESS,CARD,Field
PAY000004699,A003571,2026-08-05 12:00:00,8006.74,SUCCESS,CARD,Human
PAY000004700,A000021,2026-01-13 07:00:00,15787.29,SUCCESS,CASH,AI Voice
PAY000004701,A000421,2026-08-14 10:00:00,6504.68,SUCCESS,CASH,Human
PAY000004702,A001646,2025-10-10 18:00:00,9048.48,FAILED,BANK,Field
PAY000004703,A000919,2026-06-16 09:00:00,4475.32,SUCCESS,BANK,WhatsApp
PAY000004704,A002696,2026-02-27 16:00:00,11926.91,SUCCESS,CARD,WhatsApp
PAY000004705,A004121,2025-09-25 18:00:00,13926.91,SUCCESS,CASH,Self_Pay
PAY000004706,A003948,2025-11-11 13:00:00,8695.0,SUCCESS,CARD,Field
PAY000004707,A003127,2026-07-22 14:00:00,14695.78,SUCCESS,BANK,Field
PAY000004708,A000721,2026-02-03 14:00:00,7349.13,FAILED,CARD,WhatsApp
PAY000004709,A003442,2025-09-10 17:00:00,3535.2,SUCCESS,UPI,Human
PAY000004710,A000832,2026-08-15 07:00:00,11946.0,FAILED,CASH,Human
PAY000004711,A003462,2026-04-01 08:00:00,3568.1,SUCCESS,CARD,Field
PAY000004712,A000306,2026-02-24 12:00:00,15227.33,SUCCESS,CASH,Field
PAY000004713,A001685,2026-07-12 21:00:00,9718.32,SUCCESS,CARD,Human
PAY000004714,A002103,2026-03-12 17:00:00,13604.47,SUCCESS,BANK,WhatsApp
PAY000004715,A001046,2025-11-19 08:00:00,11893.42,SUCCESS,CARD,Self_Pay
PAY000004716,A000452,2026-07-04 16:00:00,1207.25,FAILED,UPI,Self_Pay
PAY000004717,A000959,2026-01-08 12:00:00,1189.1,FAILED,CARD,Self_Pay
PAY000004718,A003307,2026-05-11 20:00:00,1825.89,SUCCESS,CASH,Human
PAY000004719,A003282,2026-02-22 18:00:00,2841.0,SUCCESS,UPI,WhatsApp
PAY000004720,A001989,2026-08-27 13:00:00,11608.04,SUCCESS,UPI,AI Voice
PAY000004721,A002880,2026-03-21 18:00:00,10128.29,FAILED,CASH,Human
PAY000004722,A000764,2026-07-24 14:00:00,12385.21,FAILED,CASH,Human
PAY000004723,A000886,2026-04-01 07:00:00,3062.01,FAILED,BANK,Human
PAY000004724,A003070,2026-01-10 13:00:00,3655.01,FAILED,CARD,Field
PAY000004725,A003436,2025-10-19 11:00:00,3274.43,FAILED,BANK,WhatsApp
PAY000004726,A003355,2025-09-01 10:00:00,2663.89,SUCCESS,CARD,Human
PAY000004727,A003254,2026-07-25 10:00:00,9951.75,SUCCESS,CARD,Human
PAY000004728,A002591,2025-11-15 21:00:00,10634.92,SUCCESS,CASH,WhatsApp
PAY000004729,A001701,2026-01-12 07:00:00,10958.92,SUCCESS,UPI,Self_Pay
PAY000004730,A001525,2025-11-24 11:00:00,9640.71,SUCCESS,CARD,AI Voice
PAY000004731,A001266,2026-02-04 17:00:00,10351.18,FAILED,BANK,Field
PAY000004732,A001024,2026-06-14 08:00:00,13529.26,SUCCESS,BANK,WhatsApp
PAY000004733,A001792,2025-12-21 08:00:00,10212.01,SUCCESS,BANK,Field
PAY000004734,A004083,2025-10-07 20:00:00,3504.06,SUCCESS,CASH,Human
PAY000004735,A001633,2025-10-09 07:00:00,4958.87,FAILED,CASH,Self_Pay
PAY000004736,A000136,2026-07-21 14:00:00,1806.24,SUCCESS,CARD,Self_Pay
PAY000004737,A002622,2025-10-13 13:00:00,6321.61,SUCCESS,CASH,Human
PAY000004738,A003794,2026-01-19 14:00:00,14484.81,SUCCESS,BANK,WhatsApp
PAY000004739,A002633,2026-05-02 16:00:00,12686.94,SUCCESS,BANK,WhatsApp
PAY000004740,A001096,2026-06-24 17:00:00,2161.2,SUCCESS,BANK,AI Voice
PAY000004741,A002413,2026-05-03 08:00:00,8493.81,FAILED,BANK,Self_Pay
PAY000004742,A000990,2026-06-15 14:00:00,4430.78,FAILED,BANK,Self_Pay
PAY000004743,A004174,2026-01-04 20:00:00,7389.48,SUCCESS,CARD,Field
PAY000004744,A001717,2025-10-06 13:00:00,11313.97,SUCCESS,BANK,Field
PAY000004745,A003137,2026-07-06 13:00:00,12436.65,SUCCESS,UPI,WhatsApp
PAY000004746,A001950,2026-08-14 08:00:00,14309.0,SUCCESS,CARD,Human
PAY000004747,A003135,2026-08-03 13:00:00,8054.0,SUCCESS,CARD,Human
PAY000004748,A001541,2026-01-26 12:00:00,3548.66,FAILED,CARD,AI Voice
PAY000004749,A001806,2026-08-02 14:00:00,6374.7,SUCCESS,UPI,Self_Pay
PAY000004750,A002273,2026-07-03 19:00:00,4087.51,FAILED,UPI,Field
PAY000004751,A004046,2025-11-25 16:00:00,2240.63,FAILED,UPI,Self_Pay
PAY000004752,A000286,2025-12-16 14:00:00,10680.19,SUCCESS,CARD,AI Voice
PAY000004753,A000494,2026-01-03 19:00:00,4013.26,FAILED,UPI,Field
PAY000004754,A000697,2025-12-03 14:00:00,10911.81,SUCCESS,UPI,AI Voice
PAY000004755,A001516,2026-08-13 12:00:00,11738.0,SUCCESS,CASH,Human
PAY000004756,A002096,2026-08-23 07:00:00,5705.05,FAILED,CARD,Human
PAY000004757,A000232,2026-04-25 20:00:00,8402.57,SUCCESS,CASH,Field
PAY000004758,A002137,2025-11-19 21:00:00,14830.11,SUCCESS,CARD,Human
PAY000004759,A001991,2026-03-04 16:00:00,8094.13,SUCCESS,BANK,Human
PAY000004760,A000315,2025-09-27 21:00:00,6861.24,SUCCESS,BANK,Human
PAY000004761,A001481,2026-01-09 07:00:00,6148.35,SUCCESS,CASH,WhatsApp
PAY000004762,A001472,2026-03-01 20:00:00,3348.84,SUCCESS,CARD,AI Voice
PAY000004763,A002872,2025-09-13 10:00:00,9680.31,SUCCESS,CASH,WhatsApp
PAY000004764,A004166,2025-12-26 10:00:00,2937.34,FAILED,CASH,Self_Pay
PAY000004765,A001588,2026-02-13 19:00:00,4142.66,FAILED,CARD,AI Voice
PAY000004766,A002255,2026-04-07 10:00:00,2079.78,FAILED,CASH,Self_Pay
PAY000004767,A003386,2026-04-25 15:00:00,13749.1,SUCCESS,CARD,Self_Pay
PAY000004768,A001104,2026-02-26 12:00:00,3064.4,SUCCESS,CASH,Field
PAY000004769,A003504,2026-07-22 11:00:00,8380.99,FAILED,UPI,Field
PAY000004770,A000762,2026-08-06 17:00:00,10843.66,SUCCESS,UPI,Self_Pay
PAY000004771,A003532,2026-03-09 12:00:00,12511.3,SUCCESS,BANK,AI Voice
PAY000004772,A000207,2026-05-22 10:00:00,12560.0,SUCCESS,CASH,Human
PAY000004773,A001411,2026-08-16 14:00:00,13567.41,SUCCESS,BANK,Human
PAY000004774,A000669,2026-06-23 16:00:00,1435.34,SUCCESS,CARD,AI Voice
PAY000004775,A002533,2025-10-04 15:00:00,10189.45,SUCCESS,BANK,WhatsApp
PAY000004776,A003888,2026-01-03 12:00:00,2735.87,SUCCESS,CARD,WhatsApp
PAY000004777,A001189,2026-06-12 10:00:00,5497.39,SUCCESS,BANK,AI Voice
PAY000004778,A002168,2026-06-16 12:00:00,6358.11,SUCCESS,CARD,Field
PAY000004779,A000854,2026-06-15 15:00:00,11373.42,SUCCESS,CASH,Human
PAY000004780,A001944,2026-04-06 20:00:00,8651.27,SUCCESS,CASH,AI Voice
PAY000004781,A000638,2026-03-19 21:00:00,15934.06,SUCCESS,CASH,WhatsApp
PAY000004782,A004044,2026-04-03 10:00:00,9893.0,SUCCESS,CARD,WhatsApp
PAY000004783,A001940,2026-01-08 16:00:00,9911.48,FAILED,BANK,Self_Pay
PAY000004784,A001620,2026-07-12 15:00:00,10897.17,SUCCESS,CARD,WhatsApp
PAY000004785,A001651,2025-12-18 17:00:00,5443.6,SUCCESS,CARD,Self_Pay
PAY000004786,A002166,2026-06-19 17:00:00,10285.77,SUCCESS,CASH,AI Voice
PAY000004787,A003753,2025-12-22 13:00:00,6093.17,SUCCESS,CASH,Human
PAY000004788,A002929,2025-12-04 21:00:00,12549.7,SUCCESS,CARD,Self_Pay
PAY000004789,A003024,2026-02-12 18:00:00,12654.52,SUCCESS,CASH,Self_Pay
PAY000004790,A000312,2025-11-22 12:00:00,8039.39,FAILED,BANK,WhatsApp
PAY000004791,A001032,2026-02-25 12:00:00,11349.33,SUCCESS,BANK,AI Voice
PAY000004792,A002197,2026-04-05 10:00:00,5694.79,SUCCESS,UPI,Self_Pay
PAY000004793,A002411,2026-06-21 20:00:00,1461.19,SUCCESS,CASH,Human
PAY000004794,A002761,2026-04-15 15:00:00,14860.11,FAILED,CASH,Human
PAY000004795,A003208,2026-04-20 09:00:00,11492.4,SUCCESS,CARD,WhatsApp
PAY000004796,A000982,2026-06-21 14:00:00,7485.68,SUCCESS,CARD,AI Voice
PAY000004797,A004031,2026-03-15 21:00:00,7010.13,SUCCESS,CARD,Field
PAY000004798,A001752,2026-03-11 08:00:00,3789.62,SUCCESS,UPI,Field
PAY000004799,A001944,2025-10-13 11:00:00,12872.32,SUCCESS,CARD,Field
PAY000004800,A002832,2025-11-25 16:00:00,4078.35,SUCCESS,CARD,Self_Pay
PAY000004801,A002497,2026-03-07 15:00:00,3384.91,SUCCESS,BANK,Field
PAY000004802,A002899,2026-04-16 12:00:00,6840.4,SUCCESS,UPI,Field
PAY000004803,A000367,2025-11-07 10:00:00,2678.72,SUCCESS,CASH,AI Voice
PAY000004804,A004101,2026-07-04 19:00:00,7322.78,SUCCESS,CARD,Human
PAY000004805,A000112,2025-10-22 16:00:00,3529.65,SUCCESS,BANK,Self_Pay
PAY000004806,A002587,2026-05-26 11:00:00,2406.19,FAILED,BANK,WhatsApp
PAY000004807,A002153,2026-01-18 19:00:00,1190.26,FAILED,CASH,AI Voice
PAY000004808,A003484,2026-02-04 11:00:00,8771.0,SUCCESS,CARD,Human
PAY000004809,A000187,2026-04-20 10:00:00,13749.01,FAILED,CARD,Self_Pay
PAY000004810,A000874,2026-08-20 12:00:00,12417.01,SUCCESS,CARD,WhatsApp
PAY000004811,A001430,2026-06-12 16:00:00,14096.79,SUCCESS,CASH,Field
PAY000004812,A001896,2026-06-05 21:00:00,8136.48,SUCCESS,CASH,Field
PAY000004813,A002724,2026-06-04 14:00:00,1802.06,SUCCESS,CARD,AI Voice
PAY000004814,A004132,2025-09-10 12:00:00,7812.27,SUCCESS,CARD,Field
PAY000004815,A003321,2026-05-20 07:00:00,9598.31,SUCCESS,UPI,Field
PAY000004816,A002096,2026-04-17 18:00:00,8010.0,FAILED,CASH,WhatsApp
PAY000004817,A002189,2025-09-06 15:00:00,2298.82,SUCCESS,CARD,AI Voice
PAY000004818,A000652,2025-10-18 09:00:00,7863.03,SUCCESS,CASH,Human
PAY000004819,A003424,2026-06-03 13:00:00,5387.92,SUCCESS,CARD,Field
PAY000004820,A000363,2025-09-14 11:00:00,9573.13,SUCCESS,UPI,WhatsApp
PAY000004821,A001840,2026-02-18 21:00:00,13386.49,SUCCESS,CASH,AI Voice
PAY000004822,A003781,2026-04-10 12:00:00,4706.13,SUCCESS,BANK,AI Voice
PAY000004823,A002067,2025-12-14 20:00:00,5933.59,SUCCESS,BANK,WhatsApp
PAY000004824,A000819,2025-10-06 08:00:00,11211.43,SUCCESS,BANK,AI Voice
PAY000004825,A004050,2026-04-07 17:00:00,3150.61,FAILED,CASH,Field
PAY000004826,A002024,2025-11-12 11:00:00,11320.18,SUCCESS,UPI,WhatsApp
PAY000004827,A001187,2026-07-27 12:00:00,5977.0,SUCCESS,BANK,AI Voice
PAY000004828,A000597,2025-11-25 07:00:00,9498.27,SUCCESS,UPI,Human
PAY000004829,A003790,2026-04-07 18:00:00,4147.09,FAILED,CARD,Human
PAY000004830,A003469,2025-11-18 13:00:00,10758.31,SUCCESS,CARD,Human
PAY000004831,A001991,2026-04-17 17:00:00,14991.42,SUCCESS,UPI,Field
PAY000004832,A001562,2026-05-23 09:00:00,12760.12,FAILED,UPI,AI Voice
PAY000004833,A002191,2026-01-10 13:00:00,10914.08,SUCCESS,UPI,WhatsApp
PAY000004834,A000840,2026-08-03 19:00:00,12936.4,SUCCESS,BANK,Self_Pay
PAY000004835,A002320,2026-07-17 11:00:00,15648.11,SUCCESS,CASH,Human
PAY000004836,A003195,2025-10-27 15:00:00,15106.01,SUCCESS,BANK,Field
PAY000004837,A000009,2025-12-18 09:00:00,10745.23,SUCCESS,BANK,Field
PAY000004838,A001347,2026-05-22 08:00:00,10861.34,SUCCESS,CASH,AI Voice
PAY000004839,A003196,2026-05-14 17:00:00,7142.07,SUCCESS,CASH,Human
PAY000004840,A001709,2025-11-04 21:00:00,2389.29,FAILED,BANK,Field
PAY000004841,A003968,2026-03-15 07:00:00,6877.33,SUCCESS,CASH,Self_Pay
PAY000004842,A000218,2025-10-19 19:00:00,12991.4,SUCCESS,UPI,Field
PAY000004843,A003642,2026-06-17 11:00:00,13173.23,SUCCESS,CASH,Field
PAY000004844,A000578,2025-09-23 10:00:00,12355.93,FAILED,CARD,Human
PAY000004845,A002169,2026-01-14 09:00:00,11198.13,SUCCESS,CARD,Human
PAY000004846,A001714,2026-04-20 21:00:00,5171.59,SUCCESS,CARD,Field
PAY000004847,A002705,2026-06-27 19:00:00,2124.1,SUCCESS,CARD,WhatsApp
PAY000004848,A003608,2025-10-24 15:00:00,14440.75,SUCCESS,CASH,Field
PAY000004849,A000374,2026-04-08 12:00:00,8560.96,SUCCESS,BANK,Human
PAY000004850,A004017,2025-11-04 07:00:00,3466.22,SUCCESS,UPI,Human
PAY000004851,A001874,2026-03-13 16:00:00,7118.74,SUCCESS,CASH,Self_Pay
PAY000004852,A001128,2026-04-19 13:00:00,1803.59,SUCCESS,UPI,Field
PAY000004853,A001052,2025-09-23 09:00:00,5287.87,SUCCESS,CASH,Field
PAY000004854,A000160,2026-06-23 08:00:00,8541.07,SUCCESS,CARD,AI Voice
PAY000004855,A003939,2025-11-16 10:00:00,8304.17,FAILED,UPI,AI Voice
PAY000004856,A003464,2025-11-24 12:00:00,4754.98,FAILED,CARD,WhatsApp
PAY000004857,A002793,2025-12-12 14:00:00,1598.72,SUCCESS,BANK,Field
PAY000004858,A000456,2026-01-24 20:00:00,11150.18,SUCCESS,BANK,WhatsApp
PAY000004859,A000348,2026-01-07 08:00:00,9365.47,FAILED,UPI,Self_Pay
PAY000004860,A001647,2026-06-04 13:00:00,9513.66,FAILED,BANK,Human
PAY000004861,A002131,2026-04-18 11:00:00,7858.96,SUCCESS,CARD,Field
PAY000004862,A001177,2026-06-21 18:00:00,10200.87,SUCCESS,CARD,Human
PAY000004863,A003156,2026-06-10 18:00:00,7803.0,FAILED,BANK,WhatsApp
PAY000004864,A003606,2026-01-05 09:00:00,7849.93,FAILED,UPI,WhatsApp
PAY000004865,A003848,2025-12-09 12:00:00,7974.11,FAILED,UPI,Self_Pay
PAY000004866,A003372,2026-01-05 18:00:00,10581.97,SUCCESS,BANK,WhatsApp
PAY000004867,A002070,2025-09-13 15:00:00,15947.78,SUCCESS,CASH,Human
PAY000004868,A003118,2026-04-05 21:00:00,12024.24,SUCCESS,BANK,Field
PAY000004869,A003103,2026-01-12 09:00:00,5887.0,SUCCESS,BANK,Self_Pay
PAY000004870,A000519,2025-10-17 18:00:00,8414.86,SUCCESS,BANK,AI Voice
PAY000004871,A000975,2025-10-18 15:00:00,6375.64,SUCCESS,BANK,AI Voice
PAY000004872,A000186,2026-01-11 08:00:00,15439.2,FAILED,CASH,WhatsApp
PAY000004873,A000094,2025-10-08 13:00:00,12479.68,SUCCESS,UPI,AI Voice
PAY000004874,A002913,2026-02-19 20:00:00,10922.67,SUCCESS,CARD,WhatsApp
PAY000004875,A001645,2026-08-07 08:00:00,5226.6,SUCCESS,CARD,AI Voice
PAY000004876,A001313,2026-06-12 14:00:00,3561.84,SUCCESS,UPI,Field
PAY000004877,A001015,2026-02-25 18:00:00,9957.23,SUCCESS,UPI,AI Voice
PAY000004878,A001854,2026-03-09 10:00:00,3448.23,SUCCESS,BANK,Field
PAY000004879,A002757,2026-02-24 17:00:00,10916.93,SUCCESS,CASH,WhatsApp
PAY000004880,A001980,2026-05-25 14:00:00,3035.74,FAILED,CARD,Human
PAY000004881,A002784,2026-04-19 07:00:00,15794.26,SUCCESS,CARD,Human
PAY000004882,A002834,2026-06-12 08:00:00,15421.39,FAILED,CASH,AI Voice
PAY000004883,A002304,2026-07-15 15:00:00,1303.03,SUCCESS,CARD,Self_Pay
PAY000004884,A003139,2025-09-21 17:00:00,4475.07,FAILED,UPI,WhatsApp
PAY000004885,A003001,2026-02-23 10:00:00,15214.83,SUCCESS,CASH,WhatsApp
PAY000004886,A002536,2025-10-03 13:00:00,13926.24,SUCCESS,BANK,Field
PAY000004887,A001929,2025-09-18 18:00:00,4199.23,SUCCESS,CARD,AI Voice
PAY000004888,A002526,2026-08-13 08:00:00,10594.41,SUCCESS,CASH,Field
PAY000004889,A004137,2025-09-02 19:00:00,5074.0,SUCCESS,CARD,Field
PAY000004890,A000194,2026-01-19 10:00:00,2660.85,SUCCESS,CASH,WhatsApp
PAY000004891,A003785,2025-09-10 13:00:00,4666.52,SUCCESS,CARD,Human
PAY000004892,A000037,2026-05-02 19:00:00,12189.3,SUCCESS,CASH,AI Voice
PAY000004893,A003699,2025-09-24 20:00:00,13106.07,SUCCESS,CARD,Human
PAY000004894,A003497,2026-06-09 13:00:00,13331.34,SUCCESS,CARD,Self_Pay
PAY000004895,A000468,2026-01-27 16:00:00,6569.29,SUCCESS,CARD,WhatsApp
PAY000004896,A003249,2026-05-24 14:00:00,10280.07,SUCCESS,CARD,Self_Pay
PAY000004897,A000837,2026-06-19 16:00:00,7618.02,FAILED,CASH,AI Voice
PAY000004898,A000107,2025-11-13 15:00:00,5045.95,SUCCESS,BANK,WhatsApp
PAY000004899,A002636,2026-03-07 19:00:00,8153.19,SUCCESS,BANK,AI Voice
PAY000004900,A000018,2025-12-22 21:00:00,6283.0,SUCCESS,BANK,Self_Pay
PAY000004901,A003968,2025-11-07 09:00:00,2660.34,SUCCESS,UPI,AI Voice
PAY000004902,A000116,2025-09-11 20:00:00,12560.0,SUCCESS,CARD,WhatsApp
PAY000004903,A002192,2026-07-27 13:00:00,1183.59,FAILED,CASH,Self_Pay
PAY000004904,A003527,2026-01-26 11:00:00,5816.28,SUCCESS,UPI,Self_Pay
PAY000004905,A002157,2026-02-13 16:00:00,1489.0,SUCCESS,CARD,Human
PAY000004906,A000051,2025-11-01 18:00:00,10436.0,SUCCESS,UPI,Self_Pay
PAY000004907,A000549,2026-04-13 14:00:00,5334.7,SUCCESS,BANK,Field
PAY000004908,A001908,2026-06-20 17:00:00,4428.0,SUCCESS,BANK,Self_Pay
PAY000004909,A002393,2025-11-08 13:00:00,12944.26,SUCCESS,CARD,Field
PAY000004910,A003550,2025-09-21 07:00:00,6670.36,SUCCESS,UPI,WhatsApp
PAY000004911,A001845,2026-03-01 20:00:00,11035.15,SUCCESS,CARD,Human
PAY000004912,A002807,2026-06-19 12:00:00,12708.8,SUCCESS,CARD,Field
PAY000004913,A001894,2026-02-03 19:00:00,7091.82,FAILED,CARD,WhatsApp
PAY000004914,A001900,2025-12-02 10:00:00,15695.66,FAILED,UPI,Human
PAY000004915,A002807,2026-02-25 09:00:00,6753.67,SUCCESS,UPI,AI Voice
PAY000004916,A003363,2026-07-14 08:00:00,2184.42,FAILED,UPI,AI Voice
PAY000004917,A001804,2026-03-20 09:00:00,14602.47,SUCCESS,UPI,Field
PAY000004918,A000854,2025-11-19 19:00:00,13143.03,SUCCESS,BANK,Field
PAY000004919,A002675,2026-05-08 18:00:00,11092.66,SUCCESS,BANK,Self_Pay
PAY000004920,A004128,2026-02-02 07:00:00,5640.53,SUCCESS,BANK,Self_Pay
PAY000004921,A003829,2026-02-25 20:00:00,7209.86,SUCCESS,UPI,AI Voice
PAY000004922,A003807,2025-09-09 11:00:00,7958.85,SUCCESS,CASH,Human
PAY000004923,A002989,2026-01-11 20:00:00,13244.2,FAILED,UPI,Human
PAY000004924,A002156,2025-11-09 14:00:00,2064.98,SUCCESS,CASH,Field
PAY000004925,A001388,2026-07-02 18:00:00,2248.1,FAILED,BANK,Self_Pay
PAY000004926,A000341,2026-08-10 14:00:00,13608.39,SUCCESS,UPI,WhatsApp
PAY000004927,A003572,2026-06-21 09:00:00,10193.49,SUCCESS,CASH,WhatsApp
PAY000004928,A000510,2026-02-11 21:00:00,9897.0,SUCCESS,CASH,Self_Pay
PAY000004929,A000627,2026-02-04 18:00:00,12256.39,SUCCESS,CARD,Human
PAY000004930,A002588,2026-01-13 12:00:00,5219.46,SUCCESS,CARD,Self_Pay
PAY000004931,A000654,2025-10-17 15:00:00,5637.07,SUCCESS,CARD,Field
PAY000004932,A001116,2026-03-25 12:00:00,1537.46,SUCCESS,CASH,Field
PAY000004933,A001569,2026-06-25 12:00:00,2106.36,SUCCESS,BANK,Self_Pay
PAY000004934,A001725,2026-08-10 07:00:00,2128.68,SUCCESS,BANK,Human
PAY000004935,A001000,2026-06-07 14:00:00,5319.0,FAILED,CARD,AI Voice
PAY000004936,A003911,2026-05-18 21:00:00,2334.84,SUCCESS,CASH,WhatsApp
PAY000004937,A003721,2026-05-10 10:00:00,11748.96,SUCCESS,UPI,WhatsApp
PAY000004938,A003627,2026-02-21 14:00:00,13064.0,SUCCESS,UPI,Field
PAY000004939,A004017,2025-11-06 10:00:00,15481.31,SUCCESS,CASH,AI Voice
PAY000004940,A004092,2025-10-09 12:00:00,8380.89,SUCCESS,BANK,AI Voice
PAY000004941,A003337,2025-09-12 07:00:00,6680.0,SUCCESS,CASH,Field
PAY000004942,A002738,2026-07-26 17:00:00,4209.21,SUCCESS,CASH,Self_Pay
PAY000004943,A003271,2026-05-01 19:00:00,9685.0,SUCCESS,UPI,Human
PAY000004944,A003782,2026-04-10 18:00:00,3532.54,FAILED,CARD,Self_Pay
PAY000004945,A003752,2026-07-26 19:00:00,10849.56,SUCCESS,CARD,WhatsApp
PAY000004946,A003281,2026-03-20 10:00:00,15466.32,SUCCESS,CARD,Human
PAY000004947,A001748,2026-07-09 21:00:00,5255.38,SUCCESS,BANK,Self_Pay
PAY000004948,A001464,2026-02-20 20:00:00,4988.42,SUCCESS,CASH,Field
PAY000004949,A003045,2025-09-04 09:00:00,15360.39,SUCCESS,BANK,Self_Pay
PAY000004950,A002316,2026-08-05 14:00:00,8121.28,SUCCESS,CARD,Self_Pay
PAY000004951,A000675,2026-08-02 07:00:00,12298.52,SUCCESS,UPI,AI Voice
PAY000004952,A000283,2026-02-21 18:00:00,6620.82,SUCCESS,BANK,Field
PAY000004953,A001983,2026-05-25 21:00:00,2313.34,SUCCESS,UPI,Self_Pay
PAY000004954,A000325,2026-03-19 15:00:00,1970.03,SUCCESS,CARD,AI Voice
PAY000004955,A003388,2026-01-21 18:00:00,2271.65,SUCCESS,CASH,Field
PAY000004956,A001074,2025-11-27 12:00:00,5974.25,SUCCESS,UPI,WhatsApp
PAY000004957,A000347,2025-10-16 20:00:00,9728.88,FAILED,CASH,Human
PAY000004958,A003153,2025-11-05 19:00:00,8243.0,SUCCESS,CASH,AI Voice
PAY000004959,A003865,2025-09-11 12:00:00,13603.27,SUCCESS,CARD,Human
PAY000004960,A002520,2026-06-23 15:00:00,11730.37,FAILED,CARD,Self_Pay
PAY000004961,A000377,2026-04-18 19:00:00,15474.78,FAILED,CARD,WhatsApp
PAY000004962,A001159,2025-10-14 09:00:00,15901.94,SUCCESS,BANK,AI Voice
PAY000004963,A002415,2026-03-24 09:00:00,12846.49,SUCCESS,UPI,Field
PAY000004964,A001389,2026-03-21 13:00:00,11372.0,SUCCESS,CASH,AI Voice
PAY000004965,A000001,2026-07-15 21:00:00,6522.75,SUCCESS,CASH,Field
PAY000004966,A000870,2026-01-03 15:00:00,6903.04,SUCCESS,BANK,Human
PAY000004967,A001261,2026-05-18 10:00:00,3949.0,SUCCESS,CARD,Human
PAY000004968,A004040,2025-09-15 18:00:00,2861.67,FAILED,BANK,AI Voice
PAY000004969,A002253,2026-02-10 08:00:00,7300.36,SUCCESS,CASH,AI Voice
PAY000004970,A003516,2026-02-19 19:00:00,6796.4,SUCCESS,BANK,Field
PAY000004971,A002727,2026-05-04 15:00:00,3881.65,SUCCESS,CASH,Self_Pay
PAY000004972,A002381,2026-02-10 10:00:00,5797.29,SUCCESS,BANK,Human
PAY000004973,A003521,2026-07-13 19:00:00,12744.92,SUCCESS,CASH,WhatsApp
PAY000004974,A003502,2025-12-18 10:00:00,7392.07,FAILED,CASH,Human
PAY000004975,A001842,2026-06-27 15:00:00,9700.1,FAILED,CASH,Self_Pay
PAY000004976,A000304,2026-01-12 12:00:00,5828.84,SUCCESS,UPI,Human
PAY000004977,A003756,2026-03-27 15:00:00,2104.15,FAILED,UPI,Field
PAY000004978,A002078,2026-07-02 19:00:00,12193.61,FAILED,BANK,Field
PAY000004979,A002020,2026-01-01 17:00:00,2304.14,SUCCESS,BANK,Field
PAY000004980,A004145,2025-10-24 12:00:00,9677.09,SUCCESS,CASH,Self_Pay
PAY000004981,A003344,2026-05-19 08:00:00,7272.55,SUCCESS,UPI,Self_Pay
PAY000004982,A002391,2026-03-03 12:00:00,9267.0,FAILED,BANK,Self_Pay
PAY000004983,A002924,2025-11-21 09:00:00,12924.6,SUCCESS,UPI,Self_Pay
PAY000004984,A003927,2026-08-06 19:00:00,5943.47,FAILED,CARD,WhatsApp
PAY000004985,A001819,2025-11-04 11:00:00,6801.67,SUCCESS,BANK,Field
PAY000004986,A000874,2026-01-18 13:00:00,7366.92,SUCCESS,UPI,Self_Pay
PAY000004987,A000391,2025-09-23 11:00:00,6925.93,SUCCESS,CASH,Human
PAY000004988,A003907,2025-10-13 15:00:00,6402.91,SUCCESS,UPI,Self_Pay
PAY000004989,A000194,2025-10-02 09:00:00,9863.36,SUCCESS,BANK,AI Voice
PAY000004990,A000122,2026-08-08 09:00:00,3275.76,FAILED,CASH,WhatsApp
PAY000004991,A003178,2026-01-11 18:00:00,5514.65,FAILED,BANK,Self_Pay
PAY000004992,A002395,2026-02-08 15:00:00,8523.54,SUCCESS,CASH,Self_Pay
PAY000004993,A003206,2026-04-24 16:00:00,13424.16,SUCCESS,BANK,Human
PAY000004994,A001376,2026-04-18 09:00:00,7091.66,SUCCESS,CARD,Human
PAY000004995,A001592,2025-10-03 19:00:00,9644.81,SUCCESS,UPI,WhatsApp
PAY000004996,A002537,2026-02-15 13:00:00,10483.57,SUCCESS,CARD,Self_Pay
PAY000004997,A003422,2025-11-22 11:00:00,11881.64,SUCCESS,BANK,WhatsApp
PAY000004998,A002408,2025-11-11 13:00:00,8648.96,SUCCESS,CASH,Field
PAY000004999,A001710,2026-01-23 13:00:00,6592.86,SUCCESS,CASH,WhatsApp
PAY000005000,A001339,2025-11-07 15:00:00,12572.11,SUCCESS,CASH,Human
PAY000005001,A003411,2025-11-19 18:00:00,14725.57,SUCCESS,BANK,WhatsApp
PAY000005002,A003720,2026-06-11 10:00:00,2150.91,SUCCESS,UPI,Human
PAY000005003,A003384,2026-01-26 19:00:00,8626.0,SUCCESS,UPI,WhatsApp
PAY000005004,A000198,2026-02-25 17:00:00,5529.0,SUCCESS,BANK,WhatsApp
PAY000005005,A000512,2025-09-17 12:00:00,4730.63,SUCCESS,UPI,Human
PAY000005006,A001834,2026-06-15 16:00:00,5411.78,SUCCESS,BANK,Human
PAY000005007,A000935,2026-08-17 08:00:00,6450.04,SUCCESS,UPI,Field
PAY000005008,A003654,2026-01-09 09:00:00,2937.48,FAILED,CARD,Human
PAY000005009,A001530,2026-08-14 17:00:00,15462.82,SUCCESS,CARD,Self_Pay
PAY000005010,A002694,2025-10-15 12:00:00,12419.07,SUCCESS,BANK,Self_Pay
PAY000005011,A003456,2026-02-13 09:00:00,14839.6,FAILED,CARD,Field
PAY000005012,A004006,2025-12-11 17:00:00,13156.71,SUCCESS,UPI,Field
PAY000005013,A000745,2026-02-15 21:00:00,5056.63,SUCCESS,CASH,Field
PAY000005014,A001750,2026-02-05 14:00:00,13623.33,SUCCESS,BANK,WhatsApp
PAY000005015,A003443,2026-02-02 18:00:00,13986.0,FAILED,CASH,Self_Pay
PAY000005016,A001458,2026-01-04 12:00:00,13703.43,SUCCESS,UPI,Human
PAY000005017,A003310,2026-08-24 18:00:00,2485.35,SUCCESS,BANK,Self_Pay
PAY000005018,A002950,2025-09-12 14:00:00,11669.52,FAILED,CARD,Human
PAY000005019,A001443,2025-12-17 18:00:00,2289.8,SUCCESS,CASH,Self_Pay
PAY000005020,A000233,2025-11-03 19:00:00,12142.08,SUCCESS,CARD,Field
PAY000005021,A002135,2025-11-22 15:00:00,8465.0,SUCCESS,CASH,AI Voice
PAY000005022,A002222,2026-05-27 19:00:00,10255.29,SUCCESS,BANK,Self_Pay
PAY000005023,A004004,2025-12-10 20:00:00,5609.29,SUCCESS,CASH,Field
PAY000005024,A002636,2026-06-09 16:00:00,7545.62,SUCCESS,BANK,AI Voice
PAY000005025,A001981,2026-05-08 08:00:00,6094.67,FAILED,CARD,WhatsApp
PAY000005026,A003452,2025-09-26 13:00:00,3434.53,SUCCESS,BANK,AI Voice
PAY000005027,A001855,2026-07-07 10:00:00,9248.89,SUCCESS,CASH,Field
PAY000005028,A004127,2026-07-18 13:00:00,9412.2,SUCCESS,UPI,Self_Pay
PAY000005029,A000244,2025-09-17 12:00:00,6390.5,SUCCESS,UPI,WhatsApp
PAY000005030,A001918,2026-06-21 16:00:00,15296.19,SUCCESS,UPI,Self_Pay
PAY000005031,A003848,2025-09-14 08:00:00,10141.44,SUCCESS,CARD,WhatsApp
PAY000005032,A000272,2026-02-18 07:00:00,2314.13,FAILED,UPI,Self_Pay
PAY000005033,A000016,2025-12-06 19:00:00,8878.49,SUCCESS,BANK,Field
PAY000005034,A002115,2026-07-11 11:00:00,1877.22,SUCCESS,CASH,Human
PAY000005035,A002066,2025-12-06 17:00:00,11570.86,FAILED,CASH,AI Voice
PAY000005036,A000314,2026-07-01 09:00:00,9636.73,SUCCESS,UPI,Human
PAY000005037,A001992,2026-08-24 17:00:00,3526.32,FAILED,CARD,AI Voice
PAY000005038,A001294,2025-12-01 16:00:00,12282.78,FAILED,CASH,WhatsApp
PAY000005039,A003310,2026-05-23 08:00:00,10425.18,SUCCESS,BANK,WhatsApp
PAY000005040,A002023,2026-03-17 07:00:00,11148.58,SUCCESS,CASH,Self_Pay
PAY000005041,A003253,2026-06-22 12:00:00,13819.79,FAILED,UPI,WhatsApp
PAY000005042,A000475,2026-01-26 15:00:00,11021.09,SUCCESS,UPI,Self_Pay
PAY000005043,A002838,2025-10-10 10:00:00,14584.94,SUCCESS,CASH,WhatsApp
PAY000005044,A000948,2026-01-27 12:00:00,10942.48,FAILED,CARD,Field
PAY000005045,A002164,2025-10-03 18:00:00,2895.32,FAILED,UPI,Field
PAY000005046,A001100,2025-09-20 10:00:00,4752.08,FAILED,CARD,WhatsApp
PAY000005047,A003814,2026-08-25 09:00:00,8855.06,SUCCESS,CARD,WhatsApp
PAY000005048,A001515,2025-09-06 16:00:00,3216.84,SUCCESS,CARD,AI Voice
PAY000005049,A003973,2026-06-13 14:00:00,12584.46,SUCCESS,BANK,AI Voice
PAY000005050,A003109,2026-03-22 11:00:00,15494.04,FAILED,BANK,Field
PAY000005051,A001784,2026-05-02 17:00:00,1701.0,SUCCESS,CARD,WhatsApp
PAY000005052,A000489,2025-12-01 08:00:00,5831.73,FAILED,CARD,Human
PAY000005053,A004032,2025-09-18 10:00:00,6905.0,SUCCESS,CASH,Field
PAY000005054,A003071,2026-01-11 09:00:00,9435.45,SUCCESS,UPI,AI Voice
PAY000005055,A001085,2025-11-02 14:00:00,11463.54,SUCCESS,BANK,Self_Pay
PAY000005056,A003815,2026-04-12 13:00:00,12105.04,SUCCESS,BANK,Field
PAY000005057,A000634,2026-04-15 18:00:00,8996.29,SUCCESS,CASH,WhatsApp
PAY000005058,A004085,2026-01-03 21:00:00,14874.27,FAILED,UPI,AI Voice
PAY000005059,A003600,2025-11-14 11:00:00,6473.95,SUCCESS,BANK,Self_Pay
PAY000005060,A000712,2026-04-27 17:00:00,3515.29,FAILED,CASH,AI Voice
PAY000005061,A001729,2025-09-15 15:00:00,8165.77,FAILED,UPI,Field
PAY000005062,A003570,2026-05-25 16:00:00,9242.62,SUCCESS,CARD,AI Voice
PAY000005063,A000815,2026-06-14 10:00:00,7294.0,SUCCESS,UPI,AI Voice
PAY000005064,A002783,2025-12-23 19:00:00,7945.96,SUCCESS,BANK,WhatsApp
PAY000005065,A001938,2026-02-14 14:00:00,10253.56,SUCCESS,BANK,WhatsApp
PAY000005066,A003284,2026-02-20 12:00:00,6093.84,SUCCESS,CARD,Human
PAY000005067,A003942,2025-12-02 15:00:00,4449.88,FAILED,CASH,AI Voice
PAY000005068,A002385,2025-10-14 07:00:00,4411.44,SUCCESS,BANK,AI Voice
PAY000005069,A000914,2026-02-11 13:00:00,4038.76,SUCCESS,UPI,Human
PAY000005070,A000128,2026-04-25 18:00:00,7379.23,SUCCESS,UPI,WhatsApp
PAY000005071,A002787,2026-06-10 09:00:00,3071.61,SUCCESS,CARD,Field
PAY000005072,A002223,2026-07-07 19:00:00,2069.01,SUCCESS,CASH,WhatsApp
PAY000005073,A002920,2025-11-01 11:00:00,9693.8,FAILED,CASH,Field
PAY000005074,A003116,2026-03-12 20:00:00,1865.89,FAILED,UPI,WhatsApp
PAY000005075,A003794,2026-06-18 21:00:00,9110.51,FAILED,BANK,WhatsApp
PAY000005076,A004159,2026-07-08 09:00:00,10168.36,FAILED,UPI,Field
PAY000005077,A000927,2025-12-21 09:00:00,10654.54,SUCCESS,CASH,AI Voice
PAY000005078,A000532,2026-05-04 18:00:00,14533.68,SUCCESS,CASH,Self_Pay
PAY000005079,A002605,2026-08-03 12:00:00,2521.71,SUCCESS,CASH,Human
PAY000005080,A003393,2026-02-13 18:00:00,3542.3,SUCCESS,CARD,AI Voice
PAY000005081,A003779,2026-05-21 09:00:00,14632.88,SUCCESS,CARD,Self_Pay
PAY000005082,A000188,2026-07-04 11:00:00,8748.13,SUCCESS,UPI,Field
PAY000005083,A003195,2026-04-12 13:00:00,11705.89,FAILED,BANK,Self_Pay
PAY000005084,A003462,2026-02-15 17:00:00,14515.0,FAILED,CASH,AI Voice
PAY000005085,A004037,2026-08-07 18:00:00,13202.84,FAILED,CARD,Human
PAY000005086,A003055,2026-06-27 11:00:00,5365.66,FAILED,CARD,Field
PAY000005087,A003110,2025-11-20 08:00:00,6274.64,FAILED,BANK,Field
PAY000005088,A004056,2026-04-01 10:00:00,4272.22,SUCCESS,CARD,Self_Pay
PAY000005089,A002648,2025-09-04 17:00:00,11658.22,SUCCESS,BANK,Human
PAY000005090,A002119,2026-02-10 19:00:00,8771.22,SUCCESS,CASH,Field
PAY000005091,A003419,2026-01-20 21:00:00,2176.9,SUCCESS,CASH,WhatsApp
PAY000005092,A002389,2026-06-23 09:00:00,2580.17,SUCCESS,CARD,Self_Pay
PAY000005093,A003625,2026-04-23 07:00:00,12066.39,SUCCESS,CASH,Self_Pay
PAY000005094,A001712,2026-07-22 19:00:00,4970.81,FAILED,CASH,Field
PAY000005095,A002353,2025-09-22 21:00:00,10639.15,FAILED,CASH,WhatsApp
PAY000005096,A001342,2026-04-12 20:00:00,3660.38,SUCCESS,CASH,WhatsApp
PAY000005097,A001771,2026-03-26 17:00:00,9407.0,FAILED,CASH,Human
PAY000005098,A000401,2026-03-06 13:00:00,9910.12,SUCCESS,CARD,Human
PAY000005099,A002281,2026-02-10 14:00:00,7143.45,SUCCESS,CASH,Human
PAY000005100,A002464,2026-03-24 09:00:00,12490.74,SUCCESS,BANK,AI Voice
PAY000005101,A001834,2025-09-02 12:00:00,8561.7,FAILED,UPI,WhatsApp
PAY000005102,A001231,2025-09-01 14:00:00,9144.5,FAILED,CARD,Self_Pay
PAY000005103,A000440,2026-05-25 13:00:00,10579.29,SUCCESS,BANK,Human
PAY000005104,A000335,2026-07-05 18:00:00,4740.64,SUCCESS,CASH,AI Voice
PAY000005105,A003338,2026-07-15 18:00:00,14314.19,FAILED,BANK,Human
PAY000005106,A003557,2025-12-08 10:00:00,12368.35,SUCCESS,CASH,WhatsApp
PAY000005107,A001670,2026-03-05 17:00:00,1388.78,SUCCESS,BANK,Self_Pay
PAY000005108,A003449,2026-04-12 19:00:00,10700.16,FAILED,CASH,WhatsApp
PAY000005109,A003861,2026-03-17 16:00:00,12578.25,SUCCESS,UPI,AI Voice
PAY000005110,A002613,2026-02-14 18:00:00,1734.11,FAILED,UPI,AI Voice
PAY000005111,A001412,2026-01-08 10:00:00,9881.0,SUCCESS,CARD,Human
PAY000005112,A001446,2026-06-22 11:00:00,3109.46,SUCCESS,BANK,AI Voice
PAY000005113,A001317,2025-11-15 08:00:00,9044.46,SUCCESS,UPI,Self_Pay
PAY000005114,A003206,2025-09-27 21:00:00,6197.97,FAILED,CARD,Field
PAY000005115,A002616,2025-12-08 17:00:00,13372.06,SUCCESS,CASH,Human
PAY000005116,A002303,2025-11-09 20:00:00,13551.35,SUCCESS,UPI,Self_Pay
PAY000005117,A001555,2026-07-26 15:00:00,3664.81,SUCCESS,BANK,Self_Pay
PAY000005118,A002673,2025-10-01 08:00:00,7406.0,SUCCESS,CARD,AI Voice
PAY000005119,A001560,2026-08-08 14:00:00,10725.11,SUCCESS,BANK,Human
PAY000005120,A001332,2025-09-18 10:00:00,6387.33,FAILED,UPI,AI Voice
PAY000005121,A001617,2026-02-14 08:00:00,2073.09,SUCCESS,BANK,AI Voice
PAY000005122,A003084,2025-10-04 07:00:00,10739.92,SUCCESS,CARD,Field
PAY000005123,A001666,2026-01-14 20:00:00,14927.57,SUCCESS,BANK,Self_Pay
PAY000005124,A003577,2026-07-16 16:00:00,8140.21,FAILED,CARD,Human
PAY000005125,A004112,2026-08-16 17:00:00,3842.32,SUCCESS,BANK,Human
PAY000005126,A003457,2025-12-20 09:00:00,5513.8,SUCCESS,UPI,Human
PAY000005127,A001063,2025-12-06 15:00:00,3540.06,SUCCESS,BANK,Human
PAY000005128,A000611,2026-02-02 10:00:00,11149.0,SUCCESS,CASH,Field
PAY000005129,A002678,2026-06-03 07:00:00,4585.77,SUCCESS,CASH,Field
PAY000005130,A003049,2026-05-05 18:00:00,3626.07,SUCCESS,UPI,Human
PAY000005131,A001387,2026-08-11 07:00:00,13457.0,FAILED,UPI,Field
PAY000005132,A001839,2026-04-09 10:00:00,2755.77,SUCCESS,CASH,Field
PAY000005133,A002864,2026-02-05 10:00:00,11800.58,SUCCESS,UPI,Human
PAY000005134,A002955,2026-06-06 15:00:00,7366.57,SUCCESS,CARD,Self_Pay
PAY000005135,A003451,2025-09-25 12:00:00,1928.91,SUCCESS,CASH,WhatsApp
PAY000005136,A000854,2026-03-26 07:00:00,11339.54,SUCCESS,CASH,AI Voice
PAY000005137,A002235,2026-07-20 21:00:00,12451.91,SUCCESS,CARD,Self_Pay
PAY000005138,A000390,2025-10-26 11:00:00,9342.29,FAILED,CASH,Human
PAY000005139,A000515,2025-10-05 09:00:00,6435.25,SUCCESS,UPI,Self_Pay
PAY000005140,A002960,2026-03-12 18:00:00,9531.92,SUCCESS,CARD,Human
PAY000005141,A000969,2026-06-27 14:00:00,9494.0,SUCCESS,UPI,AI Voice
PAY000005142,A002625,2026-04-04 20:00:00,3318.14,FAILED,UPI,Field
PAY000005143,A001238,2025-12-25 10:00:00,12622.28,SUCCESS,CASH,Human
PAY000005144,A002638,2025-09-20 17:00:00,5935.59,SUCCESS,CASH,Self_Pay
PAY000005145,A002017,2026-08-10 16:00:00,9642.8,SUCCESS,CASH,Self_Pay
PAY000005146,A003627,2025-10-10 21:00:00,6153.22,FAILED,BANK,Field
PAY000005147,A003933,2026-07-18 12:00:00,2628.82,SUCCESS,CASH,AI Voice
PAY000005148,A000545,2026-08-09 13:00:00,7425.26,SUCCESS,CASH,Self_Pay
PAY000005149,A000822,2025-12-05 09:00:00,7232.46,SUCCESS,CARD,Self_Pay
PAY000005150,A001702,2026-06-09 16:00:00,4944.49,SUCCESS,CARD,Human
PAY000005151,A002703,2026-08-08 17:00:00,11735.06,SUCCESS,UPI,AI Voice
PAY000005152,A003756,2026-07-08 10:00:00,7187.28,SUCCESS,CASH,Field
PAY000005153,A000717,2025-09-27 12:00:00,6412.0,SUCCESS,UPI,AI Voice
PAY000005154,A001410,2026-01-09 12:00:00,6750.02,SUCCESS,UPI,WhatsApp
PAY000005155,A000830,2026-08-09 08:00:00,9693.53,SUCCESS,BANK,AI Voice
PAY000005156,A002193,2025-11-18 09:00:00,6471.99,SUCCESS,CASH,Field
PAY000005157,A003167,2026-04-27 20:00:00,3480.78,SUCCESS,UPI,Field
PAY000005158,A003139,2025-12-05 14:00:00,5323.27,SUCCESS,BANK,WhatsApp
PAY000005159,A000717,2026-06-16 07:00:00,6412.0,SUCCESS,CARD,AI Voice
PAY000005160,A003725,2025-12-19 09:00:00,7570.21,FAILED,CARD,Self_Pay
PAY000005161,A001834,2026-04-27 21:00:00,3642.29,SUCCESS,CARD,WhatsApp
PAY000005162,A004189,2026-08-20 12:00:00,11362.96,SUCCESS,BANK,Human
PAY000005163,A003391,2026-06-22 11:00:00,13893.43,SUCCESS,BANK,Human
PAY000005164,A002661,2026-06-22 15:00:00,1785.23,FAILED,BANK,Self_Pay
PAY000005165,A003144,2025-10-24 18:00:00,3695.34,SUCCESS,BANK,Human
PAY000005166,A000613,2026-05-03 15:00:00,7367.21,SUCCESS,UPI,AI Voice
PAY000005167,A003683,2025-11-03 15:00:00,1916.17,SUCCESS,BANK,Human
PAY000005168,A000543,2025-09-12 13:00:00,9269.51,FAILED,BANK,WhatsApp
PAY000005169,A000619,2026-03-13 13:00:00,4016.93,SUCCESS,CASH,AI Voice
PAY000005170,A002841,2026-07-25 12:00:00,6990.85,SUCCESS,CASH,Self_Pay
PAY000005171,A002733,2026-08-22 12:00:00,7248.0,SUCCESS,CASH,Human
PAY000005172,A003751,2025-10-02 18:00:00,10470.0,SUCCESS,CASH,Human
PAY000005173,A003074,2026-04-18 21:00:00,10442.16,SUCCESS,UPI,Human
PAY000005174,A000147,2026-07-23 18:00:00,9321.78,SUCCESS,BANK,Field
PAY000005175,A003761,2026-05-12 11:00:00,10612.44,SUCCESS,BANK,Field
PAY000005176,A003453,2025-10-18 19:00:00,11653.68,SUCCESS,CARD,Human
PAY000005177,A000084,2026-04-23 14:00:00,8917.91,FAILED,UPI,Field
PAY000005178,A000725,2025-09-26 12:00:00,10284.58,SUCCESS,BANK,Field
PAY000005179,A003062,2026-08-20 12:00:00,13801.42,SUCCESS,CASH,Human
PAY000005180,A002522,2026-03-24 11:00:00,12296.7,SUCCESS,CARD,Self_Pay
PAY000005181,A003119,2026-01-15 12:00:00,3350.55,SUCCESS,BANK,Human
PAY000005182,A001300,2026-03-03 09:00:00,5830.63,FAILED,BANK,Field
PAY000005183,A001672,2026-05-13 10:00:00,9662.99,SUCCESS,CASH,Field
PAY000005184,A000636,2025-09-13 14:00:00,8430.0,SUCCESS,CARD,Self_Pay
PAY000005185,A000567,2025-12-08 08:00:00,13987.28,SUCCESS,UPI,Self_Pay
PAY000005186,A003274,2025-10-22 19:00:00,11789.59,SUCCESS,UPI,Self_Pay
PAY000005187,A000397,2026-03-11 08:00:00,8202.05,SUCCESS,CASH,Self_Pay
PAY000005188,A003801,2026-07-15 20:00:00,2613.31,FAILED,UPI,Self_Pay
PAY000005189,A000696,2026-07-12 17:00:00,10890.0,FAILED,CASH,AI Voice
PAY000005190,A003540,2026-02-27 07:00:00,2969.46,SUCCESS,BANK,Human
PAY000005191,A002706,2026-05-18 20:00:00,6048.09,SUCCESS,UPI,Self_Pay
PAY000005192,A003987,2026-04-12 16:00:00,2116.41,SUCCESS,UPI,AI Voice
PAY000005193,A000343,2026-06-21 15:00:00,1783.98,FAILED,CARD,Self_Pay
PAY000005194,A003073,2025-11-21 08:00:00,6932.0,SUCCESS,BANK,WhatsApp
PAY000005195,A001768,2025-11-13 13:00:00,4140.07,SUCCESS,BANK,WhatsApp
PAY000005196,A000245,2025-09-26 18:00:00,14970.47,SUCCESS,UPI,AI Voice
PAY000005197,A001436,2026-08-19 16:00:00,2516.76,SUCCESS,UPI,Self_Pay
PAY000005198,A002078,2026-02-26 12:00:00,1348.4,SUCCESS,CASH,Self_Pay
PAY000005199,A003849,2025-09-16 11:00:00,8535.0,SUCCESS,CARD,WhatsApp
PAY000005200,A001564,2026-04-14 11:00:00,13610.22,SUCCESS,BANK,AI Voice
PAY000005201,A002535,2026-07-17 16:00:00,15621.86,SUCCESS,BANK,WhatsApp
PAY000005202,A000673,2026-01-04 20:00:00,14843.62,SUCCESS,CARD,Self_Pay
PAY000005203,A002509,2026-04-04 14:00:00,7579.23,FAILED,UPI,Self_Pay
PAY000005204,A001592,2026-08-07 16:00:00,12628.43,SUCCESS,BANK,WhatsApp
PAY000005205,A000175,2025-11-10 19:00:00,10988.87,FAILED,UPI,Field
PAY000005206,A002934,2025-09-24 09:00:00,6831.11,SUCCESS,CASH,Self_Pay
PAY000005207,A000407,2026-01-24 20:00:00,11714.61,SUCCESS,UPI,Self_Pay
PAY000005208,A002099,2026-07-21 14:00:00,11227.22,SUCCESS,CASH,Human
PAY000005209,A003697,2025-10-23 18:00:00,5004.65,SUCCESS,CASH,AI Voice
PAY000005210,A003128,2025-12-14 15:00:00,13757.98,SUCCESS,CARD,Human
PAY000005211,A001420,2026-01-24 14:00:00,6425.84,SUCCESS,CARD,Human
PAY000005212,A002522,2026-05-01 14:00:00,2539.83,SUCCESS,UPI,Self_Pay
PAY000005213,A004116,2026-02-17 14:00:00,6312.76,SUCCESS,UPI,Human
PAY000005214,A002144,2025-10-19 08:00:00,15862.46,FAILED,CASH,WhatsApp
PAY000005215,A002499,2026-01-21 20:00:00,13040.68,SUCCESS,CARD,Self_Pay
PAY000005216,A002266,2026-02-01 17:00:00,1066.51,FAILED,BANK,Self_Pay
PAY000005217,A004169,2025-12-03 19:00:00,11438.24,FAILED,CASH,WhatsApp
PAY000005218,A003828,2026-04-26 13:00:00,3998.12,SUCCESS,CASH,AI Voice
PAY000005219,A001167,2026-06-18 10:00:00,6316.0,SUCCESS,UPI,AI Voice
PAY000005220,A000443,2026-08-14 14:00:00,12867.34,SUCCESS,UPI,WhatsApp
PAY000005221,A000006,2025-12-05 18:00:00,2748.49,SUCCESS,CARD,WhatsApp
PAY000005222,A004188,2025-10-24 12:00:00,14016.47,SUCCESS,CARD,Human
PAY000005223,A001912,2026-08-15 12:00:00,9575.71,SUCCESS,CASH,Self_Pay
PAY000005224,A000973,2025-09-22 10:00:00,1868.68,FAILED,CASH,Human
PAY000005225,A002639,2026-05-27 18:00:00,6654.19,SUCCESS,CASH,AI Voice
PAY000005226,A001575,2026-03-25 10:00:00,8022.0,SUCCESS,BANK,Self_Pay
PAY000005227,A000012,2026-05-14 16:00:00,9042.59,FAILED,BANK,WhatsApp
PAY000005228,A003413,2025-09-07 15:00:00,9143.0,SUCCESS,BANK,AI Voice
PAY000005229,A000171,2026-02-22 21:00:00,15128.47,SUCCESS,BANK,Self_Pay
PAY000005230,A001633,2026-05-23 21:00:00,1783.39,SUCCESS,BANK,AI Voice
PAY000005231,A002495,2026-03-10 12:00:00,9391.0,SUCCESS,BANK,Field
PAY000005232,A001637,2026-04-19 12:00:00,12997.64,FAILED,CARD,WhatsApp
PAY000005233,A003579,2025-11-03 12:00:00,6188.63,SUCCESS,BANK,AI Voice
PAY000005234,A003990,2025-09-01 10:00:00,4815.62,SUCCESS,CARD,Field
PAY000005235,A000720,2026-02-19 20:00:00,8542.56,FAILED,CASH,Self_Pay
PAY000005236,A002718,2026-04-05 20:00:00,14276.51,SUCCESS,BANK,AI Voice
PAY000005237,A003296,2025-12-19 15:00:00,5257.84,FAILED,CASH,Human
PAY000005238,A001260,2026-06-10 12:00:00,7066.99,SUCCESS,BANK,WhatsApp
PAY000005239,A003125,2026-06-14 16:00:00,9086.46,FAILED,CARD,Human
PAY000005240,A000177,2025-10-16 19:00:00,11524.74,SUCCESS,UPI,AI Voice
PAY000005241,A003835,2026-05-12 14:00:00,5989.49,FAILED,CARD,Self_Pay
PAY000005242,A002523,2026-02-02 13:00:00,8294.81,SUCCESS,CASH,WhatsApp
PAY000005243,A004010,2026-01-24 20:00:00,10252.36,SUCCESS,BANK,Field
PAY000005244,A003868,2025-10-03 18:00:00,8793.55,SUCCESS,CARD,Self_Pay
PAY000005245,A004061,2025-10-22 09:00:00,2509.39,SUCCESS,CASH,Human
PAY000005246,A004064,2026-03-05 08:00:00,10505.83,SUCCESS,UPI,AI Voice
PAY000005247,A001657,2025-12-25 09:00:00,9232.06,SUCCESS,CASH,WhatsApp
PAY000005248,A002111,2026-04-17 15:00:00,7712.39,SUCCESS,BANK,AI Voice
PAY000005249,A002959,2026-01-20 11:00:00,15898.68,SUCCESS,UPI,Field
PAY000005250,A001627,2026-02-13 13:00:00,14092.18,FAILED,BANK,WhatsApp
PAY000005251,A000800,2025-12-12 10:00:00,6671.92,SUCCESS,BANK,Self_Pay
PAY000005252,A000923,2026-06-05 21:00:00,7488.35,FAILED,UPI,Field
PAY000005253,A004010,2025-10-22 19:00:00,14308.6,SUCCESS,CARD,Field
PAY000005254,A002011,2025-09-01 19:00:00,13824.74,SUCCESS,UPI,Self_Pay
PAY000005255,A002251,2026-06-01 11:00:00,3774.14,SUCCESS,CARD,Human
PAY000005256,A000351,2026-03-19 19:00:00,11567.58,FAILED,UPI,AI Voice
PAY000005257,A002469,2026-04-08 20:00:00,3232.18,FAILED,CARD,Human
PAY000005258,A002384,2026-04-01 13:00:00,1937.67,SUCCESS,UPI,AI Voice
PAY000005259,A004039,2026-07-02 15:00:00,8703.62,SUCCESS,BANK,Human
PAY000005260,A004058,2025-11-14 20:00:00,2900.8,SUCCESS,CARD,WhatsApp
PAY000005261,A001205,2026-01-10 08:00:00,1872.04,SUCCESS,CARD,Field
PAY000005262,A002652,2026-06-14 18:00:00,6634.05,FAILED,UPI,Self_Pay
PAY000005263,A001392,2026-08-06 20:00:00,3164.88,SUCCESS,BANK,Field
PAY000005264,A000616,2026-08-05 12:00:00,10299.84,SUCCESS,UPI,WhatsApp
PAY000005265,A003967,2025-09-10 07:00:00,13956.91,SUCCESS,UPI,WhatsApp
PAY000005266,A004133,2026-04-14 10:00:00,15223.13,FAILED,UPI,AI Voice
PAY000005267,A003741,2025-09-09 08:00:00,8759.0,FAILED,CARD,AI Voice
PAY000005268,A000177,2026-04-20 14:00:00,9837.26,SUCCESS,BANK,Field
PAY000005269,A000251,2026-02-08 14:00:00,6849.36,FAILED,BANK,WhatsApp
PAY000005270,A003578,2026-02-08 09:00:00,13493.69,SUCCESS,CARD,Self_Pay
PAY000005271,A004173,2026-02-05 09:00:00,15961.43,SUCCESS,CASH,WhatsApp
PAY000005272,A000124,2026-02-17 12:00:00,14867.53,FAILED,CARD,Field
PAY000005273,A002867,2026-06-08 17:00:00,5173.59,FAILED,CARD,Field
PAY000005274,A004099,2025-12-19 18:00:00,10409.66,SUCCESS,CARD,Self_Pay
PAY000005275,A002848,2026-03-04 12:00:00,7038.93,SUCCESS,BANK,WhatsApp
PAY000005276,A000829,2026-07-09 07:00:00,10574.04,SUCCESS,CASH,Human
PAY000005277,A001342,2026-06-26 08:00:00,8721.55,SUCCESS,CARD,Field
PAY000005278,A001895,2026-08-25 10:00:00,4132.55,SUCCESS,CASH,Human
PAY000005279,A001284,2026-05-02 17:00:00,3774.95,FAILED,CARD,AI Voice
PAY000005280,A001259,2026-05-15 21:00:00,4617.82,SUCCESS,UPI,WhatsApp
PAY000005281,A003697,2025-11-10 20:00:00,11659.51,SUCCESS,UPI,Human
PAY000005282,A004174,2025-12-13 21:00:00,10614.94,SUCCESS,CASH,AI Voice
PAY000005283,A003483,2025-11-02 11:00:00,2523.49,FAILED,CARD,WhatsApp
PAY000005284,A000758,2026-04-17 18:00:00,2737.92,FAILED,BANK,Field
PAY000005285,A001082,2026-03-23 14:00:00,12126.06,SUCCESS,CARD,AI Voice
PAY000005286,A001504,2026-01-22 13:00:00,1163.92,SUCCESS,CARD,Field
PAY000005287,A003245,2026-03-18 18:00:00,1081.6,SUCCESS,UPI,Self_Pay
PAY000005288,A000020,2026-01-06 12:00:00,5955.62,SUCCESS,CARD,Field
PAY000005289,A001915,2026-04-13 17:00:00,12095.68,SUCCESS,UPI,Human
PAY000005290,A003403,2026-03-25 08:00:00,2822.69,SUCCESS,CARD,Human
PAY000005291,A003415,2026-04-19 19:00:00,5538.36,SUCCESS,CASH,Field
PAY000005292,A000416,2026-02-17 10:00:00,12956.89,SUCCESS,CASH,Human
PAY000005293,A000962,2026-08-08 18:00:00,4172.68,SUCCESS,UPI,Field
PAY000005294,A002374,2025-12-08 12:00:00,14320.44,SUCCESS,CASH,WhatsApp
PAY000005295,A000653,2026-07-24 13:00:00,11258.94,SUCCESS,BANK,WhatsApp
PAY000005296,A000026,2025-11-18 15:00:00,8360.35,FAILED,CARD,Self_Pay
PAY000005297,A003455,2026-08-03 18:00:00,13694.17,SUCCESS,UPI,Field
PAY000005298,A003248,2026-06-14 21:00:00,6944.86,SUCCESS,CARD,Field
PAY000005299,A001341,2026-03-20 11:00:00,1121.61,SUCCESS,UPI,AI Voice
PAY000005300,A003721,2026-02-24 20:00:00,15992.03,SUCCESS,CARD,Human
PAY000005301,A003257,2026-02-13 20:00:00,6750.68,SUCCESS,CASH,Human
PAY000005302,A000632,2025-10-04 08:00:00,4768.0,SUCCESS,BANK,Human
PAY000005303,A000391,2026-01-18 20:00:00,11338.71,SUCCESS,BANK,Human
PAY000005304,A001137,2026-03-03 19:00:00,3919.37,SUCCESS,BANK,Field
PAY000005305,A003882,2026-06-23 14:00:00,10742.0,SUCCESS,BANK,Human
PAY000005306,A003934,2025-10-14 11:00:00,15655.85,SUCCESS,CASH,Field
PAY000005307,A003064,2026-08-09 17:00:00,1600.15,SUCCESS,CASH,WhatsApp
PAY000005308,A001557,2025-11-23 21:00:00,7512.01,SUCCESS,CARD,Field
PAY000005309,A001043,2026-01-11 18:00:00,13682.11,SUCCESS,CASH,Field
PAY000005310,A001873,2025-09-01 13:00:00,7695.86,SUCCESS,CARD,Self_Pay
PAY000005311,A001767,2025-11-18 19:00:00,4282.03,FAILED,UPI,Field
PAY000005312,A001144,2026-07-05 11:00:00,2302.93,FAILED,CARD,WhatsApp
PAY000005313,A001416,2025-11-20 07:00:00,8666.06,SUCCESS,CARD,WhatsApp
PAY000005314,A002457,2026-04-14 08:00:00,9758.03,SUCCESS,BANK,AI Voice
PAY000005315,A004055,2025-11-01 19:00:00,15891.78,SUCCESS,UPI,Self_Pay
PAY000005316,A001284,2025-09-09 16:00:00,10443.74,SUCCESS,CARD,Self_Pay
PAY000005317,A000410,2025-10-25 12:00:00,5920.37,SUCCESS,BANK,Self_Pay
PAY000005318,A000694,2025-11-02 10:00:00,8334.37,FAILED,BANK,Self_Pay
PAY000005319,A000384,2026-07-26 10:00:00,5463.0,SUCCESS,UPI,AI Voice
PAY000005320,A002548,2026-08-27 17:00:00,14448.95,SUCCESS,UPI,AI Voice
PAY000005321,A001451,2026-04-11 14:00:00,9617.33,FAILED,CARD,Field
PAY000005322,A000436,2026-04-03 15:00:00,1732.73,SUCCESS,UPI,Self_Pay
PAY000005323,A001850,2026-02-08 10:00:00,6388.78,FAILED,BANK,Self_Pay
PAY000005324,A003094,2026-05-10 18:00:00,5102.28,SUCCESS,CASH,Field
PAY000005325,A001590,2026-02-18 08:00:00,2886.08,FAILED,CASH,WhatsApp
PAY000005326,A001327,2025-09-26 18:00:00,5683.95,SUCCESS,BANK,Field
PAY000005327,A003182,2026-04-17 07:00:00,10721.87,SUCCESS,BANK,Field
PAY000005328,A000628,2025-12-12 18:00:00,1233.69,FAILED,BANK,WhatsApp
PAY000005329,A001090,2026-08-23 16:00:00,1738.39,SUCCESS,CASH,WhatsApp
PAY000005330,A001826,2026-06-08 17:00:00,1511.81,SUCCESS,UPI,Self_Pay
PAY000005331,A003441,2026-08-27 11:00:00,10283.0,FAILED,BANK,AI Voice
PAY000005332,A001573,2026-02-19 15:00:00,2634.63,SUCCESS,CARD,WhatsApp
PAY000005333,A003534,2025-10-27 12:00:00,11697.72,SUCCESS,BANK,Human
PAY000005334,A001120,2026-05-10 08:00:00,7498.0,FAILED,UPI,WhatsApp
PAY000005335,A001032,2026-05-19 19:00:00,12407.0,SUCCESS,CASH,Self_Pay
PAY000005336,A001766,2025-11-24 20:00:00,6874.85,SUCCESS,UPI,WhatsApp
PAY000005337,A000403,2026-04-01 21:00:00,5510.12,SUCCESS,CASH,AI Voice
PAY000005338,A001280,2025-09-01 15:00:00,10525.87,SUCCESS,BANK,WhatsApp
PAY000005339,A000555,2026-02-21 14:00:00,5254.39,SUCCESS,UPI,AI Voice
PAY000005340,A000090,2026-08-27 19:00:00,3438.73,SUCCESS,UPI,Human
PAY000005341,A000406,2026-05-05 15:00:00,4366.78,FAILED,BANK,Field
PAY000005342,A000474,2026-04-06 10:00:00,9579.42,FAILED,UPI,Field
PAY000005343,A000597,2025-12-01 11:00:00,11585.42,SUCCESS,CARD,Human
PAY000005344,A004039,2025-10-16 18:00:00,7360.09,FAILED,UPI,Human
PAY000005345,A002401,2025-10-01 14:00:00,8872.73,SUCCESS,CARD,Human
PAY000005346,A002468,2025-10-25 16:00:00,5631.45,FAILED,CASH,Field
PAY000005347,A000407,2026-07-01 10:00:00,14268.15,SUCCESS,CARD,Self_Pay
PAY000005348,A001698,2025-11-23 12:00:00,9055.0,SUCCESS,UPI,WhatsApp
PAY000005349,A000779,2025-09-26 15:00:00,8250.67,FAILED,UPI,Human
PAY000005350,A003299,2025-11-04 20:00:00,10163.31,FAILED,UPI,WhatsApp
PAY000005351,A002622,2026-05-20 15:00:00,7281.58,SUCCESS,UPI,AI Voice
PAY000005352,A000256,2026-05-08 10:00:00,5654.72,SUCCESS,CASH,WhatsApp
PAY000005353,A003089,2025-10-18 08:00:00,5259.16,SUCCESS,UPI,Field
PAY000005354,A000898,2025-12-04 18:00:00,7316.76,SUCCESS,CASH,Human
PAY000005355,A001274,2025-12-17 10:00:00,3557.96,SUCCESS,UPI,AI Voice
PAY000005356,A000040,2025-12-21 20:00:00,9326.0,SUCCESS,UPI,Self_Pay
PAY000005357,A001991,2025-11-01 20:00:00,10205.63,SUCCESS,CASH,WhatsApp
PAY000005358,A000596,2026-03-20 20:00:00,1426.38,FAILED,UPI,Field
PAY000005359,A004017,2025-11-16 15:00:00,6621.64,SUCCESS,UPI,Self_Pay
PAY000005360,A002007,2026-06-14 19:00:00,2914.94,SUCCESS,BANK,Self_Pay
PAY000005361,A000263,2025-10-16 13:00:00,12758.99,FAILED,CASH,Human
PAY000005362,A000222,2026-07-14 12:00:00,3847.98,SUCCESS,CASH,Self_Pay
PAY000005363,A001776,2025-11-10 10:00:00,15321.52,FAILED,BANK,AI Voice
PAY000005364,A000340,2025-10-26 16:00:00,8272.88,SUCCESS,BANK,AI Voice
PAY000005365,A000875,2026-03-09 20:00:00,8311.42,FAILED,CASH,Self_Pay
PAY000005366,A001148,2026-08-19 08:00:00,8627.19,SUCCESS,UPI,Human
PAY000005367,A004043,2026-06-17 10:00:00,2380.69,SUCCESS,CARD,WhatsApp
PAY000005368,A000854,2025-10-25 09:00:00,13789.0,SUCCESS,CASH,Human
PAY000005369,A001101,2025-09-09 15:00:00,12365.33,SUCCESS,BANK,Self_Pay
PAY000005370,A001357,2026-08-24 13:00:00,13297.78,SUCCESS,UPI,WhatsApp
PAY000005371,A000373,2026-03-24 07:00:00,2710.97,SUCCESS,BANK,Self_Pay
PAY000005372,A000876,2025-11-05 16:00:00,1544.04,SUCCESS,BANK,Self_Pay
PAY000005373,A002255,2025-10-21 19:00:00,11568.3,SUCCESS,CASH,Self_Pay
PAY000005374,A003792,2026-05-16 08:00:00,14414.16,SUCCESS,BANK,Field
PAY000005375,A000753,2026-01-26 17:00:00,2574.47,FAILED,UPI,AI Voice
PAY000005376,A002746,2026-02-22 13:00:00,2823.54,SUCCESS,CARD,Self_Pay
PAY000005377,A002310,2026-01-25 20:00:00,13479.18,SUCCESS,BANK,Self_Pay
PAY000005378,A002622,2026-07-09 13:00:00,3450.48,SUCCESS,CARD,AI Voice
PAY000005379,A004081,2026-06-20 09:00:00,13948.0,SUCCESS,BANK,WhatsApp
PAY000005380,A000351,2026-04-23 12:00:00,13503.06,SUCCESS,UPI,Human
PAY000005381,A002910,2026-08-15 17:00:00,3489.31,FAILED,UPI,WhatsApp
PAY000005382,A001559,2026-03-25 17:00:00,12702.8,SUCCESS,CASH,Self_Pay
PAY000005383,A004144,2026-03-11 14:00:00,9062.65,SUCCESS,CASH,AI Voice
PAY000005384,A001347,2026-04-03 16:00:00,12823.44,SUCCESS,UPI,Self_Pay
PAY000005385,A003375,2025-11-19 17:00:00,12026.12,FAILED,CASH,AI Voice
PAY000005386,A003447,2026-06-13 17:00:00,10563.0,FAILED,UPI,Field
PAY000005387,A002445,2026-06-04 12:00:00,8308.7,SUCCESS,CARD,AI Voice
PAY000005388,A000668,2026-06-18 19:00:00,13500.99,SUCCESS,UPI,WhatsApp
PAY000005389,A000849,2026-08-11 14:00:00,2192.08,FAILED,CARD,AI Voice
PAY000005390,A000435,2025-11-21 11:00:00,8181.0,SUCCESS,BANK,Self_Pay
PAY000005391,A000117,2026-06-09 09:00:00,3860.36,SUCCESS,CASH,Field
PAY000005392,A003648,2026-04-19 15:00:00,4818.73,SUCCESS,CARD,WhatsApp
PAY000005393,A001449,2026-06-18 21:00:00,9204.17,FAILED,CARD,Human
PAY000005394,A001004,2025-12-03 21:00:00,11622.37,SUCCESS,CASH,AI Voice
PAY000005395,A000705,2025-09-15 14:00:00,14090.85,SUCCESS,BANK,Human
PAY000005396,A000993,2025-12-02 19:00:00,15302.7,SUCCESS,CARD,AI Voice
PAY000005397,A000364,2026-07-10 11:00:00,15479.84,SUCCESS,CARD,Self_Pay
PAY000005398,A002933,2026-04-13 10:00:00,1407.2,SUCCESS,BANK,AI Voice
PAY000005399,A001852,2025-11-12 09:00:00,3551.65,FAILED,UPI,Field
PAY000005400,A000098,2026-06-06 07:00:00,6669.49,FAILED,CASH,Field
PAY000005401,A001691,2026-07-14 07:00:00,9544.0,FAILED,CASH,AI Voice
PAY000005402,A001084,2026-06-07 19:00:00,4295.62,FAILED,CASH,Self_Pay
PAY000005403,A002732,2026-06-04 16:00:00,13812.0,SUCCESS,CARD,AI Voice
PAY000005404,A003995,2026-04-21 17:00:00,2251.89,SUCCESS,CASH,WhatsApp
PAY000005405,A001287,2026-02-16 18:00:00,9595.02,FAILED,BANK,Human
PAY000005406,A000282,2026-05-03 14:00:00,7353.0,SUCCESS,CASH,Field
PAY000005407,A003682,2026-04-24 18:00:00,11784.0,SUCCESS,CARD,WhatsApp
PAY000005408,A002426,2026-08-16 08:00:00,1364.97,FAILED,CARD,Human
PAY000005409,A000835,2026-05-24 20:00:00,10263.4,SUCCESS,UPI,Field
PAY000005410,A000866,2025-09-06 11:00:00,5875.07,SUCCESS,BANK,Field
PAY000005411,A001910,2025-09-26 09:00:00,4735.06,SUCCESS,BANK,Human
PAY000005412,A000163,2026-03-25 14:00:00,7745.16,SUCCESS,UPI,Field
PAY000005413,A001680,2026-03-07 11:00:00,13934.02,SUCCESS,CASH,WhatsApp
PAY000005414,A001653,2025-10-15 07:00:00,3828.62,FAILED,BANK,Human
PAY000005415,A000516,2026-05-05 20:00:00,9196.77,SUCCESS,UPI,Self_Pay
PAY000005416,A004023,2025-12-04 12:00:00,2742.14,SUCCESS,CASH,WhatsApp
PAY000005417,A003576,2026-04-04 12:00:00,5489.08,SUCCESS,UPI,WhatsApp
PAY000005418,A000618,2025-09-03 07:00:00,5512.38,FAILED,BANK,Self_Pay
PAY000005419,A001956,2025-12-20 18:00:00,4630.83,SUCCESS,CASH,Self_Pay
PAY000005420,A002665,2025-12-17 15:00:00,5689.35,SUCCESS,CARD,Self_Pay
PAY000005421,A001778,2025-11-22 20:00:00,6745.47,SUCCESS,CASH,Self_Pay
PAY000005422,A003812,2025-11-05 19:00:00,9403.87,SUCCESS,BANK,Human
PAY000005423,A003509,2026-04-10 13:00:00,10565.65,SUCCESS,BANK,AI Voice
PAY000005424,A003462,2025-10-26 17:00:00,3262.83,FAILED,CARD,Self_Pay
PAY000005425,A003875,2026-02-14 21:00:00,12251.42,SUCCESS,CASH,Human
PAY000005426,A003497,2026-03-19 21:00:00,1797.2,FAILED,UPI,Field
PAY000005427,A002531,2026-03-03 12:00:00,1043.58,SUCCESS,CASH,WhatsApp
PAY000005428,A001264,2025-11-02 13:00:00,4690.85,SUCCESS,UPI,WhatsApp
PAY000005429,A003816,2025-12-22 21:00:00,13958.98,SUCCESS,CARD,Self_Pay
PAY000005430,A000850,2026-02-22 09:00:00,8219.1,SUCCESS,CASH,Human
PAY000005431,A000474,2026-05-04 14:00:00,2009.51,SUCCESS,BANK,Field
PAY000005432,A001461,2026-02-07 09:00:00,11405.81,FAILED,CARD,WhatsApp
PAY000005433,A000245,2026-01-10 21:00:00,11675.6,SUCCESS,CASH,Self_Pay
PAY000005434,A003310,2026-04-11 19:00:00,13132.32,FAILED,CASH,WhatsApp
PAY000005435,A000963,2026-02-15 20:00:00,14709.58,SUCCESS,CASH,Human
PAY000005436,A003155,2025-10-14 20:00:00,9355.83,SUCCESS,CARD,Field
PAY000005437,A000138,2025-11-24 16:00:00,5511.0,FAILED,CASH,AI Voice
PAY000005438,A002173,2026-08-10 17:00:00,1626.62,SUCCESS,CARD,AI Voice
PAY000005439,A002481,2026-07-23 21:00:00,8424.64,SUCCESS,CARD,Field
PAY000005440,A003754,2025-11-23 16:00:00,8088.0,FAILED,CARD,AI Voice
PAY000005441,A003021,2025-12-24 16:00:00,11038.32,FAILED,BANK,Field
PAY000005442,A000137,2026-07-09 11:00:00,8123.78,SUCCESS,BANK,Human
PAY000005443,A000724,2025-12-10 14:00:00,3335.09,FAILED,CARD,Field
PAY000005444,A001082,2025-11-12 11:00:00,9136.94,FAILED,CASH,Human
PAY000005445,A002061,2026-05-15 19:00:00,1575.55,FAILED,CARD,Human
PAY000005446,A000428,2025-10-27 13:00:00,9007.81,SUCCESS,UPI,Human
PAY000005447,A003562,2026-07-27 09:00:00,9976.67,SUCCESS,CARD,Field
PAY000005448,A001959,2026-06-19 18:00:00,6904.15,SUCCESS,CASH,Self_Pay
PAY000005449,A000487,2025-11-01 20:00:00,9978.31,SUCCESS,UPI,Field
PAY000005450,A003531,2025-11-07 19:00:00,10078.08,FAILED,UPI,Human
PAY000005451,A000675,2025-12-07 09:00:00,8887.94,SUCCESS,CARD,Field
PAY000005452,A000859,2026-03-13 09:00:00,10278.41,SUCCESS,UPI,Self_Pay
PAY000005453,A001274,2025-11-08 11:00:00,7282.78,SUCCESS,CARD,Human
PAY000005454,A004009,2026-08-05 21:00:00,6781.41,FAILED,UPI,WhatsApp
PAY000005455,A003758,2025-10-03 09:00:00,9360.69,SUCCESS,CARD,Field
PAY000005456,A002390,2025-12-08 15:00:00,14252.0,FAILED,CARD,WhatsApp
PAY000005457,A002739,2025-10-04 08:00:00,6525.87,SUCCESS,CARD,Field
PAY000005458,A000934,2026-01-18 14:00:00,13127.37,SUCCESS,CASH,Field
PAY000005459,A003525,2025-12-12 12:00:00,15811.85,SUCCESS,CARD,Field
PAY000005460,A001398,2026-01-17 10:00:00,9027.47,FAILED,UPI,AI Voice
PAY000005461,A003631,2026-08-27 16:00:00,1130.33,FAILED,UPI,WhatsApp
PAY000005462,A003117,2026-07-16 15:00:00,8072.15,FAILED,CARD,WhatsApp
PAY000005463,A002383,2025-10-05 18:00:00,15151.44,FAILED,CASH,AI Voice
PAY000005464,A000240,2026-08-14 12:00:00,14722.77,SUCCESS,BANK,AI Voice
PAY000005465,A001483,2026-04-10 08:00:00,1109.29,SUCCESS,CARD,WhatsApp
PAY000005466,A003536,2026-05-24 07:00:00,14817.91,SUCCESS,UPI,Self_Pay
PAY000005467,A000322,2026-05-14 14:00:00,12423.43,SUCCESS,UPI,WhatsApp
PAY000005468,A001323,2026-08-04 07:00:00,9541.28,SUCCESS,BANK,Human
PAY000005469,A001436,2026-03-04 19:00:00,3324.25,SUCCESS,CARD,Self_Pay
PAY000005470,A000568,2025-11-21 17:00:00,15525.81,FAILED,BANK,AI Voice
PAY000005471,A001034,2026-08-25 21:00:00,2288.63,SUCCESS,BANK,WhatsApp
PAY000005472,A001879,2026-04-20 10:00:00,6657.7,SUCCESS,UPI,AI Voice
PAY000005473,A003381,2025-12-06 09:00:00,2819.16,FAILED,UPI,Human
PAY000005474,A001337,2026-07-10 20:00:00,2254.82,FAILED,BANK,Human
PAY000005475,A000008,2026-05-03 13:00:00,13022.42,SUCCESS,BANK,Self_Pay
PAY000005476,A001503,2026-01-26 07:00:00,4354.06,SUCCESS,UPI,Human
PAY000005477,A002696,2026-02-09 08:00:00,14534.0,FAILED,UPI,Self_Pay
PAY000005478,A003996,2025-10-02 14:00:00,1095.48,SUCCESS,UPI,Field
PAY000005479,A003607,2026-07-17 15:00:00,8682.0,SUCCESS,CASH,WhatsApp
PAY000005480,A001193,2026-01-02 08:00:00,2887.33,SUCCESS,CARD,Field
PAY000005481,A003057,2026-03-24 20:00:00,12769.03,SUCCESS,BANK,AI Voice
PAY000005482,A002687,2026-03-11 18:00:00,4842.49,SUCCESS,BANK,Self_Pay
PAY000005483,A002146,2026-05-23 16:00:00,10741.54,SUCCESS,CARD,Self_Pay
PAY000005484,A002855,2026-04-22 10:00:00,8090.61,SUCCESS,CARD,Self_Pay
PAY000005485,A000473,2026-04-18 20:00:00,3371.58,FAILED,UPI,WhatsApp
PAY000005486,A002244,2026-08-07 21:00:00,11027.0,FAILED,UPI,AI Voice
PAY000005487,A003066,2026-04-11 07:00:00,15591.28,SUCCESS,CARD,AI Voice
PAY000005488,A002500,2026-04-08 13:00:00,9582.27,FAILED,BANK,WhatsApp
PAY000005489,A004058,2025-11-10 18:00:00,14335.95,FAILED,BANK,Field
PAY000005490,A000807,2026-04-15 20:00:00,10514.22,FAILED,CARD,WhatsApp
PAY000005491,A000056,2026-06-02 17:00:00,6515.26,FAILED,CARD,Human
PAY000005492,A001469,2026-01-04 07:00:00,1756.26,SUCCESS,UPI,WhatsApp
PAY000005493,A001960,2026-02-11 19:00:00,2418.27,SUCCESS,UPI,Self_Pay
PAY000005494,A004109,2025-10-25 11:00:00,1940.81,SUCCESS,UPI,Self_Pay
PAY000005495,A001192,2026-07-12 11:00:00,8826.0,SUCCESS,CARD,Self_Pay
PAY000005496,A001469,2026-04-07 12:00:00,12405.0,SUCCESS,UPI,Field
PAY000005497,A001103,2026-03-21 10:00:00,5134.48,FAILED,CARD,Self_Pay
PAY000005498,A003333,2025-12-25 10:00:00,12484.0,SUCCESS,UPI,Self_Pay
PAY000005499,A002937,2026-02-12 07:00:00,5763.55,SUCCESS,CASH,Self_Pay
PAY000005500,A003219,2025-09-15 11:00:00,1501.89,FAILED,CARD,WhatsApp
PAY000005501,A003559,2026-08-17 10:00:00,11230.45,SUCCESS,CASH,WhatsApp
PAY000005502,A001434,2025-10-21 19:00:00,9986.41,SUCCESS,CASH,Human
PAY000005503,A000970,2026-04-06 21:00:00,1773.28,SUCCESS,BANK,WhatsApp
PAY000005504,A000980,2026-01-06 08:00:00,13471.44,SUCCESS,CASH,Human
PAY000005505,A000411,2026-03-25 10:00:00,14258.49,SUCCESS,UPI,Field
PAY000005506,A000762,2026-04-02 14:00:00,12829.3,SUCCESS,BANK,WhatsApp
PAY000005507,A001615,2026-03-26 12:00:00,5081.5,SUCCESS,CASH,Human
PAY000005508,A001701,2026-08-27 10:00:00,4993.03,SUCCESS,UPI,Self_Pay
PAY000005509,A002863,2025-10-08 16:00:00,6927.22,SUCCESS,BANK,WhatsApp
PAY000005510,A000035,2026-07-13 09:00:00,9476.71,FAILED,BANK,Human
PAY000005511,A002615,2026-08-21 16:00:00,1020.88,SUCCESS,UPI,Field
PAY000005512,A000749,2026-04-08 13:00:00,14887.0,FAILED,BANK,WhatsApp
PAY000005513,A000320,2026-08-05 21:00:00,10881.14,FAILED,BANK,AI Voice
PAY000005514,A003654,2025-10-15 15:00:00,8921.27,SUCCESS,UPI,WhatsApp
PAY000005515,A000535,2025-11-21 19:00:00,6765.01,FAILED,BANK,WhatsApp
PAY000005516,A000905,2025-10-17 15:00:00,3965.33,FAILED,UPI,Self_Pay
PAY000005517,A000567,2026-08-12 15:00:00,9321.98,FAILED,CASH,Human
PAY000005518,A002041,2025-09-27 18:00:00,15368.24,SUCCESS,CARD,Human
PAY000005519,A003688,2026-08-16 14:00:00,14222.83,FAILED,BANK,Human
PAY000005520,A003717,2026-01-09 14:00:00,1171.08,SUCCESS,BANK,Self_Pay
PAY000005521,A001066,2026-07-19 13:00:00,9516.59,FAILED,CASH,Self_Pay
PAY000005522,A002525,2025-11-08 07:00:00,6231.83,SUCCESS,BANK,WhatsApp
PAY000005523,A001367,2026-02-12 20:00:00,3789.28,SUCCESS,CARD,AI Voice
PAY000005524,A001182,2026-06-17 07:00:00,4565.49,FAILED,BANK,AI Voice
PAY000005525,A003648,2025-10-25 17:00:00,10055.44,SUCCESS,CASH,AI Voice
PAY000005526,A000026,2026-01-03 13:00:00,5277.38,FAILED,CARD,Human
PAY000005527,A000681,2026-02-21 09:00:00,11933.74,FAILED,CARD,AI Voice
PAY000005528,A000911,2026-02-19 17:00:00,10833.66,FAILED,BANK,Human
PAY000005529,A002871,2026-05-12 16:00:00,1130.29,SUCCESS,UPI,AI Voice
PAY000005530,A002572,2026-05-10 12:00:00,5368.0,SUCCESS,BANK,Self_Pay
PAY000005531,A000080,2025-09-14 13:00:00,7659.83,SUCCESS,UPI,AI Voice
PAY000005532,A003859,2026-01-05 07:00:00,5509.99,SUCCESS,CASH,Self_Pay
PAY000005533,A000128,2025-10-12 20:00:00,11551.83,SUCCESS,UPI,Field
PAY000005534,A003927,2026-04-16 13:00:00,9553.78,SUCCESS,BANK,Human
PAY000005535,A002632,2026-06-04 07:00:00,10272.55,FAILED,BANK,Human
PAY000005536,A003188,2026-08-04 10:00:00,10176.5,SUCCESS,BANK,WhatsApp
PAY000005537,A002844,2026-07-27 15:00:00,13381.57,SUCCESS,UPI,Field
PAY000005538,A002323,2026-07-01 14:00:00,10301.7,FAILED,BANK,Human
PAY000005539,A003101,2025-11-16 20:00:00,14409.64,FAILED,UPI,Human
PAY000005540,A002643,2025-09-03 12:00:00,10198.48,SUCCESS,BANK,AI Voice
PAY000005541,A003772,2025-12-03 08:00:00,5910.0,SUCCESS,CARD,Self_Pay
PAY000005542,A000361,2026-02-23 11:00:00,15799.17,SUCCESS,BANK,AI Voice
PAY000005543,A000376,2026-07-23 16:00:00,6237.72,SUCCESS,CARD,Field
PAY000005544,A002284,2026-07-11 18:00:00,3711.2,FAILED,BANK,Human
PAY000005545,A002940,2025-09-12 08:00:00,4188.97,FAILED,BANK,Human
PAY000005546,A000974,2025-09-25 09:00:00,3971.73,SUCCESS,CARD,Field
PAY000005547,A002658,2025-10-01 16:00:00,5771.38,SUCCESS,CASH,Self_Pay
PAY000005548,A000137,2026-07-10 11:00:00,7440.22,FAILED,BANK,AI Voice
PAY000005549,A003665,2025-09-03 19:00:00,11465.22,SUCCESS,BANK,Field
PAY000005550,A003397,2026-05-01 16:00:00,9066.47,FAILED,BANK,Human
PAY000005551,A000651,2026-07-26 18:00:00,7984.51,SUCCESS,BANK,WhatsApp
PAY000005552,A003657,2026-04-26 21:00:00,8146.99,SUCCESS,BANK,WhatsApp
PAY000005553,A001961,2026-04-08 14:00:00,7600.82,SUCCESS,CASH,AI Voice
PAY000005554,A003926,2026-08-07 09:00:00,3957.62,SUCCESS,CASH,AI Voice
PAY000005555,A003598,2025-09-13 16:00:00,10765.86,SUCCESS,BANK,Self_Pay
PAY000005556,A002563,2025-12-12 10:00:00,3769.14,FAILED,CARD,Field
PAY000005557,A000128,2026-02-23 09:00:00,3163.19,SUCCESS,CASH,Human
PAY000005558,A003426,2025-11-18 19:00:00,6015.91,SUCCESS,CASH,AI Voice
PAY000005559,A003845,2025-11-09 09:00:00,12341.0,SUCCESS,UPI,WhatsApp
PAY000005560,A001618,2025-10-17 07:00:00,15756.89,FAILED,CASH,Self_Pay
PAY000005561,A001633,2025-11-04 16:00:00,2575.11,FAILED,CARD,Field
PAY000005562,A001720,2026-08-22 18:00:00,7967.84,SUCCESS,UPI,Human
PAY000005563,A000756,2026-03-17 19:00:00,15519.97,FAILED,BANK,AI Voice
PAY000005564,A000888,2026-04-01 08:00:00,10601.21,FAILED,CASH,Field
PAY000005565,A003755,2026-03-24 14:00:00,13554.9,SUCCESS,CASH,Field
PAY000005566,A001299,2025-09-17 17:00:00,6514.0,SUCCESS,CARD,AI Voice
PAY000005567,A001776,2026-04-14 09:00:00,8240.64,SUCCESS,CASH,AI Voice
PAY000005568,A000101,2025-12-09 07:00:00,15823.88,SUCCESS,CARD,AI Voice
PAY000005569,A001968,2026-06-04 10:00:00,11803.19,SUCCESS,CASH,WhatsApp
PAY000005570,A002620,2026-07-13 19:00:00,5685.5,FAILED,BANK,Self_Pay
PAY000005571,A003179,2026-06-26 18:00:00,8417.82,SUCCESS,CARD,Human
PAY000005572,A002712,2025-11-21 15:00:00,13523.19,FAILED,CASH,WhatsApp
PAY000005573,A002519,2025-12-25 11:00:00,15579.18,FAILED,UPI,Self_Pay
PAY000005574,A001034,2026-02-13 15:00:00,1489.39,SUCCESS,CARD,Self_Pay
PAY000005575,A000955,2026-02-04 18:00:00,1318.84,SUCCESS,BANK,Field
PAY000005576,A001806,2025-10-14 07:00:00,7224.0,FAILED,BANK,WhatsApp
PAY000005577,A004043,2026-01-12 16:00:00,5251.63,SUCCESS,BANK,Human
PAY000005578,A000405,2026-02-25 17:00:00,15063.76,SUCCESS,BANK,AI Voice
PAY000005579,A003555,2026-06-22 14:00:00,2514.52,FAILED,CASH,WhatsApp
PAY000005580,A000251,2026-02-03 17:00:00,8061.96,SUCCESS,CASH,WhatsApp
PAY000005581,A002406,2025-12-20 11:00:00,1140.78,SUCCESS,UPI,Human
PAY000005582,A002985,2025-12-01 11:00:00,13092.53,SUCCESS,UPI,Field
PAY000005583,A003804,2026-03-26 21:00:00,9380.37,SUCCESS,CARD,Self_Pay
PAY000005584,A000122,2026-04-03 17:00:00,6726.38,SUCCESS,CARD,Field
PAY000005585,A003519,2026-04-04 16:00:00,6869.52,FAILED,CARD,Self_Pay
PAY000005586,A002210,2026-06-17 09:00:00,8159.33,SUCCESS,BANK,WhatsApp
PAY000005587,A003199,2025-10-06 08:00:00,4926.71,FAILED,UPI,Self_Pay
PAY000005588,A001384,2026-05-18 18:00:00,5565.6,SUCCESS,UPI,Self_Pay
PAY000005589,A003252,2026-06-02 11:00:00,4335.74,SUCCESS,CARD,Field
PAY000005590,A000435,2025-11-04 16:00:00,8181.0,SUCCESS,CASH,WhatsApp
PAY000005591,A000229,2026-05-26 19:00:00,8856.31,SUCCESS,UPI,Self_Pay
PAY000005592,A003230,2026-04-02 08:00:00,2026.76,SUCCESS,CARD,Self_Pay
PAY000005593,A002913,2026-08-12 08:00:00,15826.88,FAILED,UPI,Field
PAY000005594,A001068,2025-10-10 17:00:00,15225.04,SUCCESS,UPI,Field
PAY000005595,A000806,2026-01-09 09:00:00,11314.56,SUCCESS,BANK,Self_Pay
PAY000005596,A003228,2026-08-02 18:00:00,4562.33,SUCCESS,CASH,AI Voice
PAY000005597,A002930,2026-03-27 17:00:00,13389.79,SUCCESS,CASH,Field
PAY000005598,A002420,2026-03-11 21:00:00,14255.48,FAILED,CASH,Field
PAY000005599,A000911,2026-08-20 09:00:00,13136.08,FAILED,UPI,WhatsApp
PAY000005600,A003144,2026-01-05 21:00:00,12389.58,SUCCESS,CARD,Self_Pay
PAY000005601,A000344,2026-06-05 10:00:00,6636.9,SUCCESS,UPI,Self_Pay
PAY000005602,A001026,2026-04-27 12:00:00,10560.0,FAILED,BANK,Human
PAY000005603,A000286,2025-12-06 09:00:00,5500.43,FAILED,UPI,Field
PAY000005604,A003226,2026-04-09 21:00:00,5705.22,SUCCESS,CARD,WhatsApp
PAY000005605,A003036,2026-03-20 21:00:00,9279.17,SUCCESS,BANK,Self_Pay
PAY000005606,A002333,2025-09-16 18:00:00,5496.06,SUCCESS,CARD,Self_Pay
PAY000005607,A000320,2026-08-18 15:00:00,12651.89,SUCCESS,UPI,Human
PAY000005608,A003574,2025-10-06 09:00:00,11061.0,SUCCESS,CASH,WhatsApp
PAY000005609,A002247,2026-08-09 17:00:00,12148.0,SUCCESS,CARD,WhatsApp
PAY000005610,A004196,2026-07-21 18:00:00,1026.79,FAILED,CARD,WhatsApp
PAY000005611,A002769,2026-04-02 13:00:00,10428.7,SUCCESS,CARD,AI Voice
PAY000005612,A002108,2026-05-21 12:00:00,10561.9,FAILED,BANK,Human
PAY000005613,A002447,2025-12-14 10:00:00,2789.62,FAILED,UPI,Human
PAY000005614,A002245,2026-04-07 07:00:00,8601.78,SUCCESS,CARD,Self_Pay
PAY000005615,A001886,2025-11-18 14:00:00,7622.16,SUCCESS,BANK,Field
PAY000005616,A001611,2025-09-16 07:00:00,7839.51,SUCCESS,CARD,Field
PAY000005617,A000969,2026-05-11 08:00:00,1992.55,SUCCESS,BANK,Field
PAY000005618,A003939,2026-06-19 18:00:00,2484.34,FAILED,CARD,AI Voice
PAY000005619,A004123,2025-10-04 09:00:00,6597.0,SUCCESS,BANK,AI Voice
PAY000005620,A000538,2026-01-15 17:00:00,3633.73,SUCCESS,CARD,Field
PAY000005621,A003886,2026-03-17 07:00:00,9711.86,SUCCESS,CARD,WhatsApp
PAY000005622,A004185,2026-01-24 10:00:00,9280.67,SUCCESS,CARD,AI Voice
PAY000005623,A003411,2025-10-17 17:00:00,11828.93,SUCCESS,BANK,AI Voice
PAY000005624,A001683,2026-01-08 11:00:00,2144.54,SUCCESS,CASH,AI Voice
PAY000005625,A003528,2026-03-22 21:00:00,4943.0,SUCCESS,CARD,Self_Pay
PAY000005626,A001300,2025-11-14 07:00:00,9009.98,FAILED,CARD,Field
PAY000005627,A001922,2025-10-11 16:00:00,1302.72,SUCCESS,UPI,Field
PAY000005628,A001611,2025-10-09 12:00:00,8505.41,SUCCESS,BANK,AI Voice
PAY000005629,A000019,2026-01-04 16:00:00,10300.82,SUCCESS,BANK,Human
PAY000005630,A001776,2026-03-20 07:00:00,2102.15,SUCCESS,CASH,AI Voice
PAY000005631,A003861,2026-02-05 12:00:00,6067.78,SUCCESS,UPI,Self_Pay
PAY000005632,A001444,2026-02-12 12:00:00,5774.42,SUCCESS,BANK,Human
PAY000005633,A000397,2025-09-11 20:00:00,7273.87,SUCCESS,BANK,WhatsApp
PAY000005634,A001744,2026-06-18 10:00:00,14980.69,FAILED,CASH,WhatsApp
PAY000005635,A002277,2025-10-25 19:00:00,9696.71,FAILED,CASH,Self_Pay
PAY000005636,A001547,2025-12-21 13:00:00,5272.0,SUCCESS,BANK,Field
PAY000005637,A001860,2025-11-13 13:00:00,5084.21,SUCCESS,BANK,Human
PAY000005638,A002910,2025-10-14 07:00:00,1120.43,SUCCESS,CASH,AI Voice
PAY000005639,A003184,2025-12-18 10:00:00,9493.42,SUCCESS,BANK,WhatsApp
PAY000005640,A002891,2026-03-11 21:00:00,4123.47,SUCCESS,BANK,Field
PAY000005641,A002950,2026-01-17 10:00:00,10888.46,FAILED,CASH,WhatsApp
PAY000005642,A003868,2025-10-15 14:00:00,12848.49,SUCCESS,CARD,Human
PAY000005643,A003832,2026-08-17 11:00:00,4566.64,SUCCESS,CARD,Field
PAY000005644,A000276,2026-03-18 09:00:00,6652.57,SUCCESS,BANK,WhatsApp
PAY000005645,A002442,2026-07-01 10:00:00,4805.13,SUCCESS,BANK,Field
PAY000005646,A003216,2026-04-02 18:00:00,7427.12,FAILED,UPI,AI Voice
PAY000005647,A003774,2025-11-15 10:00:00,5914.38,SUCCESS,CARD,AI Voice
PAY000005648,A002898,2026-06-21 08:00:00,6567.59,FAILED,CARD,Field
PAY000005649,A002075,2025-11-27 12:00:00,11042.0,SUCCESS,CARD,Field
PAY000005650,A002620,2025-11-24 15:00:00,6665.71,SUCCESS,CASH,Field
PAY000005651,A003626,2025-09-20 14:00:00,4083.68,FAILED,BANK,Human
PAY000005652,A001191,2026-04-04 20:00:00,12161.5,SUCCESS,CASH,Human
PAY000005653,A002279,2026-02-20 15:00:00,8903.02,SUCCESS,UPI,AI Voice
PAY000005654,A003073,2025-10-04 07:00:00,4152.51,SUCCESS,BANK,Field
PAY000005655,A004030,2025-11-20 20:00:00,13139.66,FAILED,BANK,Self_Pay
PAY000005656,A000038,2026-07-12 09:00:00,13918.0,SUCCESS,UPI,AI Voice
PAY000005657,A001655,2026-07-25 18:00:00,10939.25,SUCCESS,CARD,WhatsApp
PAY000005658,A003584,2025-12-11 08:00:00,9900.84,SUCCESS,UPI,AI Voice
PAY000005659,A002694,2026-02-27 11:00:00,6733.39,SUCCESS,CARD,WhatsApp
PAY000005660,A002827,2026-01-12 16:00:00,9619.51,SUCCESS,UPI,AI Voice
PAY000005661,A000323,2026-01-11 14:00:00,15694.21,FAILED,UPI,Human
PAY000005662,A000570,2026-06-03 21:00:00,7151.0,SUCCESS,CARD,Self_Pay
PAY000005663,A003340,2026-02-05 20:00:00,12393.85,SUCCESS,UPI,Self_Pay
PAY000005664,A003522,2026-08-18 11:00:00,1789.54,SUCCESS,UPI,Field
PAY000005665,A000674,2026-03-10 16:00:00,11544.67,SUCCESS,BANK,Human
PAY000005666,A003474,2026-05-26 09:00:00,3870.82,SUCCESS,CASH,AI Voice
PAY000005667,A002904,2025-10-02 08:00:00,8809.45,SUCCESS,BANK,Self_Pay
PAY000005668,A002592,2026-05-06 20:00:00,8175.19,SUCCESS,CARD,WhatsApp
PAY000005669,A003955,2025-10-20 15:00:00,3514.57,SUCCESS,CASH,Self_Pay
PAY000005670,A001030,2025-09-17 14:00:00,8745.1,SUCCESS,CARD,Field
PAY000005671,A000774,2026-06-13 14:00:00,7047.23,SUCCESS,CASH,AI Voice
PAY000005672,A003683,2026-07-04 09:00:00,4397.52,SUCCESS,UPI,Self_Pay
PAY000005673,A003230,2025-10-15 19:00:00,6849.46,FAILED,CARD,Self_Pay
PAY000005674,A003343,2025-09-12 21:00:00,6348.69,FAILED,UPI,WhatsApp
PAY000005675,A003936,2026-01-13 19:00:00,6515.27,SUCCESS,CARD,Field
PAY000005676,A002334,2025-12-26 12:00:00,8365.79,FAILED,UPI,AI Voice
PAY000005677,A002405,2026-04-14 20:00:00,14628.24,FAILED,CASH,Field
PAY000005678,A003587,2026-04-09 16:00:00,14822.11,FAILED,CASH,Field
PAY000005679,A002786,2026-03-20 11:00:00,6962.26,SUCCESS,UPI,Self_Pay
PAY000005680,A003758,2026-01-04 17:00:00,4653.12,SUCCESS,CASH,Human
PAY000005681,A002331,2025-10-08 15:00:00,3062.04,SUCCESS,UPI,Human
PAY000005682,A000582,2026-06-24 20:00:00,6764.0,SUCCESS,CARD,AI Voice
PAY000005683,A000341,2025-12-21 20:00:00,7057.22,SUCCESS,UPI,Human
PAY000005684,A003235,2026-03-25 13:00:00,4356.68,SUCCESS,BANK,WhatsApp
PAY000005685,A003379,2025-12-03 18:00:00,8182.31,FAILED,BANK,WhatsApp
PAY000005686,A000337,2026-01-19 21:00:00,5056.41,SUCCESS,CASH,WhatsApp
PAY000005687,A000862,2026-06-13 10:00:00,10826.27,SUCCESS,CARD,Self_Pay
PAY000005688,A001241,2026-01-21 21:00:00,7012.8,SUCCESS,BANK,Human
PAY000005689,A001753,2026-03-21 21:00:00,15221.26,FAILED,BANK,Human
PAY000005690,A003571,2025-11-20 07:00:00,6288.23,SUCCESS,BANK,AI Voice
PAY000005691,A001873,2026-07-18 14:00:00,15020.93,SUCCESS,CARD,Human
PAY000005692,A003770,2026-08-11 11:00:00,11264.2,SUCCESS,UPI,AI Voice
PAY000005693,A001907,2025-10-09 07:00:00,4086.95,SUCCESS,CASH,Human
PAY000005694,A000144,2026-08-02 10:00:00,12707.94,SUCCESS,BANK,Human
PAY000005695,A000193,2026-08-01 21:00:00,11593.54,SUCCESS,UPI,WhatsApp
PAY000005696,A000470,2026-08-25 16:00:00,10580.38,SUCCESS,CASH,Self_Pay
PAY000005697,A001881,2026-01-26 21:00:00,6872.2,FAILED,CASH,Self_Pay
PAY000005698,A001999,2025-12-23 09:00:00,10005.32,SUCCESS,CASH,Human
PAY000005699,A002555,2026-07-04 10:00:00,11300.64,FAILED,CARD,AI Voice
PAY000005700,A002584,2025-10-21 13:00:00,6474.77,SUCCESS,UPI,WhatsApp
PAY000005701,A000459,2025-11-10 10:00:00,10767.88,SUCCESS,CASH,WhatsApp
PAY000005702,A001330,2026-06-07 21:00:00,7215.0,SUCCESS,BANK,WhatsApp
PAY000005703,A001734,2025-11-17 13:00:00,14745.08,SUCCESS,BANK,Human
PAY000005704,A001087,2026-02-02 13:00:00,4272.0,SUCCESS,UPI,WhatsApp
PAY000005705,A003889,2026-06-15 08:00:00,10411.76,SUCCESS,UPI,Self_Pay
PAY000005706,A002210,2026-06-18 13:00:00,12814.57,SUCCESS,CARD,Self_Pay
PAY000005707,A002876,2026-01-06 13:00:00,3732.31,SUCCESS,CARD,Human
PAY000005708,A004190,2026-07-14 13:00:00,4016.7,SUCCESS,BANK,WhatsApp
PAY000005709,A001680,2026-06-25 17:00:00,3332.76,SUCCESS,CASH,WhatsApp
PAY000005710,A000644,2026-04-08 21:00:00,6070.36,SUCCESS,CARD,WhatsApp
PAY000005711,A002871,2025-11-01 14:00:00,14090.56,FAILED,CASH,Self_Pay
PAY000005712,A002752,2026-04-08 19:00:00,8313.49,SUCCESS,CASH,WhatsApp
PAY000005713,A000332,2025-10-02 10:00:00,1119.04,SUCCESS,BANK,AI Voice
PAY000005714,A002502,2025-09-20 09:00:00,5996.17,SUCCESS,CARD,WhatsApp
PAY000005715,A000452,2026-07-03 21:00:00,3967.78,SUCCESS,CASH,Field
PAY000005716,A002375,2026-07-04 16:00:00,5516.62,SUCCESS,CASH,Human
PAY000005717,A003427,2026-01-13 16:00:00,3983.41,SUCCESS,CASH,Self_Pay
PAY000005718,A000483,2025-09-11 21:00:00,11721.0,FAILED,UPI,AI Voice
PAY000005719,A002682,2026-04-12 18:00:00,12548.55,SUCCESS,CASH,Human
PAY000005720,A003416,2026-08-05 10:00:00,15719.44,SUCCESS,UPI,AI Voice
PAY000005721,A000962,2026-03-14 07:00:00,6350.1,SUCCESS,UPI,Field
PAY000005722,A003771,2026-01-12 20:00:00,3492.2,SUCCESS,CASH,AI Voice
PAY000005723,A002757,2025-10-18 15:00:00,6432.0,SUCCESS,CASH,Self_Pay
PAY000005724,A003579,2025-12-01 10:00:00,1688.06,SUCCESS,CASH,Field
PAY000005725,A002896,2026-07-18 20:00:00,3542.5,SUCCESS,BANK,Field
PAY000005726,A000806,2025-10-03 13:00:00,15241.4,SUCCESS,BANK,Self_Pay
PAY000005727,A000122,2026-01-07 16:00:00,13585.04,SUCCESS,CARD,Self_Pay
PAY000005728,A001062,2026-06-10 11:00:00,9098.65,SUCCESS,CARD,Human
PAY000005729,A001656,2025-09-19 10:00:00,5333.46,SUCCESS,UPI,Field
PAY000005730,A001796,2026-03-17 08:00:00,7289.99,FAILED,UPI,Self_Pay
PAY000005731,A000457,2025-11-15 21:00:00,1618.08,SUCCESS,BANK,AI Voice
PAY000005732,A003286,2026-06-10 15:00:00,2923.32,SUCCESS,CARD,Human
PAY000005733,A001181,2026-04-23 18:00:00,10772.47,SUCCESS,CASH,WhatsApp
PAY000005734,A002728,2025-12-15 13:00:00,2614.42,SUCCESS,UPI,WhatsApp
PAY000005735,A001283,2026-08-10 08:00:00,12967.31,FAILED,BANK,AI Voice
PAY000005736,A000922,2026-03-06 19:00:00,4832.53,SUCCESS,UPI,Human
PAY000005737,A003258,2026-01-15 15:00:00,4987.0,SUCCESS,UPI,Self_Pay
PAY000005738,A001716,2026-07-15 14:00:00,15602.12,SUCCESS,UPI,WhatsApp
PAY000005739,A001772,2026-02-12 18:00:00,4230.09,SUCCESS,CARD,Self_Pay
PAY000005740,A003798,2025-09-17 14:00:00,8297.0,SUCCESS,BANK,Field
PAY000005741,A001294,2026-03-05 20:00:00,3923.12,SUCCESS,BANK,Human
PAY000005742,A003740,2025-12-11 12:00:00,13318.02,SUCCESS,CARD,Self_Pay
PAY000005743,A000459,2025-12-11 08:00:00,5885.93,SUCCESS,CASH,Self_Pay
PAY000005744,A003917,2026-03-14 12:00:00,13104.32,FAILED,CARD,Field
PAY000005745,A001246,2026-06-10 09:00:00,7548.8,SUCCESS,UPI,AI Voice
PAY000005746,A002713,2025-11-03 12:00:00,7268.32,SUCCESS,CARD,WhatsApp
PAY000005747,A002128,2025-10-25 14:00:00,12145.26,SUCCESS,CASH,Field
PAY000005748,A001291,2026-02-06 20:00:00,6995.77,SUCCESS,CARD,Field
PAY000005749,A003133,2026-03-26 14:00:00,2752.19,SUCCESS,CARD,Human
PAY000005750,A001456,2026-02-02 19:00:00,1363.88,SUCCESS,CASH,WhatsApp
PAY000005751,A000864,2026-04-01 07:00:00,12654.1,SUCCESS,UPI,WhatsApp
PAY000005752,A000655,2026-06-01 11:00:00,9725.17,SUCCESS,UPI,WhatsApp
PAY000005753,A001491,2026-04-25 20:00:00,6023.06,SUCCESS,CARD,Human
PAY000005754,A001215,2025-10-26 09:00:00,6921.99,SUCCESS,CASH,Field
PAY000005755,A003098,2026-02-01 21:00:00,7092.94,SUCCESS,UPI,AI Voice
PAY000005756,A003814,2026-07-24 12:00:00,6078.55,SUCCESS,CASH,Field
PAY000005757,A001455,2026-08-17 11:00:00,1663.32,FAILED,BANK,Field
PAY000005758,A004047,2026-02-23 12:00:00,14967.68,SUCCESS,BANK,Field
PAY000005759,A003860,2025-12-23 20:00:00,14655.4,SUCCESS,CASH,Human
PAY000005760,A000903,2026-04-17 13:00:00,9417.72,SUCCESS,UPI,Field
PAY000005761,A001621,2026-03-03 18:00:00,4411.87,SUCCESS,BANK,Self_Pay
PAY000005762,A000499,2026-02-03 16:00:00,14003.25,SUCCESS,UPI,Field
PAY000005763,A003549,2026-07-24 19:00:00,13781.83,FAILED,CASH,WhatsApp
PAY000005764,A001242,2025-12-08 17:00:00,9714.93,SUCCESS,BANK,Human
PAY000005765,A002494,2026-07-26 21:00:00,1025.03,SUCCESS,UPI,Human
PAY000005766,A003520,2026-06-06 16:00:00,5280.12,SUCCESS,UPI,Self_Pay
PAY000005767,A004082,2025-09-07 19:00:00,5135.19,FAILED,BANK,Human
PAY000005768,A001547,2026-08-23 13:00:00,5272.0,SUCCESS,CARD,WhatsApp
PAY000005769,A001672,2025-12-03 08:00:00,5262.85,FAILED,UPI,Human
PAY000005770,A002538,2026-06-23 15:00:00,2319.43,SUCCESS,CASH,WhatsApp
PAY000005771,A002329,2026-07-26 19:00:00,6444.53,SUCCESS,CARD,Self_Pay
PAY000005772,A003162,2026-04-27 12:00:00,11324.3,SUCCESS,BANK,Self_Pay
PAY000005773,A002563,2025-10-26 10:00:00,7934.13,SUCCESS,CARD,Field
PAY000005774,A001762,2026-01-10 10:00:00,13642.95,SUCCESS,BANK,Self_Pay
PAY000005775,A002719,2026-07-17 08:00:00,1605.19,FAILED,CARD,Human
PAY000005776,A003972,2026-06-16 17:00:00,5903.67,SUCCESS,BANK,WhatsApp
PAY000005777,A003446,2025-10-15 13:00:00,8018.0,FAILED,BANK,AI Voice
PAY000005778,A000112,2026-06-15 11:00:00,2763.42,SUCCESS,CARD,Self_Pay
PAY000005779,A002821,2025-10-26 19:00:00,9847.47,SUCCESS,BANK,Self_Pay
PAY000005780,A003811,2025-11-08 19:00:00,10264.47,FAILED,UPI,AI Voice
PAY000005781,A003677,2026-04-14 08:00:00,8157.82,SUCCESS,BANK,Field
PAY000005782,A001245,2026-06-06 13:00:00,6595.28,FAILED,CARD,WhatsApp
PAY000005783,A001499,2026-02-09 18:00:00,8982.33,SUCCESS,BANK,Field
PAY000005784,A000010,2026-05-06 15:00:00,8556.76,SUCCESS,CASH,AI Voice
PAY000005785,A003430,2025-09-11 10:00:00,4671.79,SUCCESS,CASH,WhatsApp
PAY000005786,A000612,2026-01-04 11:00:00,9103.51,SUCCESS,CARD,Human
PAY000005787,A004086,2025-09-04 11:00:00,7199.74,FAILED,CASH,Human
PAY000005788,A002164,2025-12-05 07:00:00,13300.81,FAILED,BANK,Self_Pay
PAY000005789,A000161,2026-07-14 20:00:00,10245.81,SUCCESS,CASH,AI Voice
PAY000005790,A000129,2026-06-10 07:00:00,2108.41,SUCCESS,CARD,Self_Pay
PAY000005791,A003678,2026-04-20 11:00:00,9031.32,FAILED,CASH,Human
PAY000005792,A000437,2025-12-06 10:00:00,7890.93,SUCCESS,CARD,WhatsApp
PAY000005793,A002397,2026-07-08 11:00:00,8969.41,SUCCESS,CASH,Field
PAY000005794,A000513,2025-10-08 13:00:00,6705.0,SUCCESS,CARD,WhatsApp
PAY000005795,A002441,2026-02-24 09:00:00,9963.38,SUCCESS,UPI,Human
PAY000005796,A004028,2026-02-20 15:00:00,5876.65,SUCCESS,BANK,AI Voice
PAY000005797,A001027,2025-10-07 12:00:00,1487.81,SUCCESS,CASH,AI Voice
PAY000005798,A002734,2025-09-11 09:00:00,8709.72,SUCCESS,BANK,Human
PAY000005799,A002846,2025-10-01 21:00:00,9311.0,FAILED,CASH,Self_Pay
PAY000005800,A000886,2026-01-17 21:00:00,12833.59,SUCCESS,BANK,Self_Pay
PAY000005801,A000231,2026-08-04 12:00:00,10218.61,FAILED,BANK,AI Voice
PAY000005802,A000752,2025-12-21 14:00:00,5290.14,SUCCESS,CARD,Field
PAY000005803,A003663,2026-03-08 12:00:00,7518.85,SUCCESS,CARD,Field
PAY000005804,A002210,2025-10-26 20:00:00,2709.17,SUCCESS,UPI,Human
PAY000005805,A004176,2026-02-09 19:00:00,9245.51,SUCCESS,UPI,Self_Pay
PAY000005806,A000837,2025-12-18 12:00:00,3173.48,SUCCESS,UPI,AI Voice
PAY000005807,A002222,2025-10-22 17:00:00,5252.52,SUCCESS,BANK,WhatsApp
PAY000005808,A000076,2025-09-27 14:00:00,1646.54,SUCCESS,CARD,WhatsApp
PAY000005809,A003965,2025-10-04 07:00:00,6598.61,SUCCESS,UPI,Field
PAY000005810,A003892,2025-09-02 08:00:00,9045.19,SUCCESS,UPI,AI Voice
PAY000005811,A003133,2026-01-04 18:00:00,11505.05,SUCCESS,BANK,Field
PAY000005812,A002267,2025-09-09 13:00:00,5260.69,SUCCESS,CASH,Human
PAY000005813,A003066,2025-09-11 18:00:00,2015.22,SUCCESS,UPI,WhatsApp
PAY000005814,A001522,2026-05-24 09:00:00,12135.0,FAILED,CASH,Self_Pay
PAY000005815,A002523,2026-01-02 13:00:00,9347.42,SUCCESS,CASH,Self_Pay
PAY000005816,A004119,2026-02-24 13:00:00,4710.71,SUCCESS,CASH,Field
PAY000005817,A002529,2026-07-12 10:00:00,14386.71,FAILED,UPI,AI Voice
PAY000005818,A000771,2026-01-09 16:00:00,4491.53,SUCCESS,CASH,Self_Pay
PAY000005819,A001725,2026-03-12 07:00:00,2365.13,SUCCESS,BANK,Self_Pay
PAY000005820,A003977,2026-03-01 18:00:00,4554.0,SUCCESS,CARD,Self_Pay
PAY000005821,A000205,2026-05-08 09:00:00,2597.57,SUCCESS,CASH,Self_Pay
PAY000005822,A000926,2025-09-01 15:00:00,14577.0,SUCCESS,BANK,AI Voice
PAY000005823,A001465,2026-05-06 14:00:00,3027.73,SUCCESS,UPI,AI Voice
PAY000005824,A001320,2026-03-27 13:00:00,3039.66,FAILED,CASH,AI Voice
PAY000005825,A002685,2025-12-27 11:00:00,3269.53,FAILED,UPI,AI Voice
PAY000005826,A000342,2025-11-02 12:00:00,12963.49,SUCCESS,BANK,Human
PAY000005827,A001966,2026-05-26 21:00:00,7249.53,FAILED,BANK,WhatsApp
PAY000005828,A003828,2025-12-18 09:00:00,12482.39,SUCCESS,BANK,Field
PAY000005829,A001142,2026-03-02 09:00:00,4271.52,SUCCESS,CASH,AI Voice
PAY000005830,A002210,2026-01-09 21:00:00,11809.53,SUCCESS,CARD,Field
PAY000005831,A003041,2025-12-17 20:00:00,3425.81,FAILED,UPI,Field
PAY000005832,A000260,2026-03-17 09:00:00,1865.01,SUCCESS,CARD,Human
PAY000005833,A000924,2026-02-20 20:00:00,9164.99,SUCCESS,CARD,AI Voice
PAY000005834,A002426,2026-01-12 13:00:00,5885.19,SUCCESS,UPI,WhatsApp
PAY000005835,A002072,2026-03-11 21:00:00,15189.79,SUCCESS,CARD,Human
PAY000005836,A001926,2025-12-13 15:00:00,6134.07,FAILED,BANK,AI Voice
PAY000005837,A001847,2026-03-05 09:00:00,2586.05,SUCCESS,CASH,WhatsApp
PAY000005838,A000485,2025-10-04 19:00:00,9488.42,SUCCESS,CARD,AI Voice
PAY000005839,A000007,2026-07-18 10:00:00,2148.77,SUCCESS,CARD,Human
PAY000005840,A002925,2026-06-21 14:00:00,14401.59,SUCCESS,BANK,Human
PAY000005841,A003636,2025-10-18 10:00:00,9240.0,SUCCESS,BANK,WhatsApp
PAY000005842,A001808,2025-11-10 10:00:00,13883.09,SUCCESS,CASH,Self_Pay
PAY000005843,A001070,2026-01-20 08:00:00,6324.79,SUCCESS,CARD,Self_Pay
PAY000005844,A003360,2026-01-12 21:00:00,14190.27,SUCCESS,CASH,WhatsApp
PAY000005845,A003808,2025-11-04 17:00:00,11690.42,SUCCESS,CARD,AI Voice
PAY000005846,A003690,2026-06-04 11:00:00,4805.0,SUCCESS,BANK,Human
PAY000005847,A002465,2026-08-24 17:00:00,4683.54,SUCCESS,CARD,WhatsApp
PAY000005848,A000067,2025-10-15 10:00:00,3490.86,SUCCESS,CARD,Human
PAY000005849,A002821,2026-02-02 21:00:00,7221.71,FAILED,CASH,WhatsApp
PAY000005850,A000995,2026-07-06 08:00:00,10821.96,FAILED,UPI,Human
PAY000005851,A000273,2025-11-18 17:00:00,11495.75,SUCCESS,BANK,Self_Pay
PAY000005852,A000207,2026-04-12 09:00:00,6485.43,FAILED,CASH,Human
PAY000005853,A001779,2026-03-06 15:00:00,8086.19,SUCCESS,CARD,Self_Pay
PAY000005854,A002452,2025-09-05 12:00:00,7302.6,SUCCESS,UPI,WhatsApp
PAY000005855,A002820,2025-11-04 14:00:00,9179.87,SUCCESS,CASH,AI Voice
PAY000005856,A000690,2026-02-23 08:00:00,5682.46,SUCCESS,CARD,Human
PAY000005857,A003909,2026-06-19 15:00:00,4471.41,FAILED,CASH,Self_Pay
PAY000005858,A000526,2026-03-20 14:00:00,8144.67,SUCCESS,BANK,Human
PAY000005859,A004042,2025-12-06 13:00:00,5385.23,SUCCESS,CARD,Human
PAY000005860,A000439,2026-08-11 14:00:00,13244.91,FAILED,UPI,Self_Pay
PAY000005861,A000810,2026-04-04 17:00:00,12448.25,SUCCESS,CASH,AI Voice
PAY000005862,A001867,2026-06-25 15:00:00,10837.44,SUCCESS,BANK,Human
PAY000005863,A001145,2026-05-12 09:00:00,12696.56,SUCCESS,CASH,Self_Pay
PAY000005864,A000026,2026-06-08 11:00:00,10065.39,SUCCESS,BANK,AI Voice
PAY000005865,A001511,2025-12-14 11:00:00,1214.75,FAILED,BANK,AI Voice
PAY000005866,A002783,2026-08-02 20:00:00,3304.12,SUCCESS,BANK,AI Voice
PAY000005867,A000213,2025-09-03 14:00:00,3144.69,FAILED,CASH,AI Voice
PAY000005868,A001126,2026-08-17 18:00:00,11193.0,SUCCESS,BANK,Self_Pay
PAY000005869,A001608,2026-06-03 18:00:00,5257.74,SUCCESS,CASH,Field
PAY000005870,A001926,2025-11-27 16:00:00,15896.06,SUCCESS,BANK,Human
PAY000005871,A001823,2026-02-16 13:00:00,9769.62,FAILED,UPI,WhatsApp
PAY000005872,A003907,2026-02-10 14:00:00,4840.31,SUCCESS,CASH,Field
PAY000005873,A000417,2025-10-24 16:00:00,15219.53,FAILED,UPI,Field
PAY000005874,A001921,2026-04-23 17:00:00,1279.69,SUCCESS,UPI,WhatsApp
PAY000005875,A003953,2025-10-24 13:00:00,10824.15,FAILED,CASH,Self_Pay
PAY000005876,A002352,2026-01-26 20:00:00,13375.48,SUCCESS,BANK,WhatsApp
PAY000005877,A002502,2026-01-21 11:00:00,10908.0,SUCCESS,CASH,Self_Pay
PAY000005878,A002756,2026-08-08 14:00:00,9010.05,FAILED,UPI,Field
PAY000005879,A003925,2026-07-16 20:00:00,4304.91,SUCCESS,UPI,WhatsApp
PAY000005880,A003836,2026-07-09 18:00:00,4732.0,SUCCESS,BANK,AI Voice
PAY000005881,A002063,2026-05-01 17:00:00,10794.58,SUCCESS,CARD,AI Voice
PAY000005882,A001409,2026-04-22 20:00:00,7117.8,SUCCESS,UPI,Human
PAY000005883,A001531,2026-07-06 14:00:00,10181.8,SUCCESS,CARD,AI Voice
PAY000005884,A000555,2025-10-21 08:00:00,4924.61,SUCCESS,BANK,Self_Pay
PAY000005885,A002210,2025-12-18 07:00:00,13971.47,FAILED,BANK,WhatsApp
PAY000005886,A003043,2025-11-23 16:00:00,13707.18,FAILED,BANK,Human
PAY000005887,A001819,2025-10-27 15:00:00,7461.36,SUCCESS,CARD,Human
PAY000005888,A002461,2026-06-10 08:00:00,6881.47,SUCCESS,CARD,AI Voice
PAY000005889,A000497,2026-06-12 19:00:00,9302.43,SUCCESS,UPI,WhatsApp
PAY000005890,A001221,2025-11-05 21:00:00,7724.34,SUCCESS,BANK,Self_Pay
PAY000005891,A003671,2026-05-15 07:00:00,11659.68,FAILED,CASH,Self_Pay
PAY000005892,A003784,2026-03-14 21:00:00,15056.92,SUCCESS,UPI,AI Voice
PAY000005893,A001753,2026-08-23 11:00:00,8336.11,SUCCESS,BANK,WhatsApp
PAY000005894,A002992,2026-02-08 07:00:00,10346.88,SUCCESS,CARD,AI Voice
PAY000005895,A000639,2025-09-18 11:00:00,14663.84,FAILED,UPI,Self_Pay
PAY000005896,A002784,2026-08-25 09:00:00,13780.36,SUCCESS,UPI,Field
PAY000005897,A000282,2025-09-13 11:00:00,1805.1,SUCCESS,UPI,Field
PAY000005898,A001274,2026-02-23 11:00:00,14028.02,SUCCESS,BANK,Human
PAY000005899,A000287,2026-08-27 19:00:00,13892.45,SUCCESS,CASH,Field
PAY000005900,A002258,2025-11-18 20:00:00,8502.96,SUCCESS,CARD,Field
PAY000005901,A002451,2025-11-04 20:00:00,6835.13,SUCCESS,UPI,Human
PAY000005902,A002824,2025-09-19 17:00:00,4561.97,SUCCESS,BANK,AI Voice
PAY000005903,A001426,2026-01-04 20:00:00,1823.13,SUCCESS,CASH,Field
PAY000005904,A000097,2026-05-14 14:00:00,8227.66,SUCCESS,UPI,Human
PAY000005905,A000646,2026-01-04 17:00:00,5894.7,SUCCESS,CASH,Field
PAY000005906,A004075,2025-11-11 19:00:00,1575.94,SUCCESS,BANK,Field
PAY000005907,A000608,2026-01-27 18:00:00,10159.89,FAILED,CASH,WhatsApp
PAY000005908,A000646,2025-10-08 09:00:00,11017.73,SUCCESS,UPI,Human
PAY000005909,A002640,2025-11-20 09:00:00,15885.18,SUCCESS,CASH,Field
PAY000005910,A000789,2026-03-27 21:00:00,6077.29,FAILED,BANK,Self_Pay
PAY000005911,A001972,2026-07-26 20:00:00,11318.7,FAILED,BANK,WhatsApp
PAY000005912,A002957,2026-03-26 12:00:00,11786.0,SUCCESS,BANK,Field
PAY000005913,A000950,2026-03-05 11:00:00,15270.67,FAILED,CASH,Human
PAY000005914,A001923,2026-05-16 10:00:00,4225.45,SUCCESS,CARD,Human
PAY000005915,A002314,2026-08-23 18:00:00,3956.02,FAILED,BANK,AI Voice
PAY000005916,A000829,2026-04-25 07:00:00,9484.34,SUCCESS,CASH,Field
PAY000005917,A000413,2026-02-10 13:00:00,6621.6,FAILED,CARD,Self_Pay
PAY000005918,A000100,2026-05-05 19:00:00,9531.61,SUCCESS,BANK,Field
PAY000005919,A003267,2026-02-15 18:00:00,12969.11,FAILED,CARD,AI Voice
PAY000005920,A004192,2026-01-20 09:00:00,1384.56,SUCCESS,UPI,AI Voice
PAY000005921,A003206,2025-09-11 12:00:00,8481.37,SUCCESS,CASH,Human
PAY000005922,A001393,2026-03-17 10:00:00,9764.39,SUCCESS,CASH,Human
PAY000005923,A003785,2026-02-25 14:00:00,6200.96,FAILED,CARD,AI Voice
PAY000005924,A001984,2025-10-17 08:00:00,11616.4,SUCCESS,UPI,Human
PAY000005925,A000915,2025-10-02 17:00:00,8270.98,SUCCESS,BANK,Human
PAY000005926,A003659,2026-08-01 21:00:00,13873.0,SUCCESS,CASH,Human
PAY000005927,A001129,2025-12-22 12:00:00,4974.05,SUCCESS,CARD,Field
PAY000005928,A000037,2025-12-06 16:00:00,7850.41,SUCCESS,CASH,WhatsApp
PAY000005929,A003672,2026-08-24 16:00:00,13802.49,SUCCESS,UPI,AI Voice
PAY000005930,A000600,2026-06-03 12:00:00,10075.51,SUCCESS,CARD,Human
PAY000005931,A001309,2026-02-10 15:00:00,3871.74,SUCCESS,UPI,AI Voice
PAY000005932,A001898,2026-06-02 13:00:00,4670.81,SUCCESS,BANK,Human
PAY000005933,A000565,2026-02-06 13:00:00,3864.58,SUCCESS,CASH,Field
PAY000005934,A002653,2026-03-23 10:00:00,8313.35,FAILED,CARD,WhatsApp
PAY000005935,A003968,2025-12-26 08:00:00,14531.28,SUCCESS,UPI,Human
PAY000005936,A002258,2026-01-19 19:00:00,1159.53,FAILED,UPI,WhatsApp
PAY000005937,A001972,2026-02-11 12:00:00,6584.23,SUCCESS,BANK,Human
PAY000005938,A002926,2025-10-04 14:00:00,14587.3,FAILED,BANK,Self_Pay
PAY000005939,A002959,2026-03-24 14:00:00,10754.49,SUCCESS,CARD,WhatsApp
PAY000005940,A002364,2026-03-07 16:00:00,8772.09,FAILED,CARD,Self_Pay
PAY000005941,A001908,2026-01-11 09:00:00,4428.0,SUCCESS,CASH,Human
PAY000005942,A003609,2026-03-09 15:00:00,4016.2,FAILED,BANK,Self_Pay
PAY000005943,A001024,2026-05-06 14:00:00,7845.18,SUCCESS,CARD,Self_Pay
PAY000005944,A001571,2026-03-25 21:00:00,4927.82,SUCCESS,BANK,AI Voice
PAY000005945,A000159,2025-10-04 08:00:00,4278.29,SUCCESS,BANK,WhatsApp
PAY000005946,A001255,2025-10-18 16:00:00,8964.66,SUCCESS,BANK,WhatsApp
PAY000005947,A002790,2026-05-05 13:00:00,3799.04,SUCCESS,BANK,Human
PAY000005948,A003214,2026-02-15 14:00:00,3593.12,SUCCESS,CASH,Self_Pay
PAY000005949,A002698,2026-03-19 20:00:00,11684.18,SUCCESS,CASH,WhatsApp
PAY000005950,A001116,2026-02-20 16:00:00,11325.0,SUCCESS,CARD,WhatsApp
PAY000005951,A004166,2025-11-25 16:00:00,5852.78,SUCCESS,CARD,Human
PAY000005952,A001909,2026-01-15 21:00:00,14456.82,SUCCESS,BANK,Human
PAY000005953,A002680,2026-01-10 11:00:00,4281.0,SUCCESS,BANK,WhatsApp
PAY000005954,A003123,2025-11-13 14:00:00,14146.47,FAILED,CARD,Human
PAY000005955,A002263,2025-10-02 18:00:00,1250.02,SUCCESS,UPI,AI Voice
PAY000005956,A000476,2026-03-06 07:00:00,1237.61,SUCCESS,CARD,Self_Pay
PAY000005957,A001838,2025-10-13 10:00:00,15819.5,SUCCESS,BANK,AI Voice
PAY000005958,A002614,2026-08-15 13:00:00,12619.0,SUCCESS,BANK,Human
PAY000005959,A001704,2025-10-16 10:00:00,8581.49,SUCCESS,CARD,Human
PAY000005960,A001119,2026-02-25 17:00:00,12603.63,SUCCESS,CASH,Field
PAY000005961,A001931,2026-04-22 14:00:00,11338.0,SUCCESS,UPI,AI Voice
PAY000005962,A003530,2025-11-03 19:00:00,11498.27,FAILED,BANK,WhatsApp
PAY000005963,A002321,2025-12-10 10:00:00,4541.63,SUCCESS,BANK,WhatsApp
PAY000005964,A002834,2025-09-18 17:00:00,7857.83,SUCCESS,UPI,Field
PAY000005965,A000425,2025-09-11 18:00:00,3804.97,SUCCESS,CARD,Human
PAY000005966,A000487,2026-03-23 15:00:00,7433.4,SUCCESS,CARD,Field
PAY000005967,A002666,2026-03-21 16:00:00,2967.66,SUCCESS,UPI,WhatsApp
PAY000005968,A000253,2026-05-16 20:00:00,4747.04,SUCCESS,CASH,AI Voice
PAY000005969,A002254,2026-05-05 18:00:00,14021.11,SUCCESS,CASH,Self_Pay
PAY000005970,A000901,2026-02-14 11:00:00,10836.9,SUCCESS,UPI,Field
PAY000005971,A003718,2025-10-03 19:00:00,5461.0,SUCCESS,BANK,Human
PAY000005972,A001139,2026-04-27 14:00:00,3274.79,SUCCESS,CASH,Field
PAY000005973,A001387,2026-05-01 18:00:00,10327.33,SUCCESS,CARD,Self_Pay
PAY000005974,A001683,2025-11-13 08:00:00,3792.89,SUCCESS,CASH,Field
PAY000005975,A003605,2025-12-08 20:00:00,3228.0,SUCCESS,BANK,AI Voice
PAY000005976,A001082,2025-12-15 07:00:00,12185.71,SUCCESS,CARD,WhatsApp
PAY000005977,A002621,2026-08-09 18:00:00,12076.43,SUCCESS,CASH,Self_Pay
PAY000005978,A000863,2025-11-20 15:00:00,10491.36,FAILED,UPI,Human
PAY000005979,A000011,2026-02-03 20:00:00,10381.52,SUCCESS,CARD,Self_Pay
PAY000005980,A003747,2025-09-26 15:00:00,12730.21,SUCCESS,CASH,Self_Pay
PAY000005981,A002571,2026-07-23 17:00:00,11350.94,SUCCESS,CASH,AI Voice
PAY000005982,A004007,2025-10-12 17:00:00,15098.4,SUCCESS,BANK,Field
PAY000005983,A003066,2026-03-10 14:00:00,6844.13,FAILED,CASH,WhatsApp
PAY000005984,A000214,2026-06-17 13:00:00,9043.68,FAILED,CASH,WhatsApp
PAY000005985,A000460,2025-12-22 19:00:00,2319.98,FAILED,UPI,AI Voice
PAY000005986,A002479,2026-01-03 08:00:00,1810.17,SUCCESS,CASH,Field
PAY000005987,A001028,2026-08-21 12:00:00,10555.0,SUCCESS,CASH,Human
PAY000005988,A000761,2026-01-10 19:00:00,14906.71,FAILED,CARD,WhatsApp
PAY000005989,A000663,2026-01-09 17:00:00,11621.0,SUCCESS,CARD,Field
PAY000005990,A003994,2026-03-17 15:00:00,3100.01,FAILED,CASH,AI Voice
PAY000005991,A000885,2026-02-03 08:00:00,14922.61,SUCCESS,CARD,Field
PAY000005992,A000871,2026-07-02 19:00:00,7681.0,SUCCESS,UPI,Human
PAY000005993,A002187,2026-06-25 12:00:00,6641.66,SUCCESS,UPI,AI Voice
PAY000005994,A002343,2026-06-24 07:00:00,15451.93,SUCCESS,BANK,AI Voice
PAY000005995,A002852,2026-01-14 13:00:00,5107.08,FAILED,BANK,Self_Pay
PAY000005996,A004080,2026-01-14 08:00:00,4070.45,FAILED,CARD,WhatsApp
PAY000005997,A003112,2026-05-07 16:00:00,4884.75,SUCCESS,CASH,AI Voice
PAY000005998,A000089,2026-03-11 09:00:00,5147.18,SUCCESS,CARD,Human
PAY000005999,A001189,2025-10-11 21:00:00,9891.5,SUCCESS,CARD,Human
PAY000006000,A000405,2025-09-05 13:00:00,11460.3,SUCCESS,CASH,Human
PAY000006001,A000712,2026-04-11 09:00:00,9337.23,FAILED,CASH,Human
PAY000006002,A002699,2026-03-26 14:00:00,15450.97,SUCCESS,CASH,WhatsApp
PAY000006003,A002376,2025-11-04 21:00:00,1010.72,SUCCESS,BANK,Field
PAY000006004,A000248,2026-02-18 16:00:00,4135.64,FAILED,UPI,AI Voice
PAY000006005,A003345,2026-03-18 15:00:00,13444.86,FAILED,CASH,AI Voice
PAY000006006,A000888,2026-02-03 14:00:00,9279.25,SUCCESS,UPI,Self_Pay
PAY000006007,A001584,2026-06-12 16:00:00,12404.98,SUCCESS,CARD,Human
PAY000006008,A002292,2026-06-13 19:00:00,11049.88,SUCCESS,UPI,Field
PAY000006009,A003226,2026-01-21 16:00:00,2037.98,SUCCESS,UPI,Field
PAY000006010,A001985,2026-01-26 09:00:00,9717.22,FAILED,UPI,Human
PAY000006011,A000811,2025-11-12 16:00:00,3635.42,SUCCESS,CASH,Field
PAY000006012,A004044,2025-10-21 21:00:00,8992.94,FAILED,CARD,Field
PAY000006013,A003512,2026-08-06 11:00:00,3099.68,SUCCESS,BANK,WhatsApp
PAY000006014,A003345,2026-01-20 13:00:00,1129.03,FAILED,CARD,WhatsApp
PAY000006015,A001770,2025-12-18 13:00:00,9339.0,SUCCESS,UPI,Self_Pay
PAY000006016,A001736,2026-05-09 08:00:00,11368.35,FAILED,CASH,Field
PAY000006017,A002509,2025-12-04 20:00:00,10916.03,SUCCESS,BANK,Human
PAY000006018,A000016,2026-07-10 18:00:00,1816.82,FAILED,BANK,AI Voice
PAY000006019,A003041,2026-01-24 09:00:00,8938.28,SUCCESS,BANK,Self_Pay
PAY000006020,A003689,2026-04-27 18:00:00,8002.36,SUCCESS,UPI,WhatsApp
PAY000006021,A001958,2026-05-17 16:00:00,4362.19,FAILED,BANK,AI Voice
PAY000006022,A003723,2026-08-20 10:00:00,3590.53,SUCCESS,BANK,WhatsApp
PAY000006023,A000788,2025-11-23 14:00:00,6271.49,FAILED,CARD,AI Voice
PAY000006024,A000317,2025-10-01 19:00:00,2098.85,SUCCESS,BANK,Field
PAY000006025,A000213,2026-03-17 19:00:00,3563.18,SUCCESS,CARD,WhatsApp
PAY000006026,A001388,2026-02-20 15:00:00,15717.75,SUCCESS,CASH,AI Voice
PAY000006027,A000135,2025-11-07 15:00:00,1611.25,FAILED,UPI,Field
PAY000006028,A002876,2026-06-05 12:00:00,3191.02,SUCCESS,CARD,Self_Pay
PAY000006029,A000093,2026-05-26 14:00:00,11964.0,SUCCESS,CASH,Field
PAY000006030,A003931,2026-01-25 18:00:00,4347.26,SUCCESS,UPI,WhatsApp
PAY000006031,A002826,2026-08-03 17:00:00,12385.56,FAILED,CARD,WhatsApp
PAY000006032,A001034,2026-01-06 12:00:00,8680.19,SUCCESS,CARD,Self_Pay
PAY000006033,A002825,2026-07-08 07:00:00,14742.57,SUCCESS,CASH,Human
PAY000006034,A004038,2025-09-09 20:00:00,15348.56,SUCCESS,BANK,Human
PAY000006035,A003858,2026-07-16 20:00:00,10113.54,SUCCESS,BANK,Field
PAY000006036,A002742,2025-10-24 15:00:00,11329.0,FAILED,BANK,Self_Pay
PAY000006037,A000393,2025-11-02 17:00:00,1517.51,FAILED,CARD,WhatsApp
PAY000006038,A001855,2026-04-14 18:00:00,14458.65,SUCCESS,BANK,Human
PAY000006039,A003417,2026-06-19 09:00:00,1682.9,FAILED,CARD,Field
PAY000006040,A002208,2025-09-20 19:00:00,3124.78,FAILED,CARD,WhatsApp
PAY000006041,A002797,2026-07-16 20:00:00,7609.22,FAILED,CARD,Human
PAY000006042,A000065,2026-03-25 12:00:00,15759.99,FAILED,BANK,Human
PAY000006043,A003976,2026-03-05 09:00:00,1833.79,SUCCESS,BANK,Field
PAY000006044,A000828,2026-04-23 07:00:00,2663.74,SUCCESS,CARD,AI Voice
PAY000006045,A001751,2026-02-23 17:00:00,13396.37,FAILED,BANK,Field
PAY000006046,A000123,2026-04-07 20:00:00,12498.0,SUCCESS,CARD,Field
PAY000006047,A002660,2025-09-10 17:00:00,7018.62,SUCCESS,BANK,Field
PAY000006048,A002863,2025-10-19 12:00:00,8383.48,FAILED,BANK,AI Voice
PAY000006049,A003143,2026-06-07 13:00:00,10161.0,SUCCESS,CASH,Self_Pay
PAY000006050,A000120,2025-10-27 08:00:00,5868.92,FAILED,BANK,Self_Pay
PAY000006051,A002741,2026-06-10 12:00:00,5760.37,SUCCESS,CASH,WhatsApp
PAY000006052,A000816,2026-02-21 09:00:00,15895.76,SUCCESS,CARD,Self_Pay
PAY000006053,A003913,2025-12-24 20:00:00,15004.19,SUCCESS,CARD,Human
PAY000006054,A003451,2026-07-09 20:00:00,1021.79,SUCCESS,CARD,WhatsApp
PAY000006055,A003920,2026-02-26 21:00:00,1590.41,FAILED,CARD,AI Voice
PAY000006056,A002753,2026-02-20 11:00:00,10549.09,FAILED,UPI,Self_Pay
PAY000006057,A004048,2026-06-27 09:00:00,10463.54,SUCCESS,CASH,Field
PAY000006058,A001741,2026-05-23 19:00:00,5361.36,SUCCESS,CARD,Self_Pay
PAY000006059,A003640,2026-05-17 17:00:00,2752.78,FAILED,BANK,Field
PAY000006060,A001670,2026-06-27 13:00:00,1339.16,FAILED,BANK,Field
PAY000006061,A001924,2026-07-06 18:00:00,8780.82,SUCCESS,UPI,WhatsApp
PAY000006062,A001875,2026-07-02 15:00:00,3204.41,SUCCESS,BANK,Field
PAY000006063,A003477,2025-09-13 16:00:00,13802.17,SUCCESS,CARD,Self_Pay
PAY000006064,A002837,2026-03-03 16:00:00,4803.84,SUCCESS,UPI,Self_Pay
PAY000006065,A001367,2025-10-26 16:00:00,8947.0,SUCCESS,CARD,Field
PAY000006066,A002052,2026-08-18 11:00:00,10065.18,SUCCESS,CASH,Self_Pay
PAY000006067,A003911,2026-06-20 09:00:00,3983.62,SUCCESS,BANK,WhatsApp
PAY000006068,A003586,2026-07-16 07:00:00,8671.21,FAILED,CASH,Field
PAY000006069,A000047,2026-04-05 17:00:00,5380.42,SUCCESS,BANK,WhatsApp
PAY000006070,A003658,2026-06-13 19:00:00,4631.5,SUCCESS,UPI,AI Voice
PAY000006071,A000557,2026-06-18 17:00:00,9899.58,SUCCESS,CARD,Self_Pay
PAY000006072,A002454,2026-07-16 21:00:00,13247.87,FAILED,CARD,Self_Pay
PAY000006073,A003709,2026-01-25 15:00:00,1376.52,SUCCESS,CARD,WhatsApp
PAY000006074,A001681,2026-01-17 08:00:00,1230.78,SUCCESS,CASH,Self_Pay
PAY000006075,A002958,2026-02-04 14:00:00,2538.01,FAILED,CASH,Field
PAY000006076,A000030,2026-08-27 07:00:00,10276.0,SUCCESS,CASH,Human
PAY000006077,A000713,2025-12-02 14:00:00,4471.61,FAILED,BANK,Human
PAY000006078,A001108,2026-04-06 11:00:00,9665.74,SUCCESS,CASH,WhatsApp
PAY000006079,A000147,2026-04-20 15:00:00,6159.1,SUCCESS,BANK,AI Voice
PAY000006080,A001525,2026-05-21 14:00:00,8766.42,SUCCESS,UPI,AI Voice
PAY000006081,A000418,2026-02-18 10:00:00,8879.64,FAILED,BANK,AI Voice
PAY000006082,A001509,2026-02-08 07:00:00,9987.58,SUCCESS,CASH,WhatsApp
PAY000006083,A001133,2026-05-11 13:00:00,6054.79,FAILED,CARD,Human
PAY000006084,A001189,2026-07-17 19:00:00,15560.35,SUCCESS,CASH,WhatsApp
PAY000006085,A003055,2026-05-21 13:00:00,3615.19,SUCCESS,CASH,Field
PAY000006086,A002629,2025-12-05 16:00:00,11216.76,SUCCESS,CASH,Field
PAY000006087,A002870,2026-05-23 19:00:00,12584.61,SUCCESS,UPI,Field
PAY000006088,A001723,2025-09-13 15:00:00,5658.29,SUCCESS,CARD,AI Voice
PAY000006089,A002508,2026-05-10 10:00:00,1958.85,FAILED,CASH,Human
PAY000006090,A001293,2026-02-13 08:00:00,13868.83,SUCCESS,UPI,Self_Pay
PAY000006091,A003369,2026-01-01 17:00:00,7441.77,SUCCESS,CASH,WhatsApp
PAY000006092,A001798,2026-08-11 17:00:00,12506.71,SUCCESS,CASH,WhatsApp
PAY000006093,A003451,2026-01-19 18:00:00,5348.52,SUCCESS,CARD,AI Voice
PAY000006094,A000375,2026-06-01 15:00:00,4024.87,FAILED,UPI,Human
PAY000006095,A000304,2026-05-08 08:00:00,14315.98,SUCCESS,BANK,AI Voice
PAY000006096,A000815,2026-03-02 14:00:00,7294.0,SUCCESS,UPI,Human
PAY000006097,A000064,2025-10-19 11:00:00,13364.23,SUCCESS,UPI,AI Voice
PAY000006098,A001833,2026-01-27 14:00:00,15875.37,SUCCESS,UPI,Field
PAY000006099,A001765,2026-01-02 18:00:00,6214.08,SUCCESS,UPI,Field
PAY000006100,A003081,2026-03-06 10:00:00,5653.6,SUCCESS,UPI,AI Voice
PAY000006101,A001131,2025-12-11 11:00:00,2732.56,SUCCESS,CASH,WhatsApp
PAY000006102,A002395,2025-09-04 19:00:00,14246.0,SUCCESS,CASH,Field
PAY000006103,A003521,2025-12-15 07:00:00,6488.86,FAILED,UPI,Human
PAY000006104,A001711,2026-07-21 15:00:00,10164.26,FAILED,CASH,WhatsApp
PAY000006105,A001897,2025-11-27 21:00:00,4433.93,SUCCESS,CASH,Field
PAY000006106,A002062,2026-06-15 11:00:00,3167.65,SUCCESS,BANK,AI Voice
PAY000006107,A000080,2026-07-03 17:00:00,6759.38,SUCCESS,CARD,Field
PAY000006108,A000446,2025-09-23 14:00:00,12587.93,SUCCESS,CARD,AI Voice
PAY000006109,A003121,2026-06-10 16:00:00,8304.74,SUCCESS,UPI,AI Voice
PAY000006110,A001049,2026-03-02 14:00:00,15284.0,FAILED,BANK,WhatsApp
PAY000006111,A002720,2026-07-10 12:00:00,11569.4,SUCCESS,UPI,Self_Pay
PAY000006112,A000635,2026-02-17 09:00:00,7566.67,SUCCESS,CARD,Self_Pay
PAY000006113,A000059,2026-08-10 16:00:00,9452.01,SUCCESS,CASH,Self_Pay
PAY000006114,A002347,2026-05-18 12:00:00,12176.6,SUCCESS,UPI,AI Voice
PAY000006115,A001381,2026-04-18 14:00:00,4423.4,SUCCESS,BANK,Field
PAY000006116,A001012,2026-03-18 15:00:00,6228.19,SUCCESS,UPI,Field
PAY000006117,A003690,2026-01-07 21:00:00,4805.0,SUCCESS,BANK,Human
PAY000006118,A003743,2026-02-25 09:00:00,9399.52,FAILED,BANK,AI Voice
PAY000006119,A003678,2026-08-17 21:00:00,5743.01,FAILED,BANK,WhatsApp
PAY000006120,A002097,2025-12-14 20:00:00,9495.96,SUCCESS,BANK,AI Voice
PAY000006121,A000888,2026-04-18 21:00:00,15063.02,FAILED,CASH,Human
PAY000006122,A002794,2026-04-21 18:00:00,14457.13,SUCCESS,UPI,WhatsApp
PAY000006123,A003608,2025-10-21 15:00:00,9560.7,SUCCESS,CASH,Field
PAY000006124,A002244,2026-08-08 08:00:00,10445.23,FAILED,CARD,Field
PAY000006125,A003711,2025-09-17 07:00:00,5817.6,SUCCESS,UPI,Human
PAY000006126,A000845,2026-08-12 09:00:00,4987.91,FAILED,CASH,WhatsApp
PAY000006127,A000738,2026-06-03 20:00:00,8389.8,SUCCESS,CASH,Self_Pay
PAY000006128,A003787,2026-04-21 15:00:00,6015.03,SUCCESS,CASH,Field
PAY000006129,A001950,2025-09-20 09:00:00,14152.9,SUCCESS,CARD,WhatsApp
PAY000006130,A002092,2026-08-12 18:00:00,2580.36,SUCCESS,UPI,Self_Pay
PAY000006131,A003227,2026-03-02 20:00:00,2710.79,SUCCESS,UPI,Human
PAY000006132,A001347,2025-09-19 17:00:00,9822.25,FAILED,CARD,WhatsApp
PAY000006133,A002513,2026-04-20 11:00:00,4556.81,SUCCESS,CASH,AI Voice
PAY000006134,A000427,2026-05-03 08:00:00,2487.6,FAILED,BANK,WhatsApp
PAY000006135,A001155,2026-07-10 17:00:00,7191.93,SUCCESS,CARD,Field
PAY000006136,A000358,2026-06-25 07:00:00,1998.46,FAILED,UPI,WhatsApp
PAY000006137,A000914,2025-09-03 17:00:00,1683.04,SUCCESS,UPI,WhatsApp
PAY000006138,A002050,2025-09-07 07:00:00,8148.36,SUCCESS,UPI,AI Voice
PAY000006139,A001134,2026-08-17 09:00:00,15051.59,SUCCESS,BANK,Field
PAY000006140,A003613,2026-01-08 16:00:00,2100.65,SUCCESS,CARD,Self_Pay
PAY000006141,A000651,2026-08-17 10:00:00,9097.0,SUCCESS,CARD,WhatsApp
PAY000006142,A002625,2026-05-06 11:00:00,2903.1,SUCCESS,CARD,Self_Pay
PAY000006143,A002335,2025-12-11 08:00:00,1248.66,FAILED,CASH,WhatsApp
PAY000006144,A001942,2026-05-08 15:00:00,7238.65,SUCCESS,CASH,Self_Pay
PAY000006145,A000864,2026-04-22 11:00:00,11720.1,SUCCESS,CASH,AI Voice
PAY000006146,A000423,2026-01-09 20:00:00,10440.0,FAILED,CARD,AI Voice
PAY000006147,A000334,2025-10-05 09:00:00,7935.96,SUCCESS,CASH,AI Voice
PAY000006148,A001649,2026-08-15 07:00:00,5923.68,SUCCESS,BANK,AI Voice
PAY000006149,A003171,2026-08-23 21:00:00,2652.11,SUCCESS,BANK,Self_Pay
PAY000006150,A000060,2026-06-08 11:00:00,9742.51,SUCCESS,CASH,Self_Pay
PAY000006151,A003349,2025-11-16 19:00:00,13998.43,FAILED,BANK,Field
PAY000006152,A000015,2026-03-15 11:00:00,11581.01,SUCCESS,CASH,Field
PAY000006153,A003103,2026-04-10 21:00:00,5887.0,FAILED,UPI,Field
PAY000006154,A003583,2025-09-24 20:00:00,9181.44,SUCCESS,CARD,Self_Pay
PAY000006155,A003039,2026-02-22 08:00:00,12177.75,SUCCESS,BANK,WhatsApp
PAY000006156,A000354,2026-04-16 21:00:00,15093.98,SUCCESS,CASH,Field
PAY000006157,A000246,2026-02-09 21:00:00,10062.9,SUCCESS,UPI,Field
PAY000006158,A000004,2026-01-04 16:00:00,3955.25,SUCCESS,CARD,Field
PAY000006159,A001211,2026-07-03 11:00:00,14197.29,SUCCESS,BANK,AI Voice
PAY000006160,A001416,2026-08-09 13:00:00,13034.0,FAILED,CASH,AI Voice
PAY000006161,A001729,2025-10-17 19:00:00,15961.78,SUCCESS,BANK,Field
PAY000006162,A003467,2025-10-17 15:00:00,4746.7,SUCCESS,CARD,Human
PAY000006163,A001227,2026-01-18 18:00:00,15326.84,SUCCESS,BANK,Self_Pay
PAY000006164,A002428,2025-09-24 08:00:00,4406.66,SUCCESS,BANK,WhatsApp
PAY000006165,A003248,2026-02-11 20:00:00,15156.18,FAILED,CASH,Self_Pay
PAY000006166,A003404,2026-07-17 17:00:00,4031.39,SUCCESS,BANK,AI Voice
PAY000006167,A001440,2025-09-26 12:00:00,13663.61,SUCCESS,BANK,WhatsApp
PAY000006168,A000616,2025-12-04 15:00:00,5662.69,SUCCESS,UPI,Field
PAY000006169,A004000,2026-04-02 13:00:00,8417.63,SUCCESS,UPI,WhatsApp
PAY000006170,A000714,2026-06-26 13:00:00,11606.81,SUCCESS,CASH,Self_Pay
PAY000006171,A000661,2026-05-20 11:00:00,8820.79,FAILED,CARD,AI Voice
PAY000006172,A000677,2026-05-17 14:00:00,8790.78,FAILED,UPI,Human
PAY000006173,A003076,2026-06-14 09:00:00,3943.22,FAILED,CARD,AI Voice
PAY000006174,A002082,2025-10-27 09:00:00,10770.71,FAILED,CARD,WhatsApp
PAY000006175,A002903,2026-08-21 13:00:00,13827.27,SUCCESS,CARD,Field
PAY000006176,A000404,2026-02-08 12:00:00,1024.46,FAILED,CASH,Field
PAY000006177,A001608,2026-07-13 09:00:00,14144.17,SUCCESS,CASH,Human
PAY000006178,A002166,2026-03-13 07:00:00,7846.66,SUCCESS,UPI,Self_Pay
PAY000006179,A001990,2026-04-14 09:00:00,9286.0,SUCCESS,UPI,Human
PAY000006180,A001497,2026-04-02 13:00:00,1648.44,SUCCESS,CASH,Self_Pay
PAY000006181,A003944,2026-01-24 09:00:00,15973.73,SUCCESS,CARD,AI Voice
PAY000006182,A000193,2026-04-09 16:00:00,8299.11,SUCCESS,CASH,AI Voice
PAY000006183,A001910,2025-11-12 15:00:00,15024.99,SUCCESS,CARD,Human
PAY000006184,A003323,2026-02-04 12:00:00,13369.29,SUCCESS,UPI,AI Voice
PAY000006185,A001167,2026-05-08 10:00:00,4509.52,FAILED,UPI,AI Voice
PAY000006186,A003177,2025-12-09 20:00:00,13752.15,SUCCESS,CASH,Human
PAY000006187,A000154,2025-12-09 13:00:00,11741.58,SUCCESS,CASH,Self_Pay
PAY000006188,A003744,2026-03-24 10:00:00,9448.76,SUCCESS,UPI,Self_Pay
PAY000006189,A002239,2026-05-02 10:00:00,1013.36,FAILED,UPI,AI Voice
PAY000006190,A000760,2026-03-09 18:00:00,13445.27,SUCCESS,UPI,AI Voice
PAY000006191,A003044,2025-09-06 08:00:00,13034.28,SUCCESS,BANK,AI Voice
PAY000006192,A004084,2026-08-08 07:00:00,14642.65,SUCCESS,CARD,Self_Pay
PAY000006193,A001712,2025-11-12 12:00:00,2882.32,SUCCESS,UPI,Human
PAY000006194,A003006,2026-02-09 10:00:00,2526.37,SUCCESS,BANK,WhatsApp
PAY000006195,A000804,2026-07-25 21:00:00,5744.09,SUCCESS,BANK,Self_Pay
PAY000006196,A003116,2025-10-10 19:00:00,6267.14,SUCCESS,CASH,AI Voice
PAY000006197,A002272,2025-10-26 17:00:00,3552.76,SUCCESS,CARD,Self_Pay
PAY000006198,A000031,2026-05-26 14:00:00,14156.0,FAILED,CASH,AI Voice
PAY000006199,A001909,2025-10-17 14:00:00,8388.47,SUCCESS,CARD,AI Voice
PAY000006200,A003699,2026-04-20 11:00:00,2044.87,SUCCESS,UPI,Human
PAY000006201,A003312,2026-08-03 17:00:00,1990.1,SUCCESS,CARD,AI Voice
PAY000006202,A002522,2025-12-14 07:00:00,14545.86,SUCCESS,UPI,AI Voice
PAY000006203,A000920,2025-10-18 07:00:00,14936.0,FAILED,UPI,WhatsApp
PAY000006204,A001759,2026-08-01 10:00:00,5978.0,SUCCESS,BANK,Self_Pay
PAY000006205,A002181,2026-08-10 08:00:00,6889.86,SUCCESS,UPI,Human
PAY000006206,A000460,2026-03-01 17:00:00,7308.8,SUCCESS,CASH,WhatsApp
PAY000006207,A001373,2025-12-21 18:00:00,12784.14,SUCCESS,CASH,WhatsApp
PAY000006208,A000176,2026-07-20 18:00:00,4930.0,SUCCESS,UPI,WhatsApp
PAY000006209,A002372,2026-02-16 13:00:00,8733.94,SUCCESS,CASH,Human
PAY000006210,A001984,2026-06-15 11:00:00,6764.29,FAILED,CARD,Self_Pay
PAY000006211,A002558,2025-12-15 20:00:00,12693.79,SUCCESS,BANK,WhatsApp
PAY000006212,A000804,2026-07-17 21:00:00,8113.62,SUCCESS,UPI,Human
PAY000006213,A003484,2026-05-23 08:00:00,2969.02,FAILED,UPI,Human
PAY000006214,A002437,2026-06-20 10:00:00,7911.12,FAILED,CARD,WhatsApp
PAY000006215,A002177,2026-03-09 21:00:00,2722.96,FAILED,CASH,AI Voice
PAY000006216,A003880,2026-08-13 18:00:00,5720.26,SUCCESS,CASH,WhatsApp
PAY000006217,A001048,2026-05-05 17:00:00,2853.66,FAILED,CARD,Human
PAY000006218,A003199,2026-04-22 14:00:00,15987.15,FAILED,BANK,Field
PAY000006219,A002418,2026-05-26 16:00:00,8252.03,FAILED,CASH,Human
PAY000006220,A002065,2025-10-12 08:00:00,1620.81,FAILED,BANK,Human
PAY000006221,A001373,2025-11-07 09:00:00,13305.44,SUCCESS,CARD,Field
PAY000006222,A000822,2026-06-22 21:00:00,7598.11,FAILED,CASH,WhatsApp
PAY000006223,A003773,2025-11-17 19:00:00,11712.51,SUCCESS,CASH,Field
PAY000006224,A000419,2025-12-27 09:00:00,6241.43,FAILED,UPI,WhatsApp
PAY000006225,A003310,2025-11-11 12:00:00,9171.98,SUCCESS,BANK,Human
PAY000006226,A001343,2026-04-24 11:00:00,4674.87,SUCCESS,BANK,Field
PAY000006227,A001140,2025-10-10 16:00:00,7640.31,SUCCESS,BANK,Human
PAY000006228,A003279,2026-08-11 21:00:00,9978.21,SUCCESS,BANK,AI Voice
PAY000006229,A001935,2026-03-21 07:00:00,4778.91,FAILED,CASH,Field
PAY000006230,A001984,2026-05-13 09:00:00,7398.46,SUCCESS,UPI,Field
PAY000006231,A001699,2026-02-03 15:00:00,4913.9,FAILED,CARD,WhatsApp
PAY000006232,A003059,2026-03-06 15:00:00,10177.45,SUCCESS,CARD,AI Voice
PAY000006233,A000219,2026-03-24 07:00:00,1777.64,SUCCESS,CASH,AI Voice
PAY000006234,A001009,2025-12-11 11:00:00,9948.66,FAILED,UPI,AI Voice
PAY000006235,A001979,2026-04-12 15:00:00,6256.24,SUCCESS,UPI,WhatsApp
PAY000006236,A004074,2026-06-04 20:00:00,12280.86,SUCCESS,CASH,Human
PAY000006237,A003417,2025-09-17 16:00:00,10510.6,FAILED,CARD,WhatsApp
PAY000006238,A004071,2026-03-23 20:00:00,1032.61,SUCCESS,BANK,Self_Pay
PAY000006239,A001831,2025-11-11 07:00:00,8457.16,SUCCESS,CARD,WhatsApp
PAY000006240,A000464,2026-03-17 21:00:00,6411.64,SUCCESS,BANK,AI Voice
PAY000006241,A000695,2025-09-21 15:00:00,8817.6,SUCCESS,UPI,Self_Pay
PAY000006242,A000062,2026-07-26 19:00:00,14525.31,SUCCESS,CASH,Human
PAY000006243,A003455,2026-02-26 09:00:00,4130.1,SUCCESS,UPI,WhatsApp
PAY000006244,A001057,2026-05-19 16:00:00,4424.0,SUCCESS,CARD,Field
PAY000006245,A000952,2025-10-10 12:00:00,7076.41,SUCCESS,UPI,Self_Pay
PAY000006246,A003126,2026-06-26 08:00:00,4145.97,SUCCESS,CASH,Self_Pay
PAY000006247,A003810,2026-07-07 12:00:00,7778.88,SUCCESS,CASH,AI Voice
PAY000006248,A000635,2026-03-24 18:00:00,6117.82,FAILED,CASH,Field
PAY000006249,A000334,2025-09-11 20:00:00,7995.87,SUCCESS,BANK,Field
PAY000006250,A003221,2026-06-13 20:00:00,6704.01,FAILED,CASH,Self_Pay
PAY000006251,A001959,2026-08-18 21:00:00,4022.56,SUCCESS,CASH,Human
PAY000006252,A002354,2026-05-27 20:00:00,9296.07,SUCCESS,UPI,Human
PAY000006253,A000148,2026-05-04 15:00:00,7434.42,SUCCESS,CASH,WhatsApp
PAY000006254,A003758,2026-06-05 12:00:00,9984.15,SUCCESS,CARD,Field
PAY000006255,A002092,2026-03-15 21:00:00,14486.34,SUCCESS,CARD,Self_Pay
PAY000006256,A000834,2025-09-18 19:00:00,9090.06,SUCCESS,UPI,Self_Pay
PAY000006257,A002033,2026-07-09 19:00:00,10699.66,SUCCESS,BANK,Field
PAY000006258,A003522,2026-03-13 12:00:00,4917.61,SUCCESS,CASH,Self_Pay
PAY000006259,A003668,2026-05-23 20:00:00,9352.76,SUCCESS,UPI,Self_Pay
PAY000006260,A002962,2026-06-06 09:00:00,10834.16,SUCCESS,CARD,AI Voice
PAY000006261,A001587,2025-12-22 13:00:00,1354.51,FAILED,CASH,Human
PAY000006262,A000198,2026-02-12 12:00:00,4935.11,SUCCESS,BANK,WhatsApp
PAY000006263,A001008,2026-07-23 17:00:00,6481.73,FAILED,CARD,Self_Pay
PAY000006264,A003188,2026-02-26 18:00:00,14647.21,SUCCESS,BANK,Human
PAY000006265,A001709,2026-03-07 15:00:00,3098.09,FAILED,UPI,Self_Pay
PAY000006266,A000395,2026-01-23 19:00:00,7878.22,SUCCESS,CARD,Field
PAY000006267,A002820,2025-10-07 19:00:00,5580.9,SUCCESS,BANK,Human
PAY000006268,A000678,2025-09-17 09:00:00,6305.31,SUCCESS,BANK,Self_Pay
PAY000006269,A003228,2025-10-05 16:00:00,8448.02,SUCCESS,CARD,WhatsApp
PAY000006270,A000752,2026-01-04 21:00:00,15331.99,SUCCESS,UPI,Human
PAY000006271,A001543,2026-03-12 18:00:00,9999.0,SUCCESS,CASH,Human
PAY000006272,A001849,2026-08-06 12:00:00,7642.9,SUCCESS,BANK,Human
PAY000006273,A000370,2026-03-21 19:00:00,4277.63,SUCCESS,CARD,Field
PAY000006274,A001291,2026-03-10 07:00:00,1255.78,SUCCESS,CASH,Human
PAY000006275,A000051,2026-08-15 11:00:00,1755.26,SUCCESS,CARD,WhatsApp
PAY000006276,A004028,2025-09-12 11:00:00,1790.08,SUCCESS,CASH,Self_Pay
PAY000006277,A003183,2026-01-14 12:00:00,6657.0,FAILED,BANK,Human
PAY000006278,A004082,2025-09-27 19:00:00,13407.85,FAILED,CARD,AI Voice
PAY000006279,A003521,2025-09-12 09:00:00,5729.84,SUCCESS,BANK,Self_Pay
PAY000006280,A003952,2026-08-04 18:00:00,11016.4,SUCCESS,UPI,Self_Pay
PAY000006281,A001832,2025-11-04 13:00:00,7913.49,SUCCESS,UPI,Field
PAY000006282,A000001,2026-08-16 12:00:00,2345.45,SUCCESS,CARD,AI Voice
PAY000006283,A002830,2026-02-23 19:00:00,7213.45,SUCCESS,UPI,Self_Pay
PAY000006284,A003830,2026-01-14 08:00:00,8743.0,SUCCESS,CASH,Self_Pay
PAY000006285,A003322,2026-04-16 19:00:00,8558.44,SUCCESS,BANK,WhatsApp
PAY000006286,A000429,2026-07-17 17:00:00,9289.83,SUCCESS,CASH,Human
PAY000006287,A002412,2025-10-09 17:00:00,6578.78,SUCCESS,CARD,WhatsApp
PAY000006288,A001918,2026-07-26 17:00:00,8607.5,FAILED,CASH,WhatsApp
PAY000006289,A003992,2025-11-19 17:00:00,5200.0,SUCCESS,UPI,WhatsApp
PAY000006290,A002333,2026-03-11 19:00:00,4429.94,SUCCESS,CASH,Field
PAY000006291,A003668,2026-01-14 10:00:00,11018.13,FAILED,UPI,Self_Pay
PAY000006292,A001103,2026-03-27 18:00:00,2464.9,SUCCESS,UPI,Human
PAY000006293,A002303,2025-10-25 10:00:00,3366.82,SUCCESS,UPI,AI Voice
PAY000006294,A002072,2026-04-08 20:00:00,7640.77,SUCCESS,UPI,WhatsApp
PAY000006295,A001944,2026-03-14 21:00:00,5293.82,SUCCESS,CARD,WhatsApp
PAY000006296,A000524,2026-04-06 20:00:00,12843.22,SUCCESS,BANK,Field
PAY000006297,A003669,2026-07-02 17:00:00,13374.3,SUCCESS,UPI,Field
PAY000006298,A004119,2026-04-01 11:00:00,7180.06,SUCCESS,CARD,Self_Pay
PAY000006299,A001778,2026-08-03 14:00:00,3654.73,SUCCESS,UPI,AI Voice
PAY000006300,A001361,2026-06-21 19:00:00,3716.86,FAILED,UPI,AI Voice
PAY000006301,A000734,2026-07-26 14:00:00,2544.67,SUCCESS,BANK,Self_Pay
PAY000006302,A003846,2025-12-24 20:00:00,10373.12,SUCCESS,CARD,Self_Pay
PAY000006303,A002513,2026-01-12 10:00:00,8458.86,SUCCESS,CASH,Human
PAY000006304,A002779,2026-01-06 09:00:00,6051.26,SUCCESS,BANK,AI Voice
PAY000006305,A003432,2026-08-16 21:00:00,3028.44,SUCCESS,CASH,Human
PAY000006306,A003001,2026-01-27 13:00:00,10138.19,FAILED,CARD,Human
PAY000006307,A001832,2026-03-23 16:00:00,10264.13,SUCCESS,BANK,Self_Pay
PAY000006308,A000744,2026-07-20 21:00:00,10305.62,SUCCESS,BANK,Self_Pay
PAY000006309,A002170,2026-03-07 17:00:00,12772.56,SUCCESS,CASH,Human
PAY000006310,A000313,2026-03-25 17:00:00,15984.33,SUCCESS,CARD,WhatsApp
PAY000006311,A003721,2026-02-02 18:00:00,4108.77,SUCCESS,CASH,Self_Pay
PAY000006312,A003494,2025-12-20 14:00:00,10870.97,SUCCESS,CASH,AI Voice
PAY000006313,A001922,2026-05-02 09:00:00,3146.81,FAILED,UPI,Field
PAY000006314,A003079,2025-11-07 17:00:00,11663.8,SUCCESS,CASH,Self_Pay
PAY000006315,A001032,2025-12-11 12:00:00,11777.09,SUCCESS,BANK,Self_Pay
PAY000006316,A003787,2026-08-14 20:00:00,9140.95,SUCCESS,UPI,Self_Pay
PAY000006317,A002561,2026-06-24 20:00:00,9347.44,SUCCESS,CARD,Self_Pay
PAY000006318,A002681,2026-06-15 20:00:00,12678.93,SUCCESS,CASH,AI Voice
PAY000006319,A002688,2026-05-06 15:00:00,5530.93,SUCCESS,BANK,Self_Pay
PAY000006320,A001513,2026-08-20 14:00:00,3009.7,SUCCESS,CARD,Human
PAY000006321,A000834,2026-08-15 18:00:00,15420.6,SUCCESS,CASH,Field
PAY000006322,A002421,2025-10-03 10:00:00,1438.7,SUCCESS,CASH,Self_Pay
PAY000006323,A003507,2026-07-21 17:00:00,2069.63,SUCCESS,CARD,Field
PAY000006324,A002567,2026-06-11 19:00:00,15276.5,SUCCESS,BANK,WhatsApp
PAY000006325,A000210,2025-09-02 12:00:00,11297.78,SUCCESS,CARD,Human
PAY000006326,A003064,2026-04-08 16:00:00,9629.86,SUCCESS,CARD,Field
PAY000006327,A001540,2025-12-17 17:00:00,2292.24,FAILED,BANK,Human
PAY000006328,A002075,2025-10-06 09:00:00,7330.8,SUCCESS,CARD,Self_Pay
PAY000006329,A000801,2025-09-24 08:00:00,12627.48,SUCCESS,CASH,Self_Pay
PAY000006330,A001517,2026-04-21 17:00:00,13912.13,SUCCESS,CASH,Field
PAY000006331,A001476,2026-03-20 10:00:00,7777.0,SUCCESS,CARD,WhatsApp
PAY000006332,A002369,2026-04-22 16:00:00,7034.11,FAILED,CARD,Self_Pay
PAY000006333,A003042,2025-09-17 17:00:00,1317.4,SUCCESS,CARD,WhatsApp
PAY000006334,A003083,2026-08-03 14:00:00,7891.0,SUCCESS,CARD,Field
PAY000006335,A004048,2026-02-16 14:00:00,4651.17,SUCCESS,CASH,Field
PAY000006336,A000686,2026-03-13 10:00:00,1611.45,SUCCESS,BANK,Field
PAY000006337,A001379,2026-03-11 12:00:00,8619.97,SUCCESS,CASH,Human
PAY000006338,A002809,2025-11-19 12:00:00,5942.41,SUCCESS,CARD,WhatsApp
PAY000006339,A002667,2025-11-11 14:00:00,15284.26,SUCCESS,CASH,Self_Pay
PAY000006340,A001680,2025-09-03 17:00:00,10051.83,SUCCESS,UPI,AI Voice
PAY000006341,A002982,2026-03-17 21:00:00,14601.87,FAILED,CARD,Self_Pay
PAY000006342,A002923,2026-01-18 11:00:00,9340.38,FAILED,CARD,Human
PAY000006343,A000989,2026-02-21 13:00:00,8081.41,FAILED,BANK,WhatsApp
PAY000006344,A003945,2026-08-03 10:00:00,3823.17,SUCCESS,BANK,Human
PAY000006345,A001457,2025-10-24 08:00:00,1502.08,SUCCESS,UPI,Field
PAY000006346,A004074,2025-12-06 19:00:00,8757.72,FAILED,CASH,Human
PAY000006347,A002266,2025-12-02 15:00:00,14910.17,SUCCESS,UPI,Human
PAY000006348,A002103,2026-08-08 18:00:00,2150.59,SUCCESS,BANK,Self_Pay
PAY000006349,A000301,2025-11-15 15:00:00,9648.39,SUCCESS,BANK,Field
PAY000006350,A002662,2026-01-19 13:00:00,6553.57,SUCCESS,BANK,Human
PAY000006351,A001426,2026-02-19 21:00:00,5409.85,SUCCESS,CASH,WhatsApp
PAY000006352,A001613,2026-08-15 07:00:00,6477.5,SUCCESS,CARD,AI Voice
PAY000006353,A000819,2026-06-18 09:00:00,7022.25,SUCCESS,CARD,AI Voice
PAY000006354,A001417,2026-02-09 14:00:00,7486.59,FAILED,CASH,Self_Pay
PAY000006355,A002819,2026-06-09 19:00:00,1963.63,SUCCESS,UPI,WhatsApp
PAY000006356,A001544,2026-05-05 12:00:00,9433.39,SUCCESS,CARD,AI Voice
PAY000006357,A000734,2026-02-09 10:00:00,8620.88,FAILED,CASH,Human
PAY000006358,A002853,2026-04-19 16:00:00,9584.8,SUCCESS,CASH,Human
PAY000006359,A002303,2026-03-05 16:00:00,10561.62,SUCCESS,BANK,Human
PAY000006360,A001680,2025-11-26 12:00:00,15032.96,SUCCESS,UPI,Human
PAY000006361,A003437,2026-04-10 11:00:00,6500.15,SUCCESS,BANK,WhatsApp
PAY000006362,A003975,2026-04-11 11:00:00,4432.51,SUCCESS,CARD,WhatsApp
PAY000006363,A000782,2025-12-19 21:00:00,3084.4,FAILED,UPI,Field
PAY000006364,A002571,2025-10-01 11:00:00,1886.4,SUCCESS,CARD,Self_Pay
PAY000006365,A002871,2026-07-01 13:00:00,3727.91,SUCCESS,BANK,WhatsApp
PAY000006366,A003359,2026-01-16 17:00:00,11315.81,FAILED,CASH,AI Voice
PAY000006367,A001888,2026-08-09 20:00:00,3261.18,SUCCESS,UPI,Self_Pay
PAY000006368,A003024,2026-02-27 08:00:00,8971.67,SUCCESS,BANK,Human
PAY000006369,A004029,2026-08-07 08:00:00,10083.04,SUCCESS,CASH,Human
PAY000006370,A004147,2026-07-16 20:00:00,7378.51,SUCCESS,CASH,AI Voice
PAY000006371,A001174,2025-11-09 11:00:00,12173.72,SUCCESS,CASH,Human
PAY000006372,A003496,2025-12-09 13:00:00,1720.24,SUCCESS,CASH,Self_Pay
PAY000006373,A000202,2026-03-03 16:00:00,11887.37,FAILED,CASH,Human
PAY000006374,A001428,2025-12-20 17:00:00,5244.74,SUCCESS,BANK,AI Voice
PAY000006375,A003470,2026-07-18 10:00:00,7160.1,SUCCESS,BANK,WhatsApp
PAY000006376,A001710,2026-07-12 11:00:00,11116.86,FAILED,CARD,Human
PAY000006377,A000276,2026-01-14 09:00:00,6360.01,FAILED,BANK,WhatsApp
PAY000006378,A002562,2026-05-09 12:00:00,11181.11,SUCCESS,UPI,WhatsApp
PAY000006379,A002694,2025-09-04 07:00:00,5021.23,SUCCESS,CARD,AI Voice
PAY000006380,A001563,2025-11-26 13:00:00,14890.02,SUCCESS,CARD,WhatsApp
PAY000006381,A001779,2026-05-07 14:00:00,10133.59,FAILED,BANK,WhatsApp
PAY000006382,A000761,2025-11-11 07:00:00,13733.91,SUCCESS,CARD,Human
PAY000006383,A000023,2026-07-26 19:00:00,14639.32,SUCCESS,UPI,Field
PAY000006384,A003854,2025-11-25 20:00:00,13783.38,SUCCESS,UPI,WhatsApp
PAY000006385,A002420,2026-04-17 16:00:00,4681.47,SUCCESS,UPI,Human
PAY000006386,A000078,2025-12-07 11:00:00,13193.0,SUCCESS,UPI,Human
PAY000006387,A001370,2026-01-10 20:00:00,11484.88,FAILED,CASH,Self_Pay
PAY000006388,A001370,2026-04-01 17:00:00,3895.84,FAILED,CASH,AI Voice
PAY000006389,A002113,2026-08-18 20:00:00,4796.95,SUCCESS,UPI,WhatsApp
PAY000006390,A001535,2026-01-09 11:00:00,5603.85,SUCCESS,CASH,Field
PAY000006391,A002176,2026-01-21 20:00:00,12936.42,SUCCESS,CASH,Human
PAY000006392,A002914,2025-11-27 19:00:00,7576.35,SUCCESS,UPI,Field
PAY000006393,A002165,2026-04-10 09:00:00,15090.9,SUCCESS,CARD,WhatsApp
PAY000006394,A002425,2026-02-06 21:00:00,2031.38,SUCCESS,BANK,Human
PAY000006395,A002450,2026-07-24 14:00:00,6410.16,SUCCESS,BANK,Self_Pay
PAY000006396,A003771,2026-01-09 07:00:00,8977.69,SUCCESS,BANK,Self_Pay
PAY000006397,A004141,2026-08-18 15:00:00,5385.07,FAILED,CARD,WhatsApp
PAY000006398,A001252,2026-02-26 17:00:00,10200.41,FAILED,CARD,Self_Pay
PAY000006399,A003637,2025-09-16 16:00:00,6190.29,SUCCESS,CARD,Human
PAY000006400,A004063,2026-03-03 20:00:00,12626.0,SUCCESS,BANK,Self_Pay
PAY000006401,A000759,2026-03-10 19:00:00,11224.17,SUCCESS,CASH,Human
PAY000006402,A001784,2025-12-15 09:00:00,3023.58,SUCCESS,UPI,Self_Pay
PAY000006403,A000181,2025-11-24 21:00:00,2165.85,SUCCESS,UPI,Human
PAY000006404,A000088,2026-08-02 09:00:00,9344.73,SUCCESS,CARD,Field
PAY000006405,A002854,2026-06-08 10:00:00,1283.52,FAILED,CASH,Field
PAY000006406,A002060,2025-10-19 17:00:00,4963.05,SUCCESS,UPI,AI Voice
PAY000006407,A001166,2025-09-26 20:00:00,7872.52,SUCCESS,UPI,Self_Pay
PAY000006408,A002189,2026-02-17 08:00:00,1779.72,SUCCESS,BANK,Field
PAY000006409,A003837,2025-10-15 07:00:00,4608.2,SUCCESS,BANK,Self_Pay
PAY000006410,A002407,2026-06-20 08:00:00,5483.3,SUCCESS,UPI,Self_Pay
PAY000006411,A004138,2026-05-26 18:00:00,13789.43,SUCCESS,UPI,Field
PAY000006412,A001593,2026-04-07 12:00:00,4047.31,SUCCESS,CARD,Self_Pay
PAY000006413,A002189,2025-12-08 08:00:00,9595.77,SUCCESS,UPI,Field
PAY000006414,A001596,2026-01-04 09:00:00,1378.97,FAILED,BANK,Field
PAY000006415,A000268,2025-09-14 07:00:00,5323.54,SUCCESS,CARD,AI Voice
PAY000006416,A001748,2025-10-11 15:00:00,9435.35,SUCCESS,BANK,Field
PAY000006417,A001157,2026-05-15 10:00:00,9227.0,SUCCESS,CARD,WhatsApp
PAY000006418,A001891,2026-02-02 12:00:00,14045.76,SUCCESS,CASH,Human
PAY000006419,A000227,2026-01-12 15:00:00,8184.37,SUCCESS,UPI,Self_Pay
PAY000006420,A002529,2025-11-12 21:00:00,10255.81,SUCCESS,BANK,Self_Pay
PAY000006421,A000391,2026-08-26 10:00:00,7211.89,FAILED,UPI,Field
PAY000006422,A003377,2025-09-06 17:00:00,5375.59,SUCCESS,CASH,AI Voice
PAY000006423,A001869,2026-08-26 14:00:00,1400.37,SUCCESS,UPI,AI Voice
PAY000006424,A002025,2026-07-04 09:00:00,3608.7,SUCCESS,UPI,WhatsApp
PAY000006425,A003601,2026-07-20 12:00:00,5386.04,SUCCESS,CARD,Human
PAY000006426,A003185,2026-04-13 15:00:00,1898.19,SUCCESS,CARD,AI Voice
PAY000006427,A003979,2026-02-03 15:00:00,13868.86,SUCCESS,BANK,WhatsApp
PAY000006428,A003617,2025-09-22 11:00:00,7742.0,SUCCESS,UPI,Field
PAY000006429,A000954,2026-03-27 15:00:00,2981.1,FAILED,UPI,Field
PAY000006430,A002808,2026-02-16 15:00:00,10797.59,FAILED,CARD,Field
PAY000006431,A001119,2026-01-22 12:00:00,4539.78,FAILED,UPI,Human
PAY000006432,A000874,2026-04-19 16:00:00,11023.76,SUCCESS,UPI,WhatsApp
PAY000006433,A000849,2025-10-08 08:00:00,11227.09,FAILED,BANK,Self_Pay
PAY000006434,A002987,2026-02-09 15:00:00,5922.56,FAILED,UPI,AI Voice
PAY000006435,A001396,2026-08-03 08:00:00,11676.0,SUCCESS,CASH,AI Voice
PAY000006436,A003459,2026-06-15 19:00:00,2745.62,SUCCESS,CARD,Human
PAY000006437,A001239,2025-12-21 10:00:00,2359.62,FAILED,UPI,Field
PAY000006438,A000171,2026-04-01 17:00:00,8689.16,SUCCESS,BANK,Human
PAY000006439,A003466,2026-05-19 17:00:00,12171.36,SUCCESS,BANK,WhatsApp
PAY000006440,A001612,2026-07-03 20:00:00,1485.61,SUCCESS,BANK,AI Voice
PAY000006441,A001670,2026-03-24 19:00:00,10478.22,FAILED,BANK,WhatsApp
PAY000006442,A001077,2026-06-06 15:00:00,5688.0,FAILED,BANK,Self_Pay
PAY000006443,A001392,2025-10-21 08:00:00,2681.32,FAILED,CASH,Human
PAY000006444,A003402,2026-01-09 19:00:00,9784.87,SUCCESS,CARD,AI Voice
PAY000006445,A002504,2025-09-17 07:00:00,10461.16,SUCCESS,BANK,AI Voice
PAY000006446,A000083,2025-12-03 11:00:00,15817.62,SUCCESS,BANK,Self_Pay
PAY000006447,A002244,2025-12-25 07:00:00,11027.0,FAILED,UPI,Self_Pay
PAY000006448,A000414,2026-01-22 21:00:00,5286.0,SUCCESS,CARD,Field
PAY000006449,A000016,2026-02-03 21:00:00,5638.04,SUCCESS,CARD,AI Voice
PAY000006450,A002970,2026-08-17 10:00:00,11858.0,SUCCESS,CASH,Human
PAY000006451,A001332,2026-02-08 08:00:00,9697.05,FAILED,UPI,AI Voice
PAY000006452,A002063,2026-01-16 13:00:00,12289.95,SUCCESS,CARD,Self_Pay
PAY000006453,A002892,2025-10-23 15:00:00,5461.18,SUCCESS,CARD,AI Voice
PAY000006454,A002321,2026-04-11 10:00:00,10099.49,SUCCESS,UPI,AI Voice
PAY000006455,A001943,2025-10-17 07:00:00,1945.11,SUCCESS,BANK,Field
PAY000006456,A001723,2025-12-13 21:00:00,10152.37,SUCCESS,CARD,AI Voice
PAY000006457,A000340,2026-02-12 15:00:00,13934.51,FAILED,BANK,Human
PAY000006458,A001403,2026-03-09 19:00:00,4051.13,FAILED,BANK,WhatsApp
PAY000006459,A000376,2026-01-07 17:00:00,8535.61,SUCCESS,BANK,AI Voice
PAY000006460,A002110,2025-09-11 09:00:00,8710.59,SUCCESS,CASH,AI Voice
PAY000006461,A000630,2025-09-02 17:00:00,7117.16,SUCCESS,CARD,Field
PAY000006462,A000595,2026-01-24 18:00:00,6400.94,SUCCESS,CASH,Human
PAY000006463,A000341,2026-01-01 19:00:00,6490.81,FAILED,UPI,WhatsApp
PAY000006464,A001426,2026-07-10 13:00:00,11031.41,SUCCESS,CARD,WhatsApp
PAY000006465,A003970,2025-10-14 20:00:00,2633.59,FAILED,BANK,Self_Pay
PAY000006466,A001200,2025-09-04 09:00:00,3234.81,SUCCESS,BANK,WhatsApp
PAY000006467,A001600,2026-08-22 18:00:00,5187.07,SUCCESS,CARD,WhatsApp
PAY000006468,A001691,2026-02-19 07:00:00,3835.9,SUCCESS,UPI,AI Voice
PAY000006469,A003009,2025-10-07 13:00:00,10549.03,FAILED,CARD,WhatsApp
PAY000006470,A003106,2026-05-22 07:00:00,6949.29,SUCCESS,CARD,Field
PAY000006471,A000117,2026-04-16 17:00:00,11173.61,FAILED,CASH,AI Voice
PAY000006472,A003714,2026-05-07 17:00:00,13247.11,SUCCESS,CARD,AI Voice
PAY000006473,A004093,2025-10-08 17:00:00,10320.57,FAILED,CASH,WhatsApp
PAY000006474,A001846,2025-09-17 09:00:00,3035.81,SUCCESS,CASH,Human
PAY000006475,A002444,2026-04-11 08:00:00,2818.17,SUCCESS,UPI,AI Voice
PAY000006476,A000486,2026-01-26 11:00:00,9770.7,FAILED,CASH,Field
PAY000006477,A002924,2026-04-17 19:00:00,9936.89,SUCCESS,UPI,WhatsApp
PAY000006478,A000167,2026-03-11 21:00:00,5714.71,SUCCESS,CASH,AI Voice
PAY000006479,A003170,2025-09-18 19:00:00,10055.84,SUCCESS,BANK,Field
PAY000006480,A003002,2026-05-01 11:00:00,5687.19,SUCCESS,UPI,Field
PAY000006481,A003217,2026-08-06 12:00:00,13476.35,SUCCESS,CASH,Field
PAY000006482,A001103,2026-01-27 07:00:00,5541.77,SUCCESS,CASH,Self_Pay
PAY000006483,A002755,2026-02-07 17:00:00,7133.73,SUCCESS,BANK,AI Voice
PAY000006484,A000644,2026-08-01 09:00:00,6771.8,FAILED,CASH,WhatsApp
PAY000006485,A000993,2026-05-19 20:00:00,3021.69,FAILED,CARD,WhatsApp
PAY000006486,A004170,2026-04-22 18:00:00,4170.05,SUCCESS,UPI,Human
PAY000006487,A001744,2026-04-17 14:00:00,1617.59,FAILED,CARD,AI Voice
PAY000006488,A002211,2025-10-11 07:00:00,4294.37,SUCCESS,CARD,Self_Pay
PAY000006489,A001495,2026-04-26 18:00:00,10702.53,SUCCESS,BANK,Field
PAY000006490,A001030,2026-04-07 15:00:00,11510.38,SUCCESS,CARD,Field
PAY000006491,A001894,2025-11-10 10:00:00,2492.26,SUCCESS,CASH,WhatsApp
PAY000006492,A002187,2026-06-27 10:00:00,10451.12,SUCCESS,BANK,Field
PAY000006493,A004164,2026-03-15 09:00:00,13660.07,SUCCESS,UPI,Field
PAY000006494,A003797,2026-03-23 08:00:00,7842.0,FAILED,UPI,Field
PAY000006495,A002762,2025-11-03 15:00:00,1902.27,SUCCESS,UPI,AI Voice
PAY000006496,A002172,2026-07-25 14:00:00,14666.35,SUCCESS,CASH,Human
PAY000006497,A003885,2026-07-22 20:00:00,11293.0,FAILED,CARD,WhatsApp
PAY000006498,A002043,2026-07-20 09:00:00,6839.94,SUCCESS,BANK,AI Voice
PAY000006499,A002577,2025-11-13 12:00:00,13736.25,SUCCESS,UPI,WhatsApp
PAY000006500,A001747,2026-08-03 15:00:00,2692.28,FAILED,BANK,AI Voice
PAY000006501,A002185,2026-02-26 09:00:00,8952.87,SUCCESS,CARD,WhatsApp
PAY000006502,A002260,2025-11-21 15:00:00,11319.43,FAILED,BANK,Human
PAY000006503,A002597,2026-07-21 16:00:00,11043.28,FAILED,UPI,AI Voice
PAY000006504,A003236,2026-03-23 12:00:00,7011.0,FAILED,CASH,Field
PAY000006505,A003560,2026-02-17 12:00:00,11124.0,FAILED,CASH,Human
PAY000006506,A001628,2026-03-06 20:00:00,3515.96,SUCCESS,CASH,Self_Pay
PAY000006507,A001125,2026-03-05 10:00:00,6862.63,SUCCESS,CARD,WhatsApp
PAY000006508,A002860,2026-06-23 15:00:00,10259.0,SUCCESS,CASH,Human
PAY000006509,A000985,2026-01-08 12:00:00,9399.59,FAILED,BANK,Human
PAY000006510,A001658,2025-09-18 13:00:00,14821.16,SUCCESS,CASH,Field
PAY000006511,A001888,2026-05-18 11:00:00,12829.02,SUCCESS,CARD,Field
PAY000006512,A002293,2026-05-17 20:00:00,13904.76,SUCCESS,CASH,Human
PAY000006513,A002157,2026-02-26 20:00:00,14321.16,SUCCESS,BANK,Field
PAY000006514,A003906,2025-10-14 09:00:00,9297.28,SUCCESS,BANK,Field
PAY000006515,A001251,2025-10-26 07:00:00,8437.84,SUCCESS,UPI,WhatsApp
PAY000006516,A002365,2026-02-05 12:00:00,6621.01,FAILED,UPI,Human
PAY000006517,A004040,2025-12-07 21:00:00,12445.02,SUCCESS,UPI,WhatsApp
PAY000006518,A000731,2025-09-09 19:00:00,12633.72,SUCCESS,CASH,Field
PAY000006519,A000431,2026-06-22 21:00:00,4617.25,SUCCESS,BANK,WhatsApp
PAY000006520,A003671,2026-01-12 18:00:00,3258.52,SUCCESS,BANK,Human
PAY000006521,A002510,2026-05-12 17:00:00,3036.42,SUCCESS,BANK,Human
PAY000006522,A002192,2026-04-17 18:00:00,3738.66,SUCCESS,CARD,Human
PAY000006523,A001732,2025-12-23 14:00:00,4775.0,SUCCESS,BANK,AI Voice
PAY000006524,A001558,2026-03-12 12:00:00,10039.85,SUCCESS,CARD,Self_Pay
PAY000006525,A000786,2026-03-22 15:00:00,6902.0,FAILED,UPI,Human
PAY000006526,A002840,2026-07-11 10:00:00,14090.5,FAILED,CASH,Field
PAY000006527,A000748,2025-11-12 17:00:00,11137.39,SUCCESS,BANK,WhatsApp
PAY000006528,A002010,2025-12-07 12:00:00,12754.0,SUCCESS,CARD,Human
PAY000006529,A001674,2025-12-12 15:00:00,12939.79,SUCCESS,BANK,Field
PAY000006530,A003336,2026-08-11 07:00:00,5406.23,SUCCESS,CARD,Human
PAY000006531,A000695,2025-11-11 20:00:00,14540.58,FAILED,CARD,AI Voice
PAY000006532,A003614,2025-12-22 10:00:00,6876.62,SUCCESS,UPI,WhatsApp
PAY000006533,A000775,2025-11-16 13:00:00,12840.35,FAILED,CASH,Field
PAY000006534,A003249,2025-11-11 08:00:00,7801.75,SUCCESS,CARD,AI Voice
PAY000006535,A001992,2025-10-26 21:00:00,8717.57,SUCCESS,BANK,WhatsApp
PAY000006536,A000202,2025-10-09 11:00:00,13411.56,SUCCESS,CASH,Human
PAY000006537,A001960,2026-01-24 10:00:00,15573.77,FAILED,UPI,Human
PAY000006538,A001080,2026-05-18 12:00:00,1776.55,SUCCESS,UPI,WhatsApp
PAY000006539,A001580,2026-08-27 10:00:00,2673.14,SUCCESS,UPI,Self_Pay
PAY000006540,A000075,2025-09-08 19:00:00,4907.69,SUCCESS,BANK,Human
PAY000006541,A002092,2025-11-02 13:00:00,3487.31,SUCCESS,BANK,WhatsApp
PAY000006542,A000110,2026-05-17 18:00:00,12794.94,SUCCESS,CASH,Field
PAY000006543,A001719,2026-02-20 12:00:00,2117.92,SUCCESS,CASH,Self_Pay
PAY000006544,A001807,2026-06-15 11:00:00,9521.68,SUCCESS,BANK,Human
PAY000006545,A003773,2026-03-04 11:00:00,8174.05,SUCCESS,CASH,WhatsApp
PAY000006546,A003960,2026-02-16 10:00:00,8371.43,FAILED,CASH,AI Voice
PAY000006547,A001129,2025-09-05 21:00:00,2065.74,SUCCESS,CARD,AI Voice
PAY000006548,A002351,2026-08-03 18:00:00,7062.0,SUCCESS,UPI,Human
PAY000006549,A002734,2026-08-22 17:00:00,2480.64,FAILED,CARD,Self_Pay
PAY000006550,A000483,2026-08-23 13:00:00,4946.48,FAILED,CARD,Human
PAY000006551,A001497,2025-12-06 17:00:00,4339.51,FAILED,CARD,WhatsApp
PAY000006552,A002875,2026-07-08 07:00:00,1373.21,SUCCESS,CARD,Field
PAY000006553,A000485,2026-04-19 16:00:00,14887.14,FAILED,UPI,Field
PAY000006554,A002313,2026-02-26 16:00:00,6891.62,SUCCESS,CASH,WhatsApp
PAY000006555,A000899,2025-12-26 16:00:00,1006.25,SUCCESS,UPI,Self_Pay
PAY000006556,A000300,2026-04-03 19:00:00,11999.2,SUCCESS,CARD,Field
PAY000006557,A001569,2026-07-18 14:00:00,3033.04,SUCCESS,BANK,Field
PAY000006558,A004040,2025-09-05 10:00:00,2841.45,SUCCESS,BANK,Self_Pay
PAY000006559,A001345,2025-09-17 17:00:00,6721.87,FAILED,CARD,Human
PAY000006560,A001023,2025-12-11 11:00:00,4487.04,FAILED,CARD,Self_Pay
PAY000006561,A001275,2026-08-26 08:00:00,12735.67,SUCCESS,CARD,Field
PAY000006562,A001207,2026-03-03 11:00:00,5667.48,SUCCESS,UPI,Field
PAY000006563,A001735,2025-11-27 12:00:00,6856.01,SUCCESS,CASH,Human
PAY000006564,A002113,2026-01-07 07:00:00,10949.0,FAILED,BANK,AI Voice
PAY000006565,A003081,2026-08-07 17:00:00,3986.29,SUCCESS,CARD,Human
PAY000006566,A002505,2025-11-08 19:00:00,8132.0,FAILED,UPI,WhatsApp
PAY000006567,A001701,2026-08-10 17:00:00,4869.01,SUCCESS,UPI,Field
PAY000006568,A001807,2025-09-19 07:00:00,5696.85,FAILED,UPI,Self_Pay
PAY000006569,A004046,2025-12-07 09:00:00,10643.25,SUCCESS,UPI,Field
PAY000006570,A001308,2025-10-21 13:00:00,2216.1,FAILED,CARD,Human
PAY000006571,A001015,2026-06-23 12:00:00,10771.42,SUCCESS,CASH,Self_Pay
PAY000006572,A002913,2026-03-21 11:00:00,4417.09,SUCCESS,CASH,Human
PAY000006573,A002084,2025-09-08 13:00:00,9833.82,SUCCESS,BANK,WhatsApp
PAY000006574,A002856,2026-08-01 08:00:00,8892.19,SUCCESS,UPI,Human
PAY000006575,A004079,2026-01-11 19:00:00,13955.33,SUCCESS,CARD,AI Voice
PAY000006576,A003628,2026-02-08 13:00:00,7604.71,SUCCESS,CARD,WhatsApp
PAY000006577,A001428,2025-11-10 20:00:00,15719.02,SUCCESS,UPI,WhatsApp
PAY000006578,A003162,2026-02-20 18:00:00,3797.99,SUCCESS,BANK,Field
PAY000006579,A000030,2026-01-15 19:00:00,10276.0,SUCCESS,UPI,AI Voice
PAY000006580,A004198,2025-12-13 21:00:00,7692.15,FAILED,CARD,AI Voice
PAY000006581,A002236,2026-07-13 15:00:00,5763.62,SUCCESS,BANK,WhatsApp
PAY000006582,A003172,2026-04-10 08:00:00,13097.57,SUCCESS,CARD,Self_Pay
PAY000006583,A001142,2026-08-22 10:00:00,6034.94,SUCCESS,CARD,Human
PAY000006584,A000004,2025-11-12 09:00:00,9978.15,SUCCESS,CASH,Self_Pay
PAY000006585,A003546,2025-12-25 16:00:00,10064.04,SUCCESS,UPI,Field
PAY000006586,A000199,2025-09-22 16:00:00,9294.91,FAILED,CARD,Field
PAY000006587,A000900,2026-05-04 17:00:00,2188.83,SUCCESS,CARD,AI Voice
PAY000006588,A002201,2026-05-22 19:00:00,7339.83,FAILED,CASH,AI Voice
PAY000006589,A000150,2025-09-02 14:00:00,12179.29,FAILED,BANK,Human
PAY000006590,A003947,2025-10-03 10:00:00,13169.99,SUCCESS,UPI,Human
PAY000006591,A003212,2026-05-27 19:00:00,2630.37,SUCCESS,CARD,WhatsApp
PAY000006592,A003244,2026-03-14 09:00:00,10761.83,SUCCESS,BANK,Human
PAY000006593,A002759,2026-07-26 09:00:00,4383.0,SUCCESS,UPI,WhatsApp
PAY000006594,A002879,2025-11-25 21:00:00,3480.37,SUCCESS,CARD,AI Voice
PAY000006595,A001142,2026-07-07 19:00:00,4374.31,SUCCESS,UPI,WhatsApp
PAY000006596,A000864,2026-01-11 13:00:00,13630.73,SUCCESS,UPI,AI Voice
PAY000006597,A004112,2026-06-16 14:00:00,15458.41,SUCCESS,UPI,AI Voice
PAY000006598,A000944,2026-07-20 18:00:00,8631.18,FAILED,CARD,Self_Pay
PAY000006599,A004171,2026-07-25 11:00:00,5264.31,FAILED,UPI,WhatsApp
PAY000006600,A003128,2026-02-11 16:00:00,13149.91,SUCCESS,CARD,WhatsApp
PAY000006601,A001310,2026-03-15 07:00:00,9770.16,SUCCESS,CASH,Field
PAY000006602,A002275,2026-08-01 14:00:00,7608.75,FAILED,CARD,Human
PAY000006603,A002392,2025-12-15 17:00:00,8903.08,SUCCESS,CARD,AI Voice
PAY000006604,A003835,2026-03-02 12:00:00,1310.18,SUCCESS,CASH,Self_Pay
PAY000006605,A002811,2026-08-23 16:00:00,10331.94,SUCCESS,BANK,Field
PAY000006606,A003104,2026-06-26 14:00:00,12405.84,SUCCESS,BANK,AI Voice
PAY000006607,A002165,2026-08-17 07:00:00,10994.32,SUCCESS,CASH,AI Voice
PAY000006608,A001136,2026-06-05 08:00:00,1369.8,SUCCESS,CARD,Human
PAY000006609,A000663,2025-12-01 19:00:00,3862.63,SUCCESS,BANK,Self_Pay
PAY000006610,A003839,2025-09-11 20:00:00,14506.29,FAILED,CARD,AI Voice
PAY000006611,A000604,2026-02-20 16:00:00,10534.53,SUCCESS,CARD,AI Voice
PAY000006612,A000280,2025-09-03 11:00:00,5519.73,FAILED,UPI,Field
PAY000006613,A001742,2026-05-16 18:00:00,11307.28,SUCCESS,CARD,AI Voice
PAY000006614,A001812,2026-04-12 19:00:00,7812.67,SUCCESS,CASH,AI Voice
PAY000006615,A002488,2026-08-27 17:00:00,3479.59,FAILED,CASH,Self_Pay
PAY000006616,A002591,2026-04-07 12:00:00,11896.6,SUCCESS,BANK,Field
PAY000006617,A001047,2026-05-15 12:00:00,5497.6,SUCCESS,CARD,WhatsApp
PAY000006618,A003709,2026-04-04 09:00:00,1922.84,FAILED,CARD,AI Voice
PAY000006619,A003056,2026-07-06 19:00:00,9112.09,SUCCESS,BANK,Human
PAY000006620,A004107,2025-09-11 19:00:00,3788.09,SUCCESS,CARD,Human
PAY000006621,A003355,2025-12-19 17:00:00,12160.87,FAILED,BANK,Field
PAY000006622,A003447,2025-12-27 20:00:00,9552.95,SUCCESS,BANK,AI Voice
PAY000006623,A003450,2026-03-19 10:00:00,12806.78,FAILED,CARD,AI Voice
PAY000006624,A000816,2025-11-06 16:00:00,8891.64,SUCCESS,UPI,Self_Pay
PAY000006625,A002033,2026-08-11 16:00:00,6048.99,SUCCESS,UPI,Self_Pay
PAY000006626,A002849,2026-02-18 08:00:00,6964.61,FAILED,CASH,Field
PAY000006627,A002145,2026-08-21 09:00:00,9838.27,SUCCESS,UPI,Human
PAY000006628,A000660,2025-11-14 16:00:00,1697.67,FAILED,BANK,Self_Pay
PAY000006629,A004118,2025-12-16 13:00:00,5397.75,FAILED,CARD,WhatsApp
PAY000006630,A003258,2025-11-04 16:00:00,3218.71,FAILED,CASH,Human
PAY000006631,A000731,2026-05-06 15:00:00,15787.25,SUCCESS,CARD,Self_Pay
PAY000006632,A001269,2026-02-26 15:00:00,1810.98,SUCCESS,CASH,WhatsApp
PAY000006633,A000481,2026-06-15 13:00:00,11683.18,SUCCESS,CARD,AI Voice
PAY000006634,A000101,2026-01-05 17:00:00,4162.56,FAILED,CARD,Human
PAY000006635,A003567,2025-10-04 17:00:00,2748.72,FAILED,BANK,WhatsApp
PAY000006636,A003483,2026-03-07 08:00:00,3415.42,SUCCESS,BANK,WhatsApp
PAY000006637,A003995,2026-01-05 16:00:00,3042.49,SUCCESS,CASH,WhatsApp
PAY000006638,A003958,2025-09-08 07:00:00,7616.15,FAILED,UPI,Self_Pay
PAY000006639,A000117,2025-12-04 09:00:00,2948.34,FAILED,CASH,AI Voice
PAY000006640,A004095,2026-08-07 17:00:00,1097.86,SUCCESS,CARD,WhatsApp
PAY000006641,A001474,2026-01-14 21:00:00,10569.04,SUCCESS,CARD,Field
PAY000006642,A004055,2026-02-07 14:00:00,7900.04,FAILED,CARD,Self_Pay
PAY000006643,A001258,2026-04-11 15:00:00,8565.01,SUCCESS,CARD,AI Voice
PAY000006644,A003500,2025-10-20 21:00:00,11160.95,FAILED,UPI,Field
PAY000006645,A000588,2025-09-20 09:00:00,3292.47,SUCCESS,UPI,WhatsApp
PAY000006646,A002820,2025-10-26 08:00:00,6832.93,SUCCESS,CARD,Field
PAY000006647,A003328,2026-08-24 10:00:00,10949.37,SUCCESS,CASH,WhatsApp
PAY000006648,A003776,2026-06-17 12:00:00,2106.19,FAILED,CASH,WhatsApp
PAY000006649,A002122,2025-09-02 08:00:00,7342.96,SUCCESS,CARD,Self_Pay
PAY000006650,A001487,2026-02-22 10:00:00,3980.43,SUCCESS,CARD,WhatsApp
PAY000006651,A001871,2025-10-26 13:00:00,1309.47,SUCCESS,CASH,WhatsApp
PAY000006652,A000321,2025-11-22 11:00:00,7979.66,FAILED,CASH,AI Voice
PAY000006653,A000008,2026-02-13 08:00:00,3412.7,FAILED,CARD,AI Voice
PAY000006654,A002243,2026-01-18 12:00:00,9853.67,SUCCESS,BANK,AI Voice
PAY000006655,A000399,2026-07-24 13:00:00,5882.89,FAILED,CARD,WhatsApp
PAY000006656,A003976,2026-07-18 15:00:00,10817.0,SUCCESS,CARD,WhatsApp
PAY000006657,A002158,2026-02-14 10:00:00,9093.06,SUCCESS,BANK,AI Voice
PAY000006658,A003588,2025-10-27 17:00:00,10761.64,SUCCESS,UPI,Field
PAY000006659,A000876,2026-07-04 15:00:00,10831.36,SUCCESS,CASH,Human
PAY000006660,A003818,2025-11-24 19:00:00,12579.97,SUCCESS,CARD,WhatsApp
PAY000006661,A000994,2025-11-22 15:00:00,8259.77,FAILED,CASH,WhatsApp
PAY000006662,A000349,2025-12-18 10:00:00,2143.93,SUCCESS,CARD,WhatsApp
PAY000006663,A003399,2025-10-26 10:00:00,14219.15,SUCCESS,CASH,AI Voice
PAY000006664,A003009,2025-12-19 21:00:00,6322.16,SUCCESS,CARD,Human
PAY000006665,A003103,2026-06-02 20:00:00,5887.0,SUCCESS,BANK,Field
PAY000006666,A002006,2026-03-08 19:00:00,12404.35,SUCCESS,BANK,AI Voice
PAY000006667,A001975,2026-02-23 08:00:00,15083.76,SUCCESS,BANK,Human
PAY000006668,A001693,2026-07-02 11:00:00,12043.92,FAILED,UPI,Self_Pay
PAY000006669,A002021,2025-12-14 13:00:00,11083.19,SUCCESS,UPI,Human
PAY000006670,A003699,2026-07-07 21:00:00,6734.22,SUCCESS,UPI,WhatsApp
PAY000006671,A003684,2026-08-18 16:00:00,6895.0,SUCCESS,CARD,Self_Pay
PAY000006672,A002623,2026-08-24 15:00:00,3359.09,FAILED,BANK,Field
PAY000006673,A003056,2025-12-20 10:00:00,9460.4,SUCCESS,UPI,Field
PAY000006674,A001413,2026-08-23 11:00:00,8380.14,SUCCESS,BANK,Self_Pay
PAY000006675,A003684,2026-02-02 09:00:00,4717.97,SUCCESS,BANK,AI Voice
PAY000006676,A003661,2026-07-15 08:00:00,1008.84,SUCCESS,CARD,Human
PAY000006677,A000952,2025-11-27 07:00:00,14856.5,FAILED,UPI,AI Voice
PAY000006678,A003846,2025-09-13 20:00:00,5545.78,FAILED,UPI,AI Voice
PAY000006679,A000508,2026-07-26 19:00:00,5382.0,SUCCESS,BANK,Field
PAY000006680,A003557,2025-11-03 12:00:00,6903.06,FAILED,CARD,AI Voice
PAY000006681,A003430,2026-03-18 19:00:00,13794.9,FAILED,CASH,Human
PAY000006682,A003510,2026-04-14 20:00:00,9836.93,FAILED,CARD,Self_Pay
PAY000006683,A002805,2025-09-22 12:00:00,6256.34,SUCCESS,CASH,Human
PAY000006684,A003310,2025-12-12 09:00:00,14925.22,SUCCESS,CARD,AI Voice
PAY000006685,A000822,2026-06-08 10:00:00,8492.12,SUCCESS,UPI,AI Voice
PAY000006686,A000438,2026-02-09 16:00:00,13826.84,SUCCESS,CASH,AI Voice
PAY000006687,A002475,2026-03-18 08:00:00,10344.25,FAILED,UPI,Field
PAY000006688,A004071,2026-02-11 20:00:00,12593.0,FAILED,CARD,WhatsApp
PAY000006689,A001327,2026-03-18 11:00:00,14598.34,SUCCESS,CARD,AI Voice
PAY000006690,A002989,2025-12-07 11:00:00,14547.13,FAILED,UPI,AI Voice
PAY000006691,A004173,2025-09-12 16:00:00,6128.67,FAILED,CARD,Self_Pay
PAY000006692,A000964,2026-05-15 11:00:00,5158.0,FAILED,CASH,Human
PAY000006693,A000835,2026-05-12 13:00:00,15033.85,SUCCESS,CARD,AI Voice
PAY000006694,A003196,2026-04-06 11:00:00,6838.44,SUCCESS,BANK,Human
PAY000006695,A002627,2026-02-21 08:00:00,7891.98,SUCCESS,CARD,Human
PAY000006696,A004099,2026-07-27 18:00:00,11757.39,FAILED,BANK,AI Voice
PAY000006697,A004020,2026-07-21 07:00:00,5886.06,SUCCESS,CASH,Self_Pay
PAY000006698,A000918,2026-04-20 19:00:00,12738.77,SUCCESS,CARD,Self_Pay
PAY000006699,A003467,2025-12-06 13:00:00,11195.6,SUCCESS,UPI,AI Voice
PAY000006700,A001255,2026-07-18 20:00:00,15766.22,FAILED,CARD,WhatsApp
PAY000006701,A002839,2025-09-06 14:00:00,6149.49,FAILED,UPI,Human
PAY000006702,A000202,2026-08-01 11:00:00,3385.64,SUCCESS,CASH,Field
PAY000006703,A002623,2026-03-23 21:00:00,11747.13,SUCCESS,CASH,AI Voice
PAY000006704,A003285,2026-07-03 14:00:00,13331.95,SUCCESS,UPI,Field
PAY000006705,A003682,2026-08-03 13:00:00,8680.02,SUCCESS,BANK,Human
PAY000006706,A001774,2025-12-08 20:00:00,6628.06,SUCCESS,CASH,WhatsApp
PAY000006707,A001583,2026-03-04 07:00:00,4317.03,FAILED,BANK,AI Voice
PAY000006708,A000037,2025-10-14 09:00:00,15726.46,FAILED,BANK,Field
PAY000006709,A001085,2026-05-18 14:00:00,11468.4,FAILED,CARD,Human
PAY000006710,A000606,2026-01-04 13:00:00,13752.0,FAILED,CASH,Human
PAY000006711,A002109,2025-12-04 08:00:00,12750.42,SUCCESS,CASH,Field
PAY000006712,A000947,2026-01-09 09:00:00,13442.57,FAILED,BANK,WhatsApp
PAY000006713,A001700,2025-12-05 21:00:00,1135.39,FAILED,UPI,Self_Pay
PAY000006714,A002855,2026-05-14 08:00:00,9944.16,SUCCESS,CASH,Human
PAY000006715,A003592,2025-11-24 21:00:00,12871.0,SUCCESS,CARD,Self_Pay
PAY000006716,A002770,2025-12-08 21:00:00,6221.0,SUCCESS,UPI,Self_Pay
PAY000006717,A000965,2026-01-03 08:00:00,11364.31,SUCCESS,CASH,Human
PAY000006718,A002365,2025-10-15 14:00:00,3671.7,FAILED,BANK,AI Voice
PAY000006719,A002812,2025-10-25 09:00:00,5450.68,FAILED,CARD,Self_Pay
PAY000006720,A001861,2026-06-04 11:00:00,5716.61,SUCCESS,CARD,Self_Pay
PAY000006721,A000354,2025-09-11 10:00:00,13787.41,SUCCESS,UPI,WhatsApp
PAY000006722,A001510,2025-10-15 12:00:00,5430.89,FAILED,CARD,Self_Pay
PAY000006723,A001194,2025-09-13 11:00:00,11790.0,SUCCESS,CASH,Self_Pay
PAY000006724,A002115,2026-05-01 15:00:00,2969.11,SUCCESS,UPI,Self_Pay
PAY000006725,A000200,2025-09-07 10:00:00,8809.0,SUCCESS,CARD,WhatsApp
PAY000006726,A000125,2025-09-03 21:00:00,3997.25,SUCCESS,BANK,Self_Pay
PAY000006727,A001985,2025-10-17 14:00:00,6394.06,SUCCESS,CARD,Human
PAY000006728,A002119,2026-08-18 07:00:00,10066.56,SUCCESS,CARD,Human
PAY000006729,A002881,2026-02-18 17:00:00,15288.17,SUCCESS,CASH,Self_Pay
PAY000006730,A002043,2026-02-03 17:00:00,15988.41,SUCCESS,CASH,WhatsApp
PAY000006731,A003118,2026-06-09 18:00:00,6099.25,SUCCESS,UPI,Human
PAY000006732,A002550,2025-10-09 20:00:00,12192.44,SUCCESS,CASH,Human
PAY000006733,A000623,2026-01-03 14:00:00,6444.11,SUCCESS,BANK,Field
PAY000006734,A002039,2026-04-14 08:00:00,2629.72,SUCCESS,BANK,Self_Pay
PAY000006735,A003894,2026-04-11 12:00:00,12975.68,FAILED,CASH,Field
PAY000006736,A001001,2026-06-25 19:00:00,3903.68,SUCCESS,CARD,AI Voice
PAY000006737,A000880,2026-03-18 13:00:00,13298.95,SUCCESS,CARD,Human
PAY000006738,A000638,2026-07-26 09:00:00,2814.59,FAILED,CARD,Field
PAY000006739,A002422,2026-08-09 15:00:00,13088.35,SUCCESS,UPI,Self_Pay
PAY000006740,A002504,2025-10-04 07:00:00,8472.95,SUCCESS,UPI,Human
PAY000006741,A001750,2026-03-07 15:00:00,7845.15,SUCCESS,UPI,AI Voice
PAY000006742,A003232,2026-03-13 13:00:00,11393.88,SUCCESS,UPI,WhatsApp
PAY000006743,A004178,2026-05-12 18:00:00,6720.75,SUCCESS,CARD,WhatsApp
PAY000006744,A002122,2026-05-04 09:00:00,15243.0,SUCCESS,CASH,Human
PAY000006745,A002877,2026-08-23 09:00:00,14061.22,SUCCESS,CARD,WhatsApp
PAY000006746,A000827,2025-10-17 21:00:00,13694.0,FAILED,CARD,Field
PAY000006747,A002374,2026-04-26 11:00:00,4135.38,SUCCESS,BANK,Human
PAY000006748,A001225,2026-08-14 21:00:00,10515.95,SUCCESS,CARD,AI Voice
PAY000006749,A003573,2025-12-13 16:00:00,4671.59,SUCCESS,UPI,Human
PAY000006750,A000871,2025-10-15 17:00:00,7681.0,SUCCESS,UPI,Self_Pay
PAY000006751,A003477,2026-08-24 18:00:00,9008.36,SUCCESS,BANK,Self_Pay
PAY000006752,A000938,2025-11-26 20:00:00,11264.06,SUCCESS,UPI,Self_Pay
PAY000006753,A003661,2026-07-22 13:00:00,14333.79,SUCCESS,CARD,Field
PAY000006754,A002579,2026-02-26 07:00:00,3553.73,SUCCESS,CASH,Field
PAY000006755,A000955,2026-06-11 18:00:00,6662.03,FAILED,BANK,Human
PAY000006756,A001458,2026-04-18 09:00:00,7271.53,SUCCESS,BANK,WhatsApp
PAY000006757,A003375,2025-09-18 21:00:00,10868.73,SUCCESS,BANK,Self_Pay
PAY000006758,A002153,2025-09-15 12:00:00,5665.0,FAILED,CARD,WhatsApp
PAY000006759,A002162,2025-11-26 18:00:00,10668.33,SUCCESS,CASH,WhatsApp
PAY000006760,A002290,2026-05-26 12:00:00,7825.61,SUCCESS,CASH,Self_Pay
PAY000006761,A001114,2026-05-21 21:00:00,2145.5,SUCCESS,CARD,AI Voice
PAY000006762,A002949,2026-03-06 20:00:00,4780.28,SUCCESS,CASH,Field
PAY000006763,A002964,2026-07-23 21:00:00,10252.0,SUCCESS,CASH,Field
PAY000006764,A000105,2026-01-10 19:00:00,6265.3,FAILED,CASH,Self_Pay
PAY000006765,A003634,2026-03-27 15:00:00,13431.7,SUCCESS,BANK,WhatsApp
PAY000006766,A001249,2026-07-05 21:00:00,7885.57,SUCCESS,CASH,Self_Pay
PAY000006767,A003072,2026-07-10 21:00:00,8048.39,FAILED,UPI,Human
PAY000006768,A003982,2025-11-27 19:00:00,14474.33,SUCCESS,UPI,AI Voice
PAY000006769,A003490,2026-08-03 07:00:00,13368.89,SUCCESS,UPI,Self_Pay
PAY000006770,A000121,2026-06-05 18:00:00,4956.94,SUCCESS,CARD,Field
PAY000006771,A001414,2025-11-13 20:00:00,2552.7,SUCCESS,UPI,Self_Pay
PAY000006772,A001034,2026-04-14 12:00:00,14393.92,FAILED,CARD,Self_Pay
PAY000006773,A000375,2026-01-10 19:00:00,11389.66,FAILED,BANK,Human
PAY000006774,A003968,2026-08-24 16:00:00,15261.46,SUCCESS,UPI,Self_Pay
PAY000006775,A004127,2026-01-12 17:00:00,11287.69,FAILED,CARD,AI Voice
PAY000006776,A004114,2026-07-02 10:00:00,3330.24,SUCCESS,CASH,Field
PAY000006777,A003707,2025-10-07 21:00:00,8306.56,FAILED,CASH,Human
PAY000006778,A001940,2025-12-26 10:00:00,2707.88,FAILED,BANK,WhatsApp
PAY000006779,A000268,2025-09-01 19:00:00,5243.32,SUCCESS,UPI,WhatsApp
PAY000006780,A003967,2026-01-26 17:00:00,10787.39,SUCCESS,UPI,Human
PAY000006781,A000597,2025-11-22 07:00:00,11749.19,SUCCESS,CASH,WhatsApp
PAY000006782,A001487,2026-04-25 15:00:00,1575.57,FAILED,UPI,Human
PAY000006783,A000360,2026-04-23 14:00:00,9821.44,FAILED,CASH,Self_Pay
PAY000006784,A001194,2025-10-25 18:00:00,11790.0,SUCCESS,BANK,Field
PAY000006785,A001452,2026-03-10 19:00:00,14374.44,FAILED,BANK,Human
PAY000006786,A001502,2026-05-21 15:00:00,13019.4,FAILED,BANK,WhatsApp
PAY000006787,A001583,2025-12-08 15:00:00,13301.0,SUCCESS,CASH,Self_Pay
PAY000006788,A000075,2026-02-10 19:00:00,7916.89,SUCCESS,BANK,Self_Pay
PAY000006789,A001847,2026-03-27 21:00:00,5866.58,SUCCESS,UPI,WhatsApp
PAY000006790,A000592,2026-03-26 09:00:00,3606.54,SUCCESS,CARD,WhatsApp
PAY000006791,A002970,2026-06-21 20:00:00,9573.24,SUCCESS,CARD,WhatsApp
PAY000006792,A001328,2026-08-05 08:00:00,8858.6,SUCCESS,CARD,Field
PAY000006793,A001314,2026-05-06 10:00:00,13253.93,SUCCESS,BANK,AI Voice
PAY000006794,A000234,2026-04-05 15:00:00,13930.96,SUCCESS,BANK,Human
PAY000006795,A000871,2026-08-21 09:00:00,7681.0,SUCCESS,UPI,Self_Pay
PAY000006796,A004185,2025-11-27 15:00:00,2567.74,SUCCESS,BANK,AI Voice
PAY000006797,A002731,2025-09-14 07:00:00,15288.51,FAILED,BANK,Human
PAY000006798,A003540,2025-10-05 19:00:00,5804.24,SUCCESS,CASH,Human
PAY000006799,A000010,2025-09-11 11:00:00,14494.06,SUCCESS,CARD,Human
PAY000006800,A003094,2026-08-22 18:00:00,15392.96,SUCCESS,BANK,Human
PAY000006801,A002315,2026-01-01 19:00:00,3894.08,SUCCESS,BANK,Human
PAY000006802,A001260,2025-09-20 09:00:00,14048.0,SUCCESS,UPI,Self_Pay
PAY000006803,A001243,2025-12-10 16:00:00,10960.38,SUCCESS,UPI,AI Voice
PAY000006804,A000286,2025-09-06 17:00:00,3571.87,SUCCESS,CASH,AI Voice
PAY000006805,A001332,2025-12-18 17:00:00,10549.26,SUCCESS,UPI,Self_Pay
PAY000006806,A003948,2026-01-23 13:00:00,7067.31,SUCCESS,UPI,AI Voice
PAY000006807,A001751,2026-04-25 16:00:00,8979.51,SUCCESS,CARD,AI Voice
PAY000006808,A001519,2026-08-01 17:00:00,14987.55,FAILED,BANK,Field
PAY000006809,A001853,2026-01-20 16:00:00,12404.83,FAILED,CASH,AI Voice
PAY000006810,A002776,2026-07-04 18:00:00,14052.29,FAILED,BANK,WhatsApp
PAY000006811,A000884,2026-02-08 12:00:00,5902.33,SUCCESS,CARD,Self_Pay
PAY000006812,A001820,2025-09-02 14:00:00,8312.8,FAILED,CASH,AI Voice
PAY000006813,A003934,2026-04-18 11:00:00,15278.82,SUCCESS,BANK,AI Voice
PAY000006814,A001436,2026-08-23 13:00:00,2766.39,SUCCESS,CARD,Self_Pay
PAY000006815,A004034,2026-06-17 14:00:00,3693.85,SUCCESS,UPI,Field
PAY000006816,A002848,2025-12-16 19:00:00,3828.63,FAILED,BANK,Self_Pay
PAY000006817,A003195,2026-02-12 07:00:00,9711.28,SUCCESS,BANK,Self_Pay
PAY000006818,A001392,2026-08-05 20:00:00,7061.32,SUCCESS,CASH,Human
PAY000006819,A002949,2026-01-20 12:00:00,6987.45,SUCCESS,UPI,Human
PAY000006820,A002322,2025-11-08 16:00:00,2334.73,SUCCESS,BANK,Self_Pay
PAY000006821,A004010,2025-12-14 20:00:00,1838.13,FAILED,BANK,WhatsApp
PAY000006822,A003102,2026-08-23 20:00:00,6359.0,FAILED,BANK,Self_Pay
PAY000006823,A003857,2026-04-22 08:00:00,14401.63,SUCCESS,CASH,Human
PAY000006824,A003633,2025-11-23 09:00:00,7513.88,FAILED,UPI,Field
PAY000006825,A002139,2026-06-06 07:00:00,10183.0,SUCCESS,UPI,Field
PAY000006826,A000835,2025-11-17 15:00:00,3117.87,SUCCESS,UPI,Field
PAY000006827,A000127,2026-06-06 14:00:00,15544.54,SUCCESS,BANK,Human
PAY000006828,A003315,2025-12-15 07:00:00,1318.46,FAILED,UPI,AI Voice
PAY000006829,A004025,2025-09-18 11:00:00,10505.38,SUCCESS,BANK,Field
PAY000006830,A003750,2026-06-26 09:00:00,2150.03,SUCCESS,CASH,Human
PAY000006831,A002749,2025-09-10 20:00:00,9441.0,SUCCESS,CASH,Human
PAY000006832,A002982,2026-07-13 11:00:00,15994.89,SUCCESS,BANK,Field
PAY000006833,A000368,2026-04-02 17:00:00,11646.04,SUCCESS,UPI,Field
PAY000006834,A000134,2025-10-15 09:00:00,1198.25,SUCCESS,BANK,Human
PAY000006835,A001765,2026-02-09 21:00:00,15932.73,FAILED,BANK,Field
PAY000006836,A001008,2026-02-24 18:00:00,9273.83,SUCCESS,BANK,WhatsApp
PAY000006837,A000690,2026-01-15 11:00:00,14085.35,FAILED,CASH,Self_Pay
PAY000006838,A001150,2026-02-21 21:00:00,3479.0,SUCCESS,UPI,AI Voice
PAY000006839,A001718,2026-01-20 11:00:00,7832.18,SUCCESS,CASH,Field
PAY000006840,A001467,2026-03-13 20:00:00,15444.77,SUCCESS,CASH,Human
PAY000006841,A003861,2026-02-16 14:00:00,4056.22,SUCCESS,CARD,Field
PAY000006842,A003877,2025-12-04 17:00:00,10912.44,SUCCESS,BANK,Human
PAY000006843,A001934,2026-02-20 20:00:00,5965.33,SUCCESS,BANK,Self_Pay
PAY000006844,A001856,2025-10-02 18:00:00,7808.2,SUCCESS,BANK,WhatsApp
PAY000006845,A002816,2026-07-27 16:00:00,12509.29,FAILED,CASH,Self_Pay
PAY000006846,A001330,2026-04-01 17:00:00,7215.0,SUCCESS,UPI,WhatsApp
PAY000006847,A003519,2025-10-03 16:00:00,2134.32,SUCCESS,UPI,Field
PAY000006848,A000743,2026-05-16 09:00:00,13165.21,SUCCESS,BANK,WhatsApp
PAY000006849,A003809,2025-10-19 11:00:00,1395.01,FAILED,BANK,Self_Pay
PAY000006850,A002492,2025-11-01 17:00:00,7714.71,FAILED,CARD,WhatsApp
PAY000006851,A000742,2025-09-20 16:00:00,7173.21,SUCCESS,UPI,Self_Pay
PAY000006852,A003025,2026-08-22 21:00:00,7687.21,SUCCESS,UPI,AI Voice
PAY000006853,A003767,2026-02-25 14:00:00,10975.46,FAILED,CARD,AI Voice
PAY000006854,A002880,2025-09-22 13:00:00,11495.73,SUCCESS,BANK,Self_Pay
PAY000006855,A004008,2025-11-10 18:00:00,2303.4,SUCCESS,CASH,Human
PAY000006856,A000609,2025-09-21 17:00:00,9373.61,FAILED,BANK,Human
PAY000006857,A001753,2025-09-08 08:00:00,12936.84,SUCCESS,UPI,Human
PAY000006858,A003496,2025-10-26 20:00:00,6975.13,FAILED,CASH,Field
PAY000006859,A002257,2026-02-17 08:00:00,11885.85,SUCCESS,UPI,WhatsApp
PAY000006860,A002667,2026-03-09 20:00:00,2210.49,SUCCESS,BANK,Human
PAY000006861,A003743,2026-03-07 13:00:00,6177.46,SUCCESS,CASH,AI Voice
PAY000006862,A000086,2026-02-04 19:00:00,7678.0,SUCCESS,BANK,WhatsApp
PAY000006863,A002638,2026-05-02 15:00:00,15975.24,SUCCESS,BANK,WhatsApp
PAY000006864,A000999,2026-05-11 10:00:00,8605.43,SUCCESS,CARD,Self_Pay
PAY000006865,A002278,2026-01-15 17:00:00,5887.17,FAILED,CARD,Field
PAY000006866,A002040,2026-05-03 16:00:00,7419.76,SUCCESS,UPI,Field
PAY000006867,A001663,2026-08-01 08:00:00,8302.98,SUCCESS,BANK,Human
PAY000006868,A002521,2026-02-09 17:00:00,13732.92,SUCCESS,CASH,Field
PAY000006869,A000554,2025-10-16 07:00:00,15781.99,SUCCESS,CARD,WhatsApp
PAY000006870,A000813,2026-02-18 12:00:00,3379.89,SUCCESS,CARD,WhatsApp
PAY000006871,A003740,2026-01-06 11:00:00,6549.87,FAILED,CARD,Human
PAY000006872,A001235,2026-08-03 13:00:00,12261.69,SUCCESS,UPI,WhatsApp
PAY000006873,A000267,2026-03-27 11:00:00,3386.26,SUCCESS,CASH,AI Voice
PAY000006874,A000852,2026-02-21 19:00:00,5755.29,SUCCESS,CARD,AI Voice
PAY000006875,A001990,2025-10-24 12:00:00,3423.4,SUCCESS,UPI,AI Voice
PAY000006876,A004090,2026-04-27 18:00:00,2383.02,SUCCESS,CARD,Human
PAY000006877,A003089,2026-04-25 17:00:00,14210.88,SUCCESS,CASH,WhatsApp
PAY000006878,A002776,2026-07-23 10:00:00,8654.3,FAILED,CARD,AI Voice
PAY000006879,A002721,2026-04-08 17:00:00,4264.54,FAILED,CARD,AI Voice
PAY000006880,A000028,2026-07-04 08:00:00,6843.0,FAILED,BANK,Human
PAY000006881,A000651,2026-04-15 10:00:00,9097.0,SUCCESS,CARD,Human
PAY000006882,A003631,2026-07-09 09:00:00,8788.84,SUCCESS,UPI,Field
PAY000006883,A003190,2025-11-05 11:00:00,7787.15,SUCCESS,CASH,WhatsApp
PAY000006884,A003519,2025-11-26 08:00:00,8030.06,SUCCESS,CARD,AI Voice
PAY000006885,A003632,2026-03-01 14:00:00,2112.27,SUCCESS,CASH,Human
PAY000006886,A003149,2026-01-14 15:00:00,15058.72,SUCCESS,CASH,AI Voice
PAY000006887,A003803,2025-11-19 08:00:00,6129.71,FAILED,BANK,Self_Pay
PAY000006888,A000662,2026-07-25 14:00:00,9458.32,SUCCESS,BANK,Field
PAY000006889,A002808,2026-01-15 20:00:00,9494.47,FAILED,UPI,Field
PAY000006890,A001546,2025-10-06 21:00:00,5206.31,SUCCESS,CASH,Field
PAY000006891,A001888,2026-06-03 19:00:00,6418.01,SUCCESS,UPI,Human
PAY000006892,A001626,2026-03-12 17:00:00,12728.89,SUCCESS,CARD,AI Voice
PAY000006893,A003426,2026-05-24 16:00:00,6365.87,SUCCESS,CASH,Field
PAY000006894,A000685,2025-12-24 13:00:00,13747.71,SUCCESS,BANK,Self_Pay
PAY000006895,A001319,2026-04-03 13:00:00,6678.43,FAILED,UPI,Self_Pay
PAY000006896,A003120,2026-05-05 07:00:00,4992.0,SUCCESS,CASH,WhatsApp
PAY000006897,A001857,2026-05-03 09:00:00,14352.37,SUCCESS,CASH,WhatsApp
PAY000006898,A002533,2026-03-05 18:00:00,13260.33,SUCCESS,CARD,Self_Pay
PAY000006899,A001617,2026-04-12 21:00:00,13577.0,SUCCESS,BANK,Field
PAY000006900,A004162,2026-04-05 12:00:00,10721.82,SUCCESS,CASH,Field
PAY000006901,A001671,2026-02-18 10:00:00,7551.6,FAILED,UPI,Self_Pay
PAY000006902,A003507,2025-09-03 10:00:00,5034.93,SUCCESS,CARD,AI Voice
PAY000006903,A000597,2026-08-26 12:00:00,6428.08,SUCCESS,UPI,AI Voice
PAY000006904,A001005,2025-10-12 12:00:00,1539.15,SUCCESS,CASH,AI Voice
PAY000006905,A002515,2026-03-04 13:00:00,12486.8,FAILED,CARD,Human
PAY000006906,A003420,2026-04-02 18:00:00,4792.11,FAILED,CARD,WhatsApp
PAY000006907,A003663,2026-07-16 13:00:00,12205.44,SUCCESS,CARD,AI Voice
PAY000006908,A002189,2026-05-17 21:00:00,3788.07,SUCCESS,CARD,Human
PAY000006909,A000400,2026-03-02 07:00:00,11541.0,SUCCESS,CASH,AI Voice
PAY000006910,A002992,2026-04-14 11:00:00,3261.3,SUCCESS,CARD,Human
PAY000006911,A002708,2026-02-13 14:00:00,4930.95,SUCCESS,BANK,Human
PAY000006912,A003555,2026-02-05 07:00:00,12616.09,SUCCESS,UPI,WhatsApp
PAY000006913,A000051,2025-10-01 12:00:00,6393.65,SUCCESS,CASH,AI Voice
PAY000006914,A001594,2026-08-12 10:00:00,14207.98,SUCCESS,CASH,Field
PAY000006915,A004114,2026-07-22 17:00:00,4400.25,SUCCESS,UPI,Field
PAY000006916,A002467,2026-03-27 07:00:00,6088.54,SUCCESS,BANK,AI Voice
PAY000006917,A000742,2026-08-06 18:00:00,2304.02,FAILED,CASH,WhatsApp
PAY000006918,A002105,2026-06-05 13:00:00,12985.4,SUCCESS,BANK,AI Voice
PAY000006919,A001896,2025-09-26 14:00:00,3180.06,SUCCESS,CARD,Human
PAY000006920,A000706,2026-02-16 18:00:00,2358.22,FAILED,CASH,Field
PAY000006921,A000891,2026-01-23 11:00:00,6760.99,SUCCESS,UPI,WhatsApp
PAY000006922,A000543,2025-10-22 13:00:00,10676.82,SUCCESS,CASH,AI Voice
PAY000006923,A000891,2026-07-06 09:00:00,5520.12,SUCCESS,BANK,AI Voice
PAY000006924,A001642,2025-09-22 12:00:00,7812.49,FAILED,CASH,Field
PAY000006925,A000691,2026-08-09 12:00:00,6384.09,SUCCESS,UPI,AI Voice
PAY000006926,A003345,2025-09-21 15:00:00,2892.69,SUCCESS,CARD,AI Voice
PAY000006927,A003879,2025-09-01 09:00:00,5235.01,SUCCESS,CASH,Self_Pay
PAY000006928,A004116,2026-01-04 12:00:00,12967.83,SUCCESS,CASH,Field
PAY000006929,A001650,2025-10-21 16:00:00,12547.6,SUCCESS,CASH,AI Voice
PAY000006930,A001423,2026-05-14 09:00:00,15112.79,SUCCESS,CARD,WhatsApp
PAY000006931,A002062,2026-07-05 11:00:00,11833.0,SUCCESS,CARD,AI Voice
PAY000006932,A002846,2026-03-07 16:00:00,9311.0,FAILED,UPI,AI Voice
PAY000006933,A000105,2026-02-06 19:00:00,2448.77,SUCCESS,CASH,AI Voice
PAY000006934,A001076,2025-10-26 09:00:00,4543.26,SUCCESS,CARD,AI Voice
PAY000006935,A002104,2026-08-27 17:00:00,1893.02,FAILED,CASH,Field
PAY000006936,A000804,2026-02-07 17:00:00,15019.17,SUCCESS,CASH,Field
PAY000006937,A002946,2026-06-07 15:00:00,13899.99,FAILED,CARD,Human
PAY000006938,A002909,2025-09-03 19:00:00,5554.25,SUCCESS,UPI,WhatsApp
PAY000006939,A001024,2025-11-09 18:00:00,8313.3,SUCCESS,BANK,Field
PAY000006940,A003333,2026-06-10 14:00:00,3736.45,SUCCESS,CARD,Field
PAY000006941,A000138,2026-05-27 10:00:00,12350.92,SUCCESS,CARD,Human
PAY000006942,A001092,2026-08-06 08:00:00,14399.92,SUCCESS,BANK,WhatsApp
PAY000006943,A002069,2026-05-01 07:00:00,2288.19,SUCCESS,CASH,AI Voice
PAY000006944,A003439,2026-02-12 09:00:00,3812.75,SUCCESS,UPI,WhatsApp
PAY000006945,A001894,2026-04-11 11:00:00,1833.79,FAILED,CARD,Human
PAY000006946,A002808,2026-02-23 19:00:00,2317.05,FAILED,CASH,AI Voice
PAY000006947,A003423,2025-11-25 10:00:00,13166.12,SUCCESS,CARD,Human
PAY000006948,A001633,2026-08-01 07:00:00,9395.37,SUCCESS,UPI,WhatsApp
PAY000006949,A002033,2026-07-15 09:00:00,6366.06,SUCCESS,CARD,WhatsApp
PAY000006950,A003836,2026-04-23 09:00:00,4495.61,FAILED,CARD,AI Voice
PAY000006951,A003827,2026-06-04 15:00:00,10091.0,SUCCESS,CARD,Human
PAY000006952,A001097,2026-08-25 17:00:00,9343.14,SUCCESS,UPI,WhatsApp
PAY000006953,A002400,2025-09-25 08:00:00,7716.97,SUCCESS,UPI,Human
PAY000006954,A001261,2026-03-17 11:00:00,3949.0,FAILED,CASH,AI Voice
PAY000006955,A001017,2025-11-11 21:00:00,6987.08,SUCCESS,CARD,Self_Pay
PAY000006956,A003331,2026-01-18 14:00:00,1936.39,SUCCESS,UPI,Human
PAY000006957,A002644,2025-11-08 21:00:00,14067.14,FAILED,CARD,Field
PAY000006958,A002686,2025-10-17 20:00:00,15505.54,SUCCESS,CARD,AI Voice
PAY000006959,A002179,2026-02-09 18:00:00,2484.56,SUCCESS,CARD,Field
PAY000006960,A002074,2026-05-01 19:00:00,11187.4,SUCCESS,BANK,WhatsApp
PAY000006961,A003513,2026-05-18 15:00:00,9817.73,SUCCESS,CASH,WhatsApp
PAY000006962,A002061,2026-05-08 15:00:00,10580.29,SUCCESS,CASH,WhatsApp
PAY000006963,A000195,2026-08-22 16:00:00,11559.04,SUCCESS,CASH,AI Voice
PAY000006964,A000436,2026-05-21 12:00:00,3999.71,SUCCESS,CARD,Human
PAY000006965,A003793,2025-09-04 20:00:00,4586.04,SUCCESS,UPI,WhatsApp
PAY000006966,A001076,2025-12-23 09:00:00,9571.0,FAILED,UPI,WhatsApp
PAY000006967,A001066,2026-06-21 21:00:00,5181.93,FAILED,CASH,Human
PAY000006968,A000821,2025-09-23 09:00:00,11824.27,SUCCESS,CARD,Self_Pay
PAY000006969,A003749,2026-02-11 14:00:00,8243.63,SUCCESS,CARD,Human
PAY000006970,A000078,2026-06-10 17:00:00,6876.94,SUCCESS,UPI,Self_Pay
PAY000006971,A003871,2026-03-19 18:00:00,6773.77,SUCCESS,UPI,AI Voice
PAY000006972,A001984,2026-04-01 21:00:00,15616.39,SUCCESS,CASH,AI Voice
PAY000006973,A000523,2026-08-03 10:00:00,7317.0,FAILED,BANK,Human
PAY000006974,A002342,2026-03-27 16:00:00,5450.54,SUCCESS,CARD,Field
PAY000006975,A002694,2026-02-20 10:00:00,8861.74,SUCCESS,BANK,AI Voice
PAY000006976,A004079,2026-02-03 14:00:00,14628.33,SUCCESS,BANK,Self_Pay
PAY000006977,A001127,2025-12-19 11:00:00,2072.71,SUCCESS,UPI,Self_Pay
PAY000006978,A004141,2026-03-19 20:00:00,6652.0,SUCCESS,UPI,Field
PAY000006979,A002294,2026-07-14 12:00:00,8050.32,SUCCESS,CARD,Field
PAY000006980,A002741,2025-11-23 12:00:00,11270.26,SUCCESS,CASH,AI Voice
PAY000006981,A000498,2026-08-03 19:00:00,2241.84,FAILED,CARD,Field
PAY000006982,A000343,2025-10-18 07:00:00,5257.5,FAILED,CASH,AI Voice
PAY000006983,A003353,2026-02-13 19:00:00,11134.39,FAILED,CASH,Self_Pay
PAY000006984,A003789,2025-09-09 14:00:00,12041.94,SUCCESS,CASH,Self_Pay
PAY000006985,A003151,2026-06-08 09:00:00,15730.98,FAILED,CARD,WhatsApp
PAY000006986,A000633,2026-02-25 14:00:00,4609.84,SUCCESS,CASH,Field
PAY000006987,A000230,2026-05-21 13:00:00,8920.61,SUCCESS,CARD,WhatsApp
PAY000006988,A003376,2026-06-06 13:00:00,5890.21,SUCCESS,CASH,Human
PAY000006989,A003247,2026-01-22 12:00:00,6550.45,SUCCESS,CASH,Human
PAY000006990,A000956,2025-11-19 19:00:00,7711.84,SUCCESS,CASH,AI Voice
PAY000006991,A001313,2026-05-25 17:00:00,4280.51,SUCCESS,UPI,Self_Pay
PAY000006992,A003371,2026-05-20 11:00:00,2974.75,SUCCESS,CARD,WhatsApp
PAY000006993,A002942,2025-10-01 21:00:00,10623.56,SUCCESS,UPI,WhatsApp
PAY000006994,A003384,2025-09-25 10:00:00,8237.03,FAILED,UPI,Self_Pay
PAY000006995,A003157,2026-04-06 14:00:00,7619.39,SUCCESS,UPI,AI Voice
PAY000006996,A001508,2026-07-19 21:00:00,10576.27,SUCCESS,CARD,AI Voice
PAY000006997,A003040,2026-03-26 15:00:00,5479.51,SUCCESS,UPI,AI Voice
PAY000006998,A001253,2025-12-14 19:00:00,2660.07,SUCCESS,BANK,Self_Pay
PAY000006999,A004067,2026-07-12 11:00:00,9082.28,SUCCESS,BANK,Self_Pay
PAY000007000,A004131,2026-04-09 19:00:00,10106.31,SUCCESS,BANK,AI Voice
PAY000007001,A001382,2025-12-18 13:00:00,15417.61,FAILED,CARD,WhatsApp
PAY000007002,A000457,2025-09-25 17:00:00,4706.23,SUCCESS,CARD,Human
PAY000007003,A002263,2025-09-06 20:00:00,15815.78,SUCCESS,CARD,AI Voice
PAY000007004,A002981,2026-03-13 14:00:00,2991.65,SUCCESS,UPI,Human
PAY000007005,A000241,2026-04-19 19:00:00,4238.4,FAILED,CARD,Field
PAY000007006,A001782,2026-03-27 18:00:00,10930.34,SUCCESS,CARD,Human
PAY000007007,A001880,2025-10-03 09:00:00,3514.97,SUCCESS,UPI,WhatsApp
PAY000007008,A001962,2026-03-18 08:00:00,7317.65,FAILED,CARD,Field
PAY000007009,A002759,2026-06-27 08:00:00,4383.0,SUCCESS,CARD,WhatsApp
PAY000007010,A001136,2025-12-26 20:00:00,7210.0,SUCCESS,BANK,Field
PAY000007011,A002175,2026-06-09 07:00:00,6146.51,SUCCESS,UPI,WhatsApp
PAY000007012,A003609,2025-10-05 13:00:00,3156.84,SUCCESS,BANK,Self_Pay
PAY000007013,A000328,2025-10-05 21:00:00,6858.19,SUCCESS,CARD,AI Voice
PAY000007014,A001624,2025-10-12 09:00:00,1067.87,SUCCESS,CASH,Human
PAY000007015,A001800,2026-02-17 21:00:00,2178.33,FAILED,UPI,Self_Pay
PAY000007016,A002052,2026-03-08 14:00:00,11826.87,SUCCESS,UPI,Human
PAY000007017,A000110,2026-05-15 21:00:00,8057.11,SUCCESS,CASH,Field
PAY000007018,A002940,2026-01-08 12:00:00,15184.61,SUCCESS,CASH,Self_Pay
PAY000007019,A000929,2026-03-21 13:00:00,1257.43,SUCCESS,CASH,Human
PAY000007020,A003885,2026-03-12 19:00:00,1281.65,SUCCESS,BANK,AI Voice
PAY000007021,A001509,2025-09-05 18:00:00,6288.52,SUCCESS,CARD,Self_Pay
PAY000007022,A000315,2026-08-12 18:00:00,13109.44,FAILED,BANK,AI Voice
PAY000007023,A002539,2026-03-02 19:00:00,6829.72,SUCCESS,UPI,Human
PAY000007024,A003548,2026-05-27 16:00:00,13124.6,SUCCESS,CARD,WhatsApp
PAY000007025,A003782,2026-04-10 07:00:00,1438.42,SUCCESS,CARD,Field
PAY000007026,A000085,2026-02-07 21:00:00,12146.17,SUCCESS,UPI,Field
PAY000007027,A002251,2026-03-17 15:00:00,11802.0,FAILED,UPI,Field
PAY000007028,A000192,2026-04-21 08:00:00,11461.0,SUCCESS,BANK,Field
PAY000007029,A002512,2025-11-24 13:00:00,6336.63,SUCCESS,BANK,AI Voice
PAY000007030,A003627,2025-10-06 12:00:00,8972.69,FAILED,UPI,AI Voice
PAY000007031,A004113,2025-11-07 10:00:00,5716.88,FAILED,CARD,Human
PAY000007032,A004082,2026-07-13 08:00:00,1925.04,SUCCESS,UPI,Self_Pay
PAY000007033,A003670,2026-07-04 16:00:00,12200.21,SUCCESS,CASH,Field
PAY000007034,A000291,2026-02-23 21:00:00,2584.59,SUCCESS,UPI,WhatsApp
PAY000007035,A000970,2026-08-03 20:00:00,2258.7,SUCCESS,CARD,Human
PAY000007036,A000398,2025-11-21 13:00:00,6584.47,SUCCESS,CARD,AI Voice
PAY000007037,A002820,2025-09-11 08:00:00,4267.29,SUCCESS,CASH,WhatsApp
PAY000007038,A001237,2026-05-25 14:00:00,7337.24,FAILED,CASH,Self_Pay
PAY000007039,A002571,2026-06-03 07:00:00,9031.29,SUCCESS,CASH,AI Voice
PAY000007040,A001907,2026-06-06 18:00:00,10978.64,SUCCESS,CARD,Field
PAY000007041,A002129,2025-10-05 20:00:00,4675.61,FAILED,UPI,Human
PAY000007042,A000138,2026-04-22 19:00:00,11272.0,SUCCESS,BANK,Self_Pay
PAY000007043,A000761,2025-11-25 18:00:00,4908.37,SUCCESS,CASH,Field
PAY000007044,A003645,2026-08-11 20:00:00,3252.71,FAILED,CARD,Self_Pay
PAY000007045,A002926,2026-04-15 13:00:00,4019.26,SUCCESS,UPI,Self_Pay
PAY000007046,A004019,2026-02-02 10:00:00,14549.0,SUCCESS,CASH,Human
PAY000007047,A003445,2025-09-05 09:00:00,4968.67,SUCCESS,CASH,Self_Pay
PAY000007048,A000243,2026-07-09 14:00:00,3438.95,FAILED,CASH,Field
PAY000007049,A002584,2026-05-14 07:00:00,9672.32,SUCCESS,UPI,WhatsApp
PAY000007050,A003073,2026-01-12 16:00:00,6345.1,SUCCESS,UPI,WhatsApp
PAY000007051,A002531,2025-11-05 18:00:00,10273.16,FAILED,CARD,Self_Pay
PAY000007052,A000563,2026-05-19 12:00:00,6466.7,SUCCESS,CARD,AI Voice
PAY000007053,A000222,2026-05-19 18:00:00,14909.19,SUCCESS,UPI,Field
PAY000007054,A003359,2026-08-23 12:00:00,6159.9,SUCCESS,BANK,WhatsApp
PAY000007055,A003505,2026-02-02 14:00:00,14173.99,FAILED,UPI,Self_Pay
PAY000007056,A000656,2025-10-01 14:00:00,12422.56,SUCCESS,CASH,Human
PAY000007057,A004067,2026-05-20 21:00:00,3783.59,SUCCESS,BANK,Field
PAY000007058,A003060,2026-03-08 21:00:00,7501.71,FAILED,BANK,WhatsApp
PAY000007059,A003051,2026-02-22 11:00:00,12999.93,FAILED,UPI,Self_Pay
PAY000007060,A003268,2025-09-14 18:00:00,10385.0,SUCCESS,CASH,Human
PAY000007061,A003315,2026-04-02 18:00:00,14182.8,SUCCESS,CASH,Human
PAY000007062,A002236,2026-07-05 16:00:00,3437.31,SUCCESS,CARD,Human
PAY000007063,A001618,2025-11-04 15:00:00,2106.0,SUCCESS,BANK,Field
PAY000007064,A002923,2025-12-01 07:00:00,8679.75,SUCCESS,CASH,Human
PAY000007065,A003958,2026-02-22 08:00:00,5618.14,FAILED,CASH,Human
PAY000007066,A000418,2025-10-06 17:00:00,2078.47,SUCCESS,CASH,AI Voice
PAY000007067,A000738,2026-05-21 21:00:00,2283.22,FAILED,BANK,Field
PAY000007068,A001809,2026-02-16 14:00:00,14974.04,SUCCESS,UPI,AI Voice
PAY000007069,A001517,2025-11-06 07:00:00,5790.02,SUCCESS,UPI,Human
PAY000007070,A002491,2025-10-16 16:00:00,14833.0,SUCCESS,CASH,Field
PAY000007071,A003101,2025-11-16 20:00:00,15375.24,SUCCESS,BANK,Self_Pay
PAY000007072,A000223,2026-03-26 18:00:00,7569.71,SUCCESS,BANK,Human
PAY000007073,A001874,2025-11-11 12:00:00,6000.3,SUCCESS,BANK,AI Voice
PAY000007074,A001168,2025-12-16 11:00:00,14570.33,SUCCESS,BANK,Field
PAY000007075,A003763,2026-07-15 08:00:00,8472.87,SUCCESS,CASH,Field
PAY000007076,A000584,2025-10-20 17:00:00,5553.34,SUCCESS,BANK,Human
PAY000007077,A002163,2026-06-13 16:00:00,13674.96,SUCCESS,UPI,Human
PAY000007078,A000823,2026-08-21 11:00:00,5316.06,SUCCESS,BANK,AI Voice
PAY000007079,A001193,2025-12-01 17:00:00,13783.6,SUCCESS,BANK,Field
PAY000007080,A003889,2026-01-02 07:00:00,1198.64,SUCCESS,CARD,Human
PAY000007081,A001875,2025-09-08 18:00:00,12623.42,SUCCESS,BANK,Field
PAY000007082,A000873,2025-12-13 09:00:00,3868.42,SUCCESS,CASH,Human
PAY000007083,A003456,2025-11-27 10:00:00,11055.17,SUCCESS,UPI,WhatsApp
PAY000007084,A003426,2026-07-14 14:00:00,1377.49,SUCCESS,CARD,AI Voice
PAY000007085,A002028,2026-06-07 13:00:00,4155.03,FAILED,BANK,Human
PAY000007086,A001775,2026-07-26 15:00:00,5996.78,SUCCESS,UPI,WhatsApp
PAY000007087,A004023,2025-12-23 08:00:00,2517.46,SUCCESS,BANK,WhatsApp
PAY000007088,A001481,2025-11-17 16:00:00,6855.63,SUCCESS,UPI,AI Voice
PAY000007089,A002050,2025-12-02 17:00:00,15740.2,SUCCESS,CARD,Field
PAY000007090,A003302,2025-11-14 21:00:00,5948.64,SUCCESS,BANK,WhatsApp
PAY000007091,A001454,2026-03-16 08:00:00,2459.78,SUCCESS,BANK,AI Voice
PAY000007092,A003728,2026-03-16 21:00:00,8864.75,FAILED,UPI,Field
PAY000007093,A001486,2026-05-02 12:00:00,1814.28,SUCCESS,CARD,Field
PAY000007094,A001121,2026-03-25 11:00:00,1353.56,SUCCESS,CARD,Human
PAY000007095,A000608,2026-04-20 08:00:00,4307.18,SUCCESS,CARD,WhatsApp
PAY000007096,A003290,2025-12-17 17:00:00,8526.39,SUCCESS,BANK,AI Voice
PAY000007097,A000279,2025-09-14 13:00:00,1432.21,FAILED,CASH,AI Voice
PAY000007098,A001345,2025-11-19 11:00:00,11533.9,SUCCESS,BANK,AI Voice
PAY000007099,A002889,2025-11-18 13:00:00,8345.81,SUCCESS,BANK,Field
PAY000007100,A001593,2025-09-07 08:00:00,1024.12,SUCCESS,CASH,AI Voice
PAY000007101,A000396,2025-11-24 15:00:00,12782.33,FAILED,CARD,Field
PAY000007102,A002565,2025-10-01 10:00:00,6406.2,SUCCESS,BANK,Self_Pay
PAY000007103,A002818,2026-02-22 18:00:00,5708.8,SUCCESS,CARD,AI Voice
PAY000007104,A001501,2026-04-05 19:00:00,2247.48,SUCCESS,CASH,Human
PAY000007105,A003197,2025-11-24 10:00:00,6744.67,FAILED,CARD,Field
PAY000007106,A001513,2026-06-09 11:00:00,12565.47,FAILED,CASH,Self_Pay
PAY000007107,A003213,2025-10-21 07:00:00,15347.12,SUCCESS,UPI,WhatsApp
PAY000007108,A003481,2026-08-11 07:00:00,15948.23,SUCCESS,CARD,Self_Pay
PAY000007109,A003374,2026-07-09 17:00:00,9118.69,FAILED,CARD,AI Voice
PAY000007110,A001960,2025-10-02 09:00:00,13859.07,FAILED,UPI,Human
PAY000007111,A000657,2026-01-24 10:00:00,5864.68,SUCCESS,CARD,Human
PAY000007112,A002446,2026-04-07 15:00:00,2259.96,SUCCESS,BANK,Field
PAY000007113,A002307,2026-04-22 12:00:00,10258.73,SUCCESS,UPI,Field
PAY000007114,A001874,2026-03-15 17:00:00,9456.07,SUCCESS,UPI,Self_Pay
PAY000007115,A004124,2025-11-01 15:00:00,5607.89,SUCCESS,CARD,Human
PAY000007116,A003376,2026-04-06 12:00:00,6774.78,SUCCESS,CARD,Self_Pay
PAY000007117,A002557,2026-07-27 12:00:00,1013.75,FAILED,CARD,Self_Pay
PAY000007118,A003777,2026-03-12 11:00:00,10621.78,SUCCESS,UPI,Field
PAY000007119,A002663,2025-12-21 11:00:00,2123.04,FAILED,CARD,Human
PAY000007120,A000893,2026-04-05 09:00:00,1054.03,FAILED,BANK,Field
PAY000007121,A003892,2026-03-16 07:00:00,2536.91,SUCCESS,BANK,WhatsApp
PAY000007122,A002894,2025-12-19 12:00:00,7367.43,SUCCESS,UPI,Self_Pay
PAY000007123,A000979,2026-03-19 18:00:00,7958.77,SUCCESS,CARD,Field
PAY000007124,A001887,2026-07-13 07:00:00,4788.16,FAILED,CARD,Human
PAY000007125,A003385,2025-10-17 12:00:00,3147.58,FAILED,BANK,WhatsApp
PAY000007126,A000763,2026-02-20 14:00:00,10063.41,SUCCESS,UPI,AI Voice
PAY000007127,A001606,2026-02-05 07:00:00,10430.22,FAILED,BANK,AI Voice
PAY000007128,A001560,2026-04-13 19:00:00,11474.6,SUCCESS,UPI,Field
PAY000007129,A001227,2025-10-10 14:00:00,2519.77,SUCCESS,CASH,Human
PAY000007130,A001677,2025-10-04 19:00:00,5047.55,SUCCESS,CASH,Self_Pay
PAY000007131,A004169,2026-03-09 20:00:00,14569.4,SUCCESS,CASH,Field
PAY000007132,A003370,2025-11-27 14:00:00,10100.0,SUCCESS,CASH,Human
PAY000007133,A003872,2026-01-25 08:00:00,12883.71,SUCCESS,UPI,Field
PAY000007134,A003289,2026-06-25 14:00:00,4015.84,SUCCESS,CARD,AI Voice
PAY000007135,A003390,2026-06-24 12:00:00,3957.41,FAILED,UPI,Field
PAY000007136,A000642,2025-12-24 17:00:00,9751.73,SUCCESS,CARD,Human
PAY000007137,A003912,2025-11-08 11:00:00,15571.63,SUCCESS,BANK,WhatsApp
PAY000007138,A000917,2026-01-10 20:00:00,7330.0,SUCCESS,CASH,Self_Pay
PAY000007139,A003495,2026-01-04 19:00:00,14493.72,SUCCESS,UPI,WhatsApp
PAY000007140,A000232,2026-03-14 15:00:00,7815.53,FAILED,CARD,Self_Pay
PAY000007141,A001984,2025-10-14 09:00:00,6023.36,SUCCESS,UPI,AI Voice
PAY000007142,A001464,2026-01-03 07:00:00,8612.93,SUCCESS,UPI,Human
PAY000007143,A000358,2026-02-17 18:00:00,14139.64,SUCCESS,CARD,Human
PAY000007144,A000645,2025-12-15 07:00:00,14726.76,SUCCESS,CASH,WhatsApp
PAY000007145,A004058,2026-02-16 09:00:00,6428.11,FAILED,CARD,Human
PAY000007146,A001635,2025-12-17 07:00:00,5104.94,FAILED,CARD,Human
PAY000007147,A000210,2025-09-11 21:00:00,2508.74,SUCCESS,BANK,Human
PAY000007148,A002737,2026-04-08 14:00:00,3625.72,SUCCESS,CARD,WhatsApp
PAY000007149,A003182,2026-03-09 16:00:00,1697.04,SUCCESS,CARD,Field
PAY000007150,A001440,2026-05-19 07:00:00,8126.69,FAILED,BANK,WhatsApp
PAY000007151,A003429,2025-10-15 21:00:00,4989.19,SUCCESS,CASH,Human
PAY000007152,A000353,2025-12-05 14:00:00,9216.73,SUCCESS,CARD,Self_Pay
PAY000007153,A002766,2026-05-24 15:00:00,9409.7,SUCCESS,CARD,Field
PAY000007154,A002113,2026-03-13 13:00:00,6742.38,SUCCESS,CASH,AI Voice
PAY000007155,A002772,2026-07-19 13:00:00,6919.27,SUCCESS,BANK,WhatsApp
PAY000007156,A000872,2025-11-23 09:00:00,15702.01,SUCCESS,BANK,Self_Pay
PAY000007157,A000374,2025-09-25 15:00:00,8835.27,FAILED,CASH,Field
PAY000007158,A003072,2026-06-05 09:00:00,3071.11,SUCCESS,CASH,WhatsApp
PAY000007159,A003190,2026-06-25 19:00:00,11873.07,SUCCESS,CARD,AI Voice
PAY000007160,A001291,2025-12-06 20:00:00,14802.61,SUCCESS,UPI,Human
PAY000007161,A002389,2026-08-15 20:00:00,11866.75,FAILED,CASH,Human
PAY000007162,A001562,2026-02-14 11:00:00,7225.88,SUCCESS,UPI,AI Voice
PAY000007163,A001941,2026-03-04 21:00:00,15009.34,SUCCESS,CARD,Human
PAY000007164,A002897,2026-06-15 21:00:00,5664.86,SUCCESS,CASH,Self_Pay
PAY000007165,A000127,2025-12-15 17:00:00,10366.58,SUCCESS,CASH,WhatsApp
PAY000007166,A002936,2025-12-01 08:00:00,13009.0,FAILED,UPI,Field
PAY000007167,A003026,2026-06-12 09:00:00,13647.0,FAILED,CASH,Field
PAY000007168,A002140,2026-07-18 09:00:00,12523.3,FAILED,BANK,AI Voice
PAY000007169,A001307,2026-01-04 09:00:00,4861.83,FAILED,BANK,Field
PAY000007170,A000887,2025-12-08 08:00:00,11267.62,FAILED,CARD,AI Voice
PAY000007171,A003343,2026-08-02 18:00:00,3650.79,FAILED,BANK,Self_Pay
PAY000007172,A003198,2026-06-27 08:00:00,4818.19,SUCCESS,CARD,WhatsApp
PAY000007173,A002346,2025-11-06 14:00:00,8715.29,SUCCESS,BANK,AI Voice
PAY000007174,A001499,2026-03-10 17:00:00,15717.34,SUCCESS,CASH,WhatsApp
PAY000007175,A000117,2025-10-14 16:00:00,4613.05,FAILED,UPI,WhatsApp
PAY000007176,A000655,2026-05-05 10:00:00,11866.32,FAILED,CARD,WhatsApp
PAY000007177,A004007,2025-10-11 19:00:00,13898.93,SUCCESS,CARD,AI Voice
PAY000007178,A000399,2026-06-01 12:00:00,3557.08,SUCCESS,UPI,Field
PAY000007179,A001938,2025-10-06 17:00:00,7379.71,SUCCESS,BANK,Self_Pay
PAY000007180,A002988,2025-11-11 14:00:00,3333.63,SUCCESS,UPI,AI Voice
PAY000007181,A001077,2025-11-05 09:00:00,5688.0,FAILED,CASH,Self_Pay
PAY000007182,A001559,2026-04-26 21:00:00,7590.35,FAILED,UPI,Self_Pay
PAY000007183,A003145,2026-02-17 15:00:00,7132.0,FAILED,CARD,Field
PAY000007184,A000526,2026-03-26 11:00:00,10376.67,SUCCESS,UPI,AI Voice
PAY000007185,A003829,2026-03-22 13:00:00,9902.28,SUCCESS,CASH,WhatsApp
PAY000007186,A000527,2026-01-25 16:00:00,9916.09,FAILED,CASH,AI Voice
PAY000007187,A002154,2025-10-10 18:00:00,5661.0,SUCCESS,UPI,Self_Pay
PAY000007188,A001818,2025-10-22 17:00:00,12284.88,SUCCESS,BANK,Self_Pay
PAY000007189,A001738,2026-07-24 07:00:00,11495.0,FAILED,CARD,Human
PAY000007190,A000439,2026-08-06 07:00:00,4974.04,SUCCESS,UPI,AI Voice
PAY000007191,A000074,2026-06-18 12:00:00,7720.81,SUCCESS,CARD,Human
PAY000007192,A002499,2025-09-14 11:00:00,3014.27,SUCCESS,BANK,Self_Pay
PAY000007193,A002620,2025-12-08 19:00:00,13534.09,FAILED,CARD,Human
PAY000007194,A002571,2026-05-16 18:00:00,1669.98,FAILED,CARD,Field
PAY000007195,A000360,2026-03-12 10:00:00,9072.51,SUCCESS,CARD,AI Voice
PAY000007196,A003089,2026-03-21 13:00:00,3687.46,SUCCESS,UPI,Human
PAY000007197,A003767,2026-01-06 20:00:00,2927.49,SUCCESS,CARD,WhatsApp
PAY000007198,A003789,2026-01-10 11:00:00,12299.62,FAILED,CASH,WhatsApp
PAY000007199,A002663,2026-05-14 21:00:00,12849.4,SUCCESS,CARD,Human
PAY000007200,A000058,2026-01-22 11:00:00,15020.95,SUCCESS,BANK,Self_Pay
PAY000007201,A002113,2025-09-14 12:00:00,10949.0,FAILED,CASH,Human
PAY000007202,A001389,2026-07-11 09:00:00,4129.03,FAILED,UPI,WhatsApp
PAY000007203,A002848,2025-10-06 12:00:00,6656.68,SUCCESS,BANK,AI Voice
PAY000007204,A002872,2025-12-25 08:00:00,10081.97,FAILED,CARD,Human
PAY000007205,A002860,2025-12-15 14:00:00,6072.78,SUCCESS,UPI,Field
PAY000007206,A002587,2026-08-05 12:00:00,7979.68,SUCCESS,CASH,WhatsApp
PAY000007207,A003511,2026-07-16 21:00:00,14572.92,SUCCESS,BANK,Human
PAY000007208,A001365,2026-02-12 13:00:00,4674.77,SUCCESS,UPI,Human
PAY000007209,A001847,2026-01-06 20:00:00,13985.83,SUCCESS,CARD,Field
PAY000007210,A000897,2026-06-24 16:00:00,15144.44,SUCCESS,BANK,Field
PAY000007211,A001073,2025-10-22 16:00:00,1953.02,SUCCESS,CARD,Self_Pay
PAY000007212,A002254,2025-10-01 07:00:00,12834.67,FAILED,CARD,Human
PAY000007213,A003458,2026-01-11 11:00:00,9492.0,SUCCESS,BANK,Self_Pay
PAY000007214,A003369,2025-11-24 11:00:00,10602.25,SUCCESS,UPI,Field
PAY000007215,A000455,2025-09-14 09:00:00,14613.08,FAILED,CARD,AI Voice
PAY000007216,A000420,2025-10-14 14:00:00,15159.85,FAILED,CASH,Field
PAY000007217,A003437,2025-10-01 13:00:00,6198.08,SUCCESS,CARD,Self_Pay
PAY000007218,A001459,2025-12-16 17:00:00,13141.97,SUCCESS,CASH,Self_Pay
PAY000007219,A003611,2026-08-25 08:00:00,6978.31,FAILED,BANK,AI Voice
PAY000007220,A001836,2026-01-01 07:00:00,10340.06,SUCCESS,CASH,WhatsApp
PAY000007221,A001785,2025-09-12 11:00:00,4236.1,SUCCESS,CASH,Field
PAY000007222,A003966,2026-03-23 18:00:00,7144.16,SUCCESS,BANK,Human
PAY000007223,A000227,2026-02-16 12:00:00,12890.1,SUCCESS,BANK,AI Voice
PAY000007224,A003386,2026-05-10 20:00:00,11675.94,SUCCESS,CARD,Human
PAY000007225,A000401,2026-08-08 10:00:00,4593.71,FAILED,UPI,Self_Pay
PAY000007226,A001190,2026-07-19 14:00:00,15815.54,FAILED,CASH,Self_Pay
PAY000007227,A001252,2025-10-22 20:00:00,12746.73,FAILED,BANK,Field
PAY000007228,A000122,2026-02-18 21:00:00,4044.78,SUCCESS,BANK,AI Voice
PAY000007229,A001339,2025-12-21 19:00:00,2897.98,SUCCESS,CARD,WhatsApp
PAY000007230,A003226,2025-12-05 11:00:00,5074.06,FAILED,CARD,Field
PAY000007231,A000753,2026-03-14 20:00:00,7599.52,FAILED,CARD,Field
PAY000007232,A002365,2025-11-26 11:00:00,4030.67,FAILED,UPI,AI Voice
PAY000007233,A002834,2026-02-06 18:00:00,5262.55,SUCCESS,CASH,Field
PAY000007234,A003607,2026-06-18 17:00:00,8682.0,FAILED,UPI,WhatsApp
PAY000007235,A003433,2026-07-11 13:00:00,11531.82,SUCCESS,BANK,WhatsApp
PAY000007236,A003973,2026-07-04 17:00:00,11035.27,SUCCESS,UPI,Human
PAY000007237,A001946,2025-11-20 10:00:00,7195.68,SUCCESS,UPI,Self_Pay
PAY000007238,A000325,2026-01-10 10:00:00,12939.69,FAILED,CARD,Human
PAY000007239,A002788,2026-05-24 20:00:00,4261.27,FAILED,CARD,AI Voice
PAY000007240,A003912,2026-06-27 12:00:00,4694.04,FAILED,CARD,Field
PAY000007241,A001774,2025-10-05 21:00:00,6779.25,SUCCESS,BANK,WhatsApp
PAY000007242,A002820,2025-10-01 20:00:00,15930.4,SUCCESS,UPI,AI Voice
PAY000007243,A001596,2025-11-19 14:00:00,10465.68,SUCCESS,CARD,AI Voice
PAY000007244,A000241,2025-09-21 11:00:00,13585.0,SUCCESS,CASH,WhatsApp
PAY000007245,A001548,2026-02-22 12:00:00,2922.72,SUCCESS,CASH,AI Voice
PAY000007246,A000322,2025-09-27 19:00:00,9643.25,SUCCESS,CASH,AI Voice
PAY000007247,A003373,2026-05-15 09:00:00,7621.31,SUCCESS,UPI,Self_Pay
PAY000007248,A002594,2026-05-20 14:00:00,6457.34,SUCCESS,UPI,Human
PAY000007249,A002085,2026-03-25 13:00:00,1180.09,SUCCESS,CASH,WhatsApp
PAY000007250,A001539,2025-12-16 11:00:00,6660.31,SUCCESS,CASH,Field
PAY000007251,A003646,2025-10-18 15:00:00,5573.37,SUCCESS,CARD,WhatsApp
PAY000007252,A002611,2025-10-04 15:00:00,12013.82,FAILED,BANK,Field
PAY000007253,A003468,2026-08-19 16:00:00,7107.47,SUCCESS,CASH,WhatsApp
PAY000007254,A003958,2025-11-20 21:00:00,11338.0,SUCCESS,BANK,WhatsApp
PAY000007255,A001225,2026-07-22 12:00:00,7827.6,SUCCESS,CASH,WhatsApp
PAY000007256,A002957,2026-04-18 09:00:00,11786.0,FAILED,BANK,AI Voice
PAY000007257,A002615,2025-11-18 08:00:00,11093.06,SUCCESS,CARD,Human
PAY000007258,A000503,2025-09-21 11:00:00,15336.35,FAILED,CARD,WhatsApp
PAY000007259,A004171,2025-12-06 09:00:00,2167.17,SUCCESS,UPI,AI Voice
PAY000007260,A000386,2025-10-03 12:00:00,2559.18,FAILED,CARD,AI Voice
PAY000007261,A002489,2026-03-01 20:00:00,14389.82,FAILED,BANK,Self_Pay
PAY000007262,A000966,2025-12-17 11:00:00,5916.72,SUCCESS,UPI,WhatsApp
PAY000007263,A000849,2026-03-01 11:00:00,8447.84,SUCCESS,UPI,Field
PAY000007264,A002871,2026-02-02 17:00:00,2595.63,SUCCESS,BANK,AI Voice
PAY000007265,A002956,2026-06-18 12:00:00,1743.91,SUCCESS,CASH,Field
PAY000007266,A001786,2026-08-01 13:00:00,12054.98,SUCCESS,BANK,AI Voice
PAY000007267,A000867,2026-05-24 12:00:00,9231.62,SUCCESS,CASH,Field
PAY000007268,A003431,2026-07-11 10:00:00,6519.9,SUCCESS,UPI,Field
PAY000007269,A004141,2026-01-06 15:00:00,6652.0,SUCCESS,CARD,AI Voice
PAY000007270,A001585,2026-01-18 12:00:00,1569.45,FAILED,CASH,Field
PAY000007271,A003265,2026-05-02 10:00:00,13309.41,SUCCESS,CARD,Field
PAY000007272,A004173,2026-03-01 13:00:00,9484.07,SUCCESS,BANK,WhatsApp
PAY000007273,A002899,2026-04-06 11:00:00,9299.28,SUCCESS,BANK,Human
PAY000007274,A001183,2025-11-17 17:00:00,4079.88,SUCCESS,CARD,Field
PAY000007275,A000866,2026-07-08 16:00:00,7150.99,SUCCESS,BANK,WhatsApp
PAY000007276,A001450,2026-08-23 09:00:00,5716.72,SUCCESS,CARD,WhatsApp
PAY000007277,A002290,2025-11-11 18:00:00,10922.93,FAILED,BANK,AI Voice
PAY000007278,A000832,2026-04-03 07:00:00,9142.94,FAILED,BANK,Human
PAY000007279,A002161,2025-10-15 08:00:00,8679.0,SUCCESS,CASH,Self_Pay
PAY000007280,A000872,2026-01-01 08:00:00,2609.74,SUCCESS,CASH,AI Voice
PAY000007281,A002465,2026-01-18 07:00:00,12713.7,SUCCESS,CASH,AI Voice
PAY000007282,A000228,2026-08-02 07:00:00,8659.06,SUCCESS,CASH,WhatsApp
PAY000007283,A003163,2025-09-27 14:00:00,6626.0,SUCCESS,BANK,WhatsApp
PAY000007284,A000987,2025-12-15 10:00:00,11452.36,FAILED,CASH,Human
PAY000007285,A003762,2025-10-22 21:00:00,4560.86,FAILED,UPI,WhatsApp
PAY000007286,A002773,2026-08-22 13:00:00,6052.06,SUCCESS,UPI,Self_Pay
PAY000007287,A001072,2026-03-19 12:00:00,11710.86,FAILED,CASH,Field
PAY000007288,A000627,2026-04-24 10:00:00,7870.83,SUCCESS,BANK,Human
PAY000007289,A002289,2026-06-24 19:00:00,15425.15,SUCCESS,CARD,WhatsApp
PAY000007290,A004196,2026-01-05 21:00:00,7174.06,SUCCESS,CARD,Human
PAY000007291,A000900,2026-02-18 07:00:00,2021.25,SUCCESS,UPI,WhatsApp
PAY000007292,A001517,2026-05-13 11:00:00,7835.59,FAILED,BANK,Self_Pay
PAY000007293,A000490,2026-01-14 20:00:00,4978.0,SUCCESS,BANK,WhatsApp
PAY000007294,A002329,2025-10-20 08:00:00,13763.79,SUCCESS,BANK,AI Voice
PAY000007295,A001130,2026-06-12 17:00:00,1041.04,SUCCESS,CARD,AI Voice
PAY000007296,A002070,2026-05-22 20:00:00,15948.6,SUCCESS,BANK,Human
PAY000007297,A003894,2025-11-26 12:00:00,10096.71,FAILED,CASH,AI Voice
PAY000007298,A002987,2026-04-17 12:00:00,14749.17,SUCCESS,UPI,AI Voice
PAY000007299,A002675,2026-07-08 12:00:00,10017.61,SUCCESS,CARD,Human
PAY000007300,A002355,2026-02-19 08:00:00,10289.66,FAILED,BANK,Field
PAY000007301,A001848,2026-08-27 10:00:00,14799.08,SUCCESS,UPI,Human
PAY000007302,A001015,2026-04-06 14:00:00,12716.95,SUCCESS,BANK,Self_Pay
PAY000007303,A003866,2026-02-19 16:00:00,15200.65,SUCCESS,CASH,WhatsApp
PAY000007304,A003609,2026-02-06 17:00:00,5571.65,SUCCESS,BANK,AI Voice
PAY000007305,A000553,2026-07-03 20:00:00,14959.55,SUCCESS,CARD,Self_Pay
PAY000007306,A000767,2026-07-26 15:00:00,12532.38,SUCCESS,CARD,Human
PAY000007307,A001630,2025-11-11 18:00:00,13532.57,SUCCESS,UPI,Human
PAY000007308,A003525,2026-05-01 11:00:00,11141.2,SUCCESS,UPI,Self_Pay
PAY000007309,A001811,2026-06-13 17:00:00,4082.08,FAILED,BANK,Self_Pay
PAY000007310,A002667,2025-10-01 10:00:00,7247.12,SUCCESS,CASH,Self_Pay
PAY000007311,A000865,2025-11-04 07:00:00,14306.0,FAILED,UPI,AI Voice
PAY000007312,A002345,2026-06-25 18:00:00,10041.84,SUCCESS,BANK,Human
PAY000007313,A003620,2025-10-10 07:00:00,2245.55,FAILED,CARD,WhatsApp
PAY000007314,A002129,2025-09-05 14:00:00,12632.86,FAILED,UPI,Human
PAY000007315,A002094,2025-10-18 18:00:00,4243.25,SUCCESS,CASH,Field
PAY000007316,A003946,2026-06-01 09:00:00,5660.45,SUCCESS,UPI,Human
PAY000007317,A004060,2026-06-27 14:00:00,10795.0,SUCCESS,UPI,AI Voice
PAY000007318,A000616,2026-04-18 16:00:00,4205.22,SUCCESS,CARD,Self_Pay
PAY000007319,A001612,2025-11-03 09:00:00,9977.31,FAILED,CARD,WhatsApp
PAY000007320,A000479,2026-03-27 17:00:00,10304.0,SUCCESS,CASH,Self_Pay
PAY000007321,A002932,2026-03-13 13:00:00,13130.95,SUCCESS,CASH,Field
PAY000007322,A003543,2025-10-13 14:00:00,1942.67,FAILED,CARD,AI Voice
PAY000007323,A000805,2025-11-24 09:00:00,13772.82,SUCCESS,CASH,AI Voice
PAY000007324,A000387,2026-05-01 20:00:00,8431.96,FAILED,CARD,WhatsApp
PAY000007325,A003753,2025-09-01 19:00:00,4870.18,FAILED,CASH,Human
PAY000007326,A001113,2025-09-04 21:00:00,5450.56,SUCCESS,BANK,AI Voice
PAY000007327,A003291,2025-10-26 14:00:00,5330.57,FAILED,CARD,Self_Pay
PAY000007328,A003083,2026-04-19 08:00:00,1964.18,SUCCESS,UPI,Human
PAY000007329,A000524,2026-01-25 07:00:00,14643.99,SUCCESS,BANK,AI Voice
PAY000007330,A003217,2025-10-06 07:00:00,2721.37,FAILED,UPI,Field
PAY000007331,A003932,2025-09-21 08:00:00,6136.39,SUCCESS,CARD,AI Voice
PAY000007332,A003052,2025-11-02 15:00:00,9678.51,SUCCESS,CASH,Self_Pay
PAY000007333,A002247,2026-02-23 19:00:00,12148.0,SUCCESS,BANK,Field
PAY000007334,A003012,2026-01-25 13:00:00,8264.0,SUCCESS,BANK,WhatsApp
PAY000007335,A000411,2026-08-23 14:00:00,14081.87,FAILED,CASH,Self_Pay
PAY000007336,A002776,2026-07-27 20:00:00,8407.38,SUCCESS,UPI,WhatsApp
PAY000007337,A003262,2025-11-25 12:00:00,6612.72,SUCCESS,CARD,Field
PAY000007338,A001293,2026-02-07 09:00:00,14683.87,SUCCESS,BANK,AI Voice
PAY000007339,A001208,2026-05-15 17:00:00,10556.73,SUCCESS,CARD,WhatsApp
PAY000007340,A000969,2026-07-02 12:00:00,8079.49,FAILED,BANK,WhatsApp
PAY000007341,A001490,2025-09-18 21:00:00,2416.68,SUCCESS,CARD,Self_Pay
PAY000007342,A003614,2026-04-20 10:00:00,7322.67,SUCCESS,UPI,Human
PAY000007343,A003854,2026-08-02 21:00:00,11144.66,SUCCESS,UPI,Human
PAY000007344,A001393,2025-10-21 15:00:00,10224.0,SUCCESS,CASH,Self_Pay
PAY000007345,A002931,2025-09-08 14:00:00,1664.04,SUCCESS,CARD,AI Voice
PAY000007346,A000022,2026-04-12 14:00:00,6679.99,SUCCESS,CARD,Self_Pay
PAY000007347,A000503,2026-04-17 07:00:00,6627.12,SUCCESS,CARD,AI Voice
PAY000007348,A001007,2026-03-07 20:00:00,6582.0,SUCCESS,CASH,AI Voice
PAY000007349,A000999,2025-09-27 20:00:00,8857.97,SUCCESS,UPI,Field
PAY000007350,A003967,2026-02-14 10:00:00,9834.54,SUCCESS,CASH,AI Voice
PAY000007351,A000278,2026-03-13 09:00:00,15478.73,SUCCESS,UPI,Self_Pay
PAY000007352,A000261,2025-11-22 10:00:00,6790.36,SUCCESS,UPI,AI Voice
PAY000007353,A001417,2025-11-03 16:00:00,10613.4,FAILED,CARD,Field
PAY000007354,A002901,2026-02-22 18:00:00,2276.2,SUCCESS,CASH,Self_Pay
PAY000007355,A003209,2025-12-21 15:00:00,13759.06,SUCCESS,CASH,Field
PAY000007356,A000167,2026-03-15 10:00:00,13175.29,SUCCESS,CARD,Human
PAY000007357,A003316,2025-11-13 19:00:00,2393.91,SUCCESS,UPI,WhatsApp
PAY000007358,A003537,2026-04-08 19:00:00,13886.43,SUCCESS,CARD,WhatsApp
PAY000007359,A004088,2025-12-15 14:00:00,1973.24,SUCCESS,CASH,Field
PAY000007360,A001746,2025-09-11 19:00:00,4503.7,SUCCESS,UPI,Self_Pay
PAY000007361,A001257,2026-08-16 11:00:00,3899.85,FAILED,CARD,Self_Pay
PAY000007362,A003737,2026-07-26 15:00:00,8464.86,FAILED,CASH,Self_Pay
PAY000007363,A000554,2026-06-09 20:00:00,10452.91,SUCCESS,CARD,AI Voice
PAY000007364,A002356,2025-11-05 18:00:00,15251.69,SUCCESS,CARD,WhatsApp
PAY000007365,A004018,2026-01-17 18:00:00,4159.38,FAILED,CARD,AI Voice
PAY000007366,A001354,2025-10-24 17:00:00,11354.43,SUCCESS,CARD,WhatsApp
PAY000007367,A002000,2025-11-04 17:00:00,13527.0,FAILED,CASH,Human
PAY000007368,A002805,2025-12-18 08:00:00,11026.73,FAILED,CASH,AI Voice
PAY000007369,A001046,2026-06-22 12:00:00,14438.74,FAILED,CARD,Self_Pay
PAY000007370,A001375,2025-10-14 09:00:00,4944.32,SUCCESS,CASH,AI Voice
PAY000007371,A002557,2026-08-09 15:00:00,10852.84,SUCCESS,UPI,Self_Pay
PAY000007372,A002774,2026-03-17 12:00:00,10277.08,FAILED,UPI,Self_Pay
PAY000007373,A000566,2026-07-27 13:00:00,5379.61,SUCCESS,CASH,Human
PAY000007374,A001548,2025-12-04 11:00:00,15264.0,SUCCESS,CARD,Self_Pay
PAY000007375,A002355,2026-04-21 14:00:00,7063.55,SUCCESS,UPI,Field
PAY000007376,A001601,2026-04-22 19:00:00,3704.09,SUCCESS,CARD,Human
PAY000007377,A001816,2026-01-21 12:00:00,7957.7,SUCCESS,BANK,WhatsApp
PAY000007378,A000837,2025-12-13 21:00:00,13381.71,SUCCESS,BANK,AI Voice
PAY000007379,A000427,2026-08-26 19:00:00,15372.93,FAILED,BANK,WhatsApp
PAY000007380,A000018,2026-08-12 09:00:00,3085.97,FAILED,BANK,WhatsApp
PAY000007381,A000641,2025-11-01 12:00:00,12657.73,SUCCESS,BANK,Human
PAY000007382,A000831,2025-10-08 16:00:00,5333.09,SUCCESS,CASH,WhatsApp
PAY000007383,A001486,2026-08-19 18:00:00,3909.91,SUCCESS,UPI,AI Voice
PAY000007384,A001247,2026-05-16 20:00:00,15146.93,FAILED,UPI,Human
PAY000007385,A001941,2025-09-06 10:00:00,3170.23,SUCCESS,UPI,WhatsApp
PAY000007386,A001407,2025-12-03 13:00:00,10907.36,FAILED,CASH,Field
PAY000007387,A003366,2026-07-12 14:00:00,7314.33,SUCCESS,CARD,WhatsApp
PAY000007388,A002902,2025-09-18 20:00:00,10046.59,SUCCESS,CARD,Human
PAY000007389,A001346,2025-12-11 14:00:00,4048.94,FAILED,CASH,AI Voice
PAY000007390,A001982,2026-05-11 16:00:00,8355.28,FAILED,BANK,Self_Pay
PAY000007391,A003048,2025-12-02 12:00:00,14984.45,SUCCESS,CARD,Self_Pay
PAY000007392,A002824,2026-03-05 14:00:00,9987.38,SUCCESS,CASH,Human
PAY000007393,A000827,2026-02-10 09:00:00,11933.23,FAILED,CASH,AI Voice
PAY000007394,A002275,2025-10-20 16:00:00,1167.53,SUCCESS,CASH,AI Voice
PAY000007395,A000100,2026-05-13 13:00:00,8321.44,FAILED,CASH,Field
PAY000007396,A002558,2025-12-13 15:00:00,2532.34,FAILED,CARD,Field
PAY000007397,A000015,2026-07-05 17:00:00,1036.64,FAILED,CASH,WhatsApp
PAY000007398,A001533,2025-10-10 21:00:00,7143.16,SUCCESS,CARD,Self_Pay
PAY000007399,A002878,2026-04-10 16:00:00,8268.29,SUCCESS,BANK,AI Voice
PAY000007400,A003198,2025-11-07 17:00:00,12304.28,SUCCESS,CARD,WhatsApp
PAY000007401,A003525,2025-10-04 16:00:00,8933.89,SUCCESS,CASH,AI Voice
PAY000007402,A001328,2025-10-17 09:00:00,7383.8,SUCCESS,BANK,Human
PAY000007403,A002619,2026-07-16 18:00:00,8284.0,SUCCESS,UPI,WhatsApp
PAY000007404,A002349,2026-07-14 11:00:00,7753.51,SUCCESS,CASH,Field
PAY000007405,A000128,2025-12-14 13:00:00,9130.7,SUCCESS,CASH,Human
PAY000007406,A001049,2026-01-20 20:00:00,3093.96,SUCCESS,CASH,AI Voice
PAY000007407,A000909,2025-10-14 16:00:00,9191.46,FAILED,CARD,Field
PAY000007408,A000982,2026-03-22 07:00:00,11576.9,SUCCESS,UPI,Self_Pay
PAY000007409,A000876,2025-10-26 11:00:00,9512.61,SUCCESS,CASH,Self_Pay
PAY000007410,A001737,2026-03-25 12:00:00,10628.08,SUCCESS,UPI,AI Voice
PAY000007411,A002602,2025-09-27 13:00:00,9391.21,FAILED,CARD,Self_Pay
PAY000007412,A000540,2025-09-16 14:00:00,4421.19,SUCCESS,UPI,Human
PAY000007413,A003745,2026-01-09 18:00:00,2830.53,SUCCESS,CASH,Field
PAY000007414,A003288,2025-09-15 11:00:00,2952.4,SUCCESS,UPI,Human
PAY000007415,A000003,2026-08-27 20:00:00,2185.23,SUCCESS,CARD,Human
PAY000007416,A002109,2026-08-04 07:00:00,6330.65,SUCCESS,UPI,AI Voice
PAY000007417,A003764,2026-02-04 19:00:00,13055.0,SUCCESS,UPI,Self_Pay
PAY000007418,A000329,2026-03-07 20:00:00,8381.52,FAILED,CARD,WhatsApp
PAY000007419,A000108,2025-10-23 11:00:00,9592.26,SUCCESS,CARD,Field
PAY000007420,A002624,2025-10-12 11:00:00,5573.77,SUCCESS,UPI,Self_Pay
PAY000007421,A003575,2026-02-27 09:00:00,7825.71,FAILED,CARD,Field
PAY000007422,A003215,2026-05-14 08:00:00,11377.06,SUCCESS,BANK,Human
PAY000007423,A001817,2026-01-11 18:00:00,9137.54,SUCCESS,CARD,Self_Pay
PAY000007424,A003212,2026-07-13 18:00:00,6737.45,SUCCESS,UPI,Field
PAY000007425,A003451,2026-07-10 20:00:00,3997.36,SUCCESS,CASH,AI Voice
PAY000007426,A002678,2026-06-21 08:00:00,2835.02,SUCCESS,CASH,WhatsApp
PAY000007427,A001879,2026-06-02 07:00:00,11801.28,SUCCESS,UPI,Self_Pay
PAY000007428,A003595,2026-07-19 07:00:00,4551.79,SUCCESS,CARD,WhatsApp
PAY000007429,A000807,2026-02-19 09:00:00,8121.95,SUCCESS,UPI,AI Voice
PAY000007430,A000802,2026-04-14 09:00:00,8754.0,FAILED,CARD,WhatsApp
PAY000007431,A000567,2026-01-18 18:00:00,14073.22,SUCCESS,UPI,WhatsApp
PAY000007432,A003766,2026-01-08 10:00:00,5785.31,SUCCESS,UPI,Human
PAY000007433,A000305,2026-06-21 15:00:00,4228.0,FAILED,CASH,Field
PAY000007434,A001597,2025-12-16 19:00:00,5585.08,SUCCESS,CARD,Human
PAY000007435,A003273,2026-08-09 21:00:00,14257.11,SUCCESS,CARD,Field
PAY000007436,A001836,2025-10-02 15:00:00,6475.62,SUCCESS,BANK,Human
PAY000007437,A002817,2026-04-16 21:00:00,7599.08,FAILED,CARD,Field
PAY000007438,A000598,2025-09-18 18:00:00,11106.0,SUCCESS,BANK,Self_Pay
PAY000007439,A000568,2026-01-09 11:00:00,2215.97,SUCCESS,CASH,WhatsApp
PAY000007440,A001165,2026-02-19 20:00:00,8508.84,FAILED,CARD,WhatsApp
PAY000007441,A001540,2025-12-03 18:00:00,8079.44,SUCCESS,CASH,WhatsApp
PAY000007442,A001062,2025-12-13 15:00:00,4142.37,FAILED,CARD,Human
PAY000007443,A001384,2026-02-14 20:00:00,11384.61,SUCCESS,UPI,Self_Pay
PAY000007444,A001830,2026-07-08 15:00:00,2063.86,SUCCESS,CASH,AI Voice
PAY000007445,A002375,2026-08-08 08:00:00,3368.1,SUCCESS,CARD,AI Voice
PAY000007446,A002725,2026-06-02 08:00:00,12154.16,FAILED,BANK,Human
PAY000007447,A000182,2026-06-27 19:00:00,4026.96,SUCCESS,UPI,WhatsApp
PAY000007448,A001293,2026-02-16 11:00:00,8182.51,SUCCESS,CASH,Human
PAY000007449,A000456,2026-05-26 09:00:00,2854.48,SUCCESS,CASH,Self_Pay
PAY000007450,A003460,2026-05-12 20:00:00,6769.79,SUCCESS,CARD,AI Voice
PAY000007451,A003897,2025-09-14 21:00:00,3208.17,SUCCESS,UPI,AI Voice
PAY000007452,A001774,2025-10-24 10:00:00,8518.45,SUCCESS,UPI,Human
PAY000007453,A004142,2025-11-03 12:00:00,4582.87,SUCCESS,CASH,Field
PAY000007454,A002104,2026-03-23 07:00:00,14140.36,SUCCESS,CASH,Human
PAY000007455,A002231,2025-12-07 21:00:00,10068.82,SUCCESS,UPI,AI Voice
PAY000007456,A001921,2026-06-10 14:00:00,3850.99,SUCCESS,CARD,Field
PAY000007457,A001456,2025-09-06 09:00:00,14441.2,SUCCESS,UPI,Human
PAY000007458,A001650,2025-09-22 08:00:00,2330.96,SUCCESS,UPI,WhatsApp
PAY000007459,A002857,2026-04-13 20:00:00,15343.23,SUCCESS,BANK,Self_Pay
PAY000007460,A003205,2025-12-27 14:00:00,9850.01,SUCCESS,CASH,AI Voice
PAY000007461,A002044,2026-04-06 09:00:00,6703.41,SUCCESS,BANK,WhatsApp
PAY000007462,A003979,2026-07-05 07:00:00,15767.92,SUCCESS,UPI,Human
PAY000007463,A001275,2026-06-15 12:00:00,11251.7,FAILED,BANK,Human
PAY000007464,A003540,2025-09-17 13:00:00,9962.78,SUCCESS,CARD,Self_Pay
PAY000007465,A001915,2026-05-19 14:00:00,5007.56,SUCCESS,CASH,WhatsApp
PAY000007466,A002985,2026-08-09 12:00:00,2054.69,FAILED,UPI,WhatsApp
PAY000007467,A000975,2025-12-25 15:00:00,13785.0,SUCCESS,CASH,Human
PAY000007468,A002334,2026-08-14 10:00:00,4126.86,SUCCESS,CASH,Human
PAY000007469,A002801,2026-01-04 13:00:00,14832.38,FAILED,BANK,AI Voice
PAY000007470,A003049,2026-02-01 09:00:00,8306.42,SUCCESS,CARD,Field
PAY000007471,A004131,2025-11-13 15:00:00,15355.84,FAILED,BANK,Self_Pay
PAY000007472,A000252,2026-05-17 16:00:00,4737.99,SUCCESS,CASH,WhatsApp
PAY000007473,A001566,2026-04-12 10:00:00,2644.74,SUCCESS,CASH,Self_Pay
PAY000007474,A003590,2026-03-17 07:00:00,1828.58,SUCCESS,UPI,WhatsApp
PAY000007475,A001452,2026-07-21 13:00:00,13019.5,FAILED,CARD,Self_Pay
PAY000007476,A001670,2026-05-04 11:00:00,8901.38,SUCCESS,BANK,WhatsApp
PAY000007477,A002835,2026-07-03 12:00:00,7611.0,SUCCESS,UPI,AI Voice
PAY000007478,A000613,2025-09-22 07:00:00,2249.38,SUCCESS,CARD,Field
PAY000007479,A002824,2026-06-10 07:00:00,4893.09,FAILED,CASH,Human
PAY000007480,A003937,2026-06-25 07:00:00,8224.0,FAILED,BANK,Field
PAY000007481,A000523,2025-10-26 21:00:00,4080.49,SUCCESS,CARD,AI Voice
PAY000007482,A003134,2026-02-13 16:00:00,5487.25,SUCCESS,CASH,AI Voice
PAY000007483,A002304,2026-07-15 19:00:00,5474.96,SUCCESS,BANK,Field
PAY000007484,A002780,2025-11-14 09:00:00,14549.95,FAILED,BANK,WhatsApp
PAY000007485,A002047,2026-03-15 21:00:00,8840.21,SUCCESS,UPI,Field
PAY000007486,A003105,2026-04-04 12:00:00,5027.99,SUCCESS,CASH,Human
PAY000007487,A004172,2025-09-13 17:00:00,5937.44,SUCCESS,UPI,AI Voice
PAY000007488,A003282,2025-11-03 10:00:00,2841.0,SUCCESS,BANK,Self_Pay
PAY000007489,A002640,2026-07-08 19:00:00,8850.6,FAILED,BANK,AI Voice
PAY000007490,A003481,2026-05-26 13:00:00,6601.03,SUCCESS,CASH,Human
PAY000007491,A002241,2025-09-14 14:00:00,11695.0,FAILED,BANK,AI Voice
PAY000007492,A000487,2026-07-07 12:00:00,9436.63,SUCCESS,CASH,Field
PAY000007493,A002163,2026-07-24 17:00:00,10699.22,SUCCESS,CARD,Self_Pay
PAY000007494,A002264,2026-06-12 10:00:00,6158.17,SUCCESS,BANK,AI Voice
PAY000007495,A001285,2025-10-08 11:00:00,6317.0,SUCCESS,BANK,Human
PAY000007496,A003347,2025-11-04 14:00:00,3337.86,FAILED,BANK,Field
PAY000007497,A003048,2026-01-20 10:00:00,4616.71,SUCCESS,BANK,Human
PAY000007498,A000295,2025-10-22 14:00:00,8763.19,SUCCESS,UPI,WhatsApp
PAY000007499,A002002,2026-01-26 09:00:00,4591.2,FAILED,UPI,Field
PAY000007500,A000622,2026-06-26 09:00:00,5406.31,SUCCESS,BANK,Self_Pay
PAY000007501,A002169,2026-01-13 13:00:00,11426.42,SUCCESS,UPI,Field
PAY000007502,A001976,2025-11-07 16:00:00,6543.62,SUCCESS,BANK,AI Voice
PAY000007503,A000695,2025-11-05 15:00:00,15232.97,SUCCESS,BANK,Field
PAY000007504,A002151,2026-06-14 17:00:00,2776.12,SUCCESS,BANK,Field
PAY000007505,A003305,2025-12-12 12:00:00,10419.59,SUCCESS,BANK,AI Voice
PAY000007506,A002478,2026-05-02 16:00:00,6823.83,SUCCESS,CASH,Self_Pay
PAY000007507,A002719,2026-07-26 09:00:00,6075.01,SUCCESS,CARD,AI Voice
PAY000007508,A003383,2026-04-07 15:00:00,7719.83,SUCCESS,CARD,Field
PAY000007509,A002914,2026-06-11 12:00:00,12490.57,SUCCESS,CARD,Human
PAY000007510,A001054,2025-10-10 16:00:00,5438.95,FAILED,UPI,Human
PAY000007511,A001085,2026-03-14 20:00:00,1261.63,SUCCESS,CARD,AI Voice
PAY000007512,A000929,2025-10-21 14:00:00,6734.1,FAILED,UPI,AI Voice
PAY000007513,A001460,2026-08-05 09:00:00,9586.94,SUCCESS,CASH,Field
PAY000007514,A001526,2026-06-26 08:00:00,5555.77,SUCCESS,UPI,Self_Pay
PAY000007515,A000882,2026-08-13 11:00:00,2780.01,SUCCESS,BANK,WhatsApp
PAY000007516,A001454,2026-07-21 07:00:00,8080.0,SUCCESS,CARD,Self_Pay
PAY000007517,A001690,2026-05-01 12:00:00,15110.63,SUCCESS,CASH,Self_Pay
PAY000007518,A000426,2025-11-01 07:00:00,9968.4,SUCCESS,CARD,AI Voice
PAY000007519,A000483,2026-04-16 16:00:00,11721.0,FAILED,CARD,Self_Pay
PAY000007520,A001839,2026-08-10 17:00:00,8512.19,SUCCESS,CASH,AI Voice
PAY000007521,A000045,2026-03-09 19:00:00,4199.01,SUCCESS,CASH,AI Voice
PAY000007522,A004085,2026-08-19 14:00:00,12144.74,SUCCESS,CARD,Field
PAY000007523,A000989,2026-02-23 08:00:00,1564.48,SUCCESS,CARD,WhatsApp
PAY000007524,A001157,2026-02-20 16:00:00,9227.0,SUCCESS,CARD,AI Voice
PAY000007525,A001966,2026-03-03 17:00:00,15135.03,SUCCESS,CARD,Field
PAY000007526,A000389,2025-11-22 07:00:00,11493.77,SUCCESS,BANK,WhatsApp
PAY000007527,A003388,2026-05-07 18:00:00,7392.0,FAILED,CARD,AI Voice
PAY000007528,A003444,2025-09-09 12:00:00,11468.2,SUCCESS,BANK,Self_Pay
PAY000007529,A003326,2025-11-15 10:00:00,13997.52,FAILED,CARD,WhatsApp
PAY000007530,A001614,2026-02-25 18:00:00,7143.34,SUCCESS,BANK,Self_Pay
PAY000007531,A003833,2026-01-05 19:00:00,6001.94,SUCCESS,CARD,Human
PAY000007532,A001373,2026-01-03 20:00:00,13197.51,FAILED,CARD,Human
PAY000007533,A003112,2025-12-09 12:00:00,4825.76,FAILED,UPI,WhatsApp
PAY000007534,A002916,2026-05-05 10:00:00,15454.41,SUCCESS,CARD,AI Voice
PAY000007535,A003272,2026-08-14 09:00:00,6183.14,SUCCESS,BANK,Human
PAY000007536,A000853,2025-10-27 14:00:00,11065.4,SUCCESS,UPI,Human
PAY000007537,A000234,2025-09-18 15:00:00,4470.55,SUCCESS,CARD,WhatsApp
PAY000007538,A000288,2026-04-12 18:00:00,1968.46,SUCCESS,BANK,Self_Pay
PAY000007539,A002229,2025-10-09 13:00:00,6718.0,SUCCESS,BANK,Human
PAY000007540,A002999,2026-03-21 07:00:00,1387.29,SUCCESS,CASH,WhatsApp
PAY000007541,A002933,2026-07-04 09:00:00,12601.33,FAILED,CARD,AI Voice
PAY000007542,A001968,2026-03-05 13:00:00,14849.22,SUCCESS,BANK,Field
PAY000007543,A002024,2026-07-09 20:00:00,14363.08,SUCCESS,UPI,AI Voice
PAY000007544,A002296,2025-11-21 11:00:00,9261.34,FAILED,CASH,Self_Pay
PAY000007545,A003274,2026-03-06 20:00:00,10902.2,FAILED,BANK,Human
PAY000007546,A000311,2025-10-01 10:00:00,15429.78,SUCCESS,CARD,Field
PAY000007547,A000512,2026-07-06 10:00:00,7973.52,SUCCESS,BANK,Self_Pay
PAY000007548,A000467,2026-08-21 13:00:00,10626.0,FAILED,UPI,Human
PAY000007549,A002638,2026-02-17 08:00:00,10726.37,SUCCESS,CARD,WhatsApp
PAY000007550,A003520,2026-02-07 13:00:00,6419.23,FAILED,CARD,WhatsApp
PAY000007551,A002198,2025-09-04 10:00:00,12842.19,FAILED,UPI,Field
PAY000007552,A003501,2026-08-22 08:00:00,10193.81,SUCCESS,UPI,AI Voice
PAY000007553,A002980,2025-12-27 21:00:00,15478.25,SUCCESS,CASH,Self_Pay
PAY000007554,A002011,2026-06-11 14:00:00,13316.88,SUCCESS,CASH,Human
PAY000007555,A003480,2025-09-15 07:00:00,6941.0,FAILED,CARD,Field
PAY000007556,A000293,2025-11-25 20:00:00,4341.13,SUCCESS,BANK,Field
PAY000007557,A000124,2026-06-20 16:00:00,2645.76,FAILED,UPI,Field
PAY000007558,A002753,2025-10-26 13:00:00,11883.55,SUCCESS,CARD,Field
PAY000007559,A002191,2025-11-05 15:00:00,5286.07,FAILED,UPI,Self_Pay
PAY000007560,A000673,2025-10-02 18:00:00,9162.87,SUCCESS,CASH,WhatsApp
PAY000007561,A003364,2026-08-11 11:00:00,12021.99,FAILED,CASH,AI Voice
PAY000007562,A000645,2026-05-03 12:00:00,14152.75,FAILED,UPI,Human
PAY000007563,A000846,2025-09-18 10:00:00,10720.18,SUCCESS,UPI,Field
PAY000007564,A003947,2026-03-19 07:00:00,2938.81,FAILED,CARD,Self_Pay
PAY000007565,A002774,2026-01-07 09:00:00,1057.57,SUCCESS,CARD,Self_Pay
PAY000007566,A001387,2026-02-23 16:00:00,8963.99,FAILED,BANK,AI Voice
PAY000007567,A002843,2025-11-06 14:00:00,7812.58,SUCCESS,UPI,WhatsApp
PAY000007568,A001097,2025-12-22 14:00:00,2433.02,FAILED,BANK,WhatsApp
PAY000007569,A002745,2026-08-01 08:00:00,1274.96,SUCCESS,CASH,WhatsApp
PAY000007570,A003913,2026-08-23 13:00:00,8125.01,SUCCESS,BANK,Field
PAY000007571,A002956,2025-09-14 09:00:00,9705.05,SUCCESS,CARD,Self_Pay
PAY000007572,A003264,2025-11-09 16:00:00,12716.13,FAILED,CARD,WhatsApp
PAY000007573,A002932,2025-10-05 17:00:00,3620.11,SUCCESS,CARD,Self_Pay
PAY000007574,A003582,2026-04-20 17:00:00,13550.38,SUCCESS,CARD,Human
PAY000007575,A000340,2026-08-22 13:00:00,9715.52,SUCCESS,CASH,Human
PAY000007576,A002196,2026-05-10 19:00:00,2758.73,SUCCESS,UPI,Field
PAY000007577,A003018,2026-02-05 18:00:00,1280.89,SUCCESS,BANK,WhatsApp
PAY000007578,A002406,2026-07-14 19:00:00,13340.41,SUCCESS,BANK,Self_Pay
PAY000007579,A001616,2026-06-10 15:00:00,10329.31,SUCCESS,CARD,WhatsApp
PAY000007580,A000809,2025-12-14 16:00:00,14067.54,SUCCESS,BANK,WhatsApp
PAY000007581,A000576,2026-03-04 07:00:00,2331.95,SUCCESS,CASH,WhatsApp
PAY000007582,A002752,2026-05-24 12:00:00,2727.07,FAILED,CASH,Field
PAY000007583,A000119,2025-10-23 15:00:00,6660.73,SUCCESS,UPI,AI Voice
PAY000007584,A002682,2025-09-27 16:00:00,1250.11,SUCCESS,CARD,WhatsApp
PAY000007585,A004187,2025-09-24 17:00:00,3813.93,FAILED,UPI,AI Voice
PAY000007586,A002397,2026-02-04 12:00:00,10434.98,FAILED,BANK,Human
PAY000007587,A002339,2026-01-05 14:00:00,7677.52,SUCCESS,CARD,Field
PAY000007588,A000522,2026-07-16 15:00:00,5648.73,SUCCESS,BANK,Self_Pay
PAY000007589,A001990,2026-08-24 12:00:00,9286.0,FAILED,CARD,Field
PAY000007590,A002903,2025-10-23 17:00:00,2517.35,SUCCESS,UPI,WhatsApp
PAY000007591,A004189,2025-11-24 09:00:00,2860.42,SUCCESS,CARD,Field
PAY000007592,A002917,2025-10-04 12:00:00,8650.04,SUCCESS,CASH,Field
PAY000007593,A001774,2026-03-17 08:00:00,8047.13,SUCCESS,CASH,Field
PAY000007594,A000443,2025-11-14 09:00:00,10367.97,FAILED,CARD,Field
PAY000007595,A000441,2025-11-13 16:00:00,12162.64,SUCCESS,CARD,Self_Pay
PAY000007596,A002293,2026-08-15 15:00:00,14985.7,FAILED,UPI,Self_Pay
PAY000007597,A000882,2025-09-27 19:00:00,15859.66,SUCCESS,CASH,WhatsApp
PAY000007598,A002564,2025-11-13 07:00:00,11195.05,FAILED,UPI,Field
PAY000007599,A000391,2025-09-11 11:00:00,5249.89,SUCCESS,CASH,WhatsApp
PAY000007600,A002815,2026-07-09 20:00:00,8827.85,FAILED,CASH,AI Voice
PAY000007601,A002255,2025-09-26 17:00:00,12328.7,SUCCESS,CASH,Field
PAY000007602,A002748,2026-04-12 10:00:00,2906.54,SUCCESS,CARD,Self_Pay
PAY000007603,A002800,2025-11-15 07:00:00,11371.7,FAILED,BANK,Field
PAY000007604,A001332,2026-04-23 14:00:00,2894.96,FAILED,UPI,Field
PAY000007605,A001871,2026-01-20 21:00:00,8342.42,SUCCESS,CARD,Field
PAY000007606,A000341,2026-04-16 11:00:00,2295.7,SUCCESS,CASH,Field
PAY000007607,A002639,2026-08-01 09:00:00,5943.57,SUCCESS,BANK,Field
PAY000007608,A000219,2026-04-13 09:00:00,5263.18,SUCCESS,UPI,Human
PAY000007609,A003248,2026-01-14 10:00:00,2601.2,SUCCESS,UPI,Field
PAY000007610,A000214,2025-09-16 14:00:00,7267.41,SUCCESS,CASH,Self_Pay
PAY000007611,A003241,2025-11-01 10:00:00,13128.06,SUCCESS,BANK,Field
PAY000007612,A002072,2026-04-18 08:00:00,9660.39,SUCCESS,BANK,Field
PAY000007613,A001918,2026-07-04 07:00:00,13479.28,FAILED,UPI,AI Voice
PAY000007614,A001586,2026-06-16 20:00:00,15561.42,SUCCESS,UPI,WhatsApp
PAY000007615,A003169,2026-06-24 07:00:00,5382.91,FAILED,BANK,AI Voice
PAY000007616,A002648,2026-02-12 16:00:00,5150.25,FAILED,UPI,Self_Pay
PAY000007617,A000629,2025-12-23 09:00:00,3451.61,SUCCESS,UPI,AI Voice
PAY000007618,A000813,2025-12-11 19:00:00,3428.18,SUCCESS,BANK,Human
PAY000007619,A004043,2026-06-03 15:00:00,7029.61,SUCCESS,CARD,WhatsApp
PAY000007620,A000731,2026-02-27 13:00:00,10677.17,SUCCESS,CASH,Field
PAY000007621,A003276,2025-10-03 13:00:00,11269.9,SUCCESS,UPI,AI Voice
PAY000007622,A004181,2025-09-15 15:00:00,14378.93,SUCCESS,CARD,Human
PAY000007623,A000415,2026-07-16 13:00:00,8731.53,SUCCESS,UPI,Self_Pay
PAY000007624,A001700,2025-10-18 15:00:00,13281.06,SUCCESS,BANK,Human
PAY000007625,A003779,2025-09-11 15:00:00,9271.08,FAILED,BANK,WhatsApp
PAY000007626,A002235,2025-10-26 08:00:00,14735.91,SUCCESS,CARD,AI Voice
PAY000007627,A003051,2026-05-18 16:00:00,14766.6,SUCCESS,BANK,Field
PAY000007628,A003597,2025-10-19 10:00:00,1551.49,FAILED,UPI,Human
PAY000007629,A003379,2026-05-18 08:00:00,4915.57,SUCCESS,BANK,Human
PAY000007630,A002087,2025-10-26 10:00:00,10076.09,SUCCESS,BANK,AI Voice
PAY000007631,A002707,2026-07-21 19:00:00,14071.37,SUCCESS,BANK,Human
PAY000007632,A001440,2025-11-21 16:00:00,1622.85,SUCCESS,CARD,Self_Pay
PAY000007633,A003048,2026-04-14 14:00:00,2252.43,SUCCESS,CARD,Field
PAY000007634,A000540,2026-05-19 09:00:00,2005.85,FAILED,CARD,Self_Pay
PAY000007635,A000288,2025-11-17 19:00:00,13404.0,SUCCESS,BANK,Field
PAY000007636,A003937,2026-04-03 07:00:00,8224.0,FAILED,BANK,WhatsApp
PAY000007637,A003508,2026-07-24 21:00:00,8018.0,SUCCESS,CASH,WhatsApp
PAY000007638,A002601,2025-09-18 10:00:00,3811.73,SUCCESS,UPI,Human
PAY000007639,A003750,2026-07-21 08:00:00,2675.73,SUCCESS,CARD,AI Voice
PAY000007640,A001809,2026-05-07 11:00:00,8309.48,SUCCESS,UPI,AI Voice
PAY000007641,A000190,2026-02-04 13:00:00,15749.41,SUCCESS,UPI,Field
PAY000007642,A004071,2026-08-14 10:00:00,5671.76,SUCCESS,CASH,Field
PAY000007643,A003184,2026-04-21 18:00:00,11447.26,SUCCESS,UPI,Field
PAY000007644,A002594,2025-11-18 10:00:00,6662.04,SUCCESS,UPI,Human
PAY000007645,A003296,2026-03-20 10:00:00,8925.71,SUCCESS,BANK,WhatsApp
PAY000007646,A002863,2026-08-25 19:00:00,6225.72,SUCCESS,CASH,WhatsApp
PAY000007647,A002662,2026-04-18 15:00:00,15008.03,FAILED,UPI,WhatsApp
PAY000007648,A003762,2026-08-27 15:00:00,14148.84,SUCCESS,UPI,Self_Pay
PAY000007649,A004103,2026-04-16 13:00:00,8547.66,FAILED,CARD,AI Voice
PAY000007650,A002969,2025-12-21 14:00:00,2639.41,SUCCESS,CARD,Field
PAY000007651,A002074,2025-12-10 17:00:00,14240.2,SUCCESS,UPI,WhatsApp
PAY000007652,A001707,2026-08-13 07:00:00,4841.03,SUCCESS,BANK,Self_Pay
PAY000007653,A000119,2026-01-26 18:00:00,15664.89,FAILED,CARD,AI Voice
PAY000007654,A004069,2026-06-16 14:00:00,13136.0,SUCCESS,UPI,Field
PAY000007655,A003706,2026-05-06 12:00:00,10119.26,SUCCESS,BANK,WhatsApp
PAY000007656,A000676,2026-04-09 20:00:00,8839.96,SUCCESS,CARD,Human
PAY000007657,A003361,2026-01-02 07:00:00,5139.78,SUCCESS,CARD,AI Voice
PAY000007658,A003177,2026-06-12 21:00:00,11802.06,SUCCESS,UPI,Field
PAY000007659,A002172,2026-05-10 11:00:00,2022.71,FAILED,CASH,AI Voice
PAY000007660,A002882,2026-06-18 09:00:00,8445.31,SUCCESS,BANK,Field
PAY000007661,A000791,2025-11-16 12:00:00,3014.51,FAILED,CARD,Self_Pay
PAY000007662,A001553,2025-09-23 15:00:00,6266.65,FAILED,CARD,AI Voice
PAY000007663,A003461,2026-07-20 14:00:00,1798.55,SUCCESS,CASH,Field
PAY000007664,A002594,2026-08-07 10:00:00,14451.11,SUCCESS,CASH,Human
PAY000007665,A000058,2026-04-22 19:00:00,10904.28,SUCCESS,CARD,Field
PAY000007666,A000909,2025-11-21 18:00:00,12384.0,SUCCESS,UPI,AI Voice
PAY000007667,A001082,2026-08-20 17:00:00,13137.81,SUCCESS,CASH,AI Voice
PAY000007668,A001824,2026-07-12 17:00:00,9982.45,FAILED,CARD,WhatsApp
PAY000007669,A001045,2025-11-18 14:00:00,7181.99,SUCCESS,BANK,Self_Pay
PAY000007670,A002225,2026-07-15 20:00:00,3465.97,SUCCESS,CASH,Human
PAY000007671,A001082,2026-07-07 18:00:00,3351.33,SUCCESS,UPI,Field
PAY000007672,A002970,2026-03-19 21:00:00,11847.48,SUCCESS,UPI,AI Voice
PAY000007673,A003279,2025-10-04 18:00:00,13417.65,FAILED,CARD,Human
PAY000007674,A003745,2026-08-06 21:00:00,8789.54,SUCCESS,UPI,WhatsApp
PAY000007675,A002560,2026-05-06 15:00:00,14562.25,SUCCESS,UPI,Self_Pay
PAY000007676,A001576,2026-02-03 08:00:00,4939.49,SUCCESS,CARD,WhatsApp
PAY000007677,A003769,2025-10-03 09:00:00,5031.15,SUCCESS,BANK,Self_Pay
PAY000007678,A002242,2025-12-27 09:00:00,14510.18,SUCCESS,CARD,WhatsApp
PAY000007679,A001511,2026-02-06 18:00:00,6925.03,SUCCESS,UPI,Human
PAY000007680,A003090,2025-09-21 12:00:00,9224.59,SUCCESS,CASH,Human
PAY000007681,A002931,2026-01-16 13:00:00,13869.62,FAILED,UPI,Human
PAY000007682,A004063,2025-12-06 19:00:00,12626.0,FAILED,CASH,AI Voice
PAY000007683,A003641,2025-09-01 12:00:00,4817.26,FAILED,CASH,Field
PAY000007684,A003443,2026-05-07 10:00:00,8361.67,FAILED,BANK,WhatsApp
PAY000007685,A003170,2025-11-05 12:00:00,6699.38,SUCCESS,CASH,Field
PAY000007686,A002596,2026-08-13 08:00:00,13396.18,SUCCESS,CARD,Field
PAY000007687,A003203,2025-12-07 07:00:00,11329.42,SUCCESS,CARD,WhatsApp
PAY000007688,A003496,2026-07-25 21:00:00,15292.86,SUCCESS,BANK,Self_Pay
PAY000007689,A003862,2026-04-06 21:00:00,14535.97,SUCCESS,CASH,Self_Pay
PAY000007690,A003509,2025-11-11 15:00:00,6409.25,SUCCESS,BANK,Self_Pay
PAY000007691,A001032,2026-07-05 11:00:00,6217.09,SUCCESS,UPI,AI Voice
PAY000007692,A000139,2025-12-17 15:00:00,12786.0,FAILED,CASH,WhatsApp
PAY000007693,A002480,2025-10-11 20:00:00,11281.46,SUCCESS,BANK,AI Voice
PAY000007694,A003755,2025-12-13 18:00:00,6301.36,FAILED,BANK,Self_Pay
PAY000007695,A002726,2025-10-03 12:00:00,10921.85,SUCCESS,BANK,Human
PAY000007696,A002915,2025-10-10 09:00:00,4320.46,SUCCESS,UPI,Human
PAY000007697,A002149,2026-04-06 17:00:00,6523.34,SUCCESS,CASH,WhatsApp
PAY000007698,A000793,2025-11-17 19:00:00,9086.67,FAILED,CARD,Human
PAY000007699,A001508,2026-01-06 15:00:00,10117.26,SUCCESS,CARD,AI Voice
PAY000007700,A002588,2026-01-07 09:00:00,4802.08,SUCCESS,UPI,WhatsApp
PAY000007701,A000099,2026-05-08 18:00:00,2221.85,SUCCESS,CARD,WhatsApp
PAY000007702,A003489,2026-02-06 13:00:00,1800.77,SUCCESS,UPI,Field
PAY000007703,A000088,2026-05-10 15:00:00,14067.56,SUCCESS,CARD,Human
PAY000007704,A003955,2025-11-15 13:00:00,11197.0,SUCCESS,BANK,AI Voice
PAY000007705,A002823,2026-03-21 13:00:00,11331.52,SUCCESS,CARD,Self_Pay
PAY000007706,A001201,2026-07-11 16:00:00,14785.77,SUCCESS,CARD,AI Voice
PAY000007707,A001450,2026-01-21 13:00:00,13104.81,SUCCESS,UPI,AI Voice
PAY000007708,A003422,2026-01-04 18:00:00,3247.47,SUCCESS,CARD,Self_Pay
PAY000007709,A002903,2025-11-08 18:00:00,11666.21,FAILED,UPI,Field
PAY000007710,A001556,2025-11-07 17:00:00,1451.12,SUCCESS,CASH,Field
PAY000007711,A003508,2025-12-10 11:00:00,4752.17,SUCCESS,BANK,WhatsApp
PAY000007712,A002066,2025-12-04 20:00:00,2240.76,FAILED,BANK,Human
PAY000007713,A003482,2026-01-07 14:00:00,7728.9,FAILED,CASH,Self_Pay
PAY000007714,A003969,2026-07-07 08:00:00,14720.9,SUCCESS,CARD,Human
PAY000007715,A002904,2026-01-20 18:00:00,12578.57,SUCCESS,BANK,AI Voice
PAY000007716,A001317,2026-01-24 18:00:00,9227.92,SUCCESS,BANK,Self_Pay
PAY000007717,A003112,2026-07-18 09:00:00,4613.65,SUCCESS,CASH,WhatsApp
PAY000007718,A003109,2026-01-06 08:00:00,8837.44,FAILED,BANK,AI Voice
PAY000007719,A002127,2026-05-25 17:00:00,13615.52,SUCCESS,CASH,AI Voice
PAY000007720,A000769,2026-06-22 20:00:00,15806.62,SUCCESS,UPI,AI Voice
PAY000007721,A001087,2026-07-03 11:00:00,4272.0,SUCCESS,CASH,WhatsApp
PAY000007722,A003352,2026-01-22 08:00:00,11507.26,SUCCESS,CASH,Self_Pay
PAY000007723,A000019,2026-08-26 14:00:00,8145.47,SUCCESS,CASH,WhatsApp
PAY000007724,A001747,2026-05-17 12:00:00,7399.9,SUCCESS,BANK,WhatsApp
PAY000007725,A000295,2025-10-11 16:00:00,1203.76,SUCCESS,UPI,Self_Pay
PAY000007726,A003494,2025-11-16 16:00:00,11918.1,FAILED,CASH,AI Voice
PAY000007727,A004081,2026-04-08 09:00:00,2104.39,FAILED,BANK,Field
PAY000007728,A002577,2026-05-11 08:00:00,9891.35,FAILED,CASH,Human
PAY000007729,A003407,2026-04-21 20:00:00,8754.66,SUCCESS,UPI,Self_Pay
PAY000007730,A003981,2026-06-13 08:00:00,13533.44,FAILED,CASH,AI Voice
PAY000007731,A003445,2026-02-18 17:00:00,12819.74,SUCCESS,CARD,Human
PAY000007732,A003057,2026-05-08 13:00:00,5099.76,SUCCESS,CASH,WhatsApp
PAY000007733,A000709,2026-07-27 18:00:00,9058.6,SUCCESS,CARD,AI Voice
PAY000007734,A000281,2026-05-15 15:00:00,8269.03,SUCCESS,CARD,Human
PAY000007735,A000227,2026-04-16 13:00:00,2405.34,SUCCESS,UPI,WhatsApp
PAY000007736,A000889,2026-06-13 16:00:00,2173.25,SUCCESS,CARD,Self_Pay
PAY000007737,A004018,2025-12-20 14:00:00,7430.87,SUCCESS,UPI,Human
PAY000007738,A002672,2026-03-05 07:00:00,10588.33,FAILED,BANK,Human
PAY000007739,A001310,2026-03-23 20:00:00,13060.57,SUCCESS,CASH,WhatsApp
PAY000007740,A001338,2026-04-10 13:00:00,14725.03,SUCCESS,CARD,Human
PAY000007741,A002159,2026-07-19 13:00:00,10620.28,FAILED,BANK,AI Voice
PAY000007742,A000993,2026-07-03 11:00:00,8883.4,SUCCESS,CARD,WhatsApp
PAY000007743,A001830,2026-02-02 13:00:00,7067.15,SUCCESS,CASH,AI Voice
PAY000007744,A002785,2026-01-08 15:00:00,1803.86,SUCCESS,UPI,Human
PAY000007745,A001784,2026-01-20 14:00:00,15594.35,SUCCESS,CASH,AI Voice
PAY000007746,A003812,2026-04-09 08:00:00,1390.73,SUCCESS,UPI,Human
PAY000007747,A002985,2026-04-13 12:00:00,15626.15,SUCCESS,UPI,WhatsApp
PAY000007748,A001758,2026-04-17 10:00:00,11700.85,FAILED,CASH,Self_Pay
PAY000007749,A000065,2026-03-26 16:00:00,14247.56,SUCCESS,CARD,Field
PAY000007750,A001938,2026-06-14 21:00:00,9155.27,SUCCESS,CARD,WhatsApp
PAY000007751,A003783,2026-03-11 07:00:00,2864.4,FAILED,UPI,AI Voice
PAY000007752,A000673,2026-05-01 08:00:00,9871.66,SUCCESS,CARD,Self_Pay
PAY000007753,A000568,2025-12-13 21:00:00,2285.32,FAILED,CARD,Human
PAY000007754,A001598,2026-08-19 19:00:00,3877.11,SUCCESS,BANK,Human
PAY000007755,A002506,2026-06-09 17:00:00,3399.34,SUCCESS,BANK,AI Voice
PAY000007756,A000060,2026-07-11 13:00:00,5599.75,FAILED,BANK,Field
PAY000007757,A000875,2026-05-06 20:00:00,3479.79,SUCCESS,CARD,AI Voice
PAY000007758,A000174,2026-07-07 19:00:00,12974.37,SUCCESS,UPI,Field
PAY000007759,A000100,2025-12-19 19:00:00,1370.4,SUCCESS,BANK,Human
PAY000007760,A000747,2026-08-12 18:00:00,13935.38,FAILED,CASH,WhatsApp
PAY000007761,A000089,2025-10-18 13:00:00,8895.59,SUCCESS,CARD,Self_Pay
PAY000007762,A001068,2025-12-22 09:00:00,6606.14,SUCCESS,UPI,AI Voice
PAY000007763,A002899,2025-09-04 19:00:00,12005.84,FAILED,BANK,Field
PAY000007764,A001790,2026-02-06 07:00:00,5435.0,SUCCESS,CASH,Field
PAY000007765,A004181,2026-04-19 14:00:00,12896.21,SUCCESS,UPI,WhatsApp
PAY000007766,A004085,2026-06-02 10:00:00,11403.81,SUCCESS,UPI,AI Voice
PAY000007767,A000670,2026-07-24 21:00:00,6389.74,SUCCESS,UPI,Human
PAY000007768,A000137,2025-10-10 07:00:00,3693.37,SUCCESS,CARD,Human
PAY000007769,A003034,2026-01-17 21:00:00,3205.44,SUCCESS,BANK,Self_Pay
PAY000007770,A001182,2026-07-18 16:00:00,11728.6,SUCCESS,UPI,Self_Pay
PAY000007771,A002626,2026-07-05 15:00:00,7034.9,SUCCESS,BANK,WhatsApp
PAY000007772,A003220,2025-09-22 20:00:00,7650.0,SUCCESS,BANK,AI Voice
PAY000007773,A002305,2026-03-25 12:00:00,15638.13,SUCCESS,BANK,Field
PAY000007774,A003472,2025-10-07 14:00:00,6069.01,FAILED,BANK,Self_Pay
PAY000007775,A000791,2026-07-04 07:00:00,5389.77,SUCCESS,UPI,WhatsApp
PAY000007776,A003021,2026-07-26 18:00:00,4811.89,FAILED,CASH,Field
PAY000007777,A003519,2025-09-09 16:00:00,7930.46,SUCCESS,CASH,Field
PAY000007778,A001850,2025-09-10 13:00:00,5842.21,SUCCESS,CASH,Human
PAY000007779,A000162,2026-06-21 11:00:00,4176.36,SUCCESS,BANK,Self_Pay
PAY000007780,A000966,2026-06-09 18:00:00,11990.94,SUCCESS,UPI,WhatsApp
PAY000007781,A000381,2026-05-03 14:00:00,12414.08,SUCCESS,CARD,WhatsApp
PAY000007782,A003583,2026-01-19 15:00:00,11425.24,SUCCESS,CASH,Human
PAY000007783,A002917,2026-07-20 15:00:00,7670.24,SUCCESS,CASH,Self_Pay
PAY000007784,A001232,2025-10-14 09:00:00,6812.74,SUCCESS,CARD,Field
PAY000007785,A002643,2026-06-10 18:00:00,7306.89,SUCCESS,CARD,Self_Pay
PAY000007786,A002022,2026-02-18 10:00:00,9208.73,FAILED,BANK,Field
PAY000007787,A000436,2026-07-22 20:00:00,13001.61,SUCCESS,CARD,AI Voice
PAY000007788,A001418,2026-03-05 17:00:00,8823.57,SUCCESS,CARD,AI Voice
PAY000007789,A004045,2025-10-04 13:00:00,5991.57,SUCCESS,UPI,AI Voice
PAY000007790,A002511,2026-02-11 10:00:00,8144.17,SUCCESS,UPI,Field
PAY000007791,A002482,2026-08-09 14:00:00,11499.65,FAILED,CASH,Human
PAY000007792,A001872,2026-05-01 11:00:00,7486.83,SUCCESS,CASH,AI Voice
PAY000007793,A001838,2026-03-23 17:00:00,12014.06,FAILED,CASH,AI Voice
PAY000007794,A001388,2026-07-26 18:00:00,6037.92,SUCCESS,CASH,Human
PAY000007795,A003486,2026-01-10 08:00:00,1200.2,SUCCESS,CARD,AI Voice
PAY000007796,A001743,2026-04-03 12:00:00,12823.04,FAILED,BANK,Self_Pay
PAY000007797,A003754,2026-02-03 10:00:00,8088.0,SUCCESS,UPI,AI Voice
PAY000007798,A003531,2026-07-13 14:00:00,14359.53,SUCCESS,UPI,Human
PAY000007799,A002953,2026-01-22 08:00:00,13177.55,SUCCESS,CARD,Self_Pay
PAY000007800,A002314,2025-12-04 17:00:00,6487.07,SUCCESS,UPI,Self_Pay
PAY000007801,A003641,2026-02-06 09:00:00,13069.91,FAILED,UPI,Self_Pay
PAY000007802,A000075,2026-03-05 16:00:00,11340.19,SUCCESS,BANK,Field
PAY000007803,A000115,2026-08-07 11:00:00,6834.62,SUCCESS,CARD,AI Voice
PAY000007804,A002503,2026-04-12 16:00:00,3358.66,FAILED,CASH,Self_Pay
PAY000007805,A002378,2025-09-18 07:00:00,3616.62,FAILED,BANK,WhatsApp
PAY000007806,A001922,2026-02-02 11:00:00,13670.0,SUCCESS,UPI,WhatsApp
PAY000007807,A003565,2026-06-24 08:00:00,12843.33,FAILED,UPI,Human
PAY000007808,A002756,2025-11-09 17:00:00,15862.27,FAILED,CARD,Human
PAY000007809,A000769,2026-07-16 21:00:00,11708.37,SUCCESS,CASH,WhatsApp
PAY000007810,A001535,2026-06-09 14:00:00,8261.13,SUCCESS,UPI,AI Voice
PAY000007811,A003940,2026-02-09 09:00:00,14332.77,SUCCESS,BANK,WhatsApp
PAY000007812,A002072,2026-04-10 14:00:00,15971.52,SUCCESS,CASH,AI Voice
PAY000007813,A001533,2026-07-06 15:00:00,15064.09,FAILED,UPI,AI Voice
PAY000007814,A004000,2026-01-16 18:00:00,7106.27,SUCCESS,CARD,Field
PAY000007815,A003451,2025-10-18 12:00:00,9293.0,SUCCESS,UPI,Field
PAY000007816,A003912,2026-03-03 09:00:00,10141.2,SUCCESS,CASH,AI Voice
PAY000007817,A000895,2026-01-15 14:00:00,15811.63,SUCCESS,CASH,Human
PAY000007818,A001431,2025-10-04 16:00:00,13673.18,SUCCESS,UPI,Field
PAY000007819,A000072,2026-08-18 19:00:00,9303.48,SUCCESS,BANK,AI Voice
PAY000007820,A003572,2025-11-08 08:00:00,9244.28,SUCCESS,UPI,Field
PAY000007821,A003227,2025-10-04 19:00:00,9597.56,SUCCESS,UPI,Field
PAY000007822,A003232,2025-09-23 16:00:00,10848.81,FAILED,CARD,WhatsApp
PAY000007823,A002444,2026-02-20 14:00:00,6435.8,FAILED,CASH,AI Voice
PAY000007824,A003460,2026-08-20 19:00:00,13001.27,SUCCESS,CASH,AI Voice
PAY000007825,A001364,2026-03-22 14:00:00,4217.38,SUCCESS,BANK,WhatsApp
PAY000007826,A004173,2026-05-15 20:00:00,8206.31,FAILED,BANK,Self_Pay
PAY000007827,A003929,2025-12-01 20:00:00,9471.18,SUCCESS,BANK,Field
PAY000007828,A003016,2026-04-07 19:00:00,14567.2,SUCCESS,UPI,Self_Pay
PAY000007829,A001043,2025-10-16 20:00:00,10347.31,FAILED,CASH,Human
PAY000007830,A002210,2026-08-08 19:00:00,10820.86,SUCCESS,CASH,Human
PAY000007831,A000156,2025-10-07 14:00:00,13612.43,SUCCESS,CARD,WhatsApp
PAY000007832,A000283,2025-11-22 14:00:00,4807.38,SUCCESS,UPI,Self_Pay
PAY000007833,A001366,2026-05-20 18:00:00,10458.01,SUCCESS,BANK,Field
PAY000007834,A003544,2026-04-03 12:00:00,3512.78,FAILED,BANK,Human
PAY000007835,A000959,2025-09-03 13:00:00,13925.6,SUCCESS,CASH,Human
PAY000007836,A001732,2025-11-27 15:00:00,4775.0,FAILED,UPI,WhatsApp
PAY000007837,A002762,2025-12-18 09:00:00,4737.82,FAILED,CASH,Field
PAY000007838,A000013,2026-07-12 13:00:00,7961.23,SUCCESS,CARD,Field
PAY000007839,A002168,2026-03-04 07:00:00,13579.49,SUCCESS,CARD,WhatsApp
PAY000007840,A004010,2026-04-01 07:00:00,1115.87,SUCCESS,BANK,AI Voice
PAY000007841,A000161,2025-10-21 20:00:00,2487.09,FAILED,CASH,Human
PAY000007842,A000852,2026-02-08 10:00:00,11509.47,SUCCESS,CASH,Field
PAY000007843,A001320,2026-03-24 07:00:00,12833.66,SUCCESS,UPI,AI Voice
PAY000007844,A000813,2026-02-11 13:00:00,15618.65,FAILED,CASH,AI Voice
PAY000007845,A000708,2025-09-10 15:00:00,2999.35,SUCCESS,UPI,Human
PAY000007846,A002702,2026-06-19 19:00:00,1054.99,SUCCESS,UPI,Self_Pay
PAY000007847,A001258,2026-03-25 14:00:00,1102.08,SUCCESS,BANK,Human
PAY000007848,A003867,2025-11-13 18:00:00,10410.0,SUCCESS,CARD,Field
PAY000007849,A001883,2026-01-08 13:00:00,14626.05,SUCCESS,UPI,Self_Pay
PAY000007850,A001200,2026-08-11 07:00:00,6479.72,SUCCESS,CARD,Field
PAY000007851,A001553,2025-12-17 12:00:00,11876.54,SUCCESS,CASH,Human
PAY000007852,A001169,2026-02-07 20:00:00,11326.09,SUCCESS,UPI,WhatsApp
PAY000007853,A003907,2026-05-18 16:00:00,6706.64,SUCCESS,CASH,Self_Pay
PAY000007854,A003745,2026-07-11 08:00:00,3670.32,SUCCESS,UPI,AI Voice
PAY000007855,A003452,2026-07-10 08:00:00,7733.17,FAILED,BANK,WhatsApp
PAY000007856,A002025,2025-10-26 17:00:00,4657.71,FAILED,UPI,Human
PAY000007857,A002437,2026-08-13 12:00:00,11020.45,SUCCESS,UPI,Human
PAY000007858,A001669,2026-06-25 18:00:00,2752.41,SUCCESS,BANK,Self_Pay
PAY000007859,A002778,2025-09-12 14:00:00,3641.8,FAILED,UPI,Self_Pay
PAY000007860,A003790,2026-03-20 16:00:00,15604.52,SUCCESS,CASH,WhatsApp
PAY000007861,A003906,2025-10-13 15:00:00,4962.66,SUCCESS,CARD,WhatsApp
PAY000007862,A004127,2025-09-11 15:00:00,6339.34,SUCCESS,CASH,AI Voice
PAY000007863,A004112,2025-12-03 14:00:00,11613.05,SUCCESS,UPI,Human
PAY000007864,A004075,2026-08-26 09:00:00,3294.98,SUCCESS,BANK,AI Voice
PAY000007865,A003793,2026-07-02 15:00:00,3976.49,SUCCESS,CARD,AI Voice
PAY000007866,A003290,2026-05-04 09:00:00,2342.68,SUCCESS,CASH,Self_Pay
PAY000007867,A003714,2026-04-17 14:00:00,12749.26,FAILED,BANK,Self_Pay
PAY000007868,A002779,2026-05-24 11:00:00,2343.26,SUCCESS,CARD,AI Voice
PAY000007869,A000765,2025-12-25 08:00:00,1546.77,SUCCESS,CASH,WhatsApp
PAY000007870,A003840,2026-07-08 07:00:00,6105.0,SUCCESS,BANK,Self_Pay
PAY000007871,A002658,2026-07-07 19:00:00,1000.25,SUCCESS,BANK,Field
PAY000007872,A001291,2026-08-05 20:00:00,3774.17,SUCCESS,CASH,Field
PAY000007873,A000259,2026-04-24 21:00:00,5797.0,SUCCESS,CARD,WhatsApp
PAY000007874,A000788,2026-03-19 15:00:00,13384.96,SUCCESS,BANK,Field
PAY000007875,A003420,2026-06-20 19:00:00,10910.0,FAILED,CARD,AI Voice
PAY000007876,A002292,2026-04-09 13:00:00,11808.5,SUCCESS,BANK,WhatsApp
PAY000007877,A000763,2025-10-13 11:00:00,14663.93,SUCCESS,BANK,Field
PAY000007878,A003702,2026-07-20 16:00:00,7621.07,SUCCESS,CARD,Self_Pay
PAY000007879,A002147,2026-03-20 15:00:00,7441.27,SUCCESS,CARD,AI Voice
PAY000007880,A003238,2026-01-12 09:00:00,15002.91,SUCCESS,CARD,Self_Pay
PAY000007881,A000650,2026-06-06 10:00:00,6466.04,SUCCESS,CASH,WhatsApp
PAY000007882,A003605,2025-09-18 11:00:00,1113.15,FAILED,CARD,Self_Pay
PAY000007883,A002497,2025-12-09 19:00:00,15220.8,FAILED,CARD,Self_Pay
PAY000007884,A002914,2026-04-05 17:00:00,12829.28,FAILED,BANK,Human
PAY000007885,A003568,2025-11-20 15:00:00,10487.51,FAILED,CARD,Field
PAY000007886,A002581,2026-01-23 07:00:00,2582.71,SUCCESS,CASH,WhatsApp
PAY000007887,A003534,2026-08-11 09:00:00,7047.05,SUCCESS,CARD,WhatsApp
PAY000007888,A000304,2025-10-03 17:00:00,13588.61,SUCCESS,UPI,Self_Pay
PAY000007889,A000139,2026-07-04 15:00:00,12173.33,FAILED,CASH,Self_Pay
PAY000007890,A000407,2026-01-16 10:00:00,12852.78,SUCCESS,CARD,Field
PAY000007891,A000526,2025-12-20 21:00:00,6009.06,SUCCESS,BANK,Human
PAY000007892,A002696,2025-09-18 20:00:00,14534.0,SUCCESS,CASH,WhatsApp
PAY000007893,A003041,2025-12-10 11:00:00,11032.4,SUCCESS,CASH,Self_Pay
PAY000007894,A000860,2025-09-01 10:00:00,7608.7,SUCCESS,BANK,Self_Pay
PAY000007895,A000604,2026-02-03 18:00:00,8992.23,FAILED,CASH,WhatsApp
PAY000007896,A001022,2026-02-27 13:00:00,4959.52,SUCCESS,CARD,Self_Pay
PAY000007897,A002779,2026-07-17 07:00:00,4704.37,SUCCESS,BANK,Field
PAY000007898,A000594,2025-09-09 19:00:00,4169.59,SUCCESS,CARD,Self_Pay
PAY000007899,A003441,2025-09-22 20:00:00,7389.43,SUCCESS,CASH,Self_Pay
PAY000007900,A002959,2026-05-27 12:00:00,5692.07,FAILED,CARD,Human
PAY000007901,A001431,2026-05-12 07:00:00,5478.84,SUCCESS,CARD,AI Voice
PAY000007902,A002541,2025-10-15 20:00:00,9793.84,SUCCESS,BANK,AI Voice
PAY000007903,A000430,2026-05-10 21:00:00,5704.86,FAILED,UPI,Field
PAY000007904,A001284,2026-06-10 15:00:00,15645.19,FAILED,CARD,WhatsApp
PAY000007905,A003070,2026-08-16 13:00:00,11252.7,SUCCESS,UPI,Self_Pay
PAY000007906,A000130,2026-03-11 10:00:00,7234.24,SUCCESS,UPI,Human
PAY000007907,A003547,2025-10-15 17:00:00,4659.21,SUCCESS,CARD,WhatsApp
PAY000007908,A003628,2026-03-27 09:00:00,4248.67,SUCCESS,CARD,WhatsApp
PAY000007909,A003457,2025-09-08 13:00:00,6363.94,SUCCESS,CARD,AI Voice
PAY000007910,A001807,2026-04-08 14:00:00,8952.08,FAILED,CASH,Human
PAY000007911,A002635,2026-02-08 15:00:00,7698.49,SUCCESS,CARD,Field
PAY000007912,A002648,2026-04-08 21:00:00,13651.02,SUCCESS,UPI,Human
PAY000007913,A003597,2025-09-11 09:00:00,2522.28,SUCCESS,CASH,Human
PAY000007914,A003878,2026-02-12 09:00:00,1636.9,FAILED,BANK,Field
PAY000007915,A001980,2026-04-27 14:00:00,4864.21,SUCCESS,BANK,Self_Pay
PAY000007916,A003144,2026-02-15 19:00:00,9012.02,SUCCESS,UPI,Self_Pay
PAY000007917,A000553,2025-11-01 08:00:00,11117.5,SUCCESS,BANK,Self_Pay
PAY000007918,A003273,2026-03-15 20:00:00,4324.65,SUCCESS,UPI,Self_Pay
PAY000007919,A003030,2025-10-26 19:00:00,4702.9,FAILED,BANK,WhatsApp
PAY000007920,A003255,2025-10-11 18:00:00,2394.04,SUCCESS,BANK,Field
PAY000007921,A000273,2026-05-06 12:00:00,7222.1,SUCCESS,UPI,AI Voice
PAY000007922,A003385,2026-07-05 17:00:00,8011.74,FAILED,CASH,Field
PAY000007923,A000676,2025-09-13 10:00:00,10433.13,SUCCESS,UPI,Field
PAY000007924,A003153,2026-01-17 17:00:00,8243.0,FAILED,CARD,AI Voice
PAY000007925,A001578,2026-08-03 10:00:00,5100.3,SUCCESS,CARD,Human
PAY000007926,A001595,2025-11-12 11:00:00,6476.98,SUCCESS,CASH,Self_Pay
PAY000007927,A004038,2026-05-19 16:00:00,2309.81,SUCCESS,UPI,Field
PAY000007928,A001170,2025-12-25 17:00:00,4542.83,SUCCESS,BANK,Self_Pay
PAY000007929,A004061,2025-12-02 09:00:00,4260.89,SUCCESS,UPI,Self_Pay
PAY000007930,A001023,2026-05-14 09:00:00,13171.4,SUCCESS,BANK,Human
PAY000007931,A002437,2026-06-15 20:00:00,6151.04,SUCCESS,CARD,Human
PAY000007932,A002756,2026-03-17 13:00:00,6612.75,SUCCESS,CARD,AI Voice
PAY000007933,A001033,2026-07-09 14:00:00,14790.81,SUCCESS,UPI,Human
PAY000007934,A000146,2025-10-09 08:00:00,4316.05,FAILED,CARD,Human
PAY000007935,A003571,2025-09-06 18:00:00,15671.08,SUCCESS,UPI,Field
PAY000007936,A003732,2026-02-07 13:00:00,8028.0,SUCCESS,BANK,AI Voice
PAY000007937,A001099,2025-10-06 19:00:00,5496.71,SUCCESS,BANK,Field
PAY000007938,A001384,2026-08-03 18:00:00,11623.86,SUCCESS,CASH,AI Voice
PAY000007939,A002738,2025-09-02 09:00:00,6865.36,SUCCESS,CASH,WhatsApp
PAY000007940,A001539,2026-06-14 07:00:00,8995.93,FAILED,UPI,AI Voice
PAY000007941,A001503,2026-03-01 21:00:00,11944.12,SUCCESS,CASH,Field
PAY000007942,A003118,2026-02-17 15:00:00,12675.68,SUCCESS,UPI,Self_Pay
PAY000007943,A000470,2026-03-14 19:00:00,11840.64,SUCCESS,CASH,Self_Pay
PAY000007944,A000086,2026-08-09 20:00:00,7678.0,SUCCESS,BANK,WhatsApp
PAY000007945,A001394,2025-10-06 21:00:00,14714.98,SUCCESS,BANK,Field
PAY000007946,A002188,2025-11-06 17:00:00,3648.86,FAILED,BANK,Human
PAY000007947,A003143,2026-04-02 11:00:00,8711.0,SUCCESS,BANK,AI Voice
PAY000007948,A000112,2025-09-08 15:00:00,11701.82,SUCCESS,BANK,Human
PAY000007949,A001588,2025-12-16 18:00:00,9897.19,FAILED,CARD,Human
PAY000007950,A001611,2025-09-07 08:00:00,9377.78,SUCCESS,CASH,AI Voice
PAY000007951,A002546,2026-07-02 15:00:00,6711.4,FAILED,BANK,Self_Pay
PAY000007952,A002568,2025-10-04 20:00:00,4728.35,SUCCESS,UPI,Human
PAY000007953,A001425,2026-08-10 20:00:00,10713.64,SUCCESS,UPI,Self_Pay
PAY000007954,A003487,2025-09-27 18:00:00,13766.87,FAILED,CASH,Self_Pay
PAY000007955,A000712,2026-03-16 14:00:00,9057.54,SUCCESS,CASH,AI Voice
PAY000007956,A001230,2026-01-27 09:00:00,5843.19,SUCCESS,UPI,WhatsApp
PAY000007957,A003141,2025-10-14 16:00:00,9153.31,SUCCESS,UPI,Field
PAY000007958,A000562,2026-05-10 20:00:00,13913.38,SUCCESS,CARD,Human
PAY000007959,A001774,2026-04-17 10:00:00,15518.03,FAILED,CARD,WhatsApp
PAY000007960,A003127,2025-09-27 20:00:00,9523.63,SUCCESS,CASH,AI Voice
PAY000007961,A003299,2026-05-24 09:00:00,1482.82,SUCCESS,BANK,AI Voice
PAY000007962,A002731,2026-08-23 21:00:00,15361.16,SUCCESS,CARD,AI Voice
PAY000007963,A003205,2026-01-21 17:00:00,2300.78,FAILED,BANK,Human
PAY000007964,A002485,2026-03-05 18:00:00,9291.96,SUCCESS,UPI,WhatsApp
PAY000007965,A000255,2026-05-23 20:00:00,14813.6,SUCCESS,UPI,Field
PAY000007966,A003650,2026-08-18 19:00:00,2753.15,SUCCESS,CARD,Self_Pay
PAY000007967,A003050,2026-05-25 08:00:00,7340.71,FAILED,CASH,WhatsApp
PAY000007968,A003995,2025-10-08 19:00:00,14653.02,SUCCESS,BANK,Self_Pay
PAY000007969,A002048,2026-01-13 11:00:00,1420.19,SUCCESS,UPI,Self_Pay
PAY000007970,A001118,2026-08-05 18:00:00,1283.08,SUCCESS,CARD,Field
PAY000007971,A001650,2026-01-18 12:00:00,7058.28,FAILED,CASH,Human
PAY000007972,A000085,2026-03-14 11:00:00,6752.71,FAILED,BANK,WhatsApp
PAY000007973,A001081,2025-10-25 20:00:00,6852.0,SUCCESS,CARD,Self_Pay
PAY000007974,A000617,2025-10-05 07:00:00,5768.88,SUCCESS,CASH,WhatsApp
PAY000007975,A003200,2025-09-22 12:00:00,8744.8,FAILED,BANK,Human
PAY000007976,A004091,2026-06-16 11:00:00,12321.11,SUCCESS,UPI,WhatsApp
PAY000007977,A000094,2026-05-08 07:00:00,4563.16,SUCCESS,UPI,WhatsApp
PAY000007978,A000232,2026-07-19 09:00:00,9294.08,FAILED,CARD,Human
PAY000007979,A000920,2025-10-09 16:00:00,3823.65,SUCCESS,CARD,Human
PAY000007980,A002675,2025-10-04 08:00:00,11990.32,SUCCESS,CARD,WhatsApp
PAY000007981,A000123,2025-11-02 15:00:00,1060.07,SUCCESS,UPI,WhatsApp
PAY000007982,A002607,2025-10-12 13:00:00,5958.82,FAILED,BANK,WhatsApp
PAY000007983,A002724,2025-12-23 12:00:00,7347.32,FAILED,UPI,WhatsApp
PAY000007984,A004040,2025-10-01 07:00:00,14045.0,SUCCESS,CASH,WhatsApp
PAY000007985,A001936,2026-02-20 09:00:00,11620.04,SUCCESS,BANK,WhatsApp
PAY000007986,A002814,2026-08-02 08:00:00,8214.08,SUCCESS,CARD,Human
PAY000007987,A002181,2025-09-01 17:00:00,10942.13,FAILED,CASH,WhatsApp
PAY000007988,A000430,2026-05-25 18:00:00,6030.1,SUCCESS,CARD,Self_Pay
PAY000007989,A003194,2026-03-02 07:00:00,9282.96,SUCCESS,CARD,WhatsApp
PAY000007990,A001743,2026-07-22 16:00:00,9633.32,SUCCESS,CARD,Self_Pay
PAY000007991,A002415,2026-02-26 18:00:00,6562.88,SUCCESS,CARD,Field
PAY000007992,A001072,2026-04-21 20:00:00,7130.01,SUCCESS,CASH,Self_Pay
PAY000007993,A002184,2025-09-22 20:00:00,4472.13,FAILED,UPI,Field
PAY000007994,A003017,2026-06-25 15:00:00,9250.83,SUCCESS,CARD,Human
PAY000007995,A002679,2025-10-08 12:00:00,2317.84,SUCCESS,CARD,WhatsApp
PAY000007996,A003795,2026-05-23 20:00:00,10007.99,FAILED,CASH,Field
PAY000007997,A002890,2025-09-17 13:00:00,12209.68,SUCCESS,CARD,Self_Pay
PAY000007998,A000048,2026-04-20 13:00:00,3705.99,SUCCESS,CASH,Self_Pay
PAY000007999,A003008,2026-07-01 11:00:00,6914.22,SUCCESS,CASH,Human
PAY000008000,A002619,2025-09-14 10:00:00,1871.93,SUCCESS,CARD,WhatsApp
PAY000008001,A000072,2026-05-21 18:00:00,5825.51,SUCCESS,CASH,WhatsApp
PAY000008002,A001722,2026-01-10 08:00:00,2780.96,SUCCESS,CASH,Self_Pay
PAY000008003,A004071,2025-09-07 12:00:00,10245.11,SUCCESS,CARD,Human
PAY000008004,A000267,2026-05-25 11:00:00,10559.36,SUCCESS,BANK,Field
PAY000008005,A000349,2025-11-05 16:00:00,13422.86,SUCCESS,CARD,AI Voice
PAY000008006,A003208,2026-04-13 16:00:00,10731.3,FAILED,CARD,Field
PAY000008007,A003536,2026-02-23 10:00:00,1278.61,SUCCESS,UPI,Self_Pay
PAY000008008,A003167,2026-04-23 21:00:00,14100.25,SUCCESS,UPI,WhatsApp
PAY000008009,A003298,2025-11-05 15:00:00,10118.58,SUCCESS,CASH,Field
PAY000008010,A002460,2025-12-27 13:00:00,11829.3,FAILED,UPI,WhatsApp
PAY000008011,A002139,2026-03-21 20:00:00,10183.0,SUCCESS,CASH,Field
PAY000008012,A001762,2026-05-21 08:00:00,4606.56,SUCCESS,BANK,Human
PAY000008013,A000705,2026-01-10 13:00:00,14343.14,SUCCESS,CARD,Self_Pay
PAY000008014,A001856,2026-05-16 10:00:00,8096.33,SUCCESS,UPI,Self_Pay
PAY000008015,A001430,2025-10-16 15:00:00,8822.78,SUCCESS,UPI,Self_Pay
PAY000008016,A002884,2026-02-17 12:00:00,14727.44,SUCCESS,BANK,AI Voice
PAY000008017,A000083,2026-06-11 18:00:00,12360.89,SUCCESS,UPI,AI Voice
PAY000008018,A001519,2026-02-14 07:00:00,13106.37,SUCCESS,BANK,AI Voice
PAY000008019,A001267,2025-10-12 19:00:00,9457.52,SUCCESS,CASH,AI Voice
PAY000008020,A000939,2025-10-14 20:00:00,2566.61,SUCCESS,BANK,Field
PAY000008021,A000225,2026-06-25 12:00:00,5573.84,SUCCESS,CARD,Self_Pay
PAY000008022,A001016,2026-02-24 21:00:00,3303.86,FAILED,BANK,Field
PAY000008023,A002625,2025-12-21 11:00:00,6874.98,SUCCESS,CASH,Field
PAY000008024,A003815,2025-10-13 18:00:00,8444.43,FAILED,CASH,Field
PAY000008025,A003541,2025-12-06 12:00:00,12634.5,SUCCESS,BANK,Self_Pay
PAY000008026,A003235,2026-02-04 11:00:00,4485.06,FAILED,BANK,Field
PAY000008027,A004161,2026-06-11 20:00:00,8134.6,FAILED,BANK,Field
PAY000008028,A002740,2025-09-23 10:00:00,10587.73,SUCCESS,UPI,AI Voice
PAY000008029,A002433,2025-11-27 20:00:00,6403.19,FAILED,CASH,Human
PAY000008030,A003859,2026-07-09 09:00:00,14299.51,SUCCESS,CARD,Self_Pay
PAY000008031,A001095,2026-06-12 11:00:00,9683.01,SUCCESS,CARD,Self_Pay
PAY000008032,A001219,2026-02-01 11:00:00,15614.46,SUCCESS,UPI,Human
PAY000008033,A003127,2026-01-27 11:00:00,10744.16,FAILED,CARD,Field
PAY000008034,A003975,2026-06-08 21:00:00,4959.58,SUCCESS,BANK,Self_Pay
PAY000008035,A001593,2026-07-17 20:00:00,5432.81,SUCCESS,UPI,Human
PAY000008036,A002353,2026-08-01 09:00:00,13494.04,SUCCESS,BANK,AI Voice
PAY000008037,A002623,2026-07-01 15:00:00,13055.92,FAILED,BANK,WhatsApp
PAY000008038,A002918,2026-02-12 21:00:00,5663.77,SUCCESS,CARD,Field
PAY000008039,A002394,2026-02-10 17:00:00,3705.06,SUCCESS,BANK,Human
PAY000008040,A002717,2026-03-06 10:00:00,5176.21,SUCCESS,CASH,WhatsApp
PAY000008041,A001622,2025-10-22 09:00:00,10619.72,FAILED,BANK,Field
PAY000008042,A002029,2026-06-20 12:00:00,12740.12,SUCCESS,CASH,Self_Pay
PAY000008043,A002354,2026-04-10 16:00:00,14890.31,SUCCESS,CASH,Self_Pay
PAY000008044,A000913,2026-02-17 11:00:00,5395.59,SUCCESS,CARD,Human
PAY000008045,A001845,2026-01-25 17:00:00,1938.21,SUCCESS,BANK,Field
PAY000008046,A002701,2026-01-06 21:00:00,14439.3,FAILED,BANK,WhatsApp
PAY000008047,A004042,2026-04-06 14:00:00,15776.21,SUCCESS,CARD,WhatsApp
PAY000008048,A001939,2025-09-08 18:00:00,10546.0,SUCCESS,CARD,WhatsApp
PAY000008049,A003608,2026-06-18 14:00:00,7324.47,SUCCESS,BANK,Field
PAY000008050,A002690,2026-01-13 09:00:00,3459.6,SUCCESS,CARD,Self_Pay
PAY000008051,A003321,2026-05-12 12:00:00,1756.71,SUCCESS,CASH,AI Voice
PAY000008052,A002664,2025-10-26 12:00:00,12364.35,FAILED,CASH,Self_Pay
PAY000008053,A003306,2026-03-21 08:00:00,10207.5,SUCCESS,CARD,Human
PAY000008054,A000753,2026-05-22 21:00:00,12875.78,SUCCESS,CASH,WhatsApp
PAY000008055,A003890,2026-04-02 11:00:00,9915.81,SUCCESS,CASH,AI Voice
PAY000008056,A003907,2026-01-10 21:00:00,2384.07,SUCCESS,BANK,WhatsApp
PAY000008057,A000717,2026-01-03 18:00:00,4753.45,SUCCESS,CARD,WhatsApp
PAY000008058,A002545,2025-10-16 17:00:00,12029.06,SUCCESS,CARD,Self_Pay
PAY000008059,A002446,2026-02-12 10:00:00,4125.31,SUCCESS,CASH,AI Voice
PAY000008060,A004171,2025-10-20 16:00:00,1796.4,SUCCESS,UPI,WhatsApp
PAY000008061,A003926,2025-11-01 12:00:00,12816.1,SUCCESS,CARD,Field
PAY000008062,A003909,2025-11-21 12:00:00,12026.37,SUCCESS,CARD,Field
PAY000008063,A003173,2026-02-12 20:00:00,7971.76,FAILED,BANK,AI Voice
PAY000008064,A000068,2026-07-08 18:00:00,5418.51,SUCCESS,CASH,Field
PAY000008065,A002408,2025-12-06 19:00:00,1019.41,SUCCESS,CASH,Field
PAY000008066,A000403,2025-12-01 15:00:00,1829.43,SUCCESS,BANK,Field
PAY000008067,A001622,2026-07-24 18:00:00,13354.35,SUCCESS,BANK,Self_Pay
PAY000008068,A003809,2025-10-13 13:00:00,2918.93,SUCCESS,CARD,WhatsApp
PAY000008069,A003095,2026-04-27 21:00:00,5113.85,FAILED,UPI,WhatsApp
PAY000008070,A000981,2026-08-04 16:00:00,3972.78,SUCCESS,UPI,Field
PAY000008071,A001415,2026-08-04 18:00:00,3362.65,SUCCESS,CASH,Self_Pay
PAY000008072,A003200,2026-06-04 19:00:00,11857.64,FAILED,BANK,AI Voice
PAY000008073,A003444,2026-07-16 10:00:00,12769.84,SUCCESS,CARD,Human
PAY000008074,A002220,2026-02-19 14:00:00,6376.26,SUCCESS,UPI,Field
PAY000008075,A002343,2025-10-05 16:00:00,15466.76,SUCCESS,CARD,Human
PAY000008076,A000696,2026-03-22 19:00:00,10588.13,SUCCESS,CASH,Self_Pay
PAY000008077,A003665,2026-01-12 21:00:00,2860.09,SUCCESS,CASH,Self_Pay
PAY000008078,A002106,2026-08-19 18:00:00,3802.07,SUCCESS,UPI,Self_Pay
PAY000008079,A003087,2025-12-04 09:00:00,4525.11,SUCCESS,UPI,Self_Pay
PAY000008080,A000083,2025-09-25 19:00:00,8403.93,SUCCESS,CASH,AI Voice
PAY000008081,A000238,2026-02-27 13:00:00,15799.64,SUCCESS,UPI,Self_Pay
PAY000008082,A000067,2026-08-03 15:00:00,6507.12,SUCCESS,BANK,Human
PAY000008083,A000933,2026-05-07 20:00:00,2765.56,SUCCESS,BANK,Human
PAY000008084,A000867,2026-02-19 13:00:00,7257.92,SUCCESS,BANK,Human
PAY000008085,A002518,2025-10-22 21:00:00,14594.12,SUCCESS,CASH,AI Voice
PAY000008086,A001479,2025-12-07 13:00:00,6768.76,SUCCESS,UPI,Human
PAY000008087,A001083,2026-06-27 12:00:00,10340.52,FAILED,CASH,AI Voice
PAY000008088,A003576,2026-05-04 21:00:00,6518.14,SUCCESS,UPI,Human
PAY000008089,A002026,2025-09-23 15:00:00,12039.19,FAILED,UPI,AI Voice
PAY000008090,A002402,2025-09-05 12:00:00,14756.11,FAILED,UPI,Human
PAY000008091,A001599,2026-04-14 11:00:00,12677.0,SUCCESS,UPI,Field
PAY000008092,A003412,2025-09-20 09:00:00,1727.85,SUCCESS,CASH,AI Voice
PAY000008093,A001356,2025-11-12 21:00:00,7696.43,SUCCESS,BANK,Field
PAY000008094,A000596,2026-07-19 08:00:00,14920.63,FAILED,CASH,WhatsApp
PAY000008095,A000255,2026-01-03 11:00:00,10590.41,SUCCESS,CASH,Human
PAY000008096,A000474,2026-03-07 10:00:00,3251.04,SUCCESS,BANK,Self_Pay
PAY000008097,A000891,2026-02-22 07:00:00,12521.0,FAILED,BANK,WhatsApp
PAY000008098,A001963,2026-06-26 07:00:00,14941.28,SUCCESS,CARD,Field
PAY000008099,A000414,2026-05-15 15:00:00,5286.0,FAILED,CARD,Field
PAY000008100,A003637,2026-07-09 14:00:00,6269.18,FAILED,BANK,AI Voice
PAY000008101,A001485,2026-01-06 07:00:00,8889.96,SUCCESS,CARD,Field
PAY000008102,A003928,2026-06-26 11:00:00,10183.23,FAILED,CARD,Self_Pay
PAY000008103,A001404,2026-07-10 20:00:00,13243.11,SUCCESS,BANK,Human
PAY000008104,A001422,2026-03-03 19:00:00,14855.03,FAILED,BANK,Field
PAY000008105,A002936,2026-07-19 18:00:00,11573.98,SUCCESS,UPI,Human
PAY000008106,A001988,2026-08-13 12:00:00,6234.2,SUCCESS,CARD,Field
PAY000008107,A000228,2026-08-27 19:00:00,9449.74,SUCCESS,UPI,Field
PAY000008108,A000333,2026-01-24 07:00:00,5126.88,FAILED,UPI,WhatsApp
PAY000008109,A003794,2026-08-01 14:00:00,11056.81,SUCCESS,BANK,Self_Pay
PAY000008110,A002305,2026-01-08 07:00:00,14462.21,SUCCESS,BANK,AI Voice
PAY000008111,A001554,2026-06-26 20:00:00,4046.77,SUCCESS,CARD,WhatsApp
PAY000008112,A003406,2026-05-02 07:00:00,15087.1,SUCCESS,BANK,Field
PAY000008113,A004071,2026-08-22 08:00:00,4491.5,FAILED,CASH,Self_Pay
PAY000008114,A003664,2025-10-05 14:00:00,10564.0,SUCCESS,CASH,WhatsApp
PAY000008115,A001349,2026-01-01 17:00:00,7614.66,SUCCESS,CARD,AI Voice
PAY000008116,A000018,2026-06-25 12:00:00,6283.0,SUCCESS,UPI,Self_Pay
PAY000008117,A000221,2026-01-04 08:00:00,13108.0,SUCCESS,CARD,Human
PAY000008118,A001013,2026-03-04 07:00:00,11334.34,FAILED,UPI,Self_Pay
PAY000008119,A002488,2025-12-18 20:00:00,14024.96,FAILED,UPI,WhatsApp
PAY000008120,A000360,2026-01-24 19:00:00,5974.37,SUCCESS,BANK,WhatsApp
PAY000008121,A003866,2025-09-07 18:00:00,12971.15,FAILED,CARD,AI Voice
PAY000008122,A003180,2026-05-22 21:00:00,1145.76,SUCCESS,BANK,WhatsApp
PAY000008123,A002233,2026-07-15 09:00:00,1174.47,SUCCESS,CARD,Self_Pay
PAY000008124,A002944,2025-10-08 14:00:00,7216.55,SUCCESS,BANK,Self_Pay
PAY000008125,A003683,2025-09-27 10:00:00,13130.61,SUCCESS,UPI,AI Voice
PAY000008126,A001636,2025-09-01 14:00:00,12700.13,FAILED,CARD,WhatsApp
PAY000008127,A000305,2026-06-06 08:00:00,4228.0,SUCCESS,CARD,Field
PAY000008128,A000219,2025-12-23 14:00:00,8400.64,SUCCESS,BANK,WhatsApp
PAY000008129,A002589,2025-10-14 08:00:00,2652.28,SUCCESS,CASH,Human
PAY000008130,A000461,2026-02-22 08:00:00,5338.61,SUCCESS,CARD,AI Voice
PAY000008131,A003614,2025-09-14 09:00:00,11061.35,SUCCESS,BANK,Human
PAY000008132,A002871,2026-06-05 18:00:00,3059.29,FAILED,CASH,WhatsApp
PAY000008133,A002249,2025-11-17 15:00:00,9728.19,SUCCESS,CARD,Human
PAY000008134,A003098,2026-03-08 13:00:00,14315.23,SUCCESS,CASH,Self_Pay
PAY000008135,A001641,2025-11-23 17:00:00,10561.36,SUCCESS,BANK,Self_Pay
PAY000008136,A004114,2026-06-24 21:00:00,14069.0,SUCCESS,BANK,Human
PAY000008137,A003282,2026-08-26 12:00:00,2841.0,SUCCESS,UPI,Human
PAY000008138,A001568,2026-02-13 18:00:00,7127.68,SUCCESS,UPI,AI Voice
PAY000008139,A001696,2025-10-04 21:00:00,2279.85,FAILED,CASH,AI Voice
PAY000008140,A001359,2025-10-16 19:00:00,8741.0,SUCCESS,BANK,Field
PAY000008141,A002742,2025-11-03 07:00:00,10297.41,SUCCESS,BANK,Field
PAY000008142,A002333,2026-08-03 11:00:00,9721.58,SUCCESS,CASH,Field
PAY000008143,A003456,2025-11-07 21:00:00,7017.41,SUCCESS,CARD,Self_Pay
PAY000008144,A000528,2026-01-15 11:00:00,10291.46,SUCCESS,CASH,Self_Pay
PAY000008145,A003526,2026-02-11 10:00:00,7982.51,FAILED,CARD,Field
PAY000008146,A003767,2026-05-18 10:00:00,3344.8,SUCCESS,UPI,AI Voice
PAY000008147,A002668,2026-04-17 18:00:00,14026.0,SUCCESS,CASH,WhatsApp
PAY000008148,A001457,2026-02-06 15:00:00,3815.19,SUCCESS,CASH,WhatsApp
PAY000008149,A000451,2026-08-23 17:00:00,13050.63,SUCCESS,CASH,Field
PAY000008150,A002383,2025-11-16 18:00:00,2337.8,SUCCESS,BANK,Self_Pay
PAY000008151,A002367,2026-06-19 14:00:00,3158.37,SUCCESS,CASH,WhatsApp
PAY000008152,A003789,2026-08-01 19:00:00,5756.72,FAILED,UPI,Human
PAY000008153,A003820,2026-03-04 14:00:00,3045.26,SUCCESS,BANK,AI Voice
PAY000008154,A000147,2026-06-17 18:00:00,2769.9,SUCCESS,CARD,AI Voice
PAY000008155,A000937,2026-03-15 18:00:00,6358.0,SUCCESS,CASH,AI Voice
PAY000008156,A002675,2026-02-15 20:00:00,15587.83,SUCCESS,BANK,Self_Pay
PAY000008157,A000330,2026-08-23 12:00:00,2436.36,SUCCESS,CASH,Human
PAY000008158,A002220,2025-11-10 18:00:00,11630.69,SUCCESS,UPI,WhatsApp
PAY000008159,A003600,2025-11-20 13:00:00,3604.32,SUCCESS,UPI,WhatsApp
PAY000008160,A002718,2025-09-05 16:00:00,11600.7,SUCCESS,UPI,WhatsApp
PAY000008161,A003315,2026-01-10 12:00:00,11563.36,SUCCESS,BANK,AI Voice
PAY000008162,A000686,2025-10-26 09:00:00,5946.0,SUCCESS,CARD,AI Voice
PAY000008163,A001404,2026-01-21 13:00:00,4470.04,SUCCESS,BANK,WhatsApp
PAY000008164,A001767,2025-12-21 18:00:00,9662.77,SUCCESS,CARD,WhatsApp
PAY000008165,A003454,2026-08-12 08:00:00,10733.96,SUCCESS,UPI,WhatsApp
PAY000008166,A001257,2026-08-02 07:00:00,9702.45,SUCCESS,CARD,Field
PAY000008167,A002221,2026-02-11 21:00:00,4351.68,SUCCESS,CARD,AI Voice
PAY000008168,A002137,2025-12-20 19:00:00,1012.45,SUCCESS,CASH,Self_Pay
PAY000008169,A001941,2026-01-20 09:00:00,4362.65,FAILED,CASH,Self_Pay
PAY000008170,A003761,2026-05-21 08:00:00,5679.15,SUCCESS,CARD,Field
PAY000008171,A002653,2025-11-23 19:00:00,12362.93,SUCCESS,BANK,AI Voice
PAY000008172,A001091,2026-01-12 16:00:00,6663.0,SUCCESS,CASH,Self_Pay
PAY000008173,A004053,2026-07-02 20:00:00,10405.35,SUCCESS,CASH,AI Voice
PAY000008174,A003690,2025-09-01 20:00:00,4805.0,SUCCESS,CASH,WhatsApp
PAY000008175,A004101,2026-05-20 20:00:00,12789.0,SUCCESS,UPI,WhatsApp
PAY000008176,A003368,2026-04-06 19:00:00,11214.91,SUCCESS,CARD,Self_Pay
PAY000008177,A000693,2026-05-22 07:00:00,3305.64,FAILED,UPI,AI Voice
PAY000008178,A001996,2026-03-21 07:00:00,3426.56,FAILED,CASH,Self_Pay
PAY000008179,A000880,2025-09-01 13:00:00,4800.62,SUCCESS,CARD,AI Voice
PAY000008180,A004195,2025-09-11 16:00:00,5386.05,FAILED,BANK,Field
PAY000008181,A003831,2026-04-21 19:00:00,15714.07,SUCCESS,UPI,WhatsApp
PAY000008182,A003795,2026-04-17 17:00:00,10702.0,FAILED,BANK,AI Voice
PAY000008183,A003986,2026-06-06 16:00:00,9807.61,SUCCESS,CASH,AI Voice
PAY000008184,A000681,2026-01-02 09:00:00,11179.26,SUCCESS,CASH,WhatsApp
PAY000008185,A002289,2026-07-24 15:00:00,4682.9,SUCCESS,CARD,WhatsApp
PAY000008186,A002065,2026-08-02 17:00:00,12923.0,SUCCESS,CARD,Field
PAY000008187,A002503,2025-12-01 21:00:00,12358.46,SUCCESS,BANK,Self_Pay
PAY000008188,A003993,2026-03-13 21:00:00,8625.91,SUCCESS,UPI,Self_Pay
PAY000008189,A000241,2026-03-13 12:00:00,10856.59,SUCCESS,CARD,Field
PAY000008190,A002945,2025-11-11 14:00:00,8981.6,SUCCESS,BANK,Human
PAY000008191,A002447,2026-02-22 14:00:00,14022.6,SUCCESS,CASH,Human
PAY000008192,A001205,2025-12-20 11:00:00,5974.06,SUCCESS,BANK,Field
PAY000008193,A001163,2026-04-21 11:00:00,9367.65,SUCCESS,UPI,AI Voice
PAY000008194,A002246,2026-06-01 20:00:00,5187.97,SUCCESS,CASH,WhatsApp
PAY000008195,A003775,2025-11-19 19:00:00,9726.86,SUCCESS,CARD,Human
PAY000008196,A003425,2025-09-09 07:00:00,1518.47,SUCCESS,CARD,Self_Pay
PAY000008197,A001338,2025-10-04 11:00:00,5854.39,SUCCESS,UPI,AI Voice
PAY000008198,A003949,2025-12-25 14:00:00,4214.14,SUCCESS,UPI,Field
PAY000008199,A002427,2026-05-15 13:00:00,14369.16,FAILED,CASH,Self_Pay
PAY000008200,A003968,2026-01-03 11:00:00,3374.55,SUCCESS,UPI,Field
PAY000008201,A002914,2026-03-18 10:00:00,8253.02,SUCCESS,CARD,Self_Pay
PAY000008202,A003464,2026-01-17 18:00:00,10358.0,SUCCESS,BANK,Human
PAY000008203,A000487,2025-09-04 12:00:00,2923.42,FAILED,CASH,Field
PAY000008204,A002962,2026-05-12 11:00:00,1266.01,FAILED,CASH,Field
PAY000008205,A000929,2025-09-05 18:00:00,9639.66,SUCCESS,CASH,Self_Pay
PAY000008206,A002481,2025-11-14 12:00:00,4144.33,SUCCESS,UPI,AI Voice
PAY000008207,A001796,2025-10-02 08:00:00,12383.44,SUCCESS,CASH,WhatsApp
PAY000008208,A000259,2025-11-07 13:00:00,5797.0,SUCCESS,UPI,Field
PAY000008209,A001373,2026-03-26 10:00:00,2437.23,SUCCESS,CASH,WhatsApp
PAY000008210,A002417,2025-10-15 12:00:00,5848.38,FAILED,UPI,Field
PAY000008211,A003961,2026-02-18 10:00:00,1518.69,SUCCESS,CARD,Self_Pay
PAY000008212,A001906,2026-04-18 14:00:00,8665.96,FAILED,UPI,AI Voice
PAY000008213,A003352,2026-02-25 18:00:00,14505.35,SUCCESS,CARD,WhatsApp
PAY000008214,A001532,2026-07-17 20:00:00,11392.9,SUCCESS,CASH,AI Voice
PAY000008215,A001245,2026-08-23 14:00:00,3386.0,FAILED,CARD,Self_Pay
PAY000008216,A003187,2026-02-21 08:00:00,15178.43,SUCCESS,BANK,Self_Pay
PAY000008217,A001210,2025-09-22 21:00:00,6174.48,SUCCESS,BANK,Self_Pay
PAY000008218,A002593,2026-04-22 14:00:00,6757.19,SUCCESS,UPI,Self_Pay
PAY000008219,A003606,2025-11-18 20:00:00,15823.05,SUCCESS,CASH,AI Voice
PAY000008220,A001480,2026-05-18 10:00:00,3987.57,FAILED,BANK,Self_Pay
PAY000008221,A003319,2025-10-22 09:00:00,2341.82,SUCCESS,CASH,Human
PAY000008222,A003204,2026-04-10 18:00:00,15371.38,SUCCESS,CASH,Self_Pay
PAY000008223,A000991,2026-01-26 21:00:00,14143.8,SUCCESS,CARD,AI Voice
PAY000008224,A001382,2026-05-02 20:00:00,13195.68,FAILED,CARD,Self_Pay
PAY000008225,A000227,2026-05-02 08:00:00,7510.22,SUCCESS,UPI,Self_Pay
PAY000008226,A004056,2025-12-24 07:00:00,4118.03,SUCCESS,BANK,WhatsApp
PAY000008227,A003623,2025-11-13 09:00:00,4786.67,SUCCESS,CARD,AI Voice
PAY000008228,A000174,2025-11-04 21:00:00,8994.01,SUCCESS,CARD,WhatsApp
PAY000008229,A001004,2026-02-19 11:00:00,15725.26,SUCCESS,BANK,Human
PAY000008230,A002543,2026-01-22 12:00:00,7474.32,SUCCESS,UPI,Self_Pay
PAY000008231,A002952,2025-09-18 07:00:00,7414.9,FAILED,UPI,Self_Pay
PAY000008232,A001359,2026-03-01 09:00:00,5261.08,FAILED,BANK,Field
PAY000008233,A000257,2026-01-24 12:00:00,2669.41,SUCCESS,UPI,Field
PAY000008234,A003129,2025-10-10 12:00:00,6351.46,SUCCESS,CASH,Human
PAY000008235,A002891,2026-07-01 18:00:00,4498.27,SUCCESS,CARD,WhatsApp
PAY000008236,A004025,2026-06-11 09:00:00,10911.05,SUCCESS,CASH,AI Voice
PAY000008237,A000598,2026-06-15 15:00:00,2316.25,SUCCESS,CARD,Human
PAY000008238,A001573,2025-11-15 17:00:00,14485.7,SUCCESS,CASH,AI Voice
PAY000008239,A004047,2025-09-05 14:00:00,9426.7,FAILED,CARD,Self_Pay
PAY000008240,A001637,2025-10-15 07:00:00,15740.5,FAILED,CARD,Field
PAY000008241,A001054,2026-06-15 17:00:00,2166.69,FAILED,CARD,AI Voice
PAY000008242,A000130,2026-04-02 14:00:00,2998.14,SUCCESS,CARD,AI Voice
PAY000008243,A001706,2026-04-25 19:00:00,3533.8,SUCCESS,BANK,Field
PAY000008244,A004165,2026-05-25 09:00:00,12094.91,SUCCESS,CARD,Human
PAY000008245,A001461,2026-05-25 16:00:00,4225.48,SUCCESS,CASH,AI Voice
PAY000008246,A004013,2026-04-19 09:00:00,6867.61,SUCCESS,CASH,Self_Pay
PAY000008247,A002732,2025-12-25 10:00:00,4507.6,SUCCESS,CARD,AI Voice
PAY000008248,A002948,2026-07-14 07:00:00,3411.55,SUCCESS,CARD,Field
PAY000008249,A003181,2026-07-05 18:00:00,6975.0,FAILED,CASH,Field
PAY000008250,A002919,2026-03-20 20:00:00,14451.76,SUCCESS,CASH,AI Voice
PAY000008251,A000916,2026-04-07 13:00:00,9304.23,SUCCESS,CARD,AI Voice
PAY000008252,A000647,2026-05-17 13:00:00,7130.97,SUCCESS,BANK,Self_Pay
PAY000008253,A002880,2025-09-14 18:00:00,8432.24,SUCCESS,CARD,Field
PAY000008254,A002042,2026-01-24 14:00:00,5605.82,SUCCESS,BANK,WhatsApp
PAY000008255,A000862,2025-09-25 21:00:00,15060.11,SUCCESS,UPI,Field
PAY000008256,A001773,2026-06-15 11:00:00,4366.04,SUCCESS,CASH,Self_Pay
PAY000008257,A001818,2026-03-13 07:00:00,1777.39,SUCCESS,BANK,Field
PAY000008258,A003150,2025-11-12 20:00:00,6317.61,SUCCESS,CARD,AI Voice
PAY000008259,A003464,2025-10-04 14:00:00,5108.22,SUCCESS,CASH,WhatsApp
PAY000008260,A003367,2026-02-19 10:00:00,4917.84,SUCCESS,CARD,WhatsApp
PAY000008261,A000128,2026-03-27 16:00:00,11999.85,SUCCESS,CASH,AI Voice
PAY000008262,A003889,2026-02-12 16:00:00,9854.72,SUCCESS,CARD,Human
PAY000008263,A001618,2026-01-05 18:00:00,6487.97,SUCCESS,CASH,WhatsApp
PAY000008264,A000664,2026-01-08 12:00:00,9584.31,SUCCESS,BANK,Self_Pay
PAY000008265,A002098,2025-09-10 12:00:00,13662.24,SUCCESS,BANK,Field
PAY000008266,A001098,2025-12-09 09:00:00,11427.81,SUCCESS,BANK,AI Voice
PAY000008267,A003079,2026-08-24 14:00:00,8390.07,FAILED,UPI,Self_Pay
PAY000008268,A001690,2026-08-04 12:00:00,3342.15,FAILED,UPI,Human
PAY000008269,A000245,2026-05-20 16:00:00,6935.72,SUCCESS,CARD,Human
PAY000008270,A001750,2025-11-19 21:00:00,4617.76,SUCCESS,CASH,AI Voice
PAY000008271,A003330,2025-11-01 08:00:00,12152.59,SUCCESS,BANK,Field
PAY000008272,A001624,2026-07-24 10:00:00,3529.76,SUCCESS,CASH,Human
PAY000008273,A001302,2026-06-25 11:00:00,11041.67,FAILED,CASH,Self_Pay
PAY000008274,A004142,2026-01-04 20:00:00,7512.43,SUCCESS,CARD,WhatsApp
PAY000008275,A003409,2026-07-24 19:00:00,12582.03,FAILED,CARD,Human
PAY000008276,A002792,2026-01-17 13:00:00,3873.55,SUCCESS,CARD,Field
PAY000008277,A002831,2026-05-22 14:00:00,6480.0,SUCCESS,BANK,Self_Pay
PAY000008278,A002567,2025-10-06 09:00:00,4505.02,FAILED,BANK,AI Voice
PAY000008279,A001852,2025-09-16 21:00:00,6145.49,FAILED,CARD,AI Voice
PAY000008280,A001964,2026-02-06 16:00:00,8252.75,SUCCESS,BANK,AI Voice
PAY000008281,A001287,2026-02-14 12:00:00,8716.3,FAILED,CARD,Self_Pay
PAY000008282,A000424,2026-08-26 11:00:00,6837.85,FAILED,BANK,AI Voice
PAY000008283,A001888,2026-07-05 18:00:00,5392.78,FAILED,CARD,AI Voice
PAY000008284,A003482,2026-01-27 16:00:00,3778.29,SUCCESS,BANK,AI Voice
PAY000008285,A000107,2026-05-05 14:00:00,10309.0,FAILED,UPI,Self_Pay
PAY000008286,A003596,2026-04-24 19:00:00,12471.49,SUCCESS,UPI,AI Voice
PAY000008287,A002747,2026-06-02 08:00:00,15725.73,FAILED,BANK,WhatsApp
PAY000008288,A002545,2026-01-11 07:00:00,11963.96,SUCCESS,CARD,Self_Pay
PAY000008289,A003044,2026-03-23 09:00:00,15443.33,SUCCESS,CARD,Field
PAY000008290,A001460,2026-05-10 21:00:00,14366.46,SUCCESS,UPI,Field
PAY000008291,A000476,2026-06-09 07:00:00,14736.6,SUCCESS,UPI,AI Voice
PAY000008292,A001567,2025-11-19 13:00:00,11899.17,SUCCESS,UPI,Human
PAY000008293,A004019,2026-05-01 17:00:00,14549.0,FAILED,CARD,Human
PAY000008294,A001076,2026-07-16 16:00:00,6522.03,SUCCESS,CARD,Self_Pay
PAY000008295,A000984,2025-10-04 07:00:00,1920.94,SUCCESS,CARD,Self_Pay
PAY000008296,A000883,2026-08-21 07:00:00,8321.41,SUCCESS,CARD,Field
PAY000008297,A002472,2026-08-10 11:00:00,1826.24,FAILED,CARD,Field
PAY000008298,A002949,2026-02-18 19:00:00,6611.22,FAILED,BANK,AI Voice
PAY000008299,A003003,2025-11-08 20:00:00,10848.0,SUCCESS,CARD,Self_Pay
PAY000008300,A003044,2025-11-03 12:00:00,6679.97,FAILED,CASH,Field
PAY000008301,A003418,2026-04-27 18:00:00,7139.0,SUCCESS,BANK,Human
PAY000008302,A001300,2026-01-10 09:00:00,1919.45,SUCCESS,CARD,Human
PAY000008303,A000215,2025-09-22 07:00:00,2754.55,FAILED,UPI,AI Voice
PAY000008304,A001425,2025-11-12 14:00:00,12925.0,FAILED,BANK,Field
PAY000008305,A001361,2026-04-01 21:00:00,10041.35,SUCCESS,CARD,Human
PAY000008306,A001857,2026-03-11 16:00:00,15516.89,SUCCESS,BANK,AI Voice
PAY000008307,A002267,2025-12-16 13:00:00,12222.25,SUCCESS,BANK,AI Voice
PAY000008308,A000270,2025-12-03 20:00:00,5755.71,SUCCESS,CASH,Field
PAY000008309,A004171,2025-10-11 08:00:00,9894.97,FAILED,UPI,AI Voice
PAY000008310,A003931,2026-01-25 20:00:00,1732.73,FAILED,UPI,Self_Pay
PAY000008311,A002070,2026-02-05 19:00:00,13109.14,SUCCESS,CARD,Human
PAY000008312,A001679,2026-05-05 14:00:00,15286.74,FAILED,CASH,AI Voice
PAY000008313,A002554,2025-10-18 10:00:00,11210.92,SUCCESS,CARD,Field
PAY000008314,A003334,2025-10-13 13:00:00,14103.59,FAILED,CASH,WhatsApp
PAY000008315,A002482,2026-03-08 07:00:00,10979.47,FAILED,CARD,AI Voice
PAY000008316,A000840,2026-02-23 21:00:00,11104.1,SUCCESS,CARD,Human
PAY000008317,A002399,2025-09-08 17:00:00,9511.68,SUCCESS,CARD,AI Voice
PAY000008318,A002629,2025-09-14 20:00:00,1944.79,SUCCESS,UPI,Field
PAY000008319,A003755,2026-06-02 11:00:00,4818.26,SUCCESS,UPI,Human
PAY000008320,A002203,2026-03-23 10:00:00,15667.46,SUCCESS,BANK,AI Voice
PAY000008321,A002736,2025-10-17 15:00:00,13613.13,SUCCESS,CARD,AI Voice
PAY000008322,A001401,2025-12-02 15:00:00,12630.19,SUCCESS,CASH,Self_Pay
PAY000008323,A000641,2025-10-14 18:00:00,8887.18,FAILED,CASH,Self_Pay
PAY000008324,A002508,2026-03-26 16:00:00,8120.77,SUCCESS,CARD,WhatsApp
PAY000008325,A003646,2025-10-19 21:00:00,11016.0,SUCCESS,BANK,Human
PAY000008326,A003646,2026-03-05 11:00:00,2716.26,SUCCESS,CASH,WhatsApp
PAY000008327,A000904,2026-07-27 21:00:00,10928.47,SUCCESS,BANK,Field
PAY000008328,A002247,2025-09-18 21:00:00,5202.04,FAILED,BANK,Human
PAY000008329,A002633,2026-08-23 19:00:00,9386.86,FAILED,CARD,AI Voice
PAY000008330,A002604,2025-10-07 08:00:00,4218.22,FAILED,BANK,Self_Pay
PAY000008331,A001016,2025-09-10 17:00:00,2856.35,SUCCESS,CARD,AI Voice
PAY000008332,A001758,2026-05-16 18:00:00,12799.0,SUCCESS,CASH,Self_Pay
PAY000008333,A003320,2026-01-06 11:00:00,6929.0,SUCCESS,BANK,AI Voice
PAY000008334,A001244,2026-08-17 11:00:00,14096.12,SUCCESS,UPI,Self_Pay
PAY000008335,A004089,2025-12-07 08:00:00,2213.27,FAILED,UPI,Human
PAY000008336,A000011,2025-10-10 15:00:00,8489.5,SUCCESS,CARD,Self_Pay
PAY000008337,A000461,2025-10-07 11:00:00,13074.5,SUCCESS,CARD,AI Voice
PAY000008338,A002199,2026-01-19 16:00:00,14944.83,SUCCESS,UPI,AI Voice
PAY000008339,A001000,2025-11-18 17:00:00,2071.99,SUCCESS,BANK,AI Voice
PAY000008340,A002760,2026-08-16 07:00:00,1281.86,SUCCESS,BANK,Human
PAY000008341,A000967,2026-05-04 15:00:00,8976.67,SUCCESS,CARD,Field
PAY000008342,A001264,2026-08-14 20:00:00,3150.54,SUCCESS,CASH,Self_Pay
PAY000008343,A000468,2026-08-12 14:00:00,14483.55,FAILED,UPI,Self_Pay
PAY000008344,A003760,2026-07-19 08:00:00,10115.0,FAILED,BANK,Human
PAY000008345,A003071,2026-06-02 18:00:00,7658.77,SUCCESS,CASH,Field
PAY000008346,A001930,2025-11-05 20:00:00,11699.78,SUCCESS,UPI,Self_Pay
PAY000008347,A001446,2025-11-20 13:00:00,8814.47,FAILED,BANK,Human
PAY000008348,A003223,2026-01-09 18:00:00,11553.2,SUCCESS,CARD,Field
PAY000008349,A003976,2026-08-19 21:00:00,7529.11,SUCCESS,UPI,Field
PAY000008350,A002580,2026-01-22 09:00:00,2893.74,SUCCESS,UPI,Self_Pay
PAY000008351,A003414,2026-03-17 09:00:00,13021.62,FAILED,BANK,WhatsApp
PAY000008352,A000155,2026-07-11 15:00:00,4552.23,SUCCESS,CARD,Field
PAY000008353,A002778,2025-12-11 15:00:00,15955.3,SUCCESS,UPI,Self_Pay
PAY000008354,A000547,2026-03-07 14:00:00,1508.95,SUCCESS,UPI,AI Voice
PAY000008355,A003685,2026-05-16 20:00:00,2663.29,SUCCESS,CASH,Human
PAY000008356,A001162,2026-06-02 18:00:00,6350.07,SUCCESS,BANK,Field
PAY000008357,A000504,2025-12-23 16:00:00,11038.13,SUCCESS,BANK,Human
PAY000008358,A002557,2026-02-01 18:00:00,3294.45,SUCCESS,BANK,Self_Pay
PAY000008359,A002855,2026-08-23 07:00:00,11842.0,SUCCESS,CASH,AI Voice
PAY000008360,A002510,2025-11-16 10:00:00,10922.29,SUCCESS,BANK,AI Voice
PAY000008361,A003876,2026-06-24 15:00:00,7701.44,FAILED,CASH,WhatsApp
PAY000008362,A000751,2025-09-13 09:00:00,12277.9,SUCCESS,CARD,Human
PAY000008363,A000867,2026-08-15 13:00:00,1797.97,SUCCESS,BANK,WhatsApp
PAY000008364,A003296,2025-10-03 14:00:00,8075.14,SUCCESS,CARD,Human
PAY000008365,A000050,2025-10-01 11:00:00,13664.17,SUCCESS,UPI,Self_Pay
PAY000008366,A000051,2026-01-03 19:00:00,3276.07,SUCCESS,CASH,AI Voice
PAY000008367,A002189,2026-08-01 20:00:00,3105.87,FAILED,UPI,WhatsApp
PAY000008368,A002550,2026-07-25 20:00:00,5064.5,SUCCESS,UPI,Human
PAY000008369,A001798,2026-08-25 19:00:00,9553.2,SUCCESS,UPI,Human
PAY000008370,A000590,2026-08-15 18:00:00,11904.98,FAILED,BANK,Self_Pay
PAY000008371,A003838,2026-08-18 14:00:00,11683.66,FAILED,BANK,AI Voice
PAY000008372,A001481,2026-07-06 15:00:00,6172.29,FAILED,CARD,Human
PAY000008373,A002371,2026-05-13 14:00:00,10917.01,SUCCESS,UPI,AI Voice
PAY000008374,A002411,2025-09-17 16:00:00,4823.95,SUCCESS,UPI,Field
PAY000008375,A000837,2025-10-08 13:00:00,3170.69,FAILED,CARD,WhatsApp
PAY000008376,A000857,2026-01-07 18:00:00,14637.84,SUCCESS,UPI,Human
PAY000008377,A003451,2026-04-11 20:00:00,5986.13,FAILED,CASH,WhatsApp
PAY000008378,A000674,2026-07-07 14:00:00,3915.47,SUCCESS,BANK,Field
PAY000008379,A003514,2026-05-07 21:00:00,7546.78,FAILED,BANK,Self_Pay
PAY000008380,A003472,2026-03-18 11:00:00,9909.41,SUCCESS,UPI,Field
PAY000008381,A001087,2026-05-10 20:00:00,4272.0,FAILED,CARD,Human
PAY000008382,A002700,2026-08-20 13:00:00,8041.41,SUCCESS,CARD,Self_Pay
PAY000008383,A002486,2026-02-06 19:00:00,1162.84,FAILED,BANK,Field
PAY000008384,A001130,2025-11-01 11:00:00,4137.08,SUCCESS,UPI,WhatsApp
PAY000008385,A001800,2025-09-21 11:00:00,11147.66,SUCCESS,BANK,AI Voice
PAY000008386,A000700,2026-08-27 09:00:00,1060.04,SUCCESS,CARD,WhatsApp
PAY000008387,A001367,2026-07-14 11:00:00,8947.0,SUCCESS,UPI,AI Voice
PAY000008388,A002832,2025-10-18 19:00:00,3672.02,SUCCESS,CASH,Human
PAY000008389,A003337,2026-07-23 09:00:00,3033.83,FAILED,BANK,AI Voice
PAY000008390,A000608,2026-07-06 12:00:00,9155.19,SUCCESS,UPI,Field
PAY000008391,A000665,2026-05-12 20:00:00,9587.63,FAILED,CARD,WhatsApp
PAY000008392,A004045,2025-12-23 08:00:00,13240.51,SUCCESS,CASH,WhatsApp
PAY000008393,A000861,2026-01-10 12:00:00,1635.58,SUCCESS,BANK,AI Voice
PAY000008394,A001278,2026-01-10 07:00:00,8293.97,SUCCESS,CASH,WhatsApp
PAY000008395,A003739,2026-05-25 08:00:00,6303.68,SUCCESS,BANK,Human
PAY000008396,A001020,2025-11-11 11:00:00,14975.29,SUCCESS,UPI,Self_Pay
PAY000008397,A003288,2025-09-24 09:00:00,3504.0,SUCCESS,CASH,AI Voice
PAY000008398,A001092,2026-01-08 17:00:00,5630.48,SUCCESS,UPI,WhatsApp
PAY000008399,A002389,2026-05-07 08:00:00,13339.95,FAILED,CASH,AI Voice
PAY000008400,A000503,2026-05-12 11:00:00,7412.12,SUCCESS,BANK,WhatsApp
PAY000008401,A004160,2025-09-17 08:00:00,3995.42,SUCCESS,UPI,Self_Pay
PAY000008402,A002521,2026-05-11 18:00:00,6564.75,SUCCESS,CASH,Field
PAY000008403,A002180,2025-12-11 15:00:00,7071.44,SUCCESS,CASH,Self_Pay
PAY000008404,A004197,2026-06-16 14:00:00,9066.0,FAILED,CARD,Human
PAY000008405,A001851,2025-12-09 20:00:00,7129.02,SUCCESS,UPI,AI Voice
PAY000008406,A002431,2025-09-11 11:00:00,1141.24,FAILED,CASH,Self_Pay
PAY000008407,A000297,2026-02-23 12:00:00,7854.14,FAILED,BANK,AI Voice
PAY000008408,A003157,2026-03-13 21:00:00,3903.92,SUCCESS,CASH,Self_Pay
PAY000008409,A001330,2026-07-27 20:00:00,7215.0,SUCCESS,CASH,Field
PAY000008410,A002459,2026-01-01 16:00:00,5281.72,SUCCESS,CARD,WhatsApp
PAY000008411,A000705,2026-05-10 12:00:00,11200.8,SUCCESS,UPI,WhatsApp
PAY000008412,A000768,2026-02-18 08:00:00,10924.45,SUCCESS,CASH,AI Voice
PAY000008413,A004097,2025-11-08 21:00:00,4433.9,SUCCESS,CARD,Self_Pay
PAY000008414,A001419,2026-06-18 21:00:00,5114.36,SUCCESS,CARD,Human
PAY000008415,A003621,2026-01-01 16:00:00,1610.93,FAILED,BANK,AI Voice
PAY000008416,A000373,2025-12-05 12:00:00,10685.96,SUCCESS,UPI,Self_Pay
PAY000008417,A003137,2026-07-17 14:00:00,6276.94,FAILED,CARD,AI Voice
PAY000008418,A004055,2026-06-25 17:00:00,13461.56,SUCCESS,CARD,WhatsApp
PAY000008419,A004178,2025-12-25 12:00:00,1373.58,SUCCESS,CASH,Field
PAY000008420,A003911,2026-01-13 14:00:00,13074.86,SUCCESS,CARD,WhatsApp
PAY000008421,A001096,2026-04-15 21:00:00,2869.68,FAILED,CARD,WhatsApp
PAY000008422,A002460,2025-11-07 14:00:00,10780.76,SUCCESS,CASH,Self_Pay
PAY000008423,A004200,2026-07-22 15:00:00,8658.2,SUCCESS,CARD,Self_Pay
PAY000008424,A003283,2026-02-12 14:00:00,6778.0,SUCCESS,CASH,Field
PAY000008425,A000961,2026-03-23 07:00:00,2996.92,SUCCESS,CASH,WhatsApp
PAY000008426,A001567,2026-03-10 17:00:00,13358.76,SUCCESS,UPI,Self_Pay
PAY000008427,A003063,2026-05-02 07:00:00,14123.7,SUCCESS,UPI,Human
PAY000008428,A001415,2026-04-08 11:00:00,13755.0,SUCCESS,BANK,Field
PAY000008429,A001389,2025-11-21 19:00:00,3468.3,SUCCESS,CASH,WhatsApp
PAY000008430,A001395,2025-09-20 19:00:00,2420.52,SUCCESS,BANK,Human
PAY000008431,A003003,2026-05-18 07:00:00,4605.05,SUCCESS,CASH,Field
PAY000008432,A000668,2026-08-20 11:00:00,4863.47,SUCCESS,UPI,Field
PAY000008433,A001909,2026-06-19 12:00:00,8604.35,SUCCESS,UPI,AI Voice
PAY000008434,A002591,2026-05-15 16:00:00,8411.86,SUCCESS,CASH,WhatsApp
PAY000008435,A002409,2026-06-17 15:00:00,6502.67,SUCCESS,CASH,Self_Pay
PAY000008436,A003734,2026-05-06 12:00:00,4473.41,SUCCESS,BANK,Human
PAY000008437,A003517,2025-10-15 10:00:00,10157.06,SUCCESS,BANK,Self_Pay
PAY000008438,A003832,2026-07-10 16:00:00,7359.0,SUCCESS,CASH,AI Voice
PAY000008439,A002668,2026-06-25 07:00:00,14451.98,SUCCESS,UPI,WhatsApp
PAY000008440,A000414,2026-01-10 18:00:00,5286.0,FAILED,CASH,WhatsApp
PAY000008441,A003607,2025-12-20 20:00:00,2219.67,SUCCESS,CASH,AI Voice
PAY000008442,A001100,2026-07-27 09:00:00,13902.03,SUCCESS,UPI,Field
PAY000008443,A003626,2026-05-01 17:00:00,8345.76,FAILED,UPI,WhatsApp
PAY000008444,A000088,2025-09-17 11:00:00,12754.24,SUCCESS,CARD,AI Voice
PAY000008445,A004007,2026-08-25 11:00:00,7858.1,SUCCESS,CARD,Self_Pay
PAY000008446,A002849,2025-09-01 16:00:00,9605.21,SUCCESS,CASH,AI Voice
PAY000008447,A000255,2026-01-27 15:00:00,11923.96,FAILED,CARD,Field
PAY000008448,A000461,2026-03-21 10:00:00,12679.39,SUCCESS,CASH,WhatsApp
PAY000008449,A002039,2026-08-17 09:00:00,12440.92,SUCCESS,BANK,AI Voice
PAY000008450,A001544,2025-10-06 09:00:00,7810.46,FAILED,CARD,Human
PAY000008451,A002203,2025-10-08 14:00:00,1667.17,SUCCESS,UPI,Self_Pay
PAY000008452,A002676,2026-01-14 11:00:00,7970.16,SUCCESS,UPI,AI Voice
PAY000008453,A001352,2026-02-02 07:00:00,14325.34,SUCCESS,CASH,Self_Pay
PAY000008454,A002140,2025-11-07 19:00:00,6517.36,SUCCESS,CARD,WhatsApp
PAY000008455,A002184,2026-08-08 17:00:00,4783.42,SUCCESS,BANK,Self_Pay
PAY000008456,A003540,2025-12-03 15:00:00,10219.48,SUCCESS,BANK,Self_Pay
PAY000008457,A003973,2025-10-12 08:00:00,9035.36,SUCCESS,CASH,Self_Pay
PAY000008458,A001269,2026-07-23 16:00:00,11703.0,SUCCESS,CASH,AI Voice
PAY000008459,A002907,2026-06-07 12:00:00,10704.04,SUCCESS,CARD,WhatsApp
PAY000008460,A000848,2025-12-14 18:00:00,8202.22,SUCCESS,CASH,WhatsApp
PAY000008461,A003992,2026-03-03 09:00:00,4671.32,SUCCESS,CARD,Field
PAY000008462,A003302,2025-11-02 10:00:00,9503.82,SUCCESS,CASH,WhatsApp
PAY000008463,A003165,2026-02-23 07:00:00,4338.38,FAILED,CASH,Field
PAY000008464,A002685,2026-07-23 15:00:00,7861.26,SUCCESS,CARD,Self_Pay
PAY000008465,A003210,2026-08-16 18:00:00,13814.17,FAILED,UPI,Human
PAY000008466,A000634,2025-10-08 11:00:00,11826.64,SUCCESS,UPI,Field
PAY000008467,A000107,2026-01-08 07:00:00,9344.47,SUCCESS,BANK,Self_Pay
PAY000008468,A001860,2026-04-23 19:00:00,11226.94,SUCCESS,CARD,WhatsApp
PAY000008469,A001108,2025-12-20 21:00:00,10803.23,FAILED,CARD,Self_Pay
PAY000008470,A002289,2026-02-18 09:00:00,8677.46,SUCCESS,UPI,Human
PAY000008471,A003593,2025-10-25 11:00:00,8606.0,SUCCESS,BANK,WhatsApp
PAY000008472,A003199,2026-04-19 18:00:00,14348.19,SUCCESS,CARD,Self_Pay
PAY000008473,A000656,2026-08-08 19:00:00,8256.51,SUCCESS,CASH,Field
PAY000008474,A003855,2025-11-26 12:00:00,7999.02,FAILED,UPI,Field
PAY000008475,A002971,2026-02-11 11:00:00,6125.87,FAILED,CASH,Self_Pay
PAY000008476,A000253,2026-07-11 20:00:00,3123.47,SUCCESS,CARD,Human
PAY000008477,A003885,2025-11-08 10:00:00,9832.89,SUCCESS,UPI,AI Voice
PAY000008478,A001611,2026-05-14 09:00:00,8974.98,SUCCESS,UPI,AI Voice
PAY000008479,A002386,2025-10-13 12:00:00,12443.62,SUCCESS,UPI,Self_Pay
PAY000008480,A000266,2025-11-14 10:00:00,14473.9,SUCCESS,CARD,AI Voice
PAY000008481,A002663,2026-07-20 19:00:00,6550.92,SUCCESS,BANK,WhatsApp
PAY000008482,A002917,2026-04-10 19:00:00,13464.73,SUCCESS,CARD,Self_Pay
PAY000008483,A002196,2026-03-20 18:00:00,9034.0,SUCCESS,CARD,Human
PAY000008484,A000887,2026-07-05 10:00:00,4151.7,FAILED,CASH,WhatsApp
PAY000008485,A003972,2026-06-15 19:00:00,10195.44,SUCCESS,CARD,Field
PAY000008486,A004033,2025-09-02 21:00:00,8338.21,FAILED,CARD,AI Voice
PAY000008487,A001619,2026-07-03 17:00:00,3599.73,SUCCESS,UPI,AI Voice
PAY000008488,A000344,2025-11-27 17:00:00,13911.28,SUCCESS,CASH,Self_Pay
PAY000008489,A003973,2026-03-15 21:00:00,3160.01,SUCCESS,CARD,Human
PAY000008490,A001809,2026-03-14 08:00:00,12135.57,SUCCESS,CARD,AI Voice
PAY000008491,A000771,2026-01-13 14:00:00,8331.55,SUCCESS,BANK,AI Voice
PAY000008492,A003045,2026-02-01 07:00:00,15991.54,FAILED,BANK,Field
PAY000008493,A003460,2025-09-14 07:00:00,7750.58,FAILED,UPI,Self_Pay
PAY000008494,A001670,2026-01-13 16:00:00,3517.86,FAILED,UPI,Self_Pay
PAY000008495,A001819,2025-12-18 10:00:00,6685.14,SUCCESS,BANK,WhatsApp
PAY000008496,A001809,2026-02-08 12:00:00,9048.95,FAILED,CASH,Field
PAY000008497,A000312,2026-08-27 10:00:00,14683.85,SUCCESS,CARD,Human
PAY000008498,A003710,2026-01-25 11:00:00,14630.88,SUCCESS,UPI,Field
PAY000008499,A000165,2026-06-19 07:00:00,12572.49,FAILED,BANK,WhatsApp
PAY000008500,A003479,2026-03-14 09:00:00,10178.25,SUCCESS,CASH,Human
PAY000008501,A002463,2026-05-12 10:00:00,4536.91,FAILED,BANK,Field
PAY000008502,A000321,2025-12-03 09:00:00,9295.08,SUCCESS,UPI,Field
PAY000008503,A004082,2026-06-16 17:00:00,15903.8,SUCCESS,CARD,AI Voice
PAY000008504,A003666,2026-05-04 13:00:00,3569.06,FAILED,CARD,WhatsApp
PAY000008505,A004011,2025-12-20 18:00:00,3873.41,SUCCESS,BANK,AI Voice
PAY000008506,A001826,2025-12-15 19:00:00,4051.17,SUCCESS,UPI,WhatsApp
PAY000008507,A002616,2025-11-03 16:00:00,5582.05,FAILED,UPI,Human
PAY000008508,A003861,2025-10-01 16:00:00,13544.0,SUCCESS,BANK,AI Voice
PAY000008509,A000271,2026-06-27 12:00:00,9759.75,SUCCESS,CASH,Human
PAY000008510,A003982,2025-12-15 18:00:00,2540.95,SUCCESS,CASH,Field
PAY000008511,A000434,2026-07-06 17:00:00,2190.63,SUCCESS,BANK,Self_Pay
PAY000008512,A000393,2026-08-26 09:00:00,11523.98,SUCCESS,CARD,WhatsApp
PAY000008513,A003566,2026-06-10 17:00:00,1933.23,SUCCESS,CARD,Field
PAY000008514,A002625,2026-08-01 19:00:00,2746.64,FAILED,CARD,WhatsApp
PAY000008515,A000035,2026-01-05 12:00:00,1415.75,SUCCESS,CASH,Human
PAY000008516,A003332,2026-05-23 08:00:00,10775.36,FAILED,CARD,Field
PAY000008517,A001811,2026-03-06 20:00:00,9690.45,SUCCESS,CARD,Human
PAY000008518,A002109,2026-05-12 12:00:00,11438.54,SUCCESS,CASH,Self_Pay
PAY000008519,A002465,2026-07-04 13:00:00,7435.92,FAILED,CARD,Human
PAY000008520,A001581,2025-12-06 14:00:00,9917.0,SUCCESS,UPI,Human
PAY000008521,A001378,2026-08-19 20:00:00,2101.75,SUCCESS,UPI,AI Voice
PAY000008522,A003793,2025-12-20 19:00:00,5757.63,SUCCESS,BANK,Human
PAY000008523,A000777,2026-01-13 19:00:00,12868.46,SUCCESS,BANK,WhatsApp
PAY000008524,A002010,2025-09-26 09:00:00,11505.93,SUCCESS,CASH,Self_Pay
PAY000008525,A000378,2026-04-05 21:00:00,1385.15,SUCCESS,BANK,AI Voice
PAY000008526,A003600,2026-01-14 08:00:00,3451.32,SUCCESS,CARD,Field
PAY000008527,A000761,2026-01-18 10:00:00,11487.36,FAILED,BANK,WhatsApp
PAY000008528,A003835,2025-09-10 07:00:00,5447.48,SUCCESS,BANK,WhatsApp
PAY000008529,A002134,2025-11-24 15:00:00,11798.65,SUCCESS,BANK,WhatsApp
PAY000008530,A003184,2025-09-22 13:00:00,8273.23,SUCCESS,BANK,AI Voice
PAY000008531,A000522,2026-06-19 16:00:00,7303.83,SUCCESS,CARD,WhatsApp
PAY000008532,A000996,2026-03-07 13:00:00,2320.4,SUCCESS,CASH,WhatsApp
PAY000008533,A002101,2026-08-14 13:00:00,9177.13,FAILED,CASH,AI Voice
PAY000008534,A000294,2026-07-08 07:00:00,10694.0,SUCCESS,UPI,Human
PAY000008535,A003109,2026-01-20 21:00:00,10480.44,FAILED,CARD,WhatsApp
PAY000008536,A003593,2026-03-27 17:00:00,8606.0,SUCCESS,CASH,AI Voice
PAY000008537,A001274,2026-07-16 18:00:00,9015.81,SUCCESS,CARD,Human
PAY000008538,A003804,2026-03-21 20:00:00,15104.17,FAILED,UPI,Field
PAY000008539,A002324,2026-01-26 21:00:00,9353.53,SUCCESS,CASH,Field
PAY000008540,A002815,2026-02-19 16:00:00,1908.38,SUCCESS,UPI,AI Voice
PAY000008541,A002114,2026-08-14 10:00:00,4492.81,SUCCESS,BANK,Human
PAY000008542,A003708,2026-06-16 11:00:00,13480.43,SUCCESS,CASH,Field
PAY000008543,A000673,2026-02-27 09:00:00,4363.33,SUCCESS,BANK,Self_Pay
PAY000008544,A002670,2026-02-07 14:00:00,8736.28,SUCCESS,UPI,Field
PAY000008545,A001292,2025-09-05 21:00:00,8125.0,SUCCESS,BANK,AI Voice
PAY000008546,A001457,2025-10-04 12:00:00,9554.93,FAILED,BANK,Field
PAY000008547,A002520,2025-12-19 19:00:00,14811.3,SUCCESS,BANK,AI Voice
PAY000008548,A001304,2026-03-23 10:00:00,12850.21,SUCCESS,CASH,WhatsApp
PAY000008549,A004035,2026-06-04 07:00:00,14212.48,SUCCESS,BANK,AI Voice
PAY000008550,A002943,2026-08-01 21:00:00,5596.65,FAILED,CARD,AI Voice
PAY000008551,A000949,2026-07-09 09:00:00,3936.51,SUCCESS,CASH,Human
PAY000008552,A001994,2026-04-01 17:00:00,8094.42,SUCCESS,CASH,WhatsApp
PAY000008553,A004127,2026-06-06 13:00:00,3982.02,SUCCESS,CARD,Human
PAY000008554,A001922,2026-04-21 12:00:00,8003.42,SUCCESS,UPI,Human
PAY000008555,A000736,2026-05-25 15:00:00,10844.1,SUCCESS,CASH,Field
PAY000008556,A000960,2025-12-09 08:00:00,6495.25,FAILED,CASH,Field
PAY000008557,A003199,2026-06-25 20:00:00,14076.59,FAILED,CARD,Human
PAY000008558,A001638,2025-12-21 13:00:00,9440.55,SUCCESS,CARD,WhatsApp
PAY000008559,A001024,2026-07-11 21:00:00,14619.09,SUCCESS,CASH,Human
PAY000008560,A002917,2026-02-23 07:00:00,2969.66,SUCCESS,BANK,WhatsApp
PAY000008561,A003233,2026-01-13 21:00:00,1136.1,SUCCESS,BANK,WhatsApp
PAY000008562,A001922,2025-11-11 21:00:00,13201.81,SUCCESS,CARD,WhatsApp
PAY000008563,A000298,2025-11-10 15:00:00,6673.43,SUCCESS,CARD,Field
PAY000008564,A002788,2026-06-19 11:00:00,5653.48,FAILED,BANK,Field
PAY000008565,A001796,2025-11-15 18:00:00,8218.1,SUCCESS,CASH,AI Voice
PAY000008566,A001593,2026-04-01 11:00:00,2514.42,SUCCESS,BANK,Self_Pay
PAY000008567,A003901,2026-03-24 17:00:00,3170.39,SUCCESS,CASH,Human
PAY000008568,A002650,2026-02-17 08:00:00,9996.48,FAILED,BANK,Self_Pay
PAY000008569,A004005,2026-01-03 14:00:00,12937.0,SUCCESS,CARD,WhatsApp
PAY000008570,A003554,2025-09-24 13:00:00,5827.73,SUCCESS,CARD,WhatsApp
PAY000008571,A003032,2026-06-20 15:00:00,12847.64,SUCCESS,CASH,Self_Pay
PAY000008572,A002562,2026-02-04 21:00:00,8581.36,FAILED,BANK,Self_Pay
PAY000008573,A000700,2025-11-05 12:00:00,6137.96,SUCCESS,CASH,AI Voice
PAY000008574,A002477,2025-09-11 10:00:00,5968.41,SUCCESS,CARD,Field
PAY000008575,A004102,2025-11-19 20:00:00,7573.54,FAILED,BANK,Self_Pay
PAY000008576,A003767,2026-04-08 16:00:00,13187.35,SUCCESS,CASH,Field
PAY000008577,A004137,2026-07-12 12:00:00,5074.0,SUCCESS,UPI,Human
PAY000008578,A003695,2026-04-10 18:00:00,10194.54,SUCCESS,CARD,Human
PAY000008579,A003627,2026-07-01 17:00:00,3035.03,FAILED,UPI,Field
PAY000008580,A001796,2026-06-20 13:00:00,12857.88,SUCCESS,CASH,Field
PAY000008581,A003221,2026-02-27 17:00:00,7516.57,SUCCESS,BANK,Field
PAY000008582,A002692,2025-09-02 17:00:00,13972.29,SUCCESS,CASH,AI Voice
PAY000008583,A002744,2026-08-12 12:00:00,9561.79,SUCCESS,BANK,Human
PAY000008584,A003218,2026-04-18 11:00:00,6641.12,FAILED,CARD,Human
PAY000008585,A001835,2025-12-05 20:00:00,3697.21,FAILED,BANK,Field
PAY000008586,A002123,2026-07-16 19:00:00,9546.01,SUCCESS,CASH,WhatsApp
PAY000008587,A001204,2026-02-27 15:00:00,2945.99,SUCCESS,BANK,AI Voice
PAY000008588,A002126,2026-02-11 15:00:00,1267.01,SUCCESS,CASH,WhatsApp
PAY000008589,A000576,2025-10-21 21:00:00,2389.36,SUCCESS,CARD,WhatsApp
PAY000008590,A001756,2025-11-18 18:00:00,10811.79,SUCCESS,CARD,Field
PAY000008591,A000624,2026-06-26 11:00:00,4853.03,SUCCESS,CASH,WhatsApp
PAY000008592,A002925,2026-03-20 18:00:00,4940.77,SUCCESS,BANK,Field
PAY000008593,A002167,2025-10-20 15:00:00,6204.6,FAILED,CASH,Human
PAY000008594,A002513,2025-10-23 08:00:00,6389.21,SUCCESS,BANK,AI Voice
PAY000008595,A002088,2026-02-09 17:00:00,6900.0,SUCCESS,CARD,Field
PAY000008596,A001695,2026-02-05 07:00:00,9637.71,FAILED,BANK,Self_Pay
PAY000008597,A003020,2026-03-14 20:00:00,2506.91,SUCCESS,CASH,AI Voice
PAY000008598,A002783,2026-01-11 19:00:00,5940.24,SUCCESS,CARD,WhatsApp
PAY000008599,A001318,2026-02-20 18:00:00,10336.31,SUCCESS,CARD,Self_Pay
PAY000008600,A000673,2026-07-15 13:00:00,14916.0,SUCCESS,CASH,Human
PAY000008601,A003609,2026-05-17 07:00:00,3803.01,SUCCESS,BANK,Field
PAY000008602,A003987,2026-05-24 18:00:00,3930.25,SUCCESS,CARD,AI Voice
PAY000008603,A003227,2025-09-04 13:00:00,11252.45,SUCCESS,CASH,Human
PAY000008604,A003102,2026-01-02 10:00:00,4536.82,SUCCESS,CARD,Field
PAY000008605,A003367,2026-01-25 17:00:00,11909.33,SUCCESS,BANK,Human
PAY000008606,A000591,2025-10-17 20:00:00,5257.33,SUCCESS,UPI,AI Voice
PAY000008607,A003730,2026-07-20 18:00:00,5581.27,FAILED,CASH,Human
PAY000008608,A001724,2026-02-15 14:00:00,9484.34,FAILED,UPI,WhatsApp
PAY000008609,A002366,2025-11-06 17:00:00,1368.81,SUCCESS,CASH,Human
PAY000008610,A000770,2026-01-21 09:00:00,7193.69,SUCCESS,UPI,Field
PAY000008611,A002915,2025-09-13 19:00:00,11370.0,SUCCESS,UPI,AI Voice
PAY000008612,A003812,2025-12-10 09:00:00,11724.0,SUCCESS,CARD,AI Voice
PAY000008613,A002644,2025-11-26 13:00:00,10243.27,SUCCESS,BANK,Self_Pay
PAY000008614,A000697,2025-09-15 12:00:00,13399.0,SUCCESS,UPI,WhatsApp
PAY000008615,A002554,2026-02-16 21:00:00,8197.2,SUCCESS,BANK,Human
PAY000008616,A001116,2026-06-07 12:00:00,11325.0,SUCCESS,UPI,Field
PAY000008617,A002498,2025-10-05 21:00:00,11766.48,FAILED,CARD,Self_Pay
PAY000008618,A002749,2026-01-04 12:00:00,8341.9,FAILED,UPI,Self_Pay
PAY000008619,A002054,2026-04-05 16:00:00,14302.35,SUCCESS,UPI,Self_Pay
PAY000008620,A000568,2026-05-04 10:00:00,5674.18,SUCCESS,CASH,WhatsApp
PAY000008621,A002127,2026-03-13 21:00:00,4308.0,SUCCESS,BANK,Self_Pay
PAY000008622,A001709,2025-09-24 10:00:00,9139.35,FAILED,CASH,Human
PAY000008623,A002640,2026-07-04 18:00:00,13325.38,SUCCESS,CARD,Field
PAY000008624,A000516,2026-03-20 18:00:00,13281.46,SUCCESS,CASH,WhatsApp
PAY000008625,A002806,2026-04-03 12:00:00,12848.58,SUCCESS,BANK,Human
PAY000008626,A000742,2025-12-16 10:00:00,5452.08,FAILED,UPI,WhatsApp
PAY000008627,A003628,2025-09-11 20:00:00,7319.2,SUCCESS,BANK,AI Voice
PAY000008628,A002559,2026-08-10 20:00:00,9677.98,SUCCESS,UPI,Self_Pay
PAY000008629,A003128,2026-06-09 13:00:00,14299.06,SUCCESS,BANK,WhatsApp
PAY000008630,A000297,2026-03-27 18:00:00,13896.99,SUCCESS,CASH,Field
PAY000008631,A000139,2026-08-08 14:00:00,2539.62,SUCCESS,CARD,WhatsApp
PAY000008632,A004003,2026-06-12 09:00:00,1426.25,SUCCESS,BANK,Self_Pay
PAY000008633,A001673,2026-06-15 08:00:00,6535.13,SUCCESS,UPI,Field
PAY000008634,A001019,2025-12-15 10:00:00,6596.08,SUCCESS,BANK,Field
PAY000008635,A000733,2025-09-16 16:00:00,8703.53,SUCCESS,CARD,Field
PAY000008636,A000604,2026-03-13 10:00:00,13212.44,SUCCESS,CASH,AI Voice
PAY000008637,A000970,2026-03-16 19:00:00,4491.84,SUCCESS,CASH,Self_Pay
PAY000008638,A003206,2026-01-25 21:00:00,3906.05,SUCCESS,UPI,Field
PAY000008639,A002356,2026-04-17 10:00:00,14100.68,SUCCESS,BANK,AI Voice
PAY000008640,A002576,2026-01-19 17:00:00,7655.54,SUCCESS,CASH,Human
PAY000008641,A000890,2026-04-07 18:00:00,7343.16,SUCCESS,UPI,Field
PAY000008642,A002739,2026-03-08 20:00:00,13716.76,SUCCESS,UPI,Human
PAY000008643,A001875,2026-01-12 16:00:00,14616.11,SUCCESS,CARD,AI Voice
PAY000008644,A001506,2026-03-07 21:00:00,5597.35,FAILED,BANK,WhatsApp
PAY000008645,A000770,2026-01-03 14:00:00,10939.0,SUCCESS,BANK,Human
PAY000008646,A003783,2026-05-27 11:00:00,12668.8,FAILED,UPI,Human
PAY000008647,A001349,2026-01-03 12:00:00,4042.13,SUCCESS,CARD,AI Voice
PAY000008648,A003300,2026-02-03 15:00:00,2336.68,SUCCESS,UPI,WhatsApp
PAY000008649,A002172,2026-07-21 09:00:00,4827.17,SUCCESS,CARD,Human
PAY000008650,A003585,2026-08-27 09:00:00,2622.28,SUCCESS,CASH,WhatsApp
PAY000008651,A001364,2026-02-08 19:00:00,6340.49,SUCCESS,CASH,Self_Pay
PAY000008652,A002038,2026-06-20 21:00:00,6057.0,SUCCESS,UPI,AI Voice
PAY000008653,A001295,2026-03-12 07:00:00,4967.23,SUCCESS,UPI,Field
PAY000008654,A000873,2026-02-04 09:00:00,15405.09,SUCCESS,CARD,Human
PAY000008655,A000119,2025-11-22 07:00:00,1240.59,FAILED,UPI,Field
PAY000008656,A000292,2026-03-09 12:00:00,3904.0,FAILED,UPI,Self_Pay
PAY000008657,A002277,2025-10-26 16:00:00,5282.32,SUCCESS,CARD,Field
PAY000008658,A000155,2025-10-20 14:00:00,5437.92,SUCCESS,UPI,WhatsApp
PAY000008659,A002388,2026-06-21 16:00:00,5007.24,SUCCESS,UPI,AI Voice
PAY000008660,A000033,2026-08-21 17:00:00,6509.0,FAILED,UPI,Human
PAY000008661,A002037,2026-02-03 21:00:00,15790.3,SUCCESS,UPI,WhatsApp
PAY000008662,A003252,2026-01-10 07:00:00,11110.66,SUCCESS,CASH,WhatsApp
PAY000008663,A000188,2026-05-27 07:00:00,1378.01,SUCCESS,CARD,Field
PAY000008664,A002258,2026-04-08 10:00:00,10192.0,FAILED,CASH,Self_Pay
PAY000008665,A000470,2026-02-01 10:00:00,9373.65,SUCCESS,UPI,WhatsApp
PAY000008666,A002513,2025-09-22 10:00:00,14625.33,SUCCESS,CARD,Field
PAY000008667,A000837,2025-09-08 09:00:00,7412.12,SUCCESS,CASH,AI Voice
PAY000008668,A000935,2025-10-02 20:00:00,1201.61,SUCCESS,BANK,WhatsApp
PAY000008669,A001184,2026-03-15 21:00:00,14612.64,FAILED,CARD,Human
PAY000008670,A003794,2026-01-18 16:00:00,11767.88,FAILED,BANK,Field
PAY000008671,A002762,2026-05-10 11:00:00,12627.99,SUCCESS,UPI,AI Voice
PAY000008672,A002405,2025-10-01 07:00:00,13890.88,SUCCESS,CASH,Field
PAY000008673,A003391,2025-12-14 20:00:00,3912.3,SUCCESS,UPI,AI Voice
PAY000008674,A002992,2025-12-13 13:00:00,11760.68,SUCCESS,CASH,AI Voice
PAY000008675,A001189,2025-10-21 19:00:00,9195.87,SUCCESS,CARD,AI Voice
PAY000008676,A000899,2025-09-04 07:00:00,1578.67,SUCCESS,CARD,Self_Pay
PAY000008677,A003928,2026-04-08 21:00:00,1548.84,SUCCESS,UPI,Self_Pay
PAY000008678,A002559,2026-06-17 17:00:00,3111.48,SUCCESS,UPI,Human
PAY000008679,A002931,2026-01-06 19:00:00,7724.77,FAILED,BANK,WhatsApp
PAY000008680,A004153,2026-02-10 11:00:00,8456.0,SUCCESS,BANK,AI Voice
PAY000008681,A002863,2026-01-23 15:00:00,11563.25,SUCCESS,BANK,AI Voice
PAY000008682,A003171,2026-04-20 17:00:00,8970.34,SUCCESS,CASH,Field
PAY000008683,A000257,2026-08-11 18:00:00,14034.52,SUCCESS,CARD,AI Voice
PAY000008684,A000287,2026-06-12 21:00:00,12245.68,SUCCESS,CASH,AI Voice
PAY000008685,A001935,2026-06-22 09:00:00,5495.57,SUCCESS,UPI,Self_Pay
PAY000008686,A003765,2026-02-06 10:00:00,3370.14,SUCCESS,BANK,Human
PAY000008687,A001897,2026-01-06 20:00:00,15029.12,SUCCESS,CASH,AI Voice
PAY000008688,A003427,2026-03-07 13:00:00,8860.0,FAILED,UPI,Field
PAY000008689,A000299,2026-03-19 14:00:00,1223.76,SUCCESS,BANK,Field
PAY000008690,A002614,2026-03-05 08:00:00,12619.0,FAILED,UPI,Field
PAY000008691,A001521,2026-01-25 12:00:00,4930.85,SUCCESS,UPI,Human
PAY000008692,A001709,2025-09-11 08:00:00,4385.84,SUCCESS,BANK,Field
PAY000008693,A003271,2026-02-26 10:00:00,6354.96,SUCCESS,UPI,AI Voice
PAY000008694,A003274,2025-11-03 07:00:00,1659.88,FAILED,CARD,Field
PAY000008695,A002888,2026-07-19 20:00:00,3870.82,FAILED,CASH,Self_Pay
PAY000008696,A002243,2026-06-19 09:00:00,3953.05,SUCCESS,CASH,WhatsApp
PAY000008697,A002207,2025-12-04 20:00:00,1549.51,SUCCESS,CARD,WhatsApp
PAY000008698,A000237,2026-07-10 07:00:00,4803.04,SUCCESS,UPI,AI Voice
PAY000008699,A003877,2026-04-15 18:00:00,11034.6,FAILED,UPI,Human
PAY000008700,A004154,2026-07-03 17:00:00,14871.18,SUCCESS,BANK,Self_Pay
PAY000008701,A002785,2026-08-02 21:00:00,7886.58,FAILED,UPI,Field
PAY000008702,A003217,2025-12-14 08:00:00,6162.65,SUCCESS,BANK,Human
PAY000008703,A002338,2026-02-20 11:00:00,8425.0,SUCCESS,BANK,AI Voice
PAY000008704,A003267,2025-12-06 21:00:00,15088.5,SUCCESS,UPI,WhatsApp
PAY000008705,A001794,2026-08-14 16:00:00,3689.03,SUCCESS,UPI,Human
PAY000008706,A002349,2025-10-19 19:00:00,1156.28,SUCCESS,CARD,AI Voice
PAY000008707,A002249,2026-03-14 18:00:00,4429.21,FAILED,UPI,Human
PAY000008708,A004002,2026-03-27 21:00:00,11999.14,SUCCESS,CARD,WhatsApp
PAY000008709,A001871,2025-11-15 15:00:00,1048.93,FAILED,BANK,AI Voice
PAY000008710,A002868,2026-01-10 20:00:00,10370.05,SUCCESS,BANK,Self_Pay
PAY000008711,A002287,2025-10-09 19:00:00,15908.42,SUCCESS,CARD,WhatsApp
PAY000008712,A004057,2026-06-08 10:00:00,6511.8,FAILED,CARD,WhatsApp
PAY000008713,A000613,2026-07-05 10:00:00,10752.32,SUCCESS,CARD,AI Voice
PAY000008714,A004071,2026-04-07 14:00:00,8908.0,FAILED,UPI,Field
PAY000008715,A003241,2026-06-21 20:00:00,12256.8,SUCCESS,CARD,Self_Pay
PAY000008716,A000192,2026-04-04 15:00:00,11443.99,SUCCESS,UPI,Self_Pay
PAY000008717,A001523,2025-10-04 17:00:00,3673.87,FAILED,CARD,AI Voice
PAY000008718,A001603,2026-03-18 15:00:00,9935.57,FAILED,BANK,AI Voice
PAY000008719,A001105,2026-03-10 13:00:00,14816.2,FAILED,UPI,Self_Pay
PAY000008720,A001164,2026-07-14 14:00:00,14285.0,SUCCESS,BANK,Self_Pay
PAY000008721,A000985,2026-07-11 20:00:00,13945.79,FAILED,UPI,Self_Pay
PAY000008722,A002599,2026-05-05 10:00:00,3358.6,SUCCESS,CARD,WhatsApp
PAY000008723,A003652,2026-01-18 13:00:00,1561.45,SUCCESS,BANK,Field
PAY000008724,A003012,2026-05-17 14:00:00,3876.03,FAILED,CASH,AI Voice
PAY000008725,A000392,2026-05-04 18:00:00,3786.0,SUCCESS,UPI,WhatsApp
PAY000008726,A002109,2026-06-10 16:00:00,11673.14,SUCCESS,BANK,Field
PAY000008727,A003403,2026-01-24 21:00:00,12548.0,SUCCESS,CARD,Human
PAY000008728,A002545,2025-10-07 08:00:00,9423.07,SUCCESS,CARD,Human
PAY000008729,A000409,2026-04-17 07:00:00,13547.63,FAILED,CARD,Self_Pay
PAY000008730,A000217,2026-01-24 09:00:00,11911.09,SUCCESS,CARD,AI Voice
PAY000008731,A002118,2026-07-07 18:00:00,14853.81,FAILED,BANK,WhatsApp
PAY000008732,A000937,2026-02-16 14:00:00,3609.97,SUCCESS,CASH,Human
PAY000008733,A000393,2026-03-16 13:00:00,1296.14,SUCCESS,CARD,Field
PAY000008734,A003629,2025-12-27 15:00:00,11264.49,SUCCESS,UPI,Human
PAY000008735,A003717,2026-05-12 20:00:00,7224.94,SUCCESS,CASH,AI Voice
PAY000008736,A003777,2026-06-26 11:00:00,11883.94,SUCCESS,UPI,Human
PAY000008737,A003160,2026-06-04 12:00:00,11990.0,FAILED,CASH,Field
PAY000008738,A003297,2025-12-10 12:00:00,3151.55,FAILED,CARD,Self_Pay
PAY000008739,A000614,2025-11-15 18:00:00,10466.0,SUCCESS,CASH,Self_Pay
PAY000008740,A002398,2026-01-06 16:00:00,6118.3,SUCCESS,UPI,Field
PAY000008741,A003394,2026-07-26 08:00:00,4068.17,SUCCESS,CASH,Field
PAY000008742,A002378,2026-08-20 18:00:00,9719.56,SUCCESS,UPI,WhatsApp
PAY000008743,A000237,2026-02-02 15:00:00,6786.69,SUCCESS,BANK,Self_Pay
PAY000008744,A000351,2025-10-13 11:00:00,4880.72,FAILED,BANK,Field
PAY000008745,A003873,2026-08-26 08:00:00,11210.0,SUCCESS,UPI,Human
PAY000008746,A002304,2026-04-27 09:00:00,8854.98,SUCCESS,UPI,Field
PAY000008747,A000431,2025-12-23 17:00:00,11320.01,FAILED,BANK,WhatsApp
PAY000008748,A000816,2026-04-06 14:00:00,10754.2,FAILED,CASH,Self_Pay
PAY000008749,A002152,2026-04-22 11:00:00,11885.0,SUCCESS,CARD,WhatsApp
PAY000008750,A000985,2026-01-01 08:00:00,14241.58,SUCCESS,BANK,Self_Pay
PAY000008751,A001137,2026-06-14 19:00:00,3484.21,SUCCESS,CASH,Human
PAY000008752,A003313,2025-11-19 18:00:00,7357.58,FAILED,BANK,Field
PAY000008753,A002434,2026-02-20 07:00:00,6581.63,SUCCESS,CASH,AI Voice
PAY000008754,A003273,2026-07-14 16:00:00,5607.92,FAILED,CARD,WhatsApp
PAY000008755,A000852,2026-02-08 18:00:00,14303.91,SUCCESS,UPI,Self_Pay
PAY000008756,A003512,2026-08-07 11:00:00,11507.88,FAILED,CASH,Field
PAY000008757,A003524,2026-06-13 14:00:00,11669.98,SUCCESS,UPI,Field
PAY000008758,A003223,2026-03-01 16:00:00,9934.81,SUCCESS,CASH,Self_Pay
PAY000008759,A000420,2026-06-27 09:00:00,9580.55,FAILED,UPI,Field
PAY000008760,A001202,2026-05-01 15:00:00,6186.91,SUCCESS,CASH,Human
PAY000008761,A002266,2026-02-27 16:00:00,7551.83,SUCCESS,BANK,AI Voice
PAY000008762,A001372,2026-06-17 20:00:00,2859.0,SUCCESS,CASH,WhatsApp
PAY000008763,A003026,2025-12-06 18:00:00,3738.76,FAILED,BANK,AI Voice
PAY000008764,A002661,2026-03-19 10:00:00,14567.1,FAILED,CASH,Human
PAY000008765,A000116,2026-03-23 09:00:00,9344.31,FAILED,CASH,WhatsApp
PAY000008766,A000798,2026-08-11 19:00:00,1723.83,SUCCESS,CARD,AI Voice
PAY000008767,A003605,2025-10-15 17:00:00,3228.0,SUCCESS,CASH,Self_Pay
PAY000008768,A001688,2026-01-03 13:00:00,9823.0,FAILED,UPI,WhatsApp
PAY000008769,A002428,2026-05-22 11:00:00,4717.25,SUCCESS,UPI,Human
PAY000008770,A001349,2026-08-25 11:00:00,9648.93,SUCCESS,UPI,AI Voice
PAY000008771,A003430,2026-03-10 18:00:00,5258.31,SUCCESS,UPI,Field
PAY000008772,A001961,2025-11-09 08:00:00,2077.98,SUCCESS,CASH,Human
PAY000008773,A002650,2026-05-12 09:00:00,3550.89,SUCCESS,CASH,WhatsApp
PAY000008774,A000464,2026-04-26 16:00:00,12858.58,FAILED,BANK,WhatsApp
PAY000008775,A003883,2025-12-09 15:00:00,2602.7,SUCCESS,UPI,AI Voice
PAY000008776,A001070,2025-09-25 15:00:00,2312.6,FAILED,BANK,AI Voice
PAY000008777,A002341,2026-08-13 21:00:00,12374.0,FAILED,CARD,Field
PAY000008778,A001841,2026-02-17 07:00:00,10325.02,SUCCESS,CASH,Human
PAY000008779,A002825,2026-07-19 08:00:00,13134.67,SUCCESS,CASH,Field
PAY000008780,A002490,2026-06-08 21:00:00,7477.84,SUCCESS,CARD,AI Voice
PAY000008781,A002580,2026-07-26 21:00:00,9635.35,SUCCESS,CASH,Human
PAY000008782,A003024,2026-05-07 21:00:00,1448.82,FAILED,UPI,Self_Pay
PAY000008783,A001031,2026-03-16 08:00:00,3671.0,SUCCESS,UPI,Human
PAY000008784,A002691,2026-02-11 14:00:00,4722.37,SUCCESS,CARD,WhatsApp
PAY000008785,A001148,2026-01-11 20:00:00,2606.56,SUCCESS,CASH,Human
PAY000008786,A002097,2025-10-22 13:00:00,14805.56,FAILED,BANK,Field
PAY000008787,A001302,2026-01-16 13:00:00,14135.26,SUCCESS,CARD,Human
PAY000008788,A002403,2025-11-24 15:00:00,12556.94,SUCCESS,UPI,Field
PAY000008789,A003447,2026-07-04 20:00:00,2673.39,SUCCESS,CASH,WhatsApp
PAY000008790,A000529,2026-04-25 20:00:00,8418.91,SUCCESS,BANK,WhatsApp
PAY000008791,A001616,2026-06-20 17:00:00,12241.49,SUCCESS,BANK,Self_Pay
PAY000008792,A000119,2025-12-21 17:00:00,13132.77,SUCCESS,BANK,WhatsApp
PAY000008793,A002980,2026-04-11 09:00:00,1393.62,SUCCESS,CARD,AI Voice
PAY000008794,A001718,2026-02-20 14:00:00,10895.08,SUCCESS,BANK,AI Voice
PAY000008795,A001449,2025-12-26 11:00:00,9271.0,SUCCESS,UPI,Self_Pay
PAY000008796,A002534,2026-05-02 14:00:00,15777.04,SUCCESS,CASH,AI Voice
PAY000008797,A001146,2025-09-25 16:00:00,7716.28,SUCCESS,BANK,Field
PAY000008798,A003791,2026-07-10 11:00:00,2102.51,SUCCESS,CASH,Human
PAY000008799,A002389,2026-07-23 19:00:00,5536.43,FAILED,BANK,AI Voice
PAY000008800,A000371,2025-12-27 21:00:00,8901.69,SUCCESS,BANK,Field
PAY000008801,A000161,2026-04-24 17:00:00,12044.56,SUCCESS,UPI,Self_Pay
PAY000008802,A000169,2026-07-21 19:00:00,9006.72,SUCCESS,CARD,Self_Pay
PAY000008803,A000781,2026-02-15 11:00:00,1279.35,SUCCESS,CASH,Field
PAY000008804,A003456,2026-04-07 10:00:00,4046.13,FAILED,CARD,AI Voice
PAY000008805,A003853,2026-01-26 07:00:00,9338.7,SUCCESS,UPI,Human
PAY000008806,A002592,2025-10-22 14:00:00,13112.75,SUCCESS,BANK,Human
PAY000008807,A000020,2026-08-19 17:00:00,15093.37,FAILED,UPI,WhatsApp
PAY000008808,A001430,2026-04-06 19:00:00,9942.68,FAILED,BANK,Human
PAY000008809,A002472,2026-02-16 07:00:00,8358.0,SUCCESS,CASH,Self_Pay
PAY000008810,A002024,2026-01-09 15:00:00,5062.68,SUCCESS,CASH,Field
PAY000008811,A003118,2025-09-25 15:00:00,4677.12,SUCCESS,CARD,AI Voice
PAY000008812,A000917,2026-01-04 15:00:00,7330.0,FAILED,UPI,AI Voice
PAY000008813,A002942,2025-09-02 14:00:00,12151.38,FAILED,UPI,WhatsApp
PAY000008814,A000733,2026-07-23 16:00:00,13923.7,FAILED,BANK,AI Voice
PAY000008815,A003403,2026-06-24 13:00:00,2338.3,SUCCESS,BANK,Field
PAY000008816,A000773,2026-05-26 09:00:00,3071.03,FAILED,CASH,Field
PAY000008817,A003111,2026-05-24 09:00:00,5673.06,SUCCESS,CARD,Human
PAY000008818,A001359,2026-07-14 09:00:00,8741.0,FAILED,CARD,WhatsApp
PAY000008819,A000427,2026-01-14 10:00:00,10242.61,SUCCESS,CASH,Field
PAY000008820,A001650,2025-09-05 10:00:00,5125.65,FAILED,BANK,Self_Pay
PAY000008821,A002668,2025-11-26 15:00:00,5141.63,SUCCESS,UPI,AI Voice
PAY000008822,A002633,2025-10-06 08:00:00,15514.28,SUCCESS,CASH,Self_Pay
PAY000008823,A000684,2026-05-09 10:00:00,2043.5,SUCCESS,UPI,WhatsApp
PAY000008824,A000243,2026-06-26 17:00:00,3890.79,SUCCESS,CARD,Human
PAY000008825,A001118,2025-09-17 19:00:00,5642.39,SUCCESS,CARD,AI Voice
PAY000008826,A003640,2025-12-12 12:00:00,4685.8,SUCCESS,CASH,AI Voice
PAY000008827,A003992,2026-01-05 14:00:00,3408.5,FAILED,CASH,AI Voice
PAY000008828,A003748,2025-09-04 10:00:00,3387.85,SUCCESS,UPI,Human
PAY000008829,A002035,2026-08-18 09:00:00,8583.17,FAILED,UPI,Field
PAY000008830,A003918,2025-10-01 16:00:00,5126.14,SUCCESS,CARD,Field
PAY000008831,A000036,2026-04-14 17:00:00,9683.05,SUCCESS,CASH,Self_Pay
PAY000008832,A003236,2026-01-21 19:00:00,2772.42,FAILED,CARD,Self_Pay
PAY000008833,A002055,2025-12-19 18:00:00,7407.7,SUCCESS,UPI,Human
PAY000008834,A004143,2026-08-26 09:00:00,9686.07,SUCCESS,BANK,WhatsApp
PAY000008835,A000057,2026-04-07 07:00:00,9158.0,SUCCESS,BANK,AI Voice
PAY000008836,A002359,2026-07-04 07:00:00,15754.94,FAILED,BANK,Human
PAY000008837,A000346,2026-01-02 17:00:00,9247.53,SUCCESS,CASH,Human
PAY000008838,A001711,2026-07-16 07:00:00,11107.37,SUCCESS,BANK,Self_Pay
PAY000008839,A000409,2025-10-01 10:00:00,11938.6,SUCCESS,BANK,Self_Pay
PAY000008840,A002622,2025-10-19 12:00:00,2904.74,SUCCESS,CARD,AI Voice
PAY000008841,A000337,2025-09-23 13:00:00,12181.41,FAILED,UPI,AI Voice
PAY000008842,A003100,2026-01-22 08:00:00,13578.36,SUCCESS,CARD,Self_Pay
PAY000008843,A003146,2026-07-26 15:00:00,1650.22,SUCCESS,CASH,WhatsApp
PAY000008844,A001060,2026-07-04 17:00:00,3591.03,SUCCESS,UPI,WhatsApp
PAY000008845,A001531,2026-08-22 18:00:00,6396.43,FAILED,CARD,Field
PAY000008846,A002843,2025-09-09 16:00:00,5883.6,FAILED,CARD,Self_Pay
PAY000008847,A003724,2026-04-14 12:00:00,7516.57,SUCCESS,CASH,AI Voice
PAY000008848,A002981,2026-02-16 21:00:00,6057.09,SUCCESS,CASH,AI Voice
PAY000008849,A002566,2026-07-15 13:00:00,5529.14,SUCCESS,UPI,Self_Pay
PAY000008850,A001541,2026-07-09 20:00:00,15786.34,SUCCESS,CARD,AI Voice
PAY000008851,A000433,2025-09-27 21:00:00,5683.15,SUCCESS,CARD,Field
PAY000008852,A003802,2026-05-18 17:00:00,7255.0,SUCCESS,CASH,Human
PAY000008853,A002307,2026-05-07 17:00:00,11514.91,FAILED,UPI,Human
PAY000008854,A002351,2025-09-11 21:00:00,7062.0,SUCCESS,BANK,Human
PAY000008855,A000092,2026-03-14 18:00:00,11044.31,SUCCESS,UPI,AI Voice
PAY000008856,A001451,2026-01-23 17:00:00,6296.18,SUCCESS,CARD,Self_Pay
PAY000008857,A000203,2026-03-03 14:00:00,11622.95,SUCCESS,BANK,Self_Pay
PAY000008858,A000172,2026-02-26 09:00:00,2464.75,FAILED,BANK,WhatsApp
PAY000008859,A000503,2026-04-14 12:00:00,13244.16,FAILED,CASH,WhatsApp
PAY000008860,A002838,2026-08-05 11:00:00,15490.51,SUCCESS,CARD,Human
PAY000008861,A003953,2026-05-13 19:00:00,5828.01,SUCCESS,UPI,Human
PAY000008862,A002077,2026-02-21 11:00:00,5254.4,SUCCESS,UPI,Human
PAY000008863,A000596,2025-12-22 09:00:00,1482.67,SUCCESS,CARD,Field
PAY000008864,A002207,2026-03-02 07:00:00,2159.65,FAILED,UPI,Self_Pay
PAY000008865,A002475,2025-11-03 17:00:00,15829.02,FAILED,CARD,Self_Pay
PAY000008866,A001440,2026-08-01 11:00:00,1622.09,FAILED,UPI,WhatsApp
PAY000008867,A000366,2025-09-02 18:00:00,5928.07,SUCCESS,CARD,Field
PAY000008868,A000561,2026-04-09 08:00:00,12827.0,FAILED,BANK,Field
PAY000008869,A002331,2026-08-11 21:00:00,6757.67,SUCCESS,UPI,Human
PAY000008870,A001720,2026-02-22 08:00:00,3517.25,SUCCESS,CASH,AI Voice
PAY000008871,A002391,2026-07-16 12:00:00,3500.9,FAILED,BANK,Field
PAY000008872,A001745,2026-06-12 16:00:00,9054.46,SUCCESS,CASH,Human
PAY000008873,A001902,2026-04-06 08:00:00,3078.25,SUCCESS,UPI,WhatsApp
PAY000008874,A003559,2026-05-05 11:00:00,5999.15,SUCCESS,CARD,WhatsApp
PAY000008875,A001599,2026-05-05 13:00:00,8968.65,FAILED,BANK,Field
PAY000008876,A001498,2026-08-26 14:00:00,6595.04,SUCCESS,BANK,Field
PAY000008877,A003882,2026-01-11 13:00:00,4985.2,FAILED,CASH,Human
PAY000008878,A000071,2025-09-02 09:00:00,8748.37,SUCCESS,UPI,AI Voice
PAY000008879,A001354,2026-03-01 17:00:00,8498.28,FAILED,BANK,WhatsApp
PAY000008880,A003319,2025-09-19 21:00:00,15603.24,SUCCESS,CARD,Human
PAY000008881,A003125,2026-08-12 20:00:00,7328.16,SUCCESS,UPI,WhatsApp
PAY000008882,A002309,2025-10-12 12:00:00,11286.1,SUCCESS,UPI,Self_Pay
PAY000008883,A000608,2026-03-22 11:00:00,8291.67,SUCCESS,UPI,Human
PAY000008884,A001459,2026-05-15 13:00:00,15558.9,SUCCESS,CARD,Field
PAY000008885,A001870,2026-06-17 14:00:00,6131.19,SUCCESS,CARD,Field
PAY000008886,A000256,2026-07-09 17:00:00,15737.37,SUCCESS,BANK,Human
PAY000008887,A001879,2025-12-18 07:00:00,11412.51,SUCCESS,BANK,Self_Pay
PAY000008888,A001705,2026-01-09 20:00:00,4213.0,SUCCESS,UPI,Self_Pay
PAY000008889,A000399,2026-04-25 15:00:00,6808.52,FAILED,BANK,Human
PAY000008890,A003676,2026-07-05 17:00:00,4860.28,SUCCESS,CARD,AI Voice
PAY000008891,A004013,2026-01-12 12:00:00,10701.52,SUCCESS,CARD,Field
PAY000008892,A002634,2026-08-21 16:00:00,12360.97,SUCCESS,CARD,Human
PAY000008893,A002208,2026-08-09 16:00:00,4712.3,SUCCESS,CARD,Field
PAY000008894,A001147,2025-09-06 10:00:00,2161.76,SUCCESS,UPI,Field
PAY000008895,A000032,2026-06-02 18:00:00,6727.45,SUCCESS,BANK,WhatsApp
PAY000008896,A001174,2026-07-25 12:00:00,7630.29,SUCCESS,UPI,Field
PAY000008897,A003281,2026-02-26 10:00:00,2249.55,SUCCESS,CARD,Field
PAY000008898,A001161,2026-01-27 07:00:00,4341.13,SUCCESS,CASH,AI Voice
PAY000008899,A002392,2026-03-01 15:00:00,5717.33,FAILED,CASH,Field
PAY000008900,A003891,2025-12-13 19:00:00,2681.43,SUCCESS,CARD,AI Voice
PAY000008901,A002012,2025-11-20 16:00:00,7522.62,SUCCESS,CARD,AI Voice
PAY000008902,A003491,2026-07-17 21:00:00,6483.55,SUCCESS,UPI,WhatsApp
PAY000008903,A003813,2026-06-18 08:00:00,5083.62,SUCCESS,CASH,Human
PAY000008904,A000777,2026-06-23 15:00:00,12034.6,SUCCESS,CARD,Human
PAY000008905,A003465,2025-10-14 14:00:00,8061.94,SUCCESS,CARD,AI Voice
PAY000008906,A002990,2026-03-02 08:00:00,8911.37,FAILED,CARD,Human
PAY000008907,A000970,2026-03-03 08:00:00,6287.03,SUCCESS,CARD,AI Voice
PAY000008908,A002730,2025-12-05 18:00:00,14889.04,SUCCESS,CASH,Self_Pay
PAY000008909,A002341,2025-11-02 18:00:00,12374.0,SUCCESS,UPI,Field
PAY000008910,A003332,2025-11-07 16:00:00,13226.36,SUCCESS,CASH,Field
PAY000008911,A001403,2025-11-10 11:00:00,3208.35,SUCCESS,BANK,Human
PAY000008912,A001488,2026-03-23 16:00:00,1872.12,SUCCESS,CASH,WhatsApp
PAY000008913,A004032,2026-04-25 17:00:00,6905.0,FAILED,CASH,Self_Pay
PAY000008914,A001868,2026-02-24 17:00:00,2465.83,SUCCESS,CASH,Self_Pay
PAY000008915,A003067,2026-07-19 17:00:00,4046.78,FAILED,CASH,Human
PAY000008916,A001683,2026-08-11 21:00:00,9415.32,SUCCESS,CASH,Field
PAY000008917,A001524,2025-10-07 21:00:00,7306.79,SUCCESS,UPI,Human
PAY000008918,A001341,2026-05-12 10:00:00,4823.13,SUCCESS,UPI,WhatsApp
PAY000008919,A003035,2025-10-21 15:00:00,4331.78,SUCCESS,UPI,Human
PAY000008920,A003579,2025-09-19 20:00:00,7498.77,FAILED,CARD,AI Voice
PAY000008921,A002389,2026-05-24 18:00:00,10356.38,SUCCESS,CARD,Field
PAY000008922,A000411,2026-03-17 21:00:00,5257.7,SUCCESS,CASH,Field
PAY000008923,A004042,2026-06-20 10:00:00,14417.56,SUCCESS,BANK,WhatsApp
PAY000008924,A003436,2026-02-26 16:00:00,7923.84,FAILED,CASH,AI Voice
PAY000008925,A002302,2025-12-20 09:00:00,9909.46,SUCCESS,BANK,Human
PAY000008926,A000871,2025-11-05 07:00:00,2686.21,SUCCESS,CARD,AI Voice
PAY000008927,A000068,2026-07-18 20:00:00,8903.86,SUCCESS,UPI,Self_Pay
PAY000008928,A004051,2026-08-18 08:00:00,13199.44,SUCCESS,BANK,Self_Pay
PAY000008929,A004175,2026-07-18 11:00:00,14382.32,SUCCESS,UPI,Self_Pay
PAY000008930,A002306,2025-11-15 21:00:00,6806.0,SUCCESS,CARD,WhatsApp
PAY000008931,A002069,2026-06-12 20:00:00,13327.43,SUCCESS,UPI,WhatsApp
PAY000008932,A003524,2026-08-11 15:00:00,9564.25,SUCCESS,CARD,Field
PAY000008933,A002796,2026-01-17 19:00:00,4110.42,SUCCESS,BANK,WhatsApp
PAY000008934,A002151,2026-05-21 13:00:00,13031.31,FAILED,CASH,WhatsApp
PAY000008935,A001892,2026-02-16 17:00:00,8614.02,FAILED,BANK,Self_Pay
PAY000008936,A004194,2026-03-09 07:00:00,9263.26,SUCCESS,CARD,Field
PAY000008937,A002402,2026-02-12 21:00:00,11821.19,FAILED,CASH,Self_Pay
PAY000008938,A001570,2025-09-25 11:00:00,9159.58,SUCCESS,BANK,Self_Pay
PAY000008939,A001860,2026-06-11 18:00:00,5521.62,FAILED,UPI,Human
PAY000008940,A001764,2025-09-11 18:00:00,8969.0,FAILED,BANK,WhatsApp
PAY000008941,A003469,2026-02-15 08:00:00,2570.69,SUCCESS,CARD,Self_Pay
PAY000008942,A002699,2026-03-09 12:00:00,5687.98,SUCCESS,UPI,Self_Pay
PAY000008943,A003521,2026-01-08 15:00:00,10793.58,SUCCESS,CARD,Field
PAY000008944,A003601,2026-01-19 14:00:00,1743.96,SUCCESS,CARD,WhatsApp
PAY000008945,A002072,2025-10-09 15:00:00,14209.73,SUCCESS,CASH,AI Voice
PAY000008946,A000349,2026-02-22 07:00:00,14786.91,SUCCESS,CARD,Field
PAY000008947,A000205,2026-03-10 17:00:00,6583.0,FAILED,CARD,Field
PAY000008948,A003816,2026-04-22 07:00:00,13020.64,SUCCESS,CASH,Field
PAY000008949,A001055,2025-10-05 07:00:00,3550.74,SUCCESS,CARD,Human
PAY000008950,A000016,2026-01-03 16:00:00,13787.71,SUCCESS,CARD,Human
PAY000008951,A001917,2025-12-07 10:00:00,7136.42,FAILED,CASH,Self_Pay
PAY000008952,A004147,2025-09-06 16:00:00,5918.56,SUCCESS,CARD,Field
PAY000008953,A000098,2026-04-15 17:00:00,15430.58,SUCCESS,UPI,Field
PAY000008954,A003776,2026-06-09 11:00:00,15738.75,SUCCESS,UPI,WhatsApp
PAY000008955,A001078,2026-07-08 14:00:00,9733.12,SUCCESS,BANK,Field
PAY000008956,A000536,2026-05-08 19:00:00,5367.12,SUCCESS,UPI,Self_Pay
PAY000008957,A003733,2026-08-27 08:00:00,9468.37,SUCCESS,CASH,AI Voice
PAY000008958,A000585,2026-08-24 18:00:00,4365.52,FAILED,CASH,AI Voice
PAY000008959,A000099,2025-09-23 15:00:00,3544.52,SUCCESS,CASH,AI Voice
PAY000008960,A000549,2026-08-01 17:00:00,1084.18,SUCCESS,CARD,AI Voice
PAY000008961,A001104,2026-01-02 16:00:00,4874.44,SUCCESS,UPI,Human
PAY000008962,A004178,2025-09-20 14:00:00,4536.73,SUCCESS,CARD,Human
PAY000008963,A004061,2025-11-04 07:00:00,7688.02,FAILED,BANK,Self_Pay
PAY000008964,A001815,2026-01-22 07:00:00,9259.08,SUCCESS,BANK,Self_Pay
PAY000008965,A003097,2026-05-22 10:00:00,13494.99,FAILED,BANK,Self_Pay
PAY000008966,A000562,2026-05-21 08:00:00,14023.61,SUCCESS,CARD,AI Voice
PAY000008967,A002529,2026-05-11 09:00:00,9290.94,SUCCESS,BANK,AI Voice
PAY000008968,A003540,2026-02-12 19:00:00,13010.21,FAILED,UPI,AI Voice
PAY000008969,A002834,2026-06-07 09:00:00,12413.44,SUCCESS,UPI,Human
PAY000008970,A003253,2025-09-03 15:00:00,15352.69,FAILED,CASH,WhatsApp
PAY000008971,A002923,2026-01-26 18:00:00,4542.28,SUCCESS,CARD,Human
PAY000008972,A001110,2026-07-17 13:00:00,2641.86,SUCCESS,UPI,AI Voice
PAY000008973,A001830,2026-04-25 07:00:00,10114.74,SUCCESS,CARD,WhatsApp
PAY000008974,A002336,2026-07-24 15:00:00,3117.63,SUCCESS,BANK,Human
PAY000008975,A002332,2025-11-13 17:00:00,4062.74,SUCCESS,BANK,Self_Pay
PAY000008976,A003527,2026-01-25 18:00:00,9079.47,SUCCESS,BANK,Human
PAY000008977,A003480,2025-09-15 10:00:00,2052.59,SUCCESS,BANK,Field
PAY000008978,A002559,2026-03-10 16:00:00,7033.06,SUCCESS,CASH,AI Voice
PAY000008979,A003170,2026-08-22 15:00:00,8932.97,FAILED,CASH,Field
PAY000008980,A002923,2026-07-26 12:00:00,3150.53,SUCCESS,BANK,Human
PAY000008981,A001310,2026-01-15 16:00:00,12018.79,SUCCESS,CARD,WhatsApp
PAY000008982,A004030,2026-08-17 14:00:00,4134.75,FAILED,BANK,WhatsApp
PAY000008983,A001993,2025-09-22 13:00:00,6930.88,SUCCESS,UPI,Self_Pay
PAY000008984,A002911,2026-02-16 15:00:00,5818.35,SUCCESS,UPI,AI Voice
PAY000008985,A000724,2026-07-09 13:00:00,11172.96,SUCCESS,CASH,WhatsApp
PAY000008986,A004150,2026-01-13 08:00:00,11999.9,FAILED,UPI,Field
PAY000008987,A003080,2026-02-24 18:00:00,14217.79,FAILED,CASH,AI Voice
PAY000008988,A001657,2025-12-08 20:00:00,12289.33,SUCCESS,CASH,Field
PAY000008989,A003690,2026-01-18 17:00:00,4805.0,SUCCESS,CARD,Human
PAY000008990,A001303,2026-01-20 20:00:00,7248.96,SUCCESS,CASH,Self_Pay
PAY000008991,A002483,2025-10-04 11:00:00,7973.92,SUCCESS,CASH,Self_Pay
PAY000008992,A001617,2025-12-10 13:00:00,8501.73,SUCCESS,BANK,Self_Pay
PAY000008993,A001605,2026-02-11 07:00:00,5461.51,SUCCESS,BANK,Field
PAY000008994,A003275,2025-09-05 12:00:00,10654.02,SUCCESS,CASH,Field
PAY000008995,A000262,2026-04-22 07:00:00,8484.14,SUCCESS,CASH,Human
PAY000008996,A003934,2025-12-22 18:00:00,4733.01,SUCCESS,UPI,AI Voice
PAY000008997,A000896,2025-12-02 17:00:00,5458.47,SUCCESS,CARD,AI Voice
PAY000008998,A001014,2026-06-23 19:00:00,10692.93,FAILED,CASH,Field
PAY000008999,A002494,2025-09-15 09:00:00,5529.8,FAILED,CARD,Self_Pay
PAY000009000,A000284,2026-02-09 14:00:00,13066.59,SUCCESS,CASH,Self_Pay
PAY000009001,A002445,2026-06-05 09:00:00,11983.85,SUCCESS,CASH,AI Voice
PAY000009002,A000473,2026-01-15 16:00:00,6903.59,SUCCESS,UPI,Field
PAY000009003,A002299,2026-07-04 15:00:00,15916.66,SUCCESS,BANK,Field
PAY000009004,A003431,2026-07-13 15:00:00,12244.49,SUCCESS,CASH,AI Voice
PAY000009005,A002906,2026-06-12 09:00:00,10707.5,SUCCESS,CASH,AI Voice
PAY000009006,A000587,2025-11-24 18:00:00,7049.0,SUCCESS,CARD,AI Voice
PAY000009007,A000721,2025-10-10 18:00:00,4762.38,SUCCESS,UPI,Self_Pay
PAY000009008,A000030,2025-11-01 19:00:00,5787.63,SUCCESS,BANK,Self_Pay
PAY000009009,A002528,2026-02-16 18:00:00,11471.59,FAILED,CARD,Human
PAY000009010,A004161,2026-08-26 09:00:00,3226.48,SUCCESS,CASH,Field
PAY000009011,A000322,2026-03-14 19:00:00,8961.46,SUCCESS,BANK,AI Voice
PAY000009012,A002028,2026-07-25 14:00:00,15353.34,FAILED,UPI,WhatsApp
PAY000009013,A001085,2026-03-11 16:00:00,10879.18,SUCCESS,BANK,Human
PAY000009014,A002347,2026-01-17 19:00:00,8038.83,SUCCESS,CARD,WhatsApp
PAY000009015,A000553,2026-06-11 18:00:00,5380.06,SUCCESS,BANK,Self_Pay
PAY000009016,A002481,2026-06-26 13:00:00,9596.43,FAILED,BANK,Human
PAY000009017,A001447,2026-03-18 16:00:00,11561.91,SUCCESS,CASH,WhatsApp
PAY000009018,A001198,2026-06-08 15:00:00,8104.13,FAILED,CARD,Field
PAY000009019,A003391,2025-12-07 12:00:00,8516.58,SUCCESS,BANK,WhatsApp
PAY000009020,A001255,2026-03-24 16:00:00,10559.57,SUCCESS,BANK,Self_Pay
PAY000009021,A002503,2025-10-06 15:00:00,2670.84,FAILED,CASH,Human
PAY000009022,A002014,2025-10-15 11:00:00,1979.64,SUCCESS,CASH,Field
PAY000009023,A004177,2026-08-02 09:00:00,8467.09,SUCCESS,CARD,Human
PAY000009024,A003151,2026-05-06 13:00:00,1110.73,SUCCESS,BANK,Self_Pay
PAY000009025,A003812,2025-10-08 20:00:00,10120.29,SUCCESS,UPI,WhatsApp
PAY000009026,A003328,2026-02-18 08:00:00,8009.59,SUCCESS,UPI,AI Voice
PAY000009027,A001822,2026-06-11 11:00:00,13264.35,SUCCESS,CASH,Human
PAY000009028,A001907,2025-09-16 08:00:00,2459.22,SUCCESS,BANK,Human
PAY000009029,A000852,2025-10-13 20:00:00,5053.55,FAILED,UPI,Field
PAY000009030,A000684,2026-05-12 08:00:00,12701.77,SUCCESS,BANK,Field
PAY000009031,A001399,2026-06-01 19:00:00,1665.79,SUCCESS,BANK,WhatsApp
PAY000009032,A002930,2026-06-18 11:00:00,14027.1,FAILED,BANK,Field
PAY000009033,A003439,2026-01-17 17:00:00,13822.72,SUCCESS,UPI,Human
PAY000009034,A002190,2026-01-24 12:00:00,15493.01,SUCCESS,CARD,Human
PAY000009035,A003003,2026-05-16 14:00:00,10848.0,FAILED,UPI,WhatsApp
PAY000009036,A000496,2026-04-20 13:00:00,9670.62,SUCCESS,BANK,WhatsApp
PAY000009037,A002861,2025-11-09 09:00:00,14747.79,SUCCESS,UPI,Self_Pay
PAY000009038,A002262,2026-02-27 10:00:00,1526.3,FAILED,CARD,Field
PAY000009039,A003776,2026-04-26 11:00:00,14085.19,SUCCESS,CARD,Self_Pay
PAY000009040,A001140,2026-05-13 13:00:00,5906.46,SUCCESS,CASH,Field
PAY000009041,A000795,2026-08-12 12:00:00,3919.29,SUCCESS,BANK,AI Voice
PAY000009042,A000269,2026-06-04 21:00:00,5177.18,SUCCESS,BANK,AI Voice
PAY000009043,A001710,2026-02-12 12:00:00,8047.99,SUCCESS,CARD,WhatsApp
PAY000009044,A003211,2025-12-24 19:00:00,15668.05,SUCCESS,CARD,Self_Pay
PAY000009045,A000130,2025-10-08 19:00:00,6647.94,SUCCESS,CASH,WhatsApp
PAY000009046,A001888,2026-04-20 13:00:00,3005.67,SUCCESS,UPI,Self_Pay
PAY000009047,A002507,2026-04-09 07:00:00,9435.31,FAILED,CARD,Human
PAY000009048,A001878,2025-09-21 08:00:00,7743.24,SUCCESS,UPI,AI Voice
PAY000009049,A001497,2026-02-15 17:00:00,1361.55,FAILED,UPI,WhatsApp
PAY000009050,A003600,2025-12-21 07:00:00,13164.0,SUCCESS,CASH,Field
PAY000009051,A002673,2026-06-03 13:00:00,7406.0,FAILED,UPI,Field
PAY000009052,A002049,2026-07-17 15:00:00,5018.8,SUCCESS,BANK,WhatsApp
PAY000009053,A002446,2026-06-11 19:00:00,2387.64,FAILED,BANK,AI Voice
PAY000009054,A002371,2025-12-17 14:00:00,9906.89,SUCCESS,UPI,Self_Pay
PAY000009055,A001745,2026-05-19 12:00:00,8647.15,SUCCESS,CARD,Self_Pay
PAY000009056,A001161,2026-02-18 07:00:00,15963.09,FAILED,UPI,Human
PAY000009057,A002344,2026-08-24 16:00:00,9523.0,SUCCESS,BANK,AI Voice
PAY000009058,A001529,2026-02-11 20:00:00,5661.41,FAILED,CARD,Self_Pay
PAY000009059,A002096,2026-06-22 18:00:00,8010.0,SUCCESS,CASH,WhatsApp
PAY000009060,A002914,2026-03-02 20:00:00,2434.98,SUCCESS,CASH,AI Voice
PAY000009061,A002166,2026-05-16 21:00:00,14182.61,FAILED,UPI,WhatsApp
PAY000009062,A001145,2026-05-27 07:00:00,10734.65,SUCCESS,UPI,Field
PAY000009063,A002277,2026-01-01 11:00:00,14576.56,FAILED,CARD,Field
PAY000009064,A001315,2025-11-20 07:00:00,11376.9,SUCCESS,UPI,Self_Pay
PAY000009065,A002611,2025-10-09 18:00:00,9747.16,FAILED,CASH,AI Voice
PAY000009066,A000938,2025-09-21 16:00:00,13114.62,SUCCESS,CARD,Self_Pay
PAY000009067,A000481,2026-03-21 15:00:00,14643.85,SUCCESS,CASH,Self_Pay
PAY000009068,A000269,2026-06-23 17:00:00,6170.58,SUCCESS,CASH,AI Voice
PAY000009069,A003030,2025-10-13 12:00:00,6382.78,SUCCESS,BANK,WhatsApp
PAY000009070,A000668,2025-10-23 07:00:00,6670.25,SUCCESS,UPI,Field
PAY000009071,A000254,2026-01-23 14:00:00,7338.63,SUCCESS,CASH,Human
PAY000009072,A004188,2025-09-18 14:00:00,3152.52,SUCCESS,CASH,AI Voice
PAY000009073,A001868,2026-05-13 14:00:00,13522.09,SUCCESS,BANK,Field
PAY000009074,A002900,2026-01-08 17:00:00,2657.04,FAILED,UPI,Self_Pay
PAY000009075,A004117,2026-04-25 21:00:00,10141.72,FAILED,UPI,Self_Pay
PAY000009076,A003021,2026-05-25 08:00:00,1925.85,SUCCESS,CASH,AI Voice
PAY000009077,A003738,2026-08-14 13:00:00,3543.56,SUCCESS,BANK,AI Voice
PAY000009078,A004170,2026-05-23 19:00:00,13837.71,SUCCESS,CARD,Field
PAY000009079,A001041,2025-11-22 08:00:00,1432.08,SUCCESS,BANK,Human
PAY000009080,A002557,2025-10-26 08:00:00,2934.76,SUCCESS,CARD,Self_Pay
PAY000009081,A001716,2026-05-23 14:00:00,6155.89,SUCCESS,CARD,WhatsApp
PAY000009082,A000496,2026-05-16 15:00:00,10851.6,SUCCESS,BANK,AI Voice
PAY000009083,A000161,2026-02-11 15:00:00,5876.72,SUCCESS,CASH,Field
PAY000009084,A003599,2026-07-13 07:00:00,1906.23,SUCCESS,UPI,AI Voice
PAY000009085,A000998,2026-05-09 09:00:00,2036.93,SUCCESS,CARD,AI Voice
PAY000009086,A001900,2025-11-01 20:00:00,10237.64,SUCCESS,BANK,AI Voice
PAY000009087,A000254,2025-09-26 10:00:00,7167.21,FAILED,UPI,AI Voice
PAY000009088,A002626,2026-06-19 10:00:00,9938.9,FAILED,BANK,AI Voice
PAY000009089,A002086,2025-12-13 17:00:00,2513.24,FAILED,BANK,Human
PAY000009090,A003393,2025-11-15 16:00:00,9773.15,SUCCESS,CARD,Field
PAY000009091,A003922,2026-03-16 19:00:00,3897.44,SUCCESS,BANK,Self_Pay
PAY000009092,A000469,2025-12-02 09:00:00,8555.36,SUCCESS,UPI,Human
PAY000009093,A002147,2026-06-22 11:00:00,13554.69,SUCCESS,CASH,Human
PAY000009094,A003961,2025-09-22 14:00:00,11582.82,SUCCESS,CASH,Human
PAY000009095,A001023,2025-12-13 20:00:00,14105.7,SUCCESS,BANK,WhatsApp
PAY000009096,A001833,2025-09-10 20:00:00,14438.91,SUCCESS,BANK,AI Voice
PAY000009097,A001411,2026-01-25 17:00:00,4067.56,SUCCESS,BANK,WhatsApp
PAY000009098,A003489,2026-05-07 12:00:00,7747.54,SUCCESS,CARD,Field
PAY000009099,A002653,2026-05-07 19:00:00,12171.49,SUCCESS,CARD,Human
PAY000009100,A001926,2025-10-14 08:00:00,4208.61,SUCCESS,CASH,Self_Pay
PAY000009101,A003823,2025-11-18 15:00:00,7665.79,FAILED,UPI,Self_Pay
PAY000009102,A001043,2025-12-26 09:00:00,5607.81,SUCCESS,UPI,AI Voice
PAY000009103,A000315,2025-11-22 19:00:00,6527.04,SUCCESS,UPI,WhatsApp
PAY000009104,A002316,2025-09-19 14:00:00,4526.18,FAILED,UPI,Human
PAY000009105,A003484,2025-10-23 08:00:00,7638.9,FAILED,CARD,Field
PAY000009106,A003758,2026-02-21 10:00:00,5388.5,SUCCESS,CARD,Self_Pay
PAY000009107,A000602,2026-05-15 09:00:00,7637.01,SUCCESS,BANK,Human
PAY000009108,A002647,2026-03-09 08:00:00,10000.3,FAILED,BANK,Field
PAY000009109,A001522,2026-05-23 16:00:00,12135.0,SUCCESS,CARD,Human
PAY000009110,A001148,2026-06-22 11:00:00,7078.75,SUCCESS,UPI,Human
PAY000009111,A000134,2025-09-16 10:00:00,9576.08,SUCCESS,CASH,Human
PAY000009112,A003481,2026-06-27 12:00:00,15370.66,SUCCESS,CARD,AI Voice
PAY000009113,A003120,2026-06-08 20:00:00,4992.0,FAILED,CASH,Self_Pay
PAY000009114,A001971,2026-04-04 14:00:00,9187.88,FAILED,BANK,Human
PAY000009115,A001838,2025-09-22 15:00:00,6534.17,SUCCESS,CASH,Field
PAY000009116,A002371,2026-07-08 11:00:00,7401.77,FAILED,UPI,WhatsApp
PAY000009117,A002757,2026-03-08 11:00:00,13257.21,SUCCESS,UPI,Self_Pay
PAY000009118,A000015,2026-02-27 11:00:00,14296.13,SUCCESS,CARD,Self_Pay
PAY000009119,A003119,2025-10-13 11:00:00,1809.47,SUCCESS,BANK,Self_Pay
PAY000009120,A001929,2026-04-25 11:00:00,4325.43,SUCCESS,CARD,Self_Pay
PAY000009121,A002092,2025-12-11 18:00:00,10625.95,SUCCESS,UPI,Human
PAY000009122,A004011,2026-02-19 13:00:00,10196.27,SUCCESS,UPI,Field
PAY000009123,A003732,2026-05-11 10:00:00,5323.82,FAILED,UPI,Self_Pay
PAY000009124,A001759,2025-11-19 14:00:00,5736.4,SUCCESS,CASH,WhatsApp
PAY000009125,A000680,2026-05-02 19:00:00,13559.3,SUCCESS,CARD,WhatsApp
PAY000009126,A003537,2025-09-19 17:00:00,11386.39,SUCCESS,BANK,Self_Pay
PAY000009127,A004104,2025-10-17 11:00:00,7374.0,FAILED,UPI,Self_Pay
PAY000009128,A002591,2025-11-06 19:00:00,7555.99,SUCCESS,BANK,WhatsApp
PAY000009129,A002146,2026-07-19 14:00:00,10990.62,FAILED,UPI,WhatsApp
PAY000009130,A001023,2026-05-03 16:00:00,4309.84,SUCCESS,CARD,Human
PAY000009131,A001057,2026-06-06 19:00:00,4214.19,SUCCESS,BANK,Human
PAY000009132,A000531,2026-01-05 18:00:00,9223.15,SUCCESS,BANK,WhatsApp
PAY000009133,A002358,2026-05-17 11:00:00,10239.05,FAILED,CASH,Human
PAY000009134,A003136,2026-02-15 19:00:00,8927.93,SUCCESS,UPI,WhatsApp
PAY000009135,A001161,2025-11-23 20:00:00,4852.25,SUCCESS,CASH,WhatsApp
PAY000009136,A002341,2025-09-17 16:00:00,8777.09,FAILED,CARD,AI Voice
PAY000009137,A001028,2026-01-27 10:00:00,10555.0,SUCCESS,UPI,Human
PAY000009138,A003122,2025-10-07 16:00:00,6338.0,SUCCESS,BANK,Field
PAY000009139,A001720,2026-03-17 08:00:00,6342.37,FAILED,CARD,Human
PAY000009140,A003202,2026-01-13 12:00:00,12180.53,SUCCESS,CARD,Human
PAY000009141,A000384,2025-09-07 13:00:00,2808.67,SUCCESS,CASH,WhatsApp
PAY000009142,A001644,2025-11-06 20:00:00,10506.74,SUCCESS,CARD,Field
PAY000009143,A003629,2026-03-03 12:00:00,1038.46,SUCCESS,UPI,Self_Pay
PAY000009144,A001947,2026-03-01 16:00:00,15680.64,SUCCESS,CASH,Human
PAY000009145,A001079,2026-07-01 20:00:00,1253.55,SUCCESS,BANK,AI Voice
PAY000009146,A001657,2026-06-27 20:00:00,6811.07,FAILED,CASH,Self_Pay
PAY000009147,A001826,2025-12-18 12:00:00,13017.38,SUCCESS,UPI,Human
PAY000009148,A003647,2026-05-04 13:00:00,5800.4,SUCCESS,CASH,Field
PAY000009149,A001189,2026-04-14 16:00:00,11595.57,FAILED,CASH,Human
PAY000009150,A002114,2026-02-19 15:00:00,14323.99,SUCCESS,CASH,Human
PAY000009151,A003169,2026-05-05 13:00:00,7127.68,FAILED,UPI,Self_Pay
PAY000009152,A000770,2026-01-09 18:00:00,10939.0,FAILED,BANK,WhatsApp
PAY000009153,A000258,2026-01-22 21:00:00,10695.92,FAILED,CARD,AI Voice
PAY000009154,A003274,2026-08-25 20:00:00,1775.54,FAILED,CASH,Self_Pay
PAY000009155,A001549,2026-06-21 15:00:00,7227.17,SUCCESS,BANK,Human
PAY000009156,A001553,2026-06-22 16:00:00,2696.05,FAILED,CARD,Self_Pay
PAY000009157,A000840,2025-11-18 20:00:00,1723.0,SUCCESS,CASH,Field
PAY000009158,A001331,2025-12-23 16:00:00,10647.46,SUCCESS,BANK,AI Voice
PAY000009159,A000447,2026-03-26 07:00:00,2307.11,SUCCESS,UPI,Self_Pay
PAY000009160,A003842,2026-06-26 15:00:00,11362.98,FAILED,CASH,Human
PAY000009161,A000987,2026-07-13 10:00:00,3158.98,SUCCESS,UPI,AI Voice
PAY000009162,A001008,2026-06-22 14:00:00,13804.47,FAILED,CASH,Human
PAY000009163,A003176,2026-05-23 07:00:00,3149.07,SUCCESS,CARD,Field
PAY000009164,A003546,2026-07-27 20:00:00,8368.13,FAILED,BANK,Self_Pay
PAY000009165,A000796,2026-04-12 14:00:00,3612.45,FAILED,UPI,Self_Pay
PAY000009166,A004098,2025-12-09 11:00:00,8586.45,SUCCESS,CARD,WhatsApp
PAY000009167,A000006,2025-11-15 18:00:00,12605.6,FAILED,CARD,WhatsApp
PAY000009168,A003953,2025-10-13 21:00:00,10385.73,SUCCESS,UPI,Field
PAY000009169,A000662,2025-11-15 18:00:00,15993.05,SUCCESS,BANK,Field
PAY000009170,A004040,2025-09-22 20:00:00,6813.31,SUCCESS,CARD,Self_Pay
PAY000009171,A001440,2025-10-16 07:00:00,14134.0,FAILED,BANK,Field
PAY000009172,A002520,2026-02-27 17:00:00,13093.78,SUCCESS,CASH,AI Voice
PAY000009173,A000320,2026-07-14 16:00:00,12785.48,SUCCESS,BANK,WhatsApp
PAY000009174,A003187,2025-11-16 17:00:00,8566.47,SUCCESS,CASH,Self_Pay
PAY000009175,A001502,2026-02-19 07:00:00,14341.26,FAILED,BANK,Human
PAY000009176,A000236,2025-09-27 08:00:00,2003.39,SUCCESS,CASH,WhatsApp
PAY000009177,A003117,2025-11-08 17:00:00,8088.0,SUCCESS,UPI,Human
PAY000009178,A003559,2025-09-01 19:00:00,11518.06,FAILED,CASH,Human
PAY000009179,A004067,2026-03-14 19:00:00,9288.68,FAILED,CARD,WhatsApp
PAY000009180,A001249,2026-03-04 14:00:00,3979.71,SUCCESS,UPI,Self_Pay
PAY000009181,A002759,2026-05-07 10:00:00,4383.0,SUCCESS,CARD,Self_Pay
PAY000009182,A003867,2026-06-04 12:00:00,1973.24,FAILED,CASH,Self_Pay
PAY000009183,A000275,2025-10-05 08:00:00,9556.72,SUCCESS,CARD,Human
PAY000009184,A003968,2026-05-08 17:00:00,2583.56,SUCCESS,CASH,Self_Pay
PAY000009185,A003673,2025-09-04 10:00:00,5162.81,FAILED,CARD,AI Voice
PAY000009186,A003407,2026-02-09 10:00:00,1263.9,SUCCESS,CARD,Human
PAY000009187,A000814,2026-03-16 21:00:00,4317.86,SUCCESS,UPI,Field
PAY000009188,A001354,2025-09-06 10:00:00,10865.43,SUCCESS,UPI,Self_Pay
PAY000009189,A003677,2025-12-26 09:00:00,8028.77,SUCCESS,CASH,Self_Pay
PAY000009190,A003078,2025-11-19 11:00:00,7123.46,SUCCESS,CARD,AI Voice
PAY000009191,A000912,2026-02-03 07:00:00,13224.0,SUCCESS,CARD,Human
PAY000009192,A000364,2025-09-22 07:00:00,1341.35,SUCCESS,CARD,WhatsApp
PAY000009193,A003088,2025-12-19 13:00:00,13733.94,SUCCESS,CARD,WhatsApp
PAY000009194,A001052,2026-03-06 21:00:00,8385.27,FAILED,BANK,Human
PAY000009195,A002341,2026-08-23 18:00:00,7053.45,SUCCESS,CASH,AI Voice
PAY000009196,A001011,2026-07-03 12:00:00,1779.44,SUCCESS,CASH,Human
PAY000009197,A002251,2025-09-09 09:00:00,2059.48,FAILED,CASH,Self_Pay
PAY000009198,A001373,2026-05-24 13:00:00,11727.79,FAILED,CARD,Self_Pay
PAY000009199,A002897,2026-02-16 14:00:00,8335.36,SUCCESS,CARD,AI Voice
PAY000009200,A003219,2026-04-06 13:00:00,3087.36,SUCCESS,BANK,Human
PAY000009201,A003167,2026-04-14 15:00:00,1768.49,SUCCESS,CASH,AI Voice
PAY000009202,A001087,2025-12-21 11:00:00,4272.0,SUCCESS,CASH,Human
PAY000009203,A000919,2026-02-16 17:00:00,2469.12,SUCCESS,BANK,Field
PAY000009204,A000415,2026-03-03 19:00:00,5265.05,SUCCESS,CASH,AI Voice
PAY000009205,A002327,2026-02-11 19:00:00,1780.88,SUCCESS,CARD,Self_Pay
PAY000009206,A003079,2026-06-20 07:00:00,9805.74,FAILED,CARD,AI Voice
PAY000009207,A003509,2026-01-03 19:00:00,6242.44,SUCCESS,CASH,Human
PAY000009208,A003924,2025-10-09 09:00:00,9106.1,FAILED,UPI,AI Voice
PAY000009209,A002068,2025-10-17 11:00:00,12966.0,SUCCESS,CASH,Field
PAY000009210,A001526,2026-08-10 14:00:00,6782.68,FAILED,BANK,Human
PAY000009211,A001482,2026-01-20 13:00:00,2772.72,SUCCESS,CASH,Human
PAY000009212,A000038,2025-12-17 15:00:00,9574.12,SUCCESS,CARD,WhatsApp
PAY000009213,A003286,2025-09-01 09:00:00,5931.22,SUCCESS,CARD,WhatsApp
PAY000009214,A002711,2026-03-12 21:00:00,9727.28,FAILED,BANK,Field
PAY000009215,A003403,2026-04-06 15:00:00,5312.23,FAILED,BANK,Field
PAY000009216,A004141,2026-08-05 07:00:00,5352.37,SUCCESS,CARD,AI Voice
PAY000009217,A003426,2025-11-23 15:00:00,12853.05,SUCCESS,UPI,AI Voice
PAY000009218,A001039,2025-09-22 07:00:00,5001.41,SUCCESS,BANK,Human
PAY000009219,A002466,2026-04-23 19:00:00,3673.97,SUCCESS,BANK,Field
PAY000009220,A001339,2026-08-13 10:00:00,1875.82,SUCCESS,CARD,Human
PAY000009221,A004145,2025-10-11 10:00:00,14398.82,SUCCESS,BANK,Field
PAY000009222,A003315,2026-08-07 21:00:00,5714.17,SUCCESS,BANK,Human
PAY000009223,A002036,2026-03-02 13:00:00,9569.0,SUCCESS,UPI,WhatsApp
PAY000009224,A000500,2026-07-18 20:00:00,1831.4,FAILED,CARD,Human
PAY000009225,A003278,2026-08-05 13:00:00,10094.68,SUCCESS,BANK,Field
PAY000009226,A001794,2026-06-19 21:00:00,5659.0,SUCCESS,UPI,WhatsApp
PAY000009227,A000741,2025-11-09 10:00:00,7568.47,FAILED,CARD,WhatsApp
PAY000009228,A002572,2026-05-25 12:00:00,5368.0,FAILED,UPI,Human
PAY000009229,A001754,2026-07-24 14:00:00,13169.45,FAILED,BANK,AI Voice
PAY000009230,A000444,2026-01-04 17:00:00,3845.25,SUCCESS,BANK,Self_Pay
PAY000009231,A001156,2025-10-19 09:00:00,7245.82,SUCCESS,CASH,AI Voice
PAY000009232,A003920,2026-07-01 15:00:00,14937.42,FAILED,CARD,Self_Pay
PAY000009233,A001948,2026-06-10 10:00:00,2657.34,SUCCESS,UPI,Field
PAY000009234,A000705,2025-10-23 18:00:00,14760.63,SUCCESS,BANK,Self_Pay
PAY000009235,A001372,2026-03-02 10:00:00,6680.46,SUCCESS,BANK,Field
PAY000009236,A002337,2026-03-05 08:00:00,14004.32,FAILED,BANK,Field
PAY000009237,A002234,2025-11-23 10:00:00,10743.87,SUCCESS,CARD,WhatsApp
PAY000009238,A002322,2026-06-22 13:00:00,6617.93,SUCCESS,BANK,WhatsApp
PAY000009239,A002759,2026-05-19 13:00:00,4383.0,SUCCESS,UPI,Self_Pay
PAY000009240,A000144,2026-08-21 17:00:00,6995.71,SUCCESS,BANK,Self_Pay
PAY000009241,A004180,2026-02-01 12:00:00,8831.61,SUCCESS,CASH,Field
PAY000009242,A000995,2026-07-14 11:00:00,11558.43,SUCCESS,UPI,AI Voice
PAY000009243,A000671,2026-03-04 10:00:00,7126.1,FAILED,UPI,Field
PAY000009244,A003731,2025-11-23 14:00:00,8831.37,FAILED,CARD,AI Voice
PAY000009245,A000917,2025-09-16 08:00:00,7330.0,SUCCESS,CASH,WhatsApp
PAY000009246,A002488,2026-08-27 19:00:00,13785.22,SUCCESS,BANK,AI Voice
PAY000009247,A002754,2026-04-23 15:00:00,12122.31,SUCCESS,UPI,WhatsApp
PAY000009248,A003616,2026-02-03 08:00:00,12537.42,SUCCESS,UPI,Self_Pay
PAY000009249,A001680,2026-06-15 10:00:00,5623.17,SUCCESS,CASH,Field
PAY000009250,A002506,2026-02-04 14:00:00,6582.37,SUCCESS,UPI,Field
PAY000009251,A001043,2025-11-20 17:00:00,3636.15,SUCCESS,UPI,WhatsApp
PAY000009252,A000435,2025-11-08 21:00:00,1661.73,SUCCESS,CARD,AI Voice
PAY000009253,A003753,2025-10-09 15:00:00,14514.6,SUCCESS,CARD,AI Voice
PAY000009254,A001147,2025-12-19 13:00:00,11790.68,SUCCESS,CARD,Human
PAY000009255,A002891,2026-03-15 20:00:00,15816.95,SUCCESS,CASH,WhatsApp
PAY000009256,A002204,2026-06-03 09:00:00,11979.51,SUCCESS,CASH,Field
PAY000009257,A003213,2026-05-26 08:00:00,9208.61,FAILED,CASH,Field
PAY000009258,A003410,2025-12-26 20:00:00,5466.93,SUCCESS,CASH,WhatsApp
PAY000009259,A001803,2026-08-09 12:00:00,2835.09,SUCCESS,UPI,Field
PAY000009260,A003813,2026-02-24 16:00:00,2344.89,FAILED,CARD,Self_Pay
PAY000009261,A003923,2026-04-25 10:00:00,4335.88,SUCCESS,BANK,Human
PAY000009262,A000074,2026-06-07 17:00:00,1482.61,SUCCESS,UPI,WhatsApp
PAY000009263,A002810,2025-12-20 13:00:00,9441.65,SUCCESS,CARD,Self_Pay
PAY000009264,A000908,2026-04-04 20:00:00,5188.97,SUCCESS,UPI,AI Voice
PAY000009265,A002670,2026-02-08 19:00:00,12836.0,SUCCESS,BANK,AI Voice
PAY000009266,A000544,2025-10-09 21:00:00,5738.97,SUCCESS,BANK,WhatsApp
PAY000009267,A004067,2025-11-14 19:00:00,6507.93,FAILED,CARD,Self_Pay
PAY000009268,A003737,2026-06-25 17:00:00,3989.87,SUCCESS,BANK,Self_Pay
PAY000009269,A000750,2026-03-11 15:00:00,7229.62,FAILED,BANK,AI Voice
PAY000009270,A002090,2026-05-06 07:00:00,11995.58,SUCCESS,CARD,Self_Pay
PAY000009271,A002945,2026-04-01 17:00:00,1438.94,SUCCESS,CASH,Human
PAY000009272,A002163,2026-04-26 11:00:00,10292.17,SUCCESS,UPI,WhatsApp
PAY000009273,A004186,2025-09-05 08:00:00,12461.34,SUCCESS,CARD,WhatsApp
PAY000009274,A002422,2025-11-26 19:00:00,15118.15,SUCCESS,CARD,Field
PAY000009275,A001532,2025-11-23 21:00:00,14849.14,SUCCESS,BANK,AI Voice
PAY000009276,A001488,2026-06-26 14:00:00,5138.28,SUCCESS,CASH,Human
PAY000009277,A001817,2026-03-23 07:00:00,14248.0,SUCCESS,UPI,Field
PAY000009278,A000225,2026-08-26 15:00:00,2888.89,SUCCESS,BANK,Human
PAY000009279,A000321,2026-06-07 16:00:00,4398.37,FAILED,UPI,AI Voice
PAY000009280,A001851,2025-12-10 21:00:00,5988.68,SUCCESS,CASH,Human
PAY000009281,A002087,2025-12-23 20:00:00,15409.89,SUCCESS,BANK,Field
PAY000009282,A001173,2025-09-13 15:00:00,9907.53,SUCCESS,BANK,Field
PAY000009283,A003080,2026-05-20 18:00:00,8972.06,SUCCESS,UPI,Self_Pay
PAY000009284,A001089,2026-08-15 10:00:00,3068.81,SUCCESS,UPI,WhatsApp
PAY000009285,A004160,2026-03-27 08:00:00,6523.5,SUCCESS,UPI,AI Voice
PAY000009286,A003594,2026-02-13 10:00:00,15928.44,SUCCESS,CARD,Self_Pay
PAY000009287,A002258,2026-03-25 15:00:00,4512.46,SUCCESS,CARD,Field
PAY000009288,A001113,2025-09-09 08:00:00,12836.99,SUCCESS,CARD,Self_Pay
PAY000009289,A002032,2026-08-09 18:00:00,6974.65,SUCCESS,UPI,Human
PAY000009290,A000053,2025-12-07 18:00:00,1366.87,FAILED,CASH,Self_Pay
PAY000009291,A001199,2026-02-17 18:00:00,1450.77,SUCCESS,BANK,AI Voice
PAY000009292,A000793,2025-09-21 12:00:00,13055.57,SUCCESS,CARD,Field
PAY000009293,A000242,2026-01-20 07:00:00,9012.97,FAILED,UPI,Field
PAY000009294,A002863,2025-12-18 08:00:00,9034.93,SUCCESS,UPI,AI Voice
PAY000009295,A000358,2026-03-23 19:00:00,15492.31,FAILED,CASH,WhatsApp
PAY000009296,A002448,2026-03-13 12:00:00,9069.06,SUCCESS,CARD,Field
PAY000009297,A000640,2025-12-04 15:00:00,8623.71,SUCCESS,CASH,Field
PAY000009298,A001924,2025-11-13 19:00:00,3851.54,FAILED,BANK,AI Voice
PAY000009299,A001210,2026-05-24 09:00:00,15547.68,SUCCESS,CARD,Self_Pay
PAY000009300,A003832,2025-09-05 18:00:00,13344.55,SUCCESS,CASH,Self_Pay
PAY000009301,A002956,2026-06-09 17:00:00,11959.73,SUCCESS,UPI,Self_Pay
PAY000009302,A001231,2026-03-24 20:00:00,9125.87,SUCCESS,BANK,Human
PAY000009303,A003571,2026-02-02 20:00:00,11759.35,SUCCESS,UPI,WhatsApp
PAY000009304,A001987,2026-07-02 10:00:00,7552.55,SUCCESS,CARD,Human
PAY000009305,A003430,2025-09-04 19:00:00,5173.78,SUCCESS,UPI,Human
PAY000009306,A000108,2026-05-20 19:00:00,5922.99,SUCCESS,CASH,Human
PAY000009307,A001452,2026-04-22 19:00:00,15653.55,SUCCESS,CARD,Field
PAY000009308,A001585,2026-03-08 19:00:00,3755.0,SUCCESS,CARD,Self_Pay
PAY000009309,A002282,2026-04-10 20:00:00,1413.77,SUCCESS,BANK,WhatsApp
PAY000009310,A002115,2026-07-12 20:00:00,10496.0,SUCCESS,CASH,WhatsApp
PAY000009311,A003342,2026-02-10 21:00:00,10067.39,SUCCESS,CASH,WhatsApp
PAY000009312,A003184,2026-02-01 16:00:00,1467.97,SUCCESS,BANK,WhatsApp
PAY000009313,A001832,2026-03-19 20:00:00,2806.47,SUCCESS,CASH,AI Voice
PAY000009314,A002848,2026-03-26 17:00:00,10287.07,SUCCESS,UPI,Field
PAY000009315,A000609,2026-04-25 11:00:00,11333.0,SUCCESS,CASH,Self_Pay
PAY000009316,A001690,2025-09-17 16:00:00,13013.01,SUCCESS,BANK,Human
PAY000009317,A004174,2026-06-06 08:00:00,15426.77,SUCCESS,UPI,Self_Pay
PAY000009318,A001866,2025-09-21 16:00:00,15292.99,SUCCESS,UPI,AI Voice
PAY000009319,A000455,2025-10-19 18:00:00,3685.89,SUCCESS,CASH,Field
PAY000009320,A003298,2026-07-04 16:00:00,7875.25,SUCCESS,UPI,Field
PAY000009321,A001251,2025-09-16 12:00:00,14760.85,SUCCESS,BANK,Self_Pay
PAY000009322,A000128,2026-06-25 10:00:00,11280.5,SUCCESS,CARD,AI Voice
PAY000009323,A001347,2025-11-20 17:00:00,5781.74,SUCCESS,CASH,WhatsApp
PAY000009324,A000916,2025-09-07 15:00:00,6659.23,SUCCESS,CASH,Field
PAY000009325,A001875,2026-01-19 13:00:00,9409.76,SUCCESS,UPI,AI Voice
PAY000009326,A003040,2025-12-08 12:00:00,7339.69,SUCCESS,CASH,AI Voice
PAY000009327,A000080,2026-04-24 21:00:00,12757.58,SUCCESS,CASH,WhatsApp
PAY000009328,A002746,2025-09-02 07:00:00,3059.68,SUCCESS,BANK,WhatsApp
PAY000009329,A001379,2026-01-03 13:00:00,10915.46,SUCCESS,BANK,Self_Pay
PAY000009330,A000430,2026-05-06 12:00:00,8512.43,SUCCESS,BANK,Self_Pay
PAY000009331,A000372,2025-10-20 15:00:00,2652.04,SUCCESS,UPI,Human
PAY000009332,A000371,2025-12-15 21:00:00,6528.59,SUCCESS,CASH,AI Voice
PAY000009333,A001149,2026-01-10 15:00:00,12002.98,SUCCESS,CARD,Self_Pay
PAY000009334,A003612,2025-11-27 15:00:00,12835.8,SUCCESS,CASH,AI Voice
PAY000009335,A002497,2026-07-13 13:00:00,6007.04,SUCCESS,BANK,Field
PAY000009336,A003092,2026-03-08 16:00:00,4595.21,SUCCESS,BANK,Self_Pay
PAY000009337,A000749,2026-04-03 21:00:00,2758.23,SUCCESS,UPI,Self_Pay
PAY000009338,A000110,2026-05-13 17:00:00,15040.45,SUCCESS,CARD,Human
PAY000009339,A003508,2026-07-02 12:00:00,2258.6,SUCCESS,BANK,Human
PAY000009340,A001754,2025-09-04 07:00:00,9497.9,SUCCESS,BANK,AI Voice
PAY000009341,A003870,2026-02-11 12:00:00,13355.5,FAILED,BANK,AI Voice
PAY000009342,A003600,2026-05-25 08:00:00,8020.38,SUCCESS,CARD,WhatsApp
PAY000009343,A002631,2026-04-02 17:00:00,4520.82,FAILED,CASH,Self_Pay
PAY000009344,A000648,2025-11-02 19:00:00,11222.0,SUCCESS,UPI,Human
PAY000009345,A001425,2026-05-16 15:00:00,4939.24,FAILED,CASH,Field
PAY000009346,A003315,2026-01-14 10:00:00,15342.68,FAILED,BANK,Self_Pay
PAY000009347,A002269,2026-01-26 12:00:00,11708.62,FAILED,BANK,Field
PAY000009348,A002933,2026-04-27 09:00:00,10626.23,SUCCESS,CASH,Field
PAY000009349,A002922,2026-04-20 07:00:00,1337.88,SUCCESS,CARD,Human
PAY000009350,A003022,2025-10-11 14:00:00,7961.0,SUCCESS,CARD,WhatsApp
PAY000009351,A002949,2025-12-17 16:00:00,6806.81,SUCCESS,BANK,Self_Pay
PAY000009352,A001124,2026-05-01 16:00:00,12180.98,FAILED,UPI,Human
PAY000009353,A001831,2026-03-02 09:00:00,13093.13,SUCCESS,UPI,Human
PAY000009354,A000309,2026-08-01 14:00:00,5728.97,FAILED,CASH,Self_Pay
PAY000009355,A002452,2025-11-01 07:00:00,11968.91,FAILED,BANK,Field
PAY000009356,A001841,2026-04-22 10:00:00,1204.58,FAILED,UPI,Self_Pay
PAY000009357,A002143,2026-04-26 09:00:00,1784.57,FAILED,CASH,Self_Pay
PAY000009358,A002189,2026-04-15 20:00:00,8896.46,SUCCESS,CARD,WhatsApp
PAY000009359,A003626,2026-05-03 16:00:00,2917.37,SUCCESS,BANK,Human
PAY000009360,A003325,2025-10-21 11:00:00,12413.0,FAILED,CASH,AI Voice
PAY000009361,A002430,2026-08-17 08:00:00,4295.03,SUCCESS,CASH,WhatsApp
PAY000009362,A001207,2025-12-23 19:00:00,15527.24,SUCCESS,CASH,WhatsApp
PAY000009363,A001152,2026-05-23 10:00:00,6061.9,SUCCESS,UPI,Field
PAY000009364,A001758,2026-04-13 07:00:00,4257.52,SUCCESS,UPI,Self_Pay
PAY000009365,A003666,2026-07-16 08:00:00,10762.86,SUCCESS,UPI,WhatsApp
PAY000009366,A002819,2026-01-01 08:00:00,5462.87,SUCCESS,BANK,AI Voice
PAY000009367,A001223,2025-10-16 21:00:00,10665.39,SUCCESS,CASH,Human
PAY000009368,A002655,2026-06-13 19:00:00,8696.83,FAILED,CASH,WhatsApp
PAY000009369,A000769,2026-08-16 13:00:00,9249.16,SUCCESS,CARD,AI Voice
PAY000009370,A000374,2026-05-27 16:00:00,10836.18,SUCCESS,BANK,Field
PAY000009371,A001223,2026-08-10 16:00:00,9061.82,SUCCESS,UPI,Self_Pay
PAY000009372,A003822,2026-08-19 12:00:00,4340.63,SUCCESS,CASH,AI Voice
PAY000009373,A002389,2025-11-05 11:00:00,6890.38,SUCCESS,BANK,Self_Pay
PAY000009374,A002197,2026-02-03 12:00:00,8738.83,SUCCESS,UPI,Field
PAY000009375,A001299,2026-02-08 07:00:00,6514.0,SUCCESS,CARD,Self_Pay
PAY000009376,A001952,2026-03-08 11:00:00,10812.0,SUCCESS,BANK,WhatsApp
PAY000009377,A001752,2025-10-25 10:00:00,12489.6,FAILED,BANK,Field
PAY000009378,A003293,2026-04-21 16:00:00,10157.79,SUCCESS,BANK,AI Voice
PAY000009379,A001069,2026-01-18 09:00:00,11593.85,FAILED,BANK,WhatsApp
PAY000009380,A001354,2026-02-13 15:00:00,6379.04,SUCCESS,UPI,Field
PAY000009381,A001181,2025-12-08 09:00:00,8757.68,SUCCESS,CASH,Human
PAY000009382,A000523,2026-01-20 10:00:00,3726.38,SUCCESS,CARD,AI Voice
PAY000009383,A001933,2026-01-05 19:00:00,13466.84,SUCCESS,CARD,Human
PAY000009384,A004120,2026-05-20 19:00:00,6865.79,FAILED,BANK,Self_Pay
PAY000009385,A001014,2026-04-23 14:00:00,3213.85,SUCCESS,CARD,WhatsApp
PAY000009386,A000998,2025-10-02 09:00:00,7687.51,SUCCESS,CARD,AI Voice
PAY000009387,A002809,2025-09-09 09:00:00,11629.0,SUCCESS,BANK,AI Voice
PAY000009388,A000576,2026-07-01 11:00:00,5213.68,SUCCESS,CASH,Human
PAY000009389,A002953,2026-02-14 09:00:00,11705.93,SUCCESS,UPI,Human
PAY000009390,A001192,2026-02-19 12:00:00,2448.72,FAILED,CARD,Human
PAY000009391,A002880,2026-05-06 08:00:00,10275.74,SUCCESS,BANK,Human
PAY000009392,A000960,2026-06-10 10:00:00,15457.0,SUCCESS,CASH,Self_Pay
PAY000009393,A003435,2026-03-02 17:00:00,9333.57,SUCCESS,CARD,Self_Pay
PAY000009394,A002488,2025-12-16 08:00:00,2738.77,FAILED,BANK,Human
PAY000009395,A001907,2026-05-13 11:00:00,15324.1,SUCCESS,UPI,Human
PAY000009396,A001687,2025-09-09 14:00:00,4062.42,SUCCESS,BANK,Field
PAY000009397,A000876,2025-10-08 19:00:00,12572.05,FAILED,CASH,Human
PAY000009398,A003878,2026-06-11 09:00:00,9634.37,FAILED,UPI,Field
PAY000009399,A000267,2025-11-23 11:00:00,11371.44,SUCCESS,CARD,Self_Pay
PAY000009400,A003409,2025-12-03 16:00:00,7482.92,SUCCESS,CASH,AI Voice
PAY000009401,A002681,2026-04-06 11:00:00,3580.61,SUCCESS,CARD,AI Voice
PAY000009402,A003859,2025-09-17 20:00:00,8298.19,SUCCESS,UPI,AI Voice
PAY000009403,A002267,2026-08-08 21:00:00,7885.56,SUCCESS,BANK,Self_Pay
PAY000009404,A002792,2025-09-13 13:00:00,5464.67,SUCCESS,UPI,WhatsApp
PAY000009405,A002336,2026-06-17 08:00:00,3181.18,SUCCESS,BANK,Field
PAY000009406,A000981,2025-09-27 16:00:00,5048.23,SUCCESS,CASH,Field
PAY000009407,A001557,2025-09-23 19:00:00,12984.3,SUCCESS,CASH,Self_Pay
PAY000009408,A003210,2026-05-16 12:00:00,9744.4,FAILED,CARD,Self_Pay
PAY000009409,A002479,2025-10-08 16:00:00,5228.76,SUCCESS,BANK,AI Voice
PAY000009410,A000831,2026-03-12 10:00:00,2578.53,SUCCESS,BANK,Self_Pay
PAY000009411,A003651,2025-12-19 15:00:00,15667.21,SUCCESS,BANK,Human
PAY000009412,A000165,2026-05-17 08:00:00,2001.74,SUCCESS,UPI,Field
PAY000009413,A001441,2025-09-07 09:00:00,2202.09,FAILED,BANK,Self_Pay
PAY000009414,A001111,2026-07-05 16:00:00,1240.82,SUCCESS,BANK,AI Voice
PAY000009415,A001046,2025-10-13 18:00:00,15748.49,FAILED,CASH,WhatsApp
PAY000009416,A002578,2025-10-14 09:00:00,11667.0,SUCCESS,BANK,Human
PAY000009417,A000518,2026-03-09 14:00:00,9732.72,FAILED,BANK,WhatsApp
PAY000009418,A002051,2025-11-13 07:00:00,1231.53,SUCCESS,BANK,WhatsApp
PAY000009419,A003404,2026-08-13 08:00:00,15132.0,SUCCESS,CARD,Self_Pay
PAY000009420,A000079,2025-09-24 13:00:00,6586.32,FAILED,CASH,AI Voice
PAY000009421,A000735,2025-12-24 09:00:00,10667.71,FAILED,CASH,WhatsApp
PAY000009422,A001384,2026-07-02 10:00:00,10342.53,SUCCESS,UPI,AI Voice
PAY000009423,A002702,2026-01-04 12:00:00,1407.11,FAILED,CARD,AI Voice
PAY000009424,A004110,2026-06-07 14:00:00,9531.08,SUCCESS,UPI,Self_Pay
PAY000009425,A001455,2026-02-09 16:00:00,2324.79,FAILED,UPI,Field
PAY000009426,A002973,2026-01-08 17:00:00,10200.93,FAILED,UPI,Human
PAY000009427,A002539,2025-11-27 18:00:00,4251.77,FAILED,CARD,Human
PAY000009428,A004026,2026-05-18 10:00:00,6847.0,SUCCESS,BANK,WhatsApp
PAY000009429,A001571,2025-12-02 14:00:00,13327.74,SUCCESS,BANK,Human
PAY000009430,A003993,2026-03-03 09:00:00,4567.28,SUCCESS,CARD,Field
PAY000009431,A003195,2026-05-04 16:00:00,13931.45,SUCCESS,UPI,Human
PAY000009432,A000851,2026-02-18 19:00:00,4358.07,FAILED,CARD,Human
PAY000009433,A001462,2025-10-09 09:00:00,14635.4,FAILED,CARD,WhatsApp
PAY000009434,A003370,2026-06-14 21:00:00,1199.23,SUCCESS,CARD,AI Voice
PAY000009435,A002290,2026-05-15 12:00:00,1710.92,SUCCESS,CARD,Field
PAY000009436,A002536,2025-12-12 09:00:00,2403.23,FAILED,CARD,AI Voice
PAY000009437,A000207,2026-06-25 09:00:00,9101.42,SUCCESS,BANK,WhatsApp
PAY000009438,A002407,2026-01-13 14:00:00,10975.6,FAILED,BANK,AI Voice
PAY000009439,A000928,2026-01-10 15:00:00,6429.39,SUCCESS,UPI,Field
PAY000009440,A004092,2025-09-09 21:00:00,11244.01,SUCCESS,BANK,AI Voice
PAY000009441,A000756,2026-06-08 17:00:00,14975.22,SUCCESS,UPI,Self_Pay
PAY000009442,A002102,2025-11-04 07:00:00,15205.49,SUCCESS,UPI,Human
PAY000009443,A001924,2026-05-01 19:00:00,2807.37,SUCCESS,CARD,AI Voice
PAY000009444,A000183,2026-01-09 19:00:00,11449.12,SUCCESS,CASH,Human
PAY000009445,A002955,2025-10-09 18:00:00,5569.98,FAILED,UPI,Human
PAY000009446,A000144,2026-07-21 13:00:00,8258.62,FAILED,BANK,AI Voice
PAY000009447,A002581,2026-05-05 16:00:00,12827.19,SUCCESS,CASH,Self_Pay
PAY000009448,A002613,2026-02-01 18:00:00,4234.29,FAILED,BANK,WhatsApp
PAY000009449,A000318,2026-02-20 09:00:00,12161.4,SUCCESS,CARD,Self_Pay
PAY000009450,A003188,2025-09-21 17:00:00,7703.05,SUCCESS,CASH,AI Voice
PAY000009451,A001546,2026-04-27 16:00:00,14066.92,SUCCESS,CASH,WhatsApp
PAY000009452,A000987,2026-08-22 10:00:00,9746.56,SUCCESS,UPI,Human
PAY000009453,A001917,2025-10-01 17:00:00,12184.0,FAILED,CASH,AI Voice
PAY000009454,A002644,2025-11-22 08:00:00,9866.59,FAILED,BANK,Self_Pay
PAY000009455,A001440,2025-11-15 11:00:00,2657.91,SUCCESS,CARD,AI Voice
PAY000009456,A003911,2026-08-21 14:00:00,15289.11,SUCCESS,UPI,Self_Pay
PAY000009457,A000268,2025-10-09 18:00:00,13667.85,SUCCESS,CARD,AI Voice
PAY000009458,A000147,2026-05-17 08:00:00,10781.0,SUCCESS,UPI,Field
PAY000009459,A002028,2025-10-25 08:00:00,11672.22,SUCCESS,UPI,Field
PAY000009460,A000174,2026-03-15 21:00:00,14246.8,SUCCESS,CARD,Field
PAY000009461,A003188,2025-12-07 20:00:00,3591.23,SUCCESS,UPI,WhatsApp
PAY000009462,A000021,2026-05-22 14:00:00,15184.26,SUCCESS,CASH,Field
PAY000009463,A004172,2025-09-04 09:00:00,9727.56,SUCCESS,CARD,Field
PAY000009464,A002859,2025-10-11 16:00:00,14914.63,SUCCESS,CARD,Field
PAY000009465,A003155,2026-08-08 09:00:00,1411.31,FAILED,BANK,AI Voice
PAY000009466,A003982,2025-09-10 09:00:00,1413.94,SUCCESS,CARD,Field
PAY000009467,A002771,2026-08-06 11:00:00,7326.06,SUCCESS,UPI,WhatsApp
PAY000009468,A000641,2025-09-26 10:00:00,15864.54,SUCCESS,BANK,WhatsApp
PAY000009469,A000147,2025-11-01 21:00:00,8498.98,SUCCESS,UPI,Self_Pay
PAY000009470,A002668,2025-10-16 18:00:00,7909.48,SUCCESS,CARD,AI Voice
PAY000009471,A002777,2026-05-21 21:00:00,11529.4,SUCCESS,CASH,Human
PAY000009472,A002905,2025-12-27 12:00:00,2576.63,FAILED,BANK,AI Voice
PAY000009473,A001526,2026-04-19 13:00:00,6186.57,SUCCESS,CASH,AI Voice
PAY000009474,A002346,2026-08-15 18:00:00,9398.0,SUCCESS,UPI,Human
PAY000009475,A000392,2026-02-22 11:00:00,2251.35,SUCCESS,BANK,Field
PAY000009476,A002529,2026-08-15 13:00:00,9298.8,SUCCESS,CASH,AI Voice
PAY000009477,A001387,2026-04-06 09:00:00,4119.62,SUCCESS,UPI,Field
PAY000009478,A000713,2025-10-17 07:00:00,10545.29,FAILED,CARD,WhatsApp
PAY000009479,A001337,2025-12-16 14:00:00,6186.0,FAILED,BANK,Field
PAY000009480,A003419,2025-10-13 16:00:00,5932.47,SUCCESS,UPI,Human
PAY000009481,A000604,2025-11-22 18:00:00,2957.43,SUCCESS,CARD,Self_Pay
PAY000009482,A003766,2026-05-24 13:00:00,12562.94,SUCCESS,BANK,WhatsApp
PAY000009483,A000338,2026-06-17 17:00:00,6942.08,SUCCESS,CASH,Field
PAY000009484,A002940,2026-07-12 15:00:00,7338.19,SUCCESS,UPI,Self_Pay
PAY000009485,A002921,2025-10-24 16:00:00,5911.5,SUCCESS,CASH,Human
PAY000009486,A003893,2026-08-13 20:00:00,1802.61,FAILED,CARD,Field
PAY000009487,A003775,2025-09-22 20:00:00,7203.29,SUCCESS,CARD,AI Voice
PAY000009488,A003707,2025-09-11 21:00:00,9876.4,SUCCESS,BANK,Self_Pay
PAY000009489,A001711,2025-09-09 12:00:00,3862.47,SUCCESS,BANK,Self_Pay
PAY000009490,A000413,2026-02-10 14:00:00,13092.91,SUCCESS,CASH,AI Voice
PAY000009491,A004107,2025-10-01 13:00:00,13057.29,SUCCESS,UPI,Self_Pay
PAY000009492,A000817,2026-01-08 15:00:00,6821.83,SUCCESS,UPI,Human
PAY000009493,A000610,2026-03-20 19:00:00,1876.28,SUCCESS,CARD,WhatsApp
PAY000009494,A000693,2025-11-01 14:00:00,4885.27,FAILED,CARD,Human
PAY000009495,A002525,2026-01-26 20:00:00,6726.57,SUCCESS,BANK,Field
PAY000009496,A000979,2025-09-02 19:00:00,4669.75,SUCCESS,UPI,Human
PAY000009497,A003324,2025-10-04 14:00:00,4399.81,SUCCESS,BANK,WhatsApp
PAY000009498,A001970,2026-05-01 11:00:00,8529.4,FAILED,UPI,Human
PAY000009499,A002116,2025-09-05 11:00:00,2184.43,SUCCESS,CARD,Self_Pay
PAY000009500,A003645,2026-04-02 08:00:00,8480.71,SUCCESS,UPI,WhatsApp
PAY000009501,A001321,2026-06-20 21:00:00,7466.0,FAILED,BANK,Field
PAY000009502,A001562,2026-03-10 21:00:00,11213.6,SUCCESS,CASH,WhatsApp
PAY000009503,A002485,2026-02-11 13:00:00,10818.87,SUCCESS,BANK,Field
PAY000009504,A002001,2026-04-01 11:00:00,14647.35,SUCCESS,BANK,WhatsApp
PAY000009505,A001161,2026-06-06 17:00:00,1046.89,SUCCESS,CASH,Self_Pay
PAY000009506,A002458,2026-08-10 20:00:00,15907.96,SUCCESS,CARD,Human
PAY000009507,A002401,2026-02-16 08:00:00,15329.15,SUCCESS,UPI,Field
PAY000009508,A001993,2026-03-14 12:00:00,4704.11,FAILED,UPI,Human
PAY000009509,A002191,2026-06-06 19:00:00,12557.83,SUCCESS,CARD,Self_Pay
PAY000009510,A002108,2026-02-09 21:00:00,3951.48,SUCCESS,UPI,Self_Pay
PAY000009511,A000506,2026-06-06 09:00:00,6790.59,SUCCESS,CARD,WhatsApp
PAY000009512,A003149,2025-10-26 18:00:00,3233.19,SUCCESS,CARD,WhatsApp
PAY000009513,A001468,2026-05-14 12:00:00,7387.35,SUCCESS,CARD,Human
PAY000009514,A002920,2025-11-15 16:00:00,11905.35,SUCCESS,UPI,WhatsApp
PAY000009515,A003372,2026-08-15 11:00:00,1943.07,SUCCESS,CASH,Self_Pay
PAY000009516,A001489,2026-07-02 14:00:00,8536.9,SUCCESS,CASH,Self_Pay
PAY000009517,A003776,2025-11-01 14:00:00,3340.34,SUCCESS,CARD,Field
PAY000009518,A000952,2025-11-12 20:00:00,9991.52,FAILED,BANK,Field
PAY000009519,A002286,2026-06-04 12:00:00,6905.86,SUCCESS,BANK,AI Voice
PAY000009520,A001509,2026-08-07 21:00:00,12943.03,SUCCESS,CARD,Field
PAY000009521,A004161,2025-10-01 14:00:00,5902.04,SUCCESS,CARD,WhatsApp
PAY000009522,A000525,2025-10-15 21:00:00,2708.18,SUCCESS,CARD,Human
PAY000009523,A003743,2026-01-02 08:00:00,12799.0,FAILED,CASH,AI Voice
PAY000009524,A003171,2026-02-17 16:00:00,12763.95,FAILED,CASH,Field
PAY000009525,A000245,2026-07-01 19:00:00,10656.24,SUCCESS,CARD,Field
PAY000009526,A000576,2026-07-13 13:00:00,13596.42,SUCCESS,CASH,Field
PAY000009527,A003410,2026-06-25 19:00:00,6961.33,SUCCESS,CASH,Human
PAY000009528,A000990,2025-12-13 08:00:00,12864.55,SUCCESS,BANK,Human
PAY000009529,A000455,2026-01-12 12:00:00,7030.59,SUCCESS,UPI,Self_Pay
PAY000009530,A002817,2026-07-06 16:00:00,6569.2,SUCCESS,BANK,WhatsApp
PAY000009531,A001743,2026-07-26 12:00:00,8946.3,FAILED,UPI,Field
PAY000009532,A002432,2026-07-04 13:00:00,1854.12,SUCCESS,UPI,WhatsApp
PAY000009533,A003484,2026-03-20 12:00:00,8771.0,SUCCESS,CARD,WhatsApp
PAY000009534,A000923,2025-11-26 20:00:00,1123.29,SUCCESS,CASH,Field
PAY000009535,A003674,2025-12-11 11:00:00,4907.51,FAILED,BANK,Self_Pay
PAY000009536,A002701,2026-03-21 18:00:00,4908.07,SUCCESS,CARD,Field
PAY000009537,A001393,2025-10-21 21:00:00,10224.0,SUCCESS,CASH,Human
PAY000009538,A001089,2026-05-01 20:00:00,4401.94,SUCCESS,UPI,Human
PAY000009539,A000974,2026-03-26 17:00:00,6576.63,FAILED,BANK,Self_Pay
PAY000009540,A002184,2026-04-03 15:00:00,9688.0,SUCCESS,BANK,Field
PAY000009541,A002555,2025-09-20 12:00:00,3777.35,SUCCESS,CARD,AI Voice
PAY000009542,A001141,2026-07-19 21:00:00,13740.83,SUCCESS,UPI,Self_Pay
PAY000009543,A002933,2026-05-24 11:00:00,10866.02,SUCCESS,CASH,Human
PAY000009544,A003393,2026-05-20 18:00:00,5370.28,SUCCESS,CARD,Field
PAY000009545,A001874,2025-09-17 18:00:00,6758.12,SUCCESS,UPI,Field
PAY000009546,A001968,2025-09-04 14:00:00,14666.72,SUCCESS,CASH,Field
PAY000009547,A004008,2025-11-04 17:00:00,6836.72,SUCCESS,UPI,Human
PAY000009548,A003499,2026-04-20 21:00:00,4095.16,SUCCESS,CARD,Self_Pay
PAY000009549,A000798,2025-11-27 15:00:00,8163.14,SUCCESS,CASH,Human
PAY000009550,A002430,2026-06-17 20:00:00,8599.0,SUCCESS,CARD,AI Voice
PAY000009551,A004000,2025-09-26 16:00:00,9250.99,SUCCESS,CARD,Field
PAY000009552,A001765,2026-01-21 11:00:00,15196.28,SUCCESS,BANK,Self_Pay
PAY000009553,A001591,2026-01-12 15:00:00,7794.89,SUCCESS,CASH,AI Voice
PAY000009554,A000226,2026-02-10 16:00:00,2031.71,SUCCESS,UPI,Human
PAY000009555,A002964,2026-08-24 21:00:00,5764.71,SUCCESS,UPI,Field
PAY000009556,A000180,2025-11-14 19:00:00,8625.44,SUCCESS,CARD,AI Voice
PAY000009557,A001998,2026-03-04 17:00:00,1725.94,SUCCESS,UPI,AI Voice
PAY000009558,A000743,2025-10-14 21:00:00,1864.81,FAILED,CARD,Field
PAY000009559,A002157,2026-04-08 21:00:00,11161.11,SUCCESS,CASH,AI Voice
PAY000009560,A000284,2026-06-24 16:00:00,12567.06,SUCCESS,BANK,WhatsApp
PAY000009561,A003580,2026-07-12 13:00:00,2985.18,SUCCESS,BANK,Human
PAY000009562,A001692,2026-05-16 17:00:00,15759.56,SUCCESS,UPI,Self_Pay
PAY000009563,A001081,2026-03-20 19:00:00,6852.0,SUCCESS,CARD,AI Voice
PAY000009564,A002230,2026-07-20 20:00:00,13153.53,SUCCESS,CASH,Self_Pay
PAY000009565,A002555,2025-12-17 09:00:00,12839.4,SUCCESS,BANK,WhatsApp
PAY000009566,A001687,2026-05-05 09:00:00,9997.89,SUCCESS,BANK,Field
PAY000009567,A000556,2025-11-05 14:00:00,9992.39,SUCCESS,BANK,AI Voice
PAY000009568,A002928,2026-07-11 14:00:00,12187.66,SUCCESS,CASH,Field
PAY000009569,A000220,2026-08-11 15:00:00,8058.18,FAILED,CASH,WhatsApp
PAY000009570,A001329,2026-03-09 11:00:00,12843.65,FAILED,CASH,Self_Pay
PAY000009571,A002576,2026-04-24 11:00:00,3492.4,FAILED,CARD,Human
PAY000009572,A003424,2026-06-23 10:00:00,3195.99,SUCCESS,CASH,WhatsApp
PAY000009573,A002491,2026-07-10 14:00:00,7897.66,SUCCESS,CASH,Self_Pay
PAY000009574,A002592,2026-07-26 21:00:00,7846.33,FAILED,UPI,WhatsApp
PAY000009575,A000284,2025-11-07 15:00:00,9455.57,FAILED,CARD,Human
PAY000009576,A001084,2026-02-18 16:00:00,10747.38,FAILED,UPI,AI Voice
PAY000009577,A001742,2025-10-20 09:00:00,1633.43,FAILED,BANK,AI Voice
PAY000009578,A003405,2026-06-11 20:00:00,8093.82,SUCCESS,CARD,Human
PAY000009579,A003756,2025-09-23 16:00:00,2072.65,SUCCESS,CARD,Field
PAY000009580,A002000,2026-04-25 15:00:00,8044.86,FAILED,CARD,Human
PAY000009581,A003147,2026-05-03 13:00:00,8161.78,SUCCESS,UPI,AI Voice
PAY000009582,A002333,2025-10-22 11:00:00,3469.74,SUCCESS,CASH,WhatsApp
PAY000009583,A000301,2026-06-15 15:00:00,1254.0,SUCCESS,CASH,Self_Pay
PAY000009584,A002763,2025-09-07 13:00:00,7402.63,SUCCESS,CASH,Human
PAY000009585,A000719,2026-06-13 07:00:00,13521.0,SUCCESS,CARD,Self_Pay
PAY000009586,A003230,2025-11-26 10:00:00,14472.33,SUCCESS,BANK,Human
PAY000009587,A003714,2026-04-02 17:00:00,4933.7,SUCCESS,BANK,WhatsApp
PAY000009588,A002301,2025-11-17 09:00:00,9917.45,SUCCESS,CARD,WhatsApp
PAY000009589,A001473,2026-02-05 13:00:00,6435.7,SUCCESS,CARD,WhatsApp
PAY000009590,A002733,2026-02-21 10:00:00,7248.0,FAILED,UPI,Field
PAY000009591,A002561,2026-05-17 16:00:00,4321.99,SUCCESS,BANK,AI Voice
PAY000009592,A001834,2026-08-12 14:00:00,7724.2,SUCCESS,CASH,Self_Pay
PAY000009593,A003667,2026-06-08 13:00:00,8666.66,SUCCESS,BANK,Human
PAY000009594,A003144,2025-12-24 15:00:00,12649.77,SUCCESS,BANK,AI Voice
PAY000009595,A002309,2025-09-17 14:00:00,15718.18,FAILED,CASH,Field
PAY000009596,A002638,2025-12-05 07:00:00,11305.45,SUCCESS,BANK,Self_Pay
PAY000009597,A001021,2025-10-19 19:00:00,7579.99,SUCCESS,CARD,AI Voice
PAY000009598,A001062,2026-06-13 21:00:00,14738.83,SUCCESS,BANK,Field
PAY000009599,A001879,2026-08-14 11:00:00,5411.51,SUCCESS,UPI,Self_Pay
PAY000009600,A000139,2025-10-24 08:00:00,5440.69,FAILED,CARD,Human
PAY000009601,A004179,2025-10-23 20:00:00,13115.15,FAILED,UPI,Field
PAY000009602,A001997,2026-05-01 20:00:00,8433.31,SUCCESS,BANK,WhatsApp
PAY000009603,A003003,2026-05-10 17:00:00,10848.0,SUCCESS,CARD,Field
PAY000009604,A002853,2026-06-21 16:00:00,15118.35,FAILED,UPI,Field
PAY000009605,A003813,2026-05-12 17:00:00,12685.25,SUCCESS,UPI,Field
PAY000009606,A002376,2026-05-14 12:00:00,13382.75,FAILED,BANK,Field
PAY000009607,A001933,2026-06-07 11:00:00,5278.06,SUCCESS,CARD,AI Voice
PAY000009608,A000115,2025-12-22 20:00:00,3286.03,SUCCESS,CASH,AI Voice
PAY000009609,A002552,2026-04-19 11:00:00,13332.68,SUCCESS,CARD,Field
PAY000009610,A003514,2025-12-18 07:00:00,1434.58,SUCCESS,UPI,AI Voice
PAY000009611,A003499,2026-07-04 11:00:00,1760.99,SUCCESS,CARD,AI Voice
PAY000009612,A001216,2025-09-15 09:00:00,5001.89,SUCCESS,UPI,Human
PAY000009613,A001550,2025-12-15 17:00:00,7948.92,SUCCESS,CASH,Human
PAY000009614,A001119,2026-07-25 08:00:00,7570.81,SUCCESS,UPI,Human
PAY000009615,A001950,2025-12-17 08:00:00,14309.0,SUCCESS,UPI,Self_Pay
PAY000009616,A001709,2025-10-23 14:00:00,9661.38,SUCCESS,CASH,WhatsApp
PAY000009617,A001974,2026-07-11 19:00:00,15146.59,FAILED,CASH,Field
PAY000009618,A000782,2026-02-10 08:00:00,4951.54,SUCCESS,BANK,Field
PAY000009619,A000116,2025-12-12 18:00:00,4186.21,SUCCESS,CARD,WhatsApp
PAY000009620,A003950,2026-04-20 19:00:00,5109.91,FAILED,UPI,WhatsApp
PAY000009621,A002105,2026-05-19 12:00:00,14858.99,SUCCESS,CARD,AI Voice
PAY000009622,A002532,2025-10-17 12:00:00,12337.31,SUCCESS,BANK,AI Voice
PAY000009623,A000340,2026-01-27 09:00:00,4382.9,SUCCESS,CARD,Human
PAY000009624,A002137,2025-10-10 14:00:00,3053.88,FAILED,CARD,AI Voice
PAY000009625,A002623,2026-03-05 15:00:00,12388.04,SUCCESS,CARD,Field
PAY000009626,A002104,2026-03-14 08:00:00,6076.67,SUCCESS,BANK,Self_Pay
PAY000009627,A001027,2026-07-12 14:00:00,7627.0,FAILED,BANK,Human
PAY000009628,A003994,2026-06-26 08:00:00,7638.39,SUCCESS,UPI,Human
PAY000009629,A000888,2025-11-16 20:00:00,2513.35,SUCCESS,UPI,Human
PAY000009630,A003523,2026-01-20 10:00:00,3696.59,SUCCESS,CARD,Self_Pay
PAY000009631,A003835,2026-04-16 12:00:00,2055.38,SUCCESS,CASH,Self_Pay
PAY000009632,A000894,2025-11-10 13:00:00,3813.32,SUCCESS,UPI,Human
PAY000009633,A004181,2025-10-23 13:00:00,12162.33,SUCCESS,UPI,Human
PAY000009634,A000933,2026-06-20 21:00:00,4399.59,SUCCESS,UPI,Self_Pay
PAY000009635,A001963,2026-04-23 12:00:00,8279.46,SUCCESS,UPI,AI Voice
PAY000009636,A001601,2026-01-26 13:00:00,9334.83,SUCCESS,BANK,AI Voice
PAY000009637,A000747,2026-02-12 12:00:00,9698.46,FAILED,BANK,Field
PAY000009638,A001475,2025-10-24 10:00:00,1967.09,SUCCESS,BANK,WhatsApp
PAY000009639,A002525,2025-12-16 13:00:00,10486.69,FAILED,CASH,AI Voice
PAY000009640,A001349,2026-08-25 09:00:00,11742.48,SUCCESS,CARD,WhatsApp
PAY000009641,A003778,2026-05-25 21:00:00,7226.69,SUCCESS,CASH,AI Voice
PAY000009642,A000384,2026-07-05 12:00:00,1301.17,SUCCESS,CASH,Human
PAY000009643,A001179,2026-03-09 12:00:00,15652.07,SUCCESS,CARD,Self_Pay
PAY000009644,A002038,2026-05-20 08:00:00,4571.85,SUCCESS,BANK,Field
PAY000009645,A001713,2026-04-04 20:00:00,10438.34,SUCCESS,UPI,Field
PAY000009646,A003289,2026-04-04 08:00:00,10255.41,SUCCESS,CARD,Self_Pay
PAY000009647,A003165,2026-08-16 20:00:00,9932.55,SUCCESS,UPI,Field
PAY000009648,A003685,2026-07-25 08:00:00,15480.77,SUCCESS,UPI,Human
PAY000009649,A000480,2025-11-08 16:00:00,8028.92,FAILED,CASH,Self_Pay
PAY000009650,A000902,2026-07-18 14:00:00,15213.6,FAILED,BANK,AI Voice
PAY000009651,A001944,2026-04-19 20:00:00,10101.85,SUCCESS,CARD,Field
PAY000009652,A002127,2025-11-13 17:00:00,6958.34,SUCCESS,UPI,Field
PAY000009653,A004157,2026-08-03 12:00:00,12642.73,SUCCESS,UPI,WhatsApp
PAY000009654,A000077,2025-11-08 16:00:00,7654.96,SUCCESS,BANK,AI Voice
PAY000009655,A000989,2025-11-12 09:00:00,8472.15,SUCCESS,UPI,Self_Pay
PAY000009656,A002642,2025-10-09 08:00:00,2149.95,SUCCESS,UPI,WhatsApp
PAY000009657,A002493,2025-12-03 11:00:00,3700.66,SUCCESS,BANK,Human
PAY000009658,A000808,2026-08-07 20:00:00,3833.99,SUCCESS,CARD,AI Voice
PAY000009659,A000484,2026-02-27 07:00:00,12673.09,FAILED,BANK,Self_Pay
PAY000009660,A001480,2026-04-01 08:00:00,1577.84,SUCCESS,CASH,Field
PAY000009661,A000844,2026-07-25 20:00:00,13047.3,SUCCESS,CASH,WhatsApp
PAY000009662,A002583,2026-05-21 18:00:00,5261.24,FAILED,CARD,AI Voice
PAY000009663,A002910,2026-08-14 21:00:00,1320.48,SUCCESS,CASH,WhatsApp
PAY000009664,A003648,2026-07-17 17:00:00,9168.54,SUCCESS,BANK,Human
PAY000009665,A000380,2026-04-03 21:00:00,6500.61,SUCCESS,UPI,Field
PAY000009666,A004131,2026-05-05 09:00:00,6670.63,FAILED,BANK,Field
PAY000009667,A002815,2026-08-04 16:00:00,12103.7,FAILED,UPI,Field
PAY000009668,A000640,2025-09-16 20:00:00,15275.0,SUCCESS,CASH,WhatsApp
PAY000009669,A003956,2026-02-16 09:00:00,5070.33,FAILED,BANK,WhatsApp
PAY000009670,A002710,2025-12-09 18:00:00,2545.83,FAILED,CASH,Self_Pay
PAY000009671,A000054,2025-11-18 09:00:00,8321.1,SUCCESS,CASH,Self_Pay
PAY000009672,A003011,2025-12-15 15:00:00,9215.38,SUCCESS,UPI,Field
PAY000009673,A002470,2026-01-23 18:00:00,13966.0,FAILED,UPI,Field
PAY000009674,A001911,2026-03-27 09:00:00,1470.97,SUCCESS,CASH,AI Voice
PAY000009675,A000005,2025-09-16 17:00:00,8779.0,FAILED,CASH,Human
PAY000009676,A001420,2026-05-08 20:00:00,6196.87,SUCCESS,CARD,Field
PAY000009677,A003471,2026-06-17 10:00:00,3649.33,FAILED,BANK,AI Voice
PAY000009678,A001693,2025-09-20 18:00:00,5866.07,SUCCESS,BANK,Human
PAY000009679,A003859,2026-01-10 11:00:00,9462.42,SUCCESS,CASH,Human
PAY000009680,A002005,2026-01-13 10:00:00,7557.92,SUCCESS,CASH,WhatsApp
PAY000009681,A004046,2026-03-02 19:00:00,4629.04,SUCCESS,BANK,Self_Pay
PAY000009682,A003028,2026-02-01 21:00:00,12826.62,FAILED,BANK,Field
PAY000009683,A002643,2026-02-03 15:00:00,12995.5,SUCCESS,UPI,AI Voice
PAY000009684,A002867,2026-03-23 17:00:00,10637.0,SUCCESS,CARD,Human
PAY000009685,A002640,2026-06-01 12:00:00,10607.86,SUCCESS,UPI,AI Voice
PAY000009686,A002830,2026-06-15 09:00:00,8194.96,SUCCESS,CARD,AI Voice
PAY000009687,A002559,2026-03-26 07:00:00,7049.68,SUCCESS,CARD,WhatsApp
PAY000009688,A002327,2026-02-13 11:00:00,13798.44,SUCCESS,CASH,Field
PAY000009689,A000575,2026-06-08 17:00:00,7369.08,SUCCESS,BANK,Human
PAY000009690,A000044,2026-03-09 09:00:00,1011.69,SUCCESS,UPI,Human
PAY000009691,A002760,2026-05-20 19:00:00,1652.29,SUCCESS,BANK,Human
PAY000009692,A000964,2026-08-05 19:00:00,5158.0,SUCCESS,BANK,Field
PAY000009693,A000591,2026-01-06 09:00:00,9779.44,SUCCESS,BANK,WhatsApp
PAY000009694,A003101,2026-04-16 07:00:00,1553.88,SUCCESS,CASH,Human
PAY000009695,A002188,2026-04-26 10:00:00,13411.44,FAILED,CARD,Field
PAY000009696,A000383,2026-04-16 15:00:00,10492.37,FAILED,BANK,AI Voice
PAY000009697,A002690,2026-06-20 14:00:00,8356.4,SUCCESS,CARD,Field
PAY000009698,A000719,2025-09-12 15:00:00,1804.14,FAILED,BANK,WhatsApp
PAY000009699,A003072,2025-09-16 21:00:00,2801.91,SUCCESS,BANK,WhatsApp
PAY000009700,A003952,2026-07-12 15:00:00,12686.39,SUCCESS,CARD,Self_Pay
PAY000009701,A001072,2026-06-18 12:00:00,1854.38,SUCCESS,BANK,Self_Pay
PAY000009702,A002474,2025-09-14 17:00:00,15204.05,SUCCESS,CARD,Human
PAY000009703,A001119,2026-04-20 18:00:00,9959.18,SUCCESS,BANK,Human
PAY000009704,A002689,2026-03-26 15:00:00,10130.0,SUCCESS,CASH,Field
PAY000009705,A002688,2026-02-11 08:00:00,15022.0,SUCCESS,CASH,AI Voice
PAY000009706,A000236,2026-08-26 07:00:00,14149.18,SUCCESS,BANK,AI Voice
PAY000009707,A003487,2026-05-22 10:00:00,1059.09,SUCCESS,CARD,WhatsApp
PAY000009708,A003727,2026-04-08 18:00:00,1450.72,FAILED,BANK,Field
PAY000009709,A003831,2026-05-10 14:00:00,13365.98,FAILED,UPI,Human
PAY000009710,A003335,2026-02-24 11:00:00,11856.26,SUCCESS,UPI,Field
PAY000009711,A001209,2026-08-21 20:00:00,13544.06,FAILED,CASH,Self_Pay
PAY000009712,A000812,2026-04-10 09:00:00,15953.79,SUCCESS,BANK,Self_Pay
PAY000009713,A001022,2026-08-06 16:00:00,15444.34,SUCCESS,BANK,Human
PAY000009714,A000712,2025-09-17 13:00:00,5443.45,SUCCESS,BANK,AI Voice
PAY000009715,A002146,2026-02-11 19:00:00,12501.53,SUCCESS,BANK,Field
PAY000009716,A002779,2026-02-12 08:00:00,9711.81,SUCCESS,CARD,Field
PAY000009717,A003538,2026-04-13 09:00:00,5720.93,SUCCESS,UPI,WhatsApp
PAY000009718,A002524,2025-12-24 18:00:00,1390.23,SUCCESS,CASH,WhatsApp
PAY000009719,A001126,2026-05-16 11:00:00,1620.12,SUCCESS,UPI,Human
PAY000009720,A001644,2026-03-11 07:00:00,10339.06,SUCCESS,BANK,Self_Pay
PAY000009721,A003616,2025-09-17 19:00:00,6646.89,FAILED,UPI,Human
PAY000009722,A003968,2025-09-24 11:00:00,8158.03,SUCCESS,BANK,Human
PAY000009723,A001470,2026-01-21 11:00:00,12299.19,SUCCESS,CASH,AI Voice
PAY000009724,A003542,2025-09-02 18:00:00,11441.84,SUCCESS,CASH,Field
PAY000009725,A001663,2026-07-22 08:00:00,2743.93,SUCCESS,CASH,WhatsApp
PAY000009726,A003688,2026-03-16 08:00:00,6934.99,SUCCESS,CARD,Field
PAY000009727,A004120,2025-12-27 19:00:00,2562.37,FAILED,CASH,Field
PAY000009728,A000554,2026-03-27 15:00:00,11399.45,SUCCESS,BANK,Self_Pay
PAY000009729,A001909,2025-12-22 13:00:00,11294.38,FAILED,UPI,AI Voice
PAY000009730,A003288,2025-10-22 14:00:00,3504.0,FAILED,UPI,Field
PAY000009731,A001329,2025-11-22 09:00:00,6446.87,FAILED,BANK,AI Voice
PAY000009732,A003741,2026-08-21 17:00:00,8759.0,SUCCESS,CASH,Human
PAY000009733,A001807,2026-06-25 07:00:00,1395.71,FAILED,CARD,Self_Pay
PAY000009734,A003836,2025-11-08 20:00:00,4732.0,FAILED,BANK,WhatsApp
PAY000009735,A002815,2026-04-12 07:00:00,2130.24,SUCCESS,CASH,AI Voice
PAY000009736,A003504,2026-07-13 19:00:00,13633.39,FAILED,UPI,Field
PAY000009737,A003912,2025-11-09 19:00:00,15616.65,SUCCESS,CASH,Field
PAY000009738,A003735,2025-09-21 14:00:00,9943.08,SUCCESS,BANK,Self_Pay
PAY000009739,A002874,2026-08-03 18:00:00,7987.0,SUCCESS,CASH,AI Voice
PAY000009740,A002956,2025-11-13 07:00:00,12439.0,SUCCESS,CARD,Self_Pay
PAY000009741,A002634,2026-08-10 08:00:00,11178.36,SUCCESS,BANK,Field
PAY000009742,A003363,2025-10-01 18:00:00,10598.63,FAILED,CASH,AI Voice
PAY000009743,A001961,2025-10-10 21:00:00,12329.32,SUCCESS,BANK,Self_Pay
PAY000009744,A000100,2026-03-22 07:00:00,15131.38,SUCCESS,UPI,Self_Pay
PAY000009745,A004138,2025-11-05 19:00:00,7170.52,SUCCESS,BANK,WhatsApp
PAY000009746,A002614,2026-01-02 14:00:00,8339.23,FAILED,CASH,Self_Pay
PAY000009747,A003315,2026-03-04 21:00:00,8512.5,SUCCESS,CASH,AI Voice
PAY000009748,A004101,2026-05-18 21:00:00,7679.88,SUCCESS,BANK,Self_Pay
PAY000009749,A003501,2026-05-04 15:00:00,6317.85,SUCCESS,CARD,Field
PAY000009750,A003572,2026-08-09 16:00:00,14732.29,SUCCESS,UPI,AI Voice
PAY000009751,A000733,2026-04-19 09:00:00,2577.12,SUCCESS,BANK,Human
PAY000009752,A001927,2026-03-10 10:00:00,11717.62,FAILED,BANK,Self_Pay
PAY000009753,A002921,2026-04-09 21:00:00,8662.62,SUCCESS,CARD,AI Voice
PAY000009754,A002240,2026-06-06 09:00:00,2578.44,SUCCESS,BANK,WhatsApp
PAY000009755,A000131,2026-05-16 16:00:00,12635.5,FAILED,CASH,AI Voice
PAY000009756,A003000,2026-07-14 13:00:00,8343.97,SUCCESS,CARD,WhatsApp
PAY000009757,A003127,2026-06-21 15:00:00,3137.84,SUCCESS,BANK,AI Voice
PAY000009758,A001829,2025-10-12 16:00:00,4257.79,SUCCESS,UPI,AI Voice
PAY000009759,A001766,2025-11-23 17:00:00,2790.29,SUCCESS,CASH,WhatsApp
PAY000009760,A001803,2026-03-24 08:00:00,8836.27,SUCCESS,BANK,AI Voice
PAY000009761,A003123,2026-06-22 14:00:00,15777.83,SUCCESS,BANK,WhatsApp
PAY000009762,A000168,2026-02-16 19:00:00,10936.34,SUCCESS,CARD,WhatsApp
PAY000009763,A000222,2026-06-03 21:00:00,6783.43,SUCCESS,UPI,Self_Pay
PAY000009764,A001959,2026-04-09 13:00:00,13893.51,FAILED,CASH,Human
PAY000009765,A004105,2026-03-06 11:00:00,12658.0,FAILED,UPI,Field
PAY000009766,A000723,2026-01-17 17:00:00,11508.53,SUCCESS,BANK,Human
PAY000009767,A003305,2025-11-27 09:00:00,2036.03,SUCCESS,CARD,AI Voice
PAY000009768,A001624,2026-01-17 20:00:00,3255.26,SUCCESS,BANK,Field
PAY000009769,A001403,2026-05-08 12:00:00,2920.72,SUCCESS,CARD,AI Voice
PAY000009770,A003335,2026-08-25 15:00:00,6879.01,SUCCESS,BANK,Self_Pay
PAY000009771,A001454,2025-10-21 08:00:00,8080.0,FAILED,UPI,Human
PAY000009772,A001995,2025-10-17 20:00:00,11207.0,SUCCESS,CARD,Self_Pay
PAY000009773,A001990,2026-04-20 20:00:00,8984.29,SUCCESS,CARD,Self_Pay
PAY000009774,A000569,2025-11-04 12:00:00,6078.92,SUCCESS,CASH,AI Voice
PAY000009775,A000100,2026-08-08 10:00:00,9909.19,FAILED,UPI,Human
PAY000009776,A003474,2025-12-08 15:00:00,8174.39,SUCCESS,BANK,Self_Pay
PAY000009777,A003227,2026-05-04 16:00:00,2620.26,FAILED,UPI,Field
PAY000009778,A001640,2026-07-07 19:00:00,9858.31,FAILED,BANK,Field
PAY000009779,A002296,2026-04-11 21:00:00,15717.58,SUCCESS,CASH,WhatsApp
PAY000009780,A004115,2026-03-27 12:00:00,5001.12,FAILED,BANK,Self_Pay
PAY000009781,A003528,2026-04-10 11:00:00,4943.0,SUCCESS,BANK,Field
PAY000009782,A000954,2025-09-02 15:00:00,2316.12,FAILED,UPI,Field
PAY000009783,A000925,2026-02-03 19:00:00,3147.16,SUCCESS,CASH,AI Voice
PAY000009784,A002207,2026-04-23 17:00:00,12845.83,SUCCESS,BANK,Self_Pay
PAY000009785,A000047,2026-07-07 14:00:00,15313.72,FAILED,CASH,AI Voice
PAY000009786,A000235,2026-04-13 16:00:00,4044.84,FAILED,UPI,AI Voice
PAY000009787,A001547,2026-07-12 16:00:00,4777.01,FAILED,CARD,WhatsApp
PAY000009788,A000423,2026-04-10 19:00:00,9517.42,SUCCESS,BANK,Self_Pay
PAY000009789,A003433,2025-10-26 12:00:00,10382.77,FAILED,BANK,WhatsApp
PAY000009790,A003070,2026-06-16 16:00:00,12042.89,SUCCESS,BANK,AI Voice
PAY000009791,A001559,2026-01-10 07:00:00,7081.49,FAILED,CARD,Human
PAY000009792,A000232,2026-08-15 08:00:00,5754.4,SUCCESS,UPI,Field
PAY000009793,A003363,2026-05-17 21:00:00,11964.0,SUCCESS,CARD,WhatsApp
PAY000009794,A002032,2026-02-23 18:00:00,15492.77,SUCCESS,BANK,Self_Pay
PAY000009795,A002054,2026-07-18 09:00:00,9679.3,SUCCESS,CASH,Field
PAY000009796,A000025,2026-04-01 17:00:00,15030.16,SUCCESS,BANK,Field
PAY000009797,A000569,2026-03-22 10:00:00,7921.03,SUCCESS,BANK,WhatsApp
PAY000009798,A003465,2026-05-10 20:00:00,1354.4,FAILED,BANK,Field
PAY000009799,A003694,2025-09-17 17:00:00,6724.43,SUCCESS,UPI,Field
PAY000009800,A000706,2026-04-01 09:00:00,2715.02,SUCCESS,CARD,Field
PAY000009801,A000254,2025-10-05 15:00:00,5670.55,SUCCESS,CASH,Human
PAY000009802,A001592,2025-11-01 17:00:00,2842.11,FAILED,BANK,WhatsApp
PAY000009803,A002918,2026-01-25 15:00:00,14020.89,SUCCESS,CASH,WhatsApp
PAY000009804,A000953,2026-03-12 19:00:00,6053.0,SUCCESS,UPI,WhatsApp
PAY000009805,A002104,2026-03-05 20:00:00,15624.59,SUCCESS,UPI,Field
PAY000009806,A002652,2026-03-11 07:00:00,10913.52,FAILED,BANK,AI Voice
PAY000009807,A001989,2025-09-24 14:00:00,10113.13,SUCCESS,CARD,Field
PAY000009808,A003781,2025-11-13 19:00:00,8185.25,SUCCESS,CARD,Field
PAY000009809,A002252,2025-12-22 20:00:00,8937.85,FAILED,CARD,WhatsApp
PAY000009810,A002175,2025-10-17 11:00:00,8656.16,FAILED,BANK,WhatsApp
PAY000009811,A000260,2025-09-25 12:00:00,4728.53,SUCCESS,BANK,Human
PAY000009812,A002574,2026-03-18 08:00:00,4636.55,SUCCESS,CASH,Human
PAY000009813,A002745,2026-05-04 07:00:00,4061.3,SUCCESS,BANK,AI Voice
PAY000009814,A001565,2026-01-03 07:00:00,12160.74,SUCCESS,BANK,Self_Pay
PAY000009815,A001868,2025-10-09 09:00:00,3958.22,FAILED,CASH,AI Voice
PAY000009816,A001482,2026-05-07 21:00:00,1403.29,FAILED,CARD,AI Voice
PAY000009817,A000489,2026-02-05 07:00:00,1426.79,SUCCESS,BANK,AI Voice
PAY000009818,A000604,2025-10-18 08:00:00,15563.74,SUCCESS,UPI,Human
PAY000009819,A000394,2026-08-08 18:00:00,1334.75,FAILED,UPI,AI Voice
PAY000009820,A002050,2026-02-01 13:00:00,8182.03,FAILED,CASH,AI Voice
PAY000009821,A002269,2025-09-27 15:00:00,5054.58,FAILED,CARD,WhatsApp
PAY000009822,A001192,2026-05-08 13:00:00,8826.0,FAILED,BANK,Self_Pay
PAY000009823,A002022,2026-06-16 13:00:00,6186.88,SUCCESS,UPI,AI Voice
PAY000009824,A002971,2025-11-25 16:00:00,11076.36,SUCCESS,BANK,AI Voice
PAY000009825,A003854,2026-03-02 13:00:00,7315.95,FAILED,CARD,Human
PAY000009826,A001481,2026-07-16 21:00:00,9672.98,FAILED,UPI,AI Voice
PAY000009827,A002047,2026-01-07 17:00:00,10582.07,FAILED,CARD,Human
PAY000009828,A001787,2025-11-04 08:00:00,15158.88,SUCCESS,CARD,AI Voice
PAY000009829,A003351,2025-11-13 19:00:00,11556.66,FAILED,UPI,Human
PAY000009830,A002549,2026-01-13 20:00:00,3785.9,SUCCESS,CASH,Field
PAY000009831,A003280,2026-07-03 16:00:00,14197.07,FAILED,CARD,AI Voice
PAY000009832,A001060,2026-01-25 18:00:00,7649.65,SUCCESS,CARD,AI Voice
PAY000009833,A002508,2026-01-19 20:00:00,11796.95,SUCCESS,UPI,Field
PAY000009834,A002880,2026-07-27 14:00:00,12594.69,FAILED,UPI,Field
PAY000009835,A000317,2026-08-15 07:00:00,6022.92,SUCCESS,BANK,AI Voice
PAY000009836,A001453,2026-06-26 08:00:00,10252.64,SUCCESS,CASH,Field
PAY000009837,A002630,2025-09-21 16:00:00,4819.04,SUCCESS,CARD,WhatsApp
PAY000009838,A002602,2025-10-10 18:00:00,12910.92,SUCCESS,CASH,Self_Pay
PAY000009839,A000804,2026-06-08 20:00:00,11684.73,SUCCESS,BANK,WhatsApp
PAY000009840,A003527,2025-12-01 19:00:00,10929.52,SUCCESS,UPI,Human
PAY000009841,A002801,2026-06-01 14:00:00,10970.91,SUCCESS,CASH,Field
PAY000009842,A001648,2026-08-05 13:00:00,14997.38,SUCCESS,CASH,Self_Pay
PAY000009843,A001140,2026-02-05 19:00:00,9130.63,FAILED,CARD,Field
PAY000009844,A000129,2026-04-20 18:00:00,2904.67,SUCCESS,CASH,Field
PAY000009845,A001508,2026-06-23 14:00:00,1086.62,SUCCESS,CASH,WhatsApp
PAY000009846,A000433,2026-01-21 17:00:00,5507.05,SUCCESS,CARD,Self_Pay
PAY000009847,A003062,2026-07-10 20:00:00,11792.75,SUCCESS,BANK,Self_Pay
PAY000009848,A002025,2026-05-16 12:00:00,10820.84,SUCCESS,CARD,Human
PAY000009849,A000879,2026-04-03 10:00:00,10109.95,SUCCESS,CASH,Human
PAY000009850,A004064,2026-06-01 19:00:00,14031.19,SUCCESS,CASH,WhatsApp
PAY000009851,A000692,2026-02-05 08:00:00,5063.41,SUCCESS,CARD,Self_Pay
PAY000009852,A002367,2025-10-22 10:00:00,15129.59,SUCCESS,CARD,WhatsApp
PAY000009853,A000157,2025-12-07 21:00:00,14457.35,SUCCESS,CASH,Human
PAY000009854,A003654,2025-12-16 07:00:00,10870.88,SUCCESS,UPI,Human
PAY000009855,A000813,2026-06-15 14:00:00,13232.42,SUCCESS,CARD,WhatsApp
PAY000009856,A003406,2026-01-26 12:00:00,12695.15,FAILED,CARD,AI Voice
PAY000009857,A000481,2025-11-17 17:00:00,11647.86,SUCCESS,CASH,Field
PAY000009858,A001849,2026-01-15 13:00:00,7499.22,SUCCESS,BANK,WhatsApp
PAY000009859,A004124,2026-05-06 13:00:00,13070.88,SUCCESS,UPI,Self_Pay
PAY000009860,A002560,2026-02-20 07:00:00,5670.45,SUCCESS,CARD,WhatsApp
PAY000009861,A002592,2026-01-08 20:00:00,15807.46,FAILED,BANK,Field
PAY000009862,A000455,2026-08-09 16:00:00,7909.43,FAILED,BANK,AI Voice
PAY000009863,A004095,2025-10-21 18:00:00,3101.49,FAILED,CASH,Field
PAY000009864,A000584,2025-09-15 07:00:00,9183.0,FAILED,UPI,AI Voice
PAY000009865,A001225,2026-04-11 13:00:00,4650.48,SUCCESS,CASH,Human
PAY000009866,A001660,2025-10-26 16:00:00,13502.67,SUCCESS,UPI,AI Voice
PAY000009867,A001408,2025-09-03 13:00:00,9951.56,SUCCESS,UPI,WhatsApp
PAY000009868,A003622,2026-05-27 10:00:00,4771.32,SUCCESS,CARD,Human
PAY000009869,A004001,2026-02-11 21:00:00,15375.23,SUCCESS,UPI,Field
PAY000009870,A001434,2026-07-11 15:00:00,5839.34,SUCCESS,CASH,AI Voice
PAY000009871,A001114,2026-01-12 20:00:00,5525.0,SUCCESS,CASH,AI Voice
PAY000009872,A000352,2025-12-07 11:00:00,7559.62,FAILED,CASH,WhatsApp
PAY000009873,A001874,2025-09-12 09:00:00,1418.56,SUCCESS,UPI,AI Voice
PAY000009874,A003386,2026-07-16 07:00:00,5839.76,SUCCESS,CASH,Field
PAY000009875,A002019,2026-08-21 13:00:00,3727.4,SUCCESS,CARD,Human
PAY000009876,A003766,2025-11-18 16:00:00,12662.79,SUCCESS,CARD,Self_Pay
PAY000009877,A002618,2025-10-17 12:00:00,1731.23,FAILED,BANK,Human
PAY000009878,A003538,2025-11-02 15:00:00,4213.11,SUCCESS,CARD,WhatsApp
PAY000009879,A001221,2025-11-04 18:00:00,1925.98,SUCCESS,CARD,Human
PAY000009880,A000037,2026-05-25 11:00:00,6614.12,SUCCESS,BANK,AI Voice
PAY000009881,A000761,2026-01-24 09:00:00,8573.96,FAILED,UPI,AI Voice
PAY000009882,A000581,2026-03-19 19:00:00,8882.64,SUCCESS,CASH,Self_Pay
PAY000009883,A000173,2026-01-14 09:00:00,6888.74,SUCCESS,BANK,WhatsApp
PAY000009884,A003956,2026-07-16 11:00:00,4496.51,SUCCESS,CARD,Self_Pay
PAY000009885,A000409,2025-10-09 21:00:00,11378.72,FAILED,UPI,WhatsApp
PAY000009886,A000077,2026-04-16 19:00:00,5868.43,SUCCESS,CARD,Self_Pay
PAY000009887,A003604,2026-08-18 09:00:00,4966.0,SUCCESS,CARD,WhatsApp
PAY000009888,A003970,2026-06-09 15:00:00,12616.31,SUCCESS,CASH,Human
PAY000009889,A002346,2025-12-19 19:00:00,5228.89,FAILED,CARD,Self_Pay
PAY000009890,A001727,2026-08-14 16:00:00,6142.57,SUCCESS,CASH,WhatsApp
PAY000009891,A000997,2026-05-01 14:00:00,3345.77,SUCCESS,BANK,AI Voice
PAY000009892,A000410,2026-03-22 11:00:00,7780.43,FAILED,CARD,Human
PAY000009893,A002226,2025-12-01 08:00:00,8102.6,SUCCESS,CASH,Self_Pay
PAY000009894,A002643,2026-03-27 10:00:00,2908.34,SUCCESS,CASH,Human
PAY000009895,A003370,2026-01-22 16:00:00,10100.0,SUCCESS,CASH,Self_Pay
PAY000009896,A001580,2026-02-09 18:00:00,14288.13,SUCCESS,CARD,Field
PAY000009897,A002488,2025-11-15 14:00:00,7216.67,FAILED,CASH,Field
PAY000009898,A001605,2026-05-06 15:00:00,11984.18,SUCCESS,CARD,AI Voice
PAY000009899,A000270,2026-08-24 16:00:00,5772.56,SUCCESS,CARD,AI Voice
PAY000009900,A002430,2026-01-26 21:00:00,8599.0,SUCCESS,BANK,Human
PAY000009901,A000572,2026-02-06 20:00:00,14935.79,SUCCESS,UPI,WhatsApp
PAY000009902,A003614,2026-05-26 11:00:00,8860.1,SUCCESS,BANK,Self_Pay
PAY000009903,A002974,2026-01-13 21:00:00,10243.57,SUCCESS,CARD,Field
PAY000009904,A003148,2025-12-24 19:00:00,2234.58,FAILED,CASH,Self_Pay
PAY000009905,A003573,2026-08-02 13:00:00,3931.74,FAILED,CARD,Self_Pay
PAY000009906,A000109,2026-08-03 08:00:00,13122.06,FAILED,CARD,Field
PAY000009907,A001484,2026-01-08 21:00:00,9641.35,FAILED,BANK,Field
PAY000009908,A000296,2025-10-06 14:00:00,9093.09,SUCCESS,CARD,Human
PAY000009909,A003192,2026-03-02 07:00:00,10807.84,SUCCESS,BANK,WhatsApp
PAY000009910,A003530,2025-09-04 15:00:00,8830.9,SUCCESS,CASH,AI Voice
PAY000009911,A002776,2026-08-16 10:00:00,2830.86,SUCCESS,UPI,AI Voice
PAY000009912,A001640,2026-03-23 12:00:00,11030.0,FAILED,BANK,AI Voice
PAY000009913,A002051,2026-04-07 16:00:00,2618.28,FAILED,UPI,Field
PAY000009914,A003761,2025-09-06 17:00:00,13086.98,FAILED,CARD,Human
PAY000009915,A002204,2026-05-22 13:00:00,14070.36,SUCCESS,BANK,Human
PAY000009916,A002647,2025-11-07 17:00:00,8939.51,SUCCESS,UPI,Human
PAY000009917,A001201,2026-02-21 09:00:00,6444.64,SUCCESS,BANK,Self_Pay
PAY000009918,A003616,2026-03-20 18:00:00,2745.85,FAILED,CARD,Self_Pay
PAY000009919,A001774,2026-05-27 14:00:00,9870.01,SUCCESS,BANK,Field
PAY000009920,A000007,2026-05-26 10:00:00,13740.92,SUCCESS,UPI,Field
PAY000009921,A003248,2025-10-10 09:00:00,11716.18,SUCCESS,BANK,Human
PAY000009922,A003803,2025-12-16 17:00:00,7171.91,SUCCESS,CASH,Field
PAY000009923,A002903,2026-07-22 10:00:00,3168.01,SUCCESS,CASH,WhatsApp
PAY000009924,A000893,2026-02-03 19:00:00,13795.25,SUCCESS,UPI,WhatsApp
PAY000009925,A000732,2026-03-21 19:00:00,3587.57,SUCCESS,CARD,AI Voice
PAY000009926,A003405,2026-01-21 13:00:00,8627.79,SUCCESS,CASH,AI Voice
PAY000009927,A001720,2026-08-06 20:00:00,2697.23,SUCCESS,CASH,Self_Pay
PAY000009928,A002725,2026-07-25 18:00:00,8057.47,FAILED,UPI,Field
PAY000009929,A002145,2026-07-22 09:00:00,9147.77,SUCCESS,CASH,Human
PAY000009930,A003752,2026-04-02 15:00:00,5016.55,SUCCESS,UPI,Field
PAY000009931,A003897,2026-04-01 16:00:00,4712.77,SUCCESS,CASH,WhatsApp
PAY000009932,A000585,2025-10-14 08:00:00,15390.47,SUCCESS,CARD,Field
PAY000009933,A003626,2025-10-21 20:00:00,6382.3,SUCCESS,CARD,AI Voice
PAY000009934,A000780,2026-07-21 07:00:00,11438.44,SUCCESS,UPI,Self_Pay
PAY000009935,A002127,2025-09-19 18:00:00,14561.47,SUCCESS,CARD,Self_Pay
PAY000009936,A000807,2025-11-19 16:00:00,10277.99,FAILED,UPI,Human
PAY000009937,A000330,2026-05-01 19:00:00,3602.76,FAILED,CASH,Field
PAY000009938,A003097,2026-04-25 20:00:00,6351.43,SUCCESS,BANK,AI Voice
PAY000009939,A002158,2025-10-02 14:00:00,2722.22,SUCCESS,CARD,Human
PAY000009940,A001725,2026-05-07 12:00:00,10479.6,SUCCESS,BANK,Human
PAY000009941,A001763,2026-04-04 10:00:00,10312.8,SUCCESS,UPI,Field
PAY000009942,A001748,2026-07-13 17:00:00,15756.2,SUCCESS,UPI,WhatsApp
PAY000009943,A001438,2025-10-10 09:00:00,6888.0,SUCCESS,CARD,Field
PAY000009944,A001792,2026-05-16 19:00:00,8466.98,FAILED,BANK,Field
PAY000009945,A003696,2026-02-14 11:00:00,2521.19,SUCCESS,UPI,AI Voice
PAY000009946,A001517,2026-04-10 20:00:00,14192.49,SUCCESS,CASH,AI Voice
PAY000009947,A000420,2025-11-24 15:00:00,7332.68,SUCCESS,BANK,Field
PAY000009948,A001127,2026-08-10 13:00:00,10854.58,SUCCESS,UPI,WhatsApp
PAY000009949,A001393,2026-04-22 12:00:00,6066.15,SUCCESS,UPI,Human
PAY000009950,A001634,2026-01-10 15:00:00,15718.92,SUCCESS,UPI,Field
PAY000009951,A001837,2026-01-10 17:00:00,10952.7,SUCCESS,CARD,WhatsApp
PAY000009952,A000711,2026-07-16 13:00:00,14629.6,SUCCESS,CARD,AI Voice
PAY000009953,A003333,2026-07-19 10:00:00,12094.84,SUCCESS,CASH,Human
PAY000009954,A001710,2025-09-06 15:00:00,6644.57,SUCCESS,CASH,Self_Pay
PAY000009955,A003700,2025-12-25 21:00:00,5985.0,SUCCESS,CASH,Human
PAY000009956,A001897,2026-08-14 14:00:00,3281.61,FAILED,UPI,AI Voice
PAY000009957,A004057,2025-11-19 08:00:00,4790.76,FAILED,BANK,Human
PAY000009958,A001170,2026-05-27 10:00:00,13702.74,SUCCESS,UPI,AI Voice
PAY000009959,A000896,2026-05-23 09:00:00,8525.36,FAILED,UPI,Self_Pay
PAY000009960,A001158,2026-04-15 20:00:00,6495.97,SUCCESS,BANK,Field
PAY000009961,A003797,2026-08-11 16:00:00,7842.0,FAILED,CASH,WhatsApp
PAY000009962,A000917,2025-11-17 12:00:00,6329.4,SUCCESS,UPI,Self_Pay
PAY000009963,A001589,2026-06-19 19:00:00,15034.42,SUCCESS,UPI,WhatsApp
PAY000009964,A000123,2026-02-11 20:00:00,12868.29,FAILED,CARD,WhatsApp
PAY000009965,A001205,2025-09-04 09:00:00,7343.63,SUCCESS,UPI,Field
PAY000009966,A001276,2026-08-23 21:00:00,1271.46,SUCCESS,UPI,WhatsApp
PAY000009967,A000151,2025-12-18 07:00:00,9672.0,SUCCESS,UPI,Human
PAY000009968,A003084,2026-02-15 07:00:00,9259.36,SUCCESS,CASH,AI Voice
PAY000009969,A002102,2026-05-01 09:00:00,11685.04,FAILED,UPI,WhatsApp
PAY000009970,A002010,2026-08-01 15:00:00,12754.0,SUCCESS,BANK,AI Voice
PAY000009971,A000875,2026-06-08 18:00:00,10687.21,SUCCESS,BANK,Human
PAY000009972,A000952,2026-07-20 18:00:00,12316.52,FAILED,CASH,Human
PAY000009973,A002700,2026-06-14 19:00:00,13876.29,SUCCESS,CASH,Field
PAY000009974,A003357,2025-10-24 20:00:00,14542.53,SUCCESS,CASH,Field
PAY000009975,A000341,2026-07-02 15:00:00,14590.63,SUCCESS,CARD,WhatsApp
PAY000009976,A003514,2025-09-05 08:00:00,12126.11,SUCCESS,CARD,Self_Pay
PAY000009977,A004027,2026-06-17 11:00:00,5561.06,SUCCESS,UPI,AI Voice
PAY000009978,A003058,2026-08-19 07:00:00,7347.58,SUCCESS,CASH,WhatsApp
PAY000009979,A000194,2025-10-25 17:00:00,5088.48,SUCCESS,UPI,WhatsApp
PAY000009980,A003035,2026-07-10 08:00:00,12576.0,SUCCESS,CASH,Human
PAY000009981,A002159,2025-09-25 14:00:00,4373.25,SUCCESS,CASH,AI Voice
PAY000009982,A001996,2026-06-20 16:00:00,4613.69,FAILED,CARD,Self_Pay
PAY000009983,A002751,2026-03-24 09:00:00,12165.21,FAILED,CASH,WhatsApp
PAY000009984,A001007,2026-06-17 19:00:00,3233.11,SUCCESS,CARD,WhatsApp
PAY000009985,A002133,2025-11-25 17:00:00,12487.95,SUCCESS,BANK,Field
PAY000009986,A000661,2025-10-23 16:00:00,10782.95,SUCCESS,UPI,AI Voice
PAY000009987,A001662,2026-08-12 16:00:00,15689.57,SUCCESS,CASH,WhatsApp
PAY000009988,A002231,2025-12-04 18:00:00,5798.14,FAILED,CARD,Human
PAY000009989,A000778,2025-10-27 09:00:00,10922.72,SUCCESS,BANK,AI Voice
PAY000009990,A003580,2026-07-20 07:00:00,14528.34,FAILED,BANK,Self_Pay
PAY000009991,A003165,2025-09-16 13:00:00,1963.24,SUCCESS,CARD,Self_Pay
PAY000009992,A003826,2026-08-22 08:00:00,15932.83,SUCCESS,CASH,Field
PAY000009993,A004068,2026-07-02 19:00:00,6126.01,SUCCESS,UPI,Field
PAY000009994,A001005,2025-09-13 16:00:00,8480.05,SUCCESS,CASH,Human
PAY000009995,A000323,2026-06-23 15:00:00,15890.02,SUCCESS,UPI,Self_Pay
PAY000009996,A002455,2026-05-07 10:00:00,13811.12,SUCCESS,UPI,AI Voice
PAY000009997,A003284,2026-02-14 07:00:00,11391.06,SUCCESS,UPI,Human
PAY000009998,A001606,2025-11-19 12:00:00,1511.37,SUCCESS,CASH,Human
PAY000009999,A002460,2025-10-18 07:00:00,10530.25,SUCCESS,CASH,AI Voice
PAY000010000,A003323,2026-03-16 14:00:00,10718.43,SUCCESS,BANK,AI Voice
PAY000000006,A001010,2025-10-10 15:00:00,6164.25,SUCCESS,BANK,WhatsApp
PAY000000026,A002729,2026-08-11 15:00:00,10232.0,SUCCESS,BANK,Human
PAY000000126,A002006,2026-02-14 14:00:00,8916.1,SUCCESS,CARD,WhatsApp
PAY000000501,A001784,2025-12-13 09:00:00,9538.69,FAILED,CARD,Human
PAY000000901,A003005,2025-11-04 17:00:00,14556.74,SUCCESS,BANK,Field
