event_id,account_id,event_timestamp,event_type
WA00000001,A002340,2026-05-26 16:00:00,READ
WA00000002,A003135,2026-07-22 11:00:00,SENT
WA00000003,A000920,2026-04-08 21:00:00,DELIVERED
WA00000004,A000826,2026-04-13 11:00:00,SENT
WA00000005,A003654,2026-01-20 07:00:00,DELIVERED
WA00000006,A003996,2026-03-19 09:00:00,DELIVERED
WA00000007,A000096,2026-07-02 15:00:00,READ
WA00000008,A000412,2026-04-22 14:00:00,DELIVERED
WA00000009,A004022,2026-06-16 07:00:00,DELIVERED
WA00000010,A002612,2025-12-17 15:00:00,READ
WA00000011,A001754,2026-02-05 20:00:00,READ
WA00000012,A002392,2025-10-27 20:00:00,SENT
WA00000013,A002050,2025-10-14 07:00:00,REPLIED
WA00000014,A004051,2025-12-18 09:00:00,DELIVERED
WA00000015,A003918,2026-08-24 21:00:00,READ
WA00000016,A000786,2025-12-23 19:00:00,DELIVERED
WA00000017,A000997,2026-03-26 09:00:00,SENT
WA00000018,A002416,2026-07-04 13:00:00,DELIVERED
WA00000019,A000522,2026-04-03 12:00:00,DELIVERED
WA00000020,A001730,2025-09-05 08:00:00,REPLIED
WA00000021,A002196,2025-11-21 08:00:00,REPLIED
WA00000022,A003046,2026-01-25 15:00:00,READ
WA00000023,A002603,2026-03-24 22:00:00,DELIVERED
WA00000024,A000465,2025-12-10 14:00:00,DELIVERED
WA00000025,A001802,2026-06-26 21:00:00,READ
WA00000026,A003052,2026-03-17 11:00:00,DELIVERED
WA00000027,A001525,2025-10-23 11:00:00,FAILED
WA00000028,A001701,2026-05-11 14:00:00,DELIVERED
WA00000029,A003818,2025-10-21 07:00:00,SENT
WA00000030,A000310,2026-07-08 07:00:00,FAILED
WA00000031,A000802,2025-11-10 16:00:00,DELIVERED
WA00000032,A004047,2026-02-01 20:00:00,REPLIED
WA00000033,A003427,2026-06-17 22:00:00,REPLIED
WA00000034,A000732,2026-07-20 10:00:00,REPLIED
WA00000035,A000990,2026-04-22 20:00:00,DELIVERED
WA00000036,A002780,2025-12-09 09:00:00,DELIVERED
WA00000037,A003324,2026-08-13 19:00:00,READ
WA00000038,A000394,2025-11-22 10:00:00,FAILED
WA00000039,A001392,2025-10-01 13:00:00,READ
WA00000040,A003495,2025-09-22 10:00:00,DELIVERED
WA00000041,A002095,2025-11-04 22:00:00,DELIVERED
WA00000042,A002417,2026-02-19 08:00:00,SENT
WA00000043,A001775,2026-07-11 12:00:00,SENT
WA00000044,A001048,2026-03-03 07:00:00,DELIVERED
WA00000045,A000334,2025-12-08 22:00:00,SENT
WA00000046,A000474,2026-04-21 12:00:00,REPLIED
WA00000047,A000475,2025-09-06 08:00:00,DELIVERED
WA00000048,A001427,2026-06-09 07:00:00,DELIVERED
WA00000049,A001845,2026-07-23 07:00:00,SENT
WA00000050,A002896,2026-08-03 10:00:00,REPLIED
WA00000051,A002955,2025-12-12 22:00:00,DELIVERED
WA00000052,A000408,2025-10-26 22:00:00,DELIVERED
WA00000053,A001562,2026-06-02 15:00:00,SENT
WA00000054,A002528,2026-02-13 12:00:00,DELIVERED
WA00000055,A001046,2025-09-12 10:00:00,SENT
WA00000056,A003886,2025-12-04 14:00:00,REPLIED
WA00000057,A003133,2026-06-20 16:00:00,DELIVERED
WA00000058,A000565,2026-08-08 16:00:00,FAILED
WA00000059,A003259,2026-07-27 08:00:00,DELIVERED
WA00000060,A002248,2026-05-06 14:00:00,FAILED
WA00000061,A002085,2025-10-12 11:00:00,SENT
WA00000062,A004005,2026-06-14 17:00:00,DELIVERED
WA00000063,A003275,2025-12-27 11:00:00,READ
WA00000064,A001434,2025-12-13 19:00:00,REPLIED
WA00000065,A001363,2026-03-24 16:00:00,FAILED
WA00000066,A001797,2025-10-26 21:00:00,DELIVERED
WA00000067,A004175,2025-12-18 12:00:00,REPLIED
WA00000068,A000512,2025-11-18 22:00:00,READ
WA00000069,A001420,2025-11-27 15:00:00,REPLIED
WA00000070,A002622,2025-12-12 11:00:00,SENT
WA00000071,A000213,2026-08-10 08:00:00,FAILED
WA00000072,A001113,2025-12-14 15:00:00,REPLIED
WA00000073,A001598,2026-04-18 20:00:00,FAILED
WA00000074,A001183,2026-01-21 20:00:00,REPLIED
WA00000075,A002208,2025-11-08 13:00:00,FAILED
WA00000076,A002427,2026-04-03 16:00:00,DELIVERED
WA00000077,A003086,2025-11-06 20:00:00,REPLIED
WA00000078,A000319,2025-10-06 12:00:00,SENT
WA00000079,A003222,2026-03-04 17:00:00,FAILED
WA00000080,A000733,2026-02-15 15:00:00,READ
WA00000081,A000191,2026-03-25 13:00:00,SENT
WA00000082,A002590,2026-06-08 17:00:00,READ
WA00000083,A000803,2026-01-15 21:00:00,DELIVERED
WA00000084,A003562,2025-12-10 19:00:00,READ
WA00000085,A003071,2026-02-16 21:00:00,DELIVERED
WA00000086,A002510,2026-02-13 14:00:00,DELIVERED
WA00000087,A002504,2026-08-11 11:00:00,SENT
WA00000088,A000778,2025-12-24 09:00:00,DELIVERED
WA00000089,A004036,2025-09-14 12:00:00,READ
WA00000090,A000963,2025-09-25 13:00:00,DELIVERED
WA00000091,A003886,2026-02-27 07:00:00,READ
WA00000092,A000526,2026-06-21 18:00:00,DELIVERED
WA00000093,A003983,2026-07-13 14:00:00,READ
WA00000094,A001764,2025-09-15 18:00:00,READ
WA00000095,A003630,2026-04-06 15:00:00,FAILED
WA00000096,A000370,2025-09-23 18:00:00,READ
WA00000097,A002999,2026-03-25 18:00:00,DELIVERED
WA00000098,A000423,2026-08-08 12:00:00,DELIVERED
WA00000099,A003192,2026-01-11 22:00:00,READ
WA00000100,A001799,2026-07-02 16:00:00,DELIVERED
WA00000101,A003778,2026-07-03 12:00:00,DELIVERED
WA00000102,A003000,2025-10-05 16:00:00,READ
WA00000103,A002493,2025-09-14 17:00:00,FAILED
WA00000104,A001911,2026-05-15 08:00:00,DELIVERED
WA00000105,A003801,2025-11-20 11:00:00,DELIVERED
WA00000106,A001593,2026-06-12 17:00:00,DELIVERED
WA00000107,A001609,2026-04-25 08:00:00,DELIVERED
WA00000108,A002136,2026-07-08 12:00:00,DELIVERED
WA00000109,A003856,2026-01-27 08:00:00,REPLIED
WA00000110,A003232,2025-09-04 07:00:00,READ
WA00000111,A000401,2025-12-27 13:00:00,SENT
WA00000112,A000565,2026-01-17 18:00:00,READ
WA00000113,A001650,2025-12-23 08:00:00,REPLIED
WA00000114,A002154,2025-09-21 18:00:00,DELIVERED
WA00000115,A003544,2026-05-04 21:00:00,READ
WA00000116,A001879,2026-07-25 20:00:00,FAILED
WA00000117,A001537,2026-04-21 14:00:00,REPLIED
WA00000118,A003777,2026-04-23 17:00:00,DELIVERED
WA00000119,A001039,2026-07-05 17:00:00,READ
WA00000120,A000242,2026-03-11 22:00:00,FAILED
WA00000121,A003635,2025-09-13 22:00:00,READ
WA00000122,A000492,2026-02-27 13:00:00,REPLIED
WA00000123,A002715,2026-01-01 13:00:00,DELIVERED
WA00000124,A000823,2026-04-23 18:00:00,SENT
WA00000125,A002632,2025-11-12 17:00:00,READ
WA00000126,A001124,2026-06-17 21:00:00,READ
WA00000127,A000611,2026-01-04 16:00:00,FAILED
WA00000128,A001692,2026-05-04 07:00:00,REPLIED
WA00000129,A003301,2026-07-11 19:00:00,DELIVERED
WA00000130,A002391,2026-05-02 16:00:00,DELIVERED
WA00000131,A001210,2026-07-17 20:00:00,DELIVERED
WA00000132,A001405,2026-04-23 18:00:00,READ
WA00000133,A003874,2026-04-15 07:00:00,READ
WA00000134,A002830,2026-02-22 10:00:00,READ
WA00000135,A003477,2026-06-17 11:00:00,SENT
WA00000136,A000545,2025-09-18 13:00:00,SENT
WA00000137,A001911,2026-05-01 09:00:00,REPLIED
WA00000138,A000762,2025-10-07 16:00:00,REPLIED
WA00000139,A001852,2026-04-26 09:00:00,DELIVERED
WA00000140,A002837,2026-01-03 15:00:00,DELIVERED
WA00000141,A003177,2026-04-03 17:00:00,REPLIED
WA00000142,A003407,2026-04-03 07:00:00,DELIVERED
WA00000143,A001553,2026-07-25 19:00:00,SENT
WA00000144,A001916,2026-01-13 19:00:00,REPLIED
WA00000145,A001215,2025-10-08 20:00:00,READ
WA00000146,A001734,2025-09-18 20:00:00,SENT
WA00000147,A004044,2026-01-18 16:00:00,DELIVERED
WA00000148,A001482,2025-11-08 13:00:00,READ
WA00000149,A000650,2025-11-17 07:00:00,DELIVERED
WA00000150,A003603,2026-06-20 22:00:00,DELIVERED
WA00000151,A002888,2026-08-09 18:00:00,READ
WA00000152,A001300,2026-08-06 12:00:00,READ
WA00000153,A000629,2026-03-14 20:00:00,REPLIED
WA00000154,A002130,2026-05-01 17:00:00,REPLIED
WA00000155,A000532,2025-10-07 18:00:00,FAILED
WA00000156,A000751,2026-03-24 14:00:00,SENT
WA00000157,A002822,2026-04-20 21:00:00,REPLIED
WA00000158,A003255,2026-06-09 12:00:00,SENT
WA00000159,A001065,2025-11-04 21:00:00,READ
WA00000160,A002080,2025-10-27 11:00:00,READ
WA00000161,A002056,2026-02-19 16:00:00,READ
WA00000162,A000001,2026-08-01 15:00:00,SENT
WA00000163,A003494,2025-11-16 11:00:00,FAILED
WA00000164,A004106,2026-05-12 08:00:00,REPLIED
WA00000165,A002160,2026-08-09 09:00:00,READ
WA00000166,A001761,2026-05-08 18:00:00,READ
WA00000167,A004052,2026-08-17 07:00:00,DELIVERED
WA00000168,A000415,2025-10-27 10:00:00,READ
WA00000169,A000036,2026-03-05 09:00:00,REPLIED
WA00000170,A002730,2025-11-14 18:00:00,READ
WA00000171,A002323,2025-12-27 10:00:00,READ
WA00000172,A002198,2026-01-01 12:00:00,FAILED
WA00000173,A000612,2026-08-09 20:00:00,READ
WA00000174,A000923,2026-02-19 14:00:00,DELIVERED
WA00000175,A000251,2026-04-07 19:00:00,READ
WA00000176,A002466,2026-08-08 18:00:00,FAILED
WA00000177,A003353,2026-07-25 20:00:00,FAILED
WA00000178,A002282,2026-06-25 18:00:00,READ
WA00000179,A001184,2026-01-20 17:00:00,READ
WA00000180,A001818,2025-12-03 19:00:00,DELIVERED
WA00000181,A001230,2026-08-24 12:00:00,READ
WA00000182,A002316,2026-03-19 13:00:00,DELIVERED
WA00000183,A001803,2026-06-17 08:00:00,DELIVERED
WA00000184,A000894,2025-10-27 17:00:00,SENT
WA00000185,A000986,2026-01-19 08:00:00,DELIVERED
WA00000186,A002257,2025-09-26 16:00:00,SENT
WA00000187,A003376,2026-01-27 16:00:00,DELIVERED
WA00000188,A002992,2025-10-19 13:00:00,SENT
WA00000189,A002283,2026-06-22 22:00:00,DELIVERED
WA00000190,A003445,2026-06-25 17:00:00,READ
WA00000191,A003256,2026-07-24 19:00:00,FAILED
WA00000192,A003663,2026-05-09 13:00:00,READ
WA00000193,A002824,2026-05-17 09:00:00,DELIVERED
WA00000194,A002809,2026-07-08 11:00:00,FAILED
WA00000195,A002376,2026-01-01 16:00:00,FAILED
WA00000196,A001191,2026-05-16 21:00:00,REPLIED
WA00000197,A002405,2026-06-21 18:00:00,READ
WA00000198,A002652,2026-08-01 11:00:00,DELIVERED
WA00000199,A000158,2026-08-16 07:00:00,READ
WA00000200,A002311,2026-04-27 18:00:00,READ
WA00000201,A001412,2026-03-24 21:00:00,DELIVERED
WA00000202,A001598,2026-03-11 14:00:00,READ
WA00000203,A003175,2025-09-10 08:00:00,DELIVERED
WA00000204,A003660,2026-05-03 12:00:00,REPLIED
WA00000205,A002339,2026-02-20 20:00:00,READ
WA00000206,A000023,2026-04-01 22:00:00,FAILED
WA00000207,A003767,2026-06-05 07:00:00,REPLIED
WA00000208,A003876,2026-05-06 18:00:00,READ
WA00000209,A000087,2026-05-15 14:00:00,DELIVERED
WA00000210,A003416,2026-03-17 18:00:00,READ
WA00000211,A000341,2026-03-15 07:00:00,DELIVERED
WA00000212,A003946,2026-03-05 08:00:00,READ
WA00000213,A001819,2026-01-08 15:00:00,SENT
WA00000214,A001207,2026-06-08 21:00:00,FAILED
WA00000215,A002405,2026-07-15 20:00:00,DELIVERED
WA00000216,A004105,2025-09-22 11:00:00,REPLIED
WA00000217,A002284,2025-12-10 12:00:00,DELIVERED
WA00000218,A002360,2025-12-06 16:00:00,READ
WA00000219,A002416,2026-03-27 17:00:00,DELIVERED
WA00000220,A002874,2026-05-13 10:00:00,DELIVERED
WA00000221,A002954,2026-04-27 15:00:00,FAILED
WA00000222,A002660,2026-04-16 17:00:00,READ
WA00000223,A000239,2025-12-05 18:00:00,FAILED
WA00000224,A001577,2026-07-08 10:00:00,FAILED
WA00000225,A002370,2026-02-16 22:00:00,READ
WA00000226,A001415,2026-07-11 13:00:00,DELIVERED
WA00000227,A001617,2025-09-22 20:00:00,DELIVERED
WA00000228,A003080,2025-12-16 14:00:00,SENT
WA00000229,A001839,2025-11-06 13:00:00,FAILED
WA00000230,A001047,2025-09-21 19:00:00,REPLIED
WA00000231,A001776,2026-01-11 20:00:00,READ
WA00000232,A003106,2026-05-26 14:00:00,READ
WA00000233,A001070,2026-05-01 17:00:00,DELIVERED
WA00000234,A003290,2025-09-23 15:00:00,REPLIED
WA00000235,A004094,2025-12-20 11:00:00,FAILED
WA00000236,A001694,2026-04-16 07:00:00,REPLIED
WA00000237,A000134,2026-04-22 16:00:00,REPLIED
WA00000238,A003994,2026-07-24 13:00:00,SENT
WA00000239,A003518,2025-09-13 11:00:00,SENT
WA00000240,A001377,2026-03-18 21:00:00,FAILED
WA00000241,A003383,2025-12-04 08:00:00,DELIVERED
WA00000242,A003372,2026-07-24 14:00:00,SENT
WA00000243,A001653,2025-11-01 19:00:00,FAILED
WA00000244,A000183,2026-02-09 16:00:00,DELIVERED
WA00000245,A002817,2026-05-16 07:00:00,DELIVERED
WA00000246,A001819,2026-08-03 08:00:00,READ
WA00000247,A002226,2026-08-05 10:00:00,READ
WA00000248,A000035,2025-11-03 13:00:00,DELIVERED
WA00000249,A004166,2026-05-24 12:00:00,READ
WA00000250,A001047,2025-10-20 07:00:00,DELIVERED
WA00000251,A001976,2025-12-04 14:00:00,DELIVERED
WA00000252,A003116,2026-03-23 07:00:00,READ
WA00000253,A002783,2025-09-15 12:00:00,DELIVERED
WA00000254,A003649,2026-07-16 07:00:00,DELIVERED
WA00000255,A001326,2026-07-05 18:00:00,SENT
WA00000256,A002038,2026-07-11 15:00:00,SENT
WA00000257,A003534,2026-04-25 14:00:00,SENT
WA00000258,A000395,2026-01-14 11:00:00,SENT
WA00000259,A001357,2025-10-06 08:00:00,READ
WA00000260,A002355,2026-02-01 11:00:00,READ
WA00000261,A003628,2026-06-13 07:00:00,REPLIED
WA00000262,A004099,2025-12-06 20:00:00,SENT
WA00000263,A004121,2026-02-25 10:00:00,DELIVERED
WA00000264,A000439,2026-01-07 17:00:00,DELIVERED
WA00000265,A002780,2025-12-01 14:00:00,SENT
WA00000266,A000199,2026-03-25 13:00:00,DELIVERED
WA00000267,A003954,2026-01-23 08:00:00,REPLIED
WA00000268,A003439,2026-03-07 13:00:00,FAILED
WA00000269,A002008,2025-10-16 15:00:00,FAILED
WA00000270,A000820,2026-03-08 16:00:00,REPLIED
WA00000271,A001978,2026-01-17 10:00:00,READ
WA00000272,A000487,2025-10-24 10:00:00,REPLIED
WA00000273,A001292,2025-12-04 19:00:00,FAILED
WA00000274,A004099,2025-11-12 20:00:00,DELIVERED
WA00000275,A002164,2026-08-01 12:00:00,DELIVERED
WA00000276,A001436,2025-10-03 09:00:00,READ
WA00000277,A003816,2026-04-25 22:00:00,SENT
WA00000278,A001974,2026-02-03 15:00:00,DELIVERED
WA00000279,A000123,2025-10-27 08:00:00,DELIVERED
WA00000280,A002181,2026-02-15 09:00:00,FAILED
WA00000281,A002019,2026-08-08 14:00:00,SENT
WA00000282,A000391,2026-06-03 20:00:00,DELIVERED
WA00000283,A003587,2026-05-17 21:00:00,READ
WA00000284,A003784,2025-09-08 13:00:00,SENT
WA00000285,A000722,2026-04-12 20:00:00,READ
WA00000286,A001369,2025-12-17 21:00:00,DELIVERED
WA00000287,A000714,2026-05-01 09:00:00,READ
WA00000288,A002949,2026-08-17 13:00:00,SENT
WA00000289,A002056,2026-04-08 15:00:00,REPLIED
WA00000290,A002407,2025-10-18 12:00:00,DELIVERED
WA00000291,A002317,2026-05-24 19:00:00,DELIVERED
WA00000292,A003100,2026-08-08 07:00:00,DELIVERED
WA00000293,A002989,2025-10-02 13:00:00,SENT
WA00000294,A000484,2025-09-15 19:00:00,DELIVERED
WA00000295,A003328,2026-04-16 16:00:00,SENT
WA00000296,A002143,2026-08-27 16:00:00,REPLIED
WA00000297,A003157,2026-08-13 22:00:00,REPLIED
WA00000298,A002001,2026-04-04 10:00:00,SENT
WA00000299,A002312,2026-08-21 13:00:00,SENT
WA00000300,A001366,2026-08-17 11:00:00,DELIVERED
WA00000301,A000164,2026-07-08 09:00:00,DELIVERED
WA00000302,A002120,2026-05-03 13:00:00,FAILED
WA00000303,A004155,2026-01-10 17:00:00,FAILED
WA00000304,A002719,2026-06-12 19:00:00,READ
WA00000305,A002138,2025-11-23 17:00:00,READ
WA00000306,A001568,2026-04-04 16:00:00,SENT
WA00000307,A004199,2026-01-16 09:00:00,DELIVERED
WA00000308,A001988,2026-05-16 08:00:00,DELIVERED
WA00000309,A004159,2026-05-14 15:00:00,SENT
WA00000310,A000710,2026-03-08 22:00:00,FAILED
WA00000311,A001273,2026-02-26 15:00:00,DELIVERED
WA00000312,A004070,2025-09-18 12:00:00,DELIVERED
WA00000313,A003642,2026-02-12 08:00:00,READ
WA00000314,A001894,2026-03-06 09:00:00,READ
WA00000315,A003864,2026-02-02 16:00:00,READ
WA00000316,A001853,2026-07-02 10:00:00,FAILED
WA00000317,A004007,2025-12-18 17:00:00,DELIVERED
WA00000318,A004179,2026-05-18 18:00:00,REPLIED
WA00000319,A002413,2026-01-04 07:00:00,FAILED
WA00000320,A000510,2025-10-04 18:00:00,SENT
WA00000321,A000860,2025-10-13 17:00:00,DELIVERED
WA00000322,A000396,2026-07-19 21:00:00,DELIVERED
WA00000323,A003209,2026-04-05 15:00:00,READ
WA00000324,A003833,2026-06-21 20:00:00,READ
WA00000325,A003550,2026-01-03 17:00:00,READ
WA00000326,A004044,2025-12-15 17:00:00,FAILED
WA00000327,A003639,2025-10-24 10:00:00,REPLIED
WA00000328,A000319,2026-07-16 20:00:00,DELIVERED
WA00000329,A000118,2026-04-19 22:00:00,READ
WA00000330,A003590,2026-01-24 15:00:00,DELIVERED
WA00000331,A002612,2026-08-21 12:00:00,DELIVERED
WA00000332,A003146,2026-01-16 14:00:00,SENT
WA00000333,A002255,2025-12-03 07:00:00,FAILED
WA00000334,A003921,2025-12-26 10:00:00,DELIVERED
WA00000335,A003629,2026-02-24 07:00:00,REPLIED
WA00000336,A000609,2025-10-04 20:00:00,FAILED
WA00000337,A004150,2026-05-19 20:00:00,DELIVERED
WA00000338,A002740,2026-08-08 10:00:00,REPLIED
WA00000339,A000448,2025-12-12 17:00:00,DELIVERED
WA00000340,A003204,2026-01-09 08:00:00,FAILED
WA00000341,A001880,2026-06-16 17:00:00,SENT
WA00000342,A002295,2026-02-07 18:00:00,SENT
WA00000343,A000020,2025-12-18 12:00:00,DELIVERED
WA00000344,A003907,2026-03-15 12:00:00,REPLIED
WA00000345,A001599,2026-03-01 10:00:00,REPLIED
WA00000346,A001378,2026-03-08 12:00:00,DELIVERED
WA00000347,A004005,2026-01-22 15:00:00,READ
WA00000348,A000203,2026-06-04 19:00:00,READ
WA00000349,A003783,2025-12-09 17:00:00,DELIVERED
WA00000350,A002025,2026-05-05 07:00:00,DELIVERED
WA00000351,A002604,2026-07-06 22:00:00,SENT
WA00000352,A000208,2026-04-23 19:00:00,READ
WA00000353,A002351,2026-03-01 19:00:00,FAILED
WA00000354,A002410,2025-11-26 11:00:00,FAILED
WA00000355,A000587,2026-04-22 20:00:00,READ
WA00000356,A002357,2025-10-03 18:00:00,READ
WA00000357,A000514,2026-02-11 18:00:00,DELIVERED
WA00000358,A002477,2026-06-07 10:00:00,DELIVERED
WA00000359,A003261,2026-06-06 18:00:00,REPLIED
WA00000360,A000500,2026-04-05 17:00:00,DELIVERED
WA00000361,A003611,2026-06-11 10:00:00,SENT
WA00000362,A000119,2025-09-11 09:00:00,DELIVERED
WA00000363,A003385,2026-04-04 10:00:00,READ
WA00000364,A002843,2025-12-16 10:00:00,DELIVERED
WA00000365,A001669,2025-11-01 15:00:00,DELIVERED
WA00000366,A002526,2026-02-10 12:00:00,READ
WA00000367,A002508,2026-05-05 21:00:00,SENT
WA00000368,A002884,2025-11-04 12:00:00,READ
WA00000369,A003846,2026-01-01 08:00:00,READ
WA00000370,A003717,2025-11-10 14:00:00,READ
WA00000371,A004088,2026-05-06 08:00:00,READ
WA00000372,A003934,2025-09-23 21:00:00,SENT
WA00000373,A003427,2026-06-24 21:00:00,SENT
WA00000374,A001155,2025-12-20 09:00:00,REPLIED
WA00000375,A003594,2026-05-05 09:00:00,DELIVERED
WA00000376,A004074,2026-07-22 15:00:00,DELIVERED
WA00000377,A001047,2026-01-25 21:00:00,SENT
WA00000378,A001545,2026-08-14 20:00:00,REPLIED
WA00000379,A001632,2026-05-10 13:00:00,READ
WA00000380,A001683,2026-04-18 16:00:00,DELIVERED
WA00000381,A002001,2025-09-09 15:00:00,SENT
WA00000382,A003656,2025-12-22 07:00:00,DELIVERED
WA00000383,A002851,2026-01-21 14:00:00,READ
WA00000384,A001439,2026-06-01 13:00:00,DELIVERED
WA00000385,A000531,2026-07-08 08:00:00,SENT
WA00000386,A001263,2026-03-15 21:00:00,SENT
WA00000387,A000713,2026-04-18 09:00:00,DELIVERED
WA00000388,A004135,2026-06-03 10:00:00,DELIVERED
WA00000389,A001298,2026-02-17 12:00:00,REPLIED
WA00000390,A001444,2025-12-02 10:00:00,SENT
WA00000391,A002883,2025-10-15 15:00:00,FAILED
WA00000392,A002603,2025-10-17 10:00:00,REPLIED
WA00000393,A001534,2025-09-10 19:00:00,REPLIED
WA00000394,A001790,2026-01-03 22:00:00,DELIVERED
WA00000395,A004130,2026-03-19 12:00:00,DELIVERED
WA00000396,A000310,2026-04-04 21:00:00,FAILED
WA00000397,A001148,2025-09-27 14:00:00,DELIVERED
WA00000398,A002072,2026-01-16 10:00:00,DELIVERED
WA00000399,A002403,2026-01-16 13:00:00,REPLIED
WA00000400,A003267,2025-11-09 15:00:00,FAILED
WA00000401,A000968,2025-10-21 20:00:00,DELIVERED
WA00000402,A002535,2026-05-09 21:00:00,READ
WA00000403,A000677,2025-10-27 22:00:00,DELIVERED
WA00000404,A001286,2026-04-07 17:00:00,FAILED
WA00000405,A004118,2026-08-11 10:00:00,FAILED
WA00000406,A001515,2026-08-21 09:00:00,DELIVERED
WA00000407,A000254,2026-05-07 19:00:00,DELIVERED
WA00000408,A000394,2025-10-03 16:00:00,READ
WA00000409,A000522,2025-11-05 22:00:00,FAILED
WA00000410,A001327,2026-04-20 12:00:00,READ
WA00000411,A002488,2026-03-23 16:00:00,DELIVERED
WA00000412,A003670,2026-04-23 08:00:00,READ
WA00000413,A003788,2026-02-22 07:00:00,DELIVERED
WA00000414,A001249,2026-04-22 19:00:00,READ
WA00000415,A004112,2026-05-05 15:00:00,READ
WA00000416,A001758,2026-03-17 15:00:00,DELIVERED
WA00000417,A002606,2025-10-22 12:00:00,SENT
WA00000418,A001221,2026-06-21 07:00:00,SENT
WA00000419,A002454,2026-05-15 12:00:00,REPLIED
WA00000420,A003535,2026-01-12 17:00:00,READ
WA00000421,A004036,2026-08-06 12:00:00,REPLIED
WA00000422,A002274,2025-10-06 12:00:00,READ
WA00000423,A002400,2026-06-13 19:00:00,REPLIED
WA00000424,A002165,2026-04-18 14:00:00,DELIVERED
WA00000425,A001025,2025-09-22 12:00:00,READ
WA00000426,A004149,2025-12-14 15:00:00,FAILED
WA00000427,A000244,2026-03-12 14:00:00,REPLIED
WA00000428,A003598,2026-02-16 08:00:00,FAILED
WA00000429,A003413,2025-12-14 10:00:00,SENT
WA00000430,A000323,2025-11-26 11:00:00,READ
WA00000431,A003675,2026-03-09 19:00:00,FAILED
WA00000432,A001531,2025-11-14 15:00:00,REPLIED
WA00000433,A000077,2026-06-03 21:00:00,SENT
WA00000434,A000008,2026-01-17 17:00:00,FAILED
WA00000435,A003324,2026-03-14 17:00:00,DELIVERED
WA00000436,A002906,2025-11-09 19:00:00,REPLIED
WA00000437,A001025,2026-06-18 08:00:00,DELIVERED
WA00000438,A003519,2026-06-22 09:00:00,READ
WA00000439,A002329,2026-05-12 08:00:00,READ
WA00000440,A003865,2025-10-07 13:00:00,REPLIED
WA00000441,A003126,2026-06-02 08:00:00,FAILED
WA00000442,A003007,2026-05-10 21:00:00,REPLIED
WA00000443,A001105,2025-09-20 15:00:00,DELIVERED
WA00000444,A001684,2026-08-26 21:00:00,FAILED
WA00000445,A002521,2026-07-21 10:00:00,DELIVERED
WA00000446,A003657,2025-12-15 09:00:00,FAILED
WA00000447,A002580,2026-08-12 21:00:00,READ
WA00000448,A003395,2026-05-19 22:00:00,REPLIED
WA00000449,A000561,2026-03-18 17:00:00,DELIVERED
WA00000450,A001676,2026-07-10 15:00:00,DELIVERED
WA00000451,A001997,2025-09-14 21:00:00,SENT
WA00000452,A000164,2026-07-01 19:00:00,FAILED
WA00000453,A002045,2026-06-18 16:00:00,READ
WA00000454,A000760,2026-04-26 21:00:00,REPLIED
WA00000455,A002062,2026-04-07 16:00:00,READ
WA00000456,A004047,2025-09-17 07:00:00,READ
WA00000457,A002033,2025-11-17 11:00:00,READ
WA00000458,A000815,2026-02-18 19:00:00,READ
WA00000459,A000513,2026-04-07 14:00:00,DELIVERED
WA00000460,A000240,2026-05-21 18:00:00,SENT
WA00000461,A001754,2026-06-15 08:00:00,DELIVERED
WA00000462,A002753,2025-11-05 09:00:00,DELIVERED
WA00000463,A003201,2026-07-09 21:00:00,READ
WA00000464,A002136,2025-10-16 09:00:00,DELIVERED
WA00000465,A002279,2026-02-03 11:00:00,SENT
WA00000466,A002549,2026-06-08 09:00:00,REPLIED
WA00000467,A000562,2026-03-12 20:00:00,FAILED
WA00000468,A000527,2025-10-16 15:00:00,REPLIED
WA00000469,A001792,2026-05-15 09:00:00,SENT
WA00000470,A003029,2026-02-17 15:00:00,DELIVERED
WA00000471,A001306,2026-04-09 20:00:00,REPLIED
WA00000472,A000729,2025-09-08 19:00:00,READ
WA00000473,A003316,2025-09-11 11:00:00,DELIVERED
WA00000474,A001840,2026-04-05 22:00:00,DELIVERED
WA00000475,A002370,2025-10-15 18:00:00,READ
WA00000476,A003605,2026-04-26 19:00:00,FAILED
WA00000477,A003616,2026-04-11 17:00:00,READ
WA00000478,A003464,2025-11-27 09:00:00,DELIVERED
WA00000479,A003284,2026-03-09 21:00:00,FAILED
WA00000480,A003962,2026-01-14 09:00:00,DELIVERED
WA00000481,A001782,2025-09-19 21:00:00,READ
WA00000482,A001488,2026-07-14 16:00:00,SENT
WA00000483,A002238,2026-01-16 10:00:00,REPLIED
WA00000484,A002403,2025-11-27 18:00:00,DELIVERED
WA00000485,A002184,2026-08-06 08:00:00,READ
WA00000486,A003851,2026-06-12 13:00:00,DELIVERED
WA00000487,A001664,2025-12-11 21:00:00,READ
WA00000488,A000673,2026-01-12 22:00:00,READ
WA00000489,A001112,2026-08-21 07:00:00,READ
WA00000490,A002227,2025-11-17 15:00:00,REPLIED
WA00000491,A001582,2026-05-01 07:00:00,DELIVERED
WA00000492,A000858,2025-12-05 15:00:00,SENT
WA00000493,A003341,2026-01-10 16:00:00,FAILED
WA00000494,A001735,2026-04-23 19:00:00,REPLIED
WA00000495,A001331,2026-05-20 20:00:00,DELIVERED
WA00000496,A004079,2025-09-25 15:00:00,READ
WA00000497,A004024,2026-07-04 19:00:00,READ
WA00000498,A002213,2026-05-12 08:00:00,REPLIED
WA00000499,A000994,2026-06-10 22:00:00,SENT
WA00000500,A000903,2026-07-09 09:00:00,FAILED
WA00000501,A003218,2025-09-22 10:00:00,READ
WA00000502,A000775,2026-07-17 22:00:00,DELIVERED
WA00000503,A001983,2025-09-05 18:00:00,READ
WA00000504,A002542,2026-02-23 12:00:00,READ
WA00000505,A001084,2026-03-23 09:00:00,FAILED
WA00000506,A003413,2025-10-22 13:00:00,FAILED
WA00000507,A000839,2026-02-14 08:00:00,DELIVERED
WA00000508,A002935,2025-11-16 21:00:00,DELIVERED
WA00000509,A000008,2026-06-04 08:00:00,DELIVERED
WA00000510,A000775,2026-01-26 15:00:00,SENT
WA00000511,A000713,2026-08-02 12:00:00,DELIVERED
WA00000512,A001010,2025-09-10 14:00:00,DELIVERED
WA00000513,A000993,2025-10-10 10:00:00,READ
WA00000514,A000077,2026-04-27 11:00:00,REPLIED
WA00000515,A000880,2026-04-25 15:00:00,FAILED
WA00000516,A003121,2026-02-03 17:00:00,FAILED
WA00000517,A000679,2025-12-20 10:00:00,READ
WA00000518,A002585,2025-12-08 19:00:00,DELIVERED
WA00000519,A000288,2026-05-01 09:00:00,DELIVERED
WA00000520,A000954,2025-10-20 20:00:00,DELIVERED
WA00000521,A001015,2026-03-08 07:00:00,FAILED
WA00000522,A001151,2026-02-01 16:00:00,REPLIED
WA00000523,A000552,2026-02-18 22:00:00,REPLIED
WA00000524,A004116,2026-02-17 22:00:00,READ
WA00000525,A001138,2026-04-23 21:00:00,DELIVERED
WA00000526,A001461,2026-05-09 19:00:00,READ
WA00000527,A001302,2026-03-13 21:00:00,READ
WA00000528,A000334,2026-01-04 20:00:00,FAILED
WA00000529,A003296,2026-03-27 18:00:00,DELIVERED
WA00000530,A003019,2026-08-21 12:00:00,READ
WA00000531,A003820,2026-04-10 07:00:00,SENT
WA00000532,A002089,2026-01-23 17:00:00,READ
WA00000533,A003632,2026-02-12 17:00:00,DELIVERED
WA00000534,A003990,2026-02-14 12:00:00,READ
WA00000535,A003116,2026-01-07 12:00:00,REPLIED
WA00000536,A001638,2026-04-09 21:00:00,DELIVERED
WA00000537,A003992,2026-07-24 21:00:00,READ
WA00000538,A001790,2026-05-17 14:00:00,READ
WA00000539,A002190,2026-04-25 21:00:00,REPLIED
WA00000540,A000539,2026-08-24 09:00:00,DELIVERED
WA00000541,A001561,2025-12-18 10:00:00,READ
WA00000542,A002999,2025-09-17 12:00:00,DELIVERED
WA00000543,A002470,2026-04-10 22:00:00,READ
WA00000544,A000963,2026-02-11 21:00:00,DELIVERED
WA00000545,A000037,2026-05-12 08:00:00,SENT
WA00000546,A003794,2026-03-02 12:00:00,READ
WA00000547,A002911,2026-01-05 09:00:00,DELIVERED
WA00000548,A003860,2026-07-25 10:00:00,REPLIED
WA00000549,A002418,2026-03-07 08:00:00,READ
WA00000550,A000274,2025-09-27 14:00:00,READ
WA00000551,A000420,2026-04-04 14:00:00,READ
WA00000552,A000180,2026-08-25 18:00:00,SENT
WA00000553,A000337,2026-04-24 08:00:00,FAILED
WA00000554,A001281,2026-01-27 11:00:00,FAILED
WA00000555,A003418,2025-12-09 21:00:00,READ
WA00000556,A000195,2025-10-02 17:00:00,DELIVERED
WA00000557,A000234,2026-05-25 12:00:00,SENT
WA00000558,A002018,2026-05-01 17:00:00,REPLIED
WA00000559,A000738,2025-11-08 09:00:00,DELIVERED
WA00000560,A001770,2026-03-11 19:00:00,SENT
WA00000561,A002615,2025-11-27 12:00:00,READ
WA00000562,A001940,2026-01-07 22:00:00,DELIVERED
WA00000563,A000111,2025-12-04 11:00:00,READ
WA00000564,A000215,2025-11-22 21:00:00,DELIVERED
WA00000565,A001053,2026-07-24 13:00:00,SENT
WA00000566,A000439,2026-06-04 18:00:00,READ
WA00000567,A003794,2026-03-21 12:00:00,SENT
WA00000568,A001703,2026-04-04 21:00:00,DELIVERED
WA00000569,A002404,2026-04-15 07:00:00,READ
WA00000570,A002977,2026-08-15 22:00:00,REPLIED
WA00000571,A002587,2026-07-11 17:00:00,DELIVERED
WA00000572,A002222,2026-07-04 09:00:00,DELIVERED
WA00000573,A001082,2025-11-27 22:00:00,DELIVERED
WA00000574,A004091,2026-07-24 17:00:00,DELIVERED
WA00000575,A001708,2026-05-12 15:00:00,READ
WA00000576,A002381,2026-07-14 07:00:00,SENT
WA00000577,A003575,2026-08-10 11:00:00,READ
WA00000578,A002170,2026-05-07 15:00:00,READ
WA00000579,A000144,2025-09-20 21:00:00,DELIVERED
WA00000580,A001918,2026-07-18 13:00:00,REPLIED
WA00000581,A000600,2026-06-19 14:00:00,REPLIED
WA00000582,A002912,2026-02-08 14:00:00,READ
WA00000583,A001648,2026-01-22 15:00:00,FAILED
WA00000584,A000850,2026-07-09 17:00:00,DELIVERED
WA00000585,A000762,2025-11-22 18:00:00,DELIVERED
WA00000586,A002931,2026-04-04 08:00:00,SENT
WA00000587,A003671,2026-04-19 08:00:00,FAILED
WA00000588,A001117,2026-02-10 08:00:00,READ
WA00000589,A004034,2026-01-12 22:00:00,SENT
WA00000590,A003819,2026-04-02 10:00:00,DELIVERED
WA00000591,A001462,2025-09-10 14:00:00,REPLIED
WA00000592,A002729,2025-12-17 14:00:00,DELIVERED
WA00000593,A000152,2026-03-02 08:00:00,DELIVERED
WA00000594,A000148,2025-12-10 18:00:00,REPLIED
WA00000595,A003826,2026-01-20 10:00:00,SENT
WA00000596,A000357,2026-05-14 13:00:00,DELIVERED
WA00000597,A000114,2025-11-26 15:00:00,DELIVERED
WA00000598,A003694,2026-05-19 07:00:00,SENT
WA00000599,A002724,2026-03-10 09:00:00,DELIVERED
WA00000600,A001648,2026-01-05 14:00:00,REPLIED
WA00000601,A000173,2026-06-12 15:00:00,DELIVERED
WA00000602,A003499,2026-06-12 13:00:00,DELIVERED
WA00000603,A003016,2026-03-07 18:00:00,SENT
WA00000604,A003554,2026-03-06 11:00:00,FAILED
WA00000605,A001855,2025-11-24 12:00:00,READ
WA00000606,A000394,2026-05-04 08:00:00,DELIVERED
WA00000607,A000498,2026-04-17 14:00:00,READ
WA00000608,A002764,2026-02-20 21:00:00,DELIVERED
WA00000609,A001836,2026-05-14 11:00:00,DELIVERED
WA00000610,A003452,2025-10-07 13:00:00,SENT
WA00000611,A000860,2026-07-22 13:00:00,SENT
WA00000612,A002891,2025-10-18 14:00:00,REPLIED
WA00000613,A001202,2025-12-23 17:00:00,SENT
WA00000614,A001196,2025-10-12 14:00:00,DELIVERED
WA00000615,A002647,2026-05-20 15:00:00,DELIVERED
WA00000616,A000994,2025-09-01 16:00:00,READ
WA00000617,A000226,2026-06-27 15:00:00,DELIVERED
WA00000618,A000872,2026-03-15 17:00:00,DELIVERED
WA00000619,A002730,2025-09-22 19:00:00,READ
WA00000620,A002304,2025-11-08 17:00:00,FAILED
WA00000621,A002456,2026-08-11 16:00:00,SENT
WA00000622,A002006,2026-01-24 11:00:00,DELIVERED
WA00000623,A002291,2026-04-22 07:00:00,DELIVERED
WA00000624,A001133,2026-07-24 14:00:00,READ
WA00000625,A002113,2026-06-16 17:00:00,READ
WA00000626,A003983,2025-11-04 11:00:00,READ
WA00000627,A003462,2026-07-21 17:00:00,REPLIED
WA00000628,A001436,2026-02-15 14:00:00,SENT
WA00000629,A003152,2026-02-18 16:00:00,REPLIED
WA00000630,A003310,2026-06-08 11:00:00,FAILED
WA00000631,A000683,2026-04-06 21:00:00,FAILED
WA00000632,A000143,2025-12-09 08:00:00,DELIVERED
WA00000633,A002847,2026-07-25 18:00:00,REPLIED
WA00000634,A001377,2026-01-22 08:00:00,SENT
WA00000635,A000261,2025-11-13 14:00:00,DELIVERED
WA00000636,A003319,2026-02-24 10:00:00,SENT
WA00000637,A002409,2026-08-19 20:00:00,DELIVERED
WA00000638,A002072,2025-09-10 09:00:00,DELIVERED
WA00000639,A001789,2025-11-06 20:00:00,REPLIED
WA00000640,A003559,2026-07-10 21:00:00,FAILED
WA00000641,A003126,2025-12-14 19:00:00,DELIVERED
WA00000642,A003815,2026-05-07 10:00:00,REPLIED
WA00000643,A003751,2026-03-17 08:00:00,REPLIED
WA00000644,A003414,2026-03-14 16:00:00,SENT
WA00000645,A003541,2025-12-22 07:00:00,READ
WA00000646,A004098,2026-06-21 15:00:00,READ
WA00000647,A003898,2025-10-11 14:00:00,DELIVERED
WA00000648,A001332,2026-03-21 15:00:00,DELIVERED
WA00000649,A004195,2026-06-20 15:00:00,REPLIED
WA00000650,A003046,2025-12-13 22:00:00,FAILED
WA00000651,A001630,2026-08-18 12:00:00,SENT
WA00000652,A002794,2026-05-17 19:00:00,FAILED
WA00000653,A002277,2026-07-04 12:00:00,SENT
WA00000654,A000652,2026-04-14 22:00:00,SENT
WA00000655,A000415,2026-02-25 07:00:00,FAILED
WA00000656,A001591,2026-04-14 21:00:00,READ
WA00000657,A002951,2025-09-23 08:00:00,FAILED
WA00000658,A000498,2026-02-02 10:00:00,FAILED
WA00000659,A002599,2025-12-08 17:00:00,DELIVERED
WA00000660,A000266,2026-01-04 13:00:00,REPLIED
WA00000661,A002947,2025-09-22 09:00:00,SENT
WA00000662,A003798,2026-04-27 18:00:00,SENT
WA00000663,A002523,2026-01-18 16:00:00,DELIVERED
WA00000664,A002691,2025-10-16 18:00:00,FAILED
WA00000665,A002393,2026-02-17 18:00:00,READ
WA00000666,A002698,2026-02-13 10:00:00,READ
WA00000667,A003595,2026-03-27 07:00:00,DELIVERED
WA00000668,A003175,2026-07-20 10:00:00,SENT
WA00000669,A003527,2026-04-03 10:00:00,READ
WA00000670,A003681,2026-04-21 21:00:00,READ
WA00000671,A003051,2026-05-12 11:00:00,SENT
WA00000672,A003238,2025-10-03 22:00:00,DELIVERED
WA00000673,A002198,2026-02-02 12:00:00,READ
WA00000674,A002596,2026-07-02 16:00:00,FAILED
WA00000675,A000095,2026-08-24 21:00:00,FAILED
WA00000676,A004110,2026-03-06 08:00:00,SENT
WA00000677,A002329,2026-07-19 22:00:00,READ
WA00000678,A001583,2026-05-26 07:00:00,READ
WA00000679,A001472,2025-10-26 22:00:00,DELIVERED
WA00000680,A001590,2026-08-06 17:00:00,DELIVERED
WA00000681,A001855,2026-07-27 18:00:00,READ
WA00000682,A002760,2026-06-25 21:00:00,DELIVERED
WA00000683,A002126,2026-07-14 10:00:00,READ
WA00000684,A000367,2025-11-12 09:00:00,DELIVERED
WA00000685,A002223,2026-08-27 10:00:00,READ
WA00000686,A000457,2026-08-05 07:00:00,READ
WA00000687,A001982,2026-06-16 22:00:00,DELIVERED
WA00000688,A000237,2025-12-15 21:00:00,SENT
WA00000689,A003174,2026-06-16 13:00:00,READ
WA00000690,A002922,2025-10-04 17:00:00,REPLIED
WA00000691,A000070,2026-07-12 14:00:00,DELIVERED
WA00000692,A003223,2025-12-15 21:00:00,SENT
WA00000693,A002167,2025-10-19 16:00:00,READ
WA00000694,A003762,2026-04-06 07:00:00,READ
WA00000695,A000628,2026-02-18 10:00:00,READ
WA00000696,A004087,2026-01-04 21:00:00,DELIVERED
WA00000697,A004013,2026-07-10 10:00:00,READ
WA00000698,A003761,2026-06-17 07:00:00,READ
WA00000699,A003470,2026-05-07 15:00:00,DELIVERED
WA00000700,A003060,2026-01-25 17:00:00,SENT
WA00000701,A003073,2025-11-07 20:00:00,REPLIED
WA00000702,A000852,2025-12-12 11:00:00,REPLIED
WA00000703,A001801,2026-04-16 07:00:00,REPLIED
WA00000704,A002279,2025-09-02 20:00:00,DELIVERED
WA00000705,A003922,2026-01-01 13:00:00,DELIVERED
WA00000706,A001706,2025-12-16 18:00:00,DELIVERED
WA00000707,A000481,2026-01-07 14:00:00,REPLIED
WA00000708,A001055,2026-03-17 10:00:00,READ
WA00000709,A002488,2026-02-27 10:00:00,REPLIED
WA00000710,A000918,2025-12-21 10:00:00,SENT
WA00000711,A001417,2026-06-04 22:00:00,REPLIED
WA00000712,A002973,2026-01-04 20:00:00,FAILED
WA00000713,A001058,2025-09-04 10:00:00,READ
WA00000714,A000042,2026-01-11 16:00:00,READ
WA00000715,A004001,2026-03-13 14:00:00,FAILED
WA00000716,A001452,2026-06-01 08:00:00,READ
WA00000717,A003159,2026-04-09 16:00:00,READ
WA00000718,A001611,2026-06-07 22:00:00,READ
WA00000719,A000916,2026-03-13 16:00:00,READ
WA00000720,A001919,2026-03-16 22:00:00,READ
WA00000721,A001460,2026-03-15 09:00:00,DELIVERED
WA00000722,A001705,2026-06-25 17:00:00,SENT
WA00000723,A002309,2026-07-03 18:00:00,SENT
WA00000724,A002347,2026-04-23 13:00:00,READ
WA00000725,A000053,2026-07-15 21:00:00,FAILED
WA00000726,A001923,2025-09-15 16:00:00,READ
WA00000727,A004022,2026-07-01 21:00:00,DELIVERED
WA00000728,A003313,2026-07-17 12:00:00,FAILED
WA00000729,A002913,2026-01-20 18:00:00,READ
WA00000730,A003949,2026-08-03 10:00:00,DELIVERED
WA00000731,A000137,2026-05-08 22:00:00,DELIVERED
WA00000732,A003151,2026-07-14 16:00:00,DELIVERED
WA00000733,A001163,2026-07-14 22:00:00,DELIVERED
WA00000734,A003124,2025-11-12 08:00:00,READ
WA00000735,A002238,2025-10-17 18:00:00,READ
WA00000736,A001058,2026-06-06 14:00:00,FAILED
WA00000737,A001737,2025-09-09 21:00:00,DELIVERED
WA00000738,A000191,2025-10-11 15:00:00,DELIVERED
WA00000739,A000355,2026-03-26 10:00:00,FAILED
WA00000740,A000848,2026-06-02 08:00:00,READ
WA00000741,A000748,2026-07-16 17:00:00,READ
WA00000742,A003443,2026-07-03 09:00:00,SENT
WA00000743,A000661,2026-06-20 11:00:00,DELIVERED
WA00000744,A001195,2025-12-01 18:00:00,FAILED
WA00000745,A003037,2025-12-16 12:00:00,FAILED
WA00000746,A001588,2026-02-11 18:00:00,DELIVERED
WA00000747,A000728,2026-05-11 19:00:00,DELIVERED
WA00000748,A001896,2025-10-21 10:00:00,SENT
WA00000749,A001362,2026-06-12 09:00:00,DELIVERED
WA00000750,A004058,2026-05-01 10:00:00,SENT
WA00000751,A000737,2026-05-01 15:00:00,DELIVERED
WA00000752,A001953,2026-07-17 13:00:00,DELIVERED
WA00000753,A002190,2026-04-06 07:00:00,FAILED
WA00000754,A002489,2026-06-19 10:00:00,DELIVERED
WA00000755,A001042,2026-02-16 12:00:00,DELIVERED
WA00000756,A003752,2026-04-06 07:00:00,REPLIED
WA00000757,A000447,2026-03-25 14:00:00,READ
WA00000758,A000052,2026-01-25 20:00:00,READ
WA00000759,A004019,2025-12-06 12:00:00,SENT
WA00000760,A001181,2025-12-06 16:00:00,DELIVERED
WA00000761,A002973,2025-10-17 11:00:00,READ
WA00000762,A001097,2026-05-09 09:00:00,FAILED
WA00000763,A001330,2026-08-13 16:00:00,DELIVERED
WA00000764,A000686,2025-10-11 09:00:00,FAILED
WA00000765,A001564,2026-08-21 19:00:00,DELIVERED
WA00000766,A001022,2025-12-01 14:00:00,SENT
WA00000767,A000686,2026-08-21 12:00:00,DELIVERED
WA00000768,A002412,2026-04-25 20:00:00,SENT
WA00000769,A001824,2026-04-19 15:00:00,DELIVERED
WA00000770,A000510,2026-03-13 22:00:00,READ
WA00000771,A000157,2026-07-23 19:00:00,SENT
WA00000772,A004056,2026-06-02 11:00:00,DELIVERED
WA00000773,A001866,2026-05-16 19:00:00,FAILED
WA00000774,A003377,2025-09-24 18:00:00,READ
WA00000775,A003367,2025-12-05 17:00:00,READ
WA00000776,A000636,2025-12-25 17:00:00,REPLIED
WA00000777,A003476,2025-10-21 11:00:00,SENT
WA00000778,A002770,2026-02-19 14:00:00,REPLIED
WA00000779,A003269,2025-10-14 10:00:00,FAILED
WA00000780,A003125,2026-02-24 15:00:00,DELIVERED
WA00000781,A000012,2026-07-23 16:00:00,FAILED
WA00000782,A003684,2026-03-13 21:00:00,DELIVERED
WA00000783,A003945,2026-06-22 10:00:00,DELIVERED
WA00000784,A002127,2025-12-20 09:00:00,DELIVERED
WA00000785,A002763,2026-01-25 19:00:00,READ
WA00000786,A003130,2026-02-05 08:00:00,DELIVERED
WA00000787,A001582,2026-07-17 10:00:00,DELIVERED
WA00000788,A002881,2025-09-23 14:00:00,DELIVERED
WA00000789,A002361,2026-08-23 20:00:00,READ
WA00000790,A003500,2026-04-25 16:00:00,DELIVERED
WA00000791,A000878,2025-12-10 16:00:00,DELIVERED
WA00000792,A003634,2026-08-03 22:00:00,DELIVERED
WA00000793,A003996,2025-11-21 13:00:00,DELIVERED
WA00000794,A003423,2026-07-18 07:00:00,SENT
WA00000795,A003642,2026-07-01 11:00:00,READ
WA00000796,A001723,2026-05-02 21:00:00,DELIVERED
WA00000797,A002004,2025-09-09 07:00:00,REPLIED
WA00000798,A001232,2025-10-07 14:00:00,DELIVERED
WA00000799,A000921,2025-10-23 09:00:00,DELIVERED
WA00000800,A001167,2026-03-23 07:00:00,DELIVERED
WA00000801,A003610,2025-10-08 09:00:00,REPLIED
WA00000802,A001955,2026-05-17 11:00:00,SENT
WA00000803,A004106,2026-01-07 21:00:00,SENT
WA00000804,A002405,2026-03-07 08:00:00,DELIVERED
WA00000805,A002578,2026-08-08 18:00:00,READ
WA00000806,A003032,2025-10-02 07:00:00,REPLIED
WA00000807,A000516,2026-08-07 10:00:00,SENT
WA00000808,A001229,2025-12-21 10:00:00,DELIVERED
WA00000809,A000551,2026-01-24 16:00:00,READ
WA00000810,A001537,2026-05-12 18:00:00,DELIVERED
WA00000811,A001023,2026-01-17 08:00:00,SENT
WA00000812,A001511,2025-12-20 16:00:00,DELIVERED
WA00000813,A001425,2026-05-15 21:00:00,SENT
WA00000814,A000708,2025-12-08 11:00:00,SENT
WA00000815,A001485,2026-02-03 07:00:00,SENT
WA00000816,A002302,2026-05-17 22:00:00,FAILED
WA00000817,A000565,2026-04-25 12:00:00,REPLIED
WA00000818,A004007,2026-03-07 16:00:00,REPLIED
WA00000819,A000939,2026-08-08 13:00:00,READ
WA00000820,A002111,2026-07-26 09:00:00,READ
WA00000821,A002262,2026-07-01 09:00:00,READ
WA00000822,A001210,2026-08-09 14:00:00,DELIVERED
WA00000823,A001515,2026-03-23 20:00:00,READ
WA00000824,A003997,2025-12-22 08:00:00,DELIVERED
WA00000825,A001190,2025-10-20 16:00:00,DELIVERED
WA00000826,A000391,2026-03-18 12:00:00,SENT
WA00000827,A002126,2026-08-08 19:00:00,FAILED
WA00000828,A003878,2026-01-09 11:00:00,DELIVERED
WA00000829,A001653,2026-05-18 11:00:00,DELIVERED
WA00000830,A000193,2025-11-03 11:00:00,DELIVERED
WA00000831,A003063,2026-03-17 19:00:00,READ
WA00000832,A001477,2025-10-23 07:00:00,REPLIED
WA00000833,A001658,2025-12-07 18:00:00,REPLIED
WA00000834,A002141,2025-11-01 19:00:00,READ
WA00000835,A001705,2026-05-06 20:00:00,READ
WA00000836,A000248,2025-10-21 20:00:00,DELIVERED
WA00000837,A002719,2026-03-06 20:00:00,SENT
WA00000838,A001251,2026-04-26 17:00:00,READ
WA00000839,A003851,2026-02-11 11:00:00,DELIVERED
WA00000840,A000327,2026-07-03 13:00:00,FAILED
WA00000841,A001454,2025-11-14 21:00:00,DELIVERED
WA00000842,A003580,2025-09-15 21:00:00,SENT
WA00000843,A000540,2026-04-26 12:00:00,DELIVERED
WA00000844,A003230,2026-06-13 07:00:00,FAILED
WA00000845,A000231,2026-04-01 21:00:00,FAILED
WA00000846,A002661,2026-03-06 09:00:00,FAILED
WA00000847,A002693,2026-05-17 07:00:00,READ
WA00000848,A001894,2026-06-17 08:00:00,DELIVERED
WA00000849,A000956,2026-04-10 09:00:00,REPLIED
WA00000850,A000499,2026-08-16 20:00:00,DELIVERED
WA00000851,A002400,2025-11-02 14:00:00,FAILED
WA00000852,A001201,2025-11-02 07:00:00,SENT
WA00000853,A004187,2025-11-11 14:00:00,DELIVERED
WA00000854,A000893,2026-08-13 09:00:00,REPLIED
WA00000855,A003640,2025-10-09 07:00:00,REPLIED
WA00000856,A000621,2026-01-01 16:00:00,READ
WA00000857,A000246,2025-12-17 21:00:00,REPLIED
WA00000858,A004081,2025-09-02 12:00:00,DELIVERED
WA00000859,A001278,2026-08-26 07:00:00,FAILED
WA00000860,A002131,2026-04-23 07:00:00,FAILED
WA00000861,A003149,2025-12-13 18:00:00,DELIVERED
WA00000862,A000789,2026-01-12 12:00:00,FAILED
WA00000863,A000476,2026-04-10 22:00:00,DELIVERED
WA00000864,A000856,2026-08-24 10:00:00,DELIVERED
WA00000865,A001886,2026-08-12 08:00:00,FAILED
WA00000866,A000465,2026-08-14 11:00:00,DELIVERED
WA00000867,A002196,2026-07-10 20:00:00,FAILED
WA00000868,A003677,2026-02-26 19:00:00,SENT
WA00000869,A001166,2025-11-10 15:00:00,READ
WA00000870,A002969,2026-07-01 20:00:00,REPLIED
WA00000871,A003669,2026-07-03 19:00:00,READ
WA00000872,A003049,2025-12-02 08:00:00,SENT
WA00000873,A001797,2025-10-05 14:00:00,FAILED
WA00000874,A003349,2026-06-25 21:00:00,READ
WA00000875,A002466,2026-02-25 20:00:00,FAILED
WA00000876,A001507,2025-12-12 08:00:00,SENT
WA00000877,A001920,2026-07-18 17:00:00,DELIVERED
WA00000878,A000857,2026-04-24 12:00:00,REPLIED
WA00000879,A003703,2025-09-08 09:00:00,READ
WA00000880,A001490,2026-06-01 08:00:00,DELIVERED
WA00000881,A003715,2026-08-05 20:00:00,DELIVERED
WA00000882,A004174,2025-11-06 16:00:00,DELIVERED
WA00000883,A004022,2026-08-07 10:00:00,DELIVERED
WA00000884,A002938,2025-09-07 21:00:00,READ
WA00000885,A002754,2026-05-15 20:00:00,READ
WA00000886,A000696,2026-01-21 10:00:00,READ
WA00000887,A001837,2025-12-10 11:00:00,DELIVERED
WA00000888,A003016,2026-06-26 22:00:00,DELIVERED
WA00000889,A000822,2026-08-12 20:00:00,DELIVERED
WA00000890,A001103,2026-04-05 19:00:00,REPLIED
WA00000891,A000092,2026-08-25 11:00:00,DELIVERED
WA00000892,A004023,2026-05-26 10:00:00,DELIVERED
WA00000893,A001174,2026-01-17 19:00:00,REPLIED
WA00000894,A003181,2026-08-07 15:00:00,SENT
WA00000895,A004025,2026-05-22 09:00:00,READ
WA00000896,A001696,2025-11-06 17:00:00,READ
WA00000897,A004087,2025-09-26 10:00:00,READ
WA00000898,A000582,2026-06-10 14:00:00,DELIVERED
WA00000899,A002220,2026-05-07 10:00:00,SENT
WA00000900,A001147,2026-08-26 11:00:00,SENT
WA00000901,A001736,2026-05-12 18:00:00,FAILED
WA00000902,A003025,2026-07-05 21:00:00,SENT
WA00000903,A003347,2025-11-21 11:00:00,DELIVERED
WA00000904,A002211,2026-03-21 07:00:00,DELIVERED
WA00000905,A003063,2025-12-06 22:00:00,DELIVERED
WA00000906,A001417,2026-01-19 18:00:00,FAILED
WA00000907,A001258,2026-02-03 07:00:00,READ
WA00000908,A001675,2025-11-23 13:00:00,READ
WA00000909,A003735,2026-05-10 13:00:00,FAILED
WA00000910,A001322,2025-09-10 13:00:00,FAILED
WA00000911,A002598,2025-10-15 17:00:00,REPLIED
WA00000912,A000318,2026-03-11 19:00:00,DELIVERED
WA00000913,A002170,2026-02-01 18:00:00,DELIVERED
WA00000914,A001428,2026-03-10 17:00:00,FAILED
WA00000915,A001586,2025-09-20 20:00:00,READ
WA00000916,A000342,2026-02-20 07:00:00,DELIVERED
WA00000917,A001355,2025-11-24 07:00:00,SENT
WA00000918,A001263,2026-06-14 16:00:00,SENT
WA00000919,A004091,2026-03-13 15:00:00,SENT
WA00000920,A003210,2026-07-04 19:00:00,DELIVERED
WA00000921,A000678,2025-10-17 09:00:00,DELIVERED
WA00000922,A004123,2026-06-27 10:00:00,READ
WA00000923,A001673,2026-04-05 22:00:00,REPLIED
WA00000924,A002007,2026-04-10 14:00:00,READ
WA00000925,A001975,2026-05-22 13:00:00,REPLIED
WA00000926,A002600,2025-10-21 12:00:00,SENT
WA00000927,A000466,2025-11-17 09:00:00,READ
WA00000928,A001870,2026-01-18 12:00:00,REPLIED
WA00000929,A002848,2026-08-04 13:00:00,REPLIED
WA00000930,A001077,2025-12-12 08:00:00,READ
WA00000931,A003416,2026-06-02 17:00:00,READ
WA00000932,A002058,2026-05-22 12:00:00,DELIVERED
WA00000933,A003381,2025-11-05 16:00:00,DELIVERED
WA00000934,A001156,2026-03-27 20:00:00,READ
WA00000935,A001962,2026-03-18 16:00:00,READ
WA00000936,A002412,2025-09-21 21:00:00,READ
WA00000937,A000439,2025-11-20 11:00:00,SENT
WA00000938,A000857,2026-07-09 19:00:00,READ
WA00000939,A001543,2026-03-04 11:00:00,SENT
WA00000940,A000507,2026-03-21 17:00:00,REPLIED
WA00000941,A001396,2025-09-09 22:00:00,DELIVERED
WA00000942,A001414,2025-12-27 09:00:00,DELIVERED
WA00000943,A000174,2025-12-05 17:00:00,SENT
WA00000944,A001872,2026-06-25 22:00:00,READ
WA00000945,A002964,2025-09-07 10:00:00,SENT
WA00000946,A001656,2026-03-22 20:00:00,DELIVERED
WA00000947,A004184,2026-06-18 14:00:00,DELIVERED
WA00000948,A002496,2026-08-15 16:00:00,DELIVERED
WA00000949,A002344,2026-04-07 14:00:00,DELIVERED
WA00000950,A001749,2025-12-24 19:00:00,REPLIED
WA00000951,A003963,2026-05-24 20:00:00,DELIVERED
WA00000952,A003054,2025-12-27 16:00:00,DELIVERED
WA00000953,A001238,2025-10-20 07:00:00,REPLIED
WA00000954,A003818,2025-09-11 14:00:00,DELIVERED
WA00000955,A002229,2026-01-21 09:00:00,SENT
WA00000956,A003467,2026-03-24 08:00:00,READ
WA00000957,A003791,2026-08-11 17:00:00,DELIVERED
WA00000958,A001873,2026-05-09 07:00:00,DELIVERED
WA00000959,A000251,2026-08-11 09:00:00,REPLIED
WA00000960,A003801,2026-08-11 11:00:00,DELIVERED
WA00000961,A002335,2026-05-16 09:00:00,FAILED
WA00000962,A000935,2025-12-04 18:00:00,SENT
WA00000963,A000410,2026-03-16 08:00:00,REPLIED
WA00000964,A002991,2025-10-26 22:00:00,REPLIED
WA00000965,A003488,2025-10-03 15:00:00,DELIVERED
WA00000966,A000305,2026-08-01 22:00:00,REPLIED
WA00000967,A003538,2026-04-05 16:00:00,REPLIED
WA00000968,A003033,2026-06-09 12:00:00,DELIVERED
WA00000969,A004011,2025-09-24 18:00:00,DELIVERED
WA00000970,A001387,2026-01-09 13:00:00,READ
WA00000971,A003765,2026-05-09 20:00:00,SENT
WA00000972,A001128,2026-03-07 09:00:00,READ
WA00000973,A000363,2025-11-12 21:00:00,DELIVERED
WA00000974,A000221,2025-09-01 11:00:00,SENT
WA00000975,A002327,2025-10-06 21:00:00,REPLIED
WA00000976,A003432,2025-12-10 17:00:00,REPLIED
WA00000977,A002370,2025-11-22 14:00:00,REPLIED
WA00000978,A003518,2025-10-26 12:00:00,REPLIED
WA00000979,A000256,2026-07-12 20:00:00,SENT
WA00000980,A001984,2025-12-18 15:00:00,DELIVERED
WA00000981,A000216,2026-07-13 09:00:00,DELIVERED
WA00000982,A000816,2025-12-01 16:00:00,FAILED
WA00000983,A003160,2025-09-12 19:00:00,DELIVERED
WA00000984,A004185,2025-12-19 19:00:00,READ
WA00000985,A001865,2026-08-12 19:00:00,DELIVERED
WA00000986,A001581,2025-10-27 12:00:00,SENT
WA00000987,A001471,2026-04-20 20:00:00,SENT
WA00000988,A003172,2025-11-11 20:00:00,READ
WA00000989,A003983,2025-12-23 19:00:00,REPLIED
WA00000990,A003555,2026-06-11 15:00:00,DELIVERED
WA00000991,A000318,2025-10-09 09:00:00,READ
WA00000992,A001697,2026-06-03 15:00:00,DELIVERED
WA00000993,A000047,2026-07-26 07:00:00,FAILED
WA00000994,A001025,2025-09-12 13:00:00,FAILED
WA00000995,A003418,2026-08-13 08:00:00,READ
WA00000996,A001850,2026-01-10 09:00:00,READ
WA00000997,A001830,2026-04-11 07:00:00,DELIVERED
WA00000998,A002677,2025-12-09 11:00:00,FAILED
WA00000999,A003968,2025-11-05 20:00:00,READ
WA00001000,A002872,2026-03-07 21:00:00,SENT
WA00001001,A001059,2026-01-26 12:00:00,READ
WA00001002,A002537,2026-04-22 10:00:00,READ
WA00001003,A004135,2026-08-04 12:00:00,SENT
WA00001004,A000554,2026-08-27 10:00:00,DELIVERED
WA00001005,A000479,2026-08-25 09:00:00,FAILED
WA00001006,A004153,2025-09-18 14:00:00,DELIVERED
WA00001007,A000007,2026-05-11 18:00:00,SENT
WA00001008,A003555,2025-10-20 22:00:00,FAILED
WA00001009,A000389,2026-04-16 17:00:00,REPLIED
WA00001010,A003691,2026-08-15 12:00:00,FAILED
WA00001011,A001215,2026-04-25 09:00:00,DELIVERED
WA00001012,A000617,2025-11-16 17:00:00,DELIVERED
WA00001013,A002439,2026-06-02 07:00:00,SENT
WA00001014,A001442,2026-07-23 08:00:00,DELIVERED
WA00001015,A001506,2025-10-12 11:00:00,DELIVERED
WA00001016,A003788,2026-02-07 19:00:00,REPLIED
WA00001017,A003634,2025-10-04 19:00:00,FAILED
WA00001018,A000894,2026-05-20 11:00:00,READ
WA00001019,A000453,2026-02-22 13:00:00,FAILED
WA00001020,A000082,2026-03-12 09:00:00,SENT
WA00001021,A003601,2026-02-25 18:00:00,FAILED
WA00001022,A002227,2026-08-05 08:00:00,READ
WA00001023,A001915,2026-07-07 09:00:00,FAILED
WA00001024,A000447,2025-12-01 09:00:00,DELIVERED
WA00001025,A002758,2025-09-12 22:00:00,READ
WA00001026,A002144,2025-12-09 10:00:00,REPLIED
WA00001027,A001958,2025-11-12 12:00:00,FAILED
WA00001028,A001880,2026-07-16 10:00:00,SENT
WA00001029,A001738,2025-10-27 22:00:00,DELIVERED
WA00001030,A003776,2025-12-26 11:00:00,DELIVERED
WA00001031,A002700,2025-11-18 07:00:00,DELIVERED
WA00001032,A001010,2026-04-21 16:00:00,READ
WA00001033,A003328,2026-02-18 16:00:00,DELIVERED
WA00001034,A002312,2026-05-26 13:00:00,READ
WA00001035,A002701,2026-07-07 13:00:00,FAILED
WA00001036,A004171,2026-02-25 15:00:00,DELIVERED
WA00001037,A004044,2025-10-06 09:00:00,DELIVERED
WA00001038,A002328,2026-07-02 22:00:00,READ
WA00001039,A003024,2026-06-25 07:00:00,DELIVERED
WA00001040,A000721,2025-12-23 17:00:00,DELIVERED
WA00001041,A003180,2025-11-22 10:00:00,DELIVERED
WA00001042,A000127,2025-09-16 20:00:00,DELIVERED
WA00001043,A001986,2025-09-01 15:00:00,DELIVERED
WA00001044,A002140,2026-04-04 11:00:00,READ
WA00001045,A003483,2026-07-04 07:00:00,REPLIED
WA00001046,A001770,2026-06-22 22:00:00,DELIVERED
WA00001047,A003321,2026-08-16 07:00:00,READ
WA00001048,A003065,2026-03-25 07:00:00,DELIVERED
WA00001049,A002062,2026-03-14 15:00:00,DELIVERED
WA00001050,A001911,2026-07-22 14:00:00,READ
WA00001051,A000629,2026-06-01 16:00:00,DELIVERED
WA00001052,A002106,2026-06-21 12:00:00,READ
WA00001053,A003844,2026-07-22 21:00:00,DELIVERED
WA00001054,A002511,2026-04-08 07:00:00,DELIVERED
WA00001055,A000623,2026-06-24 16:00:00,READ
WA00001056,A003333,2026-06-20 09:00:00,DELIVERED
WA00001057,A003160,2026-01-14 12:00:00,READ
WA00001058,A000167,2026-03-02 09:00:00,DELIVERED
WA00001059,A002792,2026-07-11 20:00:00,READ
WA00001060,A001311,2026-07-14 13:00:00,DELIVERED
WA00001061,A000908,2026-06-05 10:00:00,DELIVERED
WA00001062,A004034,2026-04-16 17:00:00,FAILED
WA00001063,A001127,2026-08-12 13:00:00,DELIVERED
WA00001064,A000176,2025-09-11 07:00:00,FAILED
WA00001065,A000679,2026-01-26 12:00:00,READ
WA00001066,A000712,2025-09-01 12:00:00,READ
WA00001067,A001113,2026-04-20 20:00:00,FAILED
WA00001068,A003081,2025-12-12 22:00:00,SENT
WA00001069,A001692,2025-09-02 11:00:00,REPLIED
WA00001070,A002083,2026-04-12 17:00:00,FAILED
WA00001071,A001489,2026-05-14 18:00:00,DELIVERED
WA00001072,A000395,2026-08-18 07:00:00,SENT
WA00001073,A001699,2026-05-20 18:00:00,DELIVERED
WA00001074,A003269,2026-04-22 21:00:00,READ
WA00001075,A000675,2026-02-14 20:00:00,FAILED
WA00001076,A002122,2026-01-10 14:00:00,FAILED
WA00001077,A002812,2025-11-08 13:00:00,DELIVERED
WA00001078,A002633,2026-08-23 22:00:00,DELIVERED
WA00001079,A000626,2026-07-05 16:00:00,DELIVERED
WA00001080,A002444,2026-08-22 18:00:00,REPLIED
WA00001081,A002025,2026-02-14 17:00:00,READ
WA00001082,A001757,2025-10-10 07:00:00,DELIVERED
WA00001083,A000846,2025-10-15 15:00:00,REPLIED
WA00001084,A003141,2026-01-22 21:00:00,SENT
WA00001085,A002984,2026-02-27 11:00:00,DELIVERED
WA00001086,A002089,2026-01-17 07:00:00,FAILED
WA00001087,A001383,2025-09-04 13:00:00,DELIVERED
WA00001088,A003540,2026-01-24 22:00:00,DELIVERED
WA00001089,A000670,2026-03-04 13:00:00,SENT
WA00001090,A003325,2025-10-27 11:00:00,REPLIED
WA00001091,A002625,2026-06-21 16:00:00,FAILED
WA00001092,A002812,2026-07-03 13:00:00,DELIVERED
WA00001093,A003720,2025-12-02 16:00:00,READ
WA00001094,A003408,2025-11-15 14:00:00,REPLIED
WA00001095,A002029,2025-09-09 08:00:00,READ
WA00001096,A000097,2025-12-21 09:00:00,DELIVERED
WA00001097,A000791,2025-10-23 11:00:00,READ
WA00001098,A002526,2026-02-16 14:00:00,READ
WA00001099,A004022,2025-11-13 22:00:00,DELIVERED
WA00001100,A002443,2026-06-22 21:00:00,DELIVERED
WA00001101,A004047,2026-03-20 14:00:00,DELIVERED
WA00001102,A001487,2026-02-07 11:00:00,DELIVERED
WA00001103,A001243,2026-02-27 20:00:00,REPLIED
WA00001104,A001394,2026-07-23 19:00:00,REPLIED
WA00001105,A003685,2026-03-16 15:00:00,READ
WA00001106,A004167,2025-10-21 13:00:00,REPLIED
WA00001107,A002957,2026-01-26 21:00:00,READ
WA00001108,A002143,2025-11-09 07:00:00,DELIVERED
WA00001109,A000316,2026-03-24 20:00:00,FAILED
WA00001110,A003770,2026-02-11 13:00:00,DELIVERED
WA00001111,A002563,2026-05-19 16:00:00,DELIVERED
WA00001112,A001194,2025-12-03 22:00:00,READ
WA00001113,A002519,2026-03-01 11:00:00,REPLIED
WA00001114,A000103,2026-07-01 15:00:00,SENT
WA00001115,A003706,2026-02-25 13:00:00,DELIVERED
WA00001116,A001031,2025-12-09 07:00:00,READ
WA00001117,A003994,2026-02-20 10:00:00,SENT
WA00001118,A000047,2025-11-07 20:00:00,REPLIED
WA00001119,A000524,2025-09-17 10:00:00,FAILED
WA00001120,A002736,2026-04-15 18:00:00,SENT
WA00001121,A002616,2026-08-06 21:00:00,REPLIED
WA00001122,A002495,2025-11-21 13:00:00,READ
WA00001123,A001830,2026-02-26 08:00:00,FAILED
WA00001124,A000199,2026-02-24 14:00:00,DELIVERED
WA00001125,A000588,2026-01-17 21:00:00,REPLIED
WA00001126,A003314,2026-04-12 10:00:00,READ
WA00001127,A001733,2025-09-18 19:00:00,FAILED
WA00001128,A000985,2026-07-27 07:00:00,READ
WA00001129,A000060,2026-06-16 17:00:00,READ
WA00001130,A003853,2026-06-14 13:00:00,READ
WA00001131,A003769,2026-04-07 22:00:00,SENT
WA00001132,A001974,2026-06-10 11:00:00,READ
WA00001133,A003481,2026-04-01 22:00:00,REPLIED
WA00001134,A002483,2025-09-05 20:00:00,SENT
WA00001135,A001724,2026-05-04 07:00:00,READ
WA00001136,A001140,2026-02-21 10:00:00,READ
WA00001137,A000849,2025-10-04 07:00:00,REPLIED
WA00001138,A003977,2026-03-05 08:00:00,REPLIED
WA00001139,A003229,2026-02-24 14:00:00,DELIVERED
WA00001140,A002716,2026-01-10 11:00:00,REPLIED
WA00001141,A000603,2025-12-17 12:00:00,SENT
WA00001142,A000021,2025-12-27 11:00:00,DELIVERED
WA00001143,A001132,2026-08-11 10:00:00,READ
WA00001144,A002629,2026-03-04 11:00:00,DELIVERED
WA00001145,A003446,2025-10-26 17:00:00,READ
WA00001146,A001109,2026-05-14 13:00:00,FAILED
WA00001147,A003830,2026-07-17 18:00:00,DELIVERED
WA00001148,A002081,2026-08-11 21:00:00,DELIVERED
WA00001149,A002123,2026-02-11 22:00:00,REPLIED
WA00001150,A002181,2026-03-17 20:00:00,FAILED
WA00001151,A001258,2026-06-22 08:00:00,REPLIED
WA00001152,A000664,2026-03-14 19:00:00,FAILED
WA00001153,A003934,2025-11-24 07:00:00,DELIVERED
WA00001154,A004001,2025-09-16 07:00:00,FAILED
WA00001155,A003839,2026-02-09 20:00:00,DELIVERED
WA00001156,A000640,2025-12-15 21:00:00,READ
WA00001157,A003117,2026-08-21 17:00:00,SENT
WA00001158,A000447,2026-04-27 15:00:00,REPLIED
WA00001159,A000044,2026-07-20 13:00:00,DELIVERED
WA00001160,A003602,2025-10-25 15:00:00,READ
WA00001161,A001819,2026-04-19 17:00:00,FAILED
WA00001162,A000259,2026-06-25 16:00:00,FAILED
WA00001163,A002859,2026-06-21 08:00:00,DELIVERED
WA00001164,A001039,2026-01-24 11:00:00,REPLIED
WA00001165,A000776,2026-03-21 22:00:00,DELIVERED
WA00001166,A002189,2025-11-26 08:00:00,FAILED
WA00001167,A001477,2025-12-04 17:00:00,REPLIED
WA00001168,A000323,2025-09-12 20:00:00,READ
WA00001169,A000085,2026-01-01 11:00:00,SENT
WA00001170,A000955,2026-07-06 15:00:00,DELIVERED
WA00001171,A003147,2026-05-11 16:00:00,SENT
WA00001172,A003454,2026-03-17 14:00:00,REPLIED
WA00001173,A003408,2026-02-11 12:00:00,SENT
WA00001174,A001921,2026-05-01 16:00:00,READ
WA00001175,A003815,2026-02-16 09:00:00,READ
WA00001176,A001947,2025-10-25 18:00:00,DELIVERED
WA00001177,A003199,2026-08-24 08:00:00,REPLIED
WA00001178,A000258,2025-12-12 18:00:00,DELIVERED
WA00001179,A004056,2026-01-20 20:00:00,FAILED
WA00001180,A003967,2025-10-03 11:00:00,DELIVERED
WA00001181,A002884,2026-03-20 22:00:00,DELIVERED
WA00001182,A000380,2026-06-04 15:00:00,READ
WA00001183,A000963,2026-03-09 17:00:00,SENT
WA00001184,A000124,2026-03-21 16:00:00,DELIVERED
WA00001185,A002419,2026-06-04 20:00:00,FAILED
WA00001186,A000584,2026-03-22 08:00:00,REPLIED
WA00001187,A003806,2026-02-03 18:00:00,DELIVERED
WA00001188,A000989,2026-07-07 15:00:00,FAILED
WA00001189,A002067,2025-10-08 13:00:00,DELIVERED
WA00001190,A003035,2026-07-26 07:00:00,SENT
WA00001191,A000982,2026-05-02 13:00:00,FAILED
WA00001192,A000984,2026-05-21 07:00:00,FAILED
WA00001193,A003291,2025-12-24 07:00:00,READ
WA00001194,A002051,2025-12-26 19:00:00,DELIVERED
WA00001195,A000295,2026-05-10 09:00:00,REPLIED
WA00001196,A003519,2026-01-12 15:00:00,REPLIED
WA00001197,A001794,2026-07-09 21:00:00,DELIVERED
WA00001198,A002583,2025-10-21 20:00:00,DELIVERED
WA00001199,A002465,2026-06-25 21:00:00,FAILED
WA00001200,A003928,2025-10-26 19:00:00,REPLIED
WA00001201,A003942,2026-07-08 07:00:00,FAILED
WA00001202,A003284,2026-04-21 16:00:00,DELIVERED
WA00001203,A002021,2026-04-10 16:00:00,DELIVERED
WA00001204,A001311,2025-10-05 14:00:00,DELIVERED
WA00001205,A001525,2026-03-03 07:00:00,READ
WA00001206,A000958,2026-07-12 11:00:00,READ
WA00001207,A003920,2025-10-05 21:00:00,READ
WA00001208,A001771,2025-11-25 11:00:00,SENT
WA00001209,A001941,2025-10-23 10:00:00,FAILED
WA00001210,A001747,2025-12-22 11:00:00,DELIVERED
WA00001211,A001275,2025-12-24 09:00:00,DELIVERED
WA00001212,A004171,2026-02-17 15:00:00,REPLIED
WA00001213,A003941,2026-05-07 09:00:00,DELIVERED
WA00001214,A003191,2026-03-09 19:00:00,SENT
WA00001215,A001842,2026-08-18 22:00:00,FAILED
WA00001216,A002484,2026-01-10 16:00:00,FAILED
WA00001217,A000731,2026-07-03 08:00:00,READ
WA00001218,A001899,2026-01-27 20:00:00,FAILED
WA00001219,A003099,2026-02-04 09:00:00,FAILED
WA00001220,A003352,2025-09-16 10:00:00,DELIVERED
WA00001221,A004196,2025-11-23 10:00:00,SENT
WA00001222,A000467,2026-05-05 19:00:00,REPLIED
WA00001223,A003314,2026-04-13 13:00:00,READ
WA00001224,A003542,2026-03-16 15:00:00,DELIVERED
WA00001225,A002645,2026-03-07 17:00:00,DELIVERED
WA00001226,A000523,2026-07-19 19:00:00,DELIVERED
WA00001227,A002999,2026-07-01 08:00:00,FAILED
WA00001228,A002981,2026-05-24 08:00:00,DELIVERED
WA00001229,A002275,2026-04-02 12:00:00,DELIVERED
WA00001230,A003506,2025-10-18 16:00:00,READ
WA00001231,A002212,2026-03-26 18:00:00,SENT
WA00001232,A000994,2025-10-08 19:00:00,READ
WA00001233,A000514,2025-12-05 18:00:00,REPLIED
WA00001234,A000621,2025-09-25 15:00:00,DELIVERED
WA00001235,A001551,2026-08-15 07:00:00,READ
WA00001236,A000745,2026-03-09 19:00:00,SENT
WA00001237,A000220,2026-03-25 11:00:00,DELIVERED
WA00001238,A000705,2025-09-26 22:00:00,READ
WA00001239,A001078,2025-12-18 22:00:00,DELIVERED
WA00001240,A003510,2025-11-26 19:00:00,SENT
WA00001241,A003710,2025-10-25 10:00:00,READ
WA00001242,A001050,2026-01-09 15:00:00,SENT
WA00001243,A003412,2026-05-06 18:00:00,DELIVERED
WA00001244,A002682,2026-07-19 17:00:00,REPLIED
WA00001245,A003952,2025-09-14 10:00:00,SENT
WA00001246,A002118,2026-01-21 19:00:00,READ
WA00001247,A000355,2026-06-04 12:00:00,DELIVERED
WA00001248,A004010,2026-01-27 07:00:00,SENT
WA00001249,A002591,2025-10-21 17:00:00,READ
WA00001250,A000997,2026-01-21 08:00:00,REPLIED
WA00001251,A003408,2026-04-22 22:00:00,READ
WA00001252,A000794,2025-10-25 14:00:00,REPLIED
WA00001253,A001968,2026-04-20 10:00:00,DELIVERED
WA00001254,A000172,2025-09-17 20:00:00,READ
WA00001255,A001192,2025-10-24 13:00:00,DELIVERED
WA00001256,A002805,2026-01-24 12:00:00,REPLIED
WA00001257,A001783,2025-11-05 16:00:00,DELIVERED
WA00001258,A002345,2026-02-20 11:00:00,DELIVERED
WA00001259,A001552,2025-11-16 17:00:00,DELIVERED
WA00001260,A000893,2026-01-14 18:00:00,DELIVERED
WA00001261,A002198,2026-06-21 07:00:00,DELIVERED
WA00001262,A001812,2025-09-06 18:00:00,DELIVERED
WA00001263,A001366,2025-10-16 07:00:00,DELIVERED
WA00001264,A000069,2026-02-07 18:00:00,DELIVERED
WA00001265,A001441,2026-01-04 22:00:00,READ
WA00001266,A001339,2026-06-23 19:00:00,SENT
WA00001267,A000380,2025-09-22 20:00:00,FAILED
WA00001268,A001986,2026-04-14 14:00:00,READ
WA00001269,A002722,2025-09-23 21:00:00,REPLIED
WA00001270,A002571,2026-04-14 16:00:00,SENT
WA00001271,A003215,2026-03-07 10:00:00,DELIVERED
WA00001272,A002279,2026-03-06 16:00:00,DELIVERED
WA00001273,A002808,2026-05-27 20:00:00,DELIVERED
WA00001274,A001703,2026-03-24 13:00:00,READ
WA00001275,A003962,2026-07-20 18:00:00,REPLIED
WA00001276,A001799,2025-10-05 07:00:00,DELIVERED
WA00001277,A000061,2026-01-18 22:00:00,READ
WA00001278,A004116,2026-05-25 19:00:00,DELIVERED
WA00001279,A004009,2026-06-13 10:00:00,FAILED
WA00001280,A000985,2026-07-26 18:00:00,DELIVERED
WA00001281,A001260,2026-07-03 09:00:00,DELIVERED
WA00001282,A002630,2026-07-08 12:00:00,DELIVERED
WA00001283,A002970,2026-07-08 17:00:00,READ
WA00001284,A002575,2026-07-24 19:00:00,READ
WA00001285,A000669,2026-06-19 19:00:00,REPLIED
WA00001286,A002554,2025-11-04 08:00:00,REPLIED
WA00001287,A000350,2026-03-10 20:00:00,READ
WA00001288,A002545,2026-04-27 20:00:00,FAILED
WA00001289,A001197,2026-02-22 07:00:00,DELIVERED
WA00001290,A002138,2026-03-23 07:00:00,READ
WA00001291,A003840,2026-06-24 18:00:00,READ
WA00001292,A003673,2025-10-09 18:00:00,DELIVERED
WA00001293,A000317,2025-12-14 22:00:00,READ
WA00001294,A000959,2025-09-22 20:00:00,DELIVERED
WA00001295,A000464,2025-12-03 10:00:00,REPLIED
WA00001296,A001868,2026-07-06 20:00:00,SENT
WA00001297,A003634,2025-09-01 19:00:00,DELIVERED
WA00001298,A004191,2025-10-22 08:00:00,READ
WA00001299,A000440,2026-01-09 20:00:00,SENT
WA00001300,A002926,2026-07-08 10:00:00,READ
WA00001301,A000700,2026-03-15 19:00:00,DELIVERED
WA00001302,A000552,2026-06-06 22:00:00,DELIVERED
WA00001303,A002034,2026-07-03 14:00:00,FAILED
WA00001304,A002072,2026-08-03 10:00:00,REPLIED
WA00001305,A000234,2026-05-19 21:00:00,REPLIED
WA00001306,A001669,2025-10-02 14:00:00,READ
WA00001307,A002432,2025-11-26 17:00:00,SENT
WA00001308,A000896,2026-08-17 14:00:00,FAILED
WA00001309,A002794,2026-02-16 15:00:00,SENT
WA00001310,A002045,2025-12-13 19:00:00,REPLIED
WA00001311,A003430,2026-03-15 16:00:00,DELIVERED
WA00001312,A002781,2026-08-13 18:00:00,SENT
WA00001313,A001230,2026-02-26 20:00:00,DELIVERED
WA00001314,A003757,2025-09-25 13:00:00,DELIVERED
WA00001315,A002380,2026-08-05 21:00:00,REPLIED
WA00001316,A000030,2026-05-24 10:00:00,DELIVERED
WA00001317,A003390,2026-04-14 22:00:00,DELIVERED
WA00001318,A002343,2026-08-04 12:00:00,REPLIED
WA00001319,A002790,2026-07-20 08:00:00,REPLIED
WA00001320,A000305,2025-10-02 15:00:00,DELIVERED
WA00001321,A002219,2026-02-15 07:00:00,DELIVERED
WA00001322,A000963,2026-04-27 16:00:00,REPLIED
WA00001323,A002128,2026-05-26 16:00:00,READ
WA00001324,A003821,2026-02-26 11:00:00,DELIVERED
WA00001325,A003483,2026-05-18 18:00:00,DELIVERED
WA00001326,A003744,2026-02-04 15:00:00,DELIVERED
WA00001327,A000116,2026-08-21 20:00:00,DELIVERED
WA00001328,A003209,2026-08-19 20:00:00,SENT
WA00001329,A000783,2026-06-01 18:00:00,DELIVERED
WA00001330,A002227,2026-04-05 11:00:00,READ
WA00001331,A002829,2025-11-25 20:00:00,REPLIED
WA00001332,A001783,2026-02-18 07:00:00,DELIVERED
WA00001333,A001492,2026-07-11 19:00:00,REPLIED
WA00001334,A002126,2026-05-23 10:00:00,READ
WA00001335,A002643,2026-05-02 07:00:00,READ
WA00001336,A004136,2026-08-01 11:00:00,READ
WA00001337,A000514,2026-02-01 12:00:00,DELIVERED
WA00001338,A001394,2025-12-08 19:00:00,REPLIED
WA00001339,A000889,2025-10-08 18:00:00,DELIVERED
WA00001340,A004156,2026-03-10 18:00:00,SENT
WA00001341,A002249,2025-09-07 18:00:00,DELIVERED
WA00001342,A001801,2026-08-21 22:00:00,REPLIED
WA00001343,A002818,2026-06-21 11:00:00,DELIVERED
WA00001344,A003070,2026-04-15 18:00:00,DELIVERED
WA00001345,A003848,2026-05-10 12:00:00,DELIVERED
WA00001346,A003298,2026-01-18 18:00:00,DELIVERED
WA00001347,A001452,2025-09-08 17:00:00,REPLIED
WA00001348,A003611,2026-08-17 17:00:00,SENT
WA00001349,A003019,2026-05-19 10:00:00,FAILED
WA00001350,A004084,2025-12-14 16:00:00,DELIVERED
WA00001351,A002694,2025-11-07 15:00:00,READ
WA00001352,A002288,2026-06-01 17:00:00,REPLIED
WA00001353,A004041,2026-03-27 13:00:00,FAILED
WA00001354,A000922,2025-11-23 18:00:00,READ
WA00001355,A003042,2025-10-26 22:00:00,READ
WA00001356,A004121,2026-05-09 21:00:00,DELIVERED
WA00001357,A001910,2026-07-14 22:00:00,READ
WA00001358,A001173,2025-12-20 18:00:00,FAILED
WA00001359,A002740,2026-08-26 17:00:00,READ
WA00001360,A002231,2026-08-06 13:00:00,SENT
WA00001361,A000156,2025-10-09 13:00:00,DELIVERED
WA00001362,A003867,2026-04-24 11:00:00,DELIVERED
WA00001363,A000365,2026-05-13 09:00:00,READ
WA00001364,A001872,2026-07-12 22:00:00,DELIVERED
WA00001365,A001978,2026-04-07 22:00:00,REPLIED
WA00001366,A002525,2026-02-21 13:00:00,FAILED
WA00001367,A001857,2025-11-08 07:00:00,READ
WA00001368,A000938,2026-05-06 13:00:00,REPLIED
WA00001369,A003576,2025-10-14 18:00:00,READ
WA00001370,A003370,2026-05-16 12:00:00,REPLIED
WA00001371,A002182,2025-11-15 17:00:00,DELIVERED
WA00001372,A001988,2026-02-27 16:00:00,DELIVERED
WA00001373,A000653,2026-05-22 21:00:00,FAILED
WA00001374,A002488,2026-03-22 17:00:00,SENT
WA00001375,A003338,2026-05-09 07:00:00,SENT
WA00001376,A000315,2026-03-25 10:00:00,REPLIED
WA00001377,A000193,2026-04-21 19:00:00,READ
WA00001378,A001798,2026-04-26 12:00:00,READ
WA00001379,A002520,2025-12-08 15:00:00,SENT
WA00001380,A001984,2026-08-10 08:00:00,DELIVERED
WA00001381,A000043,2026-07-02 10:00:00,DELIVERED
WA00001382,A004044,2026-02-19 22:00:00,READ
WA00001383,A000673,2025-11-05 08:00:00,SENT
WA00001384,A001558,2025-11-02 20:00:00,READ
WA00001385,A001985,2025-11-12 17:00:00,REPLIED
WA00001386,A003074,2025-11-20 09:00:00,READ
WA00001387,A001269,2026-05-18 13:00:00,REPLIED
WA00001388,A001457,2026-07-13 13:00:00,READ
WA00001389,A003567,2026-04-08 08:00:00,FAILED
WA00001390,A000261,2026-04-08 07:00:00,READ
WA00001391,A003370,2026-01-03 11:00:00,SENT
WA00001392,A003842,2025-11-26 16:00:00,SENT
WA00001393,A001295,2025-11-24 19:00:00,READ
WA00001394,A003124,2026-08-09 20:00:00,READ
WA00001395,A003037,2026-03-11 16:00:00,REPLIED
WA00001396,A002345,2026-05-08 21:00:00,REPLIED
WA00001397,A001901,2025-10-06 18:00:00,READ
WA00001398,A001136,2025-10-06 20:00:00,DELIVERED
WA00001399,A003323,2025-11-12 22:00:00,READ
WA00001400,A002813,2026-06-19 16:00:00,READ
WA00001401,A001820,2025-11-24 21:00:00,DELIVERED
WA00001402,A001041,2025-11-20 10:00:00,REPLIED
WA00001403,A001992,2025-10-05 09:00:00,REPLIED
WA00001404,A002247,2025-11-14 18:00:00,DELIVERED
WA00001405,A000832,2025-09-03 21:00:00,REPLIED
WA00001406,A000692,2026-03-05 07:00:00,READ
WA00001407,A003854,2026-08-22 09:00:00,READ
WA00001408,A000147,2026-08-01 13:00:00,REPLIED
WA00001409,A003800,2025-09-19 21:00:00,DELIVERED
WA00001410,A003819,2025-11-01 20:00:00,REPLIED
WA00001411,A000734,2026-02-10 14:00:00,DELIVERED
WA00001412,A002539,2026-07-24 22:00:00,SENT
WA00001413,A002924,2026-05-11 09:00:00,READ
WA00001414,A004002,2026-06-22 13:00:00,REPLIED
WA00001415,A003604,2026-08-14 09:00:00,SENT
WA00001416,A003860,2025-09-13 11:00:00,DELIVERED
WA00001417,A003480,2026-01-10 18:00:00,READ
WA00001418,A000613,2026-07-12 19:00:00,READ
WA00001419,A000664,2026-03-01 14:00:00,DELIVERED
WA00001420,A003425,2025-09-01 16:00:00,DELIVERED
WA00001421,A000267,2026-01-03 15:00:00,REPLIED
WA00001422,A001615,2026-06-19 16:00:00,READ
WA00001423,A001385,2025-10-08 20:00:00,DELIVERED
WA00001424,A004163,2025-09-14 13:00:00,READ
WA00001425,A002811,2026-02-22 22:00:00,SENT
WA00001426,A002098,2025-10-26 12:00:00,DELIVERED
WA00001427,A000488,2026-06-19 18:00:00,READ
WA00001428,A000024,2026-01-25 21:00:00,SENT
WA00001429,A001024,2026-01-02 17:00:00,FAILED
WA00001430,A003854,2026-05-13 20:00:00,DELIVERED
WA00001431,A001950,2026-03-26 15:00:00,SENT
WA00001432,A003872,2026-03-10 13:00:00,DELIVERED
WA00001433,A000674,2026-06-12 10:00:00,READ
WA00001434,A000902,2026-08-14 22:00:00,READ
WA00001435,A000581,2026-01-14 08:00:00,DELIVERED
WA00001436,A000151,2025-10-06 13:00:00,READ
WA00001437,A001156,2026-01-13 09:00:00,DELIVERED
WA00001438,A000197,2026-06-12 08:00:00,FAILED
WA00001439,A000146,2026-01-18 13:00:00,REPLIED
WA00001440,A002465,2026-07-24 11:00:00,READ
WA00001441,A001189,2026-04-16 22:00:00,DELIVERED
WA00001442,A003880,2026-05-24 20:00:00,REPLIED
WA00001443,A001605,2026-04-19 17:00:00,DELIVERED
WA00001444,A002484,2025-11-14 12:00:00,DELIVERED
WA00001445,A001142,2026-01-07 22:00:00,READ
WA00001446,A001245,2026-02-19 17:00:00,REPLIED
WA00001447,A000955,2026-01-02 09:00:00,DELIVERED
WA00001448,A000442,2026-04-23 19:00:00,READ
WA00001449,A000975,2025-11-25 22:00:00,DELIVERED
WA00001450,A003276,2025-09-09 21:00:00,FAILED
WA00001451,A001836,2026-04-20 15:00:00,DELIVERED
WA00001452,A003528,2026-06-23 09:00:00,REPLIED
WA00001453,A002892,2026-08-01 19:00:00,FAILED
WA00001454,A002668,2026-05-23 11:00:00,DELIVERED
WA00001455,A002380,2025-11-12 14:00:00,FAILED
WA00001456,A001520,2026-06-25 17:00:00,REPLIED
WA00001457,A001285,2026-04-25 22:00:00,DELIVERED
WA00001458,A004144,2026-06-06 20:00:00,DELIVERED
WA00001459,A002513,2026-01-08 11:00:00,DELIVERED
WA00001460,A003951,2025-10-05 15:00:00,SENT
WA00001461,A003331,2025-11-18 21:00:00,READ
WA00001462,A002862,2026-04-10 15:00:00,REPLIED
WA00001463,A003484,2026-04-12 09:00:00,READ
WA00001464,A000213,2026-05-15 16:00:00,SENT
WA00001465,A001268,2026-01-15 15:00:00,READ
WA00001466,A002724,2026-05-17 12:00:00,FAILED
WA00001467,A003143,2026-05-27 20:00:00,SENT
WA00001468,A003963,2025-12-25 16:00:00,DELIVERED
WA00001469,A000549,2025-10-26 22:00:00,DELIVERED
WA00001470,A000454,2025-12-16 11:00:00,DELIVERED
WA00001471,A001079,2026-05-06 07:00:00,FAILED
WA00001472,A001245,2026-07-09 08:00:00,DELIVERED
WA00001473,A001251,2026-02-17 22:00:00,FAILED
WA00001474,A001318,2025-11-15 15:00:00,FAILED
WA00001475,A004102,2025-11-16 20:00:00,REPLIED
WA00001476,A004032,2026-03-13 20:00:00,DELIVERED
WA00001477,A002569,2026-07-17 11:00:00,READ
WA00001478,A002013,2025-10-16 10:00:00,REPLIED
WA00001479,A003382,2026-06-19 22:00:00,DELIVERED
WA00001480,A000146,2025-12-04 07:00:00,DELIVERED
WA00001481,A001423,2025-10-04 18:00:00,DELIVERED
WA00001482,A002194,2025-11-22 16:00:00,SENT
WA00001483,A002836,2026-06-01 13:00:00,READ
WA00001484,A003720,2025-09-13 19:00:00,READ
WA00001485,A002418,2026-07-13 09:00:00,FAILED
WA00001486,A001275,2025-10-01 17:00:00,READ
WA00001487,A002115,2026-06-20 21:00:00,READ
WA00001488,A002357,2026-07-20 14:00:00,DELIVERED
WA00001489,A000695,2026-04-11 15:00:00,READ
WA00001490,A001172,2026-01-27 14:00:00,DELIVERED
WA00001491,A003251,2026-06-15 12:00:00,DELIVERED
WA00001492,A003380,2025-11-20 22:00:00,REPLIED
WA00001493,A002867,2025-09-05 21:00:00,READ
WA00001494,A000513,2026-02-05 19:00:00,DELIVERED
WA00001495,A000849,2026-01-06 10:00:00,DELIVERED
WA00001496,A000151,2025-10-05 11:00:00,DELIVERED
WA00001497,A000819,2026-08-06 12:00:00,READ
WA00001498,A002951,2026-08-06 08:00:00,REPLIED
WA00001499,A002142,2025-12-14 22:00:00,DELIVERED
WA00001500,A003835,2026-07-01 07:00:00,SENT
WA00001501,A001373,2025-12-23 15:00:00,READ
WA00001502,A001123,2026-07-20 17:00:00,READ
WA00001503,A001373,2026-01-10 11:00:00,DELIVERED
WA00001504,A003333,2026-04-15 10:00:00,DELIVERED
WA00001505,A001961,2025-10-08 21:00:00,SENT
WA00001506,A001408,2026-03-20 11:00:00,DELIVERED
WA00001507,A002904,2026-03-18 14:00:00,READ
WA00001508,A004110,2026-05-24 11:00:00,DELIVERED
WA00001509,A002535,2025-10-21 09:00:00,SENT
WA00001510,A003510,2026-05-19 16:00:00,SENT
WA00001511,A004151,2026-02-21 13:00:00,SENT
WA00001512,A003848,2026-01-02 09:00:00,REPLIED
WA00001513,A000415,2026-08-24 14:00:00,DELIVERED
WA00001514,A000361,2025-11-06 10:00:00,SENT
WA00001515,A002148,2025-10-12 10:00:00,DELIVERED
WA00001516,A000987,2026-01-06 17:00:00,REPLIED
WA00001517,A003192,2026-05-23 13:00:00,SENT
WA00001518,A001187,2026-06-05 17:00:00,FAILED
WA00001519,A002856,2026-06-12 08:00:00,READ
WA00001520,A002265,2025-10-16 09:00:00,DELIVERED
WA00001521,A002227,2025-11-20 13:00:00,REPLIED
WA00001522,A002350,2026-06-21 13:00:00,SENT
WA00001523,A002551,2026-06-17 08:00:00,SENT
WA00001524,A001839,2026-02-23 11:00:00,DELIVERED
WA00001525,A002934,2026-03-12 09:00:00,READ
WA00001526,A002289,2025-09-08 13:00:00,READ
WA00001527,A003922,2026-03-18 08:00:00,READ
WA00001528,A001881,2025-11-16 18:00:00,DELIVERED
WA00001529,A003387,2026-05-03 18:00:00,DELIVERED
WA00001530,A000294,2026-07-20 12:00:00,SENT
WA00001531,A001771,2025-10-20 10:00:00,READ
WA00001532,A003392,2026-06-14 17:00:00,READ
WA00001533,A001653,2026-02-12 07:00:00,READ
WA00001534,A001721,2025-09-22 10:00:00,READ
WA00001535,A001744,2026-02-26 08:00:00,SENT
WA00001536,A000306,2025-10-13 08:00:00,DELIVERED
WA00001537,A002746,2026-07-25 18:00:00,READ
WA00001538,A001875,2026-02-16 21:00:00,READ
WA00001539,A000453,2026-06-02 13:00:00,DELIVERED
WA00001540,A002271,2026-01-07 20:00:00,SENT
WA00001541,A003680,2025-10-05 19:00:00,SENT
WA00001542,A000216,2026-01-21 12:00:00,READ
WA00001543,A000830,2025-09-22 09:00:00,SENT
WA00001544,A001764,2025-11-02 08:00:00,READ
WA00001545,A001660,2025-10-15 15:00:00,READ
WA00001546,A002660,2025-09-03 07:00:00,FAILED
WA00001547,A002963,2025-12-08 08:00:00,READ
WA00001548,A001023,2026-07-14 10:00:00,SENT
WA00001549,A003974,2026-08-13 14:00:00,FAILED
WA00001550,A001472,2025-10-23 16:00:00,REPLIED
WA00001551,A003779,2025-09-20 12:00:00,REPLIED
WA00001552,A004049,2026-03-26 09:00:00,DELIVERED
WA00001553,A002967,2026-06-26 07:00:00,DELIVERED
WA00001554,A003719,2026-04-20 16:00:00,DELIVERED
WA00001555,A002349,2026-07-11 21:00:00,DELIVERED
WA00001556,A002519,2026-01-01 11:00:00,REPLIED
WA00001557,A002688,2026-05-22 10:00:00,SENT
WA00001558,A002310,2026-01-15 18:00:00,FAILED
WA00001559,A000123,2025-10-05 12:00:00,DELIVERED
WA00001560,A002694,2025-11-26 15:00:00,SENT
WA00001561,A004144,2025-09-17 10:00:00,DELIVERED
WA00001562,A002248,2026-05-15 17:00:00,READ
WA00001563,A000823,2026-08-01 18:00:00,SENT
WA00001564,A002234,2026-06-04 14:00:00,REPLIED
WA00001565,A002065,2025-10-12 12:00:00,DELIVERED
WA00001566,A003504,2025-12-12 12:00:00,SENT
WA00001567,A000709,2026-07-22 15:00:00,READ
WA00001568,A003228,2026-08-24 17:00:00,DELIVERED
WA00001569,A002722,2026-06-20 14:00:00,SENT
WA00001570,A002702,2026-06-02 18:00:00,READ
WA00001571,A000725,2025-10-25 16:00:00,REPLIED
WA00001572,A002887,2026-05-09 19:00:00,REPLIED
WA00001573,A001918,2026-07-21 10:00:00,FAILED
WA00001574,A001810,2026-03-24 09:00:00,DELIVERED
WA00001575,A002389,2026-04-27 08:00:00,DELIVERED
WA00001576,A001776,2026-04-04 17:00:00,FAILED
WA00001577,A001534,2025-10-23 11:00:00,DELIVERED
WA00001578,A003126,2025-09-23 09:00:00,READ
WA00001579,A000968,2025-10-26 20:00:00,DELIVERED
WA00001580,A003095,2026-06-05 13:00:00,DELIVERED
WA00001581,A001862,2025-10-26 19:00:00,DELIVERED
WA00001582,A000616,2025-09-04 09:00:00,REPLIED
WA00001583,A003686,2026-05-14 19:00:00,DELIVERED
WA00001584,A003400,2026-03-18 21:00:00,DELIVERED
WA00001585,A004068,2026-05-27 14:00:00,DELIVERED
WA00001586,A003984,2026-05-09 10:00:00,REPLIED
WA00001587,A000844,2026-02-24 12:00:00,READ
WA00001588,A002677,2025-11-17 17:00:00,DELIVERED
WA00001589,A002372,2025-10-21 20:00:00,READ
WA00001590,A003030,2026-07-24 08:00:00,SENT
WA00001591,A002749,2026-05-24 07:00:00,DELIVERED
WA00001592,A002513,2026-03-04 17:00:00,REPLIED
WA00001593,A000621,2026-02-14 09:00:00,READ
WA00001594,A001184,2025-10-19 08:00:00,DELIVERED
WA00001595,A001455,2025-11-22 13:00:00,FAILED
WA00001596,A002227,2026-05-12 20:00:00,READ
WA00001597,A002988,2026-03-06 18:00:00,REPLIED
WA00001598,A002741,2026-04-26 09:00:00,SENT
WA00001599,A000311,2025-11-25 16:00:00,READ
WA00001600,A002774,2026-04-05 18:00:00,FAILED
WA00001601,A000400,2026-07-08 15:00:00,SENT
WA00001602,A000808,2026-06-24 19:00:00,READ
WA00001603,A002420,2026-03-17 16:00:00,DELIVERED
WA00001604,A003778,2025-09-20 15:00:00,READ
WA00001605,A000847,2026-04-14 20:00:00,DELIVERED
WA00001606,A003195,2025-10-14 09:00:00,READ
WA00001607,A001656,2025-10-09 20:00:00,DELIVERED
WA00001608,A002487,2026-07-17 15:00:00,FAILED
WA00001609,A001220,2026-08-14 13:00:00,REPLIED
WA00001610,A001425,2026-03-22 16:00:00,DELIVERED
WA00001611,A001014,2026-01-18 09:00:00,SENT
WA00001612,A000449,2025-11-20 12:00:00,DELIVERED
WA00001613,A003999,2026-06-17 09:00:00,SENT
WA00001614,A001725,2026-01-01 07:00:00,SENT
WA00001615,A000859,2026-01-08 10:00:00,SENT
WA00001616,A003683,2026-07-11 21:00:00,READ
WA00001617,A000567,2025-12-25 10:00:00,READ
WA00001618,A004177,2025-10-14 19:00:00,READ
WA00001619,A001411,2026-04-06 10:00:00,SENT
WA00001620,A002811,2026-05-26 11:00:00,SENT
WA00001621,A001264,2026-03-20 12:00:00,SENT
WA00001622,A000400,2026-07-01 17:00:00,DELIVERED
WA00001623,A000166,2026-07-17 13:00:00,DELIVERED
WA00001624,A003731,2026-01-05 22:00:00,DELIVERED
WA00001625,A001790,2026-02-21 08:00:00,READ
WA00001626,A000369,2025-09-13 18:00:00,REPLIED
WA00001627,A002697,2026-05-04 17:00:00,DELIVERED
WA00001628,A001894,2025-09-23 16:00:00,REPLIED
WA00001629,A000442,2025-09-08 20:00:00,SENT
WA00001630,A003074,2025-12-27 11:00:00,DELIVERED
WA00001631,A002324,2026-04-21 08:00:00,READ
WA00001632,A002690,2026-06-04 14:00:00,DELIVERED
WA00001633,A000750,2026-04-25 22:00:00,READ
WA00001634,A001552,2026-07-11 17:00:00,FAILED
WA00001635,A001488,2026-06-22 22:00:00,READ
WA00001636,A001934,2026-08-21 19:00:00,FAILED
WA00001637,A002127,2026-08-11 21:00:00,REPLIED
WA00001638,A003900,2026-04-13 15:00:00,FAILED
WA00001639,A001773,2025-12-14 15:00:00,READ
WA00001640,A000845,2025-09-25 08:00:00,READ
WA00001641,A002259,2026-07-14 22:00:00,DELIVERED
WA00001642,A003169,2026-02-21 07:00:00,REPLIED
WA00001643,A001915,2026-06-13 13:00:00,SENT
WA00001644,A000321,2026-05-13 22:00:00,DELIVERED
WA00001645,A000210,2025-10-01 09:00:00,REPLIED
WA00001646,A002348,2026-06-11 18:00:00,SENT
WA00001647,A001792,2026-02-11 07:00:00,READ
WA00001648,A002088,2025-12-12 20:00:00,DELIVERED
WA00001649,A003228,2026-03-21 11:00:00,REPLIED
WA00001650,A000990,2026-04-25 09:00:00,DELIVERED
WA00001651,A003363,2025-09-23 16:00:00,READ
WA00001652,A003933,2026-04-04 12:00:00,DELIVERED
WA00001653,A003465,2026-03-09 18:00:00,DELIVERED
WA00001654,A002292,2025-12-09 14:00:00,DELIVERED
WA00001655,A003400,2026-08-23 12:00:00,FAILED
WA00001656,A001832,2025-10-03 15:00:00,REPLIED
WA00001657,A004053,2026-06-10 08:00:00,REPLIED
WA00001658,A003754,2026-05-07 19:00:00,REPLIED
WA00001659,A003325,2026-03-10 17:00:00,REPLIED
WA00001660,A003205,2026-08-26 07:00:00,DELIVERED
WA00001661,A000383,2026-03-08 11:00:00,DELIVERED
WA00001662,A001536,2026-06-05 07:00:00,READ
WA00001663,A002654,2026-02-27 15:00:00,SENT
WA00001664,A001616,2026-04-10 16:00:00,READ
WA00001665,A001110,2026-08-24 15:00:00,REPLIED
WA00001666,A000844,2026-03-02 08:00:00,DELIVERED
WA00001667,A001683,2025-10-17 12:00:00,SENT
WA00001668,A001147,2026-03-19 14:00:00,REPLIED
WA00001669,A002955,2025-12-13 13:00:00,READ
WA00001670,A002793,2026-03-22 15:00:00,READ
WA00001671,A003447,2025-10-15 09:00:00,READ
WA00001672,A001304,2025-10-06 12:00:00,DELIVERED
WA00001673,A001172,2025-09-23 13:00:00,SENT
WA00001674,A002879,2026-02-23 22:00:00,READ
WA00001675,A001960,2026-03-11 20:00:00,READ
WA00001676,A002193,2025-11-08 07:00:00,READ
WA00001677,A001915,2026-02-09 14:00:00,READ
WA00001678,A001076,2026-08-17 07:00:00,DELIVERED
WA00001679,A000236,2026-01-09 13:00:00,REPLIED
WA00001680,A003093,2026-02-26 19:00:00,DELIVERED
WA00001681,A003293,2026-02-14 21:00:00,DELIVERED
WA00001682,A000818,2026-08-18 18:00:00,DELIVERED
WA00001683,A001786,2026-05-09 21:00:00,DELIVERED
WA00001684,A002815,2026-07-10 21:00:00,DELIVERED
WA00001685,A003927,2025-11-15 09:00:00,DELIVERED
WA00001686,A002359,2026-03-19 17:00:00,FAILED
WA00001687,A003562,2026-05-18 18:00:00,READ
WA00001688,A000649,2026-06-17 21:00:00,READ
WA00001689,A003760,2026-07-16 08:00:00,SENT
WA00001690,A001641,2026-03-07 19:00:00,DELIVERED
WA00001691,A000590,2026-01-10 12:00:00,READ
WA00001692,A002524,2026-05-02 19:00:00,REPLIED
WA00001693,A002041,2026-01-23 07:00:00,DELIVERED
WA00001694,A004114,2026-04-17 22:00:00,DELIVERED
WA00001695,A000442,2026-04-26 18:00:00,SENT
WA00001696,A001434,2025-12-05 07:00:00,DELIVERED
WA00001697,A003472,2025-11-04 09:00:00,DELIVERED
WA00001698,A001205,2026-01-01 21:00:00,DELIVERED
WA00001699,A002888,2026-06-23 21:00:00,SENT
WA00001700,A000064,2026-04-13 19:00:00,DELIVERED
WA00001701,A004043,2025-11-19 16:00:00,REPLIED
WA00001702,A001704,2025-11-09 22:00:00,FAILED
WA00001703,A004026,2026-08-13 21:00:00,READ
WA00001704,A002319,2025-10-22 11:00:00,READ
WA00001705,A002890,2026-06-14 13:00:00,DELIVERED
WA00001706,A003502,2026-06-21 17:00:00,READ
WA00001707,A001833,2026-07-15 08:00:00,REPLIED
WA00001708,A004145,2026-05-19 09:00:00,REPLIED
WA00001709,A000885,2026-04-25 11:00:00,SENT
WA00001710,A002163,2026-03-08 20:00:00,DELIVERED
WA00001711,A003301,2026-02-11 13:00:00,DELIVERED
WA00001712,A001513,2026-03-10 11:00:00,DELIVERED
WA00001713,A002510,2025-10-24 14:00:00,READ
WA00001714,A001777,2026-07-08 08:00:00,DELIVERED
WA00001715,A002827,2026-07-23 10:00:00,DELIVERED
WA00001716,A004108,2026-05-02 11:00:00,SENT
WA00001717,A001795,2026-02-06 08:00:00,REPLIED
WA00001718,A002616,2026-03-11 17:00:00,READ
WA00001719,A000332,2026-03-24 15:00:00,FAILED
WA00001720,A003399,2025-10-04 15:00:00,DELIVERED
WA00001721,A002379,2025-11-18 16:00:00,SENT
WA00001722,A002665,2026-03-13 17:00:00,REPLIED
WA00001723,A004079,2025-11-23 14:00:00,DELIVERED
WA00001724,A000260,2026-02-15 20:00:00,DELIVERED
WA00001725,A001363,2026-07-18 09:00:00,READ
WA00001726,A002031,2026-03-01 21:00:00,READ
WA00001727,A001982,2026-07-22 11:00:00,READ
WA00001728,A002651,2025-11-07 08:00:00,DELIVERED
WA00001729,A001037,2026-06-19 09:00:00,REPLIED
WA00001730,A000058,2026-05-08 12:00:00,DELIVERED
WA00001731,A003941,2026-08-14 14:00:00,DELIVERED
WA00001732,A001051,2026-04-23 21:00:00,REPLIED
WA00001733,A001388,2025-10-15 20:00:00,READ
WA00001734,A001507,2026-06-04 09:00:00,READ
WA00001735,A003949,2026-03-23 18:00:00,READ
WA00001736,A003602,2026-03-25 22:00:00,FAILED
WA00001737,A001296,2026-03-03 18:00:00,DELIVERED
WA00001738,A000334,2026-01-14 16:00:00,FAILED
WA00001739,A003518,2026-05-19 14:00:00,SENT
WA00001740,A000256,2026-02-01 15:00:00,READ
WA00001741,A000712,2026-05-03 08:00:00,SENT
WA00001742,A001624,2026-06-10 20:00:00,READ
WA00001743,A000864,2026-01-20 18:00:00,READ
WA00001744,A004194,2026-02-04 07:00:00,DELIVERED
WA00001745,A003557,2026-06-02 21:00:00,REPLIED
WA00001746,A000889,2026-06-15 16:00:00,READ
WA00001747,A000714,2026-05-25 12:00:00,DELIVERED
WA00001748,A000105,2026-03-24 16:00:00,DELIVERED
WA00001749,A003997,2025-12-15 14:00:00,READ
WA00001750,A001183,2026-03-17 21:00:00,READ
WA00001751,A001016,2026-02-05 20:00:00,REPLIED
WA00001752,A001007,2026-06-04 07:00:00,READ
WA00001753,A000909,2026-03-11 18:00:00,SENT
WA00001754,A001687,2026-06-18 12:00:00,DELIVERED
WA00001755,A001399,2026-03-17 10:00:00,DELIVERED
WA00001756,A004051,2025-10-23 07:00:00,SENT
WA00001757,A003305,2025-11-04 10:00:00,READ
WA00001758,A003950,2026-05-26 18:00:00,FAILED
WA00001759,A000482,2026-02-18 11:00:00,REPLIED
WA00001760,A002124,2025-11-20 10:00:00,DELIVERED
WA00001761,A002727,2026-08-14 11:00:00,READ
WA00001762,A001004,2025-09-22 22:00:00,READ
WA00001763,A002785,2025-10-15 08:00:00,FAILED
WA00001764,A001192,2026-03-08 17:00:00,SENT
WA00001765,A001364,2026-07-07 21:00:00,SENT
WA00001766,A000977,2026-07-24 10:00:00,READ
WA00001767,A001854,2026-05-05 10:00:00,SENT
WA00001768,A003951,2026-02-17 18:00:00,READ
WA00001769,A000262,2026-08-07 10:00:00,SENT
WA00001770,A003895,2026-01-06 13:00:00,DELIVERED
WA00001771,A002083,2026-06-11 22:00:00,READ
WA00001772,A002794,2025-09-12 14:00:00,DELIVERED
WA00001773,A002805,2025-10-17 16:00:00,SENT
WA00001774,A000158,2026-06-08 11:00:00,REPLIED
WA00001775,A002535,2025-09-06 14:00:00,DELIVERED
WA00001776,A001370,2026-08-26 21:00:00,DELIVERED
WA00001777,A001176,2025-11-03 12:00:00,DELIVERED
WA00001778,A002305,2025-09-02 14:00:00,READ
WA00001779,A002417,2025-11-07 14:00:00,DELIVERED
WA00001780,A002285,2026-04-04 12:00:00,FAILED
WA00001781,A003967,2025-09-03 15:00:00,REPLIED
WA00001782,A000927,2026-01-24 15:00:00,REPLIED
WA00001783,A001537,2026-01-01 17:00:00,SENT
WA00001784,A003863,2026-05-07 12:00:00,DELIVERED
WA00001785,A002892,2026-05-25 21:00:00,DELIVERED
WA00001786,A000448,2026-04-23 10:00:00,SENT
WA00001787,A003081,2026-02-10 20:00:00,SENT
WA00001788,A003615,2026-03-13 16:00:00,SENT
WA00001789,A003534,2026-05-06 12:00:00,DELIVERED
WA00001790,A002421,2026-07-09 09:00:00,READ
WA00001791,A000992,2025-11-21 17:00:00,REPLIED
WA00001792,A003945,2026-02-18 14:00:00,DELIVERED
WA00001793,A003609,2025-09-25 15:00:00,REPLIED
WA00001794,A002472,2025-10-10 17:00:00,SENT
WA00001795,A000028,2026-04-02 22:00:00,READ
WA00001796,A000350,2025-09-01 14:00:00,SENT
WA00001797,A003182,2026-04-21 09:00:00,REPLIED
WA00001798,A002379,2025-11-04 11:00:00,DELIVERED
WA00001799,A001843,2025-12-15 16:00:00,REPLIED
WA00001800,A000971,2026-03-05 22:00:00,REPLIED
WA00001801,A001832,2025-11-06 20:00:00,DELIVERED
WA00001802,A003087,2025-12-02 15:00:00,SENT
WA00001803,A003994,2025-09-15 15:00:00,FAILED
WA00001804,A002166,2026-05-20 19:00:00,DELIVERED
WA00001805,A003030,2025-09-25 15:00:00,DELIVERED
WA00001806,A002391,2026-07-27 15:00:00,DELIVERED
WA00001807,A000204,2026-08-18 15:00:00,REPLIED
WA00001808,A002146,2026-05-02 15:00:00,DELIVERED
WA00001809,A003210,2026-03-12 09:00:00,SENT
WA00001810,A002938,2026-07-22 13:00:00,READ
WA00001811,A003755,2026-05-07 18:00:00,READ
WA00001812,A000777,2026-05-25 11:00:00,DELIVERED
WA00001813,A003439,2026-06-07 19:00:00,DELIVERED
WA00001814,A000709,2025-09-23 12:00:00,DELIVERED
WA00001815,A000640,2025-11-26 21:00:00,SENT
WA00001816,A003208,2025-09-27 17:00:00,SENT
WA00001817,A000162,2025-10-11 22:00:00,REPLIED
WA00001818,A002815,2026-04-01 20:00:00,SENT
WA00001819,A003311,2026-02-13 21:00:00,DELIVERED
WA00001820,A002298,2025-10-04 19:00:00,FAILED
WA00001821,A001784,2026-05-21 15:00:00,SENT
WA00001822,A001933,2025-09-07 07:00:00,READ
WA00001823,A002408,2025-10-26 16:00:00,DELIVERED
WA00001824,A003230,2026-06-03 18:00:00,REPLIED
WA00001825,A003093,2026-02-06 19:00:00,SENT
WA00001826,A001074,2026-03-03 13:00:00,SENT
WA00001827,A001635,2025-12-19 10:00:00,REPLIED
WA00001828,A002069,2025-11-05 14:00:00,DELIVERED
WA00001829,A001362,2026-02-05 12:00:00,DELIVERED
WA00001830,A003853,2026-08-18 19:00:00,READ
WA00001831,A003545,2025-12-06 09:00:00,DELIVERED
WA00001832,A003215,2026-01-16 13:00:00,SENT
WA00001833,A001419,2025-12-11 22:00:00,DELIVERED
WA00001834,A000999,2026-05-05 19:00:00,SENT
WA00001835,A001820,2025-12-06 08:00:00,DELIVERED
WA00001836,A003325,2026-05-22 09:00:00,DELIVERED
WA00001837,A002708,2026-05-15 15:00:00,DELIVERED
WA00001838,A000492,2026-06-23 20:00:00,DELIVERED
WA00001839,A002852,2026-06-09 13:00:00,READ
WA00001840,A003010,2025-11-12 18:00:00,READ
WA00001841,A001523,2026-03-08 08:00:00,READ
WA00001842,A002004,2026-03-18 19:00:00,READ
WA00001843,A001738,2026-08-14 15:00:00,SENT
WA00001844,A000753,2025-11-27 12:00:00,FAILED
WA00001845,A001748,2025-10-16 17:00:00,DELIVERED
WA00001846,A001019,2026-01-02 17:00:00,FAILED
WA00001847,A000314,2026-06-14 20:00:00,FAILED
WA00001848,A003449,2026-02-04 10:00:00,DELIVERED
WA00001849,A000922,2025-10-10 07:00:00,SENT
WA00001850,A002731,2025-10-03 12:00:00,READ
WA00001851,A003014,2026-06-13 19:00:00,READ
WA00001852,A000639,2026-04-14 15:00:00,FAILED
WA00001853,A004032,2026-07-16 07:00:00,REPLIED
WA00001854,A003998,2026-05-24 13:00:00,READ
WA00001855,A003885,2026-05-01 11:00:00,REPLIED
WA00001856,A003910,2026-02-27 11:00:00,READ
WA00001857,A001447,2026-02-15 15:00:00,REPLIED
WA00001858,A003503,2026-05-09 21:00:00,READ
WA00001859,A000008,2026-03-08 16:00:00,DELIVERED
WA00001860,A001515,2025-11-19 17:00:00,READ
WA00001861,A001596,2025-09-11 10:00:00,READ
WA00001862,A000926,2026-07-12 14:00:00,DELIVERED
WA00001863,A003146,2025-10-04 14:00:00,DELIVERED
WA00001864,A003345,2026-08-03 18:00:00,READ
WA00001865,A003026,2026-01-24 10:00:00,DELIVERED
WA00001866,A002262,2025-09-05 07:00:00,DELIVERED
WA00001867,A003826,2026-02-21 16:00:00,FAILED
WA00001868,A002006,2026-02-10 12:00:00,DELIVERED
WA00001869,A002416,2026-01-24 08:00:00,READ
WA00001870,A001886,2025-10-21 14:00:00,SENT
WA00001871,A001942,2025-09-21 10:00:00,SENT
WA00001872,A001173,2026-05-08 08:00:00,READ
WA00001873,A001692,2025-11-14 08:00:00,DELIVERED
WA00001874,A002053,2025-09-03 11:00:00,DELIVERED
WA00001875,A001013,2026-07-17 09:00:00,FAILED
WA00001876,A000602,2026-08-11 22:00:00,DELIVERED
WA00001877,A002441,2026-02-15 20:00:00,DELIVERED
WA00001878,A002342,2025-12-15 15:00:00,REPLIED
WA00001879,A000350,2025-12-05 08:00:00,REPLIED
WA00001880,A000208,2026-03-23 18:00:00,FAILED
WA00001881,A001014,2026-03-27 17:00:00,READ
WA00001882,A001526,2026-03-07 07:00:00,FAILED
WA00001883,A000902,2026-06-09 18:00:00,SENT
WA00001884,A002023,2026-05-26 11:00:00,REPLIED
WA00001885,A002414,2026-04-17 08:00:00,FAILED
WA00001886,A001905,2025-11-21 10:00:00,FAILED
WA00001887,A001440,2026-02-10 15:00:00,DELIVERED
WA00001888,A003900,2026-07-01 07:00:00,READ
WA00001889,A001838,2025-12-09 19:00:00,DELIVERED
WA00001890,A003971,2025-10-03 16:00:00,REPLIED
WA00001891,A001952,2026-01-15 15:00:00,REPLIED
WA00001892,A002831,2025-11-04 14:00:00,REPLIED
WA00001893,A003383,2026-02-06 13:00:00,SENT
WA00001894,A002354,2026-02-05 10:00:00,READ
WA00001895,A001202,2026-03-22 19:00:00,SENT
WA00001896,A000592,2026-08-06 13:00:00,DELIVERED
WA00001897,A002678,2026-04-08 08:00:00,REPLIED
WA00001898,A001145,2026-06-26 10:00:00,SENT
WA00001899,A004019,2026-06-07 10:00:00,SENT
WA00001900,A001965,2026-03-20 11:00:00,DELIVERED
WA00001901,A003538,2026-07-21 11:00:00,DELIVERED
WA00001902,A003888,2026-05-23 12:00:00,DELIVERED
WA00001903,A002033,2026-05-19 17:00:00,DELIVERED
WA00001904,A000307,2025-09-17 22:00:00,FAILED
WA00001905,A000055,2025-11-08 16:00:00,FAILED
WA00001906,A003965,2026-01-12 08:00:00,DELIVERED
WA00001907,A000966,2025-09-19 07:00:00,FAILED
WA00001908,A003247,2026-05-17 09:00:00,REPLIED
WA00001909,A002079,2026-03-14 16:00:00,READ
WA00001910,A003006,2026-04-10 21:00:00,SENT
WA00001911,A003459,2026-04-11 17:00:00,REPLIED
WA00001912,A000960,2026-02-08 15:00:00,READ
WA00001913,A003795,2025-10-04 14:00:00,SENT
WA00001914,A004008,2025-09-09 07:00:00,FAILED
WA00001915,A001114,2025-11-27 13:00:00,READ
WA00001916,A000383,2026-01-03 07:00:00,READ
WA00001917,A003766,2026-07-15 07:00:00,DELIVERED
WA00001918,A004131,2026-02-22 16:00:00,READ
WA00001919,A000876,2026-03-07 12:00:00,REPLIED
WA00001920,A003905,2026-07-26 21:00:00,READ
WA00001921,A000962,2026-04-26 18:00:00,READ
WA00001922,A000870,2025-10-22 19:00:00,REPLIED
WA00001923,A002025,2026-02-16 09:00:00,READ
WA00001924,A000418,2026-03-27 22:00:00,SENT
WA00001925,A000352,2025-12-25 13:00:00,DELIVERED
WA00001926,A000195,2025-09-25 11:00:00,REPLIED
WA00001927,A001833,2026-06-14 12:00:00,DELIVERED
WA00001928,A001120,2026-06-24 20:00:00,REPLIED
WA00001929,A003132,2026-05-06 16:00:00,DELIVERED
WA00001930,A003283,2026-06-14 10:00:00,REPLIED
WA00001931,A003570,2026-02-19 11:00:00,REPLIED
WA00001932,A001684,2026-04-16 14:00:00,REPLIED
WA00001933,A001347,2026-02-10 18:00:00,REPLIED
WA00001934,A000134,2026-04-07 13:00:00,DELIVERED
WA00001935,A002431,2026-01-23 19:00:00,READ
WA00001936,A002650,2026-02-23 21:00:00,SENT
WA00001937,A003085,2026-02-10 10:00:00,DELIVERED
WA00001938,A002366,2026-02-08 10:00:00,READ
WA00001939,A000484,2025-11-17 20:00:00,DELIVERED
WA00001940,A000614,2025-10-23 18:00:00,DELIVERED
WA00001941,A002303,2025-11-12 20:00:00,REPLIED
WA00001942,A003188,2026-02-08 13:00:00,READ
WA00001943,A002095,2025-10-17 22:00:00,READ
WA00001944,A001726,2026-04-18 10:00:00,READ
WA00001945,A002267,2026-02-09 22:00:00,DELIVERED
WA00001946,A000395,2026-06-18 15:00:00,READ
WA00001947,A000864,2025-09-14 18:00:00,DELIVERED
WA00001948,A002822,2026-04-11 11:00:00,REPLIED
WA00001949,A000862,2026-08-01 22:00:00,SENT
WA00001950,A000199,2026-06-18 07:00:00,REPLIED
WA00001951,A004032,2026-02-07 14:00:00,REPLIED
WA00001952,A000265,2026-03-27 08:00:00,FAILED
WA00001953,A002959,2026-05-26 19:00:00,FAILED
WA00001954,A001686,2026-08-25 12:00:00,REPLIED
WA00001955,A001997,2026-08-18 21:00:00,DELIVERED
WA00001956,A002089,2025-12-05 10:00:00,READ
WA00001957,A000079,2026-04-12 19:00:00,REPLIED
WA00001958,A002028,2025-09-08 14:00:00,SENT
WA00001959,A003758,2025-10-26 14:00:00,READ
WA00001960,A003574,2026-08-27 08:00:00,READ
WA00001961,A001638,2026-05-27 09:00:00,SENT
WA00001962,A003524,2025-10-22 18:00:00,READ
WA00001963,A001338,2025-10-20 17:00:00,DELIVERED
WA00001964,A003452,2026-02-27 21:00:00,FAILED
WA00001965,A001416,2026-04-16 21:00:00,REPLIED
WA00001966,A000482,2026-03-23 11:00:00,DELIVERED
WA00001967,A004021,2026-05-11 19:00:00,DELIVERED
WA00001968,A000717,2025-11-07 10:00:00,FAILED
WA00001969,A003164,2025-09-17 19:00:00,READ
WA00001970,A000670,2026-08-25 20:00:00,FAILED
WA00001971,A000133,2026-05-18 18:00:00,REPLIED
WA00001972,A001136,2025-09-12 16:00:00,FAILED
WA00001973,A002273,2026-01-17 13:00:00,SENT
WA00001974,A002745,2026-03-12 07:00:00,READ
WA00001975,A001426,2026-07-18 15:00:00,DELIVERED
WA00001976,A003034,2026-02-24 11:00:00,REPLIED
WA00001977,A004100,2025-10-12 18:00:00,DELIVERED
WA00001978,A002472,2025-10-16 19:00:00,READ
WA00001979,A001613,2026-06-16 10:00:00,SENT
WA00001980,A003628,2026-02-09 10:00:00,REPLIED
WA00001981,A000372,2025-09-25 08:00:00,REPLIED
WA00001982,A000959,2026-04-24 12:00:00,REPLIED
WA00001983,A004145,2026-05-22 18:00:00,READ
WA00001984,A002235,2026-08-14 08:00:00,DELIVERED
WA00001985,A000001,2025-10-07 12:00:00,REPLIED
WA00001986,A000547,2025-12-14 07:00:00,DELIVERED
WA00001987,A002686,2026-08-17 14:00:00,DELIVERED
WA00001988,A000673,2026-07-17 12:00:00,SENT
WA00001989,A001110,2025-09-23 11:00:00,REPLIED
WA00001990,A001837,2026-04-22 15:00:00,REPLIED
WA00001991,A001477,2026-02-23 13:00:00,FAILED
WA00001992,A003063,2026-08-04 16:00:00,SENT
WA00001993,A003807,2026-02-11 10:00:00,DELIVERED
WA00001994,A002005,2025-12-17 11:00:00,READ
WA00001995,A002567,2026-07-25 18:00:00,SENT
WA00001996,A000668,2026-06-02 14:00:00,REPLIED
WA00001997,A003632,2026-04-23 18:00:00,REPLIED
WA00001998,A003653,2025-12-27 07:00:00,SENT
WA00001999,A003096,2026-08-27 11:00:00,READ
WA00002000,A001307,2026-05-10 14:00:00,READ
WA00002001,A003597,2026-06-21 07:00:00,READ
WA00002002,A003537,2026-04-25 15:00:00,SENT
WA00002003,A000542,2026-07-11 18:00:00,READ
WA00002004,A002144,2026-08-14 22:00:00,DELIVERED
WA00002005,A001809,2026-05-26 22:00:00,DELIVERED
WA00002006,A002672,2026-04-01 11:00:00,FAILED
WA00002007,A003956,2026-06-15 14:00:00,DELIVERED
WA00002008,A002555,2026-05-03 10:00:00,SENT
WA00002009,A000036,2025-12-02 07:00:00,REPLIED
WA00002010,A003935,2026-07-18 07:00:00,FAILED
WA00002011,A002215,2026-05-17 17:00:00,DELIVERED
WA00002012,A000402,2026-01-13 15:00:00,READ
WA00002013,A000434,2026-08-26 14:00:00,READ
WA00002014,A002543,2025-11-26 12:00:00,REPLIED
WA00002015,A001082,2025-09-25 20:00:00,REPLIED
WA00002016,A003352,2026-07-01 21:00:00,DELIVERED
WA00002017,A001021,2025-09-08 16:00:00,READ
WA00002018,A000040,2025-10-17 20:00:00,DELIVERED
WA00002019,A002730,2025-11-11 08:00:00,SENT
WA00002020,A001378,2025-12-09 07:00:00,DELIVERED
WA00002021,A002304,2026-08-20 19:00:00,DELIVERED
WA00002022,A003122,2026-03-10 16:00:00,READ
WA00002023,A002528,2025-11-07 08:00:00,REPLIED
WA00002024,A001807,2026-05-15 15:00:00,READ
WA00002025,A002321,2025-11-05 09:00:00,READ
WA00002026,A004080,2026-04-19 22:00:00,READ
WA00002027,A002728,2026-07-08 22:00:00,DELIVERED
WA00002028,A000555,2026-07-03 10:00:00,READ
WA00002029,A000878,2025-11-14 14:00:00,REPLIED
WA00002030,A003556,2026-01-04 14:00:00,DELIVERED
WA00002031,A003561,2026-01-09 15:00:00,DELIVERED
WA00002032,A004031,2026-06-16 20:00:00,SENT
WA00002033,A000216,2026-07-27 20:00:00,REPLIED
WA00002034,A002902,2026-01-18 16:00:00,FAILED
WA00002035,A002710,2026-01-15 14:00:00,DELIVERED
WA00002036,A000482,2026-05-06 11:00:00,SENT
WA00002037,A001536,2025-12-13 16:00:00,REPLIED
WA00002038,A000308,2025-12-18 09:00:00,REPLIED
WA00002039,A002039,2026-02-21 21:00:00,DELIVERED
WA00002040,A001303,2026-08-18 11:00:00,SENT
WA00002041,A000147,2026-02-05 14:00:00,FAILED
WA00002042,A003498,2026-07-25 15:00:00,SENT
WA00002043,A000195,2026-07-09 11:00:00,READ
WA00002044,A003533,2026-02-10 21:00:00,DELIVERED
WA00002045,A003688,2025-11-16 15:00:00,DELIVERED
WA00002046,A003734,2026-05-10 13:00:00,DELIVERED
WA00002047,A000057,2026-07-04 13:00:00,DELIVERED
WA00002048,A002413,2025-10-23 12:00:00,REPLIED
WA00002049,A001610,2026-07-08 10:00:00,DELIVERED
WA00002050,A000866,2025-10-18 08:00:00,DELIVERED
WA00002051,A003898,2025-11-24 17:00:00,DELIVERED
WA00002052,A002020,2026-03-11 10:00:00,READ
WA00002053,A003641,2026-08-19 11:00:00,READ
WA00002054,A002020,2026-07-07 08:00:00,READ
WA00002055,A001448,2025-09-27 19:00:00,DELIVERED
WA00002056,A002730,2025-11-06 07:00:00,READ
WA00002057,A001009,2025-09-22 17:00:00,DELIVERED
WA00002058,A002630,2025-09-21 20:00:00,DELIVERED
WA00002059,A001492,2026-06-06 21:00:00,REPLIED
WA00002060,A001907,2025-12-09 09:00:00,DELIVERED
WA00002061,A001995,2025-11-27 17:00:00,READ
WA00002062,A002207,2026-01-10 15:00:00,READ
WA00002063,A002272,2025-11-27 12:00:00,FAILED
WA00002064,A001342,2025-09-22 20:00:00,SENT
WA00002065,A001459,2026-05-15 14:00:00,DELIVERED
WA00002066,A000028,2025-10-27 22:00:00,DELIVERED
WA00002067,A003673,2025-12-27 13:00:00,DELIVERED
WA00002068,A003609,2025-10-12 12:00:00,REPLIED
WA00002069,A002499,2025-09-27 15:00:00,DELIVERED
WA00002070,A001951,2026-02-16 11:00:00,READ
WA00002071,A003033,2025-09-19 11:00:00,REPLIED
WA00002072,A003962,2026-03-13 11:00:00,READ
WA00002073,A001111,2026-01-14 12:00:00,READ
WA00002074,A001831,2026-04-10 07:00:00,DELIVERED
WA00002075,A000679,2026-07-22 10:00:00,FAILED
WA00002076,A001312,2026-03-19 10:00:00,FAILED
WA00002077,A001700,2025-10-21 12:00:00,READ
WA00002078,A000216,2025-11-20 07:00:00,FAILED
WA00002079,A002374,2025-12-15 17:00:00,READ
WA00002080,A001656,2026-08-09 19:00:00,READ
WA00002081,A001340,2025-12-01 16:00:00,READ
WA00002082,A002951,2026-02-04 20:00:00,DELIVERED
WA00002083,A002034,2026-08-26 09:00:00,REPLIED
WA00002084,A003081,2026-07-27 07:00:00,SENT
WA00002085,A000078,2025-12-07 15:00:00,SENT
WA00002086,A003695,2026-04-09 08:00:00,FAILED
WA00002087,A001168,2026-08-15 11:00:00,FAILED
WA00002088,A003455,2026-07-08 10:00:00,REPLIED
WA00002089,A001373,2025-11-14 17:00:00,READ
WA00002090,A004109,2025-09-27 11:00:00,REPLIED
WA00002091,A001006,2025-10-19 18:00:00,READ
WA00002092,A002638,2026-03-12 18:00:00,DELIVERED
WA00002093,A000540,2025-10-17 09:00:00,DELIVERED
WA00002094,A003799,2026-04-02 15:00:00,FAILED
WA00002095,A003911,2026-05-20 11:00:00,DELIVERED
WA00002096,A003087,2026-05-22 07:00:00,DELIVERED
WA00002097,A000642,2026-07-11 15:00:00,DELIVERED
WA00002098,A000452,2026-02-01 18:00:00,REPLIED
WA00002099,A003091,2026-01-13 12:00:00,READ
WA00002100,A000410,2025-11-18 22:00:00,REPLIED
WA00002101,A003166,2026-05-24 07:00:00,SENT
WA00002102,A002000,2025-11-22 08:00:00,DELIVERED
WA00002103,A000695,2025-12-25 12:00:00,REPLIED
WA00002104,A001290,2025-09-27 07:00:00,SENT
WA00002105,A001135,2026-03-20 10:00:00,REPLIED
WA00002106,A003132,2026-05-11 21:00:00,DELIVERED
WA00002107,A003517,2026-06-11 14:00:00,READ
WA00002108,A002611,2025-12-12 19:00:00,SENT
WA00002109,A000397,2026-03-18 22:00:00,READ
WA00002110,A003947,2026-05-24 11:00:00,FAILED
WA00002111,A003588,2025-11-11 14:00:00,DELIVERED
WA00002112,A003207,2026-03-26 13:00:00,DELIVERED
WA00002113,A002453,2026-07-14 14:00:00,REPLIED
WA00002114,A001902,2025-09-17 08:00:00,DELIVERED
WA00002115,A003200,2025-09-04 20:00:00,READ
WA00002116,A003417,2026-02-25 18:00:00,DELIVERED
WA00002117,A003351,2026-03-13 14:00:00,DELIVERED
WA00002118,A003199,2026-07-18 16:00:00,DELIVERED
WA00002119,A001200,2025-12-01 11:00:00,DELIVERED
WA00002120,A001658,2026-06-25 22:00:00,SENT
WA00002121,A000757,2026-07-26 15:00:00,REPLIED
WA00002122,A002659,2026-05-27 17:00:00,DELIVERED
WA00002123,A000464,2025-12-22 16:00:00,FAILED
WA00002124,A003703,2025-11-13 19:00:00,REPLIED
WA00002125,A001750,2025-09-20 09:00:00,DELIVERED
WA00002126,A004104,2025-12-26 16:00:00,REPLIED
WA00002127,A000453,2026-07-17 14:00:00,READ
WA00002128,A001469,2026-08-14 10:00:00,DELIVERED
WA00002129,A003917,2026-07-07 11:00:00,SENT
WA00002130,A002406,2026-08-05 15:00:00,SENT
WA00002131,A004149,2026-02-25 11:00:00,DELIVERED
WA00002132,A001635,2025-12-01 22:00:00,READ
WA00002133,A001344,2026-08-23 08:00:00,DELIVERED
WA00002134,A003127,2025-09-26 22:00:00,FAILED
WA00002135,A004162,2026-07-06 16:00:00,REPLIED
WA00002136,A003733,2026-03-04 09:00:00,READ
WA00002137,A001182,2026-05-09 19:00:00,DELIVERED
WA00002138,A003400,2026-01-01 07:00:00,REPLIED
WA00002139,A003923,2025-12-20 16:00:00,READ
WA00002140,A000315,2025-12-27 20:00:00,SENT
WA00002141,A000984,2025-10-15 12:00:00,REPLIED
WA00002142,A001961,2026-04-02 15:00:00,READ
WA00002143,A000232,2026-05-20 08:00:00,DELIVERED
WA00002144,A002355,2026-06-24 15:00:00,REPLIED
WA00002145,A002987,2026-02-23 11:00:00,DELIVERED
WA00002146,A003016,2026-04-25 12:00:00,READ
WA00002147,A000901,2025-10-09 09:00:00,REPLIED
WA00002148,A001383,2025-11-21 13:00:00,READ
WA00002149,A003312,2025-12-21 20:00:00,DELIVERED
WA00002150,A003862,2025-12-04 17:00:00,DELIVERED
WA00002151,A003614,2026-01-11 21:00:00,DELIVERED
WA00002152,A000505,2025-10-25 11:00:00,REPLIED
WA00002153,A002956,2026-01-13 20:00:00,FAILED
WA00002154,A002540,2026-06-13 22:00:00,DELIVERED
WA00002155,A000264,2026-08-08 08:00:00,SENT
WA00002156,A002076,2026-08-02 07:00:00,REPLIED
WA00002157,A000996,2026-06-18 21:00:00,REPLIED
WA00002158,A003858,2025-12-20 15:00:00,REPLIED
WA00002159,A003524,2026-02-14 16:00:00,DELIVERED
WA00002160,A002464,2025-09-09 12:00:00,DELIVERED
WA00002161,A003454,2025-12-17 15:00:00,FAILED
WA00002162,A003849,2025-09-18 10:00:00,DELIVERED
WA00002163,A002492,2026-02-24 08:00:00,FAILED
WA00002164,A003847,2026-08-06 11:00:00,REPLIED
WA00002165,A002362,2026-04-18 19:00:00,REPLIED
WA00002166,A002958,2026-08-03 22:00:00,REPLIED
WA00002167,A002160,2025-10-02 08:00:00,DELIVERED
WA00002168,A003665,2026-07-27 15:00:00,REPLIED
WA00002169,A002038,2026-03-01 20:00:00,DELIVERED
WA00002170,A001017,2026-04-07 21:00:00,DELIVERED
WA00002171,A000130,2025-12-08 19:00:00,SENT
WA00002172,A001182,2025-10-12 21:00:00,SENT
WA00002173,A004187,2025-12-14 21:00:00,DELIVERED
WA00002174,A002328,2026-05-12 08:00:00,DELIVERED
WA00002175,A003645,2026-05-17 12:00:00,DELIVERED
WA00002176,A002457,2026-04-14 12:00:00,DELIVERED
WA00002177,A003947,2025-10-19 10:00:00,DELIVERED
WA00002178,A002075,2026-01-07 19:00:00,READ
WA00002179,A003774,2026-02-25 15:00:00,DELIVERED
WA00002180,A001414,2025-10-26 15:00:00,REPLIED
WA00002181,A001408,2026-08-08 11:00:00,DELIVERED
WA00002182,A003708,2025-10-24 21:00:00,FAILED
WA00002183,A003406,2026-03-23 15:00:00,DELIVERED
WA00002184,A004162,2026-04-25 15:00:00,DELIVERED
WA00002185,A001015,2026-04-23 17:00:00,REPLIED
WA00002186,A000585,2025-10-08 22:00:00,DELIVERED
WA00002187,A003818,2026-05-13 21:00:00,FAILED
WA00002188,A001733,2026-05-20 22:00:00,REPLIED
WA00002189,A000077,2025-12-07 08:00:00,SENT
WA00002190,A001109,2025-10-21 11:00:00,DELIVERED
WA00002191,A000229,2025-11-09 11:00:00,DELIVERED
WA00002192,A000494,2025-12-13 20:00:00,SENT
WA00002193,A002756,2026-07-27 14:00:00,FAILED
WA00002194,A003821,2026-06-07 16:00:00,DELIVERED
WA00002195,A003058,2025-10-26 07:00:00,DELIVERED
WA00002196,A001160,2026-06-07 21:00:00,READ
WA00002197,A002374,2026-07-18 14:00:00,SENT
WA00002198,A004157,2026-02-23 20:00:00,READ
WA00002199,A001157,2025-11-11 13:00:00,READ
WA00002200,A000108,2025-10-22 20:00:00,FAILED
WA00002201,A000569,2026-02-08 18:00:00,DELIVERED
WA00002202,A003317,2026-02-05 08:00:00,FAILED
WA00002203,A000946,2025-11-09 11:00:00,FAILED
WA00002204,A003490,2026-06-07 16:00:00,FAILED
WA00002205,A003451,2025-10-06 11:00:00,DELIVERED
WA00002206,A000036,2026-02-27 12:00:00,DELIVERED
WA00002207,A003869,2025-09-10 16:00:00,READ
WA00002208,A000575,2025-12-02 22:00:00,FAILED
WA00002209,A003458,2026-03-13 09:00:00,DELIVERED
WA00002210,A003420,2026-07-16 08:00:00,READ
WA00002211,A000678,2025-09-08 15:00:00,DELIVERED
WA00002212,A004053,2025-11-16 13:00:00,READ
WA00002213,A000312,2026-01-21 08:00:00,REPLIED
WA00002214,A001125,2025-09-24 18:00:00,REPLIED
WA00002215,A000024,2026-08-13 12:00:00,DELIVERED
WA00002216,A000699,2026-06-14 10:00:00,READ
WA00002217,A004181,2025-10-19 16:00:00,REPLIED
WA00002218,A002593,2026-06-04 12:00:00,REPLIED
WA00002219,A003367,2025-11-24 11:00:00,DELIVERED
WA00002220,A002337,2025-12-16 17:00:00,REPLIED
WA00002221,A004011,2026-03-03 15:00:00,READ
WA00002222,A000903,2026-05-25 17:00:00,READ
WA00002223,A000238,2026-02-05 21:00:00,REPLIED
WA00002224,A000371,2026-05-01 16:00:00,DELIVERED
WA00002225,A002570,2026-02-21 19:00:00,DELIVERED
WA00002226,A001087,2025-12-03 15:00:00,DELIVERED
WA00002227,A002012,2026-01-27 15:00:00,REPLIED
WA00002228,A003277,2026-07-10 15:00:00,DELIVERED
WA00002229,A000318,2026-08-10 20:00:00,DELIVERED
WA00002230,A002864,2026-06-09 22:00:00,REPLIED
WA00002231,A003217,2025-10-09 13:00:00,READ
WA00002232,A000696,2026-08-07 16:00:00,SENT
WA00002233,A003484,2026-01-20 07:00:00,FAILED
WA00002234,A000198,2026-04-20 15:00:00,DELIVERED
WA00002235,A001414,2026-08-06 16:00:00,DELIVERED
WA00002236,A001738,2025-12-04 10:00:00,FAILED
WA00002237,A002584,2025-12-22 12:00:00,FAILED
WA00002238,A001842,2026-04-02 09:00:00,SENT
WA00002239,A001469,2025-10-04 16:00:00,DELIVERED
WA00002240,A002992,2026-07-23 15:00:00,DELIVERED
WA00002241,A000694,2026-01-23 12:00:00,SENT
WA00002242,A000873,2026-01-15 13:00:00,DELIVERED
WA00002243,A002324,2025-11-17 10:00:00,READ
WA00002244,A001089,2026-03-12 07:00:00,READ
WA00002245,A002133,2025-12-06 09:00:00,SENT
WA00002246,A003979,2025-10-20 08:00:00,DELIVERED
WA00002247,A001625,2025-10-27 08:00:00,DELIVERED
WA00002248,A001489,2026-08-04 13:00:00,FAILED
WA00002249,A000765,2026-04-19 19:00:00,READ
WA00002250,A000081,2026-06-05 18:00:00,REPLIED
WA00002251,A000540,2025-11-03 07:00:00,READ
WA00002252,A000042,2026-01-11 09:00:00,REPLIED
WA00002253,A003676,2026-05-25 21:00:00,READ
WA00002254,A002250,2026-06-05 12:00:00,DELIVERED
WA00002255,A001671,2025-09-14 12:00:00,READ
WA00002256,A004171,2026-07-26 15:00:00,DELIVERED
WA00002257,A000324,2026-04-06 21:00:00,DELIVERED
WA00002258,A001373,2025-09-16 22:00:00,DELIVERED
WA00002259,A002051,2026-01-04 19:00:00,DELIVERED
WA00002260,A001280,2026-07-08 18:00:00,DELIVERED
WA00002261,A003359,2026-06-24 12:00:00,DELIVERED
WA00002262,A003472,2025-10-12 18:00:00,SENT
WA00002263,A003868,2026-06-02 17:00:00,SENT
WA00002264,A001693,2025-11-15 12:00:00,FAILED
WA00002265,A001476,2026-07-10 11:00:00,DELIVERED
WA00002266,A004095,2026-03-13 14:00:00,READ
WA00002267,A002035,2025-12-27 09:00:00,FAILED
WA00002268,A001328,2025-12-21 22:00:00,REPLIED
WA00002269,A001769,2025-11-24 17:00:00,FAILED
WA00002270,A003321,2025-09-27 07:00:00,DELIVERED
WA00002271,A000260,2025-09-04 07:00:00,REPLIED
WA00002272,A000924,2026-06-13 19:00:00,READ
WA00002273,A001500,2025-12-27 13:00:00,FAILED
WA00002274,A001674,2025-10-26 15:00:00,REPLIED
WA00002275,A003669,2026-03-20 21:00:00,REPLIED
WA00002276,A003926,2025-10-16 20:00:00,SENT
WA00002277,A002742,2025-09-01 18:00:00,SENT
WA00002278,A000575,2026-01-25 18:00:00,SENT
WA00002279,A003432,2026-06-13 10:00:00,DELIVERED
WA00002280,A002510,2026-03-10 19:00:00,READ
WA00002281,A000733,2026-07-05 16:00:00,DELIVERED
WA00002282,A000262,2026-05-18 10:00:00,DELIVERED
WA00002283,A002187,2025-10-10 12:00:00,SENT
WA00002284,A001659,2026-08-19 12:00:00,DELIVERED
WA00002285,A000466,2026-03-23 14:00:00,DELIVERED
WA00002286,A003642,2025-12-22 16:00:00,DELIVERED
WA00002287,A001138,2026-02-02 18:00:00,READ
WA00002288,A002094,2026-03-16 17:00:00,SENT
WA00002289,A002159,2026-08-21 16:00:00,REPLIED
WA00002290,A001704,2025-09-06 07:00:00,DELIVERED
WA00002291,A000346,2026-06-19 15:00:00,DELIVERED
WA00002292,A001274,2026-04-22 16:00:00,REPLIED
WA00002293,A000026,2025-11-06 13:00:00,SENT
WA00002294,A002988,2025-09-15 22:00:00,REPLIED
WA00002295,A000099,2026-01-09 17:00:00,REPLIED
WA00002296,A003359,2026-06-25 11:00:00,REPLIED
WA00002297,A003373,2025-11-25 21:00:00,READ
WA00002298,A003513,2026-03-19 08:00:00,READ
WA00002299,A000165,2026-01-02 10:00:00,DELIVERED
WA00002300,A000339,2026-08-20 16:00:00,READ
WA00002301,A000644,2026-02-08 18:00:00,READ
WA00002302,A002086,2026-04-05 14:00:00,REPLIED
WA00002303,A000209,2026-06-01 13:00:00,FAILED
WA00002304,A003869,2025-10-04 21:00:00,DELIVERED
WA00002305,A000178,2026-08-15 09:00:00,DELIVERED
WA00002306,A003161,2026-03-04 22:00:00,SENT
WA00002307,A000434,2026-08-22 14:00:00,DELIVERED
WA00002308,A000143,2025-09-15 15:00:00,DELIVERED
WA00002309,A003548,2026-01-14 14:00:00,DELIVERED
WA00002310,A000304,2026-02-18 08:00:00,FAILED
WA00002311,A002828,2026-03-23 08:00:00,FAILED
WA00002312,A000812,2026-02-07 16:00:00,DELIVERED
WA00002313,A003398,2026-05-05 09:00:00,READ
WA00002314,A002626,2025-11-06 14:00:00,DELIVERED
WA00002315,A000640,2025-10-19 07:00:00,DELIVERED
WA00002316,A002258,2026-01-16 21:00:00,FAILED
WA00002317,A003091,2026-05-21 16:00:00,FAILED
WA00002318,A000620,2026-05-24 18:00:00,DELIVERED
WA00002319,A000806,2026-01-09 12:00:00,DELIVERED
WA00002320,A003419,2025-12-19 20:00:00,FAILED
WA00002321,A000585,2025-10-20 15:00:00,REPLIED
WA00002322,A002130,2026-05-04 18:00:00,REPLIED
WA00002323,A002067,2026-08-21 16:00:00,REPLIED
WA00002324,A000846,2025-10-24 16:00:00,DELIVERED
WA00002325,A001649,2025-10-14 09:00:00,REPLIED
WA00002326,A002966,2026-06-15 08:00:00,DELIVERED
WA00002327,A003105,2025-12-20 13:00:00,FAILED
WA00002328,A000595,2025-11-02 09:00:00,READ
WA00002329,A000239,2026-02-16 12:00:00,REPLIED
WA00002330,A003170,2025-11-01 14:00:00,DELIVERED
WA00002331,A003494,2026-06-25 10:00:00,READ
WA00002332,A000966,2026-01-08 18:00:00,DELIVERED
WA00002333,A000690,2026-03-17 17:00:00,READ
WA00002334,A000162,2026-04-20 08:00:00,DELIVERED
WA00002335,A002773,2026-07-03 22:00:00,READ
WA00002336,A002749,2026-03-10 09:00:00,DELIVERED
WA00002337,A000273,2026-06-21 17:00:00,SENT
WA00002338,A002833,2025-11-11 17:00:00,READ
WA00002339,A002396,2026-07-18 13:00:00,READ
WA00002340,A000429,2026-05-01 08:00:00,DELIVERED
WA00002341,A001164,2026-06-25 15:00:00,DELIVERED
WA00002342,A000737,2026-03-23 22:00:00,DELIVERED
WA00002343,A003889,2026-04-07 08:00:00,SENT
WA00002344,A003851,2026-04-25 11:00:00,REPLIED
WA00002345,A003430,2025-11-16 20:00:00,DELIVERED
WA00002346,A000306,2026-08-21 12:00:00,DELIVERED
WA00002347,A003326,2025-09-17 12:00:00,FAILED
WA00002348,A002666,2026-05-08 20:00:00,DELIVERED
WA00002349,A000889,2026-06-19 19:00:00,READ
WA00002350,A000372,2026-02-11 22:00:00,DELIVERED
WA00002351,A000075,2026-06-10 22:00:00,READ
WA00002352,A002148,2025-12-06 13:00:00,DELIVERED
WA00002353,A001611,2026-02-01 08:00:00,DELIVERED
WA00002354,A003227,2026-02-26 22:00:00,READ
WA00002355,A001566,2026-02-08 13:00:00,DELIVERED
WA00002356,A004064,2026-04-17 19:00:00,DELIVERED
WA00002357,A002596,2025-12-17 20:00:00,REPLIED
WA00002358,A001796,2026-01-02 17:00:00,DELIVERED
WA00002359,A001779,2025-11-07 08:00:00,FAILED
WA00002360,A001509,2025-10-26 11:00:00,DELIVERED
WA00002361,A003659,2025-09-04 11:00:00,READ
WA00002362,A001148,2026-05-21 19:00:00,SENT
WA00002363,A003499,2026-08-04 16:00:00,READ
WA00002364,A003025,2025-09-08 20:00:00,DELIVERED
WA00002365,A000471,2025-09-19 11:00:00,REPLIED
WA00002366,A002639,2025-10-11 20:00:00,READ
WA00002367,A003280,2025-09-09 09:00:00,REPLIED
WA00002368,A003494,2026-02-18 15:00:00,READ
WA00002369,A002369,2025-09-14 11:00:00,FAILED
WA00002370,A002555,2026-06-11 17:00:00,SENT
WA00002371,A001188,2026-01-18 21:00:00,FAILED
WA00002372,A000531,2026-02-09 14:00:00,DELIVERED
WA00002373,A002774,2025-09-08 14:00:00,DELIVERED
WA00002374,A001838,2026-02-18 08:00:00,SENT
WA00002375,A003305,2025-11-22 13:00:00,DELIVERED
WA00002376,A003567,2025-12-13 22:00:00,SENT
WA00002377,A001747,2025-12-03 12:00:00,SENT
WA00002378,A001303,2026-04-14 11:00:00,FAILED
WA00002379,A001177,2026-03-06 22:00:00,READ
WA00002380,A003167,2026-06-20 13:00:00,REPLIED
WA00002381,A002329,2026-01-03 11:00:00,REPLIED
WA00002382,A001429,2025-12-19 14:00:00,READ
WA00002383,A000765,2026-05-24 22:00:00,DELIVERED
WA00002384,A002758,2026-06-06 13:00:00,REPLIED
WA00002385,A001871,2025-12-19 12:00:00,DELIVERED
WA00002386,A001339,2026-05-01 08:00:00,READ
WA00002387,A002560,2026-03-16 14:00:00,DELIVERED
WA00002388,A003919,2026-01-15 15:00:00,READ
WA00002389,A002159,2026-08-26 22:00:00,REPLIED
WA00002390,A000817,2026-08-08 14:00:00,REPLIED
WA00002391,A001915,2025-09-21 09:00:00,DELIVERED
WA00002392,A001350,2025-09-06 16:00:00,DELIVERED
WA00002393,A003004,2026-07-02 10:00:00,FAILED
WA00002394,A001393,2026-05-03 16:00:00,SENT
WA00002395,A002710,2026-06-25 14:00:00,FAILED
WA00002396,A002589,2026-05-21 07:00:00,DELIVERED
WA00002397,A000762,2025-11-22 22:00:00,DELIVERED
WA00002398,A002267,2026-06-15 10:00:00,DELIVERED
WA00002399,A000004,2026-03-16 12:00:00,DELIVERED
WA00002400,A002771,2025-09-03 09:00:00,DELIVERED
WA00002401,A002383,2026-07-03 13:00:00,READ
WA00002402,A002855,2025-11-01 22:00:00,READ
WA00002403,A000905,2025-09-18 22:00:00,DELIVERED
WA00002404,A000965,2026-01-09 18:00:00,FAILED
WA00002405,A003037,2026-01-21 07:00:00,SENT
WA00002406,A000583,2026-06-26 08:00:00,SENT
WA00002407,A002570,2026-05-24 19:00:00,READ
WA00002408,A001389,2026-02-02 22:00:00,FAILED
WA00002409,A000564,2025-10-17 10:00:00,SENT
WA00002410,A000557,2026-08-12 08:00:00,SENT
WA00002411,A002900,2025-09-17 20:00:00,FAILED
WA00002412,A000763,2026-03-15 18:00:00,READ
WA00002413,A002519,2026-08-08 15:00:00,DELIVERED
WA00002414,A001549,2026-04-04 21:00:00,DELIVERED
WA00002415,A003856,2026-08-22 15:00:00,READ
WA00002416,A003597,2025-12-05 17:00:00,DELIVERED
WA00002417,A001300,2026-07-20 15:00:00,FAILED
WA00002418,A003144,2025-09-03 08:00:00,READ
WA00002419,A003321,2026-02-22 19:00:00,SENT
WA00002420,A003780,2026-08-15 21:00:00,DELIVERED
WA00002421,A003822,2025-10-19 13:00:00,REPLIED
WA00002422,A004120,2025-12-09 07:00:00,REPLIED
WA00002423,A002497,2026-01-03 11:00:00,READ
WA00002424,A001900,2026-07-26 11:00:00,REPLIED
WA00002425,A002496,2026-07-26 11:00:00,READ
WA00002426,A001576,2025-11-18 16:00:00,READ
WA00002427,A001590,2025-11-22 07:00:00,READ
WA00002428,A000409,2026-05-17 18:00:00,DELIVERED
WA00002429,A001984,2026-02-25 16:00:00,SENT
WA00002430,A002740,2026-02-23 22:00:00,READ
WA00002431,A003974,2025-10-07 18:00:00,READ
WA00002432,A002605,2026-02-03 13:00:00,DELIVERED
WA00002433,A000651,2026-03-17 16:00:00,DELIVERED
WA00002434,A000728,2026-02-21 12:00:00,READ
WA00002435,A003653,2026-01-05 09:00:00,REPLIED
WA00002436,A002312,2026-01-21 08:00:00,REPLIED
WA00002437,A001832,2025-10-09 10:00:00,DELIVERED
WA00002438,A001409,2026-05-06 10:00:00,READ
WA00002439,A001218,2026-06-05 16:00:00,READ
WA00002440,A002310,2026-04-10 19:00:00,DELIVERED
WA00002441,A002896,2025-11-17 14:00:00,DELIVERED
WA00002442,A000770,2025-09-07 19:00:00,DELIVERED
WA00002443,A002052,2025-11-14 10:00:00,REPLIED
WA00002444,A004011,2026-06-21 16:00:00,DELIVERED
WA00002445,A004031,2026-08-22 09:00:00,DELIVERED
WA00002446,A001933,2025-10-24 10:00:00,READ
WA00002447,A001308,2025-12-09 17:00:00,READ
WA00002448,A003579,2026-05-25 15:00:00,DELIVERED
WA00002449,A002814,2026-04-03 07:00:00,DELIVERED
WA00002450,A001532,2026-05-02 12:00:00,DELIVERED
WA00002451,A002234,2026-07-14 16:00:00,READ
WA00002452,A002328,2025-09-27 20:00:00,DELIVERED
WA00002453,A001223,2026-02-19 20:00:00,DELIVERED
WA00002454,A002990,2026-01-21 22:00:00,SENT
WA00002455,A002397,2025-11-08 11:00:00,DELIVERED
WA00002456,A002695,2026-07-06 16:00:00,READ
WA00002457,A001385,2026-01-10 15:00:00,READ
WA00002458,A003542,2026-06-07 14:00:00,REPLIED
WA00002459,A001524,2026-06-26 19:00:00,SENT
WA00002460,A002251,2025-11-18 20:00:00,REPLIED
WA00002461,A000231,2026-03-25 10:00:00,REPLIED
WA00002462,A004158,2026-02-21 09:00:00,REPLIED
WA00002463,A000436,2026-03-08 18:00:00,FAILED
WA00002464,A001338,2026-04-12 17:00:00,DELIVERED
WA00002465,A001698,2026-07-18 09:00:00,REPLIED
WA00002466,A003091,2026-04-08 13:00:00,DELIVERED
WA00002467,A000432,2026-03-09 09:00:00,FAILED
WA00002468,A002119,2025-11-06 21:00:00,DELIVERED
WA00002469,A003174,2026-03-17 20:00:00,DELIVERED
WA00002470,A002429,2026-06-14 10:00:00,DELIVERED
WA00002471,A000355,2026-02-08 22:00:00,FAILED
WA00002472,A000349,2025-09-12 14:00:00,FAILED
WA00002473,A003442,2026-05-01 12:00:00,FAILED
WA00002474,A004045,2026-02-21 08:00:00,REPLIED
WA00002475,A000585,2025-11-22 16:00:00,READ
WA00002476,A001723,2026-08-12 22:00:00,READ
WA00002477,A003761,2026-06-06 12:00:00,DELIVERED
WA00002478,A004113,2025-12-18 09:00:00,DELIVERED
WA00002479,A002397,2025-11-08 10:00:00,SENT
WA00002480,A001088,2026-08-02 14:00:00,DELIVERED
WA00002481,A003024,2026-02-16 14:00:00,FAILED
WA00002482,A003088,2025-10-04 07:00:00,SENT
WA00002483,A000850,2026-07-27 17:00:00,READ
WA00002484,A002324,2025-12-20 10:00:00,SENT
WA00002485,A000260,2026-02-05 22:00:00,READ
WA00002486,A003131,2025-12-15 12:00:00,DELIVERED
WA00002487,A000889,2026-05-10 16:00:00,SENT
WA00002488,A001012,2025-09-01 15:00:00,READ
WA00002489,A002212,2026-08-10 22:00:00,FAILED
WA00002490,A000305,2026-02-11 17:00:00,READ
WA00002491,A000189,2025-11-12 15:00:00,SENT
WA00002492,A001490,2025-10-26 16:00:00,DELIVERED
WA00002493,A002586,2026-05-23 22:00:00,DELIVERED
WA00002494,A001596,2026-02-17 10:00:00,REPLIED
WA00002495,A003394,2026-08-01 17:00:00,READ
WA00002496,A000123,2026-04-24 12:00:00,READ
WA00002497,A003587,2026-04-27 15:00:00,DELIVERED
WA00002498,A002654,2026-03-22 16:00:00,DELIVERED
WA00002499,A001947,2026-08-03 15:00:00,DELIVERED
WA00002500,A000839,2026-06-10 12:00:00,DELIVERED
WA00002501,A000290,2026-06-11 22:00:00,REPLIED
WA00002502,A002619,2026-08-13 21:00:00,READ
WA00002503,A001392,2025-12-21 17:00:00,REPLIED
WA00002504,A000362,2025-11-02 21:00:00,REPLIED
WA00002505,A002232,2026-01-13 21:00:00,DELIVERED
WA00002506,A002919,2025-12-22 07:00:00,READ
WA00002507,A002221,2026-03-02 07:00:00,SENT
WA00002508,A001666,2026-01-12 15:00:00,DELIVERED
WA00002509,A002631,2026-03-06 16:00:00,REPLIED
WA00002510,A000790,2026-05-15 21:00:00,DELIVERED
WA00002511,A000260,2026-05-04 18:00:00,READ
WA00002512,A002633,2025-09-12 16:00:00,DELIVERED
WA00002513,A003644,2026-03-15 18:00:00,FAILED
WA00002514,A003515,2026-04-25 10:00:00,DELIVERED
WA00002515,A001470,2025-11-09 08:00:00,DELIVERED
WA00002516,A003768,2025-12-17 17:00:00,DELIVERED
WA00002517,A002695,2025-09-20 07:00:00,READ
WA00002518,A001388,2026-07-16 07:00:00,READ
WA00002519,A003391,2026-04-13 07:00:00,DELIVERED
WA00002520,A003751,2026-06-06 17:00:00,DELIVERED
WA00002521,A003906,2025-11-01 11:00:00,READ
WA00002522,A003253,2026-04-27 19:00:00,DELIVERED
WA00002523,A001628,2026-02-27 07:00:00,REPLIED
WA00002524,A002745,2026-02-18 17:00:00,REPLIED
WA00002525,A002670,2026-06-27 17:00:00,READ
WA00002526,A000293,2026-04-21 11:00:00,READ
WA00002527,A003686,2025-12-10 16:00:00,DELIVERED
WA00002528,A003138,2026-06-10 15:00:00,DELIVERED
WA00002529,A003303,2025-09-10 10:00:00,REPLIED
WA00002530,A003506,2026-04-16 07:00:00,REPLIED
WA00002531,A003946,2025-11-12 10:00:00,FAILED
WA00002532,A000648,2025-09-16 07:00:00,REPLIED
WA00002533,A003323,2026-03-04 22:00:00,FAILED
WA00002534,A000099,2025-09-06 17:00:00,REPLIED
WA00002535,A003543,2026-04-15 22:00:00,DELIVERED
WA00002536,A001530,2025-09-13 17:00:00,DELIVERED
WA00002537,A001374,2026-06-18 15:00:00,DELIVERED
WA00002538,A003709,2026-04-11 11:00:00,DELIVERED
WA00002539,A000373,2026-02-12 16:00:00,SENT
WA00002540,A000340,2026-05-06 19:00:00,READ
WA00002541,A002529,2026-08-26 16:00:00,DELIVERED
WA00002542,A001247,2026-05-09 10:00:00,READ
WA00002543,A000059,2026-02-24 19:00:00,READ
WA00002544,A001492,2026-04-13 07:00:00,REPLIED
WA00002545,A001527,2026-04-05 12:00:00,DELIVERED
WA00002546,A003817,2026-03-05 13:00:00,DELIVERED
WA00002547,A003341,2025-12-02 18:00:00,SENT
WA00002548,A002915,2026-03-14 13:00:00,DELIVERED
WA00002549,A001273,2026-07-20 13:00:00,DELIVERED
WA00002550,A001779,2026-04-02 11:00:00,DELIVERED
WA00002551,A001981,2026-04-05 19:00:00,SENT
WA00002552,A000284,2026-02-11 20:00:00,READ
WA00002553,A002783,2026-02-27 22:00:00,DELIVERED
WA00002554,A002003,2026-02-04 18:00:00,DELIVERED
WA00002555,A002256,2026-01-18 11:00:00,DELIVERED
WA00002556,A001522,2026-04-02 09:00:00,DELIVERED
WA00002557,A001673,2025-09-01 08:00:00,READ
WA00002558,A003038,2026-05-14 12:00:00,DELIVERED
WA00002559,A000549,2025-11-20 22:00:00,REPLIED
WA00002560,A000253,2026-07-17 11:00:00,DELIVERED
WA00002561,A002241,2025-09-15 14:00:00,REPLIED
WA00002562,A000759,2026-08-24 07:00:00,READ
WA00002563,A002481,2026-08-07 10:00:00,DELIVERED
WA00002564,A000391,2025-12-23 08:00:00,DELIVERED
WA00002565,A000141,2026-02-15 17:00:00,SENT
WA00002566,A001590,2025-09-12 20:00:00,REPLIED
WA00002567,A000374,2026-06-26 09:00:00,REPLIED
WA00002568,A002852,2026-06-11 09:00:00,SENT
WA00002569,A002793,2026-02-26 09:00:00,DELIVERED
WA00002570,A001413,2025-12-22 14:00:00,READ
WA00002571,A003729,2026-07-11 10:00:00,DELIVERED
WA00002572,A002590,2026-03-03 19:00:00,DELIVERED
WA00002573,A002858,2026-05-06 21:00:00,REPLIED
WA00002574,A000890,2026-03-08 22:00:00,REPLIED
WA00002575,A002460,2026-07-15 19:00:00,DELIVERED
WA00002576,A003644,2025-11-26 09:00:00,READ
WA00002577,A001221,2026-05-10 11:00:00,SENT
WA00002578,A002815,2026-05-06 08:00:00,DELIVERED
WA00002579,A001790,2025-12-24 14:00:00,REPLIED
WA00002580,A004022,2026-08-25 14:00:00,DELIVERED
WA00002581,A003404,2025-12-15 11:00:00,REPLIED
WA00002582,A000586,2026-04-24 15:00:00,DELIVERED
WA00002583,A004036,2025-11-25 14:00:00,FAILED
WA00002584,A002713,2026-05-13 22:00:00,READ
WA00002585,A004027,2025-11-23 07:00:00,REPLIED
WA00002586,A000186,2026-02-02 17:00:00,READ
WA00002587,A004130,2026-03-13 12:00:00,REPLIED
WA00002588,A001621,2026-07-14 19:00:00,READ
WA00002589,A002285,2026-02-19 21:00:00,DELIVERED
WA00002590,A003941,2026-01-18 07:00:00,SENT
WA00002591,A003049,2026-08-20 07:00:00,DELIVERED
WA00002592,A000522,2026-07-18 21:00:00,READ
WA00002593,A001157,2026-01-09 14:00:00,DELIVERED
WA00002594,A002466,2026-05-14 09:00:00,SENT
WA00002595,A002261,2025-09-10 22:00:00,READ
WA00002596,A000669,2025-11-09 08:00:00,READ
WA00002597,A003498,2026-02-14 14:00:00,DELIVERED
WA00002598,A001441,2026-02-12 22:00:00,READ
WA00002599,A000757,2026-02-04 17:00:00,REPLIED
WA00002600,A002216,2025-10-21 22:00:00,SENT
WA00002601,A001699,2026-01-06 07:00:00,DELIVERED
WA00002602,A000896,2025-10-07 12:00:00,FAILED
WA00002603,A003367,2026-03-23 19:00:00,SENT
WA00002604,A003313,2026-03-24 20:00:00,FAILED
WA00002605,A004129,2026-05-11 20:00:00,REPLIED
WA00002606,A000533,2026-06-16 14:00:00,FAILED
WA00002607,A003434,2026-07-25 18:00:00,READ
WA00002608,A003013,2026-08-11 17:00:00,REPLIED
WA00002609,A000314,2026-03-19 07:00:00,FAILED
WA00002610,A000781,2025-09-09 10:00:00,REPLIED
WA00002611,A002504,2025-11-14 19:00:00,READ
WA00002612,A001745,2026-05-24 18:00:00,SENT
WA00002613,A001944,2026-07-15 17:00:00,DELIVERED
WA00002614,A002474,2026-08-02 14:00:00,REPLIED
WA00002615,A004029,2026-08-07 19:00:00,DELIVERED
WA00002616,A000081,2026-07-25 12:00:00,SENT
WA00002617,A003939,2026-05-03 15:00:00,READ
WA00002618,A002979,2025-09-16 08:00:00,DELIVERED
WA00002619,A000507,2026-02-06 11:00:00,REPLIED
WA00002620,A001447,2025-10-04 20:00:00,READ
WA00002621,A002645,2025-12-12 22:00:00,DELIVERED
WA00002622,A003287,2025-12-17 18:00:00,SENT
WA00002623,A000776,2025-12-21 16:00:00,DELIVERED
WA00002624,A001522,2026-04-03 21:00:00,READ
WA00002625,A001121,2025-09-01 07:00:00,REPLIED
WA00002626,A003548,2025-12-12 11:00:00,FAILED
WA00002627,A002160,2026-01-16 15:00:00,READ
WA00002628,A004068,2026-08-16 17:00:00,READ
WA00002629,A002005,2026-06-11 17:00:00,READ
WA00002630,A002695,2025-10-17 10:00:00,DELIVERED
WA00002631,A002908,2026-04-15 22:00:00,SENT
WA00002632,A001518,2026-07-23 07:00:00,FAILED
WA00002633,A001543,2026-03-15 19:00:00,DELIVERED
WA00002634,A000496,2026-06-02 18:00:00,FAILED
WA00002635,A001930,2026-08-26 15:00:00,SENT
WA00002636,A002638,2025-10-10 19:00:00,SENT
WA00002637,A002374,2026-05-07 20:00:00,READ
WA00002638,A004139,2026-06-11 10:00:00,REPLIED
WA00002639,A000801,2026-04-02 22:00:00,READ
WA00002640,A000149,2026-01-20 11:00:00,DELIVERED
WA00002641,A000125,2026-05-20 15:00:00,DELIVERED
WA00002642,A001913,2026-03-24 07:00:00,READ
WA00002643,A000876,2025-09-01 21:00:00,DELIVERED
WA00002644,A002743,2026-02-23 07:00:00,DELIVERED
WA00002645,A003034,2025-09-13 15:00:00,FAILED
WA00002646,A001509,2025-09-05 09:00:00,DELIVERED
WA00002647,A002921,2026-08-14 21:00:00,REPLIED
WA00002648,A002259,2025-11-27 11:00:00,FAILED
WA00002649,A003419,2025-11-12 21:00:00,SENT
WA00002650,A001918,2025-09-24 15:00:00,FAILED
WA00002651,A001961,2026-08-22 21:00:00,FAILED
WA00002652,A002303,2025-09-09 22:00:00,REPLIED
WA00002653,A000728,2026-03-08 15:00:00,DELIVERED
WA00002654,A000980,2026-06-05 12:00:00,SENT
WA00002655,A002936,2026-02-04 17:00:00,READ
WA00002656,A002054,2026-06-27 20:00:00,READ
WA00002657,A001242,2025-10-24 16:00:00,READ
WA00002658,A003467,2026-08-14 16:00:00,FAILED
WA00002659,A002173,2026-02-26 17:00:00,READ
WA00002660,A003649,2025-11-05 19:00:00,REPLIED
WA00002661,A003321,2025-09-17 22:00:00,SENT
WA00002662,A000918,2025-10-03 13:00:00,DELIVERED
WA00002663,A001315,2026-01-13 22:00:00,READ
WA00002664,A000869,2025-12-14 19:00:00,DELIVERED
WA00002665,A000012,2026-06-01 20:00:00,READ
WA00002666,A003936,2026-07-16 19:00:00,DELIVERED
WA00002667,A000765,2025-11-20 09:00:00,REPLIED
WA00002668,A000986,2026-03-27 12:00:00,DELIVERED
WA00002669,A000838,2025-12-05 21:00:00,REPLIED
WA00002670,A002152,2026-03-20 09:00:00,DELIVERED
WA00002671,A001946,2026-07-02 13:00:00,READ
WA00002672,A001446,2026-01-16 19:00:00,SENT
WA00002673,A003557,2026-02-06 09:00:00,DELIVERED
WA00002674,A001949,2025-12-01 18:00:00,SENT
WA00002675,A001776,2026-04-20 13:00:00,REPLIED
WA00002676,A002126,2025-10-01 16:00:00,DELIVERED
WA00002677,A002900,2026-03-06 07:00:00,READ
WA00002678,A003036,2026-07-11 22:00:00,DELIVERED
WA00002679,A001248,2026-01-05 16:00:00,DELIVERED
WA00002680,A003960,2026-06-16 22:00:00,DELIVERED
WA00002681,A003026,2026-02-10 13:00:00,DELIVERED
WA00002682,A004185,2026-08-11 16:00:00,DELIVERED
WA00002683,A000554,2026-04-02 21:00:00,DELIVERED
WA00002684,A000982,2025-09-25 07:00:00,DELIVERED
WA00002685,A001327,2026-06-11 10:00:00,DELIVERED
WA00002686,A003968,2026-06-27 19:00:00,SENT
WA00002687,A002462,2026-02-26 09:00:00,READ
WA00002688,A000298,2026-04-20 07:00:00,FAILED
WA00002689,A001732,2025-10-19 07:00:00,READ
WA00002690,A000531,2026-01-01 17:00:00,DELIVERED
WA00002691,A002306,2026-08-23 20:00:00,DELIVERED
WA00002692,A002445,2026-02-01 16:00:00,SENT
WA00002693,A003244,2026-08-25 09:00:00,SENT
WA00002694,A003827,2025-09-18 19:00:00,SENT
WA00002695,A001241,2025-10-08 07:00:00,READ
WA00002696,A003739,2026-04-09 12:00:00,READ
WA00002697,A001101,2026-04-19 08:00:00,READ
WA00002698,A002187,2025-09-09 21:00:00,DELIVERED
WA00002699,A000569,2026-03-27 18:00:00,SENT
WA00002700,A000065,2025-12-15 15:00:00,FAILED
WA00002701,A000072,2026-07-10 14:00:00,FAILED
WA00002702,A002193,2026-01-13 20:00:00,SENT
WA00002703,A002257,2025-10-22 07:00:00,READ
WA00002704,A003994,2026-02-12 22:00:00,DELIVERED
WA00002705,A001893,2025-09-07 20:00:00,DELIVERED
WA00002706,A000499,2026-08-23 14:00:00,DELIVERED
WA00002707,A001283,2026-04-27 21:00:00,DELIVERED
WA00002708,A000498,2026-05-10 12:00:00,DELIVERED
WA00002709,A000775,2026-06-21 10:00:00,DELIVERED
WA00002710,A001085,2026-08-22 18:00:00,DELIVERED
WA00002711,A000425,2025-09-18 20:00:00,SENT
WA00002712,A000984,2026-02-19 17:00:00,DELIVERED
WA00002713,A003322,2026-01-08 16:00:00,READ
WA00002714,A001484,2026-04-07 13:00:00,DELIVERED
WA00002715,A003179,2026-04-01 07:00:00,READ
WA00002716,A000703,2025-09-25 15:00:00,SENT
WA00002717,A001704,2026-02-14 20:00:00,READ
WA00002718,A003690,2026-08-05 13:00:00,DELIVERED
WA00002719,A003556,2026-01-06 17:00:00,FAILED
WA00002720,A000580,2026-01-26 09:00:00,REPLIED
WA00002721,A001871,2026-05-14 13:00:00,DELIVERED
WA00002722,A003206,2026-05-22 18:00:00,DELIVERED
WA00002723,A001189,2025-09-09 14:00:00,READ
WA00002724,A001094,2026-06-14 08:00:00,REPLIED
WA00002725,A001594,2026-07-15 11:00:00,DELIVERED
WA00002726,A001884,2026-08-05 10:00:00,READ
WA00002727,A000781,2026-06-26 15:00:00,READ
WA00002728,A002064,2025-11-19 15:00:00,DELIVERED
WA00002729,A000595,2026-01-05 14:00:00,REPLIED
WA00002730,A003377,2025-09-26 21:00:00,DELIVERED
WA00002731,A001673,2026-06-06 10:00:00,DELIVERED
WA00002732,A003854,2026-02-19 12:00:00,REPLIED
WA00002733,A003362,2026-01-25 14:00:00,DELIVERED
WA00002734,A000978,2026-03-01 11:00:00,REPLIED
WA00002735,A002552,2025-09-24 12:00:00,SENT
WA00002736,A003372,2026-03-15 20:00:00,FAILED
WA00002737,A002875,2026-08-19 22:00:00,DELIVERED
WA00002738,A002076,2025-12-26 22:00:00,READ
WA00002739,A001184,2025-09-05 10:00:00,SENT
WA00002740,A003517,2026-05-11 18:00:00,REPLIED
WA00002741,A002229,2025-11-17 17:00:00,SENT
WA00002742,A001132,2025-11-17 17:00:00,READ
WA00002743,A003571,2025-10-13 19:00:00,READ
WA00002744,A003126,2026-07-07 09:00:00,FAILED
WA00002745,A004113,2026-01-11 15:00:00,REPLIED
WA00002746,A002980,2026-08-07 20:00:00,READ
WA00002747,A001036,2025-09-27 15:00:00,DELIVERED
WA00002748,A000800,2025-11-17 16:00:00,REPLIED
WA00002749,A002998,2025-11-15 20:00:00,SENT
WA00002750,A001840,2025-11-15 17:00:00,DELIVERED
WA00002751,A004125,2026-06-26 18:00:00,DELIVERED
WA00002752,A001807,2026-04-05 10:00:00,READ
WA00002753,A003652,2025-12-03 19:00:00,DELIVERED
WA00002754,A001405,2025-09-07 08:00:00,REPLIED
WA00002755,A000238,2025-09-27 09:00:00,DELIVERED
WA00002756,A000365,2025-11-26 19:00:00,SENT
WA00002757,A000510,2025-09-10 07:00:00,READ
WA00002758,A002726,2026-06-25 20:00:00,REPLIED
WA00002759,A000089,2025-10-21 08:00:00,DELIVERED
WA00002760,A002455,2026-05-09 15:00:00,DELIVERED
WA00002761,A001154,2026-08-02 07:00:00,FAILED
WA00002762,A000543,2025-11-04 14:00:00,DELIVERED
WA00002763,A001869,2026-06-19 13:00:00,DELIVERED
WA00002764,A003763,2025-10-23 16:00:00,DELIVERED
WA00002765,A001233,2025-11-21 20:00:00,READ
WA00002766,A001960,2025-12-22 12:00:00,READ
WA00002767,A002653,2026-04-27 19:00:00,REPLIED
WA00002768,A001623,2026-03-04 21:00:00,REPLIED
WA00002769,A003442,2025-12-16 20:00:00,REPLIED
WA00002770,A002057,2025-11-09 11:00:00,READ
WA00002771,A001031,2025-09-25 13:00:00,FAILED
WA00002772,A003145,2026-05-06 17:00:00,DELIVERED
WA00002773,A000843,2026-07-20 10:00:00,FAILED
WA00002774,A002820,2026-01-25 21:00:00,DELIVERED
WA00002775,A000677,2026-02-11 20:00:00,READ
WA00002776,A003040,2026-04-11 10:00:00,SENT
WA00002777,A004114,2026-03-13 11:00:00,DELIVERED
WA00002778,A002013,2025-11-11 09:00:00,READ
WA00002779,A003756,2025-09-22 21:00:00,DELIVERED
WA00002780,A002417,2026-05-27 15:00:00,FAILED
WA00002781,A002370,2026-07-15 11:00:00,FAILED
WA00002782,A000885,2026-06-27 13:00:00,SENT
WA00002783,A001141,2026-02-17 17:00:00,READ
WA00002784,A000421,2026-06-07 19:00:00,DELIVERED
WA00002785,A002368,2026-04-16 16:00:00,REPLIED
WA00002786,A002738,2025-12-26 12:00:00,READ
WA00002787,A000300,2026-03-15 10:00:00,DELIVERED
WA00002788,A002496,2026-05-03 07:00:00,DELIVERED
WA00002789,A000467,2026-08-20 09:00:00,DELIVERED
WA00002790,A002646,2026-02-01 22:00:00,FAILED
WA00002791,A001775,2026-05-23 21:00:00,DELIVERED
WA00002792,A003073,2026-01-25 10:00:00,READ
WA00002793,A001350,2025-09-20 09:00:00,REPLIED
WA00002794,A000571,2025-12-22 09:00:00,REPLIED
WA00002795,A000159,2025-12-10 21:00:00,SENT
WA00002796,A002793,2026-07-14 08:00:00,READ
WA00002797,A002797,2025-11-03 15:00:00,FAILED
WA00002798,A003975,2026-03-20 16:00:00,READ
WA00002799,A002570,2026-01-05 14:00:00,SENT
WA00002800,A003435,2026-08-09 09:00:00,READ
WA00002801,A000224,2026-06-07 10:00:00,DELIVERED
WA00002802,A002204,2025-11-13 21:00:00,FAILED
WA00002803,A001801,2025-11-11 07:00:00,READ
WA00002804,A002796,2026-04-14 22:00:00,DELIVERED
WA00002805,A002689,2025-11-18 21:00:00,DELIVERED
WA00002806,A001114,2025-10-08 16:00:00,SENT
WA00002807,A003891,2026-05-11 20:00:00,FAILED
WA00002808,A000634,2025-10-24 14:00:00,DELIVERED
WA00002809,A001323,2026-01-13 18:00:00,READ
WA00002810,A001601,2026-06-01 12:00:00,READ
WA00002811,A001373,2026-08-27 19:00:00,READ
WA00002812,A001314,2025-09-19 10:00:00,FAILED
WA00002813,A001324,2026-08-16 21:00:00,SENT
WA00002814,A002176,2025-11-13 19:00:00,READ
WA00002815,A002487,2026-01-08 13:00:00,DELIVERED
WA00002816,A002469,2025-09-12 18:00:00,READ
WA00002817,A000869,2025-10-02 09:00:00,DELIVERED
WA00002818,A002006,2026-03-08 13:00:00,REPLIED
WA00002819,A000486,2026-08-25 09:00:00,READ
WA00002820,A001028,2026-02-07 13:00:00,REPLIED
WA00002821,A000905,2025-11-06 07:00:00,SENT
WA00002822,A001629,2025-09-04 07:00:00,DELIVERED
WA00002823,A000933,2026-01-18 16:00:00,DELIVERED
WA00002824,A004023,2025-11-12 17:00:00,SENT
WA00002825,A003172,2026-01-04 12:00:00,DELIVERED
WA00002826,A001213,2026-08-09 17:00:00,REPLIED
WA00002827,A001278,2026-02-19 07:00:00,READ
WA00002828,A003475,2025-10-03 07:00:00,READ
WA00002829,A003357,2025-10-16 10:00:00,SENT
WA00002830,A004110,2026-06-26 19:00:00,READ
WA00002831,A000574,2026-04-15 09:00:00,READ
WA00002832,A003957,2026-01-15 09:00:00,FAILED
WA00002833,A001941,2026-03-24 15:00:00,READ
WA00002834,A003698,2026-04-11 19:00:00,READ
WA00002835,A000180,2026-03-17 09:00:00,REPLIED
WA00002836,A003422,2025-12-09 09:00:00,DELIVERED
WA00002837,A000554,2025-09-25 19:00:00,DELIVERED
WA00002838,A003169,2025-09-19 17:00:00,DELIVERED
WA00002839,A001082,2026-06-10 18:00:00,READ
WA00002840,A002354,2025-12-17 18:00:00,REPLIED
WA00002841,A002989,2026-05-08 12:00:00,DELIVERED
WA00002842,A002906,2026-06-09 13:00:00,DELIVERED
WA00002843,A003904,2026-02-25 10:00:00,DELIVERED
WA00002844,A003763,2026-04-24 15:00:00,SENT
WA00002845,A003323,2026-05-02 20:00:00,DELIVERED
WA00002846,A003101,2026-08-11 10:00:00,DELIVERED
WA00002847,A004060,2026-01-08 19:00:00,DELIVERED
WA00002848,A003774,2026-04-26 07:00:00,READ
WA00002849,A001241,2025-11-13 10:00:00,FAILED
WA00002850,A001463,2026-08-23 22:00:00,SENT
WA00002851,A000461,2025-12-06 14:00:00,DELIVERED
WA00002852,A000947,2025-12-19 11:00:00,REPLIED
WA00002853,A002444,2026-08-06 12:00:00,READ
WA00002854,A001517,2026-04-04 22:00:00,REPLIED
WA00002855,A002901,2026-01-16 10:00:00,DELIVERED
WA00002856,A000782,2026-04-23 18:00:00,DELIVERED
WA00002857,A004129,2026-02-09 08:00:00,DELIVERED
WA00002858,A001215,2026-01-03 10:00:00,DELIVERED
WA00002859,A003845,2026-01-09 19:00:00,READ
WA00002860,A002397,2025-12-14 21:00:00,DELIVERED
WA00002861,A000753,2026-05-16 16:00:00,DELIVERED
WA00002862,A002606,2026-01-16 13:00:00,READ
WA00002863,A000992,2026-01-22 07:00:00,DELIVERED
WA00002864,A002729,2026-05-04 12:00:00,READ
WA00002865,A000847,2025-10-11 09:00:00,DELIVERED
WA00002866,A002120,2025-09-03 11:00:00,DELIVERED
WA00002867,A001692,2026-02-04 20:00:00,FAILED
WA00002868,A003558,2026-01-12 12:00:00,READ
WA00002869,A003080,2026-01-02 14:00:00,READ
WA00002870,A001849,2026-04-15 13:00:00,DELIVERED
WA00002871,A002684,2025-10-14 22:00:00,SENT
WA00002872,A001737,2025-11-15 13:00:00,SENT
WA00002873,A002083,2026-08-09 18:00:00,FAILED
WA00002874,A001322,2025-09-19 18:00:00,SENT
WA00002875,A001566,2025-12-17 12:00:00,DELIVERED
WA00002876,A000644,2026-02-08 22:00:00,DELIVERED
WA00002877,A003032,2026-05-10 11:00:00,READ
WA00002878,A003853,2025-09-16 10:00:00,REPLIED
WA00002879,A001124,2026-06-19 21:00:00,DELIVERED
WA00002880,A002718,2026-03-11 12:00:00,READ
WA00002881,A002423,2025-11-09 18:00:00,FAILED
WA00002882,A001401,2025-12-14 22:00:00,READ
WA00002883,A003104,2026-01-09 18:00:00,REPLIED
WA00002884,A000126,2025-12-07 08:00:00,REPLIED
WA00002885,A001551,2026-08-18 15:00:00,SENT
WA00002886,A001056,2026-06-09 08:00:00,DELIVERED
WA00002887,A004058,2025-10-16 14:00:00,READ
WA00002888,A002050,2026-07-01 08:00:00,SENT
WA00002889,A002092,2026-04-15 19:00:00,DELIVERED
WA00002890,A003863,2025-09-11 15:00:00,DELIVERED
WA00002891,A002179,2026-05-25 12:00:00,SENT
WA00002892,A002821,2026-01-18 13:00:00,REPLIED
WA00002893,A003546,2026-06-13 16:00:00,READ
WA00002894,A002978,2026-05-14 12:00:00,DELIVERED
WA00002895,A000251,2025-10-02 18:00:00,FAILED
WA00002896,A001239,2025-12-06 19:00:00,DELIVERED
WA00002897,A004072,2025-10-11 08:00:00,DELIVERED
WA00002898,A000523,2026-07-09 15:00:00,READ
WA00002899,A001397,2025-09-06 09:00:00,SENT
WA00002900,A000594,2025-12-21 15:00:00,FAILED
WA00002901,A000192,2026-08-10 09:00:00,REPLIED
WA00002902,A001470,2026-01-04 14:00:00,READ
WA00002903,A001051,2026-08-23 14:00:00,READ
WA00002904,A002106,2026-04-18 12:00:00,READ
WA00002905,A002146,2026-01-07 13:00:00,READ
WA00002906,A003051,2025-09-03 09:00:00,READ
WA00002907,A001398,2026-02-26 20:00:00,DELIVERED
WA00002908,A004012,2026-02-11 14:00:00,READ
WA00002909,A001693,2026-04-11 19:00:00,SENT
WA00002910,A000271,2026-03-05 20:00:00,DELIVERED
WA00002911,A000851,2025-10-18 13:00:00,DELIVERED
WA00002912,A002462,2026-01-25 13:00:00,SENT
WA00002913,A000501,2025-09-22 11:00:00,DELIVERED
WA00002914,A000506,2026-08-26 07:00:00,REPLIED
WA00002915,A003621,2026-07-09 20:00:00,FAILED
WA00002916,A000416,2025-12-15 20:00:00,DELIVERED
WA00002917,A003448,2025-09-18 08:00:00,DELIVERED
WA00002918,A003458,2026-04-24 18:00:00,DELIVERED
WA00002919,A002593,2026-08-06 12:00:00,READ
WA00002920,A000683,2026-06-26 17:00:00,DELIVERED
WA00002921,A002959,2026-07-22 14:00:00,DELIVERED
WA00002922,A002209,2026-04-19 19:00:00,READ
WA00002923,A001098,2026-06-05 08:00:00,READ
WA00002924,A002910,2025-10-27 12:00:00,DELIVERED
WA00002925,A000486,2025-09-17 09:00:00,SENT
WA00002926,A000518,2026-02-17 12:00:00,DELIVERED
WA00002927,A002481,2025-10-22 15:00:00,READ
WA00002928,A003260,2026-08-22 22:00:00,SENT
WA00002929,A001446,2026-07-16 12:00:00,READ
WA00002930,A003283,2025-10-22 11:00:00,FAILED
WA00002931,A000274,2025-12-02 19:00:00,READ
WA00002932,A001849,2026-01-07 07:00:00,DELIVERED
WA00002933,A002037,2026-07-18 14:00:00,REPLIED
WA00002934,A003046,2026-02-09 16:00:00,FAILED
WA00002935,A003731,2026-07-01 13:00:00,DELIVERED
WA00002936,A004081,2026-02-08 19:00:00,READ
WA00002937,A002111,2026-04-12 15:00:00,SENT
WA00002938,A001647,2026-05-14 20:00:00,READ
WA00002939,A000345,2026-01-26 08:00:00,REPLIED
WA00002940,A001231,2025-10-04 08:00:00,DELIVERED
WA00002941,A002777,2025-12-19 15:00:00,DELIVERED
WA00002942,A003707,2025-11-04 15:00:00,READ
WA00002943,A003707,2025-12-10 14:00:00,REPLIED
WA00002944,A000625,2025-11-23 17:00:00,SENT
WA00002945,A002661,2026-07-08 19:00:00,REPLIED
WA00002946,A002817,2026-02-18 15:00:00,DELIVERED
WA00002947,A004059,2026-08-05 18:00:00,SENT
WA00002948,A004102,2026-08-23 15:00:00,SENT
WA00002949,A003609,2026-01-27 09:00:00,DELIVERED
WA00002950,A000200,2026-04-16 19:00:00,FAILED
WA00002951,A000938,2026-02-09 10:00:00,SENT
WA00002952,A000530,2025-09-08 13:00:00,SENT
WA00002953,A004099,2026-02-25 16:00:00,READ
WA00002954,A001148,2025-10-07 20:00:00,SENT
WA00002955,A000368,2026-05-23 07:00:00,DELIVERED
WA00002956,A002155,2026-06-16 15:00:00,SENT
WA00002957,A000073,2026-06-07 11:00:00,SENT
WA00002958,A003905,2025-12-06 16:00:00,DELIVERED
WA00002959,A000080,2026-04-02 18:00:00,REPLIED
WA00002960,A000929,2026-06-11 21:00:00,REPLIED
WA00002961,A003104,2025-12-24 21:00:00,READ
WA00002962,A001055,2026-06-04 08:00:00,SENT
WA00002963,A003627,2026-07-26 11:00:00,READ
WA00002964,A001881,2025-09-16 21:00:00,REPLIED
WA00002965,A002302,2026-07-13 22:00:00,SENT
WA00002966,A003193,2025-11-18 08:00:00,REPLIED
WA00002967,A004121,2026-06-06 09:00:00,READ
WA00002968,A002287,2026-04-27 10:00:00,FAILED
WA00002969,A004071,2025-10-21 13:00:00,REPLIED
WA00002970,A001671,2026-04-26 13:00:00,READ
WA00002971,A000864,2026-03-10 12:00:00,READ
WA00002972,A000602,2026-05-06 16:00:00,DELIVERED
WA00002973,A000850,2026-02-23 16:00:00,FAILED
WA00002974,A000351,2025-10-06 10:00:00,DELIVERED
WA00002975,A000842,2025-09-26 17:00:00,READ
WA00002976,A003537,2026-06-09 17:00:00,FAILED
WA00002977,A003713,2026-07-21 10:00:00,DELIVERED
WA00002978,A002636,2025-10-19 17:00:00,DELIVERED
WA00002979,A003309,2026-05-16 14:00:00,FAILED
WA00002980,A003994,2026-04-16 22:00:00,REPLIED
WA00002981,A000888,2025-10-18 17:00:00,SENT
WA00002982,A004024,2025-12-25 09:00:00,READ
WA00002983,A001916,2026-03-12 10:00:00,READ
WA00002984,A001865,2026-03-23 11:00:00,DELIVERED
WA00002985,A002962,2026-08-19 19:00:00,SENT
WA00002986,A002508,2025-11-23 20:00:00,DELIVERED
WA00002987,A003372,2025-12-11 14:00:00,DELIVERED
WA00002988,A002913,2026-04-02 18:00:00,FAILED
WA00002989,A001651,2026-06-18 14:00:00,READ
WA00002990,A002820,2025-09-20 08:00:00,SENT
WA00002991,A002671,2026-02-01 10:00:00,READ
WA00002992,A000206,2025-11-23 19:00:00,SENT
WA00002993,A002159,2026-06-07 11:00:00,SENT
WA00002994,A002435,2026-01-19 14:00:00,DELIVERED
WA00002995,A002961,2026-01-10 07:00:00,SENT
WA00002996,A002045,2026-01-09 12:00:00,DELIVERED
WA00002997,A001482,2025-11-16 13:00:00,REPLIED
WA00002998,A002992,2026-03-06 19:00:00,DELIVERED
WA00002999,A003962,2025-12-10 15:00:00,FAILED
WA00003000,A001224,2026-08-17 09:00:00,READ
WA00003001,A002270,2026-06-04 18:00:00,READ
WA00003002,A001115,2025-12-23 13:00:00,READ
WA00003003,A000794,2026-05-19 08:00:00,DELIVERED
WA00003004,A000034,2025-12-25 11:00:00,REPLIED
WA00003005,A002210,2025-09-23 18:00:00,READ
WA00003006,A001271,2025-12-24 20:00:00,READ
WA00003007,A003921,2026-02-02 21:00:00,SENT
WA00003008,A000693,2026-02-17 12:00:00,READ
WA00003009,A003437,2026-02-26 13:00:00,REPLIED
WA00003010,A004169,2025-12-26 12:00:00,DELIVERED
WA00003011,A003492,2026-03-21 13:00:00,DELIVERED
WA00003012,A000160,2026-07-05 13:00:00,SENT
WA00003013,A002233,2025-12-11 14:00:00,SENT
WA00003014,A002535,2026-02-06 14:00:00,READ
WA00003015,A000241,2025-11-21 09:00:00,DELIVERED
WA00003016,A002552,2026-02-19 21:00:00,FAILED
WA00003017,A000064,2025-11-02 14:00:00,SENT
WA00003018,A000550,2026-02-05 12:00:00,REPLIED
WA00003019,A000433,2025-09-19 19:00:00,READ
WA00003020,A000343,2026-05-10 15:00:00,DELIVERED
WA00003021,A001478,2026-06-25 22:00:00,DELIVERED
WA00003022,A000855,2026-01-14 07:00:00,SENT
WA00003023,A003744,2026-08-10 19:00:00,DELIVERED
WA00003024,A002508,2025-12-19 12:00:00,REPLIED
WA00003025,A001852,2025-10-11 08:00:00,FAILED
WA00003026,A001096,2026-05-03 20:00:00,REPLIED
WA00003027,A000845,2025-11-17 19:00:00,READ
WA00003028,A000240,2026-04-25 20:00:00,DELIVERED
WA00003029,A000061,2026-02-19 12:00:00,REPLIED
WA00003030,A000809,2026-06-16 11:00:00,DELIVERED
WA00003031,A000278,2026-01-22 08:00:00,READ
WA00003032,A003685,2026-01-07 19:00:00,REPLIED
WA00003033,A002628,2026-01-18 14:00:00,DELIVERED
WA00003034,A001743,2026-03-11 10:00:00,DELIVERED
WA00003035,A000223,2026-03-20 07:00:00,REPLIED
WA00003036,A003580,2025-10-19 16:00:00,READ
WA00003037,A000964,2026-08-14 22:00:00,REPLIED
WA00003038,A003204,2025-11-26 19:00:00,SENT
WA00003039,A002504,2025-10-20 15:00:00,READ
WA00003040,A001315,2025-11-22 16:00:00,READ
WA00003041,A003679,2026-06-18 20:00:00,DELIVERED
WA00003042,A003467,2026-01-13 22:00:00,DELIVERED
WA00003043,A002153,2026-04-21 22:00:00,READ
WA00003044,A002104,2026-05-05 14:00:00,FAILED
WA00003045,A000722,2025-10-20 12:00:00,REPLIED
WA00003046,A002793,2025-11-19 07:00:00,REPLIED
WA00003047,A002101,2026-06-25 07:00:00,REPLIED
WA00003048,A001452,2026-03-17 17:00:00,SENT
WA00003049,A001668,2026-08-06 19:00:00,REPLIED
WA00003050,A002418,2025-10-10 08:00:00,DELIVERED
WA00003051,A003887,2026-08-21 12:00:00,READ
WA00003052,A001333,2025-12-10 11:00:00,READ
WA00003053,A002438,2026-07-07 09:00:00,REPLIED
WA00003054,A001692,2025-12-05 16:00:00,DELIVERED
WA00003055,A003533,2026-02-07 20:00:00,SENT
WA00003056,A000515,2026-03-12 22:00:00,READ
WA00003057,A003304,2026-08-11 08:00:00,SENT
WA00003058,A004036,2026-06-27 07:00:00,SENT
WA00003059,A000764,2026-04-15 09:00:00,DELIVERED
WA00003060,A002514,2026-03-06 17:00:00,DELIVERED
WA00003061,A002925,2025-09-09 14:00:00,REPLIED
WA00003062,A000543,2025-12-04 21:00:00,DELIVERED
WA00003063,A002738,2026-07-27 18:00:00,SENT
WA00003064,A001980,2026-06-16 18:00:00,READ
WA00003065,A000620,2026-04-16 09:00:00,DELIVERED
WA00003066,A002907,2026-04-16 21:00:00,READ
WA00003067,A000016,2025-12-19 09:00:00,DELIVERED
WA00003068,A003039,2025-10-24 10:00:00,REPLIED
WA00003069,A000183,2026-01-01 14:00:00,READ
WA00003070,A002772,2026-08-26 12:00:00,DELIVERED
WA00003071,A001961,2026-03-02 18:00:00,SENT
WA00003072,A001618,2026-04-20 11:00:00,FAILED
WA00003073,A000658,2025-11-06 09:00:00,FAILED
WA00003074,A000336,2026-01-12 12:00:00,FAILED
WA00003075,A003648,2025-10-03 22:00:00,READ
WA00003076,A001095,2026-05-13 09:00:00,FAILED
WA00003077,A000098,2025-12-26 09:00:00,SENT
WA00003078,A000506,2025-10-08 13:00:00,SENT
WA00003079,A000024,2026-02-25 20:00:00,DELIVERED
WA00003080,A002020,2026-06-02 14:00:00,DELIVERED
WA00003081,A003843,2026-06-15 10:00:00,SENT
WA00003082,A001435,2025-11-10 22:00:00,DELIVERED
WA00003083,A002415,2026-08-06 15:00:00,DELIVERED
WA00003084,A004110,2025-10-02 21:00:00,READ
WA00003085,A004108,2026-04-12 08:00:00,REPLIED
WA00003086,A000340,2026-02-27 22:00:00,SENT
WA00003087,A000874,2026-02-16 17:00:00,READ
WA00003088,A001985,2026-03-26 11:00:00,READ
WA00003089,A003958,2026-06-22 12:00:00,DELIVERED
WA00003090,A000252,2026-08-24 10:00:00,REPLIED
WA00003091,A001823,2026-05-11 19:00:00,FAILED
WA00003092,A003354,2026-06-06 11:00:00,READ
WA00003093,A000168,2026-02-23 08:00:00,DELIVERED
WA00003094,A001733,2025-10-22 14:00:00,FAILED
WA00003095,A003694,2026-08-17 14:00:00,FAILED
WA00003096,A000287,2025-09-04 16:00:00,DELIVERED
WA00003097,A000734,2026-04-11 15:00:00,SENT
WA00003098,A000199,2026-07-10 11:00:00,READ
WA00003099,A000385,2026-08-26 11:00:00,READ
WA00003100,A000677,2026-06-22 14:00:00,READ
WA00003101,A003985,2026-05-23 07:00:00,DELIVERED
WA00003102,A000295,2025-11-02 11:00:00,DELIVERED
WA00003103,A000236,2026-04-01 11:00:00,DELIVERED
WA00003104,A003805,2026-07-09 22:00:00,FAILED
WA00003105,A002001,2026-02-13 14:00:00,FAILED
WA00003106,A003191,2026-01-04 17:00:00,READ
WA00003107,A002603,2026-05-07 19:00:00,READ
WA00003108,A000126,2025-09-27 10:00:00,FAILED
WA00003109,A002067,2026-01-10 16:00:00,SENT
WA00003110,A000669,2025-09-20 17:00:00,READ
WA00003111,A003974,2026-01-02 09:00:00,SENT
WA00003112,A000829,2025-11-02 10:00:00,DELIVERED
WA00003113,A002582,2026-04-13 07:00:00,DELIVERED
WA00003114,A004154,2026-04-27 14:00:00,SENT
WA00003115,A002959,2026-03-22 08:00:00,SENT
WA00003116,A001453,2026-01-24 07:00:00,DELIVERED
WA00003117,A000834,2025-12-24 22:00:00,REPLIED
WA00003118,A000780,2026-02-09 20:00:00,SENT
WA00003119,A000107,2025-11-20 20:00:00,DELIVERED
WA00003120,A001882,2025-11-16 16:00:00,READ
WA00003121,A000808,2025-11-09 14:00:00,FAILED
WA00003122,A000336,2026-01-11 19:00:00,REPLIED
WA00003123,A000943,2026-01-07 15:00:00,READ
WA00003124,A004104,2026-02-22 16:00:00,REPLIED
WA00003125,A003310,2026-07-20 17:00:00,REPLIED
WA00003126,A000994,2025-10-20 13:00:00,REPLIED
WA00003127,A002599,2026-05-20 12:00:00,DELIVERED
WA00003128,A001600,2026-03-18 20:00:00,READ
WA00003129,A003317,2026-07-08 16:00:00,SENT
WA00003130,A004134,2026-01-11 13:00:00,DELIVERED
WA00003131,A002533,2026-04-16 18:00:00,FAILED
WA00003132,A000546,2026-08-09 11:00:00,DELIVERED
WA00003133,A001123,2026-02-13 22:00:00,REPLIED
WA00003134,A003012,2025-09-16 19:00:00,DELIVERED
WA00003135,A002649,2026-08-25 13:00:00,DELIVERED
WA00003136,A001968,2026-05-26 13:00:00,SENT
WA00003137,A001604,2026-04-01 10:00:00,READ
WA00003138,A002932,2025-11-18 13:00:00,READ
WA00003139,A000024,2026-06-12 10:00:00,DELIVERED
WA00003140,A004104,2026-01-18 17:00:00,DELIVERED
WA00003141,A000549,2025-12-10 16:00:00,FAILED
WA00003142,A002599,2026-01-15 07:00:00,SENT
WA00003143,A002711,2025-10-07 22:00:00,READ
WA00003144,A002727,2025-10-12 20:00:00,FAILED
WA00003145,A001483,2025-10-19 16:00:00,SENT
WA00003146,A002134,2026-02-09 19:00:00,REPLIED
WA00003147,A000350,2026-03-04 15:00:00,DELIVERED
WA00003148,A000452,2025-11-20 22:00:00,SENT
WA00003149,A001665,2026-03-12 14:00:00,FAILED
WA00003150,A002089,2025-09-17 14:00:00,DELIVERED
WA00003151,A003265,2025-10-14 10:00:00,DELIVERED
WA00003152,A002453,2025-12-10 21:00:00,REPLIED
WA00003153,A002297,2025-11-02 08:00:00,READ
WA00003154,A002459,2026-04-24 12:00:00,SENT
WA00003155,A000727,2025-09-15 22:00:00,REPLIED
WA00003156,A002543,2026-03-19 09:00:00,DELIVERED
WA00003157,A003419,2025-10-03 15:00:00,READ
WA00003158,A001443,2026-04-16 13:00:00,READ
WA00003159,A003598,2026-01-02 07:00:00,FAILED
WA00003160,A002270,2025-11-03 20:00:00,REPLIED
WA00003161,A000122,2026-06-09 08:00:00,SENT
WA00003162,A001815,2026-03-01 12:00:00,REPLIED
WA00003163,A000572,2025-10-16 11:00:00,READ
WA00003164,A003733,2026-03-11 07:00:00,READ
WA00003165,A002358,2025-12-04 07:00:00,DELIVERED
WA00003166,A002927,2026-03-12 11:00:00,DELIVERED
WA00003167,A000373,2025-12-21 17:00:00,REPLIED
WA00003168,A002843,2026-05-09 13:00:00,FAILED
WA00003169,A000966,2026-01-17 13:00:00,READ
WA00003170,A002177,2026-05-02 22:00:00,READ
WA00003171,A003389,2026-08-14 15:00:00,DELIVERED
WA00003172,A003128,2025-11-12 11:00:00,READ
WA00003173,A001546,2026-05-06 10:00:00,READ
WA00003174,A000878,2026-01-23 09:00:00,SENT
WA00003175,A001361,2026-06-10 09:00:00,DELIVERED
WA00003176,A003849,2026-08-11 10:00:00,DELIVERED
WA00003177,A000224,2026-02-21 18:00:00,DELIVERED
WA00003178,A003961,2026-04-26 11:00:00,REPLIED
WA00003179,A000432,2025-12-26 20:00:00,FAILED
WA00003180,A002013,2026-01-27 09:00:00,READ
WA00003181,A002023,2026-03-15 07:00:00,SENT
WA00003182,A002442,2026-08-22 16:00:00,DELIVERED
WA00003183,A002523,2026-04-01 08:00:00,READ
WA00003184,A004095,2026-08-04 16:00:00,REPLIED
WA00003185,A000866,2026-06-05 16:00:00,READ
WA00003186,A001061,2026-03-06 08:00:00,SENT
WA00003187,A000365,2026-08-09 16:00:00,DELIVERED
WA00003188,A000579,2026-03-23 18:00:00,READ
WA00003189,A002477,2026-05-13 17:00:00,FAILED
WA00003190,A002280,2026-05-03 22:00:00,REPLIED
WA00003191,A001076,2026-08-17 18:00:00,FAILED
WA00003192,A000778,2025-10-26 13:00:00,READ
WA00003193,A003975,2026-08-05 09:00:00,REPLIED
WA00003194,A003133,2025-09-18 17:00:00,DELIVERED
WA00003195,A000652,2025-11-17 09:00:00,READ
WA00003196,A001148,2025-09-06 17:00:00,DELIVERED
WA00003197,A000883,2025-09-06 20:00:00,DELIVERED
WA00003198,A003520,2026-05-10 22:00:00,REPLIED
WA00003199,A001361,2026-03-05 17:00:00,REPLIED
WA00003200,A001077,2025-11-17 14:00:00,SENT
WA00003201,A004017,2026-02-13 22:00:00,DELIVERED
WA00003202,A003680,2026-04-04 14:00:00,READ
WA00003203,A000760,2026-02-15 13:00:00,SENT
WA00003204,A003295,2026-06-13 10:00:00,DELIVERED
WA00003205,A001826,2026-04-04 14:00:00,REPLIED
WA00003206,A003861,2026-04-07 17:00:00,READ
WA00003207,A001731,2026-07-14 12:00:00,READ
WA00003208,A004120,2026-07-06 16:00:00,DELIVERED
WA00003209,A000166,2026-02-23 08:00:00,DELIVERED
WA00003210,A003335,2026-07-18 14:00:00,DELIVERED
WA00003211,A000744,2026-03-01 07:00:00,DELIVERED
WA00003212,A003400,2026-06-11 15:00:00,REPLIED
WA00003213,A000306,2026-06-26 08:00:00,DELIVERED
WA00003214,A004186,2026-07-23 14:00:00,READ
WA00003215,A000879,2025-10-24 08:00:00,DELIVERED
WA00003216,A001743,2026-06-04 20:00:00,READ
WA00003217,A000575,2026-07-09 12:00:00,READ
WA00003218,A002668,2026-07-08 10:00:00,FAILED
WA00003219,A004063,2026-04-11 13:00:00,FAILED
WA00003220,A000673,2025-11-04 12:00:00,FAILED
WA00003221,A002352,2026-06-03 07:00:00,DELIVERED
WA00003222,A001182,2026-07-11 07:00:00,REPLIED
WA00003223,A003196,2025-11-19 08:00:00,DELIVERED
WA00003224,A002429,2025-09-07 09:00:00,READ
WA00003225,A003753,2026-06-24 13:00:00,FAILED
WA00003226,A001851,2026-07-04 20:00:00,READ
WA00003227,A000498,2025-11-19 17:00:00,DELIVERED
WA00003228,A000885,2026-01-25 16:00:00,SENT
WA00003229,A002147,2025-10-01 21:00:00,REPLIED
WA00003230,A001153,2025-09-26 21:00:00,REPLIED
WA00003231,A002147,2026-04-01 10:00:00,READ
WA00003232,A001513,2026-04-10 12:00:00,READ
WA00003233,A002329,2025-12-27 19:00:00,SENT
WA00003234,A000332,2025-10-19 21:00:00,READ
WA00003235,A002814,2025-09-14 22:00:00,DELIVERED
WA00003236,A002073,2026-08-23 11:00:00,READ
WA00003237,A001661,2026-04-25 15:00:00,DELIVERED
WA00003238,A002266,2025-10-25 14:00:00,DELIVERED
WA00003239,A000516,2025-09-10 09:00:00,DELIVERED
WA00003240,A002288,2025-10-01 19:00:00,DELIVERED
WA00003241,A001099,2025-12-23 20:00:00,DELIVERED
WA00003242,A000734,2025-11-21 19:00:00,FAILED
WA00003243,A000297,2025-10-02 15:00:00,SENT
WA00003244,A001153,2026-04-05 13:00:00,READ
WA00003245,A000659,2026-03-02 09:00:00,REPLIED
WA00003246,A000778,2026-04-19 14:00:00,REPLIED
WA00003247,A003984,2026-04-12 15:00:00,SENT
WA00003248,A001591,2026-08-08 11:00:00,DELIVERED
WA00003249,A002693,2026-03-25 10:00:00,REPLIED
WA00003250,A003518,2025-12-10 11:00:00,REPLIED
WA00003251,A003899,2026-03-11 17:00:00,DELIVERED
WA00003252,A002587,2026-02-05 16:00:00,READ
WA00003253,A001354,2025-11-13 13:00:00,DELIVERED
WA00003254,A003290,2026-05-11 20:00:00,SENT
WA00003255,A001493,2025-11-01 15:00:00,FAILED
WA00003256,A002384,2025-11-20 22:00:00,SENT
WA00003257,A003523,2026-06-11 19:00:00,REPLIED
WA00003258,A002927,2026-05-09 14:00:00,SENT
WA00003259,A002585,2026-04-20 11:00:00,READ
WA00003260,A001083,2026-06-12 21:00:00,READ
WA00003261,A001807,2026-01-13 14:00:00,FAILED
WA00003262,A003923,2026-08-18 18:00:00,DELIVERED
WA00003263,A004026,2025-11-21 17:00:00,READ
WA00003264,A004020,2026-05-13 20:00:00,SENT
WA00003265,A004056,2026-05-24 12:00:00,REPLIED
WA00003266,A002309,2026-05-10 11:00:00,READ
WA00003267,A001110,2026-03-02 13:00:00,DELIVERED
WA00003268,A003837,2025-10-26 22:00:00,DELIVERED
WA00003269,A002690,2026-05-17 15:00:00,FAILED
WA00003270,A001034,2025-10-19 19:00:00,REPLIED
WA00003271,A002374,2025-09-15 11:00:00,FAILED
WA00003272,A002000,2026-08-12 10:00:00,DELIVERED
WA00003273,A000477,2026-05-25 08:00:00,REPLIED
WA00003274,A002033,2026-06-11 15:00:00,FAILED
WA00003275,A002696,2026-03-15 15:00:00,SENT
WA00003276,A003471,2025-11-23 13:00:00,DELIVERED
WA00003277,A001226,2026-04-01 18:00:00,DELIVERED
WA00003278,A001133,2025-09-12 15:00:00,DELIVERED
WA00003279,A003702,2026-05-19 22:00:00,DELIVERED
WA00003280,A001004,2025-09-09 09:00:00,READ
WA00003281,A003382,2025-10-21 08:00:00,READ
WA00003282,A000730,2025-12-22 09:00:00,REPLIED
WA00003283,A000423,2026-02-10 10:00:00,READ
WA00003284,A002522,2025-10-24 21:00:00,REPLIED
WA00003285,A002389,2025-09-15 21:00:00,SENT
WA00003286,A000923,2026-07-25 21:00:00,READ
WA00003287,A000932,2026-08-02 09:00:00,DELIVERED
WA00003288,A002682,2025-11-21 09:00:00,SENT
WA00003289,A000739,2025-10-13 17:00:00,READ
WA00003290,A002375,2026-01-10 21:00:00,FAILED
WA00003291,A003514,2025-10-26 14:00:00,DELIVERED
WA00003292,A002143,2025-10-21 17:00:00,READ
WA00003293,A001512,2025-12-03 18:00:00,READ
WA00003294,A003131,2025-12-11 10:00:00,REPLIED
WA00003295,A000650,2025-09-17 21:00:00,DELIVERED
WA00003296,A002049,2026-01-17 15:00:00,READ
WA00003297,A002695,2026-06-27 07:00:00,DELIVERED
WA00003298,A002947,2026-05-02 11:00:00,DELIVERED
WA00003299,A004004,2025-10-15 10:00:00,DELIVERED
WA00003300,A003017,2026-01-27 15:00:00,REPLIED
WA00003301,A003231,2025-12-14 09:00:00,SENT
WA00003302,A001319,2026-04-19 15:00:00,READ
WA00003303,A004184,2025-11-20 09:00:00,READ
WA00003304,A001026,2026-04-12 12:00:00,READ
WA00003305,A003862,2026-02-27 21:00:00,DELIVERED
WA00003306,A000200,2026-02-23 16:00:00,DELIVERED
WA00003307,A000358,2026-04-15 10:00:00,DELIVERED
WA00003308,A003608,2026-07-23 18:00:00,REPLIED
WA00003309,A001835,2026-07-03 13:00:00,SENT
WA00003310,A000268,2025-12-24 07:00:00,FAILED
WA00003311,A002534,2026-08-08 12:00:00,FAILED
WA00003312,A001103,2025-10-10 11:00:00,REPLIED
WA00003313,A000765,2025-12-05 12:00:00,DELIVERED
WA00003314,A002562,2026-05-10 17:00:00,REPLIED
WA00003315,A000012,2026-07-10 11:00:00,READ
WA00003316,A003266,2026-04-13 15:00:00,REPLIED
WA00003317,A003116,2026-07-02 12:00:00,SENT
WA00003318,A002149,2025-12-19 22:00:00,REPLIED
WA00003319,A001088,2026-03-03 22:00:00,DELIVERED
WA00003320,A003634,2026-06-11 14:00:00,FAILED
WA00003321,A001458,2026-04-13 11:00:00,READ
WA00003322,A001138,2025-10-03 08:00:00,DELIVERED
WA00003323,A002017,2026-05-15 16:00:00,SENT
WA00003324,A002735,2025-09-20 16:00:00,DELIVERED
WA00003325,A001662,2026-01-21 18:00:00,FAILED
WA00003326,A003800,2025-12-25 16:00:00,READ
WA00003327,A003825,2025-09-11 21:00:00,SENT
WA00003328,A001113,2026-08-11 11:00:00,READ
WA00003329,A002717,2025-10-10 16:00:00,DELIVERED
WA00003330,A001075,2025-10-24 14:00:00,REPLIED
WA00003331,A000125,2025-09-24 15:00:00,DELIVERED
WA00003332,A003546,2025-09-14 07:00:00,READ
WA00003333,A002934,2026-02-22 07:00:00,SENT
WA00003334,A001440,2025-09-12 20:00:00,SENT
WA00003335,A001160,2026-08-02 21:00:00,READ
WA00003336,A001708,2026-07-23 07:00:00,SENT
WA00003337,A000816,2025-11-17 17:00:00,FAILED
WA00003338,A001836,2026-01-25 07:00:00,DELIVERED
WA00003339,A003009,2026-05-27 20:00:00,DELIVERED
WA00003340,A000539,2026-08-20 13:00:00,DELIVERED
WA00003341,A001660,2026-05-12 20:00:00,DELIVERED
WA00003342,A001105,2026-04-20 17:00:00,FAILED
WA00003343,A003163,2026-02-17 13:00:00,SENT
WA00003344,A003848,2025-12-03 19:00:00,READ
WA00003345,A002252,2025-11-21 15:00:00,REPLIED
WA00003346,A002812,2026-04-22 17:00:00,DELIVERED
WA00003347,A000816,2026-04-15 18:00:00,READ
WA00003348,A001086,2025-12-21 11:00:00,DELIVERED
WA00003349,A000354,2025-12-21 10:00:00,DELIVERED
WA00003350,A003986,2025-09-18 13:00:00,SENT
WA00003351,A003684,2025-12-13 07:00:00,DELIVERED
WA00003352,A003756,2025-11-22 14:00:00,FAILED
WA00003353,A000257,2025-12-08 16:00:00,SENT
WA00003354,A000211,2026-04-02 17:00:00,REPLIED
WA00003355,A002278,2026-08-26 12:00:00,READ
WA00003356,A001030,2026-05-02 16:00:00,READ
WA00003357,A004017,2026-02-05 18:00:00,FAILED
WA00003358,A000862,2025-09-26 10:00:00,READ
WA00003359,A001166,2026-03-17 16:00:00,DELIVERED
WA00003360,A003704,2026-06-15 22:00:00,READ
WA00003361,A004094,2026-08-19 12:00:00,DELIVERED
WA00003362,A001850,2026-03-22 20:00:00,DELIVERED
WA00003363,A000231,2025-09-24 19:00:00,SENT
WA00003364,A001938,2025-11-11 15:00:00,FAILED
WA00003365,A004104,2026-06-18 15:00:00,DELIVERED
WA00003366,A000385,2026-04-04 11:00:00,READ
WA00003367,A001378,2026-08-10 09:00:00,REPLIED
WA00003368,A003453,2026-03-05 13:00:00,SENT
WA00003369,A000319,2026-04-11 14:00:00,REPLIED
WA00003370,A000516,2025-11-11 13:00:00,DELIVERED
WA00003371,A000184,2026-07-03 07:00:00,SENT
WA00003372,A003847,2026-03-24 17:00:00,DELIVERED
WA00003373,A001181,2026-05-21 14:00:00,REPLIED
WA00003374,A003323,2026-07-03 18:00:00,DELIVERED
WA00003375,A003373,2025-10-06 09:00:00,DELIVERED
WA00003376,A000676,2026-05-15 18:00:00,READ
WA00003377,A001299,2026-05-04 18:00:00,READ
WA00003378,A003403,2026-07-21 19:00:00,READ
WA00003379,A003948,2026-01-19 07:00:00,SENT
WA00003380,A001696,2026-05-23 16:00:00,DELIVERED
WA00003381,A000881,2025-11-24 15:00:00,DELIVERED
WA00003382,A003052,2026-07-11 21:00:00,FAILED
WA00003383,A000230,2026-03-10 11:00:00,DELIVERED
WA00003384,A003774,2026-08-23 15:00:00,SENT
WA00003385,A001578,2025-09-14 13:00:00,REPLIED
WA00003386,A001088,2025-10-24 19:00:00,FAILED
WA00003387,A001496,2025-10-26 19:00:00,DELIVERED
WA00003388,A004166,2026-07-08 17:00:00,DELIVERED
WA00003389,A003078,2025-09-06 10:00:00,SENT
WA00003390,A002160,2025-11-21 18:00:00,DELIVERED
WA00003391,A003704,2026-06-27 20:00:00,SENT
WA00003392,A003216,2026-05-08 18:00:00,SENT
WA00003393,A002448,2026-07-24 21:00:00,DELIVERED
WA00003394,A001025,2026-02-16 22:00:00,DELIVERED
WA00003395,A000398,2026-05-26 19:00:00,SENT
WA00003396,A001173,2026-07-18 18:00:00,REPLIED
WA00003397,A003740,2026-08-16 22:00:00,REPLIED
WA00003398,A001836,2026-05-06 11:00:00,SENT
WA00003399,A000806,2025-10-24 21:00:00,REPLIED
WA00003400,A000598,2026-01-17 14:00:00,REPLIED
WA00003401,A001820,2026-01-07 15:00:00,READ
WA00003402,A001356,2025-09-15 13:00:00,REPLIED
WA00003403,A000982,2025-11-06 16:00:00,READ
WA00003404,A003540,2026-02-04 10:00:00,READ
WA00003405,A000838,2026-08-24 08:00:00,READ
WA00003406,A002577,2026-05-12 21:00:00,SENT
WA00003407,A002383,2026-02-01 12:00:00,DELIVERED
WA00003408,A000792,2026-07-07 16:00:00,DELIVERED
WA00003409,A003090,2026-06-06 20:00:00,DELIVERED
WA00003410,A003097,2026-01-22 17:00:00,FAILED
WA00003411,A004062,2026-05-07 10:00:00,SENT
WA00003412,A001883,2026-05-06 09:00:00,DELIVERED
WA00003413,A004011,2026-05-16 10:00:00,DELIVERED
WA00003414,A000166,2026-07-17 20:00:00,DELIVERED
WA00003415,A001319,2025-12-27 09:00:00,REPLIED
WA00003416,A000175,2026-07-10 18:00:00,REPLIED
WA00003417,A000862,2026-06-24 21:00:00,SENT
WA00003418,A000842,2026-03-24 12:00:00,DELIVERED
WA00003419,A000839,2025-11-03 08:00:00,SENT
WA00003420,A002227,2025-09-05 12:00:00,SENT
WA00003421,A001593,2026-06-02 19:00:00,READ
WA00003422,A000769,2025-12-26 20:00:00,SENT
WA00003423,A003984,2026-04-08 14:00:00,DELIVERED
WA00003424,A000797,2026-02-17 22:00:00,DELIVERED
WA00003425,A002713,2025-12-09 19:00:00,READ
WA00003426,A002208,2025-12-26 09:00:00,FAILED
WA00003427,A002820,2026-08-23 09:00:00,READ
WA00003428,A003700,2025-11-08 20:00:00,DELIVERED
WA00003429,A001511,2025-09-24 14:00:00,DELIVERED
WA00003430,A000991,2026-04-07 12:00:00,DELIVERED
WA00003431,A003091,2025-11-08 17:00:00,DELIVERED
WA00003432,A003623,2026-01-09 07:00:00,READ
WA00003433,A001203,2026-03-04 19:00:00,READ
WA00003434,A000504,2025-10-14 21:00:00,DELIVERED
WA00003435,A003287,2026-06-13 10:00:00,READ
WA00003436,A001808,2026-08-24 11:00:00,SENT
WA00003437,A002826,2026-08-09 12:00:00,REPLIED
WA00003438,A000460,2026-02-26 08:00:00,SENT
WA00003439,A000897,2026-03-14 16:00:00,REPLIED
WA00003440,A001340,2025-12-05 12:00:00,REPLIED
WA00003441,A000869,2025-11-12 09:00:00,SENT
WA00003442,A001687,2025-09-02 21:00:00,READ
WA00003443,A000934,2026-06-19 20:00:00,READ
WA00003444,A002856,2025-09-07 22:00:00,SENT
WA00003445,A001524,2025-09-08 12:00:00,SENT
WA00003446,A001333,2026-07-20 07:00:00,DELIVERED
WA00003447,A000681,2025-11-23 12:00:00,DELIVERED
WA00003448,A004090,2026-02-06 12:00:00,FAILED
WA00003449,A000596,2025-12-25 11:00:00,DELIVERED
WA00003450,A001136,2026-05-05 07:00:00,REPLIED
WA00003451,A000227,2026-03-18 13:00:00,READ
WA00003452,A002733,2026-04-16 22:00:00,DELIVERED
WA00003453,A002447,2026-06-07 20:00:00,DELIVERED
WA00003454,A004122,2026-05-06 15:00:00,READ
WA00003455,A003507,2026-07-16 07:00:00,DELIVERED
WA00003456,A002324,2025-10-11 17:00:00,SENT
WA00003457,A003296,2025-09-02 16:00:00,DELIVERED
WA00003458,A001403,2025-10-23 08:00:00,REPLIED
WA00003459,A002305,2026-02-05 16:00:00,DELIVERED
WA00003460,A001245,2026-05-25 10:00:00,DELIVERED
WA00003461,A000134,2026-04-25 18:00:00,READ
WA00003462,A000231,2026-01-22 11:00:00,DELIVERED
WA00003463,A001600,2026-08-06 10:00:00,READ
WA00003464,A003289,2025-12-09 08:00:00,DELIVERED
WA00003465,A001770,2026-01-11 09:00:00,DELIVERED
WA00003466,A003801,2026-04-26 12:00:00,READ
WA00003467,A001501,2026-03-11 13:00:00,SENT
WA00003468,A001803,2026-05-02 16:00:00,DELIVERED
WA00003469,A000283,2025-09-05 18:00:00,SENT
WA00003470,A001856,2026-03-05 11:00:00,SENT
WA00003471,A003781,2026-05-18 10:00:00,READ
WA00003472,A000186,2025-09-18 18:00:00,SENT
WA00003473,A002654,2025-10-20 21:00:00,READ
WA00003474,A002733,2026-07-12 13:00:00,READ
WA00003475,A002419,2026-02-18 08:00:00,DELIVERED
WA00003476,A003798,2026-04-20 10:00:00,DELIVERED
WA00003477,A003443,2026-08-03 22:00:00,DELIVERED
WA00003478,A002673,2025-09-14 19:00:00,FAILED
WA00003479,A002873,2026-03-24 08:00:00,DELIVERED
WA00003480,A002320,2026-05-26 17:00:00,SENT
WA00003481,A000022,2026-07-06 17:00:00,READ
WA00003482,A001233,2026-06-02 20:00:00,DELIVERED
WA00003483,A000726,2026-02-20 21:00:00,DELIVERED
WA00003484,A002014,2026-03-13 09:00:00,READ
WA00003485,A000688,2026-07-19 18:00:00,DELIVERED
WA00003486,A001732,2026-07-08 20:00:00,SENT
WA00003487,A000577,2026-04-10 17:00:00,FAILED
WA00003488,A001525,2026-04-13 20:00:00,READ
WA00003489,A001157,2025-10-10 17:00:00,DELIVERED
WA00003490,A002193,2025-12-20 07:00:00,SENT
WA00003491,A001384,2026-02-07 17:00:00,READ
WA00003492,A003550,2026-08-21 08:00:00,SENT
WA00003493,A003188,2025-11-23 08:00:00,DELIVERED
WA00003494,A002318,2025-09-21 09:00:00,READ
WA00003495,A001051,2026-05-25 21:00:00,DELIVERED
WA00003496,A000894,2026-03-19 10:00:00,DELIVERED
WA00003497,A003538,2025-09-11 15:00:00,DELIVERED
WA00003498,A001416,2026-07-13 22:00:00,DELIVERED
WA00003499,A002695,2026-01-02 09:00:00,FAILED
WA00003500,A001374,2025-10-20 10:00:00,DELIVERED
WA00003501,A002130,2025-10-01 11:00:00,DELIVERED
WA00003502,A001234,2026-08-08 17:00:00,SENT
WA00003503,A003300,2026-02-23 20:00:00,REPLIED
WA00003504,A000551,2026-03-22 11:00:00,REPLIED
WA00003505,A003628,2025-10-08 16:00:00,DELIVERED
WA00003506,A002990,2026-07-15 19:00:00,DELIVERED
WA00003507,A003342,2026-07-14 09:00:00,FAILED
WA00003508,A002562,2026-05-20 22:00:00,READ
WA00003509,A002508,2025-09-14 12:00:00,DELIVERED
WA00003510,A002525,2026-06-14 21:00:00,REPLIED
WA00003511,A001393,2026-05-19 18:00:00,SENT
WA00003512,A003966,2026-08-23 20:00:00,SENT
WA00003513,A001927,2025-09-09 21:00:00,DELIVERED
WA00003514,A001614,2026-05-09 12:00:00,DELIVERED
WA00003515,A002861,2025-09-03 11:00:00,DELIVERED
WA00003516,A001930,2025-11-07 21:00:00,FAILED
WA00003517,A003447,2025-09-01 15:00:00,REPLIED
WA00003518,A002838,2026-01-05 16:00:00,SENT
WA00003519,A000523,2026-08-22 20:00:00,REPLIED
WA00003520,A002207,2026-06-25 08:00:00,DELIVERED
WA00003521,A003417,2026-08-09 13:00:00,DELIVERED
WA00003522,A002135,2026-03-07 20:00:00,DELIVERED
WA00003523,A002895,2025-12-10 10:00:00,REPLIED
WA00003524,A001254,2026-08-21 15:00:00,REPLIED
WA00003525,A001778,2026-07-03 12:00:00,SENT
WA00003526,A002746,2025-11-25 17:00:00,READ
WA00003527,A003974,2026-07-26 19:00:00,SENT
WA00003528,A001027,2026-07-19 09:00:00,DELIVERED
WA00003529,A000296,2025-11-16 16:00:00,DELIVERED
WA00003530,A000853,2026-04-24 22:00:00,DELIVERED
WA00003531,A000428,2026-05-13 09:00:00,REPLIED
WA00003532,A003255,2026-04-05 20:00:00,READ
WA00003533,A002341,2025-10-17 08:00:00,DELIVERED
WA00003534,A000514,2025-09-06 21:00:00,READ
WA00003535,A001936,2025-12-27 11:00:00,DELIVERED
WA00003536,A000490,2026-06-13 21:00:00,FAILED
WA00003537,A003905,2026-06-23 12:00:00,REPLIED
WA00003538,A000160,2026-07-26 14:00:00,DELIVERED
WA00003539,A000624,2026-02-06 07:00:00,FAILED
WA00003540,A003735,2026-03-05 19:00:00,READ
WA00003541,A003565,2026-02-11 13:00:00,FAILED
WA00003542,A003958,2025-10-13 11:00:00,DELIVERED
WA00003543,A003023,2025-09-15 21:00:00,SENT
WA00003544,A001826,2026-07-11 20:00:00,FAILED
WA00003545,A000697,2025-11-09 21:00:00,DELIVERED
WA00003546,A001313,2026-01-01 13:00:00,READ
WA00003547,A000928,2026-03-12 08:00:00,REPLIED
WA00003548,A003539,2025-09-16 13:00:00,FAILED
WA00003549,A001060,2026-08-27 12:00:00,REPLIED
WA00003550,A001750,2026-05-27 19:00:00,DELIVERED
WA00003551,A000467,2026-04-20 22:00:00,FAILED
WA00003552,A003708,2025-12-19 12:00:00,READ
WA00003553,A001852,2026-07-09 17:00:00,SENT
WA00003554,A003969,2025-12-27 22:00:00,SENT
WA00003555,A002050,2025-11-20 20:00:00,SENT
WA00003556,A002758,2026-08-14 08:00:00,DELIVERED
WA00003557,A001556,2025-10-03 19:00:00,FAILED
WA00003558,A004177,2026-06-24 12:00:00,READ
WA00003559,A001851,2026-01-06 21:00:00,REPLIED
WA00003560,A002158,2026-05-09 22:00:00,SENT
WA00003561,A002336,2026-05-14 07:00:00,SENT
WA00003562,A003553,2025-09-10 20:00:00,DELIVERED
WA00003563,A000970,2026-02-13 21:00:00,DELIVERED
WA00003564,A001212,2025-09-23 10:00:00,SENT
WA00003565,A001840,2025-10-05 08:00:00,REPLIED
WA00003566,A003586,2026-07-02 17:00:00,FAILED
WA00003567,A003011,2025-12-27 18:00:00,DELIVERED
WA00003568,A003343,2026-03-26 12:00:00,DELIVERED
WA00003569,A003659,2025-11-24 14:00:00,DELIVERED
WA00003570,A001357,2025-09-07 20:00:00,READ
WA00003571,A001497,2026-04-01 08:00:00,REPLIED
WA00003572,A003987,2025-11-10 16:00:00,DELIVERED
WA00003573,A003848,2025-11-13 09:00:00,READ
WA00003574,A001901,2025-10-27 22:00:00,REPLIED
WA00003575,A002939,2026-01-20 15:00:00,REPLIED
WA00003576,A003102,2026-06-06 14:00:00,SENT
WA00003577,A002082,2025-10-24 20:00:00,READ
WA00003578,A003086,2025-09-13 13:00:00,DELIVERED
WA00003579,A001541,2026-06-27 11:00:00,DELIVERED
WA00003580,A001036,2026-03-19 13:00:00,REPLIED
WA00003581,A000721,2026-05-01 12:00:00,REPLIED
WA00003582,A002331,2026-02-11 18:00:00,SENT
WA00003583,A002585,2025-09-12 11:00:00,READ
WA00003584,A000714,2026-08-16 16:00:00,REPLIED
WA00003585,A001564,2026-04-21 14:00:00,DELIVERED
WA00003586,A001275,2025-09-03 16:00:00,DELIVERED
WA00003587,A001856,2026-01-12 13:00:00,READ
WA00003588,A000191,2025-09-16 22:00:00,REPLIED
WA00003589,A003713,2026-01-24 08:00:00,REPLIED
WA00003590,A002396,2026-03-15 22:00:00,SENT
WA00003591,A001639,2026-04-15 09:00:00,READ
WA00003592,A002081,2026-07-20 11:00:00,FAILED
WA00003593,A000533,2026-03-20 16:00:00,READ
WA00003594,A001892,2026-08-19 16:00:00,READ
WA00003595,A001704,2026-07-02 08:00:00,SENT
WA00003596,A001923,2025-11-26 13:00:00,SENT
WA00003597,A001753,2026-08-25 10:00:00,DELIVERED
WA00003598,A000904,2025-12-05 07:00:00,READ
WA00003599,A002963,2026-07-15 14:00:00,DELIVERED
WA00003600,A003758,2026-06-05 20:00:00,DELIVERED
WA00003601,A000967,2025-11-01 13:00:00,SENT
WA00003602,A001250,2026-02-21 21:00:00,DELIVERED
WA00003603,A001714,2026-06-18 17:00:00,DELIVERED
WA00003604,A001072,2026-08-18 14:00:00,DELIVERED
WA00003605,A000452,2025-09-06 13:00:00,READ
WA00003606,A000251,2026-03-15 22:00:00,SENT
WA00003607,A000185,2026-05-06 12:00:00,REPLIED
WA00003608,A001473,2025-11-12 17:00:00,REPLIED
WA00003609,A003765,2025-10-01 10:00:00,READ
WA00003610,A002170,2026-02-11 10:00:00,READ
WA00003611,A001650,2026-06-18 13:00:00,FAILED
WA00003612,A002415,2026-05-01 11:00:00,SENT
WA00003613,A000743,2026-06-21 21:00:00,DELIVERED
WA00003614,A003196,2025-11-16 12:00:00,DELIVERED
WA00003615,A002040,2026-02-27 10:00:00,DELIVERED
WA00003616,A002243,2026-03-22 13:00:00,READ
WA00003617,A003740,2025-10-24 12:00:00,REPLIED
WA00003618,A001975,2025-11-03 18:00:00,SENT
WA00003619,A000786,2026-03-03 10:00:00,DELIVERED
WA00003620,A003844,2026-05-14 12:00:00,DELIVERED
WA00003621,A000605,2026-08-11 07:00:00,REPLIED
WA00003622,A003338,2026-05-07 11:00:00,DELIVERED
WA00003623,A000547,2025-12-05 12:00:00,DELIVERED
WA00003624,A000175,2026-01-06 11:00:00,REPLIED
WA00003625,A001579,2026-05-16 07:00:00,SENT
WA00003626,A002072,2026-08-11 20:00:00,DELIVERED
WA00003627,A001607,2026-04-19 13:00:00,DELIVERED
WA00003628,A003458,2026-02-08 12:00:00,READ
WA00003629,A002337,2026-08-12 12:00:00,SENT
WA00003630,A000434,2026-04-17 07:00:00,REPLIED
WA00003631,A000991,2026-02-08 12:00:00,REPLIED
WA00003632,A000891,2026-05-21 10:00:00,READ
WA00003633,A000573,2026-03-06 20:00:00,READ
WA00003634,A003258,2026-03-21 19:00:00,READ
WA00003635,A001807,2025-09-11 18:00:00,READ
WA00003636,A003612,2026-03-26 21:00:00,REPLIED
WA00003637,A001848,2026-08-11 22:00:00,READ
WA00003638,A002496,2026-04-27 12:00:00,SENT
WA00003639,A003757,2026-08-17 19:00:00,READ
WA00003640,A002310,2026-06-08 17:00:00,DELIVERED
WA00003641,A001908,2026-05-15 12:00:00,REPLIED
WA00003642,A003906,2026-03-03 08:00:00,SENT
WA00003643,A001704,2026-05-21 17:00:00,READ
WA00003644,A002494,2026-02-14 14:00:00,DELIVERED
WA00003645,A003677,2026-02-20 19:00:00,DELIVERED
WA00003646,A001295,2025-12-06 18:00:00,DELIVERED
WA00003647,A001564,2026-05-17 14:00:00,FAILED
WA00003648,A002135,2026-02-24 15:00:00,REPLIED
WA00003649,A003661,2025-11-05 09:00:00,DELIVERED
WA00003650,A003625,2025-12-21 13:00:00,SENT
WA00003651,A000052,2026-06-08 09:00:00,FAILED
WA00003652,A001291,2026-07-05 09:00:00,READ
WA00003653,A000788,2026-05-16 13:00:00,SENT
WA00003654,A003886,2025-12-15 17:00:00,FAILED
WA00003655,A003944,2026-03-19 20:00:00,FAILED
WA00003656,A002512,2026-03-23 20:00:00,REPLIED
WA00003657,A001815,2026-05-02 12:00:00,READ
WA00003658,A000258,2026-01-14 18:00:00,FAILED
WA00003659,A003433,2026-03-02 20:00:00,REPLIED
WA00003660,A001917,2026-02-04 07:00:00,DELIVERED
WA00003661,A003459,2026-01-07 16:00:00,DELIVERED
WA00003662,A003278,2026-02-14 15:00:00,DELIVERED
WA00003663,A001260,2026-08-26 15:00:00,READ
WA00003664,A000331,2026-02-07 11:00:00,READ
WA00003665,A001466,2026-01-05 09:00:00,DELIVERED
WA00003666,A003587,2025-12-21 18:00:00,SENT
WA00003667,A003830,2025-12-01 15:00:00,DELIVERED
WA00003668,A002293,2026-07-17 22:00:00,READ
WA00003669,A002188,2026-01-06 13:00:00,REPLIED
WA00003670,A002609,2026-02-09 13:00:00,REPLIED
WA00003671,A003183,2025-09-10 20:00:00,DELIVERED
WA00003672,A000483,2025-12-16 22:00:00,READ
WA00003673,A001404,2026-02-07 10:00:00,READ
WA00003674,A003722,2026-02-07 13:00:00,READ
WA00003675,A001799,2026-03-22 10:00:00,READ
WA00003676,A001081,2026-03-01 11:00:00,DELIVERED
WA00003677,A003699,2026-02-23 22:00:00,DELIVERED
WA00003678,A002394,2025-10-04 09:00:00,SENT
WA00003679,A003126,2025-10-11 16:00:00,SENT
WA00003680,A001214,2025-11-26 10:00:00,DELIVERED
WA00003681,A003899,2025-09-16 09:00:00,SENT
WA00003682,A003910,2026-07-20 17:00:00,READ
WA00003683,A000440,2026-04-01 22:00:00,DELIVERED
WA00003684,A002877,2026-03-06 20:00:00,SENT
WA00003685,A002453,2025-10-25 11:00:00,SENT
WA00003686,A001297,2025-10-27 22:00:00,FAILED
WA00003687,A000566,2025-11-18 16:00:00,READ
WA00003688,A004054,2025-12-24 07:00:00,SENT
WA00003689,A001743,2025-12-21 16:00:00,DELIVERED
WA00003690,A003044,2025-09-23 20:00:00,FAILED
WA00003691,A000330,2026-03-09 12:00:00,FAILED
WA00003692,A000326,2025-10-13 13:00:00,DELIVERED
WA00003693,A004081,2025-11-06 17:00:00,SENT
WA00003694,A004061,2026-08-06 12:00:00,DELIVERED
WA00003695,A000426,2025-10-22 20:00:00,DELIVERED
WA00003696,A001863,2025-11-03 20:00:00,SENT
WA00003697,A001301,2025-12-03 20:00:00,SENT
WA00003698,A001752,2026-07-26 15:00:00,READ
WA00003699,A000779,2026-04-13 18:00:00,READ
WA00003700,A002156,2026-04-03 21:00:00,DELIVERED
WA00003701,A001639,2026-01-11 07:00:00,READ
WA00003702,A003098,2026-07-23 17:00:00,READ
WA00003703,A002124,2025-09-01 12:00:00,DELIVERED
WA00003704,A001345,2026-04-02 15:00:00,REPLIED
WA00003705,A002952,2026-07-24 21:00:00,DELIVERED
WA00003706,A000448,2026-04-07 08:00:00,FAILED
WA00003707,A001972,2026-03-02 10:00:00,DELIVERED
WA00003708,A003986,2026-04-07 07:00:00,SENT
WA00003709,A000125,2025-09-12 11:00:00,REPLIED
WA00003710,A002453,2026-08-03 20:00:00,DELIVERED
WA00003711,A000954,2026-01-18 20:00:00,FAILED
WA00003712,A002128,2026-01-16 19:00:00,DELIVERED
WA00003713,A000498,2025-11-12 10:00:00,READ
WA00003714,A000637,2026-02-08 22:00:00,REPLIED
WA00003715,A002777,2026-05-23 18:00:00,READ
WA00003716,A002565,2026-01-27 16:00:00,FAILED
WA00003717,A001793,2026-02-15 09:00:00,SENT
WA00003718,A002133,2026-08-02 10:00:00,DELIVERED
WA00003719,A002308,2026-01-10 13:00:00,FAILED
WA00003720,A003730,2026-01-20 11:00:00,DELIVERED
WA00003721,A003215,2026-06-09 12:00:00,FAILED
WA00003722,A000653,2025-11-02 19:00:00,READ
WA00003723,A003845,2026-04-25 09:00:00,FAILED
WA00003724,A003373,2026-07-08 18:00:00,SENT
WA00003725,A002366,2025-12-13 09:00:00,READ
WA00003726,A002258,2026-04-09 22:00:00,READ
WA00003727,A002279,2025-12-08 12:00:00,SENT
WA00003728,A002152,2025-09-11 18:00:00,SENT
WA00003729,A004194,2026-04-16 13:00:00,SENT
WA00003730,A001612,2026-05-14 07:00:00,DELIVERED
WA00003731,A001305,2026-07-19 15:00:00,DELIVERED
WA00003732,A001987,2026-07-06 13:00:00,REPLIED
WA00003733,A001839,2026-04-05 17:00:00,DELIVERED
WA00003734,A001985,2026-01-08 15:00:00,DELIVERED
WA00003735,A001856,2025-09-22 14:00:00,DELIVERED
WA00003736,A002884,2026-05-26 16:00:00,DELIVERED
WA00003737,A002538,2025-12-13 18:00:00,DELIVERED
WA00003738,A003637,2025-09-04 13:00:00,SENT
WA00003739,A002050,2026-06-21 18:00:00,FAILED
WA00003740,A002977,2026-01-17 12:00:00,REPLIED
WA00003741,A003583,2026-05-11 07:00:00,READ
WA00003742,A002435,2026-02-04 10:00:00,READ
WA00003743,A003337,2025-10-02 20:00:00,READ
WA00003744,A001787,2026-01-20 14:00:00,REPLIED
WA00003745,A001904,2025-12-01 09:00:00,REPLIED
WA00003746,A001450,2026-03-27 15:00:00,DELIVERED
WA00003747,A002542,2025-11-20 14:00:00,SENT
WA00003748,A002169,2025-11-19 08:00:00,SENT
WA00003749,A002358,2025-10-11 14:00:00,DELIVERED
WA00003750,A004036,2026-01-14 12:00:00,REPLIED
WA00003751,A002272,2025-12-04 21:00:00,DELIVERED
WA00003752,A001015,2026-02-02 15:00:00,FAILED
WA00003753,A002318,2025-11-18 08:00:00,READ
WA00003754,A003877,2025-12-08 16:00:00,DELIVERED
WA00003755,A000365,2026-05-10 19:00:00,READ
WA00003756,A001383,2026-05-14 07:00:00,DELIVERED
WA00003757,A001002,2026-07-12 20:00:00,SENT
WA00003758,A001863,2026-01-26 16:00:00,READ
WA00003759,A001187,2026-05-24 17:00:00,DELIVERED
WA00003760,A002341,2026-03-11 21:00:00,FAILED
WA00003761,A000511,2026-07-21 09:00:00,REPLIED
WA00003762,A001215,2026-08-02 10:00:00,FAILED
WA00003763,A002590,2026-02-24 17:00:00,DELIVERED
WA00003764,A003051,2025-11-05 08:00:00,REPLIED
WA00003765,A003058,2025-12-05 17:00:00,READ
WA00003766,A002591,2026-07-21 13:00:00,DELIVERED
WA00003767,A001748,2025-09-16 15:00:00,SENT
WA00003768,A002802,2026-01-06 09:00:00,READ
WA00003769,A001810,2026-01-24 22:00:00,REPLIED
WA00003770,A004035,2026-07-01 07:00:00,READ
WA00003771,A001229,2026-05-05 19:00:00,SENT
WA00003772,A003760,2025-12-25 11:00:00,DELIVERED
WA00003773,A001694,2026-08-02 13:00:00,DELIVERED
WA00003774,A003480,2026-02-20 22:00:00,DELIVERED
WA00003775,A002675,2025-09-26 11:00:00,DELIVERED
WA00003776,A000694,2026-08-01 14:00:00,SENT
WA00003777,A000714,2026-01-17 22:00:00,REPLIED
WA00003778,A003808,2026-03-17 07:00:00,SENT
WA00003779,A002597,2026-06-16 07:00:00,REPLIED
WA00003780,A003869,2026-02-20 11:00:00,DELIVERED
WA00003781,A001660,2026-04-10 17:00:00,SENT
WA00003782,A002140,2026-05-16 16:00:00,DELIVERED
WA00003783,A000061,2025-11-15 13:00:00,DELIVERED
WA00003784,A000325,2026-07-02 16:00:00,READ
WA00003785,A000520,2025-09-03 16:00:00,DELIVERED
WA00003786,A003492,2026-01-19 08:00:00,FAILED
WA00003787,A000043,2025-10-11 20:00:00,READ
WA00003788,A000722,2025-12-24 16:00:00,DELIVERED
WA00003789,A001486,2025-09-15 09:00:00,DELIVERED
WA00003790,A001240,2026-06-26 16:00:00,READ
WA00003791,A002412,2026-08-16 15:00:00,REPLIED
WA00003792,A000079,2025-10-16 21:00:00,DELIVERED
WA00003793,A000883,2026-07-08 09:00:00,SENT
WA00003794,A000023,2026-08-20 09:00:00,DELIVERED
WA00003795,A000023,2025-12-23 11:00:00,SENT
WA00003796,A002662,2026-04-14 21:00:00,READ
WA00003797,A000099,2026-04-22 16:00:00,DELIVERED
WA00003798,A001063,2025-12-01 11:00:00,REPLIED
WA00003799,A002352,2026-08-22 13:00:00,DELIVERED
WA00003800,A002971,2025-10-23 18:00:00,DELIVERED
WA00003801,A001446,2026-06-26 07:00:00,READ
WA00003802,A003097,2026-07-01 21:00:00,READ
WA00003803,A002770,2026-06-12 13:00:00,SENT
WA00003804,A002999,2026-06-23 17:00:00,REPLIED
WA00003805,A003067,2026-08-09 08:00:00,READ
WA00003806,A001695,2025-11-19 21:00:00,READ
WA00003807,A000545,2025-10-17 21:00:00,REPLIED
WA00003808,A003212,2026-02-24 18:00:00,READ
WA00003809,A001819,2026-03-15 10:00:00,DELIVERED
WA00003810,A000103,2026-07-08 19:00:00,SENT
WA00003811,A003422,2025-12-01 11:00:00,REPLIED
WA00003812,A000580,2026-06-14 22:00:00,READ
WA00003813,A001490,2026-08-18 22:00:00,REPLIED
WA00003814,A003811,2026-07-24 19:00:00,READ
WA00003815,A002341,2025-11-11 11:00:00,READ
WA00003816,A000856,2025-10-17 13:00:00,REPLIED
WA00003817,A001405,2025-09-20 20:00:00,SENT
WA00003818,A001915,2025-12-24 11:00:00,SENT
WA00003819,A003907,2025-09-21 11:00:00,READ
WA00003820,A001305,2025-12-22 15:00:00,SENT
WA00003821,A001581,2026-02-09 11:00:00,FAILED
WA00003822,A002111,2026-08-08 09:00:00,DELIVERED
WA00003823,A002268,2026-01-18 08:00:00,FAILED
WA00003824,A002912,2026-04-08 15:00:00,SENT
WA00003825,A003389,2026-06-07 11:00:00,REPLIED
WA00003826,A001461,2026-04-20 15:00:00,REPLIED
WA00003827,A000088,2026-02-16 11:00:00,DELIVERED
WA00003828,A000107,2026-06-04 16:00:00,DELIVERED
WA00003829,A000876,2026-05-05 12:00:00,READ
WA00003830,A000560,2025-11-13 12:00:00,DELIVERED
WA00003831,A001331,2026-04-03 22:00:00,FAILED
WA00003832,A000056,2026-02-14 19:00:00,DELIVERED
WA00003833,A000309,2025-10-24 18:00:00,READ
WA00003834,A000875,2026-07-26 12:00:00,REPLIED
WA00003835,A003000,2026-08-09 13:00:00,SENT
WA00003836,A003816,2025-11-23 22:00:00,DELIVERED
WA00003837,A002971,2026-05-03 15:00:00,READ
WA00003838,A002728,2026-04-21 07:00:00,REPLIED
WA00003839,A000919,2026-05-15 09:00:00,DELIVERED
WA00003840,A002340,2025-12-05 22:00:00,DELIVERED
WA00003841,A002350,2026-02-18 17:00:00,REPLIED
WA00003842,A000993,2026-07-27 08:00:00,FAILED
WA00003843,A001160,2026-08-13 15:00:00,REPLIED
WA00003844,A000945,2026-06-17 20:00:00,FAILED
WA00003845,A003962,2026-06-19 11:00:00,READ
WA00003846,A001922,2026-07-08 16:00:00,REPLIED
WA00003847,A002105,2026-02-07 11:00:00,READ
WA00003848,A002075,2025-11-17 07:00:00,DELIVERED
WA00003849,A001095,2026-03-03 22:00:00,READ
WA00003850,A003391,2026-08-08 15:00:00,REPLIED
WA00003851,A002227,2025-11-22 15:00:00,READ
WA00003852,A000275,2026-08-04 17:00:00,REPLIED
WA00003853,A001915,2026-05-18 07:00:00,READ
WA00003854,A003472,2025-12-22 09:00:00,READ
WA00003855,A000151,2026-02-21 15:00:00,DELIVERED
WA00003856,A000658,2026-06-06 15:00:00,DELIVERED
WA00003857,A004126,2026-02-23 16:00:00,DELIVERED
WA00003858,A002238,2026-08-11 18:00:00,FAILED
WA00003859,A000260,2025-11-04 12:00:00,DELIVERED
WA00003860,A001401,2025-10-07 07:00:00,SENT
WA00003861,A001053,2026-05-25 19:00:00,DELIVERED
WA00003862,A004019,2026-01-18 11:00:00,DELIVERED
WA00003863,A002803,2025-10-27 14:00:00,DELIVERED
WA00003864,A000582,2026-04-03 08:00:00,READ
WA00003865,A001114,2026-05-27 15:00:00,FAILED
WA00003866,A003702,2026-08-08 22:00:00,SENT
WA00003867,A000953,2025-09-08 12:00:00,REPLIED
WA00003868,A000850,2026-03-27 19:00:00,READ
WA00003869,A002885,2025-11-09 12:00:00,READ
WA00003870,A000510,2026-06-15 18:00:00,DELIVERED
WA00003871,A003156,2026-02-14 08:00:00,DELIVERED
WA00003872,A001146,2026-01-06 22:00:00,SENT
WA00003873,A003585,2026-01-11 11:00:00,DELIVERED
WA00003874,A002192,2025-09-06 19:00:00,READ
WA00003875,A001269,2026-02-23 21:00:00,SENT
WA00003876,A003028,2026-08-09 11:00:00,DELIVERED
WA00003877,A002257,2026-03-12 22:00:00,REPLIED
WA00003878,A000222,2025-09-15 22:00:00,REPLIED
WA00003879,A002894,2026-02-19 16:00:00,READ
WA00003880,A003011,2026-06-14 07:00:00,READ
WA00003881,A003382,2025-09-14 07:00:00,DELIVERED
WA00003882,A002902,2026-08-17 08:00:00,REPLIED
WA00003883,A002118,2026-07-10 14:00:00,READ
WA00003884,A000950,2025-11-16 10:00:00,DELIVERED
WA00003885,A002143,2026-08-16 10:00:00,DELIVERED
WA00003886,A001973,2025-12-22 08:00:00,REPLIED
WA00003887,A001312,2026-03-08 16:00:00,SENT
WA00003888,A002261,2026-08-15 18:00:00,DELIVERED
WA00003889,A000148,2025-10-22 10:00:00,DELIVERED
WA00003890,A001498,2026-06-01 17:00:00,SENT
WA00003891,A002606,2025-10-07 08:00:00,DELIVERED
WA00003892,A002308,2026-05-13 17:00:00,SENT
WA00003893,A000380,2026-01-25 07:00:00,FAILED
WA00003894,A001635,2025-10-07 17:00:00,REPLIED
WA00003895,A001661,2026-06-07 11:00:00,DELIVERED
WA00003896,A001265,2025-10-16 15:00:00,READ
WA00003897,A003723,2026-06-19 08:00:00,DELIVERED
WA00003898,A000092,2026-02-21 16:00:00,READ
WA00003899,A003470,2026-05-27 10:00:00,DELIVERED
WA00003900,A002842,2026-04-18 18:00:00,READ
WA00003901,A000676,2026-01-27 08:00:00,DELIVERED
WA00003902,A003147,2026-07-19 16:00:00,SENT
WA00003903,A003527,2026-04-19 22:00:00,REPLIED
WA00003904,A001450,2026-08-18 21:00:00,FAILED
WA00003905,A000948,2026-05-17 14:00:00,DELIVERED
WA00003906,A000035,2026-02-09 18:00:00,SENT
WA00003907,A004093,2026-08-16 16:00:00,FAILED
WA00003908,A000664,2026-01-08 09:00:00,DELIVERED
WA00003909,A000583,2026-07-12 22:00:00,FAILED
WA00003910,A001648,2026-07-04 07:00:00,DELIVERED
WA00003911,A003776,2025-11-17 08:00:00,READ
WA00003912,A000970,2026-01-14 17:00:00,DELIVERED
WA00003913,A001002,2025-09-23 15:00:00,READ
WA00003914,A002721,2026-07-02 12:00:00,REPLIED
WA00003915,A002602,2026-02-08 22:00:00,DELIVERED
WA00003916,A003352,2025-10-17 08:00:00,FAILED
WA00003917,A002177,2026-03-17 18:00:00,DELIVERED
WA00003918,A002830,2026-04-09 19:00:00,DELIVERED
WA00003919,A001389,2025-12-24 12:00:00,DELIVERED
WA00003920,A002656,2026-03-09 15:00:00,FAILED
WA00003921,A003559,2025-11-12 07:00:00,READ
WA00003922,A000434,2026-04-09 17:00:00,SENT
WA00003923,A000029,2026-02-12 20:00:00,READ
WA00003924,A001093,2025-10-23 07:00:00,DELIVERED
WA00003925,A003160,2026-06-17 17:00:00,REPLIED
WA00003926,A003709,2025-11-02 21:00:00,READ
WA00003927,A001770,2026-02-26 15:00:00,DELIVERED
WA00003928,A003416,2026-07-06 15:00:00,DELIVERED
WA00003929,A003174,2025-10-12 18:00:00,DELIVERED
WA00003930,A004043,2026-05-04 07:00:00,FAILED
WA00003931,A000014,2025-12-18 16:00:00,REPLIED
WA00003932,A003533,2026-02-24 07:00:00,FAILED
WA00003933,A001950,2025-11-21 15:00:00,SENT
WA00003934,A003922,2025-10-08 20:00:00,SENT
WA00003935,A000470,2026-08-12 13:00:00,DELIVERED
WA00003936,A001977,2026-06-23 21:00:00,SENT
WA00003937,A001560,2026-05-03 15:00:00,REPLIED
WA00003938,A001552,2026-07-17 08:00:00,DELIVERED
WA00003939,A001649,2026-02-27 17:00:00,DELIVERED
WA00003940,A000343,2025-11-01 10:00:00,FAILED
WA00003941,A002764,2026-06-14 21:00:00,READ
WA00003942,A000610,2026-08-23 16:00:00,READ
WA00003943,A001500,2025-09-12 07:00:00,DELIVERED
WA00003944,A002436,2026-03-06 21:00:00,DELIVERED
WA00003945,A003146,2025-12-01 22:00:00,DELIVERED
WA00003946,A000761,2025-11-06 14:00:00,REPLIED
WA00003947,A002673,2026-01-17 22:00:00,READ
WA00003948,A001644,2026-03-06 18:00:00,DELIVERED
WA00003949,A003178,2026-06-08 08:00:00,DELIVERED
WA00003950,A001973,2025-10-02 21:00:00,READ
WA00003951,A001467,2026-05-14 19:00:00,FAILED
WA00003952,A001129,2026-06-04 13:00:00,REPLIED
WA00003953,A001101,2026-04-04 14:00:00,REPLIED
WA00003954,A003503,2026-05-10 16:00:00,REPLIED
WA00003955,A004035,2026-03-24 16:00:00,DELIVERED
WA00003956,A000254,2026-07-15 14:00:00,READ
WA00003957,A002495,2026-05-20 09:00:00,FAILED
WA00003958,A002389,2026-01-13 14:00:00,FAILED
WA00003959,A004150,2026-01-14 10:00:00,DELIVERED
WA00003960,A002485,2026-07-04 11:00:00,DELIVERED
WA00003961,A001084,2026-03-07 07:00:00,REPLIED
WA00003962,A003971,2025-11-22 18:00:00,DELIVERED
WA00003963,A000027,2025-11-23 12:00:00,DELIVERED
WA00003964,A000829,2026-05-13 15:00:00,READ
WA00003965,A000439,2026-06-16 18:00:00,DELIVERED
WA00003966,A001275,2026-08-01 14:00:00,FAILED
WA00003967,A000298,2025-11-13 12:00:00,DELIVERED
WA00003968,A003171,2026-04-03 10:00:00,DELIVERED
WA00003969,A000348,2026-01-16 08:00:00,REPLIED
WA00003970,A001124,2025-10-01 09:00:00,READ
WA00003971,A003581,2025-11-11 15:00:00,READ
WA00003972,A002804,2026-04-08 14:00:00,REPLIED
WA00003973,A000558,2026-03-17 17:00:00,DELIVERED
WA00003974,A000060,2025-10-09 20:00:00,REPLIED
WA00003975,A001151,2025-11-09 10:00:00,SENT
WA00003976,A003892,2026-08-12 08:00:00,FAILED
WA00003977,A001905,2026-06-10 13:00:00,READ
WA00003978,A003241,2025-10-05 21:00:00,DELIVERED
WA00003979,A001833,2025-12-21 14:00:00,READ
WA00003980,A004123,2025-10-05 22:00:00,REPLIED
WA00003981,A001751,2026-04-24 08:00:00,SENT
WA00003982,A003055,2026-08-11 08:00:00,DELIVERED
WA00003983,A004179,2026-05-08 14:00:00,READ
WA00003984,A002023,2025-10-19 13:00:00,FAILED
WA00003985,A002571,2026-07-03 18:00:00,READ
WA00003986,A002422,2026-08-20 15:00:00,DELIVERED
WA00003987,A002309,2026-08-01 10:00:00,READ
WA00003988,A003116,2025-09-02 13:00:00,READ
WA00003989,A000672,2025-09-05 20:00:00,SENT
WA00003990,A000487,2026-03-20 22:00:00,REPLIED
WA00003991,A001770,2025-09-09 14:00:00,FAILED
WA00003992,A003874,2026-03-04 14:00:00,DELIVERED
WA00003993,A003659,2026-02-16 10:00:00,READ
WA00003994,A002337,2025-11-13 13:00:00,DELIVERED
WA00003995,A001841,2026-06-08 21:00:00,DELIVERED
WA00003996,A003768,2026-03-12 17:00:00,READ
WA00003997,A002241,2026-01-04 09:00:00,SENT
WA00003998,A000342,2026-06-13 09:00:00,READ
WA00003999,A001721,2026-04-02 12:00:00,DELIVERED
WA00004000,A003063,2026-03-19 13:00:00,SENT
WA00004001,A003241,2026-03-26 22:00:00,DELIVERED
WA00004002,A000650,2025-09-01 19:00:00,SENT
WA00004003,A001117,2026-01-03 18:00:00,DELIVERED
WA00004004,A003340,2026-02-01 20:00:00,DELIVERED
WA00004005,A003965,2025-09-13 12:00:00,SENT
WA00004006,A002728,2026-07-17 18:00:00,FAILED
WA00004007,A000948,2025-09-10 14:00:00,SENT
WA00004008,A003142,2026-04-26 20:00:00,REPLIED
WA00004009,A000241,2025-12-24 13:00:00,READ
WA00004010,A000976,2026-02-02 17:00:00,SENT
WA00004011,A000477,2026-02-03 15:00:00,READ
WA00004012,A002817,2026-08-19 17:00:00,READ
WA00004013,A001127,2025-11-17 16:00:00,FAILED
WA00004014,A003556,2026-06-24 12:00:00,SENT
WA00004015,A002142,2025-11-25 18:00:00,REPLIED
WA00004016,A002322,2026-06-13 15:00:00,DELIVERED
WA00004017,A004100,2026-03-08 17:00:00,SENT
WA00004018,A003270,2025-12-15 12:00:00,DELIVERED
WA00004019,A003022,2025-10-23 14:00:00,READ
WA00004020,A003460,2026-06-25 10:00:00,SENT
WA00004021,A003986,2026-05-05 21:00:00,SENT
WA00004022,A004107,2026-07-27 21:00:00,DELIVERED
WA00004023,A000377,2026-01-22 09:00:00,READ
WA00004024,A001185,2026-07-01 10:00:00,DELIVERED
WA00004025,A000710,2026-04-16 13:00:00,DELIVERED
WA00004026,A000872,2026-08-20 07:00:00,FAILED
WA00004027,A002527,2026-06-04 13:00:00,READ
WA00004028,A004025,2025-11-06 18:00:00,DELIVERED
WA00004029,A000021,2026-02-06 20:00:00,READ
WA00004030,A000599,2025-11-14 18:00:00,READ
WA00004031,A003971,2026-03-04 11:00:00,REPLIED
WA00004032,A001483,2026-06-21 18:00:00,REPLIED
WA00004033,A000142,2026-07-04 15:00:00,REPLIED
WA00004034,A003180,2026-08-17 08:00:00,REPLIED
WA00004035,A000282,2025-12-04 22:00:00,READ
WA00004036,A003825,2026-03-04 20:00:00,SENT
WA00004037,A001420,2025-11-23 07:00:00,SENT
WA00004038,A000305,2025-12-01 07:00:00,READ
WA00004039,A003304,2026-06-08 12:00:00,DELIVERED
WA00004040,A001654,2026-03-15 12:00:00,DELIVERED
WA00004041,A001598,2025-11-14 20:00:00,READ
WA00004042,A003905,2025-11-05 13:00:00,REPLIED
WA00004043,A003767,2026-03-15 10:00:00,READ
WA00004044,A002931,2025-09-18 22:00:00,FAILED
WA00004045,A003019,2026-04-11 15:00:00,READ
WA00004046,A000554,2026-02-20 21:00:00,DELIVERED
WA00004047,A000267,2026-04-01 15:00:00,FAILED
WA00004048,A001944,2026-03-18 16:00:00,DELIVERED
WA00004049,A002017,2026-04-08 11:00:00,SENT
WA00004050,A000223,2025-09-14 11:00:00,READ
WA00004051,A003751,2025-09-05 20:00:00,DELIVERED
WA00004052,A002672,2026-07-11 21:00:00,SENT
WA00004053,A001887,2026-02-01 20:00:00,SENT
WA00004054,A001558,2026-04-03 14:00:00,SENT
WA00004055,A002622,2026-02-22 13:00:00,DELIVERED
WA00004056,A003423,2026-05-17 18:00:00,DELIVERED
WA00004057,A003352,2026-02-03 17:00:00,DELIVERED
WA00004058,A003803,2025-09-03 15:00:00,DELIVERED
WA00004059,A002531,2026-02-21 15:00:00,READ
WA00004060,A002325,2026-06-20 07:00:00,READ
WA00004061,A001347,2026-03-17 21:00:00,REPLIED
WA00004062,A000879,2026-06-06 12:00:00,REPLIED
WA00004063,A002341,2026-04-08 20:00:00,FAILED
WA00004064,A000692,2026-08-02 18:00:00,DELIVERED
WA00004065,A002281,2025-10-16 11:00:00,READ
WA00004066,A001003,2025-11-06 22:00:00,FAILED
WA00004067,A002023,2026-01-18 22:00:00,DELIVERED
WA00004068,A003595,2025-11-04 07:00:00,READ
WA00004069,A003516,2025-09-15 20:00:00,READ
WA00004070,A004079,2025-11-08 07:00:00,FAILED
WA00004071,A000570,2026-04-12 11:00:00,FAILED
WA00004072,A003969,2026-07-27 17:00:00,SENT
WA00004073,A001159,2026-07-22 11:00:00,READ
WA00004074,A000811,2026-07-13 14:00:00,DELIVERED
WA00004075,A003607,2026-08-01 21:00:00,DELIVERED
WA00004076,A000961,2026-08-23 12:00:00,REPLIED
WA00004077,A003438,2026-02-09 22:00:00,READ
WA00004078,A000521,2025-09-21 15:00:00,DELIVERED
WA00004079,A002081,2026-04-19 17:00:00,DELIVERED
WA00004080,A003008,2025-09-15 16:00:00,READ
WA00004081,A002759,2026-01-10 22:00:00,REPLIED
WA00004082,A000944,2026-01-06 12:00:00,DELIVERED
WA00004083,A001692,2025-10-23 12:00:00,SENT
WA00004084,A000330,2026-04-25 16:00:00,READ
WA00004085,A000300,2025-11-06 14:00:00,DELIVERED
WA00004086,A001583,2025-11-13 17:00:00,DELIVERED
WA00004087,A003372,2026-02-20 08:00:00,READ
WA00004088,A001379,2026-06-13 22:00:00,SENT
WA00004089,A000205,2026-08-13 18:00:00,FAILED
WA00004090,A000494,2026-06-05 07:00:00,REPLIED
WA00004091,A002000,2026-05-17 19:00:00,DELIVERED
WA00004092,A003047,2025-11-24 15:00:00,SENT
WA00004093,A002442,2026-02-16 17:00:00,FAILED
WA00004094,A003782,2026-02-21 14:00:00,DELIVERED
WA00004095,A001840,2025-11-15 11:00:00,DELIVERED
WA00004096,A001464,2025-09-13 12:00:00,DELIVERED
WA00004097,A001044,2025-09-27 19:00:00,READ
WA00004098,A000636,2026-01-04 19:00:00,DELIVERED
WA00004099,A003890,2026-06-18 11:00:00,SENT
WA00004100,A002107,2026-02-20 10:00:00,SENT
WA00004101,A000801,2025-12-12 15:00:00,DELIVERED
WA00004102,A000706,2025-11-05 15:00:00,READ
WA00004103,A003441,2026-03-23 15:00:00,DELIVERED
WA00004104,A002845,2025-10-18 20:00:00,REPLIED
WA00004105,A002112,2026-07-22 16:00:00,FAILED
WA00004106,A000751,2026-02-07 21:00:00,SENT
WA00004107,A000154,2026-01-20 13:00:00,DELIVERED
WA00004108,A004096,2026-06-18 17:00:00,READ
WA00004109,A002290,2026-08-23 13:00:00,READ
WA00004110,A004034,2025-12-17 15:00:00,REPLIED
WA00004111,A000100,2026-08-23 14:00:00,DELIVERED
WA00004112,A003382,2025-12-24 09:00:00,DELIVERED
WA00004113,A002676,2026-02-12 14:00:00,DELIVERED
WA00004114,A000710,2026-08-14 20:00:00,DELIVERED
WA00004115,A003001,2026-02-19 15:00:00,FAILED
WA00004116,A002268,2025-09-20 07:00:00,DELIVERED
WA00004117,A001275,2025-10-17 10:00:00,DELIVERED
WA00004118,A003012,2025-10-12 08:00:00,READ
WA00004119,A002371,2026-06-16 14:00:00,FAILED
WA00004120,A002932,2026-07-14 21:00:00,REPLIED
WA00004121,A004117,2025-09-14 07:00:00,DELIVERED
WA00004122,A003719,2026-04-13 08:00:00,DELIVERED
WA00004123,A001877,2025-12-19 21:00:00,READ
WA00004124,A001033,2025-10-02 17:00:00,SENT
WA00004125,A002217,2025-11-03 17:00:00,REPLIED
WA00004126,A000823,2026-03-10 15:00:00,DELIVERED
WA00004127,A003362,2026-02-08 22:00:00,REPLIED
WA00004128,A002128,2026-02-15 18:00:00,FAILED
WA00004129,A000264,2025-09-21 10:00:00,SENT
WA00004130,A001920,2026-02-07 16:00:00,DELIVERED
WA00004131,A003833,2025-10-03 10:00:00,DELIVERED
WA00004132,A003685,2025-10-07 22:00:00,DELIVERED
WA00004133,A002025,2025-11-25 08:00:00,DELIVERED
WA00004134,A000814,2025-12-15 11:00:00,READ
WA00004135,A002539,2026-07-23 19:00:00,DELIVERED
WA00004136,A001036,2025-09-25 15:00:00,READ
WA00004137,A002960,2025-11-05 18:00:00,DELIVERED
WA00004138,A001574,2026-04-12 18:00:00,DELIVERED
WA00004139,A001729,2025-11-05 07:00:00,REPLIED
WA00004140,A003975,2025-10-16 10:00:00,FAILED
WA00004141,A001710,2026-07-25 22:00:00,REPLIED
WA00004142,A001363,2026-08-02 21:00:00,FAILED
WA00004143,A002483,2026-04-11 18:00:00,REPLIED
WA00004144,A003944,2026-05-09 17:00:00,REPLIED
WA00004145,A001615,2026-02-18 07:00:00,READ
WA00004146,A000940,2026-06-12 13:00:00,DELIVERED
WA00004147,A004170,2025-10-19 19:00:00,REPLIED
WA00004148,A000730,2026-05-16 12:00:00,FAILED
WA00004149,A000370,2026-08-09 17:00:00,FAILED
WA00004150,A000024,2026-04-20 09:00:00,READ
WA00004151,A001170,2026-08-01 20:00:00,REPLIED
WA00004152,A001850,2026-07-12 13:00:00,DELIVERED
WA00004153,A001363,2026-07-25 14:00:00,REPLIED
WA00004154,A001161,2026-01-21 21:00:00,DELIVERED
WA00004155,A000660,2025-10-21 17:00:00,DELIVERED
WA00004156,A002502,2026-01-14 07:00:00,REPLIED
WA00004157,A002263,2026-05-11 22:00:00,DELIVERED
WA00004158,A000284,2026-08-20 18:00:00,READ
WA00004159,A000838,2026-04-16 09:00:00,SENT
WA00004160,A001695,2025-12-16 10:00:00,FAILED
WA00004161,A002717,2025-09-04 13:00:00,DELIVERED
WA00004162,A003654,2026-05-20 09:00:00,FAILED
WA00004163,A000476,2025-09-05 21:00:00,REPLIED
WA00004164,A001337,2026-05-02 15:00:00,FAILED
WA00004165,A001258,2025-10-14 18:00:00,DELIVERED
WA00004166,A003759,2025-09-20 14:00:00,READ
WA00004167,A003917,2026-08-24 15:00:00,DELIVERED
WA00004168,A002498,2026-01-14 18:00:00,REPLIED
WA00004169,A003658,2025-09-05 17:00:00,DELIVERED
WA00004170,A002419,2026-01-08 10:00:00,DELIVERED
WA00004171,A001635,2026-08-01 16:00:00,FAILED
WA00004172,A001089,2025-09-19 20:00:00,REPLIED
WA00004173,A004103,2026-04-03 11:00:00,DELIVERED
WA00004174,A002206,2025-11-26 19:00:00,FAILED
WA00004175,A002132,2026-07-20 18:00:00,READ
WA00004176,A001517,2026-03-25 08:00:00,SENT
WA00004177,A002226,2025-09-19 22:00:00,READ
WA00004178,A002940,2025-10-16 13:00:00,SENT
WA00004179,A003649,2026-02-11 15:00:00,READ
WA00004180,A001116,2026-06-22 08:00:00,DELIVERED
WA00004181,A004169,2025-12-03 22:00:00,REPLIED
WA00004182,A000959,2026-03-23 20:00:00,SENT
WA00004183,A003067,2025-12-02 18:00:00,SENT
WA00004184,A000300,2026-01-13 11:00:00,DELIVERED
WA00004185,A004013,2025-09-07 08:00:00,FAILED
WA00004186,A003693,2026-01-21 19:00:00,FAILED
WA00004187,A003171,2025-10-18 18:00:00,DELIVERED
WA00004188,A002167,2025-12-14 15:00:00,FAILED
WA00004189,A000032,2026-04-02 18:00:00,DELIVERED
WA00004190,A002609,2026-01-24 12:00:00,SENT
WA00004191,A000706,2026-03-01 22:00:00,DELIVERED
WA00004192,A000823,2026-03-08 13:00:00,DELIVERED
WA00004193,A002605,2026-01-18 15:00:00,DELIVERED
WA00004194,A002331,2026-02-15 19:00:00,FAILED
WA00004195,A002406,2025-12-10 22:00:00,DELIVERED
WA00004196,A003966,2026-08-02 18:00:00,FAILED
WA00004197,A000100,2025-11-24 19:00:00,REPLIED
WA00004198,A000200,2026-01-03 17:00:00,SENT
WA00004199,A000148,2026-04-11 15:00:00,DELIVERED
WA00004200,A003286,2026-03-14 14:00:00,DELIVERED
WA00004201,A002025,2025-12-21 17:00:00,READ
WA00004202,A001239,2025-12-26 19:00:00,DELIVERED
WA00004203,A002428,2025-09-13 18:00:00,DELIVERED
WA00004204,A003774,2025-12-23 20:00:00,DELIVERED
WA00004205,A001930,2026-08-23 12:00:00,FAILED
WA00004206,A003842,2025-12-18 20:00:00,DELIVERED
WA00004207,A004082,2026-03-11 20:00:00,DELIVERED
WA00004208,A002351,2025-11-02 15:00:00,REPLIED
WA00004209,A003713,2025-10-12 10:00:00,FAILED
WA00004210,A000458,2025-10-23 15:00:00,REPLIED
WA00004211,A003631,2025-10-11 18:00:00,READ
WA00004212,A000401,2026-08-15 20:00:00,READ
WA00004213,A001884,2026-04-02 10:00:00,SENT
WA00004214,A002907,2026-04-22 08:00:00,DELIVERED
WA00004215,A002672,2025-12-04 13:00:00,DELIVERED
WA00004216,A002264,2026-01-20 21:00:00,DELIVERED
WA00004217,A000346,2026-03-07 07:00:00,FAILED
WA00004218,A000202,2025-12-04 08:00:00,REPLIED
WA00004219,A002595,2025-11-21 20:00:00,READ
WA00004220,A000114,2026-02-23 15:00:00,DELIVERED
WA00004221,A002654,2025-11-12 19:00:00,DELIVERED
WA00004222,A001306,2026-07-03 14:00:00,DELIVERED
WA00004223,A003454,2025-11-15 15:00:00,REPLIED
WA00004224,A002491,2026-08-03 12:00:00,DELIVERED
WA00004225,A003466,2026-08-05 15:00:00,REPLIED
WA00004226,A003135,2026-01-14 22:00:00,READ
WA00004227,A002487,2026-03-25 22:00:00,FAILED
WA00004228,A002412,2026-02-27 19:00:00,READ
WA00004229,A003060,2026-04-27 11:00:00,DELIVERED
WA00004230,A002373,2026-03-20 08:00:00,READ
WA00004231,A002330,2026-01-27 08:00:00,DELIVERED
WA00004232,A004170,2026-04-20 19:00:00,DELIVERED
WA00004233,A004006,2026-03-11 08:00:00,READ
WA00004234,A001747,2025-12-15 20:00:00,READ
WA00004235,A002033,2026-03-07 22:00:00,SENT
WA00004236,A000741,2026-04-15 21:00:00,DELIVERED
WA00004237,A000350,2026-08-11 20:00:00,REPLIED
WA00004238,A001616,2025-11-21 09:00:00,DELIVERED
WA00004239,A001805,2025-11-10 09:00:00,DELIVERED
WA00004240,A002526,2025-10-23 17:00:00,READ
WA00004241,A001121,2026-06-05 10:00:00,REPLIED
WA00004242,A000267,2026-03-24 19:00:00,DELIVERED
WA00004243,A000858,2025-12-08 15:00:00,DELIVERED
WA00004244,A003250,2026-08-18 10:00:00,SENT
WA00004245,A000026,2026-08-11 09:00:00,READ
WA00004246,A000363,2026-03-04 15:00:00,DELIVERED
WA00004247,A002376,2026-06-25 18:00:00,READ
WA00004248,A001571,2025-12-06 09:00:00,READ
WA00004249,A001923,2025-11-17 15:00:00,DELIVERED
WA00004250,A003664,2026-08-06 16:00:00,REPLIED
WA00004251,A003505,2026-01-25 16:00:00,DELIVERED
WA00004252,A003437,2025-10-16 16:00:00,DELIVERED
WA00004253,A003124,2025-11-12 15:00:00,DELIVERED
WA00004254,A001134,2025-09-27 12:00:00,READ
WA00004255,A004169,2026-07-14 14:00:00,READ
WA00004256,A003335,2026-05-12 17:00:00,SENT
WA00004257,A002012,2026-05-20 12:00:00,READ
WA00004258,A003707,2025-11-13 08:00:00,DELIVERED
WA00004259,A003935,2026-06-10 20:00:00,READ
WA00004260,A002873,2026-06-16 18:00:00,SENT
WA00004261,A003811,2025-12-02 13:00:00,SENT
WA00004262,A001358,2026-03-02 22:00:00,SENT
WA00004263,A001642,2026-03-08 12:00:00,FAILED
WA00004264,A002949,2026-08-25 20:00:00,DELIVERED
WA00004265,A004133,2025-12-08 12:00:00,FAILED
WA00004266,A002539,2025-11-10 07:00:00,SENT
WA00004267,A003925,2025-10-19 20:00:00,READ
WA00004268,A001283,2026-04-17 16:00:00,SENT
WA00004269,A003150,2026-04-10 09:00:00,DELIVERED
WA00004270,A001731,2026-04-15 17:00:00,REPLIED
WA00004271,A000608,2026-03-06 10:00:00,SENT
WA00004272,A002294,2026-02-06 09:00:00,DELIVERED
WA00004273,A001661,2025-09-02 08:00:00,DELIVERED
WA00004274,A001535,2026-01-10 14:00:00,DELIVERED
WA00004275,A000250,2025-10-23 12:00:00,SENT
WA00004276,A000469,2026-08-18 16:00:00,DELIVERED
WA00004277,A001720,2026-01-17 22:00:00,READ
WA00004278,A002078,2026-06-19 07:00:00,REPLIED
WA00004279,A001343,2025-12-21 09:00:00,DELIVERED
WA00004280,A001292,2026-05-01 14:00:00,READ
WA00004281,A002038,2025-10-05 11:00:00,READ
WA00004282,A003472,2026-03-19 14:00:00,DELIVERED
WA00004283,A003067,2026-03-05 07:00:00,DELIVERED
WA00004284,A002845,2025-11-18 07:00:00,DELIVERED
WA00004285,A002491,2026-07-17 18:00:00,FAILED
WA00004286,A003455,2026-01-04 17:00:00,FAILED
WA00004287,A000885,2026-02-01 15:00:00,FAILED
WA00004288,A002951,2026-04-03 22:00:00,REPLIED
WA00004289,A004141,2026-05-26 18:00:00,READ
WA00004290,A002623,2025-09-23 14:00:00,DELIVERED
WA00004291,A004086,2026-08-11 19:00:00,REPLIED
WA00004292,A000322,2026-08-18 07:00:00,READ
WA00004293,A000190,2025-12-21 14:00:00,SENT
WA00004294,A001858,2026-01-11 21:00:00,READ
WA00004295,A002016,2025-11-27 20:00:00,REPLIED
WA00004296,A003350,2026-04-27 19:00:00,REPLIED
WA00004297,A002386,2026-04-12 13:00:00,SENT
WA00004298,A002049,2026-01-12 19:00:00,SENT
WA00004299,A000924,2026-02-12 14:00:00,READ
WA00004300,A000625,2026-03-20 21:00:00,READ
WA00004301,A002115,2026-03-19 21:00:00,DELIVERED
WA00004302,A000642,2026-04-24 15:00:00,REPLIED
WA00004303,A001345,2026-02-04 18:00:00,DELIVERED
WA00004304,A002989,2026-07-16 20:00:00,SENT
WA00004305,A000058,2025-10-23 18:00:00,DELIVERED
WA00004306,A001112,2026-01-02 10:00:00,READ
WA00004307,A000127,2026-02-04 12:00:00,READ
WA00004308,A001107,2026-01-16 09:00:00,REPLIED
WA00004309,A001662,2025-12-24 18:00:00,READ
WA00004310,A000949,2025-09-07 20:00:00,DELIVERED
WA00004311,A004183,2026-02-26 11:00:00,READ
WA00004312,A003838,2026-01-07 08:00:00,DELIVERED
WA00004313,A003097,2026-02-18 21:00:00,FAILED
WA00004314,A003581,2026-01-11 13:00:00,DELIVERED
WA00004315,A000335,2026-07-19 10:00:00,FAILED
WA00004316,A003696,2026-03-09 15:00:00,DELIVERED
WA00004317,A002095,2026-02-06 15:00:00,DELIVERED
WA00004318,A002875,2026-02-06 15:00:00,REPLIED
WA00004319,A001950,2026-06-13 08:00:00,DELIVERED
WA00004320,A003455,2026-02-12 08:00:00,REPLIED
WA00004321,A002751,2026-04-23 14:00:00,READ
WA00004322,A001935,2026-06-27 11:00:00,REPLIED
WA00004323,A003508,2026-08-14 22:00:00,DELIVERED
WA00004324,A002307,2026-03-24 21:00:00,FAILED
WA00004325,A002684,2025-10-06 09:00:00,READ
WA00004326,A001033,2026-02-25 15:00:00,SENT
WA00004327,A004087,2026-04-19 08:00:00,DELIVERED
WA00004328,A000441,2025-12-24 08:00:00,DELIVERED
WA00004329,A003741,2026-04-05 16:00:00,DELIVERED
WA00004330,A003143,2026-07-23 20:00:00,DELIVERED
WA00004331,A002417,2026-03-10 11:00:00,READ
WA00004332,A001241,2026-02-26 08:00:00,DELIVERED
WA00004333,A003802,2025-09-15 22:00:00,SENT
WA00004334,A000136,2025-09-10 15:00:00,READ
WA00004335,A004097,2026-02-05 11:00:00,DELIVERED
WA00004336,A003218,2026-08-22 18:00:00,SENT
WA00004337,A004091,2025-10-27 11:00:00,REPLIED
WA00004338,A002439,2026-04-13 20:00:00,READ
WA00004339,A000647,2026-03-03 21:00:00,READ
WA00004340,A003230,2026-08-06 16:00:00,REPLIED
WA00004341,A001685,2026-03-02 18:00:00,DELIVERED
WA00004342,A000464,2025-09-13 12:00:00,FAILED
WA00004343,A002053,2025-12-09 13:00:00,SENT
WA00004344,A001110,2025-12-07 16:00:00,DELIVERED
WA00004345,A002662,2026-07-01 20:00:00,REPLIED
WA00004346,A001140,2026-04-10 13:00:00,FAILED
WA00004347,A002061,2025-11-02 13:00:00,READ
WA00004348,A001922,2026-01-15 11:00:00,REPLIED
WA00004349,A003015,2026-08-07 17:00:00,REPLIED
WA00004350,A003838,2026-02-03 10:00:00,FAILED
WA00004351,A001524,2026-01-16 19:00:00,DELIVERED
WA00004352,A000096,2025-10-20 21:00:00,SENT
WA00004353,A002296,2025-12-19 12:00:00,DELIVERED
WA00004354,A000419,2026-08-14 12:00:00,DELIVERED
WA00004355,A001694,2025-11-05 17:00:00,DELIVERED
WA00004356,A004036,2025-12-24 16:00:00,SENT
WA00004357,A003173,2025-10-13 21:00:00,DELIVERED
WA00004358,A002507,2026-06-14 12:00:00,FAILED
WA00004359,A002084,2026-03-02 07:00:00,DELIVERED
WA00004360,A002933,2026-06-16 08:00:00,DELIVERED
WA00004361,A001883,2025-10-11 07:00:00,SENT
WA00004362,A003817,2026-06-11 07:00:00,REPLIED
WA00004363,A001696,2026-01-04 16:00:00,READ
WA00004364,A003251,2026-05-19 13:00:00,REPLIED
WA00004365,A000896,2026-03-24 18:00:00,READ
WA00004366,A002845,2026-04-12 11:00:00,READ
WA00004367,A004139,2026-08-07 12:00:00,SENT
WA00004368,A003440,2026-03-12 16:00:00,SENT
WA00004369,A001292,2025-12-20 22:00:00,DELIVERED
WA00004370,A002731,2026-07-21 14:00:00,FAILED
WA00004371,A002797,2025-10-10 13:00:00,DELIVERED
WA00004372,A001140,2026-01-26 10:00:00,REPLIED
WA00004373,A001428,2025-12-06 20:00:00,REPLIED
WA00004374,A001202,2025-12-03 13:00:00,REPLIED
WA00004375,A003955,2026-08-10 09:00:00,DELIVERED
WA00004376,A001448,2026-08-25 17:00:00,READ
WA00004377,A003392,2026-02-02 09:00:00,DELIVERED
WA00004378,A000659,2026-02-17 11:00:00,FAILED
WA00004379,A000952,2026-03-19 16:00:00,READ
WA00004380,A001443,2026-04-03 16:00:00,DELIVERED
WA00004381,A004024,2026-07-04 17:00:00,DELIVERED
WA00004382,A001141,2025-11-15 09:00:00,DELIVERED
WA00004383,A000412,2026-08-23 13:00:00,SENT
WA00004384,A001199,2026-04-12 16:00:00,READ
WA00004385,A002043,2025-09-10 13:00:00,SENT
WA00004386,A002081,2026-08-23 14:00:00,DELIVERED
WA00004387,A003262,2026-01-06 14:00:00,DELIVERED
WA00004388,A000917,2025-09-18 19:00:00,READ
WA00004389,A000852,2025-12-14 20:00:00,DELIVERED
WA00004390,A001707,2026-05-18 17:00:00,READ
WA00004391,A001393,2026-08-20 16:00:00,DELIVERED
WA00004392,A003518,2025-10-16 20:00:00,DELIVERED
WA00004393,A000304,2026-02-17 13:00:00,DELIVERED
WA00004394,A004167,2026-03-21 13:00:00,REPLIED
WA00004395,A001331,2026-02-05 14:00:00,FAILED
WA00004396,A003512,2026-02-10 15:00:00,DELIVERED
WA00004397,A002331,2026-07-20 14:00:00,DELIVERED
WA00004398,A003365,2026-06-22 11:00:00,SENT
WA00004399,A001202,2026-05-03 17:00:00,DELIVERED
WA00004400,A004175,2025-09-26 07:00:00,READ
WA00004401,A003835,2025-11-08 14:00:00,DELIVERED
WA00004402,A003475,2025-10-27 19:00:00,DELIVERED
WA00004403,A003068,2026-07-04 07:00:00,READ
WA00004404,A002154,2025-09-27 21:00:00,READ
WA00004405,A002475,2025-09-04 08:00:00,FAILED
WA00004406,A002422,2026-04-04 08:00:00,SENT
WA00004407,A001185,2025-09-24 13:00:00,DELIVERED
WA00004408,A003559,2025-09-09 22:00:00,REPLIED
WA00004409,A001977,2025-10-06 16:00:00,FAILED
WA00004410,A002812,2026-05-21 09:00:00,READ
WA00004411,A003805,2026-02-18 07:00:00,FAILED
WA00004412,A000181,2026-05-08 12:00:00,SENT
WA00004413,A001225,2025-10-17 13:00:00,READ
WA00004414,A001612,2026-07-24 18:00:00,READ
WA00004415,A000619,2026-06-27 22:00:00,DELIVERED
WA00004416,A002157,2026-02-04 20:00:00,DELIVERED
WA00004417,A004094,2026-05-12 15:00:00,SENT
WA00004418,A001656,2025-09-26 12:00:00,SENT
WA00004419,A000956,2026-03-10 20:00:00,SENT
WA00004420,A002210,2026-07-06 11:00:00,DELIVERED
WA00004421,A003999,2026-01-02 16:00:00,DELIVERED
WA00004422,A002992,2026-05-27 16:00:00,REPLIED
WA00004423,A002116,2025-09-09 13:00:00,FAILED
WA00004424,A004040,2026-02-27 20:00:00,DELIVERED
WA00004425,A000855,2026-05-13 20:00:00,DELIVERED
WA00004426,A001580,2025-10-02 14:00:00,SENT
WA00004427,A000575,2025-10-09 13:00:00,READ
WA00004428,A001264,2026-04-13 10:00:00,READ
WA00004429,A004186,2026-01-18 07:00:00,READ
WA00004430,A001691,2026-03-19 15:00:00,DELIVERED
WA00004431,A001899,2026-08-24 09:00:00,REPLIED
WA00004432,A001758,2025-11-09 09:00:00,DELIVERED
WA00004433,A003575,2025-12-05 16:00:00,REPLIED
WA00004434,A004172,2025-12-02 22:00:00,READ
WA00004435,A001874,2026-03-07 14:00:00,DELIVERED
WA00004436,A001217,2026-02-13 10:00:00,DELIVERED
WA00004437,A001088,2026-07-01 15:00:00,REPLIED
WA00004438,A003491,2025-12-04 11:00:00,REPLIED
WA00004439,A000133,2025-11-17 10:00:00,DELIVERED
WA00004440,A002632,2025-09-11 16:00:00,DELIVERED
WA00004441,A001950,2025-09-22 14:00:00,DELIVERED
WA00004442,A000233,2025-09-04 14:00:00,READ
WA00004443,A002751,2026-06-21 16:00:00,DELIVERED
WA00004444,A001273,2025-11-02 10:00:00,DELIVERED
WA00004445,A001116,2026-04-02 14:00:00,SENT
WA00004446,A004188,2026-02-27 12:00:00,DELIVERED
WA00004447,A001210,2025-12-02 17:00:00,READ
WA00004448,A002740,2026-02-14 16:00:00,DELIVERED
WA00004449,A003678,2025-11-02 17:00:00,REPLIED
WA00004450,A001206,2025-10-18 09:00:00,DELIVERED
WA00004451,A003355,2025-11-23 22:00:00,SENT
WA00004452,A003525,2026-01-21 15:00:00,SENT
WA00004453,A000461,2026-06-12 07:00:00,READ
WA00004454,A004099,2026-01-05 20:00:00,FAILED
WA00004455,A003335,2026-07-15 11:00:00,DELIVERED
WA00004456,A001528,2026-03-08 15:00:00,READ
WA00004457,A003412,2026-04-26 15:00:00,SENT
WA00004458,A000252,2026-07-07 20:00:00,DELIVERED
WA00004459,A002485,2026-08-19 16:00:00,READ
WA00004460,A002846,2025-11-14 09:00:00,READ
WA00004461,A003811,2025-11-24 08:00:00,READ
WA00004462,A003663,2026-06-11 13:00:00,DELIVERED
WA00004463,A002393,2026-07-09 19:00:00,DELIVERED
WA00004464,A003261,2026-06-17 15:00:00,FAILED
WA00004465,A003031,2025-11-25 11:00:00,DELIVERED
WA00004466,A001036,2026-05-16 19:00:00,FAILED
WA00004467,A002078,2026-01-21 12:00:00,REPLIED
WA00004468,A000792,2025-09-09 17:00:00,FAILED
WA00004469,A002145,2026-08-07 09:00:00,DELIVERED
WA00004470,A001686,2026-04-14 15:00:00,DELIVERED
WA00004471,A000698,2026-08-18 10:00:00,DELIVERED
WA00004472,A002929,2026-08-19 15:00:00,READ
WA00004473,A003344,2026-06-12 14:00:00,DELIVERED
WA00004474,A003478,2025-10-05 16:00:00,READ
WA00004475,A001087,2026-01-15 14:00:00,SENT
WA00004476,A001877,2026-05-18 19:00:00,DELIVERED
WA00004477,A000786,2026-04-18 21:00:00,DELIVERED
WA00004478,A000066,2025-11-15 07:00:00,REPLIED
WA00004479,A000598,2025-11-11 13:00:00,READ
WA00004480,A001944,2026-02-21 19:00:00,REPLIED
WA00004481,A001719,2026-02-13 10:00:00,READ
WA00004482,A001750,2026-04-01 15:00:00,SENT
WA00004483,A000835,2026-07-11 20:00:00,REPLIED
WA00004484,A003073,2025-10-21 18:00:00,DELIVERED
WA00004485,A002638,2025-12-26 19:00:00,FAILED
WA00004486,A000268,2026-06-01 14:00:00,REPLIED
WA00004487,A001489,2026-06-09 18:00:00,REPLIED
WA00004488,A002436,2025-11-18 18:00:00,DELIVERED
WA00004489,A000702,2026-08-24 08:00:00,DELIVERED
WA00004490,A001364,2025-12-01 22:00:00,FAILED
WA00004491,A001600,2026-03-08 07:00:00,DELIVERED
WA00004492,A003555,2025-10-18 10:00:00,READ
WA00004493,A003839,2025-12-08 10:00:00,DELIVERED
WA00004494,A000004,2026-05-17 11:00:00,REPLIED
WA00004495,A001070,2026-06-24 17:00:00,FAILED
WA00004496,A000378,2026-03-04 08:00:00,DELIVERED
WA00004497,A004128,2026-03-24 17:00:00,READ
WA00004498,A002539,2026-03-15 15:00:00,REPLIED
WA00004499,A001406,2026-03-23 11:00:00,DELIVERED
WA00004500,A003961,2026-06-19 12:00:00,READ
WA00004501,A000362,2026-03-26 21:00:00,SENT
WA00004502,A002196,2026-07-04 19:00:00,FAILED
WA00004503,A001196,2026-01-07 17:00:00,SENT
WA00004504,A001293,2026-07-11 13:00:00,DELIVERED
WA00004505,A000244,2025-11-11 08:00:00,DELIVERED
WA00004506,A000753,2026-03-01 22:00:00,READ
WA00004507,A002487,2025-11-04 08:00:00,FAILED
WA00004508,A003955,2026-07-20 11:00:00,READ
WA00004509,A000461,2026-02-15 10:00:00,DELIVERED
WA00004510,A000209,2026-05-27 18:00:00,DELIVERED
WA00004511,A000624,2025-11-27 22:00:00,DELIVERED
WA00004512,A000163,2025-11-01 13:00:00,READ
WA00004513,A002504,2026-02-14 07:00:00,FAILED
WA00004514,A000461,2026-08-24 22:00:00,SENT
WA00004515,A001203,2026-05-14 17:00:00,DELIVERED
WA00004516,A003804,2026-05-14 09:00:00,SENT
WA00004517,A003139,2025-10-21 12:00:00,SENT
WA00004518,A000008,2025-11-05 21:00:00,SENT
WA00004519,A001271,2026-03-18 08:00:00,READ
WA00004520,A000237,2026-05-04 15:00:00,DELIVERED
WA00004521,A000449,2025-12-09 18:00:00,SENT
WA00004522,A000107,2026-01-17 07:00:00,DELIVERED
WA00004523,A003394,2026-05-05 18:00:00,READ
WA00004524,A001813,2025-09-23 08:00:00,SENT
WA00004525,A000331,2026-02-04 16:00:00,DELIVERED
WA00004526,A000512,2026-06-12 09:00:00,SENT
WA00004527,A003052,2025-11-13 19:00:00,DELIVERED
WA00004528,A004016,2026-07-17 13:00:00,FAILED
WA00004529,A003303,2026-01-14 21:00:00,FAILED
WA00004530,A002255,2026-02-12 11:00:00,DELIVERED
WA00004531,A000799,2026-03-25 09:00:00,READ
WA00004532,A002191,2026-05-19 18:00:00,REPLIED
WA00004533,A002567,2026-01-09 07:00:00,DELIVERED
WA00004534,A001917,2026-03-21 20:00:00,DELIVERED
WA00004535,A000170,2025-12-05 08:00:00,READ
WA00004536,A002554,2026-07-08 10:00:00,READ
WA00004537,A001121,2026-07-05 19:00:00,READ
WA00004538,A003419,2025-11-01 19:00:00,READ
WA00004539,A002632,2025-09-14 20:00:00,READ
WA00004540,A003434,2026-05-04 07:00:00,READ
WA00004541,A002158,2025-11-05 18:00:00,FAILED
WA00004542,A001010,2026-07-16 22:00:00,DELIVERED
WA00004543,A000226,2026-04-27 08:00:00,FAILED
WA00004544,A001966,2026-05-24 07:00:00,FAILED
WA00004545,A002713,2026-07-25 11:00:00,READ
WA00004546,A000196,2025-12-23 21:00:00,DELIVERED
WA00004547,A000168,2026-01-12 21:00:00,READ
WA00004548,A000965,2025-11-26 09:00:00,DELIVERED
WA00004549,A000115,2026-02-09 19:00:00,DELIVERED
WA00004550,A003044,2026-05-23 11:00:00,READ
WA00004551,A000003,2025-12-04 07:00:00,FAILED
WA00004552,A004035,2025-09-18 22:00:00,DELIVERED
WA00004553,A001743,2025-10-20 21:00:00,READ
WA00004554,A000631,2026-02-26 12:00:00,DELIVERED
WA00004555,A000864,2026-02-01 19:00:00,DELIVERED
WA00004556,A002789,2025-12-17 10:00:00,DELIVERED
WA00004557,A002390,2025-10-22 14:00:00,REPLIED
WA00004558,A003078,2025-11-24 17:00:00,DELIVERED
WA00004559,A001521,2025-11-19 16:00:00,DELIVERED
WA00004560,A001535,2025-12-13 19:00:00,SENT
WA00004561,A003699,2026-03-21 17:00:00,DELIVERED
WA00004562,A003205,2025-11-27 19:00:00,REPLIED
WA00004563,A002484,2026-02-03 15:00:00,SENT
WA00004564,A004182,2026-03-25 21:00:00,READ
WA00004565,A002012,2026-05-10 20:00:00,DELIVERED
WA00004566,A002396,2026-06-13 19:00:00,DELIVERED
WA00004567,A001170,2026-05-08 21:00:00,READ
WA00004568,A003522,2026-08-11 22:00:00,READ
WA00004569,A004129,2025-09-23 12:00:00,READ
WA00004570,A001935,2026-05-22 13:00:00,SENT
WA00004571,A003909,2026-04-09 19:00:00,FAILED
WA00004572,A001557,2026-04-13 10:00:00,DELIVERED
WA00004573,A003906,2026-03-05 16:00:00,REPLIED
WA00004574,A003244,2026-08-11 13:00:00,FAILED
WA00004575,A002504,2025-11-07 12:00:00,DELIVERED
WA00004576,A004193,2026-08-07 16:00:00,DELIVERED
WA00004577,A001537,2025-09-05 16:00:00,READ
WA00004578,A002929,2025-09-27 13:00:00,READ
WA00004579,A000278,2026-05-12 11:00:00,DELIVERED
WA00004580,A001634,2026-05-14 07:00:00,SENT
WA00004581,A000495,2026-05-07 07:00:00,SENT
WA00004582,A002392,2026-06-04 11:00:00,READ
WA00004583,A003906,2025-10-20 16:00:00,DELIVERED
WA00004584,A003701,2026-07-21 20:00:00,READ
WA00004585,A001652,2025-09-14 15:00:00,READ
WA00004586,A000343,2026-07-10 08:00:00,READ
WA00004587,A001201,2025-09-27 18:00:00,READ
WA00004588,A001043,2026-01-17 11:00:00,SENT
WA00004589,A000842,2026-08-17 20:00:00,READ
WA00004590,A001024,2026-04-27 20:00:00,REPLIED
WA00004591,A002302,2026-04-17 10:00:00,READ
WA00004592,A000395,2025-09-07 17:00:00,DELIVERED
WA00004593,A002448,2026-05-08 20:00:00,READ
WA00004594,A000579,2026-04-24 15:00:00,READ
WA00004595,A003332,2026-06-19 11:00:00,DELIVERED
WA00004596,A000266,2026-08-18 20:00:00,SENT
WA00004597,A004149,2025-10-23 13:00:00,REPLIED
WA00004598,A001122,2025-09-08 09:00:00,SENT
WA00004599,A000838,2026-02-20 19:00:00,REPLIED
WA00004600,A004198,2026-03-15 16:00:00,FAILED
WA00004601,A001164,2025-11-12 11:00:00,REPLIED
WA00004602,A004190,2026-07-18 21:00:00,DELIVERED
WA00004603,A003303,2026-01-14 07:00:00,DELIVERED
WA00004604,A001308,2026-04-01 07:00:00,SENT
WA00004605,A001827,2026-03-10 08:00:00,DELIVERED
WA00004606,A001232,2026-03-21 10:00:00,FAILED
WA00004607,A001812,2026-08-18 12:00:00,DELIVERED
WA00004608,A003234,2025-11-18 17:00:00,SENT
WA00004609,A003870,2026-01-21 20:00:00,READ
WA00004610,A003688,2025-12-21 16:00:00,READ
WA00004611,A003734,2026-07-01 20:00:00,READ
WA00004612,A001439,2026-08-23 16:00:00,SENT
WA00004613,A003813,2025-09-14 10:00:00,DELIVERED
WA00004614,A002919,2025-11-13 10:00:00,DELIVERED
WA00004615,A001099,2026-02-20 11:00:00,DELIVERED
WA00004616,A001544,2026-06-18 19:00:00,READ
WA00004617,A002340,2026-03-23 12:00:00,DELIVERED
WA00004618,A000082,2026-05-19 08:00:00,READ
WA00004619,A001966,2026-06-11 14:00:00,DELIVERED
WA00004620,A000728,2026-01-03 20:00:00,DELIVERED
WA00004621,A003825,2026-06-12 19:00:00,REPLIED
WA00004622,A002712,2026-04-08 18:00:00,DELIVERED
WA00004623,A003141,2025-09-14 17:00:00,DELIVERED
WA00004624,A004029,2026-03-04 09:00:00,DELIVERED
WA00004625,A002346,2026-03-01 07:00:00,FAILED
WA00004626,A003649,2026-02-06 19:00:00,FAILED
WA00004627,A001866,2026-04-14 17:00:00,FAILED
WA00004628,A000804,2025-11-22 08:00:00,READ
WA00004629,A004156,2026-01-02 21:00:00,DELIVERED
WA00004630,A001848,2025-10-06 22:00:00,SENT
WA00004631,A003160,2026-05-20 12:00:00,REPLIED
WA00004632,A002082,2026-07-12 20:00:00,FAILED
WA00004633,A002538,2026-01-04 16:00:00,REPLIED
WA00004634,A003877,2026-05-10 07:00:00,REPLIED
WA00004635,A002671,2025-11-18 21:00:00,DELIVERED
WA00004636,A000498,2025-10-02 13:00:00,DELIVERED
WA00004637,A002105,2025-11-14 11:00:00,READ
WA00004638,A003290,2026-07-20 15:00:00,READ
WA00004639,A003501,2026-01-23 09:00:00,DELIVERED
WA00004640,A002109,2026-02-13 16:00:00,SENT
WA00004641,A001767,2026-07-09 13:00:00,FAILED
WA00004642,A002548,2025-12-20 12:00:00,DELIVERED
WA00004643,A000117,2026-05-03 17:00:00,READ
WA00004644,A000367,2025-09-12 13:00:00,SENT
WA00004645,A003591,2025-12-21 08:00:00,DELIVERED
WA00004646,A002285,2026-05-17 20:00:00,REPLIED
WA00004647,A003972,2025-11-18 15:00:00,DELIVERED
WA00004648,A002666,2026-02-13 20:00:00,READ
WA00004649,A000819,2025-11-13 10:00:00,DELIVERED
WA00004650,A000188,2026-07-02 22:00:00,DELIVERED
WA00004651,A000389,2025-12-22 15:00:00,FAILED
WA00004652,A001753,2026-07-19 14:00:00,DELIVERED
WA00004653,A001984,2026-04-07 22:00:00,DELIVERED
WA00004654,A002894,2025-11-12 17:00:00,REPLIED
WA00004655,A003903,2025-12-17 21:00:00,SENT
WA00004656,A002009,2026-01-22 15:00:00,READ
WA00004657,A003740,2026-06-16 10:00:00,DELIVERED
WA00004658,A000791,2026-06-12 07:00:00,REPLIED
WA00004659,A000033,2025-09-11 07:00:00,READ
WA00004660,A004089,2026-04-10 19:00:00,SENT
WA00004661,A002117,2026-08-06 21:00:00,READ
WA00004662,A002725,2025-11-21 13:00:00,DELIVERED
WA00004663,A001532,2026-02-23 15:00:00,REPLIED
WA00004664,A003367,2026-03-18 17:00:00,FAILED
WA00004665,A002778,2026-03-11 16:00:00,READ
WA00004666,A003333,2025-10-25 13:00:00,READ
WA00004667,A001174,2026-05-25 19:00:00,DELIVERED
WA00004668,A000307,2025-11-13 10:00:00,DELIVERED
WA00004669,A001854,2026-08-25 13:00:00,REPLIED
WA00004670,A004048,2026-05-22 20:00:00,FAILED
WA00004671,A002169,2025-09-14 07:00:00,READ
WA00004672,A001578,2026-02-20 20:00:00,READ
WA00004673,A000781,2025-10-23 07:00:00,READ
WA00004674,A001708,2026-02-09 14:00:00,SENT
WA00004675,A000361,2025-11-04 14:00:00,DELIVERED
WA00004676,A000899,2025-10-19 15:00:00,REPLIED
WA00004677,A001347,2026-07-11 16:00:00,DELIVERED
WA00004678,A004187,2025-12-07 16:00:00,SENT
WA00004679,A002944,2025-11-26 09:00:00,DELIVERED
WA00004680,A002461,2025-10-10 22:00:00,REPLIED
WA00004681,A000702,2025-09-18 22:00:00,REPLIED
WA00004682,A002806,2026-03-14 11:00:00,READ
WA00004683,A002250,2026-08-18 08:00:00,DELIVERED
WA00004684,A003765,2025-09-19 14:00:00,DELIVERED
WA00004685,A003325,2025-12-18 16:00:00,REPLIED
WA00004686,A000992,2026-08-11 22:00:00,DELIVERED
WA00004687,A002449,2026-02-18 17:00:00,DELIVERED
WA00004688,A003164,2026-08-22 11:00:00,REPLIED
WA00004689,A004082,2025-12-24 16:00:00,DELIVERED
WA00004690,A002248,2025-11-21 19:00:00,DELIVERED
WA00004691,A003022,2026-02-19 21:00:00,READ
WA00004692,A001594,2026-07-22 20:00:00,DELIVERED
WA00004693,A000745,2026-01-24 19:00:00,DELIVERED
WA00004694,A004085,2025-11-27 13:00:00,SENT
WA00004695,A003115,2025-12-05 12:00:00,READ
WA00004696,A001413,2026-04-11 09:00:00,REPLIED
WA00004697,A002900,2026-08-20 13:00:00,SENT
WA00004698,A003674,2026-03-16 20:00:00,DELIVERED
WA00004699,A003526,2026-04-21 18:00:00,DELIVERED
WA00004700,A000551,2026-02-11 19:00:00,REPLIED
WA00004701,A003065,2026-05-21 10:00:00,READ
WA00004702,A001897,2025-10-08 19:00:00,DELIVERED
WA00004703,A003510,2026-02-26 20:00:00,READ
WA00004704,A000007,2026-04-03 17:00:00,DELIVERED
WA00004705,A001476,2026-03-19 14:00:00,FAILED
WA00004706,A003782,2025-12-08 09:00:00,DELIVERED
WA00004707,A002846,2026-01-16 16:00:00,FAILED
WA00004708,A000464,2025-11-26 11:00:00,DELIVERED
WA00004709,A001788,2025-09-11 08:00:00,REPLIED
WA00004710,A004145,2026-07-13 18:00:00,REPLIED
WA00004711,A003596,2026-07-14 13:00:00,SENT
WA00004712,A001647,2026-07-11 08:00:00,READ
WA00004713,A001045,2026-01-20 12:00:00,DELIVERED
WA00004714,A001118,2025-12-03 16:00:00,REPLIED
WA00004715,A003748,2025-09-15 08:00:00,DELIVERED
WA00004716,A001166,2026-07-21 12:00:00,READ
WA00004717,A002399,2026-08-04 20:00:00,READ
WA00004718,A003148,2026-04-25 09:00:00,SENT
WA00004719,A003249,2025-12-25 16:00:00,READ
WA00004720,A003562,2026-01-21 07:00:00,REPLIED
WA00004721,A002852,2025-10-10 19:00:00,REPLIED
WA00004722,A000955,2026-06-05 13:00:00,REPLIED
WA00004723,A002017,2025-11-07 09:00:00,FAILED
WA00004724,A000683,2026-01-22 08:00:00,FAILED
WA00004725,A004160,2025-10-09 07:00:00,REPLIED
WA00004726,A002338,2026-01-23 13:00:00,DELIVERED
WA00004727,A001950,2026-05-14 15:00:00,DELIVERED
WA00004728,A000843,2026-07-18 21:00:00,READ
WA00004729,A002848,2025-09-25 07:00:00,DELIVERED
WA00004730,A003607,2025-12-13 10:00:00,DELIVERED
WA00004731,A001479,2026-01-23 15:00:00,REPLIED
WA00004732,A003864,2026-03-13 13:00:00,DELIVERED
WA00004733,A003049,2025-12-03 21:00:00,REPLIED
WA00004734,A002598,2026-01-12 12:00:00,DELIVERED
WA00004735,A002689,2025-12-04 13:00:00,SENT
WA00004736,A002785,2025-10-23 17:00:00,READ
WA00004737,A000425,2025-12-18 08:00:00,READ
WA00004738,A002784,2025-10-27 19:00:00,SENT
WA00004739,A002721,2026-06-10 11:00:00,DELIVERED
WA00004740,A001774,2026-05-05 12:00:00,DELIVERED
WA00004741,A002073,2026-08-17 13:00:00,READ
WA00004742,A001764,2025-10-17 13:00:00,READ
WA00004743,A003373,2026-01-25 21:00:00,DELIVERED
WA00004744,A000054,2025-11-19 08:00:00,DELIVERED
WA00004745,A000068,2025-09-20 21:00:00,REPLIED
WA00004746,A000425,2026-05-08 20:00:00,REPLIED
WA00004747,A003550,2025-12-22 21:00:00,READ
WA00004748,A000885,2025-12-20 11:00:00,REPLIED
WA00004749,A001524,2026-07-03 07:00:00,READ
WA00004750,A002993,2026-08-11 16:00:00,READ
WA00004751,A003891,2026-03-19 16:00:00,DELIVERED
WA00004752,A002862,2026-01-27 07:00:00,DELIVERED
WA00004753,A000171,2026-04-13 11:00:00,DELIVERED
WA00004754,A002582,2026-07-25 10:00:00,SENT
WA00004755,A000371,2025-12-23 18:00:00,DELIVERED
WA00004756,A001835,2026-04-04 21:00:00,READ
WA00004757,A000973,2025-09-10 17:00:00,REPLIED
WA00004758,A003806,2026-06-27 07:00:00,READ
WA00004759,A000190,2025-10-15 17:00:00,DELIVERED
WA00004760,A000221,2026-02-26 14:00:00,DELIVERED
WA00004761,A002044,2026-03-11 17:00:00,SENT
WA00004762,A002694,2025-09-20 18:00:00,READ
WA00004763,A004146,2026-02-08 15:00:00,SENT
WA00004764,A001215,2026-04-04 15:00:00,REPLIED
WA00004765,A000972,2026-06-03 18:00:00,REPLIED
WA00004766,A000544,2026-08-26 15:00:00,READ
WA00004767,A002115,2025-11-03 13:00:00,READ
WA00004768,A001740,2026-07-14 19:00:00,REPLIED
WA00004769,A001409,2026-05-24 17:00:00,SENT
WA00004770,A003952,2026-03-14 16:00:00,READ
WA00004771,A004046,2026-08-15 15:00:00,DELIVERED
WA00004772,A000641,2026-08-14 07:00:00,REPLIED
WA00004773,A001904,2025-12-23 13:00:00,FAILED
WA00004774,A003918,2025-10-09 11:00:00,DELIVERED
WA00004775,A003786,2026-01-22 12:00:00,READ
WA00004776,A000515,2026-03-07 11:00:00,DELIVERED
WA00004777,A003311,2025-10-16 19:00:00,DELIVERED
WA00004778,A000235,2026-04-21 17:00:00,DELIVERED
WA00004779,A000524,2025-12-27 18:00:00,READ
WA00004780,A003288,2025-10-26 14:00:00,SENT
WA00004781,A001882,2025-09-20 14:00:00,READ
WA00004782,A003232,2026-06-16 17:00:00,DELIVERED
WA00004783,A000429,2026-07-15 09:00:00,READ
WA00004784,A003148,2026-07-03 18:00:00,SENT
WA00004785,A000100,2026-08-16 21:00:00,SENT
WA00004786,A003872,2025-09-14 21:00:00,SENT
WA00004787,A001671,2025-09-11 16:00:00,FAILED
WA00004788,A003686,2026-08-22 11:00:00,FAILED
WA00004789,A001069,2025-10-26 07:00:00,DELIVERED
WA00004790,A000672,2025-11-07 21:00:00,DELIVERED
WA00004791,A001336,2026-03-19 12:00:00,REPLIED
WA00004792,A003899,2026-01-10 13:00:00,REPLIED
WA00004793,A002067,2026-06-04 21:00:00,FAILED
WA00004794,A000216,2025-10-09 16:00:00,FAILED
WA00004795,A000802,2025-11-14 18:00:00,DELIVERED
WA00004796,A002888,2026-05-08 15:00:00,DELIVERED
WA00004797,A003877,2026-01-22 16:00:00,REPLIED
WA00004798,A002006,2025-09-12 17:00:00,FAILED
WA00004799,A001423,2026-07-04 11:00:00,REPLIED
WA00004800,A002236,2026-07-03 15:00:00,DELIVERED
WA00004801,A001123,2026-02-06 17:00:00,REPLIED
WA00004802,A003172,2025-10-26 14:00:00,REPLIED
WA00004803,A002249,2026-03-26 14:00:00,FAILED
WA00004804,A001533,2025-10-10 17:00:00,SENT
WA00004805,A001098,2026-04-25 12:00:00,DELIVERED
WA00004806,A004053,2025-11-25 21:00:00,READ
WA00004807,A004099,2026-06-20 14:00:00,DELIVERED
WA00004808,A002976,2026-01-23 12:00:00,SENT
WA00004809,A002182,2026-03-06 14:00:00,DELIVERED
WA00004810,A004038,2025-09-15 07:00:00,REPLIED
WA00004811,A002498,2026-07-25 15:00:00,REPLIED
WA00004812,A001062,2026-03-08 17:00:00,DELIVERED
WA00004813,A001678,2026-03-13 21:00:00,REPLIED
WA00004814,A002626,2026-08-05 20:00:00,READ
WA00004815,A003696,2026-07-20 22:00:00,SENT
WA00004816,A003803,2025-11-17 14:00:00,READ
WA00004817,A003439,2026-02-17 08:00:00,DELIVERED
WA00004818,A003181,2025-12-06 13:00:00,DELIVERED
WA00004819,A003560,2025-09-21 18:00:00,FAILED
WA00004820,A000807,2026-03-20 07:00:00,REPLIED
WA00004821,A003932,2025-11-09 22:00:00,DELIVERED
WA00004822,A003892,2026-02-25 18:00:00,DELIVERED
WA00004823,A003585,2026-02-12 20:00:00,REPLIED
WA00004824,A000747,2025-11-18 17:00:00,DELIVERED
WA00004825,A001909,2025-09-16 19:00:00,READ
WA00004826,A003607,2026-02-14 12:00:00,DELIVERED
WA00004827,A001284,2026-02-11 15:00:00,FAILED
WA00004828,A000455,2025-09-27 19:00:00,READ
WA00004829,A003094,2025-10-21 13:00:00,DELIVERED
WA00004830,A000516,2026-01-24 18:00:00,DELIVERED
WA00004831,A003245,2025-11-27 11:00:00,DELIVERED
WA00004832,A003519,2026-03-16 20:00:00,SENT
WA00004833,A002449,2025-09-15 13:00:00,DELIVERED
WA00004834,A000500,2025-11-24 09:00:00,READ
WA00004835,A003948,2025-10-06 20:00:00,DELIVERED
WA00004836,A003407,2026-01-06 19:00:00,FAILED
WA00004837,A003160,2026-02-11 18:00:00,READ
WA00004838,A003345,2026-04-14 12:00:00,REPLIED
WA00004839,A001804,2026-03-13 10:00:00,READ
WA00004840,A002152,2026-01-13 09:00:00,SENT
WA00004841,A003736,2026-06-23 17:00:00,DELIVERED
WA00004842,A002524,2026-07-25 16:00:00,FAILED
WA00004843,A001593,2026-02-11 07:00:00,DELIVERED
WA00004844,A000549,2026-03-10 12:00:00,SENT
WA00004845,A002528,2025-09-21 10:00:00,FAILED
WA00004846,A002538,2025-10-15 21:00:00,DELIVERED
WA00004847,A002016,2026-08-15 11:00:00,READ
WA00004848,A001212,2025-11-05 14:00:00,REPLIED
WA00004849,A001425,2025-12-06 09:00:00,READ
WA00004850,A000279,2025-09-08 15:00:00,READ
WA00004851,A003984,2026-08-19 12:00:00,SENT
WA00004852,A000840,2026-03-03 21:00:00,READ
WA00004853,A000546,2025-09-26 18:00:00,REPLIED
WA00004854,A000943,2026-06-24 10:00:00,DELIVERED
WA00004855,A000151,2026-02-22 11:00:00,READ
WA00004856,A001378,2026-01-04 21:00:00,FAILED
WA00004857,A000324,2026-06-20 09:00:00,DELIVERED
WA00004858,A001206,2025-09-26 22:00:00,REPLIED
WA00004859,A000722,2025-09-06 10:00:00,READ
WA00004860,A000391,2026-03-04 22:00:00,REPLIED
WA00004861,A002468,2026-04-15 22:00:00,DELIVERED
WA00004862,A003133,2026-08-26 15:00:00,DELIVERED
WA00004863,A003597,2026-03-03 07:00:00,SENT
WA00004864,A002271,2026-04-09 11:00:00,REPLIED
WA00004865,A002843,2026-02-22 14:00:00,SENT
WA00004866,A000859,2025-10-23 21:00:00,DELIVERED
WA00004867,A001277,2026-08-01 17:00:00,READ
WA00004868,A001016,2026-04-02 16:00:00,REPLIED
WA00004869,A001496,2026-02-17 11:00:00,SENT
WA00004870,A001032,2026-01-23 22:00:00,DELIVERED
WA00004871,A000048,2026-01-18 07:00:00,REPLIED
WA00004872,A000515,2025-12-12 16:00:00,READ
WA00004873,A000726,2026-06-23 21:00:00,DELIVERED
WA00004874,A000474,2026-03-12 18:00:00,DELIVERED
WA00004875,A000385,2025-09-16 21:00:00,SENT
WA00004876,A001360,2026-05-08 17:00:00,DELIVERED
WA00004877,A002561,2026-08-23 09:00:00,READ
WA00004878,A001585,2026-06-01 19:00:00,DELIVERED
WA00004879,A000255,2025-11-05 09:00:00,READ
WA00004880,A003280,2026-06-27 17:00:00,SENT
WA00004881,A001745,2026-08-06 20:00:00,READ
WA00004882,A000939,2025-09-19 14:00:00,REPLIED
WA00004883,A002003,2026-07-13 12:00:00,SENT
WA00004884,A003707,2025-09-18 12:00:00,READ
WA00004885,A002101,2025-11-15 15:00:00,REPLIED
WA00004886,A001221,2026-05-08 11:00:00,DELIVERED
WA00004887,A000809,2026-06-16 21:00:00,DELIVERED
WA00004888,A000134,2026-07-14 16:00:00,DELIVERED
WA00004889,A003365,2025-11-03 15:00:00,READ
WA00004890,A000250,2026-06-11 17:00:00,SENT
WA00004891,A001531,2026-05-11 22:00:00,READ
WA00004892,A004024,2025-12-15 21:00:00,SENT
WA00004893,A000077,2025-11-26 20:00:00,REPLIED
WA00004894,A002863,2026-01-19 20:00:00,DELIVERED
WA00004895,A000126,2026-05-11 07:00:00,READ
WA00004896,A003921,2025-12-01 15:00:00,DELIVERED
WA00004897,A000072,2026-04-19 15:00:00,READ
WA00004898,A002792,2026-04-02 10:00:00,READ
WA00004899,A002577,2026-08-01 13:00:00,DELIVERED
WA00004900,A003625,2025-11-21 14:00:00,READ
WA00004901,A003239,2026-04-11 07:00:00,READ
WA00004902,A000979,2026-01-13 08:00:00,DELIVERED
WA00004903,A002106,2025-12-27 15:00:00,SENT
WA00004904,A003726,2026-07-03 13:00:00,READ
WA00004905,A000607,2026-03-07 20:00:00,FAILED
WA00004906,A001819,2026-08-08 20:00:00,DELIVERED
WA00004907,A002054,2026-02-08 16:00:00,READ
WA00004908,A002867,2025-12-17 22:00:00,REPLIED
WA00004909,A003570,2026-03-03 12:00:00,REPLIED
WA00004910,A001944,2025-10-24 10:00:00,DELIVERED
WA00004911,A003050,2025-09-18 10:00:00,READ
WA00004912,A001529,2026-04-22 10:00:00,SENT
WA00004913,A000800,2026-08-25 17:00:00,REPLIED
WA00004914,A001110,2026-05-17 16:00:00,DELIVERED
WA00004915,A001730,2026-02-07 13:00:00,DELIVERED
WA00004916,A000665,2026-06-19 12:00:00,READ
WA00004917,A003768,2026-02-13 17:00:00,READ
WA00004918,A001645,2026-01-15 08:00:00,DELIVERED
WA00004919,A000514,2026-05-03 22:00:00,READ
WA00004920,A001849,2026-08-16 22:00:00,FAILED
WA00004921,A001382,2025-11-23 22:00:00,DELIVERED
WA00004922,A002847,2026-05-19 15:00:00,READ
WA00004923,A001608,2026-03-21 16:00:00,READ
WA00004924,A001950,2025-12-12 21:00:00,SENT
WA00004925,A001332,2026-08-16 09:00:00,DELIVERED
WA00004926,A003004,2025-11-03 15:00:00,SENT
WA00004927,A000457,2026-06-01 16:00:00,REPLIED
WA00004928,A001511,2026-04-25 09:00:00,DELIVERED
WA00004929,A002978,2026-04-04 13:00:00,DELIVERED
WA00004930,A002399,2025-09-21 10:00:00,SENT
WA00004931,A002335,2026-08-21 12:00:00,REPLIED
WA00004932,A000120,2026-08-23 20:00:00,FAILED
WA00004933,A000427,2026-07-27 21:00:00,DELIVERED
WA00004934,A002124,2026-06-19 09:00:00,SENT
WA00004935,A002216,2025-11-06 07:00:00,READ
WA00004936,A002773,2026-08-05 20:00:00,SENT
WA00004937,A001696,2026-02-18 11:00:00,DELIVERED
WA00004938,A001325,2026-03-06 22:00:00,DELIVERED
WA00004939,A002568,2026-08-11 09:00:00,SENT
WA00004940,A000184,2026-02-18 14:00:00,READ
WA00004941,A002015,2026-04-24 14:00:00,FAILED
WA00004942,A001331,2026-05-06 11:00:00,REPLIED
WA00004943,A000732,2026-02-22 16:00:00,READ
WA00004944,A002437,2026-01-15 08:00:00,DELIVERED
WA00004945,A002590,2025-12-20 10:00:00,FAILED
WA00004946,A000655,2026-03-20 14:00:00,SENT
WA00004947,A001701,2025-12-20 08:00:00,DELIVERED
WA00004948,A001736,2026-04-26 10:00:00,DELIVERED
WA00004949,A004077,2025-11-17 15:00:00,SENT
WA00004950,A003234,2025-09-18 22:00:00,DELIVERED
WA00004951,A002247,2026-03-26 09:00:00,SENT
WA00004952,A002572,2026-01-07 12:00:00,DELIVERED
WA00004953,A001712,2025-10-03 15:00:00,SENT
WA00004954,A000372,2026-05-23 16:00:00,DELIVERED
WA00004955,A001888,2025-09-07 09:00:00,SENT
WA00004956,A001186,2026-02-18 15:00:00,DELIVERED
WA00004957,A001267,2026-05-19 16:00:00,DELIVERED
WA00004958,A001608,2026-07-05 22:00:00,READ
WA00004959,A000478,2026-08-08 12:00:00,READ
WA00004960,A003788,2026-04-17 07:00:00,READ
WA00004961,A001789,2026-08-18 12:00:00,REPLIED
WA00004962,A003778,2026-06-10 19:00:00,DELIVERED
WA00004963,A001843,2025-11-12 22:00:00,REPLIED
WA00004964,A001240,2026-03-02 09:00:00,READ
WA00004965,A001699,2026-02-15 10:00:00,READ
WA00004966,A001992,2026-07-01 22:00:00,REPLIED
WA00004967,A003653,2026-03-13 19:00:00,READ
WA00004968,A001750,2026-06-22 18:00:00,FAILED
WA00004969,A000923,2026-07-27 07:00:00,REPLIED
WA00004970,A003421,2025-09-19 09:00:00,DELIVERED
WA00004971,A000905,2026-07-03 16:00:00,SENT
WA00004972,A000649,2026-02-14 08:00:00,READ
WA00004973,A002879,2026-06-22 18:00:00,FAILED
WA00004974,A003411,2025-10-19 13:00:00,READ
WA00004975,A001462,2026-01-27 09:00:00,REPLIED
WA00004976,A000757,2026-07-19 13:00:00,REPLIED
WA00004977,A000120,2026-03-21 16:00:00,DELIVERED
WA00004978,A000873,2026-02-21 17:00:00,READ
WA00004979,A003345,2026-07-12 18:00:00,SENT
WA00004980,A002331,2025-12-14 18:00:00,FAILED
WA00004981,A004085,2026-06-09 13:00:00,FAILED
WA00004982,A002901,2025-09-03 11:00:00,DELIVERED
WA00004983,A003491,2026-03-14 19:00:00,DELIVERED
WA00004984,A002752,2026-05-25 12:00:00,DELIVERED
WA00004985,A003306,2026-05-03 18:00:00,REPLIED
WA00004986,A000152,2026-06-26 11:00:00,DELIVERED
WA00004987,A003697,2026-01-19 13:00:00,REPLIED
WA00004988,A001997,2026-04-18 10:00:00,REPLIED
WA00004989,A003043,2026-07-10 16:00:00,READ
WA00004990,A000951,2025-10-24 07:00:00,SENT
WA00004991,A001908,2026-08-14 14:00:00,REPLIED
WA00004992,A002771,2025-10-03 15:00:00,READ
WA00004993,A004199,2026-05-16 08:00:00,DELIVERED
WA00004994,A000883,2026-03-23 17:00:00,FAILED
WA00004995,A002984,2025-11-19 21:00:00,SENT
WA00004996,A000348,2025-12-03 22:00:00,DELIVERED
WA00004997,A002885,2026-06-04 22:00:00,REPLIED
WA00004998,A001591,2025-11-04 13:00:00,DELIVERED
WA00004999,A000151,2025-10-04 17:00:00,READ
WA00005000,A002199,2026-02-16 16:00:00,DELIVERED
WA00005001,A000366,2026-05-12 21:00:00,DELIVERED
WA00005002,A001179,2025-11-17 21:00:00,READ
WA00005003,A000752,2026-03-12 12:00:00,DELIVERED
WA00005004,A002760,2026-03-22 11:00:00,SENT
WA00005005,A001888,2026-04-19 13:00:00,DELIVERED
WA00005006,A001949,2025-10-05 16:00:00,FAILED
WA00005007,A001431,2026-08-15 19:00:00,SENT
WA00005008,A002825,2026-04-12 13:00:00,READ
WA00005009,A002473,2025-12-18 17:00:00,SENT
WA00005010,A004139,2025-10-27 07:00:00,SENT
WA00005011,A002761,2025-10-23 17:00:00,DELIVERED
WA00005012,A002215,2026-05-01 21:00:00,READ
WA00005013,A004044,2026-08-11 13:00:00,DELIVERED
WA00005014,A002207,2026-08-19 08:00:00,READ
WA00005015,A002656,2026-01-12 10:00:00,READ
WA00005016,A002306,2025-12-21 22:00:00,DELIVERED
WA00005017,A003184,2026-03-05 07:00:00,REPLIED
WA00005018,A004035,2026-01-08 21:00:00,DELIVERED
WA00005019,A001483,2026-01-19 20:00:00,READ
WA00005020,A001993,2025-10-16 13:00:00,SENT
WA00005021,A001013,2026-01-21 18:00:00,SENT
WA00005022,A001230,2026-03-03 11:00:00,DELIVERED
WA00005023,A003553,2025-12-07 07:00:00,SENT
WA00005024,A002431,2026-02-26 14:00:00,DELIVERED
WA00005025,A003453,2026-05-05 12:00:00,DELIVERED
WA00005026,A002519,2026-04-09 22:00:00,SENT
WA00005027,A002262,2026-04-15 08:00:00,REPLIED
WA00005028,A000294,2026-02-06 12:00:00,READ
WA00005029,A003253,2025-12-03 18:00:00,REPLIED
WA00005030,A001115,2026-02-16 11:00:00,SENT
WA00005031,A000058,2025-12-02 18:00:00,DELIVERED
WA00005032,A001750,2025-10-01 09:00:00,REPLIED
WA00005033,A003580,2026-02-22 13:00:00,SENT
WA00005034,A000801,2026-03-26 08:00:00,READ
WA00005035,A002530,2026-07-22 14:00:00,READ
WA00005036,A001685,2026-07-20 07:00:00,SENT
WA00005037,A002800,2025-11-14 09:00:00,READ
WA00005038,A000558,2025-09-23 22:00:00,SENT
WA00005039,A000668,2025-12-15 22:00:00,REPLIED
WA00005040,A001203,2025-10-06 09:00:00,READ
WA00005041,A003243,2026-02-16 19:00:00,REPLIED
WA00005042,A002567,2026-03-27 11:00:00,DELIVERED
WA00005043,A003024,2025-09-15 08:00:00,SENT
WA00005044,A000453,2025-09-08 10:00:00,SENT
WA00005045,A004082,2026-06-10 16:00:00,READ
WA00005046,A000027,2025-12-26 22:00:00,READ
WA00005047,A003702,2025-10-10 14:00:00,REPLIED
WA00005048,A004191,2026-02-16 13:00:00,READ
WA00005049,A003170,2026-04-04 12:00:00,DELIVERED
WA00005050,A002111,2026-01-12 21:00:00,READ
WA00005051,A002275,2026-06-12 19:00:00,DELIVERED
WA00005052,A000343,2025-10-24 14:00:00,DELIVERED
WA00005053,A000564,2025-09-21 15:00:00,FAILED
WA00005054,A001803,2026-07-15 11:00:00,FAILED
WA00005055,A003236,2025-09-02 15:00:00,REPLIED
WA00005056,A002866,2025-12-20 13:00:00,SENT
WA00005057,A000503,2026-07-22 09:00:00,DELIVERED
WA00005058,A002060,2025-12-10 13:00:00,SENT
WA00005059,A002096,2026-03-14 14:00:00,DELIVERED
WA00005060,A000822,2026-01-17 07:00:00,DELIVERED
WA00005061,A001311,2026-02-15 19:00:00,READ
WA00005062,A000026,2026-01-09 22:00:00,REPLIED
WA00005063,A002295,2026-01-02 21:00:00,REPLIED
WA00005064,A004105,2025-12-08 20:00:00,SENT
WA00005065,A000514,2025-10-23 19:00:00,DELIVERED
WA00005066,A003306,2026-07-15 15:00:00,READ
WA00005067,A003108,2026-05-25 16:00:00,SENT
WA00005068,A002567,2026-02-16 11:00:00,READ
WA00005069,A001238,2026-07-10 17:00:00,FAILED
WA00005070,A001109,2025-10-19 13:00:00,READ
WA00005071,A002762,2025-09-25 18:00:00,READ
WA00005072,A002693,2026-04-24 17:00:00,READ
WA00005073,A003792,2026-02-18 18:00:00,READ
WA00005074,A002143,2026-03-22 16:00:00,FAILED
WA00005075,A002411,2026-07-21 13:00:00,REPLIED
WA00005076,A003284,2025-10-02 08:00:00,SENT
WA00005077,A003906,2026-06-11 14:00:00,READ
WA00005078,A001838,2025-09-22 16:00:00,SENT
WA00005079,A002310,2025-12-06 12:00:00,DELIVERED
WA00005080,A001048,2025-12-13 14:00:00,READ
WA00005081,A001920,2025-09-16 09:00:00,DELIVERED
WA00005082,A001196,2026-06-02 07:00:00,READ
WA00005083,A000093,2025-09-12 12:00:00,SENT
WA00005084,A003561,2026-01-17 15:00:00,READ
WA00005085,A002031,2026-06-11 14:00:00,SENT
WA00005086,A001636,2026-08-01 16:00:00,READ
WA00005087,A002633,2026-08-07 09:00:00,SENT
WA00005088,A000495,2026-03-12 18:00:00,READ
WA00005089,A003832,2026-04-07 13:00:00,SENT
WA00005090,A002976,2025-09-11 09:00:00,DELIVERED
WA00005091,A001735,2026-04-02 12:00:00,FAILED
WA00005092,A003896,2026-07-19 07:00:00,SENT
WA00005093,A001962,2025-09-02 21:00:00,DELIVERED
WA00005094,A004181,2026-01-27 09:00:00,DELIVERED
WA00005095,A001273,2026-08-03 08:00:00,READ
WA00005096,A001748,2026-04-18 12:00:00,DELIVERED
WA00005097,A001156,2026-07-21 07:00:00,READ
WA00005098,A001915,2026-02-23 22:00:00,SENT
WA00005099,A000062,2026-04-04 20:00:00,SENT
WA00005100,A002283,2026-03-01 10:00:00,REPLIED
WA00005101,A003371,2026-08-18 17:00:00,READ
WA00005102,A002410,2025-10-27 12:00:00,READ
WA00005103,A001209,2026-04-23 17:00:00,DELIVERED
WA00005104,A002993,2026-04-18 11:00:00,READ
WA00005105,A003392,2026-08-20 07:00:00,REPLIED
WA00005106,A003048,2026-06-08 15:00:00,SENT
WA00005107,A004132,2026-03-26 16:00:00,SENT
WA00005108,A002474,2026-08-21 22:00:00,DELIVERED
WA00005109,A000484,2025-11-05 16:00:00,DELIVERED
WA00005110,A003693,2026-06-08 19:00:00,READ
WA00005111,A002425,2026-08-25 09:00:00,READ
WA00005112,A002167,2026-07-07 18:00:00,FAILED
WA00005113,A001427,2025-12-21 07:00:00,DELIVERED
WA00005114,A003396,2026-03-13 14:00:00,FAILED
WA00005115,A001875,2026-02-07 09:00:00,DELIVERED
WA00005116,A002598,2025-11-18 07:00:00,SENT
WA00005117,A003407,2026-07-02 13:00:00,DELIVERED
WA00005118,A001266,2025-12-13 12:00:00,READ
WA00005119,A001075,2026-01-27 11:00:00,DELIVERED
WA00005120,A002748,2025-10-16 14:00:00,SENT
WA00005121,A004169,2026-01-09 18:00:00,DELIVERED
WA00005122,A004130,2026-06-04 18:00:00,DELIVERED
WA00005123,A001954,2026-03-25 08:00:00,REPLIED
WA00005124,A000755,2026-02-01 14:00:00,DELIVERED
WA00005125,A001131,2025-10-04 07:00:00,DELIVERED
WA00005126,A001097,2025-11-19 22:00:00,REPLIED
WA00005127,A003849,2026-05-14 12:00:00,DELIVERED
WA00005128,A002257,2026-06-13 15:00:00,REPLIED
WA00005129,A003991,2025-12-13 17:00:00,READ
WA00005130,A003740,2026-06-05 10:00:00,READ
WA00005131,A000457,2026-07-14 10:00:00,SENT
WA00005132,A001478,2026-03-20 14:00:00,DELIVERED
WA00005133,A002380,2026-03-11 21:00:00,FAILED
WA00005134,A002899,2025-11-01 14:00:00,SENT
WA00005135,A000820,2026-08-25 14:00:00,DELIVERED
WA00005136,A001723,2025-09-25 09:00:00,REPLIED
WA00005137,A003126,2025-11-17 14:00:00,DELIVERED
WA00005138,A002489,2026-01-12 17:00:00,REPLIED
WA00005139,A000162,2026-03-15 21:00:00,DELIVERED
WA00005140,A002086,2026-08-01 10:00:00,SENT
WA00005141,A000987,2026-05-07 22:00:00,READ
WA00005142,A003282,2026-08-15 14:00:00,DELIVERED
WA00005143,A002898,2026-04-22 08:00:00,DELIVERED
WA00005144,A003391,2026-08-18 08:00:00,REPLIED
WA00005145,A001129,2025-10-04 16:00:00,SENT
WA00005146,A002980,2025-11-12 19:00:00,DELIVERED
WA00005147,A000492,2026-02-27 07:00:00,FAILED
WA00005148,A000150,2025-09-07 11:00:00,READ
WA00005149,A002081,2025-11-23 12:00:00,READ
WA00005150,A002678,2026-07-26 20:00:00,READ
WA00005151,A002702,2026-02-08 14:00:00,DELIVERED
WA00005152,A000850,2026-03-08 21:00:00,REPLIED
WA00005153,A000004,2026-05-13 14:00:00,READ
WA00005154,A003939,2025-10-02 20:00:00,READ
WA00005155,A002543,2026-06-24 14:00:00,SENT
WA00005156,A001393,2025-10-24 11:00:00,DELIVERED
WA00005157,A003390,2026-08-11 08:00:00,DELIVERED
WA00005158,A003840,2026-06-22 17:00:00,DELIVERED
WA00005159,A003869,2025-11-04 18:00:00,READ
WA00005160,A000776,2026-02-06 07:00:00,SENT
WA00005161,A002405,2026-08-07 09:00:00,READ
WA00005162,A003757,2026-05-11 21:00:00,FAILED
WA00005163,A002294,2026-05-24 17:00:00,SENT
WA00005164,A003931,2026-05-05 16:00:00,READ
WA00005165,A003313,2025-10-14 19:00:00,READ
WA00005166,A003583,2026-08-15 17:00:00,DELIVERED
WA00005167,A002037,2026-07-21 15:00:00,REPLIED
WA00005168,A001667,2026-01-19 16:00:00,SENT
WA00005169,A000710,2026-07-23 22:00:00,SENT
WA00005170,A001211,2026-03-24 12:00:00,READ
WA00005171,A003224,2026-01-23 17:00:00,READ
WA00005172,A000296,2026-06-21 16:00:00,DELIVERED
WA00005173,A003514,2026-02-09 08:00:00,REPLIED
WA00005174,A000711,2026-01-19 18:00:00,DELIVERED
WA00005175,A003024,2025-11-25 18:00:00,REPLIED
WA00005176,A000415,2026-04-09 15:00:00,SENT
WA00005177,A000681,2026-03-27 14:00:00,REPLIED
WA00005178,A003878,2025-09-05 22:00:00,DELIVERED
WA00005179,A003981,2026-07-20 13:00:00,SENT
WA00005180,A001570,2026-08-06 18:00:00,REPLIED
WA00005181,A002294,2026-02-18 07:00:00,DELIVERED
WA00005182,A001587,2026-06-01 13:00:00,DELIVERED
WA00005183,A002235,2025-12-12 20:00:00,DELIVERED
WA00005184,A002546,2026-06-19 11:00:00,DELIVERED
WA00005185,A002735,2025-09-10 12:00:00,REPLIED
WA00005186,A002070,2025-12-10 21:00:00,DELIVERED
WA00005187,A003842,2026-01-02 17:00:00,REPLIED
WA00005188,A001851,2026-08-08 09:00:00,SENT
WA00005189,A003197,2026-04-01 15:00:00,FAILED
WA00005190,A004059,2026-03-26 17:00:00,SENT
WA00005191,A000847,2026-01-12 19:00:00,DELIVERED
WA00005192,A000651,2025-10-17 09:00:00,DELIVERED
WA00005193,A001700,2026-06-16 22:00:00,SENT
WA00005194,A003797,2026-05-15 12:00:00,SENT
WA00005195,A002960,2026-07-21 08:00:00,REPLIED
WA00005196,A001494,2025-12-23 15:00:00,SENT
WA00005197,A003197,2026-03-08 11:00:00,DELIVERED
WA00005198,A000576,2026-03-14 18:00:00,SENT
WA00005199,A002755,2026-03-07 15:00:00,READ
WA00005200,A003762,2025-12-24 16:00:00,READ
WA00005201,A003478,2025-12-09 16:00:00,DELIVERED
WA00005202,A002046,2026-05-22 22:00:00,REPLIED
WA00005203,A003057,2026-08-16 08:00:00,REPLIED
WA00005204,A000536,2025-09-17 09:00:00,DELIVERED
WA00005205,A000543,2025-10-26 14:00:00,REPLIED
WA00005206,A000121,2026-02-20 22:00:00,DELIVERED
WA00005207,A003377,2025-09-14 08:00:00,SENT
WA00005208,A002175,2026-01-14 07:00:00,REPLIED
WA00005209,A002283,2025-10-13 16:00:00,READ
WA00005210,A001055,2026-06-20 12:00:00,READ
WA00005211,A001991,2025-09-06 22:00:00,REPLIED
WA00005212,A002933,2026-07-19 08:00:00,REPLIED
WA00005213,A002920,2026-06-01 20:00:00,REPLIED
WA00005214,A003452,2025-10-11 15:00:00,REPLIED
WA00005215,A003941,2026-03-01 16:00:00,DELIVERED
WA00005216,A003089,2026-08-06 10:00:00,READ
WA00005217,A000787,2025-10-03 22:00:00,REPLIED
WA00005218,A000232,2026-08-26 10:00:00,DELIVERED
WA00005219,A000261,2026-06-08 11:00:00,REPLIED
WA00005220,A002124,2026-04-13 16:00:00,REPLIED
WA00005221,A004127,2026-07-10 09:00:00,DELIVERED
WA00005222,A000093,2026-06-12 17:00:00,REPLIED
WA00005223,A002000,2026-03-03 08:00:00,SENT
WA00005224,A003764,2026-03-20 19:00:00,SENT
WA00005225,A000340,2026-06-02 19:00:00,FAILED
WA00005226,A003545,2026-07-16 22:00:00,DELIVERED
WA00005227,A001052,2026-01-09 11:00:00,READ
WA00005228,A002193,2026-07-22 18:00:00,DELIVERED
WA00005229,A002007,2026-02-14 16:00:00,READ
WA00005230,A000592,2026-06-18 19:00:00,READ
WA00005231,A003748,2025-12-25 12:00:00,SENT
WA00005232,A002805,2026-03-24 13:00:00,READ
WA00005233,A002591,2026-07-01 10:00:00,DELIVERED
WA00005234,A000273,2025-11-17 07:00:00,READ
WA00005235,A003112,2026-05-02 21:00:00,READ
WA00005236,A002256,2026-03-14 07:00:00,REPLIED
WA00005237,A001692,2026-03-02 21:00:00,FAILED
WA00005238,A002317,2025-11-23 17:00:00,REPLIED
WA00005239,A001573,2026-03-23 18:00:00,REPLIED
WA00005240,A000338,2026-07-13 15:00:00,DELIVERED
WA00005241,A003553,2025-10-08 10:00:00,READ
WA00005242,A003609,2026-04-17 22:00:00,READ
WA00005243,A001902,2026-07-13 08:00:00,DELIVERED
WA00005244,A002397,2026-04-04 13:00:00,DELIVERED
WA00005245,A000853,2026-06-05 21:00:00,REPLIED
WA00005246,A000333,2025-11-18 19:00:00,FAILED
WA00005247,A000942,2026-06-23 17:00:00,DELIVERED
WA00005248,A003708,2026-05-14 19:00:00,DELIVERED
WA00005249,A003658,2026-08-20 15:00:00,SENT
WA00005250,A004031,2026-04-11 15:00:00,SENT
WA00005251,A000126,2026-03-23 15:00:00,DELIVERED
WA00005252,A000171,2026-06-19 18:00:00,READ
WA00005253,A004054,2026-05-14 15:00:00,DELIVERED
WA00005254,A003142,2025-09-11 11:00:00,READ
WA00005255,A004119,2026-03-13 18:00:00,DELIVERED
WA00005256,A001292,2026-05-25 18:00:00,FAILED
WA00005257,A002386,2026-05-22 10:00:00,READ
WA00005258,A003862,2026-02-10 13:00:00,DELIVERED
WA00005259,A001773,2025-12-24 11:00:00,READ
WA00005260,A002844,2026-08-04 19:00:00,READ
WA00005261,A000098,2025-12-17 20:00:00,READ
WA00005262,A002640,2026-08-10 16:00:00,REPLIED
WA00005263,A001878,2026-04-14 12:00:00,SENT
WA00005264,A000215,2026-08-25 20:00:00,FAILED
WA00005265,A002201,2025-12-01 18:00:00,FAILED
WA00005266,A001186,2026-04-26 09:00:00,READ
WA00005267,A003957,2026-04-27 13:00:00,REPLIED
WA00005268,A002465,2026-01-04 21:00:00,DELIVERED
WA00005269,A002044,2026-06-23 18:00:00,READ
WA00005270,A001511,2026-07-24 17:00:00,READ
WA00005271,A001462,2026-05-27 15:00:00,REPLIED
WA00005272,A003325,2025-11-11 19:00:00,READ
WA00005273,A001407,2026-05-18 16:00:00,FAILED
WA00005274,A002279,2026-08-26 21:00:00,DELIVERED
WA00005275,A000461,2026-05-21 17:00:00,REPLIED
WA00005276,A001527,2025-12-13 18:00:00,SENT
WA00005277,A001088,2025-11-18 19:00:00,DELIVERED
WA00005278,A000684,2025-11-27 08:00:00,DELIVERED
WA00005279,A001458,2025-12-25 18:00:00,READ
WA00005280,A001110,2025-10-14 16:00:00,REPLIED
WA00005281,A002360,2025-10-22 15:00:00,DELIVERED
WA00005282,A002612,2025-09-16 12:00:00,READ
WA00005283,A001183,2025-12-23 12:00:00,DELIVERED
WA00005284,A000617,2026-07-17 20:00:00,READ
WA00005285,A001722,2026-02-10 18:00:00,DELIVERED
WA00005286,A001968,2025-10-27 12:00:00,DELIVERED
WA00005287,A002395,2026-01-21 21:00:00,DELIVERED
WA00005288,A000736,2025-11-16 22:00:00,REPLIED
WA00005289,A001838,2026-02-11 11:00:00,REPLIED
WA00005290,A001849,2025-09-26 13:00:00,DELIVERED
WA00005291,A000182,2026-04-06 08:00:00,READ
WA00005292,A001259,2026-06-02 09:00:00,READ
WA00005293,A003144,2026-01-07 18:00:00,DELIVERED
WA00005294,A003869,2026-04-02 22:00:00,REPLIED
WA00005295,A000124,2025-11-16 20:00:00,DELIVERED
WA00005296,A002660,2026-05-13 15:00:00,SENT
WA00005297,A003122,2026-08-15 13:00:00,REPLIED
WA00005298,A004174,2026-05-24 10:00:00,FAILED
WA00005299,A003295,2025-09-15 18:00:00,SENT
WA00005300,A003269,2026-03-27 14:00:00,DELIVERED
WA00005301,A002931,2025-12-20 07:00:00,DELIVERED
WA00005302,A004116,2026-04-12 21:00:00,SENT
WA00005303,A002338,2025-12-16 18:00:00,DELIVERED
WA00005304,A001301,2026-08-07 07:00:00,FAILED
WA00005305,A003568,2025-10-24 09:00:00,FAILED
WA00005306,A002467,2026-01-13 15:00:00,REPLIED
WA00005307,A001335,2026-01-14 16:00:00,REPLIED
WA00005308,A002595,2026-06-04 12:00:00,DELIVERED
WA00005309,A001507,2026-03-13 09:00:00,SENT
WA00005310,A001252,2026-04-10 19:00:00,READ
WA00005311,A000740,2026-02-14 09:00:00,DELIVERED
WA00005312,A000802,2025-11-25 11:00:00,DELIVERED
WA00005313,A003399,2026-03-01 19:00:00,FAILED
WA00005314,A002958,2026-08-15 11:00:00,SENT
WA00005315,A000483,2026-03-11 21:00:00,DELIVERED
WA00005316,A002726,2025-09-09 12:00:00,READ
WA00005317,A000986,2026-04-04 09:00:00,REPLIED
WA00005318,A002787,2026-02-03 16:00:00,SENT
WA00005319,A003089,2026-07-23 15:00:00,SENT
WA00005320,A000703,2026-04-04 13:00:00,READ
WA00005321,A001996,2026-04-22 08:00:00,FAILED
WA00005322,A000967,2026-06-08 22:00:00,READ
WA00005323,A003704,2025-11-11 22:00:00,SENT
WA00005324,A001979,2026-03-25 19:00:00,READ
WA00005325,A004064,2026-03-19 10:00:00,READ
WA00005326,A003142,2026-02-09 12:00:00,SENT
WA00005327,A000096,2026-07-26 13:00:00,REPLIED
WA00005328,A003778,2025-11-12 13:00:00,DELIVERED
WA00005329,A003580,2025-11-25 13:00:00,REPLIED
WA00005330,A002540,2026-07-13 11:00:00,READ
WA00005331,A001090,2025-11-15 15:00:00,READ
WA00005332,A003546,2026-02-16 08:00:00,READ
WA00005333,A000401,2026-05-18 10:00:00,REPLIED
WA00005334,A003617,2025-11-16 15:00:00,SENT
WA00005335,A000295,2026-08-11 12:00:00,FAILED
WA00005336,A003397,2026-04-13 14:00:00,DELIVERED
WA00005337,A002653,2026-06-25 15:00:00,REPLIED
WA00005338,A002582,2026-06-19 18:00:00,DELIVERED
WA00005339,A001376,2026-07-20 19:00:00,FAILED
WA00005340,A002161,2025-09-08 11:00:00,DELIVERED
WA00005341,A003719,2026-03-09 07:00:00,FAILED
WA00005342,A002263,2026-08-20 10:00:00,REPLIED
WA00005343,A001436,2026-07-18 22:00:00,SENT
WA00005344,A000064,2026-06-02 16:00:00,REPLIED
WA00005345,A001926,2025-10-11 10:00:00,READ
WA00005346,A002353,2026-06-14 12:00:00,SENT
WA00005347,A000179,2025-12-26 07:00:00,REPLIED
WA00005348,A003691,2026-01-18 19:00:00,DELIVERED
WA00005349,A002301,2026-08-05 17:00:00,READ
WA00005350,A000933,2026-03-26 21:00:00,DELIVERED
WA00005351,A003395,2026-02-26 11:00:00,FAILED
WA00005352,A000873,2026-07-04 16:00:00,SENT
WA00005353,A004064,2026-06-27 08:00:00,READ
WA00005354,A001436,2026-04-14 09:00:00,DELIVERED
WA00005355,A003022,2026-03-09 09:00:00,SENT
WA00005356,A001641,2026-02-13 16:00:00,READ
WA00005357,A000465,2026-07-04 14:00:00,DELIVERED
WA00005358,A002366,2026-05-24 20:00:00,DELIVERED
WA00005359,A004046,2026-04-22 22:00:00,DELIVERED
WA00005360,A001504,2026-08-22 15:00:00,SENT
WA00005361,A002324,2026-08-14 22:00:00,REPLIED
WA00005362,A000214,2025-09-27 15:00:00,REPLIED
WA00005363,A002845,2025-09-04 07:00:00,DELIVERED
WA00005364,A004002,2025-11-13 22:00:00,SENT
WA00005365,A001220,2025-11-12 20:00:00,FAILED
WA00005366,A000656,2026-06-09 13:00:00,READ
WA00005367,A000063,2025-10-12 21:00:00,DELIVERED
WA00005368,A001453,2026-08-07 09:00:00,SENT
WA00005369,A004039,2026-05-15 22:00:00,DELIVERED
WA00005370,A001451,2026-07-10 14:00:00,DELIVERED
WA00005371,A001271,2026-03-27 21:00:00,DELIVERED
WA00005372,A001190,2026-01-22 07:00:00,DELIVERED
WA00005373,A003632,2026-01-14 16:00:00,DELIVERED
WA00005374,A000962,2025-10-08 14:00:00,SENT
WA00005375,A001095,2025-09-12 15:00:00,DELIVERED
WA00005376,A001368,2025-10-09 12:00:00,REPLIED
WA00005377,A001411,2026-06-21 17:00:00,SENT
WA00005378,A001500,2026-01-04 11:00:00,SENT
WA00005379,A003496,2025-11-12 07:00:00,SENT
WA00005380,A002704,2026-02-27 13:00:00,SENT
WA00005381,A000820,2026-08-18 19:00:00,FAILED
WA00005382,A001533,2025-09-18 20:00:00,REPLIED
WA00005383,A003756,2026-03-16 07:00:00,DELIVERED
WA00005384,A002302,2026-04-07 21:00:00,SENT
WA00005385,A004016,2026-01-13 20:00:00,DELIVERED
WA00005386,A000311,2026-08-19 20:00:00,READ
WA00005387,A002172,2026-04-16 15:00:00,DELIVERED
WA00005388,A002196,2026-03-26 10:00:00,DELIVERED
WA00005389,A000660,2026-04-13 07:00:00,DELIVERED
WA00005390,A001213,2026-03-13 13:00:00,READ
WA00005391,A003069,2025-10-17 09:00:00,DELIVERED
WA00005392,A000190,2026-07-23 16:00:00,DELIVERED
WA00005393,A002802,2026-08-19 13:00:00,REPLIED
WA00005394,A000780,2025-12-19 09:00:00,REPLIED
WA00005395,A004014,2026-05-20 12:00:00,READ
WA00005396,A000424,2026-03-21 10:00:00,READ
WA00005397,A003474,2026-01-09 21:00:00,DELIVERED
WA00005398,A001532,2025-10-07 13:00:00,REPLIED
WA00005399,A001935,2025-09-25 09:00:00,READ
WA00005400,A001317,2025-11-02 15:00:00,READ
WA00005401,A001011,2025-09-01 09:00:00,DELIVERED
WA00005402,A003313,2025-09-09 17:00:00,DELIVERED
WA00005403,A002851,2026-03-07 22:00:00,DELIVERED
WA00005404,A003772,2025-12-14 22:00:00,READ
WA00005405,A002839,2026-06-19 07:00:00,DELIVERED
WA00005406,A002479,2026-07-06 22:00:00,SENT
WA00005407,A000975,2025-11-01 09:00:00,DELIVERED
WA00005408,A003107,2026-05-19 09:00:00,DELIVERED
WA00005409,A000759,2025-10-04 19:00:00,DELIVERED
WA00005410,A000286,2026-06-01 19:00:00,DELIVERED
WA00005411,A000757,2026-04-03 12:00:00,DELIVERED
WA00005412,A002327,2026-06-05 20:00:00,DELIVERED
WA00005413,A002037,2026-05-21 13:00:00,REPLIED
WA00005414,A002211,2025-11-14 15:00:00,DELIVERED
WA00005415,A003968,2026-02-19 19:00:00,SENT
WA00005416,A003639,2026-03-12 08:00:00,REPLIED
WA00005417,A000118,2026-02-07 12:00:00,DELIVERED
WA00005418,A000568,2025-10-19 09:00:00,REPLIED
WA00005419,A001628,2026-03-02 18:00:00,DELIVERED
WA00005420,A001266,2026-03-01 09:00:00,READ
WA00005421,A002872,2026-04-15 12:00:00,SENT
WA00005422,A000888,2026-07-04 14:00:00,DELIVERED
WA00005423,A003078,2026-07-16 15:00:00,FAILED
WA00005424,A003125,2026-01-20 19:00:00,READ
WA00005425,A003202,2026-04-24 13:00:00,REPLIED
WA00005426,A003918,2025-10-24 07:00:00,READ
WA00005427,A001482,2026-07-16 18:00:00,READ
WA00005428,A003481,2026-02-11 22:00:00,REPLIED
WA00005429,A000497,2026-05-19 14:00:00,SENT
WA00005430,A003784,2026-07-07 12:00:00,DELIVERED
WA00005431,A002757,2025-09-25 07:00:00,READ
WA00005432,A003325,2026-01-06 17:00:00,DELIVERED
WA00005433,A003930,2026-04-27 22:00:00,READ
WA00005434,A001149,2026-03-13 14:00:00,DELIVERED
WA00005435,A001565,2026-02-14 18:00:00,SENT
WA00005436,A003513,2026-05-24 10:00:00,READ
WA00005437,A001689,2026-04-05 07:00:00,SENT
WA00005438,A001927,2026-02-25 17:00:00,DELIVERED
WA00005439,A001723,2025-12-23 13:00:00,SENT
WA00005440,A000651,2025-11-02 13:00:00,FAILED
WA00005441,A000216,2026-04-04 17:00:00,REPLIED
WA00005442,A000027,2026-04-04 17:00:00,READ
WA00005443,A002147,2025-12-13 20:00:00,REPLIED
WA00005444,A000173,2025-11-04 07:00:00,SENT
WA00005445,A000190,2026-02-01 16:00:00,REPLIED
WA00005446,A002777,2026-02-01 09:00:00,DELIVERED
WA00005447,A002369,2026-07-11 09:00:00,SENT
WA00005448,A000249,2026-06-23 14:00:00,SENT
WA00005449,A000455,2026-01-19 21:00:00,READ
WA00005450,A002431,2025-12-26 12:00:00,READ
WA00005451,A000046,2026-07-07 13:00:00,DELIVERED
WA00005452,A001703,2026-07-23 13:00:00,DELIVERED
WA00005453,A002507,2025-12-09 19:00:00,READ
WA00005454,A000357,2025-11-13 13:00:00,REPLIED
WA00005455,A002609,2026-03-07 17:00:00,REPLIED
WA00005456,A003000,2026-06-01 12:00:00,DELIVERED
WA00005457,A000151,2025-10-09 15:00:00,FAILED
WA00005458,A000037,2026-06-20 16:00:00,DELIVERED
WA00005459,A000304,2026-07-19 11:00:00,DELIVERED
WA00005460,A001006,2025-10-18 14:00:00,READ
WA00005461,A000946,2026-05-27 18:00:00,SENT
WA00005462,A001583,2026-05-21 17:00:00,READ
WA00005463,A002388,2026-04-26 07:00:00,DELIVERED
WA00005464,A000438,2026-06-25 22:00:00,DELIVERED
WA00005465,A001155,2025-11-18 15:00:00,DELIVERED
WA00005466,A000298,2026-04-08 22:00:00,DELIVERED
WA00005467,A000296,2026-08-06 16:00:00,SENT
WA00005468,A001636,2026-04-19 16:00:00,DELIVERED
WA00005469,A001049,2026-03-06 08:00:00,SENT
WA00005470,A001346,2026-04-11 16:00:00,READ
WA00005471,A001323,2025-12-10 09:00:00,DELIVERED
WA00005472,A002033,2026-03-14 15:00:00,SENT
WA00005473,A000128,2025-09-16 20:00:00,FAILED
WA00005474,A002812,2025-10-02 15:00:00,DELIVERED
WA00005475,A001482,2026-02-03 20:00:00,REPLIED
WA00005476,A001474,2026-08-04 09:00:00,READ
WA00005477,A003365,2025-11-03 14:00:00,DELIVERED
WA00005478,A000117,2026-08-01 20:00:00,READ
WA00005479,A001050,2026-06-12 14:00:00,READ
WA00005480,A002275,2026-05-22 16:00:00,DELIVERED
WA00005481,A002892,2026-04-06 08:00:00,FAILED
WA00005482,A003731,2026-04-19 12:00:00,READ
WA00005483,A002981,2026-07-20 14:00:00,SENT
WA00005484,A003568,2026-01-18 14:00:00,DELIVERED
WA00005485,A002175,2026-03-22 21:00:00,DELIVERED
WA00005486,A001023,2026-04-14 22:00:00,DELIVERED
WA00005487,A003574,2025-12-03 20:00:00,FAILED
WA00005488,A000459,2025-11-09 08:00:00,READ
WA00005489,A001610,2025-11-15 20:00:00,DELIVERED
WA00005490,A004007,2026-04-09 08:00:00,READ
WA00005491,A002369,2025-09-05 12:00:00,REPLIED
WA00005492,A003616,2025-09-11 15:00:00,SENT
WA00005493,A000097,2025-11-11 12:00:00,READ
WA00005494,A003762,2026-07-25 10:00:00,FAILED
WA00005495,A003000,2026-01-06 18:00:00,FAILED
WA00005496,A002139,2026-07-14 18:00:00,READ
WA00005497,A001861,2025-09-27 15:00:00,READ
WA00005498,A000754,2026-01-03 21:00:00,DELIVERED
WA00005499,A002819,2025-09-23 08:00:00,READ
WA00005500,A003170,2026-06-19 22:00:00,REPLIED
WA00005501,A004191,2026-08-10 17:00:00,FAILED
WA00005502,A002684,2026-08-17 09:00:00,READ
WA00005503,A003851,2025-09-08 22:00:00,FAILED
WA00005504,A003254,2025-10-19 21:00:00,FAILED
WA00005505,A001574,2025-12-24 15:00:00,READ
WA00005506,A000568,2026-04-20 22:00:00,READ
WA00005507,A002824,2025-11-19 14:00:00,SENT
WA00005508,A003268,2025-10-12 10:00:00,READ
WA00005509,A002254,2025-12-11 22:00:00,READ
WA00005510,A000396,2026-01-08 09:00:00,DELIVERED
WA00005511,A000512,2026-05-14 08:00:00,DELIVERED
WA00005512,A000015,2026-02-18 11:00:00,DELIVERED
WA00005513,A000049,2025-11-22 08:00:00,READ
WA00005514,A002726,2026-05-14 20:00:00,READ
WA00005515,A000198,2026-05-10 14:00:00,SENT
WA00005516,A003210,2025-12-27 14:00:00,SENT
WA00005517,A002588,2026-06-16 09:00:00,READ
WA00005518,A003797,2025-12-15 18:00:00,READ
WA00005519,A003972,2026-02-24 19:00:00,READ
WA00005520,A001144,2026-04-06 09:00:00,READ
WA00005521,A003164,2025-10-19 14:00:00,DELIVERED
WA00005522,A002849,2026-04-10 15:00:00,REPLIED
WA00005523,A001461,2025-10-11 11:00:00,READ
WA00005524,A003944,2026-08-06 15:00:00,READ
WA00005525,A002892,2026-02-23 17:00:00,SENT
WA00005526,A002378,2026-05-16 18:00:00,READ
WA00005527,A002773,2026-06-25 22:00:00,DELIVERED
WA00005528,A001823,2026-05-20 21:00:00,FAILED
WA00005529,A003278,2026-05-08 07:00:00,FAILED
WA00005530,A003729,2026-03-01 12:00:00,REPLIED
WA00005531,A001799,2026-05-09 14:00:00,READ
WA00005532,A000550,2026-06-27 21:00:00,DELIVERED
WA00005533,A000987,2026-06-05 11:00:00,DELIVERED
WA00005534,A003161,2026-02-07 08:00:00,REPLIED
WA00005535,A002260,2025-11-15 20:00:00,DELIVERED
WA00005536,A000192,2025-10-07 15:00:00,SENT
WA00005537,A001898,2026-05-06 18:00:00,READ
WA00005538,A000159,2025-09-15 18:00:00,SENT
WA00005539,A002820,2026-03-17 08:00:00,FAILED
WA00005540,A000150,2026-04-12 08:00:00,REPLIED
WA00005541,A003036,2026-08-22 18:00:00,REPLIED
WA00005542,A002577,2026-04-25 18:00:00,DELIVERED
WA00005543,A001287,2026-04-22 07:00:00,DELIVERED
WA00005544,A000440,2026-01-24 16:00:00,READ
WA00005545,A003499,2026-06-23 22:00:00,DELIVERED
WA00005546,A001074,2026-04-23 09:00:00,SENT
WA00005547,A004070,2026-07-24 21:00:00,DELIVERED
WA00005548,A002559,2026-03-19 08:00:00,REPLIED
WA00005549,A001797,2025-10-05 21:00:00,FAILED
WA00005550,A003058,2025-12-09 21:00:00,SENT
WA00005551,A004160,2025-09-27 21:00:00,SENT
WA00005552,A000756,2026-04-07 09:00:00,READ
WA00005553,A000753,2026-07-08 10:00:00,SENT
WA00005554,A001204,2025-10-18 12:00:00,DELIVERED
WA00005555,A002214,2026-01-21 14:00:00,READ
WA00005556,A001051,2026-08-01 18:00:00,REPLIED
WA00005557,A004025,2026-07-24 18:00:00,DELIVERED
WA00005558,A002895,2026-04-13 22:00:00,DELIVERED
WA00005559,A003502,2026-07-23 21:00:00,FAILED
WA00005560,A001346,2026-07-14 20:00:00,READ
WA00005561,A003077,2025-11-25 22:00:00,READ
WA00005562,A002408,2026-01-11 10:00:00,DELIVERED
WA00005563,A003644,2026-04-06 11:00:00,REPLIED
WA00005564,A002060,2026-06-21 20:00:00,DELIVERED
WA00005565,A002456,2026-03-04 13:00:00,READ
WA00005566,A003886,2026-01-23 17:00:00,READ
WA00005567,A000876,2025-12-23 08:00:00,SENT
WA00005568,A003041,2026-08-04 09:00:00,FAILED
WA00005569,A003561,2025-10-27 12:00:00,SENT
WA00005570,A001251,2026-04-09 19:00:00,DELIVERED
WA00005571,A002857,2026-07-20 20:00:00,READ
WA00005572,A000704,2025-09-27 19:00:00,REPLIED
WA00005573,A003929,2025-11-17 12:00:00,SENT
WA00005574,A004019,2026-01-20 22:00:00,DELIVERED
WA00005575,A002063,2026-03-02 21:00:00,SENT
WA00005576,A001402,2026-02-06 21:00:00,FAILED
WA00005577,A000317,2026-05-25 20:00:00,FAILED
WA00005578,A003393,2026-06-01 07:00:00,READ
WA00005579,A003715,2025-11-26 07:00:00,DELIVERED
WA00005580,A002459,2025-11-14 17:00:00,SENT
WA00005581,A001901,2026-01-04 16:00:00,DELIVERED
WA00005582,A003511,2026-07-06 10:00:00,DELIVERED
WA00005583,A000678,2026-05-06 13:00:00,REPLIED
WA00005584,A000721,2026-06-25 20:00:00,SENT
WA00005585,A000847,2026-02-26 21:00:00,READ
WA00005586,A000579,2026-08-16 08:00:00,DELIVERED
WA00005587,A003484,2026-01-16 09:00:00,READ
WA00005588,A001291,2026-05-12 19:00:00,REPLIED
WA00005589,A003372,2025-09-08 19:00:00,SENT
WA00005590,A001007,2026-03-21 16:00:00,READ
WA00005591,A002506,2025-09-01 09:00:00,READ
WA00005592,A001206,2025-12-15 19:00:00,READ
WA00005593,A000312,2026-01-14 08:00:00,DELIVERED
WA00005594,A003669,2026-06-10 20:00:00,READ
WA00005595,A002534,2026-07-24 11:00:00,REPLIED
WA00005596,A002023,2026-03-27 17:00:00,DELIVERED
WA00005597,A001483,2026-05-14 12:00:00,READ
WA00005598,A001610,2025-09-18 21:00:00,READ
WA00005599,A001918,2026-02-03 16:00:00,SENT
WA00005600,A002727,2025-11-17 22:00:00,READ
WA00005601,A001056,2026-05-09 16:00:00,READ
WA00005602,A002089,2026-02-12 18:00:00,READ
WA00005603,A001688,2025-09-11 13:00:00,REPLIED
WA00005604,A001943,2026-02-27 09:00:00,READ
WA00005605,A001506,2026-05-16 07:00:00,DELIVERED
WA00005606,A004093,2026-01-08 22:00:00,READ
WA00005607,A002816,2025-10-27 13:00:00,DELIVERED
WA00005608,A002573,2026-07-24 08:00:00,DELIVERED
WA00005609,A003429,2026-06-23 12:00:00,SENT
WA00005610,A003088,2025-12-15 18:00:00,DELIVERED
WA00005611,A000277,2026-08-03 17:00:00,FAILED
WA00005612,A001429,2025-11-14 11:00:00,READ
WA00005613,A000247,2025-11-05 12:00:00,DELIVERED
WA00005614,A002738,2025-10-10 15:00:00,DELIVERED
WA00005615,A001306,2025-11-17 07:00:00,READ
WA00005616,A003236,2026-08-03 08:00:00,SENT
WA00005617,A000801,2026-04-11 13:00:00,DELIVERED
WA00005618,A003899,2026-05-27 20:00:00,SENT
WA00005619,A002096,2026-06-17 16:00:00,DELIVERED
WA00005620,A000171,2025-09-20 07:00:00,DELIVERED
WA00005621,A000597,2026-02-23 22:00:00,DELIVERED
WA00005622,A002599,2025-09-21 09:00:00,READ
WA00005623,A003177,2026-08-22 12:00:00,READ
WA00005624,A003642,2025-09-04 13:00:00,READ
WA00005625,A002702,2026-07-10 19:00:00,READ
WA00005626,A003438,2025-09-21 08:00:00,DELIVERED
WA00005627,A002018,2026-08-16 22:00:00,DELIVERED
WA00005628,A003060,2026-04-27 07:00:00,REPLIED
WA00005629,A003582,2026-08-16 22:00:00,FAILED
WA00005630,A003921,2026-08-08 07:00:00,READ
WA00005631,A002075,2026-03-18 18:00:00,REPLIED
WA00005632,A000368,2025-11-17 20:00:00,DELIVERED
WA00005633,A002471,2025-12-06 07:00:00,SENT
WA00005634,A002855,2026-06-22 10:00:00,FAILED
WA00005635,A002807,2026-04-09 09:00:00,READ
WA00005636,A001901,2026-08-09 13:00:00,DELIVERED
WA00005637,A001598,2025-11-22 11:00:00,REPLIED
WA00005638,A003293,2026-02-23 11:00:00,FAILED
WA00005639,A002690,2025-09-21 21:00:00,DELIVERED
WA00005640,A000922,2026-03-14 09:00:00,READ
WA00005641,A000886,2026-01-01 19:00:00,DELIVERED
WA00005642,A002264,2026-05-22 08:00:00,SENT
WA00005643,A003468,2025-11-02 22:00:00,DELIVERED
WA00005644,A000894,2026-04-21 15:00:00,DELIVERED
WA00005645,A000767,2025-09-07 16:00:00,DELIVERED
WA00005646,A001351,2025-11-10 14:00:00,FAILED
WA00005647,A001788,2025-11-04 09:00:00,DELIVERED
WA00005648,A002617,2026-04-14 11:00:00,REPLIED
WA00005649,A002714,2026-03-25 22:00:00,SENT
WA00005650,A000855,2026-02-23 07:00:00,SENT
WA00005651,A001664,2026-02-20 11:00:00,REPLIED
WA00005652,A000773,2026-01-03 16:00:00,DELIVERED
WA00005653,A002871,2026-06-21 08:00:00,FAILED
WA00005654,A002347,2025-10-02 15:00:00,SENT
WA00005655,A000237,2025-11-11 20:00:00,SENT
WA00005656,A001734,2026-02-21 16:00:00,SENT
WA00005657,A004193,2025-10-26 15:00:00,DELIVERED
WA00005658,A003664,2025-09-26 14:00:00,READ
WA00005659,A004087,2026-07-12 16:00:00,DELIVERED
WA00005660,A000718,2025-10-02 08:00:00,READ
WA00005661,A001542,2025-12-27 14:00:00,SENT
WA00005662,A002619,2026-07-02 22:00:00,SENT
WA00005663,A001255,2025-09-23 18:00:00,DELIVERED
WA00005664,A001684,2026-05-19 14:00:00,READ
WA00005665,A000335,2025-10-10 21:00:00,DELIVERED
WA00005666,A002994,2026-04-19 18:00:00,READ
WA00005667,A001969,2026-08-01 19:00:00,DELIVERED
WA00005668,A000029,2025-11-23 17:00:00,READ
WA00005669,A003909,2026-06-03 22:00:00,SENT
WA00005670,A003016,2026-08-01 20:00:00,READ
WA00005671,A003404,2025-11-27 15:00:00,SENT
WA00005672,A001690,2025-11-05 18:00:00,SENT
WA00005673,A001310,2026-04-04 07:00:00,DELIVERED
WA00005674,A000754,2026-05-19 20:00:00,DELIVERED
WA00005675,A003726,2026-08-20 13:00:00,REPLIED
WA00005676,A000941,2026-08-15 09:00:00,DELIVERED
WA00005677,A001775,2026-07-09 20:00:00,READ
WA00005678,A001764,2025-11-14 16:00:00,READ
WA00005679,A002772,2026-08-07 18:00:00,READ
WA00005680,A000626,2026-01-14 14:00:00,SENT
WA00005681,A004036,2026-07-20 16:00:00,SENT
WA00005682,A001661,2025-12-22 12:00:00,READ
WA00005683,A001822,2025-12-01 19:00:00,DELIVERED
WA00005684,A001481,2026-03-20 10:00:00,DELIVERED
WA00005685,A003810,2026-01-16 18:00:00,READ
WA00005686,A002117,2025-09-16 09:00:00,READ
WA00005687,A000607,2026-03-24 09:00:00,DELIVERED
WA00005688,A000286,2026-03-07 08:00:00,DELIVERED
WA00005689,A002362,2026-08-09 16:00:00,REPLIED
WA00005690,A002603,2026-01-04 15:00:00,SENT
WA00005691,A001995,2026-04-13 09:00:00,SENT
WA00005692,A001043,2026-05-09 09:00:00,DELIVERED
WA00005693,A000052,2026-07-15 08:00:00,DELIVERED
WA00005694,A001861,2026-07-13 22:00:00,FAILED
WA00005695,A001477,2026-07-16 16:00:00,READ
WA00005696,A002360,2026-02-10 14:00:00,DELIVERED
WA00005697,A000825,2026-05-16 22:00:00,SENT
WA00005698,A001671,2025-09-15 21:00:00,DELIVERED
WA00005699,A004055,2025-09-15 09:00:00,DELIVERED
WA00005700,A002394,2025-12-27 18:00:00,DELIVERED
WA00005701,A003086,2025-10-23 13:00:00,REPLIED
WA00005702,A001143,2025-11-25 08:00:00,READ
WA00005703,A002630,2026-08-11 08:00:00,REPLIED
WA00005704,A002870,2025-11-09 09:00:00,DELIVERED
WA00005705,A001795,2026-03-06 17:00:00,READ
WA00005706,A002828,2026-06-26 14:00:00,REPLIED
WA00005707,A001967,2026-07-06 10:00:00,READ
WA00005708,A002575,2026-07-12 22:00:00,REPLIED
WA00005709,A001084,2025-10-14 12:00:00,SENT
WA00005710,A000516,2025-11-19 07:00:00,SENT
WA00005711,A003928,2026-01-11 19:00:00,REPLIED
WA00005712,A001864,2026-06-18 22:00:00,DELIVERED
WA00005713,A003901,2025-10-08 11:00:00,SENT
WA00005714,A000654,2026-06-21 09:00:00,DELIVERED
WA00005715,A003737,2025-12-21 18:00:00,READ
WA00005716,A003228,2026-07-10 07:00:00,READ
WA00005717,A004153,2026-07-03 19:00:00,REPLIED
WA00005718,A000950,2025-09-11 19:00:00,DELIVERED
WA00005719,A000885,2026-06-13 14:00:00,DELIVERED
WA00005720,A002284,2025-09-22 21:00:00,READ
WA00005721,A001197,2025-11-24 14:00:00,DELIVERED
WA00005722,A002405,2026-02-21 10:00:00,FAILED
WA00005723,A000191,2026-05-23 19:00:00,DELIVERED
WA00005724,A000132,2026-06-23 07:00:00,REPLIED
WA00005725,A000816,2026-03-13 12:00:00,READ
WA00005726,A000013,2026-01-17 21:00:00,READ
WA00005727,A000206,2025-09-02 11:00:00,DELIVERED
WA00005728,A000879,2026-05-14 12:00:00,FAILED
WA00005729,A000975,2026-05-13 20:00:00,SENT
WA00005730,A001249,2026-01-04 13:00:00,DELIVERED
WA00005731,A001582,2026-01-10 07:00:00,READ
WA00005732,A001594,2025-11-09 18:00:00,READ
WA00005733,A003565,2025-10-01 18:00:00,DELIVERED
WA00005734,A002479,2026-04-05 09:00:00,FAILED
WA00005735,A002841,2026-06-06 22:00:00,FAILED
WA00005736,A003678,2026-01-18 19:00:00,READ
WA00005737,A000148,2026-02-17 07:00:00,SENT
WA00005738,A000852,2025-10-04 13:00:00,READ
WA00005739,A000977,2026-01-24 07:00:00,DELIVERED
WA00005740,A000438,2025-11-05 16:00:00,FAILED
WA00005741,A000074,2026-03-05 21:00:00,READ
WA00005742,A003995,2025-12-18 09:00:00,REPLIED
WA00005743,A002355,2026-05-24 21:00:00,SENT
WA00005744,A003509,2026-01-11 17:00:00,FAILED
WA00005745,A003442,2025-11-06 09:00:00,READ
WA00005746,A002259,2026-08-05 22:00:00,REPLIED
WA00005747,A002088,2026-01-17 22:00:00,READ
WA00005748,A002686,2025-12-18 19:00:00,FAILED
WA00005749,A002766,2026-02-26 20:00:00,SENT
WA00005750,A001364,2026-04-09 20:00:00,DELIVERED
WA00005751,A000547,2025-09-22 14:00:00,READ
WA00005752,A000144,2025-11-25 16:00:00,READ
WA00005753,A001289,2026-05-02 18:00:00,READ
WA00005754,A003553,2026-04-20 12:00:00,DELIVERED
WA00005755,A004130,2025-10-07 11:00:00,FAILED
WA00005756,A003121,2026-02-24 07:00:00,FAILED
WA00005757,A000947,2025-11-25 13:00:00,DELIVERED
WA00005758,A000727,2026-05-14 19:00:00,SENT
WA00005759,A004194,2026-05-03 14:00:00,DELIVERED
WA00005760,A000018,2026-03-14 07:00:00,DELIVERED
WA00005761,A000074,2026-03-24 17:00:00,FAILED
WA00005762,A001639,2026-01-15 13:00:00,REPLIED
WA00005763,A001459,2026-02-27 20:00:00,FAILED
WA00005764,A003786,2025-11-17 13:00:00,DELIVERED
WA00005765,A002837,2025-12-01 21:00:00,READ
WA00005766,A002497,2026-03-24 14:00:00,DELIVERED
WA00005767,A001165,2026-07-27 22:00:00,READ
WA00005768,A003055,2026-03-16 07:00:00,SENT
WA00005769,A000822,2026-06-26 21:00:00,DELIVERED
WA00005770,A003146,2026-05-23 17:00:00,DELIVERED
WA00005771,A003270,2026-04-24 17:00:00,REPLIED
WA00005772,A001907,2026-04-23 15:00:00,DELIVERED
WA00005773,A000863,2026-07-09 22:00:00,SENT
WA00005774,A000432,2025-11-08 15:00:00,FAILED
WA00005775,A002069,2026-01-06 12:00:00,DELIVERED
WA00005776,A003038,2025-10-09 14:00:00,REPLIED
WA00005777,A000935,2026-07-25 17:00:00,SENT
WA00005778,A000170,2026-06-03 15:00:00,READ
WA00005779,A001453,2026-07-27 10:00:00,DELIVERED
WA00005780,A004067,2026-02-08 11:00:00,FAILED
WA00005781,A002749,2026-04-18 17:00:00,READ
WA00005782,A002775,2025-10-14 17:00:00,READ
WA00005783,A003650,2025-11-05 19:00:00,READ
WA00005784,A003234,2026-05-03 07:00:00,DELIVERED
WA00005785,A001726,2026-06-02 07:00:00,FAILED
WA00005786,A003308,2026-08-21 16:00:00,READ
WA00005787,A000319,2026-08-20 18:00:00,DELIVERED
WA00005788,A002865,2026-01-06 18:00:00,DELIVERED
WA00005789,A003732,2026-04-09 11:00:00,DELIVERED
WA00005790,A002991,2026-03-16 18:00:00,DELIVERED
WA00005791,A002377,2025-12-10 17:00:00,DELIVERED
WA00005792,A002225,2026-08-22 11:00:00,DELIVERED
WA00005793,A003468,2026-08-08 09:00:00,SENT
WA00005794,A000191,2026-04-14 14:00:00,REPLIED
WA00005795,A000255,2026-03-15 15:00:00,READ
WA00005796,A000377,2025-11-10 10:00:00,DELIVERED
WA00005797,A003755,2026-03-15 14:00:00,READ
WA00005798,A001144,2026-03-18 10:00:00,DELIVERED
WA00005799,A000645,2026-06-25 19:00:00,READ
WA00005800,A003924,2025-09-14 10:00:00,DELIVERED
WA00005801,A003258,2026-02-09 15:00:00,DELIVERED
WA00005802,A003912,2025-09-24 15:00:00,READ
WA00005803,A002993,2026-03-15 13:00:00,DELIVERED
WA00005804,A001031,2025-12-15 21:00:00,DELIVERED
WA00005805,A003269,2026-06-23 07:00:00,READ
WA00005806,A001905,2026-07-26 18:00:00,SENT
WA00005807,A003200,2026-02-06 20:00:00,REPLIED
WA00005808,A002419,2026-06-04 07:00:00,DELIVERED
WA00005809,A000417,2026-04-15 08:00:00,DELIVERED
WA00005810,A003364,2026-06-18 12:00:00,REPLIED
WA00005811,A001309,2026-02-22 22:00:00,DELIVERED
WA00005812,A001735,2026-08-24 08:00:00,FAILED
WA00005813,A001610,2026-07-10 17:00:00,DELIVERED
WA00005814,A000126,2026-05-15 18:00:00,DELIVERED
WA00005815,A001150,2026-06-03 20:00:00,READ
WA00005816,A000599,2026-02-10 22:00:00,SENT
WA00005817,A003079,2026-04-11 11:00:00,READ
WA00005818,A001720,2025-11-03 16:00:00,SENT
WA00005819,A001042,2025-12-03 13:00:00,READ
WA00005820,A000629,2026-08-11 10:00:00,REPLIED
WA00005821,A002297,2026-08-06 20:00:00,SENT
WA00005822,A001909,2026-01-11 12:00:00,FAILED
WA00005823,A001187,2026-06-08 10:00:00,DELIVERED
WA00005824,A001159,2025-10-17 18:00:00,DELIVERED
WA00005825,A002544,2026-05-07 13:00:00,SENT
WA00005826,A000904,2026-08-21 08:00:00,READ
WA00005827,A001749,2025-09-04 07:00:00,DELIVERED
WA00005828,A002777,2026-03-15 21:00:00,READ
WA00005829,A001206,2026-06-13 19:00:00,REPLIED
WA00005830,A002093,2025-09-10 20:00:00,SENT
WA00005831,A003179,2026-06-09 19:00:00,REPLIED
WA00005832,A004032,2025-11-14 16:00:00,READ
WA00005833,A002040,2025-10-05 07:00:00,DELIVERED
WA00005834,A002236,2026-04-26 09:00:00,DELIVERED
WA00005835,A000675,2026-02-16 14:00:00,READ
WA00005836,A003661,2026-01-20 20:00:00,SENT
WA00005837,A003639,2026-08-10 07:00:00,READ
WA00005838,A004095,2026-04-04 17:00:00,READ
WA00005839,A001320,2026-05-12 15:00:00,DELIVERED
WA00005840,A003219,2026-06-24 19:00:00,READ
WA00005841,A003629,2026-07-06 10:00:00,DELIVERED
WA00005842,A000786,2026-08-09 11:00:00,SENT
WA00005843,A002053,2026-01-03 13:00:00,REPLIED
WA00005844,A004079,2026-05-03 20:00:00,DELIVERED
WA00005845,A002486,2025-11-07 16:00:00,DELIVERED
WA00005846,A000794,2026-01-08 22:00:00,DELIVERED
WA00005847,A001089,2026-03-12 13:00:00,FAILED
WA00005848,A001949,2026-02-12 10:00:00,DELIVERED
WA00005849,A004194,2026-03-10 08:00:00,SENT
WA00005850,A002508,2026-04-05 11:00:00,SENT
WA00005851,A001638,2026-03-27 09:00:00,REPLIED
WA00005852,A003768,2026-03-03 12:00:00,DELIVERED
WA00005853,A002865,2026-06-18 17:00:00,READ
WA00005854,A003492,2026-01-20 08:00:00,READ
WA00005855,A000990,2026-08-05 22:00:00,FAILED
WA00005856,A003070,2026-01-21 19:00:00,REPLIED
WA00005857,A002857,2026-06-04 11:00:00,SENT
WA00005858,A003045,2026-06-22 18:00:00,SENT
WA00005859,A004029,2026-08-15 14:00:00,DELIVERED
WA00005860,A000949,2026-05-12 21:00:00,DELIVERED
WA00005861,A003522,2026-03-20 18:00:00,DELIVERED
WA00005862,A001062,2026-01-12 15:00:00,DELIVERED
WA00005863,A000035,2026-05-06 18:00:00,READ
WA00005864,A000827,2026-07-14 20:00:00,READ
WA00005865,A002652,2026-05-23 16:00:00,READ
WA00005866,A003094,2025-10-27 22:00:00,DELIVERED
WA00005867,A003140,2025-11-03 09:00:00,REPLIED
WA00005868,A001826,2026-02-21 16:00:00,DELIVERED
WA00005869,A000535,2026-02-14 11:00:00,SENT
WA00005870,A003892,2026-08-02 08:00:00,FAILED
WA00005871,A001225,2026-05-26 10:00:00,DELIVERED
WA00005872,A000827,2026-07-08 08:00:00,REPLIED
WA00005873,A002602,2026-01-03 08:00:00,DELIVERED
WA00005874,A003072,2025-11-24 12:00:00,READ
WA00005875,A001893,2025-09-27 12:00:00,READ
WA00005876,A003847,2026-01-10 13:00:00,READ
WA00005877,A001729,2026-07-06 11:00:00,READ
WA00005878,A000073,2025-10-14 14:00:00,REPLIED
WA00005879,A000678,2026-04-06 18:00:00,DELIVERED
WA00005880,A002708,2025-09-02 08:00:00,SENT
WA00005881,A002037,2025-11-15 16:00:00,READ
WA00005882,A001232,2025-10-22 21:00:00,DELIVERED
WA00005883,A000673,2026-01-04 07:00:00,DELIVERED
WA00005884,A000473,2026-08-07 13:00:00,SENT
WA00005885,A003532,2026-06-23 19:00:00,DELIVERED
WA00005886,A002924,2026-07-18 17:00:00,REPLIED
WA00005887,A000061,2026-07-02 18:00:00,FAILED
WA00005888,A001169,2025-10-18 09:00:00,FAILED
WA00005889,A003283,2026-05-18 13:00:00,READ
WA00005890,A004008,2025-12-12 13:00:00,REPLIED
WA00005891,A000699,2026-07-08 17:00:00,READ
WA00005892,A000918,2026-03-12 22:00:00,READ
WA00005893,A003437,2026-07-24 08:00:00,FAILED
WA00005894,A003884,2026-03-05 12:00:00,DELIVERED
WA00005895,A004200,2026-04-15 12:00:00,SENT
WA00005896,A000502,2026-06-06 07:00:00,FAILED
WA00005897,A002339,2025-11-27 15:00:00,READ
WA00005898,A000084,2026-06-15 14:00:00,FAILED
WA00005899,A000171,2026-03-10 16:00:00,READ
WA00005900,A000365,2026-07-04 20:00:00,DELIVERED
WA00005901,A001692,2025-11-16 11:00:00,DELIVERED
WA00005902,A000579,2026-05-13 20:00:00,REPLIED
WA00005903,A003915,2026-04-10 12:00:00,SENT
WA00005904,A001094,2026-05-15 10:00:00,READ
WA00005905,A004072,2026-05-13 08:00:00,DELIVERED
WA00005906,A002150,2025-09-09 20:00:00,DELIVERED
WA00005907,A003259,2026-08-07 22:00:00,DELIVERED
WA00005908,A000057,2026-05-15 08:00:00,FAILED
WA00005909,A003700,2026-02-09 13:00:00,DELIVERED
WA00005910,A000637,2026-04-12 13:00:00,DELIVERED
WA00005911,A001614,2026-04-22 20:00:00,REPLIED
WA00005912,A000933,2026-04-25 14:00:00,DELIVERED
WA00005913,A000008,2026-04-03 08:00:00,SENT
WA00005914,A000650,2026-06-14 12:00:00,READ
WA00005915,A001472,2026-02-12 13:00:00,READ
WA00005916,A004042,2026-03-26 07:00:00,DELIVERED
WA00005917,A001812,2026-05-27 16:00:00,REPLIED
WA00005918,A001737,2025-09-06 15:00:00,READ
WA00005919,A002559,2026-06-12 20:00:00,REPLIED
WA00005920,A001508,2025-10-10 18:00:00,SENT
WA00005921,A002241,2025-10-04 14:00:00,REPLIED
WA00005922,A000522,2026-08-15 16:00:00,REPLIED
WA00005923,A000931,2026-04-09 16:00:00,FAILED
WA00005924,A002734,2025-09-14 22:00:00,READ
WA00005925,A000731,2026-07-09 17:00:00,READ
WA00005926,A000025,2026-04-20 14:00:00,FAILED
WA00005927,A000177,2026-01-23 10:00:00,READ
WA00005928,A004163,2026-01-25 11:00:00,REPLIED
WA00005929,A001068,2026-02-15 12:00:00,DELIVERED
WA00005930,A000464,2026-07-17 14:00:00,FAILED
WA00005931,A000826,2026-07-24 22:00:00,READ
WA00005932,A001427,2026-04-23 07:00:00,REPLIED
WA00005933,A000060,2026-04-17 22:00:00,REPLIED
WA00005934,A002906,2026-08-07 19:00:00,DELIVERED
WA00005935,A000540,2026-08-19 07:00:00,DELIVERED
WA00005936,A001860,2026-02-02 14:00:00,FAILED
WA00005937,A003416,2026-08-10 12:00:00,SENT
WA00005938,A000033,2025-12-19 14:00:00,DELIVERED
WA00005939,A000683,2025-10-08 12:00:00,DELIVERED
WA00005940,A001469,2026-07-01 20:00:00,READ
WA00005941,A001533,2026-03-16 15:00:00,DELIVERED
WA00005942,A000044,2026-08-17 09:00:00,READ
WA00005943,A000565,2026-08-26 16:00:00,DELIVERED
WA00005944,A003862,2025-11-17 09:00:00,READ
WA00005945,A000790,2026-02-05 20:00:00,SENT
WA00005946,A000995,2025-11-22 14:00:00,DELIVERED
WA00005947,A003450,2026-06-11 19:00:00,DELIVERED
WA00005948,A003855,2026-05-16 14:00:00,READ
WA00005949,A003934,2026-07-12 17:00:00,SENT
WA00005950,A003064,2026-04-01 21:00:00,READ
WA00005951,A001675,2026-02-01 15:00:00,READ
WA00005952,A002686,2026-02-17 10:00:00,DELIVERED
WA00005953,A000351,2025-10-26 13:00:00,DELIVERED
WA00005954,A000408,2026-02-16 20:00:00,DELIVERED
WA00005955,A001666,2025-10-02 11:00:00,REPLIED
WA00005956,A003089,2025-09-16 22:00:00,READ
WA00005957,A002753,2026-08-15 09:00:00,REPLIED
WA00005958,A000426,2026-02-04 18:00:00,DELIVERED
WA00005959,A000997,2025-10-14 20:00:00,FAILED
WA00005960,A000626,2025-12-15 12:00:00,DELIVERED
WA00005961,A003953,2026-02-12 20:00:00,DELIVERED
WA00005962,A000703,2025-12-24 16:00:00,READ
WA00005963,A001982,2025-09-24 19:00:00,DELIVERED
WA00005964,A000344,2025-11-18 18:00:00,DELIVERED
WA00005965,A000407,2026-04-09 20:00:00,DELIVERED
WA00005966,A001803,2026-08-17 11:00:00,DELIVERED
WA00005967,A003934,2026-01-18 07:00:00,DELIVERED
WA00005968,A003128,2026-04-06 07:00:00,READ
WA00005969,A002054,2025-11-08 09:00:00,READ
WA00005970,A003408,2025-12-04 11:00:00,REPLIED
WA00005971,A000383,2026-04-18 21:00:00,FAILED
WA00005972,A004095,2026-08-11 17:00:00,DELIVERED
WA00005973,A000141,2026-04-16 21:00:00,READ
WA00005974,A001202,2026-08-03 21:00:00,DELIVERED
WA00005975,A000364,2026-06-18 11:00:00,READ
WA00005976,A000333,2025-10-08 14:00:00,DELIVERED
WA00005977,A003644,2026-02-06 19:00:00,REPLIED
WA00005978,A003557,2025-09-03 13:00:00,DELIVERED
WA00005979,A002355,2026-02-20 18:00:00,DELIVERED
WA00005980,A001254,2026-05-12 14:00:00,READ
WA00005981,A002707,2026-06-24 20:00:00,DELIVERED
WA00005982,A003667,2025-09-13 09:00:00,READ
WA00005983,A000825,2025-10-09 18:00:00,REPLIED
WA00005984,A003934,2026-02-10 07:00:00,SENT
WA00005985,A003507,2026-06-20 10:00:00,READ
WA00005986,A003245,2026-07-01 13:00:00,READ
WA00005987,A001599,2026-01-19 12:00:00,READ
WA00005988,A001835,2026-03-15 16:00:00,REPLIED
WA00005989,A000376,2025-10-10 13:00:00,READ
WA00005990,A002186,2025-10-17 07:00:00,FAILED
WA00005991,A000061,2026-02-18 12:00:00,SENT
WA00005992,A002292,2025-10-18 18:00:00,DELIVERED
WA00005993,A004178,2026-07-26 09:00:00,DELIVERED
WA00005994,A003278,2026-05-09 19:00:00,READ
WA00005995,A002293,2025-10-02 09:00:00,SENT
WA00005996,A003220,2025-10-06 20:00:00,DELIVERED
WA00005997,A003018,2026-08-19 10:00:00,FAILED
WA00005998,A003681,2025-12-08 11:00:00,DELIVERED
WA00005999,A000789,2025-09-06 17:00:00,REPLIED
WA00006000,A002320,2025-12-07 08:00:00,READ
WA00006001,A001700,2025-12-13 19:00:00,READ
WA00006002,A001019,2026-01-10 12:00:00,REPLIED
WA00006003,A001465,2026-08-04 09:00:00,FAILED
WA00006004,A002083,2026-04-02 13:00:00,DELIVERED
WA00006005,A002298,2026-01-27 20:00:00,SENT
WA00006006,A000643,2026-07-04 17:00:00,DELIVERED
WA00006007,A000961,2026-08-04 09:00:00,REPLIED
WA00006008,A000590,2025-12-10 12:00:00,DELIVERED
WA00006009,A002781,2026-07-11 11:00:00,FAILED
WA00006010,A002537,2026-04-23 14:00:00,REPLIED
WA00006011,A001079,2025-11-09 22:00:00,READ
WA00006012,A000134,2026-08-18 12:00:00,READ
WA00006013,A001452,2026-02-05 15:00:00,FAILED
WA00006014,A002720,2026-08-15 19:00:00,DELIVERED
WA00006015,A001568,2026-01-06 15:00:00,SENT
WA00006016,A003325,2026-02-10 20:00:00,SENT
WA00006017,A002112,2025-11-23 13:00:00,SENT
WA00006018,A000550,2025-09-08 14:00:00,FAILED
WA00006019,A003914,2025-12-26 17:00:00,DELIVERED
WA00006020,A003891,2026-03-17 13:00:00,SENT
WA00006021,A002237,2026-01-25 11:00:00,SENT
WA00006022,A002703,2026-07-10 15:00:00,READ
WA00006023,A002947,2025-09-06 21:00:00,DELIVERED
WA00006024,A001222,2026-06-17 14:00:00,FAILED
WA00006025,A003854,2025-11-15 22:00:00,FAILED
WA00006026,A003660,2025-12-17 07:00:00,DELIVERED
WA00006027,A000318,2026-04-13 17:00:00,READ
WA00006028,A003493,2025-10-16 22:00:00,SENT
WA00006029,A001207,2026-08-23 09:00:00,READ
WA00006030,A004102,2025-10-04 07:00:00,READ
WA00006031,A003785,2026-08-20 08:00:00,READ
WA00006032,A003745,2026-01-01 10:00:00,REPLIED
WA00006033,A003635,2025-10-15 21:00:00,DELIVERED
WA00006034,A002337,2026-01-03 13:00:00,READ
WA00006035,A003332,2026-07-07 12:00:00,READ
WA00006036,A000686,2026-05-15 18:00:00,FAILED
WA00006037,A001902,2025-10-04 20:00:00,DELIVERED
WA00006038,A000998,2026-01-19 16:00:00,SENT
WA00006039,A003590,2026-02-25 15:00:00,DELIVERED
WA00006040,A003077,2026-02-16 21:00:00,DELIVERED
WA00006041,A003312,2026-06-27 20:00:00,DELIVERED
WA00006042,A000919,2026-08-14 07:00:00,DELIVERED
WA00006043,A003530,2025-10-06 15:00:00,DELIVERED
WA00006044,A003332,2026-06-09 21:00:00,DELIVERED
WA00006045,A003192,2026-08-02 14:00:00,SENT
WA00006046,A001438,2026-01-23 20:00:00,READ
WA00006047,A003427,2026-01-15 18:00:00,READ
WA00006048,A002980,2025-09-13 12:00:00,SENT
WA00006049,A000263,2026-01-25 13:00:00,SENT
WA00006050,A002032,2026-01-07 22:00:00,DELIVERED
WA00006051,A002790,2026-02-26 17:00:00,READ
WA00006052,A002586,2025-12-02 13:00:00,DELIVERED
WA00006053,A002334,2026-01-06 21:00:00,REPLIED
WA00006054,A002010,2026-04-27 11:00:00,FAILED
WA00006055,A003285,2025-09-10 19:00:00,REPLIED
WA00006056,A003101,2026-03-08 10:00:00,READ
WA00006057,A001735,2025-11-08 21:00:00,DELIVERED
WA00006058,A002895,2025-10-06 15:00:00,REPLIED
WA00006059,A004025,2026-03-21 11:00:00,DELIVERED
WA00006060,A002294,2026-03-26 16:00:00,DELIVERED
WA00006061,A002104,2025-11-10 21:00:00,REPLIED
WA00006062,A002182,2026-01-15 07:00:00,READ
WA00006063,A001523,2025-10-03 10:00:00,SENT
WA00006064,A003857,2025-09-06 19:00:00,FAILED
WA00006065,A003856,2026-03-05 12:00:00,SENT
WA00006066,A003087,2026-01-27 16:00:00,DELIVERED
WA00006067,A001423,2026-07-08 11:00:00,READ
WA00006068,A000900,2025-10-11 20:00:00,DELIVERED
WA00006069,A004002,2026-05-07 13:00:00,DELIVERED
WA00006070,A002238,2026-01-11 20:00:00,DELIVERED
WA00006071,A000210,2026-05-24 16:00:00,REPLIED
WA00006072,A002535,2026-07-03 08:00:00,DELIVERED
WA00006073,A002262,2026-07-01 15:00:00,READ
WA00006074,A003440,2025-12-03 16:00:00,REPLIED
WA00006075,A001092,2025-10-15 22:00:00,DELIVERED
WA00006076,A000151,2025-12-25 14:00:00,FAILED
WA00006077,A000218,2026-02-08 17:00:00,READ
WA00006078,A002636,2025-09-20 08:00:00,READ
WA00006079,A003275,2026-05-08 08:00:00,DELIVERED
WA00006080,A000402,2025-11-23 20:00:00,REPLIED
WA00006081,A000754,2026-04-13 22:00:00,REPLIED
WA00006082,A002262,2025-10-27 13:00:00,SENT
WA00006083,A000565,2026-06-24 12:00:00,READ
WA00006084,A004035,2025-10-01 18:00:00,DELIVERED
WA00006085,A001022,2026-01-13 07:00:00,READ
WA00006086,A004049,2026-08-09 12:00:00,FAILED
WA00006087,A002968,2026-05-26 18:00:00,DELIVERED
WA00006088,A003949,2026-05-27 18:00:00,SENT
WA00006089,A002676,2026-03-27 17:00:00,DELIVERED
WA00006090,A000976,2025-09-08 20:00:00,DELIVERED
WA00006091,A003158,2026-07-14 21:00:00,DELIVERED
WA00006092,A003207,2026-04-15 15:00:00,DELIVERED
WA00006093,A004198,2025-12-17 18:00:00,FAILED
WA00006094,A001183,2025-09-04 18:00:00,DELIVERED
WA00006095,A003501,2026-05-19 17:00:00,READ
WA00006096,A001627,2025-10-18 09:00:00,READ
WA00006097,A001109,2025-11-22 12:00:00,READ
WA00006098,A000233,2026-06-05 19:00:00,DELIVERED
WA00006099,A003025,2026-03-18 15:00:00,READ
WA00006100,A002206,2026-03-01 08:00:00,READ
WA00006101,A003497,2026-07-20 13:00:00,REPLIED
WA00006102,A000232,2026-01-14 10:00:00,DELIVERED
WA00006103,A002902,2026-05-26 20:00:00,READ
WA00006104,A003154,2026-04-01 22:00:00,DELIVERED
WA00006105,A000389,2026-06-10 12:00:00,SENT
WA00006106,A001722,2026-05-15 22:00:00,FAILED
WA00006107,A003196,2025-09-03 22:00:00,READ
WA00006108,A003027,2026-05-12 21:00:00,DELIVERED
WA00006109,A003181,2026-04-06 14:00:00,REPLIED
WA00006110,A000241,2026-02-14 20:00:00,READ
WA00006111,A003970,2026-02-18 17:00:00,FAILED
WA00006112,A003492,2025-10-12 20:00:00,READ
WA00006113,A001658,2026-08-18 10:00:00,SENT
WA00006114,A001333,2025-09-08 19:00:00,SENT
WA00006115,A000029,2026-05-19 21:00:00,FAILED
WA00006116,A003844,2026-07-23 16:00:00,DELIVERED
WA00006117,A000480,2026-07-12 12:00:00,SENT
WA00006118,A002796,2026-07-07 17:00:00,DELIVERED
WA00006119,A000440,2026-04-16 20:00:00,DELIVERED
WA00006120,A001960,2026-04-23 20:00:00,DELIVERED
WA00006121,A000298,2026-06-18 13:00:00,SENT
WA00006122,A003407,2025-11-24 10:00:00,DELIVERED
WA00006123,A002453,2026-07-27 07:00:00,DELIVERED
WA00006124,A001728,2026-01-08 20:00:00,READ
WA00006125,A003559,2025-12-08 12:00:00,READ
WA00006126,A002508,2026-04-08 10:00:00,READ
WA00006127,A002650,2026-06-03 19:00:00,SENT
WA00006128,A001662,2025-12-17 16:00:00,DELIVERED
WA00006129,A001730,2026-06-27 18:00:00,FAILED
WA00006130,A002594,2026-04-22 19:00:00,REPLIED
WA00006131,A003958,2025-11-13 22:00:00,SENT
WA00006132,A000366,2026-03-04 10:00:00,DELIVERED
WA00006133,A002543,2026-05-16 19:00:00,DELIVERED
WA00006134,A001136,2026-07-18 17:00:00,DELIVERED
WA00006135,A003538,2026-08-16 19:00:00,READ
WA00006136,A003889,2025-12-19 10:00:00,READ
WA00006137,A002970,2026-01-15 10:00:00,SENT
WA00006138,A003632,2026-05-19 12:00:00,SENT
WA00006139,A001021,2026-03-22 21:00:00,REPLIED
WA00006140,A003865,2026-03-11 21:00:00,REPLIED
WA00006141,A001124,2026-07-19 13:00:00,READ
WA00006142,A001184,2026-01-20 07:00:00,SENT
WA00006143,A001440,2025-11-16 16:00:00,READ
WA00006144,A003343,2026-03-05 14:00:00,SENT
WA00006145,A002015,2026-08-02 10:00:00,DELIVERED
WA00006146,A003948,2026-04-04 11:00:00,FAILED
WA00006147,A001317,2026-01-27 10:00:00,READ
WA00006148,A003668,2025-09-14 16:00:00,SENT
WA00006149,A000474,2026-04-20 21:00:00,REPLIED
WA00006150,A003627,2026-03-08 18:00:00,REPLIED
WA00006151,A002850,2026-02-05 10:00:00,DELIVERED
WA00006152,A001422,2025-09-01 19:00:00,READ
WA00006153,A001357,2026-01-25 20:00:00,FAILED
WA00006154,A003582,2025-10-19 20:00:00,DELIVERED
WA00006155,A000672,2025-12-11 20:00:00,SENT
WA00006156,A001897,2025-09-02 22:00:00,SENT
WA00006157,A001181,2026-06-22 19:00:00,SENT
WA00006158,A001405,2026-05-18 13:00:00,DELIVERED
WA00006159,A000782,2026-06-08 12:00:00,FAILED
WA00006160,A001702,2026-01-11 10:00:00,REPLIED
WA00006161,A001005,2025-10-15 13:00:00,REPLIED
WA00006162,A002460,2026-05-19 18:00:00,REPLIED
WA00006163,A002122,2026-02-03 22:00:00,READ
WA00006164,A001913,2026-05-23 14:00:00,REPLIED
WA00006165,A003583,2026-07-23 22:00:00,FAILED
WA00006166,A001609,2025-09-05 08:00:00,DELIVERED
WA00006167,A003042,2026-01-13 18:00:00,READ
WA00006168,A001245,2026-04-01 15:00:00,READ
WA00006169,A000363,2026-04-10 18:00:00,SENT
WA00006170,A000032,2026-05-21 17:00:00,READ
WA00006171,A003300,2025-12-05 15:00:00,REPLIED
WA00006172,A001521,2026-02-09 07:00:00,DELIVERED
WA00006173,A000867,2025-11-18 20:00:00,DELIVERED
WA00006174,A000196,2026-04-12 09:00:00,SENT
WA00006175,A001250,2026-01-18 15:00:00,REPLIED
WA00006176,A003160,2026-05-07 13:00:00,DELIVERED
WA00006177,A003293,2025-12-20 20:00:00,READ
WA00006178,A002252,2026-07-17 11:00:00,READ
WA00006179,A003482,2026-04-02 12:00:00,READ
WA00006180,A002188,2026-02-14 16:00:00,DELIVERED
WA00006181,A001132,2026-02-07 16:00:00,DELIVERED
WA00006182,A001169,2026-01-22 13:00:00,REPLIED
WA00006183,A003736,2026-04-11 16:00:00,DELIVERED
WA00006184,A002845,2026-02-05 14:00:00,REPLIED
WA00006185,A000266,2026-02-16 19:00:00,DELIVERED
WA00006186,A003049,2025-11-27 14:00:00,DELIVERED
WA00006187,A003683,2026-03-06 13:00:00,DELIVERED
WA00006188,A002115,2026-08-27 19:00:00,DELIVERED
WA00006189,A003923,2026-05-20 12:00:00,DELIVERED
WA00006190,A002730,2026-01-26 15:00:00,DELIVERED
WA00006191,A001323,2026-06-14 16:00:00,SENT
WA00006192,A002232,2025-10-27 21:00:00,DELIVERED
WA00006193,A001192,2025-09-08 08:00:00,SENT
WA00006194,A003398,2026-04-25 16:00:00,DELIVERED
WA00006195,A003113,2025-09-20 07:00:00,DELIVERED
WA00006196,A002498,2026-08-23 17:00:00,SENT
WA00006197,A000839,2025-11-24 20:00:00,DELIVERED
WA00006198,A003325,2025-09-27 10:00:00,DELIVERED
WA00006199,A002622,2026-04-18 09:00:00,DELIVERED
WA00006200,A001550,2026-05-10 07:00:00,FAILED
WA00006201,A000172,2025-12-04 08:00:00,DELIVERED
WA00006202,A002319,2026-01-23 13:00:00,REPLIED
WA00006203,A000982,2026-04-11 20:00:00,DELIVERED
WA00006204,A002982,2026-05-04 19:00:00,DELIVERED
WA00006205,A003141,2026-02-26 20:00:00,READ
WA00006206,A000952,2026-04-21 20:00:00,SENT
WA00006207,A001918,2025-11-03 17:00:00,DELIVERED
WA00006208,A001545,2026-04-07 13:00:00,READ
WA00006209,A001408,2026-07-13 17:00:00,DELIVERED
WA00006210,A001429,2025-12-15 15:00:00,REPLIED
WA00006211,A002501,2025-11-04 13:00:00,DELIVERED
WA00006212,A001336,2026-07-02 21:00:00,DELIVERED
WA00006213,A001118,2026-04-04 14:00:00,REPLIED
WA00006214,A000547,2025-10-16 17:00:00,FAILED
WA00006215,A000177,2025-09-27 16:00:00,READ
WA00006216,A001199,2026-08-19 14:00:00,DELIVERED
WA00006217,A003557,2025-11-13 10:00:00,FAILED
WA00006218,A002039,2025-11-03 07:00:00,DELIVERED
WA00006219,A000874,2026-07-27 10:00:00,DELIVERED
WA00006220,A002548,2026-06-19 11:00:00,DELIVERED
WA00006221,A004023,2025-10-13 11:00:00,REPLIED
WA00006222,A002887,2025-12-13 16:00:00,FAILED
WA00006223,A001870,2025-12-03 21:00:00,DELIVERED
WA00006224,A002193,2025-10-18 21:00:00,READ
WA00006225,A000792,2026-03-11 18:00:00,DELIVERED
WA00006226,A001999,2025-09-02 20:00:00,REPLIED
WA00006227,A001206,2025-12-10 07:00:00,DELIVERED
WA00006228,A001273,2026-01-04 14:00:00,SENT
WA00006229,A002094,2026-06-07 11:00:00,FAILED
WA00006230,A001076,2026-02-25 08:00:00,REPLIED
WA00006231,A000228,2026-01-24 15:00:00,DELIVERED
WA00006232,A000569,2026-03-25 17:00:00,REPLIED
WA00006233,A003322,2025-11-21 09:00:00,DELIVERED
WA00006234,A002767,2026-01-12 17:00:00,DELIVERED
WA00006235,A003718,2026-07-10 18:00:00,DELIVERED
WA00006236,A002861,2025-10-15 17:00:00,REPLIED
WA00006237,A000923,2026-01-22 09:00:00,REPLIED
WA00006238,A002680,2026-04-04 20:00:00,DELIVERED
WA00006239,A003938,2026-06-09 21:00:00,READ
WA00006240,A002492,2026-06-16 12:00:00,DELIVERED
WA00006241,A003969,2026-01-16 12:00:00,READ
WA00006242,A003465,2026-05-17 10:00:00,SENT
WA00006243,A003546,2026-03-10 20:00:00,READ
WA00006244,A001114,2025-10-18 12:00:00,READ
WA00006245,A004076,2025-10-16 19:00:00,READ
WA00006246,A003554,2025-11-24 11:00:00,READ
WA00006247,A000300,2026-01-08 16:00:00,DELIVERED
WA00006248,A000989,2026-02-16 12:00:00,READ
WA00006249,A003517,2026-08-26 21:00:00,READ
WA00006250,A001509,2025-10-15 22:00:00,READ
WA00006251,A001201,2026-01-23 08:00:00,READ
WA00006252,A001140,2026-02-18 20:00:00,READ
WA00006253,A003127,2025-09-03 11:00:00,DELIVERED
WA00006254,A002700,2026-05-26 13:00:00,REPLIED
WA00006255,A003749,2025-12-04 22:00:00,DELIVERED
WA00006256,A000674,2025-12-23 08:00:00,DELIVERED
WA00006257,A000851,2026-05-26 18:00:00,READ
WA00006258,A000572,2026-02-08 10:00:00,SENT
WA00006259,A000876,2025-09-06 16:00:00,DELIVERED
WA00006260,A001278,2026-04-11 18:00:00,FAILED
WA00006261,A003482,2025-12-04 21:00:00,DELIVERED
WA00006262,A002728,2026-05-21 18:00:00,SENT
WA00006263,A001508,2026-08-10 07:00:00,FAILED
WA00006264,A004071,2026-01-01 21:00:00,READ
WA00006265,A003782,2026-08-23 14:00:00,READ
WA00006266,A002007,2025-10-13 09:00:00,DELIVERED
WA00006267,A003566,2025-10-03 21:00:00,DELIVERED
WA00006268,A000885,2025-11-26 16:00:00,READ
WA00006269,A000800,2026-08-19 21:00:00,READ
WA00006270,A002830,2025-09-15 21:00:00,DELIVERED
WA00006271,A002366,2025-12-24 12:00:00,DELIVERED
WA00006272,A002014,2025-12-19 13:00:00,REPLIED
WA00006273,A001932,2026-07-26 08:00:00,FAILED
WA00006274,A002064,2026-05-25 14:00:00,DELIVERED
WA00006275,A000787,2026-05-06 07:00:00,FAILED
WA00006276,A002325,2026-04-02 11:00:00,READ
WA00006277,A000246,2025-12-05 18:00:00,READ
WA00006278,A004088,2026-01-20 21:00:00,FAILED
WA00006279,A000507,2025-10-16 20:00:00,REPLIED
WA00006280,A002565,2026-06-04 10:00:00,DELIVERED
WA00006281,A002255,2026-01-09 08:00:00,SENT
WA00006282,A003249,2026-07-09 08:00:00,REPLIED
WA00006283,A004050,2026-08-21 12:00:00,SENT
WA00006284,A001791,2025-12-10 21:00:00,REPLIED
WA00006285,A002560,2026-08-21 10:00:00,REPLIED
WA00006286,A003048,2025-09-13 22:00:00,READ
WA00006287,A000466,2025-11-03 15:00:00,READ
WA00006288,A002070,2026-06-02 15:00:00,FAILED
WA00006289,A001324,2026-04-12 22:00:00,SENT
WA00006290,A000215,2026-02-17 14:00:00,READ
WA00006291,A001038,2026-04-09 20:00:00,READ
WA00006292,A003299,2026-05-27 12:00:00,FAILED
WA00006293,A003241,2026-01-27 12:00:00,FAILED
WA00006294,A001748,2026-08-11 10:00:00,READ
WA00006295,A001867,2026-01-17 15:00:00,READ
WA00006296,A000700,2025-10-20 22:00:00,DELIVERED
WA00006297,A002926,2026-07-09 22:00:00,DELIVERED
WA00006298,A000132,2026-05-20 15:00:00,REPLIED
WA00006299,A000154,2026-03-14 07:00:00,DELIVERED
WA00006300,A002442,2026-06-06 10:00:00,FAILED
WA00006301,A001355,2026-08-16 21:00:00,SENT
WA00006302,A003087,2026-06-14 13:00:00,REPLIED
WA00006303,A003670,2025-12-09 08:00:00,READ
WA00006304,A003940,2026-01-06 20:00:00,REPLIED
WA00006305,A002938,2026-08-04 07:00:00,DELIVERED
WA00006306,A000913,2025-11-14 17:00:00,REPLIED
WA00006307,A002188,2025-09-12 10:00:00,DELIVERED
WA00006308,A001122,2026-02-22 17:00:00,DELIVERED
WA00006309,A003340,2025-10-27 15:00:00,READ
WA00006310,A002330,2025-11-02 10:00:00,REPLIED
WA00006311,A000619,2026-07-14 08:00:00,DELIVERED
WA00006312,A004187,2026-04-11 10:00:00,DELIVERED
WA00006313,A001824,2025-12-06 17:00:00,READ
WA00006314,A001579,2026-01-27 15:00:00,REPLIED
WA00006315,A002773,2026-06-16 08:00:00,DELIVERED
WA00006316,A002732,2025-10-10 15:00:00,SENT
WA00006317,A002143,2026-08-24 21:00:00,DELIVERED
WA00006318,A003249,2025-11-26 17:00:00,READ
WA00006319,A003962,2025-11-23 08:00:00,DELIVERED
WA00006320,A001753,2025-09-01 16:00:00,SENT
WA00006321,A000512,2026-01-27 14:00:00,SENT
WA00006322,A000541,2026-03-14 19:00:00,DELIVERED
WA00006323,A002058,2026-03-14 22:00:00,DELIVERED
WA00006324,A001823,2026-04-16 07:00:00,REPLIED
WA00006325,A003521,2025-12-05 21:00:00,REPLIED
WA00006326,A001492,2026-05-02 19:00:00,READ
WA00006327,A003938,2025-10-05 07:00:00,DELIVERED
WA00006328,A001322,2026-03-01 12:00:00,REPLIED
WA00006329,A002862,2025-11-17 12:00:00,READ
WA00006330,A002297,2025-10-04 17:00:00,SENT
WA00006331,A002712,2026-07-06 10:00:00,DELIVERED
WA00006332,A003975,2026-02-16 13:00:00,DELIVERED
WA00006333,A001830,2026-03-05 20:00:00,FAILED
WA00006334,A001236,2026-01-26 18:00:00,SENT
WA00006335,A000986,2026-02-26 16:00:00,DELIVERED
WA00006336,A002336,2025-11-05 08:00:00,REPLIED
WA00006337,A002686,2026-04-20 15:00:00,SENT
WA00006338,A002081,2025-10-22 22:00:00,DELIVERED
WA00006339,A000453,2025-09-22 19:00:00,READ
WA00006340,A002257,2026-05-21 16:00:00,DELIVERED
WA00006341,A003833,2025-10-19 08:00:00,SENT
WA00006342,A002012,2026-01-18 18:00:00,DELIVERED
WA00006343,A003475,2026-08-05 13:00:00,FAILED
WA00006344,A000740,2025-11-10 09:00:00,FAILED
WA00006345,A000867,2026-03-04 17:00:00,REPLIED
WA00006346,A002759,2025-11-09 21:00:00,DELIVERED
WA00006347,A003416,2025-11-25 15:00:00,READ
WA00006348,A003118,2026-07-25 17:00:00,FAILED
WA00006349,A000952,2026-03-16 20:00:00,DELIVERED
WA00006350,A001722,2026-03-05 09:00:00,READ
WA00006351,A003392,2025-12-12 08:00:00,REPLIED
WA00006352,A000933,2026-04-22 16:00:00,DELIVERED
WA00006353,A000711,2026-02-24 09:00:00,DELIVERED
WA00006354,A002167,2026-02-06 22:00:00,READ
WA00006355,A003542,2026-03-10 15:00:00,DELIVERED
WA00006356,A000845,2026-05-09 13:00:00,SENT
WA00006357,A000885,2026-08-02 09:00:00,SENT
WA00006358,A003877,2026-06-06 07:00:00,READ
WA00006359,A001955,2025-10-13 20:00:00,SENT
WA00006360,A003250,2025-10-23 21:00:00,REPLIED
WA00006361,A003881,2026-07-09 21:00:00,REPLIED
WA00006362,A003392,2025-09-22 18:00:00,DELIVERED
WA00006363,A000148,2026-08-27 22:00:00,DELIVERED
WA00006364,A001817,2026-03-21 19:00:00,DELIVERED
WA00006365,A003050,2025-11-19 12:00:00,REPLIED
WA00006366,A002817,2025-09-16 14:00:00,SENT
WA00006367,A000814,2026-08-08 10:00:00,DELIVERED
WA00006368,A001216,2026-03-08 20:00:00,REPLIED
WA00006369,A002812,2026-01-09 14:00:00,DELIVERED
WA00006370,A002089,2026-01-12 17:00:00,DELIVERED
WA00006371,A002823,2026-03-19 07:00:00,SENT
WA00006372,A000614,2026-01-24 17:00:00,REPLIED
WA00006373,A003014,2026-04-18 19:00:00,REPLIED
WA00006374,A000094,2025-10-09 16:00:00,SENT
WA00006375,A001418,2025-11-21 14:00:00,SENT
WA00006376,A003889,2026-03-18 16:00:00,READ
WA00006377,A003419,2026-01-11 15:00:00,REPLIED
WA00006378,A003028,2026-06-22 22:00:00,DELIVERED
WA00006379,A003383,2026-01-21 07:00:00,DELIVERED
WA00006380,A002515,2025-12-21 08:00:00,DELIVERED
WA00006381,A002748,2026-04-10 10:00:00,READ
WA00006382,A000179,2026-06-27 14:00:00,READ
WA00006383,A003984,2026-01-11 09:00:00,READ
WA00006384,A002341,2026-04-06 08:00:00,SENT
WA00006385,A000106,2025-10-06 10:00:00,DELIVERED
WA00006386,A003455,2025-10-17 07:00:00,DELIVERED
WA00006387,A000448,2026-01-22 18:00:00,SENT
WA00006388,A003157,2026-04-17 11:00:00,READ
WA00006389,A002741,2026-08-22 08:00:00,READ
WA00006390,A003414,2026-06-15 11:00:00,SENT
WA00006391,A000749,2025-12-16 10:00:00,DELIVERED
WA00006392,A001880,2025-09-04 09:00:00,READ
WA00006393,A001018,2026-08-16 17:00:00,DELIVERED
WA00006394,A002265,2026-02-06 15:00:00,FAILED
WA00006395,A003759,2026-05-08 16:00:00,FAILED
WA00006396,A003231,2026-07-02 22:00:00,REPLIED
WA00006397,A001330,2025-10-12 20:00:00,DELIVERED
WA00006398,A003134,2025-11-18 12:00:00,FAILED
WA00006399,A001778,2026-03-02 14:00:00,READ
WA00006400,A003024,2026-06-20 16:00:00,DELIVERED
WA00006401,A002446,2026-02-13 09:00:00,REPLIED
WA00006402,A002286,2026-04-03 18:00:00,READ
WA00006403,A002234,2026-04-10 08:00:00,READ
WA00006404,A002623,2025-09-12 12:00:00,SENT
WA00006405,A002448,2026-01-26 21:00:00,SENT
WA00006406,A002617,2025-11-16 12:00:00,READ
WA00006407,A002671,2026-02-09 19:00:00,FAILED
WA00006408,A000258,2026-05-04 11:00:00,READ
WA00006409,A003636,2026-04-23 16:00:00,DELIVERED
WA00006410,A003171,2026-03-01 08:00:00,FAILED
WA00006411,A003502,2026-04-26 10:00:00,FAILED
WA00006412,A003579,2026-06-09 09:00:00,FAILED
WA00006413,A001336,2026-01-18 20:00:00,SENT
WA00006414,A002958,2026-03-27 13:00:00,READ
WA00006415,A000669,2026-07-05 18:00:00,READ
WA00006416,A003128,2026-07-03 09:00:00,SENT
WA00006417,A003422,2026-04-01 21:00:00,DELIVERED
WA00006418,A001511,2026-01-04 18:00:00,DELIVERED
WA00006419,A003762,2026-07-14 21:00:00,SENT
WA00006420,A002779,2026-02-12 20:00:00,DELIVERED
WA00006421,A002412,2025-11-13 14:00:00,SENT
WA00006422,A001692,2025-09-27 09:00:00,DELIVERED
WA00006423,A002923,2025-10-11 07:00:00,REPLIED
WA00006424,A002868,2026-08-12 09:00:00,DELIVERED
WA00006425,A003466,2026-01-05 08:00:00,DELIVERED
WA00006426,A003563,2026-05-26 10:00:00,DELIVERED
WA00006427,A002580,2026-05-03 19:00:00,DELIVERED
WA00006428,A003437,2026-05-25 18:00:00,DELIVERED
WA00006429,A001584,2026-05-10 10:00:00,DELIVERED
WA00006430,A002948,2026-05-09 17:00:00,READ
WA00006431,A001981,2026-03-14 22:00:00,SENT
WA00006432,A000757,2026-01-04 10:00:00,READ
WA00006433,A002487,2025-11-08 11:00:00,DELIVERED
WA00006434,A001453,2025-10-21 08:00:00,REPLIED
WA00006435,A002537,2026-07-26 15:00:00,READ
WA00006436,A003935,2026-07-13 09:00:00,READ
WA00006437,A000817,2025-12-20 19:00:00,FAILED
WA00006438,A003899,2025-11-23 16:00:00,READ
WA00006439,A001400,2025-11-12 12:00:00,FAILED
WA00006440,A002680,2026-06-11 19:00:00,FAILED
WA00006441,A002619,2026-06-24 15:00:00,REPLIED
WA00006442,A001947,2025-11-07 11:00:00,READ
WA00006443,A003761,2026-06-02 13:00:00,READ
WA00006444,A000153,2026-01-03 18:00:00,READ
WA00006445,A000886,2026-04-03 08:00:00,REPLIED
WA00006446,A001476,2026-05-12 08:00:00,DELIVERED
WA00006447,A002111,2026-04-25 12:00:00,DELIVERED
WA00006448,A003017,2025-11-13 18:00:00,DELIVERED
WA00006449,A001320,2026-01-09 22:00:00,REPLIED
WA00006450,A000706,2025-10-19 16:00:00,DELIVERED
WA00006451,A001505,2026-05-08 11:00:00,REPLIED
WA00006452,A003819,2026-05-04 22:00:00,SENT
WA00006453,A002538,2026-06-22 08:00:00,DELIVERED
WA00006454,A001592,2026-01-12 11:00:00,DELIVERED
WA00006455,A000435,2026-04-01 18:00:00,DELIVERED
WA00006456,A004061,2026-01-09 09:00:00,SENT
WA00006457,A002865,2026-07-05 07:00:00,DELIVERED
WA00006458,A000202,2026-01-22 19:00:00,REPLIED
WA00006459,A003320,2026-03-24 17:00:00,READ
WA00006460,A003713,2026-03-09 09:00:00,DELIVERED
WA00006461,A003025,2026-08-10 15:00:00,REPLIED
WA00006462,A004028,2026-07-20 09:00:00,READ
WA00006463,A000625,2026-07-04 17:00:00,SENT
WA00006464,A002142,2026-03-22 10:00:00,SENT
WA00006465,A001144,2026-01-08 17:00:00,DELIVERED
WA00006466,A000187,2026-04-05 18:00:00,SENT
WA00006467,A003386,2026-04-18 08:00:00,SENT
WA00006468,A000647,2026-08-24 19:00:00,READ
WA00006469,A001496,2026-04-08 13:00:00,FAILED
WA00006470,A000474,2025-11-13 07:00:00,READ
WA00006471,A004185,2026-05-15 07:00:00,SENT
WA00006472,A004170,2026-07-07 11:00:00,DELIVERED
WA00006473,A000775,2026-08-19 10:00:00,READ
WA00006474,A003058,2026-03-05 10:00:00,DELIVERED
WA00006475,A003502,2026-03-11 09:00:00,READ
WA00006476,A001364,2026-07-11 21:00:00,DELIVERED
WA00006477,A001110,2026-01-26 12:00:00,FAILED
WA00006478,A001742,2026-02-05 16:00:00,DELIVERED
WA00006479,A003022,2025-09-07 08:00:00,REPLIED
WA00006480,A002817,2025-12-09 21:00:00,DELIVERED
WA00006481,A003662,2026-01-14 16:00:00,DELIVERED
WA00006482,A000346,2026-05-22 19:00:00,SENT
WA00006483,A003342,2026-08-24 13:00:00,DELIVERED
WA00006484,A003957,2025-09-17 19:00:00,DELIVERED
WA00006485,A003487,2026-08-16 12:00:00,DELIVERED
WA00006486,A000001,2026-05-04 15:00:00,SENT
WA00006487,A003287,2026-07-14 22:00:00,DELIVERED
WA00006488,A001099,2026-03-07 21:00:00,READ
WA00006489,A002844,2026-02-03 19:00:00,DELIVERED
WA00006490,A003620,2026-02-15 17:00:00,READ
WA00006491,A003273,2026-07-11 14:00:00,FAILED
WA00006492,A000648,2025-09-06 12:00:00,FAILED
WA00006493,A001404,2025-10-20 18:00:00,SENT
WA00006494,A000826,2025-11-18 21:00:00,DELIVERED
WA00006495,A002484,2026-02-02 08:00:00,DELIVERED
WA00006496,A004191,2025-09-17 08:00:00,DELIVERED
WA00006497,A001609,2025-12-08 16:00:00,DELIVERED
WA00006498,A001280,2026-02-27 13:00:00,READ
WA00006499,A001868,2026-08-01 11:00:00,DELIVERED
WA00006500,A003764,2026-02-23 16:00:00,DELIVERED
WA00006501,A002551,2026-08-02 13:00:00,FAILED
WA00006502,A003776,2026-07-11 13:00:00,SENT
WA00006503,A002734,2025-12-18 21:00:00,REPLIED
WA00006504,A001131,2026-07-10 13:00:00,DELIVERED
WA00006505,A003437,2026-04-13 08:00:00,READ
WA00006506,A001378,2026-05-26 10:00:00,REPLIED
WA00006507,A001046,2026-05-16 22:00:00,DELIVERED
WA00006508,A001962,2025-11-22 07:00:00,REPLIED
WA00006509,A001677,2026-01-27 22:00:00,DELIVERED
WA00006510,A001654,2025-12-10 07:00:00,REPLIED
WA00006511,A003957,2026-03-06 19:00:00,DELIVERED
WA00006512,A002878,2026-08-08 16:00:00,DELIVERED
WA00006513,A000360,2026-07-12 16:00:00,READ
WA00006514,A001024,2025-12-09 09:00:00,SENT
WA00006515,A003029,2025-12-20 11:00:00,SENT
WA00006516,A001852,2026-07-15 17:00:00,FAILED
WA00006517,A003855,2025-10-26 21:00:00,DELIVERED
WA00006518,A003806,2026-07-27 18:00:00,READ
WA00006519,A000759,2026-06-09 19:00:00,READ
WA00006520,A003342,2025-11-02 15:00:00,READ
WA00006521,A001130,2026-06-15 07:00:00,SENT
WA00006522,A001852,2026-03-27 22:00:00,READ
WA00006523,A001117,2026-06-03 14:00:00,READ
WA00006524,A001095,2026-07-24 20:00:00,DELIVERED
WA00006525,A003996,2026-07-24 22:00:00,READ
WA00006526,A000904,2025-12-26 22:00:00,DELIVERED
WA00006527,A002940,2026-06-04 15:00:00,DELIVERED
WA00006528,A000007,2026-07-04 11:00:00,READ
WA00006529,A000954,2026-03-23 11:00:00,DELIVERED
WA00006530,A003181,2025-09-12 12:00:00,DELIVERED
WA00006531,A000972,2026-04-24 22:00:00,SENT
WA00006532,A001923,2026-02-08 19:00:00,READ
WA00006533,A002268,2026-01-07 16:00:00,REPLIED
WA00006534,A000831,2025-10-18 17:00:00,DELIVERED
WA00006535,A002353,2026-01-14 17:00:00,FAILED
WA00006536,A002119,2026-05-08 14:00:00,REPLIED
WA00006537,A002018,2025-11-15 13:00:00,READ
WA00006538,A000259,2026-06-20 18:00:00,SENT
WA00006539,A003153,2026-02-13 11:00:00,DELIVERED
WA00006540,A001859,2026-03-07 08:00:00,FAILED
WA00006541,A004043,2025-12-27 08:00:00,READ
WA00006542,A003322,2026-04-25 18:00:00,READ
WA00006543,A002642,2025-09-07 12:00:00,DELIVERED
WA00006544,A002054,2026-08-18 16:00:00,REPLIED
WA00006545,A003857,2026-05-07 22:00:00,READ
WA00006546,A003428,2026-05-08 19:00:00,DELIVERED
WA00006547,A003540,2026-06-07 15:00:00,SENT
WA00006548,A003335,2025-12-21 17:00:00,SENT
WA00006549,A000022,2026-05-08 11:00:00,FAILED
WA00006550,A003632,2026-02-15 14:00:00,FAILED
WA00006551,A003165,2026-04-16 15:00:00,REPLIED
WA00006552,A003349,2026-02-01 20:00:00,SENT
WA00006553,A003788,2026-06-26 15:00:00,DELIVERED
WA00006554,A002955,2026-08-23 13:00:00,FAILED
WA00006555,A000920,2026-08-18 08:00:00,DELIVERED
WA00006556,A001219,2026-04-06 08:00:00,DELIVERED
WA00006557,A000700,2026-05-10 19:00:00,DELIVERED
WA00006558,A001827,2026-06-08 22:00:00,DELIVERED
WA00006559,A001127,2025-09-17 16:00:00,DELIVERED
WA00006560,A000830,2026-04-16 18:00:00,SENT
WA00006561,A001164,2026-01-07 13:00:00,SENT
WA00006562,A000933,2026-01-24 09:00:00,SENT
WA00006563,A001148,2025-09-23 18:00:00,READ
WA00006564,A004128,2025-12-10 10:00:00,DELIVERED
WA00006565,A002522,2026-02-18 21:00:00,READ
WA00006566,A001970,2025-09-16 22:00:00,DELIVERED
WA00006567,A002862,2026-07-08 17:00:00,FAILED
WA00006568,A003469,2025-12-06 19:00:00,READ
WA00006569,A002505,2025-11-08 13:00:00,REPLIED
WA00006570,A003273,2026-06-08 16:00:00,DELIVERED
WA00006571,A001374,2026-03-23 12:00:00,FAILED
WA00006572,A001144,2026-06-27 19:00:00,DELIVERED
WA00006573,A002619,2026-08-20 15:00:00,REPLIED
WA00006574,A003419,2026-04-21 18:00:00,DELIVERED
WA00006575,A001478,2026-06-22 14:00:00,READ
WA00006576,A003200,2025-12-18 18:00:00,FAILED
WA00006577,A001597,2026-05-04 08:00:00,READ
WA00006578,A001587,2026-03-15 09:00:00,DELIVERED
WA00006579,A001612,2025-09-15 19:00:00,SENT
WA00006580,A003962,2026-05-27 21:00:00,DELIVERED
WA00006581,A002366,2025-11-04 10:00:00,SENT
WA00006582,A000931,2026-07-22 11:00:00,DELIVERED
WA00006583,A003662,2025-12-27 13:00:00,FAILED
WA00006584,A000335,2025-11-12 07:00:00,DELIVERED
WA00006585,A003139,2025-10-22 13:00:00,READ
WA00006586,A000075,2025-10-04 08:00:00,FAILED
WA00006587,A002375,2026-06-18 10:00:00,DELIVERED
WA00006588,A000908,2025-10-17 16:00:00,DELIVERED
WA00006589,A001906,2026-04-14 19:00:00,DELIVERED
WA00006590,A001450,2026-07-21 11:00:00,REPLIED
WA00006591,A001216,2026-02-26 08:00:00,DELIVERED
WA00006592,A003763,2026-06-19 15:00:00,READ
WA00006593,A003488,2026-05-18 16:00:00,REPLIED
WA00006594,A004042,2026-04-11 07:00:00,FAILED
WA00006595,A000004,2026-05-18 12:00:00,SENT
WA00006596,A000867,2026-03-12 17:00:00,DELIVERED
WA00006597,A002062,2026-02-04 18:00:00,READ
WA00006598,A002178,2025-10-02 19:00:00,DELIVERED
WA00006599,A002550,2026-05-10 09:00:00,READ
WA00006600,A003164,2026-07-24 11:00:00,SENT
WA00006601,A000796,2026-08-06 22:00:00,DELIVERED
WA00006602,A001767,2026-02-08 08:00:00,DELIVERED
WA00006603,A002051,2025-09-14 12:00:00,FAILED
WA00006604,A003362,2026-06-12 19:00:00,DELIVERED
WA00006605,A000791,2026-06-18 17:00:00,REPLIED
WA00006606,A002290,2025-10-11 13:00:00,FAILED
WA00006607,A000689,2026-04-22 13:00:00,READ
WA00006608,A003224,2026-08-13 19:00:00,DELIVERED
WA00006609,A001635,2025-10-10 16:00:00,READ
WA00006610,A002900,2026-01-12 18:00:00,READ
WA00006611,A002222,2025-09-20 11:00:00,DELIVERED
WA00006612,A002767,2025-09-27 17:00:00,FAILED
WA00006613,A002117,2026-02-19 21:00:00,SENT
WA00006614,A002772,2026-02-02 19:00:00,DELIVERED
WA00006615,A001433,2026-03-27 22:00:00,DELIVERED
WA00006616,A003060,2025-10-04 09:00:00,FAILED
WA00006617,A002802,2026-02-18 21:00:00,REPLIED
WA00006618,A002209,2026-06-27 09:00:00,REPLIED
WA00006619,A003155,2025-10-21 18:00:00,REPLIED
WA00006620,A000995,2026-03-05 19:00:00,DELIVERED
WA00006621,A003558,2025-11-01 09:00:00,SENT
WA00006622,A002696,2026-02-10 12:00:00,REPLIED
WA00006623,A000178,2026-02-04 20:00:00,REPLIED
WA00006624,A001019,2026-05-14 09:00:00,DELIVERED
WA00006625,A001391,2026-08-20 22:00:00,FAILED
WA00006626,A004050,2026-08-10 19:00:00,DELIVERED
WA00006627,A003457,2025-11-01 08:00:00,DELIVERED
WA00006628,A003267,2025-09-07 21:00:00,DELIVERED
WA00006629,A001110,2026-05-06 15:00:00,DELIVERED
WA00006630,A002537,2026-05-17 10:00:00,REPLIED
WA00006631,A003769,2026-04-10 10:00:00,READ
WA00006632,A000771,2026-06-13 16:00:00,READ
WA00006633,A000998,2025-12-24 15:00:00,READ
WA00006634,A001504,2026-08-05 20:00:00,READ
WA00006635,A000110,2026-01-24 18:00:00,READ
WA00006636,A000687,2026-05-22 16:00:00,DELIVERED
WA00006637,A000291,2025-12-20 13:00:00,READ
WA00006638,A004060,2026-06-06 12:00:00,READ
WA00006639,A000530,2025-12-27 10:00:00,DELIVERED
WA00006640,A002784,2026-01-22 13:00:00,DELIVERED
WA00006641,A000121,2026-02-01 16:00:00,READ
WA00006642,A000052,2026-07-21 22:00:00,REPLIED
WA00006643,A002369,2026-05-12 12:00:00,REPLIED
WA00006644,A002414,2025-10-05 09:00:00,DELIVERED
WA00006645,A000776,2025-11-23 07:00:00,DELIVERED
WA00006646,A001381,2026-03-04 14:00:00,SENT
WA00006647,A003406,2025-09-07 20:00:00,DELIVERED
WA00006648,A002057,2026-02-18 13:00:00,SENT
WA00006649,A000675,2025-10-10 07:00:00,REPLIED
WA00006650,A003156,2026-04-13 10:00:00,DELIVERED
WA00006651,A002549,2026-04-27 22:00:00,SENT
WA00006652,A000053,2026-04-25 15:00:00,DELIVERED
WA00006653,A001558,2025-10-21 10:00:00,REPLIED
WA00006654,A002868,2025-11-17 08:00:00,DELIVERED
WA00006655,A003084,2026-06-08 13:00:00,DELIVERED
WA00006656,A003583,2026-04-18 19:00:00,DELIVERED
WA00006657,A000573,2025-10-16 16:00:00,SENT
WA00006658,A001447,2025-09-24 13:00:00,SENT
WA00006659,A003755,2025-11-25 18:00:00,READ
WA00006660,A000589,2025-09-06 10:00:00,DELIVERED
WA00006661,A002877,2026-06-05 16:00:00,SENT
WA00006662,A003737,2025-11-22 12:00:00,READ
WA00006663,A001185,2025-11-15 11:00:00,DELIVERED
WA00006664,A003631,2025-09-04 22:00:00,READ
WA00006665,A000618,2026-04-16 17:00:00,DELIVERED
WA00006666,A000873,2025-12-24 21:00:00,SENT
WA00006667,A001288,2025-12-12 18:00:00,REPLIED
WA00006668,A000870,2025-10-03 22:00:00,READ
WA00006669,A003063,2026-05-16 14:00:00,DELIVERED
WA00006670,A001729,2026-03-24 19:00:00,READ
WA00006671,A002914,2026-07-11 16:00:00,REPLIED
WA00006672,A001436,2025-12-03 08:00:00,SENT
WA00006673,A001302,2026-03-22 17:00:00,REPLIED
WA00006674,A003033,2026-07-07 17:00:00,REPLIED
WA00006675,A003476,2025-10-11 18:00:00,SENT
WA00006676,A002948,2026-03-05 08:00:00,DELIVERED
WA00006677,A000071,2025-09-01 13:00:00,REPLIED
WA00006678,A000072,2026-01-14 16:00:00,READ
WA00006679,A001806,2026-07-23 12:00:00,FAILED
WA00006680,A002291,2026-02-24 13:00:00,DELIVERED
WA00006681,A002642,2025-10-16 09:00:00,DELIVERED
WA00006682,A003018,2026-03-21 14:00:00,REPLIED
WA00006683,A002502,2026-06-25 20:00:00,READ
WA00006684,A001346,2026-03-11 09:00:00,DELIVERED
WA00006685,A000915,2026-05-09 15:00:00,DELIVERED
WA00006686,A003871,2025-12-06 18:00:00,REPLIED
WA00006687,A002238,2025-11-18 16:00:00,READ
WA00006688,A002782,2026-03-17 09:00:00,READ
WA00006689,A001958,2026-02-25 08:00:00,DELIVERED
WA00006690,A002666,2026-07-07 15:00:00,READ
WA00006691,A001523,2025-09-11 08:00:00,REPLIED
WA00006692,A001836,2025-11-25 09:00:00,READ
WA00006693,A003879,2025-09-12 19:00:00,SENT
WA00006694,A003868,2026-03-22 19:00:00,DELIVERED
WA00006695,A000631,2026-02-13 07:00:00,FAILED
WA00006696,A002902,2026-04-05 12:00:00,REPLIED
WA00006697,A001642,2026-06-01 17:00:00,DELIVERED
WA00006698,A001065,2026-07-12 14:00:00,DELIVERED
WA00006699,A000754,2026-04-24 15:00:00,DELIVERED
WA00006700,A004083,2026-04-20 18:00:00,FAILED
WA00006701,A001612,2025-09-17 11:00:00,DELIVERED
WA00006702,A003911,2026-01-03 08:00:00,READ
WA00006703,A001990,2026-01-14 17:00:00,DELIVERED
WA00006704,A003219,2026-06-21 13:00:00,REPLIED
WA00006705,A000231,2025-11-25 11:00:00,DELIVERED
WA00006706,A003789,2026-08-03 11:00:00,READ
WA00006707,A000558,2025-10-02 21:00:00,DELIVERED
WA00006708,A000487,2025-10-07 14:00:00,READ
WA00006709,A004107,2025-10-25 19:00:00,DELIVERED
WA00006710,A002955,2025-12-15 12:00:00,READ
WA00006711,A001789,2026-07-01 12:00:00,SENT
WA00006712,A000795,2026-01-17 17:00:00,READ
WA00006713,A000904,2026-08-07 07:00:00,DELIVERED
WA00006714,A001198,2026-04-18 22:00:00,DELIVERED
WA00006715,A000498,2025-10-02 08:00:00,DELIVERED
WA00006716,A003970,2026-02-19 12:00:00,SENT
WA00006717,A003779,2025-10-23 21:00:00,DELIVERED
WA00006718,A001378,2025-10-19 12:00:00,SENT
WA00006719,A000647,2026-04-07 21:00:00,DELIVERED
WA00006720,A003746,2025-11-06 20:00:00,SENT
WA00006721,A001780,2026-04-23 07:00:00,DELIVERED
WA00006722,A002852,2026-02-15 22:00:00,FAILED
WA00006723,A003348,2026-06-25 08:00:00,FAILED
WA00006724,A003533,2026-06-23 19:00:00,READ
WA00006725,A003454,2026-07-14 21:00:00,DELIVERED
WA00006726,A003653,2026-06-03 14:00:00,READ
WA00006727,A002373,2026-01-18 20:00:00,REPLIED
WA00006728,A003020,2025-10-21 11:00:00,SENT
WA00006729,A001498,2026-08-05 16:00:00,FAILED
WA00006730,A003342,2026-07-13 07:00:00,SENT
WA00006731,A003108,2026-06-23 20:00:00,DELIVERED
WA00006732,A002947,2025-09-11 17:00:00,READ
WA00006733,A000106,2026-02-22 14:00:00,DELIVERED
WA00006734,A003239,2025-09-05 17:00:00,FAILED
WA00006735,A000520,2026-01-23 21:00:00,SENT
WA00006736,A001293,2025-11-16 21:00:00,DELIVERED
WA00006737,A001743,2025-10-07 22:00:00,READ
WA00006738,A002152,2026-02-19 15:00:00,REPLIED
WA00006739,A000313,2026-05-23 17:00:00,SENT
WA00006740,A001796,2026-07-12 10:00:00,READ
WA00006741,A001433,2026-04-01 20:00:00,DELIVERED
WA00006742,A000207,2025-10-22 11:00:00,DELIVERED
WA00006743,A002216,2026-03-22 13:00:00,DELIVERED
WA00006744,A002833,2026-05-07 22:00:00,REPLIED
WA00006745,A004043,2026-08-09 18:00:00,READ
WA00006746,A003765,2026-02-20 16:00:00,SENT
WA00006747,A001114,2026-07-20 10:00:00,DELIVERED
WA00006748,A003197,2026-08-20 20:00:00,REPLIED
WA00006749,A001383,2026-04-10 11:00:00,SENT
WA00006750,A001193,2025-11-19 18:00:00,SENT
WA00006751,A000270,2026-04-12 15:00:00,DELIVERED
WA00006752,A000026,2026-08-05 18:00:00,SENT
WA00006753,A002841,2026-05-12 21:00:00,REPLIED
WA00006754,A000030,2026-03-18 18:00:00,DELIVERED
WA00006755,A002285,2026-06-19 12:00:00,DELIVERED
WA00006756,A001426,2026-06-26 17:00:00,READ
WA00006757,A001616,2025-12-08 12:00:00,DELIVERED
WA00006758,A003038,2026-05-19 08:00:00,SENT
WA00006759,A002504,2026-06-05 12:00:00,REPLIED
WA00006760,A001426,2025-11-23 10:00:00,READ
WA00006761,A001769,2025-12-14 20:00:00,READ
WA00006762,A000929,2026-02-13 19:00:00,DELIVERED
WA00006763,A002475,2026-01-09 19:00:00,REPLIED
WA00006764,A002332,2025-09-24 17:00:00,REPLIED
WA00006765,A003716,2026-02-12 09:00:00,DELIVERED
WA00006766,A003581,2025-10-15 09:00:00,DELIVERED
WA00006767,A001218,2026-08-16 15:00:00,READ
WA00006768,A000531,2026-01-16 22:00:00,DELIVERED
WA00006769,A002898,2026-04-04 09:00:00,REPLIED
WA00006770,A003542,2026-05-13 08:00:00,REPLIED
WA00006771,A000590,2026-02-07 09:00:00,SENT
WA00006772,A000117,2026-01-12 08:00:00,REPLIED
WA00006773,A001368,2025-09-26 09:00:00,DELIVERED
WA00006774,A000296,2026-04-24 17:00:00,SENT
WA00006775,A002470,2026-01-07 13:00:00,READ
WA00006776,A004107,2026-04-09 10:00:00,DELIVERED
WA00006777,A000693,2026-06-25 21:00:00,READ
WA00006778,A002626,2026-06-01 14:00:00,REPLIED
WA00006779,A003183,2026-08-23 19:00:00,REPLIED
WA00006780,A002945,2026-03-02 16:00:00,DELIVERED
WA00006781,A004099,2025-09-16 15:00:00,DELIVERED
WA00006782,A000559,2025-10-17 17:00:00,READ
WA00006783,A001460,2026-06-08 08:00:00,READ
WA00006784,A003773,2026-07-06 07:00:00,FAILED
WA00006785,A002940,2026-06-04 13:00:00,READ
WA00006786,A003699,2026-07-07 07:00:00,REPLIED
WA00006787,A000843,2026-08-17 12:00:00,READ
WA00006788,A003776,2025-11-08 21:00:00,FAILED
WA00006789,A002973,2026-02-12 10:00:00,DELIVERED
WA00006790,A003439,2026-06-27 14:00:00,DELIVERED
WA00006791,A001695,2026-05-22 10:00:00,READ
WA00006792,A001001,2026-02-26 21:00:00,FAILED
WA00006793,A000029,2026-07-23 12:00:00,REPLIED
WA00006794,A001129,2026-05-20 15:00:00,DELIVERED
WA00006795,A003851,2026-01-17 11:00:00,REPLIED
WA00006796,A003531,2025-11-15 16:00:00,REPLIED
WA00006797,A004084,2025-12-21 19:00:00,READ
WA00006798,A002002,2026-01-13 17:00:00,READ
WA00006799,A002090,2025-09-25 17:00:00,FAILED
WA00006800,A002135,2026-03-21 15:00:00,DELIVERED
WA00006801,A003201,2026-02-24 16:00:00,DELIVERED
WA00006802,A003614,2026-04-11 16:00:00,DELIVERED
WA00006803,A001735,2026-04-27 08:00:00,SENT
WA00006804,A002858,2026-04-19 18:00:00,DELIVERED
WA00006805,A002114,2026-01-24 15:00:00,DELIVERED
WA00006806,A003911,2026-08-12 18:00:00,DELIVERED
WA00006807,A000390,2025-12-12 14:00:00,DELIVERED
WA00006808,A002109,2025-10-19 08:00:00,FAILED
WA00006809,A001250,2026-07-03 21:00:00,DELIVERED
WA00006810,A000872,2025-10-24 21:00:00,SENT
WA00006811,A004083,2025-09-03 21:00:00,READ
WA00006812,A002340,2026-04-16 13:00:00,REPLIED
WA00006813,A000044,2026-08-04 14:00:00,DELIVERED
WA00006814,A002110,2026-02-08 19:00:00,READ
WA00006815,A003569,2026-02-14 21:00:00,DELIVERED
WA00006816,A001229,2026-05-24 15:00:00,READ
WA00006817,A003440,2026-01-26 19:00:00,DELIVERED
WA00006818,A001430,2026-01-24 18:00:00,DELIVERED
WA00006819,A003811,2025-12-20 21:00:00,READ
WA00006820,A000506,2026-08-10 17:00:00,FAILED
WA00006821,A000905,2025-09-11 20:00:00,DELIVERED
WA00006822,A001959,2025-09-16 08:00:00,READ
WA00006823,A002358,2026-07-12 14:00:00,DELIVERED
WA00006824,A001763,2025-10-23 16:00:00,READ
WA00006825,A001464,2026-07-27 17:00:00,READ
WA00006826,A001567,2026-06-11 14:00:00,DELIVERED
WA00006827,A004007,2026-08-17 22:00:00,DELIVERED
WA00006828,A001945,2026-02-27 08:00:00,REPLIED
WA00006829,A000583,2025-09-25 11:00:00,DELIVERED
WA00006830,A002377,2026-06-25 20:00:00,DELIVERED
WA00006831,A002008,2026-02-24 12:00:00,SENT
WA00006832,A003294,2026-07-02 08:00:00,SENT
WA00006833,A004001,2025-10-07 09:00:00,FAILED
WA00006834,A003016,2025-11-03 14:00:00,READ
WA00006835,A003005,2026-01-19 09:00:00,DELIVERED
WA00006836,A000549,2026-05-01 22:00:00,READ
WA00006837,A000277,2025-12-23 13:00:00,DELIVERED
WA00006838,A003751,2026-08-09 09:00:00,DELIVERED
WA00006839,A001128,2025-09-13 20:00:00,SENT
WA00006840,A001149,2026-06-17 08:00:00,DELIVERED
WA00006841,A003147,2026-02-19 13:00:00,SENT
WA00006842,A002048,2025-12-21 10:00:00,DELIVERED
WA00006843,A003625,2025-12-24 14:00:00,DELIVERED
WA00006844,A003097,2026-05-16 08:00:00,SENT
WA00006845,A003363,2026-03-10 07:00:00,SENT
WA00006846,A003228,2025-12-04 16:00:00,READ
WA00006847,A003365,2026-02-22 12:00:00,SENT
WA00006848,A001300,2025-12-21 19:00:00,REPLIED
WA00006849,A000344,2026-04-08 14:00:00,DELIVERED
WA00006850,A001125,2026-04-01 10:00:00,DELIVERED
WA00006851,A002502,2026-01-15 08:00:00,READ
WA00006852,A001542,2026-05-14 12:00:00,DELIVERED
WA00006853,A001682,2025-12-13 07:00:00,SENT
WA00006854,A002942,2025-11-09 19:00:00,DELIVERED
WA00006855,A000407,2026-06-23 20:00:00,DELIVERED
WA00006856,A000847,2026-01-18 16:00:00,SENT
WA00006857,A000636,2026-08-11 18:00:00,READ
WA00006858,A001678,2026-05-21 17:00:00,READ
WA00006859,A002686,2026-03-18 19:00:00,READ
WA00006860,A001450,2026-05-23 09:00:00,REPLIED
WA00006861,A001876,2025-09-03 17:00:00,DELIVERED
WA00006862,A000085,2026-06-06 13:00:00,DELIVERED
WA00006863,A001754,2026-04-05 16:00:00,SENT
WA00006864,A001351,2025-12-18 21:00:00,DELIVERED
WA00006865,A004037,2025-11-24 15:00:00,DELIVERED
WA00006866,A004180,2026-05-14 16:00:00,REPLIED
WA00006867,A000129,2025-12-25 08:00:00,DELIVERED
WA00006868,A001330,2026-03-10 20:00:00,REPLIED
WA00006869,A002063,2025-09-11 21:00:00,READ
WA00006870,A000890,2026-08-16 20:00:00,DELIVERED
WA00006871,A001955,2025-10-06 11:00:00,FAILED
WA00006872,A002679,2026-07-06 09:00:00,DELIVERED
WA00006873,A003907,2026-05-15 12:00:00,SENT
WA00006874,A000243,2026-06-21 20:00:00,SENT
WA00006875,A002540,2026-06-08 15:00:00,READ
WA00006876,A000158,2026-01-25 16:00:00,DELIVERED
WA00006877,A000495,2025-11-25 20:00:00,SENT
WA00006878,A002097,2025-11-20 17:00:00,REPLIED
WA00006879,A001981,2026-08-27 14:00:00,READ
WA00006880,A001222,2026-02-21 19:00:00,READ
WA00006881,A001595,2026-05-22 13:00:00,READ
WA00006882,A002551,2025-10-27 15:00:00,SENT
WA00006883,A001718,2026-04-17 18:00:00,DELIVERED
WA00006884,A001250,2026-04-19 11:00:00,DELIVERED
WA00006885,A000551,2025-11-25 22:00:00,SENT
WA00006886,A000993,2025-10-12 17:00:00,REPLIED
WA00006887,A004002,2026-07-14 15:00:00,FAILED
WA00006888,A003252,2026-04-18 12:00:00,READ
WA00006889,A002309,2026-03-11 11:00:00,FAILED
WA00006890,A003462,2026-01-27 17:00:00,SENT
WA00006891,A001507,2026-01-24 22:00:00,DELIVERED
WA00006892,A002943,2026-04-12 10:00:00,SENT
WA00006893,A001938,2026-02-12 20:00:00,REPLIED
WA00006894,A000527,2025-09-09 09:00:00,READ
WA00006895,A001627,2026-01-17 11:00:00,FAILED
WA00006896,A003616,2026-07-18 09:00:00,DELIVERED
WA00006897,A003300,2026-02-12 13:00:00,DELIVERED
WA00006898,A004006,2026-08-25 15:00:00,READ
WA00006899,A001083,2026-04-26 10:00:00,READ
WA00006900,A000056,2026-08-26 22:00:00,REPLIED
WA00006901,A003376,2026-05-07 16:00:00,FAILED
WA00006902,A001572,2025-09-18 22:00:00,DELIVERED
WA00006903,A002228,2025-10-22 13:00:00,DELIVERED
WA00006904,A002231,2026-07-06 17:00:00,READ
WA00006905,A003722,2026-01-07 13:00:00,READ
WA00006906,A001234,2025-12-05 07:00:00,DELIVERED
WA00006907,A002752,2026-04-25 17:00:00,DELIVERED
WA00006908,A002184,2025-10-03 13:00:00,READ
WA00006909,A003115,2026-03-14 15:00:00,READ
WA00006910,A003580,2025-09-02 11:00:00,DELIVERED
WA00006911,A004140,2025-11-23 11:00:00,READ
WA00006912,A002163,2026-05-03 09:00:00,REPLIED
WA00006913,A003253,2025-12-27 17:00:00,FAILED
WA00006914,A000838,2026-02-15 18:00:00,FAILED
WA00006915,A001608,2026-03-15 12:00:00,READ
WA00006916,A000114,2025-12-25 13:00:00,SENT
WA00006917,A001436,2025-12-02 15:00:00,FAILED
WA00006918,A001214,2026-08-22 17:00:00,READ
WA00006919,A003005,2026-05-07 10:00:00,DELIVERED
WA00006920,A003050,2025-10-20 07:00:00,DELIVERED
WA00006921,A001250,2025-09-26 16:00:00,DELIVERED
WA00006922,A003841,2025-09-05 17:00:00,FAILED
WA00006923,A001329,2026-07-08 17:00:00,DELIVERED
WA00006924,A000170,2026-06-22 21:00:00,DELIVERED
WA00006925,A001762,2025-12-16 08:00:00,DELIVERED
WA00006926,A001314,2026-04-20 12:00:00,FAILED
WA00006927,A002974,2025-11-11 08:00:00,READ
WA00006928,A003912,2026-07-26 20:00:00,FAILED
WA00006929,A000126,2026-02-22 09:00:00,DELIVERED
WA00006930,A000042,2026-04-20 07:00:00,READ
WA00006931,A003148,2025-11-20 17:00:00,FAILED
WA00006932,A003550,2025-11-21 18:00:00,DELIVERED
WA00006933,A003225,2025-10-20 15:00:00,READ
WA00006934,A003381,2026-08-22 11:00:00,SENT
WA00006935,A004178,2026-05-07 18:00:00,DELIVERED
WA00006936,A003807,2025-09-01 19:00:00,REPLIED
WA00006937,A002520,2026-02-16 20:00:00,DELIVERED
WA00006938,A002373,2026-08-23 21:00:00,READ
WA00006939,A001785,2026-06-09 20:00:00,SENT
WA00006940,A000590,2026-07-22 20:00:00,READ
WA00006941,A002556,2025-12-27 08:00:00,DELIVERED
WA00006942,A001357,2025-11-04 11:00:00,READ
WA00006943,A003963,2026-07-11 12:00:00,REPLIED
WA00006944,A003494,2026-01-16 17:00:00,SENT
WA00006945,A002237,2025-12-18 08:00:00,SENT
WA00006946,A000637,2025-11-01 10:00:00,REPLIED
WA00006947,A001829,2026-02-27 12:00:00,READ
WA00006948,A001032,2026-04-10 10:00:00,READ
WA00006949,A002017,2026-07-08 15:00:00,DELIVERED
WA00006950,A003772,2026-02-27 21:00:00,DELIVERED
WA00006951,A001727,2026-02-03 12:00:00,DELIVERED
WA00006952,A002855,2026-02-16 22:00:00,READ
WA00006953,A000422,2026-05-26 08:00:00,READ
WA00006954,A002932,2026-05-19 17:00:00,DELIVERED
WA00006955,A004140,2025-11-13 13:00:00,DELIVERED
WA00006956,A002405,2025-11-15 22:00:00,FAILED
WA00006957,A002723,2026-03-22 12:00:00,SENT
WA00006958,A003278,2026-05-21 19:00:00,SENT
WA00006959,A003581,2026-08-16 20:00:00,REPLIED
WA00006960,A001410,2026-05-04 17:00:00,DELIVERED
WA00006961,A003697,2026-03-15 07:00:00,SENT
WA00006962,A002162,2025-11-01 07:00:00,READ
WA00006963,A003924,2026-08-06 14:00:00,REPLIED
WA00006964,A001502,2025-11-10 07:00:00,SENT
WA00006965,A002549,2026-08-18 15:00:00,READ
WA00006966,A001367,2026-01-26 13:00:00,READ
WA00006967,A000187,2026-07-09 18:00:00,READ
WA00006968,A000193,2026-04-20 21:00:00,REPLIED
WA00006969,A000626,2026-04-18 10:00:00,DELIVERED
WA00006970,A004191,2026-08-08 07:00:00,DELIVERED
WA00006971,A000892,2026-04-20 10:00:00,DELIVERED
WA00006972,A002882,2025-10-14 20:00:00,DELIVERED
WA00006973,A002923,2026-05-17 17:00:00,REPLIED
WA00006974,A000831,2026-08-27 13:00:00,READ
WA00006975,A001703,2026-01-12 19:00:00,REPLIED
WA00006976,A000842,2025-10-19 08:00:00,DELIVERED
WA00006977,A002779,2026-08-11 18:00:00,READ
WA00006978,A003236,2026-07-14 14:00:00,READ
WA00006979,A001609,2026-08-21 19:00:00,DELIVERED
WA00006980,A000614,2026-06-18 17:00:00,READ
WA00006981,A002869,2025-09-05 12:00:00,SENT
WA00006982,A002246,2026-05-21 14:00:00,DELIVERED
WA00006983,A003579,2026-05-13 19:00:00,DELIVERED
WA00006984,A000910,2026-01-02 11:00:00,READ
WA00006985,A003798,2026-04-13 07:00:00,FAILED
WA00006986,A001896,2025-12-03 08:00:00,DELIVERED
WA00006987,A003563,2026-05-16 20:00:00,READ
WA00006988,A001128,2026-05-05 10:00:00,FAILED
WA00006989,A002028,2025-10-11 15:00:00,DELIVERED
WA00006990,A001942,2026-01-25 10:00:00,SENT
WA00006991,A000349,2026-01-07 19:00:00,READ
WA00006992,A002087,2025-11-07 22:00:00,READ
WA00006993,A001677,2026-04-18 08:00:00,DELIVERED
WA00006994,A003899,2026-02-11 22:00:00,SENT
WA00006995,A000882,2025-09-11 12:00:00,REPLIED
WA00006996,A000751,2026-01-23 20:00:00,READ
WA00006997,A001791,2026-08-03 22:00:00,DELIVERED
WA00006998,A003980,2026-07-03 19:00:00,REPLIED
WA00006999,A000435,2025-09-16 17:00:00,SENT
WA00007000,A000971,2025-09-26 21:00:00,DELIVERED
WA00007001,A000135,2026-06-05 08:00:00,DELIVERED
WA00007002,A003136,2026-04-05 11:00:00,DELIVERED
WA00007003,A000026,2025-11-02 09:00:00,FAILED
WA00007004,A002346,2026-08-09 07:00:00,DELIVERED
WA00007005,A003675,2026-06-21 16:00:00,DELIVERED
WA00007006,A003155,2026-08-16 11:00:00,FAILED
WA00007007,A001667,2026-08-25 11:00:00,REPLIED
WA00007008,A001543,2026-04-21 18:00:00,DELIVERED
WA00007009,A002142,2026-05-14 18:00:00,DELIVERED
WA00007010,A003886,2026-06-25 12:00:00,READ
WA00007011,A002324,2026-04-03 20:00:00,REPLIED
WA00007012,A001905,2026-07-14 18:00:00,READ
WA00007013,A003271,2026-06-19 11:00:00,FAILED
WA00007014,A004132,2026-05-06 09:00:00,READ
WA00007015,A003473,2026-01-18 22:00:00,SENT
WA00007016,A003292,2025-11-05 13:00:00,REPLIED
WA00007017,A001141,2025-10-12 16:00:00,SENT
WA00007018,A001946,2026-02-15 18:00:00,READ
WA00007019,A003466,2026-06-24 12:00:00,FAILED
WA00007020,A000246,2026-06-14 16:00:00,READ
WA00007021,A002206,2026-06-23 12:00:00,FAILED
WA00007022,A002593,2026-02-01 21:00:00,DELIVERED
WA00007023,A002928,2025-12-25 16:00:00,READ
WA00007024,A000187,2025-09-20 16:00:00,SENT
WA00007025,A001702,2026-03-17 08:00:00,REPLIED
WA00007026,A003401,2026-04-24 21:00:00,READ
WA00007027,A002181,2026-08-15 12:00:00,REPLIED
WA00007028,A002876,2026-05-12 19:00:00,READ
WA00007029,A003109,2025-10-03 11:00:00,DELIVERED
WA00007030,A002608,2026-06-15 22:00:00,DELIVERED
WA00007031,A002793,2026-07-19 21:00:00,REPLIED
WA00007032,A003073,2026-07-16 09:00:00,READ
WA00007033,A003711,2025-12-18 07:00:00,DELIVERED
WA00007034,A003207,2025-12-13 20:00:00,DELIVERED
WA00007035,A001807,2025-12-25 21:00:00,READ
WA00007036,A003941,2025-09-07 11:00:00,READ
WA00007037,A000802,2025-09-15 19:00:00,DELIVERED
WA00007038,A000328,2026-04-27 18:00:00,DELIVERED
WA00007039,A001766,2025-11-16 14:00:00,REPLIED
WA00007040,A002411,2026-02-10 16:00:00,DELIVERED
WA00007041,A001392,2026-08-18 21:00:00,READ
WA00007042,A002861,2026-06-23 15:00:00,READ
WA00007043,A000585,2026-05-11 11:00:00,REPLIED
WA00007044,A000095,2025-11-05 21:00:00,DELIVERED
WA00007045,A000796,2025-12-18 19:00:00,DELIVERED
WA00007046,A002912,2026-05-04 21:00:00,DELIVERED
WA00007047,A000220,2026-07-15 09:00:00,SENT
WA00007048,A002573,2026-05-05 08:00:00,SENT
WA00007049,A001817,2025-11-12 16:00:00,READ
WA00007050,A002502,2026-04-22 14:00:00,SENT
WA00007051,A000331,2026-03-05 17:00:00,DELIVERED
WA00007052,A001282,2026-06-14 22:00:00,FAILED
WA00007053,A001306,2026-04-08 10:00:00,SENT
WA00007054,A001545,2025-10-16 19:00:00,READ
WA00007055,A002677,2025-09-22 11:00:00,DELIVERED
WA00007056,A001983,2025-11-06 20:00:00,REPLIED
WA00007057,A002805,2025-09-03 12:00:00,DELIVERED
WA00007058,A003661,2026-04-18 15:00:00,FAILED
WA00007059,A000171,2026-01-19 20:00:00,DELIVERED
WA00007060,A003861,2026-08-06 07:00:00,DELIVERED
WA00007061,A002160,2026-07-07 21:00:00,DELIVERED
WA00007062,A001151,2026-06-12 08:00:00,DELIVERED
WA00007063,A002843,2026-03-06 10:00:00,DELIVERED
WA00007064,A001412,2025-12-13 11:00:00,READ
WA00007065,A003133,2026-07-25 22:00:00,FAILED
WA00007066,A003753,2026-02-21 21:00:00,SENT
WA00007067,A003202,2025-10-11 17:00:00,SENT
WA00007068,A003303,2026-06-12 12:00:00,SENT
WA00007069,A001682,2025-09-25 22:00:00,READ
WA00007070,A000080,2026-02-27 21:00:00,REPLIED
WA00007071,A004089,2026-05-27 07:00:00,FAILED
WA00007072,A000667,2026-05-08 08:00:00,FAILED
WA00007073,A003292,2026-05-25 11:00:00,FAILED
WA00007074,A001331,2026-06-08 15:00:00,DELIVERED
WA00007075,A000968,2026-05-18 16:00:00,READ
WA00007076,A003238,2025-09-04 14:00:00,SENT
WA00007077,A001066,2026-04-15 21:00:00,FAILED
WA00007078,A002068,2025-09-04 11:00:00,SENT
WA00007079,A002045,2026-07-20 15:00:00,SENT
WA00007080,A001982,2025-09-19 15:00:00,DELIVERED
WA00007081,A003766,2025-09-23 11:00:00,SENT
WA00007082,A002285,2026-05-10 14:00:00,SENT
WA00007083,A002356,2026-08-04 18:00:00,SENT
WA00007084,A001086,2026-05-13 15:00:00,SENT
WA00007085,A002654,2025-09-21 14:00:00,DELIVERED
WA00007086,A003513,2026-06-23 12:00:00,DELIVERED
WA00007087,A003881,2026-06-20 13:00:00,DELIVERED
WA00007088,A003245,2025-11-10 11:00:00,DELIVERED
WA00007089,A003484,2025-12-11 19:00:00,DELIVERED
WA00007090,A002307,2026-04-26 11:00:00,REPLIED
WA00007091,A001348,2025-09-02 21:00:00,REPLIED
WA00007092,A001939,2026-02-07 07:00:00,READ
WA00007093,A002023,2026-05-04 17:00:00,DELIVERED
WA00007094,A002944,2025-09-06 12:00:00,REPLIED
WA00007095,A000328,2026-04-17 16:00:00,SENT
WA00007096,A002431,2025-09-08 17:00:00,SENT
WA00007097,A001071,2025-10-25 11:00:00,DELIVERED
WA00007098,A004116,2026-07-02 10:00:00,READ
WA00007099,A001536,2026-02-12 10:00:00,SENT
WA00007100,A000864,2026-06-18 22:00:00,READ
WA00007101,A003881,2026-02-18 18:00:00,DELIVERED
WA00007102,A004145,2026-06-05 19:00:00,DELIVERED
WA00007103,A000553,2026-03-08 19:00:00,REPLIED
WA00007104,A000854,2026-07-19 22:00:00,DELIVERED
WA00007105,A000827,2026-06-01 19:00:00,DELIVERED
WA00007106,A003974,2025-10-19 17:00:00,FAILED
WA00007107,A001873,2026-02-08 21:00:00,DELIVERED
WA00007108,A001207,2025-12-13 10:00:00,DELIVERED
WA00007109,A000513,2026-08-03 21:00:00,DELIVERED
WA00007110,A002931,2025-12-10 10:00:00,READ
WA00007111,A004062,2026-05-12 08:00:00,DELIVERED
WA00007112,A002341,2025-09-07 21:00:00,SENT
WA00007113,A001563,2026-04-19 21:00:00,DELIVERED
WA00007114,A000297,2026-03-26 14:00:00,REPLIED
WA00007115,A001001,2025-11-14 22:00:00,READ
WA00007116,A001452,2025-12-11 16:00:00,DELIVERED
WA00007117,A002238,2025-12-15 20:00:00,DELIVERED
WA00007118,A001493,2025-09-01 07:00:00,DELIVERED
WA00007119,A004116,2025-09-26 16:00:00,DELIVERED
WA00007120,A001922,2026-06-08 18:00:00,DELIVERED
WA00007121,A000484,2026-04-19 14:00:00,DELIVERED
WA00007122,A001073,2026-02-20 11:00:00,DELIVERED
WA00007123,A003245,2026-03-18 21:00:00,DELIVERED
WA00007124,A003556,2026-04-05 16:00:00,READ
WA00007125,A000297,2026-07-21 22:00:00,REPLIED
WA00007126,A000516,2026-06-18 09:00:00,DELIVERED
WA00007127,A004014,2026-02-21 13:00:00,READ
WA00007128,A002243,2025-12-17 18:00:00,FAILED
WA00007129,A002365,2025-11-14 22:00:00,REPLIED
WA00007130,A001977,2026-04-16 12:00:00,DELIVERED
WA00007131,A003419,2026-06-16 17:00:00,DELIVERED
WA00007132,A000275,2026-07-05 21:00:00,DELIVERED
WA00007133,A002497,2026-05-03 19:00:00,READ
WA00007134,A004155,2025-09-18 22:00:00,DELIVERED
WA00007135,A001853,2025-10-18 13:00:00,DELIVERED
WA00007136,A002335,2026-02-18 12:00:00,DELIVERED
WA00007137,A002715,2026-07-03 11:00:00,REPLIED
WA00007138,A001475,2025-11-25 12:00:00,DELIVERED
WA00007139,A000410,2025-10-14 11:00:00,FAILED
WA00007140,A003670,2026-06-10 18:00:00,DELIVERED
WA00007141,A003662,2026-08-03 12:00:00,READ
WA00007142,A001066,2026-03-10 08:00:00,DELIVERED
WA00007143,A002914,2026-06-26 18:00:00,DELIVERED
WA00007144,A003387,2026-08-05 09:00:00,READ
WA00007145,A000101,2026-07-04 18:00:00,FAILED
WA00007146,A002572,2026-03-05 13:00:00,SENT
WA00007147,A003527,2026-07-11 09:00:00,SENT
WA00007148,A001593,2026-04-06 16:00:00,DELIVERED
WA00007149,A000146,2025-12-07 09:00:00,DELIVERED
WA00007150,A000932,2026-07-01 14:00:00,DELIVERED
WA00007151,A003704,2025-12-16 09:00:00,REPLIED
WA00007152,A003922,2026-07-05 19:00:00,READ
WA00007153,A003350,2026-05-05 07:00:00,SENT
WA00007154,A003589,2026-07-19 08:00:00,REPLIED
WA00007155,A001602,2026-05-23 22:00:00,READ
WA00007156,A002263,2026-01-01 19:00:00,DELIVERED
WA00007157,A004139,2025-11-09 14:00:00,SENT
WA00007158,A003614,2026-02-24 19:00:00,REPLIED
WA00007159,A003825,2026-06-26 12:00:00,DELIVERED
WA00007160,A000626,2026-06-27 07:00:00,DELIVERED
WA00007161,A002620,2026-07-10 14:00:00,DELIVERED
WA00007162,A000854,2025-12-08 14:00:00,DELIVERED
WA00007163,A000093,2026-08-21 17:00:00,FAILED
WA00007164,A003370,2025-12-04 13:00:00,REPLIED
WA00007165,A000793,2026-06-14 07:00:00,READ
WA00007166,A000689,2026-06-18 17:00:00,DELIVERED
WA00007167,A000622,2026-04-01 16:00:00,DELIVERED
WA00007168,A001060,2026-06-01 21:00:00,DELIVERED
WA00007169,A002755,2025-09-05 15:00:00,FAILED
WA00007170,A001997,2025-11-14 17:00:00,FAILED
WA00007171,A002677,2025-12-15 20:00:00,SENT
WA00007172,A002153,2026-07-19 11:00:00,REPLIED
WA00007173,A002684,2026-04-16 11:00:00,DELIVERED
WA00007174,A003853,2026-08-08 07:00:00,REPLIED
WA00007175,A001474,2026-05-23 08:00:00,SENT
WA00007176,A000881,2025-10-09 07:00:00,FAILED
WA00007177,A000980,2025-11-09 20:00:00,SENT
WA00007178,A003401,2026-08-13 07:00:00,REPLIED
WA00007179,A002624,2026-06-14 17:00:00,DELIVERED
WA00007180,A004003,2025-10-02 09:00:00,REPLIED
WA00007181,A002715,2025-10-23 08:00:00,REPLIED
WA00007182,A000806,2026-04-16 10:00:00,SENT
WA00007183,A002225,2026-07-23 17:00:00,FAILED
WA00007184,A000166,2025-11-12 11:00:00,SENT
WA00007185,A002953,2025-10-17 08:00:00,READ
WA00007186,A001472,2026-08-11 19:00:00,DELIVERED
WA00007187,A002483,2026-01-08 22:00:00,REPLIED
WA00007188,A002450,2025-09-24 11:00:00,READ
WA00007189,A003844,2025-10-13 13:00:00,DELIVERED
WA00007190,A003581,2026-08-07 19:00:00,FAILED
WA00007191,A000733,2026-04-07 07:00:00,DELIVERED
WA00007192,A004117,2025-12-23 09:00:00,REPLIED
WA00007193,A000943,2025-11-13 19:00:00,READ
WA00007194,A002669,2026-06-03 19:00:00,READ
WA00007195,A003953,2025-10-16 07:00:00,DELIVERED
WA00007196,A001204,2025-12-03 13:00:00,REPLIED
WA00007197,A000351,2026-04-11 14:00:00,READ
WA00007198,A003371,2025-12-07 21:00:00,DELIVERED
WA00007199,A003287,2026-05-08 13:00:00,DELIVERED
WA00007200,A003285,2026-01-09 10:00:00,DELIVERED
WA00007201,A002865,2025-09-20 07:00:00,DELIVERED
WA00007202,A003591,2026-08-04 10:00:00,DELIVERED
WA00007203,A003876,2026-05-20 16:00:00,DELIVERED
WA00007204,A000587,2025-12-04 17:00:00,REPLIED
WA00007205,A002164,2025-09-27 08:00:00,READ
WA00007206,A001644,2026-04-07 18:00:00,READ
WA00007207,A003966,2025-09-27 12:00:00,READ
WA00007208,A003243,2025-11-18 08:00:00,DELIVERED
WA00007209,A003892,2025-09-27 17:00:00,SENT
WA00007210,A003413,2026-06-18 12:00:00,READ
WA00007211,A002285,2025-11-09 11:00:00,READ
WA00007212,A003565,2026-07-18 11:00:00,DELIVERED
WA00007213,A003477,2026-01-07 15:00:00,REPLIED
WA00007214,A001815,2025-11-06 17:00:00,DELIVERED
WA00007215,A001165,2026-06-21 16:00:00,SENT
WA00007216,A000286,2026-03-09 21:00:00,SENT
WA00007217,A000992,2026-07-12 12:00:00,DELIVERED
WA00007218,A002581,2026-01-11 19:00:00,DELIVERED
WA00007219,A001390,2026-08-03 15:00:00,SENT
WA00007220,A002959,2025-11-12 21:00:00,DELIVERED
WA00007221,A000592,2026-02-25 19:00:00,SENT
WA00007222,A001430,2026-07-03 08:00:00,DELIVERED
WA00007223,A001259,2026-08-11 20:00:00,DELIVERED
WA00007224,A000026,2026-08-01 15:00:00,DELIVERED
WA00007225,A001297,2025-10-09 15:00:00,DELIVERED
WA00007226,A004165,2026-02-27 22:00:00,DELIVERED
WA00007227,A001624,2026-07-12 17:00:00,READ
WA00007228,A001933,2026-04-24 13:00:00,READ
WA00007229,A001008,2026-02-07 22:00:00,DELIVERED
WA00007230,A003687,2026-08-20 13:00:00,DELIVERED
WA00007231,A000023,2025-10-21 19:00:00,DELIVERED
WA00007232,A000645,2026-05-15 17:00:00,DELIVERED
WA00007233,A002155,2026-07-22 15:00:00,READ
WA00007234,A003700,2026-03-12 19:00:00,READ
WA00007235,A003869,2025-09-16 12:00:00,DELIVERED
WA00007236,A001900,2025-09-05 13:00:00,READ
WA00007237,A000174,2026-05-21 21:00:00,READ
WA00007238,A000806,2025-11-09 12:00:00,SENT
WA00007239,A000942,2026-03-25 15:00:00,READ
WA00007240,A001714,2025-12-25 13:00:00,FAILED
WA00007241,A002659,2025-11-23 15:00:00,SENT
WA00007242,A002088,2026-03-25 16:00:00,DELIVERED
WA00007243,A000871,2025-09-01 19:00:00,READ
WA00007244,A001747,2025-09-24 22:00:00,DELIVERED
WA00007245,A001141,2025-12-01 19:00:00,SENT
WA00007246,A001567,2026-03-20 13:00:00,SENT
WA00007247,A002611,2026-05-24 12:00:00,DELIVERED
WA00007248,A004196,2026-08-20 19:00:00,DELIVERED
WA00007249,A001443,2025-09-10 15:00:00,DELIVERED
WA00007250,A003443,2026-07-07 21:00:00,READ
WA00007251,A003394,2025-11-22 15:00:00,DELIVERED
WA00007252,A001950,2026-07-11 07:00:00,SENT
WA00007253,A003667,2026-08-12 08:00:00,DELIVERED
WA00007254,A001879,2026-02-19 07:00:00,READ
WA00007255,A000843,2025-11-08 10:00:00,SENT
WA00007256,A001947,2026-05-08 16:00:00,READ
WA00007257,A001749,2025-11-05 07:00:00,DELIVERED
WA00007258,A001708,2025-10-09 08:00:00,REPLIED
WA00007259,A001517,2025-10-21 18:00:00,DELIVERED
WA00007260,A000631,2026-02-10 10:00:00,REPLIED
WA00007261,A002067,2026-02-08 22:00:00,DELIVERED
WA00007262,A000284,2025-09-22 12:00:00,REPLIED
WA00007263,A003124,2026-02-23 13:00:00,FAILED
WA00007264,A000989,2026-07-08 07:00:00,READ
WA00007265,A002510,2026-07-18 19:00:00,FAILED
WA00007266,A001945,2026-07-20 19:00:00,FAILED
WA00007267,A002357,2026-02-17 10:00:00,FAILED
WA00007268,A000810,2026-04-09 15:00:00,DELIVERED
WA00007269,A003677,2025-09-15 22:00:00,SENT
WA00007270,A000468,2026-08-20 19:00:00,READ
WA00007271,A003922,2026-02-07 07:00:00,REPLIED
WA00007272,A001928,2026-01-18 16:00:00,FAILED
WA00007273,A000868,2026-01-18 11:00:00,REPLIED
WA00007274,A001986,2026-08-03 10:00:00,DELIVERED
WA00007275,A003845,2026-06-27 16:00:00,DELIVERED
WA00007276,A002709,2026-06-23 22:00:00,REPLIED
WA00007277,A000403,2026-05-08 20:00:00,READ
WA00007278,A004180,2026-04-20 15:00:00,FAILED
WA00007279,A000050,2026-07-06 09:00:00,SENT
WA00007280,A003902,2026-03-07 11:00:00,READ
WA00007281,A000420,2026-08-07 16:00:00,DELIVERED
WA00007282,A002196,2025-12-17 17:00:00,FAILED
WA00007283,A003468,2026-07-15 17:00:00,SENT
WA00007284,A001919,2026-04-09 10:00:00,SENT
WA00007285,A000637,2025-09-02 10:00:00,DELIVERED
WA00007286,A000398,2025-12-17 21:00:00,READ
WA00007287,A001865,2025-10-01 17:00:00,DELIVERED
WA00007288,A002327,2026-04-25 09:00:00,FAILED
WA00007289,A003634,2026-05-20 19:00:00,DELIVERED
WA00007290,A000099,2025-09-04 17:00:00,DELIVERED
WA00007291,A001651,2025-11-08 07:00:00,READ
WA00007292,A002606,2025-12-06 10:00:00,REPLIED
WA00007293,A000489,2026-08-04 10:00:00,READ
WA00007294,A001642,2026-03-18 21:00:00,READ
WA00007295,A001871,2025-12-20 16:00:00,FAILED
WA00007296,A002812,2025-11-24 17:00:00,READ
WA00007297,A002021,2026-02-23 10:00:00,DELIVERED
WA00007298,A000995,2026-04-15 07:00:00,REPLIED
WA00007299,A002352,2026-08-24 11:00:00,DELIVERED
WA00007300,A000205,2026-08-20 07:00:00,SENT
WA00007301,A000662,2026-02-03 08:00:00,REPLIED
WA00007302,A000164,2026-02-15 15:00:00,SENT
WA00007303,A001757,2026-04-03 12:00:00,SENT
WA00007304,A004043,2026-04-12 10:00:00,FAILED
WA00007305,A000528,2025-09-14 18:00:00,FAILED
WA00007306,A002984,2026-01-01 08:00:00,DELIVERED
WA00007307,A002591,2025-09-19 11:00:00,DELIVERED
WA00007308,A002987,2025-11-17 14:00:00,READ
WA00007309,A000411,2026-01-26 15:00:00,DELIVERED
WA00007310,A001535,2026-04-05 18:00:00,READ
WA00007311,A002976,2026-03-24 07:00:00,DELIVERED
WA00007312,A000888,2026-03-12 22:00:00,FAILED
WA00007313,A001230,2025-11-23 21:00:00,READ
WA00007314,A002054,2025-09-16 08:00:00,REPLIED
WA00007315,A003405,2026-06-03 14:00:00,DELIVERED
WA00007316,A003842,2026-07-19 07:00:00,DELIVERED
WA00007317,A001971,2026-04-14 08:00:00,READ
WA00007318,A001859,2025-09-06 09:00:00,FAILED
WA00007319,A000428,2026-01-14 16:00:00,DELIVERED
WA00007320,A004019,2026-01-21 11:00:00,SENT
WA00007321,A000038,2026-02-26 11:00:00,REPLIED
WA00007322,A003723,2026-05-23 07:00:00,FAILED
WA00007323,A003952,2025-12-12 21:00:00,DELIVERED
WA00007324,A001843,2025-10-13 08:00:00,READ
WA00007325,A002806,2026-01-11 20:00:00,DELIVERED
WA00007326,A002560,2026-05-26 15:00:00,REPLIED
WA00007327,A000723,2026-05-14 17:00:00,DELIVERED
WA00007328,A000648,2025-12-26 20:00:00,READ
WA00007329,A003161,2025-12-25 15:00:00,SENT
WA00007330,A002468,2025-09-03 19:00:00,DELIVERED
WA00007331,A002871,2026-01-19 20:00:00,REPLIED
WA00007332,A002265,2026-03-16 12:00:00,DELIVERED
WA00007333,A002312,2025-10-12 08:00:00,READ
WA00007334,A004192,2026-06-23 20:00:00,REPLIED
WA00007335,A002281,2026-08-21 11:00:00,DELIVERED
WA00007336,A001673,2026-02-24 15:00:00,SENT
WA00007337,A000718,2025-12-23 14:00:00,REPLIED
WA00007338,A001275,2026-01-19 13:00:00,DELIVERED
WA00007339,A003845,2026-07-18 18:00:00,REPLIED
WA00007340,A000274,2026-08-13 15:00:00,REPLIED
WA00007341,A001902,2026-08-03 21:00:00,DELIVERED
WA00007342,A000100,2026-08-26 08:00:00,SENT
WA00007343,A003057,2026-08-22 07:00:00,SENT
WA00007344,A002264,2025-11-26 14:00:00,SENT
WA00007345,A003801,2025-12-09 09:00:00,REPLIED
WA00007346,A000275,2026-07-22 16:00:00,DELIVERED
WA00007347,A002166,2026-07-24 07:00:00,READ
WA00007348,A000674,2026-08-24 09:00:00,READ
WA00007349,A003353,2025-12-12 17:00:00,READ
WA00007350,A002858,2026-07-15 09:00:00,SENT
WA00007351,A000008,2026-07-03 15:00:00,DELIVERED
WA00007352,A001395,2025-11-05 16:00:00,SENT
WA00007353,A002965,2026-03-14 13:00:00,REPLIED
WA00007354,A000540,2026-03-26 13:00:00,SENT
WA00007355,A003474,2026-04-26 20:00:00,DELIVERED
WA00007356,A000996,2026-07-18 18:00:00,READ
WA00007357,A001615,2025-10-23 11:00:00,DELIVERED
WA00007358,A003104,2026-03-25 12:00:00,DELIVERED
WA00007359,A003812,2026-02-18 16:00:00,READ
WA00007360,A001594,2026-01-22 18:00:00,DELIVERED
WA00007361,A001054,2025-12-02 16:00:00,REPLIED
WA00007362,A001673,2025-09-04 18:00:00,SENT
WA00007363,A000884,2026-08-16 18:00:00,DELIVERED
WA00007364,A002011,2026-06-20 08:00:00,READ
WA00007365,A003503,2025-12-21 15:00:00,SENT
WA00007366,A003512,2026-03-16 20:00:00,READ
WA00007367,A001659,2025-12-27 08:00:00,DELIVERED
WA00007368,A000428,2026-01-22 12:00:00,SENT
WA00007369,A001151,2026-01-20 21:00:00,DELIVERED
WA00007370,A002326,2025-10-12 10:00:00,READ
WA00007371,A001992,2025-09-17 07:00:00,DELIVERED
WA00007372,A000595,2026-06-01 22:00:00,REPLIED
WA00007373,A003782,2026-08-13 19:00:00,DELIVERED
WA00007374,A001428,2025-11-24 16:00:00,SENT
WA00007375,A002273,2026-06-01 22:00:00,REPLIED
WA00007376,A001956,2026-02-22 16:00:00,SENT
WA00007377,A003551,2025-11-15 19:00:00,DELIVERED
WA00007378,A002853,2026-04-23 11:00:00,FAILED
WA00007379,A002225,2026-03-09 18:00:00,DELIVERED
WA00007380,A001845,2026-01-18 13:00:00,DELIVERED
WA00007381,A002799,2026-05-03 18:00:00,SENT
WA00007382,A003682,2025-09-21 16:00:00,FAILED
WA00007383,A002695,2026-07-01 08:00:00,REPLIED
WA00007384,A003708,2026-01-06 09:00:00,REPLIED
WA00007385,A000976,2025-12-01 11:00:00,FAILED
WA00007386,A003138,2025-11-14 16:00:00,REPLIED
WA00007387,A002995,2025-11-02 08:00:00,FAILED
WA00007388,A003679,2026-07-04 20:00:00,READ
WA00007389,A002612,2026-05-09 17:00:00,DELIVERED
WA00007390,A003571,2026-07-07 12:00:00,DELIVERED
WA00007391,A003582,2025-11-02 19:00:00,READ
WA00007392,A003119,2026-08-24 18:00:00,FAILED
WA00007393,A000150,2026-06-21 11:00:00,SENT
WA00007394,A001372,2026-03-01 11:00:00,REPLIED
WA00007395,A000372,2025-12-14 14:00:00,DELIVERED
WA00007396,A002418,2025-11-13 08:00:00,REPLIED
WA00007397,A002742,2026-05-10 19:00:00,FAILED
WA00007398,A002683,2025-12-26 20:00:00,SENT
WA00007399,A000364,2026-07-20 12:00:00,FAILED
WA00007400,A003953,2025-12-20 14:00:00,REPLIED
WA00007401,A001973,2025-09-24 13:00:00,SENT
WA00007402,A000849,2025-12-24 19:00:00,SENT
WA00007403,A000863,2025-10-16 09:00:00,DELIVERED
WA00007404,A001911,2025-10-11 10:00:00,DELIVERED
WA00007405,A003885,2026-02-05 17:00:00,FAILED
WA00007406,A002008,2026-04-01 17:00:00,DELIVERED
WA00007407,A001696,2026-01-23 16:00:00,READ
WA00007408,A001465,2025-09-18 12:00:00,SENT
WA00007409,A000026,2026-07-19 19:00:00,SENT
WA00007410,A003173,2026-07-06 20:00:00,DELIVERED
WA00007411,A000906,2026-04-03 19:00:00,DELIVERED
WA00007412,A003568,2025-11-22 17:00:00,READ
WA00007413,A000216,2025-09-09 11:00:00,DELIVERED
WA00007414,A001827,2026-01-02 07:00:00,FAILED
WA00007415,A004013,2026-01-04 08:00:00,READ
WA00007416,A000733,2025-11-22 10:00:00,DELIVERED
WA00007417,A001829,2026-08-21 15:00:00,SENT
WA00007418,A000746,2026-07-24 10:00:00,REPLIED
WA00007419,A003153,2025-09-01 22:00:00,DELIVERED
WA00007420,A003668,2026-02-05 09:00:00,READ
WA00007421,A003948,2026-02-05 15:00:00,REPLIED
WA00007422,A002664,2026-02-22 19:00:00,READ
WA00007423,A000612,2025-10-09 11:00:00,SENT
WA00007424,A002498,2026-02-25 11:00:00,DELIVERED
WA00007425,A001089,2026-07-18 18:00:00,READ
WA00007426,A003284,2025-11-27 12:00:00,READ
WA00007427,A001389,2026-02-08 15:00:00,READ
WA00007428,A003989,2026-06-12 07:00:00,SENT
WA00007429,A000368,2025-11-11 07:00:00,FAILED
WA00007430,A001552,2026-01-03 17:00:00,FAILED
WA00007431,A003066,2025-11-04 07:00:00,READ
WA00007432,A002715,2025-10-21 22:00:00,DELIVERED
WA00007433,A000777,2026-05-19 20:00:00,READ
WA00007434,A000625,2025-09-16 16:00:00,SENT
WA00007435,A000880,2025-11-01 17:00:00,READ
WA00007436,A002635,2026-08-09 11:00:00,DELIVERED
WA00007437,A002408,2025-11-21 09:00:00,READ
WA00007438,A003031,2025-09-23 14:00:00,DELIVERED
WA00007439,A001073,2026-05-03 11:00:00,SENT
WA00007440,A002525,2026-01-22 15:00:00,READ
WA00007441,A001701,2026-02-11 17:00:00,SENT
WA00007442,A002140,2026-07-03 11:00:00,READ
WA00007443,A000822,2025-09-14 10:00:00,DELIVERED
WA00007444,A002438,2025-10-08 17:00:00,DELIVERED
WA00007445,A002286,2026-04-27 17:00:00,SENT
WA00007446,A002690,2025-12-10 12:00:00,REPLIED
WA00007447,A001806,2025-11-02 21:00:00,SENT
WA00007448,A003181,2026-01-16 11:00:00,DELIVERED
WA00007449,A001005,2025-09-01 11:00:00,DELIVERED
WA00007450,A000433,2026-08-01 20:00:00,REPLIED
WA00007451,A002874,2025-12-01 08:00:00,REPLIED
WA00007452,A000375,2026-06-16 22:00:00,SENT
WA00007453,A003974,2026-02-14 09:00:00,DELIVERED
WA00007454,A000906,2025-12-01 17:00:00,DELIVERED
WA00007455,A003656,2026-02-12 18:00:00,FAILED
WA00007456,A001611,2025-10-11 07:00:00,SENT
WA00007457,A000708,2025-11-05 17:00:00,READ
WA00007458,A004056,2025-09-03 13:00:00,READ
WA00007459,A000416,2026-04-09 14:00:00,DELIVERED
WA00007460,A001349,2025-12-18 14:00:00,READ
WA00007461,A003733,2026-08-27 21:00:00,DELIVERED
WA00007462,A000390,2026-01-20 10:00:00,SENT
WA00007463,A001618,2026-06-23 21:00:00,DELIVERED
WA00007464,A000465,2026-05-01 08:00:00,FAILED
WA00007465,A002096,2026-03-04 16:00:00,READ
WA00007466,A001786,2025-11-05 11:00:00,READ
WA00007467,A002216,2025-10-08 20:00:00,SENT
WA00007468,A003824,2026-02-19 21:00:00,SENT
WA00007469,A003694,2026-01-21 08:00:00,DELIVERED
WA00007470,A000437,2026-01-27 14:00:00,FAILED
WA00007471,A000738,2025-09-16 20:00:00,DELIVERED
WA00007472,A001359,2025-12-14 17:00:00,READ
WA00007473,A000092,2026-05-05 11:00:00,REPLIED
WA00007474,A000458,2025-10-15 20:00:00,FAILED
WA00007475,A003260,2026-04-13 11:00:00,SENT
WA00007476,A003475,2026-01-06 12:00:00,READ
WA00007477,A000948,2026-07-01 20:00:00,SENT
WA00007478,A002052,2025-09-20 07:00:00,DELIVERED
WA00007479,A003500,2026-08-05 16:00:00,REPLIED
WA00007480,A002349,2025-09-03 16:00:00,DELIVERED
WA00007481,A000543,2026-07-06 19:00:00,DELIVERED
WA00007482,A003666,2026-03-14 21:00:00,DELIVERED
WA00007483,A000783,2026-02-23 14:00:00,FAILED
WA00007484,A001136,2026-02-03 19:00:00,FAILED
WA00007485,A002788,2026-04-06 20:00:00,FAILED
WA00007486,A004170,2026-06-11 18:00:00,REPLIED
WA00007487,A001465,2025-10-16 10:00:00,DELIVERED
WA00007488,A004031,2026-08-06 20:00:00,DELIVERED
WA00007489,A001449,2026-05-21 13:00:00,FAILED
WA00007490,A002766,2026-06-06 22:00:00,DELIVERED
WA00007491,A000685,2026-01-18 13:00:00,DELIVERED
WA00007492,A002484,2026-05-14 17:00:00,READ
WA00007493,A001763,2026-03-15 19:00:00,DELIVERED
WA00007494,A002486,2026-06-03 13:00:00,FAILED
WA00007495,A000914,2025-12-24 16:00:00,REPLIED
WA00007496,A001722,2026-03-26 20:00:00,READ
WA00007497,A002088,2026-07-24 20:00:00,READ
WA00007498,A001686,2025-12-03 07:00:00,REPLIED
WA00007499,A003445,2026-04-24 22:00:00,READ
WA00007500,A003262,2025-11-25 12:00:00,READ
WA00007501,A001817,2025-12-17 12:00:00,FAILED
WA00007502,A001751,2025-12-13 18:00:00,DELIVERED
WA00007503,A000571,2025-12-02 10:00:00,SENT
WA00007504,A002401,2025-09-17 11:00:00,DELIVERED
WA00007505,A004176,2026-02-25 22:00:00,FAILED
WA00007506,A001729,2026-08-27 16:00:00,READ
WA00007507,A002783,2025-11-14 17:00:00,DELIVERED
WA00007508,A004155,2025-10-16 21:00:00,READ
WA00007509,A001475,2025-11-01 08:00:00,READ
WA00007510,A000094,2026-07-19 16:00:00,REPLIED
WA00007511,A002723,2025-11-07 10:00:00,READ
WA00007512,A001890,2026-08-17 19:00:00,REPLIED
WA00007513,A002586,2025-10-22 18:00:00,READ
WA00007514,A000976,2025-09-21 14:00:00,READ
WA00007515,A000311,2025-11-25 13:00:00,REPLIED
WA00007516,A001864,2026-08-14 22:00:00,REPLIED
WA00007517,A003413,2025-12-18 16:00:00,SENT
WA00007518,A000238,2026-07-01 18:00:00,DELIVERED
WA00007519,A002780,2025-10-12 21:00:00,READ
WA00007520,A002699,2025-09-06 19:00:00,DELIVERED
WA00007521,A000296,2026-03-07 15:00:00,DELIVERED
WA00007522,A000398,2026-05-05 20:00:00,READ
WA00007523,A003645,2026-05-19 22:00:00,DELIVERED
WA00007524,A003015,2026-04-07 08:00:00,FAILED
WA00007525,A000779,2026-02-21 17:00:00,SENT
WA00007526,A000762,2025-11-08 13:00:00,REPLIED
WA00007527,A004123,2025-12-13 22:00:00,DELIVERED
WA00007528,A002119,2025-12-09 21:00:00,DELIVERED
WA00007529,A002163,2025-10-06 15:00:00,FAILED
WA00007530,A000926,2026-07-02 20:00:00,READ
WA00007531,A000970,2026-02-02 21:00:00,DELIVERED
WA00007532,A000244,2026-06-19 20:00:00,READ
WA00007533,A003279,2026-05-12 20:00:00,REPLIED
WA00007534,A002847,2026-03-21 16:00:00,DELIVERED
WA00007535,A003730,2025-10-05 16:00:00,SENT
WA00007536,A002777,2025-11-06 20:00:00,READ
WA00007537,A001409,2026-04-25 11:00:00,FAILED
WA00007538,A003841,2026-08-16 15:00:00,SENT
WA00007539,A000523,2026-08-16 15:00:00,REPLIED
WA00007540,A002785,2026-05-21 10:00:00,READ
WA00007541,A002679,2026-03-17 16:00:00,DELIVERED
WA00007542,A001657,2026-01-03 17:00:00,DELIVERED
WA00007543,A002922,2025-12-16 08:00:00,SENT
WA00007544,A001451,2026-04-06 22:00:00,REPLIED
WA00007545,A001627,2025-10-21 14:00:00,READ
WA00007546,A002168,2025-12-05 07:00:00,READ
WA00007547,A000713,2025-11-21 13:00:00,FAILED
WA00007548,A002701,2026-05-02 16:00:00,DELIVERED
WA00007549,A002222,2026-07-27 14:00:00,SENT
WA00007550,A000796,2026-06-15 11:00:00,REPLIED
WA00007551,A001836,2025-09-06 10:00:00,FAILED
WA00007552,A003064,2026-04-11 21:00:00,REPLIED
WA00007553,A002046,2025-09-04 10:00:00,SENT
WA00007554,A003382,2026-03-03 20:00:00,SENT
WA00007555,A002741,2026-06-18 08:00:00,REPLIED
WA00007556,A000006,2026-08-19 15:00:00,READ
WA00007557,A000387,2026-05-10 20:00:00,READ
WA00007558,A002420,2025-09-06 08:00:00,DELIVERED
WA00007559,A003694,2026-02-25 16:00:00,READ
WA00007560,A002695,2026-02-24 12:00:00,READ
WA00007561,A002230,2026-07-10 21:00:00,DELIVERED
WA00007562,A000803,2026-05-02 07:00:00,FAILED
WA00007563,A003789,2026-07-04 21:00:00,SENT
WA00007564,A000735,2025-09-07 12:00:00,DELIVERED
WA00007565,A004026,2026-03-24 20:00:00,READ
WA00007566,A002009,2025-12-15 16:00:00,READ
WA00007567,A001178,2026-05-01 15:00:00,READ
WA00007568,A002962,2026-03-14 20:00:00,READ
WA00007569,A002461,2026-03-11 19:00:00,READ
WA00007570,A001620,2026-02-25 10:00:00,READ
WA00007571,A000901,2026-07-25 14:00:00,DELIVERED
WA00007572,A003362,2026-02-19 15:00:00,SENT
WA00007573,A001611,2025-12-27 22:00:00,DELIVERED
WA00007574,A004005,2026-01-02 18:00:00,READ
WA00007575,A003624,2026-07-14 19:00:00,SENT
WA00007576,A002180,2026-05-07 18:00:00,DELIVERED
WA00007577,A001440,2025-12-23 21:00:00,READ
WA00007578,A002129,2026-02-06 17:00:00,DELIVERED
WA00007579,A003230,2026-05-02 15:00:00,SENT
WA00007580,A001893,2026-06-24 22:00:00,REPLIED
WA00007581,A002731,2025-11-05 19:00:00,READ
WA00007582,A000702,2026-03-11 12:00:00,READ
WA00007583,A003910,2026-05-20 15:00:00,DELIVERED
WA00007584,A000801,2025-12-11 22:00:00,REPLIED
WA00007585,A001768,2026-08-12 08:00:00,DELIVERED
WA00007586,A002837,2026-08-06 10:00:00,SENT
WA00007587,A001806,2026-01-12 13:00:00,DELIVERED
WA00007588,A003575,2025-11-18 13:00:00,DELIVERED
WA00007589,A002892,2026-07-19 19:00:00,FAILED
WA00007590,A002631,2026-08-15 22:00:00,DELIVERED
WA00007591,A001479,2026-03-04 15:00:00,READ
WA00007592,A002257,2025-09-07 11:00:00,DELIVERED
WA00007593,A001527,2026-04-24 14:00:00,REPLIED
WA00007594,A002914,2026-01-09 15:00:00,READ
WA00007595,A003247,2026-05-25 10:00:00,SENT
WA00007596,A001243,2026-04-14 13:00:00,DELIVERED
WA00007597,A003997,2026-06-11 10:00:00,DELIVERED
WA00007598,A003302,2025-09-10 07:00:00,FAILED
WA00007599,A002934,2025-12-27 13:00:00,DELIVERED
WA00007600,A003833,2025-11-11 19:00:00,READ
WA00007601,A002555,2026-01-15 13:00:00,DELIVERED
WA00007602,A000566,2025-09-01 16:00:00,DELIVERED
WA00007603,A003659,2026-06-12 14:00:00,REPLIED
WA00007604,A001774,2026-04-27 22:00:00,DELIVERED
WA00007605,A000138,2026-05-19 11:00:00,DELIVERED
WA00007606,A002488,2026-02-01 15:00:00,READ
WA00007607,A001310,2026-03-13 09:00:00,READ
WA00007608,A000747,2026-01-20 13:00:00,SENT
WA00007609,A002602,2025-10-12 22:00:00,READ
WA00007610,A000873,2026-03-16 10:00:00,SENT
WA00007611,A002089,2026-03-08 18:00:00,SENT
WA00007612,A002043,2026-08-07 09:00:00,READ
WA00007613,A000037,2026-08-04 11:00:00,READ
WA00007614,A001307,2025-09-16 16:00:00,DELIVERED
WA00007615,A003115,2025-09-18 16:00:00,FAILED
WA00007616,A002009,2026-08-05 08:00:00,DELIVERED
WA00007617,A003780,2026-02-24 07:00:00,DELIVERED
WA00007618,A003161,2026-07-05 11:00:00,REPLIED
WA00007619,A003947,2025-10-19 13:00:00,SENT
WA00007620,A001626,2025-09-24 20:00:00,READ
WA00007621,A003811,2026-03-17 22:00:00,DELIVERED
WA00007622,A000169,2026-05-17 20:00:00,DELIVERED
WA00007623,A001030,2025-12-12 16:00:00,DELIVERED
WA00007624,A002860,2026-03-25 14:00:00,READ
WA00007625,A001577,2025-10-17 08:00:00,REPLIED
WA00007626,A003896,2026-07-25 17:00:00,DELIVERED
WA00007627,A001254,2026-05-22 20:00:00,REPLIED
WA00007628,A001737,2026-04-01 19:00:00,DELIVERED
WA00007629,A002996,2026-03-10 12:00:00,SENT
WA00007630,A000476,2026-08-03 11:00:00,DELIVERED
WA00007631,A002487,2025-12-14 11:00:00,DELIVERED
WA00007632,A002235,2025-11-22 14:00:00,REPLIED
WA00007633,A002075,2025-09-17 18:00:00,DELIVERED
WA00007634,A000856,2025-09-16 07:00:00,SENT
WA00007635,A001701,2026-05-24 18:00:00,READ
WA00007636,A003906,2025-11-27 10:00:00,READ
WA00007637,A002674,2025-10-05 21:00:00,SENT
WA00007638,A002584,2026-04-01 18:00:00,DELIVERED
WA00007639,A003325,2026-03-10 14:00:00,READ
WA00007640,A001570,2025-12-03 19:00:00,REPLIED
WA00007641,A002857,2026-02-13 18:00:00,FAILED
WA00007642,A000801,2026-01-25 12:00:00,DELIVERED
WA00007643,A002631,2026-02-24 17:00:00,SENT
WA00007644,A001691,2025-12-01 17:00:00,DELIVERED
WA00007645,A003323,2026-04-09 20:00:00,FAILED
WA00007646,A000282,2025-09-12 12:00:00,SENT
WA00007647,A001973,2025-09-05 13:00:00,SENT
WA00007648,A003031,2026-01-04 13:00:00,FAILED
WA00007649,A004013,2025-10-04 16:00:00,DELIVERED
WA00007650,A002981,2026-03-18 22:00:00,DELIVERED
WA00007651,A002721,2026-05-25 17:00:00,SENT
WA00007652,A001283,2025-10-16 18:00:00,FAILED
WA00007653,A000049,2025-10-20 09:00:00,DELIVERED
WA00007654,A003237,2026-06-19 19:00:00,FAILED
WA00007655,A003097,2026-01-10 19:00:00,DELIVERED
WA00007656,A001345,2026-02-03 14:00:00,READ
WA00007657,A001516,2025-10-13 17:00:00,READ
WA00007658,A002809,2025-12-23 17:00:00,READ
WA00007659,A002781,2025-10-21 08:00:00,FAILED
WA00007660,A002968,2026-05-20 15:00:00,DELIVERED
WA00007661,A004040,2026-02-08 21:00:00,SENT
WA00007662,A000076,2026-03-11 07:00:00,DELIVERED
WA00007663,A001073,2025-10-10 11:00:00,READ
WA00007664,A001155,2026-04-25 14:00:00,READ
WA00007665,A003448,2026-04-27 18:00:00,REPLIED
WA00007666,A003886,2025-12-26 13:00:00,DELIVERED
WA00007667,A003694,2026-06-27 15:00:00,REPLIED
WA00007668,A002909,2025-09-13 11:00:00,DELIVERED
WA00007669,A002637,2026-06-15 15:00:00,SENT
WA00007670,A003974,2026-02-24 17:00:00,DELIVERED
WA00007671,A002019,2026-02-23 16:00:00,SENT
WA00007672,A001069,2025-12-19 08:00:00,READ
WA00007673,A003969,2026-08-19 12:00:00,DELIVERED
WA00007674,A002703,2026-05-14 20:00:00,DELIVERED
WA00007675,A002407,2025-09-24 13:00:00,SENT
WA00007676,A001201,2025-11-07 09:00:00,SENT
WA00007677,A001679,2026-06-24 08:00:00,SENT
WA00007678,A002961,2026-08-26 17:00:00,FAILED
WA00007679,A000032,2026-06-10 21:00:00,READ
WA00007680,A000341,2026-01-20 14:00:00,FAILED
WA00007681,A001343,2026-05-05 12:00:00,DELIVERED
WA00007682,A001628,2026-07-03 14:00:00,SENT
WA00007683,A000125,2026-07-13 21:00:00,READ
WA00007684,A001788,2025-11-25 14:00:00,SENT
WA00007685,A003600,2026-07-19 14:00:00,SENT
WA00007686,A000804,2025-10-19 11:00:00,READ
WA00007687,A003497,2025-10-27 07:00:00,SENT
WA00007688,A000220,2026-08-20 13:00:00,READ
WA00007689,A002792,2026-08-12 18:00:00,FAILED
WA00007690,A004006,2026-04-14 22:00:00,SENT
WA00007691,A000420,2026-03-02 11:00:00,DELIVERED
WA00007692,A003481,2025-09-25 18:00:00,READ
WA00007693,A003703,2025-10-14 22:00:00,DELIVERED
WA00007694,A001749,2026-05-02 16:00:00,DELIVERED
WA00007695,A003501,2026-06-14 18:00:00,DELIVERED
WA00007696,A000897,2025-11-09 20:00:00,DELIVERED
WA00007697,A004169,2026-02-17 21:00:00,DELIVERED
WA00007698,A000919,2026-02-05 11:00:00,SENT
WA00007699,A000027,2025-09-21 14:00:00,READ
WA00007700,A000219,2026-03-07 19:00:00,READ
WA00007701,A001443,2026-07-09 18:00:00,FAILED
WA00007702,A001854,2025-12-10 10:00:00,FAILED
WA00007703,A001518,2026-05-09 13:00:00,DELIVERED
WA00007704,A002655,2025-09-16 09:00:00,READ
WA00007705,A003505,2026-06-22 15:00:00,DELIVERED
WA00007706,A001535,2026-05-07 15:00:00,REPLIED
WA00007707,A003644,2026-03-10 18:00:00,REPLIED
WA00007708,A003285,2026-08-23 19:00:00,READ
WA00007709,A002029,2026-01-18 15:00:00,DELIVERED
WA00007710,A002909,2026-05-07 16:00:00,DELIVERED
WA00007711,A000210,2026-05-11 20:00:00,READ
WA00007712,A002838,2026-06-27 11:00:00,DELIVERED
WA00007713,A003017,2026-03-03 22:00:00,DELIVERED
WA00007714,A003824,2026-01-19 07:00:00,DELIVERED
WA00007715,A001977,2025-12-19 17:00:00,READ
WA00007716,A003780,2026-03-21 15:00:00,DELIVERED
WA00007717,A001059,2026-03-27 19:00:00,SENT
WA00007718,A002463,2026-02-24 22:00:00,READ
WA00007719,A001236,2026-07-20 12:00:00,READ
WA00007720,A001112,2026-08-16 08:00:00,READ
WA00007721,A000250,2026-08-15 13:00:00,REPLIED
WA00007722,A000140,2026-07-08 09:00:00,REPLIED
WA00007723,A001509,2026-02-18 13:00:00,SENT
WA00007724,A003653,2026-06-01 20:00:00,DELIVERED
WA00007725,A000568,2026-06-13 12:00:00,DELIVERED
WA00007726,A003315,2025-09-05 18:00:00,DELIVERED
WA00007727,A001250,2026-08-17 16:00:00,READ
WA00007728,A002239,2026-03-21 12:00:00,READ
WA00007729,A001792,2026-01-12 12:00:00,DELIVERED
WA00007730,A003876,2026-01-06 12:00:00,SENT
WA00007731,A004173,2025-11-17 12:00:00,FAILED
WA00007732,A001722,2026-01-14 16:00:00,DELIVERED
WA00007733,A001619,2025-11-13 12:00:00,READ
WA00007734,A001783,2026-01-04 13:00:00,REPLIED
WA00007735,A000143,2026-02-04 11:00:00,FAILED
WA00007736,A002447,2026-05-14 18:00:00,READ
WA00007737,A000561,2026-02-10 07:00:00,SENT
WA00007738,A000575,2026-07-06 12:00:00,DELIVERED
WA00007739,A003718,2025-09-03 22:00:00,DELIVERED
WA00007740,A002296,2026-05-22 19:00:00,SENT
WA00007741,A000180,2026-05-06 14:00:00,FAILED
WA00007742,A000678,2026-07-10 22:00:00,DELIVERED
WA00007743,A004127,2026-04-12 15:00:00,READ
WA00007744,A002564,2026-03-21 14:00:00,SENT
WA00007745,A003463,2026-08-21 07:00:00,DELIVERED
WA00007746,A000345,2026-07-09 21:00:00,SENT
WA00007747,A002704,2026-06-04 07:00:00,DELIVERED
WA00007748,A001279,2026-01-10 16:00:00,REPLIED
WA00007749,A003734,2025-12-10 08:00:00,READ
WA00007750,A002566,2025-11-26 21:00:00,REPLIED
WA00007751,A001717,2025-10-21 14:00:00,DELIVERED
WA00007752,A002509,2026-01-24 22:00:00,SENT
WA00007753,A003479,2026-05-20 07:00:00,READ
WA00007754,A003733,2026-08-11 07:00:00,READ
WA00007755,A001413,2026-06-10 08:00:00,SENT
WA00007756,A001426,2026-02-22 10:00:00,DELIVERED
WA00007757,A000533,2026-07-17 07:00:00,REPLIED
WA00007758,A002211,2026-02-05 18:00:00,READ
WA00007759,A000082,2026-08-13 12:00:00,FAILED
WA00007760,A000793,2026-03-27 18:00:00,READ
WA00007761,A003203,2026-04-05 09:00:00,READ
WA00007762,A003247,2026-03-15 14:00:00,READ
WA00007763,A000647,2026-08-23 22:00:00,SENT
WA00007764,A003426,2026-06-25 18:00:00,DELIVERED
WA00007765,A003341,2026-01-15 14:00:00,DELIVERED
WA00007766,A000743,2026-02-15 08:00:00,REPLIED
WA00007767,A001747,2026-04-16 12:00:00,READ
WA00007768,A002973,2026-01-12 19:00:00,REPLIED
WA00007769,A001409,2025-11-27 19:00:00,DELIVERED
WA00007770,A001628,2026-07-03 13:00:00,READ
WA00007771,A001722,2026-01-22 22:00:00,READ
WA00007772,A002678,2025-12-14 11:00:00,DELIVERED
WA00007773,A000184,2026-07-25 09:00:00,READ
WA00007774,A003672,2026-06-20 14:00:00,FAILED
WA00007775,A000420,2025-12-23 07:00:00,DELIVERED
WA00007776,A003675,2026-02-25 07:00:00,DELIVERED
WA00007777,A001191,2025-12-14 09:00:00,FAILED
WA00007778,A000988,2026-03-18 10:00:00,SENT
WA00007779,A002765,2026-08-11 11:00:00,REPLIED
WA00007780,A000832,2026-07-26 12:00:00,DELIVERED
WA00007781,A001186,2026-01-08 18:00:00,DELIVERED
WA00007782,A001199,2026-04-23 12:00:00,FAILED
WA00007783,A002258,2026-05-25 13:00:00,REPLIED
WA00007784,A001220,2026-07-12 15:00:00,DELIVERED
WA00007785,A002887,2026-02-19 07:00:00,FAILED
WA00007786,A003877,2026-07-17 14:00:00,SENT
WA00007787,A001102,2026-05-12 22:00:00,SENT
WA00007788,A002479,2026-08-26 21:00:00,DELIVERED
WA00007789,A000061,2026-06-05 13:00:00,DELIVERED
WA00007790,A001644,2026-05-23 15:00:00,READ
WA00007791,A001984,2026-06-21 16:00:00,DELIVERED
WA00007792,A000352,2026-01-17 21:00:00,REPLIED
WA00007793,A002909,2025-11-22 13:00:00,DELIVERED
WA00007794,A000173,2025-12-14 17:00:00,READ
WA00007795,A001243,2026-02-10 07:00:00,READ
WA00007796,A001692,2026-04-20 11:00:00,READ
WA00007797,A002392,2025-11-07 22:00:00,FAILED
WA00007798,A000832,2026-03-26 11:00:00,FAILED
WA00007799,A002285,2026-06-03 12:00:00,REPLIED
WA00007800,A003793,2025-11-26 09:00:00,SENT
WA00007801,A002533,2025-10-19 09:00:00,READ
WA00007802,A003739,2026-05-01 12:00:00,DELIVERED
WA00007803,A003297,2026-06-17 22:00:00,DELIVERED
WA00007804,A003052,2026-04-07 16:00:00,DELIVERED
WA00007805,A001535,2026-01-16 14:00:00,DELIVERED
WA00007806,A003163,2025-12-24 18:00:00,READ
WA00007807,A002364,2026-08-13 18:00:00,REPLIED
WA00007808,A002821,2026-08-25 16:00:00,FAILED
WA00007809,A003616,2026-03-20 09:00:00,READ
WA00007810,A003942,2026-08-05 08:00:00,DELIVERED
WA00007811,A002612,2026-08-25 21:00:00,REPLIED
WA00007812,A000079,2025-12-03 17:00:00,READ
WA00007813,A002024,2025-11-15 10:00:00,READ
WA00007814,A004016,2026-08-12 11:00:00,READ
WA00007815,A002301,2026-08-20 11:00:00,SENT
WA00007816,A001379,2025-10-14 13:00:00,SENT
WA00007817,A002840,2026-08-26 15:00:00,READ
WA00007818,A003954,2026-04-12 07:00:00,DELIVERED
WA00007819,A001651,2025-09-01 22:00:00,READ
WA00007820,A000211,2026-07-04 11:00:00,SENT
WA00007821,A004015,2026-07-12 11:00:00,DELIVERED
WA00007822,A000228,2026-04-07 10:00:00,SENT
WA00007823,A000398,2025-12-17 10:00:00,DELIVERED
WA00007824,A001915,2026-02-02 15:00:00,DELIVERED
WA00007825,A004116,2026-02-04 14:00:00,READ
WA00007826,A003085,2025-10-12 08:00:00,REPLIED
WA00007827,A002961,2026-04-25 14:00:00,FAILED
WA00007828,A002464,2026-07-15 17:00:00,DELIVERED
WA00007829,A001990,2026-02-03 19:00:00,REPLIED
WA00007830,A003457,2026-01-15 08:00:00,SENT
WA00007831,A000898,2026-01-02 13:00:00,READ
WA00007832,A002336,2025-11-23 11:00:00,READ
WA00007833,A003825,2026-04-09 20:00:00,REPLIED
WA00007834,A003490,2026-06-04 17:00:00,READ
WA00007835,A001390,2026-06-13 21:00:00,REPLIED
WA00007836,A000674,2026-04-21 09:00:00,SENT
WA00007837,A000730,2025-12-16 13:00:00,DELIVERED
WA00007838,A000716,2025-10-27 17:00:00,SENT
WA00007839,A002952,2025-12-05 16:00:00,DELIVERED
WA00007840,A001844,2026-08-21 07:00:00,REPLIED
WA00007841,A001431,2026-03-19 09:00:00,DELIVERED
WA00007842,A002810,2025-10-26 18:00:00,FAILED
WA00007843,A002203,2026-02-02 12:00:00,DELIVERED
WA00007844,A001572,2026-05-01 07:00:00,SENT
WA00007845,A002181,2026-07-09 19:00:00,DELIVERED
WA00007846,A003917,2026-04-17 16:00:00,DELIVERED
WA00007847,A004127,2026-02-15 16:00:00,DELIVERED
WA00007848,A000687,2025-10-15 18:00:00,SENT
WA00007849,A003352,2025-11-15 13:00:00,DELIVERED
WA00007850,A003729,2025-09-16 12:00:00,DELIVERED
WA00007851,A001848,2025-12-12 22:00:00,DELIVERED
WA00007852,A003086,2026-05-05 21:00:00,DELIVERED
WA00007853,A004174,2026-03-03 21:00:00,READ
WA00007854,A003779,2026-08-15 07:00:00,DELIVERED
WA00007855,A001744,2026-06-24 10:00:00,DELIVERED
WA00007856,A001063,2025-10-14 09:00:00,DELIVERED
WA00007857,A002544,2026-03-03 10:00:00,DELIVERED
WA00007858,A000458,2025-11-23 08:00:00,REPLIED
WA00007859,A002307,2025-11-10 14:00:00,READ
WA00007860,A001139,2026-01-18 19:00:00,DELIVERED
WA00007861,A000180,2025-11-03 09:00:00,REPLIED
WA00007862,A004078,2026-08-05 11:00:00,FAILED
WA00007863,A000013,2026-06-10 21:00:00,FAILED
WA00007864,A003269,2026-05-07 19:00:00,READ
WA00007865,A000898,2026-02-19 07:00:00,READ
WA00007866,A003610,2026-01-17 17:00:00,READ
WA00007867,A000506,2026-04-06 07:00:00,DELIVERED
WA00007868,A002275,2025-12-23 12:00:00,DELIVERED
WA00007869,A003507,2025-11-21 14:00:00,DELIVERED
WA00007870,A002654,2025-12-24 09:00:00,DELIVERED
WA00007871,A003741,2026-07-03 18:00:00,DELIVERED
WA00007872,A003941,2026-01-24 10:00:00,DELIVERED
WA00007873,A001588,2026-04-13 16:00:00,READ
WA00007874,A002180,2026-01-23 17:00:00,REPLIED
WA00007875,A001936,2026-06-23 20:00:00,READ
WA00007876,A003352,2026-08-23 20:00:00,DELIVERED
WA00007877,A001187,2026-06-26 12:00:00,READ
WA00007878,A000994,2026-04-19 22:00:00,SENT
WA00007879,A003598,2026-06-16 20:00:00,REPLIED
WA00007880,A000253,2026-04-23 09:00:00,READ
WA00007881,A001117,2026-04-20 14:00:00,DELIVERED
WA00007882,A002490,2026-01-17 22:00:00,READ
WA00007883,A003380,2026-01-01 10:00:00,DELIVERED
WA00007884,A000498,2026-08-27 20:00:00,DELIVERED
WA00007885,A000088,2026-06-10 16:00:00,DELIVERED
WA00007886,A000521,2026-06-16 08:00:00,SENT
WA00007887,A001653,2026-04-08 19:00:00,SENT
WA00007888,A000706,2025-11-17 18:00:00,READ
WA00007889,A001349,2026-06-14 20:00:00,DELIVERED
WA00007890,A001116,2026-06-23 18:00:00,DELIVERED
WA00007891,A003064,2025-09-10 14:00:00,READ
WA00007892,A002490,2025-12-26 17:00:00,READ
WA00007893,A003059,2025-09-17 11:00:00,READ
WA00007894,A002473,2025-12-20 12:00:00,FAILED
WA00007895,A004146,2025-09-01 13:00:00,FAILED
WA00007896,A003297,2026-03-08 20:00:00,SENT
WA00007897,A002734,2025-11-01 07:00:00,SENT
WA00007898,A003707,2026-02-19 20:00:00,READ
WA00007899,A001470,2026-05-14 20:00:00,READ
WA00007900,A000298,2026-08-06 13:00:00,READ
WA00007901,A000402,2026-06-11 10:00:00,REPLIED
WA00007902,A000354,2026-04-17 17:00:00,READ
WA00007903,A000294,2025-10-18 11:00:00,READ
WA00007904,A002408,2025-09-23 08:00:00,DELIVERED
WA00007905,A001918,2026-05-15 07:00:00,FAILED
WA00007906,A004022,2026-02-06 16:00:00,READ
WA00007907,A000777,2025-10-10 19:00:00,READ
WA00007908,A002506,2026-07-15 08:00:00,DELIVERED
WA00007909,A000825,2026-07-03 20:00:00,REPLIED
WA00007910,A002079,2025-11-16 17:00:00,READ
WA00007911,A001947,2026-06-11 17:00:00,FAILED
WA00007912,A000668,2026-06-16 14:00:00,DELIVERED
WA00007913,A000196,2025-11-09 22:00:00,READ
WA00007914,A001750,2026-04-20 22:00:00,READ
WA00007915,A004082,2025-10-15 21:00:00,READ
WA00007916,A002144,2026-01-26 13:00:00,SENT
WA00007917,A001652,2026-07-06 18:00:00,SENT
WA00007918,A001840,2026-01-11 13:00:00,READ
WA00007919,A003309,2026-01-06 14:00:00,READ
WA00007920,A002139,2026-03-21 12:00:00,DELIVERED
WA00007921,A002181,2026-02-18 13:00:00,FAILED
WA00007922,A000162,2025-09-07 18:00:00,SENT
WA00007923,A001517,2026-07-07 11:00:00,REPLIED
WA00007924,A002194,2025-10-19 10:00:00,READ
WA00007925,A000694,2026-04-21 20:00:00,READ
WA00007926,A000992,2025-10-10 16:00:00,FAILED
WA00007927,A004191,2026-03-12 12:00:00,DELIVERED
WA00007928,A002371,2026-07-13 14:00:00,DELIVERED
WA00007929,A003157,2025-10-14 08:00:00,DELIVERED
WA00007930,A002855,2026-04-24 13:00:00,DELIVERED
WA00007931,A001459,2025-12-20 13:00:00,DELIVERED
WA00007932,A001260,2025-11-09 15:00:00,READ
WA00007933,A000161,2026-02-02 10:00:00,SENT
WA00007934,A002676,2025-09-25 11:00:00,READ
WA00007935,A002513,2026-06-15 08:00:00,REPLIED
WA00007936,A001442,2025-10-09 07:00:00,READ
WA00007937,A003212,2025-12-21 14:00:00,DELIVERED
WA00007938,A001910,2026-03-20 19:00:00,REPLIED
WA00007939,A002864,2026-06-08 11:00:00,SENT
WA00007940,A004030,2026-06-26 14:00:00,SENT
WA00007941,A002085,2026-06-09 11:00:00,DELIVERED
WA00007942,A001523,2026-03-17 17:00:00,DELIVERED
WA00007943,A000405,2026-06-26 13:00:00,DELIVERED
WA00007944,A002320,2026-06-27 11:00:00,READ
WA00007945,A001474,2026-03-21 09:00:00,FAILED
WA00007946,A001702,2025-10-25 12:00:00,READ
WA00007947,A002238,2026-07-23 15:00:00,READ
WA00007948,A002913,2026-05-03 22:00:00,FAILED
WA00007949,A000656,2026-08-18 16:00:00,READ
WA00007950,A003448,2026-02-18 08:00:00,REPLIED
WA00007951,A000880,2026-01-05 12:00:00,READ
WA00007952,A001305,2026-02-26 11:00:00,FAILED
WA00007953,A003718,2026-08-05 09:00:00,READ
WA00007954,A000161,2026-06-09 18:00:00,DELIVERED
WA00007955,A000378,2026-01-11 09:00:00,READ
WA00007956,A001649,2026-07-23 12:00:00,SENT
WA00007957,A000448,2025-11-04 09:00:00,DELIVERED
WA00007958,A001709,2026-08-08 15:00:00,SENT
WA00007959,A000305,2026-07-08 15:00:00,DELIVERED
WA00007960,A001752,2026-07-02 13:00:00,DELIVERED
WA00007961,A000954,2025-12-15 22:00:00,DELIVERED
WA00007962,A002738,2026-02-05 22:00:00,READ
WA00007963,A000269,2026-07-13 17:00:00,DELIVERED
WA00007964,A001579,2026-06-12 15:00:00,DELIVERED
WA00007965,A002260,2025-12-03 15:00:00,FAILED
WA00007966,A002358,2026-03-06 18:00:00,READ
WA00007967,A000978,2025-12-16 15:00:00,DELIVERED
WA00007968,A003473,2026-06-16 07:00:00,SENT
WA00007969,A003799,2025-11-10 12:00:00,DELIVERED
WA00007970,A001207,2026-05-10 09:00:00,FAILED
WA00007971,A003153,2026-07-04 19:00:00,READ
WA00007972,A000206,2025-09-17 18:00:00,SENT
WA00007973,A001911,2026-01-17 14:00:00,READ
WA00007974,A003839,2026-03-01 20:00:00,SENT
WA00007975,A002918,2025-09-26 20:00:00,SENT
WA00007976,A001489,2026-08-11 18:00:00,READ
WA00007977,A001281,2026-07-11 19:00:00,READ
WA00007978,A001871,2026-01-15 07:00:00,SENT
WA00007979,A000513,2026-07-21 16:00:00,DELIVERED
WA00007980,A003851,2025-12-23 18:00:00,DELIVERED
WA00007981,A000674,2025-09-21 13:00:00,SENT
WA00007982,A000895,2026-02-07 16:00:00,FAILED
WA00007983,A003477,2026-03-03 22:00:00,READ
WA00007984,A001975,2026-06-17 19:00:00,READ
WA00007985,A002341,2025-09-07 21:00:00,DELIVERED
WA00007986,A002889,2026-08-02 15:00:00,DELIVERED
WA00007987,A001957,2026-03-09 14:00:00,FAILED
WA00007988,A003793,2025-12-18 11:00:00,REPLIED
WA00007989,A001758,2026-07-05 20:00:00,FAILED
WA00007990,A002324,2026-04-14 10:00:00,REPLIED
WA00007991,A000397,2026-05-07 19:00:00,REPLIED
WA00007992,A004170,2026-01-19 18:00:00,REPLIED
WA00007993,A004115,2025-12-27 14:00:00,READ
WA00007994,A001034,2025-09-20 20:00:00,FAILED
WA00007995,A003077,2025-12-07 16:00:00,READ
WA00007996,A003173,2025-09-09 20:00:00,READ
WA00007997,A001677,2026-03-06 18:00:00,DELIVERED
WA00007998,A002499,2026-08-03 10:00:00,REPLIED
WA00007999,A001918,2025-09-17 07:00:00,READ
WA00008000,A003274,2025-11-18 15:00:00,READ
WA00008001,A004133,2026-05-26 16:00:00,REPLIED
WA00008002,A002706,2026-08-12 18:00:00,READ
WA00008003,A000954,2026-08-25 13:00:00,DELIVERED
WA00008004,A001761,2026-03-06 20:00:00,DELIVERED
WA00008005,A000479,2025-12-07 17:00:00,DELIVERED
WA00008006,A001788,2026-04-26 19:00:00,DELIVERED
WA00008007,A000898,2026-04-01 16:00:00,READ
WA00008008,A000815,2026-04-02 20:00:00,READ
WA00008009,A000112,2026-03-10 14:00:00,DELIVERED
WA00008010,A002438,2026-08-12 11:00:00,READ
WA00008011,A000083,2026-05-09 07:00:00,DELIVERED
WA00008012,A001881,2026-08-07 14:00:00,READ
WA00008013,A002602,2026-08-02 10:00:00,READ
WA00008014,A000177,2026-08-10 11:00:00,READ
WA00008015,A000948,2026-01-04 18:00:00,REPLIED
WA00008016,A003983,2026-06-22 18:00:00,FAILED
WA00008017,A004181,2025-09-20 20:00:00,READ
WA00008018,A003050,2026-03-02 18:00:00,DELIVERED
WA00008019,A002129,2026-05-08 11:00:00,REPLIED
WA00008020,A003607,2026-01-05 14:00:00,READ
WA00008021,A000622,2026-02-22 15:00:00,READ
WA00008022,A002808,2026-08-05 22:00:00,READ
WA00008023,A002116,2026-05-09 11:00:00,DELIVERED
WA00008024,A003790,2026-03-17 18:00:00,DELIVERED
WA00008025,A001838,2026-04-01 11:00:00,DELIVERED
WA00008026,A001055,2026-07-24 07:00:00,SENT
WA00008027,A002784,2026-06-10 21:00:00,REPLIED
WA00008028,A003163,2025-09-19 11:00:00,READ
WA00008029,A000287,2026-01-03 22:00:00,READ
WA00008030,A003355,2025-09-12 22:00:00,SENT
WA00008031,A003091,2026-08-12 12:00:00,SENT
WA00008032,A002826,2026-03-13 19:00:00,DELIVERED
WA00008033,A003687,2026-02-19 07:00:00,READ
WA00008034,A001489,2025-11-05 17:00:00,READ
WA00008035,A000753,2026-02-14 12:00:00,DELIVERED
WA00008036,A003504,2026-01-08 13:00:00,READ
WA00008037,A003662,2025-11-23 11:00:00,READ
WA00008038,A002323,2026-06-17 15:00:00,REPLIED
WA00008039,A001768,2026-06-13 16:00:00,DELIVERED
WA00008040,A001328,2025-10-22 21:00:00,REPLIED
WA00008041,A003126,2026-06-11 11:00:00,FAILED
WA00008042,A003635,2026-08-08 13:00:00,SENT
WA00008043,A001164,2026-08-05 17:00:00,FAILED
WA00008044,A001401,2025-09-05 15:00:00,DELIVERED
WA00008045,A001231,2025-09-01 21:00:00,REPLIED
WA00008046,A003402,2025-10-17 21:00:00,REPLIED
WA00008047,A002621,2025-10-17 21:00:00,DELIVERED
WA00008048,A003170,2026-03-03 22:00:00,READ
WA00008049,A002506,2026-05-14 15:00:00,FAILED
WA00008050,A000220,2026-03-04 18:00:00,READ
WA00008051,A002216,2026-03-01 21:00:00,REPLIED
WA00008052,A000848,2026-07-18 21:00:00,SENT
WA00008053,A000974,2026-02-14 18:00:00,DELIVERED
WA00008054,A004069,2026-04-19 14:00:00,DELIVERED
WA00008055,A002844,2026-06-01 09:00:00,DELIVERED
WA00008056,A001681,2026-03-04 20:00:00,READ
WA00008057,A002739,2026-01-07 20:00:00,READ
WA00008058,A000983,2026-08-05 15:00:00,READ
WA00008059,A003607,2026-01-06 09:00:00,READ
WA00008060,A001515,2026-04-07 12:00:00,REPLIED
WA00008061,A003829,2025-09-10 21:00:00,REPLIED
WA00008062,A003600,2025-09-14 21:00:00,READ
WA00008063,A001521,2025-12-18 21:00:00,REPLIED
WA00008064,A000949,2025-10-04 22:00:00,REPLIED
WA00008065,A003751,2026-01-21 14:00:00,DELIVERED
WA00008066,A000090,2026-01-24 18:00:00,READ
WA00008067,A001604,2026-07-23 11:00:00,DELIVERED
WA00008068,A004174,2026-08-10 20:00:00,READ
WA00008069,A000356,2025-09-15 13:00:00,READ
WA00008070,A001866,2025-10-09 15:00:00,REPLIED
WA00008071,A003586,2026-08-11 20:00:00,REPLIED
WA00008072,A003978,2026-03-13 18:00:00,READ
WA00008073,A003613,2025-09-16 21:00:00,READ
WA00008074,A003203,2026-04-19 18:00:00,REPLIED
WA00008075,A000279,2026-05-01 08:00:00,DELIVERED
WA00008076,A000846,2026-08-05 11:00:00,DELIVERED
WA00008077,A001642,2026-07-18 12:00:00,DELIVERED
WA00008078,A000643,2026-04-17 18:00:00,READ
WA00008079,A002454,2026-04-24 15:00:00,READ
WA00008080,A003751,2025-11-01 20:00:00,DELIVERED
WA00008081,A000265,2025-09-22 21:00:00,DELIVERED
WA00008082,A002311,2025-11-09 20:00:00,DELIVERED
WA00008083,A003105,2026-08-15 15:00:00,SENT
WA00008084,A004121,2026-04-10 21:00:00,SENT
WA00008085,A003503,2026-05-27 14:00:00,FAILED
WA00008086,A000835,2026-07-15 12:00:00,DELIVERED
WA00008087,A000728,2026-02-13 16:00:00,REPLIED
WA00008088,A001483,2026-01-16 21:00:00,READ
WA00008089,A000500,2026-07-03 11:00:00,REPLIED
WA00008090,A001505,2026-04-19 08:00:00,SENT
WA00008091,A000251,2026-01-14 19:00:00,DELIVERED
WA00008092,A002369,2026-03-19 19:00:00,READ
WA00008093,A001460,2026-02-18 12:00:00,SENT
WA00008094,A003238,2025-12-21 11:00:00,DELIVERED
WA00008095,A002393,2025-09-05 08:00:00,DELIVERED
WA00008096,A000308,2025-12-23 21:00:00,SENT
WA00008097,A002830,2026-08-23 10:00:00,SENT
WA00008098,A002621,2026-04-22 20:00:00,DELIVERED
WA00008099,A001457,2025-09-27 22:00:00,REPLIED
WA00008100,A003496,2025-11-11 22:00:00,DELIVERED
WA00008101,A000693,2026-07-16 12:00:00,DELIVERED
WA00008102,A002565,2025-10-04 18:00:00,DELIVERED
WA00008103,A004029,2026-02-11 16:00:00,SENT
WA00008104,A004000,2025-12-10 11:00:00,DELIVERED
WA00008105,A000011,2025-12-17 08:00:00,READ
WA00008106,A003208,2026-03-18 07:00:00,DELIVERED
WA00008107,A004026,2026-07-10 13:00:00,DELIVERED
WA00008108,A001642,2026-06-14 21:00:00,DELIVERED
WA00008109,A003033,2026-05-24 10:00:00,REPLIED
WA00008110,A000007,2025-11-02 20:00:00,READ
WA00008111,A003388,2026-07-19 12:00:00,DELIVERED
WA00008112,A003972,2026-04-12 18:00:00,FAILED
WA00008113,A002445,2026-07-24 11:00:00,DELIVERED
WA00008114,A000077,2026-03-15 21:00:00,DELIVERED
WA00008115,A000339,2026-02-04 12:00:00,DELIVERED
WA00008116,A001404,2025-10-20 10:00:00,REPLIED
WA00008117,A002627,2026-02-25 15:00:00,READ
WA00008118,A001460,2026-07-15 09:00:00,DELIVERED
WA00008119,A000311,2026-07-21 08:00:00,READ
WA00008120,A001457,2025-09-22 22:00:00,REPLIED
WA00008121,A000837,2026-08-10 22:00:00,READ
WA00008122,A001249,2026-06-26 07:00:00,FAILED
WA00008123,A002631,2026-04-09 15:00:00,READ
WA00008124,A002423,2026-07-12 07:00:00,DELIVERED
WA00008125,A000911,2025-10-11 19:00:00,REPLIED
WA00008126,A000317,2026-04-25 11:00:00,READ
WA00008127,A001907,2026-04-07 15:00:00,REPLIED
WA00008128,A003719,2026-08-16 07:00:00,DELIVERED
WA00008129,A000297,2026-06-27 22:00:00,SENT
WA00008130,A000969,2026-02-22 15:00:00,FAILED
WA00008131,A003668,2026-04-02 20:00:00,DELIVERED
WA00008132,A003822,2026-06-07 09:00:00,DELIVERED
WA00008133,A002952,2026-02-24 11:00:00,DELIVERED
WA00008134,A002581,2026-05-19 18:00:00,DELIVERED
WA00008135,A001994,2026-07-11 22:00:00,FAILED
WA00008136,A000504,2026-07-11 11:00:00,REPLIED
WA00008137,A002997,2026-07-14 17:00:00,FAILED
WA00008138,A002537,2025-09-10 22:00:00,DELIVERED
WA00008139,A001463,2025-10-22 21:00:00,READ
WA00008140,A000842,2026-02-09 07:00:00,REPLIED
WA00008141,A002049,2025-11-20 08:00:00,SENT
WA00008142,A003036,2026-07-17 13:00:00,FAILED
WA00008143,A003462,2026-05-08 22:00:00,FAILED
WA00008144,A004111,2026-08-13 19:00:00,DELIVERED
WA00008145,A001613,2025-10-21 17:00:00,READ
WA00008146,A000777,2026-08-18 08:00:00,DELIVERED
WA00008147,A001119,2026-04-24 09:00:00,REPLIED
WA00008148,A002532,2026-08-20 12:00:00,READ
WA00008149,A000124,2025-10-22 12:00:00,READ
WA00008150,A000255,2025-09-09 16:00:00,FAILED
WA00008151,A001989,2026-04-19 17:00:00,READ
WA00008152,A000453,2026-07-05 17:00:00,READ
WA00008153,A001861,2026-08-05 13:00:00,READ
WA00008154,A000029,2025-10-20 10:00:00,FAILED
WA00008155,A003534,2026-06-01 22:00:00,DELIVERED
WA00008156,A000498,2026-06-08 20:00:00,READ
WA00008157,A002813,2025-12-25 07:00:00,READ
WA00008158,A000050,2026-06-19 14:00:00,READ
WA00008159,A001312,2025-11-21 22:00:00,READ
WA00008160,A001825,2026-01-10 15:00:00,READ
WA00008161,A002921,2026-05-05 17:00:00,REPLIED
WA00008162,A002555,2026-08-20 18:00:00,DELIVERED
WA00008163,A000215,2026-03-03 08:00:00,DELIVERED
WA00008164,A000865,2025-11-25 16:00:00,READ
WA00008165,A003908,2026-07-09 14:00:00,FAILED
WA00008166,A001147,2026-08-25 07:00:00,READ
WA00008167,A003049,2026-07-22 19:00:00,DELIVERED
WA00008168,A003604,2026-05-08 21:00:00,READ
WA00008169,A000657,2026-06-10 10:00:00,FAILED
WA00008170,A001756,2026-06-08 20:00:00,REPLIED
WA00008171,A001002,2026-02-14 21:00:00,DELIVERED
WA00008172,A002386,2025-10-20 09:00:00,READ
WA00008173,A001707,2025-11-12 13:00:00,READ
WA00008174,A000068,2026-07-15 20:00:00,SENT
WA00008175,A002393,2026-07-21 08:00:00,FAILED
WA00008176,A001199,2026-07-24 11:00:00,SENT
WA00008177,A002764,2026-08-05 07:00:00,SENT
WA00008178,A003383,2026-08-01 21:00:00,DELIVERED
WA00008179,A003792,2025-11-20 20:00:00,FAILED
WA00008180,A002649,2026-01-24 22:00:00,DELIVERED
WA00008181,A000285,2025-11-27 20:00:00,SENT
WA00008182,A002284,2026-07-13 22:00:00,DELIVERED
WA00008183,A002774,2026-02-10 20:00:00,READ
WA00008184,A003026,2026-06-27 10:00:00,DELIVERED
WA00008185,A002104,2026-07-13 12:00:00,READ
WA00008186,A001782,2026-06-25 09:00:00,DELIVERED
WA00008187,A001691,2026-06-07 17:00:00,SENT
WA00008188,A003439,2026-05-21 20:00:00,SENT
WA00008189,A003421,2026-08-14 12:00:00,REPLIED
WA00008190,A003604,2026-01-26 15:00:00,DELIVERED
WA00008191,A000079,2026-01-21 10:00:00,READ
WA00008192,A000099,2026-01-19 22:00:00,DELIVERED
WA00008193,A002558,2026-03-01 20:00:00,SENT
WA00008194,A001801,2026-01-19 15:00:00,READ
WA00008195,A001514,2026-04-13 19:00:00,DELIVERED
WA00008196,A003709,2026-05-27 07:00:00,DELIVERED
WA00008197,A003426,2026-04-14 22:00:00,REPLIED
WA00008198,A000542,2026-06-25 21:00:00,DELIVERED
WA00008199,A003358,2026-08-08 17:00:00,DELIVERED
WA00008200,A000037,2025-10-22 08:00:00,DELIVERED
WA00008201,A004192,2026-03-21 15:00:00,DELIVERED
WA00008202,A002313,2026-06-21 07:00:00,DELIVERED
WA00008203,A000410,2026-04-13 18:00:00,DELIVERED
WA00008204,A003110,2025-09-04 10:00:00,DELIVERED
WA00008205,A001389,2026-02-07 11:00:00,REPLIED
WA00008206,A001854,2026-01-01 09:00:00,DELIVERED
WA00008207,A003066,2026-06-22 21:00:00,SENT
WA00008208,A001131,2026-05-26 16:00:00,READ
WA00008209,A000362,2026-08-15 07:00:00,DELIVERED
WA00008210,A003207,2025-09-10 22:00:00,REPLIED
WA00008211,A002476,2025-11-15 14:00:00,SENT
WA00008212,A002685,2026-05-11 17:00:00,DELIVERED
WA00008213,A000385,2026-02-22 14:00:00,DELIVERED
WA00008214,A002088,2026-04-18 16:00:00,REPLIED
WA00008215,A000717,2026-08-11 16:00:00,READ
WA00008216,A000256,2025-09-07 16:00:00,DELIVERED
WA00008217,A002969,2026-06-13 21:00:00,READ
WA00008218,A003540,2026-01-11 18:00:00,FAILED
WA00008219,A002938,2025-09-21 22:00:00,DELIVERED
WA00008220,A002564,2025-12-25 13:00:00,DELIVERED
WA00008221,A003382,2026-02-21 13:00:00,REPLIED
WA00008222,A002063,2025-09-02 16:00:00,DELIVERED
WA00008223,A003670,2026-03-22 16:00:00,DELIVERED
WA00008224,A000226,2026-03-21 12:00:00,SENT
WA00008225,A002329,2025-12-12 14:00:00,REPLIED
WA00008226,A002676,2026-06-23 15:00:00,DELIVERED
WA00008227,A003812,2026-08-13 10:00:00,READ
WA00008228,A003053,2025-10-01 18:00:00,REPLIED
WA00008229,A003242,2026-04-08 14:00:00,DELIVERED
WA00008230,A003651,2026-03-14 21:00:00,REPLIED
WA00008231,A002381,2025-09-13 21:00:00,SENT
WA00008232,A003673,2026-05-19 14:00:00,DELIVERED
WA00008233,A003282,2026-06-13 07:00:00,DELIVERED
WA00008234,A000362,2025-11-08 15:00:00,SENT
WA00008235,A001436,2025-09-04 15:00:00,DELIVERED
WA00008236,A002662,2026-08-24 18:00:00,READ
WA00008237,A002956,2025-12-04 20:00:00,FAILED
WA00008238,A002578,2025-09-24 10:00:00,FAILED
WA00008239,A001008,2026-05-05 07:00:00,READ
WA00008240,A000589,2025-10-13 12:00:00,SENT
WA00008241,A003631,2025-11-10 21:00:00,DELIVERED
WA00008242,A000660,2026-04-24 22:00:00,DELIVERED
WA00008243,A000800,2026-07-15 19:00:00,READ
WA00008244,A003574,2026-06-17 20:00:00,READ
WA00008245,A002584,2026-05-20 18:00:00,SENT
WA00008246,A003476,2026-01-22 22:00:00,DELIVERED
WA00008247,A000850,2025-10-13 10:00:00,DELIVERED
WA00008248,A002593,2025-10-27 08:00:00,FAILED
WA00008249,A003618,2025-09-23 20:00:00,DELIVERED
WA00008250,A001767,2026-02-25 15:00:00,DELIVERED
WA00008251,A000693,2026-04-05 11:00:00,READ
WA00008252,A000973,2026-07-16 17:00:00,READ
WA00008253,A003581,2025-12-19 22:00:00,SENT
WA00008254,A003033,2026-04-15 16:00:00,REPLIED
WA00008255,A003636,2026-06-13 21:00:00,REPLIED
WA00008256,A003858,2025-12-22 08:00:00,DELIVERED
WA00008257,A001419,2026-01-18 20:00:00,REPLIED
WA00008258,A002891,2026-08-19 15:00:00,READ
WA00008259,A002380,2026-01-27 11:00:00,DELIVERED
WA00008260,A003449,2026-02-23 10:00:00,REPLIED
WA00008261,A000304,2026-08-01 19:00:00,REPLIED
WA00008262,A002722,2026-08-12 17:00:00,REPLIED
WA00008263,A002694,2025-10-06 07:00:00,SENT
WA00008264,A000191,2026-07-21 17:00:00,DELIVERED
WA00008265,A001558,2025-12-07 07:00:00,REPLIED
WA00008266,A002917,2026-07-10 22:00:00,READ
WA00008267,A000497,2026-06-07 22:00:00,SENT
WA00008268,A000417,2026-02-11 21:00:00,REPLIED
WA00008269,A003759,2026-06-21 20:00:00,READ
WA00008270,A001082,2025-10-13 07:00:00,DELIVERED
WA00008271,A000039,2026-05-01 14:00:00,READ
WA00008272,A003046,2026-07-15 19:00:00,FAILED
WA00008273,A003703,2026-03-23 10:00:00,READ
WA00008274,A002655,2025-12-21 15:00:00,REPLIED
WA00008275,A001838,2026-02-01 17:00:00,DELIVERED
WA00008276,A003917,2025-09-10 21:00:00,DELIVERED
WA00008277,A000965,2026-03-01 09:00:00,SENT
WA00008278,A003754,2025-10-18 22:00:00,FAILED
WA00008279,A003819,2026-03-11 17:00:00,SENT
WA00008280,A001208,2026-05-23 11:00:00,READ
WA00008281,A004012,2025-09-27 22:00:00,DELIVERED
WA00008282,A001005,2025-09-19 07:00:00,DELIVERED
WA00008283,A000302,2025-11-27 07:00:00,DELIVERED
WA00008284,A002655,2026-08-10 21:00:00,SENT
WA00008285,A000725,2025-10-22 17:00:00,SENT
WA00008286,A002310,2025-10-03 18:00:00,REPLIED
WA00008287,A001437,2026-01-02 08:00:00,REPLIED
WA00008288,A003077,2026-05-06 12:00:00,REPLIED
WA00008289,A000764,2026-01-04 14:00:00,DELIVERED
WA00008290,A001959,2025-11-04 16:00:00,DELIVERED
WA00008291,A002711,2026-05-19 12:00:00,REPLIED
WA00008292,A000333,2025-12-15 16:00:00,READ
WA00008293,A004099,2026-05-12 09:00:00,DELIVERED
WA00008294,A003085,2025-09-06 22:00:00,SENT
WA00008295,A003097,2025-10-26 09:00:00,READ
WA00008296,A001705,2026-02-15 17:00:00,DELIVERED
WA00008297,A001106,2026-06-18 12:00:00,SENT
WA00008298,A002840,2025-10-08 08:00:00,DELIVERED
WA00008299,A001079,2025-10-02 11:00:00,REPLIED
WA00008300,A000545,2026-04-25 18:00:00,FAILED
WA00008301,A003082,2026-04-12 14:00:00,REPLIED
WA00008302,A003512,2026-07-13 15:00:00,DELIVERED
WA00008303,A002972,2026-08-18 16:00:00,SENT
WA00008304,A000855,2026-04-03 15:00:00,REPLIED
WA00008305,A001303,2026-07-04 15:00:00,DELIVERED
WA00008306,A000181,2026-01-02 16:00:00,REPLIED
WA00008307,A000893,2026-05-02 19:00:00,REPLIED
WA00008308,A002607,2025-11-07 14:00:00,READ
WA00008309,A003143,2026-06-08 17:00:00,DELIVERED
WA00008310,A003533,2025-10-08 18:00:00,DELIVERED
WA00008311,A000364,2025-11-17 16:00:00,DELIVERED
WA00008312,A002281,2026-07-01 21:00:00,READ
WA00008313,A003182,2026-05-05 20:00:00,DELIVERED
WA00008314,A003112,2025-10-14 11:00:00,DELIVERED
WA00008315,A000603,2025-09-21 15:00:00,READ
WA00008316,A001609,2026-04-22 14:00:00,READ
WA00008317,A000692,2025-12-07 08:00:00,SENT
WA00008318,A000528,2026-01-19 20:00:00,REPLIED
WA00008319,A001420,2025-11-10 18:00:00,DELIVERED
WA00008320,A002565,2025-09-23 19:00:00,DELIVERED
WA00008321,A003035,2026-03-17 17:00:00,SENT
WA00008322,A002406,2025-10-27 08:00:00,DELIVERED
WA00008323,A001913,2025-09-17 22:00:00,READ
WA00008324,A001463,2025-10-08 17:00:00,REPLIED
WA00008325,A002328,2025-10-12 17:00:00,DELIVERED
WA00008326,A002030,2025-09-18 13:00:00,DELIVERED
WA00008327,A000419,2025-12-23 10:00:00,DELIVERED
WA00008328,A000688,2025-11-25 16:00:00,READ
WA00008329,A004185,2025-10-14 14:00:00,READ
WA00008330,A002510,2026-08-01 12:00:00,DELIVERED
WA00008331,A002021,2026-03-21 07:00:00,REPLIED
WA00008332,A000853,2026-04-05 15:00:00,DELIVERED
WA00008333,A001673,2026-04-24 18:00:00,READ
WA00008334,A003439,2025-10-18 16:00:00,READ
WA00008335,A002886,2026-03-19 16:00:00,SENT
WA00008336,A000069,2026-05-17 08:00:00,READ
WA00008337,A002548,2025-11-12 13:00:00,READ
WA00008338,A000270,2026-05-20 20:00:00,READ
WA00008339,A000152,2026-08-27 22:00:00,READ
WA00008340,A001273,2026-06-11 18:00:00,DELIVERED
WA00008341,A001521,2026-04-22 12:00:00,REPLIED
WA00008342,A000145,2026-04-27 15:00:00,REPLIED
WA00008343,A000450,2026-04-26 10:00:00,DELIVERED
WA00008344,A003547,2026-07-25 07:00:00,DELIVERED
WA00008345,A004142,2025-10-21 12:00:00,DELIVERED
WA00008346,A000043,2025-10-19 18:00:00,READ
WA00008347,A000860,2026-04-13 09:00:00,SENT
WA00008348,A002812,2025-09-01 20:00:00,REPLIED
WA00008349,A001647,2026-04-11 21:00:00,REPLIED
WA00008350,A000799,2026-05-05 08:00:00,READ
WA00008351,A003096,2026-03-01 17:00:00,FAILED
WA00008352,A003851,2025-10-01 13:00:00,DELIVERED
WA00008353,A003017,2026-01-24 11:00:00,FAILED
WA00008354,A000356,2026-08-13 18:00:00,DELIVERED
WA00008355,A004135,2026-04-05 07:00:00,READ
WA00008356,A000333,2025-11-21 09:00:00,REPLIED
WA00008357,A002078,2026-05-17 07:00:00,DELIVERED
WA00008358,A002435,2025-12-11 22:00:00,READ
WA00008359,A002054,2025-09-05 09:00:00,DELIVERED
WA00008360,A000153,2026-04-23 18:00:00,SENT
WA00008361,A003847,2026-01-13 16:00:00,DELIVERED
WA00008362,A002452,2025-11-07 18:00:00,SENT
WA00008363,A003876,2026-04-14 19:00:00,DELIVERED
WA00008364,A003000,2026-04-24 20:00:00,SENT
WA00008365,A003589,2026-01-13 11:00:00,SENT
WA00008366,A000370,2026-08-02 10:00:00,FAILED
WA00008367,A000842,2026-05-21 17:00:00,REPLIED
WA00008368,A002575,2026-04-17 14:00:00,READ
WA00008369,A002830,2025-11-16 11:00:00,SENT
WA00008370,A000942,2025-10-06 13:00:00,SENT
WA00008371,A002721,2026-03-26 17:00:00,FAILED
WA00008372,A000026,2025-12-27 07:00:00,DELIVERED
WA00008373,A001787,2026-02-07 13:00:00,REPLIED
WA00008374,A001301,2026-01-15 21:00:00,DELIVERED
WA00008375,A001876,2026-01-07 08:00:00,DELIVERED
WA00008376,A002054,2026-06-25 12:00:00,READ
WA00008377,A001687,2026-01-14 09:00:00,SENT
WA00008378,A000921,2026-07-16 08:00:00,DELIVERED
WA00008379,A001022,2025-09-06 11:00:00,READ
WA00008380,A000156,2026-02-12 15:00:00,READ
WA00008381,A004160,2026-05-12 11:00:00,DELIVERED
WA00008382,A002257,2026-01-12 11:00:00,READ
WA00008383,A000078,2025-10-19 20:00:00,READ
WA00008384,A001439,2025-09-22 18:00:00,DELIVERED
WA00008385,A003294,2026-05-22 08:00:00,DELIVERED
WA00008386,A001518,2025-11-24 22:00:00,READ
WA00008387,A000081,2026-04-07 16:00:00,REPLIED
WA00008388,A001044,2025-11-24 22:00:00,FAILED
WA00008389,A001600,2026-06-02 21:00:00,DELIVERED
WA00008390,A000145,2026-08-13 22:00:00,SENT
WA00008391,A003227,2026-05-12 18:00:00,READ
WA00008392,A002694,2025-11-25 18:00:00,DELIVERED
WA00008393,A002728,2026-06-27 16:00:00,DELIVERED
WA00008394,A003466,2025-11-15 11:00:00,FAILED
WA00008395,A002612,2026-03-18 13:00:00,SENT
WA00008396,A002525,2026-04-18 18:00:00,READ
WA00008397,A003892,2026-03-23 10:00:00,READ
WA00008398,A003965,2026-07-02 11:00:00,FAILED
WA00008399,A002403,2025-12-24 20:00:00,REPLIED
WA00008400,A001377,2025-11-13 13:00:00,DELIVERED
WA00008401,A000069,2026-04-19 11:00:00,SENT
WA00008402,A004000,2026-03-09 13:00:00,DELIVERED
WA00008403,A000185,2025-09-03 17:00:00,DELIVERED
WA00008404,A003719,2026-07-22 18:00:00,FAILED
WA00008405,A003750,2026-03-19 11:00:00,REPLIED
WA00008406,A003879,2026-06-24 18:00:00,REPLIED
WA00008407,A002115,2026-04-27 22:00:00,DELIVERED
WA00008408,A000193,2025-12-12 08:00:00,READ
WA00008409,A004105,2025-10-16 13:00:00,REPLIED
WA00008410,A003840,2026-05-19 11:00:00,DELIVERED
WA00008411,A002817,2026-02-25 21:00:00,REPLIED
WA00008412,A003594,2026-03-25 16:00:00,REPLIED
WA00008413,A000552,2026-01-27 13:00:00,FAILED
WA00008414,A003625,2026-01-13 10:00:00,REPLIED
WA00008415,A003100,2026-02-21 17:00:00,FAILED
WA00008416,A002939,2026-02-12 14:00:00,DELIVERED
WA00008417,A003714,2025-10-24 13:00:00,DELIVERED
WA00008418,A001346,2026-07-15 07:00:00,SENT
WA00008419,A000018,2026-05-24 21:00:00,SENT
WA00008420,A000061,2025-12-11 17:00:00,READ
WA00008421,A001269,2026-08-03 12:00:00,DELIVERED
WA00008422,A000196,2025-11-03 20:00:00,READ
WA00008423,A000604,2026-06-01 13:00:00,DELIVERED
WA00008424,A001447,2026-06-21 07:00:00,READ
WA00008425,A001386,2026-06-18 19:00:00,DELIVERED
WA00008426,A003277,2026-07-01 14:00:00,DELIVERED
WA00008427,A001447,2025-11-19 10:00:00,READ
WA00008428,A001738,2026-01-06 15:00:00,READ
WA00008429,A002790,2026-07-11 10:00:00,READ
WA00008430,A001505,2026-01-25 18:00:00,REPLIED
WA00008431,A000171,2026-08-18 12:00:00,READ
WA00008432,A000121,2026-02-12 10:00:00,REPLIED
WA00008433,A001723,2026-03-15 11:00:00,DELIVERED
WA00008434,A003478,2025-12-06 08:00:00,READ
WA00008435,A000627,2026-08-11 09:00:00,FAILED
WA00008436,A000801,2025-09-05 19:00:00,SENT
WA00008437,A000165,2025-12-21 10:00:00,DELIVERED
WA00008438,A001638,2026-08-16 07:00:00,DELIVERED
WA00008439,A002781,2026-06-10 14:00:00,DELIVERED
WA00008440,A001775,2025-11-23 14:00:00,DELIVERED
WA00008441,A001066,2026-08-08 09:00:00,DELIVERED
WA00008442,A001584,2025-12-15 09:00:00,DELIVERED
WA00008443,A001725,2026-08-06 19:00:00,DELIVERED
WA00008444,A001349,2026-02-03 09:00:00,SENT
WA00008445,A000099,2026-02-16 11:00:00,REPLIED
WA00008446,A003996,2026-07-24 08:00:00,READ
WA00008447,A001778,2025-11-21 13:00:00,DELIVERED
WA00008448,A000667,2026-04-04 18:00:00,DELIVERED
WA00008449,A003712,2026-04-18 21:00:00,READ
WA00008450,A002871,2026-05-03 16:00:00,DELIVERED
WA00008451,A001074,2025-12-04 17:00:00,READ
WA00008452,A002392,2026-07-10 09:00:00,READ
WA00008453,A004174,2026-06-13 11:00:00,DELIVERED
WA00008454,A003057,2026-04-23 11:00:00,DELIVERED
WA00008455,A001691,2026-05-18 20:00:00,DELIVERED
WA00008456,A002606,2026-08-18 09:00:00,DELIVERED
WA00008457,A001509,2025-09-17 08:00:00,FAILED
WA00008458,A000965,2025-09-09 17:00:00,DELIVERED
WA00008459,A003400,2025-09-11 15:00:00,SENT
WA00008460,A004197,2026-05-26 20:00:00,DELIVERED
WA00008461,A001893,2026-08-05 08:00:00,REPLIED
WA00008462,A003888,2025-11-19 17:00:00,REPLIED
WA00008463,A002033,2026-05-27 20:00:00,DELIVERED
WA00008464,A001400,2026-06-10 07:00:00,DELIVERED
WA00008465,A001443,2026-01-27 19:00:00,DELIVERED
WA00008466,A001007,2026-02-23 17:00:00,DELIVERED
WA00008467,A003342,2026-06-19 08:00:00,READ
WA00008468,A001483,2026-01-06 17:00:00,SENT
WA00008469,A001918,2025-10-19 21:00:00,DELIVERED
WA00008470,A001166,2026-08-23 10:00:00,READ
WA00008471,A000124,2025-09-11 14:00:00,REPLIED
WA00008472,A001205,2026-03-22 17:00:00,READ
WA00008473,A000782,2026-04-04 13:00:00,READ
WA00008474,A003645,2026-02-19 22:00:00,READ
WA00008475,A000203,2026-02-25 13:00:00,DELIVERED
WA00008476,A002610,2025-09-13 08:00:00,READ
WA00008477,A001219,2025-12-20 09:00:00,DELIVERED
WA00008478,A002888,2026-07-19 13:00:00,READ
WA00008479,A003769,2025-12-03 15:00:00,READ
WA00008480,A003704,2026-01-01 22:00:00,DELIVERED
WA00008481,A004021,2025-10-17 08:00:00,DELIVERED
WA00008482,A001282,2026-04-07 11:00:00,REPLIED
WA00008483,A001495,2026-04-06 14:00:00,DELIVERED
WA00008484,A002355,2025-10-15 10:00:00,READ
WA00008485,A001164,2025-10-08 11:00:00,READ
WA00008486,A001807,2025-11-12 21:00:00,READ
WA00008487,A004082,2026-08-04 19:00:00,READ
WA00008488,A000809,2025-12-15 08:00:00,FAILED
WA00008489,A002441,2025-09-17 19:00:00,READ
WA00008490,A000310,2026-01-09 18:00:00,READ
WA00008491,A001037,2026-07-19 08:00:00,SENT
WA00008492,A000938,2026-03-03 21:00:00,REPLIED
WA00008493,A000595,2025-11-02 22:00:00,SENT
WA00008494,A003543,2026-08-23 09:00:00,DELIVERED
WA00008495,A001879,2026-05-07 07:00:00,FAILED
WA00008496,A000732,2025-12-14 13:00:00,FAILED
WA00008497,A002848,2026-01-23 14:00:00,SENT
WA00008498,A004179,2026-03-16 10:00:00,FAILED
WA00008499,A000353,2026-01-24 10:00:00,REPLIED
WA00008500,A000425,2025-09-20 08:00:00,READ
WA00008501,A003216,2026-07-09 11:00:00,FAILED
WA00008502,A000378,2025-09-07 08:00:00,REPLIED
WA00008503,A003284,2025-09-27 21:00:00,FAILED
WA00008504,A003246,2026-06-20 21:00:00,READ
WA00008505,A004117,2025-12-17 15:00:00,FAILED
WA00008506,A000025,2025-12-19 09:00:00,DELIVERED
WA00008507,A000999,2026-06-20 16:00:00,DELIVERED
WA00008508,A001878,2026-03-07 10:00:00,FAILED
WA00008509,A002968,2026-02-14 07:00:00,FAILED
WA00008510,A000548,2026-04-19 21:00:00,SENT
WA00008511,A000940,2025-10-06 22:00:00,DELIVERED
WA00008512,A002062,2026-04-14 15:00:00,FAILED
WA00008513,A003353,2026-01-07 18:00:00,READ
WA00008514,A002265,2026-03-04 19:00:00,FAILED
WA00008515,A000900,2026-04-23 21:00:00,DELIVERED
WA00008516,A002777,2026-03-03 08:00:00,REPLIED
WA00008517,A001200,2025-10-13 17:00:00,READ
WA00008518,A001099,2025-12-09 08:00:00,READ
WA00008519,A003919,2025-10-02 14:00:00,READ
WA00008520,A003723,2026-01-17 20:00:00,FAILED
WA00008521,A002695,2026-06-05 09:00:00,FAILED
WA00008522,A002727,2026-07-15 22:00:00,DELIVERED
WA00008523,A003466,2026-03-02 10:00:00,DELIVERED
WA00008524,A000653,2026-04-11 14:00:00,REPLIED
WA00008525,A003775,2026-08-16 16:00:00,REPLIED
WA00008526,A002990,2025-11-14 14:00:00,DELIVERED
WA00008527,A000523,2026-08-07 07:00:00,READ
WA00008528,A001409,2026-02-04 15:00:00,SENT
WA00008529,A000689,2025-10-22 20:00:00,DELIVERED
WA00008530,A003540,2026-01-27 09:00:00,DELIVERED
WA00008531,A002906,2026-07-18 19:00:00,READ
WA00008532,A001324,2025-10-15 21:00:00,READ
WA00008533,A004125,2026-01-22 18:00:00,DELIVERED
WA00008534,A003939,2025-09-03 16:00:00,DELIVERED
WA00008535,A000229,2026-04-19 10:00:00,REPLIED
WA00008536,A003208,2026-02-05 17:00:00,DELIVERED
WA00008537,A002312,2026-04-20 17:00:00,DELIVERED
WA00008538,A000500,2026-05-27 18:00:00,READ
WA00008539,A001457,2026-04-23 11:00:00,READ
WA00008540,A004071,2025-09-10 22:00:00,SENT
WA00008541,A000372,2026-04-03 21:00:00,DELIVERED
WA00008542,A003788,2026-07-21 12:00:00,READ
WA00008543,A004017,2025-10-09 12:00:00,READ
WA00008544,A002180,2026-02-10 17:00:00,REPLIED
WA00008545,A003605,2026-07-11 15:00:00,DELIVERED
WA00008546,A001055,2026-02-14 08:00:00,DELIVERED
WA00008547,A000935,2026-08-27 11:00:00,READ
WA00008548,A001701,2026-01-16 22:00:00,REPLIED
WA00008549,A001377,2026-06-10 13:00:00,READ
WA00008550,A000671,2026-04-10 19:00:00,REPLIED
WA00008551,A002866,2026-05-22 21:00:00,READ
WA00008552,A000141,2026-08-19 18:00:00,READ
WA00008553,A002684,2026-07-09 21:00:00,REPLIED
WA00008554,A003178,2026-03-18 07:00:00,DELIVERED
WA00008555,A004106,2026-03-13 15:00:00,DELIVERED
WA00008556,A001028,2026-05-08 13:00:00,DELIVERED
WA00008557,A000029,2026-06-04 08:00:00,SENT
WA00008558,A002459,2026-07-10 18:00:00,READ
WA00008559,A004114,2026-04-15 12:00:00,SENT
WA00008560,A003343,2026-01-25 21:00:00,DELIVERED
WA00008561,A001674,2026-07-26 21:00:00,DELIVERED
WA00008562,A002240,2026-04-08 19:00:00,FAILED
WA00008563,A002027,2026-05-11 20:00:00,DELIVERED
WA00008564,A004115,2026-06-08 12:00:00,REPLIED
WA00008565,A001976,2026-06-21 14:00:00,FAILED
WA00008566,A003440,2026-07-07 11:00:00,DELIVERED
WA00008567,A002272,2025-09-08 20:00:00,READ
WA00008568,A000272,2025-12-23 11:00:00,READ
WA00008569,A001755,2026-04-24 11:00:00,READ
WA00008570,A001216,2026-02-19 12:00:00,FAILED
WA00008571,A000158,2026-05-14 10:00:00,FAILED
WA00008572,A001635,2026-08-13 13:00:00,DELIVERED
WA00008573,A001893,2026-04-07 20:00:00,SENT
WA00008574,A003334,2026-06-22 20:00:00,SENT
WA00008575,A000527,2026-04-10 22:00:00,DELIVERED
WA00008576,A000975,2026-08-15 14:00:00,DELIVERED
WA00008577,A001537,2026-03-17 11:00:00,DELIVERED
WA00008578,A000588,2025-09-20 16:00:00,DELIVERED
WA00008579,A001068,2026-01-01 19:00:00,REPLIED
WA00008580,A001498,2026-06-09 22:00:00,REPLIED
WA00008581,A000558,2026-05-12 11:00:00,READ
WA00008582,A002024,2026-02-08 17:00:00,READ
WA00008583,A004158,2026-08-19 10:00:00,REPLIED
WA00008584,A003268,2026-02-05 13:00:00,FAILED
WA00008585,A002838,2025-10-03 11:00:00,DELIVERED
WA00008586,A002582,2026-08-22 16:00:00,DELIVERED
WA00008587,A003327,2025-12-23 18:00:00,SENT
WA00008588,A002288,2025-11-02 12:00:00,DELIVERED
WA00008589,A000032,2026-01-21 07:00:00,READ
WA00008590,A003345,2026-05-04 08:00:00,DELIVERED
WA00008591,A003896,2026-07-17 21:00:00,SENT
WA00008592,A001863,2025-09-08 07:00:00,REPLIED
WA00008593,A001161,2026-04-23 14:00:00,READ
WA00008594,A002287,2025-09-19 14:00:00,DELIVERED
WA00008595,A001836,2025-09-16 16:00:00,REPLIED
WA00008596,A003214,2026-06-10 21:00:00,DELIVERED
WA00008597,A003812,2026-08-25 14:00:00,READ
WA00008598,A000659,2026-03-10 22:00:00,FAILED
WA00008599,A003814,2025-12-08 13:00:00,DELIVERED
WA00008600,A002846,2026-06-20 21:00:00,READ
WA00008601,A002608,2026-03-21 14:00:00,DELIVERED
WA00008602,A001396,2026-06-11 13:00:00,DELIVERED
WA00008603,A004088,2025-11-05 12:00:00,REPLIED
WA00008604,A003680,2026-01-25 19:00:00,FAILED
WA00008605,A001320,2026-03-03 20:00:00,FAILED
WA00008606,A002267,2026-07-19 12:00:00,READ
WA00008607,A003588,2026-03-16 14:00:00,READ
WA00008608,A003561,2026-07-23 14:00:00,DELIVERED
WA00008609,A001581,2025-11-17 13:00:00,SENT
WA00008610,A002729,2025-11-08 13:00:00,READ
WA00008611,A001379,2025-10-07 20:00:00,DELIVERED
WA00008612,A003374,2026-07-01 19:00:00,SENT
WA00008613,A003811,2026-06-19 13:00:00,SENT
WA00008614,A001342,2026-06-24 21:00:00,FAILED
WA00008615,A003209,2025-12-27 14:00:00,DELIVERED
WA00008616,A004185,2026-03-09 18:00:00,SENT
WA00008617,A001986,2026-03-05 15:00:00,READ
WA00008618,A002406,2026-02-20 19:00:00,DELIVERED
WA00008619,A003280,2025-09-04 10:00:00,DELIVERED
WA00008620,A002741,2026-04-13 15:00:00,DELIVERED
WA00008621,A000406,2026-01-22 22:00:00,SENT
WA00008622,A000558,2026-07-21 07:00:00,DELIVERED
WA00008623,A000593,2025-09-09 15:00:00,REPLIED
WA00008624,A003654,2026-07-12 15:00:00,READ
WA00008625,A002103,2026-02-01 09:00:00,SENT
WA00008626,A000786,2025-11-08 10:00:00,FAILED
WA00008627,A003817,2025-11-26 09:00:00,FAILED
WA00008628,A003824,2025-11-22 17:00:00,DELIVERED
WA00008629,A003081,2025-09-03 13:00:00,READ
WA00008630,A000237,2026-03-06 16:00:00,REPLIED
WA00008631,A001350,2025-12-08 20:00:00,REPLIED
WA00008632,A002209,2025-09-26 21:00:00,REPLIED
WA00008633,A001767,2026-04-11 16:00:00,REPLIED
WA00008634,A003922,2026-04-21 20:00:00,DELIVERED
WA00008635,A000643,2025-11-15 17:00:00,DELIVERED
WA00008636,A001909,2026-06-11 09:00:00,DELIVERED
WA00008637,A000053,2026-07-09 08:00:00,DELIVERED
WA00008638,A001370,2026-01-16 17:00:00,DELIVERED
WA00008639,A001397,2026-04-07 16:00:00,SENT
WA00008640,A000408,2025-09-18 15:00:00,READ
WA00008641,A001291,2026-04-23 09:00:00,READ
WA00008642,A002820,2026-02-25 08:00:00,SENT
WA00008643,A002623,2025-12-01 08:00:00,DELIVERED
WA00008644,A000853,2026-01-01 07:00:00,READ
WA00008645,A001843,2026-06-14 10:00:00,DELIVERED
WA00008646,A000256,2026-04-06 12:00:00,SENT
WA00008647,A002297,2026-08-27 07:00:00,DELIVERED
WA00008648,A001642,2025-09-11 16:00:00,READ
WA00008649,A003796,2025-12-01 08:00:00,SENT
WA00008650,A003445,2025-12-22 18:00:00,READ
WA00008651,A003776,2026-07-27 15:00:00,DELIVERED
WA00008652,A003097,2025-10-16 22:00:00,FAILED
WA00008653,A002757,2026-01-16 14:00:00,FAILED
WA00008654,A001972,2025-11-17 12:00:00,SENT
WA00008655,A002676,2025-10-09 14:00:00,DELIVERED
WA00008656,A000010,2025-09-18 09:00:00,READ
WA00008657,A002994,2025-09-15 19:00:00,DELIVERED
WA00008658,A000849,2026-02-12 15:00:00,SENT
WA00008659,A003909,2026-04-04 08:00:00,DELIVERED
WA00008660,A000508,2026-07-21 18:00:00,READ
WA00008661,A001454,2026-07-11 21:00:00,DELIVERED
WA00008662,A000656,2026-04-03 15:00:00,REPLIED
WA00008663,A000722,2026-05-02 08:00:00,SENT
WA00008664,A002057,2026-07-08 13:00:00,SENT
WA00008665,A000180,2026-02-27 11:00:00,READ
WA00008666,A001283,2026-03-03 14:00:00,SENT
WA00008667,A003417,2025-10-06 10:00:00,READ
WA00008668,A002624,2026-04-04 20:00:00,READ
WA00008669,A000782,2026-06-04 20:00:00,DELIVERED
WA00008670,A002142,2025-12-12 08:00:00,SENT
WA00008671,A000904,2026-04-14 11:00:00,READ
WA00008672,A002057,2025-12-14 09:00:00,FAILED
WA00008673,A001904,2026-01-07 07:00:00,DELIVERED
WA00008674,A002047,2025-09-06 13:00:00,READ
WA00008675,A003469,2025-10-19 22:00:00,SENT
WA00008676,A003737,2026-06-01 17:00:00,DELIVERED
WA00008677,A002979,2026-05-26 10:00:00,READ
WA00008678,A000459,2026-07-07 10:00:00,READ
WA00008679,A000724,2026-03-02 11:00:00,REPLIED
WA00008680,A003553,2026-03-01 19:00:00,REPLIED
WA00008681,A002609,2026-06-23 15:00:00,FAILED
WA00008682,A002876,2025-09-10 21:00:00,DELIVERED
WA00008683,A003889,2026-04-05 17:00:00,DELIVERED
WA00008684,A003514,2025-12-19 17:00:00,READ
WA00008685,A001113,2025-10-16 09:00:00,FAILED
WA00008686,A003828,2025-10-01 15:00:00,READ
WA00008687,A002999,2025-12-02 13:00:00,READ
WA00008688,A004044,2026-04-01 20:00:00,DELIVERED
WA00008689,A000686,2025-09-10 20:00:00,READ
WA00008690,A003709,2026-05-02 07:00:00,READ
WA00008691,A002282,2026-07-24 13:00:00,DELIVERED
WA00008692,A002691,2026-05-23 21:00:00,DELIVERED
WA00008693,A002187,2026-04-24 14:00:00,DELIVERED
WA00008694,A000042,2026-07-06 12:00:00,FAILED
WA00008695,A001727,2026-04-22 09:00:00,SENT
WA00008696,A000119,2025-10-16 09:00:00,SENT
WA00008697,A002398,2025-09-04 17:00:00,FAILED
WA00008698,A000898,2026-02-17 18:00:00,DELIVERED
WA00008699,A000763,2026-03-23 10:00:00,DELIVERED
WA00008700,A000665,2026-03-16 10:00:00,SENT
WA00008701,A003875,2026-05-21 19:00:00,DELIVERED
WA00008702,A002329,2025-09-09 15:00:00,REPLIED
WA00008703,A004132,2025-12-23 10:00:00,FAILED
WA00008704,A000066,2025-12-12 17:00:00,DELIVERED
WA00008705,A000188,2026-06-13 12:00:00,REPLIED
WA00008706,A003311,2026-08-22 17:00:00,DELIVERED
WA00008707,A002214,2026-04-25 21:00:00,DELIVERED
WA00008708,A000180,2026-07-13 08:00:00,READ
WA00008709,A003890,2025-12-01 14:00:00,DELIVERED
WA00008710,A003068,2025-09-16 17:00:00,REPLIED
WA00008711,A000048,2026-08-27 18:00:00,SENT
WA00008712,A000911,2025-10-21 15:00:00,FAILED
WA00008713,A003742,2026-01-16 07:00:00,DELIVERED
WA00008714,A001324,2026-02-03 14:00:00,DELIVERED
WA00008715,A003204,2025-09-18 19:00:00,REPLIED
WA00008716,A000321,2025-10-02 22:00:00,DELIVERED
WA00008717,A004057,2025-11-21 11:00:00,DELIVERED
WA00008718,A002100,2026-08-21 13:00:00,READ
WA00008719,A000097,2025-09-01 18:00:00,REPLIED
WA00008720,A003945,2025-12-01 13:00:00,DELIVERED
WA00008721,A002023,2025-09-21 18:00:00,DELIVERED
WA00008722,A004141,2026-06-19 14:00:00,DELIVERED
WA00008723,A003359,2025-09-05 22:00:00,READ
WA00008724,A004193,2026-04-17 09:00:00,READ
WA00008725,A004153,2026-07-07 09:00:00,DELIVERED
WA00008726,A001470,2025-11-25 11:00:00,DELIVERED
WA00008727,A002796,2025-09-03 17:00:00,DELIVERED
WA00008728,A002636,2025-11-25 16:00:00,SENT
WA00008729,A002043,2026-08-03 18:00:00,DELIVERED
WA00008730,A000423,2026-03-14 13:00:00,SENT
WA00008731,A004093,2026-01-23 08:00:00,READ
WA00008732,A002530,2026-06-20 07:00:00,FAILED
WA00008733,A001129,2026-01-12 19:00:00,DELIVERED
WA00008734,A003397,2025-11-01 07:00:00,DELIVERED
WA00008735,A000234,2026-04-09 18:00:00,REPLIED
WA00008736,A001939,2026-06-09 08:00:00,FAILED
WA00008737,A000426,2026-05-25 09:00:00,DELIVERED
WA00008738,A002343,2026-06-19 20:00:00,DELIVERED
WA00008739,A001390,2026-07-25 11:00:00,DELIVERED
WA00008740,A002980,2026-07-10 16:00:00,SENT
WA00008741,A003240,2026-02-25 20:00:00,DELIVERED
WA00008742,A001770,2026-05-17 19:00:00,SENT
WA00008743,A003872,2026-05-17 10:00:00,DELIVERED
WA00008744,A000584,2025-12-15 08:00:00,REPLIED
WA00008745,A000865,2026-06-12 11:00:00,REPLIED
WA00008746,A002166,2026-04-08 16:00:00,READ
WA00008747,A004084,2026-07-27 09:00:00,REPLIED
WA00008748,A002471,2026-02-11 13:00:00,READ
WA00008749,A004035,2026-05-25 07:00:00,READ
WA00008750,A000890,2026-07-06 20:00:00,READ
WA00008751,A003323,2026-06-26 21:00:00,DELIVERED
WA00008752,A001447,2026-03-19 22:00:00,REPLIED
WA00008753,A001610,2026-02-11 16:00:00,REPLIED
WA00008754,A000402,2026-06-22 17:00:00,READ
WA00008755,A003671,2025-11-01 12:00:00,DELIVERED
WA00008756,A002106,2025-12-08 10:00:00,READ
WA00008757,A001111,2026-06-08 13:00:00,DELIVERED
WA00008758,A001024,2026-05-25 08:00:00,DELIVERED
WA00008759,A000368,2026-05-22 07:00:00,READ
WA00008760,A002357,2025-11-05 20:00:00,REPLIED
WA00008761,A003522,2026-06-18 11:00:00,READ
WA00008762,A000056,2026-05-10 22:00:00,REPLIED
WA00008763,A003425,2026-04-21 07:00:00,DELIVERED
WA00008764,A001782,2025-11-09 16:00:00,REPLIED
WA00008765,A003066,2025-11-20 17:00:00,SENT
WA00008766,A003743,2025-09-09 13:00:00,READ
WA00008767,A003014,2026-05-06 18:00:00,READ
WA00008768,A001501,2026-04-07 20:00:00,READ
WA00008769,A003350,2026-03-20 10:00:00,READ
WA00008770,A000068,2025-11-03 21:00:00,REPLIED
WA00008771,A003441,2026-02-25 14:00:00,REPLIED
WA00008772,A000872,2026-04-05 11:00:00,READ
WA00008773,A000554,2025-12-23 08:00:00,REPLIED
WA00008774,A001214,2026-04-07 08:00:00,DELIVERED
WA00008775,A003165,2025-09-23 16:00:00,READ
WA00008776,A002393,2026-05-02 21:00:00,FAILED
WA00008777,A000499,2026-04-10 18:00:00,SENT
WA00008778,A001705,2026-05-14 10:00:00,DELIVERED
WA00008779,A001498,2026-07-11 14:00:00,READ
WA00008780,A000656,2025-11-26 19:00:00,READ
WA00008781,A000551,2026-04-07 22:00:00,DELIVERED
WA00008782,A001005,2026-06-15 11:00:00,REPLIED
WA00008783,A001701,2025-11-17 10:00:00,READ
WA00008784,A003493,2025-11-11 20:00:00,DELIVERED
WA00008785,A000899,2026-05-24 15:00:00,REPLIED
WA00008786,A002162,2026-06-09 07:00:00,READ
WA00008787,A000490,2026-06-02 10:00:00,DELIVERED
WA00008788,A004119,2026-04-11 15:00:00,DELIVERED
WA00008789,A000172,2026-04-24 19:00:00,DELIVERED
WA00008790,A000721,2026-04-06 16:00:00,REPLIED
WA00008791,A002063,2025-09-22 11:00:00,SENT
WA00008792,A002913,2026-04-21 15:00:00,READ
WA00008793,A002622,2026-03-19 22:00:00,READ
WA00008794,A001445,2026-06-06 15:00:00,DELIVERED
WA00008795,A004095,2025-12-24 15:00:00,READ
WA00008796,A003095,2026-02-13 21:00:00,SENT
WA00008797,A003341,2025-10-15 09:00:00,DELIVERED
WA00008798,A002469,2026-02-27 16:00:00,DELIVERED
WA00008799,A001154,2026-05-02 22:00:00,REPLIED
WA00008800,A000602,2026-02-16 18:00:00,REPLIED
WA00008801,A002564,2026-02-12 10:00:00,DELIVERED
WA00008802,A001976,2025-11-21 10:00:00,FAILED
WA00008803,A003478,2026-04-26 14:00:00,READ
WA00008804,A003762,2026-03-05 12:00:00,READ
WA00008805,A001884,2026-03-09 18:00:00,SENT
WA00008806,A000124,2025-12-17 09:00:00,SENT
WA00008807,A002059,2026-08-03 08:00:00,DELIVERED
WA00008808,A002837,2025-11-21 08:00:00,DELIVERED
WA00008809,A000004,2025-12-11 16:00:00,DELIVERED
WA00008810,A000942,2026-04-08 13:00:00,DELIVERED
WA00008811,A001824,2026-05-05 07:00:00,FAILED
WA00008812,A003869,2026-04-17 17:00:00,REPLIED
WA00008813,A001829,2025-12-23 16:00:00,REPLIED
WA00008814,A000490,2025-11-24 07:00:00,DELIVERED
WA00008815,A000124,2025-10-21 13:00:00,REPLIED
WA00008816,A001212,2026-08-24 22:00:00,READ
WA00008817,A003538,2026-05-19 07:00:00,DELIVERED
WA00008818,A001264,2025-10-01 14:00:00,REPLIED
WA00008819,A002263,2026-02-15 16:00:00,DELIVERED
WA00008820,A001082,2025-10-26 08:00:00,REPLIED
WA00008821,A002719,2025-11-10 09:00:00,READ
WA00008822,A003110,2025-10-27 19:00:00,READ
WA00008823,A003835,2026-06-05 16:00:00,DELIVERED
WA00008824,A003969,2026-05-05 13:00:00,READ
WA00008825,A002580,2026-01-02 21:00:00,REPLIED
WA00008826,A000645,2025-11-23 17:00:00,READ
WA00008827,A001825,2026-06-21 13:00:00,DELIVERED
WA00008828,A003927,2026-03-24 08:00:00,FAILED
WA00008829,A001001,2026-06-11 10:00:00,REPLIED
WA00008830,A000331,2026-04-16 12:00:00,READ
WA00008831,A000380,2026-04-03 15:00:00,DELIVERED
WA00008832,A000154,2026-07-19 09:00:00,READ
WA00008833,A002090,2025-12-09 13:00:00,SENT
WA00008834,A004027,2026-04-27 08:00:00,DELIVERED
WA00008835,A000010,2026-05-26 22:00:00,READ
WA00008836,A002427,2026-04-20 13:00:00,DELIVERED
WA00008837,A002227,2026-08-10 10:00:00,READ
WA00008838,A002616,2025-11-24 22:00:00,SENT
WA00008839,A003245,2026-03-03 19:00:00,DELIVERED
WA00008840,A003747,2026-03-06 07:00:00,DELIVERED
WA00008841,A001050,2025-10-24 21:00:00,READ
WA00008842,A000437,2026-04-20 19:00:00,FAILED
WA00008843,A001516,2026-08-10 20:00:00,READ
WA00008844,A000339,2026-01-15 13:00:00,READ
WA00008845,A001450,2026-01-01 13:00:00,READ
WA00008846,A001833,2026-02-11 19:00:00,DELIVERED
WA00008847,A002350,2026-02-25 07:00:00,SENT
WA00008848,A002051,2025-10-05 17:00:00,DELIVERED
WA00008849,A000036,2026-05-07 18:00:00,DELIVERED
WA00008850,A001864,2026-05-13 18:00:00,FAILED
WA00008851,A004191,2026-07-20 12:00:00,FAILED
WA00008852,A004038,2026-01-25 13:00:00,DELIVERED
WA00008853,A001652,2026-04-18 15:00:00,SENT
WA00008854,A003852,2026-03-19 12:00:00,READ
WA00008855,A000632,2026-02-26 11:00:00,REPLIED
WA00008856,A001035,2025-09-10 18:00:00,READ
WA00008857,A004076,2026-04-08 14:00:00,DELIVERED
WA00008858,A001744,2025-09-17 18:00:00,SENT
WA00008859,A002456,2025-11-11 13:00:00,DELIVERED
WA00008860,A002401,2026-05-18 21:00:00,REPLIED
WA00008861,A004169,2026-03-19 16:00:00,READ
WA00008862,A003336,2025-09-18 19:00:00,DELIVERED
WA00008863,A001141,2026-03-06 15:00:00,DELIVERED
WA00008864,A000603,2026-08-24 13:00:00,SENT
WA00008865,A001786,2026-03-16 10:00:00,REPLIED
WA00008866,A003854,2026-04-04 12:00:00,DELIVERED
WA00008867,A001938,2026-04-25 10:00:00,DELIVERED
WA00008868,A003095,2026-07-04 15:00:00,DELIVERED
WA00008869,A003788,2026-08-01 09:00:00,REPLIED
WA00008870,A002802,2026-08-18 17:00:00,READ
WA00008871,A003478,2026-06-11 14:00:00,SENT
WA00008872,A000695,2026-01-10 14:00:00,DELIVERED
WA00008873,A001659,2025-11-07 14:00:00,DELIVERED
WA00008874,A000880,2026-05-27 07:00:00,SENT
WA00008875,A000740,2025-09-06 11:00:00,DELIVERED
WA00008876,A003129,2025-12-23 18:00:00,REPLIED
WA00008877,A003652,2026-06-16 12:00:00,DELIVERED
WA00008878,A000504,2026-03-15 21:00:00,DELIVERED
WA00008879,A001162,2025-12-01 07:00:00,REPLIED
WA00008880,A002185,2026-04-10 17:00:00,SENT
WA00008881,A001788,2025-11-10 10:00:00,SENT
WA00008882,A001048,2026-01-15 21:00:00,DELIVERED
WA00008883,A001135,2026-02-13 17:00:00,DELIVERED
WA00008884,A002636,2025-12-17 21:00:00,DELIVERED
WA00008885,A000153,2026-06-24 08:00:00,FAILED
WA00008886,A002234,2026-03-27 08:00:00,REPLIED
WA00008887,A003251,2026-05-27 07:00:00,READ
WA00008888,A003814,2026-08-25 15:00:00,DELIVERED
WA00008889,A002171,2026-02-09 13:00:00,DELIVERED
WA00008890,A002240,2026-06-04 09:00:00,SENT
WA00008891,A001561,2026-05-07 11:00:00,READ
WA00008892,A000165,2025-11-27 13:00:00,DELIVERED
WA00008893,A004145,2026-04-15 11:00:00,SENT
WA00008894,A002481,2025-09-17 07:00:00,DELIVERED
WA00008895,A000216,2025-09-20 09:00:00,FAILED
WA00008896,A000901,2026-08-06 17:00:00,READ
WA00008897,A001434,2026-03-20 21:00:00,SENT
WA00008898,A002829,2026-04-02 21:00:00,READ
WA00008899,A001190,2026-05-15 12:00:00,SENT
WA00008900,A003856,2026-05-27 19:00:00,READ
WA00008901,A002445,2025-10-05 09:00:00,DELIVERED
WA00008902,A003980,2026-05-19 08:00:00,FAILED
WA00008903,A002822,2026-08-09 18:00:00,DELIVERED
WA00008904,A001564,2025-11-15 13:00:00,FAILED
WA00008905,A002771,2026-01-18 08:00:00,READ
WA00008906,A000560,2026-04-23 14:00:00,REPLIED
WA00008907,A002417,2025-12-27 19:00:00,DELIVERED
WA00008908,A004161,2026-01-08 20:00:00,REPLIED
WA00008909,A004183,2025-10-16 11:00:00,DELIVERED
WA00008910,A003475,2026-08-15 19:00:00,DELIVERED
WA00008911,A002947,2026-03-26 22:00:00,DELIVERED
WA00008912,A002120,2025-10-22 17:00:00,SENT
WA00008913,A004190,2026-03-06 13:00:00,DELIVERED
WA00008914,A002364,2025-12-04 18:00:00,DELIVERED
WA00008915,A003130,2026-06-20 16:00:00,READ
WA00008916,A001188,2025-12-07 12:00:00,REPLIED
WA00008917,A003092,2026-05-18 19:00:00,DELIVERED
WA00008918,A002349,2026-05-19 14:00:00,READ
WA00008919,A000501,2026-03-12 08:00:00,DELIVERED
WA00008920,A002420,2025-12-23 07:00:00,DELIVERED
WA00008921,A003941,2026-03-03 18:00:00,FAILED
WA00008922,A003143,2026-05-04 18:00:00,SENT
WA00008923,A001772,2026-08-25 14:00:00,SENT
WA00008924,A001292,2026-06-24 17:00:00,DELIVERED
WA00008925,A003985,2025-09-11 07:00:00,DELIVERED
WA00008926,A002370,2025-09-11 12:00:00,READ
WA00008927,A001048,2025-09-10 11:00:00,REPLIED
WA00008928,A002255,2026-06-16 10:00:00,FAILED
WA00008929,A003461,2026-02-23 10:00:00,READ
WA00008930,A002646,2025-12-16 16:00:00,DELIVERED
WA00008931,A002719,2025-12-23 07:00:00,SENT
WA00008932,A002429,2026-04-09 21:00:00,READ
WA00008933,A000725,2026-08-27 12:00:00,READ
WA00008934,A000036,2026-04-10 14:00:00,SENT
WA00008935,A002895,2026-04-05 13:00:00,DELIVERED
WA00008936,A003911,2025-09-12 07:00:00,READ
WA00008937,A000176,2026-04-02 09:00:00,FAILED
WA00008938,A002986,2026-06-21 20:00:00,READ
WA00008939,A002889,2026-08-16 15:00:00,DELIVERED
WA00008940,A001658,2025-10-10 07:00:00,DELIVERED
WA00008941,A002364,2026-05-15 22:00:00,REPLIED
WA00008942,A002843,2025-10-03 13:00:00,DELIVERED
WA00008943,A003318,2026-06-10 13:00:00,READ
WA00008944,A002689,2026-02-15 21:00:00,DELIVERED
WA00008945,A003234,2026-04-16 14:00:00,DELIVERED
WA00008946,A003820,2025-09-17 12:00:00,SENT
WA00008947,A000448,2026-03-21 20:00:00,READ
WA00008948,A000021,2026-08-07 12:00:00,REPLIED
WA00008949,A004132,2025-12-20 12:00:00,REPLIED
WA00008950,A002946,2025-11-08 20:00:00,SENT
WA00008951,A004027,2025-12-21 16:00:00,READ
WA00008952,A004006,2025-10-09 14:00:00,SENT
WA00008953,A002648,2025-10-20 08:00:00,DELIVERED
WA00008954,A000653,2026-06-14 20:00:00,FAILED
WA00008955,A004166,2025-12-24 10:00:00,READ
WA00008956,A000778,2025-11-27 21:00:00,SENT
WA00008957,A001074,2026-05-01 08:00:00,DELIVERED
WA00008958,A000845,2025-10-15 21:00:00,READ
WA00008959,A002089,2026-02-14 21:00:00,FAILED
WA00008960,A002379,2026-02-02 19:00:00,SENT
WA00008961,A001668,2026-07-02 17:00:00,REPLIED
WA00008962,A003089,2025-11-12 10:00:00,READ
WA00008963,A001149,2026-07-15 16:00:00,FAILED
WA00008964,A003814,2025-09-07 16:00:00,READ
WA00008965,A001383,2025-10-25 15:00:00,DELIVERED
WA00008966,A003528,2026-05-09 18:00:00,DELIVERED
WA00008967,A003574,2026-08-14 11:00:00,DELIVERED
WA00008968,A003592,2026-08-05 12:00:00,READ
WA00008969,A000918,2025-09-16 14:00:00,REPLIED
WA00008970,A003935,2026-02-20 10:00:00,REPLIED
WA00008971,A003992,2026-01-16 13:00:00,DELIVERED
WA00008972,A003104,2025-09-19 09:00:00,SENT
WA00008973,A003774,2026-07-05 09:00:00,SENT
WA00008974,A001482,2025-10-26 16:00:00,DELIVERED
WA00008975,A000646,2025-09-20 15:00:00,SENT
WA00008976,A003707,2026-07-15 19:00:00,READ
WA00008977,A002866,2026-05-09 07:00:00,READ
WA00008978,A003846,2025-12-07 10:00:00,SENT
WA00008979,A000269,2026-01-16 21:00:00,READ
WA00008980,A000525,2026-04-17 15:00:00,DELIVERED
WA00008981,A003470,2026-08-01 09:00:00,READ
WA00008982,A001987,2025-09-26 11:00:00,REPLIED
WA00008983,A000341,2026-01-04 15:00:00,FAILED
WA00008984,A002936,2026-05-22 22:00:00,REPLIED
WA00008985,A003143,2026-05-27 17:00:00,REPLIED
WA00008986,A000496,2025-10-10 15:00:00,DELIVERED
WA00008987,A002566,2026-07-17 18:00:00,REPLIED
WA00008988,A002749,2025-10-14 19:00:00,DELIVERED
WA00008989,A003089,2026-07-25 20:00:00,DELIVERED
WA00008990,A001175,2025-11-27 11:00:00,DELIVERED
WA00008991,A003356,2026-02-01 20:00:00,REPLIED
WA00008992,A003010,2026-04-17 15:00:00,FAILED
WA00008993,A000241,2026-07-26 16:00:00,READ
WA00008994,A003520,2025-11-27 08:00:00,SENT
WA00008995,A002633,2026-08-15 09:00:00,FAILED
WA00008996,A001402,2026-02-26 13:00:00,REPLIED
WA00008997,A000854,2026-01-12 18:00:00,READ
WA00008998,A003933,2026-04-21 10:00:00,DELIVERED
WA00008999,A000668,2026-01-01 15:00:00,DELIVERED
WA00009000,A000091,2026-07-04 22:00:00,SENT
