history_id,account_id,status_timestamp,status
H00000001,A000001,2025-01-13,ACTIVE
H00000002,A000002,2024-03-15,ACTIVE
H00000003,A000003,2024-08-29,ACTIVE
H00000004,A000003,2026-02-27,CLOSED
H00000005,A000004,2025-07-07,ACTIVE
H00000006,A000005,2025-05-31,ACTIVE
H00000007,A000006,2024-03-02,ACTIVE
H00000008,A000007,2024-03-04,ACTIVE
H00000009,A000008,2026-01-28,ACTIVE
H00000010,A000009,2026-04-29,ACTIVE
H00000011,A000010,2025-09-30,ACTIVE
H00000012,A000011,2026-01-29,ACTIVE
H00000013,A000011,2026-09-11,WRITTEN_OFF
H00000014,A000012,2025-11-11,ACTIVE
H00000015,A000012,2027-04-19,CLOSED
H00000016,A000013,2024-03-14,ACTIVE
H00000017,A000014,2024-09-05,ACTIVE
H00000018,A000015,2024-04-09,ACTIVE
H00000019,A000016,2024-09-11,ACTIVE
H00000020,A000017,2026-02-11,ACTIVE
H00000021,A000017,2027-07-19,CLOSED
H00000022,A000018,2026-02-08,ACTIVE
H00000023,A000019,2024-09-12,ACTIVE
H00000024,A000020,2025-03-06,ACTIVE
H00000025,A000021,2024-01-16,ACTIVE
H00000026,A000022,2025-03-24,ACTIVE
H00000027,A000023,2026-05-10,ACTIVE
H00000028,A000024,2025-05-10,ACTIVE
H00000029,A000024,2025-10-20,CLOSED
H00000030,A000025,2025-02-03,ACTIVE
H00000031,A000025,2025-09-12,CLOSED
H00000032,A000026,2026-04-28,ACTIVE
H00000033,A000027,2024-11-11,ACTIVE
H00000034,A000028,2025-09-19,ACTIVE
H00000035,A000028,2027-03-14,CLOSED
H00000036,A000029,2024-05-12,ACTIVE
H00000037,A000030,2025-12-02,ACTIVE
H00000038,A000031,2025-12-02,ACTIVE
H00000039,A000032,2026-02-08,ACTIVE
H00000040,A000033,2025-03-22,ACTIVE
H00000041,A000034,2024-01-31,ACTIVE
H00000042,A000035,2024-04-15,ACTIVE
H00000043,A000036,2024-05-07,ACTIVE
H00000044,A000037,2024-11-04,ACTIVE
H00000045,A000038,2025-01-30,ACTIVE
H00000046,A000039,2026-01-09,ACTIVE
H00000047,A000040,2025-09-08,ACTIVE
H00000048,A000040,2026-07-19,WRITTEN_OFF
H00000049,A000041,2025-05-16,ACTIVE
H00000050,A000042,2025-01-23,ACTIVE
H00000051,A000043,2024-06-02,ACTIVE
H00000052,A000043,2025-12-29,CLOSED
H00000053,A000044,2025-02-04,ACTIVE
H00000054,A000045,2024-04-20,ACTIVE
H00000055,A000046,2026-04-15,ACTIVE
H00000056,A000047,2026-03-31,ACTIVE
H00000057,A000048,2024-04-29,ACTIVE
H00000058,A000048,2025-02-02,CLOSED
H00000059,A000049,2025-08-24,ACTIVE
H00000060,A000050,2025-01-19,ACTIVE
H00000061,A000050,2026-02-16,CLOSED
H00000062,A000051,2025-08-02,ACTIVE
H00000063,A000052,2026-01-07,ACTIVE
H00000064,A000052,2026-10-14,WRITTEN_OFF
H00000065,A000053,2025-10-21,ACTIVE
H00000066,A000053,2026-09-23,CLOSED
H00000067,A000054,2024-08-03,ACTIVE
H00000068,A000055,2024-08-25,ACTIVE
H00000069,A000056,2024-01-03,ACTIVE
H00000070,A000057,2026-02-05,ACTIVE
H00000071,A000057,2026-05-29,CLOSED
H00000072,A000058,2024-11-11,ACTIVE
H00000073,A000059,2025-10-30,ACTIVE
H00000074,A000060,2026-03-21,ACTIVE
H00000075,A000061,2026-04-24,ACTIVE
H00000076,A000062,2025-05-27,ACTIVE
H00000077,A000063,2024-03-25,ACTIVE
H00000078,A000064,2024-04-13,ACTIVE
H00000079,A000065,2025-12-18,ACTIVE
H00000080,A000066,2024-02-09,ACTIVE
H00000081,A000067,2024-12-11,ACTIVE
H00000082,A000068,2026-05-08,ACTIVE
H00000083,A000068,2027-10-05,CLOSED
H00000084,A000069,2024-07-31,ACTIVE
H00000085,A000070,2024-04-01,ACTIVE
H00000086,A000070,2024-12-01,CLOSED
H00000087,A000071,2024-01-06,ACTIVE
H00000088,A000072,2025-11-07,ACTIVE
H00000089,A000073,2024-01-28,ACTIVE
H00000090,A000074,2024-04-23,ACTIVE
H00000091,A000075,2024-11-18,ACTIVE
H00000092,A000076,2024-09-19,ACTIVE
H00000093,A000077,2024-12-22,ACTIVE
H00000094,A000078,2024-12-05,ACTIVE
H00000095,A000078,2025-03-30,CLOSED
H00000096,A000079,2025-03-16,ACTIVE
H00000097,A000080,2024-06-03,ACTIVE
H00000098,A000081,2024-09-05,ACTIVE
H00000099,A000082,2025-08-21,ACTIVE
H00000100,A000083,2024-09-21,ACTIVE
H00000101,A000083,2025-01-26,WRITTEN_OFF
H00000102,A000084,2025-07-04,ACTIVE
H00000103,A000085,2025-06-16,ACTIVE
H00000104,A000085,2027-01-02,WRITTEN_OFF
H00000105,A000086,2025-03-08,ACTIVE
H00000106,A000087,2025-03-12,ACTIVE
H00000107,A000088,2025-03-13,ACTIVE
H00000108,A000089,2024-06-07,ACTIVE
H00000109,A000089,2025-07-17,CLOSED
H00000110,A000090,2024-11-21,ACTIVE
H00000111,A000091,2025-07-17,ACTIVE
H00000112,A000092,2025-02-12,ACTIVE
H00000113,A000093,2026-02-16,ACTIVE
H00000114,A000094,2025-04-11,ACTIVE
H00000115,A000095,2024-12-21,ACTIVE
H00000116,A000096,2025-06-13,ACTIVE
H00000117,A000097,2026-03-20,ACTIVE
H00000118,A000098,2025-10-19,ACTIVE
H00000119,A000099,2025-11-06,ACTIVE
H00000120,A000100,2025-11-15,ACTIVE
H00000121,A000101,2025-01-27,ACTIVE
H00000122,A000102,2025-06-03,ACTIVE
H00000123,A000102,2025-12-04,CLOSED
H00000124,A000103,2025-02-28,ACTIVE
H00000125,A000103,2025-09-11,WRITTEN_OFF
H00000126,A000104,2025-08-29,ACTIVE
H00000127,A000105,2025-02-24,ACTIVE
H00000128,A000106,2025-02-17,ACTIVE
H00000129,A000107,2024-07-17,ACTIVE
H00000130,A000108,2025-05-11,ACTIVE
H00000131,A000109,2024-04-10,ACTIVE
H00000132,A000109,2025-10-17,CLOSED
H00000133,A000110,2026-02-09,ACTIVE
H00000134,A000111,2024-09-08,ACTIVE
H00000135,A000112,2025-03-28,ACTIVE
H00000136,A000113,2025-04-15,ACTIVE
H00000137,A000114,2024-07-23,ACTIVE
H00000138,A000115,2025-09-02,ACTIVE
H00000139,A000116,2024-05-11,ACTIVE
H00000140,A000116,2025-04-26,CLOSED
H00000141,A000117,2025-07-06,ACTIVE
H00000142,A000118,2025-02-21,ACTIVE
H00000143,A000118,2025-08-16,WRITTEN_OFF
H00000144,A000119,2024-01-22,ACTIVE
H00000145,A000120,2025-12-12,ACTIVE
H00000146,A000121,2026-03-05,ACTIVE
H00000147,A000122,2024-12-07,ACTIVE
H00000148,A000123,2024-09-25,ACTIVE
H00000149,A000124,2025-07-08,ACTIVE
H00000150,A000125,2024-07-02,ACTIVE
H00000151,A000126,2025-12-29,ACTIVE
H00000152,A000127,2025-06-29,ACTIVE
H00000153,A000127,2026-06-22,CLOSED
H00000154,A000128,2024-07-31,ACTIVE
H00000155,A000129,2024-02-20,ACTIVE
H00000156,A000130,2026-04-17,ACTIVE
H00000157,A000131,2024-05-02,ACTIVE
H00000158,A000132,2024-12-11,ACTIVE
H00000159,A000132,2026-01-29,CLOSED
H00000160,A000133,2024-12-22,ACTIVE
H00000161,A000134,2024-10-30,ACTIVE
H00000162,A000134,2026-01-19,CLOSED
H00000163,A000135,2024-09-01,ACTIVE
H00000164,A000136,2025-07-10,ACTIVE
H00000165,A000137,2025-09-23,ACTIVE
H00000166,A000138,2024-05-03,ACTIVE
H00000167,A000138,2025-10-28,CLOSED
H00000168,A000139,2026-05-05,ACTIVE
H00000169,A000140,2025-01-04,ACTIVE
H00000170,A000141,2025-09-09,ACTIVE
H00000171,A000141,2026-11-06,WRITTEN_OFF
H00000172,A000142,2024-04-08,ACTIVE
H00000173,A000143,2024-06-03,ACTIVE
H00000174,A000144,2025-03-07,ACTIVE
H00000175,A000145,2025-06-28,ACTIVE
H00000176,A000145,2026-05-31,CLOSED
H00000177,A000146,2024-05-07,ACTIVE
H00000178,A000146,2024-10-19,WRITTEN_OFF
H00000179,A000147,2025-12-14,ACTIVE
H00000180,A000148,2024-02-17,ACTIVE
H00000181,A000149,2025-12-28,ACTIVE
H00000182,A000150,2025-11-10,ACTIVE
H00000183,A000151,2026-05-28,ACTIVE
H00000184,A000151,2027-08-11,CLOSED
H00000185,A000152,2025-12-01,ACTIVE
H00000186,A000152,2027-05-30,CLOSED
H00000187,A000153,2025-07-25,ACTIVE
H00000188,A000154,2024-10-12,ACTIVE
H00000189,A000155,2025-05-15,ACTIVE
H00000190,A000156,2025-04-10,ACTIVE
H00000191,A000157,2026-02-12,ACTIVE
H00000192,A000158,2025-06-21,ACTIVE
H00000193,A000159,2024-12-15,ACTIVE
H00000194,A000160,2024-12-10,ACTIVE
H00000195,A000161,2024-08-16,ACTIVE
H00000196,A000161,2024-11-29,CLOSED
H00000197,A000162,2024-08-11,ACTIVE
H00000198,A000163,2025-12-08,ACTIVE
H00000199,A000163,2026-09-01,WRITTEN_OFF
H00000200,A000164,2026-03-28,ACTIVE
H00000201,A000165,2024-04-14,ACTIVE
H00000202,A000166,2026-02-27,ACTIVE
H00000203,A000167,2024-08-01,ACTIVE
H00000204,A000168,2024-02-16,ACTIVE
H00000205,A000169,2025-06-08,ACTIVE
H00000206,A000170,2024-03-13,ACTIVE
H00000207,A000171,2026-04-20,ACTIVE
H00000208,A000171,2027-07-28,CLOSED
H00000209,A000172,2024-07-02,ACTIVE
H00000210,A000173,2025-06-02,ACTIVE
H00000211,A000174,2025-04-13,ACTIVE
H00000212,A000175,2024-12-28,ACTIVE
H00000213,A000176,2024-06-23,ACTIVE
H00000214,A000177,2024-03-29,ACTIVE
H00000215,A000177,2025-10-02,CLOSED
H00000216,A000178,2026-04-25,ACTIVE
H00000217,A000178,2027-12-02,CLOSED
H00000218,A000179,2026-06-01,ACTIVE
H00000219,A000180,2025-05-13,ACTIVE
H00000220,A000180,2025-11-12,CLOSED
H00000221,A000181,2024-09-20,ACTIVE
H00000222,A000182,2025-04-27,ACTIVE
H00000223,A000183,2025-03-24,ACTIVE
H00000224,A000184,2025-05-30,ACTIVE
H00000225,A000185,2024-10-04,ACTIVE
H00000226,A000186,2025-05-18,ACTIVE
H00000227,A000187,2024-11-12,ACTIVE
H00000228,A000187,2025-06-12,WRITTEN_OFF
H00000229,A000188,2025-10-12,ACTIVE
H00000230,A000189,2025-07-30,ACTIVE
H00000231,A000190,2025-04-07,ACTIVE
H00000232,A000190,2026-06-14,CLOSED
H00000233,A000191,2024-02-28,ACTIVE
H00000234,A000192,2024-11-30,ACTIVE
H00000235,A000193,2025-08-14,ACTIVE
H00000236,A000194,2025-09-28,ACTIVE
H00000237,A000195,2024-11-08,ACTIVE
H00000238,A000196,2024-01-30,ACTIVE
H00000239,A000197,2024-07-30,ACTIVE
H00000240,A000198,2024-04-29,ACTIVE
H00000241,A000199,2024-11-17,ACTIVE
H00000242,A000199,2026-03-08,CLOSED
H00000243,A000200,2024-06-14,ACTIVE
H00000244,A000201,2025-11-13,ACTIVE
H00000245,A000202,2025-02-03,ACTIVE
H00000246,A000203,2024-11-05,ACTIVE
H00000247,A000203,2025-03-14,CLOSED
H00000248,A000204,2025-03-11,ACTIVE
H00000249,A000205,2024-11-01,ACTIVE
H00000250,A000205,2026-03-30,WRITTEN_OFF
H00000251,A000206,2024-03-16,ACTIVE
H00000252,A000207,2025-09-30,ACTIVE
H00000253,A000208,2025-11-13,ACTIVE
H00000254,A000209,2025-07-11,ACTIVE
H00000255,A000210,2024-01-07,ACTIVE
H00000256,A000211,2024-12-04,ACTIVE
H00000257,A000212,2024-08-11,ACTIVE
H00000258,A000212,2025-03-27,CLOSED
H00000259,A000213,2025-12-20,ACTIVE
H00000260,A000214,2024-03-27,ACTIVE
H00000261,A000215,2024-10-03,ACTIVE
H00000262,A000216,2025-04-02,ACTIVE
H00000263,A000217,2025-07-16,ACTIVE
H00000264,A000218,2026-04-05,ACTIVE
H00000265,A000219,2024-05-12,ACTIVE
H00000266,A000220,2024-06-15,ACTIVE
H00000267,A000221,2024-10-13,ACTIVE
H00000268,A000222,2025-09-24,ACTIVE
H00000269,A000222,2027-03-07,CLOSED
H00000270,A000223,2025-08-18,ACTIVE
H00000271,A000224,2025-02-09,ACTIVE
H00000272,A000225,2025-12-21,ACTIVE
H00000273,A000226,2025-05-15,ACTIVE
H00000274,A000226,2026-05-20,CLOSED
H00000275,A000227,2024-12-01,ACTIVE
H00000276,A000228,2026-02-15,ACTIVE
H00000277,A000228,2027-02-15,WRITTEN_OFF
H00000278,A000229,2025-03-14,ACTIVE
H00000279,A000230,2024-06-07,ACTIVE
H00000280,A000230,2025-10-20,CLOSED
H00000281,A000231,2025-01-01,ACTIVE
H00000282,A000232,2025-03-11,ACTIVE
H00000283,A000232,2026-05-29,CLOSED
H00000284,A000233,2025-09-28,ACTIVE
H00000285,A000234,2025-11-03,ACTIVE
H00000286,A000235,2024-03-13,ACTIVE
H00000287,A000236,2025-05-07,ACTIVE
H00000288,A000236,2026-09-01,CLOSED
H00000289,A000237,2025-04-28,ACTIVE
H00000290,A000238,2024-12-27,ACTIVE
H00000291,A000239,2026-03-12,ACTIVE
H00000292,A000239,2026-06-10,CLOSED
H00000293,A000240,2024-01-01,ACTIVE
H00000294,A000241,2025-07-24,ACTIVE
H00000295,A000242,2026-04-06,ACTIVE
H00000296,A000243,2025-11-10,ACTIVE
H00000297,A000244,2025-03-12,ACTIVE
H00000298,A000244,2026-10-18,CLOSED
H00000299,A000245,2024-07-07,ACTIVE
H00000300,A000246,2024-09-14,ACTIVE
H00000301,A000247,2024-10-22,ACTIVE
H00000302,A000247,2025-08-06,CLOSED
H00000303,A000248,2024-11-03,ACTIVE
H00000304,A000248,2026-01-24,CLOSED
H00000305,A000249,2024-08-04,ACTIVE
H00000306,A000250,2025-01-30,ACTIVE
H00000307,A000250,2026-03-25,CLOSED
H00000308,A000251,2026-03-23,ACTIVE
H00000309,A000251,2027-05-23,CLOSED
H00000310,A000252,2025-04-19,ACTIVE
H00000311,A000252,2026-11-19,WRITTEN_OFF
H00000312,A000253,2024-10-24,ACTIVE
H00000313,A000253,2025-10-16,CLOSED
H00000314,A000254,2025-01-27,ACTIVE
H00000315,A000255,2024-05-20,ACTIVE
H00000316,A000256,2025-02-28,ACTIVE
H00000317,A000257,2026-02-03,ACTIVE
H00000318,A000258,2024-04-22,ACTIVE
H00000319,A000259,2024-04-25,ACTIVE
H00000320,A000259,2024-10-18,CLOSED
H00000321,A000260,2026-03-04,ACTIVE
H00000322,A000261,2025-10-15,ACTIVE
H00000323,A000262,2025-10-18,ACTIVE
H00000324,A000262,2027-02-25,CLOSED
H00000325,A000263,2024-03-14,ACTIVE
H00000326,A000264,2025-02-09,ACTIVE
H00000327,A000265,2024-01-14,ACTIVE
H00000328,A000266,2025-01-04,ACTIVE
H00000329,A000267,2026-05-21,ACTIVE
H00000330,A000268,2025-10-09,ACTIVE
H00000331,A000268,2026-03-23,WRITTEN_OFF
H00000332,A000269,2024-09-04,ACTIVE
H00000333,A000270,2024-06-06,ACTIVE
H00000334,A000271,2026-04-19,ACTIVE
H00000335,A000272,2025-01-22,ACTIVE
H00000336,A000273,2025-09-01,ACTIVE
H00000337,A000274,2025-12-01,ACTIVE
H00000338,A000275,2025-01-17,ACTIVE
H00000339,A000276,2024-07-19,ACTIVE
H00000340,A000277,2026-02-19,ACTIVE
H00000341,A000278,2024-05-17,ACTIVE
H00000342,A000278,2025-10-03,CLOSED
H00000343,A000279,2025-10-12,ACTIVE
H00000344,A000279,2027-05-04,CLOSED
H00000345,A000280,2025-02-17,ACTIVE
H00000346,A000280,2025-08-29,CLOSED
H00000347,A000281,2024-04-24,ACTIVE
H00000348,A000282,2025-05-03,ACTIVE
H00000349,A000283,2025-07-23,ACTIVE
H00000350,A000284,2025-07-23,ACTIVE
H00000351,A000285,2024-11-24,ACTIVE
H00000352,A000286,2024-10-14,ACTIVE
H00000353,A000286,2025-04-10,CLOSED
H00000354,A000287,2025-11-08,ACTIVE
H00000355,A000287,2027-04-20,CLOSED
H00000356,A000288,2024-03-24,ACTIVE
H00000357,A000289,2026-02-07,ACTIVE
H00000358,A000289,2026-08-14,WRITTEN_OFF
H00000359,A000290,2024-10-24,ACTIVE
H00000360,A000291,2024-07-20,ACTIVE
H00000361,A000292,2024-07-20,ACTIVE
H00000362,A000293,2025-01-27,ACTIVE
H00000363,A000294,2025-07-20,ACTIVE
H00000364,A000295,2024-06-09,ACTIVE
H00000365,A000295,2025-04-19,CLOSED
H00000366,A000296,2026-04-27,ACTIVE
H00000367,A000297,2024-03-10,ACTIVE
H00000368,A000298,2025-02-16,ACTIVE
H00000369,A000299,2024-01-27,ACTIVE
H00000370,A000300,2024-04-22,ACTIVE
H00000371,A000300,2025-09-09,CLOSED
H00000372,A000301,2024-01-29,ACTIVE
H00000373,A000302,2024-05-28,ACTIVE
H00000374,A000303,2024-03-28,ACTIVE
H00000375,A000304,2024-01-09,ACTIVE
H00000376,A000305,2024-12-30,ACTIVE
H00000377,A000306,2026-05-26,ACTIVE
H00000378,A000307,2026-01-30,ACTIVE
H00000379,A000308,2024-07-02,ACTIVE
H00000380,A000308,2025-01-26,WRITTEN_OFF
H00000381,A000309,2025-01-08,ACTIVE
H00000382,A000310,2024-05-27,ACTIVE
H00000383,A000311,2024-12-04,ACTIVE
H00000384,A000312,2025-10-10,ACTIVE
H00000385,A000313,2024-04-08,ACTIVE
H00000386,A000314,2025-03-30,ACTIVE
H00000387,A000315,2025-07-22,ACTIVE
H00000388,A000315,2027-02-21,WRITTEN_OFF
H00000389,A000316,2024-07-16,ACTIVE
H00000390,A000317,2025-11-17,ACTIVE
H00000391,A000318,2025-04-20,ACTIVE
H00000392,A000319,2026-03-25,ACTIVE
H00000393,A000320,2025-12-25,ACTIVE
H00000394,A000321,2025-04-30,ACTIVE
H00000395,A000322,2024-11-24,ACTIVE
H00000396,A000323,2025-04-29,ACTIVE
H00000397,A000324,2024-02-15,ACTIVE
H00000398,A000324,2024-07-07,WRITTEN_OFF
H00000399,A000325,2026-04-22,ACTIVE
H00000400,A000326,2025-09-01,ACTIVE
H00000401,A000327,2025-03-15,ACTIVE
H00000402,A000328,2026-03-04,ACTIVE
H00000403,A000329,2025-05-09,ACTIVE
H00000404,A000330,2024-08-10,ACTIVE
H00000405,A000331,2026-02-02,ACTIVE
H00000406,A000332,2026-05-26,ACTIVE
H00000407,A000333,2026-01-28,ACTIVE
H00000408,A000334,2026-04-12,ACTIVE
H00000409,A000335,2025-08-01,ACTIVE
H00000410,A000336,2025-01-02,ACTIVE
H00000411,A000337,2026-02-06,ACTIVE
H00000412,A000337,2026-06-09,CLOSED
H00000413,A000338,2026-03-10,ACTIVE
H00000414,A000338,2027-05-08,CLOSED
H00000415,A000339,2024-11-13,ACTIVE
H00000416,A000340,2025-08-31,ACTIVE
H00000417,A000341,2024-05-30,ACTIVE
H00000418,A000341,2024-12-09,WRITTEN_OFF
H00000419,A000342,2024-02-06,ACTIVE
H00000420,A000343,2024-10-31,ACTIVE
H00000421,A000344,2024-06-01,ACTIVE
H00000422,A000345,2025-06-06,ACTIVE
H00000423,A000346,2025-07-28,ACTIVE
H00000424,A000347,2024-09-24,ACTIVE
H00000425,A000348,2024-04-09,ACTIVE
H00000426,A000349,2025-04-27,ACTIVE
H00000427,A000349,2026-04-23,CLOSED
H00000428,A000350,2025-12-29,ACTIVE
H00000429,A000351,2025-10-02,ACTIVE
H00000430,A000351,2026-03-28,CLOSED
H00000431,A000352,2024-06-18,ACTIVE
H00000432,A000353,2024-04-18,ACTIVE
H00000433,A000354,2026-05-12,ACTIVE
H00000434,A000355,2024-12-27,ACTIVE
H00000435,A000356,2025-11-03,ACTIVE
H00000436,A000357,2025-05-22,ACTIVE
H00000437,A000358,2025-03-05,ACTIVE
H00000438,A000359,2024-12-21,ACTIVE
H00000439,A000360,2026-04-10,ACTIVE
H00000440,A000361,2025-08-13,ACTIVE
H00000441,A000362,2025-12-01,ACTIVE
H00000442,A000363,2024-10-22,ACTIVE
H00000443,A000363,2025-05-01,WRITTEN_OFF
H00000444,A000364,2025-08-22,ACTIVE
H00000445,A000365,2024-07-22,ACTIVE
H00000446,A000365,2025-07-06,WRITTEN_OFF
H00000447,A000366,2024-10-24,ACTIVE
H00000448,A000367,2026-05-18,ACTIVE
H00000449,A000368,2024-10-15,ACTIVE
H00000450,A000369,2026-04-15,ACTIVE
H00000451,A000369,2027-11-06,CLOSED
H00000452,A000370,2024-07-30,ACTIVE
H00000453,A000371,2025-07-09,ACTIVE
H00000454,A000372,2025-09-04,ACTIVE
H00000455,A000373,2025-03-12,ACTIVE
H00000456,A000374,2025-09-14,ACTIVE
H00000457,A000374,2026-09-11,WRITTEN_OFF
H00000458,A000375,2024-06-25,ACTIVE
H00000459,A000376,2025-04-14,ACTIVE
H00000460,A000377,2024-03-22,ACTIVE
H00000461,A000378,2026-03-09,ACTIVE
H00000462,A000379,2024-03-06,ACTIVE
H00000463,A000380,2025-06-29,ACTIVE
H00000464,A000381,2025-07-21,ACTIVE
H00000465,A000381,2025-11-06,CLOSED
H00000466,A000382,2026-04-29,ACTIVE
H00000467,A000383,2026-01-10,ACTIVE
H00000468,A000383,2027-07-24,WRITTEN_OFF
H00000469,A000384,2025-08-15,ACTIVE
H00000470,A000385,2026-02-14,ACTIVE
H00000471,A000386,2025-12-05,ACTIVE
H00000472,A000387,2024-05-21,ACTIVE
H00000473,A000388,2024-06-06,ACTIVE
H00000474,A000389,2025-03-20,ACTIVE
H00000475,A000390,2025-01-11,ACTIVE
H00000476,A000391,2025-05-26,ACTIVE
H00000477,A000392,2025-10-18,ACTIVE
H00000478,A000392,2026-04-19,CLOSED
H00000479,A000393,2024-09-29,ACTIVE
H00000480,A000394,2024-05-13,ACTIVE
H00000481,A000395,2024-01-04,ACTIVE
H00000482,A000396,2025-06-24,ACTIVE
H00000483,A000396,2027-02-09,CLOSED
H00000484,A000397,2025-05-08,ACTIVE
H00000485,A000398,2025-12-20,ACTIVE
H00000486,A000399,2025-10-29,ACTIVE
H00000487,A000400,2025-06-14,ACTIVE
H00000488,A000401,2025-05-24,ACTIVE
H00000489,A000402,2024-03-18,ACTIVE
H00000490,A000403,2024-11-14,ACTIVE
H00000491,A000404,2025-11-12,ACTIVE
H00000492,A000405,2025-04-05,ACTIVE
H00000493,A000406,2024-08-25,ACTIVE
H00000494,A000407,2026-01-13,ACTIVE
H00000495,A000408,2024-01-22,ACTIVE
H00000496,A000409,2025-05-07,ACTIVE
H00000497,A000409,2026-02-17,WRITTEN_OFF
H00000498,A000410,2024-11-06,ACTIVE
H00000499,A000411,2025-01-02,ACTIVE
H00000500,A000411,2026-06-01,WRITTEN_OFF
H00000501,A000412,2025-08-11,ACTIVE
H00000502,A000413,2024-05-05,ACTIVE
H00000503,A000414,2024-07-24,ACTIVE
H00000504,A000415,2024-11-28,ACTIVE
H00000505,A000416,2024-08-18,ACTIVE
H00000506,A000416,2025-03-09,CLOSED
H00000507,A000417,2026-01-01,ACTIVE
H00000508,A000418,2025-07-19,ACTIVE
H00000509,A000419,2024-03-20,ACTIVE
H00000510,A000420,2024-05-14,ACTIVE
H00000511,A000420,2024-08-14,CLOSED
H00000512,A000421,2025-07-06,ACTIVE
H00000513,A000421,2026-11-06,CLOSED
H00000514,A000422,2026-04-24,ACTIVE
H00000515,A000423,2024-10-30,ACTIVE
H00000516,A000424,2025-04-28,ACTIVE
H00000517,A000425,2024-03-25,ACTIVE
H00000518,A000426,2024-09-17,ACTIVE
H00000519,A000427,2025-03-18,ACTIVE
H00000520,A000428,2024-02-05,ACTIVE
H00000521,A000429,2026-03-03,ACTIVE
H00000522,A000430,2025-10-08,ACTIVE
H00000523,A000431,2025-01-07,ACTIVE
H00000524,A000431,2025-06-04,CLOSED
H00000525,A000432,2025-07-31,ACTIVE
H00000526,A000433,2025-07-05,ACTIVE
H00000527,A000434,2024-05-23,ACTIVE
H00000528,A000435,2024-01-30,ACTIVE
H00000529,A000436,2025-11-25,ACTIVE
H00000530,A000437,2025-12-16,ACTIVE
H00000531,A000438,2024-03-26,ACTIVE
H00000532,A000439,2024-04-03,ACTIVE
H00000533,A000440,2025-01-09,ACTIVE
H00000534,A000441,2025-11-11,ACTIVE
H00000535,A000442,2024-09-18,ACTIVE
H00000536,A000443,2024-07-21,ACTIVE
H00000537,A000444,2025-03-10,ACTIVE
H00000538,A000445,2025-10-27,ACTIVE
H00000539,A000446,2025-12-12,ACTIVE
H00000540,A000447,2025-06-20,ACTIVE
H00000541,A000448,2025-03-12,ACTIVE
H00000542,A000449,2024-04-20,ACTIVE
H00000543,A000450,2024-11-30,ACTIVE
H00000544,A000451,2025-01-19,ACTIVE
H00000545,A000452,2025-07-23,ACTIVE
H00000546,A000453,2025-10-03,ACTIVE
H00000547,A000454,2025-10-08,ACTIVE
H00000548,A000455,2024-03-24,ACTIVE
H00000549,A000456,2026-04-13,ACTIVE
H00000550,A000457,2026-03-21,ACTIVE
H00000551,A000458,2025-10-04,ACTIVE
H00000552,A000458,2027-02-12,WRITTEN_OFF
H00000553,A000459,2025-08-06,ACTIVE
H00000554,A000460,2024-05-17,ACTIVE
H00000555,A000461,2024-10-31,ACTIVE
H00000556,A000462,2024-08-26,ACTIVE
H00000557,A000463,2024-01-16,ACTIVE
H00000558,A000464,2025-03-06,ACTIVE
H00000559,A000465,2025-07-25,ACTIVE
H00000560,A000466,2025-11-02,ACTIVE
H00000561,A000467,2024-01-04,ACTIVE
H00000562,A000468,2025-03-18,ACTIVE
H00000563,A000468,2025-06-23,WRITTEN_OFF
H00000564,A000469,2024-11-05,ACTIVE
H00000565,A000470,2025-01-29,ACTIVE
H00000566,A000471,2025-02-26,ACTIVE
H00000567,A000471,2025-07-18,CLOSED
H00000568,A000472,2025-03-13,ACTIVE
H00000569,A000473,2024-06-19,ACTIVE
H00000570,A000474,2025-07-25,ACTIVE
H00000571,A000475,2026-05-27,ACTIVE
H00000572,A000476,2025-03-04,ACTIVE
H00000573,A000477,2024-03-01,ACTIVE
H00000574,A000478,2025-06-07,ACTIVE
H00000575,A000479,2024-05-02,ACTIVE
H00000576,A000480,2025-08-04,ACTIVE
H00000577,A000480,2026-10-05,CLOSED
H00000578,A000481,2025-07-31,ACTIVE
H00000579,A000482,2024-05-21,ACTIVE
H00000580,A000483,2024-12-29,ACTIVE
H00000581,A000484,2024-04-26,ACTIVE
H00000582,A000485,2024-08-12,ACTIVE
H00000583,A000486,2024-03-28,ACTIVE
H00000584,A000487,2025-02-20,ACTIVE
H00000585,A000488,2025-07-25,ACTIVE
H00000586,A000489,2024-07-21,ACTIVE
H00000587,A000490,2025-10-31,ACTIVE
H00000588,A000491,2025-04-18,ACTIVE
H00000589,A000492,2024-06-09,ACTIVE
H00000590,A000493,2024-03-29,ACTIVE
H00000591,A000493,2025-04-25,WRITTEN_OFF
H00000592,A000494,2025-10-09,ACTIVE
H00000593,A000495,2024-09-12,ACTIVE
H00000594,A000496,2026-01-09,ACTIVE
H00000595,A000497,2024-05-05,ACTIVE
H00000596,A000498,2026-01-04,ACTIVE
H00000597,A000499,2024-10-17,ACTIVE
H00000598,A000500,2026-03-04,ACTIVE
H00000599,A000501,2024-03-08,ACTIVE
H00000600,A000502,2024-09-26,ACTIVE
H00000601,A000502,2025-02-09,CLOSED
H00000602,A000503,2024-10-10,ACTIVE
H00000603,A000504,2024-08-06,ACTIVE
H00000604,A000505,2024-03-24,ACTIVE
H00000605,A000506,2024-01-26,ACTIVE
H00000606,A000506,2024-11-22,CLOSED
H00000607,A000507,2024-03-24,ACTIVE
H00000608,A000508,2026-01-19,ACTIVE
H00000609,A000509,2025-04-02,ACTIVE
H00000610,A000510,2026-01-25,ACTIVE
H00000611,A000511,2026-04-07,ACTIVE
H00000612,A000512,2026-05-19,ACTIVE
H00000613,A000513,2024-01-17,ACTIVE
H00000614,A000514,2024-12-15,ACTIVE
H00000615,A000515,2024-12-10,ACTIVE
H00000616,A000516,2025-02-04,ACTIVE
H00000617,A000517,2024-04-21,ACTIVE
H00000618,A000518,2025-03-31,ACTIVE
H00000619,A000519,2024-06-23,ACTIVE
H00000620,A000520,2025-04-26,ACTIVE
H00000621,A000521,2024-04-24,ACTIVE
H00000622,A000522,2024-05-30,ACTIVE
H00000623,A000522,2025-10-10,CLOSED
H00000624,A000523,2024-02-02,ACTIVE
H00000625,A000524,2025-11-30,ACTIVE
H00000626,A000525,2024-09-09,ACTIVE
H00000627,A000526,2024-02-15,ACTIVE
H00000628,A000527,2024-03-10,ACTIVE
H00000629,A000528,2024-08-21,ACTIVE
H00000630,A000529,2024-02-29,ACTIVE
H00000631,A000530,2026-01-26,ACTIVE
H00000632,A000531,2026-04-24,ACTIVE
H00000633,A000532,2024-12-19,ACTIVE
H00000634,A000532,2026-01-14,CLOSED
H00000635,A000533,2025-05-27,ACTIVE
H00000636,A000534,2026-03-27,ACTIVE
H00000637,A000535,2026-05-28,ACTIVE
H00000638,A000536,2025-12-09,ACTIVE
H00000639,A000537,2024-10-21,ACTIVE
H00000640,A000537,2025-10-21,CLOSED
H00000641,A000538,2024-02-20,ACTIVE
H00000642,A000539,2024-12-18,ACTIVE
H00000643,A000540,2024-10-01,ACTIVE
H00000644,A000541,2026-02-11,ACTIVE
H00000645,A000542,2025-03-09,ACTIVE
H00000646,A000543,2025-02-22,ACTIVE
H00000647,A000544,2025-09-01,ACTIVE
H00000648,A000544,2026-01-19,CLOSED
H00000649,A000545,2024-05-04,ACTIVE
H00000650,A000546,2024-09-11,ACTIVE
H00000651,A000547,2024-11-16,ACTIVE
H00000652,A000548,2025-10-11,ACTIVE
H00000653,A000549,2024-07-16,ACTIVE
H00000654,A000550,2025-09-04,ACTIVE
H00000655,A000551,2025-11-11,ACTIVE
H00000656,A000552,2024-04-13,ACTIVE
H00000657,A000553,2024-08-04,ACTIVE
H00000658,A000553,2024-11-19,CLOSED
H00000659,A000554,2026-05-10,ACTIVE
H00000660,A000555,2025-05-30,ACTIVE
H00000661,A000555,2026-07-02,CLOSED
H00000662,A000556,2024-03-10,ACTIVE
H00000663,A000557,2025-08-17,ACTIVE
H00000664,A000557,2027-03-04,CLOSED
H00000665,A000558,2024-02-10,ACTIVE
H00000666,A000559,2024-01-15,ACTIVE
H00000667,A000560,2025-11-06,ACTIVE
H00000668,A000561,2025-04-30,ACTIVE
H00000669,A000562,2024-02-08,ACTIVE
H00000670,A000563,2025-12-03,ACTIVE
H00000671,A000564,2024-04-05,ACTIVE
H00000672,A000565,2024-04-25,ACTIVE
H00000673,A000566,2025-03-10,ACTIVE
H00000674,A000567,2024-09-23,ACTIVE
H00000675,A000568,2025-06-30,ACTIVE
H00000676,A000568,2026-05-23,WRITTEN_OFF
H00000677,A000569,2025-05-31,ACTIVE
H00000678,A000570,2026-03-24,ACTIVE
H00000679,A000570,2026-08-11,WRITTEN_OFF
H00000680,A000571,2025-03-16,ACTIVE
H00000681,A000571,2026-08-12,WRITTEN_OFF
H00000682,A000572,2025-02-06,ACTIVE
H00000683,A000573,2024-05-16,ACTIVE
H00000684,A000574,2024-06-27,ACTIVE
H00000685,A000575,2026-01-20,ACTIVE
H00000686,A000576,2026-05-28,ACTIVE
H00000687,A000577,2026-03-21,ACTIVE
H00000688,A000578,2024-06-26,ACTIVE
H00000689,A000579,2025-09-11,ACTIVE
H00000690,A000580,2024-05-12,ACTIVE
H00000691,A000581,2026-03-29,ACTIVE
H00000692,A000582,2024-01-14,ACTIVE
H00000693,A000583,2024-11-20,ACTIVE
H00000694,A000584,2025-09-23,ACTIVE
H00000695,A000585,2024-11-19,ACTIVE
H00000696,A000586,2024-05-13,ACTIVE
H00000697,A000587,2026-05-27,ACTIVE
H00000698,A000588,2026-05-17,ACTIVE
H00000699,A000589,2024-07-09,ACTIVE
H00000700,A000589,2024-11-19,CLOSED
H00000701,A000590,2024-07-06,ACTIVE
H00000702,A000591,2025-02-15,ACTIVE
H00000703,A000592,2025-01-20,ACTIVE
H00000704,A000593,2025-05-18,ACTIVE
H00000705,A000594,2026-03-13,ACTIVE
H00000706,A000595,2024-11-22,ACTIVE
H00000707,A000595,2026-03-11,CLOSED
H00000708,A000596,2025-01-06,ACTIVE
H00000709,A000596,2026-02-08,CLOSED
H00000710,A000597,2024-05-21,ACTIVE
H00000711,A000597,2025-07-05,CLOSED
H00000712,A000598,2024-02-14,ACTIVE
H00000713,A000599,2024-07-26,ACTIVE
H00000714,A000600,2024-05-06,ACTIVE
H00000715,A000600,2025-02-13,CLOSED
H00000716,A000601,2025-05-24,ACTIVE
H00000717,A000602,2025-07-09,ACTIVE
H00000718,A000602,2026-04-09,CLOSED
H00000719,A000603,2025-08-21,ACTIVE
H00000720,A000604,2025-08-12,ACTIVE
H00000721,A000605,2024-08-11,ACTIVE
H00000722,A000606,2026-04-08,ACTIVE
H00000723,A000606,2027-03-17,CLOSED
H00000724,A000607,2026-01-05,ACTIVE
H00000725,A000608,2025-11-06,ACTIVE
H00000726,A000608,2026-11-14,WRITTEN_OFF
H00000727,A000609,2024-11-05,ACTIVE
H00000728,A000610,2025-07-01,ACTIVE
H00000729,A000611,2024-01-11,ACTIVE
H00000730,A000612,2024-09-27,ACTIVE
H00000731,A000613,2024-06-08,ACTIVE
H00000732,A000614,2025-05-10,ACTIVE
H00000733,A000615,2025-11-05,ACTIVE
H00000734,A000616,2024-03-22,ACTIVE
H00000735,A000617,2024-05-10,ACTIVE
H00000736,A000618,2024-03-07,ACTIVE
H00000737,A000619,2024-12-09,ACTIVE
H00000738,A000620,2024-07-29,ACTIVE
H00000739,A000620,2025-07-01,CLOSED
H00000740,A000621,2025-11-23,ACTIVE
H00000741,A000622,2024-09-10,ACTIVE
H00000742,A000623,2024-02-14,ACTIVE
H00000743,A000624,2025-06-11,ACTIVE
H00000744,A000625,2025-05-11,ACTIVE
H00000745,A000626,2025-07-23,ACTIVE
H00000746,A000627,2024-01-22,ACTIVE
H00000747,A000628,2024-06-19,ACTIVE
H00000748,A000629,2026-05-10,ACTIVE
H00000749,A000630,2025-09-30,ACTIVE
H00000750,A000631,2025-05-18,ACTIVE
H00000751,A000632,2025-12-10,ACTIVE
H00000752,A000633,2024-09-12,ACTIVE
H00000753,A000634,2025-06-16,ACTIVE
H00000754,A000635,2026-04-30,ACTIVE
H00000755,A000636,2025-05-23,ACTIVE
H00000756,A000637,2025-06-20,ACTIVE
H00000757,A000638,2025-02-21,ACTIVE
H00000758,A000639,2025-09-22,ACTIVE
H00000759,A000640,2026-04-05,ACTIVE
H00000760,A000640,2027-11-23,CLOSED
H00000761,A000641,2024-12-16,ACTIVE
H00000762,A000641,2026-02-20,CLOSED
H00000763,A000642,2026-04-21,ACTIVE
H00000764,A000643,2024-08-28,ACTIVE
H00000765,A000644,2024-01-11,ACTIVE
H00000766,A000645,2024-04-13,ACTIVE
H00000767,A000645,2025-07-06,CLOSED
H00000768,A000646,2025-04-18,ACTIVE
H00000769,A000647,2025-06-14,ACTIVE
H00000770,A000648,2024-09-10,ACTIVE
H00000771,A000649,2025-03-18,ACTIVE
H00000772,A000650,2024-11-26,ACTIVE
H00000773,A000651,2024-09-16,ACTIVE
H00000774,A000651,2026-02-23,CLOSED
H00000775,A000652,2025-07-31,ACTIVE
H00000776,A000653,2024-02-25,ACTIVE
H00000777,A000653,2024-11-05,CLOSED
H00000778,A000654,2024-07-06,ACTIVE
H00000779,A000654,2024-12-09,CLOSED
H00000780,A000655,2024-04-20,ACTIVE
H00000781,A000656,2024-04-10,ACTIVE
H00000782,A000657,2025-12-30,ACTIVE
H00000783,A000657,2027-04-28,CLOSED
H00000784,A000658,2024-09-09,ACTIVE
H00000785,A000658,2025-02-18,CLOSED
H00000786,A000659,2025-04-12,ACTIVE
H00000787,A000659,2026-06-09,CLOSED
H00000788,A000660,2026-03-08,ACTIVE
H00000789,A000661,2024-05-31,ACTIVE
H00000790,A000662,2025-11-18,ACTIVE
H00000791,A000663,2026-01-30,ACTIVE
H00000792,A000664,2024-07-05,ACTIVE
H00000793,A000665,2026-05-07,ACTIVE
H00000794,A000666,2024-09-16,ACTIVE
H00000795,A000667,2024-07-30,ACTIVE
H00000796,A000668,2024-01-22,ACTIVE
H00000797,A000668,2025-08-22,CLOSED
H00000798,A000669,2024-03-12,ACTIVE
H00000799,A000670,2024-03-21,ACTIVE
H00000800,A000671,2024-08-20,ACTIVE
H00000801,A000672,2025-09-09,ACTIVE
H00000802,A000673,2025-08-16,ACTIVE
H00000803,A000674,2024-05-06,ACTIVE
H00000804,A000675,2025-09-01,ACTIVE
H00000805,A000676,2026-05-07,ACTIVE
H00000806,A000677,2026-03-02,ACTIVE
H00000807,A000678,2025-08-15,ACTIVE
H00000808,A000679,2024-09-18,ACTIVE
H00000809,A000680,2026-05-23,ACTIVE
H00000810,A000681,2024-08-07,ACTIVE
H00000811,A000682,2025-03-22,ACTIVE
H00000812,A000683,2025-04-06,ACTIVE
H00000813,A000684,2024-12-24,ACTIVE
H00000814,A000685,2026-01-13,ACTIVE
H00000815,A000686,2024-03-04,ACTIVE
H00000816,A000687,2026-04-22,ACTIVE
H00000817,A000687,2027-02-03,CLOSED
H00000818,A000688,2024-02-22,ACTIVE
H00000819,A000689,2025-09-06,ACTIVE
H00000820,A000689,2026-10-22,WRITTEN_OFF
H00000821,A000690,2025-12-07,ACTIVE
H00000822,A000691,2026-02-26,ACTIVE
H00000823,A000692,2025-11-30,ACTIVE
H00000824,A000692,2026-03-11,CLOSED
H00000825,A000693,2024-11-04,ACTIVE
H00000826,A000694,2024-09-29,ACTIVE
H00000827,A000695,2024-07-28,ACTIVE
H00000828,A000696,2024-08-12,ACTIVE
H00000829,A000697,2025-06-07,ACTIVE
H00000830,A000698,2025-02-13,ACTIVE
H00000831,A000699,2025-01-25,ACTIVE
H00000832,A000700,2025-01-13,ACTIVE
H00000833,A000701,2025-09-09,ACTIVE
H00000834,A000702,2026-03-31,ACTIVE
H00000835,A000703,2025-06-09,ACTIVE
H00000836,A000703,2026-12-07,CLOSED
H00000837,A000704,2024-03-13,ACTIVE
H00000838,A000705,2025-11-12,ACTIVE
H00000839,A000706,2026-04-22,ACTIVE
H00000840,A000706,2027-08-22,WRITTEN_OFF
H00000841,A000707,2024-01-07,ACTIVE
H00000842,A000707,2024-10-19,CLOSED
H00000843,A000708,2026-02-13,ACTIVE
H00000844,A000709,2025-08-14,ACTIVE
H00000845,A000710,2024-02-13,ACTIVE
H00000846,A000711,2025-06-25,ACTIVE
H00000847,A000712,2024-07-26,ACTIVE
H00000848,A000713,2025-10-31,ACTIVE
H00000849,A000714,2025-09-11,ACTIVE
H00000850,A000714,2026-05-06,CLOSED
H00000851,A000715,2024-06-24,ACTIVE
H00000852,A000716,2025-02-10,ACTIVE
H00000853,A000717,2024-08-18,ACTIVE
H00000854,A000717,2025-12-04,CLOSED
H00000855,A000718,2024-07-30,ACTIVE
H00000856,A000719,2024-09-21,ACTIVE
H00000857,A000720,2024-07-09,ACTIVE
H00000858,A000721,2024-01-02,ACTIVE
H00000859,A000722,2024-12-22,ACTIVE
H00000860,A000723,2024-11-16,ACTIVE
H00000861,A000724,2024-01-29,ACTIVE
H00000862,A000725,2026-04-07,ACTIVE
H00000863,A000726,2025-09-30,ACTIVE
H00000864,A000727,2024-02-11,ACTIVE
H00000865,A000728,2025-01-11,ACTIVE
H00000866,A000729,2024-03-30,ACTIVE
H00000867,A000730,2024-02-10,ACTIVE
H00000868,A000731,2025-08-30,ACTIVE
H00000869,A000732,2024-04-02,ACTIVE
H00000870,A000733,2026-03-18,ACTIVE
H00000871,A000734,2026-04-20,ACTIVE
H00000872,A000735,2025-11-17,ACTIVE
H00000873,A000736,2024-06-03,ACTIVE
H00000874,A000737,2024-02-27,ACTIVE
H00000875,A000738,2024-08-12,ACTIVE
H00000876,A000739,2024-03-24,ACTIVE
H00000877,A000740,2025-05-10,ACTIVE
H00000878,A000741,2025-12-07,ACTIVE
H00000879,A000742,2024-05-21,ACTIVE
H00000880,A000743,2025-09-15,ACTIVE
H00000881,A000744,2024-11-17,ACTIVE
H00000882,A000745,2025-03-24,ACTIVE
H00000883,A000746,2026-05-02,ACTIVE
H00000884,A000747,2025-04-09,ACTIVE
H00000885,A000747,2026-08-05,CLOSED
H00000886,A000748,2025-10-04,ACTIVE
H00000887,A000748,2026-12-02,CLOSED
H00000888,A000749,2024-01-07,ACTIVE
H00000889,A000750,2024-12-15,ACTIVE
H00000890,A000751,2025-10-11,ACTIVE
H00000891,A000752,2025-09-25,ACTIVE
H00000892,A000753,2024-01-17,ACTIVE
H00000893,A000753,2025-04-02,WRITTEN_OFF
H00000894,A000754,2025-12-09,ACTIVE
H00000895,A000755,2024-02-23,ACTIVE
H00000896,A000756,2024-10-29,ACTIVE
H00000897,A000757,2025-03-27,ACTIVE
H00000898,A000758,2025-12-13,ACTIVE
H00000899,A000758,2026-09-04,CLOSED
H00000900,A000759,2025-02-15,ACTIVE
H00000901,A000760,2024-02-09,ACTIVE
H00000902,A000761,2024-09-05,ACTIVE
H00000903,A000761,2025-01-16,CLOSED
H00000904,A000762,2025-03-12,ACTIVE
H00000905,A000763,2025-12-05,ACTIVE
H00000906,A000764,2024-05-28,ACTIVE
H00000907,A000765,2025-07-10,ACTIVE
H00000908,A000766,2025-07-04,ACTIVE
H00000909,A000767,2025-05-10,ACTIVE
H00000910,A000768,2024-10-03,ACTIVE
H00000911,A000768,2025-03-06,CLOSED
H00000912,A000769,2025-12-26,ACTIVE
H00000913,A000769,2026-05-19,CLOSED
H00000914,A000770,2024-04-07,ACTIVE
H00000915,A000771,2026-02-10,ACTIVE
H00000916,A000772,2025-08-07,ACTIVE
H00000917,A000773,2024-05-29,ACTIVE
H00000918,A000774,2024-10-29,ACTIVE
H00000919,A000775,2025-10-29,ACTIVE
H00000920,A000776,2026-05-20,ACTIVE
H00000921,A000776,2027-01-08,WRITTEN_OFF
H00000922,A000777,2024-04-08,ACTIVE
H00000923,A000778,2024-09-20,ACTIVE
H00000924,A000779,2024-02-05,ACTIVE
H00000925,A000780,2024-05-21,ACTIVE
H00000926,A000781,2024-11-04,ACTIVE
H00000927,A000781,2025-09-24,WRITTEN_OFF
H00000928,A000782,2024-02-13,ACTIVE
H00000929,A000783,2025-10-17,ACTIVE
H00000930,A000784,2025-08-30,ACTIVE
H00000931,A000785,2024-08-24,ACTIVE
H00000932,A000786,2025-01-17,ACTIVE
H00000933,A000787,2025-12-19,ACTIVE
H00000934,A000788,2024-08-09,ACTIVE
H00000935,A000789,2025-10-21,ACTIVE
H00000936,A000789,2026-02-02,WRITTEN_OFF
H00000937,A000790,2024-12-18,ACTIVE
H00000938,A000791,2025-10-14,ACTIVE
H00000939,A000792,2024-07-21,ACTIVE
H00000940,A000792,2024-12-12,CLOSED
H00000941,A000793,2025-10-26,ACTIVE
H00000942,A000794,2024-05-09,ACTIVE
H00000943,A000795,2026-02-16,ACTIVE
H00000944,A000796,2025-12-24,ACTIVE
H00000945,A000797,2024-04-28,ACTIVE
H00000946,A000798,2025-07-21,ACTIVE
H00000947,A000799,2025-03-16,ACTIVE
H00000948,A000800,2024-09-19,ACTIVE
H00000949,A000801,2026-05-29,ACTIVE
H00000950,A000802,2025-06-28,ACTIVE
H00000951,A000802,2025-11-04,CLOSED
H00000952,A000803,2025-08-18,ACTIVE
H00000953,A000804,2024-09-15,ACTIVE
H00000954,A000805,2024-12-10,ACTIVE
H00000955,A000806,2025-12-31,ACTIVE
H00000956,A000807,2024-12-10,ACTIVE
H00000957,A000808,2024-01-10,ACTIVE
H00000958,A000809,2025-01-07,ACTIVE
H00000959,A000810,2026-03-13,ACTIVE
H00000960,A000811,2025-03-21,ACTIVE
H00000961,A000812,2024-10-12,ACTIVE
H00000962,A000813,2024-04-16,ACTIVE
H00000963,A000814,2024-04-20,ACTIVE
H00000964,A000815,2025-01-12,ACTIVE
H00000965,A000816,2025-03-15,ACTIVE
H00000966,A000817,2026-05-08,ACTIVE
H00000967,A000818,2026-01-01,ACTIVE
H00000968,A000819,2026-03-09,ACTIVE
H00000969,A000820,2024-03-04,ACTIVE
H00000970,A000821,2024-06-09,ACTIVE
H00000971,A000822,2026-03-08,ACTIVE
H00000972,A000822,2027-03-03,WRITTEN_OFF
H00000973,A000823,2024-05-16,ACTIVE
H00000974,A000824,2025-01-04,ACTIVE
H00000975,A000824,2026-08-24,WRITTEN_OFF
H00000976,A000825,2024-06-23,ACTIVE
H00000977,A000826,2024-04-16,ACTIVE
H00000978,A000827,2024-01-29,ACTIVE
H00000979,A000828,2026-03-20,ACTIVE
H00000980,A000829,2026-02-12,ACTIVE
H00000981,A000829,2027-01-04,CLOSED
H00000982,A000830,2025-12-02,ACTIVE
H00000983,A000831,2025-03-20,ACTIVE
H00000984,A000832,2024-10-04,ACTIVE
H00000985,A000833,2024-06-11,ACTIVE
H00000986,A000834,2026-05-20,ACTIVE
H00000987,A000834,2026-08-22,CLOSED
H00000988,A000835,2024-09-27,ACTIVE
H00000989,A000836,2024-11-23,ACTIVE
H00000990,A000836,2025-03-15,WRITTEN_OFF
H00000991,A000837,2024-12-03,ACTIVE
H00000992,A000838,2024-02-28,ACTIVE
H00000993,A000839,2024-05-26,ACTIVE
H00000994,A000840,2025-01-30,ACTIVE
H00000995,A000841,2024-09-02,ACTIVE
H00000996,A000842,2026-03-11,ACTIVE
H00000997,A000843,2025-01-02,ACTIVE
H00000998,A000844,2026-03-01,ACTIVE
H00000999,A000845,2024-11-06,ACTIVE
H00001000,A000846,2024-11-12,ACTIVE
H00001001,A000846,2025-07-10,WRITTEN_OFF
H00001002,A000847,2026-04-09,ACTIVE
H00001003,A000847,2027-10-27,CLOSED
H00001004,A000848,2025-01-28,ACTIVE
H00001005,A000849,2025-10-09,ACTIVE
H00001006,A000850,2025-03-15,ACTIVE
H00001007,A000851,2026-03-30,ACTIVE
H00001008,A000852,2024-11-12,ACTIVE
H00001009,A000853,2025-08-16,ACTIVE
H00001010,A000854,2025-03-05,ACTIVE
H00001011,A000855,2025-10-27,ACTIVE
H00001012,A000856,2025-07-14,ACTIVE
H00001013,A000857,2025-03-29,ACTIVE
H00001014,A000858,2025-10-04,ACTIVE
H00001015,A000859,2026-03-17,ACTIVE
H00001016,A000860,2026-05-22,ACTIVE
H00001017,A000861,2024-07-23,ACTIVE
H00001018,A000862,2026-01-09,ACTIVE
H00001019,A000863,2025-12-08,ACTIVE
H00001020,A000864,2024-07-20,ACTIVE
H00001021,A000865,2026-05-16,ACTIVE
H00001022,A000866,2024-03-19,ACTIVE
H00001023,A000867,2025-10-20,ACTIVE
H00001024,A000868,2026-04-10,ACTIVE
H00001025,A000868,2027-11-27,CLOSED
H00001026,A000869,2024-08-24,ACTIVE
H00001027,A000869,2025-01-27,CLOSED
H00001028,A000870,2025-11-28,ACTIVE
H00001029,A000870,2026-04-05,CLOSED
H00001030,A000871,2026-01-16,ACTIVE
H00001031,A000872,2025-12-20,ACTIVE
H00001032,A000873,2024-01-08,ACTIVE
H00001033,A000874,2024-06-17,ACTIVE
H00001034,A000875,2026-04-10,ACTIVE
H00001035,A000876,2026-04-14,ACTIVE
H00001036,A000877,2025-06-20,ACTIVE
H00001037,A000878,2026-04-23,ACTIVE
H00001038,A000879,2024-09-15,ACTIVE
H00001039,A000880,2025-07-04,ACTIVE
H00001040,A000880,2025-11-10,WRITTEN_OFF
H00001041,A000881,2025-06-23,ACTIVE
H00001042,A000882,2026-03-17,ACTIVE
H00001043,A000883,2024-11-12,ACTIVE
H00001044,A000884,2025-09-15,ACTIVE
H00001045,A000885,2026-01-18,ACTIVE
H00001046,A000886,2024-11-14,ACTIVE
H00001047,A000887,2024-04-03,ACTIVE
H00001048,A000888,2024-10-18,ACTIVE
H00001049,A000889,2025-10-27,ACTIVE
H00001050,A000890,2024-08-27,ACTIVE
H00001051,A000891,2025-11-17,ACTIVE
H00001052,A000892,2026-01-28,ACTIVE
H00001053,A000893,2026-04-23,ACTIVE
H00001054,A000894,2025-02-16,ACTIVE
H00001055,A000895,2026-03-20,ACTIVE
H00001056,A000896,2024-12-30,ACTIVE
H00001057,A000897,2025-02-27,ACTIVE
H00001058,A000898,2026-05-15,ACTIVE
H00001059,A000899,2024-10-09,ACTIVE
H00001060,A000900,2025-04-20,ACTIVE
H00001061,A000901,2026-01-08,ACTIVE
H00001062,A000902,2024-02-18,ACTIVE
H00001063,A000903,2025-10-31,ACTIVE
H00001064,A000903,2026-06-15,CLOSED
H00001065,A000904,2024-12-11,ACTIVE
H00001066,A000904,2025-08-11,CLOSED
H00001067,A000905,2025-11-25,ACTIVE
H00001068,A000906,2024-10-22,ACTIVE
H00001069,A000907,2025-09-14,ACTIVE
H00001070,A000908,2024-02-23,ACTIVE
H00001071,A000909,2026-02-07,ACTIVE
H00001072,A000909,2027-03-11,CLOSED
H00001073,A000910,2024-05-31,ACTIVE
H00001074,A000911,2026-04-07,ACTIVE
H00001075,A000912,2025-08-26,ACTIVE
H00001076,A000913,2025-10-08,ACTIVE
H00001077,A000914,2026-01-05,ACTIVE
H00001078,A000915,2024-11-14,ACTIVE
H00001079,A000916,2024-01-02,ACTIVE
H00001080,A000917,2025-11-11,ACTIVE
H00001081,A000918,2024-08-13,ACTIVE
H00001082,A000919,2024-01-04,ACTIVE
H00001083,A000920,2025-06-27,ACTIVE
H00001084,A000921,2024-11-02,ACTIVE
H00001085,A000922,2026-03-05,ACTIVE
H00001086,A000922,2026-09-07,CLOSED
H00001087,A000923,2024-03-04,ACTIVE
H00001088,A000924,2025-04-26,ACTIVE
H00001089,A000924,2026-04-23,CLOSED
H00001090,A000925,2024-10-04,ACTIVE
H00001091,A000926,2024-05-11,ACTIVE
H00001092,A000927,2024-04-22,ACTIVE
H00001093,A000928,2024-08-13,ACTIVE
H00001094,A000929,2026-02-16,ACTIVE
H00001095,A000930,2026-04-03,ACTIVE
H00001096,A000931,2026-04-02,ACTIVE
H00001097,A000931,2027-10-17,CLOSED
H00001098,A000932,2024-11-02,ACTIVE
H00001099,A000933,2024-12-21,ACTIVE
H00001100,A000934,2026-03-22,ACTIVE
H00001101,A000935,2026-04-22,ACTIVE
H00001102,A000936,2025-09-18,ACTIVE
H00001103,A000936,2026-09-09,WRITTEN_OFF
H00001104,A000937,2024-03-13,ACTIVE
H00001105,A000938,2026-03-10,ACTIVE
H00001106,A000938,2027-10-17,WRITTEN_OFF
H00001107,A000939,2025-12-08,ACTIVE
H00001108,A000940,2024-09-09,ACTIVE
H00001109,A000941,2026-03-29,ACTIVE
H00001110,A000942,2025-03-05,ACTIVE
H00001111,A000943,2024-10-10,ACTIVE
H00001112,A000943,2026-04-11,CLOSED
H00001113,A000944,2025-08-10,ACTIVE
H00001114,A000945,2025-03-15,ACTIVE
H00001115,A000946,2024-03-09,ACTIVE
H00001116,A000946,2024-10-06,WRITTEN_OFF
H00001117,A000947,2026-05-05,ACTIVE
H00001118,A000948,2024-08-26,ACTIVE
H00001119,A000949,2025-09-27,ACTIVE
H00001120,A000950,2025-05-31,ACTIVE
H00001121,A000950,2025-10-05,WRITTEN_OFF
H00001122,A000951,2026-02-05,ACTIVE
H00001123,A000951,2026-10-01,CLOSED
H00001124,A000952,2024-11-29,ACTIVE
H00001125,A000953,2024-12-23,ACTIVE
H00001126,A000954,2024-09-19,ACTIVE
H00001127,A000955,2025-04-05,ACTIVE
H00001128,A000955,2026-10-15,CLOSED
H00001129,A000956,2026-03-06,ACTIVE
H00001130,A000957,2024-07-24,ACTIVE
H00001131,A000958,2024-01-04,ACTIVE
H00001132,A000959,2026-05-03,ACTIVE
H00001133,A000960,2025-09-06,ACTIVE
H00001134,A000961,2025-11-03,ACTIVE
H00001135,A000961,2027-02-15,CLOSED
H00001136,A000962,2024-03-15,ACTIVE
H00001137,A000963,2026-04-08,ACTIVE
H00001138,A000964,2026-02-24,ACTIVE
H00001139,A000965,2025-06-21,ACTIVE
H00001140,A000966,2024-06-30,ACTIVE
H00001141,A000967,2025-04-26,ACTIVE
H00001142,A000968,2025-07-14,ACTIVE
H00001143,A000968,2026-08-11,WRITTEN_OFF
H00001144,A000969,2025-12-11,ACTIVE
H00001145,A000969,2027-01-12,CLOSED
H00001146,A000970,2024-12-05,ACTIVE
H00001147,A000971,2025-03-01,ACTIVE
H00001148,A000972,2024-12-12,ACTIVE
H00001149,A000973,2025-03-21,ACTIVE
H00001150,A000974,2025-04-13,ACTIVE
H00001151,A000975,2024-01-31,ACTIVE
H00001152,A000976,2024-11-05,ACTIVE
H00001153,A000976,2025-07-02,CLOSED
H00001154,A000977,2025-10-10,ACTIVE
H00001155,A000978,2024-02-28,ACTIVE
H00001156,A000979,2025-03-16,ACTIVE
H00001157,A000980,2025-12-02,ACTIVE
H00001158,A000980,2026-06-27,CLOSED
H00001159,A000981,2024-07-16,ACTIVE
H00001160,A000982,2026-05-18,ACTIVE
H00001161,A000983,2026-05-22,ACTIVE
H00001162,A000984,2024-12-31,ACTIVE
H00001163,A000985,2026-01-07,ACTIVE
H00001164,A000986,2026-04-10,ACTIVE
H00001165,A000987,2024-01-25,ACTIVE
H00001166,A000988,2025-09-16,ACTIVE
H00001167,A000988,2026-08-14,CLOSED
H00001168,A000989,2024-10-21,ACTIVE
H00001169,A000990,2026-03-15,ACTIVE
H00001170,A000991,2025-09-07,ACTIVE
H00001171,A000992,2025-02-27,ACTIVE
H00001172,A000993,2024-10-04,ACTIVE
H00001173,A000994,2025-11-20,ACTIVE
H00001174,A000995,2024-07-04,ACTIVE
H00001175,A000995,2025-04-14,CLOSED
H00001176,A000996,2025-02-08,ACTIVE
H00001177,A000997,2025-02-13,ACTIVE
H00001178,A000998,2026-03-10,ACTIVE
H00001179,A000998,2027-06-26,CLOSED
H00001180,A000999,2025-04-21,ACTIVE
H00001181,A001000,2024-01-02,ACTIVE
H00001182,A001000,2024-09-30,CLOSED
H00001183,A001001,2025-02-03,ACTIVE
H00001184,A001002,2024-12-15,ACTIVE
H00001185,A001003,2025-06-29,ACTIVE
H00001186,A001004,2024-05-16,ACTIVE
H00001187,A001005,2024-09-27,ACTIVE
H00001188,A001006,2025-05-03,ACTIVE
H00001189,A001006,2025-10-03,WRITTEN_OFF
H00001190,A001007,2024-02-12,ACTIVE
H00001191,A001008,2025-07-22,ACTIVE
H00001192,A001009,2024-01-24,ACTIVE
H00001193,A001010,2026-01-23,ACTIVE
H00001194,A001011,2024-10-05,ACTIVE
H00001195,A001011,2025-01-21,CLOSED
H00001196,A001012,2025-06-23,ACTIVE
H00001197,A001013,2024-03-03,ACTIVE
H00001198,A001014,2026-05-02,ACTIVE
H00001199,A001015,2025-03-26,ACTIVE
H00001200,A001016,2024-08-06,ACTIVE
H00001201,A001017,2024-04-22,ACTIVE
H00001202,A001018,2024-02-16,ACTIVE
H00001203,A001018,2025-02-11,CLOSED
H00001204,A001019,2024-01-01,ACTIVE
H00001205,A001019,2024-05-12,WRITTEN_OFF
H00001206,A001020,2025-04-28,ACTIVE
H00001207,A001021,2026-04-07,ACTIVE
H00001208,A001022,2024-09-25,ACTIVE
H00001209,A001023,2025-06-29,ACTIVE
H00001210,A001024,2025-12-17,ACTIVE
H00001211,A001025,2026-03-28,ACTIVE
H00001212,A001026,2024-06-25,ACTIVE
H00001213,A001026,2025-11-11,CLOSED
H00001214,A001027,2025-03-27,ACTIVE
H00001215,A001027,2026-09-11,CLOSED
H00001216,A001028,2025-05-29,ACTIVE
H00001217,A001029,2026-02-18,ACTIVE
H00001218,A001030,2025-03-09,ACTIVE
H00001219,A001031,2025-11-04,ACTIVE
H00001220,A001031,2027-02-21,CLOSED
H00001221,A001032,2026-03-21,ACTIVE
H00001222,A001033,2025-06-22,ACTIVE
H00001223,A001034,2025-01-25,ACTIVE
H00001224,A001035,2025-03-05,ACTIVE
H00001225,A001036,2024-05-04,ACTIVE
H00001226,A001036,2025-05-28,WRITTEN_OFF
H00001227,A001037,2024-02-23,ACTIVE
H00001228,A001038,2025-08-04,ACTIVE
H00001229,A001039,2025-03-16,ACTIVE
H00001230,A001040,2024-02-02,ACTIVE
H00001231,A001041,2024-07-27,ACTIVE
H00001232,A001042,2024-08-23,ACTIVE
H00001233,A001043,2026-05-31,ACTIVE
H00001234,A001044,2024-01-23,ACTIVE
H00001235,A001045,2024-06-17,ACTIVE
H00001236,A001046,2025-03-31,ACTIVE
H00001237,A001046,2026-03-25,CLOSED
H00001238,A001047,2025-01-22,ACTIVE
H00001239,A001047,2025-07-27,WRITTEN_OFF
H00001240,A001048,2026-03-26,ACTIVE
H00001241,A001049,2024-04-13,ACTIVE
H00001242,A001050,2024-01-26,ACTIVE
H00001243,A001051,2025-03-07,ACTIVE
H00001244,A001052,2024-01-06,ACTIVE
H00001245,A001052,2024-05-08,CLOSED
H00001246,A001053,2025-12-09,ACTIVE
H00001247,A001054,2024-10-09,ACTIVE
H00001248,A001055,2025-10-18,ACTIVE
H00001249,A001056,2026-01-28,ACTIVE
H00001250,A001057,2024-05-16,ACTIVE
H00001251,A001057,2025-12-31,CLOSED
H00001252,A001058,2026-01-19,ACTIVE
H00001253,A001059,2025-08-08,ACTIVE
H00001254,A001060,2024-01-20,ACTIVE
H00001255,A001061,2025-02-24,ACTIVE
H00001256,A001062,2024-09-02,ACTIVE
H00001257,A001063,2024-12-25,ACTIVE
H00001258,A001064,2025-05-21,ACTIVE
H00001259,A001064,2026-11-14,CLOSED
H00001260,A001065,2024-07-19,ACTIVE
H00001261,A001066,2025-11-11,ACTIVE
H00001262,A001066,2027-06-30,CLOSED
H00001263,A001067,2026-04-10,ACTIVE
H00001264,A001068,2025-02-09,ACTIVE
H00001265,A001068,2026-05-01,CLOSED
H00001266,A001069,2026-02-25,ACTIVE
H00001267,A001070,2024-06-15,ACTIVE
H00001268,A001070,2025-06-18,WRITTEN_OFF
H00001269,A001071,2025-12-12,ACTIVE
H00001270,A001072,2024-12-31,ACTIVE
H00001271,A001073,2024-08-25,ACTIVE
H00001272,A001074,2024-04-07,ACTIVE
H00001273,A001075,2024-01-08,ACTIVE
H00001274,A001076,2024-09-18,ACTIVE
H00001275,A001076,2025-04-06,CLOSED
H00001276,A001077,2025-11-30,ACTIVE
H00001277,A001078,2025-05-28,ACTIVE
H00001278,A001079,2025-01-16,ACTIVE
H00001279,A001080,2024-01-23,ACTIVE
H00001280,A001081,2025-09-06,ACTIVE
H00001281,A001082,2025-11-25,ACTIVE
H00001282,A001083,2025-11-30,ACTIVE
H00001283,A001084,2026-02-21,ACTIVE
H00001284,A001085,2025-09-29,ACTIVE
H00001285,A001086,2024-06-12,ACTIVE
H00001286,A001087,2026-02-05,ACTIVE
H00001287,A001088,2026-03-26,ACTIVE
H00001288,A001089,2024-08-26,ACTIVE
H00001289,A001089,2025-04-25,CLOSED
H00001290,A001090,2024-12-01,ACTIVE
H00001291,A001091,2026-03-07,ACTIVE
H00001292,A001091,2026-12-18,CLOSED
H00001293,A001092,2024-07-24,ACTIVE
H00001294,A001093,2026-01-19,ACTIVE
H00001295,A001093,2027-03-26,CLOSED
H00001296,A001094,2025-07-29,ACTIVE
H00001297,A001095,2024-08-21,ACTIVE
H00001298,A001096,2024-06-06,ACTIVE
H00001299,A001097,2026-01-22,ACTIVE
H00001300,A001098,2025-09-25,ACTIVE
H00001301,A001099,2025-05-29,ACTIVE
H00001302,A001100,2024-02-19,ACTIVE
H00001303,A001101,2025-04-20,ACTIVE
H00001304,A001102,2025-09-01,ACTIVE
H00001305,A001103,2025-02-05,ACTIVE
H00001306,A001104,2024-05-20,ACTIVE
H00001307,A001105,2024-07-14,ACTIVE
H00001308,A001106,2024-01-01,ACTIVE
H00001309,A001107,2024-02-19,ACTIVE
H00001310,A001108,2025-10-08,ACTIVE
H00001311,A001109,2025-01-11,ACTIVE
H00001312,A001110,2024-02-04,ACTIVE
H00001313,A001111,2025-11-29,ACTIVE
H00001314,A001112,2024-07-04,ACTIVE
H00001315,A001113,2026-04-04,ACTIVE
H00001316,A001114,2025-03-09,ACTIVE
H00001317,A001114,2026-01-17,CLOSED
H00001318,A001115,2026-05-12,ACTIVE
H00001319,A001116,2024-08-13,ACTIVE
H00001320,A001117,2025-10-15,ACTIVE
H00001321,A001118,2024-11-14,ACTIVE
H00001322,A001118,2025-05-31,CLOSED
H00001323,A001119,2024-05-27,ACTIVE
H00001324,A001120,2024-04-08,ACTIVE
H00001325,A001121,2025-02-18,ACTIVE
H00001326,A001122,2024-08-19,ACTIVE
H00001327,A001122,2025-08-06,CLOSED
H00001328,A001123,2024-03-24,ACTIVE
H00001329,A001124,2025-12-28,ACTIVE
H00001330,A001125,2025-11-26,ACTIVE
H00001331,A001126,2025-10-31,ACTIVE
H00001332,A001127,2024-11-01,ACTIVE
H00001333,A001128,2024-12-16,ACTIVE
H00001334,A001129,2025-05-24,ACTIVE
H00001335,A001130,2026-05-28,ACTIVE
H00001336,A001131,2024-08-02,ACTIVE
H00001337,A001132,2024-01-02,ACTIVE
H00001338,A001133,2026-02-01,ACTIVE
H00001339,A001134,2024-12-01,ACTIVE
H00001340,A001135,2024-12-31,ACTIVE
H00001341,A001135,2025-07-24,CLOSED
H00001342,A001136,2024-03-09,ACTIVE
H00001343,A001137,2024-06-20,ACTIVE
H00001344,A001138,2026-03-08,ACTIVE
H00001345,A001138,2027-02-15,CLOSED
H00001346,A001139,2024-06-21,ACTIVE
H00001347,A001140,2024-01-15,ACTIVE
H00001348,A001141,2025-10-18,ACTIVE
H00001349,A001142,2025-02-21,ACTIVE
H00001350,A001143,2025-03-08,ACTIVE
H00001351,A001144,2024-12-08,ACTIVE
H00001352,A001145,2025-03-23,ACTIVE
H00001353,A001146,2025-11-13,ACTIVE
H00001354,A001146,2027-03-01,CLOSED
H00001355,A001147,2025-12-28,ACTIVE
H00001356,A001148,2025-08-04,ACTIVE
H00001357,A001149,2025-09-20,ACTIVE
H00001358,A001150,2026-05-09,ACTIVE
H00001359,A001151,2025-12-23,ACTIVE
H00001360,A001152,2024-01-23,ACTIVE
H00001361,A001153,2024-02-27,ACTIVE
H00001362,A001154,2026-02-24,ACTIVE
H00001363,A001155,2024-05-14,ACTIVE
H00001364,A001156,2024-04-23,ACTIVE
H00001365,A001157,2025-05-22,ACTIVE
H00001366,A001158,2025-10-30,ACTIVE
H00001367,A001159,2025-08-18,ACTIVE
H00001368,A001160,2025-11-15,ACTIVE
H00001369,A001161,2026-04-04,ACTIVE
H00001370,A001162,2024-04-11,ACTIVE
H00001371,A001163,2025-06-19,ACTIVE
H00001372,A001163,2026-08-23,WRITTEN_OFF
H00001373,A001164,2024-08-19,ACTIVE
H00001374,A001164,2025-11-09,CLOSED
H00001375,A001165,2024-02-24,ACTIVE
H00001376,A001166,2025-09-27,ACTIVE
H00001377,A001167,2024-03-13,ACTIVE
H00001378,A001168,2026-02-03,ACTIVE
H00001379,A001169,2025-03-30,ACTIVE
H00001380,A001170,2024-05-09,ACTIVE
H00001381,A001171,2025-12-07,ACTIVE
H00001382,A001171,2027-05-23,CLOSED
H00001383,A001172,2024-05-05,ACTIVE
H00001384,A001173,2025-04-02,ACTIVE
H00001385,A001173,2025-07-25,CLOSED
H00001386,A001174,2025-11-20,ACTIVE
H00001387,A001175,2026-01-28,ACTIVE
H00001388,A001176,2026-05-20,ACTIVE
H00001389,A001177,2024-06-10,ACTIVE
H00001390,A001178,2024-02-07,ACTIVE
H00001391,A001178,2025-05-25,CLOSED
H00001392,A001179,2025-12-23,ACTIVE
H00001393,A001180,2025-08-31,ACTIVE
H00001394,A001181,2026-04-06,ACTIVE
H00001395,A001182,2025-07-15,ACTIVE
H00001396,A001183,2025-02-05,ACTIVE
H00001397,A001184,2025-04-24,ACTIVE
H00001398,A001185,2026-03-01,ACTIVE
H00001399,A001186,2024-06-15,ACTIVE
H00001400,A001187,2025-10-22,ACTIVE
H00001401,A001188,2024-11-24,ACTIVE
H00001402,A001189,2025-12-16,ACTIVE
H00001403,A001190,2025-04-09,ACTIVE
H00001404,A001191,2025-10-11,ACTIVE
H00001405,A001192,2025-10-08,ACTIVE
H00001406,A001193,2026-01-25,ACTIVE
H00001407,A001194,2025-01-31,ACTIVE
H00001408,A001195,2026-04-13,ACTIVE
H00001409,A001196,2024-03-05,ACTIVE
H00001410,A001196,2024-06-09,CLOSED
H00001411,A001197,2025-02-21,ACTIVE
H00001412,A001198,2024-08-21,ACTIVE
H00001413,A001199,2025-02-16,ACTIVE
H00001414,A001199,2025-11-02,CLOSED
H00001415,A001200,2024-01-26,ACTIVE
H00001416,A001201,2024-12-05,ACTIVE
H00001417,A001202,2026-05-16,ACTIVE
H00001418,A001203,2024-08-26,ACTIVE
H00001419,A001204,2024-05-10,ACTIVE
H00001420,A001205,2025-01-24,ACTIVE
H00001421,A001206,2026-02-05,ACTIVE
H00001422,A001207,2025-05-07,ACTIVE
H00001423,A001208,2025-07-19,ACTIVE
H00001424,A001209,2024-11-09,ACTIVE
H00001425,A001210,2024-01-22,ACTIVE
H00001426,A001211,2026-03-18,ACTIVE
H00001427,A001212,2026-02-10,ACTIVE
H00001428,A001213,2026-01-17,ACTIVE
H00001429,A001213,2027-05-20,CLOSED
H00001430,A001214,2026-01-12,ACTIVE
H00001431,A001215,2025-09-11,ACTIVE
H00001432,A001215,2027-03-15,CLOSED
H00001433,A001216,2025-01-23,ACTIVE
H00001434,A001217,2025-12-07,ACTIVE
H00001435,A001218,2026-01-09,ACTIVE
H00001436,A001218,2026-08-16,CLOSED
H00001437,A001219,2025-07-13,ACTIVE
H00001438,A001220,2024-09-18,ACTIVE
H00001439,A001221,2025-02-13,ACTIVE
H00001440,A001222,2024-08-02,ACTIVE
H00001441,A001223,2026-01-21,ACTIVE
H00001442,A001224,2026-03-06,ACTIVE
H00001443,A001225,2024-05-22,ACTIVE
H00001444,A001226,2025-09-27,ACTIVE
H00001445,A001227,2025-03-10,ACTIVE
H00001446,A001227,2025-09-17,CLOSED
H00001447,A001228,2024-04-15,ACTIVE
H00001448,A001229,2024-12-14,ACTIVE
H00001449,A001230,2024-11-20,ACTIVE
H00001450,A001231,2024-09-23,ACTIVE
H00001451,A001232,2025-07-03,ACTIVE
H00001452,A001233,2025-03-30,ACTIVE
H00001453,A001233,2026-03-19,CLOSED
H00001454,A001234,2024-02-20,ACTIVE
H00001455,A001235,2025-01-15,ACTIVE
H00001456,A001236,2025-09-02,ACTIVE
H00001457,A001237,2024-01-04,ACTIVE
H00001458,A001238,2024-03-24,ACTIVE
H00001459,A001239,2024-06-05,ACTIVE
H00001460,A001240,2026-05-18,ACTIVE
H00001461,A001241,2025-07-20,ACTIVE
H00001462,A001242,2024-03-01,ACTIVE
H00001463,A001243,2026-03-10,ACTIVE
H00001464,A001243,2027-06-14,CLOSED
H00001465,A001244,2024-06-27,ACTIVE
H00001466,A001245,2024-11-23,ACTIVE
H00001467,A001246,2026-05-20,ACTIVE
H00001468,A001247,2025-05-29,ACTIVE
H00001469,A001248,2025-11-06,ACTIVE
H00001470,A001249,2025-01-30,ACTIVE
H00001471,A001250,2024-11-10,ACTIVE
H00001472,A001250,2025-12-12,CLOSED
H00001473,A001251,2025-07-11,ACTIVE
H00001474,A001252,2024-08-26,ACTIVE
H00001475,A001253,2024-05-10,ACTIVE
H00001476,A001254,2025-06-09,ACTIVE
H00001477,A001255,2026-04-24,ACTIVE
H00001478,A001255,2027-07-01,CLOSED
H00001479,A001256,2024-05-03,ACTIVE
H00001480,A001257,2026-01-06,ACTIVE
H00001481,A001258,2025-01-05,ACTIVE
H00001482,A001259,2025-08-22,ACTIVE
H00001483,A001260,2024-11-08,ACTIVE
H00001484,A001260,2025-08-28,CLOSED
H00001485,A001261,2025-03-18,ACTIVE
H00001486,A001261,2026-07-11,WRITTEN_OFF
H00001487,A001262,2024-01-09,ACTIVE
H00001488,A001262,2024-05-14,CLOSED
H00001489,A001263,2025-07-08,ACTIVE
H00001490,A001264,2025-12-31,ACTIVE
H00001491,A001265,2025-03-28,ACTIVE
H00001492,A001265,2025-07-21,WRITTEN_OFF
H00001493,A001266,2024-01-22,ACTIVE
H00001494,A001267,2025-03-25,ACTIVE
H00001495,A001268,2025-11-18,ACTIVE
H00001496,A001269,2026-01-01,ACTIVE
H00001497,A001269,2027-08-19,CLOSED
H00001498,A001270,2025-07-31,ACTIVE
H00001499,A001271,2025-02-28,ACTIVE
H00001500,A001272,2024-11-29,ACTIVE
H00001501,A001272,2025-05-03,CLOSED
H00001502,A001273,2024-05-12,ACTIVE
H00001503,A001274,2025-01-22,ACTIVE
H00001504,A001275,2026-05-18,ACTIVE
H00001505,A001276,2026-02-01,ACTIVE
H00001506,A001277,2024-03-07,ACTIVE
H00001507,A001278,2025-09-10,ACTIVE
H00001508,A001279,2025-09-22,ACTIVE
H00001509,A001280,2026-05-25,ACTIVE
H00001510,A001280,2027-12-27,CLOSED
H00001511,A001281,2025-01-15,ACTIVE
H00001512,A001282,2024-08-27,ACTIVE
H00001513,A001283,2024-12-15,ACTIVE
H00001514,A001284,2024-01-24,ACTIVE
H00001515,A001285,2026-04-02,ACTIVE
H00001516,A001286,2024-10-03,ACTIVE
H00001517,A001287,2026-04-26,ACTIVE
H00001518,A001288,2025-10-22,ACTIVE
H00001519,A001289,2025-07-26,ACTIVE
H00001520,A001290,2025-04-27,ACTIVE
H00001521,A001291,2025-03-05,ACTIVE
H00001522,A001292,2025-06-24,ACTIVE
H00001523,A001293,2026-04-26,ACTIVE
H00001524,A001294,2026-02-22,ACTIVE
H00001525,A001295,2025-12-24,ACTIVE
H00001526,A001296,2025-11-18,ACTIVE
H00001527,A001296,2027-02-04,CLOSED
H00001528,A001297,2025-03-30,ACTIVE
H00001529,A001298,2025-05-06,ACTIVE
H00001530,A001298,2026-03-30,CLOSED
H00001531,A001299,2024-10-02,ACTIVE
H00001532,A001299,2025-05-26,WRITTEN_OFF
H00001533,A001300,2025-01-27,ACTIVE
H00001534,A001301,2026-03-04,ACTIVE
H00001535,A001302,2024-08-01,ACTIVE
H00001536,A001303,2024-05-23,ACTIVE
H00001537,A001304,2026-03-07,ACTIVE
H00001538,A001305,2024-09-29,ACTIVE
H00001539,A001306,2025-06-22,ACTIVE
H00001540,A001307,2024-04-29,ACTIVE
H00001541,A001308,2026-02-10,ACTIVE
H00001542,A001308,2027-01-21,WRITTEN_OFF
H00001543,A001309,2026-01-28,ACTIVE
H00001544,A001310,2024-04-19,ACTIVE
H00001545,A001311,2024-04-22,ACTIVE
H00001546,A001312,2026-05-11,ACTIVE
H00001547,A001313,2024-03-07,ACTIVE
H00001548,A001314,2024-09-21,ACTIVE
H00001549,A001314,2025-03-05,CLOSED
H00001550,A001315,2025-09-21,ACTIVE
H00001551,A001316,2025-01-05,ACTIVE
H00001552,A001316,2025-12-19,CLOSED
H00001553,A001317,2024-11-20,ACTIVE
H00001554,A001317,2025-11-23,WRITTEN_OFF
H00001555,A001318,2025-05-19,ACTIVE
H00001556,A001318,2025-08-18,CLOSED
H00001557,A001319,2025-06-02,ACTIVE
H00001558,A001320,2025-01-01,ACTIVE
H00001559,A001321,2025-10-16,ACTIVE
H00001560,A001321,2027-03-16,CLOSED
H00001561,A001322,2024-01-29,ACTIVE
H00001562,A001323,2024-01-28,ACTIVE
H00001563,A001324,2025-12-21,ACTIVE
H00001564,A001324,2026-07-25,CLOSED
H00001565,A001325,2025-01-02,ACTIVE
H00001566,A001326,2025-01-23,ACTIVE
H00001567,A001327,2026-02-19,ACTIVE
H00001568,A001328,2025-05-18,ACTIVE
H00001569,A001328,2026-09-19,WRITTEN_OFF
H00001570,A001329,2025-08-03,ACTIVE
H00001571,A001330,2024-11-05,ACTIVE
H00001572,A001331,2025-07-17,ACTIVE
H00001573,A001331,2026-06-24,WRITTEN_OFF
H00001574,A001332,2025-10-22,ACTIVE
H00001575,A001333,2025-06-09,ACTIVE
H00001576,A001334,2024-06-10,ACTIVE
H00001577,A001335,2025-10-05,ACTIVE
H00001578,A001336,2025-11-24,ACTIVE
H00001579,A001337,2024-05-23,ACTIVE
H00001580,A001338,2025-02-28,ACTIVE
H00001581,A001339,2025-06-20,ACTIVE
H00001582,A001340,2024-03-18,ACTIVE
H00001583,A001341,2024-02-12,ACTIVE
H00001584,A001342,2024-04-07,ACTIVE
H00001585,A001343,2024-04-16,ACTIVE
H00001586,A001344,2026-04-19,ACTIVE
H00001587,A001345,2026-04-10,ACTIVE
H00001588,A001346,2024-05-18,ACTIVE
H00001589,A001347,2025-07-20,ACTIVE
H00001590,A001348,2024-03-16,ACTIVE
H00001591,A001349,2024-12-22,ACTIVE
H00001592,A001349,2025-03-31,CLOSED
H00001593,A001350,2024-07-08,ACTIVE
H00001594,A001351,2025-01-11,ACTIVE
H00001595,A001352,2025-11-22,ACTIVE
H00001596,A001353,2025-05-12,ACTIVE
H00001597,A001354,2024-10-12,ACTIVE
H00001598,A001355,2024-03-26,ACTIVE
H00001599,A001356,2025-08-18,ACTIVE
H00001600,A001357,2024-03-18,ACTIVE
H00001601,A001357,2024-08-26,WRITTEN_OFF
H00001602,A001358,2024-07-01,ACTIVE
H00001603,A001359,2024-07-05,ACTIVE
H00001604,A001359,2025-11-21,WRITTEN_OFF
H00001605,A001360,2025-07-09,ACTIVE
H00001606,A001360,2026-06-19,CLOSED
H00001607,A001361,2025-01-25,ACTIVE
H00001608,A001362,2025-05-16,ACTIVE
H00001609,A001363,2025-12-14,ACTIVE
H00001610,A001364,2024-12-08,ACTIVE
H00001611,A001365,2025-08-02,ACTIVE
H00001612,A001366,2025-06-23,ACTIVE
H00001613,A001366,2027-02-05,WRITTEN_OFF
H00001614,A001367,2024-09-02,ACTIVE
H00001615,A001368,2024-08-29,ACTIVE
H00001616,A001369,2025-12-09,ACTIVE
H00001617,A001369,2027-04-18,CLOSED
H00001618,A001370,2025-03-29,ACTIVE
H00001619,A001371,2024-11-13,ACTIVE
H00001620,A001372,2024-08-23,ACTIVE
H00001621,A001373,2025-08-23,ACTIVE
H00001622,A001374,2024-06-25,ACTIVE
H00001623,A001375,2024-07-29,ACTIVE
H00001624,A001376,2025-02-28,ACTIVE
H00001625,A001377,2024-01-23,ACTIVE
H00001626,A001377,2024-05-05,CLOSED
H00001627,A001378,2025-07-07,ACTIVE
H00001628,A001379,2025-11-25,ACTIVE
H00001629,A001380,2024-11-07,ACTIVE
H00001630,A001381,2025-03-28,ACTIVE
H00001631,A001382,2025-10-01,ACTIVE
H00001632,A001383,2025-03-03,ACTIVE
H00001633,A001384,2026-03-17,ACTIVE
H00001634,A001385,2025-06-27,ACTIVE
H00001635,A001386,2025-11-01,ACTIVE
H00001636,A001386,2026-02-12,WRITTEN_OFF
H00001637,A001387,2025-09-11,ACTIVE
H00001638,A001388,2025-10-08,ACTIVE
H00001639,A001389,2026-04-01,ACTIVE
H00001640,A001390,2026-03-27,ACTIVE
H00001641,A001391,2024-06-06,ACTIVE
H00001642,A001392,2025-04-03,ACTIVE
H00001643,A001393,2024-05-01,ACTIVE
H00001644,A001394,2026-04-27,ACTIVE
H00001645,A001395,2025-07-06,ACTIVE
H00001646,A001396,2025-05-16,ACTIVE
H00001647,A001397,2025-01-28,ACTIVE
H00001648,A001398,2024-07-04,ACTIVE
H00001649,A001399,2025-01-18,ACTIVE
H00001650,A001400,2025-05-14,ACTIVE
H00001651,A001401,2024-07-16,ACTIVE
H00001652,A001402,2025-12-06,ACTIVE
H00001653,A001402,2026-09-28,CLOSED
H00001654,A001403,2026-03-04,ACTIVE
H00001655,A001404,2025-09-30,ACTIVE
H00001656,A001405,2024-06-22,ACTIVE
H00001657,A001406,2025-03-04,ACTIVE
H00001658,A001407,2026-05-06,ACTIVE
H00001659,A001408,2025-04-28,ACTIVE
H00001660,A001409,2024-02-27,ACTIVE
H00001661,A001410,2025-02-24,ACTIVE
H00001662,A001411,2024-06-12,ACTIVE
H00001663,A001411,2025-07-30,CLOSED
H00001664,A001412,2024-10-27,ACTIVE
H00001665,A001413,2026-04-09,ACTIVE
H00001666,A001414,2025-09-20,ACTIVE
H00001667,A001415,2025-11-12,ACTIVE
H00001668,A001416,2026-05-16,ACTIVE
H00001669,A001417,2025-05-28,ACTIVE
H00001670,A001418,2025-06-08,ACTIVE
H00001671,A001419,2024-05-04,ACTIVE
H00001672,A001420,2024-01-12,ACTIVE
H00001673,A001421,2025-02-16,ACTIVE
H00001674,A001422,2025-09-22,ACTIVE
H00001675,A001423,2024-12-02,ACTIVE
H00001676,A001424,2025-08-10,ACTIVE
H00001677,A001424,2026-03-15,CLOSED
H00001678,A001425,2025-01-26,ACTIVE
H00001679,A001425,2025-06-06,WRITTEN_OFF
H00001680,A001426,2025-12-25,ACTIVE
H00001681,A001427,2025-01-06,ACTIVE
H00001682,A001428,2024-08-07,ACTIVE
H00001683,A001429,2025-05-19,ACTIVE
H00001684,A001430,2025-12-04,ACTIVE
H00001685,A001431,2025-06-29,ACTIVE
H00001686,A001432,2025-11-30,ACTIVE
H00001687,A001433,2024-10-29,ACTIVE
H00001688,A001434,2025-11-18,ACTIVE
H00001689,A001434,2027-06-14,WRITTEN_OFF
H00001690,A001435,2026-01-28,ACTIVE
H00001691,A001436,2026-05-10,ACTIVE
H00001692,A001437,2024-08-05,ACTIVE
H00001693,A001438,2024-05-10,ACTIVE
H00001694,A001439,2024-04-30,ACTIVE
H00001695,A001440,2025-08-11,ACTIVE
H00001696,A001441,2025-04-11,ACTIVE
H00001697,A001442,2026-04-14,ACTIVE
H00001698,A001443,2024-02-07,ACTIVE
H00001699,A001444,2026-03-16,ACTIVE
H00001700,A001445,2025-08-02,ACTIVE
H00001701,A001446,2024-05-16,ACTIVE
H00001702,A001447,2025-11-07,ACTIVE
H00001703,A001448,2025-09-05,ACTIVE
H00001704,A001449,2024-03-27,ACTIVE
H00001705,A001450,2025-03-16,ACTIVE
H00001706,A001451,2026-01-26,ACTIVE
H00001707,A001451,2027-01-08,WRITTEN_OFF
H00001708,A001452,2026-02-27,ACTIVE
H00001709,A001453,2025-05-04,ACTIVE
H00001710,A001454,2026-02-12,ACTIVE
H00001711,A001455,2025-02-02,ACTIVE
H00001712,A001456,2025-11-26,ACTIVE
H00001713,A001457,2026-04-16,ACTIVE
H00001714,A001458,2025-06-16,ACTIVE
H00001715,A001459,2024-10-18,ACTIVE
H00001716,A001460,2025-07-18,ACTIVE
H00001717,A001461,2025-10-04,ACTIVE
H00001718,A001462,2025-12-25,ACTIVE
H00001719,A001463,2024-07-28,ACTIVE
H00001720,A001464,2025-07-04,ACTIVE
H00001721,A001465,2024-04-18,ACTIVE
H00001722,A001465,2025-07-22,WRITTEN_OFF
H00001723,A001466,2024-10-28,ACTIVE
H00001724,A001467,2024-12-27,ACTIVE
H00001725,A001467,2026-06-11,WRITTEN_OFF
H00001726,A001468,2025-09-11,ACTIVE
H00001727,A001469,2025-06-14,ACTIVE
H00001728,A001470,2025-01-08,ACTIVE
H00001729,A001471,2025-01-18,ACTIVE
H00001730,A001472,2024-11-07,ACTIVE
H00001731,A001473,2024-10-23,ACTIVE
H00001732,A001473,2025-03-03,CLOSED
H00001733,A001474,2025-09-16,ACTIVE
H00001734,A001475,2025-03-31,ACTIVE
H00001735,A001476,2026-01-24,ACTIVE
H00001736,A001477,2026-05-22,ACTIVE
H00001737,A001478,2025-11-04,ACTIVE
H00001738,A001478,2027-01-18,CLOSED
H00001739,A001479,2024-06-27,ACTIVE
H00001740,A001480,2025-06-04,ACTIVE
H00001741,A001481,2024-10-29,ACTIVE
H00001742,A001482,2024-01-20,ACTIVE
H00001743,A001483,2024-10-15,ACTIVE
H00001744,A001484,2025-06-02,ACTIVE
H00001745,A001485,2024-09-14,ACTIVE
H00001746,A001486,2024-02-21,ACTIVE
H00001747,A001487,2026-03-15,ACTIVE
H00001748,A001488,2025-07-05,ACTIVE
H00001749,A001489,2025-09-27,ACTIVE
H00001750,A001490,2025-10-02,ACTIVE
H00001751,A001491,2025-08-01,ACTIVE
H00001752,A001492,2025-02-06,ACTIVE
H00001753,A001493,2025-03-27,ACTIVE
H00001754,A001493,2025-12-19,CLOSED
H00001755,A001494,2025-03-17,ACTIVE
H00001756,A001495,2026-02-06,ACTIVE
H00001757,A001495,2027-02-12,CLOSED
H00001758,A001496,2025-03-31,ACTIVE
H00001759,A001497,2026-04-20,ACTIVE
H00001760,A001498,2025-06-13,ACTIVE
H00001761,A001498,2026-02-06,WRITTEN_OFF
H00001762,A001499,2024-01-24,ACTIVE
H00001763,A001500,2024-03-02,ACTIVE
H00001764,A001501,2026-02-13,ACTIVE
H00001765,A001502,2024-10-09,ACTIVE
H00001766,A001503,2026-02-20,ACTIVE
H00001767,A001504,2024-08-12,ACTIVE
H00001768,A001505,2024-12-27,ACTIVE
H00001769,A001505,2026-07-03,CLOSED
H00001770,A001506,2024-07-16,ACTIVE
H00001771,A001507,2024-12-20,ACTIVE
H00001772,A001507,2025-05-09,WRITTEN_OFF
H00001773,A001508,2024-08-24,ACTIVE
H00001774,A001509,2024-12-16,ACTIVE
H00001775,A001510,2026-03-07,ACTIVE
H00001776,A001511,2025-08-26,ACTIVE
H00001777,A001512,2026-01-19,ACTIVE
H00001778,A001513,2024-04-03,ACTIVE
H00001779,A001514,2025-09-14,ACTIVE
H00001780,A001515,2024-04-06,ACTIVE
H00001781,A001516,2026-02-02,ACTIVE
H00001782,A001517,2026-01-16,ACTIVE
H00001783,A001518,2026-05-26,ACTIVE
H00001784,A001519,2024-09-25,ACTIVE
H00001785,A001519,2025-08-02,WRITTEN_OFF
H00001786,A001520,2025-12-02,ACTIVE
H00001787,A001520,2027-06-17,CLOSED
H00001788,A001521,2026-02-16,ACTIVE
H00001789,A001522,2025-09-07,ACTIVE
H00001790,A001523,2024-05-28,ACTIVE
H00001791,A001524,2025-07-08,ACTIVE
H00001792,A001525,2026-03-29,ACTIVE
H00001793,A001525,2027-05-16,CLOSED
H00001794,A001526,2025-06-28,ACTIVE
H00001795,A001527,2025-11-02,ACTIVE
H00001796,A001528,2025-09-29,ACTIVE
H00001797,A001529,2025-07-14,ACTIVE
H00001798,A001530,2024-09-07,ACTIVE
H00001799,A001531,2025-03-16,ACTIVE
H00001800,A001532,2026-06-01,ACTIVE
H00001801,A001532,2027-12-18,CLOSED
H00001802,A001533,2024-04-20,ACTIVE
H00001803,A001534,2024-07-13,ACTIVE
H00001804,A001535,2025-12-25,ACTIVE
H00001805,A001536,2024-12-12,ACTIVE
H00001806,A001537,2026-01-21,ACTIVE
H00001807,A001538,2024-08-21,ACTIVE
H00001808,A001539,2026-02-04,ACTIVE
H00001809,A001540,2024-10-11,ACTIVE
H00001810,A001541,2025-02-03,ACTIVE
H00001811,A001542,2025-04-16,ACTIVE
H00001812,A001542,2026-07-26,CLOSED
H00001813,A001543,2024-12-15,ACTIVE
H00001814,A001544,2025-05-07,ACTIVE
H00001815,A001545,2024-03-25,ACTIVE
H00001816,A001546,2025-06-14,ACTIVE
H00001817,A001547,2026-02-09,ACTIVE
H00001818,A001548,2024-01-28,ACTIVE
H00001819,A001549,2024-09-05,ACTIVE
H00001820,A001550,2025-10-08,ACTIVE
H00001821,A001551,2025-08-25,ACTIVE
H00001822,A001551,2026-01-21,CLOSED
H00001823,A001552,2024-01-10,ACTIVE
H00001824,A001553,2024-10-20,ACTIVE
H00001825,A001554,2025-02-15,ACTIVE
H00001826,A001555,2025-09-08,ACTIVE
H00001827,A001556,2025-06-21,ACTIVE
H00001828,A001557,2025-08-28,ACTIVE
H00001829,A001557,2027-01-26,CLOSED
H00001830,A001558,2026-04-22,ACTIVE
H00001831,A001559,2024-03-27,ACTIVE
H00001832,A001560,2024-12-15,ACTIVE
H00001833,A001561,2025-05-03,ACTIVE
H00001834,A001561,2025-10-10,CLOSED
H00001835,A001562,2025-11-15,ACTIVE
H00001836,A001562,2026-03-30,CLOSED
H00001837,A001563,2025-07-05,ACTIVE
H00001838,A001564,2025-11-18,ACTIVE
H00001839,A001565,2025-02-04,ACTIVE
H00001840,A001566,2024-03-18,ACTIVE
H00001841,A001566,2025-10-15,CLOSED
H00001842,A001567,2026-04-25,ACTIVE
H00001843,A001568,2024-06-25,ACTIVE
H00001844,A001569,2024-09-22,ACTIVE
H00001845,A001570,2024-09-08,ACTIVE
H00001846,A001571,2025-08-28,ACTIVE
H00001847,A001572,2025-01-11,ACTIVE
H00001848,A001573,2025-02-14,ACTIVE
H00001849,A001574,2024-03-20,ACTIVE
H00001850,A001575,2024-08-09,ACTIVE
H00001851,A001576,2026-04-08,ACTIVE
H00001852,A001577,2025-05-04,ACTIVE
H00001853,A001577,2025-08-19,CLOSED
H00001854,A001578,2026-03-03,ACTIVE
H00001855,A001578,2026-12-12,CLOSED
H00001856,A001579,2024-05-16,ACTIVE
H00001857,A001580,2024-12-07,ACTIVE
H00001858,A001581,2026-03-07,ACTIVE
H00001859,A001581,2027-07-23,WRITTEN_OFF
H00001860,A001582,2024-12-22,ACTIVE
H00001861,A001583,2026-04-16,ACTIVE
H00001862,A001584,2025-05-16,ACTIVE
H00001863,A001585,2024-07-31,ACTIVE
H00001864,A001585,2025-06-25,CLOSED
H00001865,A001586,2024-08-25,ACTIVE
H00001866,A001587,2026-01-18,ACTIVE
H00001867,A001588,2025-11-10,ACTIVE
H00001868,A001588,2026-03-20,WRITTEN_OFF
H00001869,A001589,2025-02-13,ACTIVE
H00001870,A001589,2025-07-04,CLOSED
H00001871,A001590,2025-09-29,ACTIVE
H00001872,A001590,2027-05-03,CLOSED
H00001873,A001591,2026-01-29,ACTIVE
H00001874,A001592,2024-01-18,ACTIVE
H00001875,A001593,2024-08-12,ACTIVE
H00001876,A001594,2024-07-23,ACTIVE
H00001877,A001595,2025-02-17,ACTIVE
H00001878,A001595,2026-05-15,CLOSED
H00001879,A001596,2024-11-12,ACTIVE
H00001880,A001597,2024-12-06,ACTIVE
H00001881,A001598,2026-01-30,ACTIVE
H00001882,A001599,2024-03-30,ACTIVE
H00001883,A001600,2024-08-17,ACTIVE
H00001884,A001601,2024-08-21,ACTIVE
H00001885,A001601,2025-10-01,CLOSED
H00001886,A001602,2024-02-14,ACTIVE
H00001887,A001602,2025-06-23,CLOSED
H00001888,A001603,2024-03-14,ACTIVE
H00001889,A001604,2025-05-12,ACTIVE
H00001890,A001605,2024-12-02,ACTIVE
H00001891,A001606,2024-05-28,ACTIVE
H00001892,A001607,2025-06-06,ACTIVE
H00001893,A001607,2026-09-22,CLOSED
H00001894,A001608,2025-12-01,ACTIVE
H00001895,A001609,2025-02-27,ACTIVE
H00001896,A001610,2025-11-17,ACTIVE
H00001897,A001611,2026-02-16,ACTIVE
H00001898,A001612,2024-04-20,ACTIVE
H00001899,A001613,2025-04-03,ACTIVE
H00001900,A001613,2026-10-21,CLOSED
H00001901,A001614,2025-04-22,ACTIVE
H00001902,A001615,2024-06-14,ACTIVE
H00001903,A001615,2025-11-01,CLOSED
H00001904,A001616,2025-02-19,ACTIVE
H00001905,A001617,2025-04-27,ACTIVE
H00001906,A001618,2024-07-26,ACTIVE
H00001907,A001619,2025-06-07,ACTIVE
H00001908,A001620,2026-03-03,ACTIVE
H00001909,A001621,2025-06-12,ACTIVE
H00001910,A001622,2026-02-15,ACTIVE
H00001911,A001623,2025-10-04,ACTIVE
H00001912,A001624,2024-06-02,ACTIVE
H00001913,A001625,2025-03-03,ACTIVE
H00001914,A001626,2026-04-09,ACTIVE
H00001915,A001626,2027-01-15,CLOSED
H00001916,A001627,2025-05-20,ACTIVE
H00001917,A001628,2024-06-23,ACTIVE
H00001918,A001629,2024-03-14,ACTIVE
H00001919,A001630,2026-03-22,ACTIVE
H00001920,A001631,2025-02-26,ACTIVE
H00001921,A001632,2024-12-10,ACTIVE
H00001922,A001632,2026-07-11,CLOSED
H00001923,A001633,2025-01-07,ACTIVE
H00001924,A001633,2025-09-26,CLOSED
H00001925,A001634,2025-05-20,ACTIVE
H00001926,A001635,2025-10-22,ACTIVE
H00001927,A001636,2025-06-01,ACTIVE
H00001928,A001637,2025-02-24,ACTIVE
H00001929,A001638,2025-12-03,ACTIVE
H00001930,A001639,2024-03-21,ACTIVE
H00001931,A001639,2024-11-24,CLOSED
H00001932,A001640,2024-02-03,ACTIVE
H00001933,A001640,2024-05-19,CLOSED
H00001934,A001641,2026-03-29,ACTIVE
H00001935,A001642,2026-01-21,ACTIVE
H00001936,A001643,2026-02-14,ACTIVE
H00001937,A001644,2025-08-02,ACTIVE
H00001938,A001645,2025-01-21,ACTIVE
H00001939,A001646,2026-03-01,ACTIVE
H00001940,A001647,2026-02-28,ACTIVE
H00001941,A001648,2024-08-12,ACTIVE
H00001942,A001649,2024-07-29,ACTIVE
H00001943,A001650,2024-09-07,ACTIVE
H00001944,A001650,2025-10-19,WRITTEN_OFF
H00001945,A001651,2025-02-14,ACTIVE
H00001946,A001651,2026-06-20,CLOSED
H00001947,A001652,2025-11-04,ACTIVE
H00001948,A001653,2024-11-28,ACTIVE
H00001949,A001654,2025-01-21,ACTIVE
H00001950,A001655,2025-02-13,ACTIVE
H00001951,A001656,2025-10-02,ACTIVE
H00001952,A001656,2027-01-05,WRITTEN_OFF
H00001953,A001657,2026-05-07,ACTIVE
H00001954,A001658,2024-04-11,ACTIVE
H00001955,A001658,2024-09-28,CLOSED
H00001956,A001659,2024-03-18,ACTIVE
H00001957,A001660,2025-07-13,ACTIVE
H00001958,A001661,2024-01-03,ACTIVE
H00001959,A001662,2025-03-18,ACTIVE
H00001960,A001662,2026-10-05,WRITTEN_OFF
H00001961,A001663,2025-06-09,ACTIVE
H00001962,A001664,2025-07-03,ACTIVE
H00001963,A001665,2024-04-18,ACTIVE
H00001964,A001666,2024-03-29,ACTIVE
H00001965,A001667,2024-06-14,ACTIVE
H00001966,A001668,2025-11-21,ACTIVE
H00001967,A001669,2024-06-06,ACTIVE
H00001968,A001669,2025-06-24,WRITTEN_OFF
H00001969,A001670,2025-07-17,ACTIVE
H00001970,A001671,2024-04-29,ACTIVE
H00001971,A001671,2024-10-22,CLOSED
H00001972,A001672,2026-03-09,ACTIVE
H00001973,A001673,2025-03-11,ACTIVE
H00001974,A001674,2025-04-09,ACTIVE
H00001975,A001674,2026-09-08,WRITTEN_OFF
H00001976,A001675,2024-12-16,ACTIVE
H00001977,A001676,2025-06-26,ACTIVE
H00001978,A001676,2025-12-26,CLOSED
H00001979,A001677,2024-04-04,ACTIVE
H00001980,A001678,2025-08-13,ACTIVE
H00001981,A001679,2025-12-28,ACTIVE
H00001982,A001680,2026-01-28,ACTIVE
H00001983,A001681,2026-05-01,ACTIVE
H00001984,A001681,2027-11-23,CLOSED
H00001985,A001682,2024-09-08,ACTIVE
H00001986,A001683,2024-03-18,ACTIVE
H00001987,A001683,2025-01-10,CLOSED
H00001988,A001684,2026-04-29,ACTIVE
H00001989,A001685,2025-04-11,ACTIVE
H00001990,A001686,2024-11-12,ACTIVE
H00001991,A001687,2024-08-12,ACTIVE
H00001992,A001688,2024-01-18,ACTIVE
H00001993,A001688,2024-04-20,CLOSED
H00001994,A001689,2024-04-13,ACTIVE
H00001995,A001689,2025-06-04,CLOSED
H00001996,A001690,2025-09-06,ACTIVE
H00001997,A001691,2025-12-10,ACTIVE
H00001998,A001692,2025-12-22,ACTIVE
H00001999,A001693,2025-04-21,ACTIVE
H00002000,A001694,2026-05-05,ACTIVE
H00002001,A001695,2025-04-02,ACTIVE
H00002002,A001695,2025-08-09,CLOSED
H00002003,A001696,2026-02-18,ACTIVE
H00002004,A001696,2026-11-08,CLOSED
H00002005,A001697,2024-03-18,ACTIVE
H00002006,A001698,2025-12-21,ACTIVE
H00002007,A001699,2026-05-12,ACTIVE
H00002008,A001699,2027-01-26,CLOSED
H00002009,A001700,2024-12-02,ACTIVE
H00002010,A001701,2025-06-22,ACTIVE
H00002011,A001702,2025-07-04,ACTIVE
H00002012,A001703,2026-03-31,ACTIVE
H00002013,A001704,2024-12-27,ACTIVE
H00002014,A001705,2025-12-11,ACTIVE
H00002015,A001706,2026-05-22,ACTIVE
H00002016,A001707,2024-12-15,ACTIVE
H00002017,A001707,2025-08-08,CLOSED
H00002018,A001708,2025-11-13,ACTIVE
H00002019,A001709,2024-10-15,ACTIVE
H00002020,A001710,2025-10-07,ACTIVE
H00002021,A001710,2026-06-04,CLOSED
H00002022,A001711,2024-07-14,ACTIVE
H00002023,A001712,2025-03-05,ACTIVE
H00002024,A001713,2025-04-04,ACTIVE
H00002025,A001714,2024-08-17,ACTIVE
H00002026,A001715,2024-10-28,ACTIVE
H00002027,A001716,2025-08-29,ACTIVE
H00002028,A001716,2026-11-27,CLOSED
H00002029,A001717,2025-11-20,ACTIVE
H00002030,A001718,2025-01-21,ACTIVE
H00002031,A001719,2024-12-17,ACTIVE
H00002032,A001719,2025-05-17,WRITTEN_OFF
H00002033,A001720,2024-10-01,ACTIVE
H00002034,A001721,2025-05-07,ACTIVE
H00002035,A001722,2026-01-20,ACTIVE
H00002036,A001723,2024-03-10,ACTIVE
H00002037,A001724,2026-05-13,ACTIVE
H00002038,A001725,2024-07-23,ACTIVE
H00002039,A001726,2025-06-03,ACTIVE
H00002040,A001727,2024-09-22,ACTIVE
H00002041,A001728,2025-07-27,ACTIVE
H00002042,A001729,2024-11-04,ACTIVE
H00002043,A001730,2024-09-30,ACTIVE
H00002044,A001730,2025-04-28,WRITTEN_OFF
H00002045,A001731,2024-06-21,ACTIVE
H00002046,A001732,2025-01-02,ACTIVE
H00002047,A001733,2024-09-19,ACTIVE
H00002048,A001734,2026-01-02,ACTIVE
H00002049,A001734,2026-12-28,CLOSED
H00002050,A001735,2026-03-23,ACTIVE
H00002051,A001735,2027-07-28,CLOSED
H00002052,A001736,2026-03-31,ACTIVE
H00002053,A001737,2024-09-18,ACTIVE
H00002054,A001738,2024-04-13,ACTIVE
H00002055,A001739,2024-03-11,ACTIVE
H00002056,A001740,2025-06-05,ACTIVE
H00002057,A001741,2025-03-26,ACTIVE
H00002058,A001742,2024-04-26,ACTIVE
H00002059,A001743,2025-03-07,ACTIVE
H00002060,A001744,2024-02-23,ACTIVE
H00002061,A001744,2024-10-24,CLOSED
H00002062,A001745,2025-04-21,ACTIVE
H00002063,A001746,2024-02-11,ACTIVE
H00002064,A001746,2025-07-16,CLOSED
H00002065,A001747,2024-10-26,ACTIVE
H00002066,A001747,2025-04-06,CLOSED
H00002067,A001748,2024-03-06,ACTIVE
H00002068,A001749,2024-01-23,ACTIVE
H00002069,A001750,2026-04-04,ACTIVE
H00002070,A001751,2025-09-09,ACTIVE
H00002071,A001752,2024-02-22,ACTIVE
H00002072,A001753,2025-12-30,ACTIVE
H00002073,A001754,2025-05-03,ACTIVE
H00002074,A001755,2024-01-26,ACTIVE
H00002075,A001756,2025-02-14,ACTIVE
H00002076,A001757,2024-09-18,ACTIVE
H00002077,A001758,2024-07-12,ACTIVE
H00002078,A001759,2025-01-20,ACTIVE
H00002079,A001760,2024-10-01,ACTIVE
H00002080,A001760,2026-03-25,WRITTEN_OFF
H00002081,A001761,2024-11-28,ACTIVE
H00002082,A001762,2025-04-01,ACTIVE
H00002083,A001763,2024-01-10,ACTIVE
H00002084,A001764,2025-04-10,ACTIVE
H00002085,A001765,2025-04-13,ACTIVE
H00002086,A001766,2025-04-06,ACTIVE
H00002087,A001767,2025-08-11,ACTIVE
H00002088,A001767,2026-11-27,CLOSED
H00002089,A001768,2025-11-03,ACTIVE
H00002090,A001769,2024-02-18,ACTIVE
H00002091,A001770,2026-03-16,ACTIVE
H00002092,A001771,2025-08-20,ACTIVE
H00002093,A001772,2024-09-21,ACTIVE
H00002094,A001773,2025-05-04,ACTIVE
H00002095,A001774,2024-10-10,ACTIVE
H00002096,A001775,2026-05-04,ACTIVE
H00002097,A001775,2026-11-10,CLOSED
H00002098,A001776,2026-04-20,ACTIVE
H00002099,A001776,2027-02-02,CLOSED
H00002100,A001777,2024-06-17,ACTIVE
H00002101,A001778,2024-06-09,ACTIVE
H00002102,A001779,2024-07-21,ACTIVE
H00002103,A001780,2026-03-10,ACTIVE
H00002104,A001781,2025-07-09,ACTIVE
H00002105,A001782,2024-12-29,ACTIVE
H00002106,A001783,2025-06-04,ACTIVE
H00002107,A001783,2026-04-13,CLOSED
H00002108,A001784,2024-08-29,ACTIVE
H00002109,A001785,2024-11-04,ACTIVE
H00002110,A001786,2025-08-30,ACTIVE
H00002111,A001787,2024-07-10,ACTIVE
H00002112,A001788,2024-07-16,ACTIVE
H00002113,A001789,2025-03-23,ACTIVE
H00002114,A001790,2025-03-07,ACTIVE
H00002115,A001790,2026-06-16,WRITTEN_OFF
H00002116,A001791,2024-04-02,ACTIVE
H00002117,A001792,2025-10-23,ACTIVE
H00002118,A001792,2027-04-04,CLOSED
H00002119,A001793,2025-06-24,ACTIVE
H00002120,A001793,2026-01-05,CLOSED
H00002121,A001794,2025-03-18,ACTIVE
H00002122,A001794,2026-04-01,WRITTEN_OFF
H00002123,A001795,2024-02-20,ACTIVE
H00002124,A001795,2024-10-26,CLOSED
H00002125,A001796,2024-08-04,ACTIVE
H00002126,A001797,2025-10-25,ACTIVE
H00002127,A001798,2025-04-30,ACTIVE
H00002128,A001799,2026-05-04,ACTIVE
H00002129,A001799,2026-08-06,CLOSED
H00002130,A001800,2024-10-28,ACTIVE
H00002131,A001801,2024-03-07,ACTIVE
H00002132,A001802,2025-02-13,ACTIVE
H00002133,A001803,2025-01-17,ACTIVE
H00002134,A001804,2026-03-09,ACTIVE
H00002135,A001805,2024-02-14,ACTIVE
H00002136,A001805,2024-11-20,WRITTEN_OFF
H00002137,A001806,2025-05-17,ACTIVE
H00002138,A001806,2026-06-25,CLOSED
H00002139,A001807,2026-05-10,ACTIVE
H00002140,A001808,2025-04-06,ACTIVE
H00002141,A001809,2026-03-24,ACTIVE
H00002142,A001810,2026-05-15,ACTIVE
H00002143,A001811,2024-06-12,ACTIVE
H00002144,A001812,2024-02-11,ACTIVE
H00002145,A001813,2024-07-02,ACTIVE
H00002146,A001814,2025-04-13,ACTIVE
H00002147,A001815,2024-01-31,ACTIVE
H00002148,A001816,2024-11-10,ACTIVE
H00002149,A001817,2024-11-17,ACTIVE
H00002150,A001818,2025-01-22,ACTIVE
H00002151,A001819,2024-04-11,ACTIVE
H00002152,A001820,2024-10-12,ACTIVE
H00002153,A001821,2025-11-30,ACTIVE
H00002154,A001822,2026-03-30,ACTIVE
H00002155,A001823,2024-01-25,ACTIVE
H00002156,A001824,2025-04-13,ACTIVE
H00002157,A001824,2026-09-04,WRITTEN_OFF
H00002158,A001825,2025-08-09,ACTIVE
H00002159,A001826,2025-02-20,ACTIVE
H00002160,A001827,2024-09-20,ACTIVE
H00002161,A001828,2026-03-10,ACTIVE
H00002162,A001829,2026-05-28,ACTIVE
H00002163,A001830,2024-01-21,ACTIVE
H00002164,A001830,2024-12-16,CLOSED
H00002165,A001831,2025-09-17,ACTIVE
H00002166,A001832,2025-09-09,ACTIVE
H00002167,A001832,2026-06-05,CLOSED
H00002168,A001833,2025-10-03,ACTIVE
H00002169,A001834,2025-03-29,ACTIVE
H00002170,A001835,2024-07-03,ACTIVE
H00002171,A001836,2024-08-26,ACTIVE
H00002172,A001837,2025-03-08,ACTIVE
H00002173,A001838,2025-11-17,ACTIVE
H00002174,A001839,2025-03-06,ACTIVE
H00002175,A001840,2024-01-18,ACTIVE
H00002176,A001841,2024-12-19,ACTIVE
H00002177,A001842,2024-03-29,ACTIVE
H00002178,A001843,2024-02-22,ACTIVE
H00002179,A001843,2025-07-01,WRITTEN_OFF
H00002180,A001844,2025-06-02,ACTIVE
H00002181,A001845,2026-01-05,ACTIVE
H00002182,A001845,2027-05-20,CLOSED
H00002183,A001846,2025-02-01,ACTIVE
H00002184,A001847,2025-07-05,ACTIVE
H00002185,A001848,2026-05-27,ACTIVE
H00002186,A001849,2026-04-03,ACTIVE
H00002187,A001850,2025-07-22,ACTIVE
H00002188,A001850,2027-02-13,CLOSED
H00002189,A001851,2025-09-27,ACTIVE
H00002190,A001852,2024-08-24,ACTIVE
H00002191,A001853,2024-03-28,ACTIVE
H00002192,A001854,2025-11-24,ACTIVE
H00002193,A001855,2025-05-25,ACTIVE
H00002194,A001856,2024-11-04,ACTIVE
H00002195,A001857,2024-03-30,ACTIVE
H00002196,A001858,2026-01-14,ACTIVE
H00002197,A001859,2025-01-06,ACTIVE
H00002198,A001860,2026-04-10,ACTIVE
H00002199,A001861,2026-03-31,ACTIVE
H00002200,A001862,2025-01-13,ACTIVE
H00002201,A001863,2026-03-09,ACTIVE
H00002202,A001864,2025-12-20,ACTIVE
H00002203,A001864,2027-02-24,WRITTEN_OFF
H00002204,A001865,2024-07-28,ACTIVE
H00002205,A001866,2025-01-13,ACTIVE
H00002206,A001867,2024-06-28,ACTIVE
H00002207,A001868,2025-01-05,ACTIVE
H00002208,A001869,2025-06-04,ACTIVE
H00002209,A001870,2024-09-14,ACTIVE
H00002210,A001871,2025-10-02,ACTIVE
H00002211,A001872,2025-12-30,ACTIVE
H00002212,A001872,2026-07-17,CLOSED
H00002213,A001873,2024-02-18,ACTIVE
H00002214,A001874,2025-06-19,ACTIVE
H00002215,A001875,2025-01-29,ACTIVE
H00002216,A001876,2026-05-21,ACTIVE
H00002217,A001876,2027-06-19,CLOSED
H00002218,A001877,2024-12-03,ACTIVE
H00002219,A001878,2025-01-15,ACTIVE
H00002220,A001879,2024-04-09,ACTIVE
H00002221,A001880,2026-04-14,ACTIVE
H00002222,A001881,2024-12-29,ACTIVE
H00002223,A001882,2025-03-28,ACTIVE
H00002224,A001882,2025-12-09,CLOSED
H00002225,A001883,2024-08-16,ACTIVE
H00002226,A001884,2024-06-19,ACTIVE
H00002227,A001885,2024-10-21,ACTIVE
H00002228,A001886,2025-08-31,ACTIVE
H00002229,A001887,2025-02-11,ACTIVE
H00002230,A001888,2024-03-29,ACTIVE
H00002231,A001889,2026-01-19,ACTIVE
H00002232,A001890,2024-06-23,ACTIVE
H00002233,A001891,2025-02-16,ACTIVE
H00002234,A001892,2025-01-25,ACTIVE
H00002235,A001892,2026-09-05,CLOSED
H00002236,A001893,2025-02-21,ACTIVE
H00002237,A001893,2026-09-21,CLOSED
H00002238,A001894,2026-03-10,ACTIVE
H00002239,A001895,2024-11-01,ACTIVE
H00002240,A001896,2025-07-23,ACTIVE
H00002241,A001897,2024-07-20,ACTIVE
H00002242,A001897,2025-08-03,CLOSED
H00002243,A001898,2025-08-19,ACTIVE
H00002244,A001899,2024-02-17,ACTIVE
H00002245,A001900,2025-03-20,ACTIVE
H00002246,A001901,2024-06-07,ACTIVE
H00002247,A001902,2025-02-15,ACTIVE
H00002248,A001903,2025-02-03,ACTIVE
H00002249,A001904,2025-08-26,ACTIVE
H00002250,A001905,2025-10-18,ACTIVE
H00002251,A001906,2024-03-31,ACTIVE
H00002252,A001907,2024-09-05,ACTIVE
H00002253,A001908,2024-01-24,ACTIVE
H00002254,A001909,2024-12-15,ACTIVE
H00002255,A001910,2025-06-27,ACTIVE
H00002256,A001910,2026-06-20,CLOSED
H00002257,A001911,2024-10-31,ACTIVE
H00002258,A001912,2025-12-26,ACTIVE
H00002259,A001913,2025-07-24,ACTIVE
H00002260,A001914,2025-08-30,ACTIVE
H00002261,A001915,2024-06-01,ACTIVE
H00002262,A001916,2024-10-02,ACTIVE
H00002263,A001917,2024-06-19,ACTIVE
H00002264,A001918,2025-04-16,ACTIVE
H00002265,A001919,2024-06-17,ACTIVE
H00002266,A001920,2024-06-20,ACTIVE
H00002267,A001921,2026-04-11,ACTIVE
H00002268,A001922,2025-06-20,ACTIVE
H00002269,A001922,2026-05-03,WRITTEN_OFF
H00002270,A001923,2024-06-26,ACTIVE
H00002271,A001924,2024-07-13,ACTIVE
H00002272,A001925,2026-01-09,ACTIVE
H00002273,A001926,2025-09-29,ACTIVE
H00002274,A001927,2025-12-22,ACTIVE
H00002275,A001928,2026-01-09,ACTIVE
H00002276,A001929,2024-06-09,ACTIVE
H00002277,A001930,2025-01-25,ACTIVE
H00002278,A001931,2024-09-04,ACTIVE
H00002279,A001932,2024-02-10,ACTIVE
H00002280,A001933,2024-11-05,ACTIVE
H00002281,A001934,2025-10-07,ACTIVE
H00002282,A001935,2026-01-10,ACTIVE
H00002283,A001936,2024-06-27,ACTIVE
H00002284,A001937,2026-04-16,ACTIVE
H00002285,A001938,2025-03-07,ACTIVE
H00002286,A001938,2026-02-19,CLOSED
H00002287,A001939,2025-12-26,ACTIVE
H00002288,A001939,2026-04-06,CLOSED
H00002289,A001940,2025-05-12,ACTIVE
H00002290,A001941,2026-03-14,ACTIVE
H00002291,A001942,2024-04-30,ACTIVE
H00002292,A001943,2024-09-19,ACTIVE
H00002293,A001944,2026-05-30,ACTIVE
H00002294,A001945,2025-12-01,ACTIVE
H00002295,A001946,2025-10-31,ACTIVE
H00002296,A001947,2025-08-29,ACTIVE
H00002297,A001948,2025-08-30,ACTIVE
H00002298,A001949,2025-07-23,ACTIVE
H00002299,A001950,2025-04-05,ACTIVE
H00002300,A001950,2025-11-15,WRITTEN_OFF
H00002301,A001951,2025-02-23,ACTIVE
H00002302,A001952,2025-08-16,ACTIVE
H00002303,A001953,2024-10-30,ACTIVE
H00002304,A001954,2024-09-18,ACTIVE
H00002305,A001955,2026-04-23,ACTIVE
H00002306,A001956,2025-06-22,ACTIVE
H00002307,A001957,2024-10-29,ACTIVE
H00002308,A001958,2025-03-01,ACTIVE
H00002309,A001959,2025-04-17,ACTIVE
H00002310,A001960,2024-10-31,ACTIVE
H00002311,A001961,2025-10-30,ACTIVE
H00002312,A001962,2026-05-19,ACTIVE
H00002313,A001962,2027-04-21,WRITTEN_OFF
H00002314,A001963,2025-09-23,ACTIVE
H00002315,A001964,2025-07-03,ACTIVE
H00002316,A001965,2026-01-30,ACTIVE
H00002317,A001966,2025-04-05,ACTIVE
H00002318,A001967,2025-11-22,ACTIVE
H00002319,A001968,2025-09-05,ACTIVE
H00002320,A001969,2025-08-30,ACTIVE
H00002321,A001970,2024-08-10,ACTIVE
H00002322,A001971,2026-01-04,ACTIVE
H00002323,A001972,2024-05-09,ACTIVE
H00002324,A001973,2025-08-11,ACTIVE
H00002325,A001974,2024-06-08,ACTIVE
H00002326,A001975,2024-04-04,ACTIVE
H00002327,A001976,2024-01-31,ACTIVE
H00002328,A001977,2024-02-13,ACTIVE
H00002329,A001978,2025-08-17,ACTIVE
H00002330,A001979,2025-08-04,ACTIVE
H00002331,A001980,2026-05-12,ACTIVE
H00002332,A001981,2026-05-29,ACTIVE
H00002333,A001982,2026-04-17,ACTIVE
H00002334,A001983,2026-03-07,ACTIVE
H00002335,A001983,2026-08-23,WRITTEN_OFF
H00002336,A001984,2024-12-10,ACTIVE
H00002337,A001985,2024-07-12,ACTIVE
H00002338,A001985,2025-01-30,CLOSED
H00002339,A001986,2024-05-22,ACTIVE
H00002340,A001986,2025-12-10,CLOSED
H00002341,A001987,2026-04-28,ACTIVE
H00002342,A001988,2024-03-23,ACTIVE
H00002343,A001989,2024-01-03,ACTIVE
H00002344,A001990,2024-09-18,ACTIVE
H00002345,A001991,2025-11-14,ACTIVE
H00002346,A001992,2026-03-19,ACTIVE
H00002347,A001992,2026-09-30,WRITTEN_OFF
H00002348,A001993,2025-07-28,ACTIVE
H00002349,A001994,2025-12-15,ACTIVE
H00002350,A001995,2024-10-25,ACTIVE
H00002351,A001995,2025-08-05,WRITTEN_OFF
H00002352,A001996,2025-08-03,ACTIVE
H00002353,A001996,2026-04-24,WRITTEN_OFF
H00002354,A001997,2024-11-06,ACTIVE
H00002355,A001998,2025-11-05,ACTIVE
H00002356,A001999,2024-05-09,ACTIVE
H00002357,A002000,2024-12-10,ACTIVE
H00002358,A002001,2024-03-29,ACTIVE
H00002359,A002002,2025-07-11,ACTIVE
H00002360,A002003,2024-12-07,ACTIVE
H00002361,A002004,2026-01-17,ACTIVE
H00002362,A002005,2025-04-23,ACTIVE
H00002363,A002006,2025-07-29,ACTIVE
H00002364,A002007,2024-05-18,ACTIVE
H00002365,A002008,2024-04-25,ACTIVE
H00002366,A002009,2025-10-13,ACTIVE
H00002367,A002009,2026-02-21,CLOSED
H00002368,A002010,2024-02-07,ACTIVE
H00002369,A002011,2024-04-04,ACTIVE
H00002370,A002012,2025-05-11,ACTIVE
H00002371,A002013,2024-03-03,ACTIVE
H00002372,A002014,2024-11-09,ACTIVE
H00002373,A002015,2024-10-15,ACTIVE
H00002374,A002016,2024-01-07,ACTIVE
H00002375,A002017,2025-12-10,ACTIVE
H00002376,A002018,2025-11-05,ACTIVE
H00002377,A002019,2024-05-11,ACTIVE
H00002378,A002019,2024-08-09,CLOSED
H00002379,A002020,2024-10-25,ACTIVE
H00002380,A002021,2024-04-13,ACTIVE
H00002381,A002022,2025-12-18,ACTIVE
H00002382,A002023,2024-05-08,ACTIVE
H00002383,A002023,2025-10-10,CLOSED
H00002384,A002024,2024-11-13,ACTIVE
H00002385,A002025,2025-08-26,ACTIVE
H00002386,A002026,2025-01-06,ACTIVE
H00002387,A002026,2025-04-29,CLOSED
H00002388,A002027,2025-03-12,ACTIVE
H00002389,A002028,2025-02-02,ACTIVE
H00002390,A002028,2025-08-13,WRITTEN_OFF
H00002391,A002029,2024-04-19,ACTIVE
H00002392,A002030,2024-03-17,ACTIVE
H00002393,A002031,2024-02-12,ACTIVE
H00002394,A002032,2024-03-15,ACTIVE
H00002395,A002033,2025-12-12,ACTIVE
H00002396,A002034,2025-11-04,ACTIVE
H00002397,A002035,2025-12-12,ACTIVE
H00002398,A002036,2025-12-21,ACTIVE
H00002399,A002037,2024-09-29,ACTIVE
H00002400,A002038,2026-04-18,ACTIVE
H00002401,A002039,2024-01-09,ACTIVE
H00002402,A002040,2025-08-12,ACTIVE
H00002403,A002041,2024-03-11,ACTIVE
H00002404,A002042,2024-11-28,ACTIVE
H00002405,A002043,2026-03-19,ACTIVE
H00002406,A002043,2027-01-17,CLOSED
H00002407,A002044,2024-09-29,ACTIVE
H00002408,A002045,2024-08-16,ACTIVE
H00002409,A002045,2025-10-11,CLOSED
H00002410,A002046,2025-10-09,ACTIVE
H00002411,A002047,2024-03-12,ACTIVE
H00002412,A002048,2024-02-04,ACTIVE
H00002413,A002048,2025-07-07,CLOSED
H00002414,A002049,2025-07-19,ACTIVE
H00002415,A002050,2024-03-17,ACTIVE
H00002416,A002051,2024-05-21,ACTIVE
H00002417,A002052,2025-11-01,ACTIVE
H00002418,A002053,2024-03-21,ACTIVE
H00002419,A002054,2026-01-21,ACTIVE
H00002420,A002054,2026-05-22,CLOSED
H00002421,A002055,2024-10-06,ACTIVE
H00002422,A002056,2025-07-14,ACTIVE
H00002423,A002057,2024-01-04,ACTIVE
H00002424,A002058,2025-05-25,ACTIVE
H00002425,A002059,2025-08-03,ACTIVE
H00002426,A002059,2026-12-06,CLOSED
H00002427,A002060,2025-07-23,ACTIVE
H00002428,A002061,2025-10-23,ACTIVE
H00002429,A002062,2025-11-30,ACTIVE
H00002430,A002063,2024-04-26,ACTIVE
H00002431,A002064,2025-11-08,ACTIVE
H00002432,A002065,2026-02-15,ACTIVE
H00002433,A002066,2025-01-28,ACTIVE
H00002434,A002067,2025-08-24,ACTIVE
H00002435,A002068,2024-04-23,ACTIVE
H00002436,A002069,2025-12-18,ACTIVE
H00002437,A002070,2025-09-15,ACTIVE
H00002438,A002071,2026-02-03,ACTIVE
H00002439,A002072,2026-03-05,ACTIVE
H00002440,A002073,2024-12-27,ACTIVE
H00002441,A002074,2025-08-24,ACTIVE
H00002442,A002075,2024-06-19,ACTIVE
H00002443,A002076,2025-04-15,ACTIVE
H00002444,A002077,2025-10-06,ACTIVE
H00002445,A002078,2025-02-07,ACTIVE
H00002446,A002078,2025-10-23,WRITTEN_OFF
H00002447,A002079,2026-03-14,ACTIVE
H00002448,A002080,2024-05-09,ACTIVE
H00002449,A002081,2024-07-17,ACTIVE
H00002450,A002082,2024-09-26,ACTIVE
H00002451,A002082,2025-09-03,CLOSED
H00002452,A002083,2025-04-22,ACTIVE
H00002453,A002084,2025-09-09,ACTIVE
H00002454,A002085,2024-05-24,ACTIVE
H00002455,A002086,2026-05-04,ACTIVE
H00002456,A002086,2027-02-12,CLOSED
H00002457,A002087,2025-04-05,ACTIVE
H00002458,A002088,2024-07-15,ACTIVE
H00002459,A002088,2024-11-20,WRITTEN_OFF
H00002460,A002089,2026-02-06,ACTIVE
H00002461,A002090,2025-05-31,ACTIVE
H00002462,A002091,2024-01-01,ACTIVE
H00002463,A002092,2025-02-15,ACTIVE
H00002464,A002093,2026-04-06,ACTIVE
H00002465,A002094,2024-07-21,ACTIVE
H00002466,A002094,2025-02-06,CLOSED
H00002467,A002095,2024-10-03,ACTIVE
H00002468,A002095,2025-04-06,CLOSED
H00002469,A002096,2024-01-18,ACTIVE
H00002470,A002097,2026-03-24,ACTIVE
H00002471,A002098,2025-08-19,ACTIVE
H00002472,A002099,2024-01-03,ACTIVE
H00002473,A002100,2024-05-17,ACTIVE
H00002474,A002101,2026-03-11,ACTIVE
H00002475,A002102,2024-03-28,ACTIVE
H00002476,A002103,2025-05-24,ACTIVE
H00002477,A002104,2025-01-14,ACTIVE
H00002478,A002105,2025-04-25,ACTIVE
H00002479,A002106,2025-05-03,ACTIVE
H00002480,A002107,2024-01-30,ACTIVE
H00002481,A002108,2025-05-20,ACTIVE
H00002482,A002109,2025-11-07,ACTIVE
H00002483,A002109,2027-03-22,CLOSED
H00002484,A002110,2024-03-09,ACTIVE
H00002485,A002110,2024-10-25,WRITTEN_OFF
H00002486,A002111,2025-05-31,ACTIVE
H00002487,A002112,2024-11-02,ACTIVE
H00002488,A002113,2024-12-24,ACTIVE
H00002489,A002114,2025-06-07,ACTIVE
H00002490,A002114,2026-04-02,CLOSED
H00002491,A002115,2026-04-18,ACTIVE
H00002492,A002116,2026-02-27,ACTIVE
H00002493,A002117,2025-01-13,ACTIVE
H00002494,A002118,2025-01-07,ACTIVE
H00002495,A002119,2026-05-16,ACTIVE
H00002496,A002120,2026-03-17,ACTIVE
H00002497,A002121,2025-08-15,ACTIVE
H00002498,A002121,2026-01-08,CLOSED
H00002499,A002122,2026-05-28,ACTIVE
H00002500,A002123,2026-04-16,ACTIVE
H00002501,A002123,2026-10-28,WRITTEN_OFF
H00002502,A002124,2024-02-21,ACTIVE
H00002503,A002124,2024-10-02,WRITTEN_OFF
H00002504,A002125,2024-07-12,ACTIVE
H00002505,A002126,2026-01-24,ACTIVE
H00002506,A002127,2026-02-21,ACTIVE
H00002507,A002128,2024-02-01,ACTIVE
H00002508,A002129,2025-09-04,ACTIVE
H00002509,A002129,2026-11-02,CLOSED
H00002510,A002130,2026-05-13,ACTIVE
H00002511,A002131,2025-06-21,ACTIVE
H00002512,A002132,2025-12-30,ACTIVE
H00002513,A002133,2024-08-12,ACTIVE
H00002514,A002134,2024-06-30,ACTIVE
H00002515,A002135,2024-12-01,ACTIVE
H00002516,A002136,2026-01-19,ACTIVE
H00002517,A002137,2025-09-15,ACTIVE
H00002518,A002138,2025-02-25,ACTIVE
H00002519,A002139,2025-11-21,ACTIVE
H00002520,A002140,2025-11-02,ACTIVE
H00002521,A002141,2024-06-27,ACTIVE
H00002522,A002141,2025-04-09,CLOSED
H00002523,A002142,2025-11-30,ACTIVE
H00002524,A002143,2026-01-29,ACTIVE
H00002525,A002144,2025-06-11,ACTIVE
H00002526,A002145,2024-08-24,ACTIVE
H00002527,A002146,2025-01-09,ACTIVE
H00002528,A002146,2025-04-12,CLOSED
H00002529,A002147,2026-01-19,ACTIVE
H00002530,A002148,2026-02-06,ACTIVE
H00002531,A002149,2024-09-18,ACTIVE
H00002532,A002150,2024-12-16,ACTIVE
H00002533,A002151,2024-05-12,ACTIVE
H00002534,A002152,2025-11-20,ACTIVE
H00002535,A002152,2027-01-21,CLOSED
H00002536,A002153,2024-06-06,ACTIVE
H00002537,A002154,2025-09-14,ACTIVE
H00002538,A002155,2024-11-14,ACTIVE
H00002539,A002156,2024-10-20,ACTIVE
H00002540,A002156,2025-09-15,CLOSED
H00002541,A002157,2024-07-28,ACTIVE
H00002542,A002157,2025-05-06,WRITTEN_OFF
H00002543,A002158,2024-08-21,ACTIVE
H00002544,A002159,2024-04-03,ACTIVE
H00002545,A002160,2024-10-29,ACTIVE
H00002546,A002160,2025-08-04,CLOSED
H00002547,A002161,2025-04-29,ACTIVE
H00002548,A002162,2025-12-18,ACTIVE
H00002549,A002163,2025-06-15,ACTIVE
H00002550,A002164,2024-04-08,ACTIVE
H00002551,A002165,2025-09-26,ACTIVE
H00002552,A002166,2024-12-07,ACTIVE
H00002553,A002166,2026-04-20,CLOSED
H00002554,A002167,2024-02-05,ACTIVE
H00002555,A002168,2025-10-09,ACTIVE
H00002556,A002169,2024-01-09,ACTIVE
H00002557,A002170,2024-07-14,ACTIVE
H00002558,A002170,2024-11-07,CLOSED
H00002559,A002171,2025-01-13,ACTIVE
H00002560,A002171,2025-09-04,CLOSED
H00002561,A002172,2025-04-24,ACTIVE
H00002562,A002173,2025-09-27,ACTIVE
H00002563,A002174,2025-10-05,ACTIVE
H00002564,A002175,2025-11-06,ACTIVE
H00002565,A002176,2024-05-17,ACTIVE
H00002566,A002177,2024-01-16,ACTIVE
H00002567,A002177,2025-01-31,CLOSED
H00002568,A002178,2024-02-14,ACTIVE
H00002569,A002178,2025-03-25,CLOSED
H00002570,A002179,2025-12-01,ACTIVE
H00002571,A002180,2024-01-25,ACTIVE
H00002572,A002181,2025-11-03,ACTIVE
H00002573,A002182,2024-10-14,ACTIVE
H00002574,A002183,2024-11-09,ACTIVE
H00002575,A002184,2026-02-24,ACTIVE
H00002576,A002185,2025-04-03,ACTIVE
H00002577,A002186,2024-03-17,ACTIVE
H00002578,A002187,2026-01-19,ACTIVE
H00002579,A002188,2024-04-04,ACTIVE
H00002580,A002189,2025-06-01,ACTIVE
H00002581,A002190,2024-02-21,ACTIVE
H00002582,A002191,2026-01-10,ACTIVE
H00002583,A002192,2024-02-20,ACTIVE
H00002584,A002193,2024-02-17,ACTIVE
H00002585,A002194,2025-01-03,ACTIVE
H00002586,A002195,2024-06-30,ACTIVE
H00002587,A002196,2024-10-06,ACTIVE
H00002588,A002197,2026-04-28,ACTIVE
H00002589,A002198,2024-05-11,ACTIVE
H00002590,A002199,2024-02-07,ACTIVE
H00002591,A002199,2024-08-14,CLOSED
H00002592,A002200,2024-06-22,ACTIVE
H00002593,A002201,2024-05-31,ACTIVE
H00002594,A002202,2026-05-11,ACTIVE
H00002595,A002203,2024-05-13,ACTIVE
H00002596,A002204,2024-02-21,ACTIVE
H00002597,A002205,2025-06-23,ACTIVE
H00002598,A002206,2024-03-05,ACTIVE
H00002599,A002207,2024-10-03,ACTIVE
H00002600,A002207,2025-01-02,CLOSED
H00002601,A002208,2026-01-16,ACTIVE
H00002602,A002209,2025-06-06,ACTIVE
H00002603,A002210,2024-07-13,ACTIVE
H00002604,A002210,2025-02-17,WRITTEN_OFF
H00002605,A002211,2026-03-14,ACTIVE
H00002606,A002212,2026-04-21,ACTIVE
H00002607,A002213,2025-07-20,ACTIVE
H00002608,A002214,2025-07-12,ACTIVE
H00002609,A002215,2025-12-12,ACTIVE
H00002610,A002216,2025-03-07,ACTIVE
H00002611,A002217,2024-08-21,ACTIVE
H00002612,A002217,2026-01-03,CLOSED
H00002613,A002218,2025-03-10,ACTIVE
H00002614,A002219,2024-02-01,ACTIVE
H00002615,A002220,2024-10-16,ACTIVE
H00002616,A002221,2025-01-16,ACTIVE
H00002617,A002222,2025-05-11,ACTIVE
H00002618,A002223,2025-01-24,ACTIVE
H00002619,A002224,2025-04-11,ACTIVE
H00002620,A002225,2025-09-15,ACTIVE
H00002621,A002225,2027-02-21,WRITTEN_OFF
H00002622,A002226,2024-10-07,ACTIVE
H00002623,A002227,2024-11-04,ACTIVE
H00002624,A002228,2024-01-20,ACTIVE
H00002625,A002228,2024-06-29,CLOSED
H00002626,A002229,2026-03-18,ACTIVE
H00002627,A002230,2024-12-27,ACTIVE
H00002628,A002231,2024-11-25,ACTIVE
H00002629,A002232,2025-05-27,ACTIVE
H00002630,A002232,2026-11-29,WRITTEN_OFF
H00002631,A002233,2024-06-30,ACTIVE
H00002632,A002234,2024-02-11,ACTIVE
H00002633,A002234,2025-05-06,WRITTEN_OFF
H00002634,A002235,2026-02-07,ACTIVE
H00002635,A002236,2025-12-21,ACTIVE
H00002636,A002237,2024-09-07,ACTIVE
H00002637,A002238,2024-04-25,ACTIVE
H00002638,A002239,2024-12-14,ACTIVE
H00002639,A002240,2024-08-19,ACTIVE
H00002640,A002241,2025-09-01,ACTIVE
H00002641,A002242,2026-02-05,ACTIVE
H00002642,A002242,2026-05-24,WRITTEN_OFF
H00002643,A002243,2024-01-30,ACTIVE
H00002644,A002244,2025-04-25,ACTIVE
H00002645,A002245,2025-03-12,ACTIVE
H00002646,A002246,2025-10-10,ACTIVE
H00002647,A002247,2024-10-30,ACTIVE
H00002648,A002248,2025-03-13,ACTIVE
H00002649,A002249,2025-07-08,ACTIVE
H00002650,A002250,2025-10-19,ACTIVE
H00002651,A002251,2025-11-14,ACTIVE
H00002652,A002252,2025-10-14,ACTIVE
H00002653,A002253,2025-12-16,ACTIVE
H00002654,A002254,2025-04-29,ACTIVE
H00002655,A002255,2025-09-16,ACTIVE
H00002656,A002255,2026-12-21,CLOSED
H00002657,A002256,2024-09-18,ACTIVE
H00002658,A002257,2025-02-24,ACTIVE
H00002659,A002258,2026-02-12,ACTIVE
H00002660,A002259,2024-10-05,ACTIVE
H00002661,A002260,2025-08-19,ACTIVE
H00002662,A002260,2027-02-05,CLOSED
H00002663,A002261,2025-11-24,ACTIVE
H00002664,A002261,2026-08-11,WRITTEN_OFF
H00002665,A002262,2024-01-22,ACTIVE
H00002666,A002263,2025-10-26,ACTIVE
H00002667,A002264,2025-06-16,ACTIVE
H00002668,A002264,2025-10-07,CLOSED
H00002669,A002265,2025-09-12,ACTIVE
H00002670,A002266,2025-11-02,ACTIVE
H00002671,A002267,2024-05-05,ACTIVE
H00002672,A002268,2024-06-22,ACTIVE
H00002673,A002269,2024-10-06,ACTIVE
H00002674,A002270,2024-10-25,ACTIVE
H00002675,A002271,2024-06-23,ACTIVE
H00002676,A002272,2024-06-12,ACTIVE
H00002677,A002273,2024-05-08,ACTIVE
H00002678,A002274,2024-09-15,ACTIVE
H00002679,A002275,2024-02-06,ACTIVE
H00002680,A002276,2025-05-23,ACTIVE
H00002681,A002277,2024-11-23,ACTIVE
H00002682,A002278,2024-09-26,ACTIVE
H00002683,A002279,2025-11-03,ACTIVE
H00002684,A002279,2026-10-26,CLOSED
H00002685,A002280,2025-03-02,ACTIVE
H00002686,A002280,2025-10-10,WRITTEN_OFF
H00002687,A002281,2026-01-18,ACTIVE
H00002688,A002281,2027-01-22,WRITTEN_OFF
H00002689,A002282,2024-06-14,ACTIVE
H00002690,A002282,2024-10-21,CLOSED
H00002691,A002283,2025-01-28,ACTIVE
H00002692,A002284,2025-08-27,ACTIVE
H00002693,A002285,2024-06-30,ACTIVE
H00002694,A002286,2026-05-04,ACTIVE
H00002695,A002287,2024-02-06,ACTIVE
H00002696,A002287,2025-09-13,CLOSED
H00002697,A002288,2025-05-29,ACTIVE
H00002698,A002288,2025-10-29,CLOSED
H00002699,A002289,2024-01-08,ACTIVE
H00002700,A002290,2026-05-23,ACTIVE
H00002701,A002291,2024-06-05,ACTIVE
H00002702,A002292,2024-12-15,ACTIVE
H00002703,A002293,2025-03-31,ACTIVE
H00002704,A002293,2026-09-28,CLOSED
H00002705,A002294,2025-08-12,ACTIVE
H00002706,A002295,2026-05-16,ACTIVE
H00002707,A002296,2025-07-23,ACTIVE
H00002708,A002297,2024-12-20,ACTIVE
H00002709,A002298,2025-06-12,ACTIVE
H00002710,A002299,2025-12-05,ACTIVE
H00002711,A002300,2025-04-14,ACTIVE
H00002712,A002300,2026-06-07,CLOSED
H00002713,A002301,2025-07-11,ACTIVE
H00002714,A002301,2026-12-07,CLOSED
H00002715,A002302,2025-02-02,ACTIVE
H00002716,A002302,2026-08-22,CLOSED
H00002717,A002303,2024-06-09,ACTIVE
H00002718,A002304,2026-03-03,ACTIVE
H00002719,A002304,2027-07-20,CLOSED
H00002720,A002305,2024-02-24,ACTIVE
H00002721,A002306,2025-12-28,ACTIVE
H00002722,A002307,2025-04-17,ACTIVE
H00002723,A002308,2026-04-02,ACTIVE
H00002724,A002309,2026-01-25,ACTIVE
H00002725,A002309,2027-01-05,CLOSED
H00002726,A002310,2026-03-30,ACTIVE
H00002727,A002311,2024-10-22,ACTIVE
H00002728,A002312,2025-04-30,ACTIVE
H00002729,A002313,2025-06-26,ACTIVE
H00002730,A002314,2026-02-22,ACTIVE
H00002731,A002315,2025-10-11,ACTIVE
H00002732,A002316,2025-03-16,ACTIVE
H00002733,A002317,2026-02-23,ACTIVE
H00002734,A002318,2025-05-03,ACTIVE
H00002735,A002319,2026-01-12,ACTIVE
H00002736,A002320,2024-03-02,ACTIVE
H00002737,A002321,2025-03-14,ACTIVE
H00002738,A002322,2025-11-11,ACTIVE
H00002739,A002322,2027-06-27,CLOSED
H00002740,A002323,2024-04-24,ACTIVE
H00002741,A002324,2025-08-21,ACTIVE
H00002742,A002325,2025-05-25,ACTIVE
H00002743,A002326,2025-08-16,ACTIVE
H00002744,A002326,2026-01-04,CLOSED
H00002745,A002327,2024-03-07,ACTIVE
H00002746,A002328,2026-05-11,ACTIVE
H00002747,A002328,2027-12-18,CLOSED
H00002748,A002329,2025-11-27,ACTIVE
H00002749,A002330,2025-03-07,ACTIVE
H00002750,A002331,2026-04-19,ACTIVE
H00002751,A002331,2027-03-30,CLOSED
H00002752,A002332,2024-11-18,ACTIVE
H00002753,A002333,2026-02-11,ACTIVE
H00002754,A002334,2024-08-30,ACTIVE
H00002755,A002335,2024-08-10,ACTIVE
H00002756,A002336,2025-11-13,ACTIVE
H00002757,A002337,2025-11-10,ACTIVE
H00002758,A002338,2025-07-13,ACTIVE
H00002759,A002339,2024-07-22,ACTIVE
H00002760,A002340,2026-05-02,ACTIVE
H00002761,A002341,2024-07-27,ACTIVE
H00002762,A002342,2024-11-27,ACTIVE
H00002763,A002343,2026-02-14,ACTIVE
H00002764,A002344,2026-05-06,ACTIVE
H00002765,A002345,2026-04-05,ACTIVE
H00002766,A002346,2025-10-07,ACTIVE
H00002767,A002347,2024-02-28,ACTIVE
H00002768,A002348,2024-08-29,ACTIVE
H00002769,A002349,2024-01-29,ACTIVE
H00002770,A002350,2025-10-17,ACTIVE
H00002771,A002351,2026-03-15,ACTIVE
H00002772,A002352,2024-11-25,ACTIVE
H00002773,A002353,2024-03-31,ACTIVE
H00002774,A002354,2026-05-28,ACTIVE
H00002775,A002354,2027-07-03,CLOSED
H00002776,A002355,2026-02-17,ACTIVE
H00002777,A002355,2026-09-22,WRITTEN_OFF
H00002778,A002356,2026-05-22,ACTIVE
H00002779,A002357,2025-07-19,ACTIVE
H00002780,A002358,2025-07-02,ACTIVE
H00002781,A002358,2027-01-18,CLOSED
H00002782,A002359,2025-08-27,ACTIVE
H00002783,A002360,2026-01-12,ACTIVE
H00002784,A002361,2026-03-10,ACTIVE
H00002785,A002361,2027-01-08,CLOSED
H00002786,A002362,2024-11-24,ACTIVE
H00002787,A002363,2026-01-24,ACTIVE
H00002788,A002364,2025-01-31,ACTIVE
H00002789,A002365,2025-12-01,ACTIVE
H00002790,A002366,2025-10-28,ACTIVE
H00002791,A002367,2024-01-17,ACTIVE
H00002792,A002367,2025-03-09,CLOSED
H00002793,A002368,2026-04-19,ACTIVE
H00002794,A002369,2024-10-29,ACTIVE
H00002795,A002370,2025-09-13,ACTIVE
H00002796,A002371,2025-05-17,ACTIVE
H00002797,A002372,2025-06-25,ACTIVE
H00002798,A002373,2025-12-28,ACTIVE
H00002799,A002373,2026-12-28,WRITTEN_OFF
H00002800,A002374,2024-03-20,ACTIVE
H00002801,A002375,2025-11-05,ACTIVE
H00002802,A002375,2026-07-28,CLOSED
H00002803,A002376,2024-01-10,ACTIVE
H00002804,A002377,2024-08-24,ACTIVE
H00002805,A002378,2024-05-03,ACTIVE
H00002806,A002379,2024-01-03,ACTIVE
H00002807,A002380,2026-03-06,ACTIVE
H00002808,A002381,2024-11-07,ACTIVE
H00002809,A002382,2025-10-11,ACTIVE
H00002810,A002383,2026-02-16,ACTIVE
H00002811,A002384,2024-03-11,ACTIVE
H00002812,A002385,2026-05-30,ACTIVE
H00002813,A002386,2026-05-24,ACTIVE
H00002814,A002387,2025-11-23,ACTIVE
H00002815,A002388,2025-02-18,ACTIVE
H00002816,A002389,2026-04-28,ACTIVE
H00002817,A002390,2024-11-25,ACTIVE
H00002818,A002391,2024-10-05,ACTIVE
H00002819,A002391,2025-07-20,WRITTEN_OFF
H00002820,A002392,2025-04-12,ACTIVE
H00002821,A002393,2026-04-14,ACTIVE
H00002822,A002394,2025-09-23,ACTIVE
H00002823,A002395,2025-06-11,ACTIVE
H00002824,A002396,2025-01-19,ACTIVE
H00002825,A002397,2024-06-07,ACTIVE
H00002826,A002398,2024-02-09,ACTIVE
H00002827,A002399,2025-03-31,ACTIVE
H00002828,A002400,2025-11-01,ACTIVE
H00002829,A002401,2024-09-30,ACTIVE
H00002830,A002401,2026-03-09,CLOSED
H00002831,A002402,2024-12-15,ACTIVE
H00002832,A002403,2024-07-08,ACTIVE
H00002833,A002404,2024-07-18,ACTIVE
H00002834,A002404,2025-08-15,CLOSED
H00002835,A002405,2025-05-29,ACTIVE
H00002836,A002406,2026-03-19,ACTIVE
H00002837,A002407,2024-07-13,ACTIVE
H00002838,A002408,2024-01-25,ACTIVE
H00002839,A002409,2024-08-09,ACTIVE
H00002840,A002410,2025-03-15,ACTIVE
H00002841,A002411,2024-10-05,ACTIVE
H00002842,A002411,2025-04-17,WRITTEN_OFF
H00002843,A002412,2025-02-27,ACTIVE
H00002844,A002413,2024-11-08,ACTIVE
H00002845,A002414,2025-04-05,ACTIVE
H00002846,A002415,2024-12-09,ACTIVE
H00002847,A002416,2025-08-04,ACTIVE
H00002848,A002417,2024-05-19,ACTIVE
H00002849,A002418,2025-02-10,ACTIVE
H00002850,A002419,2025-08-07,ACTIVE
H00002851,A002420,2024-01-06,ACTIVE
H00002852,A002420,2024-09-16,WRITTEN_OFF
H00002853,A002421,2025-02-25,ACTIVE
H00002854,A002422,2025-05-30,ACTIVE
H00002855,A002422,2026-04-21,CLOSED
H00002856,A002423,2025-08-19,ACTIVE
H00002857,A002424,2025-08-24,ACTIVE
H00002858,A002425,2025-08-29,ACTIVE
H00002859,A002426,2024-04-02,ACTIVE
H00002860,A002427,2025-01-21,ACTIVE
H00002861,A002427,2025-07-04,CLOSED
H00002862,A002428,2024-01-02,ACTIVE
H00002863,A002429,2024-09-16,ACTIVE
H00002864,A002429,2025-06-02,CLOSED
H00002865,A002430,2025-12-06,ACTIVE
H00002866,A002431,2025-09-08,ACTIVE
H00002867,A002432,2026-04-09,ACTIVE
H00002868,A002433,2024-04-16,ACTIVE
H00002869,A002434,2026-04-08,ACTIVE
H00002870,A002435,2024-07-06,ACTIVE
H00002871,A002436,2025-02-13,ACTIVE
H00002872,A002437,2026-05-24,ACTIVE
H00002873,A002437,2026-12-10,CLOSED
H00002874,A002438,2024-10-09,ACTIVE
H00002875,A002438,2025-07-31,CLOSED
H00002876,A002439,2024-05-19,ACTIVE
H00002877,A002439,2024-10-22,CLOSED
H00002878,A002440,2025-02-15,ACTIVE
H00002879,A002441,2024-11-08,ACTIVE
H00002880,A002442,2026-04-17,ACTIVE
H00002881,A002443,2025-11-16,ACTIVE
H00002882,A002443,2027-06-23,CLOSED
H00002883,A002444,2024-09-21,ACTIVE
H00002884,A002445,2025-10-18,ACTIVE
H00002885,A002446,2025-03-15,ACTIVE
H00002886,A002447,2024-01-09,ACTIVE
H00002887,A002448,2024-02-08,ACTIVE
H00002888,A002449,2024-01-22,ACTIVE
H00002889,A002450,2025-05-05,ACTIVE
H00002890,A002450,2026-05-18,CLOSED
H00002891,A002451,2024-02-17,ACTIVE
H00002892,A002452,2025-09-30,ACTIVE
H00002893,A002453,2025-01-15,ACTIVE
H00002894,A002453,2026-06-09,CLOSED
H00002895,A002454,2024-04-02,ACTIVE
H00002896,A002455,2026-01-24,ACTIVE
H00002897,A002456,2025-06-01,ACTIVE
H00002898,A002457,2025-06-14,ACTIVE
H00002899,A002458,2025-10-01,ACTIVE
H00002900,A002459,2024-02-25,ACTIVE
H00002901,A002460,2025-07-12,ACTIVE
H00002902,A002461,2025-08-08,ACTIVE
H00002903,A002462,2026-01-07,ACTIVE
H00002904,A002463,2025-05-02,ACTIVE
H00002905,A002463,2026-01-27,WRITTEN_OFF
H00002906,A002464,2025-12-19,ACTIVE
H00002907,A002465,2024-05-16,ACTIVE
H00002908,A002466,2024-01-11,ACTIVE
H00002909,A002467,2024-08-24,ACTIVE
H00002910,A002468,2025-02-27,ACTIVE
H00002911,A002469,2025-10-09,ACTIVE
H00002912,A002470,2026-03-26,ACTIVE
H00002913,A002471,2025-04-27,ACTIVE
H00002914,A002472,2024-01-11,ACTIVE
H00002915,A002473,2025-03-02,ACTIVE
H00002916,A002474,2025-02-24,ACTIVE
H00002917,A002475,2024-10-08,ACTIVE
H00002918,A002475,2025-09-26,WRITTEN_OFF
H00002919,A002476,2026-02-12,ACTIVE
H00002920,A002477,2025-05-23,ACTIVE
H00002921,A002478,2024-03-06,ACTIVE
H00002922,A002479,2025-01-22,ACTIVE
H00002923,A002480,2025-11-26,ACTIVE
H00002924,A002481,2024-09-03,ACTIVE
H00002925,A002482,2026-04-23,ACTIVE
H00002926,A002483,2025-09-23,ACTIVE
H00002927,A002484,2024-03-23,ACTIVE
H00002928,A002485,2024-06-11,ACTIVE
H00002929,A002486,2024-08-15,ACTIVE
H00002930,A002486,2025-07-28,WRITTEN_OFF
H00002931,A002487,2024-07-07,ACTIVE
H00002932,A002487,2025-05-19,CLOSED
H00002933,A002488,2025-04-18,ACTIVE
H00002934,A002488,2026-11-28,CLOSED
H00002935,A002489,2026-04-11,ACTIVE
H00002936,A002490,2025-11-28,ACTIVE
H00002937,A002491,2026-02-03,ACTIVE
H00002938,A002491,2026-06-03,CLOSED
H00002939,A002492,2025-10-21,ACTIVE
H00002940,A002493,2026-02-04,ACTIVE
H00002941,A002494,2025-09-30,ACTIVE
H00002942,A002495,2025-09-16,ACTIVE
H00002943,A002495,2027-01-22,CLOSED
H00002944,A002496,2026-04-15,ACTIVE
H00002945,A002497,2025-09-07,ACTIVE
H00002946,A002498,2024-03-15,ACTIVE
H00002947,A002499,2024-11-18,ACTIVE
H00002948,A002500,2025-07-12,ACTIVE
H00002949,A002501,2024-09-25,ACTIVE
H00002950,A002501,2025-01-09,CLOSED
H00002951,A002502,2025-12-29,ACTIVE
H00002952,A002503,2026-04-12,ACTIVE
H00002953,A002504,2024-07-24,ACTIVE
H00002954,A002505,2024-05-10,ACTIVE
H00002955,A002506,2025-08-14,ACTIVE
H00002956,A002507,2026-03-24,ACTIVE
H00002957,A002508,2024-07-30,ACTIVE
H00002958,A002509,2024-07-03,ACTIVE
H00002959,A002509,2025-09-21,WRITTEN_OFF
H00002960,A002510,2024-01-19,ACTIVE
H00002961,A002511,2024-09-30,ACTIVE
H00002962,A002512,2024-01-26,ACTIVE
H00002963,A002513,2024-02-01,ACTIVE
H00002964,A002514,2025-08-19,ACTIVE
H00002965,A002514,2027-02-01,CLOSED
H00002966,A002515,2024-04-09,ACTIVE
H00002967,A002515,2024-10-07,WRITTEN_OFF
H00002968,A002516,2024-10-22,ACTIVE
H00002969,A002517,2024-12-06,ACTIVE
H00002970,A002518,2024-01-28,ACTIVE
H00002971,A002519,2025-10-16,ACTIVE
H00002972,A002520,2025-12-10,ACTIVE
H00002973,A002521,2024-08-19,ACTIVE
H00002974,A002522,2024-04-27,ACTIVE
H00002975,A002522,2025-04-13,CLOSED
H00002976,A002523,2026-02-12,ACTIVE
H00002977,A002524,2025-05-21,ACTIVE
H00002978,A002525,2026-03-18,ACTIVE
H00002979,A002526,2025-04-12,ACTIVE
H00002980,A002527,2025-02-12,ACTIVE
H00002981,A002528,2024-05-28,ACTIVE
H00002982,A002529,2025-08-08,ACTIVE
H00002983,A002530,2024-06-24,ACTIVE
H00002984,A002530,2025-08-08,CLOSED
H00002985,A002531,2025-07-03,ACTIVE
H00002986,A002532,2026-05-26,ACTIVE
H00002987,A002533,2025-03-31,ACTIVE
H00002988,A002534,2025-08-11,ACTIVE
H00002989,A002535,2025-01-31,ACTIVE
H00002990,A002536,2025-05-17,ACTIVE
H00002991,A002537,2024-03-18,ACTIVE
H00002992,A002538,2025-11-25,ACTIVE
H00002993,A002539,2025-06-23,ACTIVE
H00002994,A002540,2024-07-01,ACTIVE
H00002995,A002540,2026-01-26,CLOSED
H00002996,A002541,2026-03-29,ACTIVE
H00002997,A002542,2024-03-08,ACTIVE
H00002998,A002543,2025-11-12,ACTIVE
H00002999,A002544,2024-04-17,ACTIVE
H00003000,A002544,2024-08-30,WRITTEN_OFF
H00003001,A002545,2025-02-03,ACTIVE
H00003002,A002546,2024-11-10,ACTIVE
H00003003,A002547,2024-03-13,ACTIVE
H00003004,A002548,2024-01-08,ACTIVE
H00003005,A002549,2025-03-26,ACTIVE
H00003006,A002550,2024-11-06,ACTIVE
H00003007,A002551,2025-12-20,ACTIVE
H00003008,A002552,2024-10-02,ACTIVE
H00003009,A002552,2025-02-04,WRITTEN_OFF
H00003010,A002553,2024-09-12,ACTIVE
H00003011,A002554,2024-03-17,ACTIVE
H00003012,A002555,2025-04-06,ACTIVE
H00003013,A002556,2026-03-10,ACTIVE
H00003014,A002556,2027-02-13,CLOSED
H00003015,A002557,2024-11-29,ACTIVE
H00003016,A002558,2025-02-06,ACTIVE
H00003017,A002559,2026-01-25,ACTIVE
H00003018,A002560,2025-09-16,ACTIVE
H00003019,A002561,2025-02-18,ACTIVE
H00003020,A002562,2024-08-16,ACTIVE
H00003021,A002563,2024-11-17,ACTIVE
H00003022,A002564,2026-05-02,ACTIVE
H00003023,A002564,2027-07-03,CLOSED
H00003024,A002565,2025-02-05,ACTIVE
H00003025,A002566,2024-05-02,ACTIVE
H00003026,A002567,2024-01-19,ACTIVE
H00003027,A002568,2024-06-30,ACTIVE
H00003028,A002569,2025-09-22,ACTIVE
H00003029,A002570,2024-05-29,ACTIVE
H00003030,A002571,2025-03-06,ACTIVE
H00003031,A002571,2026-03-23,CLOSED
H00003032,A002572,2025-04-18,ACTIVE
H00003033,A002573,2026-01-20,ACTIVE
H00003034,A002574,2024-04-22,ACTIVE
H00003035,A002575,2026-03-29,ACTIVE
H00003036,A002575,2026-12-13,CLOSED
H00003037,A002576,2024-10-11,ACTIVE
H00003038,A002577,2026-03-02,ACTIVE
H00003039,A002578,2026-01-24,ACTIVE
H00003040,A002579,2024-11-20,ACTIVE
H00003041,A002580,2024-05-07,ACTIVE
H00003042,A002581,2024-04-14,ACTIVE
H00003043,A002582,2024-04-17,ACTIVE
H00003044,A002583,2024-11-03,ACTIVE
H00003045,A002584,2024-06-10,ACTIVE
H00003046,A002585,2024-08-02,ACTIVE
H00003047,A002586,2024-07-10,ACTIVE
H00003048,A002586,2025-02-21,CLOSED
H00003049,A002587,2024-01-10,ACTIVE
H00003050,A002588,2025-06-16,ACTIVE
H00003051,A002589,2024-03-11,ACTIVE
H00003052,A002590,2024-02-10,ACTIVE
H00003053,A002591,2025-07-30,ACTIVE
H00003054,A002591,2026-01-13,WRITTEN_OFF
H00003055,A002592,2024-11-22,ACTIVE
H00003056,A002593,2025-03-25,ACTIVE
H00003057,A002593,2026-03-31,CLOSED
H00003058,A002594,2026-03-02,ACTIVE
H00003059,A002594,2027-05-08,CLOSED
H00003060,A002595,2024-06-09,ACTIVE
H00003061,A002596,2024-04-10,ACTIVE
H00003062,A002597,2025-07-31,ACTIVE
H00003063,A002598,2025-11-07,ACTIVE
H00003064,A002599,2025-12-31,ACTIVE
H00003065,A002600,2024-06-27,ACTIVE
H00003066,A002601,2024-07-16,ACTIVE
H00003067,A002601,2025-02-27,CLOSED
H00003068,A002602,2026-02-02,ACTIVE
H00003069,A002603,2024-10-16,ACTIVE
H00003070,A002603,2025-10-03,WRITTEN_OFF
H00003071,A002604,2025-08-09,ACTIVE
H00003072,A002604,2026-04-27,CLOSED
H00003073,A002605,2025-12-12,ACTIVE
H00003074,A002605,2026-04-11,CLOSED
H00003075,A002606,2025-03-02,ACTIVE
H00003076,A002606,2025-10-27,CLOSED
H00003077,A002607,2025-05-20,ACTIVE
H00003078,A002608,2024-07-01,ACTIVE
H00003079,A002609,2024-05-16,ACTIVE
H00003080,A002609,2025-12-08,CLOSED
H00003081,A002610,2024-08-23,ACTIVE
H00003082,A002611,2026-01-27,ACTIVE
H00003083,A002611,2026-07-17,CLOSED
H00003084,A002612,2024-10-15,ACTIVE
H00003085,A002613,2026-04-07,ACTIVE
H00003086,A002614,2024-11-08,ACTIVE
H00003087,A002615,2024-11-17,ACTIVE
H00003088,A002616,2024-08-19,ACTIVE
H00003089,A002617,2025-01-15,ACTIVE
H00003090,A002618,2025-05-24,ACTIVE
H00003091,A002619,2024-11-16,ACTIVE
H00003092,A002620,2024-12-10,ACTIVE
H00003093,A002621,2026-04-18,ACTIVE
H00003094,A002622,2026-04-05,ACTIVE
H00003095,A002623,2026-02-04,ACTIVE
H00003096,A002624,2024-06-20,ACTIVE
H00003097,A002625,2024-02-29,ACTIVE
H00003098,A002626,2026-03-07,ACTIVE
H00003099,A002627,2026-03-08,ACTIVE
H00003100,A002627,2027-04-22,CLOSED
H00003101,A002628,2024-02-08,ACTIVE
H00003102,A002629,2025-06-10,ACTIVE
H00003103,A002630,2024-11-27,ACTIVE
H00003104,A002631,2025-09-02,ACTIVE
H00003105,A002631,2026-07-16,CLOSED
H00003106,A002632,2024-07-23,ACTIVE
H00003107,A002633,2024-04-23,ACTIVE
H00003108,A002634,2025-05-28,ACTIVE
H00003109,A002634,2026-08-01,CLOSED
H00003110,A002635,2025-04-19,ACTIVE
H00003111,A002636,2024-02-01,ACTIVE
H00003112,A002637,2025-11-15,ACTIVE
H00003113,A002638,2024-11-30,ACTIVE
H00003114,A002639,2026-02-18,ACTIVE
H00003115,A002639,2027-07-27,CLOSED
H00003116,A002640,2025-08-07,ACTIVE
H00003117,A002641,2025-08-02,ACTIVE
H00003118,A002642,2025-12-19,ACTIVE
H00003119,A002643,2024-05-22,ACTIVE
H00003120,A002644,2024-08-08,ACTIVE
H00003121,A002645,2025-12-24,ACTIVE
H00003122,A002646,2025-04-03,ACTIVE
H00003123,A002647,2025-12-24,ACTIVE
H00003124,A002647,2027-02-26,CLOSED
H00003125,A002648,2025-04-25,ACTIVE
H00003126,A002649,2026-01-15,ACTIVE
H00003127,A002650,2026-04-10,ACTIVE
H00003128,A002650,2027-01-26,WRITTEN_OFF
H00003129,A002651,2025-05-29,ACTIVE
H00003130,A002652,2025-11-05,ACTIVE
H00003131,A002653,2025-12-28,ACTIVE
H00003132,A002653,2026-05-16,CLOSED
H00003133,A002654,2025-05-07,ACTIVE
H00003134,A002654,2026-04-09,CLOSED
H00003135,A002655,2025-02-01,ACTIVE
H00003136,A002656,2026-04-19,ACTIVE
H00003137,A002656,2027-02-24,WRITTEN_OFF
H00003138,A002657,2024-07-07,ACTIVE
H00003139,A002658,2025-01-02,ACTIVE
H00003140,A002659,2025-05-17,ACTIVE
H00003141,A002659,2026-07-06,WRITTEN_OFF
H00003142,A002660,2024-07-17,ACTIVE
H00003143,A002661,2024-08-02,ACTIVE
H00003144,A002662,2024-09-13,ACTIVE
H00003145,A002663,2026-02-26,ACTIVE
H00003146,A002664,2024-03-11,ACTIVE
H00003147,A002665,2025-09-02,ACTIVE
H00003148,A002666,2024-09-13,ACTIVE
H00003149,A002667,2025-08-19,ACTIVE
H00003150,A002668,2025-12-16,ACTIVE
H00003151,A002669,2026-03-14,ACTIVE
H00003152,A002670,2025-08-05,ACTIVE
H00003153,A002670,2026-06-05,CLOSED
H00003154,A002671,2024-06-09,ACTIVE
H00003155,A002671,2025-02-09,CLOSED
H00003156,A002672,2024-08-25,ACTIVE
H00003157,A002673,2024-01-08,ACTIVE
H00003158,A002674,2024-03-11,ACTIVE
H00003159,A002675,2025-09-04,ACTIVE
H00003160,A002676,2025-11-18,ACTIVE
H00003161,A002676,2027-02-13,CLOSED
H00003162,A002677,2024-12-24,ACTIVE
H00003163,A002678,2026-05-28,ACTIVE
H00003164,A002679,2025-07-04,ACTIVE
H00003165,A002680,2026-04-24,ACTIVE
H00003166,A002681,2025-07-21,ACTIVE
H00003167,A002681,2026-01-12,WRITTEN_OFF
H00003168,A002682,2024-05-20,ACTIVE
H00003169,A002683,2025-06-20,ACTIVE
H00003170,A002684,2025-04-09,ACTIVE
H00003171,A002685,2026-05-13,ACTIVE
H00003172,A002686,2025-12-24,ACTIVE
H00003173,A002686,2027-03-18,WRITTEN_OFF
H00003174,A002687,2025-03-04,ACTIVE
H00003175,A002687,2025-07-02,WRITTEN_OFF
H00003176,A002688,2025-03-14,ACTIVE
H00003177,A002689,2026-02-22,ACTIVE
H00003178,A002690,2025-04-02,ACTIVE
H00003179,A002691,2025-07-10,ACTIVE
H00003180,A002691,2026-05-16,CLOSED
H00003181,A002692,2025-12-07,ACTIVE
H00003182,A002693,2024-11-05,ACTIVE
H00003183,A002694,2025-03-22,ACTIVE
H00003184,A002695,2024-04-06,ACTIVE
H00003185,A002696,2025-04-04,ACTIVE
H00003186,A002697,2025-05-27,ACTIVE
H00003187,A002698,2025-06-17,ACTIVE
H00003188,A002699,2026-02-06,ACTIVE
H00003189,A002700,2025-01-07,ACTIVE
H00003190,A002700,2025-11-22,CLOSED
H00003191,A002701,2026-03-12,ACTIVE
H00003192,A002701,2027-06-11,CLOSED
H00003193,A002702,2024-06-22,ACTIVE
H00003194,A002703,2024-04-18,ACTIVE
H00003195,A002704,2024-05-06,ACTIVE
H00003196,A002705,2026-03-09,ACTIVE
H00003197,A002706,2024-10-22,ACTIVE
H00003198,A002707,2024-10-19,ACTIVE
H00003199,A002708,2025-12-29,ACTIVE
H00003200,A002709,2025-05-11,ACTIVE
H00003201,A002710,2026-04-29,ACTIVE
H00003202,A002711,2026-03-12,ACTIVE
H00003203,A002712,2025-05-11,ACTIVE
H00003204,A002713,2025-12-02,ACTIVE
H00003205,A002713,2027-04-03,CLOSED
H00003206,A002714,2025-08-29,ACTIVE
H00003207,A002715,2024-06-24,ACTIVE
H00003208,A002716,2025-05-28,ACTIVE
H00003209,A002717,2025-05-28,ACTIVE
H00003210,A002718,2026-02-03,ACTIVE
H00003211,A002719,2026-01-07,ACTIVE
H00003212,A002720,2024-11-18,ACTIVE
H00003213,A002721,2024-06-11,ACTIVE
H00003214,A002722,2025-03-28,ACTIVE
H00003215,A002722,2026-04-07,CLOSED
H00003216,A002723,2026-02-18,ACTIVE
H00003217,A002724,2025-04-25,ACTIVE
H00003218,A002725,2026-04-08,ACTIVE
H00003219,A002726,2024-12-15,ACTIVE
H00003220,A002727,2024-05-27,ACTIVE
H00003221,A002728,2025-05-26,ACTIVE
H00003222,A002729,2024-03-10,ACTIVE
H00003223,A002730,2024-03-21,ACTIVE
H00003224,A002731,2026-03-15,ACTIVE
H00003225,A002732,2026-04-28,ACTIVE
H00003226,A002732,2027-07-13,CLOSED
H00003227,A002733,2024-01-04,ACTIVE
H00003228,A002734,2024-10-17,ACTIVE
H00003229,A002735,2024-01-27,ACTIVE
H00003230,A002736,2024-12-28,ACTIVE
H00003231,A002737,2024-08-31,ACTIVE
H00003232,A002737,2025-08-26,WRITTEN_OFF
H00003233,A002738,2024-08-16,ACTIVE
H00003234,A002739,2026-03-26,ACTIVE
H00003235,A002739,2027-02-14,CLOSED
H00003236,A002740,2025-01-04,ACTIVE
H00003237,A002741,2025-06-16,ACTIVE
H00003238,A002742,2024-11-24,ACTIVE
H00003239,A002743,2024-12-28,ACTIVE
H00003240,A002744,2024-06-14,ACTIVE
H00003241,A002745,2026-03-19,ACTIVE
H00003242,A002746,2025-04-26,ACTIVE
H00003243,A002747,2025-07-24,ACTIVE
H00003244,A002747,2027-03-09,CLOSED
H00003245,A002748,2025-05-01,ACTIVE
H00003246,A002749,2025-12-30,ACTIVE
H00003247,A002750,2026-03-04,ACTIVE
H00003248,A002751,2025-03-30,ACTIVE
H00003249,A002752,2025-12-05,ACTIVE
H00003250,A002753,2025-05-22,ACTIVE
H00003251,A002753,2025-12-25,WRITTEN_OFF
H00003252,A002754,2025-11-10,ACTIVE
H00003253,A002755,2024-01-17,ACTIVE
H00003254,A002755,2024-05-21,WRITTEN_OFF
H00003255,A002756,2025-03-31,ACTIVE
H00003256,A002757,2024-12-30,ACTIVE
H00003257,A002758,2025-08-12,ACTIVE
H00003258,A002758,2026-03-22,CLOSED
H00003259,A002759,2025-12-18,ACTIVE
H00003260,A002760,2025-12-25,ACTIVE
H00003261,A002761,2024-07-10,ACTIVE
H00003262,A002762,2026-05-04,ACTIVE
H00003263,A002763,2025-09-25,ACTIVE
H00003264,A002764,2026-02-10,ACTIVE
H00003265,A002765,2025-07-19,ACTIVE
H00003266,A002766,2025-11-07,ACTIVE
H00003267,A002767,2024-11-06,ACTIVE
H00003268,A002767,2025-10-29,CLOSED
H00003269,A002768,2025-11-15,ACTIVE
H00003270,A002769,2026-01-18,ACTIVE
H00003271,A002769,2026-08-18,WRITTEN_OFF
H00003272,A002770,2026-05-20,ACTIVE
H00003273,A002771,2026-04-20,ACTIVE
H00003274,A002772,2025-02-02,ACTIVE
H00003275,A002773,2024-10-01,ACTIVE
H00003276,A002774,2024-01-28,ACTIVE
H00003277,A002774,2025-09-05,CLOSED
H00003278,A002775,2025-08-10,ACTIVE
H00003279,A002776,2025-09-08,ACTIVE
H00003280,A002777,2024-01-31,ACTIVE
H00003281,A002778,2026-01-28,ACTIVE
H00003282,A002779,2024-02-03,ACTIVE
H00003283,A002780,2024-12-23,ACTIVE
H00003284,A002781,2025-04-28,ACTIVE
H00003285,A002781,2026-04-12,CLOSED
H00003286,A002782,2026-05-29,ACTIVE
H00003287,A002783,2025-02-25,ACTIVE
H00003288,A002784,2025-07-29,ACTIVE
H00003289,A002784,2026-12-21,CLOSED
H00003290,A002785,2024-02-14,ACTIVE
H00003291,A002786,2024-07-16,ACTIVE
H00003292,A002786,2024-10-29,WRITTEN_OFF
H00003293,A002787,2025-10-07,ACTIVE
H00003294,A002788,2025-02-28,ACTIVE
H00003295,A002789,2025-07-22,ACTIVE
H00003296,A002789,2026-08-05,CLOSED
H00003297,A002790,2025-09-08,ACTIVE
H00003298,A002791,2025-08-21,ACTIVE
H00003299,A002792,2025-10-06,ACTIVE
H00003300,A002793,2025-01-24,ACTIVE
H00003301,A002794,2024-03-18,ACTIVE
H00003302,A002795,2025-06-21,ACTIVE
H00003303,A002796,2024-05-10,ACTIVE
H00003304,A002797,2026-05-06,ACTIVE
H00003305,A002797,2027-07-15,CLOSED
H00003306,A002798,2024-08-25,ACTIVE
H00003307,A002799,2025-04-04,ACTIVE
H00003308,A002800,2026-02-23,ACTIVE
H00003309,A002801,2025-09-21,ACTIVE
H00003310,A002802,2025-10-16,ACTIVE
H00003311,A002802,2026-12-18,CLOSED
H00003312,A002803,2026-02-15,ACTIVE
H00003313,A002804,2026-01-22,ACTIVE
H00003314,A002805,2025-01-31,ACTIVE
H00003315,A002806,2025-01-19,ACTIVE
H00003316,A002807,2024-06-17,ACTIVE
H00003317,A002808,2024-09-12,ACTIVE
H00003318,A002809,2024-04-29,ACTIVE
H00003319,A002809,2025-04-09,CLOSED
H00003320,A002810,2025-03-09,ACTIVE
H00003321,A002811,2025-09-27,ACTIVE
H00003322,A002812,2025-02-20,ACTIVE
H00003323,A002813,2026-04-22,ACTIVE
H00003324,A002813,2027-03-08,CLOSED
H00003325,A002814,2024-09-27,ACTIVE
H00003326,A002814,2025-05-02,CLOSED
H00003327,A002815,2025-03-01,ACTIVE
H00003328,A002815,2026-10-17,CLOSED
H00003329,A002816,2026-02-05,ACTIVE
H00003330,A002817,2026-05-27,ACTIVE
H00003331,A002818,2026-04-10,ACTIVE
H00003332,A002819,2025-02-23,ACTIVE
H00003333,A002820,2024-06-16,ACTIVE
H00003334,A002821,2025-03-06,ACTIVE
H00003335,A002822,2025-06-09,ACTIVE
H00003336,A002823,2026-01-06,ACTIVE
H00003337,A002824,2024-09-27,ACTIVE
H00003338,A002825,2025-07-26,ACTIVE
H00003339,A002826,2025-12-20,ACTIVE
H00003340,A002827,2026-01-13,ACTIVE
H00003341,A002828,2025-09-01,ACTIVE
H00003342,A002829,2024-02-12,ACTIVE
H00003343,A002829,2025-05-21,CLOSED
H00003344,A002830,2024-03-25,ACTIVE
H00003345,A002831,2024-11-14,ACTIVE
H00003346,A002831,2025-04-04,CLOSED
H00003347,A002832,2026-03-27,ACTIVE
H00003348,A002833,2024-07-06,ACTIVE
H00003349,A002834,2025-09-17,ACTIVE
H00003350,A002835,2025-04-15,ACTIVE
H00003351,A002836,2024-11-30,ACTIVE
H00003352,A002836,2025-12-12,CLOSED
H00003353,A002837,2024-05-30,ACTIVE
H00003354,A002838,2025-01-19,ACTIVE
H00003355,A002839,2025-09-20,ACTIVE
H00003356,A002840,2025-02-28,ACTIVE
H00003357,A002841,2025-09-24,ACTIVE
H00003358,A002842,2024-01-19,ACTIVE
H00003359,A002843,2024-12-12,ACTIVE
H00003360,A002844,2024-08-24,ACTIVE
H00003361,A002845,2025-12-28,ACTIVE
H00003362,A002845,2027-07-24,CLOSED
H00003363,A002846,2024-04-19,ACTIVE
H00003364,A002847,2025-08-25,ACTIVE
H00003365,A002848,2026-02-05,ACTIVE
H00003366,A002849,2025-10-20,ACTIVE
H00003367,A002849,2027-05-16,CLOSED
H00003368,A002850,2026-02-18,ACTIVE
H00003369,A002851,2024-04-08,ACTIVE
H00003370,A002852,2025-05-26,ACTIVE
H00003371,A002853,2025-02-17,ACTIVE
H00003372,A002854,2026-02-18,ACTIVE
H00003373,A002855,2024-10-03,ACTIVE
H00003374,A002856,2025-09-28,ACTIVE
H00003375,A002857,2025-04-08,ACTIVE
H00003376,A002858,2024-01-03,ACTIVE
H00003377,A002859,2024-09-02,ACTIVE
H00003378,A002859,2025-09-08,CLOSED
H00003379,A002860,2024-08-17,ACTIVE
H00003380,A002861,2025-04-14,ACTIVE
H00003381,A002862,2025-11-15,ACTIVE
H00003382,A002862,2026-04-19,CLOSED
H00003383,A002863,2024-02-10,ACTIVE
H00003384,A002864,2025-10-09,ACTIVE
H00003385,A002865,2025-01-26,ACTIVE
H00003386,A002866,2024-09-02,ACTIVE
H00003387,A002867,2025-02-06,ACTIVE
H00003388,A002868,2025-02-16,ACTIVE
H00003389,A002869,2026-04-04,ACTIVE
H00003390,A002870,2024-12-28,ACTIVE
H00003391,A002871,2025-03-30,ACTIVE
H00003392,A002872,2024-11-18,ACTIVE
H00003393,A002872,2026-03-29,CLOSED
H00003394,A002873,2024-07-22,ACTIVE
H00003395,A002874,2026-01-31,ACTIVE
H00003396,A002875,2025-10-06,ACTIVE
H00003397,A002876,2024-03-07,ACTIVE
H00003398,A002877,2024-05-19,ACTIVE
H00003399,A002878,2025-01-22,ACTIVE
H00003400,A002879,2026-04-02,ACTIVE
H00003401,A002880,2026-01-22,ACTIVE
H00003402,A002881,2024-05-15,ACTIVE
H00003403,A002882,2024-02-21,ACTIVE
H00003404,A002882,2025-04-23,WRITTEN_OFF
H00003405,A002883,2024-05-03,ACTIVE
H00003406,A002884,2026-05-26,ACTIVE
H00003407,A002884,2027-08-09,CLOSED
H00003408,A002885,2025-10-25,ACTIVE
H00003409,A002885,2027-04-21,WRITTEN_OFF
H00003410,A002886,2024-04-13,ACTIVE
H00003411,A002887,2024-01-29,ACTIVE
H00003412,A002888,2025-09-04,ACTIVE
H00003413,A002889,2025-07-09,ACTIVE
H00003414,A002890,2025-02-09,ACTIVE
H00003415,A002891,2024-12-19,ACTIVE
H00003416,A002892,2024-06-06,ACTIVE
H00003417,A002893,2024-11-08,ACTIVE
H00003418,A002894,2025-07-25,ACTIVE
H00003419,A002895,2026-05-08,ACTIVE
H00003420,A002896,2024-05-22,ACTIVE
H00003421,A002897,2024-12-03,ACTIVE
H00003422,A002897,2025-06-28,WRITTEN_OFF
H00003423,A002898,2024-05-07,ACTIVE
H00003424,A002899,2024-04-13,ACTIVE
H00003425,A002899,2025-04-05,CLOSED
H00003426,A002900,2024-11-22,ACTIVE
H00003427,A002901,2024-09-14,ACTIVE
H00003428,A002901,2025-03-13,CLOSED
H00003429,A002902,2025-03-05,ACTIVE
H00003430,A002902,2025-07-17,CLOSED
H00003431,A002903,2025-01-16,ACTIVE
H00003432,A002904,2025-06-24,ACTIVE
H00003433,A002905,2024-11-04,ACTIVE
H00003434,A002906,2024-09-19,ACTIVE
H00003435,A002907,2025-07-08,ACTIVE
H00003436,A002908,2025-08-31,ACTIVE
H00003437,A002909,2025-10-21,ACTIVE
H00003438,A002910,2024-11-29,ACTIVE
H00003439,A002911,2024-09-28,ACTIVE
H00003440,A002912,2024-02-17,ACTIVE
H00003441,A002913,2025-01-21,ACTIVE
H00003442,A002914,2026-04-13,ACTIVE
H00003443,A002915,2026-01-30,ACTIVE
H00003444,A002915,2026-12-31,CLOSED
H00003445,A002916,2024-06-03,ACTIVE
H00003446,A002917,2026-01-17,ACTIVE
H00003447,A002918,2026-05-20,ACTIVE
H00003448,A002919,2025-05-25,ACTIVE
H00003449,A002920,2025-02-28,ACTIVE
H00003450,A002921,2024-03-01,ACTIVE
H00003451,A002922,2025-02-15,ACTIVE
H00003452,A002923,2024-11-05,ACTIVE
H00003453,A002924,2024-11-20,ACTIVE
H00003454,A002925,2024-10-05,ACTIVE
H00003455,A002926,2024-07-17,ACTIVE
H00003456,A002927,2024-04-04,ACTIVE
H00003457,A002928,2025-09-19,ACTIVE
H00003458,A002929,2024-12-16,ACTIVE
H00003459,A002930,2024-06-05,ACTIVE
H00003460,A002931,2024-04-05,ACTIVE
H00003461,A002932,2025-09-15,ACTIVE
H00003462,A002933,2024-12-10,ACTIVE
H00003463,A002934,2024-05-15,ACTIVE
H00003464,A002935,2025-06-18,ACTIVE
H00003465,A002936,2025-10-15,ACTIVE
H00003466,A002937,2026-02-25,ACTIVE
H00003467,A002938,2025-05-20,ACTIVE
H00003468,A002939,2024-11-09,ACTIVE
H00003469,A002939,2025-11-01,CLOSED
H00003470,A002940,2025-12-14,ACTIVE
H00003471,A002941,2025-11-29,ACTIVE
H00003472,A002942,2024-08-20,ACTIVE
H00003473,A002943,2026-04-11,ACTIVE
H00003474,A002944,2024-04-20,ACTIVE
H00003475,A002945,2025-09-03,ACTIVE
H00003476,A002946,2025-06-05,ACTIVE
H00003477,A002946,2026-04-01,CLOSED
H00003478,A002947,2024-04-02,ACTIVE
H00003479,A002948,2024-03-24,ACTIVE
H00003480,A002948,2025-05-24,WRITTEN_OFF
H00003481,A002949,2024-03-28,ACTIVE
H00003482,A002950,2025-02-21,ACTIVE
H00003483,A002951,2025-04-07,ACTIVE
H00003484,A002952,2024-11-04,ACTIVE
H00003485,A002952,2025-05-23,CLOSED
H00003486,A002953,2025-09-19,ACTIVE
H00003487,A002953,2026-12-11,CLOSED
H00003488,A002954,2026-02-13,ACTIVE
H00003489,A002955,2024-04-18,ACTIVE
H00003490,A002956,2025-04-21,ACTIVE
H00003491,A002957,2024-07-30,ACTIVE
H00003492,A002958,2024-05-18,ACTIVE
H00003493,A002959,2024-06-24,ACTIVE
H00003494,A002960,2025-12-15,ACTIVE
H00003495,A002961,2024-06-24,ACTIVE
H00003496,A002962,2025-07-29,ACTIVE
H00003497,A002963,2026-01-10,ACTIVE
H00003498,A002963,2027-02-08,WRITTEN_OFF
H00003499,A002964,2025-03-29,ACTIVE
H00003500,A002965,2024-11-13,ACTIVE
H00003501,A002966,2025-04-04,ACTIVE
H00003502,A002967,2024-12-09,ACTIVE
H00003503,A002968,2025-11-29,ACTIVE
H00003504,A002969,2026-05-13,ACTIVE
H00003505,A002970,2026-04-10,ACTIVE
H00003506,A002971,2025-10-27,ACTIVE
H00003507,A002972,2025-07-21,ACTIVE
H00003508,A002972,2026-02-23,CLOSED
H00003509,A002973,2025-12-09,ACTIVE
H00003510,A002974,2024-05-24,ACTIVE
H00003511,A002975,2025-06-03,ACTIVE
H00003512,A002976,2025-02-17,ACTIVE
H00003513,A002977,2024-05-21,ACTIVE
H00003514,A002978,2024-01-26,ACTIVE
H00003515,A002979,2024-02-12,ACTIVE
H00003516,A002980,2025-05-14,ACTIVE
H00003517,A002980,2026-10-25,CLOSED
H00003518,A002981,2025-10-01,ACTIVE
H00003519,A002982,2026-03-05,ACTIVE
H00003520,A002983,2026-03-20,ACTIVE
H00003521,A002984,2025-01-22,ACTIVE
H00003522,A002985,2025-12-15,ACTIVE
H00003523,A002986,2025-12-20,ACTIVE
H00003524,A002987,2024-08-14,ACTIVE
H00003525,A002988,2026-01-06,ACTIVE
H00003526,A002989,2025-05-26,ACTIVE
H00003527,A002990,2024-07-21,ACTIVE
H00003528,A002991,2025-09-08,ACTIVE
H00003529,A002991,2026-05-28,WRITTEN_OFF
H00003530,A002992,2024-08-29,ACTIVE
H00003531,A002993,2025-12-24,ACTIVE
H00003532,A002993,2027-05-14,CLOSED
H00003533,A002994,2024-07-23,ACTIVE
H00003534,A002995,2026-03-06,ACTIVE
H00003535,A002995,2026-10-28,CLOSED
H00003536,A002996,2026-01-11,ACTIVE
H00003537,A002997,2024-12-30,ACTIVE
H00003538,A002998,2025-04-17,ACTIVE
H00003539,A002999,2026-01-12,ACTIVE
H00003540,A003000,2024-01-06,ACTIVE
H00003541,A003001,2025-10-10,ACTIVE
H00003542,A003002,2024-05-13,ACTIVE
H00003543,A003002,2025-10-04,CLOSED
H00003544,A003003,2025-04-17,ACTIVE
H00003545,A003004,2025-11-01,ACTIVE
H00003546,A003005,2025-12-07,ACTIVE
H00003547,A003006,2024-01-09,ACTIVE
H00003548,A003006,2025-03-20,CLOSED
H00003549,A003007,2025-06-30,ACTIVE
H00003550,A003007,2026-04-29,WRITTEN_OFF
H00003551,A003008,2024-08-15,ACTIVE
H00003552,A003009,2025-02-11,ACTIVE
H00003553,A003010,2026-04-12,ACTIVE
H00003554,A003010,2027-09-03,CLOSED
H00003555,A003011,2024-01-07,ACTIVE
H00003556,A003011,2025-07-22,WRITTEN_OFF
H00003557,A003012,2025-01-22,ACTIVE
H00003558,A003013,2024-10-30,ACTIVE
H00003559,A003014,2025-03-08,ACTIVE
H00003560,A003014,2025-08-31,CLOSED
H00003561,A003015,2025-10-27,ACTIVE
H00003562,A003016,2024-06-18,ACTIVE
H00003563,A003017,2025-01-01,ACTIVE
H00003564,A003018,2024-05-03,ACTIVE
H00003565,A003019,2024-12-19,ACTIVE
H00003566,A003019,2025-05-01,CLOSED
H00003567,A003020,2026-05-16,ACTIVE
H00003568,A003021,2025-10-23,ACTIVE
H00003569,A003022,2026-01-01,ACTIVE
H00003570,A003022,2027-04-04,CLOSED
H00003571,A003023,2025-08-24,ACTIVE
H00003572,A003024,2024-06-06,ACTIVE
H00003573,A003024,2025-03-21,WRITTEN_OFF
H00003574,A003025,2025-07-19,ACTIVE
H00003575,A003026,2025-12-25,ACTIVE
H00003576,A003027,2024-07-24,ACTIVE
H00003577,A003028,2025-04-11,ACTIVE
H00003578,A003029,2025-05-30,ACTIVE
H00003579,A003030,2024-05-23,ACTIVE
H00003580,A003031,2024-06-07,ACTIVE
H00003581,A003032,2024-04-23,ACTIVE
H00003582,A003033,2024-10-24,ACTIVE
H00003583,A003034,2024-05-30,ACTIVE
H00003584,A003035,2025-04-21,ACTIVE
H00003585,A003036,2024-06-18,ACTIVE
H00003586,A003037,2025-01-09,ACTIVE
H00003587,A003038,2025-12-03,ACTIVE
H00003588,A003039,2026-04-20,ACTIVE
H00003589,A003040,2025-03-02,ACTIVE
H00003590,A003040,2026-02-22,WRITTEN_OFF
H00003591,A003041,2024-02-22,ACTIVE
H00003592,A003042,2026-03-11,ACTIVE
H00003593,A003043,2026-04-22,ACTIVE
H00003594,A003044,2025-05-13,ACTIVE
H00003595,A003044,2026-12-14,WRITTEN_OFF
H00003596,A003045,2024-08-06,ACTIVE
H00003597,A003046,2024-01-25,ACTIVE
H00003598,A003047,2024-01-10,ACTIVE
H00003599,A003048,2025-12-30,ACTIVE
H00003600,A003049,2024-06-11,ACTIVE
H00003601,A003050,2025-12-31,ACTIVE
H00003602,A003051,2026-05-24,ACTIVE
H00003603,A003052,2026-01-16,ACTIVE
H00003604,A003053,2024-08-20,ACTIVE
H00003605,A003054,2025-10-18,ACTIVE
H00003606,A003055,2026-05-15,ACTIVE
H00003607,A003056,2025-10-22,ACTIVE
H00003608,A003057,2024-07-06,ACTIVE
H00003609,A003058,2025-11-04,ACTIVE
H00003610,A003059,2024-12-24,ACTIVE
H00003611,A003060,2024-05-15,ACTIVE
H00003612,A003061,2025-10-01,ACTIVE
H00003613,A003062,2026-04-16,ACTIVE
H00003614,A003063,2024-10-19,ACTIVE
H00003615,A003064,2024-04-11,ACTIVE
H00003616,A003065,2024-12-15,ACTIVE
H00003617,A003066,2024-06-15,ACTIVE
H00003618,A003067,2024-02-28,ACTIVE
H00003619,A003068,2024-10-23,ACTIVE
H00003620,A003069,2025-11-18,ACTIVE
H00003621,A003070,2025-11-27,ACTIVE
H00003622,A003070,2026-11-15,CLOSED
H00003623,A003071,2025-10-22,ACTIVE
H00003624,A003072,2024-05-04,ACTIVE
H00003625,A003073,2024-09-03,ACTIVE
H00003626,A003074,2024-02-06,ACTIVE
H00003627,A003075,2025-02-21,ACTIVE
H00003628,A003076,2026-03-11,ACTIVE
H00003629,A003077,2025-02-18,ACTIVE
H00003630,A003078,2025-11-21,ACTIVE
H00003631,A003078,2026-12-20,CLOSED
H00003632,A003079,2025-06-20,ACTIVE
H00003633,A003080,2024-09-16,ACTIVE
H00003634,A003081,2025-06-04,ACTIVE
H00003635,A003082,2024-01-16,ACTIVE
H00003636,A003083,2024-02-12,ACTIVE
H00003637,A003084,2025-03-26,ACTIVE
H00003638,A003084,2026-08-09,WRITTEN_OFF
H00003639,A003085,2025-07-06,ACTIVE
H00003640,A003086,2025-06-30,ACTIVE
H00003641,A003087,2024-05-13,ACTIVE
H00003642,A003088,2024-07-04,ACTIVE
H00003643,A003089,2025-11-04,ACTIVE
H00003644,A003090,2025-09-29,ACTIVE
H00003645,A003091,2025-02-03,ACTIVE
H00003646,A003091,2026-01-01,CLOSED
H00003647,A003092,2024-07-13,ACTIVE
H00003648,A003093,2024-05-21,ACTIVE
H00003649,A003094,2024-06-20,ACTIVE
H00003650,A003095,2024-04-22,ACTIVE
H00003651,A003096,2024-02-25,ACTIVE
H00003652,A003096,2024-06-29,WRITTEN_OFF
H00003653,A003097,2024-01-14,ACTIVE
H00003654,A003097,2024-12-18,CLOSED
H00003655,A003098,2025-05-04,ACTIVE
H00003656,A003098,2026-07-31,CLOSED
H00003657,A003099,2024-11-14,ACTIVE
H00003658,A003099,2025-07-14,WRITTEN_OFF
H00003659,A003100,2025-06-27,ACTIVE
H00003660,A003101,2024-05-25,ACTIVE
H00003661,A003102,2026-02-04,ACTIVE
H00003662,A003103,2025-11-03,ACTIVE
H00003663,A003104,2025-09-17,ACTIVE
H00003664,A003105,2025-02-28,ACTIVE
H00003665,A003106,2025-11-02,ACTIVE
H00003666,A003107,2026-06-01,ACTIVE
H00003667,A003108,2024-05-01,ACTIVE
H00003668,A003109,2024-04-10,ACTIVE
H00003669,A003110,2025-07-29,ACTIVE
H00003670,A003111,2025-04-14,ACTIVE
H00003671,A003112,2024-03-13,ACTIVE
H00003672,A003113,2024-09-14,ACTIVE
H00003673,A003114,2024-11-15,ACTIVE
H00003674,A003115,2025-02-05,ACTIVE
H00003675,A003116,2025-10-15,ACTIVE
H00003676,A003117,2024-12-05,ACTIVE
H00003677,A003117,2025-08-02,CLOSED
H00003678,A003118,2025-11-27,ACTIVE
H00003679,A003119,2024-10-19,ACTIVE
H00003680,A003119,2026-01-02,CLOSED
H00003681,A003120,2026-04-15,ACTIVE
H00003682,A003120,2027-10-13,CLOSED
H00003683,A003121,2024-01-21,ACTIVE
H00003684,A003122,2024-05-23,ACTIVE
H00003685,A003123,2024-11-01,ACTIVE
H00003686,A003123,2025-12-15,WRITTEN_OFF
H00003687,A003124,2024-05-23,ACTIVE
H00003688,A003125,2025-04-04,ACTIVE
H00003689,A003126,2025-12-31,ACTIVE
H00003690,A003127,2024-08-24,ACTIVE
H00003691,A003128,2026-04-10,ACTIVE
H00003692,A003129,2025-08-15,ACTIVE
H00003693,A003130,2026-01-02,ACTIVE
H00003694,A003131,2025-06-09,ACTIVE
H00003695,A003132,2025-01-28,ACTIVE
H00003696,A003133,2025-10-08,ACTIVE
H00003697,A003133,2026-03-26,CLOSED
H00003698,A003134,2024-03-05,ACTIVE
H00003699,A003135,2024-03-25,ACTIVE
H00003700,A003136,2024-12-11,ACTIVE
H00003701,A003137,2026-04-06,ACTIVE
H00003702,A003138,2024-12-16,ACTIVE
H00003703,A003139,2024-10-25,ACTIVE
H00003704,A003140,2026-05-06,ACTIVE
H00003705,A003140,2027-01-04,CLOSED
H00003706,A003141,2024-04-01,ACTIVE
H00003707,A003142,2024-01-22,ACTIVE
H00003708,A003143,2024-09-23,ACTIVE
H00003709,A003144,2026-01-21,ACTIVE
H00003710,A003145,2025-11-08,ACTIVE
H00003711,A003146,2026-03-27,ACTIVE
H00003712,A003147,2025-01-30,ACTIVE
H00003713,A003148,2025-08-23,ACTIVE
H00003714,A003149,2025-04-07,ACTIVE
H00003715,A003150,2024-03-17,ACTIVE
H00003716,A003151,2024-10-12,ACTIVE
H00003717,A003152,2024-09-15,ACTIVE
H00003718,A003153,2025-10-01,ACTIVE
H00003719,A003153,2026-11-24,WRITTEN_OFF
H00003720,A003154,2026-03-06,ACTIVE
H00003721,A003155,2025-09-18,ACTIVE
H00003722,A003156,2024-11-30,ACTIVE
H00003723,A003157,2026-02-06,ACTIVE
H00003724,A003158,2024-09-28,ACTIVE
H00003725,A003159,2025-02-16,ACTIVE
H00003726,A003160,2024-12-27,ACTIVE
H00003727,A003161,2025-07-28,ACTIVE
H00003728,A003162,2026-05-11,ACTIVE
H00003729,A003163,2024-01-18,ACTIVE
H00003730,A003164,2024-08-16,ACTIVE
H00003731,A003165,2026-04-14,ACTIVE
H00003732,A003166,2025-06-01,ACTIVE
H00003733,A003167,2025-12-30,ACTIVE
H00003734,A003168,2025-07-22,ACTIVE
H00003735,A003169,2026-02-09,ACTIVE
H00003736,A003170,2024-05-19,ACTIVE
H00003737,A003171,2024-01-07,ACTIVE
H00003738,A003172,2026-03-21,ACTIVE
H00003739,A003173,2026-01-18,ACTIVE
H00003740,A003174,2025-07-27,ACTIVE
H00003741,A003175,2024-07-02,ACTIVE
H00003742,A003176,2026-02-02,ACTIVE
H00003743,A003177,2025-06-03,ACTIVE
H00003744,A003178,2024-03-10,ACTIVE
H00003745,A003178,2025-02-19,CLOSED
H00003746,A003179,2024-10-14,ACTIVE
H00003747,A003180,2025-12-21,ACTIVE
H00003748,A003181,2025-06-01,ACTIVE
H00003749,A003182,2024-06-22,ACTIVE
H00003750,A003183,2024-01-11,ACTIVE
H00003751,A003184,2025-08-22,ACTIVE
H00003752,A003185,2026-03-20,ACTIVE
H00003753,A003186,2025-09-25,ACTIVE
H00003754,A003187,2025-11-20,ACTIVE
H00003755,A003188,2024-10-14,ACTIVE
H00003756,A003189,2025-07-14,ACTIVE
H00003757,A003190,2025-06-19,ACTIVE
H00003758,A003191,2025-03-22,ACTIVE
H00003759,A003192,2025-08-12,ACTIVE
H00003760,A003193,2026-05-17,ACTIVE
H00003761,A003194,2026-05-01,ACTIVE
H00003762,A003195,2025-06-10,ACTIVE
H00003763,A003196,2025-07-12,ACTIVE
H00003764,A003196,2026-05-15,CLOSED
H00003765,A003197,2024-05-21,ACTIVE
H00003766,A003198,2024-08-26,ACTIVE
H00003767,A003199,2026-02-27,ACTIVE
H00003768,A003200,2024-03-12,ACTIVE
H00003769,A003201,2024-04-10,ACTIVE
H00003770,A003201,2025-02-03,CLOSED
H00003771,A003202,2025-12-19,ACTIVE
H00003772,A003202,2026-08-22,CLOSED
H00003773,A003203,2026-01-05,ACTIVE
H00003774,A003203,2026-07-30,WRITTEN_OFF
H00003775,A003204,2026-04-02,ACTIVE
H00003776,A003205,2025-10-16,ACTIVE
H00003777,A003206,2026-05-13,ACTIVE
H00003778,A003207,2026-02-10,ACTIVE
H00003779,A003208,2024-10-08,ACTIVE
H00003780,A003209,2026-01-12,ACTIVE
H00003781,A003210,2024-12-31,ACTIVE
H00003782,A003211,2026-05-05,ACTIVE
H00003783,A003212,2024-05-21,ACTIVE
H00003784,A003213,2024-01-19,ACTIVE
H00003785,A003214,2026-03-19,ACTIVE
H00003786,A003215,2024-09-03,ACTIVE
H00003787,A003216,2026-02-09,ACTIVE
H00003788,A003217,2024-10-11,ACTIVE
H00003789,A003218,2025-02-05,ACTIVE
H00003790,A003219,2025-06-10,ACTIVE
H00003791,A003220,2025-11-30,ACTIVE
H00003792,A003220,2026-07-31,WRITTEN_OFF
H00003793,A003221,2025-12-31,ACTIVE
H00003794,A003222,2024-05-11,ACTIVE
H00003795,A003223,2025-12-06,ACTIVE
H00003796,A003223,2027-04-28,WRITTEN_OFF
H00003797,A003224,2026-04-11,ACTIVE
H00003798,A003224,2026-09-26,WRITTEN_OFF
H00003799,A003225,2024-11-23,ACTIVE
H00003800,A003226,2024-03-30,ACTIVE
H00003801,A003227,2025-02-22,ACTIVE
H00003802,A003228,2025-05-14,ACTIVE
H00003803,A003229,2025-04-23,ACTIVE
H00003804,A003229,2025-11-16,CLOSED
H00003805,A003230,2025-06-06,ACTIVE
H00003806,A003231,2024-09-17,ACTIVE
H00003807,A003231,2025-08-29,CLOSED
H00003808,A003232,2025-04-30,ACTIVE
H00003809,A003233,2024-09-13,ACTIVE
H00003810,A003234,2024-12-26,ACTIVE
H00003811,A003235,2025-01-05,ACTIVE
H00003812,A003236,2026-03-04,ACTIVE
H00003813,A003237,2025-08-22,ACTIVE
H00003814,A003238,2026-04-27,ACTIVE
H00003815,A003239,2025-11-07,ACTIVE
H00003816,A003240,2024-01-07,ACTIVE
H00003817,A003241,2025-03-16,ACTIVE
H00003818,A003241,2026-02-05,WRITTEN_OFF
H00003819,A003242,2024-11-27,ACTIVE
H00003820,A003243,2025-03-27,ACTIVE
H00003821,A003244,2026-04-21,ACTIVE
H00003822,A003244,2027-03-13,CLOSED
H00003823,A003245,2025-03-24,ACTIVE
H00003824,A003246,2026-04-05,ACTIVE
H00003825,A003247,2024-09-02,ACTIVE
H00003826,A003248,2024-11-21,ACTIVE
H00003827,A003249,2024-12-08,ACTIVE
H00003828,A003250,2025-04-28,ACTIVE
H00003829,A003251,2024-07-05,ACTIVE
H00003830,A003252,2025-06-13,ACTIVE
H00003831,A003253,2024-07-23,ACTIVE
H00003832,A003253,2025-04-14,CLOSED
H00003833,A003254,2025-02-27,ACTIVE
H00003834,A003255,2024-10-10,ACTIVE
H00003835,A003256,2025-12-20,ACTIVE
H00003836,A003257,2024-12-02,ACTIVE
H00003837,A003258,2024-02-29,ACTIVE
H00003838,A003259,2025-09-18,ACTIVE
H00003839,A003259,2026-11-04,CLOSED
H00003840,A003260,2025-07-15,ACTIVE
H00003841,A003261,2025-02-12,ACTIVE
H00003842,A003262,2024-08-23,ACTIVE
H00003843,A003263,2024-04-01,ACTIVE
H00003844,A003264,2025-01-05,ACTIVE
H00003845,A003265,2025-09-10,ACTIVE
H00003846,A003266,2025-09-07,ACTIVE
H00003847,A003267,2025-12-27,ACTIVE
H00003848,A003268,2026-01-24,ACTIVE
H00003849,A003269,2024-09-05,ACTIVE
H00003850,A003270,2024-02-04,ACTIVE
H00003851,A003271,2025-08-09,ACTIVE
H00003852,A003272,2024-01-13,ACTIVE
H00003853,A003273,2024-06-06,ACTIVE
H00003854,A003274,2024-07-19,ACTIVE
H00003855,A003275,2024-03-28,ACTIVE
H00003856,A003276,2024-10-03,ACTIVE
H00003857,A003277,2025-08-10,ACTIVE
H00003858,A003278,2025-12-10,ACTIVE
H00003859,A003278,2026-05-27,CLOSED
H00003860,A003279,2025-10-24,ACTIVE
H00003861,A003280,2026-04-26,ACTIVE
H00003862,A003281,2025-09-26,ACTIVE
H00003863,A003282,2025-08-26,ACTIVE
H00003864,A003283,2025-07-28,ACTIVE
H00003865,A003284,2024-09-07,ACTIVE
H00003866,A003285,2025-04-04,ACTIVE
H00003867,A003286,2024-08-21,ACTIVE
H00003868,A003286,2026-03-14,CLOSED
H00003869,A003287,2025-10-14,ACTIVE
H00003870,A003288,2025-12-29,ACTIVE
H00003871,A003289,2024-02-03,ACTIVE
H00003872,A003289,2024-09-11,WRITTEN_OFF
H00003873,A003290,2024-09-15,ACTIVE
H00003874,A003291,2026-03-13,ACTIVE
H00003875,A003292,2025-05-23,ACTIVE
H00003876,A003293,2024-03-21,ACTIVE
H00003877,A003294,2025-11-11,ACTIVE
H00003878,A003295,2026-04-21,ACTIVE
H00003879,A003296,2024-09-04,ACTIVE
H00003880,A003297,2026-05-17,ACTIVE
H00003881,A003298,2024-12-12,ACTIVE
H00003882,A003298,2025-11-28,CLOSED
H00003883,A003299,2024-02-09,ACTIVE
H00003884,A003300,2024-04-29,ACTIVE
H00003885,A003300,2024-10-25,CLOSED
H00003886,A003301,2025-10-05,ACTIVE
H00003887,A003302,2025-07-17,ACTIVE
H00003888,A003303,2024-07-24,ACTIVE
H00003889,A003303,2024-11-22,WRITTEN_OFF
H00003890,A003304,2024-09-08,ACTIVE
H00003891,A003305,2024-08-28,ACTIVE
H00003892,A003306,2024-06-27,ACTIVE
H00003893,A003307,2024-02-17,ACTIVE
H00003894,A003308,2025-04-09,ACTIVE
H00003895,A003309,2024-08-18,ACTIVE
H00003896,A003310,2025-04-09,ACTIVE
H00003897,A003311,2026-02-24,ACTIVE
H00003898,A003311,2027-04-18,CLOSED
H00003899,A003312,2026-04-26,ACTIVE
H00003900,A003313,2026-05-28,ACTIVE
H00003901,A003313,2026-08-30,CLOSED
H00003902,A003314,2024-08-03,ACTIVE
H00003903,A003314,2025-12-24,CLOSED
H00003904,A003315,2025-10-18,ACTIVE
H00003905,A003315,2026-03-26,WRITTEN_OFF
H00003906,A003316,2026-05-22,ACTIVE
H00003907,A003317,2025-05-13,ACTIVE
H00003908,A003318,2024-02-20,ACTIVE
H00003909,A003319,2024-02-10,ACTIVE
H00003910,A003320,2024-05-15,ACTIVE
H00003911,A003321,2025-06-30,ACTIVE
H00003912,A003321,2026-04-04,WRITTEN_OFF
H00003913,A003322,2025-06-15,ACTIVE
H00003914,A003323,2024-12-07,ACTIVE
H00003915,A003324,2025-01-13,ACTIVE
H00003916,A003325,2025-02-17,ACTIVE
H00003917,A003326,2024-06-07,ACTIVE
H00003918,A003327,2024-09-29,ACTIVE
H00003919,A003328,2024-02-21,ACTIVE
H00003920,A003329,2026-04-22,ACTIVE
H00003921,A003330,2025-11-18,ACTIVE
H00003922,A003331,2025-10-25,ACTIVE
H00003923,A003331,2026-12-15,WRITTEN_OFF
H00003924,A003332,2025-04-27,ACTIVE
H00003925,A003333,2024-04-13,ACTIVE
H00003926,A003334,2024-09-13,ACTIVE
H00003927,A003335,2024-07-01,ACTIVE
H00003928,A003335,2026-01-08,CLOSED
H00003929,A003336,2026-03-18,ACTIVE
H00003930,A003337,2024-05-22,ACTIVE
H00003931,A003338,2026-04-20,ACTIVE
H00003932,A003339,2024-06-01,ACTIVE
H00003933,A003340,2025-02-16,ACTIVE
H00003934,A003340,2025-05-27,CLOSED
H00003935,A003341,2025-01-29,ACTIVE
H00003936,A003342,2025-01-02,ACTIVE
H00003937,A003343,2024-03-07,ACTIVE
H00003938,A003344,2026-03-30,ACTIVE
H00003939,A003344,2026-08-10,CLOSED
H00003940,A003345,2025-02-15,ACTIVE
H00003941,A003346,2024-03-09,ACTIVE
H00003942,A003347,2025-08-17,ACTIVE
H00003943,A003348,2025-01-05,ACTIVE
H00003944,A003349,2025-06-06,ACTIVE
H00003945,A003350,2024-05-30,ACTIVE
H00003946,A003351,2024-08-13,ACTIVE
H00003947,A003352,2024-04-27,ACTIVE
H00003948,A003352,2025-01-22,CLOSED
H00003949,A003353,2024-12-20,ACTIVE
H00003950,A003354,2024-10-17,ACTIVE
H00003951,A003355,2025-12-30,ACTIVE
H00003952,A003356,2025-11-13,ACTIVE
H00003953,A003357,2026-03-08,ACTIVE
H00003954,A003358,2025-09-11,ACTIVE
H00003955,A003358,2026-04-23,CLOSED
H00003956,A003359,2026-03-07,ACTIVE
H00003957,A003360,2024-04-04,ACTIVE
H00003958,A003361,2025-05-30,ACTIVE
H00003959,A003362,2025-05-31,ACTIVE
H00003960,A003362,2025-08-29,CLOSED
H00003961,A003363,2025-07-09,ACTIVE
H00003962,A003364,2024-06-24,ACTIVE
H00003963,A003364,2024-10-25,WRITTEN_OFF
H00003964,A003365,2025-07-09,ACTIVE
H00003965,A003365,2026-06-05,CLOSED
H00003966,A003366,2024-07-01,ACTIVE
H00003967,A003367,2024-07-02,ACTIVE
H00003968,A003367,2025-11-06,CLOSED
H00003969,A003368,2024-02-09,ACTIVE
H00003970,A003369,2025-05-22,ACTIVE
H00003971,A003370,2025-04-15,ACTIVE
H00003972,A003371,2024-03-11,ACTIVE
H00003973,A003372,2025-02-03,ACTIVE
H00003974,A003373,2026-03-21,ACTIVE
H00003975,A003373,2027-09-11,CLOSED
H00003976,A003374,2025-09-10,ACTIVE
H00003977,A003375,2026-01-18,ACTIVE
H00003978,A003376,2026-01-20,ACTIVE
H00003979,A003377,2025-09-21,ACTIVE
H00003980,A003378,2024-05-06,ACTIVE
H00003981,A003379,2026-05-31,ACTIVE
H00003982,A003380,2024-07-27,ACTIVE
H00003983,A003381,2025-05-04,ACTIVE
H00003984,A003382,2024-01-26,ACTIVE
H00003985,A003383,2026-03-12,ACTIVE
H00003986,A003383,2026-09-15,WRITTEN_OFF
H00003987,A003384,2025-06-17,ACTIVE
H00003988,A003385,2025-06-28,ACTIVE
H00003989,A003386,2025-03-24,ACTIVE
H00003990,A003386,2025-11-14,WRITTEN_OFF
H00003991,A003387,2025-04-18,ACTIVE
H00003992,A003387,2026-02-23,WRITTEN_OFF
H00003993,A003388,2025-02-26,ACTIVE
H00003994,A003389,2025-09-03,ACTIVE
H00003995,A003390,2025-07-12,ACTIVE
H00003996,A003391,2025-02-15,ACTIVE
H00003997,A003392,2024-07-12,ACTIVE
H00003998,A003393,2024-10-26,ACTIVE
H00003999,A003394,2025-04-09,ACTIVE
H00004000,A003395,2025-03-22,ACTIVE
H00004001,A003395,2026-05-27,CLOSED
H00004002,A003396,2024-08-08,ACTIVE
H00004003,A003396,2025-09-06,CLOSED
H00004004,A003397,2026-01-26,ACTIVE
H00004005,A003398,2025-06-28,ACTIVE
H00004006,A003398,2026-02-06,CLOSED
H00004007,A003399,2024-11-02,ACTIVE
H00004008,A003399,2025-11-03,CLOSED
H00004009,A003400,2025-04-29,ACTIVE
H00004010,A003400,2026-06-11,CLOSED
H00004011,A003401,2025-04-30,ACTIVE
H00004012,A003402,2024-09-30,ACTIVE
H00004013,A003403,2026-04-12,ACTIVE
H00004014,A003404,2026-04-18,ACTIVE
H00004015,A003405,2026-01-01,ACTIVE
H00004016,A003406,2024-07-08,ACTIVE
H00004017,A003407,2024-11-30,ACTIVE
H00004018,A003407,2026-02-12,CLOSED
H00004019,A003408,2024-02-06,ACTIVE
H00004020,A003409,2024-09-04,ACTIVE
H00004021,A003410,2024-10-01,ACTIVE
H00004022,A003411,2024-02-29,ACTIVE
H00004023,A003412,2025-10-23,ACTIVE
H00004024,A003413,2024-06-06,ACTIVE
H00004025,A003414,2024-12-04,ACTIVE
H00004026,A003415,2025-01-28,ACTIVE
H00004027,A003416,2024-06-13,ACTIVE
H00004028,A003417,2024-06-08,ACTIVE
H00004029,A003418,2024-12-12,ACTIVE
H00004030,A003418,2026-07-07,CLOSED
H00004031,A003419,2025-04-04,ACTIVE
H00004032,A003420,2024-08-16,ACTIVE
H00004033,A003421,2025-02-23,ACTIVE
H00004034,A003421,2026-10-08,CLOSED
H00004035,A003422,2024-08-02,ACTIVE
H00004036,A003423,2025-04-18,ACTIVE
H00004037,A003423,2026-01-06,CLOSED
H00004038,A003424,2025-03-08,ACTIVE
H00004039,A003425,2024-04-15,ACTIVE
H00004040,A003426,2025-03-06,ACTIVE
H00004041,A003426,2026-04-10,CLOSED
H00004042,A003427,2025-12-04,ACTIVE
H00004043,A003428,2024-03-04,ACTIVE
H00004044,A003429,2024-11-24,ACTIVE
H00004045,A003430,2026-02-20,ACTIVE
H00004046,A003431,2025-09-23,ACTIVE
H00004047,A003431,2026-01-18,CLOSED
H00004048,A003432,2025-09-27,ACTIVE
H00004049,A003433,2026-02-20,ACTIVE
H00004050,A003434,2024-04-21,ACTIVE
H00004051,A003435,2024-11-21,ACTIVE
H00004052,A003436,2025-02-24,ACTIVE
H00004053,A003437,2024-11-14,ACTIVE
H00004054,A003438,2024-02-09,ACTIVE
H00004055,A003439,2024-06-08,ACTIVE
H00004056,A003440,2024-08-19,ACTIVE
H00004057,A003441,2024-08-08,ACTIVE
H00004058,A003442,2025-12-01,ACTIVE
H00004059,A003443,2025-03-28,ACTIVE
H00004060,A003444,2025-10-04,ACTIVE
H00004061,A003445,2025-10-12,ACTIVE
H00004062,A003446,2026-01-30,ACTIVE
H00004063,A003447,2025-03-04,ACTIVE
H00004064,A003448,2025-03-08,ACTIVE
H00004065,A003448,2025-10-18,CLOSED
H00004066,A003449,2024-02-03,ACTIVE
H00004067,A003450,2024-02-25,ACTIVE
H00004068,A003451,2024-02-12,ACTIVE
H00004069,A003452,2025-10-21,ACTIVE
H00004070,A003453,2026-05-02,ACTIVE
H00004071,A003454,2024-04-28,ACTIVE
H00004072,A003455,2025-12-31,ACTIVE
H00004073,A003456,2024-06-11,ACTIVE
H00004074,A003457,2025-09-22,ACTIVE
H00004075,A003458,2026-02-21,ACTIVE
H00004076,A003459,2024-07-24,ACTIVE
H00004077,A003460,2025-04-23,ACTIVE
H00004078,A003461,2024-06-21,ACTIVE
H00004079,A003462,2025-12-01,ACTIVE
H00004080,A003463,2025-08-23,ACTIVE
H00004081,A003463,2026-02-27,WRITTEN_OFF
H00004082,A003464,2024-11-13,ACTIVE
H00004083,A003465,2024-02-22,ACTIVE
H00004084,A003466,2024-12-24,ACTIVE
H00004085,A003467,2024-10-15,ACTIVE
H00004086,A003467,2025-06-16,WRITTEN_OFF
H00004087,A003468,2025-06-26,ACTIVE
H00004088,A003468,2026-03-14,CLOSED
H00004089,A003469,2024-12-22,ACTIVE
H00004090,A003469,2025-04-04,CLOSED
H00004091,A003470,2024-11-30,ACTIVE
H00004092,A003471,2024-03-17,ACTIVE
H00004093,A003472,2025-10-28,ACTIVE
H00004094,A003473,2025-03-28,ACTIVE
H00004095,A003473,2025-12-14,CLOSED
H00004096,A003474,2024-03-14,ACTIVE
H00004097,A003474,2025-03-21,CLOSED
H00004098,A003475,2025-08-26,ACTIVE
H00004099,A003476,2025-07-30,ACTIVE
H00004100,A003477,2025-06-22,ACTIVE
H00004101,A003478,2025-07-13,ACTIVE
H00004102,A003479,2025-02-25,ACTIVE
H00004103,A003480,2025-12-13,ACTIVE
H00004104,A003481,2026-03-06,ACTIVE
H00004105,A003482,2025-12-24,ACTIVE
H00004106,A003483,2026-01-03,ACTIVE
H00004107,A003484,2024-12-22,ACTIVE
H00004108,A003485,2024-09-21,ACTIVE
H00004109,A003486,2026-03-09,ACTIVE
H00004110,A003487,2024-01-26,ACTIVE
H00004111,A003488,2025-11-15,ACTIVE
H00004112,A003488,2027-05-07,CLOSED
H00004113,A003489,2026-02-10,ACTIVE
H00004114,A003490,2024-12-10,ACTIVE
H00004115,A003491,2025-08-21,ACTIVE
H00004116,A003492,2025-09-11,ACTIVE
H00004117,A003493,2024-09-15,ACTIVE
H00004118,A003494,2024-02-11,ACTIVE
H00004119,A003495,2026-01-17,ACTIVE
H00004120,A003495,2026-09-12,WRITTEN_OFF
H00004121,A003496,2024-08-11,ACTIVE
H00004122,A003497,2025-01-08,ACTIVE
H00004123,A003498,2024-08-11,ACTIVE
H00004124,A003498,2025-05-16,CLOSED
H00004125,A003499,2026-05-31,ACTIVE
H00004126,A003500,2024-04-20,ACTIVE
H00004127,A003500,2024-12-10,CLOSED
H00004128,A003501,2025-04-08,ACTIVE
H00004129,A003502,2025-08-26,ACTIVE
H00004130,A003502,2026-04-28,WRITTEN_OFF
H00004131,A003503,2024-02-12,ACTIVE
H00004132,A003504,2024-04-06,ACTIVE
H00004133,A003504,2024-11-30,WRITTEN_OFF
H00004134,A003505,2024-12-06,ACTIVE
H00004135,A003506,2025-12-22,ACTIVE
H00004136,A003507,2025-10-31,ACTIVE
H00004137,A003508,2025-03-09,ACTIVE
H00004138,A003509,2026-04-22,ACTIVE
H00004139,A003509,2026-08-31,CLOSED
H00004140,A003510,2024-01-25,ACTIVE
H00004141,A003511,2026-01-04,ACTIVE
H00004142,A003512,2024-02-29,ACTIVE
H00004143,A003513,2024-02-25,ACTIVE
H00004144,A003514,2025-03-21,ACTIVE
H00004145,A003515,2025-11-16,ACTIVE
H00004146,A003516,2024-10-11,ACTIVE
H00004147,A003517,2024-02-15,ACTIVE
H00004148,A003518,2024-04-02,ACTIVE
H00004149,A003519,2026-02-20,ACTIVE
H00004150,A003520,2024-11-01,ACTIVE
H00004151,A003520,2026-02-16,CLOSED
H00004152,A003521,2026-02-25,ACTIVE
H00004153,A003522,2025-09-07,ACTIVE
H00004154,A003523,2024-12-18,ACTIVE
H00004155,A003524,2025-03-04,ACTIVE
H00004156,A003525,2024-11-03,ACTIVE
H00004157,A003526,2024-08-05,ACTIVE
H00004158,A003526,2025-06-17,CLOSED
H00004159,A003527,2024-02-22,ACTIVE
H00004160,A003528,2024-12-21,ACTIVE
H00004161,A003529,2024-10-26,ACTIVE
H00004162,A003530,2026-02-21,ACTIVE
H00004163,A003531,2025-09-04,ACTIVE
H00004164,A003532,2024-07-12,ACTIVE
H00004165,A003533,2025-11-25,ACTIVE
H00004166,A003534,2025-02-08,ACTIVE
H00004167,A003535,2026-05-30,ACTIVE
H00004168,A003536,2025-06-08,ACTIVE
H00004169,A003536,2025-11-04,CLOSED
H00004170,A003537,2024-04-24,ACTIVE
H00004171,A003538,2025-12-10,ACTIVE
H00004172,A003539,2025-10-20,ACTIVE
H00004173,A003540,2026-02-20,ACTIVE
H00004174,A003541,2025-07-01,ACTIVE
H00004175,A003542,2024-12-05,ACTIVE
H00004176,A003543,2024-02-12,ACTIVE
H00004177,A003544,2024-12-02,ACTIVE
H00004178,A003545,2026-01-18,ACTIVE
H00004179,A003546,2026-02-22,ACTIVE
H00004180,A003547,2025-08-12,ACTIVE
H00004181,A003548,2025-09-15,ACTIVE
H00004182,A003549,2024-06-26,ACTIVE
H00004183,A003550,2025-07-07,ACTIVE
H00004184,A003551,2024-09-20,ACTIVE
H00004185,A003551,2025-10-30,WRITTEN_OFF
H00004186,A003552,2025-07-13,ACTIVE
H00004187,A003553,2026-03-20,ACTIVE
H00004188,A003554,2024-09-09,ACTIVE
H00004189,A003555,2024-11-26,ACTIVE
H00004190,A003556,2025-05-23,ACTIVE
H00004191,A003557,2026-01-05,ACTIVE
H00004192,A003557,2026-05-05,CLOSED
H00004193,A003558,2025-07-23,ACTIVE
H00004194,A003558,2026-01-18,CLOSED
H00004195,A003559,2024-05-25,ACTIVE
H00004196,A003560,2025-09-13,ACTIVE
H00004197,A003561,2025-04-13,ACTIVE
H00004198,A003561,2025-12-09,CLOSED
H00004199,A003562,2025-03-26,ACTIVE
H00004200,A003563,2025-03-22,ACTIVE
H00004201,A003564,2025-12-16,ACTIVE
H00004202,A003565,2024-08-16,ACTIVE
H00004203,A003566,2024-05-16,ACTIVE
H00004204,A003567,2025-03-17,ACTIVE
H00004205,A003568,2025-09-30,ACTIVE
H00004206,A003569,2024-01-22,ACTIVE
H00004207,A003569,2025-09-05,WRITTEN_OFF
H00004208,A003570,2024-07-30,ACTIVE
H00004209,A003571,2026-03-19,ACTIVE
H00004210,A003571,2026-11-05,CLOSED
H00004211,A003572,2025-04-25,ACTIVE
H00004212,A003573,2024-06-29,ACTIVE
H00004213,A003574,2024-04-01,ACTIVE
H00004214,A003575,2024-12-21,ACTIVE
H00004215,A003576,2026-01-17,ACTIVE
H00004216,A003577,2024-06-09,ACTIVE
H00004217,A003578,2025-04-20,ACTIVE
H00004218,A003579,2026-03-25,ACTIVE
H00004219,A003580,2024-04-23,ACTIVE
H00004220,A003581,2024-07-23,ACTIVE
H00004221,A003582,2026-05-03,ACTIVE
H00004222,A003582,2027-08-15,CLOSED
H00004223,A003583,2025-07-16,ACTIVE
H00004224,A003584,2024-12-02,ACTIVE
H00004225,A003585,2025-08-27,ACTIVE
H00004226,A003586,2024-03-18,ACTIVE
H00004227,A003587,2025-10-25,ACTIVE
H00004228,A003588,2025-09-17,ACTIVE
H00004229,A003588,2027-01-13,CLOSED
H00004230,A003589,2025-03-26,ACTIVE
H00004231,A003590,2026-03-10,ACTIVE
H00004232,A003591,2024-04-08,ACTIVE
H00004233,A003592,2024-04-17,ACTIVE
H00004234,A003593,2025-07-09,ACTIVE
H00004235,A003594,2025-09-28,ACTIVE
H00004236,A003595,2025-11-07,ACTIVE
H00004237,A003596,2024-10-17,ACTIVE
H00004238,A003596,2025-11-25,CLOSED
H00004239,A003597,2024-11-22,ACTIVE
H00004240,A003598,2026-05-24,ACTIVE
H00004241,A003599,2024-10-21,ACTIVE
H00004242,A003600,2025-04-05,ACTIVE
H00004243,A003601,2025-11-20,ACTIVE
H00004244,A003602,2024-10-23,ACTIVE
H00004245,A003603,2024-03-29,ACTIVE
H00004246,A003603,2025-05-06,WRITTEN_OFF
H00004247,A003604,2025-03-15,ACTIVE
H00004248,A003605,2026-01-19,ACTIVE
H00004249,A003606,2025-09-22,ACTIVE
H00004250,A003606,2026-06-13,CLOSED
H00004251,A003607,2024-05-11,ACTIVE
H00004252,A003607,2024-12-12,CLOSED
H00004253,A003608,2024-03-04,ACTIVE
H00004254,A003609,2025-11-01,ACTIVE
H00004255,A003610,2024-08-25,ACTIVE
H00004256,A003611,2025-05-11,ACTIVE
H00004257,A003612,2025-01-15,ACTIVE
H00004258,A003613,2025-09-28,ACTIVE
H00004259,A003614,2024-09-14,ACTIVE
H00004260,A003615,2026-02-21,ACTIVE
H00004261,A003616,2025-10-01,ACTIVE
H00004262,A003617,2025-12-13,ACTIVE
H00004263,A003618,2025-10-11,ACTIVE
H00004264,A003619,2024-11-22,ACTIVE
H00004265,A003619,2025-09-27,WRITTEN_OFF
H00004266,A003620,2024-09-03,ACTIVE
H00004267,A003621,2026-04-19,ACTIVE
H00004268,A003622,2024-02-11,ACTIVE
H00004269,A003623,2025-01-15,ACTIVE
H00004270,A003624,2025-10-31,ACTIVE
H00004271,A003625,2024-02-17,ACTIVE
H00004272,A003626,2025-06-04,ACTIVE
H00004273,A003627,2025-04-16,ACTIVE
H00004274,A003628,2025-12-09,ACTIVE
H00004275,A003629,2025-03-08,ACTIVE
H00004276,A003630,2024-11-24,ACTIVE
H00004277,A003630,2026-06-15,WRITTEN_OFF
H00004278,A003631,2024-03-23,ACTIVE
H00004279,A003632,2026-04-13,ACTIVE
H00004280,A003632,2027-07-11,CLOSED
H00004281,A003633,2025-12-31,ACTIVE
H00004282,A003634,2024-10-12,ACTIVE
H00004283,A003634,2025-12-06,WRITTEN_OFF
H00004284,A003635,2025-02-08,ACTIVE
H00004285,A003635,2025-06-20,WRITTEN_OFF
H00004286,A003636,2025-01-08,ACTIVE
H00004287,A003637,2024-05-15,ACTIVE
H00004288,A003638,2026-02-04,ACTIVE
H00004289,A003639,2026-02-05,ACTIVE
H00004290,A003640,2024-12-03,ACTIVE
H00004291,A003641,2024-01-09,ACTIVE
H00004292,A003642,2024-04-27,ACTIVE
H00004293,A003642,2025-12-11,CLOSED
H00004294,A003643,2026-02-20,ACTIVE
H00004295,A003644,2025-02-18,ACTIVE
H00004296,A003644,2026-08-26,CLOSED
H00004297,A003645,2024-06-23,ACTIVE
H00004298,A003645,2025-05-22,WRITTEN_OFF
H00004299,A003646,2024-08-17,ACTIVE
H00004300,A003647,2024-12-30,ACTIVE
H00004301,A003648,2026-01-06,ACTIVE
H00004302,A003649,2025-03-28,ACTIVE
H00004303,A003650,2026-05-25,ACTIVE
H00004304,A003651,2026-05-01,ACTIVE
H00004305,A003651,2027-04-24,CLOSED
H00004306,A003652,2024-06-29,ACTIVE
H00004307,A003653,2024-03-16,ACTIVE
H00004308,A003654,2024-10-24,ACTIVE
H00004309,A003655,2024-12-15,ACTIVE
H00004310,A003656,2025-08-11,ACTIVE
H00004311,A003657,2025-10-21,ACTIVE
H00004312,A003658,2024-07-31,ACTIVE
H00004313,A003658,2025-04-29,CLOSED
H00004314,A003659,2026-04-26,ACTIVE
H00004315,A003659,2027-07-03,CLOSED
H00004316,A003660,2024-08-23,ACTIVE
H00004317,A003661,2024-09-27,ACTIVE
H00004318,A003662,2024-12-25,ACTIVE
H00004319,A003662,2026-08-05,WRITTEN_OFF
H00004320,A003663,2025-10-09,ACTIVE
H00004321,A003664,2025-03-19,ACTIVE
H00004322,A003665,2024-07-19,ACTIVE
H00004323,A003666,2024-04-08,ACTIVE
H00004324,A003667,2025-09-11,ACTIVE
H00004325,A003668,2026-03-16,ACTIVE
H00004326,A003669,2025-02-19,ACTIVE
H00004327,A003670,2025-09-07,ACTIVE
H00004328,A003671,2024-12-22,ACTIVE
H00004329,A003672,2026-05-19,ACTIVE
H00004330,A003673,2024-07-24,ACTIVE
H00004331,A003674,2025-01-07,ACTIVE
H00004332,A003675,2025-05-14,ACTIVE
H00004333,A003676,2026-03-27,ACTIVE
H00004334,A003677,2025-09-29,ACTIVE
H00004335,A003678,2024-07-16,ACTIVE
H00004336,A003679,2024-03-11,ACTIVE
H00004337,A003680,2024-11-10,ACTIVE
H00004338,A003681,2024-05-21,ACTIVE
H00004339,A003681,2024-12-29,CLOSED
H00004340,A003682,2026-04-21,ACTIVE
H00004341,A003683,2024-12-18,ACTIVE
H00004342,A003684,2024-06-12,ACTIVE
H00004343,A003685,2025-05-14,ACTIVE
H00004344,A003686,2024-08-08,ACTIVE
H00004345,A003687,2024-07-01,ACTIVE
H00004346,A003688,2024-01-27,ACTIVE
H00004347,A003689,2024-08-30,ACTIVE
H00004348,A003690,2026-03-17,ACTIVE
H00004349,A003691,2024-11-29,ACTIVE
H00004350,A003692,2024-01-13,ACTIVE
H00004351,A003693,2024-12-22,ACTIVE
H00004352,A003694,2026-01-31,ACTIVE
H00004353,A003695,2025-05-22,ACTIVE
H00004354,A003696,2025-05-03,ACTIVE
H00004355,A003697,2025-12-07,ACTIVE
H00004356,A003697,2026-08-18,WRITTEN_OFF
H00004357,A003698,2025-09-07,ACTIVE
H00004358,A003699,2024-04-12,ACTIVE
H00004359,A003700,2025-11-30,ACTIVE
H00004360,A003701,2024-07-02,ACTIVE
H00004361,A003702,2025-02-08,ACTIVE
H00004362,A003703,2025-12-27,ACTIVE
H00004363,A003704,2025-04-13,ACTIVE
H00004364,A003705,2025-06-02,ACTIVE
H00004365,A003706,2026-02-09,ACTIVE
H00004366,A003707,2025-04-16,ACTIVE
H00004367,A003708,2025-02-08,ACTIVE
H00004368,A003709,2025-08-07,ACTIVE
H00004369,A003709,2026-09-27,CLOSED
H00004370,A003710,2025-05-05,ACTIVE
H00004371,A003711,2024-12-25,ACTIVE
H00004372,A003712,2025-10-16,ACTIVE
H00004373,A003712,2026-03-14,WRITTEN_OFF
H00004374,A003713,2026-01-06,ACTIVE
H00004375,A003714,2025-10-29,ACTIVE
H00004376,A003715,2025-09-13,ACTIVE
H00004377,A003716,2025-09-16,ACTIVE
H00004378,A003717,2024-11-26,ACTIVE
H00004379,A003718,2024-04-27,ACTIVE
H00004380,A003719,2025-07-14,ACTIVE
H00004381,A003720,2025-09-23,ACTIVE
H00004382,A003721,2025-11-25,ACTIVE
H00004383,A003722,2025-10-10,ACTIVE
H00004384,A003723,2024-12-20,ACTIVE
H00004385,A003724,2025-06-01,ACTIVE
H00004386,A003725,2024-06-11,ACTIVE
H00004387,A003726,2025-08-26,ACTIVE
H00004388,A003727,2026-01-16,ACTIVE
H00004389,A003728,2024-11-08,ACTIVE
H00004390,A003729,2025-10-17,ACTIVE
H00004391,A003730,2024-06-07,ACTIVE
H00004392,A003731,2024-01-13,ACTIVE
H00004393,A003731,2024-08-24,WRITTEN_OFF
H00004394,A003732,2024-01-26,ACTIVE
H00004395,A003733,2024-04-29,ACTIVE
H00004396,A003734,2026-01-09,ACTIVE
H00004397,A003735,2025-07-03,ACTIVE
H00004398,A003736,2024-10-07,ACTIVE
H00004399,A003737,2026-02-04,ACTIVE
H00004400,A003737,2026-10-07,WRITTEN_OFF
H00004401,A003738,2025-05-30,ACTIVE
H00004402,A003739,2025-12-19,ACTIVE
H00004403,A003740,2026-03-03,ACTIVE
H00004404,A003741,2025-03-03,ACTIVE
H00004405,A003741,2025-11-02,CLOSED
H00004406,A003742,2025-10-11,ACTIVE
H00004407,A003743,2024-02-09,ACTIVE
H00004408,A003744,2025-07-25,ACTIVE
H00004409,A003745,2024-11-26,ACTIVE
H00004410,A003746,2026-05-07,ACTIVE
H00004411,A003746,2027-02-07,CLOSED
H00004412,A003747,2024-11-04,ACTIVE
H00004413,A003748,2025-04-08,ACTIVE
H00004414,A003749,2025-01-27,ACTIVE
H00004415,A003750,2026-05-08,ACTIVE
H00004416,A003751,2026-01-02,ACTIVE
H00004417,A003752,2024-04-18,ACTIVE
H00004418,A003753,2025-06-15,ACTIVE
H00004419,A003753,2026-02-21,CLOSED
H00004420,A003754,2026-01-28,ACTIVE
H00004421,A003754,2026-12-29,CLOSED
H00004422,A003755,2024-05-23,ACTIVE
H00004423,A003755,2025-09-26,CLOSED
H00004424,A003756,2025-01-28,ACTIVE
H00004425,A003757,2025-05-07,ACTIVE
H00004426,A003758,2025-03-19,ACTIVE
H00004427,A003759,2025-09-19,ACTIVE
H00004428,A003760,2025-11-29,ACTIVE
H00004429,A003761,2025-04-19,ACTIVE
H00004430,A003762,2025-02-16,ACTIVE
H00004431,A003763,2025-03-02,ACTIVE
H00004432,A003763,2026-10-09,CLOSED
H00004433,A003764,2025-08-03,ACTIVE
H00004434,A003764,2026-07-18,WRITTEN_OFF
H00004435,A003765,2025-04-20,ACTIVE
H00004436,A003765,2025-12-03,WRITTEN_OFF
H00004437,A003766,2024-11-06,ACTIVE
H00004438,A003767,2026-05-14,ACTIVE
H00004439,A003768,2026-02-26,ACTIVE
H00004440,A003769,2024-02-24,ACTIVE
H00004441,A003770,2025-01-20,ACTIVE
H00004442,A003771,2024-04-08,ACTIVE
H00004443,A003771,2024-10-08,CLOSED
H00004444,A003772,2026-05-12,ACTIVE
H00004445,A003773,2024-07-25,ACTIVE
H00004446,A003774,2026-04-16,ACTIVE
H00004447,A003775,2024-09-30,ACTIVE
H00004448,A003776,2025-08-22,ACTIVE
H00004449,A003776,2026-02-21,CLOSED
H00004450,A003777,2024-01-23,ACTIVE
H00004451,A003778,2025-05-10,ACTIVE
H00004452,A003779,2024-12-26,ACTIVE
H00004453,A003780,2024-06-04,ACTIVE
H00004454,A003781,2024-03-17,ACTIVE
H00004455,A003781,2024-11-07,CLOSED
H00004456,A003782,2024-07-12,ACTIVE
H00004457,A003783,2025-09-30,ACTIVE
H00004458,A003784,2026-01-31,ACTIVE
H00004459,A003785,2024-08-24,ACTIVE
H00004460,A003786,2025-02-24,ACTIVE
H00004461,A003787,2024-06-10,ACTIVE
H00004462,A003788,2024-03-21,ACTIVE
H00004463,A003789,2025-11-20,ACTIVE
H00004464,A003790,2025-07-19,ACTIVE
H00004465,A003790,2026-06-23,WRITTEN_OFF
H00004466,A003791,2026-01-27,ACTIVE
H00004467,A003791,2026-10-18,WRITTEN_OFF
H00004468,A003792,2024-01-04,ACTIVE
H00004469,A003793,2025-10-06,ACTIVE
H00004470,A003794,2025-01-24,ACTIVE
H00004471,A003795,2025-09-11,ACTIVE
H00004472,A003796,2024-02-13,ACTIVE
H00004473,A003796,2025-01-24,CLOSED
H00004474,A003797,2024-08-06,ACTIVE
H00004475,A003798,2024-09-25,ACTIVE
H00004476,A003798,2025-11-22,CLOSED
H00004477,A003799,2025-02-10,ACTIVE
H00004478,A003800,2025-10-27,ACTIVE
H00004479,A003801,2024-10-09,ACTIVE
H00004480,A003802,2024-06-04,ACTIVE
H00004481,A003802,2025-11-06,CLOSED
H00004482,A003803,2024-09-14,ACTIVE
H00004483,A003804,2024-01-15,ACTIVE
H00004484,A003805,2024-08-09,ACTIVE
H00004485,A003806,2025-05-28,ACTIVE
H00004486,A003807,2024-11-16,ACTIVE
H00004487,A003808,2025-04-05,ACTIVE
H00004488,A003809,2024-05-24,ACTIVE
H00004489,A003810,2026-03-18,ACTIVE
H00004490,A003810,2027-03-05,CLOSED
H00004491,A003811,2024-10-07,ACTIVE
H00004492,A003812,2025-11-01,ACTIVE
H00004493,A003813,2024-05-27,ACTIVE
H00004494,A003813,2025-11-05,CLOSED
H00004495,A003814,2024-09-14,ACTIVE
H00004496,A003815,2024-03-29,ACTIVE
H00004497,A003816,2025-10-12,ACTIVE
H00004498,A003817,2024-05-04,ACTIVE
H00004499,A003817,2024-10-21,CLOSED
H00004500,A003818,2024-05-14,ACTIVE
H00004501,A003819,2025-10-23,ACTIVE
H00004502,A003820,2025-01-31,ACTIVE
H00004503,A003820,2025-08-08,CLOSED
H00004504,A003821,2025-03-26,ACTIVE
H00004505,A003822,2025-02-10,ACTIVE
H00004506,A003823,2024-03-03,ACTIVE
H00004507,A003824,2025-05-04,ACTIVE
H00004508,A003825,2025-04-04,ACTIVE
H00004509,A003826,2026-05-06,ACTIVE
H00004510,A003827,2025-08-20,ACTIVE
H00004511,A003828,2026-03-16,ACTIVE
H00004512,A003829,2025-09-08,ACTIVE
H00004513,A003830,2024-09-17,ACTIVE
H00004514,A003831,2024-08-01,ACTIVE
H00004515,A003832,2025-09-24,ACTIVE
H00004516,A003833,2025-01-31,ACTIVE
H00004517,A003834,2024-09-19,ACTIVE
H00004518,A003835,2025-08-31,ACTIVE
H00004519,A003836,2024-09-07,ACTIVE
H00004520,A003837,2024-07-10,ACTIVE
H00004521,A003838,2026-03-18,ACTIVE
H00004522,A003839,2025-11-06,ACTIVE
H00004523,A003840,2025-10-29,ACTIVE
H00004524,A003841,2024-08-10,ACTIVE
H00004525,A003842,2024-03-07,ACTIVE
H00004526,A003842,2025-03-16,CLOSED
H00004527,A003843,2025-05-01,ACTIVE
H00004528,A003843,2026-12-04,CLOSED
H00004529,A003844,2026-03-24,ACTIVE
H00004530,A003845,2024-08-14,ACTIVE
H00004531,A003846,2025-04-25,ACTIVE
H00004532,A003847,2024-09-03,ACTIVE
H00004533,A003847,2026-03-14,WRITTEN_OFF
H00004534,A003848,2024-04-25,ACTIVE
H00004535,A003849,2025-02-10,ACTIVE
H00004536,A003849,2026-03-26,WRITTEN_OFF
H00004537,A003850,2026-03-07,ACTIVE
H00004538,A003851,2025-06-30,ACTIVE
H00004539,A003852,2025-03-13,ACTIVE
H00004540,A003853,2025-04-13,ACTIVE
H00004541,A003854,2024-03-16,ACTIVE
H00004542,A003855,2024-08-21,ACTIVE
H00004543,A003855,2025-10-05,CLOSED
H00004544,A003856,2026-04-22,ACTIVE
H00004545,A003856,2027-05-27,CLOSED
H00004546,A003857,2026-04-18,ACTIVE
H00004547,A003858,2024-04-02,ACTIVE
H00004548,A003858,2025-01-01,CLOSED
H00004549,A003859,2026-01-07,ACTIVE
H00004550,A003860,2024-05-10,ACTIVE
H00004551,A003861,2025-06-23,ACTIVE
H00004552,A003862,2024-08-10,ACTIVE
H00004553,A003863,2024-06-24,ACTIVE
H00004554,A003864,2026-05-10,ACTIVE
H00004555,A003864,2026-12-29,CLOSED
H00004556,A003865,2025-03-06,ACTIVE
H00004557,A003866,2026-01-06,ACTIVE
H00004558,A003867,2025-12-23,ACTIVE
H00004559,A003868,2026-04-21,ACTIVE
H00004560,A003869,2024-06-29,ACTIVE
H00004561,A003870,2024-09-16,ACTIVE
H00004562,A003871,2024-02-11,ACTIVE
H00004563,A003872,2025-04-15,ACTIVE
H00004564,A003873,2026-04-01,ACTIVE
H00004565,A003874,2025-10-14,ACTIVE
H00004566,A003875,2025-09-02,ACTIVE
H00004567,A003876,2024-05-17,ACTIVE
H00004568,A003877,2024-10-18,ACTIVE
H00004569,A003877,2026-02-25,WRITTEN_OFF
H00004570,A003878,2025-05-01,ACTIVE
H00004571,A003878,2026-06-19,CLOSED
H00004572,A003879,2026-02-09,ACTIVE
H00004573,A003880,2024-11-27,ACTIVE
H00004574,A003881,2025-10-22,ACTIVE
H00004575,A003882,2026-01-19,ACTIVE
H00004576,A003883,2024-10-31,ACTIVE
H00004577,A003884,2026-01-25,ACTIVE
H00004578,A003884,2027-01-30,CLOSED
H00004579,A003885,2025-06-02,ACTIVE
H00004580,A003886,2026-05-19,ACTIVE
H00004581,A003887,2024-03-01,ACTIVE
H00004582,A003888,2025-01-13,ACTIVE
H00004583,A003888,2025-06-28,CLOSED
H00004584,A003889,2026-04-22,ACTIVE
H00004585,A003890,2024-08-22,ACTIVE
H00004586,A003891,2024-04-13,ACTIVE
H00004587,A003892,2026-05-08,ACTIVE
H00004588,A003893,2024-04-28,ACTIVE
H00004589,A003894,2026-05-28,ACTIVE
H00004590,A003895,2025-12-22,ACTIVE
H00004591,A003896,2026-02-24,ACTIVE
H00004592,A003897,2024-04-06,ACTIVE
H00004593,A003898,2024-12-27,ACTIVE
H00004594,A003899,2025-08-20,ACTIVE
H00004595,A003899,2026-09-09,WRITTEN_OFF
H00004596,A003900,2024-06-03,ACTIVE
H00004597,A003901,2024-03-15,ACTIVE
H00004598,A003902,2025-06-13,ACTIVE
H00004599,A003903,2025-11-13,ACTIVE
H00004600,A003904,2024-06-27,ACTIVE
H00004601,A003905,2026-05-29,ACTIVE
H00004602,A003906,2024-06-27,ACTIVE
H00004603,A003907,2024-05-25,ACTIVE
H00004604,A003908,2026-03-02,ACTIVE
H00004605,A003909,2024-08-20,ACTIVE
H00004606,A003910,2024-12-16,ACTIVE
H00004607,A003910,2025-11-01,CLOSED
H00004608,A003911,2025-03-05,ACTIVE
H00004609,A003912,2024-05-09,ACTIVE
H00004610,A003913,2025-03-03,ACTIVE
H00004611,A003913,2025-07-06,CLOSED
H00004612,A003914,2025-12-18,ACTIVE
H00004613,A003915,2025-11-08,ACTIVE
H00004614,A003916,2024-01-28,ACTIVE
H00004615,A003916,2025-07-14,WRITTEN_OFF
H00004616,A003917,2025-11-20,ACTIVE
H00004617,A003918,2026-05-13,ACTIVE
H00004618,A003919,2025-04-21,ACTIVE
H00004619,A003920,2024-07-09,ACTIVE
H00004620,A003921,2026-02-17,ACTIVE
H00004621,A003922,2025-01-23,ACTIVE
H00004622,A003923,2024-09-09,ACTIVE
H00004623,A003924,2024-04-29,ACTIVE
H00004624,A003925,2024-05-25,ACTIVE
H00004625,A003926,2025-07-08,ACTIVE
H00004626,A003926,2026-09-15,CLOSED
H00004627,A003927,2025-08-22,ACTIVE
H00004628,A003928,2024-03-04,ACTIVE
H00004629,A003929,2025-10-04,ACTIVE
H00004630,A003930,2025-10-14,ACTIVE
H00004631,A003931,2024-07-10,ACTIVE
H00004632,A003931,2026-02-09,WRITTEN_OFF
H00004633,A003932,2025-01-03,ACTIVE
H00004634,A003932,2026-01-05,CLOSED
H00004635,A003933,2024-07-22,ACTIVE
H00004636,A003934,2024-10-05,ACTIVE
H00004637,A003935,2024-07-04,ACTIVE
H00004638,A003936,2025-09-17,ACTIVE
H00004639,A003937,2025-07-15,ACTIVE
H00004640,A003938,2024-03-08,ACTIVE
H00004641,A003939,2025-10-30,ACTIVE
H00004642,A003940,2024-12-27,ACTIVE
H00004643,A003941,2025-11-25,ACTIVE
H00004644,A003942,2024-08-27,ACTIVE
H00004645,A003943,2026-04-08,ACTIVE
H00004646,A003944,2024-03-27,ACTIVE
H00004647,A003945,2026-04-06,ACTIVE
H00004648,A003946,2024-02-18,ACTIVE
H00004649,A003947,2024-09-05,ACTIVE
H00004650,A003947,2025-03-17,CLOSED
H00004651,A003948,2026-05-15,ACTIVE
H00004652,A003948,2026-12-17,CLOSED
H00004653,A003949,2024-01-08,ACTIVE
H00004654,A003950,2025-04-26,ACTIVE
H00004655,A003951,2026-04-14,ACTIVE
H00004656,A003952,2025-11-13,ACTIVE
H00004657,A003952,2026-05-25,CLOSED
H00004658,A003953,2024-06-06,ACTIVE
H00004659,A003954,2024-07-14,ACTIVE
H00004660,A003955,2024-06-19,ACTIVE
H00004661,A003956,2024-02-28,ACTIVE
H00004662,A003957,2025-02-22,ACTIVE
H00004663,A003958,2025-04-07,ACTIVE
H00004664,A003959,2024-03-26,ACTIVE
H00004665,A003960,2025-01-17,ACTIVE
H00004666,A003961,2024-06-03,ACTIVE
H00004667,A003962,2026-02-21,ACTIVE
H00004668,A003963,2025-12-12,ACTIVE
H00004669,A003964,2024-04-25,ACTIVE
H00004670,A003965,2025-10-08,ACTIVE
H00004671,A003965,2027-02-19,CLOSED
H00004672,A003966,2025-02-20,ACTIVE
H00004673,A003967,2024-10-26,ACTIVE
H00004674,A003968,2024-07-09,ACTIVE
H00004675,A003969,2024-03-19,ACTIVE
H00004676,A003969,2025-04-17,CLOSED
H00004677,A003970,2025-12-29,ACTIVE
H00004678,A003971,2025-06-01,ACTIVE
H00004679,A003972,2026-04-16,ACTIVE
H00004680,A003972,2027-03-25,CLOSED
H00004681,A003973,2025-07-22,ACTIVE
H00004682,A003974,2025-07-27,ACTIVE
H00004683,A003974,2026-11-05,CLOSED
H00004684,A003975,2026-04-21,ACTIVE
H00004685,A003976,2024-01-30,ACTIVE
H00004686,A003976,2025-07-10,WRITTEN_OFF
H00004687,A003977,2024-10-30,ACTIVE
H00004688,A003978,2024-03-23,ACTIVE
H00004689,A003978,2025-04-25,WRITTEN_OFF
H00004690,A003979,2025-06-11,ACTIVE
H00004691,A003980,2026-05-04,ACTIVE
H00004692,A003981,2026-05-09,ACTIVE
H00004693,A003982,2024-05-03,ACTIVE
H00004694,A003983,2025-04-11,ACTIVE
H00004695,A003984,2025-09-08,ACTIVE
H00004696,A003985,2024-06-10,ACTIVE
H00004697,A003986,2025-04-24,ACTIVE
H00004698,A003986,2025-11-05,CLOSED
H00004699,A003987,2024-04-01,ACTIVE
H00004700,A003988,2025-09-02,ACTIVE
H00004701,A003989,2024-10-29,ACTIVE
H00004702,A003990,2024-11-17,ACTIVE
H00004703,A003991,2025-05-22,ACTIVE
H00004704,A003992,2025-09-26,ACTIVE
H00004705,A003993,2026-01-24,ACTIVE
H00004706,A003994,2025-05-22,ACTIVE
H00004707,A003995,2026-04-19,ACTIVE
H00004708,A003996,2026-01-31,ACTIVE
H00004709,A003997,2025-01-10,ACTIVE
H00004710,A003998,2024-11-18,ACTIVE
H00004711,A003999,2024-08-28,ACTIVE
H00004712,A004000,2025-01-21,ACTIVE
H00004713,A004001,2026-04-16,ACTIVE
H00004714,A004002,2025-10-27,ACTIVE
H00004715,A004003,2024-03-30,ACTIVE
H00004716,A004004,2025-09-13,ACTIVE
H00004717,A004005,2025-06-08,ACTIVE
H00004718,A004006,2025-12-09,ACTIVE
H00004719,A004007,2026-03-06,ACTIVE
H00004720,A004008,2026-01-04,ACTIVE
H00004721,A004009,2026-04-13,ACTIVE
H00004722,A004009,2027-01-31,WRITTEN_OFF
H00004723,A004010,2024-09-14,ACTIVE
H00004724,A004011,2025-07-23,ACTIVE
H00004725,A004012,2025-08-03,ACTIVE
H00004726,A004013,2026-01-29,ACTIVE
H00004727,A004014,2024-01-23,ACTIVE
H00004728,A004015,2025-10-03,ACTIVE
H00004729,A004016,2026-02-22,ACTIVE
H00004730,A004016,2027-10-05,WRITTEN_OFF
H00004731,A004017,2025-02-22,ACTIVE
H00004732,A004018,2025-12-27,ACTIVE
H00004733,A004019,2024-09-15,ACTIVE
H00004734,A004020,2026-04-05,ACTIVE
H00004735,A004021,2025-07-13,ACTIVE
H00004736,A004022,2024-10-04,ACTIVE
H00004737,A004023,2025-05-03,ACTIVE
H00004738,A004023,2025-12-09,CLOSED
H00004739,A004024,2024-01-27,ACTIVE
H00004740,A004025,2025-05-20,ACTIVE
H00004741,A004026,2026-04-04,ACTIVE
H00004742,A004027,2025-09-24,ACTIVE
H00004743,A004028,2026-02-07,ACTIVE
H00004744,A004029,2024-03-20,ACTIVE
H00004745,A004030,2024-01-21,ACTIVE
H00004746,A004031,2025-05-25,ACTIVE
H00004747,A004032,2024-12-20,ACTIVE
H00004748,A004032,2025-09-19,CLOSED
H00004749,A004033,2024-04-22,ACTIVE
H00004750,A004034,2026-01-23,ACTIVE
H00004751,A004034,2027-01-03,CLOSED
H00004752,A004035,2024-11-30,ACTIVE
H00004753,A004036,2024-01-04,ACTIVE
H00004754,A004037,2024-07-13,ACTIVE
H00004755,A004038,2024-07-22,ACTIVE
H00004756,A004038,2025-09-14,CLOSED
H00004757,A004039,2026-01-13,ACTIVE
H00004758,A004040,2024-12-19,ACTIVE
H00004759,A004040,2025-04-09,CLOSED
H00004760,A004041,2024-08-03,ACTIVE
H00004761,A004042,2026-03-27,ACTIVE
H00004762,A004043,2024-06-08,ACTIVE
H00004763,A004044,2024-06-30,ACTIVE
H00004764,A004045,2024-09-04,ACTIVE
H00004765,A004046,2025-05-31,ACTIVE
H00004766,A004047,2026-01-16,ACTIVE
H00004767,A004048,2025-07-25,ACTIVE
H00004768,A004048,2026-02-10,CLOSED
H00004769,A004049,2026-04-08,ACTIVE
H00004770,A004050,2026-03-29,ACTIVE
H00004771,A004051,2024-05-08,ACTIVE
H00004772,A004051,2025-10-10,CLOSED
H00004773,A004052,2026-04-10,ACTIVE
H00004774,A004052,2027-11-07,CLOSED
H00004775,A004053,2024-10-20,ACTIVE
H00004776,A004054,2025-09-13,ACTIVE
H00004777,A004055,2024-08-26,ACTIVE
H00004778,A004056,2025-06-19,ACTIVE
H00004779,A004057,2025-01-25,ACTIVE
H00004780,A004058,2025-01-20,ACTIVE
H00004781,A004058,2026-01-15,CLOSED
H00004782,A004059,2024-11-21,ACTIVE
H00004783,A004060,2026-04-12,ACTIVE
H00004784,A004061,2025-04-02,ACTIVE
H00004785,A004062,2024-04-27,ACTIVE
H00004786,A004062,2025-01-26,WRITTEN_OFF
H00004787,A004063,2024-04-06,ACTIVE
H00004788,A004064,2024-09-28,ACTIVE
H00004789,A004065,2025-02-23,ACTIVE
H00004790,A004066,2024-01-25,ACTIVE
H00004791,A004066,2024-12-25,WRITTEN_OFF
H00004792,A004067,2025-12-05,ACTIVE
H00004793,A004068,2026-02-17,ACTIVE
H00004794,A004069,2025-12-30,ACTIVE
H00004795,A004070,2026-02-02,ACTIVE
H00004796,A004070,2027-01-27,CLOSED
H00004797,A004071,2025-05-26,ACTIVE
H00004798,A004071,2026-09-04,CLOSED
H00004799,A004072,2025-11-28,ACTIVE
H00004800,A004073,2024-01-13,ACTIVE
H00004801,A004074,2024-09-29,ACTIVE
H00004802,A004075,2026-03-21,ACTIVE
H00004803,A004076,2025-01-30,ACTIVE
H00004804,A004077,2025-02-10,ACTIVE
H00004805,A004078,2026-03-27,ACTIVE
H00004806,A004079,2026-03-17,ACTIVE
H00004807,A004080,2026-03-30,ACTIVE
H00004808,A004081,2024-10-23,ACTIVE
H00004809,A004082,2024-02-02,ACTIVE
H00004810,A004083,2026-02-08,ACTIVE
H00004811,A004084,2026-04-17,ACTIVE
H00004812,A004085,2025-06-11,ACTIVE
H00004813,A004086,2026-05-27,ACTIVE
H00004814,A004087,2025-12-27,ACTIVE
H00004815,A004088,2024-09-13,ACTIVE
H00004816,A004089,2025-10-04,ACTIVE
H00004817,A004089,2027-03-27,CLOSED
H00004818,A004090,2025-06-13,ACTIVE
H00004819,A004091,2024-08-22,ACTIVE
H00004820,A004092,2026-03-04,ACTIVE
H00004821,A004093,2024-07-10,ACTIVE
H00004822,A004094,2024-12-01,ACTIVE
H00004823,A004095,2025-07-29,ACTIVE
H00004824,A004096,2024-03-27,ACTIVE
H00004825,A004097,2024-06-12,ACTIVE
H00004826,A004097,2025-04-23,CLOSED
H00004827,A004098,2024-06-08,ACTIVE
H00004828,A004099,2025-06-19,ACTIVE
H00004829,A004100,2025-07-22,ACTIVE
H00004830,A004101,2026-05-08,ACTIVE
H00004831,A004102,2025-11-17,ACTIVE
H00004832,A004103,2024-12-24,ACTIVE
H00004833,A004104,2025-11-30,ACTIVE
H00004834,A004104,2027-02-26,CLOSED
H00004835,A004105,2024-01-31,ACTIVE
H00004836,A004105,2025-07-25,CLOSED
H00004837,A004106,2025-06-26,ACTIVE
H00004838,A004107,2024-10-08,ACTIVE
H00004839,A004108,2025-01-11,ACTIVE
H00004840,A004109,2025-10-13,ACTIVE
H00004841,A004110,2025-09-07,ACTIVE
H00004842,A004111,2024-08-15,ACTIVE
H00004843,A004112,2026-04-09,ACTIVE
H00004844,A004113,2024-12-26,ACTIVE
H00004845,A004114,2024-01-19,ACTIVE
H00004846,A004114,2025-05-05,WRITTEN_OFF
H00004847,A004115,2025-02-03,ACTIVE
H00004848,A004116,2024-09-11,ACTIVE
H00004849,A004116,2024-12-10,CLOSED
H00004850,A004117,2025-10-11,ACTIVE
H00004851,A004117,2026-05-16,CLOSED
H00004852,A004118,2024-01-27,ACTIVE
H00004853,A004118,2025-07-07,CLOSED
H00004854,A004119,2026-04-19,ACTIVE
H00004855,A004120,2024-04-08,ACTIVE
H00004856,A004121,2026-04-27,ACTIVE
H00004857,A004122,2026-04-06,ACTIVE
H00004858,A004123,2024-12-11,ACTIVE
H00004859,A004124,2024-10-01,ACTIVE
H00004860,A004124,2025-11-10,WRITTEN_OFF
H00004861,A004125,2024-04-25,ACTIVE
H00004862,A004126,2024-01-09,ACTIVE
H00004863,A004127,2024-11-22,ACTIVE
H00004864,A004128,2026-01-24,ACTIVE
H00004865,A004129,2024-10-15,ACTIVE
H00004866,A004130,2025-03-05,ACTIVE
H00004867,A004131,2025-01-09,ACTIVE
H00004868,A004131,2026-01-08,WRITTEN_OFF
H00004869,A004132,2026-01-01,ACTIVE
H00004870,A004133,2025-07-10,ACTIVE
H00004871,A004134,2024-09-01,ACTIVE
H00004872,A004135,2025-05-21,ACTIVE
H00004873,A004136,2026-05-13,ACTIVE
H00004874,A004137,2026-05-23,ACTIVE
H00004875,A004138,2025-07-19,ACTIVE
H00004876,A004139,2024-02-02,ACTIVE
H00004877,A004139,2024-07-06,CLOSED
H00004878,A004140,2025-03-22,ACTIVE
H00004879,A004141,2025-06-28,ACTIVE
H00004880,A004141,2026-11-13,CLOSED
H00004881,A004142,2026-05-05,ACTIVE
H00004882,A004143,2025-11-27,ACTIVE
H00004883,A004144,2026-03-26,ACTIVE
H00004884,A004145,2025-04-17,ACTIVE
H00004885,A004146,2026-02-16,ACTIVE
H00004886,A004147,2024-09-04,ACTIVE
H00004887,A004148,2024-09-18,ACTIVE
H00004888,A004149,2024-08-06,ACTIVE
H00004889,A004150,2026-04-20,ACTIVE
H00004890,A004150,2027-07-28,CLOSED
H00004891,A004151,2024-09-27,ACTIVE
H00004892,A004151,2026-01-08,CLOSED
H00004893,A004152,2025-03-23,ACTIVE
H00004894,A004153,2024-12-10,ACTIVE
H00004895,A004153,2025-12-05,WRITTEN_OFF
H00004896,A004154,2025-01-09,ACTIVE
H00004897,A004154,2026-05-07,WRITTEN_OFF
H00004898,A004155,2025-05-01,ACTIVE
H00004899,A004155,2025-09-25,WRITTEN_OFF
H00004900,A004156,2024-05-06,ACTIVE
H00004901,A004157,2025-10-08,ACTIVE
H00004902,A004158,2024-08-09,ACTIVE
H00004903,A004159,2024-01-27,ACTIVE
H00004904,A004160,2024-09-29,ACTIVE
H00004905,A004161,2024-09-09,ACTIVE
H00004906,A004162,2026-01-22,ACTIVE
H00004907,A004163,2025-03-03,ACTIVE
H00004908,A004164,2025-08-14,ACTIVE
H00004909,A004165,2024-02-10,ACTIVE
H00004910,A004166,2024-01-02,ACTIVE
H00004911,A004167,2026-03-06,ACTIVE
H00004912,A004167,2027-05-14,WRITTEN_OFF
H00004913,A004168,2024-11-18,ACTIVE
H00004914,A004169,2025-11-14,ACTIVE
H00004915,A004170,2024-05-11,ACTIVE
H00004916,A004171,2026-04-03,ACTIVE
H00004917,A004172,2024-06-27,ACTIVE
H00004918,A004173,2024-01-04,ACTIVE
H00004919,A004174,2025-03-06,ACTIVE
H00004920,A004174,2026-09-21,CLOSED
H00004921,A004175,2025-05-14,ACTIVE
H00004922,A004176,2025-12-06,ACTIVE
H00004923,A004177,2024-03-25,ACTIVE
H00004924,A004178,2024-06-14,ACTIVE
H00004925,A004179,2025-08-28,ACTIVE
H00004926,A004179,2026-09-02,CLOSED
H00004927,A004180,2025-06-16,ACTIVE
H00004928,A004181,2026-05-21,ACTIVE
H00004929,A004182,2025-11-03,ACTIVE
H00004930,A004183,2024-09-21,ACTIVE
H00004931,A004184,2025-06-18,ACTIVE
H00004932,A004185,2025-06-05,ACTIVE
H00004933,A004186,2024-07-13,ACTIVE
H00004934,A004187,2024-05-27,ACTIVE
H00004935,A004188,2025-04-25,ACTIVE
H00004936,A004189,2026-05-04,ACTIVE
H00004937,A004190,2024-04-25,ACTIVE
H00004938,A004191,2025-08-19,ACTIVE
H00004939,A004192,2024-12-22,ACTIVE
H00004940,A004193,2024-11-10,ACTIVE
H00004941,A004194,2026-03-03,ACTIVE
H00004942,A004194,2027-06-01,CLOSED
H00004943,A004195,2024-03-09,ACTIVE
H00004944,A004196,2026-05-19,ACTIVE
H00004945,A004197,2025-03-08,ACTIVE
H00004946,A004198,2026-04-04,ACTIVE
H00004947,A004198,2027-07-01,WRITTEN_OFF
H00004948,A004199,2025-04-13,ACTIVE
H00004949,A004200,2025-04-04,ACTIVE
