account_id,borrower_id,client,dpd,outstanding_amount,account_open_date,status
A000001,B00597,Client_A,120,63059.0,2025-01-13,ACTIVE
A000002,B01973,Client_B,120,21367.0,2024-03-15,ACTIVE
A000003,B02793,Client_D,30,17188.0,2024-08-29,CLOSED
A000004,B01529,Client_B,150,11353.0,2025-07-07,ACTIVE
A000005,B01720,Client_D,30,8779.0,2025-05-31,ACTIVE
A000006,B00633,Client_A,30,85540.0,2024-03-02,ACTIVE
A000007,B02606,Client_B,90,18656.0,2024-03-04,ACTIVE
A000008,B01387,Client_B,150,20929.0,2026-01-28,ACTIVE
A000009,B01203,Client_C,15,16288.0,2026-04-29,ACTIVE
A000010,B01441,Client_C,45,36056.0,2025-09-30,ACTIVE
A000011,B01045,Client_C,75,15506.0,2026-01-29,WRITTEN_OFF
A000012,B02316,Client_A,120,55373.0,2025-11-11,CLOSED
A000013,B01446,Client_D,150,26886.0,2024-03-14,ACTIVE
A000014,B01896,Client_A,75,28599.0,2024-09-05,ACTIVE
A000015,B00264,Client_A,45,28849.0,2024-04-09,ACTIVE
A000016,B01364,Client_A,60,125533.0,2024-09-11,ACTIVE
A000017,B01578,Client_C,15,28986.0,2026-02-11,CLOSED
A000018,B01224,Client_A,120,6283.0,2026-02-08,ACTIVE
A000019,B01782,Client_A,90,52471.0,2024-09-12,ACTIVE
A000020,B01541,Client_C,45,22046.0,2025-03-06,ACTIVE
A000021,B02348,Client_A,45,26281.0,2024-01-16,ACTIVE
A000022,B01108,Client_A,150,32073.0,2025-03-24,ACTIVE
A000023,B01281,Client_A,150,38845.0,2026-05-10,ACTIVE
A000024,B01445,Client_D,60,32428.0,2025-05-10,CLOSED
A000025,B00994,Client_D,120,18172.0,2025-02-03,CLOSED
A000026,B00513,Client_B,180,82359.0,2026-04-28,ACTIVE
A000027,B00865,Client_C,15,29891.0,2024-11-11,ACTIVE
A000028,B02200,Client_B,150,6843.0,2025-09-19,CLOSED
A000029,B01348,Client_C,180,26374.0,2024-05-12,ACTIVE
A000030,B00540,Client_A,90,10276.0,2025-12-02,ACTIVE
A000031,B01099,Client_A,150,14156.0,2025-12-02,ACTIVE
A000032,B01905,Client_B,150,17456.0,2026-02-08,ACTIVE
A000033,B02797,Client_A,45,6509.0,2025-03-22,ACTIVE
A000034,B01807,Client_A,15,22980.0,2024-01-31,ACTIVE
A000035,B02198,Client_B,75,22942.0,2024-04-15,ACTIVE
A000036,B00858,Client_D,75,22570.0,2024-05-07,ACTIVE
A000037,B00442,Client_B,90,21681.0,2024-11-04,ACTIVE
A000038,B02755,Client_A,45,13918.0,2025-01-30,ACTIVE
A000039,B01774,Client_B,30,16759.0,2026-01-09,ACTIVE
A000040,B00219,Client_A,60,9326.0,2025-09-08,WRITTEN_OFF
A000041,B01001,Client_B,30,19500.0,2025-05-16,ACTIVE
A000042,B01883,Client_C,75,14399.0,2025-01-23,ACTIVE
A000043,B00234,Client_B,30,7142.0,2024-06-02,CLOSED
A000044,B00197,Client_C,45,18145.0,2025-02-04,ACTIVE
A000045,B02477,Client_A,60,33398.0,2024-04-20,ACTIVE
A000046,B02147,Client_D,75,16116.0,2026-04-15,ACTIVE
A000047,B00835,Client_A,30,32329.0,2026-03-31,ACTIVE
A000048,B00482,Client_B,90,74147.0,2024-04-29,CLOSED
A000049,B02413,Client_C,150,16024.0,2025-08-24,ACTIVE
A000050,B01358,Client_C,150,42652.0,2025-01-19,CLOSED
A000051,B01692,Client_C,60,10436.0,2025-08-02,ACTIVE
A000052,B02690,Client_B,90,26333.0,2026-01-07,WRITTEN_OFF
A000053,B01051,Client_C,75,21307.0,2025-10-21,CLOSED
A000054,B02615,Client_A,60,10298.0,2024-08-03,ACTIVE
A000055,B00857,Client_A,180,26008.0,2024-08-25,ACTIVE
A000056,B01716,Client_B,75,8465.0,2024-01-03,ACTIVE
A000057,B01902,Client_A,180,9158.0,2026-02-05,CLOSED
A000058,B00956,Client_C,30,24557.0,2024-11-11,ACTIVE
A000059,B00924,Client_C,90,32352.0,2025-10-30,ACTIVE
A000060,B00576,Client_C,75,27837.0,2026-03-21,ACTIVE
A000061,B02958,Client_A,60,16292.0,2026-04-24,ACTIVE
A000062,B00856,Client_D,150,52412.0,2025-05-27,ACTIVE
A000063,B01574,Client_A,15,19114.0,2024-03-25,ACTIVE
A000064,B00564,Client_B,60,16560.0,2024-04-13,ACTIVE
A000065,B01236,Client_A,45,18542.0,2025-12-18,ACTIVE
A000066,B01684,Client_D,90,45867.0,2024-02-09,ACTIVE
A000067,B00174,Client_A,90,25215.0,2024-12-11,ACTIVE
A000068,B02789,Client_B,150,18772.0,2026-05-08,CLOSED
A000069,B00689,Client_C,30,55066.0,2024-07-31,ACTIVE
A000070,B00818,Client_C,15,27354.0,2024-04-01,CLOSED
A000071,B01794,Client_B,75,12865.0,2024-01-06,ACTIVE
A000072,B02788,Client_D,150,25610.0,2025-11-07,ACTIVE
A000073,B01182,Client_C,15,17036.0,2024-01-28,ACTIVE
A000074,B02260,Client_B,60,79965.0,2024-04-23,ACTIVE
A000075,B02258,Client_C,15,13933.0,2024-11-18,ACTIVE
A000076,B02511,Client_D,30,20287.0,2024-09-19,ACTIVE
A000077,B01854,Client_D,60,27011.0,2024-12-22,ACTIVE
A000078,B02960,Client_B,15,13193.0,2024-12-05,CLOSED
A000079,B01710,Client_B,60,7223.0,2025-03-16,ACTIVE
A000080,B00005,Client_B,45,40061.0,2024-06-03,ACTIVE
A000081,B00931,Client_C,150,10237.0,2024-09-05,ACTIVE
A000082,B00059,Client_A,90,31424.0,2025-08-21,ACTIVE
A000083,B01838,Client_A,60,27848.0,2024-09-21,WRITTEN_OFF
A000084,B01009,Client_B,45,19574.0,2025-07-04,ACTIVE
A000085,B02985,Client_B,45,50861.0,2025-06-16,WRITTEN_OFF
A000086,B02754,Client_D,75,7678.0,2025-03-08,ACTIVE
A000087,B00726,Client_A,120,46851.0,2025-03-12,ACTIVE
A000088,B00918,Client_C,15,34790.0,2025-03-13,ACTIVE
A000089,B00857,Client_C,120,23840.0,2024-06-07,CLOSED
A000090,B00386,Client_A,30,26401.0,2024-11-21,ACTIVE
A000091,B00435,Client_C,75,51582.0,2025-07-17,ACTIVE
A000092,B02927,Client_A,30,38272.0,2025-02-12,ACTIVE
A000093,B00355,Client_C,150,11964.0,2026-02-16,ACTIVE
A000094,B01401,Client_A,15,40277.0,2025-04-11,ACTIVE
A000095,B00765,Client_B,45,27330.0,2024-12-21,ACTIVE
A000096,B00848,Client_A,60,10236.0,2025-06-13,ACTIVE
A000097,B02150,Client_D,45,31148.0,2026-03-20,ACTIVE
A000098,B01197,Client_A,75,29017.0,2025-10-19,ACTIVE
A000099,B00571,Client_B,60,9735.0,2025-11-06,ACTIVE
A000100,B00493,Client_A,45,21404.0,2025-11-15,ACTIVE
A000101,B01810,Client_B,75,19714.0,2025-01-27,ACTIVE
A000102,B00087,Client_B,90,12698.0,2025-06-03,CLOSED
A000103,B01125,Client_C,45,7526.0,2025-02-28,WRITTEN_OFF
A000104,B01934,Client_C,120,51854.0,2025-08-29,ACTIVE
A000105,B02269,Client_A,60,30112.0,2025-02-24,ACTIVE
A000106,B00415,Client_C,75,11095.0,2025-02-17,ACTIVE
A000107,B01807,Client_B,180,10309.0,2024-07-17,ACTIVE
A000108,B02116,Client_D,75,33929.0,2025-05-11,ACTIVE
A000109,B02096,Client_A,90,17907.0,2024-04-10,CLOSED
A000110,B00037,Client_C,30,18650.0,2026-02-09,ACTIVE
A000111,B00731,Client_B,15,17970.0,2024-09-08,ACTIVE
A000112,B01342,Client_B,30,21200.0,2025-03-28,ACTIVE
A000113,B02291,Client_A,90,34164.0,2025-04-15,ACTIVE
A000114,B02747,Client_A,75,70427.0,2024-07-23,ACTIVE
A000115,B00706,Client_A,75,12858.0,2025-09-02,ACTIVE
A000116,B00269,Client_A,75,12560.0,2024-05-11,CLOSED
A000117,B00824,Client_D,15,30891.0,2025-07-06,ACTIVE
A000118,B01641,Client_B,120,59714.0,2025-02-21,WRITTEN_OFF
A000119,B02254,Client_D,15,38786.0,2024-01-22,ACTIVE
A000120,B00739,Client_A,120,35333.0,2025-12-12,ACTIVE
A000121,B01079,Client_A,150,58339.0,2026-03-05,ACTIVE
A000122,B00174,Client_B,15,20102.0,2024-12-07,ACTIVE
A000123,B00164,Client_C,15,14002.0,2024-09-25,ACTIVE
A000124,B02808,Client_A,150,53226.0,2025-07-08,ACTIVE
A000125,B00303,Client_B,90,19961.0,2024-07-02,ACTIVE
A000126,B01791,Client_B,75,37918.0,2025-12-29,ACTIVE
A000127,B02784,Client_A,120,27393.0,2025-06-29,CLOSED
A000128,B00518,Client_C,90,19640.0,2024-07-31,ACTIVE
A000129,B00024,Client_C,150,41612.0,2024-02-20,ACTIVE
A000130,B00693,Client_B,120,57587.0,2026-04-17,ACTIVE
A000131,B01513,Client_B,75,50759.0,2024-05-02,ACTIVE
A000132,B01465,Client_C,150,16588.0,2024-12-11,CLOSED
A000133,B01418,Client_D,30,30434.0,2024-12-22,ACTIVE
A000134,B00272,Client_A,60,26054.0,2024-10-30,CLOSED
A000135,B02519,Client_B,60,10838.0,2024-09-01,ACTIVE
A000136,B02401,Client_D,30,13559.0,2025-07-10,ACTIVE
A000137,B01375,Client_C,75,45039.0,2025-09-23,ACTIVE
A000138,B01904,Client_A,75,60249.0,2024-05-03,CLOSED
A000139,B02029,Client_D,45,12786.0,2026-05-05,ACTIVE
A000140,B00067,Client_B,180,23371.0,2025-01-04,ACTIVE
A000141,B02910,Client_D,45,17209.0,2025-09-09,WRITTEN_OFF
A000142,B00601,Client_A,60,13565.0,2024-04-08,ACTIVE
A000143,B02246,Client_A,15,52184.0,2024-06-03,ACTIVE
A000144,B01944,Client_A,30,17398.0,2025-03-07,ACTIVE
A000145,B02502,Client_B,75,14235.0,2025-06-28,CLOSED
A000146,B01564,Client_B,45,16421.0,2024-05-07,WRITTEN_OFF
A000147,B02987,Client_A,150,10781.0,2025-12-14,ACTIVE
A000148,B00788,Client_D,45,40645.0,2024-02-17,ACTIVE
A000149,B00267,Client_D,30,7116.0,2025-12-28,ACTIVE
A000150,B01831,Client_C,60,13627.0,2025-11-10,ACTIVE
A000151,B02160,Client_A,120,9672.0,2026-05-28,CLOSED
A000152,B02790,Client_B,30,22673.0,2025-12-01,CLOSED
A000153,B00482,Client_C,90,34311.0,2025-07-25,ACTIVE
A000154,B01463,Client_D,30,20998.0,2024-10-12,ACTIVE
A000155,B02899,Client_D,60,35393.0,2025-05-15,ACTIVE
A000156,B01455,Client_B,60,19628.0,2025-04-10,ACTIVE
A000157,B00557,Client_A,180,15262.0,2026-02-12,ACTIVE
A000158,B02391,Client_A,30,16487.0,2025-06-21,ACTIVE
A000159,B01926,Client_B,120,16447.0,2024-12-15,ACTIVE
A000160,B01514,Client_C,30,37225.0,2024-12-10,ACTIVE
A000161,B01596,Client_B,150,50089.0,2024-08-16,CLOSED
A000162,B02506,Client_C,90,17345.0,2024-08-11,ACTIVE
A000163,B02249,Client_A,60,13479.0,2025-12-08,WRITTEN_OFF
A000164,B02575,Client_B,150,23737.0,2026-03-28,ACTIVE
A000165,B01454,Client_A,45,20249.0,2024-04-14,ACTIVE
A000166,B01809,Client_B,60,42545.0,2026-02-27,ACTIVE
A000167,B01259,Client_C,120,66255.0,2024-08-01,ACTIVE
A000168,B02104,Client_B,90,29635.0,2024-02-16,ACTIVE
A000169,B02377,Client_C,15,18234.0,2025-06-08,ACTIVE
A000170,B01178,Client_B,75,10079.0,2024-03-13,ACTIVE
A000171,B00054,Client_B,120,33467.0,2026-04-20,CLOSED
A000172,B02963,Client_A,90,25188.0,2024-07-02,ACTIVE
A000173,B02188,Client_B,75,18880.0,2025-06-02,ACTIVE
A000174,B01033,Client_D,45,36173.0,2025-04-13,ACTIVE
A000175,B00393,Client_B,45,42585.0,2024-12-28,ACTIVE
A000176,B01276,Client_C,60,4930.0,2024-06-23,ACTIVE
A000177,B00790,Client_B,75,37171.0,2024-03-29,CLOSED
A000178,B01018,Client_C,60,31498.0,2026-04-25,CLOSED
A000179,B00099,Client_A,15,44489.0,2026-06-01,ACTIVE
A000180,B01817,Client_A,75,17013.0,2025-05-13,CLOSED
A000181,B02540,Client_A,180,52826.0,2024-09-20,ACTIVE
A000182,B00341,Client_B,15,17829.0,2025-04-27,ACTIVE
A000183,B00859,Client_C,30,13042.0,2025-03-24,ACTIVE
A000184,B00727,Client_A,45,13942.0,2025-05-30,ACTIVE
A000185,B00301,Client_D,30,32838.0,2024-10-04,ACTIVE
A000186,B01123,Client_A,45,34669.0,2025-05-18,ACTIVE
A000187,B00237,Client_D,75,13801.0,2024-11-12,WRITTEN_OFF
A000188,B01740,Client_A,60,28257.0,2025-10-12,ACTIVE
A000189,B00728,Client_D,75,5133.0,2025-07-30,ACTIVE
A000190,B01249,Client_C,180,67151.0,2025-04-07,CLOSED
A000191,B02039,Client_A,60,18350.0,2024-02-28,ACTIVE
A000192,B02489,Client_B,45,11461.0,2024-11-30,ACTIVE
A000193,B02096,Client_B,45,62186.0,2025-08-14,ACTIVE
A000194,B01118,Client_D,180,23078.0,2025-09-28,ACTIVE
A000195,B01570,Client_B,30,20462.0,2024-11-08,ACTIVE
A000196,B02745,Client_A,90,46450.0,2024-01-30,ACTIVE
A000197,B01169,Client_A,75,30467.0,2024-07-30,ACTIVE
A000198,B01288,Client_B,75,27167.0,2024-04-29,ACTIVE
A000199,B02880,Client_C,30,23649.0,2024-11-17,CLOSED
A000200,B01203,Client_B,30,8809.0,2024-06-14,ACTIVE
A000201,B00934,Client_D,15,15316.0,2025-11-13,ACTIVE
A000202,B00528,Client_B,30,58310.0,2025-02-03,ACTIVE
A000203,B01026,Client_C,75,19317.0,2024-11-05,CLOSED
A000204,B00544,Client_B,150,6603.0,2025-03-11,ACTIVE
A000205,B00262,Client_A,75,6583.0,2024-11-01,WRITTEN_OFF
A000206,B02424,Client_A,90,20425.0,2024-03-16,ACTIVE
A000207,B01078,Client_B,90,12560.0,2025-09-30,ACTIVE
A000208,B02893,Client_B,75,26347.0,2025-11-13,ACTIVE
A000209,B02236,Client_A,75,11214.0,2025-07-11,ACTIVE
A000210,B01625,Client_A,75,62207.0,2024-01-07,ACTIVE
A000211,B01846,Client_B,30,11389.0,2024-12-04,ACTIVE
A000212,B00846,Client_D,90,48222.0,2024-08-11,CLOSED
A000213,B00241,Client_C,180,54410.0,2025-12-20,ACTIVE
A000214,B01334,Client_B,60,25244.0,2024-03-27,ACTIVE
A000215,B00184,Client_C,45,20206.0,2024-10-03,ACTIVE
A000216,B01303,Client_A,90,6881.0,2025-04-02,ACTIVE
A000217,B00272,Client_B,30,19907.0,2025-07-16,ACTIVE
A000218,B00755,Client_B,60,16979.0,2026-04-05,ACTIVE
A000219,B01617,Client_C,75,14565.0,2024-05-12,ACTIVE
A000220,B01559,Client_C,30,13691.0,2024-06-15,ACTIVE
A000221,B00105,Client_C,150,13108.0,2024-10-13,ACTIVE
A000222,B00646,Client_B,30,18308.0,2025-09-24,CLOSED
A000223,B01381,Client_C,120,24571.0,2025-08-18,ACTIVE
A000224,B00993,Client_D,90,17616.0,2025-02-09,ACTIVE
A000225,B01148,Client_C,120,44526.0,2025-12-21,ACTIVE
A000226,B02010,Client_A,45,59527.0,2025-05-15,CLOSED
A000227,B01251,Client_B,45,17965.0,2024-12-01,ACTIVE
A000228,B00040,Client_B,15,27801.0,2026-02-15,WRITTEN_OFF
A000229,B00422,Client_D,45,35794.0,2025-03-14,ACTIVE
A000230,B02829,Client_B,60,30138.0,2024-06-07,CLOSED
A000231,B00041,Client_D,60,26182.0,2025-01-01,ACTIVE
A000232,B00053,Client_A,30,16520.0,2025-03-11,CLOSED
A000233,B00202,Client_A,150,20170.0,2025-09-28,ACTIVE
A000234,B02315,Client_A,120,26337.0,2025-11-03,ACTIVE
A000235,B00287,Client_C,90,12275.0,2024-03-13,ACTIVE
A000236,B01001,Client_C,30,16666.0,2025-05-07,CLOSED
A000237,B02062,Client_B,90,8630.0,2025-04-28,ACTIVE
A000238,B01238,Client_B,180,70220.0,2024-12-27,ACTIVE
A000239,B01396,Client_D,120,28795.0,2026-03-12,CLOSED
A000240,B02913,Client_A,45,51369.0,2024-01-01,ACTIVE
A000241,B00357,Client_A,75,13585.0,2025-07-24,ACTIVE
A000242,B02836,Client_B,90,22575.0,2026-04-06,ACTIVE
A000243,B00746,Client_C,45,24872.0,2025-11-10,ACTIVE
A000244,B00695,Client_C,60,20006.0,2025-03-12,CLOSED
A000245,B00073,Client_C,180,29826.0,2024-07-07,ACTIVE
A000246,B00588,Client_C,30,31746.0,2024-09-14,ACTIVE
A000247,B00104,Client_B,75,28981.0,2024-10-22,CLOSED
A000248,B01999,Client_B,75,23345.0,2024-11-03,CLOSED
A000249,B00071,Client_A,90,11467.0,2024-08-04,ACTIVE
A000250,B02309,Client_C,90,22452.0,2025-01-30,CLOSED
A000251,B02132,Client_B,45,24133.0,2026-03-23,CLOSED
A000252,B01475,Client_A,75,18879.0,2025-04-19,WRITTEN_OFF
A000253,B00392,Client_C,60,46971.0,2024-10-24,CLOSED
A000254,B02433,Client_A,120,13024.0,2025-01-27,ACTIVE
A000255,B00249,Client_B,150,26734.0,2024-05-20,ACTIVE
A000256,B00024,Client_A,60,20545.0,2025-02-28,ACTIVE
A000257,B01585,Client_C,120,22131.0,2026-02-03,ACTIVE
A000258,B01889,Client_A,30,26273.0,2024-04-22,ACTIVE
A000259,B02597,Client_D,75,5797.0,2024-04-25,CLOSED
A000260,B00719,Client_C,90,18993.0,2026-03-04,ACTIVE
A000261,B00195,Client_A,60,14718.0,2025-10-15,ACTIVE
A000262,B01293,Client_C,90,28466.0,2025-10-18,CLOSED
A000263,B01787,Client_A,90,40611.0,2024-03-14,ACTIVE
A000264,B02765,Client_A,120,20294.0,2025-02-09,ACTIVE
A000265,B02791,Client_C,180,25862.0,2024-01-14,ACTIVE
A000266,B00498,Client_B,30,30600.0,2025-01-04,ACTIVE
A000267,B01468,Client_B,120,17732.0,2026-05-21,ACTIVE
A000268,B02798,Client_A,30,29850.0,2025-10-09,WRITTEN_OFF
A000269,B00500,Client_C,45,19508.0,2024-09-04,ACTIVE
A000270,B01610,Client_C,30,50959.0,2024-06-06,ACTIVE
A000271,B02315,Client_D,90,23852.0,2026-04-19,ACTIVE
A000272,B01559,Client_A,75,28565.0,2025-01-22,ACTIVE
A000273,B01719,Client_B,15,41288.0,2025-09-01,ACTIVE
A000274,B02237,Client_B,60,16153.0,2025-12-01,ACTIVE
A000275,B01847,Client_B,75,34558.0,2025-01-17,ACTIVE
A000276,B00099,Client_B,30,14349.0,2024-07-19,ACTIVE
A000277,B00252,Client_A,75,19815.0,2026-02-19,ACTIVE
A000278,B02380,Client_A,90,65332.0,2024-05-17,CLOSED
A000279,B01742,Client_B,90,23444.0,2025-10-12,CLOSED
A000280,B00692,Client_C,90,36587.0,2025-02-17,CLOSED
A000281,B01212,Client_A,60,20740.0,2024-04-24,ACTIVE
A000282,B02544,Client_C,45,7353.0,2025-05-03,ACTIVE
A000283,B02248,Client_D,45,45516.0,2025-07-23,ACTIVE
A000284,B02924,Client_B,120,81978.0,2025-07-23,ACTIVE
A000285,B01768,Client_A,60,28444.0,2024-11-24,ACTIVE
A000286,B00758,Client_C,150,42022.0,2024-10-14,CLOSED
A000287,B02469,Client_A,75,25727.0,2025-11-08,CLOSED
A000288,B02128,Client_D,45,13404.0,2024-03-24,ACTIVE
A000289,B02423,Client_C,90,12565.0,2026-02-07,WRITTEN_OFF
A000290,B01736,Client_A,75,86783.0,2024-10-24,ACTIVE
A000291,B00377,Client_B,45,15931.0,2024-07-20,ACTIVE
A000292,B02007,Client_A,150,3904.0,2024-07-20,ACTIVE
A000293,B00769,Client_A,60,55670.0,2025-01-27,ACTIVE
A000294,B01685,Client_B,90,10694.0,2025-07-20,ACTIVE
A000295,B00306,Client_B,90,43318.0,2024-06-09,CLOSED
A000296,B01399,Client_C,90,34330.0,2026-04-27,ACTIVE
A000297,B01754,Client_A,150,29217.0,2024-03-10,ACTIVE
A000298,B00724,Client_B,90,15658.0,2025-02-16,ACTIVE
A000299,B02981,Client_D,60,26395.0,2024-01-27,ACTIVE
A000300,B00206,Client_A,30,22458.0,2024-04-22,CLOSED
A000301,B00164,Client_B,150,18957.0,2024-01-29,ACTIVE
A000302,B01252,Client_B,120,12680.0,2024-05-28,ACTIVE
A000303,B00170,Client_C,90,15979.0,2024-03-28,ACTIVE
A000304,B02847,Client_A,75,20289.0,2024-01-09,ACTIVE
A000305,B02648,Client_D,90,4228.0,2024-12-30,ACTIVE
A000306,B02762,Client_B,30,46832.0,2026-05-26,ACTIVE
A000307,B00646,Client_A,120,23986.0,2026-01-30,ACTIVE
A000308,B02281,Client_A,60,8259.0,2024-07-02,WRITTEN_OFF
A000309,B01024,Client_C,30,42961.0,2025-01-08,ACTIVE
A000310,B02700,Client_A,15,45420.0,2024-05-27,ACTIVE
A000311,B02605,Client_B,15,31481.0,2024-12-04,ACTIVE
A000312,B00905,Client_A,120,18027.0,2025-10-10,ACTIVE
A000313,B02721,Client_C,150,21735.0,2024-04-08,ACTIVE
A000314,B00340,Client_B,30,35078.0,2025-03-30,ACTIVE
A000315,B00424,Client_D,75,23689.0,2025-07-22,WRITTEN_OFF
A000316,B01835,Client_A,75,20528.0,2024-07-16,ACTIVE
A000317,B01279,Client_B,90,93260.0,2025-11-17,ACTIVE
A000318,B01741,Client_A,120,75950.0,2025-04-20,ACTIVE
A000319,B01934,Client_B,180,20867.0,2026-03-25,ACTIVE
A000320,B01177,Client_C,60,20030.0,2025-12-25,ACTIVE
A000321,B02169,Client_B,150,12863.0,2025-04-30,ACTIVE
A000322,B00644,Client_C,75,30946.0,2024-11-24,ACTIVE
A000323,B01999,Client_A,75,24736.0,2025-04-29,ACTIVE
A000324,B00869,Client_D,75,36724.0,2024-02-15,WRITTEN_OFF
A000325,B00357,Client_A,60,26560.0,2026-04-22,ACTIVE
A000326,B02285,Client_B,120,39318.0,2025-09-01,ACTIVE
A000327,B00932,Client_B,90,15000.0,2025-03-15,ACTIVE
A000328,B01259,Client_A,75,17213.0,2026-03-04,ACTIVE
A000329,B00499,Client_D,45,43687.0,2025-05-09,ACTIVE
A000330,B02477,Client_B,15,25028.0,2024-08-10,ACTIVE
A000331,B01463,Client_D,45,18023.0,2026-02-02,ACTIVE
A000332,B02686,Client_D,30,16725.0,2026-05-26,ACTIVE
A000333,B00201,Client_A,30,7904.0,2026-01-28,ACTIVE
A000334,B02964,Client_B,15,32527.0,2026-04-12,ACTIVE
A000335,B00852,Client_A,150,27949.0,2025-08-01,ACTIVE
A000336,B00632,Client_C,75,33452.0,2025-01-02,ACTIVE
A000337,B02246,Client_B,15,32328.0,2026-02-06,CLOSED
A000338,B00025,Client_B,60,23045.0,2026-03-10,CLOSED
A000339,B01795,Client_B,120,34703.0,2024-11-13,ACTIVE
A000340,B00638,Client_B,60,18015.0,2025-08-31,ACTIVE
A000341,B01133,Client_C,75,16030.0,2024-05-30,WRITTEN_OFF
A000342,B00323,Client_B,180,49823.0,2024-02-06,ACTIVE
A000343,B00300,Client_B,75,33440.0,2024-10-31,ACTIVE
A000344,B00210,Client_A,30,38342.0,2024-06-01,ACTIVE
A000345,B02312,Client_C,45,19431.0,2025-06-06,ACTIVE
A000346,B02724,Client_A,75,11625.0,2025-07-28,ACTIVE
A000347,B02731,Client_C,60,50352.0,2024-09-24,ACTIVE
A000348,B01750,Client_A,45,25148.0,2024-04-09,ACTIVE
A000349,B00697,Client_B,45,35886.0,2025-04-27,CLOSED
A000350,B02625,Client_C,60,6615.0,2025-12-29,ACTIVE
A000351,B01415,Client_C,45,14379.0,2025-10-02,CLOSED
A000352,B01408,Client_B,60,27380.0,2024-06-18,ACTIVE
A000353,B01426,Client_A,30,28175.0,2024-04-18,ACTIVE
A000354,B02992,Client_B,90,15302.0,2026-05-12,ACTIVE
A000355,B01535,Client_C,90,18433.0,2024-12-27,ACTIVE
A000356,B01144,Client_A,75,10739.0,2025-11-03,ACTIVE
A000357,B02488,Client_A,150,15489.0,2025-05-22,ACTIVE
A000358,B02349,Client_A,60,27751.0,2025-03-05,ACTIVE
A000359,B02122,Client_C,150,17089.0,2024-12-21,ACTIVE
A000360,B01207,Client_B,45,14753.0,2026-04-10,ACTIVE
A000361,B02454,Client_A,180,62806.0,2025-08-13,ACTIVE
A000362,B02256,Client_B,45,23365.0,2025-12-01,ACTIVE
A000363,B02809,Client_B,15,14623.0,2024-10-22,WRITTEN_OFF
A000364,B02671,Client_D,75,90007.0,2025-08-22,ACTIVE
A000365,B01740,Client_B,60,23315.0,2024-07-22,WRITTEN_OFF
A000366,B00502,Client_B,45,15147.0,2024-10-24,ACTIVE
A000367,B01868,Client_C,45,44376.0,2026-05-18,ACTIVE
A000368,B02675,Client_B,120,13914.0,2024-10-15,ACTIVE
A000369,B01105,Client_B,60,21175.0,2026-04-15,CLOSED
A000370,B02507,Client_C,15,27663.0,2024-07-30,ACTIVE
A000371,B00068,Client_C,75,13581.0,2025-07-09,ACTIVE
A000372,B01876,Client_B,90,17203.0,2025-09-04,ACTIVE
A000373,B00854,Client_A,60,20210.0,2025-03-12,ACTIVE
A000374,B02164,Client_B,60,18674.0,2025-09-14,WRITTEN_OFF
A000375,B00852,Client_D,45,20772.0,2024-06-25,ACTIVE
A000376,B01969,Client_A,75,26225.0,2025-04-14,ACTIVE
A000377,B00151,Client_D,45,24287.0,2024-03-22,ACTIVE
A000378,B02394,Client_C,120,30572.0,2026-03-09,ACTIVE
A000379,B02436,Client_A,30,23734.0,2024-03-06,ACTIVE
A000380,B01079,Client_C,45,25517.0,2025-06-29,ACTIVE
A000381,B00752,Client_A,120,46329.0,2025-07-21,CLOSED
A000382,B01664,Client_B,60,10686.0,2026-04-29,ACTIVE
A000383,B02647,Client_A,150,39128.0,2026-01-10,WRITTEN_OFF
A000384,B01594,Client_A,150,5463.0,2025-08-15,ACTIVE
A000385,B02136,Client_C,60,47634.0,2026-02-14,ACTIVE
A000386,B00790,Client_B,45,14060.0,2025-12-05,ACTIVE
A000387,B02757,Client_A,75,44008.0,2024-05-21,ACTIVE
A000388,B02278,Client_A,75,73374.0,2024-06-06,ACTIVE
A000389,B02671,Client_B,60,28559.0,2025-03-20,ACTIVE
A000390,B01817,Client_D,30,9912.0,2025-01-11,ACTIVE
A000391,B00174,Client_C,45,29476.0,2025-05-26,ACTIVE
A000392,B02769,Client_C,120,3786.0,2025-10-18,CLOSED
A000393,B00579,Client_D,75,11658.0,2024-09-29,ACTIVE
A000394,B01578,Client_C,150,17431.0,2024-05-13,ACTIVE
A000395,B02442,Client_B,60,28223.0,2024-01-04,ACTIVE
A000396,B02549,Client_C,60,63386.0,2025-06-24,CLOSED
A000397,B01276,Client_B,60,54256.0,2025-05-08,ACTIVE
A000398,B00745,Client_D,75,20849.0,2025-12-20,ACTIVE
A000399,B01368,Client_A,60,18858.0,2025-10-29,ACTIVE
A000400,B02448,Client_C,60,11541.0,2025-06-14,ACTIVE
A000401,B01782,Client_A,15,21266.0,2025-05-24,ACTIVE
A000402,B00647,Client_A,60,26131.0,2024-03-18,ACTIVE
A000403,B01304,Client_B,75,9369.0,2024-11-14,ACTIVE
A000404,B00943,Client_B,75,12396.0,2025-11-12,ACTIVE
A000405,B02966,Client_B,75,20708.0,2025-04-05,ACTIVE
A000406,B00442,Client_B,75,20838.0,2024-08-25,ACTIVE
A000407,B02221,Client_A,60,24530.0,2026-01-13,ACTIVE
A000408,B02434,Client_B,60,23832.0,2024-01-22,ACTIVE
A000409,B00335,Client_A,90,38121.0,2025-05-07,WRITTEN_OFF
A000410,B00082,Client_A,90,13306.0,2024-11-06,ACTIVE
A000411,B01837,Client_B,45,18889.0,2025-01-02,WRITTEN_OFF
A000412,B02972,Client_A,60,14260.0,2025-08-11,ACTIVE
A000413,B02929,Client_C,75,45615.0,2024-05-05,ACTIVE
A000414,B01928,Client_C,180,5286.0,2024-07-24,ACTIVE
A000415,B00311,Client_A,150,78124.0,2024-11-28,ACTIVE
A000416,B01522,Client_B,150,23783.0,2024-08-18,CLOSED
A000417,B01273,Client_D,30,25363.0,2026-01-01,ACTIVE
A000418,B00823,Client_A,60,30655.0,2025-07-19,ACTIVE
A000419,B02069,Client_D,45,17796.0,2024-03-20,ACTIVE
A000420,B02860,Client_A,60,41215.0,2024-05-14,CLOSED
A000421,B01163,Client_A,30,7529.0,2025-07-06,CLOSED
A000422,B01713,Client_C,90,15725.0,2026-04-24,ACTIVE
A000423,B00491,Client_B,75,10440.0,2024-10-30,ACTIVE
A000424,B02433,Client_A,45,57784.0,2025-04-28,ACTIVE
A000425,B00156,Client_D,15,12338.0,2024-03-25,ACTIVE
A000426,B02655,Client_B,60,41681.0,2024-09-17,ACTIVE
A000427,B02315,Client_A,30,34890.0,2025-03-18,ACTIVE
A000428,B01389,Client_C,60,15462.0,2024-02-05,ACTIVE
A000429,B01999,Client_A,90,11734.0,2026-03-03,ACTIVE
A000430,B02629,Client_D,60,94294.0,2025-10-08,ACTIVE
A000431,B00631,Client_B,15,59597.0,2025-01-07,CLOSED
A000432,B02655,Client_C,60,25753.0,2025-07-31,ACTIVE
A000433,B00961,Client_A,45,40157.0,2025-07-05,ACTIVE
A000434,B02288,Client_A,150,47067.0,2024-05-23,ACTIVE
A000435,B02767,Client_D,45,8181.0,2024-01-30,ACTIVE
A000436,B01067,Client_A,15,27500.0,2025-11-25,ACTIVE
A000437,B02844,Client_D,150,29801.0,2025-12-16,ACTIVE
A000438,B02395,Client_A,90,22503.0,2024-03-26,ACTIVE
A000439,B01464,Client_D,45,17123.0,2024-04-03,ACTIVE
A000440,B00794,Client_D,150,41839.0,2025-01-09,ACTIVE
A000441,B01550,Client_C,30,37291.0,2025-11-11,ACTIVE
A000442,B01355,Client_A,30,48618.0,2024-09-18,ACTIVE
A000443,B02950,Client_A,120,17488.0,2024-07-21,ACTIVE
A000444,B01859,Client_C,15,13149.0,2025-03-10,ACTIVE
A000445,B01470,Client_D,90,19147.0,2025-10-27,ACTIVE
A000446,B02951,Client_A,90,18706.0,2025-12-12,ACTIVE
A000447,B01111,Client_D,75,9705.0,2025-06-20,ACTIVE
A000448,B01405,Client_C,60,30762.0,2025-03-12,ACTIVE
A000449,B01608,Client_C,30,8827.0,2024-04-20,ACTIVE
A000450,B01612,Client_B,75,39742.0,2024-11-30,ACTIVE
A000451,B01657,Client_B,180,48939.0,2025-01-19,ACTIVE
A000452,B00125,Client_B,60,17799.0,2025-07-23,ACTIVE
A000453,B01190,Client_C,30,36098.0,2025-10-03,ACTIVE
A000454,B01961,Client_D,75,61459.0,2025-10-08,ACTIVE
A000455,B00868,Client_C,120,26093.0,2024-03-24,ACTIVE
A000456,B01126,Client_D,30,13783.0,2026-04-13,ACTIVE
A000457,B02031,Client_C,45,8929.0,2026-03-21,ACTIVE
A000458,B02283,Client_C,45,16972.0,2025-10-04,WRITTEN_OFF
A000459,B02667,Client_A,45,31550.0,2025-08-06,ACTIVE
A000460,B01763,Client_B,60,26294.0,2024-05-17,ACTIVE
A000461,B01975,Client_D,120,27404.0,2024-10-31,ACTIVE
A000462,B00995,Client_A,60,45666.0,2024-08-26,ACTIVE
A000463,B01327,Client_C,150,18861.0,2024-01-16,ACTIVE
A000464,B01092,Client_A,90,21584.0,2025-03-06,ACTIVE
A000465,B02666,Client_A,150,16777.0,2025-07-25,ACTIVE
A000466,B01263,Client_A,90,19459.0,2025-11-02,ACTIVE
A000467,B02964,Client_C,75,10626.0,2024-01-04,ACTIVE
A000468,B01237,Client_B,150,20427.0,2025-03-18,WRITTEN_OFF
A000469,B01167,Client_C,120,11733.0,2024-11-05,ACTIVE
A000470,B00105,Client_D,30,81036.0,2025-01-29,ACTIVE
A000471,B02647,Client_B,75,63612.0,2025-02-26,CLOSED
A000472,B01596,Client_D,90,18900.0,2025-03-13,ACTIVE
A000473,B00565,Client_C,75,103149.0,2024-06-19,ACTIVE
A000474,B00123,Client_C,30,49820.0,2025-07-25,ACTIVE
A000475,B02308,Client_A,30,39779.0,2026-05-27,ACTIVE
A000476,B00159,Client_D,60,54658.0,2025-03-04,ACTIVE
A000477,B02999,Client_B,150,33018.0,2024-03-01,ACTIVE
A000478,B00075,Client_A,45,19319.0,2025-06-07,ACTIVE
A000479,B00899,Client_B,75,10304.0,2024-05-02,ACTIVE
A000480,B00945,Client_C,90,21849.0,2025-08-04,CLOSED
A000481,B00694,Client_C,30,34439.0,2025-07-31,ACTIVE
A000482,B00015,Client_B,75,17182.0,2024-05-21,ACTIVE
A000483,B00279,Client_B,75,11721.0,2024-12-29,ACTIVE
A000484,B01509,Client_C,15,20801.0,2024-04-26,ACTIVE
A000485,B02964,Client_A,60,127386.0,2024-08-12,ACTIVE
A000486,B01288,Client_B,45,37984.0,2024-03-28,ACTIVE
A000487,B01409,Client_A,45,16205.0,2025-02-20,ACTIVE
A000488,B00454,Client_A,45,25966.0,2025-07-25,ACTIVE
A000489,B01311,Client_D,60,38027.0,2024-07-21,ACTIVE
A000490,B02403,Client_C,30,4978.0,2025-10-31,ACTIVE
A000491,B00627,Client_C,15,10490.0,2025-04-18,ACTIVE
A000492,B01146,Client_C,60,21636.0,2024-06-09,ACTIVE
A000493,B01737,Client_D,75,8120.0,2024-03-29,WRITTEN_OFF
A000494,B02971,Client_D,75,14805.0,2025-10-09,ACTIVE
A000495,B01400,Client_A,90,16322.0,2024-09-12,ACTIVE
A000496,B01227,Client_A,90,35446.0,2026-01-09,ACTIVE
A000497,B00829,Client_B,30,15887.0,2024-05-05,ACTIVE
A000498,B01523,Client_D,120,20573.0,2026-01-04,ACTIVE
A000499,B02494,Client_A,60,21643.0,2024-10-17,ACTIVE
A000500,B02242,Client_A,150,17316.0,2026-03-04,ACTIVE
A000501,B01859,Client_C,120,21967.0,2024-03-08,ACTIVE
A000502,B02014,Client_D,90,37304.0,2024-09-26,CLOSED
A000503,B02911,Client_A,90,24075.0,2024-10-10,ACTIVE
A000504,B00998,Client_B,90,35959.0,2024-08-06,ACTIVE
A000505,B01181,Client_A,45,17439.0,2024-03-24,ACTIVE
A000506,B00171,Client_A,120,25894.0,2024-01-26,CLOSED
A000507,B02125,Client_B,45,8958.0,2024-03-24,ACTIVE
A000508,B00466,Client_A,60,5382.0,2026-01-19,ACTIVE
A000509,B01033,Client_B,90,18024.0,2025-04-02,ACTIVE
A000510,B00124,Client_B,75,9897.0,2026-01-25,ACTIVE
A000511,B00945,Client_A,15,59367.0,2026-04-07,ACTIVE
A000512,B01767,Client_A,60,30899.0,2026-05-19,ACTIVE
A000513,B01989,Client_A,30,6705.0,2024-01-17,ACTIVE
A000514,B01697,Client_C,60,43269.0,2024-12-15,ACTIVE
A000515,B00788,Client_B,75,93476.0,2024-12-10,ACTIVE
A000516,B01282,Client_D,15,37285.0,2025-02-04,ACTIVE
A000517,B02728,Client_C,60,29469.0,2024-04-21,ACTIVE
A000518,B02619,Client_B,60,60660.0,2025-03-31,ACTIVE
A000519,B00706,Client_B,90,16203.0,2024-06-23,ACTIVE
A000520,B01884,Client_B,30,56245.0,2025-04-26,ACTIVE
A000521,B00488,Client_B,45,9462.0,2024-04-24,ACTIVE
A000522,B01174,Client_D,30,22266.0,2024-05-30,CLOSED
A000523,B02026,Client_C,75,7317.0,2024-02-02,ACTIVE
A000524,B00640,Client_B,45,41096.0,2025-11-30,ACTIVE
A000525,B01144,Client_D,60,33559.0,2024-09-09,ACTIVE
A000526,B01240,Client_C,60,28585.0,2024-02-15,ACTIVE
A000527,B00053,Client_C,180,20195.0,2024-03-10,ACTIVE
A000528,B02781,Client_B,45,23078.0,2024-08-21,ACTIVE
A000529,B01516,Client_B,75,10391.0,2024-02-29,ACTIVE
A000530,B00562,Client_B,75,3907.0,2026-01-26,ACTIVE
A000531,B02079,Client_A,150,9412.0,2026-04-24,ACTIVE
A000532,B02152,Client_B,75,24297.0,2024-12-19,CLOSED
A000533,B00019,Client_B,75,45017.0,2025-05-27,ACTIVE
A000534,B00429,Client_A,75,10274.0,2026-03-27,ACTIVE
A000535,B02588,Client_C,15,17502.0,2026-05-28,ACTIVE
A000536,B02181,Client_A,60,25386.0,2025-12-09,ACTIVE
A000537,B01282,Client_B,15,36552.0,2024-10-21,CLOSED
A000538,B00621,Client_D,60,18267.0,2024-02-20,ACTIVE
A000539,B01233,Client_B,150,35502.0,2024-12-18,ACTIVE
A000540,B00107,Client_C,90,17994.0,2024-10-01,ACTIVE
A000541,B01860,Client_A,60,21899.0,2026-02-11,ACTIVE
A000542,B02907,Client_B,30,22681.0,2025-03-09,ACTIVE
A000543,B01495,Client_C,150,33490.0,2025-02-22,ACTIVE
A000544,B02536,Client_A,75,48247.0,2025-09-01,CLOSED
A000545,B01432,Client_C,45,139461.0,2024-05-04,ACTIVE
A000546,B00142,Client_C,180,18718.0,2024-09-11,ACTIVE
A000547,B01626,Client_A,45,29165.0,2024-11-16,ACTIVE
A000548,B01061,Client_A,45,25971.0,2025-10-11,ACTIVE
A000549,B01614,Client_C,45,36104.0,2024-07-16,ACTIVE
A000550,B00407,Client_C,90,14901.0,2025-09-04,ACTIVE
A000551,B01128,Client_B,30,25167.0,2025-11-11,ACTIVE
A000552,B02294,Client_A,90,19038.0,2024-04-13,ACTIVE
A000553,B01964,Client_B,45,31315.0,2024-08-04,CLOSED
A000554,B02128,Client_D,30,28829.0,2026-05-10,ACTIVE
A000555,B01221,Client_B,30,27980.0,2025-05-30,CLOSED
A000556,B02542,Client_D,180,100250.0,2024-03-10,ACTIVE
A000557,B00765,Client_B,30,18995.0,2025-08-17,CLOSED
A000558,B02497,Client_C,75,31889.0,2024-02-10,ACTIVE
A000559,B02943,Client_A,30,24070.0,2024-01-15,ACTIVE
A000560,B01216,Client_C,60,12097.0,2025-11-06,ACTIVE
A000561,B01573,Client_A,45,12827.0,2025-04-30,ACTIVE
A000562,B02605,Client_B,120,57317.0,2024-02-08,ACTIVE
A000563,B01091,Client_D,90,30247.0,2025-12-03,ACTIVE
A000564,B00836,Client_A,30,63538.0,2024-04-05,ACTIVE
A000565,B00944,Client_B,15,13767.0,2024-04-25,ACTIVE
A000566,B01331,Client_B,60,22675.0,2025-03-10,ACTIVE
A000567,B02715,Client_A,60,35273.0,2024-09-23,ACTIVE
A000568,B01706,Client_D,75,39882.0,2025-06-30,WRITTEN_OFF
A000569,B01386,Client_C,75,46384.0,2025-05-31,ACTIVE
A000570,B00732,Client_A,15,7151.0,2026-03-24,WRITTEN_OFF
A000571,B01983,Client_B,60,20945.0,2025-03-16,WRITTEN_OFF
A000572,B00864,Client_D,30,17568.0,2025-02-06,ACTIVE
A000573,B00843,Client_A,45,7072.0,2024-05-16,ACTIVE
A000574,B00272,Client_A,75,27170.0,2024-06-27,ACTIVE
A000575,B02810,Client_B,180,18578.0,2026-01-20,ACTIVE
A000576,B02863,Client_A,45,28631.0,2026-05-28,ACTIVE
A000577,B01642,Client_A,60,9165.0,2026-03-21,ACTIVE
A000578,B02247,Client_D,15,18785.0,2024-06-26,ACTIVE
A000579,B02053,Client_C,60,53344.0,2025-09-11,ACTIVE
A000580,B01083,Client_D,45,61698.0,2024-05-12,ACTIVE
A000581,B01918,Client_B,45,17549.0,2026-03-29,ACTIVE
A000582,B00452,Client_A,90,6764.0,2024-01-14,ACTIVE
A000583,B00519,Client_B,30,24560.0,2024-11-20,ACTIVE
A000584,B00781,Client_A,30,9183.0,2025-09-23,ACTIVE
A000585,B01554,Client_A,60,40179.0,2024-11-19,ACTIVE
A000586,B00269,Client_D,15,16867.0,2024-05-13,ACTIVE
A000587,B01704,Client_B,90,14248.0,2026-05-27,ACTIVE
A000588,B01215,Client_B,60,22827.0,2026-05-17,ACTIVE
A000589,B00366,Client_B,180,125901.0,2024-07-09,CLOSED
A000590,B00815,Client_B,120,14857.0,2024-07-06,ACTIVE
A000591,B01757,Client_B,60,57466.0,2025-02-15,ACTIVE
A000592,B02049,Client_C,75,17806.0,2025-01-20,ACTIVE
A000593,B00775,Client_A,120,7187.0,2025-05-18,ACTIVE
A000594,B00194,Client_B,75,9777.0,2026-03-13,ACTIVE
A000595,B01091,Client_C,75,25065.0,2024-11-22,CLOSED
A000596,B01626,Client_A,120,26386.0,2025-01-06,CLOSED
A000597,B01144,Client_A,15,28855.0,2024-05-21,CLOSED
A000598,B00543,Client_D,90,11106.0,2024-02-14,ACTIVE
A000599,B00938,Client_C,30,10848.0,2024-07-26,ACTIVE
A000600,B02551,Client_C,60,30519.0,2024-05-06,CLOSED
A000601,B02788,Client_A,30,10331.0,2025-05-24,ACTIVE
A000602,B02191,Client_A,75,17192.0,2025-07-09,CLOSED
A000603,B02596,Client_B,30,12476.0,2025-08-21,ACTIVE
A000604,B01696,Client_A,75,36667.0,2025-08-12,ACTIVE
A000605,B00054,Client_B,30,16057.0,2024-08-11,ACTIVE
A000606,B02270,Client_C,45,13752.0,2026-04-08,CLOSED
A000607,B01849,Client_B,45,18606.0,2026-01-05,ACTIVE
A000608,B00743,Client_B,45,31681.0,2025-11-06,WRITTEN_OFF
A000609,B02451,Client_A,75,11333.0,2024-11-05,ACTIVE
A000610,B00123,Client_A,75,8896.0,2025-07-01,ACTIVE
A000611,B01238,Client_A,120,11149.0,2024-01-11,ACTIVE
A000612,B00393,Client_B,60,18602.0,2024-09-27,ACTIVE
A000613,B00045,Client_A,30,29874.0,2024-06-08,ACTIVE
A000614,B01859,Client_D,180,10466.0,2025-05-10,ACTIVE
A000615,B01586,Client_A,45,17300.0,2025-11-05,ACTIVE
A000616,B02774,Client_A,45,12188.0,2024-03-22,ACTIVE
A000617,B02519,Client_C,30,27635.0,2024-05-10,ACTIVE
A000618,B01116,Client_B,75,17651.0,2024-03-07,ACTIVE
A000619,B00471,Client_B,120,42696.0,2024-12-09,ACTIVE
A000620,B02476,Client_A,45,38225.0,2024-07-29,CLOSED
A000621,B02421,Client_D,60,18711.0,2025-11-23,ACTIVE
A000622,B02740,Client_A,180,54254.0,2024-09-10,ACTIVE
A000623,B00165,Client_A,45,21633.0,2024-02-14,ACTIVE
A000624,B01103,Client_C,150,27327.0,2025-06-11,ACTIVE
A000625,B02258,Client_D,75,22656.0,2025-05-11,ACTIVE
A000626,B02049,Client_A,75,17642.0,2025-07-23,ACTIVE
A000627,B01916,Client_B,45,30037.0,2024-01-22,ACTIVE
A000628,B00173,Client_D,150,17740.0,2024-06-19,ACTIVE
A000629,B02642,Client_A,90,17375.0,2026-05-10,ACTIVE
A000630,B00549,Client_B,75,19544.0,2025-09-30,ACTIVE
A000631,B02801,Client_A,90,24473.0,2025-05-18,ACTIVE
A000632,B02813,Client_C,30,4768.0,2025-12-10,ACTIVE
A000633,B02261,Client_B,30,9387.0,2024-09-12,ACTIVE
A000634,B01471,Client_B,75,14848.0,2025-06-16,ACTIVE
A000635,B02125,Client_B,120,33603.0,2026-04-30,ACTIVE
A000636,B02682,Client_A,60,8430.0,2025-05-23,ACTIVE
A000637,B01225,Client_B,90,11829.0,2025-06-20,ACTIVE
A000638,B01809,Client_D,180,48854.0,2025-02-21,ACTIVE
A000639,B00780,Client_C,75,54575.0,2025-09-22,ACTIVE
A000640,B00732,Client_A,75,15275.0,2026-04-05,CLOSED
A000641,B00454,Client_A,180,16611.0,2024-12-16,CLOSED
A000642,B01198,Client_D,30,34329.0,2026-04-21,ACTIVE
A000643,B01119,Client_C,150,32169.0,2024-08-28,ACTIVE
A000644,B00734,Client_D,75,32146.0,2024-01-11,ACTIVE
A000645,B02317,Client_C,45,33256.0,2024-04-13,CLOSED
A000646,B02754,Client_D,90,11845.0,2025-04-18,ACTIVE
A000647,B00230,Client_A,75,15463.0,2025-06-14,ACTIVE
A000648,B00311,Client_B,120,11222.0,2024-09-10,ACTIVE
A000649,B00144,Client_A,45,39518.0,2025-03-18,ACTIVE
A000650,B01078,Client_C,75,18682.0,2024-11-26,ACTIVE
A000651,B02234,Client_C,90,9097.0,2024-09-16,CLOSED
A000652,B01924,Client_A,45,28584.0,2025-07-31,ACTIVE
A000653,B00618,Client_A,45,36383.0,2024-02-25,CLOSED
A000654,B01424,Client_A,90,29689.0,2024-07-06,CLOSED
A000655,B00526,Client_A,30,14178.0,2024-04-20,ACTIVE
A000656,B02387,Client_B,90,35111.0,2024-04-10,ACTIVE
A000657,B01265,Client_A,45,39601.0,2025-12-30,CLOSED
A000658,B01573,Client_D,75,17879.0,2024-09-09,CLOSED
A000659,B00025,Client_C,30,22841.0,2025-04-12,CLOSED
A000660,B00712,Client_A,45,13621.0,2026-03-08,ACTIVE
A000661,B01417,Client_B,90,44173.0,2024-05-31,ACTIVE
A000662,B00294,Client_B,60,58814.0,2025-11-18,ACTIVE
A000663,B00454,Client_A,120,11621.0,2026-01-30,ACTIVE
A000664,B01403,Client_B,60,23558.0,2024-07-05,ACTIVE
A000665,B01232,Client_B,60,33531.0,2026-05-07,ACTIVE
A000666,B01317,Client_A,30,14926.0,2024-09-16,ACTIVE
A000667,B00245,Client_B,120,14542.0,2024-07-30,ACTIVE
A000668,B00860,Client_B,90,20713.0,2024-01-22,CLOSED
A000669,B02481,Client_D,75,27749.0,2024-03-12,ACTIVE
A000670,B02216,Client_D,150,74744.0,2024-03-21,ACTIVE
A000671,B01620,Client_D,90,38572.0,2024-08-20,ACTIVE
A000672,B02367,Client_B,75,31045.0,2025-09-09,ACTIVE
A000673,B02147,Client_B,150,14916.0,2025-08-16,ACTIVE
A000674,B01433,Client_B,60,73829.0,2024-05-06,ACTIVE
A000675,B01044,Client_A,150,13670.0,2025-09-01,ACTIVE
A000676,B02308,Client_A,30,11546.0,2026-05-07,ACTIVE
A000677,B00626,Client_D,15,24016.0,2026-03-02,ACTIVE
A000678,B01366,Client_A,75,63339.0,2025-08-15,ACTIVE
A000679,B00778,Client_A,30,12517.0,2024-09-18,ACTIVE
A000680,B01040,Client_A,180,22086.0,2026-05-23,ACTIVE
A000681,B00094,Client_C,150,25838.0,2024-08-07,ACTIVE
A000682,B02076,Client_B,60,18095.0,2025-03-22,ACTIVE
A000683,B01327,Client_D,15,12039.0,2025-04-06,ACTIVE
A000684,B00147,Client_D,180,24324.0,2024-12-24,ACTIVE
A000685,B01854,Client_B,60,37172.0,2026-01-13,ACTIVE
A000686,B02911,Client_B,60,5946.0,2024-03-04,ACTIVE
A000687,B00392,Client_A,45,38645.0,2026-04-22,CLOSED
A000688,B02611,Client_C,45,23407.0,2024-02-22,ACTIVE
A000689,B00039,Client_C,45,15664.0,2025-09-06,WRITTEN_OFF
A000690,B02804,Client_A,45,20929.0,2025-12-07,ACTIVE
A000691,B02647,Client_C,90,22628.0,2026-02-26,ACTIVE
A000692,B02140,Client_A,60,43492.0,2025-11-30,CLOSED
A000693,B00935,Client_A,90,21758.0,2024-11-04,ACTIVE
A000694,B02112,Client_A,90,15547.0,2024-09-29,ACTIVE
A000695,B00071,Client_B,120,24116.0,2024-07-28,ACTIVE
A000696,B02340,Client_A,30,10890.0,2024-08-12,ACTIVE
A000697,B02498,Client_A,150,13399.0,2025-06-07,ACTIVE
A000698,B00764,Client_B,120,40836.0,2025-02-13,ACTIVE
A000699,B01801,Client_B,45,27054.0,2025-01-25,ACTIVE
A000700,B02921,Client_C,30,89654.0,2025-01-13,ACTIVE
A000701,B01729,Client_A,150,18581.0,2025-09-09,ACTIVE
A000702,B02518,Client_A,75,16388.0,2026-03-31,ACTIVE
A000703,B02144,Client_B,60,32518.0,2025-06-09,CLOSED
A000704,B01965,Client_A,150,29040.0,2024-03-13,ACTIVE
A000705,B01558,Client_B,60,19175.0,2025-11-12,ACTIVE
A000706,B01325,Client_B,120,28582.0,2026-04-22,WRITTEN_OFF
A000707,B02264,Client_C,150,57259.0,2024-01-07,CLOSED
A000708,B00281,Client_C,90,23654.0,2026-02-13,ACTIVE
A000709,B01442,Client_A,30,12681.0,2025-08-14,ACTIVE
A000710,B02200,Client_A,150,18336.0,2024-02-13,ACTIVE
A000711,B00079,Client_D,45,67403.0,2025-06-25,ACTIVE
A000712,B02051,Client_C,45,41545.0,2024-07-26,ACTIVE
A000713,B02837,Client_D,75,35435.0,2025-10-31,ACTIVE
A000714,B00629,Client_B,60,20182.0,2025-09-11,CLOSED
A000715,B02092,Client_A,90,12224.0,2024-06-24,ACTIVE
A000716,B01387,Client_A,180,6419.0,2025-02-10,ACTIVE
A000717,B00569,Client_D,180,6412.0,2024-08-18,CLOSED
A000718,B00571,Client_D,60,48011.0,2024-07-30,ACTIVE
A000719,B01224,Client_C,75,13521.0,2024-09-21,ACTIVE
A000720,B00245,Client_C,120,22376.0,2024-07-09,ACTIVE
A000721,B00348,Client_A,75,75692.0,2024-01-02,ACTIVE
A000722,B02115,Client_B,120,22847.0,2024-12-22,ACTIVE
A000723,B02681,Client_A,60,24718.0,2024-11-16,ACTIVE
A000724,B02578,Client_B,90,36488.0,2024-01-29,ACTIVE
A000725,B00959,Client_A,15,17331.0,2026-04-07,ACTIVE
A000726,B00430,Client_C,180,36402.0,2025-09-30,ACTIVE
A000727,B01130,Client_A,45,10309.0,2024-02-11,ACTIVE
A000728,B01879,Client_C,60,59076.0,2025-01-11,ACTIVE
A000729,B02986,Client_B,90,10896.0,2024-03-30,ACTIVE
A000730,B01096,Client_D,45,18803.0,2024-02-10,ACTIVE
A000731,B02956,Client_A,15,36022.0,2025-08-30,ACTIVE
A000732,B01781,Client_B,30,9573.0,2024-04-02,ACTIVE
A000733,B02274,Client_A,120,41250.0,2026-03-18,ACTIVE
A000734,B01545,Client_A,75,60275.0,2026-04-20,ACTIVE
A000735,B00098,Client_A,180,23490.0,2025-11-17,ACTIVE
A000736,B01204,Client_B,150,26149.0,2024-06-03,ACTIVE
A000737,B02569,Client_C,75,16848.0,2024-02-27,ACTIVE
A000738,B02492,Client_A,60,32669.0,2024-08-12,ACTIVE
A000739,B00851,Client_B,75,40246.0,2024-03-24,ACTIVE
A000740,B01930,Client_A,150,37059.0,2025-05-10,ACTIVE
A000741,B00494,Client_A,60,23091.0,2025-12-07,ACTIVE
A000742,B02252,Client_C,60,48866.0,2024-05-21,ACTIVE
A000743,B01356,Client_C,90,32702.0,2025-09-15,ACTIVE
A000744,B01850,Client_C,75,28948.0,2024-11-17,ACTIVE
A000745,B02020,Client_B,75,52591.0,2025-03-24,ACTIVE
A000746,B01880,Client_A,75,28070.0,2026-05-02,ACTIVE
A000747,B01860,Client_B,75,15469.0,2025-04-09,CLOSED
A000748,B00429,Client_C,15,69045.0,2025-10-04,CLOSED
A000749,B01004,Client_C,75,14887.0,2024-01-07,ACTIVE
A000750,B01492,Client_B,120,32416.0,2024-12-15,ACTIVE
A000751,B00129,Client_C,120,28404.0,2025-10-11,ACTIVE
A000752,B02666,Client_C,75,33756.0,2025-09-25,ACTIVE
A000753,B00377,Client_B,45,29099.0,2024-01-17,WRITTEN_OFF
A000754,B01789,Client_B,150,11163.0,2025-12-09,ACTIVE
A000755,B01491,Client_B,45,12079.0,2024-02-23,ACTIVE
A000756,B02127,Client_B,45,35545.0,2024-10-29,ACTIVE
A000757,B02373,Client_B,45,19111.0,2025-03-27,ACTIVE
A000758,B02325,Client_C,180,15901.0,2025-12-13,CLOSED
A000759,B02136,Client_C,120,27533.0,2025-02-15,ACTIVE
A000760,B02889,Client_A,90,33650.0,2024-02-09,ACTIVE
A000761,B02848,Client_A,30,18210.0,2024-09-05,CLOSED
A000762,B01845,Client_C,45,38871.0,2025-03-12,ACTIVE
A000763,B01666,Client_C,60,80990.0,2025-12-05,ACTIVE
A000764,B00101,Client_C,120,17439.0,2024-05-28,ACTIVE
A000765,B02636,Client_D,15,25664.0,2025-07-10,ACTIVE
A000766,B02463,Client_A,75,71894.0,2025-07-04,ACTIVE
A000767,B02375,Client_A,45,41237.0,2025-05-10,ACTIVE
A000768,B02676,Client_A,60,10928.0,2024-10-03,CLOSED
A000769,B00130,Client_B,150,22976.0,2025-12-26,CLOSED
A000770,B02280,Client_C,30,10939.0,2024-04-07,ACTIVE
A000771,B02118,Client_D,90,54350.0,2026-02-10,ACTIVE
A000772,B01365,Client_A,45,23198.0,2025-08-07,ACTIVE
A000773,B02512,Client_B,30,33252.0,2024-05-29,ACTIVE
A000774,B01345,Client_B,75,28310.0,2024-10-29,ACTIVE
A000775,B01418,Client_A,120,41389.0,2025-10-29,ACTIVE
A000776,B01169,Client_B,60,14110.0,2026-05-20,WRITTEN_OFF
A000777,B00209,Client_A,30,20553.0,2024-04-08,ACTIVE
A000778,B02046,Client_A,120,22618.0,2024-09-20,ACTIVE
A000779,B02743,Client_A,45,64477.0,2024-02-05,ACTIVE
A000780,B01949,Client_B,90,18600.0,2024-05-21,ACTIVE
A000781,B02677,Client_B,120,13595.0,2024-11-04,WRITTEN_OFF
A000782,B02535,Client_A,120,6285.0,2024-02-13,ACTIVE
A000783,B01880,Client_C,45,27891.0,2025-10-17,ACTIVE
A000784,B01788,Client_B,45,21209.0,2025-08-30,ACTIVE
A000785,B01552,Client_A,75,10207.0,2024-08-24,ACTIVE
A000786,B02961,Client_B,180,6902.0,2025-01-17,ACTIVE
A000787,B00463,Client_A,45,15390.0,2025-12-19,ACTIVE
A000788,B01677,Client_A,30,15200.0,2024-08-09,ACTIVE
A000789,B01216,Client_A,15,30524.0,2025-10-21,WRITTEN_OFF
A000790,B00730,Client_A,150,12316.0,2024-12-18,ACTIVE
A000791,B02988,Client_B,120,11618.0,2025-10-14,ACTIVE
A000792,B00545,Client_D,150,34235.0,2024-07-21,CLOSED
A000793,B01114,Client_B,75,22866.0,2025-10-26,ACTIVE
A000794,B02786,Client_A,75,28015.0,2024-05-09,ACTIVE
A000795,B00081,Client_C,150,10792.0,2026-02-16,ACTIVE
A000796,B02003,Client_C,30,15983.0,2025-12-24,ACTIVE
A000797,B02284,Client_B,15,36980.0,2024-04-28,ACTIVE
A000798,B00125,Client_C,60,57685.0,2025-07-21,ACTIVE
A000799,B02540,Client_A,60,43968.0,2025-03-16,ACTIVE
A000800,B02170,Client_D,60,72105.0,2024-09-19,ACTIVE
A000801,B01616,Client_D,30,14126.0,2026-05-29,ACTIVE
A000802,B00830,Client_A,90,8754.0,2025-06-28,CLOSED
A000803,B00639,Client_A,75,75240.0,2025-08-18,ACTIVE
A000804,B02774,Client_B,45,52043.0,2024-09-15,ACTIVE
A000805,B02966,Client_D,75,63752.0,2024-12-10,ACTIVE
A000806,B00145,Client_A,30,23491.0,2025-12-31,ACTIVE
A000807,B01060,Client_D,90,16471.0,2024-12-10,ACTIVE
A000808,B01365,Client_C,60,37407.0,2024-01-10,ACTIVE
A000809,B02852,Client_B,30,48801.0,2025-01-07,ACTIVE
A000810,B02891,Client_A,60,18559.0,2026-03-13,ACTIVE
A000811,B01674,Client_D,150,30261.0,2025-03-21,ACTIVE
A000812,B01963,Client_C,90,20879.0,2024-10-12,ACTIVE
A000813,B00615,Client_A,15,21450.0,2024-04-16,ACTIVE
A000814,B02679,Client_B,60,54716.0,2024-04-20,ACTIVE
A000815,B02344,Client_B,150,7294.0,2025-01-12,ACTIVE
A000816,B02829,Client_D,75,19663.0,2025-03-15,ACTIVE
A000817,B01547,Client_B,15,25205.0,2026-05-08,ACTIVE
A000818,B01655,Client_C,60,13669.0,2026-01-01,ACTIVE
A000819,B00223,Client_B,90,36179.0,2026-03-09,ACTIVE
A000820,B00491,Client_D,90,16260.0,2024-03-04,ACTIVE
A000821,B00006,Client_B,75,17625.0,2024-06-09,ACTIVE
A000822,B00426,Client_A,120,31757.0,2026-03-08,WRITTEN_OFF
A000823,B01533,Client_B,30,22550.0,2024-05-16,ACTIVE
A000824,B02332,Client_D,75,15498.0,2025-01-04,WRITTEN_OFF
A000825,B00356,Client_D,120,22853.0,2024-06-23,ACTIVE
A000826,B00136,Client_C,75,14143.0,2024-04-16,ACTIVE
A000827,B02917,Client_B,120,13694.0,2024-01-29,ACTIVE
A000828,B02308,Client_B,60,11508.0,2026-03-20,ACTIVE
A000829,B00157,Client_C,45,11083.0,2026-02-12,CLOSED
A000830,B01322,Client_C,90,19884.0,2025-12-02,ACTIVE
A000831,B02247,Client_C,60,48052.0,2025-03-20,ACTIVE
A000832,B01181,Client_B,45,11946.0,2024-10-04,ACTIVE
A000833,B00548,Client_C,45,26300.0,2024-06-11,ACTIVE
A000834,B02368,Client_C,120,15792.0,2026-05-20,CLOSED
A000835,B02937,Client_A,120,39688.0,2024-09-27,ACTIVE
A000836,B00954,Client_A,30,39855.0,2024-11-23,WRITTEN_OFF
A000837,B01002,Client_C,60,25756.0,2024-12-03,ACTIVE
A000838,B01532,Client_D,75,20771.0,2024-02-28,ACTIVE
A000839,B00264,Client_B,60,24693.0,2024-05-26,ACTIVE
A000840,B00107,Client_B,120,22631.0,2025-01-30,ACTIVE
A000841,B01614,Client_B,30,12696.0,2024-09-02,ACTIVE
A000842,B00468,Client_C,15,43887.0,2026-03-11,ACTIVE
A000843,B02768,Client_B,30,29304.0,2025-01-02,ACTIVE
A000844,B01433,Client_C,180,23526.0,2026-03-01,ACTIVE
A000845,B00546,Client_C,180,14944.0,2024-11-06,ACTIVE
A000846,B00029,Client_D,45,13677.0,2024-11-12,WRITTEN_OFF
A000847,B00553,Client_C,45,9449.0,2026-04-09,CLOSED
A000848,B00688,Client_A,120,48233.0,2025-01-28,ACTIVE
A000849,B01188,Client_C,60,19059.0,2025-10-09,ACTIVE
A000850,B01973,Client_D,75,27783.0,2025-03-15,ACTIVE
A000851,B02529,Client_D,75,28567.0,2026-03-30,ACTIVE
A000852,B02767,Client_B,45,30497.0,2024-11-12,ACTIVE
A000853,B00076,Client_B,30,33003.0,2025-08-16,ACTIVE
A000854,B00891,Client_D,150,13789.0,2025-03-05,ACTIVE
A000855,B01960,Client_C,60,57508.0,2025-10-27,ACTIVE
A000856,B02896,Client_A,90,18390.0,2025-07-14,ACTIVE
A000857,B01894,Client_B,15,79213.0,2025-03-29,ACTIVE
A000858,B02586,Client_A,45,15712.0,2025-10-04,ACTIVE
A000859,B02117,Client_B,180,30606.0,2026-03-17,ACTIVE
A000860,B02866,Client_A,60,18476.0,2026-05-22,ACTIVE
A000861,B02356,Client_A,90,17974.0,2024-07-23,ACTIVE
A000862,B01656,Client_A,15,21098.0,2026-01-09,ACTIVE
A000863,B00679,Client_C,60,23911.0,2025-12-08,ACTIVE
A000864,B01590,Client_C,90,18381.0,2024-07-20,ACTIVE
A000865,B01404,Client_B,45,14306.0,2026-05-16,ACTIVE
A000866,B00891,Client_C,180,28286.0,2024-03-19,ACTIVE
A000867,B01606,Client_B,60,31312.0,2025-10-20,ACTIVE
A000868,B00045,Client_A,90,40521.0,2026-04-10,CLOSED
A000869,B02231,Client_A,90,12974.0,2024-08-24,CLOSED
A000870,B00467,Client_A,75,13229.0,2025-11-28,CLOSED
A000871,B02227,Client_B,75,7681.0,2026-01-16,ACTIVE
A000872,B00779,Client_B,120,19227.0,2025-12-20,ACTIVE
A000873,B01521,Client_B,15,15832.0,2024-01-08,ACTIVE
A000874,B01949,Client_C,15,27949.0,2024-06-17,ACTIVE
A000875,B01904,Client_B,75,40882.0,2026-04-10,ACTIVE
A000876,B00628,Client_A,150,33748.0,2026-04-14,ACTIVE
A000877,B02042,Client_C,75,11613.0,2025-06-20,ACTIVE
A000878,B02999,Client_B,120,9759.0,2026-04-23,ACTIVE
A000879,B02570,Client_C,150,23082.0,2024-09-15,ACTIVE
A000880,B00832,Client_D,15,13946.0,2025-07-04,WRITTEN_OFF
A000881,B01689,Client_B,45,84782.0,2025-06-23,ACTIVE
A000882,B00281,Client_A,30,28974.0,2026-03-17,ACTIVE
A000883,B02651,Client_C,75,33639.0,2024-11-12,ACTIVE
A000884,B00701,Client_D,30,35479.0,2025-09-15,ACTIVE
A000885,B01100,Client_A,60,66425.0,2026-01-18,ACTIVE
A000886,B01398,Client_B,75,28321.0,2024-11-14,ACTIVE
A000887,B02971,Client_A,75,28746.0,2024-04-03,ACTIVE
A000888,B01862,Client_A,60,26392.0,2024-10-18,ACTIVE
A000889,B00359,Client_A,30,15292.0,2025-10-27,ACTIVE
A000890,B01672,Client_A,90,43916.0,2024-08-27,ACTIVE
A000891,B01032,Client_B,150,12521.0,2025-11-17,ACTIVE
A000892,B00735,Client_A,60,40069.0,2026-01-28,ACTIVE
A000893,B02217,Client_A,60,16564.0,2026-04-23,ACTIVE
A000894,B00744,Client_C,60,13393.0,2025-02-16,ACTIVE
A000895,B01654,Client_A,90,30070.0,2026-03-20,ACTIVE
A000896,B00163,Client_A,15,16195.0,2024-12-30,ACTIVE
A000897,B01523,Client_B,45,32349.0,2025-02-27,ACTIVE
A000898,B01726,Client_C,90,24464.0,2026-05-15,ACTIVE
A000899,B00746,Client_B,90,47174.0,2024-10-09,ACTIVE
A000900,B00053,Client_A,45,50884.0,2025-04-20,ACTIVE
A000901,B00050,Client_B,180,11268.0,2026-01-08,ACTIVE
A000902,B00620,Client_D,45,24030.0,2024-02-18,ACTIVE
A000903,B01295,Client_B,15,13887.0,2025-10-31,CLOSED
A000904,B00812,Client_A,15,22782.0,2024-12-11,CLOSED
A000905,B01937,Client_D,90,24913.0,2025-11-25,ACTIVE
A000906,B02465,Client_A,15,17440.0,2024-10-22,ACTIVE
A000907,B02404,Client_A,45,23337.0,2025-09-14,ACTIVE
A000908,B00076,Client_B,75,14586.0,2024-02-23,ACTIVE
A000909,B01360,Client_B,90,12384.0,2026-02-07,CLOSED
A000910,B01878,Client_C,45,8326.0,2024-05-31,ACTIVE
A000911,B00943,Client_B,45,50360.0,2026-04-07,ACTIVE
A000912,B02624,Client_A,120,44539.0,2025-08-26,ACTIVE
A000913,B00698,Client_D,90,70117.0,2025-10-08,ACTIVE
A000914,B01874,Client_A,60,25700.0,2026-01-05,ACTIVE
A000915,B01272,Client_A,60,37898.0,2024-11-14,ACTIVE
A000916,B00344,Client_A,60,58588.0,2024-01-02,ACTIVE
A000917,B02129,Client_A,75,7330.0,2025-11-11,ACTIVE
A000918,B01309,Client_D,15,23657.0,2024-08-13,ACTIVE
A000919,B01386,Client_B,75,21237.0,2024-01-04,ACTIVE
A000920,B00097,Client_C,45,21583.0,2025-06-27,ACTIVE
A000921,B01989,Client_D,60,20327.0,2024-11-02,ACTIVE
A000922,B00210,Client_C,90,17237.0,2026-03-05,CLOSED
A000923,B00857,Client_D,45,15133.0,2024-03-04,ACTIVE
A000924,B01604,Client_B,75,17755.0,2025-04-26,CLOSED
A000925,B02573,Client_D,90,14853.0,2024-10-04,ACTIVE
A000926,B01791,Client_A,45,14577.0,2024-05-11,ACTIVE
A000927,B00510,Client_C,15,22764.0,2024-04-22,ACTIVE
A000928,B01762,Client_A,150,15841.0,2024-08-13,ACTIVE
A000929,B00260,Client_B,90,12065.0,2026-02-16,ACTIVE
A000930,B00490,Client_A,45,26578.0,2026-04-03,ACTIVE
A000931,B00299,Client_A,120,19824.0,2026-04-02,CLOSED
A000932,B00540,Client_B,60,89426.0,2024-11-02,ACTIVE
A000933,B01973,Client_A,150,10441.0,2024-12-21,ACTIVE
A000934,B02580,Client_A,60,50612.0,2026-03-22,ACTIVE
A000935,B02503,Client_A,60,15082.0,2026-04-22,ACTIVE
A000936,B01713,Client_D,45,25326.0,2025-09-18,WRITTEN_OFF
A000937,B02393,Client_C,60,6358.0,2024-03-13,ACTIVE
A000938,B00908,Client_A,120,52740.0,2026-03-10,WRITTEN_OFF
A000939,B00994,Client_A,120,9744.0,2025-12-08,ACTIVE
A000940,B00165,Client_B,60,38826.0,2024-09-09,ACTIVE
A000941,B02439,Client_B,30,19892.0,2026-03-29,ACTIVE
A000942,B02933,Client_C,30,41963.0,2025-03-05,ACTIVE
A000943,B02813,Client_D,45,33457.0,2024-10-10,CLOSED
A000944,B00469,Client_B,90,32934.0,2025-08-10,ACTIVE
A000945,B01698,Client_A,150,11507.0,2025-03-15,ACTIVE
A000946,B01075,Client_B,180,14370.0,2024-03-09,WRITTEN_OFF
A000947,B02082,Client_C,30,20086.0,2026-05-05,ACTIVE
A000948,B01612,Client_A,45,20643.0,2024-08-26,ACTIVE
A000949,B00884,Client_B,60,24889.0,2025-09-27,ACTIVE
A000950,B00780,Client_C,45,28116.0,2025-05-31,WRITTEN_OFF
A000951,B00270,Client_B,75,22553.0,2026-02-05,CLOSED
A000952,B02938,Client_B,60,15599.0,2024-11-29,ACTIVE
A000953,B00640,Client_A,15,6053.0,2024-12-23,ACTIVE
A000954,B00947,Client_A,90,29791.0,2024-09-19,ACTIVE
A000955,B02696,Client_C,120,22082.0,2025-04-05,CLOSED
A000956,B02103,Client_B,120,20209.0,2026-03-06,ACTIVE
A000957,B00088,Client_B,45,10305.0,2024-07-24,ACTIVE
A000958,B00785,Client_B,90,29065.0,2024-01-04,ACTIVE
A000959,B00895,Client_A,75,18123.0,2026-05-03,ACTIVE
A000960,B01018,Client_A,30,15457.0,2025-09-06,ACTIVE
A000961,B02314,Client_A,120,22810.0,2025-11-03,CLOSED
A000962,B02349,Client_C,60,8906.0,2024-03-15,ACTIVE
A000963,B02928,Client_A,30,39733.0,2026-04-08,ACTIVE
A000964,B02552,Client_B,60,5158.0,2026-02-24,ACTIVE
A000965,B02254,Client_C,60,26412.0,2025-06-21,ACTIVE
A000966,B00269,Client_B,150,43871.0,2024-06-30,ACTIVE
A000967,B00018,Client_A,150,16120.0,2025-04-26,ACTIVE
A000968,B02246,Client_A,90,7736.0,2025-07-14,WRITTEN_OFF
A000969,B00555,Client_B,45,9494.0,2025-12-11,CLOSED
A000970,B01970,Client_D,150,28299.0,2024-12-05,ACTIVE
A000971,B01197,Client_B,15,19010.0,2025-03-01,ACTIVE
A000972,B02010,Client_C,60,11250.0,2024-12-12,ACTIVE
A000973,B02160,Client_B,150,7661.0,2025-03-21,ACTIVE
A000974,B02196,Client_B,45,68756.0,2025-04-13,ACTIVE
A000975,B00945,Client_A,30,13785.0,2024-01-31,ACTIVE
A000976,B00061,Client_A,75,8836.0,2024-11-05,CLOSED
A000977,B00589,Client_A,45,36302.0,2025-10-10,ACTIVE
A000978,B02346,Client_A,45,53287.0,2024-02-28,ACTIVE
A000979,B02513,Client_C,120,65525.0,2025-03-16,ACTIVE
A000980,B00292,Client_A,45,16529.0,2025-12-02,CLOSED
A000981,B01821,Client_C,30,25192.0,2024-07-16,ACTIVE
A000982,B00797,Client_B,75,95755.0,2026-05-18,ACTIVE
A000983,B01785,Client_C,30,48168.0,2026-05-22,ACTIVE
A000984,B01616,Client_A,60,18510.0,2024-12-31,ACTIVE
A000985,B02577,Client_D,45,49262.0,2026-01-07,ACTIVE
A000986,B02874,Client_B,45,18925.0,2026-04-10,ACTIVE
A000987,B00629,Client_B,120,50622.0,2024-01-25,ACTIVE
A000988,B01244,Client_B,120,21957.0,2025-09-16,CLOSED
A000989,B01043,Client_D,75,15820.0,2024-10-21,ACTIVE
A000990,B00359,Client_B,15,24647.0,2026-03-15,ACTIVE
A000991,B00963,Client_C,30,19050.0,2025-09-07,ACTIVE
A000992,B00360,Client_B,120,11341.0,2025-02-27,ACTIVE
A000993,B02414,Client_A,90,56654.0,2024-10-04,ACTIVE
A000994,B01898,Client_B,150,50421.0,2025-11-20,ACTIVE
A000995,B02580,Client_A,75,14222.0,2024-07-04,CLOSED
A000996,B02582,Client_A,30,40810.0,2025-02-08,ACTIVE
A000997,B00802,Client_B,60,19482.0,2025-02-13,ACTIVE
A000998,B01918,Client_C,15,64504.0,2026-03-10,CLOSED
A000999,B02593,Client_B,45,29385.0,2025-04-21,ACTIVE
A001000,B00284,Client_B,75,5319.0,2024-01-02,CLOSED
A001001,B01723,Client_A,45,13216.0,2025-02-03,ACTIVE
A001002,B02652,Client_A,45,7833.0,2024-12-15,ACTIVE
A001003,B00855,Client_A,75,24197.0,2025-06-29,ACTIVE
A001004,B02310,Client_B,60,25604.0,2024-05-16,ACTIVE
A001005,B00986,Client_A,30,25350.0,2024-09-27,ACTIVE
A001006,B01798,Client_D,150,12717.0,2025-05-03,WRITTEN_OFF
A001007,B00820,Client_D,120,6582.0,2024-02-12,ACTIVE
A001008,B00676,Client_A,120,17497.0,2025-07-22,ACTIVE
A001009,B01560,Client_A,60,24985.0,2024-01-24,ACTIVE
A001010,B01529,Client_A,90,78465.0,2026-01-23,ACTIVE
A001011,B02145,Client_A,30,15667.0,2024-10-05,CLOSED
A001012,B01302,Client_B,60,18128.0,2025-06-23,ACTIVE
A001013,B01866,Client_B,30,12065.0,2024-03-03,ACTIVE
A001014,B02102,Client_A,30,11599.0,2026-05-02,ACTIVE
A001015,B01159,Client_A,90,28255.0,2025-03-26,ACTIVE
A001016,B01743,Client_B,75,7362.0,2024-08-06,ACTIVE
A001017,B00183,Client_B,60,14535.0,2024-04-22,ACTIVE
A001018,B00841,Client_A,120,25550.0,2024-02-16,CLOSED
A001019,B01870,Client_C,90,7501.0,2024-01-01,WRITTEN_OFF
A001020,B02572,Client_C,45,26957.0,2025-04-28,ACTIVE
A001021,B02802,Client_A,90,13710.0,2026-04-07,ACTIVE
A001022,B00276,Client_C,60,15708.0,2024-09-25,ACTIVE
A001023,B00298,Client_D,60,37297.0,2025-06-29,ACTIVE
A001024,B02676,Client_A,45,20545.0,2025-12-17,ACTIVE
A001025,B02868,Client_A,150,13249.0,2026-03-28,ACTIVE
A001026,B01256,Client_B,90,10560.0,2024-06-25,CLOSED
A001027,B00718,Client_A,60,7627.0,2025-03-27,CLOSED
A001028,B02742,Client_A,45,10555.0,2025-05-29,ACTIVE
A001029,B00571,Client_B,30,35218.0,2026-02-18,ACTIVE
A001030,B01796,Client_C,120,30946.0,2025-03-09,ACTIVE
A001031,B01023,Client_B,30,3671.0,2025-11-04,CLOSED
A001032,B01894,Client_B,120,17285.0,2026-03-21,ACTIVE
A001033,B01056,Client_B,45,43751.0,2025-06-22,ACTIVE
A001034,B01350,Client_D,60,19105.0,2025-01-25,ACTIVE
A001035,B01095,Client_B,90,15514.0,2025-03-05,ACTIVE
A001036,B02317,Client_A,60,13195.0,2024-05-04,WRITTEN_OFF
A001037,B01715,Client_A,75,37536.0,2024-02-23,ACTIVE
A001038,B02185,Client_C,30,34111.0,2025-08-04,ACTIVE
A001039,B02916,Client_C,30,13822.0,2025-03-16,ACTIVE
A001040,B00283,Client_A,150,24508.0,2024-02-02,ACTIVE
A001041,B00167,Client_A,60,10359.0,2024-07-27,ACTIVE
A001042,B01316,Client_A,75,36904.0,2024-08-23,ACTIVE
A001043,B01437,Client_A,75,31975.0,2026-05-31,ACTIVE
A001044,B02437,Client_C,60,10435.0,2024-01-23,ACTIVE
A001045,B00671,Client_B,150,19176.0,2024-06-17,ACTIVE
A001046,B02582,Client_D,30,22942.0,2025-03-31,CLOSED
A001047,B01345,Client_A,150,17523.0,2025-01-22,WRITTEN_OFF
A001048,B00476,Client_A,75,22778.0,2026-03-26,ACTIVE
A001049,B00865,Client_B,15,15284.0,2024-04-13,ACTIVE
A001050,B02908,Client_C,30,32923.0,2024-01-26,ACTIVE
A001051,B00179,Client_B,45,35619.0,2025-03-07,ACTIVE
A001052,B01612,Client_B,120,45074.0,2024-01-06,CLOSED
A001053,B00761,Client_A,75,70874.0,2025-12-09,ACTIVE
A001054,B02516,Client_A,90,22269.0,2024-10-09,ACTIVE
A001055,B01183,Client_A,60,16395.0,2025-10-18,ACTIVE
A001056,B01868,Client_C,180,39912.0,2026-01-28,ACTIVE
A001057,B01746,Client_B,90,4424.0,2024-05-16,CLOSED
A001058,B01213,Client_B,75,11421.0,2026-01-19,ACTIVE
A001059,B00789,Client_C,75,19850.0,2025-08-08,ACTIVE
A001060,B02097,Client_D,120,26955.0,2024-01-20,ACTIVE
A001061,B01065,Client_B,45,19025.0,2025-02-24,ACTIVE
A001062,B00400,Client_B,60,26580.0,2024-09-02,ACTIVE
A001063,B01943,Client_A,45,7009.0,2024-12-25,ACTIVE
A001064,B02348,Client_C,15,12479.0,2025-05-21,CLOSED
A001065,B02034,Client_A,15,21011.0,2024-07-19,ACTIVE
A001066,B01276,Client_C,180,51998.0,2025-11-11,CLOSED
A001067,B01929,Client_D,90,24617.0,2026-04-10,ACTIVE
A001068,B00757,Client_B,30,20639.0,2025-02-09,CLOSED
A001069,B00467,Client_A,120,30656.0,2026-02-25,ACTIVE
A001070,B01345,Client_C,45,22611.0,2024-06-15,WRITTEN_OFF
A001071,B01548,Client_A,90,12017.0,2025-12-12,ACTIVE
A001072,B00555,Client_C,30,25074.0,2024-12-31,ACTIVE
A001073,B02026,Client_B,30,26164.0,2024-08-25,ACTIVE
A001074,B02697,Client_A,30,21831.0,2024-04-07,ACTIVE
A001075,B02386,Client_B,150,12326.0,2024-01-08,ACTIVE
A001076,B02111,Client_C,30,9571.0,2024-09-18,CLOSED
A001077,B00560,Client_C,150,5688.0,2025-11-30,ACTIVE
A001078,B02937,Client_C,150,47407.0,2025-05-28,ACTIVE
A001079,B00746,Client_A,60,10993.0,2025-01-16,ACTIVE
A001080,B02472,Client_A,60,29961.0,2024-01-23,ACTIVE
A001081,B00835,Client_C,75,6852.0,2025-09-06,ACTIVE
A001082,B01472,Client_A,90,26947.0,2025-11-25,ACTIVE
A001083,B00084,Client_A,15,23004.0,2025-11-30,ACTIVE
A001084,B01131,Client_B,45,26356.0,2026-02-21,ACTIVE
A001085,B02332,Client_B,150,20893.0,2025-09-29,ACTIVE
A001086,B00193,Client_D,150,15753.0,2024-06-12,ACTIVE
A001087,B01017,Client_A,75,4272.0,2026-02-05,ACTIVE
A001088,B01035,Client_B,45,26777.0,2026-03-26,ACTIVE
A001089,B00299,Client_A,75,16421.0,2024-08-26,CLOSED
A001090,B00876,Client_C,75,20409.0,2024-12-01,ACTIVE
A001091,B00412,Client_C,150,14055.0,2026-03-07,CLOSED
A001092,B02625,Client_D,90,17243.0,2024-07-24,ACTIVE
A001093,B02035,Client_C,45,14377.0,2026-01-19,CLOSED
A001094,B01784,Client_B,60,15556.0,2025-07-29,ACTIVE
A001095,B00373,Client_C,75,14613.0,2024-08-21,ACTIVE
A001096,B00640,Client_D,90,17699.0,2024-06-06,ACTIVE
A001097,B02923,Client_A,75,19645.0,2026-01-22,ACTIVE
A001098,B02172,Client_C,30,11763.0,2025-09-25,ACTIVE
A001099,B01397,Client_C,75,15510.0,2025-05-29,ACTIVE
A001100,B02966,Client_A,45,46056.0,2024-02-19,ACTIVE
A001101,B02838,Client_B,120,19440.0,2025-04-20,ACTIVE
A001102,B00231,Client_D,90,19363.0,2025-09-01,ACTIVE
A001103,B01226,Client_B,90,21942.0,2025-02-05,ACTIVE
A001104,B01319,Client_A,30,32227.0,2024-05-20,ACTIVE
A001105,B00832,Client_A,75,30811.0,2024-07-14,ACTIVE
A001106,B01032,Client_D,90,53690.0,2024-01-01,ACTIVE
A001107,B02541,Client_C,120,18938.0,2024-02-19,ACTIVE
A001108,B02597,Client_D,90,15550.0,2025-10-08,ACTIVE
A001109,B02475,Client_C,180,34511.0,2025-01-11,ACTIVE
A001110,B01765,Client_A,120,11245.0,2024-02-04,ACTIVE
A001111,B02484,Client_A,45,20855.0,2025-11-29,ACTIVE
A001112,B01327,Client_A,60,22731.0,2024-07-04,ACTIVE
A001113,B00344,Client_B,75,29608.0,2026-04-04,ACTIVE
A001114,B00710,Client_A,15,5525.0,2025-03-09,CLOSED
A001115,B01071,Client_B,30,11523.0,2026-05-12,ACTIVE
A001116,B00525,Client_C,30,11325.0,2024-08-13,ACTIVE
A001117,B01320,Client_B,120,10403.0,2025-10-15,ACTIVE
A001118,B00313,Client_A,90,32301.0,2024-11-14,CLOSED
A001119,B00565,Client_A,180,20024.0,2024-05-27,ACTIVE
A001120,B00957,Client_C,90,7498.0,2024-04-08,ACTIVE
A001121,B02078,Client_C,60,6213.0,2025-02-18,ACTIVE
A001122,B00288,Client_A,60,19848.0,2024-08-19,CLOSED
A001123,B01725,Client_D,15,20410.0,2024-03-24,ACTIVE
A001124,B01691,Client_B,45,36553.0,2025-12-28,ACTIVE
A001125,B02126,Client_B,30,34850.0,2025-11-26,ACTIVE
A001126,B02091,Client_D,150,11193.0,2025-10-31,ACTIVE
A001127,B01884,Client_A,90,15160.0,2024-11-01,ACTIVE
A001128,B00663,Client_A,90,20226.0,2024-12-16,ACTIVE
A001129,B02729,Client_C,90,73572.0,2025-05-24,ACTIVE
A001130,B02792,Client_C,60,69827.0,2026-05-28,ACTIVE
A001131,B02849,Client_D,30,15197.0,2024-08-02,ACTIVE
A001132,B01039,Client_A,15,12338.0,2024-01-02,ACTIVE
A001133,B00096,Client_A,60,15195.0,2026-02-01,ACTIVE
A001134,B01989,Client_D,120,30390.0,2024-12-01,ACTIVE
A001135,B00225,Client_B,60,65065.0,2024-12-31,CLOSED
A001136,B01976,Client_A,150,7210.0,2024-03-09,ACTIVE
A001137,B00418,Client_B,90,86604.0,2024-06-20,ACTIVE
A001138,B02445,Client_A,45,11904.0,2026-03-08,CLOSED
A001139,B00103,Client_B,120,22604.0,2024-06-21,ACTIVE
A001140,B02642,Client_A,60,17174.0,2024-01-15,ACTIVE
A001141,B02682,Client_B,45,15144.0,2025-10-18,ACTIVE
A001142,B02057,Client_D,30,46282.0,2025-02-21,ACTIVE
A001143,B02670,Client_A,150,29592.0,2025-03-08,ACTIVE
A001144,B02910,Client_B,15,102673.0,2024-12-08,ACTIVE
A001145,B00202,Client_B,180,33335.0,2025-03-23,ACTIVE
A001146,B02593,Client_C,15,29988.0,2025-11-13,CLOSED
A001147,B01375,Client_D,120,20237.0,2025-12-28,ACTIVE
A001148,B01502,Client_A,60,13326.0,2025-08-04,ACTIVE
A001149,B00069,Client_A,180,61177.0,2025-09-20,ACTIVE
A001150,B01507,Client_B,180,14878.0,2026-05-09,ACTIVE
A001151,B01434,Client_A,120,23560.0,2025-12-23,ACTIVE
A001152,B00489,Client_B,150,32029.0,2024-01-23,ACTIVE
A001153,B00313,Client_A,45,10939.0,2024-02-27,ACTIVE
A001154,B02105,Client_A,45,48513.0,2026-02-24,ACTIVE
A001155,B00155,Client_B,30,20767.0,2024-05-14,ACTIVE
A001156,B00642,Client_B,30,15671.0,2024-04-23,ACTIVE
A001157,B02711,Client_C,45,9227.0,2025-05-22,ACTIVE
A001158,B02547,Client_C,30,14776.0,2025-10-30,ACTIVE
A001159,B02889,Client_D,15,37560.0,2025-08-18,ACTIVE
A001160,B00323,Client_D,75,10660.0,2025-11-15,ACTIVE
A001161,B02458,Client_A,90,17421.0,2026-04-04,ACTIVE
A001162,B02111,Client_C,75,23814.0,2024-04-11,ACTIVE
A001163,B02424,Client_A,75,33807.0,2025-06-19,WRITTEN_OFF
A001164,B02357,Client_B,90,14285.0,2024-08-19,CLOSED
A001165,B01273,Client_C,60,37460.0,2024-02-24,ACTIVE
A001166,B00177,Client_B,30,29285.0,2025-09-27,ACTIVE
A001167,B01407,Client_B,15,6316.0,2024-03-13,ACTIVE
A001168,B01799,Client_A,180,46183.0,2026-02-03,ACTIVE
A001169,B01723,Client_B,180,33554.0,2025-03-30,ACTIVE
A001170,B02032,Client_C,150,23427.0,2024-05-09,ACTIVE
A001171,B01698,Client_A,45,22550.0,2025-12-07,CLOSED
A001172,B00194,Client_B,45,32003.0,2024-05-05,ACTIVE
A001173,B01178,Client_B,30,57674.0,2025-04-02,CLOSED
A001174,B01529,Client_A,150,42517.0,2025-11-20,ACTIVE
A001175,B00378,Client_B,150,9015.0,2026-01-28,ACTIVE
A001176,B01607,Client_B,60,30228.0,2026-05-20,ACTIVE
A001177,B00079,Client_C,60,35428.0,2024-06-10,ACTIVE
A001178,B01377,Client_B,45,41258.0,2024-02-07,CLOSED
A001179,B01595,Client_D,30,36389.0,2025-12-23,ACTIVE
A001180,B02585,Client_C,60,27449.0,2025-08-31,ACTIVE
A001181,B01637,Client_B,180,21197.0,2026-04-06,ACTIVE
A001182,B01285,Client_A,90,36957.0,2025-07-15,ACTIVE
A001183,B01773,Client_B,120,22014.0,2025-02-05,ACTIVE
A001184,B02337,Client_B,15,20750.0,2025-04-24,ACTIVE
A001185,B01296,Client_C,60,10656.0,2026-03-01,ACTIVE
A001186,B01402,Client_D,120,19736.0,2024-06-15,ACTIVE
A001187,B01681,Client_B,60,14996.0,2025-10-22,ACTIVE
A001188,B02277,Client_B,45,82666.0,2024-11-24,ACTIVE
A001189,B02356,Client_A,30,24375.0,2025-12-16,ACTIVE
A001190,B01729,Client_D,60,17285.0,2025-04-09,ACTIVE
A001191,B02579,Client_A,150,33477.0,2025-10-11,ACTIVE
A001192,B02946,Client_D,45,8826.0,2025-10-08,ACTIVE
A001193,B02806,Client_A,15,30875.0,2026-01-25,ACTIVE
A001194,B01993,Client_A,150,11790.0,2025-01-31,ACTIVE
A001195,B02260,Client_B,75,16928.0,2026-04-13,ACTIVE
A001196,B00261,Client_B,30,33572.0,2024-03-05,CLOSED
A001197,B01947,Client_B,60,24023.0,2025-02-21,ACTIVE
A001198,B01401,Client_A,60,30286.0,2024-08-21,ACTIVE
A001199,B02447,Client_C,75,17374.0,2025-02-16,CLOSED
A001200,B01766,Client_A,45,16165.0,2024-01-26,ACTIVE
A001201,B00188,Client_B,120,55949.0,2024-12-05,ACTIVE
A001202,B00133,Client_C,60,25022.0,2026-05-16,ACTIVE
A001203,B02923,Client_B,15,37230.0,2024-08-26,ACTIVE
A001204,B01880,Client_B,60,19673.0,2024-05-10,ACTIVE
A001205,B02222,Client_D,60,18880.0,2025-01-24,ACTIVE
A001206,B01010,Client_B,60,27246.0,2026-02-05,ACTIVE
A001207,B02046,Client_B,45,16984.0,2025-05-07,ACTIVE
A001208,B02272,Client_B,60,19097.0,2025-07-19,ACTIVE
A001209,B01461,Client_B,60,25422.0,2024-11-09,ACTIVE
A001210,B00944,Client_B,30,61189.0,2024-01-22,ACTIVE
A001211,B00538,Client_B,90,14445.0,2026-03-18,ACTIVE
A001212,B00131,Client_A,75,23125.0,2026-02-10,ACTIVE
A001213,B01184,Client_D,150,20064.0,2026-01-17,CLOSED
A001214,B01725,Client_B,150,29364.0,2026-01-12,ACTIVE
A001215,B01148,Client_A,90,20727.0,2025-09-11,CLOSED
A001216,B00646,Client_B,120,53676.0,2025-01-23,ACTIVE
A001217,B01555,Client_A,45,25909.0,2025-12-07,ACTIVE
A001218,B01951,Client_B,45,17259.0,2026-01-09,CLOSED
A001219,B00990,Client_A,150,55126.0,2025-07-13,ACTIVE
A001220,B00736,Client_B,15,18406.0,2024-09-18,ACTIVE
A001221,B01333,Client_C,15,16573.0,2025-02-13,ACTIVE
A001222,B00471,Client_A,75,21963.0,2024-08-02,ACTIVE
A001223,B00269,Client_B,75,21290.0,2026-01-21,ACTIVE
A001224,B00135,Client_C,75,25058.0,2026-03-06,ACTIVE
A001225,B01823,Client_A,150,28212.0,2024-05-22,ACTIVE
A001226,B01892,Client_C,150,22328.0,2025-09-27,ACTIVE
A001227,B00751,Client_A,45,61559.0,2025-03-10,CLOSED
A001228,B01092,Client_A,15,19726.0,2024-04-15,ACTIVE
A001229,B01533,Client_B,15,7509.0,2024-12-14,ACTIVE
A001230,B01832,Client_B,120,43188.0,2024-11-20,ACTIVE
A001231,B01432,Client_B,75,16528.0,2024-09-23,ACTIVE
A001232,B00090,Client_B,90,14386.0,2025-07-03,ACTIVE
A001233,B02938,Client_C,150,15879.0,2025-03-30,CLOSED
A001234,B01241,Client_A,45,9015.0,2024-02-20,ACTIVE
A001235,B00882,Client_C,180,26339.0,2025-01-15,ACTIVE
A001236,B01639,Client_C,75,13670.0,2025-09-02,ACTIVE
A001237,B00119,Client_D,120,9708.0,2024-01-04,ACTIVE
A001238,B01014,Client_C,120,15658.0,2024-03-24,ACTIVE
A001239,B00355,Client_A,60,41323.0,2024-06-05,ACTIVE
A001240,B00129,Client_C,45,15971.0,2026-05-18,ACTIVE
A001241,B01974,Client_A,60,21698.0,2025-07-20,ACTIVE
A001242,B02952,Client_B,90,93320.0,2024-03-01,ACTIVE
A001243,B01441,Client_A,90,31659.0,2026-03-10,CLOSED
A001244,B00616,Client_B,45,16526.0,2024-06-27,ACTIVE
A001245,B02321,Client_A,120,15641.0,2024-11-23,ACTIVE
A001246,B01708,Client_B,45,14171.0,2026-05-20,ACTIVE
A001247,B02596,Client_A,60,80466.0,2025-05-29,ACTIVE
A001248,B01619,Client_A,180,13310.0,2025-11-06,ACTIVE
A001249,B01933,Client_C,60,12471.0,2025-01-30,ACTIVE
A001250,B02448,Client_A,120,10838.0,2024-11-10,CLOSED
A001251,B01299,Client_A,45,21068.0,2025-07-11,ACTIVE
A001252,B01321,Client_A,180,14172.0,2024-08-26,ACTIVE
A001253,B00883,Client_B,15,24383.0,2024-05-10,ACTIVE
A001254,B02413,Client_A,60,18323.0,2025-06-09,ACTIVE
A001255,B02314,Client_A,150,31466.0,2026-04-24,CLOSED
A001256,B02533,Client_B,120,18330.0,2024-05-03,ACTIVE
A001257,B02063,Client_B,15,26626.0,2026-01-06,ACTIVE
A001258,B02455,Client_C,60,23782.0,2025-01-05,ACTIVE
A001259,B01542,Client_C,150,13704.0,2025-08-22,ACTIVE
A001260,B01655,Client_D,120,14048.0,2024-11-08,CLOSED
A001261,B02685,Client_B,75,3949.0,2025-03-18,WRITTEN_OFF
A001262,B01922,Client_B,60,54972.0,2024-01-09,CLOSED
A001263,B01024,Client_A,75,18738.0,2025-07-08,ACTIVE
A001264,B00509,Client_B,30,22641.0,2025-12-31,ACTIVE
A001265,B01674,Client_A,60,19269.0,2025-03-28,WRITTEN_OFF
A001266,B01504,Client_A,30,19498.0,2024-01-22,ACTIVE
A001267,B01381,Client_B,180,12264.0,2025-03-25,ACTIVE
A001268,B00191,Client_C,120,20752.0,2025-11-18,ACTIVE
A001269,B00523,Client_A,150,11703.0,2026-01-01,CLOSED
A001270,B01204,Client_B,30,19652.0,2025-07-31,ACTIVE
A001271,B01770,Client_B,75,24859.0,2025-02-28,ACTIVE
A001272,B00668,Client_C,30,26133.0,2024-11-29,CLOSED
A001273,B00402,Client_A,75,6951.0,2024-05-12,ACTIVE
A001274,B02077,Client_B,60,36131.0,2025-01-22,ACTIVE
A001275,B02093,Client_D,30,35164.0,2026-05-18,ACTIVE
A001276,B02907,Client_B,45,35387.0,2026-02-01,ACTIVE
A001277,B01685,Client_C,15,47243.0,2024-03-07,ACTIVE
A001278,B00538,Client_B,150,67006.0,2025-09-10,ACTIVE
A001279,B01320,Client_B,45,9115.0,2025-09-22,ACTIVE
A001280,B00513,Client_C,120,11558.0,2026-05-25,CLOSED
A001281,B02386,Client_C,45,26340.0,2025-01-15,ACTIVE
A001282,B02332,Client_A,30,13973.0,2024-08-27,ACTIVE
A001283,B02297,Client_A,45,30046.0,2024-12-15,ACTIVE
A001284,B00923,Client_A,60,20199.0,2024-01-24,ACTIVE
A001285,B02452,Client_C,30,6317.0,2026-04-02,ACTIVE
A001286,B01592,Client_D,75,30835.0,2024-10-03,ACTIVE
A001287,B01980,Client_B,90,14033.0,2026-04-26,ACTIVE
A001288,B01528,Client_B,45,83534.0,2025-10-22,ACTIVE
A001289,B01737,Client_A,45,31605.0,2025-07-26,ACTIVE
A001290,B01478,Client_A,30,12533.0,2025-04-27,ACTIVE
A001291,B00867,Client_A,60,33587.0,2025-03-05,ACTIVE
A001292,B01331,Client_D,60,8125.0,2025-06-24,ACTIVE
A001293,B00275,Client_D,75,20345.0,2026-04-26,ACTIVE
A001294,B01323,Client_A,90,31810.0,2026-02-22,ACTIVE
A001295,B00810,Client_A,30,27727.0,2025-12-24,ACTIVE
A001296,B01447,Client_C,45,85299.0,2025-11-18,CLOSED
A001297,B00375,Client_D,45,14755.0,2025-03-30,ACTIVE
A001298,B00860,Client_B,45,18543.0,2025-05-06,CLOSED
A001299,B00471,Client_C,45,6514.0,2024-10-02,WRITTEN_OFF
A001300,B02290,Client_B,30,36074.0,2025-01-27,ACTIVE
A001301,B00654,Client_C,150,16362.0,2026-03-04,ACTIVE
A001302,B02527,Client_B,15,18349.0,2024-08-01,ACTIVE
A001303,B02356,Client_A,75,11968.0,2024-05-23,ACTIVE
A001304,B02980,Client_C,150,55578.0,2026-03-07,ACTIVE
A001305,B02099,Client_B,45,18999.0,2024-09-29,ACTIVE
A001306,B02320,Client_D,120,26565.0,2025-06-22,ACTIVE
A001307,B02606,Client_B,60,8502.0,2024-04-29,ACTIVE
A001308,B02279,Client_B,30,15286.0,2026-02-10,WRITTEN_OFF
A001309,B01199,Client_C,180,36647.0,2026-01-28,ACTIVE
A001310,B01504,Client_B,75,58304.0,2024-04-19,ACTIVE
A001311,B00426,Client_A,60,43696.0,2024-04-22,ACTIVE
A001312,B00217,Client_A,90,12718.0,2026-05-11,ACTIVE
A001313,B01191,Client_B,45,8262.0,2024-03-07,ACTIVE
A001314,B00790,Client_B,45,29818.0,2024-09-21,CLOSED
A001315,B00750,Client_D,75,19408.0,2025-09-21,ACTIVE
A001316,B01799,Client_A,60,44477.0,2025-01-05,CLOSED
A001317,B00610,Client_C,30,31981.0,2024-11-20,WRITTEN_OFF
A001318,B01569,Client_B,60,23862.0,2025-05-19,CLOSED
A001319,B00621,Client_A,45,15769.0,2025-06-02,ACTIVE
A001320,B01808,Client_A,60,35182.0,2025-01-01,ACTIVE
A001321,B01766,Client_B,90,7466.0,2025-10-16,CLOSED
A001322,B00225,Client_A,30,8925.0,2024-01-29,ACTIVE
A001323,B01522,Client_C,120,13684.0,2024-01-28,ACTIVE
A001324,B01909,Client_B,180,135672.0,2025-12-21,CLOSED
A001325,B01935,Client_A,90,41134.0,2025-01-02,ACTIVE
A001326,B00639,Client_B,90,16618.0,2025-01-23,ACTIVE
A001327,B01527,Client_B,75,16441.0,2026-02-19,ACTIVE
A001328,B02007,Client_B,60,38082.0,2025-05-18,WRITTEN_OFF
A001329,B02995,Client_B,75,15513.0,2025-08-03,ACTIVE
A001330,B00390,Client_A,90,7215.0,2024-11-05,ACTIVE
A001331,B00411,Client_C,60,19086.0,2025-07-17,WRITTEN_OFF
A001332,B01147,Client_A,120,12739.0,2025-10-22,ACTIVE
A001333,B02417,Client_D,120,19301.0,2025-06-09,ACTIVE
A001334,B01424,Client_B,45,8293.0,2024-06-10,ACTIVE
A001335,B01734,Client_A,120,30652.0,2025-10-05,ACTIVE
A001336,B01914,Client_B,45,7770.0,2025-11-24,ACTIVE
A001337,B00027,Client_A,45,18016.0,2024-05-23,ACTIVE
A001338,B01162,Client_B,180,39729.0,2025-02-28,ACTIVE
A001339,B01115,Client_B,75,89284.0,2025-06-20,ACTIVE
A001340,B02437,Client_B,90,31434.0,2024-03-18,ACTIVE
A001341,B01138,Client_B,120,27533.0,2024-02-12,ACTIVE
A001342,B01165,Client_B,150,9847.0,2024-04-07,ACTIVE
A001343,B02346,Client_A,60,69371.0,2024-04-16,ACTIVE
A001344,B00215,Client_A,90,22313.0,2026-04-19,ACTIVE
A001345,B02589,Client_B,30,26867.0,2026-04-10,ACTIVE
A001346,B02398,Client_C,60,26354.0,2024-05-18,ACTIVE
A001347,B02997,Client_D,15,36890.0,2025-07-20,ACTIVE
A001348,B02678,Client_A,90,29331.0,2024-03-16,ACTIVE
A001349,B02613,Client_B,30,27321.0,2024-12-22,CLOSED
A001350,B01065,Client_B,60,22706.0,2024-07-08,ACTIVE
A001351,B02035,Client_A,30,28768.0,2025-01-11,ACTIVE
A001352,B02445,Client_B,150,28784.0,2025-11-22,ACTIVE
A001353,B02872,Client_C,75,33691.0,2025-05-12,ACTIVE
A001354,B01411,Client_A,150,33157.0,2024-10-12,ACTIVE
A001355,B02400,Client_B,30,20169.0,2024-03-26,ACTIVE
A001356,B01873,Client_A,90,29961.0,2025-08-18,ACTIVE
A001357,B02951,Client_B,45,26530.0,2024-03-18,WRITTEN_OFF
A001358,B01806,Client_C,150,16916.0,2024-07-01,ACTIVE
A001359,B01684,Client_D,30,8741.0,2024-07-05,WRITTEN_OFF
A001360,B00952,Client_C,90,28124.0,2025-07-09,CLOSED
A001361,B00955,Client_B,120,105050.0,2025-01-25,ACTIVE
A001362,B01785,Client_C,120,10154.0,2025-05-16,ACTIVE
A001363,B00940,Client_B,90,34135.0,2025-12-14,ACTIVE
A001364,B02411,Client_A,45,29003.0,2024-12-08,ACTIVE
A001365,B01701,Client_B,60,19671.0,2025-08-02,ACTIVE
A001366,B01697,Client_D,90,29588.0,2025-06-23,WRITTEN_OFF
A001367,B00609,Client_A,45,8947.0,2024-09-02,ACTIVE
A001368,B00404,Client_C,120,23515.0,2024-08-29,ACTIVE
A001369,B02230,Client_A,60,10669.0,2025-12-09,CLOSED
A001370,B02241,Client_A,60,29252.0,2025-03-29,ACTIVE
A001371,B02071,Client_A,120,39921.0,2024-11-13,ACTIVE
A001372,B02308,Client_A,60,6946.0,2024-08-23,ACTIVE
A001373,B02538,Client_B,75,24299.0,2025-08-23,ACTIVE
A001374,B01683,Client_B,90,79648.0,2024-06-25,ACTIVE
A001375,B00920,Client_B,120,36847.0,2024-07-29,ACTIVE
A001376,B02302,Client_A,15,26903.0,2025-02-28,ACTIVE
A001377,B02653,Client_C,60,23880.0,2024-01-23,CLOSED
A001378,B02977,Client_A,45,26933.0,2025-07-07,ACTIVE
A001379,B01094,Client_C,45,38890.0,2025-11-25,ACTIVE
A001380,B02283,Client_A,30,15566.0,2024-11-07,ACTIVE
A001381,B01676,Client_A,120,19987.0,2025-03-28,ACTIVE
A001382,B02431,Client_C,45,16663.0,2025-10-01,ACTIVE
A001383,B02285,Client_B,45,24832.0,2025-03-03,ACTIVE
A001384,B00038,Client_A,75,88018.0,2026-03-17,ACTIVE
A001385,B01636,Client_A,150,15865.0,2025-06-27,ACTIVE
A001386,B02739,Client_D,15,46952.0,2025-11-01,WRITTEN_OFF
A001387,B01929,Client_C,45,13457.0,2025-09-11,ACTIVE
A001388,B01940,Client_B,120,45351.0,2025-10-08,ACTIVE
A001389,B02182,Client_B,60,11372.0,2026-04-01,ACTIVE
A001390,B02705,Client_C,150,56448.0,2026-03-27,ACTIVE
A001391,B01763,Client_A,30,15942.0,2024-06-06,ACTIVE
A001392,B01066,Client_B,30,14531.0,2025-04-03,ACTIVE
A001393,B01178,Client_C,120,10224.0,2024-05-01,ACTIVE
A001394,B01456,Client_D,45,15270.0,2026-04-27,ACTIVE
A001395,B00605,Client_C,15,11599.0,2025-07-06,ACTIVE
A001396,B00652,Client_A,45,11676.0,2025-05-16,ACTIVE
A001397,B01604,Client_A,120,28343.0,2025-01-28,ACTIVE
A001398,B02997,Client_A,150,16837.0,2024-07-04,ACTIVE
A001399,B02904,Client_C,60,14682.0,2025-01-18,ACTIVE
A001400,B01318,Client_A,45,18685.0,2025-05-14,ACTIVE
A001401,B02122,Client_B,120,32017.0,2024-07-16,ACTIVE
A001402,B01288,Client_A,75,37773.0,2025-12-06,CLOSED
A001403,B02001,Client_A,90,32895.0,2026-03-04,ACTIVE
A001404,B02708,Client_A,120,14766.0,2025-09-30,ACTIVE
A001405,B01171,Client_B,150,20773.0,2024-06-22,ACTIVE
A001406,B00142,Client_A,30,22670.0,2025-03-04,ACTIVE
A001407,B01659,Client_A,150,77051.0,2026-05-06,ACTIVE
A001408,B00747,Client_A,75,18984.0,2025-04-28,ACTIVE
A001409,B00634,Client_B,150,83734.0,2024-02-27,ACTIVE
A001410,B01671,Client_C,45,43371.0,2025-02-24,ACTIVE
A001411,B02698,Client_B,30,33982.0,2024-06-12,CLOSED
A001412,B01788,Client_D,30,9881.0,2024-10-27,ACTIVE
A001413,B01866,Client_C,180,24658.0,2026-04-09,ACTIVE
A001414,B02802,Client_C,75,32369.0,2025-09-20,ACTIVE
A001415,B02949,Client_C,90,13755.0,2025-11-12,ACTIVE
A001416,B01699,Client_A,30,13034.0,2026-05-16,ACTIVE
A001417,B02891,Client_B,30,47942.0,2025-05-28,ACTIVE
A001418,B02834,Client_D,60,28856.0,2025-06-08,ACTIVE
A001419,B01770,Client_A,15,15038.0,2024-05-04,ACTIVE
A001420,B02305,Client_D,60,27133.0,2024-01-12,ACTIVE
A001421,B02026,Client_C,30,5013.0,2025-02-16,ACTIVE
A001422,B00446,Client_D,60,20396.0,2025-09-22,ACTIVE
A001423,B02970,Client_A,60,40742.0,2024-12-02,ACTIVE
A001424,B00421,Client_D,75,28891.0,2025-08-10,CLOSED
A001425,B00989,Client_A,60,12925.0,2025-01-26,WRITTEN_OFF
A001426,B00481,Client_A,180,62345.0,2025-12-25,ACTIVE
A001427,B01382,Client_D,60,7339.0,2025-01-06,ACTIVE
A001428,B02055,Client_B,90,23713.0,2024-08-07,ACTIVE
A001429,B02601,Client_A,60,25715.0,2025-05-19,ACTIVE
A001430,B01955,Client_C,30,17193.0,2025-12-04,ACTIVE
A001431,B01030,Client_A,180,43299.0,2025-06-29,ACTIVE
A001432,B02158,Client_B,45,14625.0,2025-11-30,ACTIVE
A001433,B02135,Client_C,120,5320.0,2024-10-29,ACTIVE
A001434,B02692,Client_A,75,10385.0,2025-11-18,WRITTEN_OFF
A001435,B01810,Client_B,15,89705.0,2026-01-28,ACTIVE
A001436,B01240,Client_B,60,24006.0,2026-05-10,ACTIVE
A001437,B02704,Client_B,30,45360.0,2024-08-05,ACTIVE
A001438,B01641,Client_D,45,6888.0,2024-05-10,ACTIVE
A001439,B01420,Client_A,75,48207.0,2024-04-30,ACTIVE
A001440,B02330,Client_B,90,14134.0,2025-08-11,ACTIVE
A001441,B00124,Client_B,90,8094.0,2025-04-11,ACTIVE
A001442,B00046,Client_A,150,53438.0,2026-04-14,ACTIVE
A001443,B02912,Client_B,75,26834.0,2024-02-07,ACTIVE
A001444,B00593,Client_A,30,33463.0,2026-03-16,ACTIVE
A001445,B01461,Client_B,90,12642.0,2025-08-02,ACTIVE
A001446,B02561,Client_A,75,26404.0,2024-05-16,ACTIVE
A001447,B00564,Client_A,150,24246.0,2025-11-07,ACTIVE
A001448,B00404,Client_D,30,29169.0,2025-09-05,ACTIVE
A001449,B00446,Client_A,60,9271.0,2024-03-27,ACTIVE
A001450,B02952,Client_B,120,23635.0,2025-03-16,ACTIVE
A001451,B01752,Client_C,60,29011.0,2026-01-26,WRITTEN_OFF
A001452,B01874,Client_A,15,23654.0,2026-02-27,ACTIVE
A001453,B01581,Client_C,180,36037.0,2025-05-04,ACTIVE
A001454,B00839,Client_B,45,8080.0,2026-02-12,ACTIVE
A001455,B01131,Client_D,120,32451.0,2025-02-02,ACTIVE
A001456,B02376,Client_A,60,23791.0,2025-11-26,ACTIVE
A001457,B01833,Client_B,120,26088.0,2026-04-16,ACTIVE
A001458,B01430,Client_A,15,19996.0,2025-06-16,ACTIVE
A001459,B00272,Client_B,60,35435.0,2024-10-18,ACTIVE
A001460,B02712,Client_B,75,16656.0,2025-07-18,ACTIVE
A001461,B02221,Client_B,45,31863.0,2025-10-04,ACTIVE
A001462,B01736,Client_A,60,23966.0,2025-12-25,ACTIVE
A001463,B02285,Client_D,150,30755.0,2024-07-28,ACTIVE
A001464,B00993,Client_B,60,23039.0,2025-07-04,ACTIVE
A001465,B00064,Client_B,75,14201.0,2024-04-18,WRITTEN_OFF
A001466,B00805,Client_A,30,15805.0,2024-10-28,ACTIVE
A001467,B00976,Client_A,120,23454.0,2024-12-27,WRITTEN_OFF
A001468,B01669,Client_D,30,18366.0,2025-09-11,ACTIVE
A001469,B02659,Client_C,150,12405.0,2025-06-14,ACTIVE
A001470,B00599,Client_A,15,13143.0,2025-01-08,ACTIVE
A001471,B01030,Client_B,120,10988.0,2025-01-18,ACTIVE
A001472,B01194,Client_B,75,10395.0,2024-11-07,ACTIVE
A001473,B01856,Client_B,150,7116.0,2024-10-23,CLOSED
A001474,B02980,Client_A,180,18055.0,2025-09-16,ACTIVE
A001475,B01181,Client_A,90,13126.0,2025-03-31,ACTIVE
A001476,B01681,Client_A,180,7777.0,2026-01-24,ACTIVE
A001477,B01799,Client_A,150,19342.0,2026-05-22,ACTIVE
A001478,B00248,Client_A,30,23069.0,2025-11-04,CLOSED
A001479,B01779,Client_C,90,26497.0,2024-06-27,ACTIVE
A001480,B00791,Client_B,120,29338.0,2025-06-04,ACTIVE
A001481,B00780,Client_D,90,49014.0,2024-10-29,ACTIVE
A001482,B00331,Client_B,15,27979.0,2024-01-20,ACTIVE
A001483,B01537,Client_A,45,7896.0,2024-10-15,ACTIVE
A001484,B02139,Client_D,45,26999.0,2025-06-02,ACTIVE
A001485,B00730,Client_A,60,17172.0,2024-09-14,ACTIVE
A001486,B02507,Client_A,60,23648.0,2024-02-21,ACTIVE
A001487,B02626,Client_C,45,13249.0,2026-03-15,ACTIVE
A001488,B02088,Client_A,150,24134.0,2025-07-05,ACTIVE
A001489,B02300,Client_B,180,19343.0,2025-09-27,ACTIVE
A001490,B00969,Client_C,150,49380.0,2025-10-02,ACTIVE
A001491,B01220,Client_B,45,21233.0,2025-08-01,ACTIVE
A001492,B02140,Client_A,150,29789.0,2025-02-06,ACTIVE
A001493,B01859,Client_C,15,10185.0,2025-03-27,CLOSED
A001494,B02278,Client_A,45,14586.0,2025-03-17,ACTIVE
A001495,B00028,Client_A,60,15684.0,2026-02-06,CLOSED
A001496,B01416,Client_A,60,71185.0,2025-03-31,ACTIVE
A001497,B01993,Client_B,15,28222.0,2026-04-20,ACTIVE
A001498,B01992,Client_A,90,29457.0,2025-06-13,WRITTEN_OFF
A001499,B01837,Client_A,45,16875.0,2024-01-24,ACTIVE
A001500,B02528,Client_B,75,14216.0,2024-03-02,ACTIVE
A001501,B01753,Client_B,30,17953.0,2026-02-13,ACTIVE
A001502,B02725,Client_A,60,26865.0,2024-10-09,ACTIVE
A001503,B01954,Client_A,75,71206.0,2026-02-20,ACTIVE
A001504,B00004,Client_B,120,15622.0,2024-08-12,ACTIVE
A001505,B01512,Client_B,60,17002.0,2024-12-27,CLOSED
A001506,B01592,Client_B,30,14493.0,2024-07-16,ACTIVE
A001507,B00529,Client_B,30,69633.0,2024-12-20,WRITTEN_OFF
A001508,B01071,Client_B,15,24678.0,2024-08-24,ACTIVE
A001509,B01408,Client_D,120,77730.0,2024-12-16,ACTIVE
A001510,B00499,Client_D,30,22358.0,2026-03-07,ACTIVE
A001511,B00905,Client_A,60,22039.0,2025-08-26,ACTIVE
A001512,B02411,Client_B,45,10420.0,2026-01-19,ACTIVE
A001513,B02864,Client_C,60,68746.0,2024-04-03,ACTIVE
A001514,B01106,Client_D,30,15325.0,2025-09-14,ACTIVE
A001515,B02101,Client_A,30,18593.0,2024-04-06,ACTIVE
A001516,B02375,Client_D,75,11738.0,2026-02-02,ACTIVE
A001517,B01934,Client_B,15,20218.0,2026-01-16,ACTIVE
A001518,B02305,Client_A,45,6397.0,2026-05-26,ACTIVE
A001519,B02028,Client_B,30,15239.0,2024-09-25,WRITTEN_OFF
A001520,B00489,Client_C,90,31635.0,2025-12-02,CLOSED
A001521,B02347,Client_B,15,18992.0,2026-02-16,ACTIVE
A001522,B02437,Client_A,75,12135.0,2025-09-07,ACTIVE
A001523,B00873,Client_D,60,18998.0,2024-05-28,ACTIVE
A001524,B02621,Client_B,75,25277.0,2025-07-08,ACTIVE
A001525,B02548,Client_B,15,13301.0,2026-03-29,CLOSED
A001526,B02437,Client_B,30,17797.0,2025-06-28,ACTIVE
A001527,B00167,Client_B,30,5864.0,2025-11-02,ACTIVE
A001528,B00888,Client_A,150,25662.0,2025-09-29,ACTIVE
A001529,B01990,Client_A,150,34042.0,2025-07-14,ACTIVE
A001530,B02574,Client_B,150,20933.0,2024-09-07,ACTIVE
A001531,B00900,Client_B,120,25599.0,2025-03-16,ACTIVE
A001532,B02497,Client_C,30,21130.0,2026-06-01,CLOSED
A001533,B01370,Client_A,60,26807.0,2024-04-20,ACTIVE
A001534,B00808,Client_A,120,5664.0,2024-07-13,ACTIVE
A001535,B01791,Client_A,15,14342.0,2025-12-25,ACTIVE
A001536,B02199,Client_B,15,29954.0,2024-12-12,ACTIVE
A001537,B02804,Client_B,45,18525.0,2026-01-21,ACTIVE
A001538,B02230,Client_A,60,19860.0,2024-08-21,ACTIVE
A001539,B02804,Client_D,75,31334.0,2026-02-04,ACTIVE
A001540,B02159,Client_B,180,13261.0,2024-10-11,ACTIVE
A001541,B01772,Client_D,75,20903.0,2025-02-03,ACTIVE
A001542,B01802,Client_B,45,13476.0,2025-04-16,CLOSED
A001543,B00845,Client_A,90,9999.0,2024-12-15,ACTIVE
A001544,B00917,Client_A,120,25656.0,2025-05-07,ACTIVE
A001545,B00945,Client_B,30,24987.0,2024-03-25,ACTIVE
A001546,B01258,Client_C,15,41753.0,2025-06-14,ACTIVE
A001547,B01298,Client_D,75,5272.0,2026-02-09,ACTIVE
A001548,B02793,Client_D,15,15264.0,2024-01-28,ACTIVE
A001549,B02199,Client_B,150,28095.0,2024-09-05,ACTIVE
A001550,B01302,Client_A,75,14030.0,2025-10-08,ACTIVE
A001551,B02713,Client_B,150,48958.0,2025-08-25,CLOSED
A001552,B01197,Client_A,45,11246.0,2024-01-10,ACTIVE
A001553,B01851,Client_C,30,44782.0,2024-10-20,ACTIVE
A001554,B01737,Client_B,60,16210.0,2025-02-15,ACTIVE
A001555,B02059,Client_A,30,13157.0,2025-09-08,ACTIVE
A001556,B00029,Client_A,75,19884.0,2025-06-21,ACTIVE
A001557,B02654,Client_C,90,38264.0,2025-08-28,CLOSED
A001558,B01728,Client_A,45,30054.0,2026-04-22,ACTIVE
A001559,B02631,Client_B,120,16823.0,2024-03-27,ACTIVE
A001560,B01787,Client_A,60,41225.0,2024-12-15,ACTIVE
A001561,B00548,Client_C,45,46700.0,2025-05-03,CLOSED
A001562,B02960,Client_A,30,29459.0,2025-11-15,CLOSED
A001563,B00957,Client_B,75,19095.0,2025-07-05,ACTIVE
A001564,B02892,Client_B,60,22202.0,2025-11-18,ACTIVE
A001565,B02868,Client_D,30,14615.0,2025-02-04,ACTIVE
A001566,B01337,Client_B,180,9544.0,2024-03-18,CLOSED
A001567,B01043,Client_B,150,47015.0,2026-04-25,ACTIVE
A001568,B02845,Client_D,150,36530.0,2024-06-25,ACTIVE
A001569,B01989,Client_A,120,13563.0,2024-09-22,ACTIVE
A001570,B01795,Client_A,30,28096.0,2024-09-08,ACTIVE
A001571,B00646,Client_B,90,25695.0,2025-08-28,ACTIVE
A001572,B02300,Client_A,60,34525.0,2025-01-11,ACTIVE
A001573,B02295,Client_C,90,15837.0,2025-02-14,ACTIVE
A001574,B02601,Client_C,30,25528.0,2024-03-20,ACTIVE
A001575,B02822,Client_C,60,8022.0,2024-08-09,ACTIVE
A001576,B01695,Client_D,45,21290.0,2026-04-08,ACTIVE
A001577,B02268,Client_D,75,80988.0,2025-05-04,CLOSED
A001578,B01044,Client_C,120,8275.0,2026-03-03,CLOSED
A001579,B02528,Client_A,30,28838.0,2024-05-16,ACTIVE
A001580,B00349,Client_B,120,36176.0,2024-12-07,ACTIVE
A001581,B01842,Client_B,120,9917.0,2026-03-07,WRITTEN_OFF
A001582,B02335,Client_B,90,25499.0,2024-12-22,ACTIVE
A001583,B00348,Client_D,30,13301.0,2026-04-16,ACTIVE
A001584,B02816,Client_A,60,42725.0,2025-05-16,ACTIVE
A001585,B02262,Client_A,60,13709.0,2024-07-31,CLOSED
A001586,B01741,Client_D,75,16059.0,2024-08-25,ACTIVE
A001587,B00509,Client_A,90,15740.0,2026-01-18,ACTIVE
A001588,B00676,Client_A,120,10088.0,2025-11-10,WRITTEN_OFF
A001589,B00151,Client_A,90,78216.0,2025-02-13,CLOSED
A001590,B02438,Client_B,45,44078.0,2025-09-29,CLOSED
A001591,B00836,Client_C,180,59513.0,2026-01-29,ACTIVE
A001592,B02950,Client_A,15,18641.0,2024-01-18,ACTIVE
A001593,B00654,Client_D,60,33132.0,2024-08-12,ACTIVE
A001594,B01286,Client_C,120,27836.0,2024-07-23,ACTIVE
A001595,B01962,Client_D,90,14661.0,2025-02-17,CLOSED
A001596,B02980,Client_D,180,28339.0,2024-11-12,ACTIVE
A001597,B01324,Client_B,120,13603.0,2024-12-06,ACTIVE
A001598,B02735,Client_B,60,8947.0,2026-01-30,ACTIVE
A001599,B02793,Client_A,90,12677.0,2024-03-30,ACTIVE
A001600,B00421,Client_C,45,62644.0,2024-08-17,ACTIVE
A001601,B01115,Client_A,75,9705.0,2024-08-21,CLOSED
A001602,B01204,Client_A,30,25182.0,2024-02-14,CLOSED
A001603,B02629,Client_B,120,17687.0,2024-03-14,ACTIVE
A001604,B01950,Client_C,180,15601.0,2025-05-12,ACTIVE
A001605,B01153,Client_A,45,32683.0,2024-12-02,ACTIVE
A001606,B00327,Client_C,120,18599.0,2024-05-28,ACTIVE
A001607,B02087,Client_A,90,39184.0,2025-06-06,CLOSED
A001608,B01451,Client_A,120,25618.0,2025-12-01,ACTIVE
A001609,B01269,Client_B,90,32100.0,2025-02-27,ACTIVE
A001610,B01698,Client_B,75,12730.0,2025-11-17,ACTIVE
A001611,B02708,Client_B,150,18731.0,2026-02-16,ACTIVE
A001612,B01258,Client_A,60,13466.0,2024-04-20,ACTIVE
A001613,B02594,Client_D,120,28792.0,2025-04-03,CLOSED
A001614,B01090,Client_B,90,13758.0,2025-04-22,ACTIVE
A001615,B00754,Client_A,30,8703.0,2024-06-14,CLOSED
A001616,B02387,Client_A,75,21866.0,2025-02-19,ACTIVE
A001617,B01945,Client_C,15,13577.0,2025-04-27,ACTIVE
A001618,B00430,Client_C,90,34466.0,2024-07-26,ACTIVE
A001619,B01421,Client_A,75,52019.0,2025-06-07,ACTIVE
A001620,B00215,Client_D,60,29929.0,2026-03-03,ACTIVE
A001621,B02479,Client_B,75,38790.0,2025-06-12,ACTIVE
A001622,B01495,Client_B,90,18636.0,2026-02-15,ACTIVE
A001623,B00855,Client_A,45,41682.0,2025-10-04,ACTIVE
A001624,B00957,Client_A,90,29545.0,2024-06-02,ACTIVE
A001625,B01543,Client_C,75,18204.0,2025-03-03,ACTIVE
A001626,B02307,Client_D,15,14865.0,2026-04-09,CLOSED
A001627,B00315,Client_C,150,46724.0,2025-05-20,ACTIVE
A001628,B00419,Client_A,180,22734.0,2024-06-23,ACTIVE
A001629,B00533,Client_A,90,36717.0,2024-03-14,ACTIVE
A001630,B01252,Client_A,60,21271.0,2026-03-22,ACTIVE
A001631,B00701,Client_D,150,10937.0,2025-02-26,ACTIVE
A001632,B01184,Client_B,60,16756.0,2024-12-10,CLOSED
A001633,B02799,Client_B,75,26988.0,2025-01-07,CLOSED
A001634,B01871,Client_B,120,42132.0,2025-05-20,ACTIVE
A001635,B02132,Client_A,75,36129.0,2025-10-22,ACTIVE
A001636,B01349,Client_B,45,19964.0,2025-06-01,ACTIVE
A001637,B00574,Client_A,120,28057.0,2025-02-24,ACTIVE
A001638,B02025,Client_A,90,17217.0,2025-12-03,ACTIVE
A001639,B02864,Client_A,45,46190.0,2024-03-21,CLOSED
A001640,B01425,Client_B,45,11030.0,2024-02-03,CLOSED
A001641,B02887,Client_B,180,28090.0,2026-03-29,ACTIVE
A001642,B02308,Client_B,150,9480.0,2026-01-21,ACTIVE
A001643,B02253,Client_A,30,16189.0,2026-02-14,ACTIVE
A001644,B00296,Client_B,60,15650.0,2025-08-02,ACTIVE
A001645,B02463,Client_C,15,168870.0,2025-01-21,ACTIVE
A001646,B00408,Client_C,60,14173.0,2026-03-01,ACTIVE
A001647,B02567,Client_A,180,12637.0,2026-02-28,ACTIVE
A001648,B00124,Client_D,75,35859.0,2024-08-12,ACTIVE
A001649,B02364,Client_D,75,29775.0,2024-07-29,ACTIVE
A001650,B01334,Client_A,75,25240.0,2024-09-07,WRITTEN_OFF
A001651,B00048,Client_B,45,35864.0,2025-02-14,CLOSED
A001652,B01582,Client_A,30,19451.0,2025-11-04,ACTIVE
A001653,B02202,Client_B,60,23260.0,2024-11-28,ACTIVE
A001654,B01774,Client_A,90,19111.0,2025-01-21,ACTIVE
A001655,B01031,Client_C,150,18892.0,2025-02-13,ACTIVE
A001656,B00439,Client_B,30,23484.0,2025-10-02,WRITTEN_OFF
A001657,B01521,Client_A,120,36150.0,2026-05-07,ACTIVE
A001658,B01365,Client_A,30,41148.0,2024-04-11,CLOSED
A001659,B00309,Client_C,120,14760.0,2024-03-18,ACTIVE
A001660,B01079,Client_A,90,40475.0,2025-07-13,ACTIVE
A001661,B02904,Client_B,30,21857.0,2024-01-03,ACTIVE
A001662,B02224,Client_C,120,28760.0,2025-03-18,WRITTEN_OFF
A001663,B01102,Client_A,15,11239.0,2025-06-09,ACTIVE
A001664,B02661,Client_A,60,10918.0,2025-07-03,ACTIVE
A001665,B00352,Client_D,90,31269.0,2024-04-18,ACTIVE
A001666,B01485,Client_A,45,15108.0,2024-03-29,ACTIVE
A001667,B00733,Client_D,45,34780.0,2024-06-14,ACTIVE
A001668,B02593,Client_B,150,24165.0,2025-11-21,ACTIVE
A001669,B01925,Client_D,30,22694.0,2024-06-06,WRITTEN_OFF
A001670,B02102,Client_B,90,57896.0,2025-07-17,ACTIVE
A001671,B02842,Client_B,75,43836.0,2024-04-29,CLOSED
A001672,B02051,Client_B,150,23793.0,2026-03-09,ACTIVE
A001673,B00185,Client_D,15,17667.0,2025-03-11,ACTIVE
A001674,B02848,Client_A,45,25515.0,2025-04-09,WRITTEN_OFF
A001675,B02103,Client_B,45,6744.0,2024-12-16,ACTIVE
A001676,B02848,Client_D,15,19353.0,2025-06-26,CLOSED
A001677,B00762,Client_D,120,29565.0,2024-04-04,ACTIVE
A001678,B00169,Client_B,45,28071.0,2025-08-13,ACTIVE
A001679,B02847,Client_C,30,30947.0,2025-12-28,ACTIVE
A001680,B00818,Client_A,150,25755.0,2026-01-28,ACTIVE
A001681,B00949,Client_C,30,18123.0,2026-05-01,CLOSED
A001682,B01111,Client_C,75,37003.0,2024-09-08,ACTIVE
A001683,B02928,Client_A,90,28688.0,2024-03-18,CLOSED
A001684,B01720,Client_C,60,19016.0,2026-04-29,ACTIVE
A001685,B01838,Client_B,60,27532.0,2025-04-11,ACTIVE
A001686,B02824,Client_D,30,29697.0,2024-11-12,ACTIVE
A001687,B00911,Client_D,15,27676.0,2024-08-12,ACTIVE
A001688,B00122,Client_A,15,9823.0,2024-01-18,CLOSED
A001689,B02351,Client_A,75,25695.0,2024-04-13,CLOSED
A001690,B01231,Client_D,15,27659.0,2025-09-06,ACTIVE
A001691,B01740,Client_A,120,9544.0,2025-12-10,ACTIVE
A001692,B00467,Client_C,180,16256.0,2025-12-22,ACTIVE
A001693,B00385,Client_A,150,28318.0,2025-04-21,ACTIVE
A001694,B01583,Client_C,30,11935.0,2026-05-05,ACTIVE
A001695,B00799,Client_A,30,23927.0,2025-04-02,CLOSED
A001696,B02575,Client_B,90,47405.0,2026-02-18,CLOSED
A001697,B01051,Client_A,75,18925.0,2024-03-18,ACTIVE
A001698,B01721,Client_A,75,9055.0,2025-12-21,ACTIVE
A001699,B00743,Client_A,60,9137.0,2026-05-12,CLOSED
A001700,B00557,Client_B,75,63426.0,2024-12-02,ACTIVE
A001701,B02593,Client_A,90,111852.0,2025-06-22,ACTIVE
A001702,B02829,Client_B,180,27700.0,2025-07-04,ACTIVE
A001703,B01821,Client_A,60,23999.0,2026-03-31,ACTIVE
A001704,B00149,Client_A,90,13548.0,2024-12-27,ACTIVE
A001705,B00138,Client_B,90,4213.0,2025-12-11,ACTIVE
A001706,B00768,Client_B,45,68493.0,2026-05-22,ACTIVE
A001707,B01400,Client_A,75,21728.0,2024-12-15,CLOSED
A001708,B00871,Client_B,120,34769.0,2025-11-13,ACTIVE
A001709,B02176,Client_D,90,32675.0,2024-10-15,ACTIVE
A001710,B01305,Client_D,60,27173.0,2025-10-07,CLOSED
A001711,B02394,Client_D,60,31222.0,2024-07-14,ACTIVE
A001712,B02937,Client_D,120,16881.0,2025-03-05,ACTIVE
A001713,B00807,Client_B,75,12316.0,2025-04-04,ACTIVE
A001714,B02191,Client_C,90,25693.0,2024-08-17,ACTIVE
A001715,B02308,Client_C,45,15631.0,2024-10-28,ACTIVE
A001716,B02664,Client_A,15,64663.0,2025-08-29,CLOSED
A001717,B00511,Client_B,45,95303.0,2025-11-20,ACTIVE
A001718,B02774,Client_A,60,49708.0,2025-01-21,ACTIVE
A001719,B02968,Client_C,30,24823.0,2024-12-17,WRITTEN_OFF
A001720,B02509,Client_A,45,16607.0,2024-10-01,ACTIVE
A001721,B02289,Client_C,90,7501.0,2025-05-07,ACTIVE
A001722,B02674,Client_A,30,28140.0,2026-01-20,ACTIVE
A001723,B01087,Client_C,120,22184.0,2024-03-10,ACTIVE
A001724,B02649,Client_B,60,13939.0,2026-05-13,ACTIVE
A001725,B01910,Client_A,120,26890.0,2024-07-23,ACTIVE
A001726,B01078,Client_A,90,28391.0,2025-06-03,ACTIVE
A001727,B00125,Client_D,15,17133.0,2024-09-22,ACTIVE
A001728,B00436,Client_C,150,13095.0,2025-07-27,ACTIVE
A001729,B02515,Client_D,90,44032.0,2024-11-04,ACTIVE
A001730,B01401,Client_B,60,18988.0,2024-09-30,WRITTEN_OFF
A001731,B01257,Client_A,15,18543.0,2024-06-21,ACTIVE
A001732,B02712,Client_A,120,4775.0,2025-01-02,ACTIVE
A001733,B00741,Client_A,60,36068.0,2024-09-19,ACTIVE
A001734,B01173,Client_C,45,16354.0,2026-01-02,CLOSED
A001735,B00175,Client_A,30,38771.0,2026-03-23,CLOSED
A001736,B01853,Client_C,45,19583.0,2026-03-31,ACTIVE
A001737,B00440,Client_A,30,36304.0,2024-09-18,ACTIVE
A001738,B00322,Client_B,45,11495.0,2024-04-13,ACTIVE
A001739,B02608,Client_A,150,13946.0,2024-03-11,ACTIVE
A001740,B00819,Client_B,30,41107.0,2025-06-05,ACTIVE
A001741,B00067,Client_A,45,28436.0,2025-03-26,ACTIVE
A001742,B01642,Client_D,150,18424.0,2024-04-26,ACTIVE
A001743,B02704,Client_D,60,13311.0,2025-03-07,ACTIVE
A001744,B02950,Client_D,120,24398.0,2024-02-23,CLOSED
A001745,B01451,Client_A,60,34830.0,2025-04-21,ACTIVE
A001746,B02004,Client_A,60,14073.0,2024-02-11,CLOSED
A001747,B00446,Client_C,75,37896.0,2024-10-26,CLOSED
A001748,B00613,Client_B,60,25290.0,2024-03-06,ACTIVE
A001749,B01494,Client_A,75,74009.0,2024-01-23,ACTIVE
A001750,B00172,Client_A,150,39024.0,2026-04-04,ACTIVE
A001751,B02443,Client_C,45,33728.0,2025-09-09,ACTIVE
A001752,B02311,Client_B,30,28199.0,2024-02-22,ACTIVE
A001753,B00602,Client_A,90,30802.0,2025-12-30,ACTIVE
A001754,B00682,Client_B,75,57300.0,2025-05-03,ACTIVE
A001755,B00238,Client_A,75,13414.0,2024-01-26,ACTIVE
A001756,B00627,Client_B,30,22040.0,2025-02-14,ACTIVE
A001757,B00027,Client_D,30,52200.0,2024-09-18,ACTIVE
A001758,B00525,Client_B,60,12799.0,2024-07-12,ACTIVE
A001759,B02992,Client_A,180,5978.0,2025-01-20,ACTIVE
A001760,B00639,Client_A,15,16078.0,2024-10-01,WRITTEN_OFF
A001761,B02082,Client_D,60,38973.0,2024-11-28,ACTIVE
A001762,B00612,Client_D,15,48049.0,2025-04-01,ACTIVE
A001763,B00525,Client_B,45,20764.0,2024-01-10,ACTIVE
A001764,B02546,Client_B,45,8969.0,2025-04-10,ACTIVE
A001765,B01740,Client_A,90,40742.0,2025-04-13,ACTIVE
A001766,B01199,Client_A,45,17508.0,2025-04-06,ACTIVE
A001767,B00788,Client_B,45,27300.0,2025-08-11,CLOSED
A001768,B02528,Client_C,15,27987.0,2025-11-03,ACTIVE
A001769,B00921,Client_C,120,20111.0,2024-02-18,ACTIVE
A001770,B00740,Client_C,90,9339.0,2026-03-16,ACTIVE
A001771,B02337,Client_C,75,9407.0,2025-08-20,ACTIVE
A001772,B01100,Client_C,75,8022.0,2024-09-21,ACTIVE
A001773,B02319,Client_B,75,47365.0,2025-05-04,ACTIVE
A001774,B00913,Client_A,150,45506.0,2024-10-10,ACTIVE
A001775,B01958,Client_C,15,10856.0,2026-05-04,CLOSED
A001776,B00638,Client_D,15,20866.0,2026-04-20,CLOSED
A001777,B02676,Client_C,120,42776.0,2024-06-17,ACTIVE
A001778,B01283,Client_A,150,9337.0,2024-06-09,ACTIVE
A001779,B00773,Client_B,90,25695.0,2024-07-21,ACTIVE
A001780,B00812,Client_B,75,69297.0,2026-03-10,ACTIVE
A001781,B02929,Client_A,90,14321.0,2025-07-09,ACTIVE
A001782,B01446,Client_A,75,40313.0,2024-12-29,ACTIVE
A001783,B00512,Client_C,75,57290.0,2025-06-04,CLOSED
A001784,B02923,Client_B,60,22911.0,2024-08-29,ACTIVE
A001785,B02125,Client_A,30,7007.0,2024-11-04,ACTIVE
A001786,B02343,Client_A,15,14669.0,2025-08-30,ACTIVE
A001787,B00375,Client_A,45,36842.0,2024-07-10,ACTIVE
A001788,B00944,Client_A,30,11041.0,2024-07-16,ACTIVE
A001789,B00758,Client_D,90,5820.0,2025-03-23,ACTIVE
A001790,B02859,Client_B,45,5435.0,2025-03-07,WRITTEN_OFF
A001791,B01572,Client_D,30,15415.0,2024-04-02,ACTIVE
A001792,B00166,Client_A,75,33329.0,2025-10-23,CLOSED
A001793,B01241,Client_A,90,72780.0,2025-06-24,CLOSED
A001794,B02064,Client_B,90,5659.0,2025-03-18,WRITTEN_OFF
A001795,B02603,Client_A,90,26766.0,2024-02-20,CLOSED
A001796,B01572,Client_C,90,39591.0,2024-08-04,ACTIVE
A001797,B02535,Client_C,15,22330.0,2025-10-25,ACTIVE
A001798,B00896,Client_A,90,24578.0,2025-04-30,ACTIVE
A001799,B01954,Client_A,45,7475.0,2026-05-04,CLOSED
A001800,B02170,Client_A,45,17545.0,2024-10-28,ACTIVE
A001801,B02050,Client_B,150,11353.0,2024-03-07,ACTIVE
A001802,B01478,Client_D,180,35707.0,2025-02-13,ACTIVE
A001803,B02094,Client_B,90,35597.0,2025-01-17,ACTIVE
A001804,B01355,Client_D,90,15268.0,2026-03-09,ACTIVE
A001805,B00157,Client_D,60,25721.0,2024-02-14,WRITTEN_OFF
A001806,B00317,Client_A,150,7224.0,2025-05-17,CLOSED
A001807,B00419,Client_A,120,11776.0,2026-05-10,ACTIVE
A001808,B00757,Client_B,75,23785.0,2025-04-06,ACTIVE
A001809,B02911,Client_B,60,25579.0,2026-03-24,ACTIVE
A001810,B00426,Client_C,180,38565.0,2026-05-15,ACTIVE
A001811,B02684,Client_A,30,10248.0,2024-06-12,ACTIVE
A001812,B01770,Client_C,75,13458.0,2024-02-11,ACTIVE
A001813,B02713,Client_A,30,35632.0,2024-07-02,ACTIVE
A001814,B00674,Client_D,45,17217.0,2025-04-13,ACTIVE
A001815,B00396,Client_D,15,12100.0,2024-01-31,ACTIVE
A001816,B01347,Client_C,45,15584.0,2024-11-10,ACTIVE
A001817,B02901,Client_C,90,14248.0,2024-11-17,ACTIVE
A001818,B01455,Client_A,120,17352.0,2025-01-22,ACTIVE
A001819,B02426,Client_D,45,39103.0,2024-04-11,ACTIVE
A001820,B02524,Client_B,60,35748.0,2024-10-12,ACTIVE
A001821,B02775,Client_A,60,43784.0,2025-11-30,ACTIVE
A001822,B01797,Client_B,90,22560.0,2026-03-30,ACTIVE
A001823,B01626,Client_B,15,25152.0,2024-01-25,ACTIVE
A001824,B02389,Client_A,30,22382.0,2025-04-13,WRITTEN_OFF
A001825,B00283,Client_B,120,22015.0,2025-08-09,ACTIVE
A001826,B01451,Client_C,15,25892.0,2025-02-20,ACTIVE
A001827,B01282,Client_D,15,13057.0,2024-09-20,ACTIVE
A001828,B02226,Client_A,120,20639.0,2026-03-10,ACTIVE
A001829,B00721,Client_B,75,63350.0,2026-05-28,ACTIVE
A001830,B02050,Client_D,75,39098.0,2024-01-21,CLOSED
A001831,B01209,Client_D,90,33271.0,2025-09-17,ACTIVE
A001832,B00883,Client_B,15,23383.0,2025-09-09,CLOSED
A001833,B00226,Client_C,15,17864.0,2025-10-03,ACTIVE
A001834,B01954,Client_B,120,13941.0,2025-03-29,ACTIVE
A001835,B02764,Client_C,75,10759.0,2024-07-03,ACTIVE
A001836,B00551,Client_A,30,10798.0,2024-08-26,ACTIVE
A001837,B00787,Client_A,30,22947.0,2025-03-08,ACTIVE
A001838,B00655,Client_A,150,39302.0,2025-11-17,ACTIVE
A001839,B02152,Client_D,75,11725.0,2025-03-06,ACTIVE
A001840,B02450,Client_A,180,45105.0,2024-01-18,ACTIVE
A001841,B02353,Client_B,30,11088.0,2024-12-19,ACTIVE
A001842,B02971,Client_A,75,29431.0,2024-03-29,ACTIVE
A001843,B00984,Client_C,60,26587.0,2024-02-22,WRITTEN_OFF
A001844,B02763,Client_B,45,28335.0,2025-06-02,ACTIVE
A001845,B01207,Client_C,45,12937.0,2026-01-05,CLOSED
A001846,B01657,Client_C,15,29501.0,2025-02-01,ACTIVE
A001847,B02678,Client_C,90,15395.0,2025-07-05,ACTIVE
A001848,B00045,Client_B,120,19297.0,2026-05-27,ACTIVE
A001849,B01168,Client_B,15,22886.0,2026-04-03,ACTIVE
A001850,B00274,Client_D,75,19495.0,2025-07-22,CLOSED
A001851,B00927,Client_B,75,16368.0,2025-09-27,ACTIVE
A001852,B02687,Client_C,90,19848.0,2024-08-24,ACTIVE
A001853,B00937,Client_A,180,28763.0,2024-03-28,ACTIVE
A001854,B02633,Client_C,75,31713.0,2025-11-24,ACTIVE
A001855,B00868,Client_B,75,35436.0,2025-05-25,ACTIVE
A001856,B01519,Client_C,45,16421.0,2024-11-04,ACTIVE
A001857,B01414,Client_C,75,30535.0,2024-03-30,ACTIVE
A001858,B00160,Client_B,75,13937.0,2026-01-14,ACTIVE
A001859,B00568,Client_B,45,19544.0,2025-01-06,ACTIVE
A001860,B00285,Client_B,90,17722.0,2026-04-10,ACTIVE
A001861,B00356,Client_D,15,38266.0,2026-03-31,ACTIVE
A001862,B00331,Client_B,90,8581.0,2025-01-13,ACTIVE
A001863,B00165,Client_A,150,16272.0,2026-03-09,ACTIVE
A001864,B00326,Client_D,45,49613.0,2025-12-20,WRITTEN_OFF
A001865,B00527,Client_A,60,15152.0,2024-07-28,ACTIVE
A001866,B01197,Client_B,120,16674.0,2025-01-13,ACTIVE
A001867,B01133,Client_C,120,46845.0,2024-06-28,ACTIVE
A001868,B00765,Client_A,45,18571.0,2025-01-05,ACTIVE
A001869,B02389,Client_D,150,10972.0,2025-06-04,ACTIVE
A001870,B02094,Client_B,150,36852.0,2024-09-14,ACTIVE
A001871,B01148,Client_C,120,20915.0,2025-10-02,ACTIVE
A001872,B01556,Client_A,120,22269.0,2025-12-30,CLOSED
A001873,B01036,Client_B,45,22037.0,2024-02-18,ACTIVE
A001874,B01601,Client_A,60,13447.0,2025-06-19,ACTIVE
A001875,B00540,Client_B,45,37235.0,2025-01-29,ACTIVE
A001876,B02186,Client_C,120,17430.0,2026-05-21,CLOSED
A001877,B01582,Client_C,60,19494.0,2024-12-03,ACTIVE
A001878,B01078,Client_A,75,24242.0,2025-01-15,ACTIVE
A001879,B00958,Client_D,75,37134.0,2024-04-09,ACTIVE
A001880,B02449,Client_A,15,18881.0,2026-04-14,ACTIVE
A001881,B00776,Client_B,60,17285.0,2024-12-29,ACTIVE
A001882,B01893,Client_C,150,17553.0,2025-03-28,CLOSED
A001883,B01964,Client_B,75,22028.0,2024-08-16,ACTIVE
A001884,B00077,Client_B,60,8635.0,2024-06-19,ACTIVE
A001885,B01132,Client_C,60,34489.0,2024-10-21,ACTIVE
A001886,B00301,Client_B,30,36486.0,2025-08-31,ACTIVE
A001887,B02311,Client_C,120,12201.0,2025-02-11,ACTIVE
A001888,B00768,Client_A,60,30185.0,2024-03-29,ACTIVE
A001889,B00389,Client_A,45,35348.0,2026-01-19,ACTIVE
A001890,B02533,Client_C,30,14255.0,2024-06-23,ACTIVE
A001891,B01633,Client_A,150,19467.0,2025-02-16,ACTIVE
A001892,B02382,Client_C,15,13728.0,2025-01-25,CLOSED
A001893,B01642,Client_C,45,25648.0,2025-02-21,CLOSED
A001894,B01215,Client_B,75,31987.0,2026-03-10,ACTIVE
A001895,B01961,Client_A,15,10703.0,2024-11-01,ACTIVE
A001896,B00934,Client_B,90,21654.0,2025-07-23,ACTIVE
A001897,B01302,Client_B,30,24320.0,2024-07-20,CLOSED
A001898,B01746,Client_A,45,8718.0,2025-08-19,ACTIVE
A001899,B00588,Client_D,60,38337.0,2024-02-17,ACTIVE
A001900,B01369,Client_A,150,22440.0,2025-03-20,ACTIVE
A001901,B01369,Client_A,120,23444.0,2024-06-07,ACTIVE
A001902,B00743,Client_B,45,26633.0,2025-02-15,ACTIVE
A001903,B02617,Client_A,45,20090.0,2025-02-03,ACTIVE
A001904,B01134,Client_C,75,13594.0,2025-08-26,ACTIVE
A001905,B01286,Client_D,150,20919.0,2025-10-18,ACTIVE
A001906,B00528,Client_A,75,21708.0,2024-03-31,ACTIVE
A001907,B00999,Client_C,15,24566.0,2024-09-05,ACTIVE
A001908,B02440,Client_D,15,4428.0,2024-01-24,ACTIVE
A001909,B00474,Client_A,45,21453.0,2024-12-15,ACTIVE
A001910,B02377,Client_A,45,20385.0,2025-06-27,CLOSED
A001911,B01997,Client_A,30,37187.0,2024-10-31,ACTIVE
A001912,B00756,Client_A,75,12426.0,2025-12-26,ACTIVE
A001913,B01193,Client_D,150,22595.0,2025-07-24,ACTIVE
A001914,B02803,Client_B,15,34754.0,2025-08-30,ACTIVE
A001915,B00334,Client_B,60,150991.0,2024-06-01,ACTIVE
A001916,B01735,Client_B,150,17629.0,2024-10-02,ACTIVE
A001917,B01252,Client_B,45,12184.0,2024-06-19,ACTIVE
A001918,B00052,Client_A,150,46826.0,2025-04-16,ACTIVE
A001919,B00188,Client_A,60,56251.0,2024-06-17,ACTIVE
A001920,B01383,Client_B,75,16134.0,2024-06-20,ACTIVE
A001921,B02752,Client_D,60,31447.0,2026-04-11,ACTIVE
A001922,B00175,Client_B,30,13670.0,2025-06-20,WRITTEN_OFF
A001923,B02272,Client_A,60,14284.0,2024-06-26,ACTIVE
A001924,B01141,Client_D,90,28444.0,2024-07-13,ACTIVE
A001925,B02068,Client_C,75,20353.0,2026-01-09,ACTIVE
A001926,B02821,Client_A,120,23660.0,2025-09-29,ACTIVE
A001927,B00014,Client_B,150,21358.0,2025-12-22,ACTIVE
A001928,B01177,Client_D,90,42330.0,2026-01-09,ACTIVE
A001929,B02945,Client_D,120,21427.0,2024-06-09,ACTIVE
A001930,B01082,Client_A,15,19078.0,2025-01-25,ACTIVE
A001931,B01457,Client_B,45,11338.0,2024-09-04,ACTIVE
A001932,B00495,Client_A,60,15127.0,2024-02-10,ACTIVE
A001933,B02186,Client_B,120,15426.0,2024-11-05,ACTIVE
A001934,B02053,Client_A,120,33245.0,2025-10-07,ACTIVE
A001935,B02273,Client_B,90,31024.0,2026-01-10,ACTIVE
A001936,B02770,Client_B,60,37112.0,2024-06-27,ACTIVE
A001937,B00642,Client_D,75,7810.0,2026-04-16,ACTIVE
A001938,B02227,Client_D,60,13097.0,2025-03-07,CLOSED
A001939,B01605,Client_C,75,10546.0,2025-12-26,CLOSED
A001940,B00009,Client_A,90,24216.0,2025-05-12,ACTIVE
A001941,B02051,Client_B,120,37401.0,2026-03-14,ACTIVE
A001942,B00978,Client_A,30,33543.0,2024-04-30,ACTIVE
A001943,B02017,Client_D,60,11446.0,2024-09-19,ACTIVE
A001944,B01728,Client_D,45,13144.0,2026-05-30,ACTIVE
A001945,B00030,Client_A,45,27981.0,2025-12-01,ACTIVE
A001946,B02726,Client_B,120,14573.0,2025-10-31,ACTIVE
A001947,B01182,Client_B,15,27551.0,2025-08-29,ACTIVE
A001948,B02020,Client_B,180,15607.0,2025-08-30,ACTIVE
A001949,B00894,Client_C,15,21881.0,2025-07-23,ACTIVE
A001950,B00859,Client_B,60,14309.0,2025-04-05,WRITTEN_OFF
A001951,B02120,Client_D,180,25314.0,2025-02-23,ACTIVE
A001952,B02012,Client_A,60,10812.0,2025-08-16,ACTIVE
A001953,B02345,Client_B,90,7156.0,2024-10-30,ACTIVE
A001954,B01332,Client_D,120,17865.0,2024-09-18,ACTIVE
A001955,B00296,Client_A,150,20608.0,2026-04-23,ACTIVE
A001956,B02868,Client_A,75,15261.0,2025-06-22,ACTIVE
A001957,B01485,Client_B,60,28277.0,2024-10-29,ACTIVE
A001958,B01182,Client_D,45,39395.0,2025-03-01,ACTIVE
A001959,B02203,Client_B,60,25357.0,2025-04-17,ACTIVE
A001960,B02376,Client_B,15,16937.0,2024-10-31,ACTIVE
A001961,B00317,Client_C,30,19524.0,2025-10-30,ACTIVE
A001962,B00116,Client_C,90,56304.0,2026-05-19,WRITTEN_OFF
A001963,B00633,Client_A,75,18178.0,2025-09-23,ACTIVE
A001964,B00516,Client_C,180,31946.0,2025-07-03,ACTIVE
A001965,B00919,Client_D,75,32094.0,2026-01-30,ACTIVE
A001966,B01440,Client_D,45,33456.0,2025-04-05,ACTIVE
A001967,B01006,Client_A,120,18854.0,2025-11-22,ACTIVE
A001968,B00443,Client_D,150,54095.0,2025-09-05,ACTIVE
A001969,B01523,Client_C,75,42730.0,2025-08-30,ACTIVE
A001970,B01405,Client_B,45,66822.0,2024-08-10,ACTIVE
A001971,B01066,Client_A,150,43645.0,2026-01-04,ACTIVE
A001972,B01481,Client_C,150,45495.0,2024-05-09,ACTIVE
A001973,B00249,Client_A,120,20833.0,2025-08-11,ACTIVE
A001974,B02221,Client_C,90,17288.0,2024-06-08,ACTIVE
A001975,B01327,Client_B,60,38109.0,2024-04-04,ACTIVE
A001976,B01920,Client_B,60,46719.0,2024-01-31,ACTIVE
A001977,B01593,Client_C,45,6420.0,2024-02-13,ACTIVE
A001978,B01422,Client_B,30,28802.0,2025-08-17,ACTIVE
A001979,B02626,Client_A,15,34141.0,2025-08-04,ACTIVE
A001980,B00247,Client_C,180,9681.0,2026-05-12,ACTIVE
A001981,B01744,Client_A,90,15996.0,2026-05-29,ACTIVE
A001982,B02717,Client_C,30,12834.0,2026-04-17,ACTIVE
A001983,B01282,Client_C,45,22814.0,2026-03-07,WRITTEN_OFF
A001984,B01264,Client_A,150,16614.0,2024-12-10,ACTIVE
A001985,B02336,Client_B,45,55789.0,2024-07-12,CLOSED
A001986,B02114,Client_A,15,17978.0,2024-05-22,CLOSED
A001987,B02504,Client_B,180,48893.0,2026-04-28,ACTIVE
A001988,B00304,Client_B,60,28482.0,2024-03-23,ACTIVE
A001989,B00671,Client_B,75,29794.0,2024-01-03,ACTIVE
A001990,B00265,Client_A,45,9286.0,2024-09-18,ACTIVE
A001991,B01247,Client_A,60,52448.0,2025-11-14,ACTIVE
A001992,B01358,Client_B,15,20409.0,2026-03-19,WRITTEN_OFF
A001993,B00379,Client_A,75,20237.0,2025-07-28,ACTIVE
A001994,B02381,Client_C,45,13726.0,2025-12-15,ACTIVE
A001995,B01722,Client_C,30,11207.0,2024-10-25,WRITTEN_OFF
A001996,B02003,Client_A,30,10305.0,2025-08-03,WRITTEN_OFF
A001997,B00782,Client_A,75,23484.0,2024-11-06,ACTIVE
A001998,B01954,Client_D,30,15077.0,2025-11-05,ACTIVE
A001999,B02620,Client_D,60,34222.0,2024-05-09,ACTIVE
A002000,B00119,Client_A,60,13527.0,2024-12-10,ACTIVE
A002001,B02199,Client_C,90,38167.0,2024-03-29,ACTIVE
A002002,B01555,Client_B,75,18538.0,2025-07-11,ACTIVE
A002003,B02335,Client_C,75,9778.0,2024-12-07,ACTIVE
A002004,B01227,Client_C,45,23657.0,2026-01-17,ACTIVE
A002005,B00532,Client_B,75,13204.0,2025-04-23,ACTIVE
A002006,B02510,Client_B,120,16588.0,2025-07-29,ACTIVE
A002007,B01188,Client_B,30,17943.0,2024-05-18,ACTIVE
A002008,B02859,Client_A,120,6395.0,2024-04-25,ACTIVE
A002009,B00614,Client_C,180,26511.0,2025-10-13,CLOSED
A002010,B02871,Client_C,30,12754.0,2024-02-07,ACTIVE
A002011,B02454,Client_B,75,17160.0,2024-04-04,ACTIVE
A002012,B01102,Client_B,45,38460.0,2025-05-11,ACTIVE
A002013,B00406,Client_B,90,29534.0,2024-03-03,ACTIVE
A002014,B00528,Client_A,90,21550.0,2024-11-09,ACTIVE
A002015,B00002,Client_A,150,32899.0,2024-10-15,ACTIVE
A002016,B00487,Client_B,15,18541.0,2024-01-07,ACTIVE
A002017,B01240,Client_D,120,21521.0,2025-12-10,ACTIVE
A002018,B00238,Client_C,30,37277.0,2025-11-05,ACTIVE
A002019,B02129,Client_A,30,8914.0,2024-05-11,CLOSED
A002020,B00793,Client_B,75,31208.0,2024-10-25,ACTIVE
A002021,B00695,Client_D,60,18349.0,2024-04-13,ACTIVE
A002022,B02223,Client_D,60,46446.0,2025-12-18,ACTIVE
A002023,B02692,Client_A,75,14806.0,2024-05-08,CLOSED
A002024,B01843,Client_C,30,14775.0,2024-11-13,ACTIVE
A002025,B02084,Client_B,60,81249.0,2025-08-26,ACTIVE
A002026,B00670,Client_D,120,16044.0,2025-01-06,CLOSED
A002027,B02479,Client_A,150,33824.0,2025-03-12,ACTIVE
A002028,B01373,Client_D,120,15893.0,2025-02-02,WRITTEN_OFF
A002029,B02479,Client_A,150,29499.0,2024-04-19,ACTIVE
A002030,B02915,Client_A,120,18919.0,2024-03-17,ACTIVE
A002031,B01524,Client_A,90,21609.0,2024-02-12,ACTIVE
A002032,B02357,Client_B,150,16123.0,2024-03-15,ACTIVE
A002033,B00285,Client_B,30,20497.0,2025-12-12,ACTIVE
A002034,B00255,Client_D,45,14219.0,2025-11-04,ACTIVE
A002035,B02151,Client_C,90,25707.0,2025-12-12,ACTIVE
A002036,B00121,Client_A,120,9569.0,2025-12-21,ACTIVE
A002037,B00555,Client_B,30,43918.0,2024-09-29,ACTIVE
A002038,B02964,Client_A,60,6057.0,2026-04-18,ACTIVE
A002039,B02789,Client_D,45,17738.0,2024-01-09,ACTIVE
A002040,B02756,Client_B,150,24576.0,2025-08-12,ACTIVE
A002041,B01759,Client_C,60,25659.0,2024-03-11,ACTIVE
A002042,B00451,Client_D,75,13739.0,2024-11-28,ACTIVE
A002043,B00017,Client_A,90,16035.0,2026-03-19,CLOSED
A002044,B02481,Client_B,75,14195.0,2024-09-29,ACTIVE
A002045,B02499,Client_D,15,43534.0,2024-08-16,CLOSED
A002046,B00940,Client_B,90,14763.0,2025-10-09,ACTIVE
A002047,B02952,Client_B,15,26634.0,2024-03-12,ACTIVE
A002048,B02323,Client_A,90,37999.0,2024-02-04,CLOSED
A002049,B02131,Client_A,30,13842.0,2025-07-19,ACTIVE
A002050,B02906,Client_A,45,16394.0,2024-03-17,ACTIVE
A002051,B01804,Client_A,60,14244.0,2024-05-21,ACTIVE
A002052,B00822,Client_C,30,26915.0,2025-11-01,ACTIVE
A002053,B02884,Client_B,180,43575.0,2024-03-21,ACTIVE
A002054,B02631,Client_C,150,21554.0,2026-01-21,CLOSED
A002055,B02289,Client_D,90,36637.0,2024-10-06,ACTIVE
A002056,B00388,Client_C,15,25385.0,2025-07-14,ACTIVE
A002057,B02302,Client_A,90,22730.0,2024-01-04,ACTIVE
A002058,B00705,Client_A,120,29435.0,2025-05-25,ACTIVE
A002059,B00637,Client_A,15,15651.0,2025-08-03,CLOSED
A002060,B02909,Client_C,30,41016.0,2025-07-23,ACTIVE
A002061,B00362,Client_B,75,19599.0,2025-10-23,ACTIVE
A002062,B00895,Client_A,60,11833.0,2025-11-30,ACTIVE
A002063,B01988,Client_B,60,22987.0,2024-04-26,ACTIVE
A002064,B02033,Client_A,90,23291.0,2025-11-08,ACTIVE
A002065,B00431,Client_B,90,12923.0,2026-02-15,ACTIVE
A002066,B01856,Client_B,120,33663.0,2025-01-28,ACTIVE
A002067,B00394,Client_A,75,8371.0,2025-08-24,ACTIVE
A002068,B00188,Client_D,90,12966.0,2024-04-23,ACTIVE
A002069,B01661,Client_A,180,20075.0,2025-12-18,ACTIVE
A002070,B02063,Client_B,120,35197.0,2025-09-15,ACTIVE
A002071,B02049,Client_A,30,10882.0,2026-02-03,ACTIVE
A002072,B00728,Client_A,90,18458.0,2026-03-05,ACTIVE
A002073,B02833,Client_B,90,12536.0,2024-12-27,ACTIVE
A002074,B00459,Client_B,90,14807.0,2025-08-24,ACTIVE
A002075,B01301,Client_B,75,11042.0,2024-06-19,ACTIVE
A002076,B01606,Client_A,60,5940.0,2025-04-15,ACTIVE
A002077,B02940,Client_C,90,13459.0,2025-10-06,ACTIVE
A002078,B01325,Client_D,90,34133.0,2025-02-07,WRITTEN_OFF
A002079,B00735,Client_A,75,7942.0,2026-03-14,ACTIVE
A002080,B00859,Client_A,60,12584.0,2024-05-09,ACTIVE
A002081,B02052,Client_A,75,15639.0,2024-07-17,ACTIVE
A002082,B00181,Client_A,120,22680.0,2024-09-26,CLOSED
A002083,B01361,Client_A,120,12768.0,2025-04-22,ACTIVE
A002084,B01872,Client_B,60,25248.0,2025-09-09,ACTIVE
A002085,B01086,Client_A,30,32413.0,2024-05-24,ACTIVE
A002086,B02918,Client_A,30,11323.0,2026-05-04,CLOSED
A002087,B02079,Client_D,75,21371.0,2025-04-05,ACTIVE
A002088,B02394,Client_A,30,6900.0,2024-07-15,WRITTEN_OFF
A002089,B02979,Client_D,90,48264.0,2026-02-06,ACTIVE
A002090,B00221,Client_C,45,17513.0,2025-05-31,ACTIVE
A002091,B00679,Client_C,45,11973.0,2024-01-01,ACTIVE
A002092,B00281,Client_B,90,43358.0,2025-02-15,ACTIVE
A002093,B00174,Client_C,90,9922.0,2026-04-06,ACTIVE
A002094,B02286,Client_C,45,8190.0,2024-07-21,CLOSED
A002095,B01534,Client_C,30,14899.0,2024-10-03,CLOSED
A002096,B01982,Client_D,60,8010.0,2024-01-18,ACTIVE
A002097,B00932,Client_B,60,18452.0,2026-03-24,ACTIVE
A002098,B01058,Client_B,75,19479.0,2025-08-19,ACTIVE
A002099,B01523,Client_A,90,22195.0,2024-01-03,ACTIVE
A002100,B00357,Client_D,75,7416.0,2024-05-17,ACTIVE
A002101,B01435,Client_A,120,16107.0,2026-03-11,ACTIVE
A002102,B00008,Client_A,60,20088.0,2024-03-28,ACTIVE
A002103,B01812,Client_A,15,59613.0,2025-05-24,ACTIVE
A002104,B02542,Client_A,90,31908.0,2025-01-14,ACTIVE
A002105,B02417,Client_C,90,24156.0,2025-04-25,ACTIVE
A002106,B01463,Client_C,45,27220.0,2025-05-03,ACTIVE
A002107,B02965,Client_A,45,38480.0,2024-01-30,ACTIVE
A002108,B02893,Client_D,90,14384.0,2025-05-20,ACTIVE
A002109,B00782,Client_D,120,69176.0,2025-11-07,CLOSED
A002110,B01907,Client_B,60,46070.0,2024-03-09,WRITTEN_OFF
A002111,B01020,Client_C,90,7792.0,2025-05-31,ACTIVE
A002112,B01660,Client_B,150,12847.0,2024-11-02,ACTIVE
A002113,B01478,Client_B,45,10949.0,2024-12-24,ACTIVE
A002114,B02512,Client_B,75,32336.0,2025-06-07,CLOSED
A002115,B02099,Client_D,45,20111.0,2026-04-18,ACTIVE
A002116,B02770,Client_D,60,35646.0,2026-02-27,ACTIVE
A002117,B00517,Client_B,45,13741.0,2025-01-13,ACTIVE
A002118,B00196,Client_B,75,16006.0,2025-01-07,ACTIVE
A002119,B02706,Client_C,15,18391.0,2026-05-16,ACTIVE
A002120,B02003,Client_A,75,32125.0,2026-03-17,ACTIVE
A002121,B01588,Client_C,75,40296.0,2025-08-15,CLOSED
A002122,B02602,Client_A,15,15243.0,2026-05-28,ACTIVE
A002123,B01556,Client_B,150,14290.0,2026-04-16,WRITTEN_OFF
A002124,B01567,Client_A,30,25510.0,2024-02-21,WRITTEN_OFF
A002125,B00044,Client_B,45,15606.0,2024-07-12,ACTIVE
A002126,B00701,Client_C,60,26177.0,2026-01-24,ACTIVE
A002127,B02934,Client_B,120,23567.0,2026-02-21,ACTIVE
A002128,B01041,Client_A,75,19269.0,2024-02-01,ACTIVE
A002129,B02219,Client_D,30,13303.0,2025-09-04,CLOSED
A002130,B01827,Client_C,90,11365.0,2026-05-13,ACTIVE
A002131,B00537,Client_A,30,11755.0,2025-06-21,ACTIVE
A002132,B01686,Client_A,60,15979.0,2025-12-30,ACTIVE
A002133,B01142,Client_A,75,24285.0,2024-08-12,ACTIVE
A002134,B02022,Client_A,30,20632.0,2024-06-30,ACTIVE
A002135,B00604,Client_C,120,8465.0,2024-12-01,ACTIVE
A002136,B02435,Client_B,120,19053.0,2026-01-19,ACTIVE
A002137,B01886,Client_B,60,37750.0,2025-09-15,ACTIVE
A002138,B00055,Client_C,60,16039.0,2025-02-25,ACTIVE
A002139,B01847,Client_A,60,10183.0,2025-11-21,ACTIVE
A002140,B01423,Client_C,30,26590.0,2025-11-02,ACTIVE
A002141,B01108,Client_C,150,16184.0,2024-06-27,CLOSED
A002142,B00579,Client_A,60,45270.0,2025-11-30,ACTIVE
A002143,B01686,Client_D,90,55584.0,2026-01-29,ACTIVE
A002144,B01882,Client_C,60,16740.0,2025-06-11,ACTIVE
A002145,B01753,Client_B,30,33257.0,2024-08-24,ACTIVE
A002146,B00805,Client_B,150,46937.0,2025-01-09,CLOSED
A002147,B00165,Client_C,90,56886.0,2026-01-19,ACTIVE
A002148,B00991,Client_B,90,14069.0,2026-02-06,ACTIVE
A002149,B00407,Client_B,75,16527.0,2024-09-18,ACTIVE
A002150,B00474,Client_D,90,17839.0,2024-12-16,ACTIVE
A002151,B00719,Client_C,120,22035.0,2024-05-12,ACTIVE
A002152,B01020,Client_C,45,11885.0,2025-11-20,CLOSED
A002153,B00016,Client_A,90,5665.0,2024-06-06,ACTIVE
A002154,B01435,Client_C,90,5661.0,2025-09-14,ACTIVE
A002155,B00753,Client_B,75,19954.0,2024-11-14,ACTIVE
A002156,B02858,Client_B,120,26660.0,2024-10-20,CLOSED
A002157,B00846,Client_B,45,17318.0,2024-07-28,WRITTEN_OFF
A002158,B00259,Client_C,75,20551.0,2024-08-21,ACTIVE
A002159,B02664,Client_D,150,28514.0,2024-04-03,ACTIVE
A002160,B01049,Client_B,30,18538.0,2024-10-29,CLOSED
A002161,B00500,Client_B,75,8679.0,2025-04-29,ACTIVE
A002162,B02283,Client_A,120,46773.0,2025-12-18,ACTIVE
A002163,B02855,Client_A,150,26730.0,2025-06-15,ACTIVE
A002164,B00925,Client_B,120,37223.0,2024-04-08,ACTIVE
A002165,B01551,Client_C,45,30280.0,2025-09-26,ACTIVE
A002166,B02556,Client_A,60,46921.0,2024-12-07,CLOSED
A002167,B02917,Client_A,90,22610.0,2024-02-05,ACTIVE
A002168,B01725,Client_A,60,37770.0,2025-10-09,ACTIVE
A002169,B02094,Client_B,120,19713.0,2024-01-09,ACTIVE
A002170,B01877,Client_C,60,91044.0,2024-07-14,CLOSED
A002171,B00244,Client_D,60,14149.0,2025-01-13,CLOSED
A002172,B01013,Client_C,150,17674.0,2025-04-24,ACTIVE
A002173,B02747,Client_C,45,10467.0,2025-09-27,ACTIVE
A002174,B01491,Client_A,60,17580.0,2025-10-05,ACTIVE
A002175,B00333,Client_B,30,16519.0,2025-11-06,ACTIVE
A002176,B01944,Client_D,180,17016.0,2024-05-17,ACTIVE
A002177,B01398,Client_B,75,29618.0,2024-01-16,CLOSED
A002178,B00998,Client_A,120,47062.0,2024-02-14,CLOSED
A002179,B02634,Client_B,15,53523.0,2025-12-01,ACTIVE
A002180,B00520,Client_B,75,21860.0,2024-01-25,ACTIVE
A002181,B02208,Client_B,180,20752.0,2025-11-03,ACTIVE
A002182,B02952,Client_D,90,32271.0,2024-10-14,ACTIVE
A002183,B00220,Client_C,120,17435.0,2024-11-09,ACTIVE
A002184,B02553,Client_B,15,9688.0,2026-02-24,ACTIVE
A002185,B00333,Client_A,45,12584.0,2025-04-03,ACTIVE
A002186,B01450,Client_C,60,28571.0,2024-03-17,ACTIVE
A002187,B00289,Client_A,60,11797.0,2026-01-19,ACTIVE
A002188,B00590,Client_B,15,34151.0,2024-04-04,ACTIVE
A002189,B00963,Client_B,75,23420.0,2025-06-01,ACTIVE
A002190,B02013,Client_B,75,15524.0,2024-02-21,ACTIVE
A002191,B01532,Client_C,150,24989.0,2026-01-10,ACTIVE
A002192,B01240,Client_A,15,19469.0,2024-02-20,ACTIVE
A002193,B02632,Client_C,30,14070.0,2024-02-17,ACTIVE
A002194,B00836,Client_A,30,40878.0,2025-01-03,ACTIVE
A002195,B01580,Client_C,90,9151.0,2024-06-30,ACTIVE
A002196,B01756,Client_C,60,9034.0,2024-10-06,ACTIVE
A002197,B00481,Client_A,180,28711.0,2026-04-28,ACTIVE
A002198,B01261,Client_D,30,14097.0,2024-05-11,ACTIVE
A002199,B01198,Client_C,15,19350.0,2024-02-07,CLOSED
A002200,B02613,Client_B,60,19672.0,2024-06-22,ACTIVE
A002201,B01577,Client_B,60,20375.0,2024-05-31,ACTIVE
A002202,B01407,Client_B,75,12602.0,2026-05-11,ACTIVE
A002203,B01012,Client_A,45,77048.0,2024-05-13,ACTIVE
A002204,B02605,Client_B,180,26549.0,2024-02-21,ACTIVE
A002205,B01698,Client_C,90,18901.0,2025-06-23,ACTIVE
A002206,B02555,Client_A,75,14835.0,2024-03-05,ACTIVE
A002207,B02012,Client_B,180,29825.0,2024-10-03,CLOSED
A002208,B00804,Client_B,90,21494.0,2026-01-16,ACTIVE
A002209,B01565,Client_C,90,25241.0,2025-06-06,ACTIVE
A002210,B01504,Client_B,15,27180.0,2024-07-13,WRITTEN_OFF
A002211,B00472,Client_A,120,15373.0,2026-03-14,ACTIVE
A002212,B00243,Client_B,90,27512.0,2026-04-21,ACTIVE
A002213,B02272,Client_B,180,13442.0,2025-07-20,ACTIVE
A002214,B02996,Client_B,60,22614.0,2025-07-12,ACTIVE
A002215,B00472,Client_A,45,45920.0,2025-12-12,ACTIVE
A002216,B00750,Client_C,150,12327.0,2025-03-07,ACTIVE
A002217,B02549,Client_D,45,28845.0,2024-08-21,CLOSED
A002218,B02050,Client_B,45,17039.0,2025-03-10,ACTIVE
A002219,B01658,Client_A,90,12708.0,2024-02-01,ACTIVE
A002220,B00515,Client_B,75,13638.0,2024-10-16,ACTIVE
A002221,B01606,Client_A,90,53991.0,2025-01-16,ACTIVE
A002222,B02893,Client_A,120,63174.0,2025-05-11,ACTIVE
A002223,B01624,Client_A,150,21190.0,2025-01-24,ACTIVE
A002224,B00655,Client_B,75,11278.0,2025-04-11,ACTIVE
A002225,B02606,Client_D,180,18903.0,2025-09-15,WRITTEN_OFF
A002226,B02027,Client_D,45,12273.0,2024-10-07,ACTIVE
A002227,B01770,Client_C,75,48533.0,2024-11-04,ACTIVE
A002228,B01073,Client_B,15,11108.0,2024-01-20,CLOSED
A002229,B02147,Client_C,45,22545.0,2026-03-18,ACTIVE
A002230,B01553,Client_C,45,23710.0,2024-12-27,ACTIVE
A002231,B02770,Client_B,45,28173.0,2024-11-25,ACTIVE
A002232,B01122,Client_A,120,28868.0,2025-05-27,WRITTEN_OFF
A002233,B01574,Client_A,120,17134.0,2024-06-30,ACTIVE
A002234,B00550,Client_A,75,20593.0,2024-02-11,WRITTEN_OFF
A002235,B00732,Client_A,60,18882.0,2026-02-07,ACTIVE
A002236,B01976,Client_C,60,15849.0,2025-12-21,ACTIVE
A002237,B00630,Client_D,60,9499.0,2024-09-07,ACTIVE
A002238,B01411,Client_D,150,12704.0,2024-04-25,ACTIVE
A002239,B01887,Client_A,30,31137.0,2024-12-14,ACTIVE
A002240,B00089,Client_D,75,10078.0,2024-08-19,ACTIVE
A002241,B02049,Client_C,90,11695.0,2025-09-01,ACTIVE
A002242,B02036,Client_A,150,23565.0,2026-02-05,WRITTEN_OFF
A002243,B02648,Client_A,30,47088.0,2024-01-30,ACTIVE
A002244,B01122,Client_C,75,11027.0,2025-04-25,ACTIVE
A002245,B02157,Client_A,45,38785.0,2025-03-12,ACTIVE
A002246,B02213,Client_A,120,14386.0,2025-10-10,ACTIVE
A002247,B01348,Client_A,75,12148.0,2024-10-30,ACTIVE
A002248,B01785,Client_A,30,19832.0,2025-03-13,ACTIVE
A002249,B01101,Client_A,120,27975.0,2025-07-08,ACTIVE
A002250,B00916,Client_C,75,22157.0,2025-10-19,ACTIVE
A002251,B02195,Client_D,120,11802.0,2025-11-14,ACTIVE
A002252,B02573,Client_D,45,14397.0,2025-10-14,ACTIVE
A002253,B02834,Client_A,30,46955.0,2025-12-16,ACTIVE
A002254,B01593,Client_C,30,15787.0,2025-04-29,ACTIVE
A002255,B02063,Client_C,60,57908.0,2025-09-16,CLOSED
A002256,B01254,Client_A,15,24110.0,2024-09-18,ACTIVE
A002257,B00861,Client_A,90,12502.0,2025-02-24,ACTIVE
A002258,B01591,Client_B,150,10192.0,2026-02-12,ACTIVE
A002259,B00008,Client_C,15,12071.0,2024-10-05,ACTIVE
A002260,B00174,Client_A,45,21302.0,2025-08-19,CLOSED
A002261,B00273,Client_C,180,23763.0,2025-11-24,WRITTEN_OFF
A002262,B02556,Client_D,60,17851.0,2024-01-22,ACTIVE
A002263,B00927,Client_D,60,32630.0,2025-10-26,ACTIVE
A002264,B01350,Client_A,30,24514.0,2025-06-16,CLOSED
A002265,B01830,Client_A,90,47784.0,2025-09-12,ACTIVE
A002266,B01177,Client_A,90,29975.0,2025-11-02,ACTIVE
A002267,B01604,Client_C,45,21814.0,2024-05-05,ACTIVE
A002268,B01240,Client_C,90,25450.0,2024-06-22,ACTIVE
A002269,B00719,Client_C,45,20770.0,2024-10-06,ACTIVE
A002270,B01393,Client_A,45,18257.0,2024-10-25,ACTIVE
A002271,B02517,Client_A,60,40246.0,2024-06-23,ACTIVE
A002272,B02502,Client_C,15,48882.0,2024-06-12,ACTIVE
A002273,B00164,Client_B,90,25243.0,2024-05-08,ACTIVE
A002274,B00486,Client_B,30,70156.0,2024-09-15,ACTIVE
A002275,B00108,Client_B,60,35335.0,2024-02-06,ACTIVE
A002276,B00305,Client_A,15,15545.0,2025-05-23,ACTIVE
A002277,B02251,Client_D,90,20993.0,2024-11-23,ACTIVE
A002278,B02188,Client_D,150,30485.0,2024-09-26,ACTIVE
A002279,B02931,Client_B,90,17272.0,2025-11-03,CLOSED
A002280,B02387,Client_C,120,30502.0,2025-03-02,WRITTEN_OFF
A002281,B01067,Client_A,75,56568.0,2026-01-18,WRITTEN_OFF
A002282,B02618,Client_A,150,33970.0,2024-06-14,CLOSED
A002283,B02713,Client_B,15,17153.0,2025-01-28,ACTIVE
A002284,B02479,Client_A,60,36644.0,2025-08-27,ACTIVE
A002285,B02672,Client_C,30,23030.0,2024-06-30,ACTIVE
A002286,B02968,Client_A,120,22459.0,2026-05-04,ACTIVE
A002287,B01950,Client_A,120,56517.0,2024-02-06,CLOSED
A002288,B01044,Client_C,60,39362.0,2025-05-29,CLOSED
A002289,B01492,Client_C,90,22984.0,2024-01-08,ACTIVE
A002290,B00462,Client_C,60,82833.0,2026-05-23,ACTIVE
A002291,B00066,Client_B,150,23106.0,2024-06-05,ACTIVE
A002292,B01713,Client_D,30,47848.0,2024-12-15,ACTIVE
A002293,B01031,Client_B,75,20182.0,2025-03-31,CLOSED
A002294,B00173,Client_B,15,10298.0,2025-08-12,ACTIVE
A002295,B02202,Client_D,75,18419.0,2026-05-16,ACTIVE
A002296,B02550,Client_B,60,29897.0,2025-07-23,ACTIVE
A002297,B00506,Client_A,75,11496.0,2024-12-20,ACTIVE
A002298,B01882,Client_A,90,15240.0,2025-06-12,ACTIVE
A002299,B00288,Client_A,75,41708.0,2025-12-05,ACTIVE
A002300,B02007,Client_B,45,20417.0,2025-04-14,CLOSED
A002301,B02093,Client_A,90,33200.0,2025-07-11,CLOSED
A002302,B00011,Client_B,90,46692.0,2025-02-02,CLOSED
A002303,B01622,Client_A,60,33645.0,2024-06-09,ACTIVE
A002304,B02261,Client_A,75,15481.0,2026-03-03,CLOSED
A002305,B01731,Client_B,30,17400.0,2024-02-24,ACTIVE
A002306,B00428,Client_C,15,6806.0,2025-12-28,ACTIVE
A002307,B02274,Client_A,180,26843.0,2025-04-17,ACTIVE
A002308,B01534,Client_C,60,39339.0,2026-04-02,ACTIVE
A002309,B02634,Client_A,75,15827.0,2026-01-25,CLOSED
A002310,B02983,Client_C,120,18416.0,2026-03-30,ACTIVE
A002311,B00860,Client_D,180,15198.0,2024-10-22,ACTIVE
A002312,B01759,Client_A,45,31716.0,2025-04-30,ACTIVE
A002313,B00745,Client_B,45,15235.0,2025-06-26,ACTIVE
A002314,B00262,Client_A,120,16539.0,2026-02-22,ACTIVE
A002315,B01500,Client_B,45,17830.0,2025-10-11,ACTIVE
A002316,B01743,Client_A,120,39311.0,2025-03-16,ACTIVE
A002317,B01077,Client_A,15,49845.0,2026-02-23,ACTIVE
A002318,B02550,Client_A,45,25606.0,2025-05-03,ACTIVE
A002319,B01057,Client_B,45,8954.0,2026-01-12,ACTIVE
A002320,B02232,Client_A,90,20524.0,2024-03-02,ACTIVE
A002321,B01432,Client_C,90,11191.0,2025-03-14,ACTIVE
A002322,B02139,Client_A,30,28875.0,2025-11-11,CLOSED
A002323,B00713,Client_B,60,13985.0,2024-04-24,ACTIVE
A002324,B01311,Client_C,180,34423.0,2025-08-21,ACTIVE
A002325,B01194,Client_D,15,16611.0,2025-05-25,ACTIVE
A002326,B00438,Client_A,75,17976.0,2025-08-16,CLOSED
A002327,B01798,Client_C,30,19563.0,2024-03-07,ACTIVE
A002328,B02565,Client_A,150,39594.0,2026-05-11,CLOSED
A002329,B00902,Client_A,75,19905.0,2025-11-27,ACTIVE
A002330,B01933,Client_B,90,20689.0,2025-03-07,ACTIVE
A002331,B01496,Client_C,180,22279.0,2026-04-19,CLOSED
A002332,B01836,Client_C,150,68992.0,2024-11-18,ACTIVE
A002333,B00360,Client_A,90,19605.0,2026-02-11,ACTIVE
A002334,B02081,Client_A,75,14101.0,2024-08-30,ACTIVE
A002335,B01103,Client_D,45,25442.0,2024-08-10,ACTIVE
A002336,B01969,Client_B,75,18963.0,2025-11-13,ACTIVE
A002337,B02058,Client_B,60,33110.0,2025-11-10,ACTIVE
A002338,B01886,Client_A,60,8425.0,2025-07-13,ACTIVE
A002339,B00041,Client_D,45,41985.0,2024-07-22,ACTIVE
A002340,B02638,Client_A,45,21848.0,2026-05-02,ACTIVE
A002341,B02615,Client_A,180,12374.0,2024-07-27,ACTIVE
A002342,B00478,Client_A,90,21248.0,2024-11-27,ACTIVE
A002343,B00242,Client_A,45,25260.0,2026-02-14,ACTIVE
A002344,B01887,Client_A,150,9523.0,2026-05-06,ACTIVE
A002345,B00115,Client_A,60,11219.0,2026-04-05,ACTIVE
A002346,B01607,Client_A,75,9398.0,2025-10-07,ACTIVE
A002347,B00217,Client_D,15,27872.0,2024-02-28,ACTIVE
A002348,B02622,Client_D,30,146077.0,2024-08-29,ACTIVE
A002349,B01256,Client_A,90,15842.0,2024-01-29,ACTIVE
A002350,B00513,Client_A,45,18735.0,2025-10-17,ACTIVE
A002351,B02281,Client_B,60,7062.0,2026-03-15,ACTIVE
A002352,B01527,Client_A,90,25974.0,2024-11-25,ACTIVE
A002353,B01509,Client_A,45,44481.0,2024-03-31,ACTIVE
A002354,B02431,Client_A,120,31325.0,2026-05-28,CLOSED
A002355,B01670,Client_B,90,14533.0,2026-02-17,WRITTEN_OFF
A002356,B02313,Client_C,150,16101.0,2026-05-22,ACTIVE
A002357,B01564,Client_A,150,33834.0,2025-07-19,ACTIVE
A002358,B00352,Client_B,45,20839.0,2025-07-02,CLOSED
A002359,B00382,Client_B,45,24655.0,2025-08-27,ACTIVE
A002360,B02516,Client_C,75,39158.0,2026-01-12,ACTIVE
A002361,B02406,Client_B,120,6558.0,2026-03-10,CLOSED
A002362,B01118,Client_B,30,25755.0,2024-11-24,ACTIVE
A002363,B01002,Client_A,120,33717.0,2026-01-24,ACTIVE
A002364,B01167,Client_C,120,27653.0,2025-01-31,ACTIVE
A002365,B02081,Client_A,75,16730.0,2025-12-01,ACTIVE
A002366,B01929,Client_A,45,19927.0,2025-10-28,ACTIVE
A002367,B01957,Client_B,150,45329.0,2024-01-17,CLOSED
A002368,B01337,Client_A,30,12718.0,2026-04-19,ACTIVE
A002369,B01738,Client_A,45,17714.0,2024-10-29,ACTIVE
A002370,B02180,Client_C,60,25160.0,2025-09-13,ACTIVE
A002371,B00615,Client_B,45,15985.0,2025-05-17,ACTIVE
A002372,B01355,Client_A,60,21303.0,2025-06-25,ACTIVE
A002373,B00795,Client_A,60,7457.0,2025-12-28,WRITTEN_OFF
A002374,B00641,Client_D,90,27106.0,2024-03-20,ACTIVE
A002375,B01100,Client_B,180,25424.0,2025-11-05,CLOSED
A002376,B01803,Client_B,120,40166.0,2024-01-10,ACTIVE
A002377,B01409,Client_A,120,30739.0,2024-08-24,ACTIVE
A002378,B01510,Client_B,45,127070.0,2024-05-03,ACTIVE
A002379,B00898,Client_A,75,14083.0,2024-01-03,ACTIVE
A002380,B02753,Client_C,45,27621.0,2026-03-06,ACTIVE
A002381,B02321,Client_D,30,10110.0,2024-11-07,ACTIVE
A002382,B01257,Client_A,75,9101.0,2025-10-11,ACTIVE
A002383,B01423,Client_C,90,21349.0,2026-02-16,ACTIVE
A002384,B01090,Client_A,60,14708.0,2024-03-11,ACTIVE
A002385,B00967,Client_D,150,8576.0,2026-05-30,ACTIVE
A002386,B00272,Client_B,75,13194.0,2026-05-24,ACTIVE
A002387,B00191,Client_D,60,41074.0,2025-11-23,ACTIVE
A002388,B00507,Client_A,120,10307.0,2025-02-18,ACTIVE
A002389,B00905,Client_D,120,89554.0,2026-04-28,ACTIVE
A002390,B00635,Client_C,60,14252.0,2024-11-25,ACTIVE
A002391,B02383,Client_D,150,9267.0,2024-10-05,WRITTEN_OFF
A002392,B00475,Client_B,30,20138.0,2025-04-12,ACTIVE
A002393,B00565,Client_A,75,22230.0,2026-04-14,ACTIVE
A002394,B00350,Client_A,60,38361.0,2025-09-23,ACTIVE
A002395,B01533,Client_A,180,14246.0,2025-06-11,ACTIVE
A002396,B02902,Client_B,30,35057.0,2025-01-19,ACTIVE
A002397,B02337,Client_A,75,24188.0,2024-06-07,ACTIVE
A002398,B01429,Client_A,75,39881.0,2024-02-09,ACTIVE
A002399,B00078,Client_B,45,25453.0,2025-03-31,ACTIVE
A002400,B02224,Client_A,45,11308.0,2025-11-01,ACTIVE
A002401,B02858,Client_B,30,79144.0,2024-09-30,CLOSED
A002402,B00004,Client_A,150,22158.0,2024-12-15,ACTIVE
A002403,B01125,Client_D,15,12727.0,2024-07-08,ACTIVE
A002404,B02248,Client_A,15,20572.0,2024-07-18,CLOSED
A002405,B00028,Client_B,45,29590.0,2025-05-29,ACTIVE
A002406,B02291,Client_B,60,28149.0,2026-03-19,ACTIVE
A002407,B01568,Client_D,120,19569.0,2024-07-13,ACTIVE
A002408,B01564,Client_A,120,16375.0,2024-01-25,ACTIVE
A002409,B02946,Client_A,90,27568.0,2024-08-09,ACTIVE
A002410,B02139,Client_A,60,18793.0,2025-03-15,ACTIVE
A002411,B00839,Client_C,60,26162.0,2024-10-05,WRITTEN_OFF
A002412,B01555,Client_C,30,20321.0,2025-02-27,ACTIVE
A002413,B02691,Client_A,90,20656.0,2024-11-08,ACTIVE
A002414,B02632,Client_A,90,15424.0,2025-04-05,ACTIVE
A002415,B00026,Client_D,45,53434.0,2024-12-09,ACTIVE
A002416,B02473,Client_B,30,22937.0,2025-08-04,ACTIVE
A002417,B00687,Client_A,90,43334.0,2024-05-19,ACTIVE
A002418,B02031,Client_B,15,10060.0,2025-02-10,ACTIVE
A002419,B00244,Client_C,45,60264.0,2025-08-07,ACTIVE
A002420,B02745,Client_A,60,43007.0,2024-01-06,WRITTEN_OFF
A002421,B02817,Client_B,75,23941.0,2025-02-25,ACTIVE
A002422,B01565,Client_A,150,23451.0,2025-05-30,CLOSED
A002423,B01562,Client_C,60,13833.0,2025-08-19,ACTIVE
A002424,B00956,Client_B,60,12488.0,2025-08-24,ACTIVE
A002425,B00587,Client_A,180,23165.0,2025-08-29,ACTIVE
A002426,B02944,Client_B,75,17423.0,2024-04-02,ACTIVE
A002427,B02199,Client_B,120,16371.0,2025-01-21,CLOSED
A002428,B01349,Client_B,90,28363.0,2024-01-02,ACTIVE
A002429,B00416,Client_A,15,13299.0,2024-09-16,CLOSED
A002430,B02140,Client_D,15,8599.0,2025-12-06,ACTIVE
A002431,B02054,Client_D,120,19252.0,2025-09-08,ACTIVE
A002432,B00390,Client_A,90,26032.0,2026-04-09,ACTIVE
A002433,B02366,Client_A,120,25489.0,2024-04-16,ACTIVE
A002434,B01766,Client_C,60,28594.0,2026-04-08,ACTIVE
A002435,B02236,Client_A,60,7936.0,2024-07-06,ACTIVE
A002436,B00535,Client_C,60,27675.0,2025-02-13,ACTIVE
A002437,B02603,Client_C,90,50609.0,2026-05-24,CLOSED
A002438,B00027,Client_B,60,18209.0,2024-10-09,CLOSED
A002439,B00937,Client_C,60,23392.0,2024-05-19,CLOSED
A002440,B02072,Client_B,45,19864.0,2025-02-15,ACTIVE
A002441,B01309,Client_C,75,31647.0,2024-11-08,ACTIVE
A002442,B02555,Client_C,45,19389.0,2026-04-17,ACTIVE
A002443,B02691,Client_C,150,32172.0,2025-11-16,CLOSED
A002444,B02185,Client_A,60,15159.0,2024-09-21,ACTIVE
A002445,B01335,Client_A,90,12747.0,2025-10-18,ACTIVE
A002446,B00349,Client_B,120,6690.0,2025-03-15,ACTIVE
A002447,B02443,Client_B,75,15937.0,2024-01-09,ACTIVE
A002448,B02210,Client_D,45,20614.0,2024-02-08,ACTIVE
A002449,B02476,Client_C,120,27251.0,2024-01-22,ACTIVE
A002450,B02736,Client_C,90,32318.0,2025-05-05,CLOSED
A002451,B02413,Client_C,15,19207.0,2024-02-17,ACTIVE
A002452,B02654,Client_C,75,14620.0,2025-09-30,ACTIVE
A002453,B02024,Client_C,45,32569.0,2025-01-15,CLOSED
A002454,B01085,Client_A,30,24797.0,2024-04-02,ACTIVE
A002455,B00462,Client_D,90,71499.0,2026-01-24,ACTIVE
A002456,B01926,Client_A,75,5570.0,2025-06-01,ACTIVE
A002457,B02718,Client_B,15,30881.0,2025-06-14,ACTIVE
A002458,B01782,Client_D,45,31879.0,2025-10-01,ACTIVE
A002459,B02448,Client_C,90,36253.0,2024-02-25,ACTIVE
A002460,B01577,Client_B,30,29892.0,2025-07-12,ACTIVE
A002461,B00192,Client_A,45,97171.0,2025-08-08,ACTIVE
A002462,B01636,Client_A,180,15037.0,2026-01-07,ACTIVE
A002463,B00051,Client_B,60,52863.0,2025-05-02,WRITTEN_OFF
A002464,B00355,Client_B,60,22652.0,2025-12-19,ACTIVE
A002465,B00991,Client_C,60,25525.0,2024-05-16,ACTIVE
A002466,B02895,Client_A,120,23157.0,2024-01-11,ACTIVE
A002467,B02483,Client_B,15,42093.0,2024-08-24,ACTIVE
A002468,B02428,Client_D,120,17157.0,2025-02-27,ACTIVE
A002469,B02863,Client_A,60,14274.0,2025-10-09,ACTIVE
A002470,B00638,Client_C,90,13966.0,2026-03-26,ACTIVE
A002471,B01459,Client_B,45,30929.0,2025-04-27,ACTIVE
A002472,B01746,Client_A,30,8358.0,2024-01-11,ACTIVE
A002473,B01022,Client_C,75,15291.0,2025-03-02,ACTIVE
A002474,B02376,Client_A,30,55809.0,2025-02-24,ACTIVE
A002475,B00971,Client_B,75,28871.0,2024-10-08,WRITTEN_OFF
A002476,B02682,Client_C,45,15012.0,2026-02-12,ACTIVE
A002477,B02625,Client_C,30,15274.0,2025-05-23,ACTIVE
A002478,B01857,Client_A,60,15582.0,2024-03-06,ACTIVE
A002479,B00917,Client_A,30,13349.0,2025-01-22,ACTIVE
A002480,B00116,Client_B,15,18010.0,2025-11-26,ACTIVE
A002481,B02943,Client_B,45,19662.0,2024-09-03,ACTIVE
A002482,B02086,Client_B,75,16273.0,2026-04-23,ACTIVE
A002483,B02726,Client_C,120,8215.0,2025-09-23,ACTIVE
A002484,B02974,Client_D,30,19709.0,2024-03-23,ACTIVE
A002485,B00260,Client_D,15,59597.0,2024-06-11,ACTIVE
A002486,B01181,Client_A,30,17173.0,2024-08-15,WRITTEN_OFF
A002487,B01660,Client_C,180,25425.0,2024-07-07,CLOSED
A002488,B00624,Client_A,60,19812.0,2025-04-18,CLOSED
A002489,B02831,Client_C,90,27724.0,2026-04-11,ACTIVE
A002490,B00116,Client_D,75,12276.0,2025-11-28,ACTIVE
A002491,B01277,Client_B,75,14833.0,2026-02-03,CLOSED
A002492,B01468,Client_D,15,52234.0,2025-10-21,ACTIVE
A002493,B00054,Client_A,90,59895.0,2026-02-04,ACTIVE
A002494,B02333,Client_A,30,25742.0,2025-09-30,ACTIVE
A002495,B00952,Client_A,90,9391.0,2025-09-16,CLOSED
A002496,B00300,Client_A,75,10508.0,2026-04-15,ACTIVE
A002497,B01397,Client_B,30,25832.0,2025-09-07,ACTIVE
A002498,B02594,Client_A,75,27702.0,2024-03-15,ACTIVE
A002499,B02767,Client_D,120,13614.0,2024-11-18,ACTIVE
A002500,B02574,Client_A,60,10499.0,2025-07-12,ACTIVE
A002501,B02180,Client_B,75,16838.0,2024-09-25,CLOSED
A002502,B01712,Client_B,30,10908.0,2025-12-29,ACTIVE
A002503,B01598,Client_C,150,40417.0,2026-04-12,ACTIVE
A002504,B01184,Client_B,45,19758.0,2024-07-24,ACTIVE
A002505,B02448,Client_B,15,8132.0,2024-05-10,ACTIVE
A002506,B02280,Client_C,60,27120.0,2025-08-14,ACTIVE
A002507,B01854,Client_D,45,13631.0,2026-03-24,ACTIVE
A002508,B01483,Client_B,90,32312.0,2024-07-30,ACTIVE
A002509,B00312,Client_B,90,20564.0,2024-07-03,WRITTEN_OFF
A002510,B02185,Client_C,45,72964.0,2024-01-19,ACTIVE
A002511,B00332,Client_B,45,12933.0,2024-09-30,ACTIVE
A002512,B01042,Client_A,60,20306.0,2024-01-26,ACTIVE
A002513,B02309,Client_A,75,16763.0,2024-02-01,ACTIVE
A002514,B02957,Client_B,30,33111.0,2025-08-19,CLOSED
A002515,B00540,Client_D,90,69283.0,2024-04-09,WRITTEN_OFF
A002516,B00732,Client_A,30,52773.0,2024-10-22,ACTIVE
A002517,B02076,Client_C,45,7930.0,2024-12-06,ACTIVE
A002518,B00275,Client_C,45,27575.0,2024-01-28,ACTIVE
A002519,B02191,Client_A,180,30032.0,2025-10-16,ACTIVE
A002520,B02055,Client_D,180,17624.0,2025-12-10,ACTIVE
A002521,B02245,Client_B,180,14551.0,2024-08-19,ACTIVE
A002522,B00041,Client_B,180,23561.0,2024-04-27,CLOSED
A002523,B00772,Client_B,120,41787.0,2026-02-12,ACTIVE
A002524,B02712,Client_B,90,33408.0,2025-05-21,ACTIVE
A002525,B01847,Client_C,75,58699.0,2026-03-18,ACTIVE
A002526,B02075,Client_B,120,18345.0,2025-04-12,ACTIVE
A002527,B02174,Client_B,60,27277.0,2025-02-12,ACTIVE
A002528,B00514,Client_B,180,26395.0,2024-05-28,ACTIVE
A002529,B01221,Client_B,45,61604.0,2025-08-08,ACTIVE
A002530,B02856,Client_D,30,32508.0,2024-06-24,CLOSED
A002531,B02166,Client_B,90,11546.0,2025-07-03,ACTIVE
A002532,B02182,Client_A,75,38104.0,2026-05-26,ACTIVE
A002533,B01977,Client_D,30,20013.0,2025-03-31,ACTIVE
A002534,B02826,Client_B,30,18644.0,2025-08-11,ACTIVE
A002535,B00139,Client_B,45,50461.0,2025-01-31,ACTIVE
A002536,B00693,Client_C,75,24927.0,2025-05-17,ACTIVE
A002537,B00990,Client_D,150,43133.0,2024-03-18,ACTIVE
A002538,B00235,Client_C,15,13404.0,2025-11-25,ACTIVE
A002539,B02193,Client_A,150,69671.0,2025-06-23,ACTIVE
A002540,B02388,Client_B,90,54538.0,2024-07-01,CLOSED
A002541,B02487,Client_C,45,25316.0,2026-03-29,ACTIVE
A002542,B01689,Client_A,90,36349.0,2024-03-08,ACTIVE
A002543,B01073,Client_B,120,65715.0,2025-11-12,ACTIVE
A002544,B01994,Client_C,45,12942.0,2024-04-17,WRITTEN_OFF
A002545,B00740,Client_B,75,36339.0,2025-02-03,ACTIVE
A002546,B00881,Client_C,30,26618.0,2024-11-10,ACTIVE
A002547,B01894,Client_D,75,13054.0,2024-03-13,ACTIVE
A002548,B02891,Client_B,90,57790.0,2024-01-08,ACTIVE
A002549,B00996,Client_C,60,16332.0,2025-03-26,ACTIVE
A002550,B02344,Client_A,90,43207.0,2024-11-06,ACTIVE
A002551,B01558,Client_C,60,39408.0,2025-12-20,ACTIVE
A002552,B01315,Client_B,60,23668.0,2024-10-02,WRITTEN_OFF
A002553,B00165,Client_A,15,29605.0,2024-09-12,ACTIVE
A002554,B00419,Client_D,90,36007.0,2024-03-17,ACTIVE
A002555,B02437,Client_A,120,26806.0,2025-04-06,ACTIVE
A002556,B01247,Client_A,120,25309.0,2026-03-10,CLOSED
A002557,B00933,Client_A,15,36872.0,2024-11-29,ACTIVE
A002558,B00157,Client_B,75,147808.0,2025-02-06,ACTIVE
A002559,B02486,Client_B,45,48572.0,2026-01-25,ACTIVE
A002560,B02717,Client_A,45,24828.0,2025-09-16,ACTIVE
A002561,B02615,Client_B,30,15793.0,2025-02-18,ACTIVE
A002562,B02393,Client_B,30,24121.0,2024-08-16,ACTIVE
A002563,B01210,Client_A,90,33675.0,2024-11-17,ACTIVE
A002564,B00582,Client_B,60,25401.0,2026-05-02,CLOSED
A002565,B00902,Client_A,45,18491.0,2025-02-05,ACTIVE
A002566,B02545,Client_B,30,51307.0,2024-05-02,ACTIVE
A002567,B00154,Client_C,60,37927.0,2024-01-19,ACTIVE
A002568,B00676,Client_C,60,40348.0,2024-06-30,ACTIVE
A002569,B02561,Client_A,30,32031.0,2025-09-22,ACTIVE
A002570,B02653,Client_C,15,34523.0,2024-05-29,ACTIVE
A002571,B00816,Client_A,60,20471.0,2025-03-06,CLOSED
A002572,B00066,Client_A,60,5368.0,2025-04-18,ACTIVE
A002573,B02774,Client_C,150,35589.0,2026-01-20,ACTIVE
A002574,B00649,Client_C,45,57294.0,2024-04-22,ACTIVE
A002575,B00922,Client_A,75,47941.0,2026-03-29,CLOSED
A002576,B00253,Client_B,75,37167.0,2024-10-11,ACTIVE
A002577,B02570,Client_B,60,22968.0,2026-03-02,ACTIVE
A002578,B02201,Client_A,75,11667.0,2026-01-24,ACTIVE
A002579,B00613,Client_B,60,50770.0,2024-11-20,ACTIVE
A002580,B00764,Client_D,30,24385.0,2024-05-07,ACTIVE
A002581,B01910,Client_A,120,70969.0,2024-04-14,ACTIVE
A002582,B00132,Client_A,90,12707.0,2024-04-17,ACTIVE
A002583,B00709,Client_A,15,25723.0,2024-11-03,ACTIVE
A002584,B01575,Client_A,75,15741.0,2024-06-10,ACTIVE
A002585,B00380,Client_B,60,13467.0,2024-08-02,ACTIVE
A002586,B02934,Client_B,120,4854.0,2024-07-10,CLOSED
A002587,B01038,Client_A,75,31520.0,2024-01-10,ACTIVE
A002588,B00494,Client_D,120,8404.0,2025-06-16,ACTIVE
A002589,B00424,Client_B,90,60964.0,2024-03-11,ACTIVE
A002590,B02124,Client_B,75,36448.0,2024-02-10,ACTIVE
A002591,B00494,Client_A,150,30188.0,2025-07-30,WRITTEN_OFF
A002592,B01372,Client_B,15,58198.0,2024-11-22,ACTIVE
A002593,B02935,Client_A,45,45101.0,2025-03-25,CLOSED
A002594,B01686,Client_C,30,21545.0,2026-03-02,CLOSED
A002595,B02087,Client_D,30,9629.0,2024-06-09,ACTIVE
A002596,B01578,Client_A,75,24994.0,2024-04-10,ACTIVE
A002597,B01303,Client_C,90,79675.0,2025-07-31,ACTIVE
A002598,B00179,Client_D,30,15678.0,2025-11-07,ACTIVE
A002599,B00294,Client_B,150,23672.0,2025-12-31,ACTIVE
A002600,B00977,Client_D,150,55496.0,2024-06-27,ACTIVE
A002601,B02923,Client_A,15,26182.0,2024-07-16,CLOSED
A002602,B02509,Client_C,30,20130.0,2026-02-02,ACTIVE
A002603,B00179,Client_D,90,10461.0,2024-10-16,WRITTEN_OFF
A002604,B00678,Client_A,120,21686.0,2025-08-09,CLOSED
A002605,B01833,Client_A,60,25016.0,2025-12-12,CLOSED
A002606,B01272,Client_B,120,25583.0,2025-03-02,CLOSED
A002607,B02318,Client_B,45,18096.0,2025-05-20,ACTIVE
A002608,B01764,Client_B,45,41559.0,2024-07-01,ACTIVE
A002609,B02319,Client_C,75,12664.0,2024-05-16,CLOSED
A002610,B00496,Client_D,60,15464.0,2024-08-23,ACTIVE
A002611,B02522,Client_B,150,53190.0,2026-01-27,CLOSED
A002612,B02158,Client_B,15,10177.0,2024-10-15,ACTIVE
A002613,B01778,Client_A,150,22318.0,2026-04-07,ACTIVE
A002614,B02735,Client_D,150,12619.0,2024-11-08,ACTIVE
A002615,B00016,Client_D,60,23392.0,2024-11-17,ACTIVE
A002616,B02435,Client_A,30,18514.0,2024-08-19,ACTIVE
A002617,B00220,Client_C,75,16394.0,2025-01-15,ACTIVE
A002618,B01812,Client_B,120,42159.0,2025-05-24,ACTIVE
A002619,B01918,Client_D,15,8284.0,2024-11-16,ACTIVE
A002620,B01147,Client_A,120,36094.0,2024-12-10,ACTIVE
A002621,B00713,Client_A,15,25144.0,2026-04-18,ACTIVE
A002622,B00484,Client_A,30,17617.0,2026-04-05,ACTIVE
A002623,B00977,Client_D,90,15809.0,2026-02-04,ACTIVE
A002624,B00299,Client_C,90,17008.0,2024-06-20,ACTIVE
A002625,B02526,Client_B,60,11184.0,2024-02-29,ACTIVE
A002626,B01730,Client_C,60,28427.0,2026-03-07,ACTIVE
A002627,B02111,Client_A,60,18256.0,2026-03-08,CLOSED
A002628,B00502,Client_A,120,81288.0,2024-02-08,ACTIVE
A002629,B02041,Client_A,45,29805.0,2025-06-10,ACTIVE
A002630,B01405,Client_A,45,25978.0,2024-11-27,ACTIVE
A002631,B01849,Client_A,90,15363.0,2025-09-02,CLOSED
A002632,B01928,Client_D,75,22205.0,2024-07-23,ACTIVE
A002633,B01871,Client_B,60,20489.0,2024-04-23,ACTIVE
A002634,B00327,Client_B,60,25647.0,2025-05-28,CLOSED
A002635,B01229,Client_B,30,49203.0,2025-04-19,ACTIVE
A002636,B01654,Client_B,30,15994.0,2024-02-01,ACTIVE
A002637,B02683,Client_B,30,9107.0,2025-11-15,ACTIVE
A002638,B01989,Client_D,30,16889.0,2024-11-30,ACTIVE
A002639,B02237,Client_D,75,40176.0,2026-02-18,CLOSED
A002640,B00860,Client_B,120,33671.0,2025-08-07,ACTIVE
A002641,B02867,Client_A,90,11605.0,2025-08-02,ACTIVE
A002642,B01873,Client_C,45,7046.0,2025-12-19,ACTIVE
A002643,B02538,Client_B,45,16812.0,2024-05-22,ACTIVE
A002644,B00108,Client_B,90,83244.0,2024-08-08,ACTIVE
A002645,B00111,Client_D,75,22165.0,2025-12-24,ACTIVE
A002646,B01073,Client_C,120,20781.0,2025-04-03,ACTIVE
A002647,B02942,Client_B,90,24990.0,2025-12-24,CLOSED
A002648,B02675,Client_B,75,20748.0,2025-04-25,ACTIVE
A002649,B01055,Client_B,45,27851.0,2026-01-15,ACTIVE
A002650,B01218,Client_D,45,12117.0,2026-04-10,WRITTEN_OFF
A002651,B01673,Client_C,180,20562.0,2025-05-29,ACTIVE
A002652,B00701,Client_B,150,39568.0,2025-11-05,ACTIVE
A002653,B00510,Client_A,30,20759.0,2025-12-28,CLOSED
A002654,B00849,Client_B,90,20098.0,2025-05-07,CLOSED
A002655,B02164,Client_A,90,17083.0,2025-02-01,ACTIVE
A002656,B01635,Client_B,15,30599.0,2026-04-19,WRITTEN_OFF
A002657,B01933,Client_C,75,25126.0,2024-07-07,ACTIVE
A002658,B02611,Client_B,60,16461.0,2025-01-02,ACTIVE
A002659,B01327,Client_C,90,9855.0,2025-05-17,WRITTEN_OFF
A002660,B00611,Client_C,120,38631.0,2024-07-17,ACTIVE
A002661,B00308,Client_A,45,22250.0,2024-08-02,ACTIVE
A002662,B01532,Client_B,90,30746.0,2024-09-13,ACTIVE
A002663,B00841,Client_A,60,30251.0,2026-02-26,ACTIVE
A002664,B00757,Client_A,120,33392.0,2024-03-11,ACTIVE
A002665,B02629,Client_C,150,28693.0,2025-09-02,ACTIVE
A002666,B00285,Client_A,75,41040.0,2024-09-13,ACTIVE
A002667,B00853,Client_D,90,19427.0,2025-08-19,ACTIVE
A002668,B02452,Client_B,90,16280.0,2025-12-16,ACTIVE
A002669,B00531,Client_B,150,16389.0,2026-03-14,ACTIVE
A002670,B00337,Client_D,75,12836.0,2025-08-05,CLOSED
A002671,B01434,Client_B,60,18358.0,2024-06-09,CLOSED
A002672,B00302,Client_A,150,43845.0,2024-08-25,ACTIVE
A002673,B00308,Client_B,90,7406.0,2024-01-08,ACTIVE
A002674,B02203,Client_A,75,16072.0,2024-03-11,ACTIVE
A002675,B00202,Client_C,180,18196.0,2025-09-04,ACTIVE
A002676,B01015,Client_A,75,18711.0,2025-11-18,CLOSED
A002677,B01940,Client_A,45,13310.0,2024-12-24,ACTIVE
A002678,B01464,Client_D,30,21729.0,2026-05-28,ACTIVE
A002679,B02548,Client_B,180,25015.0,2025-07-04,ACTIVE
A002680,B01753,Client_C,45,4281.0,2026-04-24,ACTIVE
A002681,B02113,Client_A,90,35123.0,2025-07-21,WRITTEN_OFF
A002682,B00362,Client_B,30,14307.0,2024-05-20,ACTIVE
A002683,B02067,Client_C,120,23615.0,2025-06-20,ACTIVE
A002684,B02588,Client_B,60,19858.0,2025-04-09,ACTIVE
A002685,B02112,Client_C,45,15666.0,2026-05-13,ACTIVE
A002686,B01355,Client_A,150,15708.0,2025-12-24,WRITTEN_OFF
A002687,B00828,Client_A,60,10933.0,2025-03-04,WRITTEN_OFF
A002688,B01427,Client_B,90,15022.0,2025-03-14,ACTIVE
A002689,B00290,Client_C,30,10811.0,2026-02-22,ACTIVE
A002690,B01277,Client_D,150,72916.0,2025-04-02,ACTIVE
A002691,B00828,Client_D,30,32814.0,2025-07-10,CLOSED
A002692,B02946,Client_C,60,35512.0,2025-12-07,ACTIVE
A002693,B02627,Client_A,60,67586.0,2024-11-05,ACTIVE
A002694,B01984,Client_D,60,19432.0,2025-03-22,ACTIVE
A002695,B02250,Client_A,120,11885.0,2024-04-06,ACTIVE
A002696,B01583,Client_C,30,14534.0,2025-04-04,ACTIVE
A002697,B01601,Client_A,45,34863.0,2025-05-27,ACTIVE
A002698,B00420,Client_B,45,47398.0,2025-06-17,ACTIVE
A002699,B02039,Client_A,75,36198.0,2026-02-06,ACTIVE
A002700,B00036,Client_A,120,25161.0,2025-01-07,CLOSED
A002701,B02825,Client_C,75,28094.0,2026-03-12,CLOSED
A002702,B02069,Client_D,120,16736.0,2024-06-22,ACTIVE
A002703,B01323,Client_A,45,20941.0,2024-04-18,ACTIVE
A002704,B00824,Client_C,75,22942.0,2024-05-06,ACTIVE
A002705,B02898,Client_D,75,67419.0,2026-03-09,ACTIVE
A002706,B00662,Client_C,45,14684.0,2024-10-22,ACTIVE
A002707,B02872,Client_B,90,17175.0,2024-10-19,ACTIVE
A002708,B02440,Client_A,150,19330.0,2025-12-29,ACTIVE
A002709,B00215,Client_A,150,37623.0,2025-05-11,ACTIVE
A002710,B02598,Client_A,60,22500.0,2026-04-29,ACTIVE
A002711,B01884,Client_B,30,14007.0,2026-03-12,ACTIVE
A002712,B02721,Client_B,60,16187.0,2025-05-11,ACTIVE
A002713,B01350,Client_A,90,33341.0,2025-12-02,CLOSED
A002714,B00856,Client_C,90,14179.0,2025-08-29,ACTIVE
A002715,B02605,Client_C,120,28709.0,2024-06-24,ACTIVE
A002716,B02656,Client_C,30,24038.0,2025-05-28,ACTIVE
A002717,B02469,Client_B,15,20306.0,2025-05-28,ACTIVE
A002718,B01055,Client_A,75,31129.0,2026-02-03,ACTIVE
A002719,B00132,Client_B,90,28729.0,2026-01-07,ACTIVE
A002720,B02574,Client_A,15,13655.0,2024-11-18,ACTIVE
A002721,B01234,Client_B,60,13726.0,2024-06-11,ACTIVE
A002722,B00137,Client_A,180,24070.0,2025-03-28,CLOSED
A002723,B00247,Client_C,90,25143.0,2026-02-18,ACTIVE
A002724,B00792,Client_B,15,16884.0,2025-04-25,ACTIVE
A002725,B02554,Client_A,150,28374.0,2026-04-08,ACTIVE
A002726,B00900,Client_B,180,19365.0,2024-12-15,ACTIVE
A002727,B00700,Client_B,30,21916.0,2024-05-27,ACTIVE
A002728,B00822,Client_A,120,9435.0,2025-05-26,ACTIVE
A002729,B00564,Client_A,90,13162.0,2024-03-10,ACTIVE
A002730,B01475,Client_B,150,45651.0,2024-03-21,ACTIVE
A002731,B01143,Client_A,75,52782.0,2026-03-15,ACTIVE
A002732,B02194,Client_C,180,13812.0,2026-04-28,CLOSED
A002733,B00388,Client_A,120,7248.0,2024-01-04,ACTIVE
A002734,B00325,Client_A,30,36839.0,2024-10-17,ACTIVE
A002735,B00522,Client_A,120,10556.0,2024-01-27,ACTIVE
A002736,B00657,Client_A,15,36122.0,2024-12-28,ACTIVE
A002737,B00100,Client_B,75,6961.0,2024-08-31,WRITTEN_OFF
A002738,B01102,Client_A,90,39949.0,2024-08-16,ACTIVE
A002739,B02211,Client_D,150,18309.0,2026-03-26,CLOSED
A002740,B02672,Client_A,75,15961.0,2025-01-04,ACTIVE
A002741,B01009,Client_A,90,57395.0,2025-06-16,ACTIVE
A002742,B00287,Client_B,60,11329.0,2024-11-24,ACTIVE
A002743,B00257,Client_D,30,26724.0,2024-12-28,ACTIVE
A002744,B00668,Client_A,180,50336.0,2024-06-14,ACTIVE
A002745,B02442,Client_A,90,49836.0,2026-03-19,ACTIVE
A002746,B00759,Client_D,60,4163.0,2025-04-26,ACTIVE
A002747,B02475,Client_D,45,33161.0,2025-07-24,CLOSED
A002748,B01243,Client_C,30,29282.0,2025-05-01,ACTIVE
A002749,B01564,Client_B,120,9441.0,2025-12-30,ACTIVE
A002750,B02113,Client_B,75,23421.0,2026-03-04,ACTIVE
A002751,B02038,Client_C,120,20586.0,2025-03-30,ACTIVE
A002752,B02971,Client_B,120,14884.0,2025-12-05,ACTIVE
A002753,B00180,Client_A,45,28453.0,2025-05-22,WRITTEN_OFF
A002754,B02059,Client_B,60,42599.0,2025-11-10,ACTIVE
A002755,B02347,Client_B,150,29035.0,2024-01-17,WRITTEN_OFF
A002756,B00876,Client_B,30,32570.0,2025-03-31,ACTIVE
A002757,B00555,Client_A,180,29859.0,2024-12-30,ACTIVE
A002758,B00691,Client_A,30,5922.0,2025-08-12,CLOSED
A002759,B01553,Client_C,90,4383.0,2025-12-18,ACTIVE
A002760,B00086,Client_A,45,8600.0,2025-12-25,ACTIVE
A002761,B01888,Client_A,75,34755.0,2024-07-10,ACTIVE
A002762,B02311,Client_B,30,20315.0,2026-05-04,ACTIVE
A002763,B02055,Client_A,60,13468.0,2025-09-25,ACTIVE
A002764,B00967,Client_D,45,66490.0,2026-02-10,ACTIVE
A002765,B00942,Client_A,60,50832.0,2025-07-19,ACTIVE
A002766,B00042,Client_C,75,55327.0,2025-11-07,ACTIVE
A002767,B00010,Client_C,180,50727.0,2024-11-06,CLOSED
A002768,B01857,Client_B,15,16917.0,2025-11-15,ACTIVE
A002769,B01386,Client_C,45,34406.0,2026-01-18,WRITTEN_OFF
A002770,B00578,Client_D,75,35172.0,2026-05-20,ACTIVE
A002771,B01614,Client_B,30,18337.0,2026-04-20,ACTIVE
A002772,B00700,Client_A,60,8898.0,2025-02-02,ACTIVE
A002773,B00152,Client_B,45,22629.0,2024-10-01,ACTIVE
A002774,B00815,Client_C,15,31167.0,2024-01-28,CLOSED
A002775,B01810,Client_C,75,21654.0,2025-08-10,ACTIVE
A002776,B00056,Client_C,45,66814.0,2025-09-08,ACTIVE
A002777,B01626,Client_A,75,12327.0,2024-01-31,ACTIVE
A002778,B01178,Client_B,75,16526.0,2026-01-28,ACTIVE
A002779,B01363,Client_B,60,28318.0,2024-02-03,ACTIVE
A002780,B00649,Client_B,15,16431.0,2024-12-23,ACTIVE
A002781,B00220,Client_B,120,8481.0,2025-04-28,CLOSED
A002782,B01441,Client_A,90,15883.0,2026-05-29,ACTIVE
A002783,B01776,Client_A,180,18916.0,2025-02-25,ACTIVE
A002784,B02431,Client_C,75,19654.0,2025-07-29,CLOSED
A002785,B01081,Client_C,60,11142.0,2024-02-14,ACTIVE
A002786,B01106,Client_C,120,18630.0,2024-07-16,WRITTEN_OFF
A002787,B01386,Client_C,90,43783.0,2025-10-07,ACTIVE
A002788,B02705,Client_B,30,17942.0,2025-02-28,ACTIVE
A002789,B01116,Client_A,60,34511.0,2025-07-22,CLOSED
A002790,B02990,Client_B,120,18659.0,2025-09-08,ACTIVE
A002791,B01321,Client_A,30,49536.0,2025-08-21,ACTIVE
A002792,B01827,Client_A,30,41106.0,2025-10-06,ACTIVE
A002793,B00941,Client_D,60,12767.0,2025-01-24,ACTIVE
A002794,B02792,Client_B,90,18223.0,2024-03-18,ACTIVE
A002795,B01333,Client_B,15,16528.0,2025-06-21,ACTIVE
A002796,B00493,Client_C,30,13087.0,2024-05-10,ACTIVE
A002797,B00821,Client_C,120,15707.0,2026-05-06,CLOSED
A002798,B00864,Client_A,90,43455.0,2024-08-25,ACTIVE
A002799,B01387,Client_C,150,25505.0,2025-04-04,ACTIVE
A002800,B00159,Client_A,180,12072.0,2026-02-23,ACTIVE
A002801,B02551,Client_A,15,38577.0,2025-09-21,ACTIVE
A002802,B01120,Client_B,180,84002.0,2025-10-16,CLOSED
A002803,B00134,Client_A,120,20121.0,2026-02-15,ACTIVE
A002804,B01702,Client_B,75,21678.0,2026-01-22,ACTIVE
A002805,B02349,Client_A,90,12402.0,2025-01-31,ACTIVE
A002806,B02477,Client_C,180,56976.0,2025-01-19,ACTIVE
A002807,B01881,Client_B,15,13747.0,2024-06-17,ACTIVE
A002808,B00087,Client_B,75,46082.0,2024-09-12,ACTIVE
A002809,B00430,Client_A,60,11629.0,2024-04-29,CLOSED
A002810,B00172,Client_A,75,44088.0,2025-03-09,ACTIVE
A002811,B00744,Client_A,75,14439.0,2025-09-27,ACTIVE
A002812,B02559,Client_A,30,21000.0,2025-02-20,ACTIVE
A002813,B01632,Client_B,45,28460.0,2026-04-22,CLOSED
A002814,B01692,Client_A,45,10913.0,2024-09-27,CLOSED
A002815,B00565,Client_B,15,25894.0,2025-03-01,CLOSED
A002816,B02531,Client_A,90,42416.0,2026-02-05,ACTIVE
A002817,B02480,Client_A,60,9405.0,2026-05-27,ACTIVE
A002818,B00557,Client_C,120,11622.0,2026-04-10,ACTIVE
A002819,B00100,Client_A,90,12759.0,2025-02-23,ACTIVE
A002820,B01661,Client_C,15,27536.0,2024-06-16,ACTIVE
A002821,B02966,Client_A,120,32420.0,2025-03-06,ACTIVE
A002822,B02131,Client_A,30,16626.0,2025-06-09,ACTIVE
A002823,B00790,Client_D,120,50607.0,2026-01-06,ACTIVE
A002824,B01172,Client_B,60,22004.0,2024-09-27,ACTIVE
A002825,B02852,Client_C,90,44438.0,2025-07-26,ACTIVE
A002826,B01799,Client_C,60,13029.0,2025-12-20,ACTIVE
A002827,B02989,Client_D,90,11791.0,2026-01-13,ACTIVE
A002828,B01376,Client_A,150,62556.0,2025-09-01,ACTIVE
A002829,B00511,Client_C,120,13390.0,2024-02-12,CLOSED
A002830,B00055,Client_B,30,37846.0,2024-03-25,ACTIVE
A002831,B02843,Client_A,150,6480.0,2024-11-14,CLOSED
A002832,B02191,Client_A,30,30551.0,2026-03-27,ACTIVE
A002833,B02129,Client_C,120,10123.0,2024-07-06,ACTIVE
A002834,B02064,Client_C,45,35717.0,2025-09-17,ACTIVE
A002835,B00554,Client_D,30,7611.0,2025-04-15,ACTIVE
A002836,B02822,Client_D,120,31444.0,2024-11-30,CLOSED
A002837,B00698,Client_A,120,40315.0,2024-05-30,ACTIVE
A002838,B01593,Client_B,120,22968.0,2025-01-19,ACTIVE
A002839,B00582,Client_A,75,35580.0,2025-09-20,ACTIVE
A002840,B02794,Client_C,30,35491.0,2025-02-28,ACTIVE
A002841,B02439,Client_C,60,28265.0,2025-09-24,ACTIVE
A002842,B02148,Client_B,180,20193.0,2024-01-19,ACTIVE
A002843,B02830,Client_C,45,46711.0,2024-12-12,ACTIVE
A002844,B01279,Client_A,60,39652.0,2024-08-24,ACTIVE
A002845,B02326,Client_A,30,49960.0,2025-12-28,CLOSED
A002846,B00157,Client_B,180,9311.0,2024-04-19,ACTIVE
A002847,B01868,Client_D,75,10888.0,2025-08-25,ACTIVE
A002848,B01648,Client_A,90,15612.0,2026-02-05,ACTIVE
A002849,B01089,Client_B,90,57828.0,2025-10-20,CLOSED
A002850,B02576,Client_C,90,52472.0,2026-02-18,ACTIVE
A002851,B01504,Client_B,120,33241.0,2024-04-08,ACTIVE
A002852,B02180,Client_A,45,40135.0,2025-05-26,ACTIVE
A002853,B00609,Client_D,30,17080.0,2025-02-17,ACTIVE
A002854,B01429,Client_B,75,14091.0,2026-02-18,ACTIVE
A002855,B01024,Client_C,45,11842.0,2024-10-03,ACTIVE
A002856,B01947,Client_D,30,12790.0,2025-09-28,ACTIVE
A002857,B01319,Client_D,30,35233.0,2025-04-08,ACTIVE
A002858,B01223,Client_D,15,12974.0,2024-01-03,ACTIVE
A002859,B02509,Client_A,30,24428.0,2024-09-02,CLOSED
A002860,B02771,Client_C,180,10259.0,2024-08-17,ACTIVE
A002861,B00209,Client_B,120,40179.0,2025-04-14,ACTIVE
A002862,B00980,Client_B,15,19336.0,2025-11-15,CLOSED
A002863,B02586,Client_C,45,33282.0,2024-02-10,ACTIVE
A002864,B00314,Client_A,75,39137.0,2025-10-09,ACTIVE
A002865,B00556,Client_B,30,29907.0,2025-01-26,ACTIVE
A002866,B00686,Client_A,30,14920.0,2024-09-02,ACTIVE
A002867,B02154,Client_A,90,10637.0,2025-02-06,ACTIVE
A002868,B01767,Client_C,60,17883.0,2025-02-16,ACTIVE
A002869,B02536,Client_B,90,37678.0,2026-04-04,ACTIVE
A002870,B02409,Client_B,90,47948.0,2024-12-28,ACTIVE
A002871,B02121,Client_A,60,49245.0,2025-03-30,ACTIVE
A002872,B01172,Client_C,90,37753.0,2024-11-18,CLOSED
A002873,B00678,Client_D,60,23198.0,2024-07-22,ACTIVE
A002874,B01711,Client_A,15,7987.0,2026-01-31,ACTIVE
A002875,B02802,Client_A,45,29640.0,2025-10-06,ACTIVE
A002876,B02697,Client_B,45,44019.0,2024-03-07,ACTIVE
A002877,B00862,Client_A,90,44049.0,2024-05-19,ACTIVE
A002878,B00250,Client_B,150,28409.0,2025-01-22,ACTIVE
A002879,B00428,Client_D,60,19192.0,2026-04-02,ACTIVE
A002880,B02726,Client_D,120,22513.0,2026-01-22,ACTIVE
A002881,B02080,Client_D,90,19580.0,2024-05-15,ACTIVE
A002882,B00579,Client_B,90,64062.0,2024-02-21,WRITTEN_OFF
A002883,B00564,Client_D,120,30549.0,2024-05-03,ACTIVE
A002884,B02086,Client_A,30,39069.0,2026-05-26,CLOSED
A002885,B00958,Client_D,30,16394.0,2025-10-25,WRITTEN_OFF
A002886,B02103,Client_B,150,21589.0,2024-04-13,ACTIVE
A002887,B02672,Client_B,90,32600.0,2024-01-29,ACTIVE
A002888,B00672,Client_B,45,19970.0,2025-09-04,ACTIVE
A002889,B01289,Client_C,120,15938.0,2025-07-09,ACTIVE
A002890,B02454,Client_C,90,20647.0,2025-02-09,ACTIVE
A002891,B01461,Client_B,15,48508.0,2024-12-19,ACTIVE
A002892,B01583,Client_A,75,27803.0,2024-06-06,ACTIVE
A002893,B02423,Client_C,60,33265.0,2024-11-08,ACTIVE
A002894,B00343,Client_D,60,34546.0,2025-07-25,ACTIVE
A002895,B00074,Client_B,150,29061.0,2026-05-08,ACTIVE
A002896,B00851,Client_D,150,14947.0,2024-05-22,ACTIVE
A002897,B01856,Client_B,45,18305.0,2024-12-03,WRITTEN_OFF
A002898,B02770,Client_A,150,15646.0,2024-05-07,ACTIVE
A002899,B02980,Client_B,15,31309.0,2024-04-13,CLOSED
A002900,B00699,Client_A,180,17292.0,2024-11-22,ACTIVE
A002901,B00910,Client_B,180,27706.0,2024-09-14,CLOSED
A002902,B02215,Client_C,75,23801.0,2025-03-05,CLOSED
A002903,B02887,Client_D,30,47025.0,2025-01-16,ACTIVE
A002904,B01844,Client_A,45,13447.0,2025-06-24,ACTIVE
A002905,B01682,Client_C,150,23348.0,2024-11-04,ACTIVE
A002906,B00731,Client_B,90,33808.0,2024-09-19,ACTIVE
A002907,B01041,Client_A,60,13703.0,2025-07-08,ACTIVE
A002908,B01636,Client_A,150,35129.0,2025-08-31,ACTIVE
A002909,B02046,Client_A,45,37485.0,2025-10-21,ACTIVE
A002910,B01229,Client_A,45,19463.0,2024-11-29,ACTIVE
A002911,B01361,Client_A,15,25188.0,2024-09-28,ACTIVE
A002912,B01915,Client_B,150,35864.0,2024-02-17,ACTIVE
A002913,B01945,Client_D,15,44276.0,2025-01-21,ACTIVE
A002914,B01643,Client_A,30,17823.0,2026-04-13,ACTIVE
A002915,B02634,Client_A,120,11370.0,2026-01-30,CLOSED
A002916,B01198,Client_C,45,32662.0,2024-06-03,ACTIVE
A002917,B02234,Client_B,120,15930.0,2026-01-17,ACTIVE
A002918,B02605,Client_B,90,42371.0,2026-05-20,ACTIVE
A002919,B01110,Client_D,60,21002.0,2025-05-25,ACTIVE
A002920,B01479,Client_D,150,14705.0,2025-02-28,ACTIVE
A002921,B01980,Client_C,90,10245.0,2024-03-01,ACTIVE
A002922,B00835,Client_D,150,18987.0,2025-02-15,ACTIVE
A002923,B00776,Client_C,30,37049.0,2024-11-05,ACTIVE
A002924,B00224,Client_A,90,16987.0,2024-11-20,ACTIVE
A002925,B01780,Client_C,45,15976.0,2024-10-05,ACTIVE
A002926,B01213,Client_B,75,16521.0,2024-07-17,ACTIVE
A002927,B02595,Client_A,180,24314.0,2024-04-04,ACTIVE
A002928,B01261,Client_C,15,37842.0,2025-09-19,ACTIVE
A002929,B02268,Client_D,15,18467.0,2024-12-16,ACTIVE
A002930,B00627,Client_B,90,22885.0,2024-06-05,ACTIVE
A002931,B02873,Client_B,120,15040.0,2024-04-05,ACTIVE
A002932,B01865,Client_A,90,13930.0,2025-09-15,ACTIVE
A002933,B02123,Client_D,180,27241.0,2024-12-10,ACTIVE
A002934,B00627,Client_C,60,19790.0,2024-05-15,ACTIVE
A002935,B00196,Client_D,30,14929.0,2025-06-18,ACTIVE
A002936,B00416,Client_A,30,13009.0,2025-10-15,ACTIVE
A002937,B00724,Client_A,45,24817.0,2026-02-25,ACTIVE
A002938,B00727,Client_A,15,27264.0,2025-05-20,ACTIVE
A002939,B00029,Client_C,120,20328.0,2024-11-09,CLOSED
A002940,B00075,Client_B,60,17923.0,2025-12-14,ACTIVE
A002941,B02278,Client_A,75,8265.0,2025-11-29,ACTIVE
A002942,B00784,Client_A,45,26689.0,2024-08-20,ACTIVE
A002943,B02485,Client_B,150,6415.0,2026-04-11,ACTIVE
A002944,B02948,Client_A,75,25998.0,2024-04-20,ACTIVE
A002945,B02749,Client_C,90,28516.0,2025-09-03,ACTIVE
A002946,B01855,Client_B,90,30894.0,2025-06-05,CLOSED
A002947,B02734,Client_A,120,22531.0,2024-04-02,ACTIVE
A002948,B01129,Client_D,60,9132.0,2024-03-24,WRITTEN_OFF
A002949,B02469,Client_C,45,20316.0,2024-03-28,ACTIVE
A002950,B01275,Client_A,30,25576.0,2025-02-21,ACTIVE
A002951,B02771,Client_B,15,36790.0,2025-04-07,ACTIVE
A002952,B00192,Client_A,90,28468.0,2024-11-04,CLOSED
A002953,B01326,Client_A,180,27069.0,2025-09-19,CLOSED
A002954,B01164,Client_A,15,25303.0,2026-02-13,ACTIVE
A002955,B02541,Client_A,15,55200.0,2024-04-18,ACTIVE
A002956,B02360,Client_D,75,12439.0,2025-04-21,ACTIVE
A002957,B00617,Client_A,30,11786.0,2024-07-30,ACTIVE
A002958,B00583,Client_C,30,25596.0,2024-05-18,ACTIVE
A002959,B02887,Client_A,120,48961.0,2024-06-24,ACTIVE
A002960,B01520,Client_C,75,14473.0,2025-12-15,ACTIVE
A002961,B01297,Client_B,15,28792.0,2024-06-24,ACTIVE
A002962,B02374,Client_A,30,14244.0,2025-07-29,ACTIVE
A002963,B01317,Client_C,150,19776.0,2026-01-10,WRITTEN_OFF
A002964,B00270,Client_C,30,10252.0,2025-03-29,ACTIVE
A002965,B00903,Client_D,45,27238.0,2024-11-13,ACTIVE
A002966,B01658,Client_B,30,13966.0,2025-04-04,ACTIVE
A002967,B01814,Client_A,120,35712.0,2024-12-09,ACTIVE
A002968,B01288,Client_A,60,42368.0,2025-11-29,ACTIVE
A002969,B02951,Client_C,75,26946.0,2026-05-13,ACTIVE
A002970,B02781,Client_A,75,11858.0,2026-04-10,ACTIVE
A002971,B01187,Client_B,15,16041.0,2025-10-27,ACTIVE
A002972,B00030,Client_A,15,13203.0,2025-07-21,CLOSED
A002973,B01223,Client_B,45,30920.0,2025-12-09,ACTIVE
A002974,B02896,Client_A,120,13802.0,2024-05-24,ACTIVE
A002975,B00450,Client_A,150,25761.0,2025-06-03,ACTIVE
A002976,B01010,Client_C,150,20114.0,2025-02-17,ACTIVE
A002977,B01868,Client_B,60,52656.0,2024-05-21,ACTIVE
A002978,B02307,Client_D,60,12081.0,2024-01-26,ACTIVE
A002979,B00906,Client_A,75,11857.0,2024-02-12,ACTIVE
A002980,B00753,Client_D,75,16292.0,2025-05-14,CLOSED
A002981,B00777,Client_A,90,9112.0,2025-10-01,ACTIVE
A002982,B00994,Client_A,30,17024.0,2026-03-05,ACTIVE
A002983,B02430,Client_D,45,17799.0,2026-03-20,ACTIVE
A002984,B01493,Client_B,60,43693.0,2025-01-22,ACTIVE
A002985,B00228,Client_C,75,25618.0,2025-12-15,ACTIVE
A002986,B01017,Client_D,90,43695.0,2025-12-20,ACTIVE
A002987,B00937,Client_B,60,19095.0,2024-08-14,ACTIVE
A002988,B01390,Client_A,60,22895.0,2026-01-06,ACTIVE
A002989,B01585,Client_D,60,29110.0,2025-05-26,ACTIVE
A002990,B02125,Client_A,75,27370.0,2024-07-21,ACTIVE
A002991,B00613,Client_A,120,93092.0,2025-09-08,WRITTEN_OFF
A002992,B00368,Client_A,150,12226.0,2024-08-29,ACTIVE
A002993,B02369,Client_A,45,18252.0,2025-12-24,CLOSED
A002994,B02328,Client_A,60,9019.0,2024-07-23,ACTIVE
A002995,B02086,Client_A,60,19791.0,2026-03-06,CLOSED
A002996,B01755,Client_D,45,39645.0,2026-01-11,ACTIVE
A002997,B02426,Client_D,15,20420.0,2024-12-30,ACTIVE
A002998,B00898,Client_C,30,13936.0,2025-04-17,ACTIVE
A002999,B02571,Client_D,120,20089.0,2026-01-12,ACTIVE
A003000,B02902,Client_A,75,18453.0,2024-01-06,ACTIVE
A003001,B02620,Client_A,60,45315.0,2025-10-10,ACTIVE
A003002,B01953,Client_D,150,22489.0,2024-05-13,CLOSED
A003003,B02236,Client_D,60,10848.0,2025-04-17,ACTIVE
A003004,B02050,Client_A,75,40924.0,2025-11-01,ACTIVE
A003005,B01417,Client_A,180,15673.0,2025-12-07,ACTIVE
A003006,B02025,Client_C,30,8020.0,2024-01-09,CLOSED
A003007,B02002,Client_C,15,5901.0,2025-06-30,WRITTEN_OFF
A003008,B00241,Client_A,15,22269.0,2024-08-15,ACTIVE
A003009,B00984,Client_B,150,74715.0,2025-02-11,ACTIVE
A003010,B00580,Client_B,60,54052.0,2026-04-12,CLOSED
A003011,B02454,Client_A,15,10379.0,2024-01-07,WRITTEN_OFF
A003012,B01257,Client_A,60,8264.0,2025-01-22,ACTIVE
A003013,B02118,Client_C,60,92934.0,2024-10-30,ACTIVE
A003014,B00026,Client_A,60,30144.0,2025-03-08,CLOSED
A003015,B02248,Client_A,150,52144.0,2025-10-27,ACTIVE
A003016,B00892,Client_D,75,18576.0,2024-06-18,ACTIVE
A003017,B02445,Client_A,15,35550.0,2025-01-01,ACTIVE
A003018,B00866,Client_B,120,27255.0,2024-05-03,ACTIVE
A003019,B00439,Client_B,90,4881.0,2024-12-19,CLOSED
A003020,B01331,Client_D,15,15518.0,2026-05-16,ACTIVE
A003021,B00407,Client_A,60,36900.0,2025-10-23,ACTIVE
A003022,B01627,Client_B,60,7961.0,2026-01-01,CLOSED
A003023,B02826,Client_A,30,31885.0,2025-08-24,ACTIVE
A003024,B01913,Client_B,75,25466.0,2024-06-06,WRITTEN_OFF
A003025,B01277,Client_A,45,10843.0,2025-07-19,ACTIVE
A003026,B01154,Client_B,120,13647.0,2025-12-25,ACTIVE
A003027,B00853,Client_A,30,16513.0,2024-07-24,ACTIVE
A003028,B02177,Client_C,15,20269.0,2025-04-11,ACTIVE
A003029,B01680,Client_B,60,13394.0,2025-05-30,ACTIVE
A003030,B02643,Client_B,90,9832.0,2024-05-23,ACTIVE
A003031,B01149,Client_A,30,42102.0,2024-06-07,ACTIVE
A003032,B01252,Client_C,60,29517.0,2024-04-23,ACTIVE
A003033,B00945,Client_C,30,10386.0,2024-10-24,ACTIVE
A003034,B00563,Client_C,75,29036.0,2024-05-30,ACTIVE
A003035,B01481,Client_C,90,30129.0,2025-04-21,ACTIVE
A003036,B00661,Client_A,120,14807.0,2024-06-18,ACTIVE
A003037,B00919,Client_B,150,15116.0,2025-01-09,ACTIVE
A003038,B02491,Client_D,180,25791.0,2025-12-03,ACTIVE
A003039,B00706,Client_A,75,48503.0,2026-04-20,ACTIVE
A003040,B00409,Client_D,120,7718.0,2025-03-02,WRITTEN_OFF
A003041,B02172,Client_B,120,53735.0,2024-02-22,ACTIVE
A003042,B02453,Client_D,30,29455.0,2026-03-11,ACTIVE
A003043,B02918,Client_A,45,43569.0,2026-04-22,ACTIVE
A003044,B01536,Client_A,75,121710.0,2025-05-13,WRITTEN_OFF
A003045,B00862,Client_D,60,16532.0,2024-08-06,ACTIVE
A003046,B01576,Client_C,90,20124.0,2024-01-25,ACTIVE
A003047,B01567,Client_D,75,40213.0,2024-01-10,ACTIVE
A003048,B01067,Client_A,150,29572.0,2025-12-30,ACTIVE
A003049,B00397,Client_B,60,25642.0,2024-06-11,ACTIVE
A003050,B01882,Client_C,90,64247.0,2025-12-31,ACTIVE
A003051,B00187,Client_A,120,17258.0,2026-05-24,ACTIVE
A003052,B00909,Client_A,75,16835.0,2026-01-16,ACTIVE
A003053,B01002,Client_B,120,19668.0,2024-08-20,ACTIVE
A003054,B00639,Client_A,90,13748.0,2025-10-18,ACTIVE
A003055,B02864,Client_B,60,33406.0,2026-05-15,ACTIVE
A003056,B00532,Client_C,180,46899.0,2025-10-22,ACTIVE
A003057,B00920,Client_C,120,34455.0,2024-07-06,ACTIVE
A003058,B00981,Client_D,15,36023.0,2025-11-04,ACTIVE
A003059,B01408,Client_A,150,50304.0,2024-12-24,ACTIVE
A003060,B00742,Client_A,90,34531.0,2024-05-15,ACTIVE
A003061,B02395,Client_A,45,13993.0,2025-10-01,ACTIVE
A003062,B01676,Client_C,15,22588.0,2026-04-16,ACTIVE
A003063,B02043,Client_B,15,23871.0,2024-10-19,ACTIVE
A003064,B02837,Client_C,150,14370.0,2024-04-11,ACTIVE
A003065,B01010,Client_A,150,27161.0,2024-12-15,ACTIVE
A003066,B02652,Client_D,150,17989.0,2024-06-15,ACTIVE
A003067,B00126,Client_B,15,29916.0,2024-02-28,ACTIVE
A003068,B01640,Client_A,120,33658.0,2024-10-23,ACTIVE
A003069,B00789,Client_A,60,28756.0,2025-11-18,ACTIVE
A003070,B02575,Client_A,60,14620.0,2025-11-27,CLOSED
A003071,B01259,Client_C,30,16839.0,2025-10-22,ACTIVE
A003072,B01589,Client_B,120,18392.0,2024-05-04,ACTIVE
A003073,B01768,Client_D,45,6932.0,2024-09-03,ACTIVE
A003074,B01562,Client_C,45,85953.0,2024-02-06,ACTIVE
A003075,B02281,Client_B,60,35228.0,2025-02-21,ACTIVE
A003076,B01275,Client_A,60,11789.0,2026-03-11,ACTIVE
A003077,B00515,Client_A,30,6591.0,2025-02-18,ACTIVE
A003078,B02924,Client_B,30,23165.0,2025-11-21,CLOSED
A003079,B02046,Client_B,60,55419.0,2025-06-20,ACTIVE
A003080,B02817,Client_D,180,44882.0,2024-09-16,ACTIVE
A003081,B00710,Client_C,15,25737.0,2025-06-04,ACTIVE
A003082,B00250,Client_A,60,52969.0,2024-01-16,ACTIVE
A003083,B00081,Client_A,75,7891.0,2024-02-12,ACTIVE
A003084,B01103,Client_A,45,56645.0,2025-03-26,WRITTEN_OFF
A003085,B01418,Client_C,180,33564.0,2025-07-06,ACTIVE
A003086,B01380,Client_B,30,40950.0,2025-06-30,ACTIVE
A003087,B01427,Client_B,45,16415.0,2024-05-13,ACTIVE
A003088,B00773,Client_A,60,72751.0,2024-07-04,ACTIVE
A003089,B00512,Client_C,15,43073.0,2025-11-04,ACTIVE
A003090,B02701,Client_A,60,9352.0,2025-09-29,ACTIVE
A003091,B00366,Client_D,45,34006.0,2025-02-03,CLOSED
A003092,B02468,Client_A,30,31088.0,2024-07-13,ACTIVE
A003093,B01040,Client_B,60,11127.0,2024-05-21,ACTIVE
A003094,B01768,Client_A,30,44613.0,2024-06-20,ACTIVE
A003095,B00963,Client_C,90,32552.0,2024-04-22,ACTIVE
A003096,B02083,Client_C,60,22085.0,2024-02-25,WRITTEN_OFF
A003097,B00746,Client_B,90,43677.0,2024-01-14,CLOSED
A003098,B00945,Client_B,60,31996.0,2025-05-04,CLOSED
A003099,B00499,Client_A,90,8683.0,2024-11-14,WRITTEN_OFF
A003100,B02591,Client_B,75,14411.0,2025-06-27,ACTIVE
A003101,B00389,Client_D,90,37838.0,2024-05-25,ACTIVE
A003102,B01763,Client_C,15,6359.0,2026-02-04,ACTIVE
A003103,B00265,Client_B,15,5887.0,2025-11-03,ACTIVE
A003104,B00165,Client_D,150,25956.0,2025-09-17,ACTIVE
A003105,B01146,Client_B,75,13904.0,2025-02-28,ACTIVE
A003106,B01407,Client_B,60,16659.0,2025-11-02,ACTIVE
A003107,B01886,Client_A,60,20536.0,2026-06-01,ACTIVE
A003108,B00041,Client_B,45,50076.0,2024-05-01,ACTIVE
A003109,B02513,Client_B,60,17931.0,2024-04-10,ACTIVE
A003110,B01824,Client_B,75,29296.0,2025-07-29,ACTIVE
A003111,B02637,Client_A,75,36229.0,2025-04-14,ACTIVE
A003112,B00683,Client_A,60,46793.0,2024-03-13,ACTIVE
A003113,B01839,Client_C,60,19299.0,2024-09-14,ACTIVE
A003114,B00065,Client_A,15,16040.0,2024-11-15,ACTIVE
A003115,B01259,Client_C,75,76475.0,2025-02-05,ACTIVE
A003116,B02038,Client_A,60,15123.0,2025-10-15,ACTIVE
A003117,B02099,Client_D,150,8088.0,2024-12-05,CLOSED
A003118,B02731,Client_A,90,29702.0,2025-11-27,ACTIVE
A003119,B02820,Client_C,75,23517.0,2024-10-19,CLOSED
A003120,B01227,Client_B,150,4992.0,2026-04-15,CLOSED
A003121,B00555,Client_A,75,33241.0,2024-01-21,ACTIVE
A003122,B01113,Client_A,30,6338.0,2024-05-23,ACTIVE
A003123,B01119,Client_C,60,17858.0,2024-11-01,WRITTEN_OFF
A003124,B01331,Client_D,180,38921.0,2024-05-23,ACTIVE
A003125,B01327,Client_B,45,17657.0,2025-04-04,ACTIVE
A003126,B01077,Client_A,60,57366.0,2025-12-31,ACTIVE
A003127,B01900,Client_C,180,49764.0,2024-08-24,ACTIVE
A003128,B01443,Client_B,30,34052.0,2026-04-10,ACTIVE
A003129,B00158,Client_B,45,36883.0,2025-08-15,ACTIVE
A003130,B02956,Client_A,180,46456.0,2026-01-02,ACTIVE
A003131,B00244,Client_C,180,12608.0,2025-06-09,ACTIVE
A003132,B00272,Client_D,15,26069.0,2025-01-28,ACTIVE
A003133,B02560,Client_C,90,15037.0,2025-10-08,CLOSED
A003134,B02092,Client_A,90,11169.0,2024-03-05,ACTIVE
A003135,B00354,Client_B,30,8054.0,2024-03-25,ACTIVE
A003136,B01020,Client_D,30,28263.0,2024-12-11,ACTIVE
A003137,B01716,Client_A,15,45302.0,2026-04-06,ACTIVE
A003138,B00780,Client_C,45,37419.0,2024-12-16,ACTIVE
A003139,B01764,Client_C,60,37054.0,2024-10-25,ACTIVE
A003140,B02990,Client_A,120,27284.0,2026-05-06,CLOSED
A003141,B01277,Client_B,60,46212.0,2024-04-01,ACTIVE
A003142,B01740,Client_B,60,18192.0,2024-01-22,ACTIVE
A003143,B01059,Client_B,150,10161.0,2024-09-23,ACTIVE
A003144,B00016,Client_D,15,42445.0,2026-01-21,ACTIVE
A003145,B00860,Client_B,150,7132.0,2025-11-08,ACTIVE
A003146,B01178,Client_A,30,35416.0,2026-03-27,ACTIVE
A003147,B01195,Client_A,120,18592.0,2025-01-30,ACTIVE
A003148,B02357,Client_A,15,18132.0,2025-08-23,ACTIVE
A003149,B00634,Client_A,150,36821.0,2025-04-07,ACTIVE
A003150,B02479,Client_C,75,19217.0,2024-03-17,ACTIVE
A003151,B02020,Client_B,75,23802.0,2024-10-12,ACTIVE
A003152,B02154,Client_C,120,16057.0,2024-09-15,ACTIVE
A003153,B01230,Client_C,60,8243.0,2025-10-01,WRITTEN_OFF
A003154,B01879,Client_B,30,26731.0,2026-03-06,ACTIVE
A003155,B01391,Client_C,30,22831.0,2025-09-18,ACTIVE
A003156,B01994,Client_C,60,7803.0,2024-11-30,ACTIVE
A003157,B02446,Client_A,45,37985.0,2026-02-06,ACTIVE
A003158,B01718,Client_C,30,21003.0,2024-09-28,ACTIVE
A003159,B00019,Client_D,15,15626.0,2025-02-16,ACTIVE
A003160,B00118,Client_A,45,11990.0,2024-12-27,ACTIVE
A003161,B02210,Client_A,45,33008.0,2025-07-28,ACTIVE
A003162,B02167,Client_A,75,24258.0,2026-05-11,ACTIVE
A003163,B00367,Client_C,30,6626.0,2024-01-18,ACTIVE
A003164,B00536,Client_C,90,61993.0,2024-08-16,ACTIVE
A003165,B01718,Client_A,60,37953.0,2026-04-14,ACTIVE
A003166,B01065,Client_D,30,33159.0,2025-06-01,ACTIVE
A003167,B02030,Client_A,60,21314.0,2025-12-30,ACTIVE
A003168,B00712,Client_A,15,20771.0,2025-07-22,ACTIVE
A003169,B00916,Client_C,120,20957.0,2026-02-09,ACTIVE
A003170,B01474,Client_D,30,21473.0,2024-05-19,ACTIVE
A003171,B00434,Client_A,150,31523.0,2024-01-07,ACTIVE
A003172,B00498,Client_C,60,31704.0,2026-03-21,ACTIVE
A003173,B02857,Client_A,180,12253.0,2026-01-18,ACTIVE
A003174,B02300,Client_A,15,26106.0,2025-07-27,ACTIVE
A003175,B02665,Client_A,60,17360.0,2024-07-02,ACTIVE
A003176,B00728,Client_A,60,37106.0,2026-02-02,ACTIVE
A003177,B02930,Client_A,90,15762.0,2025-06-03,ACTIVE
A003178,B02499,Client_C,75,24298.0,2024-03-10,CLOSED
A003179,B01185,Client_D,150,18977.0,2024-10-14,ACTIVE
A003180,B02280,Client_D,75,33032.0,2025-12-21,ACTIVE
A003181,B00699,Client_A,150,6975.0,2025-06-01,ACTIVE
A003182,B01619,Client_A,60,28333.0,2024-06-22,ACTIVE
A003183,B02254,Client_D,90,6657.0,2024-01-11,ACTIVE
A003184,B01344,Client_D,45,21998.0,2025-08-22,ACTIVE
A003185,B01022,Client_B,150,27743.0,2026-03-20,ACTIVE
A003186,B01122,Client_B,30,24495.0,2025-09-25,ACTIVE
A003187,B00487,Client_A,75,20426.0,2025-11-20,ACTIVE
A003188,B02008,Client_C,30,37894.0,2024-10-14,ACTIVE
A003189,B02153,Client_A,60,15979.0,2025-07-14,ACTIVE
A003190,B02934,Client_C,90,56608.0,2025-06-19,ACTIVE
A003191,B01305,Client_C,30,118930.0,2025-03-22,ACTIVE
A003192,B01193,Client_A,90,28043.0,2025-08-12,ACTIVE
A003193,B01769,Client_D,150,6391.0,2026-05-17,ACTIVE
A003194,B01201,Client_B,30,10825.0,2026-05-01,ACTIVE
A003195,B02966,Client_C,60,44815.0,2025-06-10,ACTIVE
A003196,B02904,Client_B,30,23124.0,2025-07-12,CLOSED
A003197,B01715,Client_A,75,45313.0,2024-05-21,ACTIVE
A003198,B00380,Client_B,90,33243.0,2024-08-26,ACTIVE
A003199,B01963,Client_B,45,22460.0,2026-02-27,ACTIVE
A003200,B01782,Client_B,150,87458.0,2024-03-12,ACTIVE
A003201,B00769,Client_D,150,66468.0,2024-04-10,CLOSED
A003202,B01004,Client_C,60,25114.0,2025-12-19,CLOSED
A003203,B01970,Client_C,180,27944.0,2026-01-05,WRITTEN_OFF
A003204,B01717,Client_B,60,26398.0,2026-04-02,ACTIVE
A003205,B00309,Client_C,90,10214.0,2025-10-16,ACTIVE
A003206,B00031,Client_A,60,17314.0,2026-05-13,ACTIVE
A003207,B01239,Client_A,90,50914.0,2026-02-10,ACTIVE
A003208,B02581,Client_B,60,14578.0,2024-10-08,ACTIVE
A003209,B01306,Client_B,45,60544.0,2026-01-12,ACTIVE
A003210,B00454,Client_C,90,38118.0,2024-12-31,ACTIVE
A003211,B00364,Client_A,120,20272.0,2026-05-05,ACTIVE
A003212,B00471,Client_B,30,19278.0,2024-05-21,ACTIVE
A003213,B00152,Client_A,150,18583.0,2024-01-19,ACTIVE
A003214,B00310,Client_C,45,50568.0,2026-03-19,ACTIVE
A003215,B01985,Client_C,60,42539.0,2024-09-03,ACTIVE
A003216,B02422,Client_D,15,21331.0,2026-02-09,ACTIVE
A003217,B02174,Client_D,120,20082.0,2024-10-11,ACTIVE
A003218,B00401,Client_B,90,21306.0,2025-02-05,ACTIVE
A003219,B00333,Client_C,45,33449.0,2025-06-10,ACTIVE
A003220,B00160,Client_C,45,7650.0,2025-11-30,WRITTEN_OFF
A003221,B00349,Client_A,15,9303.0,2025-12-31,ACTIVE
A003222,B01117,Client_B,30,24655.0,2024-05-11,ACTIVE
A003223,B02169,Client_C,15,28970.0,2025-12-06,WRITTEN_OFF
A003224,B00357,Client_B,30,37692.0,2026-04-11,WRITTEN_OFF
A003225,B01031,Client_D,75,24727.0,2024-11-23,ACTIVE
A003226,B01419,Client_B,120,72977.0,2024-03-30,ACTIVE
A003227,B01828,Client_C,15,53531.0,2025-02-22,ACTIVE
A003228,B02394,Client_A,75,10464.0,2025-05-14,ACTIVE
A003229,B01313,Client_A,75,45642.0,2025-04-23,CLOSED
A003230,B00446,Client_A,45,20427.0,2025-06-06,ACTIVE
A003231,B01783,Client_A,60,13663.0,2024-09-17,CLOSED
A003232,B01393,Client_D,120,68659.0,2025-04-30,ACTIVE
A003233,B02127,Client_D,15,21593.0,2024-09-13,ACTIVE
A003234,B01992,Client_C,15,15706.0,2024-12-26,ACTIVE
A003235,B01797,Client_B,120,28216.0,2025-01-05,ACTIVE
A003236,B00854,Client_C,180,7011.0,2026-03-04,ACTIVE
A003237,B01255,Client_B,60,13699.0,2025-08-22,ACTIVE
A003238,B02273,Client_C,75,26537.0,2026-04-27,ACTIVE
A003239,B01910,Client_C,120,20041.0,2025-11-07,ACTIVE
A003240,B01681,Client_C,60,19588.0,2024-01-07,ACTIVE
A003241,B02683,Client_C,30,37776.0,2025-03-16,WRITTEN_OFF
A003242,B01089,Client_A,15,9373.0,2024-11-27,ACTIVE
A003243,B00399,Client_B,15,7263.0,2025-03-27,ACTIVE
A003244,B00103,Client_C,60,36102.0,2026-04-21,CLOSED
A003245,B00939,Client_A,120,15190.0,2025-03-24,ACTIVE
A003246,B02738,Client_B,45,14314.0,2026-04-05,ACTIVE
A003247,B00933,Client_C,90,27367.0,2024-09-02,ACTIVE
A003248,B01056,Client_C,30,17274.0,2024-11-21,ACTIVE
A003249,B01275,Client_D,120,10637.0,2024-12-08,ACTIVE
A003250,B02219,Client_A,180,11710.0,2025-04-28,ACTIVE
A003251,B00472,Client_D,45,14731.0,2024-07-05,ACTIVE
A003252,B01869,Client_D,75,38185.0,2025-06-13,ACTIVE
A003253,B02639,Client_A,30,17547.0,2024-07-23,CLOSED
A003254,B01765,Client_A,60,31227.0,2025-02-27,ACTIVE
A003255,B02503,Client_A,150,32449.0,2024-10-10,ACTIVE
A003256,B02960,Client_A,15,13361.0,2025-12-20,ACTIVE
A003257,B02932,Client_A,45,55032.0,2024-12-02,ACTIVE
A003258,B00212,Client_B,120,4987.0,2024-02-29,ACTIVE
A003259,B02500,Client_D,30,11780.0,2025-09-18,CLOSED
A003260,B02064,Client_B,90,12291.0,2025-07-15,ACTIVE
A003261,B00007,Client_C,90,43757.0,2025-02-12,ACTIVE
A003262,B02659,Client_D,15,29243.0,2024-08-23,ACTIVE
A003263,B00960,Client_A,45,43048.0,2024-04-01,ACTIVE
A003264,B02576,Client_B,90,15908.0,2025-01-05,ACTIVE
A003265,B02494,Client_B,90,18406.0,2025-09-10,ACTIVE
A003266,B00719,Client_C,75,14880.0,2025-09-07,ACTIVE
A003267,B01643,Client_A,90,35168.0,2025-12-27,ACTIVE
A003268,B01191,Client_D,60,10385.0,2026-01-24,ACTIVE
A003269,B01525,Client_B,180,97730.0,2024-09-05,ACTIVE
A003270,B00659,Client_C,75,11952.0,2024-02-04,ACTIVE
A003271,B00462,Client_B,60,9685.0,2025-08-09,ACTIVE
A003272,B00666,Client_A,180,14292.0,2024-01-13,ACTIVE
A003273,B01229,Client_A,45,27786.0,2024-06-06,ACTIVE
A003274,B01517,Client_A,30,14395.0,2024-07-19,ACTIVE
A003275,B02344,Client_D,120,18648.0,2024-03-28,ACTIVE
A003276,B02888,Client_B,150,30684.0,2024-10-03,ACTIVE
A003277,B02022,Client_B,120,46067.0,2025-08-10,ACTIVE
A003278,B02856,Client_A,45,14856.0,2025-12-10,CLOSED
A003279,B02132,Client_D,60,34524.0,2025-10-24,ACTIVE
A003280,B00711,Client_B,45,18641.0,2026-04-26,ACTIVE
A003281,B02748,Client_A,30,34166.0,2025-09-26,ACTIVE
A003282,B00096,Client_C,120,2841.0,2025-08-26,ACTIVE
A003283,B02312,Client_C,120,6778.0,2025-07-28,ACTIVE
A003284,B00410,Client_B,60,18505.0,2024-09-07,ACTIVE
A003285,B02387,Client_B,60,18504.0,2025-04-04,ACTIVE
A003286,B02286,Client_C,120,44180.0,2024-08-21,CLOSED
A003287,B02050,Client_C,15,32825.0,2025-10-14,ACTIVE
A003288,B02487,Client_A,90,3504.0,2025-12-29,ACTIVE
A003289,B01201,Client_D,60,17704.0,2024-02-03,WRITTEN_OFF
A003290,B00548,Client_B,30,17414.0,2024-09-15,ACTIVE
A003291,B00517,Client_A,120,6376.0,2026-03-13,ACTIVE
A003292,B01533,Client_B,120,50793.0,2025-05-23,ACTIVE
A003293,B00082,Client_A,180,17500.0,2024-03-21,ACTIVE
A003294,B01744,Client_B,45,18350.0,2025-11-11,ACTIVE
A003295,B02573,Client_A,30,77863.0,2026-04-21,ACTIVE
A003296,B00502,Client_B,75,15702.0,2024-09-04,ACTIVE
A003297,B02083,Client_B,45,45760.0,2026-05-17,ACTIVE
A003298,B01389,Client_A,75,22687.0,2024-12-12,CLOSED
A003299,B00339,Client_C,150,16016.0,2024-02-09,ACTIVE
A003300,B01198,Client_A,15,20246.0,2024-04-29,CLOSED
A003301,B00993,Client_B,75,42474.0,2025-10-05,ACTIVE
A003302,B02772,Client_A,90,24309.0,2025-07-17,ACTIVE
A003303,B02230,Client_B,150,28909.0,2024-07-24,WRITTEN_OFF
A003304,B00939,Client_A,45,26402.0,2024-09-08,ACTIVE
A003305,B02757,Client_C,60,24264.0,2024-08-28,ACTIVE
A003306,B01530,Client_A,45,28059.0,2024-06-27,ACTIVE
A003307,B02631,Client_A,90,16762.0,2024-02-17,ACTIVE
A003308,B00004,Client_C,15,24340.0,2025-04-09,ACTIVE
A003309,B01459,Client_A,60,15946.0,2024-08-18,ACTIVE
A003310,B00533,Client_A,120,52554.0,2025-04-09,ACTIVE
A003311,B00931,Client_A,30,31815.0,2026-02-24,CLOSED
A003312,B02971,Client_D,30,31698.0,2026-04-26,ACTIVE
A003313,B00869,Client_A,60,32395.0,2026-05-28,CLOSED
A003314,B00573,Client_D,120,7719.0,2024-08-03,CLOSED
A003315,B00641,Client_C,30,42117.0,2025-10-18,WRITTEN_OFF
A003316,B01736,Client_A,120,12350.0,2026-05-22,ACTIVE
A003317,B02506,Client_B,150,19372.0,2025-05-13,ACTIVE
A003318,B01548,Client_A,90,38867.0,2024-02-20,ACTIVE
A003319,B02124,Client_C,75,36062.0,2024-02-10,ACTIVE
A003320,B00418,Client_A,150,6929.0,2024-05-15,ACTIVE
A003321,B00663,Client_A,90,9769.0,2025-06-30,WRITTEN_OFF
A003322,B01594,Client_A,150,10759.0,2025-06-15,ACTIVE
A003323,B01192,Client_C,15,22874.0,2024-12-07,ACTIVE
A003324,B01836,Client_A,90,21124.0,2025-01-13,ACTIVE
A003325,B02600,Client_C,60,12413.0,2025-02-17,ACTIVE
A003326,B00360,Client_B,30,29436.0,2024-06-07,ACTIVE
A003327,B02555,Client_A,90,19521.0,2024-09-29,ACTIVE
A003328,B00627,Client_D,75,16538.0,2024-02-21,ACTIVE
A003329,B01985,Client_B,75,55524.0,2026-04-22,ACTIVE
A003330,B01177,Client_C,30,15455.0,2025-11-18,ACTIVE
A003331,B01151,Client_D,75,9676.0,2025-10-25,WRITTEN_OFF
A003332,B02722,Client_D,60,27422.0,2025-04-27,ACTIVE
A003333,B01491,Client_A,60,12484.0,2024-04-13,ACTIVE
A003334,B02962,Client_B,90,16906.0,2024-09-13,ACTIVE
A003335,B02878,Client_B,15,24268.0,2024-07-01,CLOSED
A003336,B01594,Client_C,60,34979.0,2026-03-18,ACTIVE
A003337,B01717,Client_A,75,6680.0,2024-05-22,ACTIVE
A003338,B01639,Client_B,60,32917.0,2026-04-20,ACTIVE
A003339,B01049,Client_A,30,8067.0,2024-06-01,ACTIVE
A003340,B00799,Client_A,60,14369.0,2025-02-16,CLOSED
A003341,B01915,Client_A,150,15096.0,2025-01-29,ACTIVE
A003342,B02332,Client_B,90,11164.0,2025-01-02,ACTIVE
A003343,B02551,Client_A,15,23595.0,2024-03-07,ACTIVE
A003344,B00267,Client_A,120,26382.0,2026-03-30,CLOSED
A003345,B02005,Client_D,30,27031.0,2025-02-15,ACTIVE
A003346,B01977,Client_D,75,41788.0,2024-03-09,ACTIVE
A003347,B00718,Client_C,120,25959.0,2025-08-17,ACTIVE
A003348,B01799,Client_B,45,8705.0,2025-01-05,ACTIVE
A003349,B01779,Client_D,30,29239.0,2025-06-06,ACTIVE
A003350,B02493,Client_C,30,17037.0,2024-05-30,ACTIVE
A003351,B01884,Client_B,75,24250.0,2024-08-13,ACTIVE
A003352,B02642,Client_A,120,39700.0,2024-04-27,CLOSED
A003353,B02758,Client_B,75,26286.0,2024-12-20,ACTIVE
A003354,B01355,Client_A,30,11342.0,2024-10-17,ACTIVE
A003355,B01858,Client_A,45,18691.0,2025-12-30,ACTIVE
A003356,B02126,Client_C,30,15065.0,2025-11-13,ACTIVE
A003357,B02578,Client_C,90,22944.0,2026-03-08,ACTIVE
A003358,B02225,Client_B,75,53193.0,2025-09-11,CLOSED
A003359,B02577,Client_C,90,64505.0,2026-03-07,ACTIVE
A003360,B00458,Client_C,120,18091.0,2024-04-04,ACTIVE
A003361,B02056,Client_B,15,21625.0,2025-05-30,ACTIVE
A003362,B02670,Client_A,75,14960.0,2025-05-31,CLOSED
A003363,B00868,Client_A,150,11964.0,2025-07-09,ACTIVE
A003364,B00059,Client_C,15,23948.0,2024-06-24,WRITTEN_OFF
A003365,B01793,Client_B,30,56806.0,2025-07-09,CLOSED
A003366,B01203,Client_D,150,23066.0,2024-07-01,ACTIVE
A003367,B02461,Client_A,90,61074.0,2024-07-02,CLOSED
A003368,B01093,Client_B,60,29196.0,2024-02-09,ACTIVE
A003369,B01492,Client_D,30,12424.0,2025-05-22,ACTIVE
A003370,B01420,Client_D,15,10100.0,2025-04-15,ACTIVE
A003371,B00888,Client_C,120,30799.0,2024-03-11,ACTIVE
A003372,B02795,Client_B,120,38077.0,2025-02-03,ACTIVE
A003373,B00728,Client_C,60,30219.0,2026-03-21,CLOSED
A003374,B00037,Client_C,60,14761.0,2025-09-10,ACTIVE
A003375,B01218,Client_A,90,15970.0,2026-01-18,ACTIVE
A003376,B02261,Client_B,120,43198.0,2026-01-20,ACTIVE
A003377,B02781,Client_A,120,20567.0,2025-09-21,ACTIVE
A003378,B00048,Client_C,30,21615.0,2024-05-06,ACTIVE
A003379,B00908,Client_A,30,50860.0,2026-05-31,ACTIVE
A003380,B01192,Client_B,120,27021.0,2024-07-27,ACTIVE
A003381,B02662,Client_A,75,23274.0,2025-05-04,ACTIVE
A003382,B00969,Client_B,90,33870.0,2024-01-26,ACTIVE
A003383,B02206,Client_D,45,17286.0,2026-03-12,WRITTEN_OFF
A003384,B02119,Client_B,30,8626.0,2025-06-17,ACTIVE
A003385,B01241,Client_A,30,35488.0,2025-06-28,ACTIVE
A003386,B01628,Client_B,15,32541.0,2025-03-24,WRITTEN_OFF
A003387,B00302,Client_C,60,25255.0,2025-04-18,WRITTEN_OFF
A003388,B00305,Client_C,90,7392.0,2025-02-26,ACTIVE
A003389,B02119,Client_D,45,19380.0,2025-09-03,ACTIVE
A003390,B01497,Client_C,30,28565.0,2025-07-12,ACTIVE
A003391,B02657,Client_B,60,19684.0,2025-02-15,ACTIVE
A003392,B02046,Client_C,60,23637.0,2024-07-12,ACTIVE
A003393,B02655,Client_C,45,40647.0,2024-10-26,ACTIVE
A003394,B02725,Client_B,45,5957.0,2025-04-09,ACTIVE
A003395,B02847,Client_B,120,21179.0,2025-03-22,CLOSED
A003396,B01526,Client_A,30,27964.0,2024-08-08,CLOSED
A003397,B01598,Client_A,75,41860.0,2026-01-26,ACTIVE
A003398,B02715,Client_C,45,36943.0,2025-06-28,CLOSED
A003399,B00229,Client_C,30,31113.0,2024-11-02,CLOSED
A003400,B00984,Client_C,75,36257.0,2025-04-29,CLOSED
A003401,B00901,Client_C,30,66755.0,2025-04-30,ACTIVE
A003402,B02168,Client_A,75,55587.0,2024-09-30,ACTIVE
A003403,B00308,Client_B,60,12548.0,2026-04-12,ACTIVE
A003404,B02328,Client_B,30,15132.0,2026-04-18,ACTIVE
A003405,B02999,Client_C,45,10558.0,2026-01-01,ACTIVE
A003406,B02194,Client_B,60,22812.0,2024-07-08,ACTIVE
A003407,B01083,Client_A,120,46981.0,2024-11-30,CLOSED
A003408,B02694,Client_C,45,10836.0,2024-02-06,ACTIVE
A003409,B00148,Client_C,90,13809.0,2024-09-04,ACTIVE
A003410,B00434,Client_A,45,28291.0,2024-10-01,ACTIVE
A003411,B02905,Client_A,45,23611.0,2024-02-29,ACTIVE
A003412,B01820,Client_D,60,22202.0,2025-10-23,ACTIVE
A003413,B02291,Client_B,75,9143.0,2024-06-06,ACTIVE
A003414,B01248,Client_B,90,14716.0,2024-12-04,ACTIVE
A003415,B02331,Client_A,75,21544.0,2025-01-28,ACTIVE
A003416,B01928,Client_A,120,26859.0,2024-06-13,ACTIVE
A003417,B00869,Client_D,45,18200.0,2024-06-08,ACTIVE
A003418,B00694,Client_C,90,7139.0,2024-12-12,CLOSED
A003419,B01910,Client_A,120,13263.0,2025-04-04,ACTIVE
A003420,B02706,Client_B,180,10910.0,2024-08-16,ACTIVE
A003421,B00733,Client_A,120,63298.0,2025-02-23,CLOSED
A003422,B00472,Client_A,15,26300.0,2024-08-02,ACTIVE
A003423,B02351,Client_B,75,50369.0,2025-04-18,CLOSED
A003424,B00538,Client_A,75,6892.0,2025-03-08,ACTIVE
A003425,B02200,Client_D,30,7654.0,2024-04-15,ACTIVE
A003426,B01250,Client_A,45,17970.0,2025-03-06,CLOSED
A003427,B01725,Client_A,150,68230.0,2025-12-04,ACTIVE
A003428,B02435,Client_A,90,13416.0,2024-03-04,ACTIVE
A003429,B00564,Client_B,120,35295.0,2024-11-24,ACTIVE
A003430,B01274,Client_B,30,28144.0,2026-02-20,ACTIVE
A003431,B00882,Client_B,120,32696.0,2025-09-23,CLOSED
A003432,B00111,Client_A,75,15759.0,2025-09-27,ACTIVE
A003433,B02725,Client_A,150,34487.0,2026-02-20,ACTIVE
A003434,B02723,Client_A,180,59642.0,2024-04-21,ACTIVE
A003435,B01491,Client_B,180,13728.0,2024-11-21,ACTIVE
A003436,B02504,Client_B,75,27727.0,2025-02-24,ACTIVE
A003437,B01394,Client_A,90,10969.0,2024-11-14,ACTIVE
A003438,B02713,Client_A,45,36051.0,2024-02-09,ACTIVE
A003439,B00102,Client_A,75,13823.0,2024-06-08,ACTIVE
A003440,B00208,Client_B,90,73979.0,2024-08-19,ACTIVE
A003441,B02809,Client_D,75,10283.0,2024-08-08,ACTIVE
A003442,B00205,Client_C,120,11881.0,2025-12-01,ACTIVE
A003443,B01641,Client_B,90,13986.0,2025-03-28,ACTIVE
A003444,B01813,Client_C,120,27298.0,2025-10-04,ACTIVE
A003445,B00468,Client_C,180,29630.0,2025-10-12,ACTIVE
A003446,B02697,Client_D,30,8018.0,2026-01-30,ACTIVE
A003447,B01244,Client_B,45,10563.0,2025-03-04,ACTIVE
A003448,B00903,Client_B,120,13597.0,2025-03-08,CLOSED
A003449,B01389,Client_C,15,63393.0,2024-02-03,ACTIVE
A003450,B01407,Client_A,30,23092.0,2024-02-25,ACTIVE
A003451,B01811,Client_B,75,9293.0,2024-02-12,ACTIVE
A003452,B01288,Client_D,75,32790.0,2025-10-21,ACTIVE
A003453,B02958,Client_D,60,25987.0,2026-05-02,ACTIVE
A003454,B01431,Client_B,15,17642.0,2024-04-28,ACTIVE
A003455,B01953,Client_A,60,66383.0,2025-12-31,ACTIVE
A003456,B02787,Client_A,75,24678.0,2024-06-11,ACTIVE
A003457,B02062,Client_D,120,23267.0,2025-09-22,ACTIVE
A003458,B02960,Client_B,30,9492.0,2026-02-21,ACTIVE
A003459,B01010,Client_B,15,6003.0,2024-07-24,ACTIVE
A003460,B01680,Client_B,75,16165.0,2025-04-23,ACTIVE
A003461,B01861,Client_B,15,24312.0,2024-06-21,ACTIVE
A003462,B01410,Client_A,15,14515.0,2025-12-01,ACTIVE
A003463,B02156,Client_B,60,23699.0,2025-08-23,WRITTEN_OFF
A003464,B00201,Client_A,120,10358.0,2024-11-13,ACTIVE
A003465,B02288,Client_A,150,9001.0,2024-02-22,ACTIVE
A003466,B01876,Client_A,45,66258.0,2024-12-24,ACTIVE
A003467,B00344,Client_A,30,20668.0,2024-10-15,WRITTEN_OFF
A003468,B02723,Client_C,75,19796.0,2025-06-26,CLOSED
A003469,B00619,Client_B,75,39194.0,2024-12-22,CLOSED
A003470,B02390,Client_A,60,19982.0,2024-11-30,ACTIVE
A003471,B01169,Client_A,75,18021.0,2024-03-17,ACTIVE
A003472,B02265,Client_D,30,16737.0,2025-10-28,ACTIVE
A003473,B01192,Client_B,75,21591.0,2025-03-28,CLOSED
A003474,B00871,Client_D,75,30596.0,2024-03-14,CLOSED
A003475,B01363,Client_B,15,7485.0,2025-08-26,ACTIVE
A003476,B01415,Client_B,45,24689.0,2025-07-30,ACTIVE
A003477,B00617,Client_C,60,40743.0,2025-06-22,ACTIVE
A003478,B01308,Client_C,60,13878.0,2025-07-13,ACTIVE
A003479,B02427,Client_D,90,17433.0,2025-02-25,ACTIVE
A003480,B02944,Client_C,60,6941.0,2025-12-13,ACTIVE
A003481,B01402,Client_A,75,21670.0,2026-03-06,ACTIVE
A003482,B00566,Client_B,75,26150.0,2025-12-24,ACTIVE
A003483,B00502,Client_B,90,46441.0,2026-01-03,ACTIVE
A003484,B01135,Client_C,60,8771.0,2024-12-22,ACTIVE
A003485,B00926,Client_B,150,13962.0,2024-09-21,ACTIVE
A003486,B00763,Client_C,180,21624.0,2026-03-09,ACTIVE
A003487,B00501,Client_D,120,23343.0,2024-01-26,ACTIVE
A003488,B02759,Client_A,150,31177.0,2025-11-15,CLOSED
A003489,B00762,Client_B,30,58319.0,2026-02-10,ACTIVE
A003490,B00533,Client_D,150,22115.0,2024-12-10,ACTIVE
A003491,B01893,Client_A,180,36125.0,2025-08-21,ACTIVE
A003492,B01819,Client_A,15,12812.0,2025-09-11,ACTIVE
A003493,B02139,Client_C,60,31557.0,2024-09-15,ACTIVE
A003494,B01475,Client_B,60,98640.0,2024-02-11,ACTIVE
A003495,B01005,Client_B,60,23930.0,2026-01-17,WRITTEN_OFF
A003496,B01649,Client_B,60,15569.0,2024-08-11,ACTIVE
A003497,B02167,Client_A,60,31036.0,2025-01-08,ACTIVE
A003498,B02684,Client_D,45,11141.0,2024-08-11,CLOSED
A003499,B01933,Client_D,60,98126.0,2026-05-31,ACTIVE
A003500,B00562,Client_B,90,21546.0,2024-04-20,CLOSED
A003501,B01803,Client_A,60,11886.0,2025-04-08,ACTIVE
A003502,B01618,Client_A,90,34807.0,2025-08-26,WRITTEN_OFF
A003503,B01368,Client_C,150,11638.0,2024-02-12,ACTIVE
A003504,B02146,Client_C,45,15890.0,2024-04-06,WRITTEN_OFF
A003505,B02685,Client_A,150,42079.0,2024-12-06,ACTIVE
A003506,B00762,Client_B,90,14416.0,2025-12-22,ACTIVE
A003507,B02742,Client_C,45,55247.0,2025-10-31,ACTIVE
A003508,B02486,Client_B,30,8018.0,2025-03-09,ACTIVE
A003509,B01963,Client_B,75,14202.0,2026-04-22,CLOSED
A003510,B01776,Client_C,75,10688.0,2024-01-25,ACTIVE
A003511,B00021,Client_A,75,31527.0,2026-01-04,ACTIVE
A003512,B02846,Client_B,150,33862.0,2024-02-29,ACTIVE
A003513,B01888,Client_D,60,20799.0,2024-02-25,ACTIVE
A003514,B01073,Client_A,150,55170.0,2025-03-21,ACTIVE
A003515,B02961,Client_B,60,11642.0,2025-11-16,ACTIVE
A003516,B01966,Client_C,45,25603.0,2024-10-11,ACTIVE
A003517,B01312,Client_C,45,14040.0,2024-02-15,ACTIVE
A003518,B02619,Client_D,90,9431.0,2024-04-02,ACTIVE
A003519,B02290,Client_B,75,11210.0,2026-02-20,ACTIVE
A003520,B00298,Client_A,120,45672.0,2024-11-01,CLOSED
A003521,B01058,Client_B,90,37985.0,2026-02-25,ACTIVE
A003522,B02769,Client_A,90,20343.0,2025-09-07,ACTIVE
A003523,B01718,Client_A,120,31041.0,2024-12-18,ACTIVE
A003524,B00240,Client_C,75,38537.0,2025-03-04,ACTIVE
A003525,B00071,Client_B,75,43454.0,2024-11-03,ACTIVE
A003526,B02990,Client_A,45,14658.0,2024-08-05,CLOSED
A003527,B01061,Client_D,30,18319.0,2024-02-22,ACTIVE
A003528,B01100,Client_B,180,4943.0,2024-12-21,ACTIVE
A003529,B02740,Client_D,75,14995.0,2024-10-26,ACTIVE
A003530,B02943,Client_D,75,31625.0,2026-02-21,ACTIVE
A003531,B02716,Client_B,30,19312.0,2025-09-04,ACTIVE
A003532,B01760,Client_B,45,29181.0,2024-07-12,ACTIVE
A003533,B00504,Client_C,30,58989.0,2025-11-25,ACTIVE
A003534,B01709,Client_D,75,16672.0,2025-02-08,ACTIVE
A003535,B02987,Client_C,120,39164.0,2026-05-30,ACTIVE
A003536,B00892,Client_A,150,50530.0,2025-06-08,CLOSED
A003537,B00949,Client_D,60,20424.0,2024-04-24,ACTIVE
A003538,B02786,Client_A,90,52546.0,2025-12-10,ACTIVE
A003539,B01848,Client_C,75,42548.0,2025-10-20,ACTIVE
A003540,B01406,Client_A,45,46706.0,2026-02-20,ACTIVE
A003541,B00988,Client_B,90,41763.0,2025-07-01,ACTIVE
A003542,B00479,Client_B,45,68767.0,2024-12-05,ACTIVE
A003543,B01844,Client_A,75,24214.0,2024-02-12,ACTIVE
A003544,B01126,Client_A,75,13385.0,2024-12-02,ACTIVE
A003545,B02889,Client_A,120,23730.0,2026-01-18,ACTIVE
A003546,B00919,Client_D,75,33247.0,2026-02-22,ACTIVE
A003547,B00110,Client_A,15,57962.0,2025-08-12,ACTIVE
A003548,B02763,Client_C,75,29325.0,2025-09-15,ACTIVE
A003549,B02132,Client_A,30,135307.0,2024-06-26,ACTIVE
A003550,B02838,Client_A,60,18034.0,2025-07-07,ACTIVE
A003551,B02274,Client_A,90,6976.0,2024-09-20,WRITTEN_OFF
A003552,B02104,Client_C,45,20114.0,2025-07-13,ACTIVE
A003553,B02881,Client_B,180,19309.0,2026-03-20,ACTIVE
A003554,B01097,Client_D,90,39541.0,2024-09-09,ACTIVE
A003555,B02044,Client_C,90,22135.0,2024-11-26,ACTIVE
A003556,B01307,Client_B,15,29161.0,2025-05-23,ACTIVE
A003557,B02129,Client_A,75,28561.0,2026-01-05,CLOSED
A003558,B00130,Client_A,60,30587.0,2025-07-23,CLOSED
A003559,B02414,Client_D,45,12060.0,2024-05-25,ACTIVE
A003560,B00821,Client_D,45,11124.0,2025-09-13,ACTIVE
A003561,B00173,Client_B,45,27282.0,2025-04-13,CLOSED
A003562,B00988,Client_B,90,22780.0,2025-03-26,ACTIVE
A003563,B01761,Client_D,75,30785.0,2025-03-22,ACTIVE
A003564,B02361,Client_C,120,35178.0,2025-12-16,ACTIVE
A003565,B01942,Client_A,45,17988.0,2024-08-16,ACTIVE
A003566,B00009,Client_A,15,44308.0,2024-05-16,ACTIVE
A003567,B02395,Client_C,45,22513.0,2025-03-17,ACTIVE
A003568,B00829,Client_B,75,28518.0,2025-09-30,ACTIVE
A003569,B00095,Client_C,30,19525.0,2024-01-22,WRITTEN_OFF
A003570,B02766,Client_B,30,23001.0,2024-07-30,ACTIVE
A003571,B00518,Client_A,75,22869.0,2026-03-19,CLOSED
A003572,B02363,Client_C,90,59827.0,2025-04-25,ACTIVE
A003573,B01280,Client_C,90,44289.0,2024-06-29,ACTIVE
A003574,B02554,Client_C,30,11061.0,2024-04-01,ACTIVE
A003575,B01355,Client_A,45,21265.0,2024-12-21,ACTIVE
A003576,B01093,Client_B,90,27239.0,2026-01-17,ACTIVE
A003577,B02236,Client_A,90,17676.0,2024-06-09,ACTIVE
A003578,B00127,Client_B,120,29312.0,2025-04-20,ACTIVE
A003579,B02456,Client_C,75,46680.0,2026-03-25,ACTIVE
A003580,B00616,Client_B,120,17397.0,2024-04-23,ACTIVE
A003581,B02623,Client_B,120,16106.0,2024-07-23,ACTIVE
A003582,B00111,Client_D,150,23973.0,2026-05-03,CLOSED
A003583,B02591,Client_A,180,12339.0,2025-07-16,ACTIVE
A003584,B00744,Client_C,120,21572.0,2024-12-02,ACTIVE
A003585,B02842,Client_A,30,22712.0,2025-08-27,ACTIVE
A003586,B01748,Client_C,90,19308.0,2024-03-18,ACTIVE
A003587,B02597,Client_C,75,22018.0,2025-10-25,ACTIVE
A003588,B01399,Client_B,60,11127.0,2025-09-17,CLOSED
A003589,B02240,Client_D,120,19490.0,2025-03-26,ACTIVE
A003590,B00973,Client_A,45,10020.0,2026-03-10,ACTIVE
A003591,B02726,Client_B,45,52673.0,2024-04-08,ACTIVE
A003592,B00988,Client_A,30,12871.0,2024-04-17,ACTIVE
A003593,B02838,Client_B,30,8606.0,2025-07-09,ACTIVE
A003594,B01891,Client_D,30,17307.0,2025-09-28,ACTIVE
A003595,B00465,Client_D,60,63731.0,2025-11-07,ACTIVE
A003596,B01401,Client_D,120,31764.0,2024-10-17,CLOSED
A003597,B02707,Client_A,150,35699.0,2024-11-22,ACTIVE
A003598,B00598,Client_C,120,20447.0,2026-05-24,ACTIVE
A003599,B02074,Client_B,30,13133.0,2024-10-21,ACTIVE
A003600,B00121,Client_A,45,13164.0,2025-04-05,ACTIVE
A003601,B01646,Client_B,45,64075.0,2025-11-20,ACTIVE
A003602,B01735,Client_A,30,42029.0,2024-10-23,ACTIVE
A003603,B01003,Client_B,60,83661.0,2024-03-29,WRITTEN_OFF
A003604,B01693,Client_A,75,4966.0,2025-03-15,ACTIVE
A003605,B02922,Client_B,45,3228.0,2026-01-19,ACTIVE
A003606,B01956,Client_A,75,17194.0,2025-09-22,CLOSED
A003607,B01898,Client_B,15,8682.0,2024-05-11,CLOSED
A003608,B02522,Client_D,60,23558.0,2024-03-04,ACTIVE
A003609,B01276,Client_A,90,24566.0,2025-11-01,ACTIVE
A003610,B01810,Client_B,30,16608.0,2024-08-25,ACTIVE
A003611,B02698,Client_C,120,48098.0,2025-05-11,ACTIVE
A003612,B01221,Client_C,90,20772.0,2025-01-15,ACTIVE
A003613,B01023,Client_A,60,34290.0,2025-09-28,ACTIVE
A003614,B02057,Client_C,75,23761.0,2024-09-14,ACTIVE
A003615,B00496,Client_B,75,9621.0,2026-02-21,ACTIVE
A003616,B00520,Client_C,60,34503.0,2025-10-01,ACTIVE
A003617,B02570,Client_C,45,7742.0,2025-12-13,ACTIVE
A003618,B02596,Client_A,30,16163.0,2025-10-11,ACTIVE
A003619,B01635,Client_A,75,27143.0,2024-11-22,WRITTEN_OFF
A003620,B00803,Client_C,90,38361.0,2024-09-03,ACTIVE
A003621,B02312,Client_A,60,38397.0,2026-04-19,ACTIVE
A003622,B00287,Client_A,60,33670.0,2024-02-11,ACTIVE
A003623,B02949,Client_C,60,5765.0,2025-01-15,ACTIVE
A003624,B02249,Client_B,15,32631.0,2025-10-31,ACTIVE
A003625,B01528,Client_B,30,21633.0,2024-02-17,ACTIVE
A003626,B01089,Client_C,75,29040.0,2025-06-04,ACTIVE
A003627,B00094,Client_D,60,13064.0,2025-04-16,ACTIVE
A003628,B02376,Client_B,30,24939.0,2025-12-09,ACTIVE
A003629,B02045,Client_A,30,29536.0,2025-03-08,ACTIVE
A003630,B01796,Client_C,15,20457.0,2024-11-24,WRITTEN_OFF
A003631,B01434,Client_A,60,44791.0,2024-03-23,ACTIVE
A003632,B02279,Client_A,45,10030.0,2026-04-13,CLOSED
A003633,B01129,Client_A,30,23105.0,2025-12-31,ACTIVE
A003634,B00628,Client_D,60,26609.0,2024-10-12,WRITTEN_OFF
A003635,B00350,Client_A,120,61830.0,2025-02-08,WRITTEN_OFF
A003636,B02495,Client_A,30,9240.0,2025-01-08,ACTIVE
A003637,B01065,Client_C,90,21390.0,2024-05-15,ACTIVE
A003638,B02837,Client_A,75,18199.0,2026-02-04,ACTIVE
A003639,B01883,Client_D,75,15038.0,2026-02-05,ACTIVE
A003640,B02073,Client_A,120,22226.0,2024-12-03,ACTIVE
A003641,B02425,Client_C,30,13839.0,2024-01-09,ACTIVE
A003642,B00359,Client_B,30,33340.0,2024-04-27,CLOSED
A003643,B02609,Client_B,30,40592.0,2026-02-20,ACTIVE
A003644,B00555,Client_A,15,58014.0,2025-02-18,CLOSED
A003645,B02345,Client_C,90,20172.0,2024-06-23,WRITTEN_OFF
A003646,B01234,Client_C,75,11016.0,2024-08-17,ACTIVE
A003647,B00734,Client_B,45,13284.0,2024-12-30,ACTIVE
A003648,B00692,Client_C,30,15451.0,2026-01-06,ACTIVE
A003649,B01407,Client_C,15,16411.0,2025-03-28,ACTIVE
A003650,B01377,Client_C,90,16902.0,2026-05-25,ACTIVE
A003651,B02333,Client_B,60,27955.0,2026-05-01,CLOSED
A003652,B02836,Client_C,45,24889.0,2024-06-29,ACTIVE
A003653,B02750,Client_B,75,16335.0,2024-03-16,ACTIVE
A003654,B02296,Client_A,45,24658.0,2024-10-24,ACTIVE
A003655,B02512,Client_B,45,22643.0,2024-12-15,ACTIVE
A003656,B00335,Client_B,30,18898.0,2025-08-11,ACTIVE
A003657,B02663,Client_B,15,20482.0,2025-10-21,ACTIVE
A003658,B00437,Client_B,90,44500.0,2024-07-31,CLOSED
A003659,B01009,Client_A,75,13873.0,2026-04-26,CLOSED
A003660,B01586,Client_B,30,21705.0,2024-08-23,ACTIVE
A003661,B01712,Client_A,90,34069.0,2024-09-27,ACTIVE
A003662,B00340,Client_C,60,11956.0,2024-12-25,WRITTEN_OFF
A003663,B00071,Client_B,120,24552.0,2025-10-09,ACTIVE
A003664,B01451,Client_B,180,10564.0,2025-03-19,ACTIVE
A003665,B01063,Client_D,15,24147.0,2024-07-19,ACTIVE
A003666,B00991,Client_A,30,11284.0,2024-04-08,ACTIVE
A003667,B00314,Client_C,75,26071.0,2025-09-11,ACTIVE
A003668,B01622,Client_A,180,23026.0,2026-03-16,ACTIVE
A003669,B00295,Client_D,75,51667.0,2025-02-19,ACTIVE
A003670,B02046,Client_C,90,23148.0,2025-09-07,ACTIVE
A003671,B02064,Client_A,45,11899.0,2024-12-22,ACTIVE
A003672,B00528,Client_C,120,17181.0,2026-05-19,ACTIVE
A003673,B01354,Client_C,90,17778.0,2024-07-24,ACTIVE
A003674,B02266,Client_B,75,16676.0,2025-01-07,ACTIVE
A003675,B02074,Client_D,60,24125.0,2025-05-14,ACTIVE
A003676,B02268,Client_C,60,16078.0,2026-03-27,ACTIVE
A003677,B01655,Client_B,15,21718.0,2025-09-29,ACTIVE
A003678,B02582,Client_C,60,17778.0,2024-07-16,ACTIVE
A003679,B00243,Client_C,30,7734.0,2024-03-11,ACTIVE
A003680,B00362,Client_D,120,9691.0,2024-11-10,ACTIVE
A003681,B00908,Client_A,60,25491.0,2024-05-21,CLOSED
A003682,B01178,Client_D,75,11784.0,2026-04-21,ACTIVE
A003683,B01032,Client_B,30,38423.0,2024-12-18,ACTIVE
A003684,B01281,Client_B,15,6895.0,2024-06-12,ACTIVE
A003685,B01271,Client_B,30,21039.0,2025-05-14,ACTIVE
A003686,B02348,Client_A,45,49240.0,2024-08-08,ACTIVE
A003687,B02840,Client_B,150,16172.0,2024-07-01,ACTIVE
A003688,B01135,Client_A,180,35302.0,2024-01-27,ACTIVE
A003689,B00329,Client_B,30,15757.0,2024-08-30,ACTIVE
A003690,B02325,Client_D,180,4805.0,2026-03-17,ACTIVE
A003691,B00075,Client_C,60,20450.0,2024-11-29,ACTIVE
A003692,B00779,Client_C,60,28005.0,2024-01-13,ACTIVE
A003693,B02787,Client_A,45,19110.0,2024-12-22,ACTIVE
A003694,B01150,Client_B,75,29420.0,2026-01-31,ACTIVE
A003695,B01131,Client_C,15,13208.0,2025-05-22,ACTIVE
A003696,B00133,Client_B,60,23123.0,2025-05-03,ACTIVE
A003697,B01610,Client_B,75,17057.0,2025-12-07,WRITTEN_OFF
A003698,B00669,Client_A,60,25563.0,2025-09-07,ACTIVE
A003699,B02430,Client_A,90,22444.0,2024-04-12,ACTIVE
A003700,B00307,Client_B,180,10998.0,2025-11-30,ACTIVE
A003701,B02721,Client_D,75,16072.0,2024-07-02,ACTIVE
A003702,B00607,Client_B,75,30706.0,2025-02-08,ACTIVE
A003703,B02378,Client_B,60,32082.0,2025-12-27,ACTIVE
A003704,B00965,Client_D,150,10193.0,2025-04-13,ACTIVE
A003705,B00862,Client_A,120,29665.0,2025-06-02,ACTIVE
A003706,B01657,Client_D,60,15639.0,2026-02-09,ACTIVE
A003707,B00191,Client_D,90,30625.0,2025-04-16,ACTIVE
A003708,B01503,Client_B,15,15275.0,2025-02-08,ACTIVE
A003709,B01785,Client_A,15,13402.0,2025-08-07,CLOSED
A003710,B00710,Client_B,30,31939.0,2025-05-05,ACTIVE
A003711,B00878,Client_C,30,16965.0,2024-12-25,ACTIVE
A003712,B00095,Client_B,45,25338.0,2025-10-16,WRITTEN_OFF
A003713,B01841,Client_D,75,13620.0,2026-01-06,ACTIVE
A003714,B00318,Client_D,60,21843.0,2025-10-29,ACTIVE
A003715,B02515,Client_B,150,26195.0,2025-09-13,ACTIVE
A003716,B01044,Client_B,45,38852.0,2025-09-16,ACTIVE
A003717,B02050,Client_A,150,33618.0,2024-11-26,ACTIVE
A003718,B02343,Client_A,30,5461.0,2024-04-27,ACTIVE
A003719,B00408,Client_C,30,22322.0,2025-07-14,ACTIVE
A003720,B00830,Client_A,45,10475.0,2025-09-23,ACTIVE
A003721,B02337,Client_B,120,67188.0,2025-11-25,ACTIVE
A003722,B02645,Client_A,75,34275.0,2025-10-10,ACTIVE
A003723,B02190,Client_D,150,20219.0,2024-12-20,ACTIVE
A003724,B00439,Client_B,75,16340.0,2025-06-01,ACTIVE
A003725,B02590,Client_B,45,12221.0,2024-06-11,ACTIVE
A003726,B02349,Client_B,30,12741.0,2025-08-26,ACTIVE
A003727,B00950,Client_D,90,15188.0,2026-01-16,ACTIVE
A003728,B01424,Client_A,150,25321.0,2024-11-08,ACTIVE
A003729,B00564,Client_B,30,26838.0,2025-10-17,ACTIVE
A003730,B02791,Client_D,60,26551.0,2024-06-07,ACTIVE
A003731,B00880,Client_A,15,32727.0,2024-01-13,WRITTEN_OFF
A003732,B01529,Client_A,15,8028.0,2024-01-26,ACTIVE
A003733,B01303,Client_B,90,25912.0,2024-04-29,ACTIVE
A003734,B00260,Client_D,120,45512.0,2026-01-09,ACTIVE
A003735,B01051,Client_A,120,45702.0,2025-07-03,ACTIVE
A003736,B01526,Client_D,60,24989.0,2024-10-07,ACTIVE
A003737,B00851,Client_A,45,21131.0,2026-02-04,WRITTEN_OFF
A003738,B01687,Client_B,75,21386.0,2025-05-30,ACTIVE
A003739,B00990,Client_B,45,21691.0,2025-12-19,ACTIVE
A003740,B01009,Client_A,30,26530.0,2026-03-03,ACTIVE
A003741,B02369,Client_D,90,8759.0,2025-03-03,CLOSED
A003742,B00278,Client_A,60,18206.0,2025-10-11,ACTIVE
A003743,B01672,Client_B,60,12799.0,2024-02-09,ACTIVE
A003744,B02298,Client_C,60,20735.0,2025-07-25,ACTIVE
A003745,B01869,Client_B,60,24965.0,2024-11-26,ACTIVE
A003746,B02412,Client_B,120,48609.0,2026-05-07,CLOSED
A003747,B01752,Client_B,30,23870.0,2024-11-04,ACTIVE
A003748,B00901,Client_B,150,35967.0,2025-04-08,ACTIVE
A003749,B02355,Client_D,75,46704.0,2025-01-27,ACTIVE
A003750,B02761,Client_C,120,56834.0,2026-05-08,ACTIVE
A003751,B02440,Client_B,120,10470.0,2026-01-02,ACTIVE
A003752,B02665,Client_B,150,15886.0,2024-04-18,ACTIVE
A003753,B02858,Client_A,60,29546.0,2025-06-15,CLOSED
A003754,B01796,Client_C,90,8088.0,2026-01-28,CLOSED
A003755,B01852,Client_A,60,20685.0,2024-05-23,CLOSED
A003756,B02077,Client_A,150,32147.0,2025-01-28,ACTIVE
A003757,B02790,Client_A,45,30911.0,2025-05-07,ACTIVE
A003758,B02091,Client_C,150,12474.0,2025-03-19,ACTIVE
A003759,B02199,Client_A,60,19517.0,2025-09-19,ACTIVE
A003760,B02061,Client_A,90,10115.0,2025-11-29,ACTIVE
A003761,B02414,Client_C,30,14881.0,2025-04-19,ACTIVE
A003762,B02497,Client_B,90,24206.0,2025-02-16,ACTIVE
A003763,B00183,Client_A,60,21108.0,2025-03-02,CLOSED
A003764,B02628,Client_C,60,13055.0,2025-08-03,WRITTEN_OFF
A003765,B00378,Client_B,15,23918.0,2025-04-20,WRITTEN_OFF
A003766,B00062,Client_A,60,30522.0,2024-11-06,ACTIVE
A003767,B01456,Client_A,45,14854.0,2026-05-14,ACTIVE
A003768,B01400,Client_B,60,28364.0,2026-02-26,ACTIVE
A003769,B02309,Client_A,60,27050.0,2024-02-24,ACTIVE
A003770,B01760,Client_B,45,29642.0,2025-01-20,ACTIVE
A003771,B02367,Client_D,90,20070.0,2024-04-08,CLOSED
A003772,B00592,Client_B,120,5910.0,2026-05-12,ACTIVE
A003773,B01753,Client_D,180,60362.0,2024-07-25,ACTIVE
A003774,B02549,Client_A,75,38577.0,2026-04-16,ACTIVE
A003775,B02080,Client_A,30,70666.0,2024-09-30,ACTIVE
A003776,B02442,Client_D,60,17725.0,2025-08-22,CLOSED
A003777,B01408,Client_A,75,44821.0,2024-01-23,ACTIVE
A003778,B02205,Client_B,60,30291.0,2025-05-10,ACTIVE
A003779,B01305,Client_C,150,38614.0,2024-12-26,ACTIVE
A003780,B00315,Client_B,60,10181.0,2024-06-04,ACTIVE
A003781,B01458,Client_C,150,14552.0,2024-03-17,CLOSED
A003782,B01210,Client_B,120,6356.0,2024-07-12,ACTIVE
A003783,B00474,Client_A,90,62638.0,2025-09-30,ACTIVE
A003784,B02896,Client_A,60,52175.0,2026-01-31,ACTIVE
A003785,B01493,Client_A,60,15249.0,2024-08-24,ACTIVE
A003786,B00038,Client_A,60,13413.0,2025-02-24,ACTIVE
A003787,B02398,Client_A,45,49175.0,2024-06-10,ACTIVE
A003788,B01860,Client_A,150,12863.0,2024-03-21,ACTIVE
A003789,B02064,Client_B,90,19262.0,2025-11-20,ACTIVE
A003790,B02213,Client_D,60,30680.0,2025-07-19,WRITTEN_OFF
A003791,B02032,Client_A,30,56836.0,2026-01-27,WRITTEN_OFF
A003792,B01674,Client_C,90,41432.0,2024-01-04,ACTIVE
A003793,B00443,Client_B,30,27879.0,2025-10-06,ACTIVE
A003794,B00820,Client_B,30,54524.0,2025-01-24,ACTIVE
A003795,B00631,Client_C,75,10702.0,2025-09-11,ACTIVE
A003796,B00495,Client_A,30,9009.0,2024-02-13,CLOSED
A003797,B00209,Client_C,15,7842.0,2024-08-06,ACTIVE
A003798,B02747,Client_A,45,8297.0,2024-09-25,CLOSED
A003799,B02996,Client_C,90,77189.0,2025-02-10,ACTIVE
A003800,B01354,Client_D,60,40616.0,2025-10-27,ACTIVE
A003801,B02646,Client_A,90,61551.0,2024-10-09,ACTIVE
A003802,B01101,Client_B,180,7255.0,2024-06-04,CLOSED
A003803,B00064,Client_D,45,46446.0,2024-09-14,ACTIVE
A003804,B01106,Client_A,45,20644.0,2024-01-15,ACTIVE
A003805,B02392,Client_C,150,5516.0,2024-08-09,ACTIVE
A003806,B00059,Client_B,45,11326.0,2025-05-28,ACTIVE
A003807,B00146,Client_C,90,27463.0,2024-11-16,ACTIVE
A003808,B00891,Client_A,120,14071.0,2025-04-05,ACTIVE
A003809,B00493,Client_C,15,26580.0,2024-05-24,ACTIVE
A003810,B00896,Client_B,75,15276.0,2026-03-18,CLOSED
A003811,B02318,Client_C,45,15116.0,2024-10-07,ACTIVE
A003812,B00110,Client_C,60,11724.0,2025-11-01,ACTIVE
A003813,B01212,Client_B,60,19761.0,2024-05-27,CLOSED
A003814,B01382,Client_A,90,10925.0,2024-09-14,ACTIVE
A003815,B02900,Client_C,150,23759.0,2024-03-29,ACTIVE
A003816,B01480,Client_A,45,39099.0,2025-10-12,ACTIVE
A003817,B02155,Client_A,90,18446.0,2024-05-04,CLOSED
A003818,B01522,Client_A,60,37297.0,2024-05-14,ACTIVE
A003819,B02368,Client_C,60,11106.0,2025-10-23,ACTIVE
A003820,B02828,Client_A,75,8322.0,2025-01-31,CLOSED
A003821,B00153,Client_B,60,45359.0,2025-03-26,ACTIVE
A003822,B01823,Client_B,30,19530.0,2025-02-10,ACTIVE
A003823,B00512,Client_B,30,22763.0,2024-03-03,ACTIVE
A003824,B01422,Client_A,60,23411.0,2025-05-04,ACTIVE
A003825,B02515,Client_D,45,6506.0,2025-04-04,ACTIVE
A003826,B01461,Client_B,120,20127.0,2026-05-06,ACTIVE
A003827,B00400,Client_A,60,10091.0,2025-08-20,ACTIVE
A003828,B01628,Client_A,75,58710.0,2026-03-16,ACTIVE
A003829,B00196,Client_C,180,19006.0,2025-09-08,ACTIVE
A003830,B02646,Client_D,45,8743.0,2024-09-17,ACTIVE
A003831,B02173,Client_A,120,51208.0,2024-08-01,ACTIVE
A003832,B01489,Client_B,120,19808.0,2025-09-24,ACTIVE
A003833,B02863,Client_C,120,18017.0,2025-01-31,ACTIVE
A003834,B00326,Client_A,60,15771.0,2024-09-19,ACTIVE
A003835,B01475,Client_B,45,43851.0,2025-08-31,ACTIVE
A003836,B00774,Client_A,45,4732.0,2024-09-07,ACTIVE
A003837,B01650,Client_C,30,93212.0,2024-07-10,ACTIVE
A003838,B02442,Client_D,30,18524.0,2026-03-18,ACTIVE
A003839,B00790,Client_A,60,64583.0,2025-11-06,ACTIVE
A003840,B00787,Client_B,30,6105.0,2025-10-29,ACTIVE
A003841,B00672,Client_D,60,36054.0,2024-08-10,ACTIVE
A003842,B02612,Client_B,90,25876.0,2024-03-07,CLOSED
A003843,B00139,Client_D,45,19525.0,2025-05-01,CLOSED
A003844,B00006,Client_D,30,32126.0,2026-03-24,ACTIVE
A003845,B01365,Client_A,45,12341.0,2024-08-14,ACTIVE
A003846,B00431,Client_B,30,20243.0,2025-04-25,ACTIVE
A003847,B02216,Client_B,150,30852.0,2024-09-03,WRITTEN_OFF
A003848,B01572,Client_A,45,20121.0,2024-04-25,ACTIVE
A003849,B02698,Client_A,60,8535.0,2025-02-10,WRITTEN_OFF
A003850,B01437,Client_C,75,5224.0,2026-03-07,ACTIVE
A003851,B01895,Client_A,45,19689.0,2025-06-30,ACTIVE
A003852,B02725,Client_B,75,11513.0,2025-03-13,ACTIVE
A003853,B02044,Client_D,75,38461.0,2025-04-13,ACTIVE
A003854,B01215,Client_C,60,18733.0,2024-03-16,ACTIVE
A003855,B00536,Client_C,15,27940.0,2024-08-21,CLOSED
A003856,B01223,Client_B,150,28589.0,2026-04-22,CLOSED
A003857,B01046,Client_A,15,42510.0,2026-04-18,ACTIVE
A003858,B02678,Client_B,75,51467.0,2024-04-02,CLOSED
A003859,B01976,Client_A,15,79216.0,2026-01-07,ACTIVE
A003860,B01053,Client_A,30,19010.0,2024-05-10,ACTIVE
A003861,B02194,Client_A,60,13544.0,2025-06-23,ACTIVE
A003862,B01598,Client_A,75,45955.0,2024-08-10,ACTIVE
A003863,B01988,Client_B,75,22489.0,2024-06-24,ACTIVE
A003864,B01486,Client_C,15,20380.0,2026-05-10,CLOSED
A003865,B00682,Client_C,90,17923.0,2025-03-06,ACTIVE
A003866,B02011,Client_B,60,17291.0,2026-01-06,ACTIVE
A003867,B00109,Client_C,30,10410.0,2025-12-23,ACTIVE
A003868,B01953,Client_A,30,26372.0,2026-04-21,ACTIVE
A003869,B02700,Client_C,90,53799.0,2024-06-29,ACTIVE
A003870,B02800,Client_D,15,23097.0,2024-09-16,ACTIVE
A003871,B00035,Client_B,45,16295.0,2024-02-11,ACTIVE
A003872,B01547,Client_A,15,20377.0,2025-04-15,ACTIVE
A003873,B02061,Client_A,75,11210.0,2026-04-01,ACTIVE
A003874,B00356,Client_C,75,12543.0,2025-10-14,ACTIVE
A003875,B02985,Client_A,60,12940.0,2025-09-02,ACTIVE
A003876,B02436,Client_A,75,25111.0,2024-05-17,ACTIVE
A003877,B00389,Client_D,45,20466.0,2024-10-18,WRITTEN_OFF
A003878,B01466,Client_B,120,19057.0,2025-05-01,CLOSED
A003879,B02438,Client_B,30,22429.0,2026-02-09,ACTIVE
A003880,B02318,Client_A,150,25120.0,2024-11-27,ACTIVE
A003881,B02729,Client_B,90,19804.0,2025-10-22,ACTIVE
A003882,B00479,Client_B,90,10742.0,2026-01-19,ACTIVE
A003883,B00773,Client_B,75,9554.0,2024-10-31,ACTIVE
A003884,B01679,Client_A,45,14537.0,2026-01-25,CLOSED
A003885,B01338,Client_B,150,11293.0,2025-06-02,ACTIVE
A003886,B01027,Client_C,60,68994.0,2026-05-19,ACTIVE
A003887,B02014,Client_C,150,23389.0,2024-03-01,ACTIVE
A003888,B02886,Client_A,120,49621.0,2025-01-13,CLOSED
A003889,B02888,Client_A,75,39861.0,2026-04-22,ACTIVE
A003890,B02559,Client_C,60,21684.0,2024-08-22,ACTIVE
A003891,B00894,Client_B,90,25696.0,2024-04-13,ACTIVE
A003892,B01406,Client_A,150,26959.0,2026-05-08,ACTIVE
A003893,B01453,Client_C,15,27819.0,2024-04-28,ACTIVE
A003894,B02283,Client_C,30,24761.0,2026-05-28,ACTIVE
A003895,B01096,Client_B,60,24172.0,2025-12-22,ACTIVE
A003896,B02797,Client_A,75,14148.0,2026-02-24,ACTIVE
A003897,B01016,Client_B,15,22091.0,2024-04-06,ACTIVE
A003898,B00065,Client_A,60,10616.0,2024-12-27,ACTIVE
A003899,B00305,Client_A,30,25709.0,2025-08-20,WRITTEN_OFF
A003900,B00349,Client_C,60,19559.0,2024-06-03,ACTIVE
A003901,B02710,Client_C,120,38523.0,2024-03-15,ACTIVE
A003902,B01807,Client_C,45,22766.0,2025-06-13,ACTIVE
A003903,B01958,Client_A,60,81818.0,2025-11-13,ACTIVE
A003904,B01392,Client_A,15,34419.0,2024-06-27,ACTIVE
A003905,B01891,Client_A,75,7112.0,2026-05-29,ACTIVE
A003906,B02274,Client_A,15,28234.0,2024-06-27,ACTIVE
A003907,B00351,Client_C,30,16618.0,2024-05-25,ACTIVE
A003908,B00914,Client_A,120,31660.0,2026-03-02,ACTIVE
A003909,B00632,Client_A,180,29006.0,2024-08-20,ACTIVE
A003910,B00811,Client_C,45,23696.0,2024-12-16,CLOSED
A003911,B02604,Client_B,90,26785.0,2025-03-05,ACTIVE
A003912,B02237,Client_D,15,24704.0,2024-05-09,ACTIVE
A003913,B02772,Client_C,90,15322.0,2025-03-03,CLOSED
A003914,B02312,Client_B,75,6977.0,2025-12-18,ACTIVE
A003915,B00134,Client_C,150,22656.0,2025-11-08,ACTIVE
A003916,B02481,Client_C,60,31382.0,2024-01-28,WRITTEN_OFF
A003917,B00067,Client_A,45,24093.0,2025-11-20,ACTIVE
A003918,B00154,Client_B,75,12115.0,2026-05-13,ACTIVE
A003919,B01910,Client_C,75,9610.0,2025-04-21,ACTIVE
A003920,B00011,Client_D,15,15018.0,2024-07-09,ACTIVE
A003921,B02243,Client_C,15,53055.0,2026-02-17,ACTIVE
A003922,B01134,Client_D,15,47970.0,2025-01-23,ACTIVE
A003923,B02949,Client_B,120,10058.0,2024-09-09,ACTIVE
A003924,B00287,Client_B,30,11624.0,2024-04-29,ACTIVE
A003925,B00715,Client_B,120,42582.0,2024-05-25,ACTIVE
A003926,B02345,Client_C,15,21942.0,2025-07-08,CLOSED
A003927,B00410,Client_D,60,23321.0,2025-08-22,ACTIVE
A003928,B00555,Client_B,60,12404.0,2024-03-04,ACTIVE
A003929,B01351,Client_A,15,11122.0,2025-10-04,ACTIVE
A003930,B03000,Client_A,30,19671.0,2025-10-14,ACTIVE
A003931,B02884,Client_C,150,42126.0,2024-07-10,WRITTEN_OFF
A003932,B02820,Client_B,45,22108.0,2025-01-03,CLOSED
A003933,B00570,Client_A,75,23601.0,2024-07-22,ACTIVE
A003934,B02769,Client_D,75,16150.0,2024-10-05,ACTIVE
A003935,B00466,Client_A,45,7434.0,2024-07-04,ACTIVE
A003936,B00572,Client_D,30,13136.0,2025-09-17,ACTIVE
A003937,B02016,Client_B,45,8224.0,2025-07-15,ACTIVE
A003938,B02794,Client_A,75,28988.0,2024-03-08,ACTIVE
A003939,B01829,Client_C,120,18168.0,2025-10-30,ACTIVE
A003940,B01849,Client_D,45,18046.0,2024-12-27,ACTIVE
A003941,B00771,Client_A,60,13156.0,2025-11-25,ACTIVE
A003942,B02039,Client_A,150,37768.0,2024-08-27,ACTIVE
A003943,B00669,Client_B,90,20028.0,2026-04-08,ACTIVE
A003944,B01179,Client_D,75,36582.0,2024-03-27,ACTIVE
A003945,B02623,Client_A,60,6431.0,2026-04-06,ACTIVE
A003946,B00708,Client_A,75,49637.0,2024-02-18,ACTIVE
A003947,B00131,Client_A,90,16659.0,2024-09-05,CLOSED
A003948,B02411,Client_A,45,8695.0,2026-05-15,CLOSED
A003949,B01641,Client_A,90,12333.0,2024-01-08,ACTIVE
A003950,B00843,Client_B,150,18404.0,2025-04-26,ACTIVE
A003951,B02149,Client_C,90,18733.0,2026-04-14,ACTIVE
A003952,B02736,Client_C,60,21484.0,2025-11-13,CLOSED
A003953,B00031,Client_B,90,87709.0,2024-06-06,ACTIVE
A003954,B02457,Client_B,90,17165.0,2024-07-14,ACTIVE
A003955,B01267,Client_C,60,11197.0,2024-06-19,ACTIVE
A003956,B00833,Client_A,75,64191.0,2024-02-28,ACTIVE
A003957,B02877,Client_D,30,15578.0,2025-02-22,ACTIVE
A003958,B02109,Client_B,30,11338.0,2025-04-07,ACTIVE
A003959,B01586,Client_B,60,3453.0,2024-03-26,ACTIVE
A003960,B01504,Client_D,45,35061.0,2025-01-17,ACTIVE
A003961,B02473,Client_C,150,22766.0,2024-06-03,ACTIVE
A003962,B01158,Client_B,90,19290.0,2026-02-21,ACTIVE
A003963,B02991,Client_B,60,18411.0,2025-12-12,ACTIVE
A003964,B02892,Client_C,75,12544.0,2024-04-25,ACTIVE
A003965,B00215,Client_D,60,27493.0,2025-10-08,CLOSED
A003966,B01302,Client_B,150,29129.0,2025-02-20,ACTIVE
A003967,B01984,Client_B,45,18122.0,2024-10-26,ACTIVE
A003968,B01800,Client_D,30,25363.0,2024-07-09,ACTIVE
A003969,B00942,Client_C,45,35573.0,2024-03-19,CLOSED
A003970,B01614,Client_D,180,15718.0,2025-12-29,ACTIVE
A003971,B02972,Client_A,75,17313.0,2025-06-01,ACTIVE
A003972,B02786,Client_A,45,23977.0,2026-04-16,CLOSED
A003973,B01902,Client_B,120,26427.0,2025-07-22,ACTIVE
A003974,B02513,Client_C,60,21424.0,2025-07-27,CLOSED
A003975,B00817,Client_A,150,9111.0,2026-04-21,ACTIVE
A003976,B00220,Client_B,120,10817.0,2024-01-30,WRITTEN_OFF
A003977,B00035,Client_A,45,31948.0,2024-10-30,ACTIVE
A003978,B01255,Client_D,30,40362.0,2024-03-23,WRITTEN_OFF
A003979,B00735,Client_A,180,20277.0,2025-06-11,ACTIVE
A003980,B02964,Client_B,150,15031.0,2026-05-04,ACTIVE
A003981,B01222,Client_B,90,19815.0,2026-05-09,ACTIVE
A003982,B02011,Client_B,45,35568.0,2024-05-03,ACTIVE
A003983,B01220,Client_C,60,14398.0,2025-04-11,ACTIVE
A003984,B00709,Client_A,60,42517.0,2025-09-08,ACTIVE
A003985,B01799,Client_A,150,35595.0,2024-06-10,ACTIVE
A003986,B01564,Client_A,180,25878.0,2025-04-24,CLOSED
A003987,B02505,Client_D,120,47376.0,2024-04-01,ACTIVE
A003988,B01506,Client_C,45,14305.0,2025-09-02,ACTIVE
A003989,B00306,Client_A,45,51030.0,2024-10-29,ACTIVE
A003990,B01489,Client_B,90,9194.0,2024-11-17,ACTIVE
A003991,B01371,Client_B,150,29013.0,2025-05-22,ACTIVE
A003992,B02720,Client_A,15,5200.0,2025-09-26,ACTIVE
A003993,B02494,Client_A,120,14920.0,2026-01-24,ACTIVE
A003994,B00810,Client_A,15,15532.0,2025-05-22,ACTIVE
A003995,B00315,Client_A,15,63162.0,2026-04-19,ACTIVE
A003996,B02444,Client_A,75,10753.0,2026-01-31,ACTIVE
A003997,B00136,Client_C,150,29546.0,2025-01-10,ACTIVE
A003998,B00154,Client_B,45,33287.0,2024-11-18,ACTIVE
A003999,B01117,Client_A,30,67817.0,2024-08-28,ACTIVE
A004000,B01164,Client_A,30,38897.0,2025-01-21,ACTIVE
A004001,B02083,Client_C,75,31928.0,2026-04-16,ACTIVE
A004002,B02392,Client_A,15,29113.0,2025-10-27,ACTIVE
A004003,B01331,Client_A,60,15079.0,2024-03-30,ACTIVE
A004004,B00768,Client_D,90,27100.0,2025-09-13,ACTIVE
A004005,B02643,Client_B,180,12937.0,2025-06-08,ACTIVE
A004006,B01729,Client_D,150,39556.0,2025-12-09,ACTIVE
A004007,B01705,Client_C,15,51078.0,2026-03-06,ACTIVE
A004008,B01522,Client_B,75,30791.0,2026-01-04,ACTIVE
A004009,B01717,Client_A,60,22195.0,2026-04-13,WRITTEN_OFF
A004010,B00131,Client_A,75,30298.0,2024-09-14,ACTIVE
A004011,B01783,Client_C,45,45428.0,2025-07-23,ACTIVE
A004012,B00527,Client_D,75,5593.0,2025-08-03,ACTIVE
A004013,B01670,Client_A,60,23751.0,2026-01-29,ACTIVE
A004014,B01025,Client_A,45,18550.0,2024-01-23,ACTIVE
A004015,B02845,Client_B,30,55391.0,2025-10-03,ACTIVE
A004016,B02333,Client_A,120,19233.0,2026-02-22,WRITTEN_OFF
A004017,B01994,Client_B,90,31052.0,2025-02-22,ACTIVE
A004018,B01530,Client_C,120,16011.0,2025-12-27,ACTIVE
A004019,B00213,Client_D,60,14549.0,2024-09-15,ACTIVE
A004020,B01057,Client_C,90,21790.0,2026-04-05,ACTIVE
A004021,B02276,Client_B,15,7562.0,2025-07-13,ACTIVE
A004022,B00597,Client_A,150,16961.0,2024-10-04,ACTIVE
A004023,B01123,Client_B,75,30488.0,2025-05-03,CLOSED
A004024,B02880,Client_B,30,6041.0,2024-01-27,ACTIVE
A004025,B00597,Client_A,60,11195.0,2025-05-20,ACTIVE
A004026,B02789,Client_A,15,6847.0,2026-04-04,ACTIVE
A004027,B00290,Client_A,180,9504.0,2025-09-24,ACTIVE
A004028,B00605,Client_A,30,15664.0,2026-02-07,ACTIVE
A004029,B01730,Client_B,45,14125.0,2024-03-20,ACTIVE
A004030,B01399,Client_D,60,20673.0,2024-01-21,ACTIVE
A004031,B02228,Client_C,45,27898.0,2025-05-25,ACTIVE
A004032,B01448,Client_A,120,6905.0,2024-12-20,CLOSED
A004033,B01603,Client_C,180,16838.0,2024-04-22,ACTIVE
A004034,B00707,Client_B,15,20449.0,2026-01-23,CLOSED
A004035,B01439,Client_D,150,21189.0,2024-11-30,ACTIVE
A004036,B00935,Client_A,75,6666.0,2024-01-04,ACTIVE
A004037,B00357,Client_B,45,35360.0,2024-07-13,ACTIVE
A004038,B02717,Client_A,30,18090.0,2024-07-22,CLOSED
A004039,B01432,Client_B,30,53645.0,2026-01-13,ACTIVE
A004040,B00612,Client_A,60,14045.0,2024-12-19,CLOSED
A004041,B01135,Client_A,90,62749.0,2024-08-03,ACTIVE
A004042,B02138,Client_A,30,38519.0,2026-03-27,ACTIVE
A004043,B00183,Client_D,75,10449.0,2024-06-08,ACTIVE
A004044,B01854,Client_A,90,9893.0,2024-06-30,ACTIVE
A004045,B01963,Client_C,90,19228.0,2024-09-04,ACTIVE
A004046,B01468,Client_B,15,23954.0,2025-05-31,ACTIVE
A004047,B02466,Client_B,120,37947.0,2026-01-16,ACTIVE
A004048,B01295,Client_C,120,14742.0,2025-07-25,CLOSED
A004049,B02124,Client_B,45,18998.0,2026-04-08,ACTIVE
A004050,B01510,Client_B,75,13392.0,2026-03-29,ACTIVE
A004051,B01306,Client_C,45,23568.0,2024-05-08,CLOSED
A004052,B00854,Client_B,75,32011.0,2026-04-10,CLOSED
A004053,B01901,Client_A,150,17133.0,2024-10-20,ACTIVE
A004054,B01381,Client_D,120,33752.0,2025-09-13,ACTIVE
A004055,B00122,Client_B,90,17593.0,2024-08-26,ACTIVE
A004056,B02046,Client_D,15,96585.0,2025-06-19,ACTIVE
A004057,B00984,Client_A,45,24669.0,2025-01-25,ACTIVE
A004058,B01306,Client_B,75,20430.0,2025-01-20,CLOSED
A004059,B02284,Client_A,75,37429.0,2024-11-21,ACTIVE
A004060,B00191,Client_C,150,10795.0,2026-04-12,ACTIVE
A004061,B01506,Client_B,15,13440.0,2025-04-02,ACTIVE
A004062,B02312,Client_B,150,13428.0,2024-04-27,WRITTEN_OFF
A004063,B01331,Client_B,60,12626.0,2024-04-06,ACTIVE
A004064,B00852,Client_A,120,24137.0,2024-09-28,ACTIVE
A004065,B00673,Client_D,45,21978.0,2025-02-23,ACTIVE
A004066,B02828,Client_A,75,21125.0,2024-01-25,WRITTEN_OFF
A004067,B02965,Client_C,30,42816.0,2025-12-05,ACTIVE
A004068,B00074,Client_B,45,28278.0,2026-02-17,ACTIVE
A004069,B00479,Client_C,45,13136.0,2025-12-30,ACTIVE
A004070,B00824,Client_A,30,28630.0,2026-02-02,CLOSED
A004071,B00276,Client_B,75,12593.0,2025-05-26,CLOSED
A004072,B00979,Client_D,60,19638.0,2025-11-28,ACTIVE
A004073,B00957,Client_C,30,61541.0,2024-01-13,ACTIVE
A004074,B02634,Client_B,75,19323.0,2024-09-29,ACTIVE
A004075,B02021,Client_A,30,23831.0,2026-03-21,ACTIVE
A004076,B01305,Client_B,120,19695.0,2025-01-30,ACTIVE
A004077,B01052,Client_B,120,31916.0,2025-02-10,ACTIVE
A004078,B01563,Client_B,60,15690.0,2026-03-27,ACTIVE
A004079,B01800,Client_B,90,30218.0,2026-03-17,ACTIVE
A004080,B00994,Client_C,180,47297.0,2026-03-30,ACTIVE
A004081,B00518,Client_D,45,13948.0,2024-10-23,ACTIVE
A004082,B01228,Client_D,90,88127.0,2024-02-02,ACTIVE
A004083,B00488,Client_B,30,36026.0,2026-02-08,ACTIVE
A004084,B00330,Client_A,45,56864.0,2026-04-17,ACTIVE
A004085,B02538,Client_A,60,27371.0,2025-06-11,ACTIVE
A004086,B00966,Client_A,30,17162.0,2026-05-27,ACTIVE
A004087,B01061,Client_B,90,33010.0,2025-12-27,ACTIVE
A004088,B01487,Client_D,45,97170.0,2024-09-13,ACTIVE
A004089,B02649,Client_B,30,64613.0,2025-10-04,CLOSED
A004090,B00712,Client_C,30,24572.0,2025-06-13,ACTIVE
A004091,B00731,Client_B,15,25028.0,2024-08-22,ACTIVE
A004092,B02161,Client_B,30,14946.0,2026-03-04,ACTIVE
A004093,B00775,Client_D,30,12833.0,2024-07-10,ACTIVE
A004094,B02431,Client_A,15,11915.0,2024-12-01,ACTIVE
A004095,B00847,Client_C,75,34519.0,2025-07-29,ACTIVE
A004096,B01012,Client_A,60,30282.0,2024-03-27,ACTIVE
A004097,B01051,Client_D,60,40533.0,2024-06-12,CLOSED
A004098,B02353,Client_A,150,24960.0,2024-06-08,ACTIVE
A004099,B01359,Client_A,90,53080.0,2025-06-19,ACTIVE
A004100,B01697,Client_C,60,62268.0,2025-07-22,ACTIVE
A004101,B01466,Client_A,90,12789.0,2026-05-08,ACTIVE
A004102,B02084,Client_C,75,44255.0,2025-11-17,ACTIVE
A004103,B00093,Client_B,90,9074.0,2024-12-24,ACTIVE
A004104,B02682,Client_B,15,7374.0,2025-11-30,CLOSED
A004105,B00626,Client_C,30,12658.0,2024-01-31,CLOSED
A004106,B00708,Client_B,90,11745.0,2025-06-26,ACTIVE
A004107,B02023,Client_B,60,44364.0,2024-10-08,ACTIVE
A004108,B01942,Client_A,180,7766.0,2025-01-11,ACTIVE
A004109,B01243,Client_A,90,14319.0,2025-10-13,ACTIVE
A004110,B01363,Client_B,120,26465.0,2025-09-07,ACTIVE
A004111,B00544,Client_D,60,11519.0,2024-08-15,ACTIVE
A004112,B01138,Client_B,90,21261.0,2026-04-09,ACTIVE
A004113,B00122,Client_D,45,42195.0,2024-12-26,ACTIVE
A004114,B00267,Client_A,150,14069.0,2024-01-19,WRITTEN_OFF
A004115,B00643,Client_C,30,27830.0,2025-02-03,ACTIVE
A004116,B02764,Client_D,15,44244.0,2024-09-11,CLOSED
A004117,B02053,Client_A,15,18614.0,2025-10-11,CLOSED
A004118,B00737,Client_B,60,17340.0,2024-01-27,CLOSED
A004119,B01116,Client_D,150,75575.0,2026-04-19,ACTIVE
A004120,B02197,Client_A,60,30151.0,2024-04-08,ACTIVE
A004121,B02502,Client_A,75,30647.0,2026-04-27,ACTIVE
A004122,B02259,Client_A,60,42663.0,2026-04-06,ACTIVE
A004123,B01526,Client_A,75,6597.0,2024-12-11,ACTIVE
A004124,B01971,Client_C,150,46787.0,2024-10-01,WRITTEN_OFF
A004125,B02218,Client_D,150,20593.0,2024-04-25,ACTIVE
A004126,B01718,Client_B,75,21944.0,2024-01-09,ACTIVE
A004127,B00719,Client_D,180,39108.0,2024-11-22,ACTIVE
A004128,B00035,Client_C,75,27919.0,2026-01-24,ACTIVE
A004129,B02044,Client_D,60,46073.0,2024-10-15,ACTIVE
A004130,B01524,Client_B,30,20688.0,2025-03-05,ACTIVE
A004131,B00196,Client_D,60,31453.0,2025-01-09,WRITTEN_OFF
A004132,B00876,Client_D,45,29388.0,2026-01-01,ACTIVE
A004133,B01994,Client_A,60,31995.0,2025-07-10,ACTIVE
A004134,B01877,Client_A,45,11694.0,2024-09-01,ACTIVE
A004135,B02942,Client_A,90,6582.0,2025-05-21,ACTIVE
A004136,B00431,Client_A,30,20402.0,2026-05-13,ACTIVE
A004137,B02837,Client_A,30,5074.0,2026-05-23,ACTIVE
A004138,B00357,Client_B,120,31210.0,2025-07-19,ACTIVE
A004139,B02897,Client_D,60,33273.0,2024-02-02,CLOSED
A004140,B01124,Client_C,60,14839.0,2025-03-22,ACTIVE
A004141,B01923,Client_A,75,6652.0,2025-06-28,CLOSED
A004142,B00942,Client_C,120,25997.0,2026-05-05,ACTIVE
A004143,B01559,Client_A,75,13730.0,2025-11-27,ACTIVE
A004144,B01453,Client_B,45,27925.0,2026-03-26,ACTIVE
A004145,B01432,Client_B,90,22909.0,2025-04-17,ACTIVE
A004146,B00678,Client_B,90,12623.0,2026-02-16,ACTIVE
A004147,B01691,Client_A,15,55506.0,2024-09-04,ACTIVE
A004148,B02435,Client_B,90,20504.0,2024-09-18,ACTIVE
A004149,B00755,Client_D,90,15893.0,2024-08-06,ACTIVE
A004150,B00024,Client_C,75,18888.0,2026-04-20,CLOSED
A004151,B02839,Client_B,45,18879.0,2024-09-27,CLOSED
A004152,B02707,Client_A,90,14529.0,2025-03-23,ACTIVE
A004153,B02665,Client_B,75,47154.0,2024-12-10,WRITTEN_OFF
A004154,B01430,Client_A,30,24596.0,2025-01-09,WRITTEN_OFF
A004155,B01692,Client_A,120,25472.0,2025-05-01,WRITTEN_OFF
A004156,B02503,Client_A,30,12918.0,2024-05-06,ACTIVE
A004157,B02913,Client_A,90,56095.0,2025-10-08,ACTIVE
A004158,B02841,Client_A,120,43244.0,2024-08-09,ACTIVE
A004159,B02235,Client_B,120,49430.0,2024-01-27,ACTIVE
A004160,B02443,Client_B,60,22365.0,2024-09-29,ACTIVE
A004161,B01990,Client_C,60,15815.0,2024-09-09,ACTIVE
A004162,B00702,Client_A,90,48941.0,2026-01-22,ACTIVE
A004163,B02912,Client_A,15,63553.0,2025-03-03,ACTIVE
A004164,B01477,Client_D,90,57222.0,2025-08-14,ACTIVE
A004165,B02327,Client_A,75,16465.0,2024-02-10,ACTIVE
A004166,B00112,Client_C,180,31862.0,2024-01-02,ACTIVE
A004167,B02939,Client_A,75,74696.0,2026-03-06,WRITTEN_OFF
A004168,B01603,Client_A,45,42008.0,2024-11-18,ACTIVE
A004169,B02374,Client_A,30,24576.0,2025-11-14,ACTIVE
A004170,B02590,Client_A,150,52718.0,2024-05-11,ACTIVE
A004171,B01201,Client_D,150,24533.0,2026-04-03,ACTIVE
A004172,B01806,Client_B,120,31746.0,2024-06-27,ACTIVE
A004173,B00699,Client_B,90,34413.0,2024-01-04,ACTIVE
A004174,B00348,Client_C,15,28697.0,2025-03-06,CLOSED
A004175,B01040,Client_A,45,16749.0,2025-05-14,ACTIVE
A004176,B02091,Client_D,180,14191.0,2025-12-06,ACTIVE
A004177,B01988,Client_A,90,21080.0,2024-03-25,ACTIVE
A004178,B00364,Client_B,15,12354.0,2024-06-14,ACTIVE
A004179,B02711,Client_B,90,17636.0,2025-08-28,CLOSED
A004180,B02022,Client_C,180,22532.0,2025-06-16,ACTIVE
A004181,B00067,Client_B,75,24742.0,2026-05-21,ACTIVE
A004182,B01912,Client_D,60,20226.0,2025-11-03,ACTIVE
A004183,B00536,Client_A,60,6903.0,2024-09-21,ACTIVE
A004184,B02595,Client_C,75,37468.0,2025-06-18,ACTIVE
A004185,B01206,Client_A,15,35083.0,2025-06-05,ACTIVE
A004186,B00188,Client_B,30,57892.0,2024-07-13,ACTIVE
A004187,B02144,Client_B,75,31593.0,2024-05-27,ACTIVE
A004188,B01098,Client_D,150,41430.0,2025-04-25,ACTIVE
A004189,B02971,Client_D,15,112286.0,2026-05-04,ACTIVE
A004190,B01679,Client_A,60,24315.0,2024-04-25,ACTIVE
A004191,B01562,Client_A,45,45228.0,2025-08-19,ACTIVE
A004192,B01813,Client_B,60,34748.0,2024-12-22,ACTIVE
A004193,B01371,Client_C,75,11512.0,2024-11-10,ACTIVE
A004194,B01003,Client_A,180,36701.0,2026-03-03,CLOSED
A004195,B00642,Client_D,75,16803.0,2024-03-09,ACTIVE
A004196,B00968,Client_C,60,10281.0,2026-05-19,ACTIVE
A004197,B02756,Client_C,90,9066.0,2025-03-08,ACTIVE
A004198,B02040,Client_B,120,31838.0,2026-04-04,WRITTEN_OFF
A004199,B00461,Client_B,30,6723.0,2025-04-13,ACTIVE
A004200,B01560,Client_D,30,26607.0,2025-04-04,ACTIVE
A000026,B00513,Client_B,180,82359.0,2026-04-28,ACTIVE
