borrower_id,client,geography,language,borrower_segment,income_band
B00001,Client_A,South,Tamil,Self_Employed,40K-70K
B00002,Client_C,South,English,Salaried,>70K
B00003,Client_B,East,Bengali,Self_Employed,<20K
B00004,Client_C,North,Bengali,Informal,40K-70K
B00005,Client_D,North,Hindi,Salaried,>70K
B00006,Client_B,South,Tamil,Self_Employed,40K-70K
B00007,Client_B,North,Hindi,Self_Employed,<20K
B00008,Client_A,West,Bengali,Informal,>70K
B00009,Client_A,South,Hindi,Self_Employed,40K-70K
B00010,Client_B,South,Hindi,Salaried,>70K
B00011,Client_C,East,Bengali,Salaried,>70K
B00012,Client_C,South,Telugu,Self_Employed,<20K
B00013,Client_B,West,Hindi,Self_Employed,20K-40K
B00014,Client_A,East,Telugu,Self_Employed,>70K
B00015,Client_A,South,Hindi,Self_Employed,20K-40K
B00016,Client_D,North,Telugu,Salaried,>70K
B00017,Client_A,East,Bengali,Self_Employed,40K-70K
B00018,Client_B,North,English,Salaried,<20K
B00019,Client_D,South,English,Salaried,20K-40K
B00020,Client_A,West,Hindi,Salaried,<20K
B00021,Client_B,North,Telugu,Informal,>70K
B00022,Client_D,East,Tamil,Salaried,20K-40K
B00023,Client_A,North,Hindi,Salaried,20K-40K
B00024,Client_B,South,Bengali,Self_Employed,<20K
B00025,Client_D,South,Tamil,Self_Employed,>70K
B00026,Client_A,South,Hindi,Salaried,40K-70K
B00027,Client_B,South,Bengali,Self_Employed,20K-40K
B00028,Client_C,East,Telugu,Self_Employed,<20K
B00029,Client_C,South,Tamil,Self_Employed,20K-40K
B00030,Client_B,North,Hindi,Salaried,40K-70K
B00031,Client_A,South,English,Self_Employed,<20K
B00032,Client_B,North,Bengali,Salaried,40K-70K
B00033,Client_B,West,English,Self_Employed,>70K
B00034,Client_B,West,Tamil,Salaried,<20K
B00035,Client_B,South,English,Salaried,20K-40K
B00036,Client_C,South,English,Self_Employed,20K-40K
B00037,Client_C,North,Bengali,Informal,20K-40K
B00038,Client_A,West,Telugu,Salaried,<20K
B00039,Client_B,South,Tamil,Salaried,20K-40K
B00040,Client_A,North,Bengali,Self_Employed,40K-70K
B00041,Client_B,West,English,Self_Employed,>70K
B00042,Client_B,North,English,Self_Employed,<20K
B00043,Client_C,East,Hindi,Salaried,20K-40K
B00044,Client_B,West,Hindi,Informal,20K-40K
B00045,Client_B,East,Bengali,Salaried,40K-70K
B00046,Client_C,West,Bengali,Self_Employed,>70K
B00047,Client_B,South,Hindi,Salaried,>70K
B00048,Client_D,East,Hindi,Self_Employed,20K-40K
B00049,Client_A,West,Bengali,Salaried,20K-40K
B00050,Client_C,East,Telugu,Self_Employed,40K-70K
B00051,Client_B,North,Hindi,Salaried,40K-70K
B00052,Client_B,North,Hindi,Salaried,20K-40K
B00053,Client_B,North,Tamil,Self_Employed,20K-40K
B00054,Client_B,South,Telugu,Salaried,40K-70K
B00055,Client_B,South,Bengali,Informal,>70K
B00056,Client_A,North,Bengali,Self_Employed,<20K
B00057,Client_A,East,English,Salaried,>70K
B00058,Client_C,East,Tamil,Informal,20K-40K
B00059,Client_B,South,Bengali,Salaried,>70K
B00060,Client_C,North,English,Informal,<20K
B00061,Client_D,South,Telugu,Salaried,<20K
B00062,Client_C,South,Telugu,Self_Employed,<20K
B00063,Client_A,North,Hindi,Self_Employed,40K-70K
B00064,Client_A,North,Tamil,Salaried,20K-40K
B00065,Client_B,West,English,Informal,40K-70K
B00066,Client_A,South,Bengali,Informal,20K-40K
B00067,Client_D,East,Telugu,Salaried,40K-70K
B00068,Client_D,North,English,Self_Employed,40K-70K
B00069,Client_C,East,Tamil,Salaried,<20K
B00070,Client_B,North,Bengali,Informal,<20K
B00071,Client_C,North,Bengali,Salaried,<20K
B00072,Client_A,East,Tamil,Self_Employed,20K-40K
B00073,Client_A,North,Hindi,Salaried,20K-40K
B00074,Client_B,North,Tamil,Self_Employed,>70K
B00075,Client_C,West,English,Self_Employed,20K-40K
B00076,Client_B,North,English,Salaried,20K-40K
B00077,Client_A,North,Telugu,Salaried,40K-70K
B00078,Client_A,East,Bengali,Salaried,<20K
B00079,Client_A,East,English,Salaried,40K-70K
B00080,Client_A,North,Tamil,Salaried,<20K
B00081,Client_A,West,Bengali,Salaried,>70K
B00082,Client_B,East,Bengali,Self_Employed,>70K
B00083,Client_B,North,Tamil,Self_Employed,<20K
B00084,Client_C,South,Bengali,Informal,>70K
B00085,Client_C,East,Bengali,Salaried,<20K
B00086,Client_B,North,Tamil,Self_Employed,40K-70K
B00087,Client_B,North,Tamil,Salaried,20K-40K
B00088,Client_C,South,English,Salaried,<20K
B00089,Client_D,East,Telugu,Salaried,20K-40K
B00090,Client_C,North,Bengali,Salaried,20K-40K
B00091,Client_C,North,Telugu,Self_Employed,<20K
B00092,Client_D,West,Hindi,Salaried,<20K
B00093,Client_A,South,Hindi,Self_Employed,20K-40K
B00094,Client_D,West,English,Self_Employed,40K-70K
B00095,Client_A,North,Telugu,Self_Employed,>70K
B00096,Client_B,East,Bengali,Self_Employed,>70K
B00097,Client_C,South,Tamil,Salaried,>70K
B00098,Client_C,West,Tamil,Informal,40K-70K
B00099,Client_A,East,Hindi,Self_Employed,40K-70K
B00100,Client_C,East,Bengali,Informal,<20K
B00101,Client_A,North,Telugu,Self_Employed,>70K
B00102,Client_B,West,Telugu,Salaried,>70K
B00103,Client_C,East,Tamil,Self_Employed,40K-70K
B00104,Client_B,East,Telugu,Self_Employed,20K-40K
B00105,Client_B,West,Tamil,Informal,>70K
B00106,Client_C,South,English,Self_Employed,40K-70K
B00107,Client_C,East,Tamil,Salaried,40K-70K
B00108,Client_C,East,Telugu,Salaried,>70K
B00109,Client_A,East,Bengali,Self_Employed,<20K
B00110,Client_B,North,Tamil,Self_Employed,40K-70K
B00111,Client_B,North,English,Self_Employed,40K-70K
B00112,Client_A,East,Tamil,Self_Employed,40K-70K
B00113,Client_B,South,Hindi,Salaried,40K-70K
B00114,Client_B,East,Bengali,Informal,>70K
B00115,Client_C,North,Hindi,Salaried,<20K
B00116,Client_D,North,Telugu,Salaried,<20K
B00117,Client_A,North,Hindi,Salaried,20K-40K
B00118,Client_A,West,Telugu,Salaried,40K-70K
B00119,Client_C,South,Hindi,Self_Employed,40K-70K
B00120,Client_A,North,Telugu,Self_Employed,20K-40K
B00121,Client_A,South,Tamil,Salaried,>70K
B00122,Client_B,South,Hindi,Salaried,>70K
B00123,Client_A,North,Tamil,Self_Employed,<20K
B00124,Client_C,South,Hindi,Informal,20K-40K
B00125,Client_D,South,Tamil,Self_Employed,20K-40K
B00126,Client_A,North,Tamil,Self_Employed,20K-40K
B00127,Client_B,West,English,Informal,>70K
B00128,Client_C,West,Hindi,Salaried,40K-70K
B00129,Client_D,North,Hindi,Salaried,40K-70K
B00130,Client_A,East,Tamil,Informal,<20K
B00131,Client_A,South,Hindi,Self_Employed,20K-40K
B00132,Client_D,South,Telugu,Salaried,<20K
B00133,Client_D,West,Hindi,Informal,40K-70K
B00134,Client_A,West,Tamil,Salaried,>70K
B00135,Client_B,North,Telugu,Informal,<20K
B00136,Client_C,South,English,Self_Employed,20K-40K
B00137,Client_C,South,Bengali,Salaried,>70K
B00138,Client_A,West,Hindi,Informal,>70K
B00139,Client_C,East,Hindi,Salaried,40K-70K
B00140,Client_C,West,English,Salaried,<20K
B00141,Client_B,East,Bengali,Informal,40K-70K
B00142,Client_A,North,Telugu,Salaried,>70K
B00143,Client_A,South,Tamil,Self_Employed,<20K
B00144,Client_A,South,English,Self_Employed,40K-70K
B00145,Client_C,South,Hindi,Salaried,40K-70K
B00146,Client_A,East,English,Salaried,>70K
B00147,Client_A,North,Bengali,Salaried,<20K
B00148,Client_B,North,Telugu,Salaried,>70K
B00149,Client_A,West,Hindi,Self_Employed,40K-70K
B00150,Client_A,South,English,Informal,<20K
B00151,Client_A,East,English,Informal,<20K
B00152,Client_B,North,Hindi,Self_Employed,40K-70K
B00153,Client_C,North,Tamil,Self_Employed,20K-40K
B00154,Client_B,North,English,Self_Employed,<20K
B00155,Client_A,North,Hindi,Self_Employed,>70K
B00156,Client_A,South,Bengali,Salaried,<20K
B00157,Client_B,West,Telugu,Salaried,40K-70K
B00158,Client_D,South,English,Salaried,>70K
B00159,Client_D,East,Tamil,Self_Employed,20K-40K
B00160,Client_A,North,Tamil,Salaried,>70K
B00161,Client_A,East,Telugu,Salaried,<20K
B00162,Client_C,North,English,Self_Employed,40K-70K
B00163,Client_D,North,Telugu,Self_Employed,<20K
B00164,Client_B,North,English,Informal,>70K
B00165,Client_C,North,Bengali,Salaried,40K-70K
B00166,Client_D,North,English,Salaried,<20K
B00167,Client_B,West,English,Informal,<20K
B00168,Client_D,North,Tamil,Salaried,>70K
B00169,Client_A,West,Telugu,Self_Employed,40K-70K
B00170,Client_A,South,Hindi,Self_Employed,<20K
B00171,Client_A,South,Bengali,Informal,>70K
B00172,Client_A,West,Hindi,Informal,<20K
B00173,Client_D,West,Bengali,Self_Employed,>70K
B00174,Client_A,North,English,Informal,40K-70K
B00175,Client_C,East,Tamil,Salaried,<20K
B00176,Client_A,East,Hindi,Self_Employed,40K-70K
B00177,Client_B,South,Telugu,Self_Employed,40K-70K
B00178,Client_B,West,Tamil,Salaried,20K-40K
B00179,Client_A,North,Tamil,Informal,>70K
B00180,Client_B,West,Telugu,Salaried,20K-40K
B00181,Client_B,North,Bengali,Salaried,<20K
B00182,Client_A,East,Bengali,Salaried,20K-40K
B00183,Client_C,South,Tamil,Salaried,>70K
B00184,Client_A,East,English,Informal,<20K
B00185,Client_A,North,Telugu,Self_Employed,40K-70K
B00186,Client_B,East,Bengali,Self_Employed,>70K
B00187,Client_B,North,English,Salaried,<20K
B00188,Client_A,West,Telugu,Informal,<20K
B00189,Client_D,South,Tamil,Informal,40K-70K
B00190,Client_C,South,Bengali,Self_Employed,<20K
B00191,Client_A,West,Bengali,Informal,<20K
B00192,Client_B,West,Tamil,Salaried,>70K
B00193,Client_A,West,English,Self_Employed,20K-40K
B00194,Client_B,South,Tamil,Salaried,<20K
B00195,Client_A,South,Hindi,Self_Employed,<20K
B00196,Client_B,South,Hindi,Informal,<20K
B00197,Client_D,West,Tamil,Self_Employed,20K-40K
B00198,Client_B,West,Bengali,Salaried,>70K
B00199,Client_C,North,English,Self_Employed,<20K
B00200,Client_B,West,English,Salaried,<20K
B00201,Client_C,West,Telugu,Self_Employed,20K-40K
B00202,Client_A,West,Hindi,Self_Employed,>70K
B00203,Client_C,East,Bengali,Salaried,20K-40K
B00204,Client_D,North,English,Salaried,40K-70K
B00205,Client_B,East,Telugu,Salaried,40K-70K
B00206,Client_A,West,Tamil,Salaried,20K-40K
B00207,Client_C,North,Bengali,Salaried,<20K
B00208,Client_C,East,Telugu,Self_Employed,<20K
B00209,Client_C,South,Hindi,Salaried,>70K
B00210,Client_A,West,Tamil,Informal,>70K
B00211,Client_D,West,Telugu,Salaried,20K-40K
B00212,Client_D,West,Tamil,Salaried,20K-40K
B00213,Client_B,South,Bengali,Salaried,40K-70K
B00214,Client_B,South,Hindi,Salaried,>70K
B00215,Client_A,South,Bengali,Self_Employed,40K-70K
B00216,Client_D,North,Hindi,Self_Employed,<20K
B00217,Client_C,North,Bengali,Self_Employed,<20K
B00218,Client_B,East,English,Informal,<20K
B00219,Client_C,South,Telugu,Self_Employed,<20K
B00220,Client_A,West,Hindi,Salaried,<20K
B00221,Client_A,North,Bengali,Salaried,>70K
B00222,Client_A,East,English,Self_Employed,40K-70K
B00223,Client_B,East,English,Salaried,20K-40K
B00224,Client_A,West,Bengali,Self_Employed,40K-70K
B00225,Client_D,West,Telugu,Salaried,40K-70K
B00226,Client_B,West,Tamil,Self_Employed,20K-40K
B00227,Client_B,West,English,Informal,>70K
B00228,Client_A,South,Hindi,Self_Employed,>70K
B00229,Client_C,North,Bengali,Self_Employed,<20K
B00230,Client_C,West,Telugu,Self_Employed,20K-40K
B00231,Client_B,West,Bengali,Salaried,<20K
B00232,Client_A,South,English,Self_Employed,>70K
B00233,Client_C,East,Telugu,Salaried,>70K
B00234,Client_A,East,Tamil,Salaried,20K-40K
B00235,Client_C,North,Hindi,Self_Employed,>70K
B00236,Client_B,North,Tamil,Informal,<20K
B00237,Client_A,North,English,Salaried,40K-70K
B00238,Client_B,East,Telugu,Self_Employed,20K-40K
B00239,Client_B,West,Hindi,Self_Employed,<20K
B00240,Client_A,South,Telugu,Self_Employed,20K-40K
B00241,Client_C,South,Telugu,Salaried,40K-70K
B00242,Client_B,West,Tamil,Salaried,20K-40K
B00243,Client_D,South,English,Salaried,40K-70K
B00244,Client_C,West,Hindi,Self_Employed,20K-40K
B00245,Client_A,North,Tamil,Salaried,>70K
B00246,Client_B,North,Bengali,Self_Employed,20K-40K
B00247,Client_A,North,Hindi,Salaried,40K-70K
B00248,Client_C,North,Telugu,Self_Employed,40K-70K
B00249,Client_B,West,Tamil,Self_Employed,40K-70K
B00250,Client_B,North,Hindi,Salaried,20K-40K
B00251,Client_D,South,Bengali,Informal,20K-40K
B00252,Client_A,South,English,Self_Employed,40K-70K
B00253,Client_B,South,Tamil,Informal,40K-70K
B00254,Client_A,East,Hindi,Informal,40K-70K
B00255,Client_A,South,English,Self_Employed,40K-70K
B00256,Client_C,North,English,Salaried,>70K
B00257,Client_B,South,Tamil,Informal,20K-40K
B00258,Client_D,East,Telugu,Informal,40K-70K
B00259,Client_B,West,Telugu,Informal,20K-40K
B00260,Client_A,South,Telugu,Self_Employed,<20K
B00261,Client_D,West,Telugu,Self_Employed,20K-40K
B00262,Client_A,North,Telugu,Informal,<20K
B00263,Client_A,North,English,Self_Employed,20K-40K
B00264,Client_C,North,Tamil,Salaried,40K-70K
B00265,Client_B,North,Telugu,Self_Employed,40K-70K
B00266,Client_B,West,English,Self_Employed,40K-70K
B00267,Client_D,North,English,Informal,<20K
B00268,Client_A,North,English,Salaried,<20K
B00269,Client_D,North,Bengali,Informal,<20K
B00270,Client_B,North,Bengali,Informal,20K-40K
B00271,Client_A,South,Telugu,Salaried,<20K
B00272,Client_A,West,Bengali,Salaried,>70K
B00273,Client_A,East,English,Salaried,20K-40K
B00274,Client_D,North,Hindi,Salaried,40K-70K
B00275,Client_B,East,Tamil,Self_Employed,20K-40K
B00276,Client_A,North,Telugu,Salaried,40K-70K
B00277,Client_A,East,Telugu,Self_Employed,20K-40K
B00278,Client_D,East,Hindi,Salaried,20K-40K
B00279,Client_A,West,Tamil,Informal,>70K
B00280,Client_C,North,English,Self_Employed,>70K
B00281,Client_A,South,Hindi,Self_Employed,20K-40K
B00282,Client_D,West,Bengali,Salaried,<20K
B00283,Client_B,West,English,Informal,40K-70K
B00284,Client_A,South,Hindi,Salaried,40K-70K
B00285,Client_D,East,Hindi,Self_Employed,<20K
B00286,Client_B,South,Tamil,Salaried,<20K
B00287,Client_C,West,Hindi,Self_Employed,<20K
B00288,Client_B,East,English,Informal,40K-70K
B00289,Client_A,West,Tamil,Salaried,40K-70K
B00290,Client_A,South,Hindi,Salaried,<20K
B00291,Client_A,North,Telugu,Self_Employed,20K-40K
B00292,Client_A,South,Telugu,Salaried,<20K
B00293,Client_A,West,English,Self_Employed,20K-40K
B00294,Client_A,North,English,Self_Employed,<20K
B00295,Client_D,North,Bengali,Informal,20K-40K
B00296,Client_A,West,Tamil,Salaried,>70K
B00297,Client_B,North,Hindi,Salaried,>70K
B00298,Client_A,South,Tamil,Salaried,>70K
B00299,Client_A,South,Telugu,Self_Employed,40K-70K
B00300,Client_C,North,Hindi,Salaried,>70K
B00301,Client_D,North,English,Salaried,20K-40K
B00302,Client_B,North,English,Salaried,<20K
B00303,Client_A,North,Telugu,Salaried,>70K
B00304,Client_D,West,Hindi,Salaried,40K-70K
B00305,Client_A,West,English,Salaried,<20K
B00306,Client_B,East,Telugu,Salaried,20K-40K
B00307,Client_B,East,Bengali,Informal,40K-70K
B00308,Client_D,West,English,Self_Employed,<20K
B00309,Client_C,North,Hindi,Self_Employed,>70K
B00310,Client_B,South,English,Self_Employed,>70K
B00311,Client_B,South,Tamil,Self_Employed,>70K
B00312,Client_C,East,Tamil,Self_Employed,<20K
B00313,Client_D,South,Telugu,Salaried,>70K
B00314,Client_D,North,Bengali,Salaried,40K-70K
B00315,Client_C,South,Tamil,Salaried,20K-40K
B00316,Client_A,North,English,Informal,>70K
B00317,Client_A,East,Tamil,Salaried,>70K
B00318,Client_B,South,Hindi,Salaried,>70K
B00319,Client_B,South,Tamil,Self_Employed,<20K
B00320,Client_C,South,Bengali,Informal,20K-40K
B00321,Client_A,North,Telugu,Salaried,20K-40K
B00322,Client_C,North,Telugu,Self_Employed,40K-70K
B00323,Client_B,North,English,Salaried,20K-40K
B00324,Client_C,North,Tamil,Salaried,20K-40K
B00325,Client_A,East,English,Self_Employed,20K-40K
B00326,Client_B,South,Telugu,Salaried,20K-40K
B00327,Client_A,North,Tamil,Salaried,>70K
B00328,Client_A,North,Hindi,Salaried,>70K
B00329,Client_D,East,Tamil,Salaried,>70K
B00330,Client_A,North,Hindi,Salaried,20K-40K
B00331,Client_D,North,Telugu,Salaried,40K-70K
B00332,Client_B,East,Tamil,Salaried,<20K
B00333,Client_A,East,Telugu,Salaried,>70K
B00334,Client_C,South,Hindi,Self_Employed,<20K
B00335,Client_A,South,Hindi,Informal,<20K
B00336,Client_C,West,Tamil,Self_Employed,>70K
B00337,Client_A,West,Telugu,Self_Employed,20K-40K
B00338,Client_C,West,English,Self_Employed,40K-70K
B00339,Client_A,East,Hindi,Salaried,>70K
B00340,Client_A,North,Telugu,Salaried,>70K
B00341,Client_D,East,Hindi,Salaried,40K-70K
B00342,Client_B,West,Telugu,Salaried,20K-40K
B00343,Client_C,East,English,Self_Employed,20K-40K
B00344,Client_C,West,Telugu,Self_Employed,40K-70K
B00345,Client_A,East,Tamil,Salaried,20K-40K
B00346,Client_C,West,English,Self_Employed,<20K
B00347,Client_D,West,Telugu,Salaried,40K-70K
B00348,Client_A,North,Telugu,Salaried,20K-40K
B00349,Client_B,North,Bengali,Salaried,>70K
B00350,Client_A,East,Tamil,Salaried,40K-70K
B00351,Client_C,West,Telugu,Salaried,40K-70K
B00352,Client_A,West,Tamil,Salaried,20K-40K
B00353,Client_B,North,Bengali,Self_Employed,20K-40K
B00354,Client_C,West,Bengali,Informal,20K-40K
B00355,Client_C,East,Tamil,Informal,40K-70K
B00356,Client_A,North,Hindi,Informal,>70K
B00357,Client_C,West,Bengali,Informal,40K-70K
B00358,Client_A,East,Bengali,Salaried,<20K
B00359,Client_C,West,Tamil,Informal,40K-70K
B00360,Client_B,East,Tamil,Salaried,20K-40K
B00361,Client_A,East,Bengali,Self_Employed,<20K
B00362,Client_C,West,English,Salaried,<20K
B00363,Client_C,North,English,Self_Employed,40K-70K
B00364,Client_C,East,Telugu,Informal,20K-40K
B00365,Client_D,South,Tamil,Informal,20K-40K
B00366,Client_A,North,English,Self_Employed,<20K
B00367,Client_A,North,Hindi,Self_Employed,>70K
B00368,Client_A,North,Bengali,Informal,20K-40K
B00369,Client_B,West,Bengali,Self_Employed,20K-40K
B00370,Client_B,West,Hindi,Self_Employed,40K-70K
B00371,Client_B,East,Bengali,Self_Employed,>70K
B00372,Client_B,East,English,Self_Employed,40K-70K
B00373,Client_A,West,Tamil,Salaried,20K-40K
B00374,Client_A,East,Hindi,Self_Employed,>70K
B00375,Client_B,North,English,Self_Employed,40K-70K
B00376,Client_A,West,Tamil,Self_Employed,>70K
B00377,Client_B,West,Hindi,Self_Employed,>70K
B00378,Client_D,South,English,Self_Employed,<20K
B00379,Client_A,West,Tamil,Informal,40K-70K
B00380,Client_B,West,Telugu,Self_Employed,>70K
B00381,Client_B,South,Tamil,Informal,40K-70K
B00382,Client_A,East,English,Salaried,40K-70K
B00383,Client_B,East,Telugu,Self_Employed,<20K
B00384,Client_D,East,Tamil,Self_Employed,40K-70K
B00385,Client_A,East,Tamil,Informal,40K-70K
B00386,Client_C,South,Telugu,Salaried,40K-70K
B00387,Client_C,North,Telugu,Self_Employed,<20K
B00388,Client_B,East,Bengali,Self_Employed,>70K
B00389,Client_D,South,Telugu,Informal,20K-40K
B00390,Client_B,North,Hindi,Informal,20K-40K
B00391,Client_B,North,Bengali,Informal,40K-70K
B00392,Client_C,West,Telugu,Salaried,20K-40K
B00393,Client_B,East,Hindi,Informal,>70K
B00394,Client_C,South,Hindi,Self_Employed,20K-40K
B00395,Client_A,East,Hindi,Salaried,40K-70K
B00396,Client_D,West,Bengali,Self_Employed,>70K
B00397,Client_B,East,Telugu,Salaried,40K-70K
B00398,Client_A,East,Hindi,Salaried,20K-40K
B00399,Client_B,West,English,Self_Employed,<20K
B00400,Client_D,East,English,Salaried,<20K
B00401,Client_C,South,Tamil,Self_Employed,<20K
B00402,Client_B,North,Bengali,Self_Employed,<20K
B00403,Client_B,West,Tamil,Informal,<20K
B00404,Client_B,South,Telugu,Self_Employed,40K-70K
B00405,Client_D,North,Telugu,Self_Employed,40K-70K
B00406,Client_A,West,Tamil,Self_Employed,20K-40K
B00407,Client_D,East,English,Informal,<20K
B00408,Client_D,North,Bengali,Informal,<20K
B00409,Client_A,East,Hindi,Salaried,>70K
B00410,Client_A,West,English,Informal,>70K
B00411,Client_B,West,English,Self_Employed,<20K
B00412,Client_C,West,English,Self_Employed,>70K
B00413,Client_D,East,English,Self_Employed,<20K
B00414,Client_D,North,Telugu,Salaried,<20K
B00415,Client_A,North,Tamil,Salaried,20K-40K
B00416,Client_A,North,English,Salaried,20K-40K
B00417,Client_B,East,Tamil,Informal,>70K
B00418,Client_B,South,Tamil,Salaried,20K-40K
B00419,Client_C,West,Hindi,Self_Employed,20K-40K
B00420,Client_A,East,Hindi,Salaried,40K-70K
B00421,Client_B,West,Bengali,Informal,>70K
B00422,Client_D,East,Hindi,Informal,>70K
B00423,Client_D,North,Hindi,Salaried,20K-40K
B00424,Client_D,North,Tamil,Salaried,40K-70K
B00425,Client_D,South,Telugu,Informal,>70K
B00426,Client_D,East,Hindi,Self_Employed,40K-70K
B00427,Client_A,West,Bengali,Self_Employed,40K-70K
B00428,Client_D,South,English,Salaried,<20K
B00429,Client_A,West,English,Salaried,40K-70K
B00430,Client_A,West,English,Salaried,40K-70K
B00431,Client_B,North,English,Informal,40K-70K
B00432,Client_D,East,Tamil,Salaried,40K-70K
B00433,Client_B,East,Tamil,Self_Employed,<20K
B00434,Client_B,West,Hindi,Salaried,40K-70K
B00435,Client_B,West,Hindi,Self_Employed,20K-40K
B00436,Client_D,South,English,Self_Employed,20K-40K
B00437,Client_C,West,Bengali,Self_Employed,20K-40K
B00438,Client_A,East,Bengali,Informal,<20K
B00439,Client_A,North,English,Self_Employed,40K-70K
B00440,Client_B,East,Bengali,Self_Employed,<20K
B00441,Client_A,North,English,Self_Employed,<20K
B00442,Client_B,East,Hindi,Salaried,>70K
B00443,Client_A,East,Bengali,Salaried,20K-40K
B00444,Client_B,North,English,Self_Employed,<20K
B00445,Client_D,South,English,Self_Employed,40K-70K
B00446,Client_C,South,Telugu,Informal,40K-70K
B00447,Client_A,East,Hindi,Self_Employed,<20K
B00448,Client_A,South,Telugu,Self_Employed,20K-40K
B00449,Client_B,West,Hindi,Salaried,20K-40K
B00450,Client_B,North,English,Self_Employed,>70K
B00451,Client_B,South,Telugu,Self_Employed,<20K
B00452,Client_A,South,Telugu,Self_Employed,>70K
B00453,Client_A,South,English,Salaried,<20K
B00454,Client_A,East,Telugu,Self_Employed,<20K
B00455,Client_D,North,Hindi,Self_Employed,20K-40K
B00456,Client_C,North,Tamil,Informal,20K-40K
B00457,Client_B,North,Telugu,Self_Employed,40K-70K
B00458,Client_C,West,Bengali,Self_Employed,40K-70K
B00459,Client_B,North,Bengali,Salaried,40K-70K
B00460,Client_B,West,Bengali,Self_Employed,20K-40K
B00461,Client_B,East,Bengali,Informal,>70K
B00462,Client_B,West,Bengali,Informal,>70K
B00463,Client_D,South,Bengali,Self_Employed,>70K
B00464,Client_C,North,Tamil,Salaried,20K-40K
B00465,Client_C,West,English,Self_Employed,20K-40K
B00466,Client_A,West,English,Informal,>70K
B00467,Client_B,South,Telugu,Salaried,>70K
B00468,Client_B,West,Bengali,Self_Employed,20K-40K
B00469,Client_A,South,Tamil,Self_Employed,<20K
B00470,Client_B,West,Tamil,Salaried,20K-40K
B00471,Client_A,South,Tamil,Self_Employed,20K-40K
B00472,Client_A,South,English,Self_Employed,40K-70K
B00473,Client_C,East,Hindi,Informal,<20K
B00474,Client_C,South,English,Salaried,40K-70K
B00475,Client_C,West,Bengali,Informal,40K-70K
B00476,Client_A,West,English,Self_Employed,>70K
B00477,Client_A,West,Telugu,Salaried,<20K
B00478,Client_A,North,Bengali,Salaried,40K-70K
B00479,Client_A,North,Telugu,Salaried,20K-40K
B00480,Client_A,North,Bengali,Self_Employed,<20K
B00481,Client_D,South,Tamil,Self_Employed,>70K
B00482,Client_D,South,Tamil,Salaried,20K-40K
B00483,Client_A,South,Bengali,Informal,>70K
B00484,Client_A,North,Hindi,Salaried,20K-40K
B00485,Client_D,North,Tamil,Salaried,40K-70K
B00486,Client_B,North,English,Informal,<20K
B00487,Client_B,South,Tamil,Self_Employed,>70K
B00488,Client_B,South,Tamil,Salaried,<20K
B00489,Client_A,South,Telugu,Self_Employed,40K-70K
B00490,Client_B,South,Telugu,Salaried,<20K
B00491,Client_C,East,English,Salaried,<20K
B00492,Client_B,East,English,Salaried,20K-40K
B00493,Client_C,West,English,Self_Employed,40K-70K
B00494,Client_A,West,Hindi,Self_Employed,>70K
B00495,Client_B,South,Tamil,Salaried,>70K
B00496,Client_D,North,Telugu,Salaried,>70K
B00497,Client_A,East,Hindi,Self_Employed,>70K
B00498,Client_B,East,Bengali,Self_Employed,<20K
B00499,Client_B,South,Telugu,Self_Employed,>70K
B00500,Client_A,South,Hindi,Salaried,40K-70K
B00501,Client_D,North,Telugu,Informal,<20K
B00502,Client_B,East,Tamil,Salaried,40K-70K
B00503,Client_B,West,Telugu,Salaried,40K-70K
B00504,Client_D,South,Bengali,Salaried,<20K
B00505,Client_A,East,Hindi,Informal,40K-70K
B00506,Client_D,South,Hindi,Self_Employed,40K-70K
B00507,Client_A,West,English,Self_Employed,<20K
B00508,Client_B,East,English,Informal,>70K
B00509,Client_B,North,Tamil,Salaried,<20K
B00510,Client_B,South,English,Salaried,>70K
B00511,Client_A,South,Telugu,Informal,40K-70K
B00512,Client_A,West,Bengali,Self_Employed,<20K
B00513,Client_B,South,Bengali,Self_Employed,40K-70K
B00514,Client_D,North,Tamil,Salaried,20K-40K
B00515,Client_D,South,Hindi,Salaried,>70K
B00516,Client_B,South,Hindi,Salaried,20K-40K
B00517,Client_D,South,Tamil,Self_Employed,>70K
B00518,Client_D,North,Hindi,Self_Employed,40K-70K
B00519,Client_B,South,Bengali,Salaried,>70K
B00520,Client_A,South,Telugu,Self_Employed,<20K
B00521,Client_B,West,Hindi,Salaried,>70K
B00522,Client_A,North,English,Informal,40K-70K
B00523,Client_A,East,Hindi,Self_Employed,20K-40K
B00524,Client_D,North,English,Salaried,20K-40K
B00525,Client_D,East,Telugu,Salaried,20K-40K
B00526,Client_B,East,Tamil,Informal,40K-70K
B00527,Client_B,South,Tamil,Self_Employed,20K-40K
B00528,Client_C,South,Bengali,Salaried,<20K
B00529,Client_D,West,Hindi,Self_Employed,>70K
B00530,Client_B,West,Hindi,Salaried,>70K
B00531,Client_B,North,Bengali,Salaried,>70K
B00532,Client_A,North,Bengali,Salaried,>70K
B00533,Client_A,South,English,Self_Employed,>70K
B00534,Client_B,South,English,Salaried,<20K
B00535,Client_A,North,Bengali,Salaried,40K-70K
B00536,Client_A,East,Telugu,Informal,<20K
B00537,Client_B,East,Tamil,Salaried,20K-40K
B00538,Client_C,South,Bengali,Salaried,40K-70K
B00539,Client_A,North,Tamil,Informal,>70K
B00540,Client_D,South,Telugu,Self_Employed,40K-70K
B00541,Client_C,West,English,Self_Employed,>70K
B00542,Client_C,East,Tamil,Salaried,40K-70K
B00543,Client_D,South,Hindi,Salaried,20K-40K
B00544,Client_A,South,Tamil,Salaried,20K-40K
B00545,Client_A,East,Tamil,Salaried,>70K
B00546,Client_D,West,English,Salaried,40K-70K
B00547,Client_D,North,Tamil,Salaried,<20K
B00548,Client_A,South,English,Informal,40K-70K
B00549,Client_C,South,Tamil,Salaried,20K-40K
B00550,Client_A,South,English,Salaried,>70K
B00551,Client_A,North,Telugu,Self_Employed,40K-70K
B00552,Client_A,South,Telugu,Self_Employed,20K-40K
B00553,Client_A,South,Tamil,Informal,20K-40K
B00554,Client_B,East,Hindi,Salaried,20K-40K
B00555,Client_D,South,Hindi,Self_Employed,>70K
B00556,Client_B,South,English,Salaried,20K-40K
B00557,Client_A,East,Tamil,Informal,20K-40K
B00558,Client_A,West,Bengali,Salaried,20K-40K
B00559,Client_A,East,English,Self_Employed,>70K
B00560,Client_A,North,Bengali,Salaried,20K-40K
B00561,Client_B,East,Tamil,Salaried,20K-40K
B00562,Client_B,West,English,Salaried,20K-40K
B00563,Client_A,North,Bengali,Salaried,20K-40K
B00564,Client_B,West,Tamil,Salaried,40K-70K
B00565,Client_A,West,Hindi,Salaried,>70K
B00566,Client_C,East,Bengali,Informal,40K-70K
B00567,Client_B,North,Tamil,Salaried,40K-70K
B00568,Client_A,West,Bengali,Self_Employed,<20K
B00569,Client_B,West,Tamil,Self_Employed,40K-70K
B00570,Client_A,South,Telugu,Self_Employed,20K-40K
B00571,Client_A,East,English,Self_Employed,40K-70K
B00572,Client_A,East,Telugu,Salaried,40K-70K
B00573,Client_C,South,Hindi,Salaried,>70K
B00574,Client_A,North,Telugu,Informal,>70K
B00575,Client_D,East,English,Informal,40K-70K
B00576,Client_B,East,Tamil,Salaried,>70K
B00577,Client_A,East,Hindi,Salaried,40K-70K
B00578,Client_C,East,Hindi,Salaried,40K-70K
B00579,Client_C,South,English,Salaried,40K-70K
B00580,Client_D,South,Telugu,Salaried,40K-70K
B00581,Client_A,West,Hindi,Self_Employed,>70K
B00582,Client_C,South,Tamil,Salaried,20K-40K
B00583,Client_D,West,Telugu,Salaried,<20K
B00584,Client_A,East,Bengali,Salaried,40K-70K
B00585,Client_B,West,Tamil,Informal,<20K
B00586,Client_B,South,English,Informal,>70K
B00587,Client_A,East,Tamil,Self_Employed,<20K
B00588,Client_D,West,English,Salaried,40K-70K
B00589,Client_C,South,Telugu,Self_Employed,>70K
B00590,Client_D,South,Hindi,Salaried,<20K
B00591,Client_B,West,English,Salaried,20K-40K
B00592,Client_B,West,Bengali,Self_Employed,40K-70K
B00593,Client_A,East,Telugu,Salaried,>70K
B00594,Client_A,North,Hindi,Salaried,<20K
B00595,Client_C,South,Telugu,Salaried,<20K
B00596,Client_D,West,Telugu,Salaried,>70K
B00597,Client_A,East,Telugu,Salaried,20K-40K
B00598,Client_A,East,Telugu,Self_Employed,40K-70K
B00599,Client_A,West,Hindi,Salaried,>70K
B00600,Client_B,North,Tamil,Informal,<20K
B00601,Client_C,North,Hindi,Self_Employed,<20K
B00602,Client_A,West,Telugu,Salaried,20K-40K
B00603,Client_B,South,Hindi,Salaried,20K-40K
B00604,Client_B,South,Hindi,Salaried,40K-70K
B00605,Client_C,South,Telugu,Salaried,>70K
B00606,Client_A,East,Hindi,Salaried,20K-40K
B00607,Client_A,North,Hindi,Self_Employed,>70K
B00608,Client_B,East,Tamil,Informal,40K-70K
B00609,Client_B,West,Telugu,Informal,20K-40K
B00610,Client_A,West,English,Salaried,40K-70K
B00611,Client_C,North,English,Salaried,<20K
B00612,Client_C,North,Bengali,Informal,>70K
B00613,Client_A,West,Tamil,Self_Employed,20K-40K
B00614,Client_B,West,Tamil,Salaried,<20K
B00615,Client_C,West,Hindi,Salaried,>70K
B00616,Client_D,South,Tamil,Salaried,40K-70K
B00617,Client_A,East,Telugu,Salaried,20K-40K
B00618,Client_C,East,English,Salaried,<20K
B00619,Client_A,East,Hindi,Informal,40K-70K
B00620,Client_C,North,Bengali,Salaried,20K-40K
B00621,Client_B,North,Hindi,Informal,20K-40K
B00622,Client_D,East,English,Self_Employed,40K-70K
B00623,Client_B,North,Telugu,Informal,<20K
B00624,Client_A,North,Telugu,Salaried,20K-40K
B00625,Client_C,South,Hindi,Informal,40K-70K
B00626,Client_A,East,Telugu,Self_Employed,20K-40K
B00627,Client_C,South,Hindi,Self_Employed,<20K
B00628,Client_A,North,Tamil,Informal,40K-70K
B00629,Client_A,East,Hindi,Self_Employed,20K-40K
B00630,Client_C,South,Telugu,Informal,40K-70K
B00631,Client_A,North,Tamil,Salaried,40K-70K
B00632,Client_B,South,English,Salaried,<20K
B00633,Client_C,South,Bengali,Salaried,20K-40K
B00634,Client_C,North,Hindi,Salaried,>70K
B00635,Client_D,West,Telugu,Self_Employed,>70K
B00636,Client_B,East,Hindi,Salaried,<20K
B00637,Client_A,East,Bengali,Self_Employed,>70K
B00638,Client_A,North,Telugu,Salaried,>70K
B00639,Client_B,East,Bengali,Salaried,<20K
B00640,Client_A,South,Bengali,Salaried,40K-70K
B00641,Client_C,North,Tamil,Informal,20K-40K
B00642,Client_A,West,Telugu,Informal,>70K
B00643,Client_A,West,English,Salaried,<20K
B00644,Client_D,South,Tamil,Salaried,>70K
B00645,Client_C,East,Tamil,Self_Employed,20K-40K
B00646,Client_A,South,Bengali,Salaried,40K-70K
B00647,Client_A,West,Hindi,Salaried,<20K
B00648,Client_C,North,Telugu,Self_Employed,20K-40K
B00649,Client_B,South,Telugu,Salaried,<20K
B00650,Client_A,North,Bengali,Salaried,20K-40K
B00651,Client_B,South,English,Informal,40K-70K
B00652,Client_D,North,Telugu,Self_Employed,20K-40K
B00653,Client_A,West,Tamil,Informal,40K-70K
B00654,Client_D,West,English,Self_Employed,20K-40K
B00655,Client_B,West,Hindi,Self_Employed,20K-40K
B00656,Client_A,East,Tamil,Salaried,20K-40K
B00657,Client_C,West,Tamil,Salaried,40K-70K
B00658,Client_A,West,Tamil,Salaried,20K-40K
B00659,Client_B,North,Tamil,Self_Employed,>70K
B00660,Client_B,South,Hindi,Salaried,<20K
B00661,Client_A,East,English,Self_Employed,40K-70K
B00662,Client_D,North,Hindi,Salaried,<20K
B00663,Client_C,West,Hindi,Salaried,40K-70K
B00664,Client_A,South,Telugu,Informal,20K-40K
B00665,Client_A,North,Tamil,Self_Employed,>70K
B00666,Client_A,North,Tamil,Self_Employed,<20K
B00667,Client_B,South,Telugu,Salaried,<20K
B00668,Client_A,South,Telugu,Salaried,>70K
B00669,Client_B,South,English,Salaried,40K-70K
B00670,Client_C,West,Bengali,Salaried,40K-70K
B00671,Client_D,North,Tamil,Self_Employed,20K-40K
B00672,Client_A,West,Tamil,Informal,20K-40K
B00673,Client_A,East,Bengali,Salaried,>70K
B00674,Client_B,West,Hindi,Informal,40K-70K
B00675,Client_B,South,Hindi,Self_Employed,40K-70K
B00676,Client_B,West,Telugu,Salaried,>70K
B00677,Client_B,South,Bengali,Informal,20K-40K
B00678,Client_C,West,Hindi,Informal,40K-70K
B00679,Client_A,South,Hindi,Salaried,>70K
B00680,Client_A,East,Tamil,Self_Employed,<20K
B00681,Client_B,South,Tamil,Salaried,>70K
B00682,Client_A,South,Telugu,Self_Employed,>70K
B00683,Client_B,East,Tamil,Self_Employed,>70K
B00684,Client_B,North,Bengali,Salaried,>70K
B00685,Client_D,East,Telugu,Salaried,<20K
B00686,Client_C,East,Bengali,Salaried,<20K
B00687,Client_A,East,English,Self_Employed,<20K
B00688,Client_A,South,Hindi,Self_Employed,<20K
B00689,Client_C,East,English,Salaried,>70K
B00690,Client_B,North,Hindi,Self_Employed,20K-40K
B00691,Client_A,West,Bengali,Informal,>70K
B00692,Client_B,North,English,Informal,<20K
B00693,Client_B,South,Tamil,Salaried,40K-70K
B00694,Client_C,West,English,Salaried,40K-70K
B00695,Client_C,West,Hindi,Salaried,40K-70K
B00696,Client_D,North,Telugu,Informal,40K-70K
B00697,Client_C,East,Tamil,Informal,>70K
B00698,Client_D,West,Tamil,Salaried,40K-70K
B00699,Client_A,West,English,Self_Employed,40K-70K
B00700,Client_A,North,Hindi,Informal,20K-40K
B00701,Client_A,East,English,Self_Employed,40K-70K
B00702,Client_D,North,Tamil,Self_Employed,<20K
B00703,Client_A,South,Tamil,Salaried,20K-40K
B00704,Client_B,East,Bengali,Informal,>70K
B00705,Client_B,West,Tamil,Salaried,<20K
B00706,Client_C,North,Bengali,Salaried,>70K
B00707,Client_B,South,English,Salaried,<20K
B00708,Client_A,North,Tamil,Salaried,>70K
B00709,Client_B,North,Telugu,Self_Employed,<20K
B00710,Client_A,West,Hindi,Salaried,<20K
B00711,Client_A,East,Telugu,Informal,>70K
B00712,Client_B,East,Tamil,Salaried,<20K
B00713,Client_A,South,Tamil,Salaried,>70K
B00714,Client_D,South,Bengali,Informal,20K-40K
B00715,Client_B,West,Tamil,Self_Employed,>70K
B00716,Client_A,East,Bengali,Salaried,>70K
B00717,Client_C,West,Telugu,Self_Employed,<20K
B00718,Client_A,North,English,Informal,20K-40K
B00719,Client_A,North,English,Salaried,>70K
B00720,Client_D,West,Tamil,Self_Employed,20K-40K
B00721,Client_A,South,English,Informal,40K-70K
B00722,Client_C,South,English,Self_Employed,<20K
B00723,Client_A,East,Tamil,Self_Employed,>70K
B00724,Client_B,East,Telugu,Self_Employed,20K-40K
B00725,Client_C,West,Hindi,Self_Employed,<20K
B00726,Client_A,West,Bengali,Salaried,20K-40K
B00727,Client_A,West,English,Salaried,<20K
B00728,Client_B,North,Telugu,Informal,40K-70K
B00729,Client_B,West,Hindi,Salaried,20K-40K
B00730,Client_A,West,Hindi,Salaried,>70K
B00731,Client_B,East,Bengali,Salaried,40K-70K
B00732,Client_D,East,English,Informal,40K-70K
B00733,Client_A,West,Bengali,Informal,<20K
B00734,Client_C,West,Tamil,Self_Employed,40K-70K
B00735,Client_A,West,Tamil,Salaried,>70K
B00736,Client_B,West,Tamil,Self_Employed,20K-40K
B00737,Client_B,North,Telugu,Self_Employed,20K-40K
B00738,Client_B,North,Telugu,Salaried,20K-40K
B00739,Client_C,South,Bengali,Self_Employed,40K-70K
B00740,Client_C,East,English,Salaried,20K-40K
B00741,Client_C,West,Bengali,Self_Employed,<20K
B00742,Client_C,North,Hindi,Salaried,20K-40K
B00743,Client_D,East,Tamil,Salaried,>70K
B00744,Client_A,East,Telugu,Informal,20K-40K
B00745,Client_C,West,Tamil,Salaried,40K-70K
B00746,Client_B,North,Hindi,Self_Employed,<20K
B00747,Client_A,East,Telugu,Salaried,40K-70K
B00748,Client_A,West,English,Salaried,40K-70K
B00749,Client_C,East,Hindi,Salaried,20K-40K
B00750,Client_B,South,English,Self_Employed,20K-40K
B00751,Client_A,North,English,Informal,20K-40K
B00752,Client_B,South,English,Informal,40K-70K
B00753,Client_A,West,Telugu,Informal,<20K
B00754,Client_B,North,Tamil,Salaried,40K-70K
B00755,Client_B,East,Telugu,Self_Employed,>70K
B00756,Client_C,North,Bengali,Self_Employed,>70K
B00757,Client_A,East,Bengali,Self_Employed,20K-40K
B00758,Client_A,South,English,Salaried,<20K
B00759,Client_B,West,English,Salaried,<20K
B00760,Client_C,South,Hindi,Salaried,<20K
B00761,Client_C,South,English,Salaried,20K-40K
B00762,Client_B,North,Hindi,Self_Employed,20K-40K
B00763,Client_B,East,English,Self_Employed,>70K
B00764,Client_C,South,Bengali,Salaried,40K-70K
B00765,Client_D,South,Telugu,Informal,20K-40K
B00766,Client_B,North,Bengali,Salaried,<20K
B00767,Client_D,North,Hindi,Salaried,>70K
B00768,Client_A,North,English,Salaried,>70K
B00769,Client_A,West,English,Self_Employed,40K-70K
B00770,Client_A,East,Tamil,Informal,20K-40K
B00771,Client_C,West,English,Self_Employed,20K-40K
B00772,Client_D,South,English,Salaried,<20K
B00773,Client_B,East,English,Self_Employed,>70K
B00774,Client_C,West,Telugu,Self_Employed,20K-40K
B00775,Client_A,South,Telugu,Self_Employed,<20K
B00776,Client_B,South,English,Salaried,40K-70K
B00777,Client_B,South,Telugu,Self_Employed,<20K
B00778,Client_B,North,English,Salaried,40K-70K
B00779,Client_A,East,Hindi,Salaried,20K-40K
B00780,Client_B,East,Bengali,Salaried,40K-70K
B00781,Client_C,North,Tamil,Salaried,20K-40K
B00782,Client_B,North,Bengali,Self_Employed,20K-40K
B00783,Client_C,South,Hindi,Salaried,40K-70K
B00784,Client_B,North,Hindi,Salaried,20K-40K
B00785,Client_D,South,Tamil,Self_Employed,>70K
B00786,Client_B,West,Telugu,Salaried,>70K
B00787,Client_D,East,English,Salaried,40K-70K
B00788,Client_B,South,Telugu,Self_Employed,20K-40K
B00789,Client_C,East,English,Self_Employed,20K-40K
B00790,Client_A,North,English,Salaried,>70K
B00791,Client_A,South,Tamil,Informal,>70K
B00792,Client_D,North,Telugu,Self_Employed,40K-70K
B00793,Client_B,West,Hindi,Informal,40K-70K
B00794,Client_A,East,Hindi,Self_Employed,40K-70K
B00795,Client_B,West,Tamil,Salaried,<20K
B00796,Client_D,North,Telugu,Salaried,40K-70K
B00797,Client_C,South,Bengali,Self_Employed,<20K
B00798,Client_D,North,Bengali,Salaried,>70K
B00799,Client_D,West,Hindi,Self_Employed,<20K
B00800,Client_B,East,Tamil,Salaried,40K-70K
B00801,Client_A,South,Bengali,Salaried,20K-40K
B00802,Client_A,East,Telugu,Salaried,<20K
B00803,Client_A,South,Hindi,Salaried,40K-70K
B00804,Client_B,West,Bengali,Self_Employed,20K-40K
B00805,Client_D,North,Telugu,Salaried,20K-40K
B00806,Client_A,South,Bengali,Informal,20K-40K
B00807,Client_C,South,Bengali,Salaried,20K-40K
B00808,Client_C,West,Hindi,Self_Employed,40K-70K
B00809,Client_C,North,Hindi,Self_Employed,>70K
B00810,Client_A,South,Tamil,Self_Employed,>70K
B00811,Client_A,South,Telugu,Informal,<20K
B00812,Client_C,West,Bengali,Salaried,40K-70K
B00813,Client_B,North,Telugu,Self_Employed,20K-40K
B00814,Client_B,East,Bengali,Informal,20K-40K
B00815,Client_A,West,Hindi,Salaried,40K-70K
B00816,Client_A,East,Hindi,Self_Employed,>70K
B00817,Client_D,North,English,Salaried,>70K
B00818,Client_C,East,English,Salaried,20K-40K
B00819,Client_D,West,Bengali,Salaried,>70K
B00820,Client_C,East,Tamil,Self_Employed,<20K
B00821,Client_B,East,Telugu,Self_Employed,>70K
B00822,Client_C,West,English,Salaried,<20K
B00823,Client_A,West,Hindi,Salaried,<20K
B00824,Client_C,West,Telugu,Salaried,20K-40K
B00825,Client_A,West,Tamil,Self_Employed,20K-40K
B00826,Client_B,North,English,Salaried,>70K
B00827,Client_D,North,Hindi,Salaried,20K-40K
B00828,Client_B,West,English,Self_Employed,20K-40K
B00829,Client_D,South,English,Self_Employed,<20K
B00830,Client_B,North,Telugu,Salaried,40K-70K
B00831,Client_A,East,Hindi,Salaried,>70K
B00832,Client_A,East,Tamil,Informal,40K-70K
B00833,Client_A,South,Telugu,Self_Employed,40K-70K
B00834,Client_B,East,Bengali,Self_Employed,>70K
B00835,Client_C,East,Tamil,Self_Employed,<20K
B00836,Client_A,East,Hindi,Informal,<20K
B00837,Client_B,South,English,Self_Employed,20K-40K
B00838,Client_D,North,Hindi,Informal,20K-40K
B00839,Client_B,West,Hindi,Self_Employed,20K-40K
B00840,Client_D,West,Hindi,Informal,>70K
B00841,Client_C,East,Tamil,Self_Employed,>70K
B00842,Client_B,East,English,Salaried,40K-70K
B00843,Client_B,South,English,Self_Employed,<20K
B00844,Client_A,West,Hindi,Informal,20K-40K
B00845,Client_B,East,Bengali,Informal,>70K
B00846,Client_C,South,Bengali,Self_Employed,<20K
B00847,Client_A,North,Tamil,Salaried,20K-40K
B00848,Client_A,West,Bengali,Informal,<20K
B00849,Client_A,West,Bengali,Informal,20K-40K
B00850,Client_A,West,English,Self_Employed,20K-40K
B00851,Client_A,West,Hindi,Self_Employed,<20K
B00852,Client_C,South,Bengali,Self_Employed,<20K
B00853,Client_B,North,English,Self_Employed,<20K
B00854,Client_B,North,Tamil,Self_Employed,20K-40K
B00855,Client_A,East,Tamil,Salaried,>70K
B00856,Client_A,East,Tamil,Informal,40K-70K
B00857,Client_B,East,Bengali,Salaried,>70K
B00858,Client_C,East,Hindi,Self_Employed,<20K
B00859,Client_A,East,English,Self_Employed,40K-70K
B00860,Client_B,North,Bengali,Salaried,20K-40K
B00861,Client_B,West,English,Salaried,40K-70K
B00862,Client_D,West,English,Salaried,40K-70K
B00863,Client_A,South,Hindi,Self_Employed,<20K
B00864,Client_B,South,Bengali,Salaried,<20K
B00865,Client_B,South,Hindi,Self_Employed,40K-70K
B00866,Client_A,East,Bengali,Self_Employed,20K-40K
B00867,Client_B,North,Telugu,Salaried,<20K
B00868,Client_D,North,Tamil,Salaried,40K-70K
B00869,Client_A,South,Tamil,Self_Employed,>70K
B00870,Client_B,South,Tamil,Salaried,>70K
B00871,Client_A,North,Telugu,Self_Employed,40K-70K
B00872,Client_B,West,Telugu,Self_Employed,20K-40K
B00873,Client_D,East,Bengali,Informal,>70K
B00874,Client_B,North,Bengali,Salaried,40K-70K
B00875,Client_A,West,English,Informal,40K-70K
B00876,Client_A,West,Telugu,Self_Employed,40K-70K
B00877,Client_B,East,Hindi,Informal,40K-70K
B00878,Client_D,North,English,Self_Employed,40K-70K
B00879,Client_B,South,Tamil,Salaried,20K-40K
B00880,Client_B,North,English,Self_Employed,<20K
B00881,Client_C,West,Telugu,Informal,<20K
B00882,Client_A,South,English,Self_Employed,40K-70K
B00883,Client_D,North,Bengali,Self_Employed,20K-40K
B00884,Client_B,East,Tamil,Self_Employed,<20K
B00885,Client_A,West,Hindi,Salaried,20K-40K
B00886,Client_C,North,English,Salaried,>70K
B00887,Client_A,West,English,Salaried,<20K
B00888,Client_A,North,English,Salaried,<20K
B00889,Client_A,North,Hindi,Salaried,>70K
B00890,Client_C,West,English,Informal,40K-70K
B00891,Client_A,North,Telugu,Informal,>70K
B00892,Client_B,South,Tamil,Salaried,<20K
B00893,Client_A,East,Tamil,Self_Employed,>70K
B00894,Client_B,East,English,Self_Employed,40K-70K
B00895,Client_A,East,Bengali,Salaried,<20K
B00896,Client_C,West,Tamil,Salaried,<20K
B00897,Client_D,East,Tamil,Self_Employed,20K-40K
B00898,Client_A,North,Telugu,Salaried,20K-40K
B00899,Client_B,North,Bengali,Salaried,>70K
B00900,Client_B,South,Tamil,Salaried,20K-40K
B00901,Client_C,East,Bengali,Informal,40K-70K
B00902,Client_A,East,Hindi,Self_Employed,20K-40K
B00903,Client_C,North,Hindi,Salaried,40K-70K
B00904,Client_C,West,Hindi,Salaried,20K-40K
B00905,Client_C,West,Hindi,Self_Employed,40K-70K
B00906,Client_B,East,Tamil,Self_Employed,20K-40K
B00907,Client_C,West,Bengali,Self_Employed,40K-70K
B00908,Client_B,West,Bengali,Salaried,>70K
B00909,Client_A,East,Tamil,Salaried,<20K
B00910,Client_A,East,English,Salaried,>70K
B00911,Client_B,West,English,Informal,40K-70K
B00912,Client_B,East,Bengali,Salaried,20K-40K
B00913,Client_C,South,Telugu,Self_Employed,>70K
B00914,Client_C,North,Hindi,Self_Employed,40K-70K
B00915,Client_A,East,Hindi,Informal,40K-70K
B00916,Client_B,West,Hindi,Salaried,<20K
B00917,Client_C,West,Tamil,Self_Employed,20K-40K
B00918,Client_B,West,Telugu,Self_Employed,40K-70K
B00919,Client_A,West,Bengali,Informal,40K-70K
B00920,Client_D,East,English,Informal,<20K
B00921,Client_B,North,Telugu,Salaried,40K-70K
B00922,Client_A,North,Tamil,Informal,>70K
B00923,Client_B,East,English,Salaried,40K-70K
B00924,Client_A,East,Hindi,Informal,<20K
B00925,Client_A,West,Telugu,Salaried,<20K
B00926,Client_C,South,Telugu,Informal,>70K
B00927,Client_C,East,Hindi,Salaried,<20K
B00928,Client_B,West,Telugu,Salaried,20K-40K
B00929,Client_A,North,Telugu,Salaried,<20K
B00930,Client_B,South,Telugu,Informal,20K-40K
B00931,Client_B,North,Hindi,Salaried,40K-70K
B00932,Client_B,East,English,Salaried,>70K
B00933,Client_A,West,Bengali,Self_Employed,40K-70K
B00934,Client_C,South,Hindi,Informal,>70K
B00935,Client_A,North,English,Informal,>70K
B00936,Client_A,South,Tamil,Salaried,<20K
B00937,Client_C,South,Telugu,Salaried,>70K
B00938,Client_C,East,Tamil,Salaried,20K-40K
B00939,Client_A,North,Hindi,Salaried,<20K
B00940,Client_A,South,English,Informal,>70K
B00941,Client_B,North,Telugu,Salaried,>70K
B00942,Client_D,East,Telugu,Informal,20K-40K
B00943,Client_A,North,English,Salaried,>70K
B00944,Client_B,East,Hindi,Salaried,40K-70K
B00945,Client_A,West,English,Salaried,>70K
B00946,Client_C,East,English,Informal,>70K
B00947,Client_B,South,Bengali,Informal,20K-40K
B00948,Client_B,West,English,Self_Employed,<20K
B00949,Client_C,East,English,Salaried,40K-70K
B00950,Client_B,West,Bengali,Self_Employed,40K-70K
B00951,Client_A,East,Telugu,Self_Employed,20K-40K
B00952,Client_B,North,Telugu,Self_Employed,20K-40K
B00953,Client_D,East,Telugu,Salaried,<20K
B00954,Client_C,North,Bengali,Self_Employed,>70K
B00955,Client_B,South,Bengali,Salaried,40K-70K
B00956,Client_C,West,Hindi,Salaried,40K-70K
B00957,Client_A,East,Hindi,Informal,<20K
B00958,Client_B,East,Telugu,Self_Employed,<20K
B00959,Client_D,East,Hindi,Salaried,40K-70K
B00960,Client_A,North,English,Informal,20K-40K
B00961,Client_D,East,Hindi,Self_Employed,20K-40K
B00962,Client_C,East,Bengali,Salaried,40K-70K
B00963,Client_C,West,Tamil,Salaried,20K-40K
B00964,Client_B,East,Tamil,Informal,40K-70K
B00965,Client_A,North,English,Salaried,20K-40K
B00966,Client_A,West,Bengali,Salaried,20K-40K
B00967,Client_C,North,Tamil,Self_Employed,>70K
B00968,Client_B,West,Hindi,Self_Employed,<20K
B00969,Client_C,South,Telugu,Self_Employed,<20K
B00970,Client_A,East,Tamil,Salaried,20K-40K
B00971,Client_C,South,Telugu,Informal,>70K
B00972,Client_D,South,Hindi,Salaried,<20K
B00973,Client_C,North,Hindi,Salaried,<20K
B00974,Client_A,South,Tamil,Salaried,>70K
B00975,Client_A,South,Telugu,Salaried,>70K
B00976,Client_A,North,Tamil,Informal,<20K
B00977,Client_A,East,Hindi,Informal,20K-40K
B00978,Client_C,East,Hindi,Salaried,>70K
B00979,Client_B,East,Tamil,Salaried,20K-40K
B00980,Client_C,West,Hindi,Salaried,<20K
B00981,Client_A,East,Tamil,Self_Employed,>70K
B00982,Client_A,East,Telugu,Informal,20K-40K
B00983,Client_D,South,Hindi,Salaried,20K-40K
B00984,Client_D,East,Hindi,Salaried,<20K
B00985,Client_A,North,Tamil,Informal,40K-70K
B00986,Client_C,South,Telugu,Self_Employed,20K-40K
B00987,Client_B,South,Tamil,Salaried,20K-40K
B00988,Client_A,West,Tamil,Self_Employed,>70K
B00989,Client_B,East,Bengali,Salaried,>70K
B00990,Client_A,South,Hindi,Informal,20K-40K
B00991,Client_B,South,Hindi,Salaried,20K-40K
B00992,Client_D,East,Telugu,Self_Employed,>70K
B00993,Client_C,West,Bengali,Informal,>70K
B00994,Client_A,North,Bengali,Informal,>70K
B00995,Client_C,South,Hindi,Informal,<20K
B00996,Client_A,West,Tamil,Salaried,<20K
B00997,Client_D,West,Hindi,Informal,>70K
B00998,Client_B,South,Bengali,Salaried,>70K
B00999,Client_B,North,Hindi,Self_Employed,>70K
B01000,Client_A,West,Hindi,Self_Employed,>70K
B01001,Client_A,South,Bengali,Informal,40K-70K
B01002,Client_B,North,English,Informal,40K-70K
B01003,Client_B,West,Bengali,Self_Employed,>70K
B01004,Client_C,West,Telugu,Informal,<20K
B01005,Client_A,North,Hindi,Salaried,20K-40K
B01006,Client_B,East,Hindi,Salaried,20K-40K
B01007,Client_A,West,Hindi,Informal,>70K
B01008,Client_B,North,Bengali,Self_Employed,20K-40K
B01009,Client_D,East,Hindi,Salaried,>70K
B01010,Client_A,West,Hindi,Self_Employed,>70K
B01011,Client_C,East,English,Self_Employed,>70K
B01012,Client_A,East,English,Informal,20K-40K
B01013,Client_D,South,Bengali,Informal,<20K
B01014,Client_B,West,Tamil,Self_Employed,>70K
B01015,Client_A,East,Hindi,Informal,20K-40K
B01016,Client_C,East,Hindi,Self_Employed,40K-70K
B01017,Client_D,West,Telugu,Informal,20K-40K
B01018,Client_A,North,Bengali,Informal,20K-40K
B01019,Client_A,North,English,Informal,>70K
B01020,Client_A,West,Telugu,Salaried,<20K
B01021,Client_B,West,Bengali,Self_Employed,<20K
B01022,Client_D,North,English,Informal,20K-40K
B01023,Client_D,East,Hindi,Salaried,20K-40K
B01024,Client_A,East,English,Salaried,>70K
B01025,Client_A,North,Hindi,Informal,20K-40K
B01026,Client_B,West,Telugu,Salaried,<20K
B01027,Client_B,North,Tamil,Salaried,<20K
B01028,Client_A,North,Tamil,Informal,>70K
B01029,Client_B,South,English,Salaried,20K-40K
B01030,Client_D,South,Telugu,Self_Employed,20K-40K
B01031,Client_A,West,Telugu,Salaried,20K-40K
B01032,Client_A,East,Tamil,Self_Employed,20K-40K
B01033,Client_C,West,English,Informal,>70K
B01034,Client_A,North,Telugu,Informal,40K-70K
B01035,Client_A,North,Tamil,Salaried,<20K
B01036,Client_A,North,Tamil,Self_Employed,<20K
B01037,Client_C,South,Telugu,Salaried,>70K
B01038,Client_A,North,Tamil,Self_Employed,40K-70K
B01039,Client_A,East,Tamil,Self_Employed,20K-40K
B01040,Client_B,West,Tamil,Self_Employed,>70K
B01041,Client_C,West,Telugu,Informal,20K-40K
B01042,Client_C,West,English,Informal,40K-70K
B01043,Client_B,East,Tamil,Informal,40K-70K
B01044,Client_D,North,Hindi,Salaried,40K-70K
B01045,Client_A,North,Hindi,Self_Employed,<20K
B01046,Client_B,West,Tamil,Salaried,20K-40K
B01047,Client_B,West,English,Self_Employed,20K-40K
B01048,Client_B,North,Telugu,Salaried,<20K
B01049,Client_A,East,Bengali,Self_Employed,>70K
B01050,Client_A,North,Telugu,Self_Employed,40K-70K
B01051,Client_D,South,Telugu,Self_Employed,<20K
B01052,Client_A,East,Hindi,Salaried,<20K
B01053,Client_B,North,English,Self_Employed,20K-40K
B01054,Client_D,East,Tamil,Salaried,<20K
B01055,Client_A,East,Bengali,Salaried,40K-70K
B01056,Client_B,East,Tamil,Salaried,>70K
B01057,Client_B,North,Hindi,Informal,>70K
B01058,Client_A,West,Tamil,Salaried,<20K
B01059,Client_A,South,Hindi,Salaried,>70K
B01060,Client_B,North,Bengali,Self_Employed,40K-70K
B01061,Client_B,North,Hindi,Self_Employed,20K-40K
B01062,Client_A,South,Hindi,Salaried,<20K
B01063,Client_A,East,English,Self_Employed,<20K
B01064,Client_C,East,Tamil,Self_Employed,<20K
B01065,Client_C,North,Telugu,Self_Employed,20K-40K
B01066,Client_B,North,Tamil,Self_Employed,20K-40K
B01067,Client_A,East,Hindi,Self_Employed,40K-70K
B01068,Client_C,East,Bengali,Salaried,40K-70K
B01069,Client_A,North,Telugu,Salaried,>70K
B01070,Client_C,West,Hindi,Self_Employed,40K-70K
B01071,Client_A,East,Bengali,Salaried,40K-70K
B01072,Client_D,East,English,Salaried,20K-40K
B01073,Client_C,North,Telugu,Salaried,<20K
B01074,Client_B,North,Tamil,Informal,>70K
B01075,Client_B,South,Tamil,Self_Employed,20K-40K
B01076,Client_B,South,English,Salaried,<20K
B01077,Client_C,East,English,Informal,<20K
B01078,Client_B,South,Tamil,Informal,>70K
B01079,Client_C,West,Telugu,Informal,<20K
B01080,Client_A,West,Tamil,Self_Employed,>70K
B01081,Client_B,East,Telugu,Salaried,40K-70K
B01082,Client_C,North,English,Self_Employed,20K-40K
B01083,Client_B,South,English,Salaried,>70K
B01084,Client_D,North,English,Self_Employed,40K-70K
B01085,Client_B,West,Telugu,Salaried,>70K
B01086,Client_A,East,Tamil,Salaried,20K-40K
B01087,Client_D,West,English,Informal,<20K
B01088,Client_B,North,Bengali,Salaried,20K-40K
B01089,Client_B,North,Hindi,Self_Employed,>70K
B01090,Client_B,North,Bengali,Salaried,40K-70K
B01091,Client_D,South,Hindi,Salaried,40K-70K
B01092,Client_A,East,English,Informal,20K-40K
B01093,Client_D,East,English,Self_Employed,<20K
B01094,Client_B,North,Telugu,Informal,20K-40K
B01095,Client_B,North,Hindi,Salaried,<20K
B01096,Client_A,West,Bengali,Informal,>70K
B01097,Client_D,North,English,Informal,>70K
B01098,Client_D,North,English,Salaried,<20K
B01099,Client_B,North,English,Salaried,>70K
B01100,Client_A,East,English,Salaried,>70K
B01101,Client_D,West,English,Self_Employed,20K-40K
B01102,Client_A,West,Telugu,Self_Employed,<20K
B01103,Client_A,West,Hindi,Self_Employed,<20K
B01104,Client_B,South,English,Salaried,40K-70K
B01105,Client_B,West,English,Informal,40K-70K
B01106,Client_A,East,Telugu,Salaried,<20K
B01107,Client_A,South,Tamil,Salaried,>70K
B01108,Client_A,South,Bengali,Self_Employed,40K-70K
B01109,Client_A,South,English,Salaried,<20K
B01110,Client_A,West,English,Self_Employed,40K-70K
B01111,Client_A,South,Bengali,Salaried,40K-70K
B01112,Client_A,South,Bengali,Self_Employed,>70K
B01113,Client_B,North,Bengali,Self_Employed,20K-40K
B01114,Client_A,East,English,Salaried,<20K
B01115,Client_C,West,English,Self_Employed,40K-70K
B01116,Client_B,South,Bengali,Salaried,<20K
B01117,Client_A,East,Hindi,Self_Employed,>70K
B01118,Client_C,South,Telugu,Salaried,20K-40K
B01119,Client_C,West,Telugu,Informal,20K-40K
B01120,Client_B,East,Tamil,Self_Employed,20K-40K
B01121,Client_A,West,Hindi,Self_Employed,<20K
B01122,Client_C,East,Hindi,Self_Employed,40K-70K
B01123,Client_C,East,English,Salaried,40K-70K
B01124,Client_D,North,English,Salaried,40K-70K
B01125,Client_C,West,Hindi,Salaried,<20K
B01126,Client_B,East,Telugu,Salaried,<20K
B01127,Client_A,West,Telugu,Salaried,40K-70K
B01128,Client_A,South,Telugu,Informal,40K-70K
B01129,Client_A,North,Hindi,Informal,40K-70K
B01130,Client_C,North,Tamil,Informal,<20K
B01131,Client_B,South,Bengali,Salaried,<20K
B01132,Client_A,East,Hindi,Informal,40K-70K
B01133,Client_A,East,Telugu,Self_Employed,40K-70K
B01134,Client_A,West,Telugu,Salaried,<20K
B01135,Client_C,North,Bengali,Informal,>70K
B01136,Client_A,North,Telugu,Informal,>70K
B01137,Client_A,West,Telugu,Informal,<20K
B01138,Client_B,South,Hindi,Salaried,>70K
B01139,Client_A,South,Bengali,Informal,>70K
B01140,Client_C,East,Bengali,Self_Employed,40K-70K
B01141,Client_B,North,English,Informal,20K-40K
B01142,Client_B,East,Bengali,Self_Employed,40K-70K
B01143,Client_D,North,Telugu,Salaried,20K-40K
B01144,Client_C,South,English,Self_Employed,<20K
B01145,Client_A,East,Bengali,Salaried,20K-40K
B01146,Client_A,East,Bengali,Self_Employed,40K-70K
B01147,Client_B,West,English,Salaried,<20K
B01148,Client_A,South,Telugu,Self_Employed,<20K
B01149,Client_C,North,Bengali,Self_Employed,>70K
B01150,Client_C,South,Tamil,Salaried,20K-40K
B01151,Client_A,East,English,Salaried,<20K
B01152,Client_D,East,Tamil,Self_Employed,40K-70K
B01153,Client_B,North,Telugu,Salaried,<20K
B01154,Client_A,East,Tamil,Informal,>70K
B01155,Client_B,North,Hindi,Self_Employed,<20K
B01156,Client_C,South,Tamil,Salaried,20K-40K
B01157,Client_C,North,Telugu,Self_Employed,20K-40K
B01158,Client_D,West,Tamil,Self_Employed,<20K
B01159,Client_D,West,Telugu,Salaried,40K-70K
B01160,Client_B,South,English,Informal,40K-70K
B01161,Client_B,West,Bengali,Self_Employed,>70K
B01162,Client_A,North,Telugu,Self_Employed,20K-40K
B01163,Client_B,West,Bengali,Self_Employed,>70K
B01164,Client_A,South,English,Self_Employed,40K-70K
B01165,Client_A,East,English,Self_Employed,20K-40K
B01166,Client_C,South,Tamil,Informal,40K-70K
B01167,Client_A,West,Tamil,Salaried,20K-40K
B01168,Client_A,East,Hindi,Self_Employed,20K-40K
B01169,Client_C,East,Telugu,Self_Employed,>70K
B01170,Client_B,East,Hindi,Self_Employed,40K-70K
B01171,Client_B,North,Hindi,Self_Employed,40K-70K
B01172,Client_C,East,Bengali,Salaried,20K-40K
B01173,Client_A,South,Hindi,Salaried,<20K
B01174,Client_A,North,Bengali,Informal,>70K
B01175,Client_B,South,English,Salaried,>70K
B01176,Client_A,East,English,Salaried,>70K
B01177,Client_C,North,Bengali,Salaried,<20K
B01178,Client_D,East,Tamil,Salaried,40K-70K
B01179,Client_C,East,Hindi,Salaried,40K-70K
B01180,Client_D,West,Bengali,Informal,40K-70K
B01181,Client_A,West,Bengali,Salaried,20K-40K
B01182,Client_B,North,Telugu,Self_Employed,>70K
B01183,Client_D,West,Telugu,Salaried,>70K
B01184,Client_C,North,Hindi,Self_Employed,<20K
B01185,Client_B,South,Telugu,Self_Employed,40K-70K
B01186,Client_C,South,Telugu,Self_Employed,<20K
B01187,Client_A,South,English,Self_Employed,20K-40K
B01188,Client_A,South,Telugu,Salaried,<20K
B01189,Client_A,South,Hindi,Salaried,40K-70K
B01190,Client_D,South,Telugu,Informal,<20K
B01191,Client_A,South,Telugu,Self_Employed,>70K
B01192,Client_D,East,Tamil,Informal,20K-40K
B01193,Client_A,East,Tamil,Salaried,<20K
B01194,Client_C,East,Hindi,Self_Employed,>70K
B01195,Client_B,North,Hindi,Informal,>70K
B01196,Client_A,South,Telugu,Salaried,20K-40K
B01197,Client_C,West,Tamil,Informal,40K-70K
B01198,Client_C,North,English,Salaried,>70K
B01199,Client_C,North,English,Informal,<20K
B01200,Client_C,West,English,Salaried,>70K
B01201,Client_C,East,English,Informal,40K-70K
B01202,Client_C,East,English,Self_Employed,<20K
B01203,Client_B,North,Bengali,Salaried,20K-40K
B01204,Client_D,South,Tamil,Self_Employed,20K-40K
B01205,Client_B,West,Hindi,Self_Employed,20K-40K
B01206,Client_A,East,Hindi,Salaried,<20K
B01207,Client_D,North,Telugu,Self_Employed,40K-70K
B01208,Client_A,East,Telugu,Salaried,40K-70K
B01209,Client_B,East,English,Self_Employed,>70K
B01210,Client_C,South,Bengali,Salaried,>70K
B01211,Client_C,South,Hindi,Salaried,<20K
B01212,Client_A,East,Hindi,Self_Employed,40K-70K
B01213,Client_A,North,Hindi,Salaried,20K-40K
B01214,Client_B,South,Bengali,Informal,20K-40K
B01215,Client_B,North,Hindi,Informal,>70K
B01216,Client_C,North,English,Salaried,20K-40K
B01217,Client_A,East,English,Informal,40K-70K
B01218,Client_C,West,Bengali,Informal,20K-40K
B01219,Client_C,West,Tamil,Informal,>70K
B01220,Client_D,East,Hindi,Salaried,40K-70K
B01221,Client_C,West,Bengali,Salaried,20K-40K
B01222,Client_C,West,English,Salaried,<20K
B01223,Client_B,South,Hindi,Salaried,>70K
B01224,Client_D,West,English,Salaried,20K-40K
B01225,Client_A,North,English,Self_Employed,40K-70K
B01226,Client_C,West,Bengali,Informal,20K-40K
B01227,Client_C,North,Tamil,Salaried,<20K
B01228,Client_C,West,Tamil,Self_Employed,>70K
B01229,Client_A,North,Telugu,Self_Employed,<20K
B01230,Client_A,West,Hindi,Salaried,>70K
B01231,Client_D,West,Telugu,Salaried,>70K
B01232,Client_C,South,Tamil,Informal,<20K
B01233,Client_A,South,Bengali,Self_Employed,>70K
B01234,Client_B,North,English,Informal,<20K
B01235,Client_C,West,Telugu,Salaried,20K-40K
B01236,Client_D,North,English,Salaried,<20K
B01237,Client_B,East,Tamil,Salaried,>70K
B01238,Client_A,West,Bengali,Salaried,40K-70K
B01239,Client_A,North,Bengali,Salaried,40K-70K
B01240,Client_A,East,Tamil,Salaried,40K-70K
B01241,Client_A,North,Hindi,Salaried,<20K
B01242,Client_A,North,Tamil,Self_Employed,20K-40K
B01243,Client_C,South,English,Salaried,>70K
B01244,Client_C,East,Bengali,Self_Employed,<20K
B01245,Client_B,West,Hindi,Salaried,20K-40K
B01246,Client_D,North,Tamil,Self_Employed,<20K
B01247,Client_A,North,Bengali,Salaried,40K-70K
B01248,Client_A,North,Telugu,Salaried,<20K
B01249,Client_B,West,Telugu,Salaried,40K-70K
B01250,Client_B,North,English,Self_Employed,<20K
B01251,Client_A,South,Telugu,Salaried,20K-40K
B01252,Client_D,East,Telugu,Salaried,<20K
B01253,Client_B,East,English,Salaried,>70K
B01254,Client_B,West,Tamil,Salaried,20K-40K
B01255,Client_B,South,Tamil,Informal,40K-70K
B01256,Client_B,West,Hindi,Self_Employed,40K-70K
B01257,Client_A,West,Hindi,Salaried,<20K
B01258,Client_A,West,Hindi,Salaried,>70K
B01259,Client_B,North,Hindi,Self_Employed,<20K
B01260,Client_B,West,Bengali,Salaried,40K-70K
B01261,Client_B,East,English,Informal,<20K
B01262,Client_A,West,Hindi,Informal,<20K
B01263,Client_A,East,Hindi,Salaried,40K-70K
B01264,Client_D,North,Hindi,Self_Employed,20K-40K
B01265,Client_D,East,Telugu,Self_Employed,<20K
B01266,Client_C,West,Bengali,Self_Employed,40K-70K
B01267,Client_A,North,Tamil,Informal,<20K
B01268,Client_A,West,Bengali,Self_Employed,<20K
B01269,Client_A,East,Hindi,Salaried,20K-40K
B01270,Client_C,West,Bengali,Self_Employed,40K-70K
B01271,Client_A,North,Tamil,Self_Employed,>70K
B01272,Client_A,South,English,Salaried,<20K
B01273,Client_A,East,Hindi,Salaried,20K-40K
B01274,Client_C,East,Telugu,Informal,>70K
B01275,Client_B,West,English,Informal,20K-40K
B01276,Client_D,West,English,Salaried,20K-40K
B01277,Client_A,North,Telugu,Informal,20K-40K
B01278,Client_A,East,English,Informal,20K-40K
B01279,Client_C,West,Bengali,Salaried,40K-70K
B01280,Client_A,North,Telugu,Informal,>70K
B01281,Client_C,West,Bengali,Informal,>70K
B01282,Client_B,East,Tamil,Self_Employed,20K-40K
B01283,Client_A,North,Tamil,Self_Employed,40K-70K
B01284,Client_A,East,Hindi,Salaried,20K-40K
B01285,Client_C,West,Telugu,Salaried,20K-40K
B01286,Client_A,South,Tamil,Informal,40K-70K
B01287,Client_D,South,Tamil,Self_Employed,20K-40K
B01288,Client_A,South,Bengali,Self_Employed,<20K
B01289,Client_A,East,Tamil,Informal,>70K
B01290,Client_B,East,English,Self_Employed,40K-70K
B01291,Client_A,North,Tamil,Salaried,40K-70K
B01292,Client_D,South,Telugu,Salaried,20K-40K
B01293,Client_B,North,Hindi,Self_Employed,>70K
B01294,Client_A,South,English,Salaried,20K-40K
B01295,Client_A,North,Tamil,Self_Employed,20K-40K
B01296,Client_B,South,Telugu,Self_Employed,>70K
B01297,Client_D,West,English,Self_Employed,20K-40K
B01298,Client_A,West,Hindi,Salaried,40K-70K
B01299,Client_B,North,Bengali,Salaried,>70K
B01300,Client_B,East,Tamil,Salaried,20K-40K
B01301,Client_C,South,Bengali,Self_Employed,20K-40K
B01302,Client_C,South,Tamil,Salaried,20K-40K
B01303,Client_A,West,Bengali,Salaried,20K-40K
B01304,Client_B,North,Bengali,Informal,40K-70K
B01305,Client_D,North,Bengali,Salaried,40K-70K
B01306,Client_D,West,Bengali,Self_Employed,>70K
B01307,Client_B,East,Bengali,Self_Employed,<20K
B01308,Client_D,West,Bengali,Self_Employed,>70K
B01309,Client_A,East,Hindi,Informal,20K-40K
B01310,Client_C,North,Tamil,Self_Employed,<20K
B01311,Client_D,South,Tamil,Salaried,>70K
B01312,Client_B,East,English,Self_Employed,<20K
B01313,Client_C,East,English,Self_Employed,<20K
B01314,Client_A,South,English,Salaried,<20K
B01315,Client_C,East,Hindi,Self_Employed,20K-40K
B01316,Client_C,South,English,Salaried,20K-40K
B01317,Client_B,South,Bengali,Informal,40K-70K
B01318,Client_B,South,Bengali,Salaried,40K-70K
B01319,Client_A,South,Telugu,Informal,40K-70K
B01320,Client_C,West,Bengali,Salaried,>70K
B01321,Client_B,North,Telugu,Self_Employed,>70K
B01322,Client_B,South,Tamil,Self_Employed,40K-70K
B01323,Client_A,West,Telugu,Self_Employed,<20K
B01324,Client_B,North,Bengali,Self_Employed,20K-40K
B01325,Client_A,West,Telugu,Self_Employed,20K-40K
B01326,Client_C,East,Bengali,Self_Employed,<20K
B01327,Client_A,North,Hindi,Self_Employed,>70K
B01328,Client_A,West,Tamil,Salaried,40K-70K
B01329,Client_A,South,English,Informal,40K-70K
B01330,Client_B,North,Hindi,Self_Employed,20K-40K
B01331,Client_D,North,Telugu,Salaried,20K-40K
B01332,Client_A,West,Telugu,Salaried,>70K
B01333,Client_B,West,Telugu,Informal,>70K
B01334,Client_A,South,Tamil,Salaried,20K-40K
B01335,Client_B,West,Bengali,Self_Employed,40K-70K
B01336,Client_A,North,Tamil,Salaried,40K-70K
B01337,Client_A,South,Telugu,Salaried,<20K
B01338,Client_B,South,Telugu,Salaried,40K-70K
B01339,Client_A,East,Tamil,Self_Employed,20K-40K
B01340,Client_A,North,Bengali,Salaried,40K-70K
B01341,Client_B,South,Bengali,Informal,20K-40K
B01342,Client_A,East,English,Informal,<20K
B01343,Client_D,West,Bengali,Salaried,>70K
B01344,Client_A,South,Telugu,Self_Employed,40K-70K
B01345,Client_D,West,Hindi,Salaried,20K-40K
B01346,Client_A,West,Telugu,Informal,20K-40K
B01347,Client_D,East,English,Salaried,>70K
B01348,Client_A,East,Bengali,Informal,>70K
B01349,Client_A,West,English,Salaried,<20K
B01350,Client_A,West,Bengali,Informal,20K-40K
B01351,Client_C,South,Hindi,Informal,40K-70K
B01352,Client_A,West,Tamil,Salaried,20K-40K
B01353,Client_A,South,Telugu,Informal,>70K
B01354,Client_C,South,Hindi,Salaried,40K-70K
B01355,Client_A,North,English,Salaried,20K-40K
B01356,Client_B,East,Tamil,Self_Employed,>70K
B01357,Client_B,North,English,Salaried,>70K
B01358,Client_A,East,English,Salaried,40K-70K
B01359,Client_D,West,Bengali,Informal,>70K
B01360,Client_B,North,Hindi,Self_Employed,40K-70K
B01361,Client_A,North,Tamil,Salaried,20K-40K
B01362,Client_C,West,Bengali,Self_Employed,>70K
B01363,Client_D,North,Bengali,Informal,>70K
B01364,Client_A,North,Hindi,Self_Employed,>70K
B01365,Client_A,West,Bengali,Salaried,>70K
B01366,Client_D,West,Hindi,Salaried,20K-40K
B01367,Client_B,South,Bengali,Salaried,20K-40K
B01368,Client_B,South,Bengali,Salaried,<20K
B01369,Client_B,South,English,Salaried,40K-70K
B01370,Client_C,East,English,Self_Employed,>70K
B01371,Client_B,West,Hindi,Informal,20K-40K
B01372,Client_C,North,Telugu,Informal,<20K
B01373,Client_B,East,Hindi,Self_Employed,>70K
B01374,Client_A,South,Tamil,Self_Employed,>70K
B01375,Client_B,North,Hindi,Salaried,<20K
B01376,Client_D,East,Telugu,Salaried,40K-70K
B01377,Client_B,South,Telugu,Salaried,>70K
B01378,Client_B,East,English,Self_Employed,<20K
B01379,Client_A,West,Hindi,Salaried,40K-70K
B01380,Client_C,East,Bengali,Salaried,<20K
B01381,Client_B,South,Telugu,Salaried,20K-40K
B01382,Client_A,West,Hindi,Salaried,<20K
B01383,Client_B,West,Hindi,Self_Employed,20K-40K
B01384,Client_B,North,Tamil,Self_Employed,40K-70K
B01385,Client_A,South,English,Salaried,40K-70K
B01386,Client_A,North,Bengali,Salaried,20K-40K
B01387,Client_B,North,Telugu,Salaried,<20K
B01388,Client_A,West,Hindi,Salaried,>70K
B01389,Client_A,West,Bengali,Informal,40K-70K
B01390,Client_B,East,Telugu,Self_Employed,40K-70K
B01391,Client_D,East,Hindi,Self_Employed,<20K
B01392,Client_B,East,English,Self_Employed,>70K
B01393,Client_B,West,Hindi,Self_Employed,40K-70K
B01394,Client_D,East,Telugu,Salaried,20K-40K
B01395,Client_C,West,Telugu,Self_Employed,<20K
B01396,Client_C,South,English,Self_Employed,40K-70K
B01397,Client_B,North,Bengali,Self_Employed,40K-70K
B01398,Client_B,North,Hindi,Self_Employed,20K-40K
B01399,Client_A,North,Bengali,Self_Employed,>70K
B01400,Client_A,North,Hindi,Salaried,>70K
B01401,Client_A,North,Bengali,Salaried,40K-70K
B01402,Client_A,East,Telugu,Informal,<20K
B01403,Client_B,South,Tamil,Self_Employed,<20K
B01404,Client_B,North,Tamil,Salaried,<20K
B01405,Client_A,North,Telugu,Informal,20K-40K
B01406,Client_C,East,Tamil,Informal,>70K
B01407,Client_B,West,Bengali,Self_Employed,<20K
B01408,Client_B,South,Tamil,Salaried,<20K
B01409,Client_A,South,Hindi,Self_Employed,20K-40K
B01410,Client_D,East,Telugu,Self_Employed,>70K
B01411,Client_A,West,Bengali,Self_Employed,<20K
B01412,Client_A,South,English,Self_Employed,<20K
B01413,Client_B,West,English,Self_Employed,20K-40K
B01414,Client_B,South,Bengali,Informal,<20K
B01415,Client_B,South,Hindi,Self_Employed,>70K
B01416,Client_D,East,Bengali,Self_Employed,40K-70K
B01417,Client_A,South,Bengali,Self_Employed,20K-40K
B01418,Client_C,East,Bengali,Self_Employed,<20K
B01419,Client_B,West,Hindi,Salaried,40K-70K
B01420,Client_C,South,English,Informal,>70K
B01421,Client_C,East,Hindi,Informal,20K-40K
B01422,Client_C,South,Hindi,Salaried,20K-40K
B01423,Client_D,South,Tamil,Salaried,40K-70K
B01424,Client_C,East,Bengali,Self_Employed,20K-40K
B01425,Client_A,East,Telugu,Informal,>70K
B01426,Client_B,East,Tamil,Informal,40K-70K
B01427,Client_C,East,Telugu,Self_Employed,20K-40K
B01428,Client_C,South,Tamil,Salaried,40K-70K
B01429,Client_D,South,Bengali,Salaried,>70K
B01430,Client_B,North,Bengali,Salaried,20K-40K
B01431,Client_A,East,Hindi,Salaried,<20K
B01432,Client_C,South,Hindi,Salaried,>70K
B01433,Client_A,West,Telugu,Salaried,20K-40K
B01434,Client_C,West,Telugu,Self_Employed,20K-40K
B01435,Client_A,West,Tamil,Self_Employed,20K-40K
B01436,Client_B,South,Hindi,Self_Employed,20K-40K
B01437,Client_B,South,Tamil,Salaried,<20K
B01438,Client_A,West,Tamil,Salaried,<20K
B01439,Client_A,South,Bengali,Self_Employed,<20K
B01440,Client_A,West,Bengali,Self_Employed,20K-40K
B01441,Client_D,East,Bengali,Self_Employed,40K-70K
B01442,Client_C,North,Bengali,Salaried,>70K
B01443,Client_B,West,Telugu,Informal,<20K
B01444,Client_B,East,English,Salaried,<20K
B01445,Client_D,North,Telugu,Self_Employed,>70K
B01446,Client_A,South,Telugu,Salaried,20K-40K
B01447,Client_C,South,Tamil,Salaried,<20K
B01448,Client_A,West,Hindi,Self_Employed,>70K
B01449,Client_B,North,Telugu,Self_Employed,40K-70K
B01450,Client_A,North,Bengali,Salaried,20K-40K
B01451,Client_A,West,Bengali,Salaried,>70K
B01452,Client_D,West,Bengali,Self_Employed,<20K
B01453,Client_A,East,English,Self_Employed,40K-70K
B01454,Client_D,East,Tamil,Self_Employed,>70K
B01455,Client_C,South,Hindi,Informal,>70K
B01456,Client_C,East,Telugu,Self_Employed,<20K
B01457,Client_C,South,Hindi,Informal,>70K
B01458,Client_D,North,Bengali,Self_Employed,20K-40K
B01459,Client_A,West,Tamil,Salaried,<20K
B01460,Client_D,North,Tamil,Informal,40K-70K
B01461,Client_A,South,Hindi,Self_Employed,>70K
B01462,Client_A,West,Tamil,Salaried,40K-70K
B01463,Client_D,West,Tamil,Salaried,40K-70K
B01464,Client_A,South,English,Salaried,20K-40K
B01465,Client_B,North,Tamil,Salaried,40K-70K
B01466,Client_C,East,Hindi,Salaried,>70K
B01467,Client_A,West,English,Self_Employed,>70K
B01468,Client_C,East,Tamil,Self_Employed,>70K
B01469,Client_B,South,English,Informal,>70K
B01470,Client_C,North,Telugu,Informal,<20K
B01471,Client_A,North,Tamil,Salaried,>70K
B01472,Client_C,East,Tamil,Salaried,20K-40K
B01473,Client_C,West,English,Self_Employed,>70K
B01474,Client_A,West,Tamil,Informal,<20K
B01475,Client_D,West,Tamil,Self_Employed,<20K
B01476,Client_D,North,Hindi,Informal,>70K
B01477,Client_A,West,Bengali,Self_Employed,40K-70K
B01478,Client_D,East,Hindi,Salaried,>70K
B01479,Client_D,West,Bengali,Salaried,20K-40K
B01480,Client_A,North,Hindi,Salaried,20K-40K
B01481,Client_C,North,Bengali,Informal,>70K
B01482,Client_D,North,Telugu,Self_Employed,>70K
B01483,Client_C,East,Telugu,Salaried,>70K
B01484,Client_A,East,Tamil,Self_Employed,20K-40K
B01485,Client_B,North,English,Salaried,40K-70K
B01486,Client_B,West,Bengali,Salaried,40K-70K
B01487,Client_B,West,Hindi,Salaried,>70K
B01488,Client_B,West,Hindi,Informal,20K-40K
B01489,Client_A,West,Hindi,Self_Employed,<20K
B01490,Client_A,North,English,Self_Employed,40K-70K
B01491,Client_A,North,Tamil,Informal,20K-40K
B01492,Client_B,West,Hindi,Salaried,<20K
B01493,Client_B,North,Hindi,Salaried,>70K
B01494,Client_D,West,Hindi,Salaried,>70K
B01495,Client_A,East,Hindi,Informal,20K-40K
B01496,Client_A,East,Tamil,Salaried,40K-70K
B01497,Client_D,East,Bengali,Informal,>70K
B01498,Client_C,South,Tamil,Salaried,40K-70K
B01499,Client_A,East,Bengali,Informal,>70K
B01500,Client_C,South,Hindi,Informal,40K-70K
B01501,Client_A,North,Tamil,Informal,<20K
B01502,Client_D,East,Hindi,Self_Employed,40K-70K
B01503,Client_A,West,English,Informal,>70K
B01504,Client_B,East,English,Self_Employed,40K-70K
B01505,Client_B,North,Tamil,Self_Employed,>70K
B01506,Client_B,East,Tamil,Salaried,20K-40K
B01507,Client_A,East,English,Salaried,>70K
B01508,Client_B,South,Telugu,Self_Employed,40K-70K
B01509,Client_A,East,English,Informal,>70K
B01510,Client_B,South,Tamil,Informal,<20K
B01511,Client_B,South,Bengali,Salaried,>70K
B01512,Client_B,West,Bengali,Salaried,<20K
B01513,Client_B,South,English,Salaried,>70K
B01514,Client_C,East,Tamil,Informal,>70K
B01515,Client_D,North,Tamil,Salaried,20K-40K
B01516,Client_B,East,Bengali,Salaried,<20K
B01517,Client_B,West,Bengali,Salaried,40K-70K
B01518,Client_B,North,Bengali,Salaried,40K-70K
B01519,Client_B,North,Telugu,Salaried,<20K
B01520,Client_B,West,Tamil,Informal,20K-40K
B01521,Client_A,North,Telugu,Salaried,<20K
B01522,Client_B,South,Hindi,Salaried,40K-70K
B01523,Client_A,North,English,Salaried,20K-40K
B01524,Client_C,North,Bengali,Self_Employed,20K-40K
B01525,Client_D,West,Tamil,Informal,40K-70K
B01526,Client_C,West,Hindi,Salaried,>70K
B01527,Client_C,West,Telugu,Salaried,40K-70K
B01528,Client_A,West,Tamil,Self_Employed,>70K
B01529,Client_A,East,Bengali,Informal,40K-70K
B01530,Client_A,South,English,Informal,40K-70K
B01531,Client_B,West,Hindi,Self_Employed,<20K
B01532,Client_A,West,English,Salaried,<20K
B01533,Client_A,West,English,Self_Employed,>70K
B01534,Client_D,North,English,Self_Employed,20K-40K
B01535,Client_B,South,Bengali,Salaried,20K-40K
B01536,Client_A,South,Telugu,Informal,>70K
B01537,Client_B,South,Hindi,Informal,40K-70K
B01538,Client_C,West,Telugu,Self_Employed,<20K
B01539,Client_B,North,Telugu,Self_Employed,>70K
B01540,Client_A,South,Bengali,Informal,40K-70K
B01541,Client_B,South,Bengali,Informal,<20K
B01542,Client_A,South,Tamil,Salaried,>70K
B01543,Client_C,South,Telugu,Self_Employed,40K-70K
B01544,Client_D,South,Hindi,Salaried,>70K
B01545,Client_A,East,Telugu,Salaried,20K-40K
B01546,Client_B,South,English,Self_Employed,40K-70K
B01547,Client_C,West,Bengali,Salaried,20K-40K
B01548,Client_B,South,English,Salaried,40K-70K
B01549,Client_A,West,Telugu,Salaried,40K-70K
B01550,Client_A,West,English,Self_Employed,40K-70K
B01551,Client_B,East,Telugu,Salaried,<20K
B01552,Client_A,East,Bengali,Self_Employed,<20K
B01553,Client_C,West,English,Salaried,<20K
B01554,Client_B,South,English,Self_Employed,<20K
B01555,Client_A,East,Hindi,Salaried,<20K
B01556,Client_C,East,Hindi,Informal,>70K
B01557,Client_A,North,Hindi,Self_Employed,<20K
B01558,Client_B,West,Hindi,Salaried,>70K
B01559,Client_B,East,Tamil,Self_Employed,20K-40K
B01560,Client_A,South,Telugu,Self_Employed,20K-40K
B01561,Client_C,North,English,Self_Employed,40K-70K
B01562,Client_C,South,Bengali,Salaried,40K-70K
B01563,Client_A,South,Hindi,Salaried,>70K
B01564,Client_B,West,English,Salaried,<20K
B01565,Client_A,East,Telugu,Salaried,40K-70K
B01566,Client_D,East,English,Salaried,20K-40K
B01567,Client_C,North,Tamil,Informal,20K-40K
B01568,Client_D,North,Bengali,Self_Employed,20K-40K
B01569,Client_C,East,English,Self_Employed,<20K
B01570,Client_C,East,Hindi,Salaried,<20K
B01571,Client_A,South,English,Salaried,<20K
B01572,Client_C,North,Tamil,Informal,<20K
B01573,Client_A,West,Tamil,Salaried,40K-70K
B01574,Client_C,East,Telugu,Informal,20K-40K
B01575,Client_C,West,English,Salaried,40K-70K
B01576,Client_B,North,Bengali,Self_Employed,>70K
B01577,Client_A,South,Bengali,Self_Employed,<20K
B01578,Client_B,West,English,Salaried,>70K
B01579,Client_B,South,Tamil,Self_Employed,40K-70K
B01580,Client_C,West,Bengali,Self_Employed,40K-70K
B01581,Client_A,South,English,Salaried,<20K
B01582,Client_A,North,Telugu,Informal,>70K
B01583,Client_B,West,English,Salaried,40K-70K
B01584,Client_D,South,English,Informal,40K-70K
B01585,Client_A,West,English,Self_Employed,>70K
B01586,Client_D,North,Hindi,Self_Employed,20K-40K
B01587,Client_D,South,Hindi,Informal,<20K
B01588,Client_A,East,Telugu,Salaried,>70K
B01589,Client_C,West,Telugu,Self_Employed,>70K
B01590,Client_B,West,Hindi,Self_Employed,<20K
B01591,Client_A,South,Bengali,Salaried,>70K
B01592,Client_A,East,English,Self_Employed,40K-70K
B01593,Client_B,North,Telugu,Salaried,>70K
B01594,Client_A,East,Hindi,Self_Employed,<20K
B01595,Client_C,East,Hindi,Informal,<20K
B01596,Client_B,North,Hindi,Informal,20K-40K
B01597,Client_A,East,Telugu,Self_Employed,40K-70K
B01598,Client_D,West,Telugu,Salaried,40K-70K
B01599,Client_D,East,Telugu,Self_Employed,20K-40K
B01600,Client_B,South,Bengali,Informal,20K-40K
B01601,Client_A,East,Telugu,Salaried,40K-70K
B01602,Client_B,West,Hindi,Salaried,20K-40K
B01603,Client_B,North,English,Salaried,<20K
B01604,Client_D,West,Hindi,Salaried,20K-40K
B01605,Client_A,East,English,Self_Employed,40K-70K
B01606,Client_A,West,Bengali,Informal,20K-40K
B01607,Client_A,East,Hindi,Self_Employed,40K-70K
B01608,Client_A,West,Tamil,Salaried,40K-70K
B01609,Client_A,North,Bengali,Informal,>70K
B01610,Client_D,South,Telugu,Salaried,<20K
B01611,Client_C,South,Telugu,Self_Employed,<20K
B01612,Client_B,North,English,Informal,40K-70K
B01613,Client_D,East,Telugu,Informal,>70K
B01614,Client_B,East,Hindi,Informal,>70K
B01615,Client_C,North,Hindi,Salaried,>70K
B01616,Client_A,South,Telugu,Salaried,>70K
B01617,Client_A,South,Tamil,Salaried,20K-40K
B01618,Client_B,East,Tamil,Salaried,20K-40K
B01619,Client_C,East,Bengali,Salaried,40K-70K
B01620,Client_A,East,Telugu,Self_Employed,40K-70K
B01621,Client_B,East,Tamil,Salaried,40K-70K
B01622,Client_A,West,Telugu,Salaried,<20K
B01623,Client_A,East,Bengali,Self_Employed,<20K
B01624,Client_B,West,Telugu,Self_Employed,40K-70K
B01625,Client_D,East,English,Informal,>70K
B01626,Client_D,South,Telugu,Informal,40K-70K
B01627,Client_B,North,Hindi,Self_Employed,>70K
B01628,Client_A,North,Tamil,Self_Employed,20K-40K
B01629,Client_A,South,English,Salaried,<20K
B01630,Client_C,North,English,Salaried,20K-40K
B01631,Client_D,North,Hindi,Self_Employed,40K-70K
B01632,Client_A,East,Hindi,Self_Employed,>70K
B01633,Client_C,North,English,Self_Employed,40K-70K
B01634,Client_D,North,Hindi,Salaried,<20K
B01635,Client_A,West,English,Salaried,>70K
B01636,Client_D,East,Tamil,Self_Employed,40K-70K
B01637,Client_B,East,Telugu,Self_Employed,<20K
B01638,Client_C,East,English,Self_Employed,<20K
B01639,Client_C,East,Bengali,Self_Employed,>70K
B01640,Client_C,East,Telugu,Informal,<20K
B01641,Client_D,West,Bengali,Salaried,>70K
B01642,Client_C,West,Hindi,Salaried,>70K
B01643,Client_B,West,English,Salaried,20K-40K
B01644,Client_B,South,Telugu,Salaried,20K-40K
B01645,Client_D,North,English,Self_Employed,>70K
B01646,Client_A,West,Bengali,Self_Employed,20K-40K
B01647,Client_B,East,Tamil,Self_Employed,<20K
B01648,Client_A,East,English,Salaried,20K-40K
B01649,Client_A,East,Telugu,Salaried,<20K
B01650,Client_B,South,Hindi,Self_Employed,<20K
B01651,Client_A,North,Telugu,Self_Employed,>70K
B01652,Client_B,East,Tamil,Informal,20K-40K
B01653,Client_B,East,Tamil,Salaried,>70K
B01654,Client_B,North,Bengali,Salaried,>70K
B01655,Client_C,South,Tamil,Informal,20K-40K
B01656,Client_B,West,English,Informal,<20K
B01657,Client_A,North,Bengali,Informal,<20K
B01658,Client_C,East,Hindi,Self_Employed,20K-40K
B01659,Client_B,West,Bengali,Self_Employed,20K-40K
B01660,Client_B,North,English,Salaried,>70K
B01661,Client_A,East,Bengali,Salaried,40K-70K
B01662,Client_D,North,Tamil,Informal,40K-70K
B01663,Client_A,East,Telugu,Self_Employed,40K-70K
B01664,Client_B,South,Hindi,Salaried,20K-40K
B01665,Client_B,North,Tamil,Salaried,20K-40K
B01666,Client_D,West,Hindi,Self_Employed,40K-70K
B01667,Client_A,North,Telugu,Informal,>70K
B01668,Client_A,East,Tamil,Self_Employed,>70K
B01669,Client_C,West,English,Salaried,>70K
B01670,Client_D,North,English,Informal,40K-70K
B01671,Client_B,South,Hindi,Self_Employed,40K-70K
B01672,Client_D,West,English,Self_Employed,>70K
B01673,Client_A,East,Telugu,Informal,40K-70K
B01674,Client_D,South,English,Salaried,20K-40K
B01675,Client_A,West,Tamil,Informal,20K-40K
B01676,Client_C,North,Tamil,Salaried,40K-70K
B01677,Client_D,North,Telugu,Self_Employed,40K-70K
B01678,Client_A,West,Tamil,Salaried,20K-40K
B01679,Client_C,North,Tamil,Salaried,>70K
B01680,Client_B,East,Tamil,Salaried,20K-40K
B01681,Client_A,East,Tamil,Salaried,40K-70K
B01682,Client_A,West,Hindi,Informal,40K-70K
B01683,Client_C,West,Hindi,Salaried,40K-70K
B01684,Client_B,South,Hindi,Salaried,<20K
B01685,Client_B,East,Bengali,Self_Employed,20K-40K
B01686,Client_A,South,English,Self_Employed,40K-70K
B01687,Client_A,East,Telugu,Salaried,<20K
B01688,Client_A,East,English,Salaried,40K-70K
B01689,Client_B,North,Telugu,Salaried,<20K
B01690,Client_A,East,Tamil,Informal,>70K
B01691,Client_A,South,English,Self_Employed,>70K
B01692,Client_B,West,Hindi,Salaried,>70K
B01693,Client_A,North,Telugu,Self_Employed,40K-70K
B01694,Client_B,North,Tamil,Salaried,>70K
B01695,Client_B,East,English,Self_Employed,20K-40K
B01696,Client_C,East,Tamil,Informal,20K-40K
B01697,Client_B,North,Hindi,Self_Employed,40K-70K
B01698,Client_A,South,Tamil,Salaried,>70K
B01699,Client_D,West,Telugu,Salaried,20K-40K
B01700,Client_A,North,Telugu,Informal,40K-70K
B01701,Client_B,South,Telugu,Self_Employed,40K-70K
B01702,Client_B,West,English,Salaried,20K-40K
B01703,Client_A,West,Bengali,Self_Employed,<20K
B01704,Client_C,South,Tamil,Informal,40K-70K
B01705,Client_C,West,English,Salaried,<20K
B01706,Client_B,West,English,Self_Employed,<20K
B01707,Client_A,West,Tamil,Self_Employed,40K-70K
B01708,Client_A,South,Telugu,Self_Employed,<20K
B01709,Client_D,South,Bengali,Salaried,20K-40K
B01710,Client_D,North,Bengali,Self_Employed,40K-70K
B01711,Client_A,East,English,Self_Employed,<20K
B01712,Client_A,East,Telugu,Salaried,>70K
B01713,Client_B,East,Bengali,Salaried,>70K
B01714,Client_C,East,Tamil,Self_Employed,<20K
B01715,Client_C,North,Hindi,Self_Employed,40K-70K
B01716,Client_C,North,Telugu,Self_Employed,20K-40K
B01717,Client_C,North,Tamil,Salaried,<20K
B01718,Client_B,North,Tamil,Salaried,>70K
B01719,Client_A,East,English,Salaried,>70K
B01720,Client_B,North,Tamil,Self_Employed,40K-70K
B01721,Client_C,South,Telugu,Salaried,40K-70K
B01722,Client_A,North,Telugu,Self_Employed,>70K
B01723,Client_A,East,Telugu,Salaried,>70K
B01724,Client_B,West,Telugu,Informal,<20K
B01725,Client_B,North,English,Salaried,<20K
B01726,Client_A,West,English,Self_Employed,40K-70K
B01727,Client_C,North,Tamil,Salaried,>70K
B01728,Client_C,West,Hindi,Informal,40K-70K
B01729,Client_A,West,Tamil,Informal,<20K
B01730,Client_A,West,Tamil,Informal,40K-70K
B01731,Client_A,West,Bengali,Self_Employed,40K-70K
B01732,Client_B,South,Hindi,Self_Employed,<20K
B01733,Client_D,East,Hindi,Self_Employed,20K-40K
B01734,Client_B,West,Bengali,Self_Employed,>70K
B01735,Client_D,West,Bengali,Self_Employed,20K-40K
B01736,Client_A,West,English,Salaried,<20K
B01737,Client_A,East,Telugu,Informal,40K-70K
B01738,Client_B,South,Hindi,Salaried,<20K
B01739,Client_A,East,Tamil,Salaried,>70K
B01740,Client_A,South,Telugu,Informal,<20K
B01741,Client_C,South,Tamil,Salaried,20K-40K
B01742,Client_A,West,Tamil,Self_Employed,>70K
B01743,Client_C,East,Bengali,Salaried,20K-40K
B01744,Client_A,South,Bengali,Salaried,20K-40K
B01745,Client_A,East,Telugu,Salaried,>70K
B01746,Client_D,South,Telugu,Salaried,20K-40K
B01747,Client_B,South,Hindi,Informal,40K-70K
B01748,Client_A,West,Hindi,Salaried,>70K
B01749,Client_B,North,Telugu,Informal,>70K
B01750,Client_A,East,Bengali,Self_Employed,>70K
B01751,Client_A,North,Bengali,Salaried,20K-40K
B01752,Client_B,South,Hindi,Salaried,>70K
B01753,Client_A,North,Telugu,Self_Employed,>70K
B01754,Client_A,South,English,Salaried,<20K
B01755,Client_A,West,Tamil,Self_Employed,40K-70K
B01756,Client_A,East,Tamil,Self_Employed,>70K
B01757,Client_B,South,Tamil,Self_Employed,>70K
B01758,Client_A,South,Tamil,Self_Employed,>70K
B01759,Client_A,East,Hindi,Salaried,>70K
B01760,Client_B,South,English,Self_Employed,<20K
B01761,Client_A,North,Telugu,Salaried,>70K
B01762,Client_A,West,Tamil,Informal,<20K
B01763,Client_A,East,Telugu,Informal,>70K
B01764,Client_D,West,English,Informal,>70K
B01765,Client_A,South,Tamil,Self_Employed,20K-40K
B01766,Client_B,East,Telugu,Self_Employed,20K-40K
B01767,Client_C,West,Telugu,Salaried,>70K
B01768,Client_C,West,Bengali,Informal,>70K
B01769,Client_C,South,Hindi,Salaried,>70K
B01770,Client_D,West,Bengali,Self_Employed,20K-40K
B01771,Client_B,South,English,Informal,20K-40K
B01772,Client_A,South,Tamil,Self_Employed,20K-40K
B01773,Client_B,South,Bengali,Salaried,20K-40K
B01774,Client_B,South,Tamil,Salaried,40K-70K
B01775,Client_C,South,Telugu,Self_Employed,>70K
B01776,Client_A,East,Hindi,Self_Employed,20K-40K
B01777,Client_C,South,Tamil,Salaried,20K-40K
B01778,Client_A,East,English,Salaried,<20K
B01779,Client_B,South,Telugu,Self_Employed,>70K
B01780,Client_A,East,Hindi,Self_Employed,>70K
B01781,Client_A,East,Bengali,Informal,20K-40K
B01782,Client_C,North,Bengali,Self_Employed,>70K
B01783,Client_C,East,English,Salaried,>70K
B01784,Client_A,East,Hindi,Salaried,20K-40K
B01785,Client_C,South,Bengali,Informal,40K-70K
B01786,Client_D,North,Tamil,Self_Employed,>70K
B01787,Client_B,South,Bengali,Self_Employed,40K-70K
B01788,Client_B,West,Telugu,Salaried,>70K
B01789,Client_C,North,Telugu,Salaried,20K-40K
B01790,Client_B,North,English,Informal,40K-70K
B01791,Client_B,North,Bengali,Self_Employed,40K-70K
B01792,Client_C,West,Hindi,Self_Employed,40K-70K
B01793,Client_A,South,Bengali,Self_Employed,>70K
B01794,Client_C,North,Telugu,Self_Employed,40K-70K
B01795,Client_B,West,English,Self_Employed,<20K
B01796,Client_B,East,Hindi,Salaried,40K-70K
B01797,Client_A,West,Bengali,Salaried,<20K
B01798,Client_C,East,Telugu,Salaried,40K-70K
B01799,Client_A,East,Bengali,Self_Employed,<20K
B01800,Client_B,North,Tamil,Salaried,40K-70K
B01801,Client_B,South,Bengali,Self_Employed,20K-40K
B01802,Client_A,East,Bengali,Self_Employed,40K-70K
B01803,Client_C,West,Bengali,Informal,<20K
B01804,Client_B,East,English,Salaried,>70K
B01805,Client_A,North,Hindi,Self_Employed,20K-40K
B01806,Client_C,East,Telugu,Salaried,40K-70K
B01807,Client_C,North,Tamil,Self_Employed,40K-70K
B01808,Client_D,South,English,Informal,<20K
B01809,Client_C,North,Hindi,Self_Employed,20K-40K
B01810,Client_B,North,English,Self_Employed,40K-70K
B01811,Client_C,East,Hindi,Salaried,20K-40K
B01812,Client_B,North,English,Self_Employed,20K-40K
B01813,Client_B,East,Tamil,Self_Employed,>70K
B01814,Client_B,South,Bengali,Informal,>70K
B01815,Client_A,North,Hindi,Informal,40K-70K
B01816,Client_D,South,Tamil,Self_Employed,20K-40K
B01817,Client_B,East,Hindi,Informal,<20K
B01818,Client_B,South,Telugu,Self_Employed,40K-70K
B01819,Client_B,East,Bengali,Self_Employed,>70K
B01820,Client_A,South,Bengali,Self_Employed,>70K
B01821,Client_A,East,Hindi,Self_Employed,40K-70K
B01822,Client_D,North,Telugu,Informal,20K-40K
B01823,Client_C,North,Hindi,Salaried,20K-40K
B01824,Client_B,West,English,Self_Employed,<20K
B01825,Client_B,West,Hindi,Self_Employed,20K-40K
B01826,Client_C,South,Hindi,Self_Employed,20K-40K
B01827,Client_B,West,Bengali,Informal,20K-40K
B01828,Client_A,South,Bengali,Salaried,40K-70K
B01829,Client_B,East,Tamil,Salaried,20K-40K
B01830,Client_B,East,Bengali,Salaried,20K-40K
B01831,Client_C,North,Telugu,Salaried,>70K
B01832,Client_D,West,Tamil,Salaried,>70K
B01833,Client_D,South,Tamil,Informal,>70K
B01834,Client_C,West,English,Informal,40K-70K
B01835,Client_B,East,Hindi,Informal,20K-40K
B01836,Client_A,North,Tamil,Self_Employed,<20K
B01837,Client_D,East,Tamil,Salaried,<20K
B01838,Client_D,West,Bengali,Informal,>70K
B01839,Client_B,East,Bengali,Salaried,>70K
B01840,Client_C,North,English,Self_Employed,20K-40K
B01841,Client_D,South,Telugu,Self_Employed,<20K
B01842,Client_A,North,Bengali,Informal,>70K
B01843,Client_B,East,Hindi,Salaried,>70K
B01844,Client_D,North,Hindi,Self_Employed,>70K
B01845,Client_A,North,English,Self_Employed,<20K
B01846,Client_A,West,Hindi,Salaried,20K-40K
B01847,Client_D,North,Bengali,Self_Employed,20K-40K
B01848,Client_D,North,English,Self_Employed,<20K
B01849,Client_A,West,English,Self_Employed,40K-70K
B01850,Client_B,East,Tamil,Salaried,>70K
B01851,Client_B,West,Telugu,Salaried,40K-70K
B01852,Client_C,West,Hindi,Salaried,40K-70K
B01853,Client_B,South,English,Informal,20K-40K
B01854,Client_B,East,Tamil,Salaried,>70K
B01855,Client_B,North,English,Self_Employed,<20K
B01856,Client_B,North,Telugu,Informal,>70K
B01857,Client_A,North,Telugu,Informal,40K-70K
B01858,Client_A,West,Hindi,Informal,20K-40K
B01859,Client_A,North,Hindi,Salaried,20K-40K
B01860,Client_D,North,English,Informal,40K-70K
B01861,Client_B,South,Telugu,Salaried,>70K
B01862,Client_B,South,Tamil,Self_Employed,20K-40K
B01863,Client_D,South,Tamil,Self_Employed,>70K
B01864,Client_A,West,Telugu,Self_Employed,>70K
B01865,Client_A,East,English,Informal,>70K
B01866,Client_A,East,Tamil,Self_Employed,40K-70K
B01867,Client_D,West,Tamil,Self_Employed,<20K
B01868,Client_C,South,Bengali,Salaried,20K-40K
B01869,Client_A,East,Tamil,Self_Employed,>70K
B01870,Client_A,South,Hindi,Informal,20K-40K
B01871,Client_A,East,Hindi,Salaried,>70K
B01872,Client_D,North,Bengali,Informal,20K-40K
B01873,Client_B,East,Hindi,Self_Employed,20K-40K
B01874,Client_D,South,English,Salaried,40K-70K
B01875,Client_C,East,Hindi,Salaried,>70K
B01876,Client_D,East,Tamil,Self_Employed,20K-40K
B01877,Client_B,South,Hindi,Self_Employed,<20K
B01878,Client_A,South,Hindi,Self_Employed,20K-40K
B01879,Client_B,West,Hindi,Self_Employed,20K-40K
B01880,Client_D,West,Bengali,Informal,<20K
B01881,Client_D,South,Telugu,Informal,>70K
B01882,Client_B,North,Tamil,Informal,>70K
B01883,Client_B,East,Telugu,Self_Employed,40K-70K
B01884,Client_C,North,Bengali,Salaried,20K-40K
B01885,Client_B,North,Hindi,Salaried,>70K
B01886,Client_A,West,Bengali,Self_Employed,40K-70K
B01887,Client_A,North,Telugu,Informal,<20K
B01888,Client_B,South,Telugu,Self_Employed,20K-40K
B01889,Client_A,East,Telugu,Self_Employed,>70K
B01890,Client_C,North,Bengali,Informal,20K-40K
B01891,Client_C,North,Telugu,Salaried,<20K
B01892,Client_D,West,Tamil,Salaried,20K-40K
B01893,Client_C,East,Hindi,Salaried,<20K
B01894,Client_B,South,Tamil,Self_Employed,>70K
B01895,Client_A,South,Bengali,Salaried,20K-40K
B01896,Client_A,North,Telugu,Salaried,>70K
B01897,Client_D,East,Bengali,Salaried,<20K
B01898,Client_B,East,Tamil,Salaried,<20K
B01899,Client_A,West,Tamil,Self_Employed,<20K
B01900,Client_B,West,Bengali,Informal,20K-40K
B01901,Client_C,North,Telugu,Salaried,40K-70K
B01902,Client_C,North,Bengali,Self_Employed,40K-70K
B01903,Client_C,East,Bengali,Salaried,20K-40K
B01904,Client_D,North,Bengali,Salaried,<20K
B01905,Client_B,East,English,Self_Employed,20K-40K
B01906,Client_C,North,English,Salaried,>70K
B01907,Client_A,West,Tamil,Salaried,40K-70K
B01908,Client_C,North,Tamil,Salaried,20K-40K
B01909,Client_B,South,Telugu,Self_Employed,>70K
B01910,Client_A,South,English,Salaried,>70K
B01911,Client_A,South,English,Informal,>70K
B01912,Client_C,East,Tamil,Self_Employed,>70K
B01913,Client_A,East,Bengali,Salaried,>70K
B01914,Client_A,North,Hindi,Self_Employed,<20K
B01915,Client_B,East,Hindi,Salaried,>70K
B01916,Client_C,East,English,Self_Employed,20K-40K
B01917,Client_A,West,Hindi,Self_Employed,40K-70K
B01918,Client_A,North,Hindi,Informal,20K-40K
B01919,Client_A,East,English,Salaried,<20K
B01920,Client_C,West,Bengali,Salaried,40K-70K
B01921,Client_A,East,Hindi,Salaried,40K-70K
B01922,Client_B,West,Tamil,Self_Employed,20K-40K
B01923,Client_B,South,Bengali,Self_Employed,20K-40K
B01924,Client_B,East,Bengali,Self_Employed,40K-70K
B01925,Client_A,North,English,Salaried,>70K
B01926,Client_B,North,English,Self_Employed,40K-70K
B01927,Client_A,North,Hindi,Salaried,<20K
B01928,Client_A,South,English,Salaried,20K-40K
B01929,Client_B,West,Tamil,Salaried,<20K
B01930,Client_A,North,English,Self_Employed,>70K
B01931,Client_B,South,English,Salaried,>70K
B01932,Client_A,South,English,Informal,>70K
B01933,Client_A,West,Telugu,Salaried,<20K
B01934,Client_A,North,Tamil,Self_Employed,>70K
B01935,Client_A,West,English,Self_Employed,40K-70K
B01936,Client_C,South,Tamil,Salaried,<20K
B01937,Client_C,West,Telugu,Self_Employed,20K-40K
B01938,Client_B,North,Tamil,Salaried,>70K
B01939,Client_A,North,Tamil,Salaried,<20K
B01940,Client_B,North,Telugu,Self_Employed,<20K
B01941,Client_D,North,Hindi,Self_Employed,<20K
B01942,Client_A,East,English,Informal,40K-70K
B01943,Client_A,South,Hindi,Self_Employed,>70K
B01944,Client_A,North,Hindi,Informal,40K-70K
B01945,Client_B,West,Telugu,Informal,20K-40K
B01946,Client_A,South,English,Informal,<20K
B01947,Client_D,South,English,Salaried,<20K
B01948,Client_B,South,Telugu,Self_Employed,<20K
B01949,Client_B,West,Tamil,Salaried,40K-70K
B01950,Client_A,West,Tamil,Self_Employed,20K-40K
B01951,Client_A,West,Bengali,Self_Employed,<20K
B01952,Client_A,South,Hindi,Salaried,20K-40K
B01953,Client_D,South,Tamil,Salaried,20K-40K
B01954,Client_A,South,Telugu,Salaried,20K-40K
B01955,Client_A,South,Bengali,Salaried,>70K
B01956,Client_B,South,Telugu,Self_Employed,20K-40K
B01957,Client_A,North,Hindi,Self_Employed,20K-40K
B01958,Client_A,South,English,Informal,>70K
B01959,Client_A,North,Hindi,Self_Employed,40K-70K
B01960,Client_D,North,Tamil,Self_Employed,20K-40K
B01961,Client_D,East,Telugu,Self_Employed,>70K
B01962,Client_A,East,English,Self_Employed,40K-70K
B01963,Client_C,East,English,Self_Employed,>70K
B01964,Client_A,East,English,Salaried,<20K
B01965,Client_B,West,Hindi,Informal,20K-40K
B01966,Client_D,South,Bengali,Informal,40K-70K
B01967,Client_A,North,Telugu,Salaried,<20K
B01968,Client_A,North,Tamil,Informal,<20K
B01969,Client_C,East,Tamil,Salaried,<20K
B01970,Client_C,West,Tamil,Self_Employed,20K-40K
B01971,Client_D,West,Hindi,Salaried,40K-70K
B01972,Client_A,West,Bengali,Salaried,<20K
B01973,Client_A,East,Bengali,Salaried,>70K
B01974,Client_A,West,Tamil,Salaried,<20K
B01975,Client_A,East,Tamil,Informal,>70K
B01976,Client_A,East,Tamil,Self_Employed,>70K
B01977,Client_B,East,Tamil,Salaried,20K-40K
B01978,Client_A,North,Telugu,Salaried,20K-40K
B01979,Client_B,North,Bengali,Informal,>70K
B01980,Client_B,North,Tamil,Salaried,20K-40K
B01981,Client_A,North,Telugu,Salaried,>70K
B01982,Client_C,East,Tamil,Self_Employed,<20K
B01983,Client_D,South,Hindi,Salaried,20K-40K
B01984,Client_B,East,Telugu,Salaried,40K-70K
B01985,Client_B,East,Hindi,Salaried,>70K
B01986,Client_B,North,Hindi,Informal,40K-70K
B01987,Client_D,South,Telugu,Salaried,40K-70K
B01988,Client_D,East,Bengali,Informal,20K-40K
B01989,Client_D,East,Tamil,Self_Employed,40K-70K
B01990,Client_B,East,Bengali,Informal,<20K
B01991,Client_A,West,Bengali,Salaried,<20K
B01992,Client_A,South,English,Salaried,<20K
B01993,Client_A,East,Hindi,Informal,<20K
B01994,Client_D,South,Hindi,Salaried,20K-40K
B01995,Client_B,South,Hindi,Self_Employed,20K-40K
B01996,Client_B,South,Telugu,Salaried,>70K
B01997,Client_A,South,Telugu,Self_Employed,<20K
B01998,Client_D,South,Hindi,Salaried,>70K
B01999,Client_A,East,English,Self_Employed,<20K
B02000,Client_B,North,Tamil,Self_Employed,20K-40K
B02001,Client_B,South,Tamil,Salaried,>70K
B02002,Client_C,North,Bengali,Self_Employed,<20K
B02003,Client_C,West,Tamil,Self_Employed,<20K
B02004,Client_C,North,Hindi,Salaried,40K-70K
B02005,Client_B,West,Hindi,Self_Employed,40K-70K
B02006,Client_B,East,Bengali,Salaried,>70K
B02007,Client_C,West,Bengali,Salaried,40K-70K
B02008,Client_A,North,English,Salaried,40K-70K
B02009,Client_A,North,Tamil,Informal,<20K
B02010,Client_C,South,Telugu,Salaried,40K-70K
B02011,Client_D,North,Hindi,Salaried,<20K
B02012,Client_C,South,Tamil,Salaried,>70K
B02013,Client_A,East,Telugu,Self_Employed,40K-70K
B02014,Client_C,South,English,Salaried,40K-70K
B02015,Client_D,East,Bengali,Salaried,40K-70K
B02016,Client_B,North,Telugu,Self_Employed,>70K
B02017,Client_B,North,Hindi,Informal,<20K
B02018,Client_B,East,Telugu,Informal,40K-70K
B02019,Client_B,North,Telugu,Self_Employed,<20K
B02020,Client_A,West,Tamil,Salaried,<20K
B02021,Client_A,North,Hindi,Salaried,>70K
B02022,Client_D,South,Tamil,Informal,<20K
B02023,Client_B,North,Telugu,Self_Employed,<20K
B02024,Client_B,North,English,Self_Employed,20K-40K
B02025,Client_A,North,English,Salaried,20K-40K
B02026,Client_A,South,Tamil,Salaried,20K-40K
B02027,Client_A,West,Bengali,Salaried,40K-70K
B02028,Client_A,North,Hindi,Self_Employed,<20K
B02029,Client_C,East,Hindi,Self_Employed,<20K
B02030,Client_C,East,Bengali,Self_Employed,<20K
B02031,Client_D,North,Bengali,Self_Employed,>70K
B02032,Client_D,East,Bengali,Salaried,<20K
B02033,Client_A,South,Bengali,Salaried,40K-70K
B02034,Client_A,South,Tamil,Salaried,20K-40K
B02035,Client_C,East,English,Salaried,<20K
B02036,Client_A,North,Bengali,Salaried,<20K
B02037,Client_D,West,Bengali,Salaried,<20K
B02038,Client_B,South,Tamil,Salaried,<20K
B02039,Client_B,East,Tamil,Salaried,40K-70K
B02040,Client_B,West,English,Salaried,40K-70K
B02041,Client_A,North,English,Salaried,>70K
B02042,Client_B,South,Bengali,Self_Employed,>70K
B02043,Client_A,North,Telugu,Informal,20K-40K
B02044,Client_D,West,Bengali,Self_Employed,40K-70K
B02045,Client_C,North,Hindi,Self_Employed,<20K
B02046,Client_D,North,Tamil,Salaried,20K-40K
B02047,Client_D,South,Telugu,Informal,20K-40K
B02048,Client_C,South,Telugu,Self_Employed,<20K
B02049,Client_D,West,Hindi,Self_Employed,>70K
B02050,Client_C,East,Telugu,Salaried,20K-40K
B02051,Client_B,South,Tamil,Self_Employed,<20K
B02052,Client_A,South,Bengali,Salaried,40K-70K
B02053,Client_B,East,English,Salaried,>70K
B02054,Client_B,South,Bengali,Informal,40K-70K
B02055,Client_C,North,Telugu,Self_Employed,40K-70K
B02056,Client_D,South,Telugu,Salaried,40K-70K
B02057,Client_B,North,Bengali,Salaried,<20K
B02058,Client_A,East,Bengali,Informal,20K-40K
B02059,Client_A,East,Bengali,Salaried,<20K
B02060,Client_D,South,English,Salaried,>70K
B02061,Client_D,East,Bengali,Salaried,>70K
B02062,Client_B,North,English,Salaried,>70K
B02063,Client_A,South,Tamil,Salaried,40K-70K
B02064,Client_A,South,Telugu,Informal,20K-40K
B02065,Client_A,South,Hindi,Self_Employed,<20K
B02066,Client_D,North,Hindi,Informal,40K-70K
B02067,Client_B,South,Telugu,Self_Employed,>70K
B02068,Client_B,West,Hindi,Self_Employed,40K-70K
B02069,Client_C,East,Telugu,Self_Employed,<20K
B02070,Client_A,West,Tamil,Salaried,<20K
B02071,Client_B,East,Tamil,Informal,40K-70K
B02072,Client_B,West,Telugu,Self_Employed,<20K
B02073,Client_B,East,Tamil,Salaried,<20K
B02074,Client_A,South,Hindi,Informal,40K-70K
B02075,Client_B,North,Hindi,Salaried,20K-40K
B02076,Client_A,West,Telugu,Self_Employed,40K-70K
B02077,Client_A,North,Hindi,Salaried,>70K
B02078,Client_B,South,English,Salaried,>70K
B02079,Client_A,East,Telugu,Self_Employed,20K-40K
B02080,Client_D,North,Hindi,Salaried,40K-70K
B02081,Client_C,East,Tamil,Informal,>70K
B02082,Client_D,North,English,Salaried,>70K
B02083,Client_D,North,Telugu,Salaried,<20K
B02084,Client_A,South,Telugu,Salaried,40K-70K
B02085,Client_A,North,Tamil,Salaried,40K-70K
B02086,Client_D,South,Hindi,Salaried,40K-70K
B02087,Client_B,West,Tamil,Self_Employed,>70K
B02088,Client_C,North,Telugu,Self_Employed,20K-40K
B02089,Client_D,North,Telugu,Self_Employed,40K-70K
B02090,Client_A,North,Tamil,Salaried,40K-70K
B02091,Client_B,West,Hindi,Salaried,<20K
B02092,Client_A,North,Hindi,Self_Employed,>70K
B02093,Client_A,South,Tamil,Self_Employed,>70K
B02094,Client_A,East,English,Informal,>70K
B02095,Client_A,East,Bengali,Salaried,>70K
B02096,Client_A,East,Hindi,Self_Employed,40K-70K
B02097,Client_C,South,Bengali,Self_Employed,40K-70K
B02098,Client_B,West,Hindi,Salaried,40K-70K
B02099,Client_C,South,Tamil,Salaried,<20K
B02100,Client_A,South,Tamil,Informal,20K-40K
B02101,Client_A,East,Hindi,Self_Employed,20K-40K
B02102,Client_B,West,Telugu,Self_Employed,40K-70K
B02103,Client_A,East,Telugu,Informal,20K-40K
B02104,Client_C,East,Telugu,Self_Employed,40K-70K
B02105,Client_B,East,English,Salaried,20K-40K
B02106,Client_A,East,Bengali,Self_Employed,<20K
B02107,Client_C,East,Hindi,Self_Employed,20K-40K
B02108,Client_A,North,Telugu,Salaried,>70K
B02109,Client_C,South,Tamil,Salaried,<20K
B02110,Client_B,South,Tamil,Informal,20K-40K
B02111,Client_A,West,Bengali,Self_Employed,40K-70K
B02112,Client_B,East,English,Self_Employed,<20K
B02113,Client_B,South,Telugu,Self_Employed,20K-40K
B02114,Client_A,North,Tamil,Self_Employed,<20K
B02115,Client_B,South,Hindi,Salaried,40K-70K
B02116,Client_B,North,Hindi,Informal,20K-40K
B02117,Client_C,North,Telugu,Salaried,<20K
B02118,Client_A,North,Bengali,Salaried,20K-40K
B02119,Client_B,East,Hindi,Self_Employed,40K-70K
B02120,Client_D,East,English,Salaried,<20K
B02121,Client_A,North,Bengali,Salaried,40K-70K
B02122,Client_C,West,Telugu,Self_Employed,>70K
B02123,Client_A,North,Telugu,Informal,<20K
B02124,Client_B,North,Bengali,Self_Employed,<20K
B02125,Client_A,North,English,Salaried,20K-40K
B02126,Client_B,West,Bengali,Salaried,40K-70K
B02127,Client_B,East,Telugu,Self_Employed,40K-70K
B02128,Client_D,West,English,Salaried,<20K
B02129,Client_D,East,Telugu,Self_Employed,<20K
B02130,Client_D,East,Telugu,Self_Employed,<20K
B02131,Client_D,South,Bengali,Self_Employed,>70K
B02132,Client_B,North,Tamil,Salaried,<20K
B02133,Client_C,North,Telugu,Salaried,40K-70K
B02134,Client_D,West,Telugu,Informal,<20K
B02135,Client_A,North,Bengali,Informal,>70K
B02136,Client_C,North,Hindi,Self_Employed,<20K
B02137,Client_B,East,Bengali,Salaried,20K-40K
B02138,Client_A,East,Telugu,Salaried,<20K
B02139,Client_B,East,Hindi,Self_Employed,>70K
B02140,Client_C,West,Bengali,Salaried,20K-40K
B02141,Client_C,North,Hindi,Self_Employed,40K-70K
B02142,Client_A,West,Hindi,Self_Employed,>70K
B02143,Client_D,West,Hindi,Salaried,<20K
B02144,Client_B,East,Telugu,Salaried,20K-40K
B02145,Client_C,East,Tamil,Salaried,<20K
B02146,Client_A,West,English,Informal,20K-40K
B02147,Client_B,South,Tamil,Self_Employed,20K-40K
B02148,Client_A,North,Telugu,Self_Employed,>70K
B02149,Client_B,South,Bengali,Informal,40K-70K
B02150,Client_B,South,Bengali,Salaried,40K-70K
B02151,Client_B,South,Tamil,Self_Employed,40K-70K
B02152,Client_C,West,Tamil,Informal,<20K
B02153,Client_B,South,Bengali,Salaried,>70K
B02154,Client_A,South,Hindi,Self_Employed,20K-40K
B02155,Client_A,East,Tamil,Informal,20K-40K
B02156,Client_A,South,English,Salaried,<20K
B02157,Client_A,North,Bengali,Salaried,20K-40K
B02158,Client_D,East,Telugu,Self_Employed,40K-70K
B02159,Client_A,South,English,Salaried,40K-70K
B02160,Client_C,North,English,Salaried,>70K
B02161,Client_B,North,Telugu,Salaried,<20K
B02162,Client_C,South,Hindi,Informal,>70K
B02163,Client_C,South,Tamil,Salaried,40K-70K
B02164,Client_A,North,Telugu,Salaried,40K-70K
B02165,Client_D,North,Hindi,Informal,20K-40K
B02166,Client_B,West,English,Self_Employed,<20K
B02167,Client_D,East,Hindi,Self_Employed,40K-70K
B02168,Client_A,West,Tamil,Self_Employed,>70K
B02169,Client_A,North,Tamil,Salaried,<20K
B02170,Client_A,South,Bengali,Informal,>70K
B02171,Client_C,East,Tamil,Salaried,<20K
B02172,Client_A,East,Hindi,Informal,>70K
B02173,Client_B,South,Bengali,Informal,40K-70K
B02174,Client_B,South,Bengali,Salaried,>70K
B02175,Client_B,West,Hindi,Salaried,>70K
B02176,Client_A,North,English,Salaried,>70K
B02177,Client_D,South,Telugu,Self_Employed,20K-40K
B02178,Client_B,East,Telugu,Self_Employed,40K-70K
B02179,Client_A,East,Tamil,Salaried,40K-70K
B02180,Client_B,West,Tamil,Self_Employed,40K-70K
B02181,Client_A,North,Bengali,Self_Employed,<20K
B02182,Client_C,North,Tamil,Self_Employed,<20K
B02183,Client_A,South,Hindi,Salaried,>70K
B02184,Client_D,West,English,Self_Employed,40K-70K
B02185,Client_A,South,Telugu,Self_Employed,>70K
B02186,Client_A,West,English,Salaried,20K-40K
B02187,Client_A,South,Bengali,Self_Employed,<20K
B02188,Client_B,South,Hindi,Self_Employed,20K-40K
B02189,Client_B,South,English,Salaried,>70K
B02190,Client_B,North,Telugu,Self_Employed,40K-70K
B02191,Client_B,South,Bengali,Salaried,>70K
B02192,Client_B,South,English,Salaried,20K-40K
B02193,Client_A,West,Bengali,Self_Employed,20K-40K
B02194,Client_A,South,Bengali,Salaried,40K-70K
B02195,Client_A,West,Bengali,Self_Employed,40K-70K
B02196,Client_A,East,Bengali,Self_Employed,>70K
B02197,Client_B,South,Bengali,Informal,40K-70K
B02198,Client_D,West,English,Self_Employed,<20K
B02199,Client_D,South,Bengali,Salaried,>70K
B02200,Client_D,West,Hindi,Informal,20K-40K
B02201,Client_A,East,Tamil,Informal,>70K
B02202,Client_C,East,Tamil,Salaried,<20K
B02203,Client_A,North,English,Informal,>70K
B02204,Client_C,North,Hindi,Informal,<20K
B02205,Client_C,West,Telugu,Salaried,20K-40K
B02206,Client_B,West,Tamil,Self_Employed,<20K
B02207,Client_D,West,Hindi,Self_Employed,<20K
B02208,Client_B,South,Telugu,Informal,40K-70K
B02209,Client_B,East,Hindi,Informal,40K-70K
B02210,Client_A,East,Hindi,Self_Employed,<20K
B02211,Client_C,South,English,Self_Employed,40K-70K
B02212,Client_B,North,Bengali,Self_Employed,40K-70K
B02213,Client_B,North,Telugu,Informal,>70K
B02214,Client_B,South,Tamil,Self_Employed,>70K
B02215,Client_C,East,Tamil,Salaried,40K-70K
B02216,Client_A,South,English,Informal,40K-70K
B02217,Client_B,West,English,Informal,>70K
B02218,Client_A,East,Hindi,Salaried,20K-40K
B02219,Client_A,South,Hindi,Salaried,40K-70K
B02220,Client_A,South,Telugu,Salaried,40K-70K
B02221,Client_B,North,Hindi,Informal,20K-40K
B02222,Client_D,North,Hindi,Self_Employed,20K-40K
B02223,Client_A,East,Bengali,Salaried,>70K
B02224,Client_A,South,English,Self_Employed,20K-40K
B02225,Client_B,West,Telugu,Salaried,20K-40K
B02226,Client_A,North,Hindi,Self_Employed,>70K
B02227,Client_B,North,Bengali,Self_Employed,<20K
B02228,Client_B,East,Telugu,Self_Employed,<20K
B02229,Client_A,West,English,Informal,>70K
B02230,Client_D,West,Tamil,Salaried,>70K
B02231,Client_B,West,Hindi,Salaried,<20K
B02232,Client_B,North,Telugu,Salaried,<20K
B02233,Client_A,West,Telugu,Salaried,40K-70K
B02234,Client_D,East,English,Informal,40K-70K
B02235,Client_A,South,Bengali,Informal,>70K
B02236,Client_B,West,Bengali,Salaried,<20K
B02237,Client_A,South,Telugu,Self_Employed,40K-70K
B02238,Client_A,North,Telugu,Salaried,20K-40K
B02239,Client_A,South,English,Self_Employed,<20K
B02240,Client_B,North,Telugu,Informal,20K-40K
B02241,Client_A,South,Tamil,Salaried,20K-40K
B02242,Client_B,East,Hindi,Informal,>70K
B02243,Client_B,West,Bengali,Salaried,20K-40K
B02244,Client_A,South,English,Informal,<20K
B02245,Client_C,South,Bengali,Salaried,20K-40K
B02246,Client_A,North,Hindi,Self_Employed,20K-40K
B02247,Client_B,South,Hindi,Salaried,20K-40K
B02248,Client_C,East,Telugu,Self_Employed,<20K
B02249,Client_B,South,Tamil,Salaried,>70K
B02250,Client_A,North,Hindi,Salaried,>70K
B02251,Client_A,East,Bengali,Informal,40K-70K
B02252,Client_A,East,English,Informal,40K-70K
B02253,Client_A,South,Bengali,Salaried,>70K
B02254,Client_B,South,Bengali,Informal,40K-70K
B02255,Client_D,North,Tamil,Informal,40K-70K
B02256,Client_B,West,Hindi,Self_Employed,<20K
B02257,Client_C,South,Tamil,Salaried,20K-40K
B02258,Client_A,East,Telugu,Self_Employed,<20K
B02259,Client_D,South,Hindi,Salaried,20K-40K
B02260,Client_B,West,Tamil,Salaried,>70K
B02261,Client_A,South,English,Salaried,40K-70K
B02262,Client_A,East,English,Informal,<20K
B02263,Client_A,South,English,Salaried,40K-70K
B02264,Client_A,West,English,Salaried,20K-40K
B02265,Client_D,East,Telugu,Salaried,40K-70K
B02266,Client_C,North,English,Informal,20K-40K
B02267,Client_A,East,Hindi,Salaried,>70K
B02268,Client_B,East,Tamil,Self_Employed,40K-70K
B02269,Client_B,South,Hindi,Salaried,20K-40K
B02270,Client_A,East,Bengali,Informal,<20K
B02271,Client_D,South,Telugu,Self_Employed,20K-40K
B02272,Client_A,South,Tamil,Salaried,40K-70K
B02273,Client_B,East,English,Informal,20K-40K
B02274,Client_B,West,Bengali,Informal,20K-40K
B02275,Client_B,East,English,Self_Employed,>70K
B02276,Client_D,South,Hindi,Self_Employed,40K-70K
B02277,Client_C,West,Bengali,Salaried,20K-40K
B02278,Client_A,South,Bengali,Salaried,<20K
B02279,Client_C,West,Bengali,Self_Employed,40K-70K
B02280,Client_B,East,English,Salaried,40K-70K
B02281,Client_A,East,Telugu,Self_Employed,40K-70K
B02282,Client_B,South,Telugu,Informal,40K-70K
B02283,Client_A,West,English,Self_Employed,>70K
B02284,Client_C,South,Telugu,Informal,<20K
B02285,Client_A,West,Bengali,Salaried,>70K
B02286,Client_A,South,Tamil,Informal,20K-40K
B02287,Client_D,North,English,Self_Employed,20K-40K
B02288,Client_A,South,Bengali,Salaried,40K-70K
B02289,Client_C,West,Tamil,Salaried,>70K
B02290,Client_D,West,Telugu,Salaried,40K-70K
B02291,Client_C,West,Telugu,Self_Employed,40K-70K
B02292,Client_D,South,Bengali,Salaried,20K-40K
B02293,Client_A,South,Telugu,Salaried,<20K
B02294,Client_B,West,English,Self_Employed,40K-70K
B02295,Client_B,East,Tamil,Informal,20K-40K
B02296,Client_A,North,English,Salaried,>70K
B02297,Client_D,South,English,Salaried,>70K
B02298,Client_C,North,Tamil,Self_Employed,40K-70K
B02299,Client_C,South,Telugu,Salaried,20K-40K
B02300,Client_B,South,Bengali,Self_Employed,20K-40K
B02301,Client_B,South,Bengali,Informal,>70K
B02302,Client_A,South,Hindi,Salaried,<20K
B02303,Client_A,West,Tamil,Salaried,<20K
B02304,Client_A,South,Telugu,Salaried,<20K
B02305,Client_A,West,Hindi,Salaried,<20K
B02306,Client_B,East,Tamil,Salaried,>70K
B02307,Client_A,North,English,Salaried,<20K
B02308,Client_D,West,Bengali,Informal,>70K
B02309,Client_A,South,English,Salaried,40K-70K
B02310,Client_A,East,English,Self_Employed,40K-70K
B02311,Client_D,South,Bengali,Salaried,20K-40K
B02312,Client_B,South,English,Self_Employed,40K-70K
B02313,Client_B,South,Tamil,Self_Employed,20K-40K
B02314,Client_C,West,Telugu,Self_Employed,<20K
B02315,Client_B,East,Bengali,Self_Employed,20K-40K
B02316,Client_A,West,Bengali,Salaried,20K-40K
B02317,Client_D,East,English,Informal,<20K
B02318,Client_D,West,English,Self_Employed,<20K
B02319,Client_C,South,Telugu,Salaried,<20K
B02320,Client_A,West,Tamil,Salaried,>70K
B02321,Client_B,North,English,Salaried,<20K
B02322,Client_A,West,Bengali,Salaried,20K-40K
B02323,Client_A,West,Tamil,Informal,>70K
B02324,Client_D,East,Telugu,Salaried,20K-40K
B02325,Client_B,West,Bengali,Informal,<20K
B02326,Client_A,North,Telugu,Self_Employed,<20K
B02327,Client_C,West,Bengali,Self_Employed,<20K
B02328,Client_B,North,English,Salaried,<20K
B02329,Client_C,North,Telugu,Informal,>70K
B02330,Client_A,East,Tamil,Salaried,40K-70K
B02331,Client_B,South,Telugu,Self_Employed,>70K
B02332,Client_B,South,Tamil,Self_Employed,>70K
B02333,Client_A,West,Telugu,Salaried,20K-40K
B02334,Client_A,West,Telugu,Informal,<20K
B02335,Client_D,East,Telugu,Self_Employed,40K-70K
B02336,Client_C,East,English,Salaried,20K-40K
B02337,Client_B,East,Bengali,Salaried,40K-70K
B02338,Client_A,West,Bengali,Informal,<20K
B02339,Client_B,South,English,Salaried,40K-70K
B02340,Client_B,West,Bengali,Salaried,20K-40K
B02341,Client_A,North,Tamil,Salaried,<20K
B02342,Client_B,North,Tamil,Informal,>70K
B02343,Client_C,West,Hindi,Salaried,>70K
B02344,Client_D,East,Hindi,Informal,40K-70K
B02345,Client_C,West,Bengali,Informal,>70K
B02346,Client_A,North,Telugu,Informal,<20K
B02347,Client_A,East,Hindi,Self_Employed,40K-70K
B02348,Client_A,North,Hindi,Salaried,<20K
B02349,Client_A,West,Bengali,Self_Employed,20K-40K
B02350,Client_B,East,Tamil,Informal,40K-70K
B02351,Client_A,South,English,Salaried,>70K
B02352,Client_A,East,Tamil,Salaried,20K-40K
B02353,Client_B,West,Bengali,Salaried,20K-40K
B02354,Client_D,West,Hindi,Salaried,>70K
B02355,Client_C,East,English,Self_Employed,<20K
B02356,Client_A,East,Hindi,Salaried,<20K
B02357,Client_A,West,Tamil,Self_Employed,40K-70K
B02358,Client_A,East,Tamil,Self_Employed,40K-70K
B02359,Client_B,East,Bengali,Self_Employed,40K-70K
B02360,Client_D,West,Telugu,Informal,>70K
B02361,Client_A,South,Telugu,Self_Employed,20K-40K
B02362,Client_C,North,Bengali,Informal,>70K
B02363,Client_B,North,Bengali,Salaried,>70K
B02364,Client_B,South,Tamil,Salaried,>70K
B02365,Client_C,South,English,Salaried,>70K
B02366,Client_A,North,Bengali,Salaried,20K-40K
B02367,Client_A,South,English,Salaried,20K-40K
B02368,Client_C,East,Tamil,Salaried,<20K
B02369,Client_A,North,Tamil,Informal,>70K
B02370,Client_A,West,Bengali,Self_Employed,20K-40K
B02371,Client_B,North,Tamil,Salaried,20K-40K
B02372,Client_B,South,Hindi,Self_Employed,<20K
B02373,Client_A,North,Telugu,Self_Employed,>70K
B02374,Client_A,East,Tamil,Self_Employed,40K-70K
B02375,Client_D,East,Bengali,Self_Employed,<20K
B02376,Client_B,South,English,Salaried,20K-40K
B02377,Client_A,West,Tamil,Self_Employed,20K-40K
B02378,Client_C,East,Tamil,Informal,40K-70K
B02379,Client_C,South,Tamil,Salaried,40K-70K
B02380,Client_C,North,Hindi,Self_Employed,>70K
B02381,Client_D,North,English,Informal,40K-70K
B02382,Client_A,East,English,Informal,20K-40K
B02383,Client_B,West,Telugu,Salaried,>70K
B02384,Client_C,North,Telugu,Salaried,>70K
B02385,Client_D,North,Telugu,Salaried,40K-70K
B02386,Client_A,North,Hindi,Self_Employed,40K-70K
B02387,Client_C,East,Tamil,Informal,<20K
B02388,Client_A,West,Tamil,Salaried,>70K
B02389,Client_B,South,English,Self_Employed,40K-70K
B02390,Client_C,South,Bengali,Salaried,40K-70K
B02391,Client_C,North,Tamil,Informal,40K-70K
B02392,Client_A,South,English,Self_Employed,20K-40K
B02393,Client_A,North,Telugu,Self_Employed,>70K
B02394,Client_D,West,Tamil,Salaried,20K-40K
B02395,Client_B,South,Bengali,Self_Employed,<20K
B02396,Client_B,North,Tamil,Self_Employed,20K-40K
B02397,Client_A,East,Bengali,Salaried,40K-70K
B02398,Client_B,East,Hindi,Self_Employed,>70K
B02399,Client_A,North,Tamil,Informal,<20K
B02400,Client_A,North,English,Self_Employed,<20K
B02401,Client_A,North,Tamil,Salaried,<20K
B02402,Client_B,North,Bengali,Informal,20K-40K
B02403,Client_B,South,Telugu,Self_Employed,<20K
B02404,Client_B,West,Telugu,Self_Employed,>70K
B02405,Client_A,North,Bengali,Self_Employed,>70K
B02406,Client_B,North,Telugu,Salaried,40K-70K
B02407,Client_D,North,Tamil,Salaried,<20K
B02408,Client_D,East,Telugu,Informal,>70K
B02409,Client_D,West,Hindi,Self_Employed,40K-70K
B02410,Client_A,East,Bengali,Salaried,20K-40K
B02411,Client_B,North,English,Salaried,40K-70K
B02412,Client_C,North,Bengali,Informal,20K-40K
B02413,Client_A,West,English,Salaried,20K-40K
B02414,Client_B,East,Tamil,Salaried,<20K
B02415,Client_D,North,Hindi,Self_Employed,40K-70K
B02416,Client_C,North,Bengali,Self_Employed,>70K
B02417,Client_C,East,Hindi,Salaried,20K-40K
B02418,Client_A,West,Telugu,Salaried,<20K
B02419,Client_A,North,English,Salaried,<20K
B02420,Client_C,East,Telugu,Informal,40K-70K
B02421,Client_B,South,Telugu,Self_Employed,20K-40K
B02422,Client_A,West,Bengali,Salaried,40K-70K
B02423,Client_A,East,Hindi,Self_Employed,>70K
B02424,Client_A,South,English,Self_Employed,20K-40K
B02425,Client_B,South,Hindi,Informal,40K-70K
B02426,Client_B,South,Tamil,Salaried,40K-70K
B02427,Client_C,North,English,Informal,>70K
B02428,Client_A,West,Telugu,Informal,<20K
B02429,Client_B,East,Bengali,Self_Employed,20K-40K
B02430,Client_A,South,Tamil,Informal,20K-40K
B02431,Client_D,North,Hindi,Salaried,<20K
B02432,Client_A,East,English,Salaried,40K-70K
B02433,Client_A,West,Tamil,Self_Employed,20K-40K
B02434,Client_C,South,English,Self_Employed,20K-40K
B02435,Client_A,North,Bengali,Salaried,<20K
B02436,Client_B,South,English,Informal,40K-70K
B02437,Client_A,West,Telugu,Self_Employed,40K-70K
B02438,Client_A,West,Hindi,Salaried,40K-70K
B02439,Client_B,West,Bengali,Salaried,>70K
B02440,Client_A,North,Tamil,Salaried,>70K
B02441,Client_B,West,Bengali,Self_Employed,>70K
B02442,Client_A,South,Tamil,Self_Employed,<20K
B02443,Client_B,North,English,Self_Employed,20K-40K
B02444,Client_A,West,Hindi,Salaried,20K-40K
B02445,Client_B,North,Tamil,Self_Employed,40K-70K
B02446,Client_B,West,English,Salaried,>70K
B02447,Client_D,East,Hindi,Informal,>70K
B02448,Client_C,West,English,Salaried,<20K
B02449,Client_A,West,English,Salaried,40K-70K
B02450,Client_B,East,Bengali,Self_Employed,40K-70K
B02451,Client_C,West,Tamil,Informal,20K-40K
B02452,Client_C,North,Hindi,Self_Employed,>70K
B02453,Client_A,South,Telugu,Informal,40K-70K
B02454,Client_A,East,Telugu,Salaried,40K-70K
B02455,Client_B,South,Bengali,Self_Employed,20K-40K
B02456,Client_B,North,English,Self_Employed,>70K
B02457,Client_A,North,English,Informal,20K-40K
B02458,Client_A,East,Bengali,Salaried,20K-40K
B02459,Client_A,East,English,Self_Employed,20K-40K
B02460,Client_C,North,Tamil,Self_Employed,<20K
B02461,Client_A,North,Telugu,Self_Employed,>70K
B02462,Client_C,North,Telugu,Informal,40K-70K
B02463,Client_C,North,Telugu,Salaried,20K-40K
B02464,Client_A,North,Telugu,Informal,>70K
B02465,Client_D,South,Bengali,Self_Employed,>70K
B02466,Client_A,East,Telugu,Self_Employed,20K-40K
B02467,Client_B,East,Telugu,Salaried,>70K
B02468,Client_A,East,Telugu,Salaried,>70K
B02469,Client_A,West,Tamil,Self_Employed,>70K
B02470,Client_A,North,Bengali,Informal,20K-40K
B02471,Client_C,East,Bengali,Salaried,20K-40K
B02472,Client_C,South,Tamil,Salaried,40K-70K
B02473,Client_A,East,English,Salaried,<20K
B02474,Client_A,South,Hindi,Self_Employed,<20K
B02475,Client_D,West,Telugu,Self_Employed,>70K
B02476,Client_A,North,Tamil,Self_Employed,20K-40K
B02477,Client_B,West,Bengali,Salaried,>70K
B02478,Client_B,South,Tamil,Self_Employed,>70K
B02479,Client_C,West,English,Informal,40K-70K
B02480,Client_A,East,English,Salaried,40K-70K
B02481,Client_A,West,English,Salaried,40K-70K
B02482,Client_A,East,Tamil,Salaried,>70K
B02483,Client_C,West,Hindi,Informal,>70K
B02484,Client_C,North,Tamil,Salaried,20K-40K
B02485,Client_C,West,Telugu,Informal,20K-40K
B02486,Client_B,South,English,Salaried,40K-70K
B02487,Client_A,North,Hindi,Self_Employed,20K-40K
B02488,Client_D,West,Telugu,Salaried,<20K
B02489,Client_A,North,Telugu,Self_Employed,>70K
B02490,Client_A,West,Tamil,Self_Employed,40K-70K
B02491,Client_A,North,Bengali,Self_Employed,40K-70K
B02492,Client_B,East,Telugu,Self_Employed,20K-40K
B02493,Client_C,East,English,Salaried,<20K
B02494,Client_D,North,Telugu,Informal,<20K
B02495,Client_B,South,Hindi,Self_Employed,<20K
B02496,Client_A,South,Tamil,Informal,20K-40K
B02497,Client_D,North,Tamil,Informal,>70K
B02498,Client_A,South,Tamil,Self_Employed,40K-70K
B02499,Client_A,North,Bengali,Salaried,20K-40K
B02500,Client_A,North,Hindi,Salaried,>70K
B02501,Client_D,South,Bengali,Informal,20K-40K
B02502,Client_B,East,Bengali,Salaried,<20K
B02503,Client_C,North,Hindi,Self_Employed,20K-40K
B02504,Client_B,North,Hindi,Salaried,<20K
B02505,Client_B,East,English,Salaried,20K-40K
B02506,Client_C,South,Hindi,Self_Employed,40K-70K
B02507,Client_A,East,Hindi,Self_Employed,20K-40K
B02508,Client_A,East,Telugu,Salaried,<20K
B02509,Client_D,North,English,Self_Employed,40K-70K
B02510,Client_B,South,Hindi,Informal,20K-40K
B02511,Client_B,East,Tamil,Salaried,40K-70K
B02512,Client_B,North,Hindi,Self_Employed,20K-40K
B02513,Client_C,East,Bengali,Self_Employed,>70K
B02514,Client_C,East,Telugu,Salaried,20K-40K
B02515,Client_B,East,Bengali,Self_Employed,20K-40K
B02516,Client_B,West,Hindi,Salaried,>70K
B02517,Client_A,South,Hindi,Salaried,>70K
B02518,Client_B,North,English,Self_Employed,20K-40K
B02519,Client_D,South,Bengali,Salaried,40K-70K
B02520,Client_D,East,Telugu,Salaried,<20K
B02521,Client_A,East,Bengali,Salaried,>70K
B02522,Client_A,South,Telugu,Self_Employed,>70K
B02523,Client_A,North,Telugu,Salaried,40K-70K
B02524,Client_A,South,Tamil,Self_Employed,<20K
B02525,Client_A,North,English,Informal,<20K
B02526,Client_A,East,Bengali,Salaried,>70K
B02527,Client_B,West,English,Informal,20K-40K
B02528,Client_A,North,Hindi,Salaried,<20K
B02529,Client_C,East,Telugu,Informal,20K-40K
B02530,Client_A,West,English,Salaried,>70K
B02531,Client_D,East,Telugu,Salaried,40K-70K
B02532,Client_A,North,English,Self_Employed,40K-70K
B02533,Client_D,West,Bengali,Self_Employed,20K-40K
B02534,Client_C,West,Bengali,Salaried,40K-70K
B02535,Client_D,North,Hindi,Salaried,20K-40K
B02536,Client_B,South,Hindi,Salaried,>70K
B02537,Client_A,North,Telugu,Self_Employed,40K-70K
B02538,Client_B,West,Bengali,Informal,40K-70K
B02539,Client_A,West,Bengali,Salaried,>70K
B02540,Client_B,West,Tamil,Informal,40K-70K
B02541,Client_B,South,English,Informal,20K-40K
B02542,Client_A,South,Telugu,Informal,20K-40K
B02543,Client_C,West,Hindi,Salaried,>70K
B02544,Client_B,North,Telugu,Salaried,20K-40K
B02545,Client_B,South,Hindi,Informal,20K-40K
B02546,Client_C,West,Hindi,Salaried,>70K
B02547,Client_D,North,Telugu,Self_Employed,<20K
B02548,Client_A,East,Hindi,Self_Employed,40K-70K
B02549,Client_A,South,Telugu,Self_Employed,<20K
B02550,Client_A,West,English,Informal,40K-70K
B02551,Client_D,North,Tamil,Self_Employed,20K-40K
B02552,Client_B,East,Bengali,Salaried,<20K
B02553,Client_C,North,Bengali,Self_Employed,40K-70K
B02554,Client_A,West,English,Salaried,>70K
B02555,Client_D,East,Bengali,Salaried,40K-70K
B02556,Client_A,South,Telugu,Self_Employed,40K-70K
B02557,Client_C,East,English,Informal,<20K
B02558,Client_A,North,Telugu,Salaried,>70K
B02559,Client_D,West,Tamil,Self_Employed,20K-40K
B02560,Client_B,South,Tamil,Self_Employed,40K-70K
B02561,Client_B,North,English,Salaried,40K-70K
B02562,Client_B,North,Hindi,Salaried,20K-40K
B02563,Client_A,West,Hindi,Salaried,20K-40K
B02564,Client_B,South,Tamil,Self_Employed,<20K
B02565,Client_A,North,English,Self_Employed,<20K
B02566,Client_C,North,Tamil,Salaried,40K-70K
B02567,Client_B,South,Hindi,Self_Employed,20K-40K
B02568,Client_A,West,Hindi,Self_Employed,<20K
B02569,Client_B,North,Hindi,Self_Employed,<20K
B02570,Client_B,South,Bengali,Salaried,20K-40K
B02571,Client_A,East,Hindi,Salaried,40K-70K
B02572,Client_B,West,Telugu,Salaried,40K-70K
B02573,Client_C,South,Telugu,Salaried,40K-70K
B02574,Client_B,South,Bengali,Informal,20K-40K
B02575,Client_D,North,Tamil,Salaried,40K-70K
B02576,Client_C,North,Tamil,Self_Employed,<20K
B02577,Client_C,West,Bengali,Self_Employed,<20K
B02578,Client_A,North,Bengali,Salaried,<20K
B02579,Client_B,West,Telugu,Salaried,>70K
B02580,Client_A,North,Telugu,Self_Employed,<20K
B02581,Client_A,West,Bengali,Salaried,<20K
B02582,Client_A,South,Tamil,Self_Employed,<20K
B02583,Client_B,South,Tamil,Salaried,<20K
B02584,Client_B,North,English,Salaried,40K-70K
B02585,Client_B,East,Tamil,Self_Employed,<20K
B02586,Client_B,West,Tamil,Salaried,<20K
B02587,Client_D,North,Telugu,Salaried,20K-40K
B02588,Client_B,West,Tamil,Informal,40K-70K
B02589,Client_D,South,Telugu,Self_Employed,20K-40K
B02590,Client_D,North,Telugu,Informal,20K-40K
B02591,Client_B,West,Tamil,Informal,20K-40K
B02592,Client_D,East,Hindi,Informal,>70K
B02593,Client_D,West,Bengali,Self_Employed,20K-40K
B02594,Client_C,East,Bengali,Self_Employed,>70K
B02595,Client_C,South,English,Self_Employed,<20K
B02596,Client_A,North,Hindi,Informal,>70K
B02597,Client_A,East,Telugu,Informal,<20K
B02598,Client_A,East,English,Informal,<20K
B02599,Client_A,South,Telugu,Informal,<20K
B02600,Client_B,East,English,Informal,>70K
B02601,Client_B,West,Telugu,Salaried,>70K
B02602,Client_C,East,Hindi,Salaried,>70K
B02603,Client_A,South,Hindi,Self_Employed,>70K
B02604,Client_B,North,Telugu,Salaried,40K-70K
B02605,Client_B,South,Bengali,Informal,>70K
B02606,Client_A,South,Tamil,Self_Employed,<20K
B02607,Client_C,West,Telugu,Salaried,<20K
B02608,Client_A,East,Tamil,Informal,<20K
B02609,Client_B,South,Tamil,Informal,40K-70K
B02610,Client_A,South,English,Self_Employed,<20K
B02611,Client_B,South,English,Salaried,40K-70K
B02612,Client_A,South,Bengali,Self_Employed,20K-40K
B02613,Client_A,West,Tamil,Self_Employed,<20K
B02614,Client_B,North,English,Self_Employed,20K-40K
B02615,Client_B,North,Hindi,Informal,20K-40K
B02616,Client_C,North,Telugu,Salaried,>70K
B02617,Client_A,South,Tamil,Salaried,<20K
B02618,Client_C,East,English,Informal,40K-70K
B02619,Client_A,West,Tamil,Salaried,20K-40K
B02620,Client_D,East,Hindi,Informal,40K-70K
B02621,Client_D,North,Tamil,Salaried,20K-40K
B02622,Client_C,East,Bengali,Salaried,40K-70K
B02623,Client_A,East,English,Informal,>70K
B02624,Client_B,South,Tamil,Self_Employed,20K-40K
B02625,Client_D,West,Tamil,Self_Employed,40K-70K
B02626,Client_C,North,Hindi,Self_Employed,40K-70K
B02627,Client_C,East,Bengali,Salaried,<20K
B02628,Client_A,West,Telugu,Salaried,<20K
B02629,Client_A,West,English,Salaried,40K-70K
B02630,Client_B,North,Telugu,Salaried,>70K
B02631,Client_B,West,Bengali,Salaried,40K-70K
B02632,Client_B,East,Telugu,Informal,<20K
B02633,Client_A,West,Tamil,Self_Employed,>70K
B02634,Client_A,East,Telugu,Informal,>70K
B02635,Client_D,East,Hindi,Self_Employed,20K-40K
B02636,Client_B,West,Telugu,Self_Employed,20K-40K
B02637,Client_D,South,Tamil,Self_Employed,<20K
B02638,Client_A,West,Tamil,Self_Employed,<20K
B02639,Client_B,South,Tamil,Self_Employed,40K-70K
B02640,Client_B,North,English,Salaried,20K-40K
B02641,Client_C,North,Tamil,Salaried,20K-40K
B02642,Client_C,West,Hindi,Self_Employed,>70K
B02643,Client_C,South,Hindi,Self_Employed,>70K
B02644,Client_C,North,Tamil,Self_Employed,20K-40K
B02645,Client_A,East,Tamil,Salaried,40K-70K
B02646,Client_A,West,English,Self_Employed,>70K
B02647,Client_A,North,English,Salaried,>70K
B02648,Client_A,North,Telugu,Salaried,>70K
B02649,Client_C,West,Bengali,Self_Employed,40K-70K
B02650,Client_B,North,Tamil,Salaried,>70K
B02651,Client_C,West,Telugu,Informal,>70K
B02652,Client_B,West,Tamil,Salaried,20K-40K
B02653,Client_B,East,English,Self_Employed,40K-70K
B02654,Client_A,East,Bengali,Informal,40K-70K
B02655,Client_D,East,English,Salaried,>70K
B02656,Client_C,West,English,Salaried,40K-70K
B02657,Client_C,South,Tamil,Self_Employed,>70K
B02658,Client_D,West,Tamil,Salaried,20K-40K
B02659,Client_B,East,Telugu,Self_Employed,>70K
B02660,Client_B,North,Telugu,Informal,40K-70K
B02661,Client_B,North,Tamil,Salaried,40K-70K
B02662,Client_A,North,Tamil,Self_Employed,20K-40K
B02663,Client_B,West,English,Salaried,20K-40K
B02664,Client_B,South,English,Self_Employed,20K-40K
B02665,Client_B,North,Bengali,Self_Employed,20K-40K
B02666,Client_A,West,Hindi,Self_Employed,40K-70K
B02667,Client_C,North,English,Self_Employed,40K-70K
B02668,Client_A,East,Tamil,Self_Employed,20K-40K
B02669,Client_A,North,Telugu,Salaried,>70K
B02670,Client_B,North,Hindi,Self_Employed,>70K
B02671,Client_C,East,Telugu,Self_Employed,20K-40K
B02672,Client_A,North,Hindi,Informal,20K-40K
B02673,Client_C,North,English,Salaried,40K-70K
B02674,Client_B,East,Tamil,Self_Employed,20K-40K
B02675,Client_C,North,Bengali,Self_Employed,40K-70K
B02676,Client_A,North,Telugu,Self_Employed,20K-40K
B02677,Client_D,North,Hindi,Salaried,20K-40K
B02678,Client_C,West,Telugu,Informal,20K-40K
B02679,Client_A,East,Tamil,Self_Employed,<20K
B02680,Client_C,South,Hindi,Self_Employed,<20K
B02681,Client_B,North,Tamil,Salaried,40K-70K
B02682,Client_C,East,English,Informal,20K-40K
B02683,Client_C,North,Telugu,Salaried,>70K
B02684,Client_D,East,Hindi,Informal,>70K
B02685,Client_D,North,Hindi,Self_Employed,<20K
B02686,Client_C,North,Hindi,Salaried,>70K
B02687,Client_C,North,Hindi,Salaried,20K-40K
B02688,Client_A,West,English,Self_Employed,<20K
B02689,Client_C,South,Bengali,Self_Employed,40K-70K
B02690,Client_C,West,Telugu,Informal,20K-40K
B02691,Client_D,North,Telugu,Salaried,20K-40K
B02692,Client_C,North,Hindi,Salaried,>70K
B02693,Client_B,East,English,Salaried,<20K
B02694,Client_C,North,Telugu,Salaried,40K-70K
B02695,Client_B,East,Tamil,Self_Employed,<20K
B02696,Client_B,East,Hindi,Salaried,>70K
B02697,Client_D,East,English,Salaried,40K-70K
B02698,Client_B,North,Bengali,Self_Employed,40K-70K
B02699,Client_A,South,Telugu,Salaried,<20K
B02700,Client_A,West,Tamil,Self_Employed,40K-70K
B02701,Client_B,North,Telugu,Self_Employed,40K-70K
B02702,Client_B,West,Telugu,Self_Employed,40K-70K
B02703,Client_B,West,Tamil,Informal,<20K
B02704,Client_A,East,Bengali,Salaried,20K-40K
B02705,Client_B,East,Bengali,Self_Employed,<20K
B02706,Client_D,West,Bengali,Salaried,40K-70K
B02707,Client_C,West,Bengali,Salaried,40K-70K
B02708,Client_C,East,Tamil,Salaried,>70K
B02709,Client_B,South,Telugu,Salaried,<20K
B02710,Client_D,North,Hindi,Self_Employed,20K-40K
B02711,Client_A,North,Telugu,Informal,<20K
B02712,Client_C,South,Tamil,Self_Employed,20K-40K
B02713,Client_C,West,Telugu,Salaried,<20K
B02714,Client_B,North,Telugu,Salaried,40K-70K
B02715,Client_B,South,Hindi,Salaried,40K-70K
B02716,Client_A,East,Tamil,Salaried,20K-40K
B02717,Client_A,South,Telugu,Informal,40K-70K
B02718,Client_A,West,Hindi,Self_Employed,<20K
B02719,Client_A,West,Tamil,Salaried,<20K
B02720,Client_B,South,Tamil,Self_Employed,20K-40K
B02721,Client_A,South,Hindi,Self_Employed,<20K
B02722,Client_D,North,Hindi,Self_Employed,<20K
B02723,Client_A,North,Bengali,Salaried,>70K
B02724,Client_C,West,English,Salaried,<20K
B02725,Client_B,North,Bengali,Salaried,20K-40K
B02726,Client_A,East,Hindi,Salaried,<20K
B02727,Client_D,East,English,Self_Employed,20K-40K
B02728,Client_B,East,English,Salaried,<20K
B02729,Client_A,West,Bengali,Self_Employed,20K-40K
B02730,Client_D,East,Hindi,Self_Employed,20K-40K
B02731,Client_A,West,English,Informal,40K-70K
B02732,Client_B,North,Telugu,Salaried,<20K
B02733,Client_C,East,Telugu,Salaried,20K-40K
B02734,Client_C,West,English,Informal,20K-40K
B02735,Client_C,South,English,Informal,40K-70K
B02736,Client_C,East,Telugu,Salaried,<20K
B02737,Client_C,West,English,Informal,20K-40K
B02738,Client_A,East,Tamil,Self_Employed,<20K
B02739,Client_B,North,Tamil,Salaried,40K-70K
B02740,Client_B,East,Bengali,Self_Employed,>70K
B02741,Client_A,East,Bengali,Self_Employed,>70K
B02742,Client_B,South,Tamil,Self_Employed,20K-40K
B02743,Client_C,West,English,Salaried,20K-40K
B02744,Client_B,North,Tamil,Informal,<20K
B02745,Client_B,West,Bengali,Self_Employed,>70K
B02746,Client_B,West,Bengali,Salaried,<20K
B02747,Client_B,East,Hindi,Salaried,20K-40K
B02748,Client_C,West,Telugu,Salaried,40K-70K
B02749,Client_D,North,Hindi,Self_Employed,40K-70K
B02750,Client_A,North,English,Self_Employed,>70K
B02751,Client_A,East,Bengali,Salaried,<20K
B02752,Client_A,East,Telugu,Self_Employed,20K-40K
B02753,Client_D,East,English,Salaried,40K-70K
B02754,Client_D,East,Tamil,Salaried,20K-40K
B02755,Client_A,East,Tamil,Salaried,>70K
B02756,Client_C,East,Bengali,Self_Employed,40K-70K
B02757,Client_B,East,English,Self_Employed,<20K
B02758,Client_D,North,Tamil,Self_Employed,>70K
B02759,Client_B,East,Telugu,Salaried,20K-40K
B02760,Client_D,West,Bengali,Self_Employed,<20K
B02761,Client_B,South,Bengali,Self_Employed,<20K
B02762,Client_A,West,Tamil,Self_Employed,<20K
B02763,Client_C,West,Bengali,Self_Employed,40K-70K
B02764,Client_A,East,Tamil,Salaried,<20K
B02765,Client_C,North,Hindi,Informal,>70K
B02766,Client_B,South,Hindi,Self_Employed,<20K
B02767,Client_A,South,Telugu,Salaried,>70K
B02768,Client_B,East,Telugu,Self_Employed,<20K
B02769,Client_D,South,Tamil,Salaried,<20K
B02770,Client_A,West,Hindi,Salaried,>70K
B02771,Client_A,West,English,Salaried,<20K
B02772,Client_D,West,Bengali,Self_Employed,>70K
B02773,Client_A,West,English,Salaried,40K-70K
B02774,Client_A,West,Bengali,Self_Employed,>70K
B02775,Client_B,West,English,Salaried,<20K
B02776,Client_C,North,Hindi,Informal,<20K
B02777,Client_D,South,English,Salaried,>70K
B02778,Client_A,West,Bengali,Salaried,40K-70K
B02779,Client_A,South,English,Informal,>70K
B02780,Client_D,North,Hindi,Self_Employed,<20K
B02781,Client_B,West,Tamil,Informal,<20K
B02782,Client_D,North,Bengali,Salaried,<20K
B02783,Client_B,East,Bengali,Salaried,<20K
B02784,Client_A,East,Bengali,Salaried,20K-40K
B02785,Client_D,East,Tamil,Informal,>70K
B02786,Client_A,West,Tamil,Informal,40K-70K
B02787,Client_A,East,Bengali,Salaried,<20K
B02788,Client_B,South,English,Self_Employed,>70K
B02789,Client_A,West,Tamil,Self_Employed,>70K
B02790,Client_A,North,English,Salaried,>70K
B02791,Client_A,East,Hindi,Salaried,>70K
B02792,Client_A,West,Bengali,Salaried,40K-70K
B02793,Client_B,North,Bengali,Self_Employed,<20K
B02794,Client_C,South,Tamil,Self_Employed,40K-70K
B02795,Client_B,South,Telugu,Salaried,<20K
B02796,Client_A,North,Telugu,Self_Employed,40K-70K
B02797,Client_B,West,Hindi,Self_Employed,<20K
B02798,Client_C,West,English,Salaried,20K-40K
B02799,Client_A,West,English,Self_Employed,>70K
B02800,Client_B,South,English,Self_Employed,<20K
B02801,Client_D,South,Bengali,Salaried,40K-70K
B02802,Client_C,East,Tamil,Informal,<20K
B02803,Client_B,East,Tamil,Self_Employed,40K-70K
B02804,Client_A,East,English,Salaried,>70K
B02805,Client_A,West,Bengali,Self_Employed,>70K
B02806,Client_A,South,Telugu,Self_Employed,40K-70K
B02807,Client_A,East,Telugu,Salaried,20K-40K
B02808,Client_B,South,Hindi,Self_Employed,<20K
B02809,Client_B,West,English,Self_Employed,20K-40K
B02810,Client_A,South,Telugu,Informal,20K-40K
B02811,Client_B,East,English,Self_Employed,40K-70K
B02812,Client_B,West,Bengali,Self_Employed,20K-40K
B02813,Client_C,North,English,Self_Employed,<20K
B02814,Client_D,West,Bengali,Salaried,>70K
B02815,Client_D,North,Telugu,Self_Employed,<20K
B02816,Client_B,West,Telugu,Salaried,>70K
B02817,Client_D,South,Bengali,Salaried,>70K
B02818,Client_B,East,Bengali,Salaried,>70K
B02819,Client_A,South,Telugu,Self_Employed,20K-40K
B02820,Client_A,North,Tamil,Salaried,40K-70K
B02821,Client_B,East,Tamil,Informal,>70K
B02822,Client_C,East,Tamil,Informal,>70K
B02823,Client_C,South,Telugu,Informal,40K-70K
B02824,Client_B,North,Tamil,Informal,<20K
B02825,Client_B,West,Hindi,Salaried,20K-40K
B02826,Client_C,South,Telugu,Informal,<20K
B02827,Client_C,East,Hindi,Self_Employed,>70K
B02828,Client_A,East,Telugu,Self_Employed,20K-40K
B02829,Client_B,East,English,Self_Employed,<20K
B02830,Client_A,South,Tamil,Salaried,<20K
B02831,Client_B,North,Bengali,Salaried,20K-40K
B02832,Client_B,West,Hindi,Salaried,40K-70K
B02833,Client_A,South,Hindi,Salaried,20K-40K
B02834,Client_C,East,Bengali,Informal,>70K
B02835,Client_B,North,Telugu,Salaried,40K-70K
B02836,Client_D,North,Bengali,Self_Employed,>70K
B02837,Client_A,South,Hindi,Salaried,>70K
B02838,Client_A,West,Hindi,Self_Employed,>70K
B02839,Client_A,South,English,Salaried,>70K
B02840,Client_D,South,Hindi,Self_Employed,40K-70K
B02841,Client_B,North,Bengali,Salaried,40K-70K
B02842,Client_C,South,Bengali,Salaried,>70K
B02843,Client_A,West,English,Salaried,>70K
B02844,Client_C,East,Tamil,Salaried,40K-70K
B02845,Client_A,East,English,Self_Employed,20K-40K
B02846,Client_D,South,English,Salaried,20K-40K
B02847,Client_B,South,Hindi,Self_Employed,>70K
B02848,Client_D,North,Hindi,Informal,>70K
B02849,Client_B,South,Hindi,Self_Employed,20K-40K
B02850,Client_B,East,Telugu,Salaried,<20K
B02851,Client_A,East,Tamil,Self_Employed,20K-40K
B02852,Client_B,East,Bengali,Informal,20K-40K
B02853,Client_C,South,English,Informal,40K-70K
B02854,Client_B,South,Telugu,Informal,<20K
B02855,Client_C,South,English,Informal,40K-70K
B02856,Client_D,West,Telugu,Salaried,20K-40K
B02857,Client_C,West,Hindi,Self_Employed,>70K
B02858,Client_B,East,Hindi,Salaried,<20K
B02859,Client_B,West,Tamil,Self_Employed,>70K
B02860,Client_B,West,Telugu,Informal,40K-70K
B02861,Client_C,West,Bengali,Salaried,<20K
B02862,Client_C,North,Telugu,Self_Employed,20K-40K
B02863,Client_C,North,Hindi,Self_Employed,20K-40K
B02864,Client_A,East,Tamil,Salaried,<20K
B02865,Client_A,South,Hindi,Informal,20K-40K
B02866,Client_B,East,Telugu,Salaried,<20K
B02867,Client_B,West,Tamil,Salaried,40K-70K
B02868,Client_D,East,Telugu,Self_Employed,<20K
B02869,Client_D,South,Bengali,Salaried,40K-70K
B02870,Client_D,North,Hindi,Self_Employed,>70K
B02871,Client_B,North,Hindi,Self_Employed,>70K
B02872,Client_C,West,Telugu,Salaried,40K-70K
B02873,Client_C,East,Telugu,Salaried,20K-40K
B02874,Client_A,East,Telugu,Salaried,20K-40K
B02875,Client_A,North,Hindi,Salaried,>70K
B02876,Client_A,West,English,Self_Employed,40K-70K
B02877,Client_B,North,Telugu,Informal,40K-70K
B02878,Client_D,West,Telugu,Self_Employed,>70K
B02879,Client_A,West,English,Salaried,20K-40K
B02880,Client_A,West,Tamil,Self_Employed,<20K
B02881,Client_A,North,Hindi,Self_Employed,20K-40K
B02882,Client_C,West,Bengali,Salaried,<20K
B02883,Client_B,West,Hindi,Self_Employed,<20K
B02884,Client_A,North,English,Informal,>70K
B02885,Client_B,South,English,Salaried,20K-40K
B02886,Client_A,North,Telugu,Self_Employed,40K-70K
B02887,Client_A,West,Telugu,Salaried,>70K
B02888,Client_B,East,Telugu,Salaried,40K-70K
B02889,Client_C,East,English,Salaried,20K-40K
B02890,Client_A,West,English,Informal,40K-70K
B02891,Client_B,North,Bengali,Salaried,<20K
B02892,Client_A,East,Bengali,Salaried,20K-40K
B02893,Client_D,North,Tamil,Salaried,>70K
B02894,Client_A,North,Hindi,Salaried,>70K
B02895,Client_B,South,English,Salaried,>70K
B02896,Client_D,South,Telugu,Self_Employed,>70K
B02897,Client_A,South,Tamil,Salaried,40K-70K
B02898,Client_A,South,Bengali,Self_Employed,20K-40K
B02899,Client_C,South,Hindi,Salaried,20K-40K
B02900,Client_B,West,Telugu,Informal,>70K
B02901,Client_A,West,English,Self_Employed,40K-70K
B02902,Client_B,East,Hindi,Self_Employed,<20K
B02903,Client_C,East,Bengali,Self_Employed,>70K
B02904,Client_C,East,Bengali,Informal,40K-70K
B02905,Client_A,North,Hindi,Self_Employed,20K-40K
B02906,Client_C,North,Bengali,Self_Employed,>70K
B02907,Client_D,West,Bengali,Informal,20K-40K
B02908,Client_A,South,Hindi,Salaried,>70K
B02909,Client_C,West,Bengali,Self_Employed,<20K
B02910,Client_B,West,Tamil,Informal,<20K
B02911,Client_C,West,Telugu,Self_Employed,20K-40K
B02912,Client_A,South,Tamil,Self_Employed,>70K
B02913,Client_A,East,Tamil,Self_Employed,40K-70K
B02914,Client_A,North,Tamil,Self_Employed,20K-40K
B02915,Client_C,North,Hindi,Salaried,20K-40K
B02916,Client_B,East,Bengali,Self_Employed,>70K
B02917,Client_A,South,Hindi,Salaried,>70K
B02918,Client_C,North,Tamil,Self_Employed,<20K
B02919,Client_A,East,Bengali,Self_Employed,40K-70K
B02920,Client_A,North,Hindi,Salaried,<20K
B02921,Client_B,South,English,Self_Employed,40K-70K
B02922,Client_A,South,Hindi,Salaried,>70K
B02923,Client_B,North,Tamil,Informal,40K-70K
B02924,Client_B,West,Telugu,Self_Employed,20K-40K
B02925,Client_A,North,English,Salaried,20K-40K
B02926,Client_A,North,Telugu,Salaried,>70K
B02927,Client_C,South,Tamil,Salaried,<20K
B02928,Client_B,West,Tamil,Salaried,40K-70K
B02929,Client_A,North,Bengali,Salaried,<20K
B02930,Client_A,West,Telugu,Salaried,40K-70K
B02931,Client_B,North,Tamil,Self_Employed,20K-40K
B02932,Client_C,North,Telugu,Salaried,>70K
B02933,Client_A,North,Bengali,Salaried,40K-70K
B02934,Client_D,West,Hindi,Informal,>70K
B02935,Client_A,South,Telugu,Salaried,<20K
B02936,Client_B,West,Tamil,Self_Employed,20K-40K
B02937,Client_C,South,Hindi,Self_Employed,>70K
B02938,Client_B,North,Tamil,Self_Employed,40K-70K
B02939,Client_A,East,Tamil,Salaried,40K-70K
B02940,Client_A,South,Bengali,Salaried,>70K
B02941,Client_B,North,Tamil,Salaried,>70K
B02942,Client_D,East,Bengali,Informal,20K-40K
B02943,Client_B,South,Bengali,Self_Employed,>70K
B02944,Client_A,North,English,Self_Employed,>70K
B02945,Client_B,East,Hindi,Salaried,>70K
B02946,Client_D,South,Tamil,Informal,<20K
B02947,Client_A,North,Tamil,Self_Employed,20K-40K
B02948,Client_A,West,English,Self_Employed,20K-40K
B02949,Client_D,North,Tamil,Informal,>70K
B02950,Client_A,East,Hindi,Salaried,>70K
B02951,Client_C,South,Tamil,Salaried,<20K
B02952,Client_B,West,Telugu,Informal,>70K
B02953,Client_D,South,Tamil,Salaried,40K-70K
B02954,Client_A,North,Telugu,Self_Employed,>70K
B02955,Client_D,North,Telugu,Salaried,>70K
B02956,Client_A,East,English,Salaried,20K-40K
B02957,Client_C,North,English,Salaried,<20K
B02958,Client_A,West,Hindi,Salaried,20K-40K
B02959,Client_B,North,English,Salaried,<20K
B02960,Client_C,East,Telugu,Informal,>70K
B02961,Client_B,West,Telugu,Self_Employed,>70K
B02962,Client_B,East,Hindi,Salaried,<20K
B02963,Client_A,North,Tamil,Salaried,20K-40K
B02964,Client_C,West,Bengali,Salaried,40K-70K
B02965,Client_B,North,English,Salaried,40K-70K
B02966,Client_A,East,English,Informal,40K-70K
B02967,Client_B,North,Tamil,Salaried,20K-40K
B02968,Client_C,North,Hindi,Informal,>70K
B02969,Client_A,East,Hindi,Informal,>70K
B02970,Client_A,South,English,Self_Employed,20K-40K
B02971,Client_C,South,Bengali,Informal,40K-70K
B02972,Client_B,West,Tamil,Informal,20K-40K
B02973,Client_B,East,Hindi,Informal,<20K
B02974,Client_A,West,Telugu,Salaried,<20K
B02975,Client_A,South,English,Salaried,>70K
B02976,Client_B,South,Telugu,Informal,40K-70K
B02977,Client_C,South,Hindi,Informal,40K-70K
B02978,Client_A,North,Tamil,Informal,40K-70K
B02979,Client_D,South,Bengali,Salaried,40K-70K
B02980,Client_B,North,English,Informal,<20K
B02981,Client_B,West,Hindi,Informal,20K-40K
B02982,Client_C,North,Telugu,Self_Employed,>70K
B02983,Client_A,South,Hindi,Self_Employed,>70K
B02984,Client_D,East,English,Informal,>70K
B02985,Client_B,South,Tamil,Salaried,20K-40K
B02986,Client_A,East,English,Self_Employed,40K-70K
B02987,Client_D,West,Tamil,Salaried,>70K
B02988,Client_B,North,English,Salaried,<20K
B02989,Client_D,South,Telugu,Informal,>70K
B02990,Client_A,West,Bengali,Salaried,20K-40K
B02991,Client_A,East,English,Self_Employed,20K-40K
B02992,Client_B,West,Telugu,Salaried,40K-70K
B02993,Client_D,West,Bengali,Informal,<20K
B02994,Client_A,East,Telugu,Salaried,>70K
B02995,Client_B,South,Bengali,Salaried,<20K
B02996,Client_C,South,English,Salaried,>70K
B02997,Client_B,East,Tamil,Informal,20K-40K
B02998,Client_B,East,Telugu,Self_Employed,40K-70K
B02999,Client_D,West,English,Salaried,20K-40K
B03000,Client_B,North,Telugu,Salaried,40K-70K
B00016,Client_D,North,Telugu,Salaried,>70K
