visit_id,account_id,visit_timestamp,agent_id,visit_status
FV00000001,A000351,2025-11-04 10:00:00,AG0059,SUCCESSFUL
FV00000002,A002277,2025-10-15 08:00:00,AG0099,UNSUCCESSFUL
FV00000003,A000029,2026-05-14 12:00:00,AG0028,RESCHEDULED
FV00000004,A004008,2026-03-23 08:00:00,AG0110,SUCCESSFUL
FV00000005,A000293,2025-09-25 13:00:00,AG0071,UNSUCCESSFUL
FV00000006,A003371,2026-06-17 12:00:00,AG0047,SUCCESSFUL
FV00000007,A000475,2026-05-03 14:00:00,AG0076,UNSUCCESSFUL
FV00000008,A003813,2026-04-23 12:00:00,AG0073,UNSUCCESSFUL
FV00000009,A001507,2025-11-16 08:00:00,AG0013,RESCHEDULED
FV00000010,A003822,2026-07-06 14:00:00,AG0024,SUCCESSFUL
FV00000011,A002595,2026-08-27 12:00:00,AG0058,SUCCESSFUL
FV00000012,A003268,2026-01-19 16:00:00,AG0065,UNSUCCESSFUL
FV00000013,A001820,2025-10-20 11:00:00,AG0080,SUCCESSFUL
FV00000014,A001143,2025-11-25 13:00:00,AG0097,UNSUCCESSFUL
FV00000015,A000572,2025-12-13 14:00:00,AG0098,UNSUCCESSFUL
FV00000016,A000571,2025-09-02 13:00:00,AG0061,UNSUCCESSFUL
FV00000017,A000888,2026-03-26 15:00:00,AG0017,UNSUCCESSFUL
FV00000018,A002044,2025-09-27 12:00:00,AG0119,UNSUCCESSFUL
FV00000019,A000336,2026-06-07 10:00:00,AG0018,SUCCESSFUL
FV00000020,A000431,2025-09-14 14:00:00,AG0044,SUCCESSFUL
FV00000021,A003527,2026-01-18 15:00:00,AG0025,SUCCESSFUL
FV00000022,A002833,2026-06-16 14:00:00,AG0025,SUCCESSFUL
FV00000023,A000281,2026-05-08 16:00:00,AG0120,SUCCESSFUL
FV00000024,A001122,2025-09-20 10:00:00,AG0058,SUCCESSFUL
FV00000025,A003741,2026-05-26 13:00:00,AG0037,SUCCESSFUL
FV00000026,A000949,2026-04-14 17:00:00,AG0085,UNSUCCESSFUL
FV00000027,A003485,2025-12-13 12:00:00,AG0067,SUCCESSFUL
FV00000028,A003753,2025-10-21 14:00:00,AG0119,UNSUCCESSFUL
FV00000029,A000401,2026-04-25 18:00:00,AG0069,UNSUCCESSFUL
FV00000030,A000347,2026-08-21 14:00:00,AG0090,UNSUCCESSFUL
FV00000031,A001884,2026-05-14 17:00:00,AG0027,UNSUCCESSFUL
FV00000032,A003846,2025-12-20 15:00:00,AG0024,SUCCESSFUL
FV00000033,A003156,2026-03-01 16:00:00,AG0012,UNSUCCESSFUL
FV00000034,A002280,2026-06-08 17:00:00,AG0107,SUCCESSFUL
FV00000035,A001573,2026-02-15 09:00:00,AG0113,UNSUCCESSFUL
FV00000036,A001806,2026-04-13 09:00:00,AG0023,SUCCESSFUL
FV00000037,A001270,2026-03-06 18:00:00,AG0111,UNSUCCESSFUL
FV00000038,A001876,2026-05-16 10:00:00,AG0061,SUCCESSFUL
FV00000039,A002245,2026-07-13 15:00:00,AG0113,UNSUCCESSFUL
FV00000040,A000427,2026-06-26 11:00:00,AG0095,UNSUCCESSFUL
FV00000041,A000950,2026-01-22 15:00:00,AG0092,UNSUCCESSFUL
FV00000042,A000441,2025-11-23 11:00:00,AG0007,SUCCESSFUL
FV00000043,A001934,2025-11-14 18:00:00,AG0094,SUCCESSFUL
FV00000044,A000909,2026-03-02 11:00:00,AG0090,RESCHEDULED
FV00000045,A002317,2026-03-23 12:00:00,AG0098,SUCCESSFUL
FV00000046,A000962,2026-03-22 11:00:00,AG0013,UNSUCCESSFUL
FV00000047,A002455,2025-12-07 14:00:00,AG0016,RESCHEDULED
FV00000048,A002889,2025-12-13 09:00:00,AG0113,UNSUCCESSFUL
FV00000049,A003084,2026-03-16 08:00:00,AG0067,SUCCESSFUL
FV00000050,A002637,2026-01-19 17:00:00,AG0047,SUCCESSFUL
FV00000051,A001000,2026-08-08 16:00:00,AG0036,UNSUCCESSFUL
FV00000052,A004009,2025-09-09 16:00:00,AG0105,RESCHEDULED
FV00000053,A000106,2026-01-13 16:00:00,AG0071,SUCCESSFUL
FV00000054,A002691,2026-08-25 17:00:00,AG0052,UNSUCCESSFUL
FV00000055,A003664,2025-11-23 11:00:00,AG0037,SUCCESSFUL
FV00000056,A001676,2026-03-07 09:00:00,AG0026,RESCHEDULED
FV00000057,A002877,2026-03-03 16:00:00,AG0036,SUCCESSFUL
FV00000058,A001705,2025-09-20 11:00:00,AG0012,SUCCESSFUL
FV00000059,A002614,2026-06-01 17:00:00,AG0115,UNSUCCESSFUL
FV00000060,A003737,2026-08-22 08:00:00,AG0034,SUCCESSFUL
FV00000061,A001654,2026-05-06 15:00:00,AG0045,SUCCESSFUL
FV00000062,A001566,2026-01-04 13:00:00,AG0057,UNSUCCESSFUL
FV00000063,A001031,2026-07-24 09:00:00,AG0090,UNSUCCESSFUL
FV00000064,A002764,2026-05-04 12:00:00,AG0085,SUCCESSFUL
FV00000065,A003898,2026-07-24 12:00:00,AG0053,SUCCESSFUL
FV00000066,A000970,2025-09-04 16:00:00,AG0028,SUCCESSFUL
FV00000067,A001889,2026-02-24 16:00:00,AG0020,SUCCESSFUL
FV00000068,A002235,2026-01-17 08:00:00,AG0017,UNSUCCESSFUL
FV00000069,A001449,2026-04-08 15:00:00,AG0068,UNSUCCESSFUL
FV00000070,A001982,2026-01-23 10:00:00,AG0084,UNSUCCESSFUL
FV00000071,A000580,2026-04-21 12:00:00,AG0061,UNSUCCESSFUL
FV00000072,A004127,2026-07-13 14:00:00,AG0015,RESCHEDULED
FV00000073,A001733,2026-08-11 14:00:00,AG0066,RESCHEDULED
FV00000074,A000279,2025-09-18 10:00:00,AG0064,SUCCESSFUL
FV00000075,A000548,2025-11-14 17:00:00,AG0075,SUCCESSFUL
FV00000076,A000136,2025-12-26 15:00:00,AG0120,UNSUCCESSFUL
FV00000077,A003738,2025-12-15 13:00:00,AG0073,UNSUCCESSFUL
FV00000078,A002935,2026-03-11 08:00:00,AG0084,SUCCESSFUL
FV00000079,A002008,2025-11-23 15:00:00,AG0109,UNSUCCESSFUL
FV00000080,A000443,2026-07-10 12:00:00,AG0031,SUCCESSFUL
FV00000081,A004191,2026-02-20 11:00:00,AG0093,SUCCESSFUL
FV00000082,A003840,2026-01-18 12:00:00,AG0029,RESCHEDULED
FV00000083,A003759,2026-05-21 10:00:00,AG0037,UNSUCCESSFUL
FV00000084,A001436,2026-07-24 12:00:00,AG0103,SUCCESSFUL
FV00000085,A003218,2026-01-20 16:00:00,AG0064,UNSUCCESSFUL
FV00000086,A003535,2026-01-08 10:00:00,AG0033,UNSUCCESSFUL
FV00000087,A000674,2025-10-07 10:00:00,AG0048,SUCCESSFUL
FV00000088,A002593,2026-01-15 13:00:00,AG0005,UNSUCCESSFUL
FV00000089,A003811,2026-03-06 10:00:00,AG0115,UNSUCCESSFUL
FV00000090,A001252,2026-05-17 09:00:00,AG0095,UNSUCCESSFUL
FV00000091,A000457,2025-10-13 18:00:00,AG0076,SUCCESSFUL
FV00000092,A000477,2026-04-13 18:00:00,AG0107,SUCCESSFUL
FV00000093,A001647,2025-11-06 10:00:00,AG0115,RESCHEDULED
FV00000094,A004035,2026-03-24 18:00:00,AG0012,RESCHEDULED
FV00000095,A004199,2026-08-18 11:00:00,AG0115,UNSUCCESSFUL
FV00000096,A002961,2025-11-10 17:00:00,AG0034,SUCCESSFUL
FV00000097,A000642,2025-09-08 18:00:00,AG0020,RESCHEDULED
FV00000098,A000600,2026-04-24 13:00:00,AG0082,UNSUCCESSFUL
FV00000099,A000908,2025-09-05 16:00:00,AG0058,UNSUCCESSFUL
FV00000100,A002322,2026-01-23 08:00:00,AG0084,UNSUCCESSFUL
FV00000101,A003260,2026-07-25 12:00:00,AG0004,SUCCESSFUL
FV00000102,A003506,2026-04-10 09:00:00,AG0048,RESCHEDULED
FV00000103,A000339,2026-05-23 13:00:00,AG0102,SUCCESSFUL
FV00000104,A002417,2026-08-20 16:00:00,AG0045,UNSUCCESSFUL
FV00000105,A002414,2026-06-12 16:00:00,AG0085,UNSUCCESSFUL
FV00000106,A004023,2025-11-02 16:00:00,AG0061,SUCCESSFUL
FV00000107,A002371,2025-10-22 11:00:00,AG0115,RESCHEDULED
FV00000108,A000006,2025-12-16 10:00:00,AG0020,RESCHEDULED
FV00000109,A001987,2026-07-24 14:00:00,AG0053,UNSUCCESSFUL
FV00000110,A003172,2026-08-10 09:00:00,AG0092,UNSUCCESSFUL
FV00000111,A002150,2026-02-05 17:00:00,AG0086,UNSUCCESSFUL
FV00000112,A000128,2026-05-26 08:00:00,AG0096,SUCCESSFUL
FV00000113,A001814,2026-04-24 17:00:00,AG0013,UNSUCCESSFUL
FV00000114,A001635,2026-08-01 14:00:00,AG0058,SUCCESSFUL
FV00000115,A003770,2026-01-22 10:00:00,AG0002,SUCCESSFUL
FV00000116,A003318,2026-01-24 18:00:00,AG0034,SUCCESSFUL
FV00000117,A000619,2026-04-09 14:00:00,AG0065,UNSUCCESSFUL
FV00000118,A001839,2026-05-24 12:00:00,AG0053,SUCCESSFUL
FV00000119,A002679,2026-08-15 09:00:00,AG0059,SUCCESSFUL
FV00000120,A002587,2026-03-08 17:00:00,AG0055,UNSUCCESSFUL
FV00000121,A003069,2025-09-18 14:00:00,AG0056,SUCCESSFUL
FV00000122,A001492,2025-09-25 14:00:00,AG0073,UNSUCCESSFUL
FV00000123,A002369,2026-03-18 08:00:00,AG0023,UNSUCCESSFUL
FV00000124,A003768,2026-06-19 08:00:00,AG0030,SUCCESSFUL
FV00000125,A001147,2025-12-27 11:00:00,AG0013,UNSUCCESSFUL
FV00000126,A000135,2025-09-05 12:00:00,AG0114,SUCCESSFUL
FV00000127,A002471,2026-06-25 08:00:00,AG0085,SUCCESSFUL
FV00000128,A002632,2026-04-07 13:00:00,AG0097,UNSUCCESSFUL
FV00000129,A002359,2025-09-22 16:00:00,AG0005,UNSUCCESSFUL
FV00000130,A002511,2025-11-21 08:00:00,AG0020,UNSUCCESSFUL
FV00000131,A002886,2026-01-21 12:00:00,AG0101,SUCCESSFUL
FV00000132,A002540,2026-04-23 12:00:00,AG0044,UNSUCCESSFUL
FV00000133,A001086,2025-09-05 15:00:00,AG0106,UNSUCCESSFUL
FV00000134,A001233,2026-06-13 11:00:00,AG0104,UNSUCCESSFUL
FV00000135,A001806,2025-12-16 12:00:00,AG0114,UNSUCCESSFUL
FV00000136,A001817,2025-11-24 14:00:00,AG0096,UNSUCCESSFUL
FV00000137,A003034,2026-08-25 17:00:00,AG0083,SUCCESSFUL
FV00000138,A002766,2025-10-27 08:00:00,AG0047,RESCHEDULED
FV00000139,A002648,2025-10-17 17:00:00,AG0043,RESCHEDULED
FV00000140,A002028,2025-11-19 18:00:00,AG0001,UNSUCCESSFUL
FV00000141,A000712,2026-01-12 11:00:00,AG0008,UNSUCCESSFUL
FV00000142,A004048,2025-09-02 11:00:00,AG0048,UNSUCCESSFUL
FV00000143,A002635,2025-10-03 17:00:00,AG0028,SUCCESSFUL
FV00000144,A003881,2026-06-16 17:00:00,AG0094,UNSUCCESSFUL
FV00000145,A000520,2026-05-09 17:00:00,AG0021,RESCHEDULED
FV00000146,A003088,2026-07-07 09:00:00,AG0105,SUCCESSFUL
FV00000147,A002636,2026-07-07 10:00:00,AG0045,RESCHEDULED
FV00000148,A001819,2026-06-12 12:00:00,AG0047,SUCCESSFUL
FV00000149,A000323,2026-08-06 15:00:00,AG0109,SUCCESSFUL
FV00000150,A002519,2026-07-26 17:00:00,AG0021,SUCCESSFUL
FV00000151,A002655,2026-05-01 11:00:00,AG0047,RESCHEDULED
FV00000152,A001523,2025-10-17 11:00:00,AG0097,UNSUCCESSFUL
FV00000153,A003012,2026-06-10 09:00:00,AG0002,UNSUCCESSFUL
FV00000154,A001599,2026-07-14 08:00:00,AG0070,UNSUCCESSFUL
FV00000155,A003744,2025-09-06 13:00:00,AG0071,RESCHEDULED
FV00000156,A000742,2025-10-16 16:00:00,AG0089,UNSUCCESSFUL
FV00000157,A000615,2025-11-10 14:00:00,AG0094,RESCHEDULED
FV00000158,A003693,2025-10-16 13:00:00,AG0021,UNSUCCESSFUL
FV00000159,A002492,2025-09-16 17:00:00,AG0050,UNSUCCESSFUL
FV00000160,A003456,2025-12-25 11:00:00,AG0029,SUCCESSFUL
FV00000161,A004019,2025-10-24 16:00:00,AG0029,SUCCESSFUL
FV00000162,A000399,2026-04-06 17:00:00,AG0004,UNSUCCESSFUL
FV00000163,A001324,2026-07-09 09:00:00,AG0010,SUCCESSFUL
FV00000164,A002379,2025-10-26 15:00:00,AG0049,UNSUCCESSFUL
FV00000165,A000086,2025-10-27 12:00:00,AG0064,UNSUCCESSFUL
FV00000166,A002849,2026-03-12 14:00:00,AG0098,SUCCESSFUL
FV00000167,A001258,2026-03-13 15:00:00,AG0117,UNSUCCESSFUL
FV00000168,A002059,2026-05-07 10:00:00,AG0110,SUCCESSFUL
FV00000169,A001033,2026-06-12 18:00:00,AG0054,UNSUCCESSFUL
FV00000170,A001991,2026-07-07 09:00:00,AG0072,RESCHEDULED
FV00000171,A000539,2025-09-24 11:00:00,AG0089,SUCCESSFUL
FV00000172,A000105,2026-05-20 17:00:00,AG0049,UNSUCCESSFUL
FV00000173,A002387,2025-10-08 09:00:00,AG0020,SUCCESSFUL
FV00000174,A002869,2025-12-14 14:00:00,AG0115,UNSUCCESSFUL
FV00000175,A002232,2025-12-27 17:00:00,AG0036,UNSUCCESSFUL
FV00000176,A003927,2026-01-17 13:00:00,AG0033,RESCHEDULED
FV00000177,A001826,2025-10-07 18:00:00,AG0048,SUCCESSFUL
FV00000178,A001362,2025-11-27 08:00:00,AG0035,SUCCESSFUL
FV00000179,A002551,2026-05-04 10:00:00,AG0073,UNSUCCESSFUL
FV00000180,A001363,2025-11-25 09:00:00,AG0031,UNSUCCESSFUL
FV00000181,A002225,2025-10-24 15:00:00,AG0013,UNSUCCESSFUL
FV00000182,A004027,2025-10-06 09:00:00,AG0118,UNSUCCESSFUL
FV00000183,A003606,2026-04-23 16:00:00,AG0019,SUCCESSFUL
FV00000184,A003414,2026-04-27 11:00:00,AG0017,SUCCESSFUL
FV00000185,A002255,2025-09-25 13:00:00,AG0101,SUCCESSFUL
FV00000186,A004054,2025-12-16 16:00:00,AG0120,UNSUCCESSFUL
FV00000187,A003432,2026-08-07 16:00:00,AG0046,UNSUCCESSFUL
FV00000188,A002326,2026-08-17 10:00:00,AG0099,SUCCESSFUL
FV00000189,A001749,2026-08-08 15:00:00,AG0063,UNSUCCESSFUL
FV00000190,A002108,2025-10-11 13:00:00,AG0091,SUCCESSFUL
FV00000191,A000546,2026-01-23 16:00:00,AG0105,SUCCESSFUL
FV00000192,A002001,2026-06-17 16:00:00,AG0001,UNSUCCESSFUL
FV00000193,A002366,2026-02-24 12:00:00,AG0111,UNSUCCESSFUL
FV00000194,A000893,2026-03-18 13:00:00,AG0112,RESCHEDULED
FV00000195,A003080,2026-08-17 14:00:00,AG0105,SUCCESSFUL
FV00000196,A003047,2026-04-23 13:00:00,AG0045,SUCCESSFUL
FV00000197,A001482,2025-09-12 17:00:00,AG0113,UNSUCCESSFUL
FV00000198,A000278,2026-04-21 11:00:00,AG0042,SUCCESSFUL
FV00000199,A001189,2025-10-17 11:00:00,AG0042,SUCCESSFUL
FV00000200,A001239,2026-07-20 08:00:00,AG0090,RESCHEDULED
FV00000201,A002978,2026-04-25 18:00:00,AG0035,SUCCESSFUL
FV00000202,A002019,2026-04-14 11:00:00,AG0055,UNSUCCESSFUL
FV00000203,A000503,2026-04-13 08:00:00,AG0043,UNSUCCESSFUL
FV00000204,A001756,2025-12-01 08:00:00,AG0072,UNSUCCESSFUL
FV00000205,A000659,2026-01-17 08:00:00,AG0100,SUCCESSFUL
FV00000206,A000605,2026-04-10 09:00:00,AG0068,UNSUCCESSFUL
FV00000207,A003527,2026-07-15 11:00:00,AG0012,UNSUCCESSFUL
FV00000208,A001438,2026-07-25 15:00:00,AG0091,RESCHEDULED
FV00000209,A001381,2026-02-18 14:00:00,AG0098,RESCHEDULED
FV00000210,A001654,2026-02-06 16:00:00,AG0072,RESCHEDULED
FV00000211,A002184,2025-10-15 12:00:00,AG0076,UNSUCCESSFUL
FV00000212,A000737,2025-12-12 17:00:00,AG0067,UNSUCCESSFUL
FV00000213,A000759,2026-03-07 10:00:00,AG0037,SUCCESSFUL
FV00000214,A003983,2025-12-13 17:00:00,AG0007,RESCHEDULED
FV00000215,A001386,2026-02-22 13:00:00,AG0030,RESCHEDULED
FV00000216,A003141,2026-01-20 09:00:00,AG0061,UNSUCCESSFUL
FV00000217,A003793,2026-06-06 17:00:00,AG0004,UNSUCCESSFUL
FV00000218,A002715,2026-02-14 13:00:00,AG0117,SUCCESSFUL
FV00000219,A000275,2025-09-24 16:00:00,AG0117,RESCHEDULED
FV00000220,A001420,2026-07-11 09:00:00,AG0050,UNSUCCESSFUL
FV00000221,A000767,2025-10-07 18:00:00,AG0078,SUCCESSFUL
FV00000222,A001558,2026-04-01 17:00:00,AG0090,UNSUCCESSFUL
FV00000223,A000045,2026-02-27 10:00:00,AG0024,SUCCESSFUL
FV00000224,A003369,2026-05-15 16:00:00,AG0081,SUCCESSFUL
FV00000225,A000623,2026-07-03 09:00:00,AG0075,UNSUCCESSFUL
FV00000226,A001287,2025-11-05 13:00:00,AG0117,SUCCESSFUL
FV00000227,A000898,2026-07-18 10:00:00,AG0030,RESCHEDULED
FV00000228,A002270,2026-01-07 17:00:00,AG0008,SUCCESSFUL
FV00000229,A001751,2026-03-26 17:00:00,AG0025,UNSUCCESSFUL
FV00000230,A000360,2026-02-07 09:00:00,AG0033,SUCCESSFUL
FV00000231,A001135,2026-06-17 15:00:00,AG0074,SUCCESSFUL
FV00000232,A002092,2025-11-03 11:00:00,AG0020,SUCCESSFUL
FV00000233,A001443,2025-12-06 13:00:00,AG0069,UNSUCCESSFUL
FV00000234,A000708,2026-02-05 15:00:00,AG0044,UNSUCCESSFUL
FV00000235,A000162,2025-10-05 15:00:00,AG0018,UNSUCCESSFUL
FV00000236,A003589,2025-12-08 09:00:00,AG0061,SUCCESSFUL
FV00000237,A000760,2026-06-23 15:00:00,AG0102,UNSUCCESSFUL
FV00000238,A002669,2026-08-13 09:00:00,AG0102,UNSUCCESSFUL
FV00000239,A003112,2025-12-11 16:00:00,AG0037,UNSUCCESSFUL
FV00000240,A001315,2026-07-09 14:00:00,AG0066,SUCCESSFUL
FV00000241,A000614,2026-03-05 14:00:00,AG0103,UNSUCCESSFUL
FV00000242,A000188,2026-04-10 11:00:00,AG0091,UNSUCCESSFUL
FV00000243,A002806,2026-04-20 11:00:00,AG0079,UNSUCCESSFUL
FV00000244,A000021,2026-06-16 09:00:00,AG0096,SUCCESSFUL
FV00000245,A002269,2026-05-09 15:00:00,AG0037,RESCHEDULED
FV00000246,A003905,2026-04-19 18:00:00,AG0065,UNSUCCESSFUL
FV00000247,A003738,2026-07-21 13:00:00,AG0002,UNSUCCESSFUL
FV00000248,A003578,2026-07-09 08:00:00,AG0029,SUCCESSFUL
FV00000249,A002371,2025-11-01 14:00:00,AG0051,SUCCESSFUL
FV00000250,A003601,2026-03-21 11:00:00,AG0009,RESCHEDULED
FV00000251,A003182,2026-05-18 10:00:00,AG0075,UNSUCCESSFUL
FV00000252,A001765,2026-01-14 16:00:00,AG0057,SUCCESSFUL
FV00000253,A003723,2025-10-06 12:00:00,AG0107,SUCCESSFUL
FV00000254,A001701,2026-06-15 10:00:00,AG0034,SUCCESSFUL
FV00000255,A003627,2026-06-21 09:00:00,AG0061,SUCCESSFUL
FV00000256,A002316,2026-05-19 08:00:00,AG0035,UNSUCCESSFUL
FV00000257,A000154,2026-04-01 11:00:00,AG0014,UNSUCCESSFUL
FV00000258,A002763,2025-11-23 15:00:00,AG0004,UNSUCCESSFUL
FV00000259,A003356,2026-05-14 15:00:00,AG0077,SUCCESSFUL
FV00000260,A002366,2025-12-18 12:00:00,AG0088,UNSUCCESSFUL
FV00000261,A002516,2026-03-16 16:00:00,AG0003,UNSUCCESSFUL
FV00000262,A003351,2026-03-18 13:00:00,AG0021,UNSUCCESSFUL
FV00000263,A000458,2026-01-26 17:00:00,AG0086,UNSUCCESSFUL
FV00000264,A002335,2026-08-03 10:00:00,AG0076,UNSUCCESSFUL
FV00000265,A000101,2026-08-24 10:00:00,AG0043,UNSUCCESSFUL
FV00000266,A002546,2026-01-16 17:00:00,AG0049,UNSUCCESSFUL
FV00000267,A001913,2025-12-09 14:00:00,AG0020,UNSUCCESSFUL
FV00000268,A001353,2026-06-18 18:00:00,AG0035,SUCCESSFUL
FV00000269,A001600,2026-01-01 10:00:00,AG0052,UNSUCCESSFUL
FV00000270,A001139,2026-08-07 11:00:00,AG0036,SUCCESSFUL
FV00000271,A004131,2026-03-08 13:00:00,AG0044,UNSUCCESSFUL
FV00000272,A000573,2026-03-01 11:00:00,AG0047,UNSUCCESSFUL
FV00000273,A002122,2026-07-01 13:00:00,AG0034,UNSUCCESSFUL
FV00000274,A002363,2026-06-13 14:00:00,AG0089,SUCCESSFUL
FV00000275,A002398,2025-09-01 11:00:00,AG0101,SUCCESSFUL
FV00000276,A001567,2025-10-14 09:00:00,AG0098,UNSUCCESSFUL
FV00000277,A001500,2026-01-13 12:00:00,AG0023,UNSUCCESSFUL
FV00000278,A003545,2025-10-11 09:00:00,AG0115,SUCCESSFUL
FV00000279,A000232,2026-04-24 14:00:00,AG0032,UNSUCCESSFUL
FV00000280,A001188,2025-11-12 14:00:00,AG0105,UNSUCCESSFUL
FV00000281,A003253,2025-09-02 15:00:00,AG0042,SUCCESSFUL
FV00000282,A003678,2026-02-15 17:00:00,AG0103,UNSUCCESSFUL
FV00000283,A001662,2026-07-04 12:00:00,AG0077,UNSUCCESSFUL
FV00000284,A003521,2026-05-21 11:00:00,AG0096,SUCCESSFUL
FV00000285,A002495,2025-09-11 11:00:00,AG0064,SUCCESSFUL
FV00000286,A003316,2025-12-17 10:00:00,AG0073,UNSUCCESSFUL
FV00000287,A003488,2026-03-06 16:00:00,AG0038,SUCCESSFUL
FV00000288,A002190,2026-02-19 15:00:00,AG0077,UNSUCCESSFUL
FV00000289,A004154,2026-05-20 08:00:00,AG0025,UNSUCCESSFUL
FV00000290,A001456,2026-03-25 17:00:00,AG0010,SUCCESSFUL
FV00000291,A000886,2025-12-14 08:00:00,AG0096,SUCCESSFUL
FV00000292,A002086,2026-07-04 10:00:00,AG0051,UNSUCCESSFUL
FV00000293,A001394,2026-04-26 08:00:00,AG0001,SUCCESSFUL
FV00000294,A001204,2026-01-19 16:00:00,AG0092,UNSUCCESSFUL
FV00000295,A003438,2026-02-03 16:00:00,AG0108,SUCCESSFUL
FV00000296,A002968,2026-01-17 18:00:00,AG0068,RESCHEDULED
FV00000297,A000375,2026-06-26 14:00:00,AG0030,SUCCESSFUL
FV00000298,A004055,2026-06-19 14:00:00,AG0059,UNSUCCESSFUL
FV00000299,A001101,2025-11-20 18:00:00,AG0108,SUCCESSFUL
FV00000300,A003443,2026-05-01 08:00:00,AG0083,UNSUCCESSFUL
FV00000301,A001751,2025-12-16 18:00:00,AG0039,SUCCESSFUL
FV00000302,A000102,2025-10-18 16:00:00,AG0082,UNSUCCESSFUL
FV00000303,A000216,2026-02-04 14:00:00,AG0100,UNSUCCESSFUL
FV00000304,A000306,2025-09-23 10:00:00,AG0030,SUCCESSFUL
FV00000305,A002432,2025-11-13 18:00:00,AG0024,SUCCESSFUL
FV00000306,A000824,2025-10-09 12:00:00,AG0108,SUCCESSFUL
FV00000307,A002116,2026-01-08 09:00:00,AG0043,SUCCESSFUL
FV00000308,A000019,2026-03-26 11:00:00,AG0063,SUCCESSFUL
FV00000309,A002131,2026-06-08 13:00:00,AG0047,SUCCESSFUL
FV00000310,A002766,2025-12-25 10:00:00,AG0008,UNSUCCESSFUL
FV00000311,A002881,2025-12-05 08:00:00,AG0097,UNSUCCESSFUL
FV00000312,A002532,2026-02-22 11:00:00,AG0117,UNSUCCESSFUL
FV00000313,A003896,2026-05-14 15:00:00,AG0003,SUCCESSFUL
FV00000314,A001010,2026-03-15 12:00:00,AG0024,RESCHEDULED
FV00000315,A002361,2026-03-07 09:00:00,AG0018,UNSUCCESSFUL
FV00000316,A004012,2026-07-27 14:00:00,AG0071,UNSUCCESSFUL
FV00000317,A000934,2026-02-15 12:00:00,AG0053,UNSUCCESSFUL
FV00000318,A003437,2026-05-17 08:00:00,AG0008,RESCHEDULED
FV00000319,A003414,2026-05-01 16:00:00,AG0112,SUCCESSFUL
FV00000320,A003980,2025-09-23 12:00:00,AG0053,UNSUCCESSFUL
FV00000321,A003300,2025-12-06 10:00:00,AG0049,UNSUCCESSFUL
FV00000322,A001580,2026-03-21 13:00:00,AG0093,SUCCESSFUL
FV00000323,A000415,2026-07-06 13:00:00,AG0013,UNSUCCESSFUL
FV00000324,A001890,2026-06-15 14:00:00,AG0078,SUCCESSFUL
FV00000325,A001002,2026-02-03 11:00:00,AG0086,RESCHEDULED
FV00000326,A003485,2025-12-25 12:00:00,AG0009,SUCCESSFUL
FV00000327,A001223,2025-09-18 09:00:00,AG0006,SUCCESSFUL
FV00000328,A001882,2025-10-06 08:00:00,AG0006,SUCCESSFUL
FV00000329,A000928,2025-11-22 10:00:00,AG0104,SUCCESSFUL
FV00000330,A003869,2025-10-20 13:00:00,AG0043,UNSUCCESSFUL
FV00000331,A001409,2026-01-05 11:00:00,AG0009,SUCCESSFUL
FV00000332,A000420,2026-01-06 15:00:00,AG0066,UNSUCCESSFUL
FV00000333,A003986,2026-03-05 15:00:00,AG0120,UNSUCCESSFUL
FV00000334,A002377,2026-04-26 16:00:00,AG0067,UNSUCCESSFUL
FV00000335,A000534,2026-04-26 08:00:00,AG0029,SUCCESSFUL
FV00000336,A003280,2025-10-11 10:00:00,AG0029,SUCCESSFUL
FV00000337,A003506,2025-12-15 08:00:00,AG0054,UNSUCCESSFUL
FV00000338,A004071,2026-02-15 12:00:00,AG0024,UNSUCCESSFUL
FV00000339,A004025,2026-05-03 15:00:00,AG0120,SUCCESSFUL
FV00000340,A004147,2026-07-01 08:00:00,AG0074,UNSUCCESSFUL
FV00000341,A001226,2026-02-03 10:00:00,AG0014,SUCCESSFUL
FV00000342,A003405,2026-02-21 14:00:00,AG0033,UNSUCCESSFUL
FV00000343,A002696,2026-06-19 09:00:00,AG0012,SUCCESSFUL
FV00000344,A000082,2026-05-26 17:00:00,AG0093,UNSUCCESSFUL
FV00000345,A003639,2026-08-16 16:00:00,AG0086,UNSUCCESSFUL
FV00000346,A003919,2026-02-19 18:00:00,AG0074,SUCCESSFUL
FV00000347,A000766,2025-09-02 14:00:00,AG0001,UNSUCCESSFUL
FV00000348,A000175,2026-08-06 14:00:00,AG0011,UNSUCCESSFUL
FV00000349,A000832,2025-12-16 09:00:00,AG0024,UNSUCCESSFUL
FV00000350,A000558,2025-10-21 14:00:00,AG0109,SUCCESSFUL
FV00000351,A003151,2025-12-10 08:00:00,AG0102,UNSUCCESSFUL
FV00000352,A000169,2025-12-05 18:00:00,AG0054,SUCCESSFUL
FV00000353,A000912,2025-11-07 16:00:00,AG0119,SUCCESSFUL
FV00000354,A002645,2026-06-17 10:00:00,AG0043,UNSUCCESSFUL
FV00000355,A003496,2026-08-27 16:00:00,AG0015,UNSUCCESSFUL
FV00000356,A003587,2025-09-23 17:00:00,AG0038,UNSUCCESSFUL
FV00000357,A000259,2025-10-09 12:00:00,AG0102,UNSUCCESSFUL
FV00000358,A000393,2026-02-12 12:00:00,AG0068,SUCCESSFUL
FV00000359,A000010,2025-10-06 09:00:00,AG0070,SUCCESSFUL
FV00000360,A001459,2026-04-10 14:00:00,AG0088,UNSUCCESSFUL
FV00000361,A002361,2026-03-14 18:00:00,AG0011,UNSUCCESSFUL
FV00000362,A003081,2025-11-06 15:00:00,AG0112,SUCCESSFUL
FV00000363,A000335,2026-02-22 14:00:00,AG0055,UNSUCCESSFUL
FV00000364,A002653,2026-07-17 12:00:00,AG0115,UNSUCCESSFUL
FV00000365,A003080,2026-07-16 10:00:00,AG0045,UNSUCCESSFUL
FV00000366,A002943,2026-08-04 13:00:00,AG0093,UNSUCCESSFUL
FV00000367,A003578,2026-04-01 12:00:00,AG0011,SUCCESSFUL
FV00000368,A002818,2026-06-05 10:00:00,AG0089,RESCHEDULED
FV00000369,A004133,2026-01-05 15:00:00,AG0030,RESCHEDULED
FV00000370,A001207,2026-01-26 18:00:00,AG0084,UNSUCCESSFUL
FV00000371,A001444,2025-10-08 09:00:00,AG0020,UNSUCCESSFUL
FV00000372,A001738,2026-06-03 11:00:00,AG0023,SUCCESSFUL
FV00000373,A004047,2026-05-10 08:00:00,AG0069,UNSUCCESSFUL
FV00000374,A003812,2026-08-16 16:00:00,AG0011,UNSUCCESSFUL
FV00000375,A000393,2026-01-16 14:00:00,AG0051,RESCHEDULED
FV00000376,A002810,2025-10-23 11:00:00,AG0015,UNSUCCESSFUL
FV00000377,A003213,2026-01-25 18:00:00,AG0027,SUCCESSFUL
FV00000378,A001239,2026-04-27 17:00:00,AG0069,UNSUCCESSFUL
FV00000379,A000475,2026-02-14 16:00:00,AG0095,UNSUCCESSFUL
FV00000380,A001304,2025-10-18 17:00:00,AG0032,SUCCESSFUL
FV00000381,A002111,2025-10-13 08:00:00,AG0001,UNSUCCESSFUL
FV00000382,A002385,2026-08-03 17:00:00,AG0051,SUCCESSFUL
FV00000383,A004068,2026-06-15 12:00:00,AG0070,UNSUCCESSFUL
FV00000384,A000405,2026-02-10 16:00:00,AG0016,UNSUCCESSFUL
FV00000385,A001866,2026-05-12 18:00:00,AG0095,SUCCESSFUL
FV00000386,A004152,2025-10-22 12:00:00,AG0046,UNSUCCESSFUL
FV00000387,A001349,2025-09-01 14:00:00,AG0095,SUCCESSFUL
FV00000388,A000196,2026-01-21 09:00:00,AG0008,SUCCESSFUL
FV00000389,A000492,2026-07-22 17:00:00,AG0041,SUCCESSFUL
FV00000390,A000154,2026-03-22 14:00:00,AG0002,UNSUCCESSFUL
FV00000391,A002693,2026-05-22 17:00:00,AG0061,RESCHEDULED
FV00000392,A002381,2026-06-24 18:00:00,AG0069,SUCCESSFUL
FV00000393,A002646,2026-07-06 13:00:00,AG0061,SUCCESSFUL
FV00000394,A003064,2025-09-21 09:00:00,AG0091,UNSUCCESSFUL
FV00000395,A000200,2026-07-21 10:00:00,AG0017,UNSUCCESSFUL
FV00000396,A000030,2025-11-03 13:00:00,AG0108,UNSUCCESSFUL
FV00000397,A003248,2026-02-13 14:00:00,AG0009,RESCHEDULED
FV00000398,A002132,2026-04-03 12:00:00,AG0120,UNSUCCESSFUL
FV00000399,A001093,2025-11-05 09:00:00,AG0113,UNSUCCESSFUL
FV00000400,A001315,2026-08-22 13:00:00,AG0067,UNSUCCESSFUL
FV00000401,A000748,2026-03-17 08:00:00,AG0017,SUCCESSFUL
FV00000402,A003155,2025-12-05 14:00:00,AG0087,SUCCESSFUL
FV00000403,A002207,2026-06-16 08:00:00,AG0049,SUCCESSFUL
FV00000404,A003753,2026-08-17 08:00:00,AG0035,UNSUCCESSFUL
FV00000405,A002753,2025-10-23 11:00:00,AG0018,UNSUCCESSFUL
FV00000406,A002530,2025-10-18 08:00:00,AG0101,UNSUCCESSFUL
FV00000407,A001929,2026-06-25 08:00:00,AG0005,UNSUCCESSFUL
FV00000408,A003122,2026-07-06 17:00:00,AG0016,UNSUCCESSFUL
FV00000409,A002056,2026-06-10 11:00:00,AG0108,UNSUCCESSFUL
FV00000410,A003813,2026-08-23 15:00:00,AG0110,UNSUCCESSFUL
FV00000411,A002138,2026-03-22 14:00:00,AG0109,SUCCESSFUL
FV00000412,A003920,2025-11-16 15:00:00,AG0034,UNSUCCESSFUL
FV00000413,A003648,2026-02-03 17:00:00,AG0059,UNSUCCESSFUL
FV00000414,A002485,2026-06-21 11:00:00,AG0028,UNSUCCESSFUL
FV00000415,A000101,2026-08-13 17:00:00,AG0014,SUCCESSFUL
FV00000416,A001035,2026-05-02 11:00:00,AG0074,SUCCESSFUL
FV00000417,A002846,2026-03-24 16:00:00,AG0005,UNSUCCESSFUL
FV00000418,A002818,2025-11-12 18:00:00,AG0003,UNSUCCESSFUL
FV00000419,A002919,2025-12-25 09:00:00,AG0006,UNSUCCESSFUL
FV00000420,A002750,2026-08-15 14:00:00,AG0091,UNSUCCESSFUL
FV00000421,A001438,2026-07-14 17:00:00,AG0028,RESCHEDULED
FV00000422,A003757,2026-05-23 10:00:00,AG0057,UNSUCCESSFUL
FV00000423,A003173,2026-02-04 13:00:00,AG0063,RESCHEDULED
FV00000424,A002347,2026-07-26 17:00:00,AG0016,UNSUCCESSFUL
FV00000425,A002487,2025-10-25 15:00:00,AG0086,UNSUCCESSFUL
FV00000426,A000948,2026-07-25 17:00:00,AG0040,UNSUCCESSFUL
FV00000427,A000055,2025-12-13 09:00:00,AG0076,UNSUCCESSFUL
FV00000428,A000905,2025-10-12 12:00:00,AG0042,SUCCESSFUL
FV00000429,A003866,2025-12-04 13:00:00,AG0058,SUCCESSFUL
FV00000430,A003647,2026-05-03 12:00:00,AG0064,SUCCESSFUL
FV00000431,A003318,2026-03-14 13:00:00,AG0089,SUCCESSFUL
FV00000432,A000311,2026-04-08 18:00:00,AG0011,SUCCESSFUL
FV00000433,A001011,2026-04-20 13:00:00,AG0056,RESCHEDULED
FV00000434,A004186,2026-01-21 08:00:00,AG0047,UNSUCCESSFUL
FV00000435,A001561,2025-10-23 18:00:00,AG0116,SUCCESSFUL
FV00000436,A002243,2025-11-06 14:00:00,AG0099,UNSUCCESSFUL
FV00000437,A003612,2026-08-09 10:00:00,AG0089,UNSUCCESSFUL
FV00000438,A001762,2025-10-04 17:00:00,AG0050,UNSUCCESSFUL
FV00000439,A003897,2026-04-14 15:00:00,AG0007,SUCCESSFUL
FV00000440,A002390,2026-04-22 12:00:00,AG0106,UNSUCCESSFUL
FV00000441,A003376,2026-07-25 09:00:00,AG0085,UNSUCCESSFUL
FV00000442,A001450,2025-11-08 09:00:00,AG0107,SUCCESSFUL
FV00000443,A000493,2026-05-05 08:00:00,AG0009,UNSUCCESSFUL
FV00000444,A001101,2025-11-19 13:00:00,AG0101,SUCCESSFUL
FV00000445,A000777,2025-12-16 12:00:00,AG0003,SUCCESSFUL
FV00000446,A002123,2025-10-26 11:00:00,AG0047,RESCHEDULED
FV00000447,A001409,2026-05-24 08:00:00,AG0031,SUCCESSFUL
FV00000448,A003299,2026-04-15 10:00:00,AG0013,SUCCESSFUL
FV00000449,A001959,2026-06-15 16:00:00,AG0003,RESCHEDULED
FV00000450,A000297,2026-04-08 16:00:00,AG0048,UNSUCCESSFUL
FV00000451,A003658,2026-01-19 18:00:00,AG0016,UNSUCCESSFUL
FV00000452,A001661,2025-10-21 15:00:00,AG0025,UNSUCCESSFUL
FV00000453,A000813,2026-02-15 13:00:00,AG0033,UNSUCCESSFUL
FV00000454,A001407,2026-03-20 10:00:00,AG0028,SUCCESSFUL
FV00000455,A002999,2025-10-15 18:00:00,AG0084,SUCCESSFUL
FV00000456,A003556,2026-04-22 10:00:00,AG0077,SUCCESSFUL
FV00000457,A001196,2025-10-18 09:00:00,AG0031,UNSUCCESSFUL
FV00000458,A001791,2026-05-24 15:00:00,AG0017,UNSUCCESSFUL
FV00000459,A002892,2025-09-01 18:00:00,AG0109,UNSUCCESSFUL
FV00000460,A001331,2026-03-25 11:00:00,AG0023,UNSUCCESSFUL
FV00000461,A002726,2026-05-20 15:00:00,AG0021,SUCCESSFUL
FV00000462,A000068,2025-11-27 16:00:00,AG0107,UNSUCCESSFUL
FV00000463,A001471,2026-02-16 13:00:00,AG0061,UNSUCCESSFUL
FV00000464,A002321,2026-04-08 16:00:00,AG0099,UNSUCCESSFUL
FV00000465,A003110,2026-03-01 09:00:00,AG0061,SUCCESSFUL
FV00000466,A000724,2025-10-26 12:00:00,AG0055,SUCCESSFUL
FV00000467,A001720,2025-11-25 18:00:00,AG0043,SUCCESSFUL
FV00000468,A002393,2026-01-23 09:00:00,AG0040,UNSUCCESSFUL
FV00000469,A002183,2026-05-09 08:00:00,AG0115,SUCCESSFUL
FV00000470,A001253,2026-02-11 13:00:00,AG0007,SUCCESSFUL
FV00000471,A002269,2026-06-25 17:00:00,AG0007,SUCCESSFUL
FV00000472,A002658,2025-09-22 17:00:00,AG0055,UNSUCCESSFUL
FV00000473,A002291,2025-09-10 08:00:00,AG0104,RESCHEDULED
FV00000474,A001667,2026-06-17 18:00:00,AG0001,SUCCESSFUL
FV00000475,A001971,2026-08-10 16:00:00,AG0088,UNSUCCESSFUL
FV00000476,A000310,2026-05-24 16:00:00,AG0092,SUCCESSFUL
FV00000477,A001115,2026-05-11 10:00:00,AG0066,SUCCESSFUL
FV00000478,A000667,2025-11-19 13:00:00,AG0035,UNSUCCESSFUL
FV00000479,A002579,2025-11-27 09:00:00,AG0041,SUCCESSFUL
FV00000480,A001538,2026-04-27 09:00:00,AG0094,UNSUCCESSFUL
FV00000481,A003280,2025-09-21 15:00:00,AG0019,UNSUCCESSFUL
FV00000482,A002066,2026-01-12 14:00:00,AG0096,SUCCESSFUL
FV00000483,A000720,2026-07-05 12:00:00,AG0064,UNSUCCESSFUL
FV00000484,A003984,2026-08-21 11:00:00,AG0109,SUCCESSFUL
FV00000485,A004007,2026-03-22 11:00:00,AG0050,UNSUCCESSFUL
FV00000486,A001497,2025-11-15 13:00:00,AG0088,SUCCESSFUL
FV00000487,A002153,2026-04-13 14:00:00,AG0108,UNSUCCESSFUL
FV00000488,A003344,2026-01-11 12:00:00,AG0086,SUCCESSFUL
FV00000489,A003086,2026-08-22 08:00:00,AG0063,RESCHEDULED
FV00000490,A002604,2026-01-19 13:00:00,AG0113,UNSUCCESSFUL
FV00000491,A001127,2025-11-25 08:00:00,AG0099,UNSUCCESSFUL
FV00000492,A003439,2025-11-04 17:00:00,AG0077,SUCCESSFUL
FV00000493,A001960,2026-06-25 13:00:00,AG0118,RESCHEDULED
FV00000494,A003455,2026-03-24 11:00:00,AG0037,RESCHEDULED
FV00000495,A000079,2026-06-21 18:00:00,AG0067,SUCCESSFUL
FV00000496,A002814,2026-04-01 12:00:00,AG0051,SUCCESSFUL
FV00000497,A002360,2026-04-19 16:00:00,AG0023,UNSUCCESSFUL
FV00000498,A001077,2026-07-01 15:00:00,AG0092,SUCCESSFUL
FV00000499,A000966,2025-09-15 15:00:00,AG0039,SUCCESSFUL
FV00000500,A002552,2026-01-23 11:00:00,AG0040,UNSUCCESSFUL
FV00000501,A003381,2025-09-25 18:00:00,AG0102,SUCCESSFUL
FV00000502,A000586,2026-04-17 12:00:00,AG0026,UNSUCCESSFUL
FV00000503,A002085,2025-12-23 12:00:00,AG0099,UNSUCCESSFUL
FV00000504,A002984,2025-11-19 15:00:00,AG0018,UNSUCCESSFUL
FV00000505,A003914,2025-09-01 12:00:00,AG0092,UNSUCCESSFUL
FV00000506,A000843,2025-12-25 15:00:00,AG0088,RESCHEDULED
FV00000507,A004159,2026-02-02 14:00:00,AG0061,UNSUCCESSFUL
FV00000508,A003430,2026-03-16 10:00:00,AG0066,UNSUCCESSFUL
FV00000509,A003914,2025-10-15 13:00:00,AG0089,UNSUCCESSFUL
FV00000510,A000730,2025-09-19 09:00:00,AG0022,SUCCESSFUL
FV00000511,A000527,2026-06-25 18:00:00,AG0091,SUCCESSFUL
FV00000512,A002741,2026-08-24 17:00:00,AG0065,SUCCESSFUL
FV00000513,A002542,2026-03-03 17:00:00,AG0063,UNSUCCESSFUL
FV00000514,A001769,2025-10-25 13:00:00,AG0084,SUCCESSFUL
FV00000515,A001171,2026-08-20 14:00:00,AG0059,RESCHEDULED
FV00000516,A001343,2026-08-21 16:00:00,AG0058,SUCCESSFUL
FV00000517,A000545,2025-10-08 17:00:00,AG0083,UNSUCCESSFUL
FV00000518,A000032,2025-11-21 12:00:00,AG0081,UNSUCCESSFUL
FV00000519,A001931,2026-07-12 16:00:00,AG0081,SUCCESSFUL
FV00000520,A003004,2026-08-26 10:00:00,AG0083,UNSUCCESSFUL
FV00000521,A002270,2026-08-03 08:00:00,AG0064,UNSUCCESSFUL
FV00000522,A001427,2026-08-25 13:00:00,AG0115,RESCHEDULED
FV00000523,A003310,2026-01-25 11:00:00,AG0090,UNSUCCESSFUL
FV00000524,A002604,2025-09-17 15:00:00,AG0112,SUCCESSFUL
FV00000525,A001058,2025-09-03 12:00:00,AG0012,RESCHEDULED
FV00000526,A000274,2026-05-05 14:00:00,AG0017,UNSUCCESSFUL
FV00000527,A000914,2026-05-06 16:00:00,AG0056,UNSUCCESSFUL
FV00000528,A001585,2025-11-02 12:00:00,AG0107,UNSUCCESSFUL
FV00000529,A001703,2025-10-23 11:00:00,AG0047,RESCHEDULED
FV00000530,A002772,2025-12-22 08:00:00,AG0119,SUCCESSFUL
FV00000531,A002777,2026-02-25 08:00:00,AG0014,SUCCESSFUL
FV00000532,A003817,2025-09-15 11:00:00,AG0001,UNSUCCESSFUL
FV00000533,A004047,2026-04-04 18:00:00,AG0008,SUCCESSFUL
FV00000534,A004166,2026-08-04 11:00:00,AG0113,UNSUCCESSFUL
FV00000535,A002164,2025-12-11 11:00:00,AG0009,RESCHEDULED
FV00000536,A000502,2025-11-07 18:00:00,AG0058,SUCCESSFUL
FV00000537,A003843,2025-10-07 13:00:00,AG0039,SUCCESSFUL
FV00000538,A000940,2025-11-19 18:00:00,AG0093,SUCCESSFUL
FV00000539,A002776,2026-08-20 10:00:00,AG0027,UNSUCCESSFUL
FV00000540,A001704,2026-06-18 17:00:00,AG0032,UNSUCCESSFUL
FV00000541,A000712,2025-09-14 17:00:00,AG0032,SUCCESSFUL
FV00000542,A000240,2026-01-07 14:00:00,AG0104,SUCCESSFUL
FV00000543,A003827,2026-05-07 17:00:00,AG0048,RESCHEDULED
FV00000544,A002019,2025-09-17 16:00:00,AG0027,RESCHEDULED
FV00000545,A003116,2025-10-12 14:00:00,AG0027,RESCHEDULED
FV00000546,A003767,2025-12-10 16:00:00,AG0052,SUCCESSFUL
FV00000547,A002935,2025-10-20 13:00:00,AG0093,SUCCESSFUL
FV00000548,A003162,2025-12-13 12:00:00,AG0005,UNSUCCESSFUL
FV00000549,A003085,2026-02-19 08:00:00,AG0058,SUCCESSFUL
FV00000550,A002461,2026-07-07 12:00:00,AG0083,RESCHEDULED
FV00000551,A001138,2025-09-23 09:00:00,AG0118,UNSUCCESSFUL
FV00000552,A003031,2026-02-18 17:00:00,AG0086,SUCCESSFUL
FV00000553,A003381,2025-12-11 10:00:00,AG0112,UNSUCCESSFUL
FV00000554,A002839,2026-08-07 12:00:00,AG0018,UNSUCCESSFUL
FV00000555,A004100,2026-03-02 14:00:00,AG0027,UNSUCCESSFUL
FV00000556,A003338,2026-04-05 08:00:00,AG0111,UNSUCCESSFUL
FV00000557,A002075,2025-11-07 10:00:00,AG0003,UNSUCCESSFUL
FV00000558,A001417,2026-06-27 12:00:00,AG0050,SUCCESSFUL
FV00000559,A000361,2026-03-17 17:00:00,AG0064,UNSUCCESSFUL
FV00000560,A003098,2026-05-26 12:00:00,AG0089,UNSUCCESSFUL
FV00000561,A003315,2025-11-04 08:00:00,AG0102,UNSUCCESSFUL
FV00000562,A000116,2026-05-18 13:00:00,AG0070,UNSUCCESSFUL
FV00000563,A002254,2026-08-27 13:00:00,AG0033,UNSUCCESSFUL
FV00000564,A000643,2025-09-01 13:00:00,AG0092,UNSUCCESSFUL
FV00000565,A003307,2025-09-12 17:00:00,AG0097,SUCCESSFUL
FV00000566,A002773,2026-06-12 12:00:00,AG0062,RESCHEDULED
FV00000567,A001700,2025-09-07 17:00:00,AG0028,UNSUCCESSFUL
FV00000568,A000930,2026-05-01 17:00:00,AG0024,SUCCESSFUL
FV00000569,A002890,2025-10-20 12:00:00,AG0028,UNSUCCESSFUL
FV00000570,A003838,2026-06-18 13:00:00,AG0010,UNSUCCESSFUL
FV00000571,A000875,2026-02-21 15:00:00,AG0069,SUCCESSFUL
FV00000572,A001802,2026-08-01 13:00:00,AG0036,SUCCESSFUL
FV00000573,A003979,2025-09-15 10:00:00,AG0013,UNSUCCESSFUL
FV00000574,A002243,2025-12-07 18:00:00,AG0105,RESCHEDULED
FV00000575,A002991,2026-05-16 18:00:00,AG0014,SUCCESSFUL
FV00000576,A002374,2025-12-02 15:00:00,AG0011,UNSUCCESSFUL
FV00000577,A001760,2026-02-04 09:00:00,AG0003,RESCHEDULED
FV00000578,A000364,2026-04-14 18:00:00,AG0012,SUCCESSFUL
FV00000579,A002463,2026-01-25 15:00:00,AG0039,UNSUCCESSFUL
FV00000580,A001472,2026-08-23 14:00:00,AG0049,UNSUCCESSFUL
FV00000581,A003679,2025-09-17 15:00:00,AG0056,UNSUCCESSFUL
FV00000582,A002333,2026-03-01 17:00:00,AG0013,RESCHEDULED
FV00000583,A004050,2026-01-17 10:00:00,AG0047,SUCCESSFUL
FV00000584,A002202,2026-02-17 14:00:00,AG0032,RESCHEDULED
FV00000585,A001914,2025-10-08 14:00:00,AG0013,RESCHEDULED
FV00000586,A003902,2025-10-18 12:00:00,AG0086,UNSUCCESSFUL
FV00000587,A002367,2025-11-12 08:00:00,AG0110,SUCCESSFUL
FV00000588,A001917,2025-09-25 15:00:00,AG0058,SUCCESSFUL
FV00000589,A003745,2025-12-13 09:00:00,AG0015,UNSUCCESSFUL
FV00000590,A000907,2026-02-03 10:00:00,AG0021,SUCCESSFUL
FV00000591,A000756,2025-12-22 10:00:00,AG0022,UNSUCCESSFUL
FV00000592,A004123,2025-12-15 16:00:00,AG0114,UNSUCCESSFUL
FV00000593,A003610,2026-04-24 10:00:00,AG0032,SUCCESSFUL
FV00000594,A002031,2026-04-09 15:00:00,AG0022,RESCHEDULED
FV00000595,A003039,2026-02-17 17:00:00,AG0043,UNSUCCESSFUL
FV00000596,A001597,2025-11-06 12:00:00,AG0018,UNSUCCESSFUL
FV00000597,A000046,2026-02-12 11:00:00,AG0054,SUCCESSFUL
FV00000598,A001413,2026-03-08 10:00:00,AG0100,SUCCESSFUL
FV00000599,A002948,2026-06-12 12:00:00,AG0059,RESCHEDULED
FV00000600,A003033,2025-12-23 08:00:00,AG0061,UNSUCCESSFUL
FV00000601,A001111,2026-07-09 13:00:00,AG0016,UNSUCCESSFUL
FV00000602,A001827,2025-12-14 13:00:00,AG0039,SUCCESSFUL
FV00000603,A003973,2025-11-19 18:00:00,AG0027,SUCCESSFUL
FV00000604,A003117,2026-02-06 15:00:00,AG0078,UNSUCCESSFUL
FV00000605,A002183,2026-07-07 10:00:00,AG0013,UNSUCCESSFUL
FV00000606,A004079,2026-06-14 15:00:00,AG0050,UNSUCCESSFUL
FV00000607,A001791,2026-02-11 09:00:00,AG0040,UNSUCCESSFUL
FV00000608,A001785,2026-05-05 11:00:00,AG0058,UNSUCCESSFUL
FV00000609,A001214,2026-03-27 08:00:00,AG0028,UNSUCCESSFUL
FV00000610,A003201,2026-02-22 09:00:00,AG0063,SUCCESSFUL
FV00000611,A003748,2026-07-17 18:00:00,AG0016,SUCCESSFUL
FV00000612,A002772,2026-08-20 17:00:00,AG0042,SUCCESSFUL
FV00000613,A000470,2026-07-14 11:00:00,AG0066,SUCCESSFUL
FV00000614,A000055,2025-11-23 16:00:00,AG0101,SUCCESSFUL
FV00000615,A001585,2025-09-15 09:00:00,AG0056,UNSUCCESSFUL
FV00000616,A000151,2026-01-27 14:00:00,AG0046,SUCCESSFUL
FV00000617,A002511,2026-07-04 09:00:00,AG0088,UNSUCCESSFUL
FV00000618,A001349,2026-01-21 10:00:00,AG0026,UNSUCCESSFUL
FV00000619,A002592,2026-08-08 16:00:00,AG0019,UNSUCCESSFUL
FV00000620,A003592,2026-02-23 13:00:00,AG0004,SUCCESSFUL
FV00000621,A003155,2026-04-09 08:00:00,AG0044,SUCCESSFUL
FV00000622,A003623,2026-01-17 12:00:00,AG0032,SUCCESSFUL
FV00000623,A003990,2026-01-20 16:00:00,AG0060,UNSUCCESSFUL
FV00000624,A000301,2026-08-26 18:00:00,AG0016,SUCCESSFUL
FV00000625,A002412,2026-03-14 10:00:00,AG0031,UNSUCCESSFUL
FV00000626,A000046,2026-01-06 16:00:00,AG0046,UNSUCCESSFUL
FV00000627,A003898,2026-08-22 18:00:00,AG0103,UNSUCCESSFUL
FV00000628,A000312,2026-07-06 13:00:00,AG0031,SUCCESSFUL
FV00000629,A000729,2026-04-25 14:00:00,AG0003,SUCCESSFUL
FV00000630,A002918,2026-07-18 10:00:00,AG0018,UNSUCCESSFUL
FV00000631,A000164,2025-11-01 16:00:00,AG0110,UNSUCCESSFUL
FV00000632,A004075,2026-04-11 14:00:00,AG0013,UNSUCCESSFUL
FV00000633,A002690,2026-07-10 18:00:00,AG0003,UNSUCCESSFUL
FV00000634,A000502,2026-05-09 18:00:00,AG0115,SUCCESSFUL
FV00000635,A003614,2025-10-18 11:00:00,AG0104,RESCHEDULED
FV00000636,A001453,2026-02-23 14:00:00,AG0090,UNSUCCESSFUL
FV00000637,A004058,2025-12-12 13:00:00,AG0090,UNSUCCESSFUL
FV00000638,A000100,2026-08-05 16:00:00,AG0008,SUCCESSFUL
FV00000639,A000738,2026-07-19 10:00:00,AG0078,SUCCESSFUL
FV00000640,A001268,2025-10-07 10:00:00,AG0096,UNSUCCESSFUL
FV00000641,A002750,2026-03-13 10:00:00,AG0028,SUCCESSFUL
FV00000642,A001380,2026-01-22 14:00:00,AG0020,SUCCESSFUL
FV00000643,A002071,2026-04-12 18:00:00,AG0098,SUCCESSFUL
FV00000644,A004016,2026-04-06 16:00:00,AG0105,UNSUCCESSFUL
FV00000645,A001478,2025-10-14 15:00:00,AG0103,SUCCESSFUL
FV00000646,A003350,2026-05-16 11:00:00,AG0094,UNSUCCESSFUL
FV00000647,A003184,2026-08-07 08:00:00,AG0053,SUCCESSFUL
FV00000648,A003226,2026-02-13 16:00:00,AG0100,SUCCESSFUL
FV00000649,A000210,2026-03-12 15:00:00,AG0101,UNSUCCESSFUL
FV00000650,A002720,2025-11-13 18:00:00,AG0105,UNSUCCESSFUL
FV00000651,A001191,2025-12-02 13:00:00,AG0081,UNSUCCESSFUL
FV00000652,A000984,2026-05-01 09:00:00,AG0082,UNSUCCESSFUL
FV00000653,A003366,2025-09-06 12:00:00,AG0059,SUCCESSFUL
FV00000654,A003715,2026-08-03 09:00:00,AG0088,UNSUCCESSFUL
FV00000655,A000989,2026-03-02 12:00:00,AG0045,UNSUCCESSFUL
FV00000656,A000471,2026-01-03 11:00:00,AG0015,RESCHEDULED
FV00000657,A003147,2026-06-10 08:00:00,AG0025,UNSUCCESSFUL
FV00000658,A001809,2026-02-07 10:00:00,AG0032,UNSUCCESSFUL
FV00000659,A000126,2026-02-17 15:00:00,AG0100,UNSUCCESSFUL
FV00000660,A003088,2025-11-09 08:00:00,AG0027,UNSUCCESSFUL
FV00000661,A003744,2026-07-24 16:00:00,AG0102,SUCCESSFUL
FV00000662,A003931,2026-05-06 11:00:00,AG0031,UNSUCCESSFUL
FV00000663,A002018,2025-10-04 15:00:00,AG0013,UNSUCCESSFUL
FV00000664,A002498,2025-11-19 08:00:00,AG0036,RESCHEDULED
FV00000665,A001184,2026-02-07 16:00:00,AG0064,UNSUCCESSFUL
FV00000666,A003646,2026-03-20 13:00:00,AG0044,UNSUCCESSFUL
FV00000667,A002024,2026-08-08 16:00:00,AG0115,SUCCESSFUL
FV00000668,A004085,2026-05-07 12:00:00,AG0106,SUCCESSFUL
FV00000669,A001301,2025-10-14 10:00:00,AG0066,SUCCESSFUL
FV00000670,A001960,2025-12-09 08:00:00,AG0014,UNSUCCESSFUL
FV00000671,A003141,2026-08-07 14:00:00,AG0103,UNSUCCESSFUL
FV00000672,A002871,2025-09-12 17:00:00,AG0102,UNSUCCESSFUL
FV00000673,A001073,2026-03-26 17:00:00,AG0094,SUCCESSFUL
FV00000674,A001487,2026-05-15 09:00:00,AG0112,UNSUCCESSFUL
FV00000675,A000583,2026-06-27 12:00:00,AG0115,UNSUCCESSFUL
FV00000676,A002878,2026-06-22 17:00:00,AG0035,RESCHEDULED
FV00000677,A004154,2026-01-12 13:00:00,AG0033,SUCCESSFUL
FV00000678,A003994,2026-08-26 17:00:00,AG0061,UNSUCCESSFUL
FV00000679,A002962,2026-02-14 17:00:00,AG0112,UNSUCCESSFUL
FV00000680,A000722,2026-05-26 13:00:00,AG0047,UNSUCCESSFUL
FV00000681,A001333,2025-12-21 10:00:00,AG0036,UNSUCCESSFUL
FV00000682,A001345,2026-07-27 15:00:00,AG0103,UNSUCCESSFUL
FV00000683,A001676,2026-01-26 09:00:00,AG0113,UNSUCCESSFUL
FV00000684,A002058,2026-04-24 12:00:00,AG0044,UNSUCCESSFUL
FV00000685,A001593,2026-02-26 08:00:00,AG0065,UNSUCCESSFUL
FV00000686,A002093,2025-09-15 17:00:00,AG0106,UNSUCCESSFUL
FV00000687,A003445,2026-03-24 14:00:00,AG0063,SUCCESSFUL
FV00000688,A000036,2026-03-08 13:00:00,AG0020,UNSUCCESSFUL
FV00000689,A002779,2026-05-20 18:00:00,AG0104,UNSUCCESSFUL
FV00000690,A003504,2026-02-23 18:00:00,AG0108,SUCCESSFUL
FV00000691,A003600,2025-12-05 17:00:00,AG0017,SUCCESSFUL
FV00000692,A000199,2025-12-26 16:00:00,AG0002,SUCCESSFUL
FV00000693,A003472,2026-08-15 18:00:00,AG0036,UNSUCCESSFUL
FV00000694,A000692,2026-08-25 08:00:00,AG0094,UNSUCCESSFUL
FV00000695,A002136,2026-01-06 14:00:00,AG0039,SUCCESSFUL
FV00000696,A000859,2026-01-03 14:00:00,AG0054,SUCCESSFUL
FV00000697,A003123,2025-12-12 15:00:00,AG0039,UNSUCCESSFUL
FV00000698,A002958,2026-01-02 10:00:00,AG0094,UNSUCCESSFUL
FV00000699,A002097,2026-05-12 14:00:00,AG0078,SUCCESSFUL
FV00000700,A003755,2026-05-24 10:00:00,AG0050,RESCHEDULED
FV00000701,A002727,2026-06-06 13:00:00,AG0007,UNSUCCESSFUL
FV00000702,A000551,2025-12-09 12:00:00,AG0075,SUCCESSFUL
FV00000703,A002941,2026-03-05 10:00:00,AG0042,UNSUCCESSFUL
FV00000704,A003769,2026-08-17 09:00:00,AG0023,SUCCESSFUL
FV00000705,A003551,2026-06-04 16:00:00,AG0071,UNSUCCESSFUL
FV00000706,A000476,2025-10-22 15:00:00,AG0058,UNSUCCESSFUL
FV00000707,A002808,2025-11-26 08:00:00,AG0017,UNSUCCESSFUL
FV00000708,A000901,2026-04-08 13:00:00,AG0084,UNSUCCESSFUL
FV00000709,A002841,2026-08-17 17:00:00,AG0025,SUCCESSFUL
FV00000710,A002721,2026-06-04 15:00:00,AG0077,RESCHEDULED
FV00000711,A000508,2026-04-20 17:00:00,AG0047,SUCCESSFUL
FV00000712,A001776,2025-12-17 18:00:00,AG0081,UNSUCCESSFUL
FV00000713,A002380,2026-04-18 13:00:00,AG0049,UNSUCCESSFUL
FV00000714,A003566,2026-08-24 12:00:00,AG0118,SUCCESSFUL
FV00000715,A002948,2025-09-13 08:00:00,AG0103,SUCCESSFUL
FV00000716,A003728,2025-10-02 14:00:00,AG0038,UNSUCCESSFUL
FV00000717,A001362,2025-11-20 08:00:00,AG0096,SUCCESSFUL
FV00000718,A000748,2026-02-04 10:00:00,AG0049,UNSUCCESSFUL
FV00000719,A000320,2026-07-16 16:00:00,AG0006,UNSUCCESSFUL
FV00000720,A002622,2026-04-25 08:00:00,AG0044,UNSUCCESSFUL
FV00000721,A001222,2025-10-02 17:00:00,AG0005,UNSUCCESSFUL
FV00000722,A003778,2026-03-04 09:00:00,AG0090,UNSUCCESSFUL
FV00000723,A003158,2026-03-02 17:00:00,AG0093,UNSUCCESSFUL
FV00000724,A000815,2025-11-19 08:00:00,AG0086,UNSUCCESSFUL
FV00000725,A000838,2025-09-18 13:00:00,AG0084,UNSUCCESSFUL
FV00000726,A003209,2026-02-15 11:00:00,AG0105,SUCCESSFUL
FV00000727,A001867,2026-01-11 10:00:00,AG0084,UNSUCCESSFUL
FV00000728,A000053,2025-09-17 09:00:00,AG0023,UNSUCCESSFUL
FV00000729,A000685,2026-02-22 11:00:00,AG0032,UNSUCCESSFUL
FV00000730,A001467,2026-03-06 15:00:00,AG0114,SUCCESSFUL
FV00000731,A003756,2026-03-04 13:00:00,AG0017,SUCCESSFUL
FV00000732,A003349,2025-12-03 10:00:00,AG0036,SUCCESSFUL
FV00000733,A002710,2025-10-11 11:00:00,AG0015,SUCCESSFUL
FV00000734,A001061,2025-12-11 09:00:00,AG0037,UNSUCCESSFUL
FV00000735,A001126,2026-05-04 12:00:00,AG0064,UNSUCCESSFUL
FV00000736,A002889,2026-07-25 12:00:00,AG0084,UNSUCCESSFUL
FV00000737,A003015,2026-06-06 08:00:00,AG0076,SUCCESSFUL
FV00000738,A000574,2026-06-13 13:00:00,AG0028,SUCCESSFUL
FV00000739,A003755,2026-05-09 11:00:00,AG0065,SUCCESSFUL
FV00000740,A001081,2026-05-05 12:00:00,AG0039,UNSUCCESSFUL
FV00000741,A003628,2026-05-09 17:00:00,AG0040,SUCCESSFUL
FV00000742,A003209,2026-03-25 10:00:00,AG0049,UNSUCCESSFUL
FV00000743,A002286,2026-07-27 16:00:00,AG0069,UNSUCCESSFUL
FV00000744,A001898,2026-04-26 15:00:00,AG0110,RESCHEDULED
FV00000745,A003990,2025-12-01 16:00:00,AG0091,UNSUCCESSFUL
FV00000746,A003709,2026-08-23 17:00:00,AG0111,UNSUCCESSFUL
FV00000747,A003787,2026-05-19 15:00:00,AG0076,SUCCESSFUL
FV00000748,A001446,2026-07-11 08:00:00,AG0098,SUCCESSFUL
FV00000749,A001671,2026-08-04 10:00:00,AG0085,SUCCESSFUL
FV00000750,A003166,2025-10-21 18:00:00,AG0032,SUCCESSFUL
FV00000751,A002458,2026-07-24 17:00:00,AG0103,UNSUCCESSFUL
FV00000752,A003423,2026-07-19 17:00:00,AG0118,RESCHEDULED
FV00000753,A000146,2026-01-12 09:00:00,AG0038,RESCHEDULED
FV00000754,A002889,2025-09-07 17:00:00,AG0008,UNSUCCESSFUL
FV00000755,A001976,2026-05-17 10:00:00,AG0065,SUCCESSFUL
FV00000756,A003273,2026-05-23 17:00:00,AG0043,SUCCESSFUL
FV00000757,A001018,2025-11-13 13:00:00,AG0060,UNSUCCESSFUL
FV00000758,A003965,2026-04-05 17:00:00,AG0095,RESCHEDULED
FV00000759,A003359,2025-12-21 11:00:00,AG0032,UNSUCCESSFUL
FV00000760,A002537,2025-09-07 16:00:00,AG0058,SUCCESSFUL
FV00000761,A001390,2026-02-27 16:00:00,AG0036,SUCCESSFUL
FV00000762,A002827,2025-12-18 15:00:00,AG0043,SUCCESSFUL
FV00000763,A002734,2026-04-05 12:00:00,AG0024,UNSUCCESSFUL
FV00000764,A001052,2026-03-10 13:00:00,AG0103,UNSUCCESSFUL
FV00000765,A000061,2026-04-16 11:00:00,AG0015,UNSUCCESSFUL
FV00000766,A001839,2025-11-13 14:00:00,AG0116,SUCCESSFUL
FV00000767,A003727,2025-11-01 08:00:00,AG0023,SUCCESSFUL
FV00000768,A004069,2025-09-24 09:00:00,AG0045,UNSUCCESSFUL
FV00000769,A002765,2026-02-14 10:00:00,AG0040,UNSUCCESSFUL
FV00000770,A002461,2026-03-06 09:00:00,AG0020,RESCHEDULED
FV00000771,A000034,2026-03-01 18:00:00,AG0025,RESCHEDULED
FV00000772,A001817,2025-09-12 17:00:00,AG0005,SUCCESSFUL
FV00000773,A000804,2025-12-16 15:00:00,AG0103,UNSUCCESSFUL
FV00000774,A003792,2026-04-15 16:00:00,AG0078,SUCCESSFUL
FV00000775,A003652,2026-05-16 12:00:00,AG0037,SUCCESSFUL
FV00000776,A003074,2025-09-06 12:00:00,AG0091,RESCHEDULED
FV00000777,A002710,2026-07-13 10:00:00,AG0001,UNSUCCESSFUL
FV00000778,A001172,2026-07-20 09:00:00,AG0027,UNSUCCESSFUL
FV00000779,A002069,2026-05-25 18:00:00,AG0040,UNSUCCESSFUL
FV00000780,A001343,2026-06-19 09:00:00,AG0060,UNSUCCESSFUL
FV00000781,A003003,2025-12-12 10:00:00,AG0118,UNSUCCESSFUL
FV00000782,A001160,2025-12-09 12:00:00,AG0081,SUCCESSFUL
FV00000783,A000657,2025-10-18 08:00:00,AG0095,UNSUCCESSFUL
FV00000784,A002437,2026-04-11 16:00:00,AG0115,UNSUCCESSFUL
FV00000785,A003985,2025-09-03 09:00:00,AG0085,UNSUCCESSFUL
FV00000786,A001544,2026-01-17 11:00:00,AG0015,RESCHEDULED
FV00000787,A000192,2025-11-15 13:00:00,AG0071,SUCCESSFUL
FV00000788,A003164,2026-05-01 10:00:00,AG0040,UNSUCCESSFUL
FV00000789,A003910,2025-09-14 12:00:00,AG0111,RESCHEDULED
FV00000790,A003591,2026-07-22 15:00:00,AG0003,UNSUCCESSFUL
FV00000791,A002665,2026-08-24 15:00:00,AG0082,UNSUCCESSFUL
FV00000792,A003319,2026-06-04 13:00:00,AG0074,SUCCESSFUL
FV00000793,A002755,2025-10-14 10:00:00,AG0103,SUCCESSFUL
FV00000794,A000409,2026-05-23 15:00:00,AG0051,SUCCESSFUL
FV00000795,A003494,2026-07-13 09:00:00,AG0101,SUCCESSFUL
FV00000796,A002817,2025-12-08 15:00:00,AG0026,UNSUCCESSFUL
FV00000797,A002285,2026-03-26 15:00:00,AG0083,SUCCESSFUL
FV00000798,A000615,2025-10-19 10:00:00,AG0057,SUCCESSFUL
FV00000799,A002181,2026-06-25 17:00:00,AG0087,SUCCESSFUL
FV00000800,A003239,2026-06-15 15:00:00,AG0019,SUCCESSFUL
FV00000801,A001561,2026-07-12 09:00:00,AG0079,SUCCESSFUL
FV00000802,A001094,2025-12-23 16:00:00,AG0055,UNSUCCESSFUL
FV00000803,A003099,2026-02-09 13:00:00,AG0082,UNSUCCESSFUL
FV00000804,A000069,2026-06-01 11:00:00,AG0054,UNSUCCESSFUL
FV00000805,A003079,2026-02-26 14:00:00,AG0030,SUCCESSFUL
FV00000806,A001882,2026-07-26 17:00:00,AG0084,UNSUCCESSFUL
FV00000807,A003476,2026-01-14 15:00:00,AG0114,SUCCESSFUL
FV00000808,A002980,2025-12-04 13:00:00,AG0113,SUCCESSFUL
FV00000809,A000122,2025-10-07 08:00:00,AG0047,SUCCESSFUL
FV00000810,A000019,2026-02-06 15:00:00,AG0037,SUCCESSFUL
FV00000811,A002837,2025-12-01 14:00:00,AG0014,UNSUCCESSFUL
FV00000812,A001923,2026-01-04 08:00:00,AG0091,SUCCESSFUL
FV00000813,A001460,2025-10-08 08:00:00,AG0090,UNSUCCESSFUL
FV00000814,A000469,2026-01-02 15:00:00,AG0064,SUCCESSFUL
FV00000815,A002464,2026-06-10 09:00:00,AG0071,SUCCESSFUL
FV00000816,A004188,2026-01-16 09:00:00,AG0063,UNSUCCESSFUL
FV00000817,A003865,2025-10-27 12:00:00,AG0082,UNSUCCESSFUL
FV00000818,A001550,2025-09-11 13:00:00,AG0011,SUCCESSFUL
FV00000819,A003767,2026-07-24 18:00:00,AG0074,SUCCESSFUL
FV00000820,A001919,2026-01-20 18:00:00,AG0010,SUCCESSFUL
FV00000821,A003589,2025-12-27 15:00:00,AG0025,UNSUCCESSFUL
FV00000822,A002716,2026-08-02 11:00:00,AG0016,UNSUCCESSFUL
FV00000823,A001584,2025-12-27 08:00:00,AG0050,SUCCESSFUL
FV00000824,A001659,2026-03-26 14:00:00,AG0077,RESCHEDULED
FV00000825,A002405,2026-01-07 11:00:00,AG0079,UNSUCCESSFUL
FV00000826,A004041,2026-07-06 16:00:00,AG0007,UNSUCCESSFUL
FV00000827,A003369,2026-03-22 13:00:00,AG0109,SUCCESSFUL
FV00000828,A002883,2026-05-15 09:00:00,AG0094,UNSUCCESSFUL
FV00000829,A000897,2026-05-17 13:00:00,AG0107,UNSUCCESSFUL
FV00000830,A002095,2025-12-14 10:00:00,AG0060,SUCCESSFUL
FV00000831,A001673,2026-03-12 17:00:00,AG0106,SUCCESSFUL
FV00000832,A000567,2025-10-15 12:00:00,AG0105,SUCCESSFUL
FV00000833,A001227,2025-10-15 12:00:00,AG0083,SUCCESSFUL
FV00000834,A002104,2026-01-11 17:00:00,AG0056,UNSUCCESSFUL
FV00000835,A003538,2026-04-07 16:00:00,AG0076,UNSUCCESSFUL
FV00000836,A003323,2026-04-04 11:00:00,AG0113,UNSUCCESSFUL
FV00000837,A003865,2026-07-02 17:00:00,AG0101,SUCCESSFUL
FV00000838,A000624,2025-12-08 08:00:00,AG0043,RESCHEDULED
FV00000839,A002795,2026-06-12 12:00:00,AG0066,SUCCESSFUL
FV00000840,A000039,2025-12-07 13:00:00,AG0088,RESCHEDULED
FV00000841,A001253,2026-04-05 10:00:00,AG0069,SUCCESSFUL
FV00000842,A000822,2025-12-11 13:00:00,AG0002,UNSUCCESSFUL
FV00000843,A002857,2026-04-19 12:00:00,AG0115,UNSUCCESSFUL
FV00000844,A003090,2025-09-06 14:00:00,AG0082,SUCCESSFUL
FV00000845,A000671,2026-05-09 16:00:00,AG0023,SUCCESSFUL
FV00000846,A001073,2025-11-04 08:00:00,AG0091,UNSUCCESSFUL
FV00000847,A000394,2026-01-19 18:00:00,AG0025,UNSUCCESSFUL
FV00000848,A000535,2026-01-08 12:00:00,AG0085,SUCCESSFUL
FV00000849,A001326,2026-03-02 09:00:00,AG0038,UNSUCCESSFUL
FV00000850,A001776,2026-05-20 08:00:00,AG0065,SUCCESSFUL
FV00000851,A000022,2025-10-03 10:00:00,AG0076,UNSUCCESSFUL
FV00000852,A002032,2026-07-13 09:00:00,AG0105,SUCCESSFUL
FV00000853,A000148,2026-01-01 17:00:00,AG0021,UNSUCCESSFUL
FV00000854,A000290,2026-06-07 10:00:00,AG0002,SUCCESSFUL
FV00000855,A000030,2025-10-05 15:00:00,AG0041,UNSUCCESSFUL
FV00000856,A000096,2025-10-21 17:00:00,AG0114,UNSUCCESSFUL
FV00000857,A001681,2026-08-17 10:00:00,AG0044,SUCCESSFUL
FV00000858,A001001,2026-02-11 10:00:00,AG0105,UNSUCCESSFUL
FV00000859,A001248,2026-03-16 16:00:00,AG0119,UNSUCCESSFUL
FV00000860,A000691,2026-02-27 14:00:00,AG0027,UNSUCCESSFUL
FV00000861,A002565,2026-08-17 18:00:00,AG0006,SUCCESSFUL
FV00000862,A001660,2026-08-27 09:00:00,AG0027,UNSUCCESSFUL
FV00000863,A001730,2026-05-02 11:00:00,AG0062,SUCCESSFUL
FV00000864,A000364,2026-07-14 12:00:00,AG0079,RESCHEDULED
FV00000865,A002141,2025-11-22 14:00:00,AG0072,UNSUCCESSFUL
FV00000866,A001266,2026-06-13 17:00:00,AG0010,UNSUCCESSFUL
FV00000867,A001114,2026-07-20 15:00:00,AG0112,SUCCESSFUL
FV00000868,A002270,2026-03-24 12:00:00,AG0110,RESCHEDULED
FV00000869,A002025,2026-06-12 13:00:00,AG0102,UNSUCCESSFUL
FV00000870,A004111,2026-03-24 11:00:00,AG0036,UNSUCCESSFUL
FV00000871,A003675,2025-09-01 13:00:00,AG0007,SUCCESSFUL
FV00000872,A003008,2025-09-07 09:00:00,AG0021,SUCCESSFUL
FV00000873,A004170,2026-06-11 15:00:00,AG0108,UNSUCCESSFUL
FV00000874,A002912,2026-04-08 14:00:00,AG0055,UNSUCCESSFUL
FV00000875,A003928,2026-05-13 08:00:00,AG0069,UNSUCCESSFUL
FV00000876,A001916,2026-04-14 08:00:00,AG0096,SUCCESSFUL
FV00000877,A001071,2026-01-26 18:00:00,AG0008,SUCCESSFUL
FV00000878,A003935,2025-11-18 15:00:00,AG0075,SUCCESSFUL
FV00000879,A000729,2025-12-01 18:00:00,AG0056,UNSUCCESSFUL
FV00000880,A002185,2025-10-11 13:00:00,AG0079,UNSUCCESSFUL
FV00000881,A003338,2025-11-05 15:00:00,AG0068,SUCCESSFUL
FV00000882,A000210,2026-01-03 18:00:00,AG0006,SUCCESSFUL
FV00000883,A000777,2026-07-18 13:00:00,AG0085,UNSUCCESSFUL
FV00000884,A003878,2026-01-23 10:00:00,AG0096,SUCCESSFUL
FV00000885,A001465,2026-08-23 15:00:00,AG0114,SUCCESSFUL
FV00000886,A000833,2026-05-01 15:00:00,AG0068,RESCHEDULED
FV00000887,A003582,2025-09-18 14:00:00,AG0075,UNSUCCESSFUL
FV00000888,A004041,2025-10-05 14:00:00,AG0016,SUCCESSFUL
FV00000889,A000326,2025-10-23 18:00:00,AG0071,UNSUCCESSFUL
FV00000890,A003079,2025-11-11 11:00:00,AG0002,SUCCESSFUL
FV00000891,A002966,2026-06-11 14:00:00,AG0044,UNSUCCESSFUL
FV00000892,A001755,2026-02-20 17:00:00,AG0090,UNSUCCESSFUL
FV00000893,A000256,2026-08-07 10:00:00,AG0106,UNSUCCESSFUL
FV00000894,A001689,2026-05-19 14:00:00,AG0094,UNSUCCESSFUL
FV00000895,A002506,2026-02-08 08:00:00,AG0007,SUCCESSFUL
FV00000896,A003845,2025-12-20 12:00:00,AG0077,UNSUCCESSFUL
FV00000897,A002813,2026-02-04 12:00:00,AG0059,RESCHEDULED
FV00000898,A001430,2026-04-22 16:00:00,AG0119,UNSUCCESSFUL
FV00000899,A000929,2025-09-14 13:00:00,AG0063,UNSUCCESSFUL
FV00000900,A000968,2026-05-21 16:00:00,AG0113,SUCCESSFUL
FV00000901,A003472,2026-05-06 15:00:00,AG0020,SUCCESSFUL
FV00000902,A003965,2026-04-13 16:00:00,AG0120,SUCCESSFUL
FV00000903,A003936,2026-01-21 10:00:00,AG0112,RESCHEDULED
FV00000904,A000659,2026-05-05 11:00:00,AG0071,UNSUCCESSFUL
FV00000905,A000121,2026-05-26 10:00:00,AG0058,UNSUCCESSFUL
FV00000906,A003737,2026-03-15 18:00:00,AG0008,UNSUCCESSFUL
FV00000907,A002895,2026-06-11 12:00:00,AG0063,SUCCESSFUL
FV00000908,A002552,2026-01-06 17:00:00,AG0058,SUCCESSFUL
FV00000909,A003481,2025-09-22 11:00:00,AG0006,UNSUCCESSFUL
FV00000910,A000661,2026-05-11 16:00:00,AG0037,SUCCESSFUL
FV00000911,A004046,2026-01-04 14:00:00,AG0061,UNSUCCESSFUL
FV00000912,A003418,2026-03-12 09:00:00,AG0032,UNSUCCESSFUL
FV00000913,A002110,2026-05-02 13:00:00,AG0087,UNSUCCESSFUL
FV00000914,A003489,2025-09-13 15:00:00,AG0117,UNSUCCESSFUL
FV00000915,A001124,2026-02-11 14:00:00,AG0070,SUCCESSFUL
FV00000916,A001556,2025-09-18 16:00:00,AG0053,UNSUCCESSFUL
FV00000917,A001007,2026-03-19 17:00:00,AG0070,SUCCESSFUL
FV00000918,A003764,2026-06-27 09:00:00,AG0045,UNSUCCESSFUL
FV00000919,A000592,2026-05-18 15:00:00,AG0075,RESCHEDULED
FV00000920,A000164,2026-02-27 09:00:00,AG0054,UNSUCCESSFUL
FV00000921,A004177,2026-05-21 09:00:00,AG0045,SUCCESSFUL
FV00000922,A001610,2026-08-16 17:00:00,AG0055,UNSUCCESSFUL
FV00000923,A002841,2026-08-14 12:00:00,AG0114,SUCCESSFUL
FV00000924,A003097,2026-05-07 10:00:00,AG0030,RESCHEDULED
FV00000925,A001307,2025-10-21 16:00:00,AG0008,UNSUCCESSFUL
FV00000926,A002708,2025-09-13 09:00:00,AG0098,UNSUCCESSFUL
FV00000927,A003391,2026-08-26 16:00:00,AG0062,SUCCESSFUL
FV00000928,A000177,2025-09-08 08:00:00,AG0007,SUCCESSFUL
FV00000929,A000592,2025-12-18 12:00:00,AG0065,UNSUCCESSFUL
FV00000930,A001985,2026-08-26 16:00:00,AG0033,UNSUCCESSFUL
FV00000931,A001931,2026-06-01 13:00:00,AG0034,SUCCESSFUL
FV00000932,A003894,2026-06-14 15:00:00,AG0046,UNSUCCESSFUL
FV00000933,A001635,2026-08-08 10:00:00,AG0108,UNSUCCESSFUL
FV00000934,A002855,2025-12-23 12:00:00,AG0031,SUCCESSFUL
FV00000935,A003536,2026-05-22 10:00:00,AG0063,SUCCESSFUL
FV00000936,A000332,2026-01-11 09:00:00,AG0080,UNSUCCESSFUL
FV00000937,A002101,2026-04-01 10:00:00,AG0034,UNSUCCESSFUL
FV00000938,A002076,2026-04-13 12:00:00,AG0086,UNSUCCESSFUL
FV00000939,A003553,2025-11-02 18:00:00,AG0057,SUCCESSFUL
FV00000940,A002968,2026-08-03 16:00:00,AG0065,SUCCESSFUL
FV00000941,A003132,2025-11-16 18:00:00,AG0092,UNSUCCESSFUL
FV00000942,A002016,2025-09-12 17:00:00,AG0055,UNSUCCESSFUL
FV00000943,A000815,2026-06-08 16:00:00,AG0096,UNSUCCESSFUL
FV00000944,A002655,2025-10-13 08:00:00,AG0059,SUCCESSFUL
FV00000945,A002587,2026-01-18 11:00:00,AG0084,UNSUCCESSFUL
FV00000946,A003951,2026-04-09 12:00:00,AG0066,SUCCESSFUL
FV00000947,A003990,2026-05-16 17:00:00,AG0062,SUCCESSFUL
FV00000948,A001333,2026-05-14 15:00:00,AG0068,UNSUCCESSFUL
FV00000949,A000189,2025-11-03 08:00:00,AG0100,UNSUCCESSFUL
FV00000950,A002166,2025-09-12 13:00:00,AG0011,SUCCESSFUL
FV00000951,A000417,2026-02-05 18:00:00,AG0033,RESCHEDULED
FV00000952,A000424,2026-01-13 11:00:00,AG0072,UNSUCCESSFUL
FV00000953,A003375,2026-05-15 11:00:00,AG0066,RESCHEDULED
FV00000954,A002861,2025-12-22 16:00:00,AG0078,UNSUCCESSFUL
FV00000955,A002457,2025-10-05 14:00:00,AG0078,UNSUCCESSFUL
FV00000956,A000343,2026-01-08 14:00:00,AG0118,SUCCESSFUL
FV00000957,A003905,2026-05-08 18:00:00,AG0064,SUCCESSFUL
FV00000958,A003721,2026-01-07 16:00:00,AG0103,UNSUCCESSFUL
FV00000959,A000815,2025-09-22 09:00:00,AG0003,SUCCESSFUL
FV00000960,A001924,2025-11-21 18:00:00,AG0092,UNSUCCESSFUL
FV00000961,A000754,2025-12-23 12:00:00,AG0015,UNSUCCESSFUL
FV00000962,A003590,2025-11-22 18:00:00,AG0063,UNSUCCESSFUL
FV00000963,A004145,2026-02-01 15:00:00,AG0088,UNSUCCESSFUL
FV00000964,A000385,2026-01-17 08:00:00,AG0079,UNSUCCESSFUL
FV00000965,A000978,2025-12-12 09:00:00,AG0032,SUCCESSFUL
FV00000966,A001226,2026-01-22 18:00:00,AG0068,UNSUCCESSFUL
FV00000967,A000112,2025-12-23 16:00:00,AG0040,SUCCESSFUL
FV00000968,A002674,2026-06-17 12:00:00,AG0021,UNSUCCESSFUL
FV00000969,A002452,2026-02-05 09:00:00,AG0096,UNSUCCESSFUL
FV00000970,A000811,2026-05-26 12:00:00,AG0102,SUCCESSFUL
FV00000971,A003675,2026-06-07 13:00:00,AG0088,UNSUCCESSFUL
FV00000972,A002387,2026-06-04 08:00:00,AG0065,UNSUCCESSFUL
FV00000973,A002525,2026-01-07 08:00:00,AG0116,SUCCESSFUL
FV00000974,A002022,2026-04-13 09:00:00,AG0007,SUCCESSFUL
FV00000975,A001866,2026-01-08 13:00:00,AG0060,RESCHEDULED
FV00000976,A002015,2026-06-23 14:00:00,AG0013,SUCCESSFUL
FV00000977,A002888,2025-12-19 14:00:00,AG0001,SUCCESSFUL
FV00000978,A002317,2026-05-25 14:00:00,AG0105,SUCCESSFUL
FV00000979,A002186,2026-03-12 15:00:00,AG0069,UNSUCCESSFUL
FV00000980,A002226,2025-11-18 18:00:00,AG0044,UNSUCCESSFUL
FV00000981,A004073,2026-03-19 16:00:00,AG0004,SUCCESSFUL
FV00000982,A000070,2026-04-22 12:00:00,AG0105,RESCHEDULED
FV00000983,A001871,2025-11-17 08:00:00,AG0024,UNSUCCESSFUL
FV00000984,A003238,2026-03-10 10:00:00,AG0119,SUCCESSFUL
FV00000985,A000240,2026-06-05 15:00:00,AG0071,UNSUCCESSFUL
FV00000986,A001343,2026-01-06 08:00:00,AG0019,SUCCESSFUL
FV00000987,A003274,2025-12-09 16:00:00,AG0104,RESCHEDULED
FV00000988,A002889,2025-11-05 12:00:00,AG0087,SUCCESSFUL
FV00000989,A000832,2026-06-09 13:00:00,AG0083,RESCHEDULED
FV00000990,A000011,2025-09-16 17:00:00,AG0079,UNSUCCESSFUL
FV00000991,A002837,2025-10-03 14:00:00,AG0030,SUCCESSFUL
FV00000992,A002778,2026-03-24 10:00:00,AG0046,SUCCESSFUL
FV00000993,A001058,2026-02-08 13:00:00,AG0035,SUCCESSFUL
FV00000994,A002296,2026-01-10 13:00:00,AG0056,SUCCESSFUL
FV00000995,A002277,2025-12-09 12:00:00,AG0104,SUCCESSFUL
FV00000996,A003508,2026-03-17 15:00:00,AG0069,UNSUCCESSFUL
FV00000997,A002501,2026-04-12 16:00:00,AG0068,UNSUCCESSFUL
FV00000998,A000592,2026-04-10 10:00:00,AG0027,UNSUCCESSFUL
FV00000999,A002338,2025-11-19 11:00:00,AG0116,UNSUCCESSFUL
FV00001000,A002767,2026-01-23 11:00:00,AG0101,UNSUCCESSFUL
FV00001001,A003466,2026-04-23 18:00:00,AG0032,SUCCESSFUL
FV00001002,A003143,2026-08-21 13:00:00,AG0049,UNSUCCESSFUL
FV00001003,A000600,2025-10-16 13:00:00,AG0112,UNSUCCESSFUL
FV00001004,A002931,2026-05-14 15:00:00,AG0052,SUCCESSFUL
FV00001005,A001217,2025-11-02 10:00:00,AG0100,RESCHEDULED
FV00001006,A000078,2026-05-17 15:00:00,AG0092,RESCHEDULED
FV00001007,A002951,2026-03-24 10:00:00,AG0013,UNSUCCESSFUL
FV00001008,A001969,2026-04-02 14:00:00,AG0054,SUCCESSFUL
FV00001009,A002979,2025-10-08 08:00:00,AG0098,RESCHEDULED
FV00001010,A001639,2026-04-04 12:00:00,AG0088,SUCCESSFUL
FV00001011,A000132,2026-03-09 14:00:00,AG0003,SUCCESSFUL
FV00001012,A002216,2025-11-26 14:00:00,AG0066,SUCCESSFUL
FV00001013,A003037,2026-02-21 13:00:00,AG0064,SUCCESSFUL
FV00001014,A004026,2026-02-06 09:00:00,AG0019,UNSUCCESSFUL
FV00001015,A002444,2025-09-11 10:00:00,AG0071,UNSUCCESSFUL
FV00001016,A000219,2026-08-27 10:00:00,AG0047,SUCCESSFUL
FV00001017,A002725,2026-01-27 09:00:00,AG0088,UNSUCCESSFUL
FV00001018,A000681,2025-11-04 10:00:00,AG0041,UNSUCCESSFUL
FV00001019,A003790,2026-03-16 15:00:00,AG0041,UNSUCCESSFUL
FV00001020,A000039,2026-06-21 09:00:00,AG0056,UNSUCCESSFUL
FV00001021,A000809,2026-05-14 18:00:00,AG0026,UNSUCCESSFUL
FV00001022,A000199,2026-05-24 09:00:00,AG0107,SUCCESSFUL
FV00001023,A004170,2025-09-27 18:00:00,AG0096,UNSUCCESSFUL
FV00001024,A000478,2025-11-24 09:00:00,AG0065,RESCHEDULED
FV00001025,A003978,2026-06-01 17:00:00,AG0105,UNSUCCESSFUL
FV00001026,A001645,2026-07-17 09:00:00,AG0107,UNSUCCESSFUL
FV00001027,A004006,2026-01-05 16:00:00,AG0017,UNSUCCESSFUL
FV00001028,A003381,2026-07-12 16:00:00,AG0002,SUCCESSFUL
FV00001029,A003632,2026-01-06 11:00:00,AG0014,SUCCESSFUL
FV00001030,A002934,2026-08-04 14:00:00,AG0045,UNSUCCESSFUL
FV00001031,A002815,2025-09-01 14:00:00,AG0091,UNSUCCESSFUL
FV00001032,A003923,2026-04-01 12:00:00,AG0026,RESCHEDULED
FV00001033,A001412,2026-07-20 08:00:00,AG0109,SUCCESSFUL
FV00001034,A003064,2026-04-03 16:00:00,AG0082,SUCCESSFUL
FV00001035,A000824,2026-01-20 12:00:00,AG0024,UNSUCCESSFUL
FV00001036,A001735,2025-11-05 14:00:00,AG0059,UNSUCCESSFUL
FV00001037,A002388,2025-11-13 08:00:00,AG0040,SUCCESSFUL
FV00001038,A004169,2026-08-22 16:00:00,AG0077,UNSUCCESSFUL
FV00001039,A002008,2025-12-12 09:00:00,AG0072,UNSUCCESSFUL
FV00001040,A001586,2026-04-07 08:00:00,AG0037,UNSUCCESSFUL
FV00001041,A001687,2025-10-04 13:00:00,AG0012,UNSUCCESSFUL
FV00001042,A001456,2025-12-07 12:00:00,AG0086,UNSUCCESSFUL
FV00001043,A002683,2026-02-18 10:00:00,AG0016,SUCCESSFUL
FV00001044,A000239,2026-02-20 13:00:00,AG0077,RESCHEDULED
FV00001045,A002296,2025-11-25 09:00:00,AG0003,UNSUCCESSFUL
FV00001046,A003971,2026-06-18 16:00:00,AG0057,RESCHEDULED
FV00001047,A001489,2026-06-22 12:00:00,AG0089,SUCCESSFUL
FV00001048,A002311,2026-07-25 08:00:00,AG0112,SUCCESSFUL
FV00001049,A002180,2025-10-27 08:00:00,AG0016,UNSUCCESSFUL
FV00001050,A000901,2026-04-11 14:00:00,AG0119,SUCCESSFUL
FV00001051,A001027,2026-04-22 18:00:00,AG0030,UNSUCCESSFUL
FV00001052,A003600,2025-10-14 15:00:00,AG0065,UNSUCCESSFUL
FV00001053,A003210,2026-03-20 14:00:00,AG0098,UNSUCCESSFUL
FV00001054,A001425,2026-05-09 09:00:00,AG0086,RESCHEDULED
FV00001055,A000223,2025-11-04 12:00:00,AG0041,SUCCESSFUL
FV00001056,A002543,2025-12-03 10:00:00,AG0084,UNSUCCESSFUL
FV00001057,A003015,2026-08-27 18:00:00,AG0065,SUCCESSFUL
FV00001058,A002432,2025-12-25 09:00:00,AG0024,UNSUCCESSFUL
FV00001059,A000734,2025-12-20 15:00:00,AG0030,UNSUCCESSFUL
FV00001060,A000278,2025-10-09 15:00:00,AG0110,SUCCESSFUL
FV00001061,A000581,2025-12-11 10:00:00,AG0118,SUCCESSFUL
FV00001062,A002329,2026-06-23 14:00:00,AG0094,SUCCESSFUL
FV00001063,A001286,2025-09-26 17:00:00,AG0002,SUCCESSFUL
FV00001064,A002812,2025-10-24 11:00:00,AG0071,SUCCESSFUL
FV00001065,A003721,2026-02-01 11:00:00,AG0004,SUCCESSFUL
FV00001066,A002089,2026-08-07 11:00:00,AG0077,SUCCESSFUL
FV00001067,A001990,2026-05-06 14:00:00,AG0024,UNSUCCESSFUL
FV00001068,A002054,2026-04-06 09:00:00,AG0073,RESCHEDULED
FV00001069,A001661,2025-10-05 09:00:00,AG0082,UNSUCCESSFUL
FV00001070,A000940,2025-09-14 08:00:00,AG0009,SUCCESSFUL
FV00001071,A003382,2026-08-06 18:00:00,AG0012,UNSUCCESSFUL
FV00001072,A002974,2025-10-22 08:00:00,AG0115,SUCCESSFUL
FV00001073,A003346,2026-03-19 17:00:00,AG0030,RESCHEDULED
FV00001074,A001036,2025-09-25 14:00:00,AG0004,UNSUCCESSFUL
FV00001075,A000113,2026-04-19 15:00:00,AG0118,RESCHEDULED
FV00001076,A001234,2026-02-16 12:00:00,AG0039,UNSUCCESSFUL
FV00001077,A001863,2025-12-01 11:00:00,AG0066,SUCCESSFUL
FV00001078,A002754,2026-06-14 16:00:00,AG0030,RESCHEDULED
FV00001079,A000854,2026-04-10 17:00:00,AG0057,UNSUCCESSFUL
FV00001080,A001716,2026-05-23 15:00:00,AG0066,UNSUCCESSFUL
FV00001081,A001716,2026-04-03 09:00:00,AG0072,UNSUCCESSFUL
FV00001082,A003441,2026-07-16 17:00:00,AG0094,UNSUCCESSFUL
FV00001083,A000953,2026-03-25 11:00:00,AG0078,SUCCESSFUL
FV00001084,A001438,2026-04-04 16:00:00,AG0091,UNSUCCESSFUL
FV00001085,A002765,2026-02-13 08:00:00,AG0023,SUCCESSFUL
FV00001086,A004009,2026-02-08 16:00:00,AG0025,UNSUCCESSFUL
FV00001087,A003445,2026-01-27 09:00:00,AG0075,RESCHEDULED
FV00001088,A003810,2026-05-07 14:00:00,AG0056,UNSUCCESSFUL
FV00001089,A003837,2025-11-07 14:00:00,AG0056,SUCCESSFUL
FV00001090,A003611,2026-08-16 09:00:00,AG0103,UNSUCCESSFUL
FV00001091,A000391,2026-08-22 14:00:00,AG0057,SUCCESSFUL
FV00001092,A002111,2026-01-26 14:00:00,AG0022,RESCHEDULED
FV00001093,A001638,2026-06-17 13:00:00,AG0098,SUCCESSFUL
FV00001094,A000260,2026-04-17 10:00:00,AG0034,UNSUCCESSFUL
FV00001095,A000308,2026-07-27 10:00:00,AG0048,UNSUCCESSFUL
FV00001096,A004149,2026-03-27 12:00:00,AG0004,SUCCESSFUL
FV00001097,A002449,2025-10-21 08:00:00,AG0009,UNSUCCESSFUL
FV00001098,A002868,2026-02-15 17:00:00,AG0007,SUCCESSFUL
FV00001099,A001852,2026-08-20 12:00:00,AG0025,UNSUCCESSFUL
FV00001100,A000514,2026-02-19 15:00:00,AG0068,UNSUCCESSFUL
FV00001101,A002905,2026-06-02 11:00:00,AG0006,SUCCESSFUL
FV00001102,A003899,2025-09-22 11:00:00,AG0006,SUCCESSFUL
FV00001103,A001164,2025-11-13 12:00:00,AG0092,UNSUCCESSFUL
FV00001104,A001916,2026-05-08 13:00:00,AG0070,SUCCESSFUL
FV00001105,A003667,2026-07-04 17:00:00,AG0054,SUCCESSFUL
FV00001106,A001947,2025-09-17 16:00:00,AG0104,UNSUCCESSFUL
FV00001107,A002667,2026-05-11 13:00:00,AG0088,SUCCESSFUL
FV00001108,A003452,2026-03-16 08:00:00,AG0024,SUCCESSFUL
FV00001109,A001312,2026-04-25 12:00:00,AG0099,SUCCESSFUL
FV00001110,A000728,2026-06-04 11:00:00,AG0067,SUCCESSFUL
FV00001111,A002769,2025-09-10 14:00:00,AG0031,UNSUCCESSFUL
FV00001112,A000309,2026-08-14 10:00:00,AG0113,UNSUCCESSFUL
FV00001113,A002800,2026-08-17 15:00:00,AG0025,SUCCESSFUL
FV00001114,A001475,2025-10-19 08:00:00,AG0016,UNSUCCESSFUL
FV00001115,A003037,2025-10-25 10:00:00,AG0015,SUCCESSFUL
FV00001116,A002701,2025-12-06 15:00:00,AG0029,UNSUCCESSFUL
FV00001117,A000393,2026-08-14 10:00:00,AG0063,SUCCESSFUL
FV00001118,A003671,2026-08-24 08:00:00,AG0102,SUCCESSFUL
FV00001119,A003834,2026-03-08 15:00:00,AG0077,UNSUCCESSFUL
FV00001120,A001111,2025-12-15 16:00:00,AG0099,UNSUCCESSFUL
FV00001121,A004052,2025-11-11 12:00:00,AG0025,UNSUCCESSFUL
FV00001122,A000294,2025-11-21 11:00:00,AG0075,UNSUCCESSFUL
FV00001123,A002508,2026-04-15 16:00:00,AG0085,SUCCESSFUL
FV00001124,A004074,2026-01-15 10:00:00,AG0044,SUCCESSFUL
FV00001125,A001558,2026-07-07 11:00:00,AG0063,UNSUCCESSFUL
FV00001126,A002041,2025-09-12 14:00:00,AG0086,SUCCESSFUL
FV00001127,A002044,2025-10-05 15:00:00,AG0075,UNSUCCESSFUL
FV00001128,A003624,2026-01-19 08:00:00,AG0077,UNSUCCESSFUL
FV00001129,A003275,2026-06-20 16:00:00,AG0034,SUCCESSFUL
FV00001130,A004180,2026-05-03 15:00:00,AG0019,SUCCESSFUL
FV00001131,A000270,2026-04-15 15:00:00,AG0006,UNSUCCESSFUL
FV00001132,A000789,2026-05-11 09:00:00,AG0102,UNSUCCESSFUL
FV00001133,A002146,2026-08-13 14:00:00,AG0109,UNSUCCESSFUL
FV00001134,A002280,2026-06-06 11:00:00,AG0060,SUCCESSFUL
FV00001135,A002363,2026-04-18 09:00:00,AG0041,UNSUCCESSFUL
FV00001136,A000546,2025-09-23 17:00:00,AG0118,SUCCESSFUL
FV00001137,A002732,2025-11-11 09:00:00,AG0031,SUCCESSFUL
FV00001138,A003189,2026-08-20 18:00:00,AG0035,RESCHEDULED
FV00001139,A001405,2026-07-16 08:00:00,AG0026,UNSUCCESSFUL
FV00001140,A002372,2026-04-06 09:00:00,AG0067,SUCCESSFUL
FV00001141,A000971,2026-01-04 08:00:00,AG0084,UNSUCCESSFUL
FV00001142,A002334,2025-11-22 14:00:00,AG0073,SUCCESSFUL
FV00001143,A002546,2025-11-26 16:00:00,AG0089,RESCHEDULED
FV00001144,A003957,2026-01-20 16:00:00,AG0084,SUCCESSFUL
FV00001145,A003752,2026-01-06 09:00:00,AG0057,SUCCESSFUL
FV00001146,A001335,2026-05-14 11:00:00,AG0118,SUCCESSFUL
FV00001147,A001777,2026-04-04 18:00:00,AG0081,UNSUCCESSFUL
FV00001148,A003505,2026-04-06 17:00:00,AG0111,UNSUCCESSFUL
FV00001149,A003890,2025-11-21 11:00:00,AG0112,SUCCESSFUL
FV00001150,A001808,2026-02-08 12:00:00,AG0025,SUCCESSFUL
FV00001151,A000378,2025-09-01 16:00:00,AG0040,UNSUCCESSFUL
FV00001152,A003126,2026-06-25 09:00:00,AG0092,RESCHEDULED
FV00001153,A000957,2026-01-05 18:00:00,AG0025,SUCCESSFUL
FV00001154,A000152,2026-04-14 15:00:00,AG0105,SUCCESSFUL
FV00001155,A001540,2026-03-02 11:00:00,AG0042,UNSUCCESSFUL
FV00001156,A003403,2026-06-08 17:00:00,AG0081,RESCHEDULED
FV00001157,A001642,2026-04-20 12:00:00,AG0101,SUCCESSFUL
FV00001158,A001548,2026-08-25 17:00:00,AG0012,SUCCESSFUL
FV00001159,A003409,2026-06-27 16:00:00,AG0084,UNSUCCESSFUL
FV00001160,A001984,2026-08-04 08:00:00,AG0096,SUCCESSFUL
FV00001161,A000842,2026-02-07 10:00:00,AG0113,SUCCESSFUL
FV00001162,A000783,2026-04-06 18:00:00,AG0077,SUCCESSFUL
FV00001163,A003716,2025-12-17 08:00:00,AG0048,SUCCESSFUL
FV00001164,A003076,2026-04-21 18:00:00,AG0094,SUCCESSFUL
FV00001165,A001821,2026-01-27 14:00:00,AG0054,SUCCESSFUL
FV00001166,A002370,2026-06-12 08:00:00,AG0070,UNSUCCESSFUL
FV00001167,A001483,2025-12-24 14:00:00,AG0069,UNSUCCESSFUL
FV00001168,A000912,2026-06-12 13:00:00,AG0093,RESCHEDULED
FV00001169,A000322,2025-11-24 17:00:00,AG0024,UNSUCCESSFUL
FV00001170,A001559,2025-11-14 10:00:00,AG0104,UNSUCCESSFUL
FV00001171,A002784,2026-05-18 09:00:00,AG0044,UNSUCCESSFUL
FV00001172,A003726,2026-03-12 16:00:00,AG0104,SUCCESSFUL
FV00001173,A003825,2026-05-09 17:00:00,AG0101,SUCCESSFUL
FV00001174,A000290,2025-10-11 18:00:00,AG0039,RESCHEDULED
FV00001175,A000378,2026-02-18 08:00:00,AG0066,SUCCESSFUL
FV00001176,A000528,2025-12-23 13:00:00,AG0104,UNSUCCESSFUL
FV00001177,A000447,2025-12-19 14:00:00,AG0031,SUCCESSFUL
FV00001178,A004146,2026-07-16 15:00:00,AG0042,RESCHEDULED
FV00001179,A000001,2026-06-22 10:00:00,AG0095,SUCCESSFUL
FV00001180,A004175,2026-08-14 11:00:00,AG0033,SUCCESSFUL
FV00001181,A004047,2026-01-09 08:00:00,AG0035,UNSUCCESSFUL
FV00001182,A000762,2025-12-14 10:00:00,AG0118,RESCHEDULED
FV00001183,A003440,2026-02-14 10:00:00,AG0113,UNSUCCESSFUL
FV00001184,A003558,2026-01-25 12:00:00,AG0028,UNSUCCESSFUL
FV00001185,A002449,2026-02-12 10:00:00,AG0088,UNSUCCESSFUL
FV00001186,A002480,2025-09-19 09:00:00,AG0042,UNSUCCESSFUL
FV00001187,A003484,2026-06-21 15:00:00,AG0099,UNSUCCESSFUL
FV00001188,A003400,2026-06-06 10:00:00,AG0007,UNSUCCESSFUL
FV00001189,A002395,2026-02-07 10:00:00,AG0029,SUCCESSFUL
FV00001190,A000845,2025-10-06 10:00:00,AG0004,SUCCESSFUL
FV00001191,A000922,2026-02-08 09:00:00,AG0118,UNSUCCESSFUL
FV00001192,A000066,2026-02-08 15:00:00,AG0093,SUCCESSFUL
FV00001193,A000908,2026-06-04 13:00:00,AG0008,SUCCESSFUL
FV00001194,A003846,2025-09-01 11:00:00,AG0115,SUCCESSFUL
FV00001195,A002606,2026-03-06 14:00:00,AG0064,UNSUCCESSFUL
FV00001196,A002607,2026-06-24 14:00:00,AG0004,RESCHEDULED
FV00001197,A003969,2026-01-05 13:00:00,AG0074,SUCCESSFUL
FV00001198,A003491,2026-04-27 10:00:00,AG0119,SUCCESSFUL
FV00001199,A001114,2025-10-13 08:00:00,AG0010,UNSUCCESSFUL
FV00001200,A000254,2025-10-22 10:00:00,AG0041,SUCCESSFUL
FV00001201,A002147,2026-07-21 14:00:00,AG0007,SUCCESSFUL
FV00001202,A002912,2025-10-14 08:00:00,AG0111,UNSUCCESSFUL
FV00001203,A002141,2026-05-09 18:00:00,AG0051,UNSUCCESSFUL
FV00001204,A003192,2026-04-09 18:00:00,AG0068,UNSUCCESSFUL
FV00001205,A000182,2026-07-05 10:00:00,AG0078,SUCCESSFUL
FV00001206,A004164,2026-06-15 17:00:00,AG0015,UNSUCCESSFUL
FV00001207,A000510,2026-06-15 15:00:00,AG0093,UNSUCCESSFUL
FV00001208,A004165,2026-06-13 18:00:00,AG0095,SUCCESSFUL
FV00001209,A000991,2026-04-15 11:00:00,AG0115,UNSUCCESSFUL
FV00001210,A002722,2026-05-14 08:00:00,AG0076,SUCCESSFUL
FV00001211,A003841,2026-08-16 18:00:00,AG0026,UNSUCCESSFUL
FV00001212,A000471,2026-02-22 12:00:00,AG0024,UNSUCCESSFUL
FV00001213,A001383,2026-05-26 09:00:00,AG0074,SUCCESSFUL
FV00001214,A003855,2026-01-07 17:00:00,AG0011,SUCCESSFUL
FV00001215,A002584,2026-05-12 11:00:00,AG0082,UNSUCCESSFUL
FV00001216,A000702,2026-06-13 15:00:00,AG0030,SUCCESSFUL
FV00001217,A004166,2025-12-26 16:00:00,AG0003,SUCCESSFUL
FV00001218,A001130,2026-04-18 16:00:00,AG0038,SUCCESSFUL
FV00001219,A003077,2026-02-26 17:00:00,AG0070,SUCCESSFUL
FV00001220,A000726,2026-07-01 17:00:00,AG0037,UNSUCCESSFUL
FV00001221,A003654,2026-08-09 16:00:00,AG0004,UNSUCCESSFUL
FV00001222,A003562,2025-10-11 09:00:00,AG0069,UNSUCCESSFUL
FV00001223,A003682,2026-05-16 18:00:00,AG0056,UNSUCCESSFUL
FV00001224,A003855,2025-12-20 12:00:00,AG0043,UNSUCCESSFUL
FV00001225,A002136,2026-04-23 09:00:00,AG0050,UNSUCCESSFUL
FV00001226,A002105,2026-01-14 09:00:00,AG0015,SUCCESSFUL
FV00001227,A001355,2025-12-03 09:00:00,AG0003,UNSUCCESSFUL
FV00001228,A001199,2026-03-24 14:00:00,AG0108,SUCCESSFUL
FV00001229,A000957,2026-06-12 18:00:00,AG0020,SUCCESSFUL
FV00001230,A003833,2026-08-12 10:00:00,AG0109,UNSUCCESSFUL
FV00001231,A002658,2026-08-12 16:00:00,AG0015,UNSUCCESSFUL
FV00001232,A002059,2026-06-11 12:00:00,AG0070,RESCHEDULED
FV00001233,A002484,2026-06-10 14:00:00,AG0109,UNSUCCESSFUL
FV00001234,A000196,2026-03-17 15:00:00,AG0023,SUCCESSFUL
FV00001235,A001257,2026-03-07 15:00:00,AG0046,UNSUCCESSFUL
FV00001236,A000948,2025-09-04 15:00:00,AG0087,UNSUCCESSFUL
FV00001237,A001329,2026-08-11 08:00:00,AG0021,RESCHEDULED
FV00001238,A002315,2026-01-14 13:00:00,AG0112,UNSUCCESSFUL
FV00001239,A000402,2025-09-17 17:00:00,AG0019,SUCCESSFUL
FV00001240,A003451,2026-01-10 10:00:00,AG0053,SUCCESSFUL
FV00001241,A002445,2026-01-14 10:00:00,AG0087,UNSUCCESSFUL
FV00001242,A001341,2026-06-22 08:00:00,AG0017,RESCHEDULED
FV00001243,A000248,2026-01-20 10:00:00,AG0107,SUCCESSFUL
FV00001244,A003968,2025-10-12 12:00:00,AG0082,UNSUCCESSFUL
FV00001245,A003098,2025-12-05 18:00:00,AG0043,UNSUCCESSFUL
FV00001246,A001666,2025-12-08 15:00:00,AG0118,UNSUCCESSFUL
FV00001247,A002678,2025-12-18 15:00:00,AG0040,SUCCESSFUL
FV00001248,A003252,2025-11-21 10:00:00,AG0045,SUCCESSFUL
FV00001249,A003245,2026-01-12 08:00:00,AG0072,UNSUCCESSFUL
FV00001250,A001166,2026-05-15 11:00:00,AG0020,UNSUCCESSFUL
FV00001251,A000690,2025-12-17 12:00:00,AG0067,UNSUCCESSFUL
FV00001252,A002698,2026-05-01 14:00:00,AG0057,UNSUCCESSFUL
FV00001253,A001444,2026-08-03 11:00:00,AG0036,UNSUCCESSFUL
FV00001254,A002002,2025-11-07 11:00:00,AG0114,SUCCESSFUL
FV00001255,A003043,2026-04-22 12:00:00,AG0076,RESCHEDULED
FV00001256,A000902,2026-03-21 18:00:00,AG0044,UNSUCCESSFUL
FV00001257,A003024,2026-08-12 12:00:00,AG0088,RESCHEDULED
FV00001258,A002671,2025-09-16 13:00:00,AG0035,UNSUCCESSFUL
FV00001259,A003372,2025-09-06 18:00:00,AG0095,UNSUCCESSFUL
FV00001260,A000438,2026-08-07 17:00:00,AG0072,SUCCESSFUL
FV00001261,A000978,2026-06-08 12:00:00,AG0005,UNSUCCESSFUL
FV00001262,A002550,2025-09-12 14:00:00,AG0006,UNSUCCESSFUL
FV00001263,A001525,2026-03-25 08:00:00,AG0032,SUCCESSFUL
FV00001264,A003229,2026-02-18 18:00:00,AG0071,SUCCESSFUL
FV00001265,A000737,2026-01-25 15:00:00,AG0076,SUCCESSFUL
FV00001266,A000065,2026-01-01 10:00:00,AG0057,UNSUCCESSFUL
FV00001267,A000268,2026-01-14 09:00:00,AG0034,UNSUCCESSFUL
FV00001268,A003539,2026-06-03 14:00:00,AG0098,UNSUCCESSFUL
FV00001269,A000789,2025-10-08 12:00:00,AG0085,SUCCESSFUL
FV00001270,A003574,2025-12-23 11:00:00,AG0046,RESCHEDULED
FV00001271,A003001,2025-10-25 17:00:00,AG0018,UNSUCCESSFUL
FV00001272,A004081,2026-05-05 12:00:00,AG0011,SUCCESSFUL
FV00001273,A002800,2026-06-24 10:00:00,AG0046,UNSUCCESSFUL
FV00001274,A003183,2025-09-15 09:00:00,AG0019,SUCCESSFUL
FV00001275,A000417,2026-04-03 11:00:00,AG0092,SUCCESSFUL
FV00001276,A000253,2026-02-03 14:00:00,AG0021,RESCHEDULED
FV00001277,A003200,2026-01-18 13:00:00,AG0118,UNSUCCESSFUL
FV00001278,A001932,2025-10-24 12:00:00,AG0038,SUCCESSFUL
FV00001279,A002937,2025-11-07 10:00:00,AG0016,SUCCESSFUL
FV00001280,A003602,2025-12-15 15:00:00,AG0071,SUCCESSFUL
FV00001281,A004136,2026-04-17 09:00:00,AG0110,SUCCESSFUL
FV00001282,A002612,2025-10-25 18:00:00,AG0107,UNSUCCESSFUL
FV00001283,A002739,2025-12-16 12:00:00,AG0026,SUCCESSFUL
FV00001284,A000970,2026-01-22 18:00:00,AG0073,SUCCESSFUL
FV00001285,A001686,2026-01-02 11:00:00,AG0097,UNSUCCESSFUL
FV00001286,A001145,2025-10-04 14:00:00,AG0073,UNSUCCESSFUL
FV00001287,A004092,2025-11-23 18:00:00,AG0070,UNSUCCESSFUL
FV00001288,A002308,2026-03-02 15:00:00,AG0053,UNSUCCESSFUL
FV00001289,A000229,2025-12-15 11:00:00,AG0035,UNSUCCESSFUL
FV00001290,A002270,2026-06-18 09:00:00,AG0083,UNSUCCESSFUL
FV00001291,A000461,2026-08-05 17:00:00,AG0036,SUCCESSFUL
FV00001292,A002596,2026-06-23 10:00:00,AG0094,SUCCESSFUL
FV00001293,A000777,2025-09-05 18:00:00,AG0060,SUCCESSFUL
FV00001294,A004157,2026-02-08 14:00:00,AG0067,UNSUCCESSFUL
FV00001295,A003456,2026-01-06 12:00:00,AG0085,SUCCESSFUL
FV00001296,A001004,2025-12-10 12:00:00,AG0006,SUCCESSFUL
FV00001297,A003691,2026-08-09 15:00:00,AG0115,SUCCESSFUL
FV00001298,A002849,2025-09-17 12:00:00,AG0092,UNSUCCESSFUL
FV00001299,A002274,2025-12-17 09:00:00,AG0017,UNSUCCESSFUL
FV00001300,A001313,2025-09-25 15:00:00,AG0112,UNSUCCESSFUL
FV00001301,A002888,2026-03-07 09:00:00,AG0031,UNSUCCESSFUL
FV00001302,A003055,2026-01-26 18:00:00,AG0069,UNSUCCESSFUL
FV00001303,A000463,2026-05-23 14:00:00,AG0038,UNSUCCESSFUL
FV00001304,A000156,2026-02-17 18:00:00,AG0019,UNSUCCESSFUL
FV00001305,A002369,2025-12-13 13:00:00,AG0054,SUCCESSFUL
FV00001306,A000146,2026-05-14 09:00:00,AG0090,UNSUCCESSFUL
FV00001307,A001717,2025-09-08 11:00:00,AG0082,SUCCESSFUL
FV00001308,A001573,2025-09-13 08:00:00,AG0032,UNSUCCESSFUL
FV00001309,A002293,2026-04-26 12:00:00,AG0078,UNSUCCESSFUL
FV00001310,A004135,2026-04-23 10:00:00,AG0097,UNSUCCESSFUL
FV00001311,A002651,2025-09-02 08:00:00,AG0028,UNSUCCESSFUL
FV00001312,A003486,2026-06-01 08:00:00,AG0052,UNSUCCESSFUL
FV00001313,A000435,2026-06-05 09:00:00,AG0025,SUCCESSFUL
FV00001314,A003646,2025-12-27 09:00:00,AG0007,UNSUCCESSFUL
FV00001315,A002762,2026-01-15 12:00:00,AG0110,SUCCESSFUL
FV00001316,A004123,2025-09-06 17:00:00,AG0089,SUCCESSFUL
FV00001317,A001573,2025-10-07 08:00:00,AG0060,UNSUCCESSFUL
FV00001318,A000381,2026-08-03 14:00:00,AG0023,UNSUCCESSFUL
FV00001319,A001941,2026-01-02 09:00:00,AG0108,UNSUCCESSFUL
FV00001320,A004181,2026-03-05 10:00:00,AG0058,SUCCESSFUL
FV00001321,A001871,2026-05-20 17:00:00,AG0044,UNSUCCESSFUL
FV00001322,A000970,2025-12-22 15:00:00,AG0042,SUCCESSFUL
FV00001323,A001551,2026-01-22 13:00:00,AG0046,UNSUCCESSFUL
FV00001324,A000262,2026-07-24 09:00:00,AG0029,SUCCESSFUL
FV00001325,A002274,2026-05-01 08:00:00,AG0066,UNSUCCESSFUL
FV00001326,A000313,2026-06-01 12:00:00,AG0011,UNSUCCESSFUL
FV00001327,A001209,2026-04-03 14:00:00,AG0008,UNSUCCESSFUL
FV00001328,A001994,2026-06-07 08:00:00,AG0046,UNSUCCESSFUL
FV00001329,A003963,2026-02-17 14:00:00,AG0052,UNSUCCESSFUL
FV00001330,A002511,2026-05-23 17:00:00,AG0023,SUCCESSFUL
FV00001331,A001404,2025-11-27 13:00:00,AG0002,SUCCESSFUL
FV00001332,A003855,2026-04-15 16:00:00,AG0106,SUCCESSFUL
FV00001333,A001158,2026-04-20 11:00:00,AG0029,UNSUCCESSFUL
FV00001334,A001023,2025-12-22 14:00:00,AG0101,UNSUCCESSFUL
FV00001335,A003923,2026-08-12 17:00:00,AG0075,SUCCESSFUL
FV00001336,A000648,2026-03-24 16:00:00,AG0097,UNSUCCESSFUL
FV00001337,A002745,2026-07-22 15:00:00,AG0085,SUCCESSFUL
FV00001338,A002109,2025-11-13 08:00:00,AG0092,SUCCESSFUL
FV00001339,A002605,2026-06-06 16:00:00,AG0025,SUCCESSFUL
FV00001340,A003869,2026-08-15 18:00:00,AG0053,RESCHEDULED
FV00001341,A003251,2025-12-08 16:00:00,AG0108,UNSUCCESSFUL
FV00001342,A002255,2026-07-27 08:00:00,AG0087,UNSUCCESSFUL
FV00001343,A002064,2025-09-25 08:00:00,AG0119,RESCHEDULED
FV00001344,A003887,2026-06-04 18:00:00,AG0004,UNSUCCESSFUL
FV00001345,A003889,2026-06-26 15:00:00,AG0053,SUCCESSFUL
FV00001346,A004091,2026-03-01 18:00:00,AG0050,SUCCESSFUL
FV00001347,A001716,2026-06-04 11:00:00,AG0018,SUCCESSFUL
FV00001348,A001957,2025-11-22 15:00:00,AG0023,UNSUCCESSFUL
FV00001349,A001293,2025-09-23 09:00:00,AG0028,UNSUCCESSFUL
FV00001350,A004035,2026-01-25 08:00:00,AG0043,UNSUCCESSFUL
FV00001351,A000883,2025-12-14 14:00:00,AG0047,RESCHEDULED
FV00001352,A004143,2026-03-22 09:00:00,AG0056,SUCCESSFUL
FV00001353,A001422,2025-10-23 08:00:00,AG0103,SUCCESSFUL
FV00001354,A003741,2026-01-04 13:00:00,AG0089,UNSUCCESSFUL
FV00001355,A000191,2025-12-16 13:00:00,AG0012,SUCCESSFUL
FV00001356,A003319,2026-06-14 11:00:00,AG0098,UNSUCCESSFUL
FV00001357,A000184,2026-07-16 09:00:00,AG0104,UNSUCCESSFUL
FV00001358,A004139,2025-10-24 10:00:00,AG0087,UNSUCCESSFUL
FV00001359,A002616,2025-10-25 17:00:00,AG0097,UNSUCCESSFUL
FV00001360,A004148,2026-05-26 08:00:00,AG0095,SUCCESSFUL
FV00001361,A003169,2026-02-13 15:00:00,AG0022,UNSUCCESSFUL
FV00001362,A000577,2025-11-02 09:00:00,AG0071,UNSUCCESSFUL
FV00001363,A001158,2025-09-09 10:00:00,AG0107,SUCCESSFUL
FV00001364,A000735,2026-08-22 14:00:00,AG0037,UNSUCCESSFUL
FV00001365,A000116,2026-01-24 08:00:00,AG0010,RESCHEDULED
FV00001366,A001787,2026-08-20 15:00:00,AG0117,SUCCESSFUL
FV00001367,A000835,2026-01-11 11:00:00,AG0097,UNSUCCESSFUL
FV00001368,A003434,2026-08-08 18:00:00,AG0084,SUCCESSFUL
FV00001369,A000211,2026-05-19 15:00:00,AG0044,RESCHEDULED
FV00001370,A002079,2026-03-22 08:00:00,AG0017,UNSUCCESSFUL
FV00001371,A003052,2026-07-06 09:00:00,AG0087,RESCHEDULED
FV00001372,A002514,2025-11-04 11:00:00,AG0028,SUCCESSFUL
FV00001373,A000162,2026-03-11 18:00:00,AG0034,UNSUCCESSFUL
FV00001374,A003173,2026-07-19 11:00:00,AG0047,SUCCESSFUL
FV00001375,A002566,2026-07-03 15:00:00,AG0009,UNSUCCESSFUL
FV00001376,A004014,2025-09-22 14:00:00,AG0007,UNSUCCESSFUL
FV00001377,A000798,2026-01-20 08:00:00,AG0025,SUCCESSFUL
FV00001378,A000632,2026-01-17 13:00:00,AG0101,SUCCESSFUL
FV00001379,A002275,2026-01-17 09:00:00,AG0032,UNSUCCESSFUL
FV00001380,A002462,2026-07-26 10:00:00,AG0061,SUCCESSFUL
FV00001381,A001426,2026-08-26 17:00:00,AG0036,RESCHEDULED
FV00001382,A001296,2025-10-11 11:00:00,AG0051,UNSUCCESSFUL
FV00001383,A003347,2026-08-22 11:00:00,AG0073,UNSUCCESSFUL
FV00001384,A000539,2026-06-27 18:00:00,AG0020,UNSUCCESSFUL
FV00001385,A003152,2026-08-05 12:00:00,AG0013,UNSUCCESSFUL
FV00001386,A000931,2025-12-07 08:00:00,AG0073,RESCHEDULED
FV00001387,A002782,2026-06-18 14:00:00,AG0091,SUCCESSFUL
FV00001388,A003376,2025-09-12 18:00:00,AG0105,UNSUCCESSFUL
FV00001389,A000137,2025-11-04 16:00:00,AG0009,SUCCESSFUL
FV00001390,A003054,2026-07-16 11:00:00,AG0102,UNSUCCESSFUL
FV00001391,A003600,2026-08-15 17:00:00,AG0058,UNSUCCESSFUL
FV00001392,A000615,2026-03-12 17:00:00,AG0021,UNSUCCESSFUL
FV00001393,A000864,2026-01-11 15:00:00,AG0038,SUCCESSFUL
FV00001394,A002530,2026-03-20 17:00:00,AG0071,SUCCESSFUL
FV00001395,A000836,2025-11-09 09:00:00,AG0094,UNSUCCESSFUL
FV00001396,A002906,2026-01-05 13:00:00,AG0101,UNSUCCESSFUL
FV00001397,A004152,2026-08-14 14:00:00,AG0001,UNSUCCESSFUL
FV00001398,A002672,2026-01-19 17:00:00,AG0063,SUCCESSFUL
FV00001399,A001896,2026-08-08 11:00:00,AG0063,UNSUCCESSFUL
FV00001400,A000841,2026-04-18 12:00:00,AG0060,UNSUCCESSFUL
FV00001401,A000810,2025-12-06 14:00:00,AG0091,UNSUCCESSFUL
FV00001402,A001017,2026-07-07 14:00:00,AG0074,SUCCESSFUL
FV00001403,A002180,2025-12-03 10:00:00,AG0115,UNSUCCESSFUL
FV00001404,A002197,2025-12-23 18:00:00,AG0001,UNSUCCESSFUL
FV00001405,A000616,2026-04-25 16:00:00,AG0059,RESCHEDULED
FV00001406,A001640,2026-05-04 14:00:00,AG0047,SUCCESSFUL
FV00001407,A003187,2026-08-06 08:00:00,AG0059,UNSUCCESSFUL
FV00001408,A001680,2025-11-05 13:00:00,AG0006,UNSUCCESSFUL
FV00001409,A000727,2026-08-03 11:00:00,AG0079,UNSUCCESSFUL
FV00001410,A000142,2025-10-22 18:00:00,AG0069,SUCCESSFUL
FV00001411,A004084,2026-06-14 12:00:00,AG0089,UNSUCCESSFUL
FV00001412,A000653,2026-07-04 08:00:00,AG0005,RESCHEDULED
FV00001413,A001513,2026-08-06 15:00:00,AG0109,UNSUCCESSFUL
FV00001414,A002110,2026-03-23 17:00:00,AG0081,SUCCESSFUL
FV00001415,A001917,2026-08-22 18:00:00,AG0029,UNSUCCESSFUL
FV00001416,A002172,2025-12-13 17:00:00,AG0018,UNSUCCESSFUL
FV00001417,A002498,2025-11-06 12:00:00,AG0003,SUCCESSFUL
FV00001418,A003857,2026-06-03 16:00:00,AG0052,UNSUCCESSFUL
FV00001419,A000703,2025-12-08 08:00:00,AG0067,UNSUCCESSFUL
FV00001420,A002192,2026-07-03 14:00:00,AG0029,SUCCESSFUL
FV00001421,A001584,2026-08-02 17:00:00,AG0061,RESCHEDULED
FV00001422,A002123,2026-07-17 09:00:00,AG0100,UNSUCCESSFUL
FV00001423,A003702,2026-03-08 18:00:00,AG0057,SUCCESSFUL
FV00001424,A000683,2025-10-18 11:00:00,AG0033,RESCHEDULED
FV00001425,A002388,2026-01-11 08:00:00,AG0093,UNSUCCESSFUL
FV00001426,A000996,2025-10-17 18:00:00,AG0075,SUCCESSFUL
FV00001427,A002705,2026-08-14 11:00:00,AG0059,SUCCESSFUL
FV00001428,A001590,2026-01-07 12:00:00,AG0019,SUCCESSFUL
FV00001429,A002669,2026-03-22 14:00:00,AG0115,SUCCESSFUL
FV00001430,A003823,2026-07-19 09:00:00,AG0049,UNSUCCESSFUL
FV00001431,A002361,2026-08-26 17:00:00,AG0002,RESCHEDULED
FV00001432,A002143,2026-04-03 13:00:00,AG0043,UNSUCCESSFUL
FV00001433,A003560,2026-03-07 14:00:00,AG0043,SUCCESSFUL
FV00001434,A002982,2026-05-14 16:00:00,AG0055,SUCCESSFUL
FV00001435,A001533,2025-09-13 16:00:00,AG0007,SUCCESSFUL
FV00001436,A003135,2025-09-21 17:00:00,AG0078,UNSUCCESSFUL
FV00001437,A002897,2025-11-25 14:00:00,AG0117,UNSUCCESSFUL
FV00001438,A004162,2026-05-23 08:00:00,AG0041,UNSUCCESSFUL
FV00001439,A001373,2026-06-06 08:00:00,AG0007,SUCCESSFUL
FV00001440,A001680,2026-08-23 14:00:00,AG0014,UNSUCCESSFUL
FV00001441,A002033,2026-02-11 09:00:00,AG0084,UNSUCCESSFUL
FV00001442,A003234,2025-10-21 12:00:00,AG0076,UNSUCCESSFUL
FV00001443,A001892,2026-06-26 12:00:00,AG0067,UNSUCCESSFUL
FV00001444,A000931,2025-09-23 13:00:00,AG0075,UNSUCCESSFUL
FV00001445,A001178,2026-01-09 09:00:00,AG0065,SUCCESSFUL
FV00001446,A002732,2026-04-27 14:00:00,AG0094,UNSUCCESSFUL
FV00001447,A001469,2026-07-11 09:00:00,AG0019,SUCCESSFUL
FV00001448,A003789,2026-08-19 15:00:00,AG0025,UNSUCCESSFUL
FV00001449,A000716,2026-03-15 08:00:00,AG0014,SUCCESSFUL
FV00001450,A001838,2026-05-12 09:00:00,AG0080,UNSUCCESSFUL
FV00001451,A002725,2026-03-15 17:00:00,AG0021,SUCCESSFUL
FV00001452,A000985,2026-07-22 09:00:00,AG0106,UNSUCCESSFUL
FV00001453,A001942,2025-10-12 16:00:00,AG0034,UNSUCCESSFUL
FV00001454,A001286,2026-07-13 14:00:00,AG0012,UNSUCCESSFUL
FV00001455,A001309,2025-11-17 12:00:00,AG0116,SUCCESSFUL
FV00001456,A002816,2026-04-09 14:00:00,AG0037,SUCCESSFUL
FV00001457,A001927,2026-02-19 13:00:00,AG0021,SUCCESSFUL
FV00001458,A002507,2026-02-14 17:00:00,AG0110,SUCCESSFUL
FV00001459,A001719,2026-03-07 18:00:00,AG0011,SUCCESSFUL
FV00001460,A003129,2025-09-06 17:00:00,AG0087,RESCHEDULED
FV00001461,A003926,2026-06-03 08:00:00,AG0031,UNSUCCESSFUL
FV00001462,A001917,2026-02-22 14:00:00,AG0007,RESCHEDULED
FV00001463,A001501,2026-07-04 08:00:00,AG0108,UNSUCCESSFUL
FV00001464,A000502,2025-12-12 18:00:00,AG0031,UNSUCCESSFUL
FV00001465,A001474,2025-11-22 17:00:00,AG0118,SUCCESSFUL
FV00001466,A002725,2026-02-02 14:00:00,AG0029,UNSUCCESSFUL
FV00001467,A003601,2025-11-23 11:00:00,AG0027,SUCCESSFUL
FV00001468,A003213,2026-01-03 16:00:00,AG0022,UNSUCCESSFUL
FV00001469,A001980,2026-02-16 08:00:00,AG0007,UNSUCCESSFUL
FV00001470,A000366,2025-09-01 12:00:00,AG0043,UNSUCCESSFUL
FV00001471,A001668,2026-08-26 18:00:00,AG0006,SUCCESSFUL
FV00001472,A003751,2026-08-12 13:00:00,AG0003,UNSUCCESSFUL
FV00001473,A001609,2026-07-19 09:00:00,AG0025,SUCCESSFUL
FV00001474,A002907,2025-10-22 11:00:00,AG0048,UNSUCCESSFUL
FV00001475,A002663,2026-05-07 14:00:00,AG0098,SUCCESSFUL
FV00001476,A001565,2026-07-25 16:00:00,AG0109,SUCCESSFUL
FV00001477,A000600,2026-07-10 15:00:00,AG0092,UNSUCCESSFUL
FV00001478,A002762,2025-11-06 13:00:00,AG0115,SUCCESSFUL
FV00001479,A000915,2026-03-10 11:00:00,AG0119,SUCCESSFUL
FV00001480,A003032,2026-03-15 15:00:00,AG0072,SUCCESSFUL
FV00001481,A001896,2025-10-13 18:00:00,AG0100,UNSUCCESSFUL
FV00001482,A002412,2026-05-22 18:00:00,AG0108,RESCHEDULED
FV00001483,A003868,2026-05-01 11:00:00,AG0104,SUCCESSFUL
FV00001484,A003193,2026-06-03 16:00:00,AG0011,UNSUCCESSFUL
FV00001485,A003121,2026-07-18 08:00:00,AG0062,UNSUCCESSFUL
FV00001486,A003169,2025-12-27 08:00:00,AG0008,SUCCESSFUL
FV00001487,A000087,2025-09-08 10:00:00,AG0034,UNSUCCESSFUL
FV00001488,A001523,2026-04-03 15:00:00,AG0110,UNSUCCESSFUL
FV00001489,A000225,2026-07-05 11:00:00,AG0052,UNSUCCESSFUL
FV00001490,A002276,2026-06-04 15:00:00,AG0019,SUCCESSFUL
FV00001491,A002204,2026-07-24 13:00:00,AG0068,UNSUCCESSFUL
FV00001492,A000138,2026-01-09 17:00:00,AG0027,UNSUCCESSFUL
FV00001493,A000381,2026-06-26 12:00:00,AG0106,SUCCESSFUL
FV00001494,A002110,2025-10-05 08:00:00,AG0010,RESCHEDULED
FV00001495,A002283,2025-10-04 15:00:00,AG0038,UNSUCCESSFUL
FV00001496,A002430,2026-01-24 09:00:00,AG0112,SUCCESSFUL
FV00001497,A001930,2025-10-04 13:00:00,AG0078,SUCCESSFUL
FV00001498,A003520,2026-06-13 15:00:00,AG0031,UNSUCCESSFUL
FV00001499,A001535,2026-04-23 10:00:00,AG0018,RESCHEDULED
FV00001500,A001746,2025-12-07 14:00:00,AG0007,RESCHEDULED
FV00001501,A002704,2026-05-14 09:00:00,AG0008,SUCCESSFUL
FV00001502,A000258,2025-09-11 08:00:00,AG0022,UNSUCCESSFUL
FV00001503,A002936,2025-12-23 08:00:00,AG0014,SUCCESSFUL
FV00001504,A000813,2025-10-18 08:00:00,AG0095,RESCHEDULED
FV00001505,A003391,2025-10-02 17:00:00,AG0095,UNSUCCESSFUL
FV00001506,A003111,2026-05-03 10:00:00,AG0023,SUCCESSFUL
FV00001507,A003118,2025-09-21 11:00:00,AG0051,UNSUCCESSFUL
FV00001508,A003179,2026-08-15 08:00:00,AG0016,UNSUCCESSFUL
FV00001509,A000225,2025-12-24 11:00:00,AG0027,UNSUCCESSFUL
FV00001510,A003978,2026-02-22 18:00:00,AG0006,UNSUCCESSFUL
FV00001511,A000379,2026-03-11 12:00:00,AG0048,SUCCESSFUL
FV00001512,A002653,2025-12-05 10:00:00,AG0076,RESCHEDULED
FV00001513,A003994,2025-12-13 17:00:00,AG0069,UNSUCCESSFUL
FV00001514,A000738,2026-06-27 10:00:00,AG0092,UNSUCCESSFUL
FV00001515,A001931,2026-08-12 10:00:00,AG0079,SUCCESSFUL
FV00001516,A000523,2026-02-18 16:00:00,AG0058,UNSUCCESSFUL
FV00001517,A001505,2026-05-10 16:00:00,AG0072,RESCHEDULED
FV00001518,A003669,2025-11-25 16:00:00,AG0106,UNSUCCESSFUL
FV00001519,A004023,2025-12-17 10:00:00,AG0115,SUCCESSFUL
FV00001520,A000315,2026-06-09 09:00:00,AG0053,SUCCESSFUL
FV00001521,A002992,2025-09-13 08:00:00,AG0018,RESCHEDULED
FV00001522,A002641,2026-03-20 15:00:00,AG0085,UNSUCCESSFUL
FV00001523,A003815,2026-07-02 12:00:00,AG0084,UNSUCCESSFUL
FV00001524,A003331,2026-04-19 16:00:00,AG0078,SUCCESSFUL
FV00001525,A000996,2026-06-02 10:00:00,AG0057,UNSUCCESSFUL
FV00001526,A001622,2026-05-16 18:00:00,AG0051,RESCHEDULED
FV00001527,A001278,2025-12-14 10:00:00,AG0050,UNSUCCESSFUL
FV00001528,A002756,2026-04-11 08:00:00,AG0001,UNSUCCESSFUL
FV00001529,A002320,2026-03-18 08:00:00,AG0103,UNSUCCESSFUL
FV00001530,A002803,2025-12-08 10:00:00,AG0030,SUCCESSFUL
FV00001531,A003422,2025-09-23 08:00:00,AG0075,SUCCESSFUL
FV00001532,A002074,2026-03-10 15:00:00,AG0045,SUCCESSFUL
FV00001533,A001878,2026-02-10 08:00:00,AG0033,UNSUCCESSFUL
FV00001534,A003596,2026-08-23 09:00:00,AG0024,SUCCESSFUL
FV00001535,A003296,2026-01-23 13:00:00,AG0021,SUCCESSFUL
FV00001536,A002712,2026-04-03 14:00:00,AG0067,UNSUCCESSFUL
FV00001537,A000113,2025-10-21 11:00:00,AG0011,SUCCESSFUL
FV00001538,A004125,2026-08-09 13:00:00,AG0082,UNSUCCESSFUL
FV00001539,A001552,2026-04-11 08:00:00,AG0042,UNSUCCESSFUL
FV00001540,A000339,2026-01-10 13:00:00,AG0035,SUCCESSFUL
FV00001541,A004004,2026-08-01 14:00:00,AG0004,SUCCESSFUL
FV00001542,A004158,2025-12-23 18:00:00,AG0021,SUCCESSFUL
FV00001543,A001914,2026-04-06 10:00:00,AG0070,UNSUCCESSFUL
FV00001544,A000373,2026-07-18 15:00:00,AG0119,UNSUCCESSFUL
FV00001545,A000013,2025-12-24 17:00:00,AG0048,UNSUCCESSFUL
FV00001546,A001526,2025-11-09 09:00:00,AG0005,UNSUCCESSFUL
FV00001547,A001029,2025-12-23 12:00:00,AG0118,SUCCESSFUL
FV00001548,A003488,2026-08-06 15:00:00,AG0045,UNSUCCESSFUL
FV00001549,A000344,2025-09-24 12:00:00,AG0047,UNSUCCESSFUL
FV00001550,A003130,2025-09-09 10:00:00,AG0024,SUCCESSFUL
FV00001551,A003714,2026-03-03 08:00:00,AG0032,UNSUCCESSFUL
FV00001552,A002289,2026-01-26 17:00:00,AG0045,UNSUCCESSFUL
FV00001553,A001808,2026-05-03 09:00:00,AG0084,SUCCESSFUL
FV00001554,A003075,2026-07-09 10:00:00,AG0094,SUCCESSFUL
FV00001555,A000620,2026-05-09 17:00:00,AG0047,SUCCESSFUL
FV00001556,A002094,2026-08-01 09:00:00,AG0061,RESCHEDULED
FV00001557,A002107,2026-08-23 11:00:00,AG0067,UNSUCCESSFUL
FV00001558,A003165,2025-09-04 16:00:00,AG0102,UNSUCCESSFUL
FV00001559,A001473,2026-04-18 10:00:00,AG0105,SUCCESSFUL
FV00001560,A003794,2026-01-23 15:00:00,AG0035,UNSUCCESSFUL
FV00001561,A000025,2026-02-23 15:00:00,AG0081,UNSUCCESSFUL
FV00001562,A000291,2026-07-10 18:00:00,AG0024,SUCCESSFUL
FV00001563,A001765,2026-03-02 14:00:00,AG0089,UNSUCCESSFUL
FV00001564,A001855,2026-03-14 15:00:00,AG0106,SUCCESSFUL
FV00001565,A001698,2026-03-26 09:00:00,AG0093,SUCCESSFUL
FV00001566,A000802,2026-07-26 09:00:00,AG0077,RESCHEDULED
FV00001567,A000278,2026-02-17 11:00:00,AG0116,RESCHEDULED
FV00001568,A004125,2026-03-19 09:00:00,AG0015,UNSUCCESSFUL
FV00001569,A002915,2026-05-21 12:00:00,AG0042,UNSUCCESSFUL
FV00001570,A001267,2025-12-03 14:00:00,AG0048,SUCCESSFUL
FV00001571,A000271,2025-09-06 12:00:00,AG0060,SUCCESSFUL
FV00001572,A000771,2025-11-21 12:00:00,AG0012,UNSUCCESSFUL
FV00001573,A003481,2026-06-21 09:00:00,AG0072,SUCCESSFUL
FV00001574,A002637,2026-01-06 11:00:00,AG0059,SUCCESSFUL
FV00001575,A001134,2026-04-23 17:00:00,AG0015,UNSUCCESSFUL
FV00001576,A001492,2026-05-06 17:00:00,AG0051,UNSUCCESSFUL
FV00001577,A001866,2026-01-25 17:00:00,AG0044,SUCCESSFUL
FV00001578,A004167,2026-01-16 18:00:00,AG0033,RESCHEDULED
FV00001579,A002546,2026-08-04 13:00:00,AG0093,SUCCESSFUL
FV00001580,A003882,2026-01-09 17:00:00,AG0114,SUCCESSFUL
FV00001581,A000203,2026-06-09 17:00:00,AG0029,SUCCESSFUL
FV00001582,A003422,2026-07-21 11:00:00,AG0068,SUCCESSFUL
FV00001583,A002900,2026-06-01 09:00:00,AG0077,UNSUCCESSFUL
FV00001584,A001305,2026-04-23 16:00:00,AG0003,SUCCESSFUL
FV00001585,A003254,2026-08-13 11:00:00,AG0059,UNSUCCESSFUL
FV00001586,A000368,2026-02-16 09:00:00,AG0030,UNSUCCESSFUL
FV00001587,A001153,2026-03-23 08:00:00,AG0097,SUCCESSFUL
FV00001588,A003639,2025-12-04 11:00:00,AG0104,SUCCESSFUL
FV00001589,A003682,2026-01-19 15:00:00,AG0054,UNSUCCESSFUL
FV00001590,A001407,2026-04-18 18:00:00,AG0026,SUCCESSFUL
FV00001591,A002407,2026-03-17 15:00:00,AG0057,SUCCESSFUL
FV00001592,A004173,2026-04-20 12:00:00,AG0036,UNSUCCESSFUL
FV00001593,A000073,2025-12-12 14:00:00,AG0088,RESCHEDULED
FV00001594,A000510,2026-02-23 17:00:00,AG0004,UNSUCCESSFUL
FV00001595,A000756,2025-11-22 16:00:00,AG0119,SUCCESSFUL
FV00001596,A003117,2025-11-10 09:00:00,AG0048,UNSUCCESSFUL
FV00001597,A002148,2026-01-21 17:00:00,AG0072,SUCCESSFUL
FV00001598,A002164,2026-06-25 11:00:00,AG0044,SUCCESSFUL
FV00001599,A003472,2025-12-08 09:00:00,AG0118,UNSUCCESSFUL
FV00001600,A003097,2026-08-15 10:00:00,AG0023,SUCCESSFUL
FV00001601,A002189,2026-05-23 15:00:00,AG0118,RESCHEDULED
FV00001602,A003054,2026-04-26 15:00:00,AG0114,UNSUCCESSFUL
FV00001603,A003557,2026-05-24 12:00:00,AG0039,SUCCESSFUL
FV00001604,A002687,2026-02-09 16:00:00,AG0118,SUCCESSFUL
FV00001605,A002040,2025-10-03 10:00:00,AG0006,SUCCESSFUL
FV00001606,A002285,2026-08-05 18:00:00,AG0028,SUCCESSFUL
FV00001607,A002634,2026-08-19 17:00:00,AG0120,UNSUCCESSFUL
FV00001608,A002936,2026-02-11 13:00:00,AG0104,SUCCESSFUL
FV00001609,A002129,2025-09-21 12:00:00,AG0057,SUCCESSFUL
FV00001610,A002234,2025-11-19 16:00:00,AG0014,SUCCESSFUL
FV00001611,A003317,2026-03-09 14:00:00,AG0014,UNSUCCESSFUL
FV00001612,A001332,2026-07-07 11:00:00,AG0118,SUCCESSFUL
FV00001613,A003792,2026-07-08 13:00:00,AG0097,SUCCESSFUL
FV00001614,A000956,2026-01-16 17:00:00,AG0071,SUCCESSFUL
FV00001615,A001549,2026-04-12 18:00:00,AG0054,UNSUCCESSFUL
FV00001616,A000737,2025-09-18 08:00:00,AG0009,UNSUCCESSFUL
FV00001617,A000241,2026-02-15 14:00:00,AG0021,UNSUCCESSFUL
FV00001618,A002282,2026-05-17 08:00:00,AG0069,SUCCESSFUL
FV00001619,A000193,2026-07-13 17:00:00,AG0046,UNSUCCESSFUL
FV00001620,A000908,2026-05-06 11:00:00,AG0003,SUCCESSFUL
FV00001621,A002035,2025-11-08 18:00:00,AG0053,UNSUCCESSFUL
FV00001622,A000666,2025-09-04 12:00:00,AG0099,UNSUCCESSFUL
FV00001623,A001721,2026-04-01 15:00:00,AG0097,UNSUCCESSFUL
FV00001624,A002332,2026-05-04 10:00:00,AG0015,SUCCESSFUL
FV00001625,A002394,2026-07-22 10:00:00,AG0017,UNSUCCESSFUL
FV00001626,A000561,2025-10-11 18:00:00,AG0096,UNSUCCESSFUL
FV00001627,A002561,2025-09-03 15:00:00,AG0073,UNSUCCESSFUL
FV00001628,A002825,2026-01-16 13:00:00,AG0017,SUCCESSFUL
FV00001629,A001452,2025-12-24 09:00:00,AG0033,UNSUCCESSFUL
FV00001630,A002372,2025-11-24 13:00:00,AG0027,UNSUCCESSFUL
FV00001631,A000841,2026-03-27 15:00:00,AG0090,UNSUCCESSFUL
FV00001632,A000682,2026-07-27 10:00:00,AG0023,UNSUCCESSFUL
FV00001633,A000131,2026-08-15 08:00:00,AG0007,SUCCESSFUL
FV00001634,A002847,2026-03-17 08:00:00,AG0075,UNSUCCESSFUL
FV00001635,A002344,2025-10-21 17:00:00,AG0035,SUCCESSFUL
FV00001636,A003369,2026-05-14 13:00:00,AG0046,UNSUCCESSFUL
FV00001637,A001359,2025-09-21 16:00:00,AG0057,UNSUCCESSFUL
FV00001638,A003664,2025-09-13 17:00:00,AG0072,SUCCESSFUL
FV00001639,A002878,2026-06-27 10:00:00,AG0075,SUCCESSFUL
FV00001640,A003578,2025-10-01 16:00:00,AG0108,UNSUCCESSFUL
FV00001641,A000650,2026-05-25 17:00:00,AG0119,UNSUCCESSFUL
FV00001642,A000881,2026-03-27 14:00:00,AG0072,SUCCESSFUL
FV00001643,A001410,2026-05-26 18:00:00,AG0104,RESCHEDULED
FV00001644,A003678,2025-12-21 09:00:00,AG0037,SUCCESSFUL
FV00001645,A001415,2026-03-03 17:00:00,AG0040,RESCHEDULED
FV00001646,A001702,2026-01-25 10:00:00,AG0045,UNSUCCESSFUL
FV00001647,A003568,2025-10-02 17:00:00,AG0079,UNSUCCESSFUL
FV00001648,A002964,2025-12-02 09:00:00,AG0103,SUCCESSFUL
FV00001649,A003745,2026-05-15 12:00:00,AG0029,SUCCESSFUL
FV00001650,A001153,2026-05-21 12:00:00,AG0066,UNSUCCESSFUL
FV00001651,A003218,2026-01-12 15:00:00,AG0098,SUCCESSFUL
FV00001652,A000026,2025-11-11 17:00:00,AG0055,RESCHEDULED
FV00001653,A002938,2026-07-23 16:00:00,AG0083,UNSUCCESSFUL
FV00001654,A002907,2025-12-06 14:00:00,AG0018,UNSUCCESSFUL
FV00001655,A003942,2025-09-26 08:00:00,AG0094,UNSUCCESSFUL
FV00001656,A004047,2025-12-25 12:00:00,AG0063,UNSUCCESSFUL
FV00001657,A003664,2026-04-12 14:00:00,AG0112,UNSUCCESSFUL
FV00001658,A001791,2026-04-19 08:00:00,AG0073,SUCCESSFUL
FV00001659,A000747,2025-10-25 13:00:00,AG0108,RESCHEDULED
FV00001660,A001013,2026-07-23 18:00:00,AG0080,UNSUCCESSFUL
FV00001661,A001390,2026-03-02 13:00:00,AG0017,UNSUCCESSFUL
FV00001662,A001269,2026-05-07 16:00:00,AG0061,RESCHEDULED
FV00001663,A001746,2025-12-04 13:00:00,AG0116,UNSUCCESSFUL
FV00001664,A002390,2025-11-24 16:00:00,AG0057,SUCCESSFUL
FV00001665,A002134,2025-12-16 17:00:00,AG0001,UNSUCCESSFUL
FV00001666,A000817,2025-10-17 17:00:00,AG0094,UNSUCCESSFUL
FV00001667,A001773,2026-03-07 10:00:00,AG0052,SUCCESSFUL
FV00001668,A003019,2025-09-16 11:00:00,AG0019,UNSUCCESSFUL
FV00001669,A000152,2025-10-02 16:00:00,AG0099,UNSUCCESSFUL
FV00001670,A000782,2026-05-19 09:00:00,AG0105,UNSUCCESSFUL
FV00001671,A004068,2026-06-02 12:00:00,AG0050,UNSUCCESSFUL
FV00001672,A001509,2026-06-02 17:00:00,AG0048,UNSUCCESSFUL
FV00001673,A001817,2026-04-15 15:00:00,AG0001,SUCCESSFUL
FV00001674,A002649,2026-03-03 16:00:00,AG0111,UNSUCCESSFUL
FV00001675,A003008,2025-12-10 18:00:00,AG0080,UNSUCCESSFUL
FV00001676,A000266,2026-05-17 11:00:00,AG0082,UNSUCCESSFUL
FV00001677,A000138,2026-01-17 15:00:00,AG0096,SUCCESSFUL
FV00001678,A000502,2025-11-13 13:00:00,AG0084,UNSUCCESSFUL
FV00001679,A001957,2025-10-06 16:00:00,AG0067,UNSUCCESSFUL
FV00001680,A002856,2026-07-25 12:00:00,AG0032,RESCHEDULED
FV00001681,A002352,2026-01-27 09:00:00,AG0046,SUCCESSFUL
FV00001682,A003386,2026-04-03 11:00:00,AG0104,UNSUCCESSFUL
FV00001683,A004011,2026-04-05 08:00:00,AG0005,SUCCESSFUL
FV00001684,A003396,2025-10-09 11:00:00,AG0001,UNSUCCESSFUL
FV00001685,A002155,2026-01-17 11:00:00,AG0081,RESCHEDULED
FV00001686,A002336,2026-05-24 09:00:00,AG0054,UNSUCCESSFUL
FV00001687,A002469,2026-05-15 13:00:00,AG0039,SUCCESSFUL
FV00001688,A004066,2026-08-09 10:00:00,AG0106,SUCCESSFUL
FV00001689,A004014,2026-01-04 17:00:00,AG0022,UNSUCCESSFUL
FV00001690,A000845,2026-01-15 08:00:00,AG0035,SUCCESSFUL
FV00001691,A002843,2025-11-09 08:00:00,AG0052,UNSUCCESSFUL
FV00001692,A003755,2026-04-06 14:00:00,AG0051,SUCCESSFUL
FV00001693,A000031,2025-09-17 11:00:00,AG0054,UNSUCCESSFUL
FV00001694,A001878,2026-06-24 16:00:00,AG0112,SUCCESSFUL
FV00001695,A002342,2025-11-07 16:00:00,AG0077,SUCCESSFUL
FV00001696,A003870,2026-02-06 14:00:00,AG0094,SUCCESSFUL
FV00001697,A003929,2026-05-01 16:00:00,AG0047,UNSUCCESSFUL
FV00001698,A000470,2025-10-12 10:00:00,AG0093,UNSUCCESSFUL
FV00001699,A001884,2026-03-19 09:00:00,AG0113,UNSUCCESSFUL
FV00001700,A002244,2026-05-18 09:00:00,AG0011,UNSUCCESSFUL
FV00001701,A003366,2026-06-05 17:00:00,AG0039,UNSUCCESSFUL
FV00001702,A002613,2026-05-16 13:00:00,AG0025,SUCCESSFUL
FV00001703,A003185,2025-12-04 15:00:00,AG0048,UNSUCCESSFUL
FV00001704,A004071,2026-05-11 14:00:00,AG0012,UNSUCCESSFUL
FV00001705,A000327,2026-05-23 11:00:00,AG0083,UNSUCCESSFUL
FV00001706,A000214,2026-05-01 13:00:00,AG0022,UNSUCCESSFUL
FV00001707,A000980,2025-12-18 14:00:00,AG0014,SUCCESSFUL
FV00001708,A003142,2025-11-13 08:00:00,AG0120,UNSUCCESSFUL
FV00001709,A003312,2026-05-27 15:00:00,AG0036,SUCCESSFUL
FV00001710,A003617,2025-11-06 14:00:00,AG0066,SUCCESSFUL
FV00001711,A001510,2025-11-24 16:00:00,AG0112,SUCCESSFUL
FV00001712,A000748,2025-11-15 12:00:00,AG0058,UNSUCCESSFUL
FV00001713,A000595,2025-12-01 09:00:00,AG0031,UNSUCCESSFUL
FV00001714,A001678,2026-05-01 16:00:00,AG0114,UNSUCCESSFUL
FV00001715,A004076,2025-09-03 18:00:00,AG0067,RESCHEDULED
FV00001716,A004041,2026-06-12 11:00:00,AG0097,SUCCESSFUL
FV00001717,A000683,2026-03-16 10:00:00,AG0035,SUCCESSFUL
FV00001718,A003672,2026-02-20 10:00:00,AG0113,UNSUCCESSFUL
FV00001719,A002813,2026-06-13 14:00:00,AG0067,SUCCESSFUL
FV00001720,A002845,2025-09-26 08:00:00,AG0030,SUCCESSFUL
FV00001721,A001295,2026-05-06 14:00:00,AG0120,SUCCESSFUL
FV00001722,A003944,2026-06-12 16:00:00,AG0028,SUCCESSFUL
FV00001723,A003026,2026-02-02 15:00:00,AG0068,SUCCESSFUL
FV00001724,A001192,2026-01-24 16:00:00,AG0084,UNSUCCESSFUL
FV00001725,A002185,2026-02-08 08:00:00,AG0076,SUCCESSFUL
FV00001726,A000904,2026-04-07 14:00:00,AG0108,UNSUCCESSFUL
FV00001727,A003277,2026-07-11 14:00:00,AG0063,SUCCESSFUL
FV00001728,A003953,2026-06-20 17:00:00,AG0088,UNSUCCESSFUL
FV00001729,A001151,2025-11-26 18:00:00,AG0073,UNSUCCESSFUL
FV00001730,A004170,2026-08-01 10:00:00,AG0055,SUCCESSFUL
FV00001731,A002512,2026-03-17 08:00:00,AG0112,UNSUCCESSFUL
FV00001732,A002762,2025-09-04 18:00:00,AG0054,SUCCESSFUL
FV00001733,A000226,2026-04-13 10:00:00,AG0111,SUCCESSFUL
FV00001734,A000101,2025-11-04 08:00:00,AG0053,UNSUCCESSFUL
FV00001735,A002623,2026-08-14 09:00:00,AG0010,UNSUCCESSFUL
FV00001736,A003567,2026-03-22 13:00:00,AG0079,SUCCESSFUL
FV00001737,A001704,2025-09-10 09:00:00,AG0070,UNSUCCESSFUL
FV00001738,A001209,2026-01-23 14:00:00,AG0088,UNSUCCESSFUL
FV00001739,A003954,2026-04-07 16:00:00,AG0047,SUCCESSFUL
FV00001740,A004022,2026-02-24 11:00:00,AG0097,SUCCESSFUL
FV00001741,A003722,2026-04-17 14:00:00,AG0091,UNSUCCESSFUL
FV00001742,A001317,2025-11-22 12:00:00,AG0038,UNSUCCESSFUL
FV00001743,A000583,2026-01-07 14:00:00,AG0089,RESCHEDULED
FV00001744,A001434,2025-12-22 14:00:00,AG0100,SUCCESSFUL
FV00001745,A004029,2025-12-12 18:00:00,AG0092,RESCHEDULED
FV00001746,A000223,2026-01-03 16:00:00,AG0102,UNSUCCESSFUL
FV00001747,A003831,2025-10-03 16:00:00,AG0067,SUCCESSFUL
FV00001748,A000910,2025-11-27 16:00:00,AG0050,UNSUCCESSFUL
FV00001749,A001798,2026-01-11 14:00:00,AG0003,SUCCESSFUL
FV00001750,A004099,2025-11-25 14:00:00,AG0067,SUCCESSFUL
FV00001751,A003073,2026-02-17 16:00:00,AG0006,SUCCESSFUL
FV00001752,A003482,2025-10-21 17:00:00,AG0111,UNSUCCESSFUL
FV00001753,A003726,2025-11-19 11:00:00,AG0065,SUCCESSFUL
FV00001754,A003707,2026-06-02 09:00:00,AG0111,UNSUCCESSFUL
FV00001755,A004089,2025-11-23 17:00:00,AG0028,RESCHEDULED
FV00001756,A000643,2025-12-26 13:00:00,AG0052,UNSUCCESSFUL
FV00001757,A000535,2025-12-04 09:00:00,AG0058,SUCCESSFUL
FV00001758,A003335,2026-04-03 17:00:00,AG0043,RESCHEDULED
FV00001759,A004106,2026-01-09 16:00:00,AG0032,SUCCESSFUL
FV00001760,A000249,2026-07-15 09:00:00,AG0062,SUCCESSFUL
FV00001761,A001728,2026-08-16 17:00:00,AG0051,RESCHEDULED
FV00001762,A001656,2025-11-10 08:00:00,AG0085,SUCCESSFUL
FV00001763,A001866,2026-04-20 10:00:00,AG0008,SUCCESSFUL
FV00001764,A000469,2025-09-24 17:00:00,AG0084,UNSUCCESSFUL
FV00001765,A002119,2026-04-05 11:00:00,AG0090,SUCCESSFUL
FV00001766,A000709,2025-10-06 08:00:00,AG0063,UNSUCCESSFUL
FV00001767,A003854,2026-08-20 18:00:00,AG0016,UNSUCCESSFUL
FV00001768,A002221,2026-05-13 15:00:00,AG0054,UNSUCCESSFUL
FV00001769,A000908,2026-07-06 08:00:00,AG0013,SUCCESSFUL
FV00001770,A002836,2026-03-07 17:00:00,AG0026,SUCCESSFUL
FV00001771,A003522,2026-06-22 17:00:00,AG0031,UNSUCCESSFUL
FV00001772,A000873,2025-09-18 12:00:00,AG0014,RESCHEDULED
FV00001773,A003865,2025-11-23 09:00:00,AG0009,SUCCESSFUL
FV00001774,A003909,2026-05-01 16:00:00,AG0107,UNSUCCESSFUL
FV00001775,A003976,2026-02-02 14:00:00,AG0067,SUCCESSFUL
FV00001776,A002513,2026-08-08 11:00:00,AG0057,SUCCESSFUL
FV00001777,A000897,2026-05-15 09:00:00,AG0097,UNSUCCESSFUL
FV00001778,A001920,2026-08-25 10:00:00,AG0063,SUCCESSFUL
FV00001779,A003017,2026-08-18 13:00:00,AG0006,RESCHEDULED
FV00001780,A004156,2026-04-19 10:00:00,AG0071,SUCCESSFUL
FV00001781,A000684,2025-09-27 16:00:00,AG0102,UNSUCCESSFUL
FV00001782,A003392,2026-07-27 12:00:00,AG0061,UNSUCCESSFUL
FV00001783,A002984,2025-09-13 16:00:00,AG0107,SUCCESSFUL
FV00001784,A000363,2026-07-02 09:00:00,AG0067,SUCCESSFUL
FV00001785,A000306,2026-06-21 09:00:00,AG0110,SUCCESSFUL
FV00001786,A000362,2026-02-22 17:00:00,AG0070,RESCHEDULED
FV00001787,A000286,2026-07-26 17:00:00,AG0071,RESCHEDULED
FV00001788,A003994,2026-05-21 15:00:00,AG0002,UNSUCCESSFUL
FV00001789,A003194,2025-11-11 15:00:00,AG0072,UNSUCCESSFUL
FV00001790,A002731,2026-04-10 17:00:00,AG0083,UNSUCCESSFUL
FV00001791,A001264,2026-01-03 11:00:00,AG0047,SUCCESSFUL
FV00001792,A000195,2026-06-22 12:00:00,AG0120,SUCCESSFUL
FV00001793,A001953,2026-05-03 16:00:00,AG0096,SUCCESSFUL
FV00001794,A004122,2026-05-23 14:00:00,AG0118,UNSUCCESSFUL
FV00001795,A000139,2025-09-09 13:00:00,AG0017,UNSUCCESSFUL
FV00001796,A002019,2026-06-12 08:00:00,AG0024,SUCCESSFUL
FV00001797,A002656,2025-10-23 18:00:00,AG0101,SUCCESSFUL
FV00001798,A002256,2025-10-18 11:00:00,AG0115,UNSUCCESSFUL
FV00001799,A002952,2025-09-01 13:00:00,AG0074,SUCCESSFUL
FV00001800,A002569,2026-05-12 09:00:00,AG0005,SUCCESSFUL
FV00001801,A000196,2026-02-08 14:00:00,AG0093,SUCCESSFUL
FV00001802,A001215,2025-11-16 12:00:00,AG0093,UNSUCCESSFUL
FV00001803,A003306,2026-05-15 09:00:00,AG0070,UNSUCCESSFUL
FV00001804,A001363,2026-05-07 10:00:00,AG0085,RESCHEDULED
FV00001805,A001044,2026-01-14 12:00:00,AG0047,SUCCESSFUL
FV00001806,A000457,2026-05-26 08:00:00,AG0005,SUCCESSFUL
FV00001807,A003261,2026-07-13 15:00:00,AG0030,UNSUCCESSFUL
FV00001808,A001865,2025-10-06 11:00:00,AG0044,SUCCESSFUL
FV00001809,A002938,2025-09-27 16:00:00,AG0032,UNSUCCESSFUL
FV00001810,A002280,2026-07-08 15:00:00,AG0103,UNSUCCESSFUL
FV00001811,A000230,2026-02-14 18:00:00,AG0084,UNSUCCESSFUL
FV00001812,A003446,2026-08-22 16:00:00,AG0097,UNSUCCESSFUL
FV00001813,A003421,2026-02-06 17:00:00,AG0100,UNSUCCESSFUL
FV00001814,A001349,2025-09-06 18:00:00,AG0089,UNSUCCESSFUL
FV00001815,A002440,2026-02-20 16:00:00,AG0076,UNSUCCESSFUL
FV00001816,A004040,2025-12-10 18:00:00,AG0040,UNSUCCESSFUL
FV00001817,A002308,2026-05-10 17:00:00,AG0010,UNSUCCESSFUL
FV00001818,A000732,2025-11-15 17:00:00,AG0052,RESCHEDULED
FV00001819,A002017,2025-12-07 10:00:00,AG0031,UNSUCCESSFUL
FV00001820,A001676,2026-07-08 11:00:00,AG0001,SUCCESSFUL
FV00001821,A002486,2025-09-19 18:00:00,AG0031,UNSUCCESSFUL
FV00001822,A004082,2026-02-06 16:00:00,AG0008,UNSUCCESSFUL
FV00001823,A001606,2026-02-10 14:00:00,AG0109,SUCCESSFUL
FV00001824,A003609,2026-04-15 10:00:00,AG0050,RESCHEDULED
FV00001825,A001724,2025-09-15 09:00:00,AG0028,RESCHEDULED
FV00001826,A000007,2025-12-18 09:00:00,AG0001,SUCCESSFUL
FV00001827,A001445,2026-05-25 18:00:00,AG0024,UNSUCCESSFUL
FV00001828,A002005,2026-06-26 16:00:00,AG0104,UNSUCCESSFUL
FV00001829,A003663,2026-04-19 13:00:00,AG0046,SUCCESSFUL
FV00001830,A003040,2026-06-20 08:00:00,AG0094,UNSUCCESSFUL
FV00001831,A003836,2025-12-17 16:00:00,AG0087,RESCHEDULED
FV00001832,A000282,2025-11-10 11:00:00,AG0093,RESCHEDULED
FV00001833,A002002,2025-12-05 10:00:00,AG0015,SUCCESSFUL
FV00001834,A003252,2026-04-08 16:00:00,AG0062,SUCCESSFUL
FV00001835,A000184,2026-06-16 08:00:00,AG0076,UNSUCCESSFUL
FV00001836,A003034,2026-02-24 13:00:00,AG0003,UNSUCCESSFUL
FV00001837,A002297,2026-05-22 16:00:00,AG0020,SUCCESSFUL
FV00001838,A002232,2025-12-07 13:00:00,AG0117,UNSUCCESSFUL
FV00001839,A002157,2026-02-05 10:00:00,AG0089,UNSUCCESSFUL
FV00001840,A000079,2026-03-17 14:00:00,AG0056,UNSUCCESSFUL
FV00001841,A001647,2026-03-21 15:00:00,AG0005,SUCCESSFUL
FV00001842,A003440,2025-10-26 13:00:00,AG0088,UNSUCCESSFUL
FV00001843,A002500,2025-11-08 08:00:00,AG0062,UNSUCCESSFUL
FV00001844,A003338,2026-06-04 18:00:00,AG0087,UNSUCCESSFUL
FV00001845,A002671,2026-03-02 15:00:00,AG0114,RESCHEDULED
FV00001846,A003477,2025-12-03 09:00:00,AG0014,UNSUCCESSFUL
FV00001847,A002336,2025-10-22 15:00:00,AG0082,SUCCESSFUL
FV00001848,A000211,2026-07-05 15:00:00,AG0084,SUCCESSFUL
FV00001849,A002641,2026-01-25 09:00:00,AG0118,SUCCESSFUL
FV00001850,A000028,2026-02-18 10:00:00,AG0026,SUCCESSFUL
FV00001851,A003820,2026-01-02 18:00:00,AG0111,UNSUCCESSFUL
FV00001852,A001706,2026-03-14 16:00:00,AG0015,SUCCESSFUL
FV00001853,A002868,2026-03-12 15:00:00,AG0010,SUCCESSFUL
FV00001854,A002291,2026-04-08 08:00:00,AG0035,SUCCESSFUL
FV00001855,A003400,2026-04-16 09:00:00,AG0042,SUCCESSFUL
FV00001856,A002228,2025-11-16 18:00:00,AG0091,UNSUCCESSFUL
FV00001857,A001334,2026-06-05 11:00:00,AG0018,SUCCESSFUL
FV00001858,A000540,2026-06-10 15:00:00,AG0116,SUCCESSFUL
FV00001859,A002134,2025-09-23 17:00:00,AG0087,UNSUCCESSFUL
FV00001860,A003002,2026-06-24 10:00:00,AG0037,UNSUCCESSFUL
FV00001861,A000994,2026-02-10 12:00:00,AG0092,SUCCESSFUL
FV00001862,A001414,2026-07-26 18:00:00,AG0120,RESCHEDULED
FV00001863,A000683,2026-04-10 15:00:00,AG0086,UNSUCCESSFUL
FV00001864,A003668,2026-03-16 14:00:00,AG0063,UNSUCCESSFUL
FV00001865,A001424,2026-06-13 08:00:00,AG0001,RESCHEDULED
FV00001866,A001774,2025-09-12 17:00:00,AG0090,UNSUCCESSFUL
FV00001867,A003097,2026-01-13 08:00:00,AG0069,UNSUCCESSFUL
FV00001868,A003766,2025-12-21 12:00:00,AG0046,SUCCESSFUL
FV00001869,A003258,2025-10-02 17:00:00,AG0075,UNSUCCESSFUL
FV00001870,A003635,2025-12-02 12:00:00,AG0115,SUCCESSFUL
FV00001871,A000521,2026-08-20 09:00:00,AG0039,SUCCESSFUL
FV00001872,A001521,2026-08-03 08:00:00,AG0076,UNSUCCESSFUL
FV00001873,A000084,2026-03-16 08:00:00,AG0103,RESCHEDULED
FV00001874,A003759,2025-12-13 15:00:00,AG0081,UNSUCCESSFUL
FV00001875,A000912,2025-11-02 12:00:00,AG0114,UNSUCCESSFUL
FV00001876,A003504,2025-10-22 08:00:00,AG0027,UNSUCCESSFUL
FV00001877,A001813,2025-10-18 12:00:00,AG0012,UNSUCCESSFUL
FV00001878,A000908,2025-12-17 16:00:00,AG0016,UNSUCCESSFUL
FV00001879,A002742,2025-09-24 13:00:00,AG0113,SUCCESSFUL
FV00001880,A003061,2026-07-04 14:00:00,AG0118,SUCCESSFUL
FV00001881,A003684,2026-03-13 17:00:00,AG0040,UNSUCCESSFUL
FV00001882,A000072,2025-09-10 16:00:00,AG0064,UNSUCCESSFUL
FV00001883,A000780,2025-11-25 16:00:00,AG0033,SUCCESSFUL
FV00001884,A001530,2025-09-17 08:00:00,AG0017,SUCCESSFUL
FV00001885,A004116,2025-12-09 10:00:00,AG0107,UNSUCCESSFUL
FV00001886,A002547,2025-09-26 13:00:00,AG0029,UNSUCCESSFUL
FV00001887,A003311,2025-09-23 09:00:00,AG0012,UNSUCCESSFUL
FV00001888,A000945,2026-05-26 08:00:00,AG0025,SUCCESSFUL
FV00001889,A003972,2025-11-22 12:00:00,AG0102,UNSUCCESSFUL
FV00001890,A002173,2025-10-05 18:00:00,AG0013,UNSUCCESSFUL
FV00001891,A002211,2026-06-18 09:00:00,AG0084,SUCCESSFUL
FV00001892,A003559,2025-10-13 12:00:00,AG0058,UNSUCCESSFUL
FV00001893,A000829,2026-02-19 14:00:00,AG0033,SUCCESSFUL
FV00001894,A003130,2025-09-26 15:00:00,AG0100,UNSUCCESSFUL
FV00001895,A003190,2026-03-12 11:00:00,AG0100,SUCCESSFUL
FV00001896,A004068,2026-03-02 09:00:00,AG0111,UNSUCCESSFUL
FV00001897,A004072,2025-11-15 10:00:00,AG0018,UNSUCCESSFUL
FV00001898,A002852,2026-04-04 09:00:00,AG0081,SUCCESSFUL
FV00001899,A003062,2026-03-01 17:00:00,AG0066,SUCCESSFUL
FV00001900,A003814,2026-07-16 18:00:00,AG0009,UNSUCCESSFUL
FV00001901,A000332,2026-08-13 18:00:00,AG0119,SUCCESSFUL
FV00001902,A002428,2026-01-03 12:00:00,AG0090,UNSUCCESSFUL
FV00001903,A000941,2026-04-17 08:00:00,AG0076,UNSUCCESSFUL
FV00001904,A000643,2025-10-15 13:00:00,AG0008,SUCCESSFUL
FV00001905,A002808,2026-07-24 18:00:00,AG0030,UNSUCCESSFUL
FV00001906,A003022,2025-10-18 10:00:00,AG0010,UNSUCCESSFUL
FV00001907,A003739,2025-10-05 14:00:00,AG0068,UNSUCCESSFUL
FV00001908,A001507,2026-01-17 08:00:00,AG0044,SUCCESSFUL
FV00001909,A001788,2026-05-03 14:00:00,AG0094,UNSUCCESSFUL
FV00001910,A002926,2026-06-11 18:00:00,AG0001,UNSUCCESSFUL
FV00001911,A002641,2026-03-26 17:00:00,AG0084,UNSUCCESSFUL
FV00001912,A003296,2025-09-27 15:00:00,AG0038,UNSUCCESSFUL
FV00001913,A002386,2025-11-12 17:00:00,AG0080,RESCHEDULED
FV00001914,A001510,2026-03-24 18:00:00,AG0020,UNSUCCESSFUL
FV00001915,A002581,2026-01-23 13:00:00,AG0041,UNSUCCESSFUL
FV00001916,A000605,2026-02-14 15:00:00,AG0106,UNSUCCESSFUL
FV00001917,A002161,2025-11-21 14:00:00,AG0077,UNSUCCESSFUL
FV00001918,A000004,2026-05-20 14:00:00,AG0019,UNSUCCESSFUL
FV00001919,A003817,2026-08-17 17:00:00,AG0027,UNSUCCESSFUL
FV00001920,A000646,2026-08-16 14:00:00,AG0023,SUCCESSFUL
FV00001921,A000980,2026-01-26 11:00:00,AG0002,SUCCESSFUL
FV00001922,A003262,2026-01-19 09:00:00,AG0048,SUCCESSFUL
FV00001923,A001657,2026-04-21 09:00:00,AG0120,RESCHEDULED
FV00001924,A003856,2026-01-07 15:00:00,AG0057,UNSUCCESSFUL
FV00001925,A002357,2026-07-05 13:00:00,AG0074,SUCCESSFUL
FV00001926,A001120,2026-03-02 09:00:00,AG0056,SUCCESSFUL
FV00001927,A003991,2026-05-13 14:00:00,AG0067,SUCCESSFUL
FV00001928,A002562,2026-06-02 17:00:00,AG0114,UNSUCCESSFUL
FV00001929,A002314,2026-01-20 16:00:00,AG0007,UNSUCCESSFUL
FV00001930,A001881,2026-05-16 18:00:00,AG0115,UNSUCCESSFUL
FV00001931,A001031,2025-12-27 09:00:00,AG0087,UNSUCCESSFUL
FV00001932,A000111,2026-07-05 15:00:00,AG0082,SUCCESSFUL
FV00001933,A004154,2025-12-15 16:00:00,AG0063,UNSUCCESSFUL
FV00001934,A001874,2026-01-02 13:00:00,AG0012,UNSUCCESSFUL
FV00001935,A000362,2026-02-18 09:00:00,AG0007,UNSUCCESSFUL
FV00001936,A004001,2025-10-21 15:00:00,AG0038,UNSUCCESSFUL
FV00001937,A003134,2026-06-23 12:00:00,AG0007,UNSUCCESSFUL
FV00001938,A000717,2026-05-16 08:00:00,AG0061,UNSUCCESSFUL
FV00001939,A002922,2026-06-15 12:00:00,AG0064,UNSUCCESSFUL
FV00001940,A003663,2025-12-25 14:00:00,AG0087,SUCCESSFUL
FV00001941,A002397,2026-01-19 17:00:00,AG0057,UNSUCCESSFUL
FV00001942,A003207,2026-02-20 10:00:00,AG0072,SUCCESSFUL
FV00001943,A003386,2025-12-09 16:00:00,AG0076,UNSUCCESSFUL
FV00001944,A001708,2026-06-07 18:00:00,AG0021,UNSUCCESSFUL
FV00001945,A003246,2025-10-23 16:00:00,AG0010,UNSUCCESSFUL
FV00001946,A002788,2025-10-13 13:00:00,AG0102,SUCCESSFUL
FV00001947,A002237,2026-07-25 10:00:00,AG0063,UNSUCCESSFUL
FV00001948,A000526,2026-07-14 18:00:00,AG0019,UNSUCCESSFUL
FV00001949,A003231,2026-02-01 15:00:00,AG0044,SUCCESSFUL
FV00001950,A004185,2026-03-19 08:00:00,AG0031,UNSUCCESSFUL
FV00001951,A000465,2025-11-12 18:00:00,AG0008,UNSUCCESSFUL
FV00001952,A002788,2026-05-20 11:00:00,AG0097,UNSUCCESSFUL
FV00001953,A003104,2025-12-01 11:00:00,AG0117,SUCCESSFUL
FV00001954,A002123,2026-08-24 09:00:00,AG0043,UNSUCCESSFUL
FV00001955,A003526,2026-07-21 16:00:00,AG0059,SUCCESSFUL
FV00001956,A000214,2026-06-15 09:00:00,AG0086,SUCCESSFUL
FV00001957,A001648,2026-01-15 12:00:00,AG0019,UNSUCCESSFUL
FV00001958,A003326,2026-01-23 16:00:00,AG0072,UNSUCCESSFUL
FV00001959,A002175,2026-04-05 13:00:00,AG0037,UNSUCCESSFUL
FV00001960,A000732,2025-12-05 17:00:00,AG0063,RESCHEDULED
FV00001961,A001280,2026-04-23 09:00:00,AG0034,UNSUCCESSFUL
FV00001962,A002725,2026-03-11 18:00:00,AG0116,SUCCESSFUL
FV00001963,A003571,2026-08-09 14:00:00,AG0080,UNSUCCESSFUL
FV00001964,A000171,2025-11-10 17:00:00,AG0108,RESCHEDULED
FV00001965,A001523,2026-08-07 13:00:00,AG0009,UNSUCCESSFUL
FV00001966,A002016,2026-08-22 11:00:00,AG0030,SUCCESSFUL
FV00001967,A000808,2026-01-23 15:00:00,AG0035,UNSUCCESSFUL
FV00001968,A001141,2026-05-27 16:00:00,AG0030,RESCHEDULED
FV00001969,A003046,2026-06-16 12:00:00,AG0019,UNSUCCESSFUL
FV00001970,A003748,2026-06-10 15:00:00,AG0034,UNSUCCESSFUL
FV00001971,A003073,2026-01-12 11:00:00,AG0002,RESCHEDULED
FV00001972,A002077,2026-06-03 17:00:00,AG0115,SUCCESSFUL
FV00001973,A004173,2026-04-25 13:00:00,AG0020,UNSUCCESSFUL
FV00001974,A003421,2025-11-01 11:00:00,AG0108,UNSUCCESSFUL
FV00001975,A003851,2026-02-27 11:00:00,AG0112,UNSUCCESSFUL
FV00001976,A002696,2026-01-18 09:00:00,AG0047,UNSUCCESSFUL
FV00001977,A000334,2026-08-03 13:00:00,AG0035,UNSUCCESSFUL
FV00001978,A001703,2025-12-16 11:00:00,AG0064,SUCCESSFUL
FV00001979,A004088,2026-02-10 11:00:00,AG0046,SUCCESSFUL
FV00001980,A003981,2026-08-22 15:00:00,AG0048,UNSUCCESSFUL
FV00001981,A004199,2026-03-15 14:00:00,AG0046,UNSUCCESSFUL
FV00001982,A004106,2026-05-06 09:00:00,AG0110,SUCCESSFUL
FV00001983,A001881,2026-02-02 08:00:00,AG0051,SUCCESSFUL
FV00001984,A002254,2026-01-04 14:00:00,AG0026,SUCCESSFUL
FV00001985,A003393,2025-09-10 16:00:00,AG0074,UNSUCCESSFUL
FV00001986,A003916,2026-05-21 15:00:00,AG0064,RESCHEDULED
FV00001987,A002409,2026-06-24 16:00:00,AG0045,SUCCESSFUL
FV00001988,A002465,2025-09-12 16:00:00,AG0080,SUCCESSFUL
FV00001989,A000760,2026-01-26 09:00:00,AG0084,UNSUCCESSFUL
FV00001990,A002879,2026-03-11 14:00:00,AG0119,RESCHEDULED
FV00001991,A001531,2026-04-12 13:00:00,AG0032,UNSUCCESSFUL
FV00001992,A000938,2026-05-12 14:00:00,AG0103,SUCCESSFUL
FV00001993,A000994,2026-02-25 18:00:00,AG0064,UNSUCCESSFUL
FV00001994,A000653,2025-10-15 12:00:00,AG0003,SUCCESSFUL
FV00001995,A002356,2026-04-21 14:00:00,AG0088,SUCCESSFUL
FV00001996,A002282,2025-12-05 11:00:00,AG0037,UNSUCCESSFUL
FV00001997,A003758,2026-05-12 11:00:00,AG0071,UNSUCCESSFUL
FV00001998,A003196,2026-07-06 09:00:00,AG0085,SUCCESSFUL
FV00001999,A001840,2025-10-14 13:00:00,AG0028,SUCCESSFUL
FV00002000,A002222,2026-03-16 15:00:00,AG0038,SUCCESSFUL
FV00002001,A001286,2026-06-04 08:00:00,AG0075,RESCHEDULED
FV00002002,A000948,2025-10-13 10:00:00,AG0067,UNSUCCESSFUL
FV00002003,A000705,2026-07-13 11:00:00,AG0118,UNSUCCESSFUL
FV00002004,A002489,2026-06-19 13:00:00,AG0045,UNSUCCESSFUL
FV00002005,A003977,2026-08-09 18:00:00,AG0084,RESCHEDULED
FV00002006,A002123,2026-06-22 13:00:00,AG0042,UNSUCCESSFUL
FV00002007,A003330,2025-11-17 11:00:00,AG0024,UNSUCCESSFUL
FV00002008,A001196,2026-05-10 11:00:00,AG0006,RESCHEDULED
FV00002009,A003722,2026-05-18 10:00:00,AG0109,UNSUCCESSFUL
FV00002010,A002993,2026-03-17 16:00:00,AG0018,UNSUCCESSFUL
FV00002011,A000298,2025-09-22 18:00:00,AG0044,UNSUCCESSFUL
FV00002012,A003532,2026-05-08 08:00:00,AG0016,UNSUCCESSFUL
FV00002013,A000881,2026-08-21 16:00:00,AG0056,UNSUCCESSFUL
FV00002014,A000431,2025-11-14 09:00:00,AG0113,SUCCESSFUL
FV00002015,A003123,2026-06-03 11:00:00,AG0120,UNSUCCESSFUL
FV00002016,A002947,2026-06-05 08:00:00,AG0037,SUCCESSFUL
FV00002017,A003073,2026-02-12 18:00:00,AG0092,SUCCESSFUL
FV00002018,A002142,2026-05-06 17:00:00,AG0068,UNSUCCESSFUL
FV00002019,A001968,2026-05-12 09:00:00,AG0001,UNSUCCESSFUL
FV00002020,A002556,2025-11-18 14:00:00,AG0041,SUCCESSFUL
FV00002021,A003167,2026-04-05 09:00:00,AG0022,UNSUCCESSFUL
FV00002022,A000129,2026-06-14 14:00:00,AG0042,UNSUCCESSFUL
FV00002023,A001760,2026-08-21 09:00:00,AG0075,UNSUCCESSFUL
FV00002024,A000683,2026-08-04 15:00:00,AG0043,UNSUCCESSFUL
FV00002025,A001868,2026-02-07 16:00:00,AG0016,UNSUCCESSFUL
FV00002026,A001830,2026-08-11 10:00:00,AG0106,UNSUCCESSFUL
FV00002027,A000283,2026-03-09 10:00:00,AG0117,SUCCESSFUL
FV00002028,A002990,2026-03-26 17:00:00,AG0074,SUCCESSFUL
FV00002029,A000828,2026-06-02 08:00:00,AG0020,RESCHEDULED
FV00002030,A003851,2026-07-09 16:00:00,AG0002,UNSUCCESSFUL
FV00002031,A002311,2026-01-17 09:00:00,AG0084,SUCCESSFUL
FV00002032,A001888,2025-12-09 13:00:00,AG0030,UNSUCCESSFUL
FV00002033,A002542,2026-02-07 16:00:00,AG0115,SUCCESSFUL
FV00002034,A000563,2025-10-22 17:00:00,AG0022,SUCCESSFUL
FV00002035,A000380,2026-04-17 09:00:00,AG0076,SUCCESSFUL
FV00002036,A000891,2026-01-22 12:00:00,AG0022,UNSUCCESSFUL
FV00002037,A002669,2026-08-10 14:00:00,AG0041,UNSUCCESSFUL
FV00002038,A001189,2025-11-15 15:00:00,AG0016,SUCCESSFUL
FV00002039,A003538,2026-01-13 18:00:00,AG0037,UNSUCCESSFUL
FV00002040,A000806,2026-06-13 09:00:00,AG0105,SUCCESSFUL
FV00002041,A000450,2025-10-02 15:00:00,AG0117,SUCCESSFUL
FV00002042,A001834,2026-01-02 13:00:00,AG0081,UNSUCCESSFUL
FV00002043,A002583,2025-12-19 18:00:00,AG0115,UNSUCCESSFUL
FV00002044,A003280,2025-12-03 14:00:00,AG0046,UNSUCCESSFUL
FV00002045,A001837,2025-10-17 18:00:00,AG0049,UNSUCCESSFUL
FV00002046,A002256,2026-04-22 10:00:00,AG0061,SUCCESSFUL
FV00002047,A004038,2025-09-01 15:00:00,AG0057,RESCHEDULED
FV00002048,A003716,2026-07-04 13:00:00,AG0038,UNSUCCESSFUL
FV00002049,A001763,2026-02-02 17:00:00,AG0062,SUCCESSFUL
FV00002050,A003324,2025-12-17 09:00:00,AG0107,UNSUCCESSFUL
FV00002051,A000926,2026-04-15 10:00:00,AG0112,UNSUCCESSFUL
FV00002052,A001276,2026-06-02 18:00:00,AG0033,SUCCESSFUL
FV00002053,A000368,2026-02-19 11:00:00,AG0002,UNSUCCESSFUL
FV00002054,A004188,2026-01-15 09:00:00,AG0093,UNSUCCESSFUL
FV00002055,A002811,2025-11-16 17:00:00,AG0104,RESCHEDULED
FV00002056,A000707,2025-12-01 14:00:00,AG0018,UNSUCCESSFUL
FV00002057,A001948,2026-06-03 17:00:00,AG0056,SUCCESSFUL
FV00002058,A000953,2026-02-09 13:00:00,AG0102,UNSUCCESSFUL
FV00002059,A002711,2025-10-11 17:00:00,AG0084,SUCCESSFUL
FV00002060,A001781,2026-08-07 15:00:00,AG0025,RESCHEDULED
FV00002061,A001645,2026-06-26 08:00:00,AG0056,UNSUCCESSFUL
FV00002062,A003397,2026-01-21 13:00:00,AG0119,UNSUCCESSFUL
FV00002063,A002427,2026-06-17 10:00:00,AG0103,SUCCESSFUL
FV00002064,A001118,2026-08-18 18:00:00,AG0116,UNSUCCESSFUL
FV00002065,A003496,2026-05-03 08:00:00,AG0094,UNSUCCESSFUL
FV00002066,A002634,2025-11-09 14:00:00,AG0105,SUCCESSFUL
FV00002067,A002564,2025-10-27 15:00:00,AG0043,UNSUCCESSFUL
FV00002068,A003560,2026-05-17 12:00:00,AG0019,UNSUCCESSFUL
FV00002069,A002361,2026-05-21 13:00:00,AG0086,UNSUCCESSFUL
FV00002070,A003394,2026-05-20 10:00:00,AG0081,SUCCESSFUL
FV00002071,A003171,2026-04-22 09:00:00,AG0118,RESCHEDULED
FV00002072,A002752,2026-07-18 17:00:00,AG0090,UNSUCCESSFUL
FV00002073,A004158,2026-07-10 14:00:00,AG0023,UNSUCCESSFUL
FV00002074,A002566,2026-04-19 14:00:00,AG0077,UNSUCCESSFUL
FV00002075,A001436,2026-01-20 10:00:00,AG0079,SUCCESSFUL
FV00002076,A000201,2025-11-14 13:00:00,AG0032,UNSUCCESSFUL
FV00002077,A000745,2026-02-04 13:00:00,AG0025,SUCCESSFUL
FV00002078,A002969,2026-06-04 15:00:00,AG0087,UNSUCCESSFUL
FV00002079,A002355,2026-03-11 11:00:00,AG0002,SUCCESSFUL
FV00002080,A000704,2025-12-21 13:00:00,AG0017,SUCCESSFUL
FV00002081,A002768,2026-04-26 08:00:00,AG0111,UNSUCCESSFUL
FV00002082,A002784,2026-04-12 17:00:00,AG0036,SUCCESSFUL
FV00002083,A002781,2026-05-04 16:00:00,AG0054,UNSUCCESSFUL
FV00002084,A003437,2026-02-05 10:00:00,AG0034,SUCCESSFUL
FV00002085,A003441,2026-07-19 11:00:00,AG0030,UNSUCCESSFUL
FV00002086,A001007,2026-01-06 12:00:00,AG0109,SUCCESSFUL
FV00002087,A000662,2026-01-22 13:00:00,AG0029,SUCCESSFUL
FV00002088,A003307,2026-02-17 11:00:00,AG0117,UNSUCCESSFUL
FV00002089,A002094,2025-11-24 13:00:00,AG0104,SUCCESSFUL
FV00002090,A002195,2026-02-17 08:00:00,AG0001,UNSUCCESSFUL
FV00002091,A002514,2026-07-11 17:00:00,AG0102,UNSUCCESSFUL
FV00002092,A000651,2025-09-04 08:00:00,AG0059,SUCCESSFUL
FV00002093,A001759,2026-02-09 15:00:00,AG0113,SUCCESSFUL
FV00002094,A002364,2025-10-21 09:00:00,AG0099,UNSUCCESSFUL
FV00002095,A002013,2026-06-14 12:00:00,AG0071,SUCCESSFUL
FV00002096,A000021,2025-12-13 13:00:00,AG0074,SUCCESSFUL
FV00002097,A003122,2026-01-12 17:00:00,AG0031,UNSUCCESSFUL
FV00002098,A003944,2026-04-26 11:00:00,AG0078,SUCCESSFUL
FV00002099,A002601,2025-12-27 08:00:00,AG0044,SUCCESSFUL
FV00002100,A002847,2026-08-23 17:00:00,AG0042,SUCCESSFUL
FV00002101,A001447,2026-01-06 11:00:00,AG0102,SUCCESSFUL
FV00002102,A001428,2026-04-02 14:00:00,AG0117,SUCCESSFUL
FV00002103,A003361,2025-10-17 08:00:00,AG0013,SUCCESSFUL
FV00002104,A002156,2026-02-04 08:00:00,AG0023,UNSUCCESSFUL
FV00002105,A000352,2026-01-23 15:00:00,AG0056,UNSUCCESSFUL
FV00002106,A004025,2026-02-22 17:00:00,AG0033,SUCCESSFUL
FV00002107,A001033,2025-12-05 17:00:00,AG0096,UNSUCCESSFUL
FV00002108,A000918,2025-12-25 18:00:00,AG0034,RESCHEDULED
FV00002109,A002558,2026-06-12 10:00:00,AG0061,SUCCESSFUL
FV00002110,A001539,2026-07-09 15:00:00,AG0067,SUCCESSFUL
FV00002111,A001539,2026-01-01 16:00:00,AG0119,SUCCESSFUL
FV00002112,A000779,2026-06-10 08:00:00,AG0009,UNSUCCESSFUL
FV00002113,A003647,2025-10-06 09:00:00,AG0114,UNSUCCESSFUL
FV00002114,A000585,2026-08-01 14:00:00,AG0085,SUCCESSFUL
FV00002115,A000761,2025-11-27 17:00:00,AG0102,UNSUCCESSFUL
FV00002116,A000145,2026-06-18 11:00:00,AG0059,UNSUCCESSFUL
FV00002117,A000810,2026-06-12 08:00:00,AG0052,RESCHEDULED
FV00002118,A003189,2026-05-06 16:00:00,AG0100,SUCCESSFUL
FV00002119,A002870,2026-03-09 13:00:00,AG0089,UNSUCCESSFUL
FV00002120,A000218,2025-09-12 14:00:00,AG0082,UNSUCCESSFUL
FV00002121,A002314,2026-01-22 08:00:00,AG0049,SUCCESSFUL
FV00002122,A000804,2026-06-04 09:00:00,AG0010,SUCCESSFUL
FV00002123,A002825,2026-07-21 11:00:00,AG0118,SUCCESSFUL
FV00002124,A001192,2026-04-24 18:00:00,AG0120,UNSUCCESSFUL
FV00002125,A000857,2025-12-09 18:00:00,AG0010,UNSUCCESSFUL
FV00002126,A003879,2026-05-15 16:00:00,AG0094,UNSUCCESSFUL
FV00002127,A003666,2026-06-13 10:00:00,AG0068,SUCCESSFUL
FV00002128,A000454,2025-12-08 10:00:00,AG0115,UNSUCCESSFUL
FV00002129,A001583,2026-04-14 15:00:00,AG0039,SUCCESSFUL
FV00002130,A000268,2026-07-24 09:00:00,AG0003,SUCCESSFUL
FV00002131,A002854,2025-09-14 17:00:00,AG0012,UNSUCCESSFUL
FV00002132,A000733,2026-08-26 14:00:00,AG0030,SUCCESSFUL
FV00002133,A003079,2026-08-11 16:00:00,AG0082,SUCCESSFUL
FV00002134,A001920,2026-07-05 16:00:00,AG0015,SUCCESSFUL
FV00002135,A003182,2025-11-11 11:00:00,AG0013,UNSUCCESSFUL
FV00002136,A000422,2025-10-16 10:00:00,AG0057,UNSUCCESSFUL
FV00002137,A002499,2026-05-09 08:00:00,AG0075,RESCHEDULED
FV00002138,A001948,2026-06-23 17:00:00,AG0058,UNSUCCESSFUL
FV00002139,A000793,2025-12-24 13:00:00,AG0118,SUCCESSFUL
FV00002140,A002239,2026-05-02 11:00:00,AG0026,UNSUCCESSFUL
FV00002141,A000905,2026-04-02 17:00:00,AG0069,UNSUCCESSFUL
FV00002142,A001504,2025-12-06 09:00:00,AG0025,RESCHEDULED
FV00002143,A001496,2026-04-07 14:00:00,AG0020,UNSUCCESSFUL
FV00002144,A002030,2025-10-10 12:00:00,AG0024,UNSUCCESSFUL
FV00002145,A003408,2026-06-05 15:00:00,AG0021,UNSUCCESSFUL
FV00002146,A002299,2026-03-02 14:00:00,AG0103,UNSUCCESSFUL
FV00002147,A002804,2026-04-24 08:00:00,AG0016,UNSUCCESSFUL
FV00002148,A000621,2025-12-07 18:00:00,AG0039,SUCCESSFUL
FV00002149,A001125,2026-05-11 12:00:00,AG0045,SUCCESSFUL
FV00002150,A000427,2026-03-03 08:00:00,AG0015,SUCCESSFUL
FV00002151,A002274,2026-06-19 16:00:00,AG0001,SUCCESSFUL
FV00002152,A003662,2026-05-13 08:00:00,AG0019,SUCCESSFUL
FV00002153,A002969,2026-08-19 10:00:00,AG0104,SUCCESSFUL
FV00002154,A002872,2026-08-19 16:00:00,AG0025,UNSUCCESSFUL
FV00002155,A000901,2026-03-21 10:00:00,AG0106,UNSUCCESSFUL
FV00002156,A001344,2025-10-19 14:00:00,AG0040,SUCCESSFUL
FV00002157,A001294,2026-08-05 10:00:00,AG0103,UNSUCCESSFUL
FV00002158,A001736,2025-11-06 17:00:00,AG0049,SUCCESSFUL
FV00002159,A000038,2026-03-08 13:00:00,AG0109,SUCCESSFUL
FV00002160,A003436,2025-12-05 11:00:00,AG0086,UNSUCCESSFUL
FV00002161,A001100,2026-03-25 13:00:00,AG0118,RESCHEDULED
FV00002162,A000408,2026-02-12 12:00:00,AG0031,SUCCESSFUL
FV00002163,A000232,2026-06-27 09:00:00,AG0070,SUCCESSFUL
FV00002164,A001131,2025-11-21 09:00:00,AG0026,SUCCESSFUL
FV00002165,A003751,2025-10-10 14:00:00,AG0017,SUCCESSFUL
FV00002166,A000911,2025-10-03 10:00:00,AG0090,UNSUCCESSFUL
FV00002167,A002587,2026-07-14 13:00:00,AG0080,UNSUCCESSFUL
FV00002168,A001246,2025-12-03 08:00:00,AG0068,RESCHEDULED
FV00002169,A001243,2025-10-23 18:00:00,AG0031,RESCHEDULED
FV00002170,A003733,2026-05-14 09:00:00,AG0007,UNSUCCESSFUL
FV00002171,A000184,2026-05-06 16:00:00,AG0054,RESCHEDULED
FV00002172,A003529,2025-09-04 13:00:00,AG0051,SUCCESSFUL
FV00002173,A000877,2025-09-06 10:00:00,AG0065,UNSUCCESSFUL
FV00002174,A003618,2026-03-08 09:00:00,AG0012,UNSUCCESSFUL
FV00002175,A003238,2026-07-10 11:00:00,AG0110,UNSUCCESSFUL
FV00002176,A000806,2026-06-12 14:00:00,AG0028,UNSUCCESSFUL
FV00002177,A003183,2026-05-21 14:00:00,AG0027,RESCHEDULED
FV00002178,A002090,2026-03-24 15:00:00,AG0093,UNSUCCESSFUL
FV00002179,A000516,2026-08-23 08:00:00,AG0094,SUCCESSFUL
FV00002180,A000436,2026-07-13 18:00:00,AG0027,UNSUCCESSFUL
FV00002181,A002422,2025-09-10 10:00:00,AG0042,SUCCESSFUL
FV00002182,A001828,2026-04-13 15:00:00,AG0108,SUCCESSFUL
FV00002183,A002866,2026-03-16 14:00:00,AG0041,SUCCESSFUL
FV00002184,A003297,2025-09-15 09:00:00,AG0106,SUCCESSFUL
FV00002185,A003730,2026-06-06 08:00:00,AG0117,UNSUCCESSFUL
FV00002186,A001697,2026-05-22 11:00:00,AG0032,RESCHEDULED
FV00002187,A001160,2025-11-09 12:00:00,AG0017,UNSUCCESSFUL
FV00002188,A001806,2026-04-18 18:00:00,AG0102,UNSUCCESSFUL
FV00002189,A002945,2026-01-20 17:00:00,AG0031,SUCCESSFUL
FV00002190,A003895,2026-06-25 17:00:00,AG0051,UNSUCCESSFUL
FV00002191,A001291,2026-01-07 13:00:00,AG0035,SUCCESSFUL
FV00002192,A000142,2026-03-23 08:00:00,AG0086,SUCCESSFUL
FV00002193,A002818,2026-05-15 13:00:00,AG0063,UNSUCCESSFUL
FV00002194,A000434,2026-07-23 13:00:00,AG0051,UNSUCCESSFUL
FV00002195,A000667,2026-02-26 13:00:00,AG0106,UNSUCCESSFUL
FV00002196,A002114,2026-01-26 16:00:00,AG0042,RESCHEDULED
FV00002197,A000661,2025-10-25 09:00:00,AG0061,SUCCESSFUL
FV00002198,A002272,2026-06-26 12:00:00,AG0077,SUCCESSFUL
FV00002199,A002017,2025-12-04 15:00:00,AG0118,UNSUCCESSFUL
FV00002200,A004179,2025-10-27 14:00:00,AG0105,UNSUCCESSFUL
FV00002201,A000164,2026-03-01 08:00:00,AG0018,UNSUCCESSFUL
FV00002202,A000749,2026-05-14 11:00:00,AG0113,UNSUCCESSFUL
FV00002203,A004155,2026-03-17 14:00:00,AG0081,UNSUCCESSFUL
FV00002204,A000495,2026-08-10 09:00:00,AG0105,RESCHEDULED
FV00002205,A002093,2025-10-01 14:00:00,AG0025,UNSUCCESSFUL
FV00002206,A004159,2025-09-13 13:00:00,AG0113,UNSUCCESSFUL
FV00002207,A001321,2026-05-21 10:00:00,AG0107,SUCCESSFUL
FV00002208,A001304,2025-12-02 09:00:00,AG0044,SUCCESSFUL
FV00002209,A001502,2026-03-21 18:00:00,AG0066,UNSUCCESSFUL
FV00002210,A002990,2026-02-24 13:00:00,AG0030,SUCCESSFUL
FV00002211,A001247,2026-01-02 15:00:00,AG0090,SUCCESSFUL
FV00002212,A001594,2026-05-04 18:00:00,AG0056,UNSUCCESSFUL
FV00002213,A001392,2026-03-02 13:00:00,AG0052,SUCCESSFUL
FV00002214,A003639,2026-08-04 14:00:00,AG0044,UNSUCCESSFUL
FV00002215,A002549,2026-01-14 09:00:00,AG0105,UNSUCCESSFUL
FV00002216,A002837,2026-06-14 13:00:00,AG0030,SUCCESSFUL
FV00002217,A002723,2026-05-11 11:00:00,AG0035,SUCCESSFUL
FV00002218,A004104,2026-05-25 10:00:00,AG0040,UNSUCCESSFUL
FV00002219,A001030,2025-09-23 13:00:00,AG0017,SUCCESSFUL
FV00002220,A000669,2026-05-12 13:00:00,AG0114,SUCCESSFUL
FV00002221,A002924,2026-08-07 12:00:00,AG0079,UNSUCCESSFUL
FV00002222,A003746,2026-02-03 18:00:00,AG0101,SUCCESSFUL
FV00002223,A002815,2026-08-05 17:00:00,AG0024,UNSUCCESSFUL
FV00002224,A001795,2026-08-21 08:00:00,AG0115,UNSUCCESSFUL
FV00002225,A004066,2026-03-25 16:00:00,AG0003,SUCCESSFUL
FV00002226,A003853,2026-07-21 18:00:00,AG0101,SUCCESSFUL
FV00002227,A001779,2025-09-19 16:00:00,AG0021,RESCHEDULED
FV00002228,A001719,2025-09-22 17:00:00,AG0056,UNSUCCESSFUL
FV00002229,A000005,2025-10-10 08:00:00,AG0061,RESCHEDULED
FV00002230,A001968,2026-07-08 17:00:00,AG0064,SUCCESSFUL
FV00002231,A001367,2025-12-23 10:00:00,AG0111,UNSUCCESSFUL
FV00002232,A000155,2026-08-02 18:00:00,AG0035,UNSUCCESSFUL
FV00002233,A002479,2026-03-12 11:00:00,AG0036,UNSUCCESSFUL
FV00002234,A000597,2025-11-10 16:00:00,AG0036,SUCCESSFUL
FV00002235,A001125,2026-02-17 18:00:00,AG0063,SUCCESSFUL
FV00002236,A002877,2025-11-27 10:00:00,AG0113,UNSUCCESSFUL
FV00002237,A003013,2026-08-19 11:00:00,AG0098,SUCCESSFUL
FV00002238,A003072,2026-07-18 08:00:00,AG0095,SUCCESSFUL
FV00002239,A003183,2025-10-01 16:00:00,AG0056,SUCCESSFUL
FV00002240,A002275,2025-12-04 11:00:00,AG0007,SUCCESSFUL
FV00002241,A003858,2025-09-20 08:00:00,AG0056,UNSUCCESSFUL
FV00002242,A000786,2025-12-11 18:00:00,AG0091,SUCCESSFUL
FV00002243,A001407,2025-11-20 17:00:00,AG0052,UNSUCCESSFUL
FV00002244,A002809,2026-03-03 14:00:00,AG0099,SUCCESSFUL
FV00002245,A002414,2025-09-14 13:00:00,AG0073,UNSUCCESSFUL
FV00002246,A002801,2025-11-06 18:00:00,AG0064,UNSUCCESSFUL
FV00002247,A003881,2025-10-17 08:00:00,AG0032,UNSUCCESSFUL
FV00002248,A000044,2026-01-13 12:00:00,AG0014,RESCHEDULED
FV00002249,A003759,2026-06-04 08:00:00,AG0048,SUCCESSFUL
FV00002250,A002229,2026-01-26 13:00:00,AG0078,SUCCESSFUL
FV00002251,A004048,2026-05-23 11:00:00,AG0080,UNSUCCESSFUL
FV00002252,A001740,2026-06-08 17:00:00,AG0081,SUCCESSFUL
FV00002253,A003262,2026-01-01 16:00:00,AG0053,SUCCESSFUL
FV00002254,A001628,2025-12-13 18:00:00,AG0065,SUCCESSFUL
FV00002255,A004175,2025-12-22 11:00:00,AG0071,SUCCESSFUL
FV00002256,A001836,2025-10-09 15:00:00,AG0009,SUCCESSFUL
FV00002257,A001826,2026-05-15 18:00:00,AG0025,SUCCESSFUL
FV00002258,A000077,2026-05-06 10:00:00,AG0085,SUCCESSFUL
FV00002259,A000200,2026-03-25 08:00:00,AG0019,UNSUCCESSFUL
FV00002260,A002589,2026-08-04 15:00:00,AG0006,UNSUCCESSFUL
FV00002261,A002612,2026-01-26 14:00:00,AG0010,SUCCESSFUL
FV00002262,A002536,2026-06-09 12:00:00,AG0043,SUCCESSFUL
FV00002263,A002800,2026-08-05 12:00:00,AG0108,UNSUCCESSFUL
FV00002264,A001727,2026-06-04 15:00:00,AG0094,UNSUCCESSFUL
FV00002265,A000074,2025-09-13 13:00:00,AG0075,UNSUCCESSFUL
FV00002266,A000273,2026-01-19 16:00:00,AG0041,UNSUCCESSFUL
FV00002267,A004173,2026-03-27 17:00:00,AG0045,UNSUCCESSFUL
FV00002268,A002526,2026-01-07 18:00:00,AG0097,UNSUCCESSFUL
FV00002269,A001676,2026-06-13 18:00:00,AG0002,UNSUCCESSFUL
FV00002270,A001663,2025-09-18 15:00:00,AG0038,UNSUCCESSFUL
FV00002271,A003286,2025-09-27 18:00:00,AG0084,SUCCESSFUL
FV00002272,A002796,2026-06-02 16:00:00,AG0047,UNSUCCESSFUL
FV00002273,A002069,2026-08-17 15:00:00,AG0014,UNSUCCESSFUL
FV00002274,A000781,2025-12-26 17:00:00,AG0097,UNSUCCESSFUL
FV00002275,A000448,2026-07-08 11:00:00,AG0069,SUCCESSFUL
FV00002276,A001768,2025-12-25 18:00:00,AG0102,RESCHEDULED
FV00002277,A000938,2026-01-13 17:00:00,AG0088,UNSUCCESSFUL
FV00002278,A003150,2026-01-26 16:00:00,AG0115,SUCCESSFUL
FV00002279,A003612,2025-12-21 13:00:00,AG0082,RESCHEDULED
FV00002280,A000085,2025-09-14 17:00:00,AG0067,UNSUCCESSFUL
FV00002281,A003847,2026-08-04 12:00:00,AG0078,SUCCESSFUL
FV00002282,A000304,2025-09-02 14:00:00,AG0096,UNSUCCESSFUL
FV00002283,A002910,2025-09-19 14:00:00,AG0071,RESCHEDULED
FV00002284,A000667,2025-09-26 16:00:00,AG0057,SUCCESSFUL
FV00002285,A001478,2026-08-22 14:00:00,AG0085,SUCCESSFUL
FV00002286,A001925,2026-05-13 15:00:00,AG0100,SUCCESSFUL
FV00002287,A000043,2026-04-13 17:00:00,AG0120,UNSUCCESSFUL
FV00002288,A000269,2025-10-13 15:00:00,AG0113,UNSUCCESSFUL
FV00002289,A001545,2026-05-23 08:00:00,AG0017,RESCHEDULED
FV00002290,A000036,2026-02-18 16:00:00,AG0018,SUCCESSFUL
FV00002291,A003481,2026-01-07 18:00:00,AG0031,UNSUCCESSFUL
FV00002292,A000200,2026-03-12 13:00:00,AG0116,RESCHEDULED
FV00002293,A001701,2025-10-16 18:00:00,AG0015,SUCCESSFUL
FV00002294,A001088,2026-03-04 12:00:00,AG0062,UNSUCCESSFUL
FV00002295,A001594,2026-04-25 16:00:00,AG0101,UNSUCCESSFUL
FV00002296,A000411,2026-05-09 15:00:00,AG0075,UNSUCCESSFUL
FV00002297,A001000,2025-10-05 11:00:00,AG0046,SUCCESSFUL
FV00002298,A002587,2026-04-15 09:00:00,AG0021,SUCCESSFUL
FV00002299,A002847,2025-10-05 11:00:00,AG0009,UNSUCCESSFUL
FV00002300,A003854,2026-04-23 08:00:00,AG0058,RESCHEDULED
FV00002301,A003876,2026-03-14 10:00:00,AG0059,UNSUCCESSFUL
FV00002302,A002627,2026-05-11 09:00:00,AG0075,UNSUCCESSFUL
FV00002303,A000671,2026-05-08 08:00:00,AG0099,UNSUCCESSFUL
FV00002304,A000901,2026-05-09 15:00:00,AG0081,UNSUCCESSFUL
FV00002305,A001701,2026-02-04 17:00:00,AG0040,SUCCESSFUL
FV00002306,A001436,2026-02-14 16:00:00,AG0095,UNSUCCESSFUL
FV00002307,A004060,2026-05-19 08:00:00,AG0104,SUCCESSFUL
FV00002308,A001765,2026-04-25 10:00:00,AG0086,SUCCESSFUL
FV00002309,A002605,2026-03-09 13:00:00,AG0012,UNSUCCESSFUL
FV00002310,A003682,2025-10-02 16:00:00,AG0070,UNSUCCESSFUL
FV00002311,A002650,2025-11-03 13:00:00,AG0042,UNSUCCESSFUL
FV00002312,A003067,2025-11-21 15:00:00,AG0065,SUCCESSFUL
FV00002313,A000922,2026-05-03 08:00:00,AG0010,UNSUCCESSFUL
FV00002314,A002861,2026-04-12 18:00:00,AG0017,UNSUCCESSFUL
FV00002315,A002836,2026-01-01 08:00:00,AG0100,SUCCESSFUL
FV00002316,A002551,2025-11-23 18:00:00,AG0025,UNSUCCESSFUL
FV00002317,A001065,2025-12-18 11:00:00,AG0042,UNSUCCESSFUL
FV00002318,A004053,2026-01-24 14:00:00,AG0112,SUCCESSFUL
FV00002319,A000164,2026-05-05 09:00:00,AG0072,SUCCESSFUL
FV00002320,A001440,2026-01-06 18:00:00,AG0056,RESCHEDULED
FV00002321,A002388,2026-04-21 11:00:00,AG0001,UNSUCCESSFUL
FV00002322,A002131,2026-08-20 12:00:00,AG0048,RESCHEDULED
FV00002323,A000230,2026-01-20 09:00:00,AG0084,UNSUCCESSFUL
FV00002324,A003324,2026-08-02 16:00:00,AG0060,UNSUCCESSFUL
FV00002325,A002044,2026-05-20 11:00:00,AG0054,SUCCESSFUL
FV00002326,A000378,2026-08-09 17:00:00,AG0026,SUCCESSFUL
FV00002327,A003578,2026-04-24 16:00:00,AG0062,UNSUCCESSFUL
FV00002328,A000121,2026-06-26 09:00:00,AG0106,SUCCESSFUL
FV00002329,A001261,2026-01-23 12:00:00,AG0098,UNSUCCESSFUL
FV00002330,A002897,2026-02-12 08:00:00,AG0015,UNSUCCESSFUL
FV00002331,A001080,2026-04-06 09:00:00,AG0054,SUCCESSFUL
FV00002332,A003983,2026-04-13 09:00:00,AG0041,SUCCESSFUL
FV00002333,A001920,2026-07-04 10:00:00,AG0069,UNSUCCESSFUL
FV00002334,A003057,2026-06-10 17:00:00,AG0026,SUCCESSFUL
FV00002335,A003423,2026-05-05 16:00:00,AG0081,UNSUCCESSFUL
FV00002336,A002114,2026-02-06 18:00:00,AG0035,UNSUCCESSFUL
FV00002337,A003508,2026-08-09 15:00:00,AG0030,UNSUCCESSFUL
FV00002338,A003207,2025-09-26 17:00:00,AG0024,UNSUCCESSFUL
FV00002339,A001669,2026-04-02 12:00:00,AG0029,UNSUCCESSFUL
FV00002340,A001049,2026-02-27 09:00:00,AG0106,SUCCESSFUL
FV00002341,A001516,2025-11-20 18:00:00,AG0060,SUCCESSFUL
FV00002342,A000274,2025-09-13 14:00:00,AG0043,UNSUCCESSFUL
FV00002343,A003467,2025-11-08 18:00:00,AG0098,UNSUCCESSFUL
FV00002344,A003046,2026-01-18 10:00:00,AG0113,UNSUCCESSFUL
FV00002345,A001176,2026-04-20 17:00:00,AG0055,UNSUCCESSFUL
FV00002346,A001720,2025-11-19 10:00:00,AG0096,SUCCESSFUL
FV00002347,A002313,2026-02-09 09:00:00,AG0091,UNSUCCESSFUL
FV00002348,A002389,2025-12-09 15:00:00,AG0112,UNSUCCESSFUL
FV00002349,A000974,2026-04-10 16:00:00,AG0117,SUCCESSFUL
FV00002350,A000447,2026-01-16 18:00:00,AG0019,SUCCESSFUL
FV00002351,A001453,2025-09-23 15:00:00,AG0112,UNSUCCESSFUL
FV00002352,A001822,2025-09-26 14:00:00,AG0097,UNSUCCESSFUL
FV00002353,A003749,2026-04-03 08:00:00,AG0113,UNSUCCESSFUL
FV00002354,A000285,2025-10-18 14:00:00,AG0002,SUCCESSFUL
FV00002355,A003785,2026-02-22 09:00:00,AG0001,SUCCESSFUL
FV00002356,A002713,2026-08-16 11:00:00,AG0081,UNSUCCESSFUL
FV00002357,A002782,2026-07-20 08:00:00,AG0060,UNSUCCESSFUL
FV00002358,A000710,2026-05-15 11:00:00,AG0091,SUCCESSFUL
FV00002359,A004129,2026-07-19 13:00:00,AG0091,SUCCESSFUL
FV00002360,A000489,2025-11-27 16:00:00,AG0028,SUCCESSFUL
FV00002361,A002275,2026-08-16 09:00:00,AG0088,UNSUCCESSFUL
FV00002362,A003999,2026-01-06 12:00:00,AG0099,SUCCESSFUL
FV00002363,A000069,2026-03-20 10:00:00,AG0024,SUCCESSFUL
FV00002364,A004123,2026-08-02 15:00:00,AG0003,UNSUCCESSFUL
FV00002365,A004007,2025-09-19 15:00:00,AG0032,SUCCESSFUL
FV00002366,A000044,2026-01-02 18:00:00,AG0036,SUCCESSFUL
FV00002367,A001606,2026-07-22 08:00:00,AG0080,UNSUCCESSFUL
FV00002368,A001018,2025-09-09 08:00:00,AG0109,SUCCESSFUL
FV00002369,A003928,2026-05-11 08:00:00,AG0120,UNSUCCESSFUL
FV00002370,A003218,2025-09-11 12:00:00,AG0087,UNSUCCESSFUL
FV00002371,A002134,2025-11-08 12:00:00,AG0082,RESCHEDULED
FV00002372,A003543,2026-05-01 08:00:00,AG0023,UNSUCCESSFUL
FV00002373,A002123,2025-12-12 17:00:00,AG0029,RESCHEDULED
FV00002374,A001876,2026-07-06 18:00:00,AG0016,RESCHEDULED
FV00002375,A001917,2025-09-24 16:00:00,AG0062,SUCCESSFUL
FV00002376,A002374,2025-12-23 10:00:00,AG0115,UNSUCCESSFUL
FV00002377,A002039,2025-09-16 14:00:00,AG0034,SUCCESSFUL
FV00002378,A002050,2026-08-14 12:00:00,AG0063,UNSUCCESSFUL
FV00002379,A002574,2026-03-16 08:00:00,AG0058,SUCCESSFUL
FV00002380,A002145,2026-06-15 17:00:00,AG0120,SUCCESSFUL
FV00002381,A000733,2026-06-06 18:00:00,AG0110,UNSUCCESSFUL
FV00002382,A002428,2026-03-01 12:00:00,AG0032,SUCCESSFUL
FV00002383,A000399,2026-08-15 09:00:00,AG0094,RESCHEDULED
FV00002384,A001879,2025-09-07 12:00:00,AG0036,SUCCESSFUL
FV00002385,A001444,2025-12-09 14:00:00,AG0105,SUCCESSFUL
FV00002386,A004165,2026-07-12 15:00:00,AG0005,UNSUCCESSFUL
FV00002387,A004146,2026-05-04 08:00:00,AG0032,SUCCESSFUL
FV00002388,A000488,2026-06-16 14:00:00,AG0051,RESCHEDULED
FV00002389,A002781,2025-12-08 16:00:00,AG0044,SUCCESSFUL
FV00002390,A002979,2026-03-10 09:00:00,AG0052,SUCCESSFUL
FV00002391,A002713,2026-03-19 18:00:00,AG0019,RESCHEDULED
FV00002392,A000504,2026-04-21 11:00:00,AG0055,SUCCESSFUL
FV00002393,A000457,2025-12-25 11:00:00,AG0013,RESCHEDULED
FV00002394,A003098,2025-11-26 14:00:00,AG0093,RESCHEDULED
FV00002395,A000592,2026-08-02 08:00:00,AG0030,UNSUCCESSFUL
FV00002396,A001009,2026-07-15 15:00:00,AG0081,RESCHEDULED
FV00002397,A001425,2025-10-16 11:00:00,AG0017,SUCCESSFUL
FV00002398,A000058,2025-11-26 09:00:00,AG0051,UNSUCCESSFUL
FV00002399,A001216,2025-10-19 11:00:00,AG0066,RESCHEDULED
FV00002400,A001272,2025-10-05 08:00:00,AG0041,UNSUCCESSFUL
FV00002401,A002406,2025-12-01 08:00:00,AG0089,UNSUCCESSFUL
FV00002402,A002086,2026-02-20 16:00:00,AG0119,UNSUCCESSFUL
FV00002403,A000146,2025-10-09 17:00:00,AG0108,UNSUCCESSFUL
FV00002404,A000157,2026-08-13 15:00:00,AG0007,SUCCESSFUL
FV00002405,A003615,2025-09-05 16:00:00,AG0065,UNSUCCESSFUL
FV00002406,A000118,2026-04-27 10:00:00,AG0087,SUCCESSFUL
FV00002407,A000413,2026-07-13 16:00:00,AG0018,UNSUCCESSFUL
FV00002408,A003943,2025-09-25 11:00:00,AG0106,RESCHEDULED
FV00002409,A002435,2025-12-14 09:00:00,AG0026,SUCCESSFUL
FV00002410,A000298,2025-09-26 08:00:00,AG0042,SUCCESSFUL
FV00002411,A000252,2026-01-19 11:00:00,AG0041,UNSUCCESSFUL
FV00002412,A003615,2026-02-14 09:00:00,AG0029,UNSUCCESSFUL
FV00002413,A001782,2026-07-03 12:00:00,AG0082,SUCCESSFUL
FV00002414,A002338,2026-04-07 10:00:00,AG0090,UNSUCCESSFUL
FV00002415,A000874,2026-02-15 10:00:00,AG0052,UNSUCCESSFUL
FV00002416,A002615,2026-01-16 16:00:00,AG0020,UNSUCCESSFUL
FV00002417,A002077,2026-05-01 16:00:00,AG0106,SUCCESSFUL
FV00002418,A002145,2026-08-06 13:00:00,AG0109,RESCHEDULED
FV00002419,A003173,2026-03-03 14:00:00,AG0098,SUCCESSFUL
FV00002420,A004104,2025-12-24 09:00:00,AG0113,SUCCESSFUL
FV00002421,A000349,2026-02-09 18:00:00,AG0101,UNSUCCESSFUL
FV00002422,A000545,2026-08-22 10:00:00,AG0085,SUCCESSFUL
FV00002423,A002957,2025-12-27 14:00:00,AG0120,UNSUCCESSFUL
FV00002424,A003334,2026-04-26 13:00:00,AG0011,SUCCESSFUL
FV00002425,A001808,2026-01-10 10:00:00,AG0071,RESCHEDULED
FV00002426,A002478,2026-04-04 17:00:00,AG0026,RESCHEDULED
FV00002427,A002632,2026-08-03 09:00:00,AG0065,SUCCESSFUL
FV00002428,A002448,2026-06-07 08:00:00,AG0101,RESCHEDULED
FV00002429,A000614,2025-09-02 08:00:00,AG0101,SUCCESSFUL
FV00002430,A002464,2026-02-06 09:00:00,AG0038,UNSUCCESSFUL
FV00002431,A002140,2026-01-22 12:00:00,AG0105,UNSUCCESSFUL
FV00002432,A004053,2026-03-18 09:00:00,AG0030,SUCCESSFUL
FV00002433,A001270,2025-12-15 15:00:00,AG0060,UNSUCCESSFUL
FV00002434,A002904,2026-01-20 10:00:00,AG0011,UNSUCCESSFUL
FV00002435,A004169,2025-11-11 12:00:00,AG0087,RESCHEDULED
FV00002436,A004128,2026-02-12 09:00:00,AG0084,UNSUCCESSFUL
FV00002437,A003277,2026-07-10 08:00:00,AG0066,RESCHEDULED
FV00002438,A001268,2026-08-11 08:00:00,AG0038,UNSUCCESSFUL
FV00002439,A003927,2025-12-24 17:00:00,AG0066,UNSUCCESSFUL
FV00002440,A000908,2026-08-16 09:00:00,AG0100,UNSUCCESSFUL
FV00002441,A002982,2026-05-04 15:00:00,AG0120,UNSUCCESSFUL
FV00002442,A001105,2026-06-08 13:00:00,AG0081,UNSUCCESSFUL
FV00002443,A003052,2026-04-20 15:00:00,AG0071,SUCCESSFUL
FV00002444,A001264,2026-06-09 12:00:00,AG0092,SUCCESSFUL
FV00002445,A000202,2026-07-04 16:00:00,AG0086,SUCCESSFUL
FV00002446,A001427,2025-11-16 10:00:00,AG0078,SUCCESSFUL
FV00002447,A003106,2026-05-13 15:00:00,AG0081,UNSUCCESSFUL
FV00002448,A001568,2025-09-10 15:00:00,AG0004,UNSUCCESSFUL
FV00002449,A000348,2026-01-17 16:00:00,AG0049,UNSUCCESSFUL
FV00002450,A002963,2026-08-14 08:00:00,AG0002,UNSUCCESSFUL
FV00002451,A004005,2026-07-02 13:00:00,AG0056,UNSUCCESSFUL
FV00002452,A001566,2026-06-03 13:00:00,AG0017,UNSUCCESSFUL
FV00002453,A002413,2025-12-08 08:00:00,AG0047,UNSUCCESSFUL
FV00002454,A002483,2026-01-25 17:00:00,AG0112,SUCCESSFUL
FV00002455,A004164,2026-08-05 13:00:00,AG0112,UNSUCCESSFUL
FV00002456,A001814,2026-01-15 14:00:00,AG0119,SUCCESSFUL
FV00002457,A001629,2026-07-13 16:00:00,AG0032,SUCCESSFUL
FV00002458,A001373,2025-10-05 08:00:00,AG0041,RESCHEDULED
FV00002459,A003888,2026-06-19 13:00:00,AG0118,UNSUCCESSFUL
FV00002460,A002937,2026-02-13 10:00:00,AG0073,UNSUCCESSFUL
FV00002461,A001219,2025-09-07 09:00:00,AG0034,UNSUCCESSFUL
FV00002462,A003298,2026-07-16 17:00:00,AG0051,UNSUCCESSFUL
FV00002463,A003658,2025-12-01 18:00:00,AG0075,SUCCESSFUL
FV00002464,A001374,2026-08-05 11:00:00,AG0031,UNSUCCESSFUL
FV00002465,A001272,2026-02-27 14:00:00,AG0028,SUCCESSFUL
FV00002466,A001389,2025-10-02 18:00:00,AG0056,SUCCESSFUL
FV00002467,A002392,2026-04-20 15:00:00,AG0048,RESCHEDULED
FV00002468,A002279,2025-12-25 13:00:00,AG0075,SUCCESSFUL
FV00002469,A004192,2026-04-14 09:00:00,AG0009,RESCHEDULED
FV00002470,A002719,2025-09-20 12:00:00,AG0084,SUCCESSFUL
FV00002471,A001601,2026-02-27 09:00:00,AG0028,RESCHEDULED
FV00002472,A001225,2025-11-10 08:00:00,AG0032,RESCHEDULED
FV00002473,A000424,2026-08-15 17:00:00,AG0090,SUCCESSFUL
FV00002474,A000553,2025-10-03 12:00:00,AG0106,UNSUCCESSFUL
FV00002475,A001347,2026-05-27 15:00:00,AG0077,UNSUCCESSFUL
FV00002476,A001133,2026-06-08 10:00:00,AG0108,SUCCESSFUL
FV00002477,A001151,2026-01-23 09:00:00,AG0005,SUCCESSFUL
FV00002478,A003525,2025-09-12 17:00:00,AG0098,SUCCESSFUL
FV00002479,A000788,2025-11-16 08:00:00,AG0072,SUCCESSFUL
FV00002480,A003541,2025-11-09 11:00:00,AG0017,SUCCESSFUL
FV00002481,A000054,2026-02-04 13:00:00,AG0023,SUCCESSFUL
FV00002482,A001618,2026-05-12 16:00:00,AG0071,UNSUCCESSFUL
FV00002483,A001716,2026-03-23 13:00:00,AG0062,SUCCESSFUL
FV00002484,A001552,2025-09-03 09:00:00,AG0117,UNSUCCESSFUL
FV00002485,A003423,2026-08-04 08:00:00,AG0030,SUCCESSFUL
FV00002486,A000153,2026-03-08 08:00:00,AG0054,RESCHEDULED
FV00002487,A000810,2025-10-22 10:00:00,AG0010,UNSUCCESSFUL
FV00002488,A002261,2026-07-20 10:00:00,AG0034,SUCCESSFUL
FV00002489,A002203,2026-02-02 16:00:00,AG0090,SUCCESSFUL
FV00002490,A002904,2025-11-13 16:00:00,AG0077,SUCCESSFUL
FV00002491,A004099,2026-04-21 10:00:00,AG0108,SUCCESSFUL
FV00002492,A003697,2026-05-27 11:00:00,AG0026,UNSUCCESSFUL
FV00002493,A001448,2025-09-26 14:00:00,AG0015,SUCCESSFUL
FV00002494,A002244,2025-11-20 16:00:00,AG0088,SUCCESSFUL
FV00002495,A003197,2026-05-20 17:00:00,AG0079,UNSUCCESSFUL
FV00002496,A000469,2026-03-26 13:00:00,AG0045,SUCCESSFUL
FV00002497,A004058,2026-02-18 18:00:00,AG0047,SUCCESSFUL
FV00002498,A000643,2025-11-14 15:00:00,AG0049,SUCCESSFUL
FV00002499,A000101,2025-09-07 09:00:00,AG0104,UNSUCCESSFUL
FV00002500,A002549,2026-06-18 13:00:00,AG0093,UNSUCCESSFUL
FV00002501,A003231,2026-07-12 18:00:00,AG0072,SUCCESSFUL
FV00002502,A003003,2026-07-20 15:00:00,AG0050,UNSUCCESSFUL
FV00002503,A003146,2025-09-26 15:00:00,AG0072,UNSUCCESSFUL
FV00002504,A000487,2026-06-20 14:00:00,AG0051,SUCCESSFUL
FV00002505,A002668,2025-10-26 09:00:00,AG0030,RESCHEDULED
FV00002506,A001818,2025-10-13 09:00:00,AG0088,UNSUCCESSFUL
FV00002507,A003015,2026-08-14 15:00:00,AG0112,UNSUCCESSFUL
FV00002508,A000033,2026-04-22 12:00:00,AG0111,SUCCESSFUL
FV00002509,A002902,2025-11-19 14:00:00,AG0081,SUCCESSFUL
FV00002510,A001672,2026-04-16 09:00:00,AG0075,UNSUCCESSFUL
FV00002511,A002810,2025-10-11 13:00:00,AG0083,SUCCESSFUL
FV00002512,A003377,2025-09-21 08:00:00,AG0046,SUCCESSFUL
FV00002513,A004138,2026-01-18 11:00:00,AG0062,SUCCESSFUL
FV00002514,A002804,2026-06-04 15:00:00,AG0031,UNSUCCESSFUL
FV00002515,A001041,2026-06-23 13:00:00,AG0005,SUCCESSFUL
FV00002516,A002563,2026-04-13 15:00:00,AG0115,UNSUCCESSFUL
FV00002517,A000330,2026-08-01 15:00:00,AG0033,SUCCESSFUL
FV00002518,A001079,2026-05-03 09:00:00,AG0078,RESCHEDULED
FV00002519,A003092,2026-02-07 11:00:00,AG0035,SUCCESSFUL
FV00002520,A002956,2025-12-27 18:00:00,AG0111,SUCCESSFUL
FV00002521,A002764,2026-06-10 14:00:00,AG0065,UNSUCCESSFUL
FV00002522,A004167,2026-08-24 14:00:00,AG0067,RESCHEDULED
FV00002523,A003401,2026-04-04 10:00:00,AG0002,UNSUCCESSFUL
FV00002524,A000896,2026-08-27 17:00:00,AG0059,UNSUCCESSFUL
FV00002525,A000688,2026-05-26 12:00:00,AG0084,UNSUCCESSFUL
FV00002526,A003335,2026-08-24 09:00:00,AG0024,SUCCESSFUL
FV00002527,A003653,2025-09-19 13:00:00,AG0043,RESCHEDULED
FV00002528,A001727,2026-01-07 12:00:00,AG0019,UNSUCCESSFUL
FV00002529,A000132,2026-05-13 15:00:00,AG0094,SUCCESSFUL
FV00002530,A002709,2026-07-21 13:00:00,AG0043,SUCCESSFUL
FV00002531,A003176,2026-02-07 09:00:00,AG0043,SUCCESSFUL
FV00002532,A000725,2025-09-15 12:00:00,AG0032,SUCCESSFUL
FV00002533,A000010,2026-07-22 14:00:00,AG0080,SUCCESSFUL
FV00002534,A001904,2025-09-05 10:00:00,AG0016,UNSUCCESSFUL
FV00002535,A002127,2026-07-23 13:00:00,AG0022,UNSUCCESSFUL
FV00002536,A000105,2026-05-09 11:00:00,AG0117,RESCHEDULED
FV00002537,A004049,2026-01-21 18:00:00,AG0033,SUCCESSFUL
FV00002538,A003900,2026-03-12 16:00:00,AG0043,UNSUCCESSFUL
FV00002539,A001395,2026-02-20 17:00:00,AG0104,UNSUCCESSFUL
FV00002540,A002020,2025-11-24 12:00:00,AG0029,UNSUCCESSFUL
FV00002541,A000206,2026-07-01 17:00:00,AG0045,SUCCESSFUL
FV00002542,A002422,2026-01-20 16:00:00,AG0100,RESCHEDULED
FV00002543,A001072,2025-11-06 18:00:00,AG0036,SUCCESSFUL
FV00002544,A002757,2026-02-21 11:00:00,AG0049,SUCCESSFUL
FV00002545,A002660,2026-05-09 18:00:00,AG0039,UNSUCCESSFUL
FV00002546,A002821,2025-11-19 15:00:00,AG0114,UNSUCCESSFUL
FV00002547,A002663,2025-11-25 08:00:00,AG0069,UNSUCCESSFUL
FV00002548,A003102,2026-02-22 16:00:00,AG0082,SUCCESSFUL
FV00002549,A002665,2026-04-01 08:00:00,AG0067,UNSUCCESSFUL
FV00002550,A002012,2025-09-15 09:00:00,AG0011,SUCCESSFUL
FV00002551,A003548,2026-05-03 15:00:00,AG0032,SUCCESSFUL
FV00002552,A000031,2025-11-24 16:00:00,AG0027,UNSUCCESSFUL
FV00002553,A003836,2026-06-20 10:00:00,AG0073,SUCCESSFUL
FV00002554,A000372,2026-03-12 10:00:00,AG0014,SUCCESSFUL
FV00002555,A002121,2026-06-03 15:00:00,AG0011,RESCHEDULED
FV00002556,A001255,2025-12-16 12:00:00,AG0030,UNSUCCESSFUL
FV00002557,A002669,2026-05-05 11:00:00,AG0050,UNSUCCESSFUL
FV00002558,A000040,2026-07-12 15:00:00,AG0074,UNSUCCESSFUL
FV00002559,A000916,2026-02-17 13:00:00,AG0049,UNSUCCESSFUL
FV00002560,A003813,2025-11-10 09:00:00,AG0040,UNSUCCESSFUL
FV00002561,A002021,2026-06-18 11:00:00,AG0004,RESCHEDULED
FV00002562,A002153,2025-11-05 12:00:00,AG0120,SUCCESSFUL
FV00002563,A000282,2026-07-01 12:00:00,AG0051,UNSUCCESSFUL
FV00002564,A004036,2025-11-12 17:00:00,AG0056,UNSUCCESSFUL
FV00002565,A001193,2025-09-24 12:00:00,AG0009,SUCCESSFUL
FV00002566,A000260,2025-10-07 17:00:00,AG0104,UNSUCCESSFUL
FV00002567,A000360,2025-10-13 16:00:00,AG0050,SUCCESSFUL
FV00002568,A002539,2025-12-06 12:00:00,AG0025,UNSUCCESSFUL
FV00002569,A002232,2025-10-21 16:00:00,AG0081,RESCHEDULED
FV00002570,A000732,2026-06-20 16:00:00,AG0045,SUCCESSFUL
FV00002571,A003054,2026-02-13 10:00:00,AG0079,SUCCESSFUL
FV00002572,A001299,2026-03-24 15:00:00,AG0033,SUCCESSFUL
FV00002573,A001079,2026-08-19 11:00:00,AG0098,UNSUCCESSFUL
FV00002574,A004196,2026-02-26 18:00:00,AG0021,UNSUCCESSFUL
FV00002575,A000153,2026-04-02 11:00:00,AG0028,SUCCESSFUL
FV00002576,A000227,2025-12-10 14:00:00,AG0094,UNSUCCESSFUL
FV00002577,A002063,2026-04-16 08:00:00,AG0088,SUCCESSFUL
FV00002578,A000597,2025-11-09 11:00:00,AG0114,RESCHEDULED
FV00002579,A000732,2026-04-16 12:00:00,AG0083,RESCHEDULED
FV00002580,A000364,2026-01-04 11:00:00,AG0041,SUCCESSFUL
FV00002581,A003128,2025-09-03 18:00:00,AG0085,SUCCESSFUL
FV00002582,A002752,2026-07-05 10:00:00,AG0035,SUCCESSFUL
FV00002583,A003287,2025-12-02 16:00:00,AG0056,UNSUCCESSFUL
FV00002584,A001748,2026-03-12 13:00:00,AG0041,UNSUCCESSFUL
FV00002585,A001491,2026-02-15 12:00:00,AG0006,SUCCESSFUL
FV00002586,A001944,2025-11-18 14:00:00,AG0070,UNSUCCESSFUL
FV00002587,A000951,2025-10-13 17:00:00,AG0059,UNSUCCESSFUL
FV00002588,A003531,2025-10-17 08:00:00,AG0043,SUCCESSFUL
FV00002589,A001641,2026-01-23 10:00:00,AG0015,UNSUCCESSFUL
FV00002590,A002843,2026-07-08 12:00:00,AG0060,UNSUCCESSFUL
FV00002591,A003562,2025-12-27 12:00:00,AG0072,SUCCESSFUL
FV00002592,A002060,2026-05-24 13:00:00,AG0078,RESCHEDULED
FV00002593,A000647,2026-03-27 11:00:00,AG0036,UNSUCCESSFUL
FV00002594,A003376,2026-02-07 12:00:00,AG0034,UNSUCCESSFUL
FV00002595,A002438,2026-01-06 10:00:00,AG0083,SUCCESSFUL
FV00002596,A002720,2025-12-12 08:00:00,AG0018,SUCCESSFUL
FV00002597,A001671,2026-06-04 13:00:00,AG0098,RESCHEDULED
FV00002598,A000584,2026-05-09 11:00:00,AG0004,SUCCESSFUL
FV00002599,A003479,2025-09-03 18:00:00,AG0073,UNSUCCESSFUL
FV00002600,A003265,2026-04-26 10:00:00,AG0024,SUCCESSFUL
FV00002601,A000789,2026-01-14 15:00:00,AG0013,SUCCESSFUL
FV00002602,A003639,2026-06-20 17:00:00,AG0098,UNSUCCESSFUL
FV00002603,A002055,2026-02-06 12:00:00,AG0014,UNSUCCESSFUL
FV00002604,A000045,2026-07-15 14:00:00,AG0071,SUCCESSFUL
FV00002605,A002052,2025-10-10 18:00:00,AG0040,RESCHEDULED
FV00002606,A001393,2026-05-04 18:00:00,AG0083,UNSUCCESSFUL
FV00002607,A000183,2026-04-10 14:00:00,AG0092,SUCCESSFUL
FV00002608,A001062,2026-08-14 08:00:00,AG0001,UNSUCCESSFUL
FV00002609,A004113,2025-12-27 16:00:00,AG0084,UNSUCCESSFUL
FV00002610,A003288,2025-09-14 11:00:00,AG0017,UNSUCCESSFUL
FV00002611,A001418,2025-12-07 09:00:00,AG0095,SUCCESSFUL
FV00002612,A003021,2025-09-02 11:00:00,AG0109,SUCCESSFUL
FV00002613,A001504,2026-08-03 18:00:00,AG0105,SUCCESSFUL
FV00002614,A001144,2026-03-04 17:00:00,AG0119,UNSUCCESSFUL
FV00002615,A001863,2025-09-14 10:00:00,AG0055,UNSUCCESSFUL
FV00002616,A001644,2026-06-07 15:00:00,AG0006,RESCHEDULED
FV00002617,A001919,2025-10-25 11:00:00,AG0056,SUCCESSFUL
FV00002618,A003649,2026-06-07 12:00:00,AG0002,SUCCESSFUL
FV00002619,A001079,2026-06-17 09:00:00,AG0072,UNSUCCESSFUL
FV00002620,A001762,2025-10-03 11:00:00,AG0117,SUCCESSFUL
FV00002621,A003437,2025-10-05 11:00:00,AG0033,UNSUCCESSFUL
FV00002622,A001390,2026-03-18 15:00:00,AG0055,SUCCESSFUL
FV00002623,A002478,2025-11-15 12:00:00,AG0016,UNSUCCESSFUL
FV00002624,A004072,2025-12-27 18:00:00,AG0093,UNSUCCESSFUL
FV00002625,A004139,2026-06-26 14:00:00,AG0106,RESCHEDULED
FV00002626,A000554,2025-10-02 12:00:00,AG0051,SUCCESSFUL
FV00002627,A002353,2026-01-07 13:00:00,AG0047,UNSUCCESSFUL
FV00002628,A003076,2025-12-03 10:00:00,AG0010,SUCCESSFUL
FV00002629,A000838,2025-12-14 18:00:00,AG0010,UNSUCCESSFUL
FV00002630,A001420,2025-10-11 13:00:00,AG0049,SUCCESSFUL
FV00002631,A003387,2025-10-24 18:00:00,AG0067,SUCCESSFUL
FV00002632,A003143,2026-01-17 12:00:00,AG0120,SUCCESSFUL
FV00002633,A002999,2025-11-01 10:00:00,AG0025,UNSUCCESSFUL
FV00002634,A003968,2025-12-03 11:00:00,AG0021,UNSUCCESSFUL
FV00002635,A002887,2025-11-16 09:00:00,AG0018,SUCCESSFUL
FV00002636,A002998,2026-01-25 09:00:00,AG0107,UNSUCCESSFUL
FV00002637,A002183,2025-11-11 11:00:00,AG0057,UNSUCCESSFUL
FV00002638,A001831,2026-05-22 11:00:00,AG0051,RESCHEDULED
FV00002639,A003890,2026-08-16 08:00:00,AG0049,UNSUCCESSFUL
FV00002640,A001693,2026-08-18 08:00:00,AG0067,SUCCESSFUL
FV00002641,A001478,2026-07-09 17:00:00,AG0052,UNSUCCESSFUL
FV00002642,A002364,2026-01-06 11:00:00,AG0009,UNSUCCESSFUL
FV00002643,A000714,2025-11-09 18:00:00,AG0049,SUCCESSFUL
FV00002644,A002850,2026-04-27 13:00:00,AG0031,SUCCESSFUL
FV00002645,A000327,2025-10-05 12:00:00,AG0055,SUCCESSFUL
FV00002646,A000582,2025-12-10 13:00:00,AG0108,SUCCESSFUL
FV00002647,A000812,2026-08-14 14:00:00,AG0113,UNSUCCESSFUL
FV00002648,A000467,2025-12-06 15:00:00,AG0116,SUCCESSFUL
FV00002649,A000341,2025-12-17 18:00:00,AG0064,SUCCESSFUL
FV00002650,A001148,2025-11-17 12:00:00,AG0100,UNSUCCESSFUL
FV00002651,A003797,2025-09-27 16:00:00,AG0111,SUCCESSFUL
FV00002652,A002604,2025-09-14 14:00:00,AG0008,RESCHEDULED
FV00002653,A003989,2026-07-05 18:00:00,AG0086,UNSUCCESSFUL
FV00002654,A001016,2026-08-04 15:00:00,AG0022,SUCCESSFUL
FV00002655,A000714,2026-04-25 13:00:00,AG0039,UNSUCCESSFUL
FV00002656,A001142,2026-05-04 11:00:00,AG0087,UNSUCCESSFUL
FV00002657,A000516,2026-04-08 15:00:00,AG0046,SUCCESSFUL
FV00002658,A003572,2025-09-15 14:00:00,AG0120,UNSUCCESSFUL
FV00002659,A002485,2026-01-19 13:00:00,AG0027,SUCCESSFUL
FV00002660,A000011,2026-06-07 15:00:00,AG0120,RESCHEDULED
FV00002661,A001529,2026-03-07 13:00:00,AG0096,UNSUCCESSFUL
FV00002662,A003042,2025-11-08 12:00:00,AG0112,SUCCESSFUL
FV00002663,A001631,2026-04-06 16:00:00,AG0071,RESCHEDULED
FV00002664,A000959,2026-08-13 15:00:00,AG0032,UNSUCCESSFUL
FV00002665,A001403,2025-11-13 17:00:00,AG0063,UNSUCCESSFUL
FV00002666,A000778,2026-05-22 18:00:00,AG0113,UNSUCCESSFUL
FV00002667,A001409,2026-08-23 17:00:00,AG0119,UNSUCCESSFUL
FV00002668,A003413,2026-02-19 12:00:00,AG0005,UNSUCCESSFUL
FV00002669,A001203,2025-10-15 14:00:00,AG0015,SUCCESSFUL
FV00002670,A002624,2025-12-07 17:00:00,AG0009,SUCCESSFUL
FV00002671,A000523,2026-06-25 18:00:00,AG0051,UNSUCCESSFUL
FV00002672,A003030,2026-07-25 13:00:00,AG0109,UNSUCCESSFUL
FV00002673,A001608,2026-03-24 18:00:00,AG0106,SUCCESSFUL
FV00002674,A002700,2026-04-16 10:00:00,AG0021,RESCHEDULED
FV00002675,A001469,2026-08-19 18:00:00,AG0101,UNSUCCESSFUL
FV00002676,A003425,2026-03-03 17:00:00,AG0001,UNSUCCESSFUL
FV00002677,A000575,2026-04-19 08:00:00,AG0108,SUCCESSFUL
FV00002678,A000191,2026-06-02 09:00:00,AG0019,SUCCESSFUL
FV00002679,A001624,2026-02-10 15:00:00,AG0011,UNSUCCESSFUL
FV00002680,A000560,2026-06-17 14:00:00,AG0035,SUCCESSFUL
FV00002681,A000946,2026-02-02 09:00:00,AG0087,UNSUCCESSFUL
FV00002682,A002916,2025-12-16 11:00:00,AG0027,SUCCESSFUL
FV00002683,A000914,2026-07-13 08:00:00,AG0048,UNSUCCESSFUL
FV00002684,A001835,2026-03-02 10:00:00,AG0087,UNSUCCESSFUL
FV00002685,A002655,2026-08-07 16:00:00,AG0049,UNSUCCESSFUL
FV00002686,A002734,2026-07-14 12:00:00,AG0040,UNSUCCESSFUL
FV00002687,A002836,2026-06-25 09:00:00,AG0107,UNSUCCESSFUL
FV00002688,A000351,2026-06-22 11:00:00,AG0044,SUCCESSFUL
FV00002689,A002166,2026-04-12 14:00:00,AG0028,UNSUCCESSFUL
FV00002690,A000318,2025-09-03 16:00:00,AG0056,UNSUCCESSFUL
FV00002691,A003947,2026-07-24 10:00:00,AG0105,SUCCESSFUL
FV00002692,A001017,2025-10-22 13:00:00,AG0035,SUCCESSFUL
FV00002693,A003432,2025-09-03 09:00:00,AG0097,RESCHEDULED
FV00002694,A001245,2025-09-20 18:00:00,AG0039,SUCCESSFUL
FV00002695,A000675,2026-03-26 12:00:00,AG0095,SUCCESSFUL
FV00002696,A003080,2026-04-20 12:00:00,AG0102,UNSUCCESSFUL
FV00002697,A002774,2025-09-23 12:00:00,AG0073,RESCHEDULED
FV00002698,A002478,2026-05-17 17:00:00,AG0007,UNSUCCESSFUL
FV00002699,A002689,2026-02-01 11:00:00,AG0056,SUCCESSFUL
FV00002700,A000263,2026-05-24 13:00:00,AG0088,SUCCESSFUL
FV00002701,A003227,2026-08-03 10:00:00,AG0114,UNSUCCESSFUL
FV00002702,A002653,2026-07-19 15:00:00,AG0120,SUCCESSFUL
FV00002703,A001785,2025-10-21 08:00:00,AG0042,SUCCESSFUL
FV00002704,A003959,2026-06-04 11:00:00,AG0012,RESCHEDULED
FV00002705,A002004,2025-12-11 08:00:00,AG0007,UNSUCCESSFUL
FV00002706,A002018,2026-08-22 10:00:00,AG0104,UNSUCCESSFUL
FV00002707,A000552,2026-07-05 17:00:00,AG0093,SUCCESSFUL
FV00002708,A002726,2026-08-06 17:00:00,AG0018,UNSUCCESSFUL
FV00002709,A000725,2025-12-22 18:00:00,AG0079,SUCCESSFUL
FV00002710,A002646,2025-09-03 09:00:00,AG0083,UNSUCCESSFUL
FV00002711,A001537,2025-12-13 16:00:00,AG0027,UNSUCCESSFUL
FV00002712,A004186,2026-03-22 10:00:00,AG0031,UNSUCCESSFUL
FV00002713,A001799,2025-12-13 14:00:00,AG0021,UNSUCCESSFUL
FV00002714,A002640,2026-05-18 10:00:00,AG0070,UNSUCCESSFUL
FV00002715,A002170,2025-11-20 16:00:00,AG0081,UNSUCCESSFUL
FV00002716,A001626,2025-09-27 14:00:00,AG0059,SUCCESSFUL
FV00002717,A001997,2026-05-16 15:00:00,AG0103,UNSUCCESSFUL
FV00002718,A000316,2025-10-15 17:00:00,AG0012,RESCHEDULED
FV00002719,A001983,2025-11-09 10:00:00,AG0025,UNSUCCESSFUL
FV00002720,A002109,2025-09-27 14:00:00,AG0010,UNSUCCESSFUL
FV00002721,A001779,2026-01-13 12:00:00,AG0029,RESCHEDULED
FV00002722,A001438,2026-05-22 17:00:00,AG0017,SUCCESSFUL
FV00002723,A000414,2026-05-23 18:00:00,AG0053,SUCCESSFUL
FV00002724,A003917,2026-04-02 09:00:00,AG0033,UNSUCCESSFUL
FV00002725,A000056,2025-11-08 11:00:00,AG0101,UNSUCCESSFUL
FV00002726,A003758,2026-03-06 08:00:00,AG0116,UNSUCCESSFUL
FV00002727,A000405,2025-12-07 17:00:00,AG0056,UNSUCCESSFUL
FV00002728,A000140,2026-02-27 14:00:00,AG0100,RESCHEDULED
FV00002729,A000823,2026-04-23 12:00:00,AG0023,UNSUCCESSFUL
FV00002730,A000719,2026-03-07 10:00:00,AG0070,SUCCESSFUL
FV00002731,A001497,2026-01-05 18:00:00,AG0079,UNSUCCESSFUL
FV00002732,A000535,2026-01-11 17:00:00,AG0095,RESCHEDULED
FV00002733,A004011,2026-02-18 12:00:00,AG0011,SUCCESSFUL
FV00002734,A002716,2025-12-13 12:00:00,AG0095,UNSUCCESSFUL
FV00002735,A001769,2025-09-23 13:00:00,AG0025,UNSUCCESSFUL
FV00002736,A000431,2026-04-07 15:00:00,AG0040,UNSUCCESSFUL
FV00002737,A004086,2026-06-10 16:00:00,AG0086,RESCHEDULED
FV00002738,A003626,2025-11-02 13:00:00,AG0083,RESCHEDULED
FV00002739,A002031,2025-12-09 15:00:00,AG0090,UNSUCCESSFUL
FV00002740,A001825,2026-03-24 15:00:00,AG0023,RESCHEDULED
FV00002741,A003030,2026-06-02 12:00:00,AG0102,SUCCESSFUL
FV00002742,A000419,2026-08-23 17:00:00,AG0060,UNSUCCESSFUL
FV00002743,A000539,2025-09-23 16:00:00,AG0063,SUCCESSFUL
FV00002744,A002294,2026-04-26 15:00:00,AG0013,UNSUCCESSFUL
FV00002745,A001527,2025-11-09 13:00:00,AG0037,RESCHEDULED
FV00002746,A003593,2026-08-20 14:00:00,AG0072,UNSUCCESSFUL
FV00002747,A002701,2026-02-04 11:00:00,AG0008,SUCCESSFUL
FV00002748,A003099,2026-05-11 15:00:00,AG0020,UNSUCCESSFUL
FV00002749,A000632,2026-03-21 09:00:00,AG0106,UNSUCCESSFUL
FV00002750,A001108,2026-05-25 12:00:00,AG0116,SUCCESSFUL
FV00002751,A000141,2025-11-21 11:00:00,AG0064,UNSUCCESSFUL
FV00002752,A004009,2026-03-24 17:00:00,AG0047,UNSUCCESSFUL
FV00002753,A003128,2026-05-12 16:00:00,AG0058,UNSUCCESSFUL
FV00002754,A001207,2026-08-01 16:00:00,AG0067,SUCCESSFUL
FV00002755,A000154,2025-10-18 11:00:00,AG0009,UNSUCCESSFUL
FV00002756,A002181,2026-05-19 08:00:00,AG0032,RESCHEDULED
FV00002757,A001665,2026-05-07 11:00:00,AG0064,RESCHEDULED
FV00002758,A002954,2026-01-06 09:00:00,AG0047,SUCCESSFUL
FV00002759,A002855,2026-06-04 15:00:00,AG0024,UNSUCCESSFUL
FV00002760,A002633,2026-04-22 10:00:00,AG0033,UNSUCCESSFUL
FV00002761,A003480,2026-04-03 11:00:00,AG0012,RESCHEDULED
FV00002762,A003202,2025-11-24 15:00:00,AG0112,SUCCESSFUL
FV00002763,A001421,2026-01-15 14:00:00,AG0090,SUCCESSFUL
FV00002764,A001664,2025-11-07 11:00:00,AG0048,SUCCESSFUL
FV00002765,A000540,2025-11-25 08:00:00,AG0077,SUCCESSFUL
FV00002766,A001063,2026-07-23 12:00:00,AG0053,RESCHEDULED
FV00002767,A003615,2025-11-02 08:00:00,AG0050,UNSUCCESSFUL
FV00002768,A004051,2026-07-11 11:00:00,AG0099,UNSUCCESSFUL
FV00002769,A001356,2026-07-22 14:00:00,AG0090,UNSUCCESSFUL
FV00002770,A003727,2025-11-07 12:00:00,AG0004,SUCCESSFUL
FV00002771,A001682,2026-01-06 18:00:00,AG0065,SUCCESSFUL
FV00002772,A000760,2026-02-19 11:00:00,AG0028,SUCCESSFUL
FV00002773,A001150,2026-07-18 15:00:00,AG0028,SUCCESSFUL
FV00002774,A000669,2025-11-02 11:00:00,AG0058,UNSUCCESSFUL
FV00002775,A001495,2026-04-13 13:00:00,AG0049,UNSUCCESSFUL
FV00002776,A000430,2026-06-04 16:00:00,AG0017,UNSUCCESSFUL
FV00002777,A002747,2025-11-18 16:00:00,AG0059,UNSUCCESSFUL
FV00002778,A001219,2026-02-04 15:00:00,AG0075,UNSUCCESSFUL
FV00002779,A001794,2025-09-22 12:00:00,AG0119,SUCCESSFUL
FV00002780,A001248,2026-01-27 14:00:00,AG0071,UNSUCCESSFUL
FV00002781,A004107,2025-11-26 10:00:00,AG0085,UNSUCCESSFUL
FV00002782,A001064,2025-09-06 10:00:00,AG0052,SUCCESSFUL
FV00002783,A003880,2026-05-16 12:00:00,AG0023,UNSUCCESSFUL
FV00002784,A001745,2025-09-23 17:00:00,AG0070,UNSUCCESSFUL
FV00002785,A003209,2026-01-03 13:00:00,AG0113,UNSUCCESSFUL
FV00002786,A003148,2026-05-26 16:00:00,AG0001,SUCCESSFUL
FV00002787,A002635,2025-09-19 13:00:00,AG0054,SUCCESSFUL
FV00002788,A003142,2025-10-19 14:00:00,AG0071,UNSUCCESSFUL
FV00002789,A002990,2026-07-21 09:00:00,AG0004,UNSUCCESSFUL
FV00002790,A001870,2026-01-09 09:00:00,AG0085,SUCCESSFUL
FV00002791,A000924,2026-04-15 18:00:00,AG0046,SUCCESSFUL
FV00002792,A000057,2026-03-04 17:00:00,AG0031,RESCHEDULED
FV00002793,A002289,2026-01-05 12:00:00,AG0026,SUCCESSFUL
FV00002794,A002149,2025-10-05 14:00:00,AG0023,UNSUCCESSFUL
FV00002795,A002350,2026-05-17 14:00:00,AG0092,SUCCESSFUL
FV00002796,A000820,2026-07-25 13:00:00,AG0009,UNSUCCESSFUL
FV00002797,A003775,2026-04-16 08:00:00,AG0072,SUCCESSFUL
FV00002798,A001588,2026-08-17 12:00:00,AG0004,UNSUCCESSFUL
FV00002799,A000400,2025-10-25 11:00:00,AG0116,RESCHEDULED
FV00002800,A003467,2026-02-03 10:00:00,AG0067,SUCCESSFUL
FV00002801,A002067,2025-11-01 08:00:00,AG0102,UNSUCCESSFUL
FV00002802,A003374,2025-09-21 08:00:00,AG0079,UNSUCCESSFUL
FV00002803,A001754,2025-12-21 09:00:00,AG0035,SUCCESSFUL
FV00002804,A002162,2025-11-07 12:00:00,AG0043,RESCHEDULED
FV00002805,A003762,2026-02-22 18:00:00,AG0002,UNSUCCESSFUL
FV00002806,A002448,2026-06-17 16:00:00,AG0080,SUCCESSFUL
FV00002807,A002332,2026-06-18 11:00:00,AG0117,SUCCESSFUL
FV00002808,A003282,2026-04-07 13:00:00,AG0083,SUCCESSFUL
FV00002809,A001600,2026-08-06 17:00:00,AG0060,SUCCESSFUL
FV00002810,A002052,2026-05-17 11:00:00,AG0112,SUCCESSFUL
FV00002811,A000255,2026-01-15 09:00:00,AG0013,RESCHEDULED
FV00002812,A002095,2025-11-02 15:00:00,AG0049,UNSUCCESSFUL
FV00002813,A003348,2026-03-03 08:00:00,AG0031,UNSUCCESSFUL
FV00002814,A001954,2026-03-13 16:00:00,AG0069,SUCCESSFUL
FV00002815,A002528,2026-07-24 18:00:00,AG0040,RESCHEDULED
FV00002816,A002366,2026-08-03 12:00:00,AG0095,UNSUCCESSFUL
FV00002817,A000745,2025-11-11 15:00:00,AG0093,SUCCESSFUL
FV00002818,A003285,2025-10-10 09:00:00,AG0025,UNSUCCESSFUL
FV00002819,A002282,2026-04-14 15:00:00,AG0113,RESCHEDULED
FV00002820,A001662,2026-08-23 16:00:00,AG0018,UNSUCCESSFUL
FV00002821,A001367,2026-03-21 14:00:00,AG0096,UNSUCCESSFUL
FV00002822,A000027,2025-11-08 08:00:00,AG0104,UNSUCCESSFUL
FV00002823,A001625,2025-09-06 09:00:00,AG0118,UNSUCCESSFUL
FV00002824,A000349,2026-08-21 15:00:00,AG0079,UNSUCCESSFUL
FV00002825,A003118,2026-06-02 10:00:00,AG0111,RESCHEDULED
FV00002826,A003525,2026-05-08 08:00:00,AG0095,SUCCESSFUL
FV00002827,A003669,2026-02-23 18:00:00,AG0056,RESCHEDULED
FV00002828,A001499,2026-06-27 17:00:00,AG0016,UNSUCCESSFUL
FV00002829,A002988,2025-09-26 14:00:00,AG0016,RESCHEDULED
FV00002830,A000893,2025-12-15 12:00:00,AG0085,UNSUCCESSFUL
FV00002831,A001369,2025-10-07 09:00:00,AG0113,UNSUCCESSFUL
FV00002832,A000060,2026-01-03 15:00:00,AG0041,SUCCESSFUL
FV00002833,A002067,2026-05-06 11:00:00,AG0119,UNSUCCESSFUL
FV00002834,A002850,2026-03-25 14:00:00,AG0013,UNSUCCESSFUL
FV00002835,A002307,2026-05-19 14:00:00,AG0095,UNSUCCESSFUL
FV00002836,A000976,2026-05-08 14:00:00,AG0068,UNSUCCESSFUL
FV00002837,A001770,2025-12-19 17:00:00,AG0113,UNSUCCESSFUL
FV00002838,A000910,2026-03-12 08:00:00,AG0037,UNSUCCESSFUL
FV00002839,A003473,2026-01-14 09:00:00,AG0048,UNSUCCESSFUL
FV00002840,A002048,2026-02-05 18:00:00,AG0053,UNSUCCESSFUL
FV00002841,A002819,2026-06-19 11:00:00,AG0015,UNSUCCESSFUL
FV00002842,A000087,2025-12-16 12:00:00,AG0062,UNSUCCESSFUL
FV00002843,A003278,2026-03-15 15:00:00,AG0098,UNSUCCESSFUL
FV00002844,A002487,2026-02-27 18:00:00,AG0088,SUCCESSFUL
FV00002845,A004062,2025-11-10 14:00:00,AG0039,SUCCESSFUL
FV00002846,A000994,2026-08-17 08:00:00,AG0024,UNSUCCESSFUL
FV00002847,A003727,2025-12-07 15:00:00,AG0021,UNSUCCESSFUL
FV00002848,A002605,2026-01-13 11:00:00,AG0082,RESCHEDULED
FV00002849,A002998,2026-04-08 18:00:00,AG0048,UNSUCCESSFUL
FV00002850,A001875,2026-08-27 12:00:00,AG0045,UNSUCCESSFUL
FV00002851,A000420,2025-11-08 16:00:00,AG0043,UNSUCCESSFUL
FV00002852,A000609,2026-06-13 14:00:00,AG0052,UNSUCCESSFUL
FV00002853,A003690,2026-06-12 11:00:00,AG0007,UNSUCCESSFUL
FV00002854,A002621,2025-11-26 11:00:00,AG0008,UNSUCCESSFUL
FV00002855,A001439,2025-09-10 09:00:00,AG0051,RESCHEDULED
FV00002856,A001222,2026-08-02 08:00:00,AG0048,UNSUCCESSFUL
FV00002857,A000100,2025-12-08 08:00:00,AG0051,UNSUCCESSFUL
FV00002858,A001662,2026-01-08 12:00:00,AG0114,UNSUCCESSFUL
FV00002859,A002971,2026-08-19 11:00:00,AG0037,UNSUCCESSFUL
FV00002860,A003393,2025-10-26 15:00:00,AG0033,RESCHEDULED
FV00002861,A000732,2025-11-02 17:00:00,AG0076,RESCHEDULED
FV00002862,A002303,2026-02-10 14:00:00,AG0060,SUCCESSFUL
FV00002863,A003577,2025-09-26 15:00:00,AG0066,SUCCESSFUL
FV00002864,A002296,2026-03-27 10:00:00,AG0041,UNSUCCESSFUL
FV00002865,A000082,2026-01-09 11:00:00,AG0057,SUCCESSFUL
FV00002866,A000158,2026-01-08 17:00:00,AG0006,SUCCESSFUL
FV00002867,A001728,2026-06-16 09:00:00,AG0066,UNSUCCESSFUL
FV00002868,A000932,2026-08-06 16:00:00,AG0044,UNSUCCESSFUL
FV00002869,A000857,2026-03-03 14:00:00,AG0066,SUCCESSFUL
FV00002870,A001597,2025-12-24 18:00:00,AG0110,SUCCESSFUL
FV00002871,A000239,2026-06-07 09:00:00,AG0020,RESCHEDULED
FV00002872,A000152,2026-08-15 11:00:00,AG0022,SUCCESSFUL
FV00002873,A001349,2025-12-10 08:00:00,AG0008,RESCHEDULED
FV00002874,A001446,2026-08-20 18:00:00,AG0038,UNSUCCESSFUL
FV00002875,A000017,2026-02-14 14:00:00,AG0029,UNSUCCESSFUL
FV00002876,A000223,2026-01-26 18:00:00,AG0091,SUCCESSFUL
FV00002877,A001933,2026-08-01 18:00:00,AG0068,SUCCESSFUL
FV00002878,A001331,2026-08-21 11:00:00,AG0086,UNSUCCESSFUL
FV00002879,A004049,2026-01-09 09:00:00,AG0020,RESCHEDULED
FV00002880,A000903,2026-05-03 18:00:00,AG0048,UNSUCCESSFUL
FV00002881,A002918,2026-02-13 16:00:00,AG0042,SUCCESSFUL
FV00002882,A001455,2026-02-23 17:00:00,AG0015,UNSUCCESSFUL
FV00002883,A003690,2026-02-22 09:00:00,AG0101,UNSUCCESSFUL
FV00002884,A003566,2025-11-18 10:00:00,AG0007,SUCCESSFUL
FV00002885,A003964,2025-09-10 18:00:00,AG0015,SUCCESSFUL
FV00002886,A002603,2026-04-11 17:00:00,AG0059,UNSUCCESSFUL
FV00002887,A001255,2026-08-02 15:00:00,AG0074,UNSUCCESSFUL
FV00002888,A002376,2026-01-16 11:00:00,AG0085,RESCHEDULED
FV00002889,A000786,2026-01-27 10:00:00,AG0066,UNSUCCESSFUL
FV00002890,A004162,2025-12-15 14:00:00,AG0098,RESCHEDULED
FV00002891,A000914,2026-05-17 18:00:00,AG0027,RESCHEDULED
FV00002892,A002497,2025-09-27 14:00:00,AG0097,UNSUCCESSFUL
FV00002893,A001954,2026-01-07 13:00:00,AG0111,SUCCESSFUL
FV00002894,A003471,2025-11-19 09:00:00,AG0012,UNSUCCESSFUL
FV00002895,A000885,2026-03-22 08:00:00,AG0034,SUCCESSFUL
FV00002896,A000995,2026-06-24 10:00:00,AG0065,UNSUCCESSFUL
FV00002897,A001128,2026-03-10 12:00:00,AG0022,UNSUCCESSFUL
FV00002898,A001387,2026-07-17 18:00:00,AG0035,UNSUCCESSFUL
FV00002899,A002605,2025-12-14 08:00:00,AG0027,SUCCESSFUL
FV00002900,A003379,2026-04-03 14:00:00,AG0041,UNSUCCESSFUL
FV00002901,A003267,2026-08-24 13:00:00,AG0116,UNSUCCESSFUL
FV00002902,A000831,2026-07-17 17:00:00,AG0047,SUCCESSFUL
FV00002903,A000190,2025-10-18 08:00:00,AG0041,SUCCESSFUL
FV00002904,A000596,2025-12-20 11:00:00,AG0105,SUCCESSFUL
FV00002905,A000151,2025-12-17 09:00:00,AG0082,UNSUCCESSFUL
FV00002906,A003331,2025-09-02 17:00:00,AG0029,SUCCESSFUL
FV00002907,A003981,2026-08-08 10:00:00,AG0101,SUCCESSFUL
FV00002908,A001887,2025-12-21 15:00:00,AG0029,SUCCESSFUL
FV00002909,A000124,2026-07-18 18:00:00,AG0070,UNSUCCESSFUL
FV00002910,A001477,2026-03-15 10:00:00,AG0091,UNSUCCESSFUL
FV00002911,A002858,2026-07-13 18:00:00,AG0028,UNSUCCESSFUL
FV00002912,A002804,2026-07-15 18:00:00,AG0024,UNSUCCESSFUL
FV00002913,A000146,2025-09-20 12:00:00,AG0044,SUCCESSFUL
FV00002914,A002894,2026-01-14 14:00:00,AG0049,RESCHEDULED
FV00002915,A000868,2026-01-27 15:00:00,AG0078,SUCCESSFUL
FV00002916,A001131,2026-07-16 13:00:00,AG0012,RESCHEDULED
FV00002917,A003337,2025-10-12 09:00:00,AG0084,UNSUCCESSFUL
FV00002918,A000550,2026-07-10 10:00:00,AG0099,UNSUCCESSFUL
FV00002919,A002661,2026-07-21 15:00:00,AG0009,UNSUCCESSFUL
FV00002920,A003504,2025-12-26 15:00:00,AG0046,UNSUCCESSFUL
FV00002921,A002564,2026-08-01 10:00:00,AG0001,UNSUCCESSFUL
FV00002922,A003493,2026-05-27 16:00:00,AG0041,UNSUCCESSFUL
FV00002923,A003189,2025-10-20 10:00:00,AG0069,UNSUCCESSFUL
FV00002924,A002720,2025-11-03 17:00:00,AG0071,UNSUCCESSFUL
FV00002925,A003343,2026-05-21 09:00:00,AG0041,UNSUCCESSFUL
FV00002926,A000327,2026-01-15 15:00:00,AG0040,UNSUCCESSFUL
FV00002927,A000249,2026-03-06 18:00:00,AG0101,SUCCESSFUL
FV00002928,A000325,2026-01-03 08:00:00,AG0058,SUCCESSFUL
FV00002929,A002946,2026-02-22 15:00:00,AG0011,SUCCESSFUL
FV00002930,A000831,2026-04-16 12:00:00,AG0048,UNSUCCESSFUL
FV00002931,A003763,2026-01-17 13:00:00,AG0120,UNSUCCESSFUL
FV00002932,A002020,2026-03-10 16:00:00,AG0096,SUCCESSFUL
FV00002933,A004159,2026-07-07 09:00:00,AG0017,UNSUCCESSFUL
FV00002934,A000924,2025-10-06 15:00:00,AG0095,SUCCESSFUL
FV00002935,A002204,2025-11-22 16:00:00,AG0111,SUCCESSFUL
FV00002936,A000745,2026-08-26 15:00:00,AG0013,SUCCESSFUL
FV00002937,A000820,2025-12-03 13:00:00,AG0085,UNSUCCESSFUL
FV00002938,A001873,2026-03-07 09:00:00,AG0056,RESCHEDULED
FV00002939,A003066,2026-01-19 15:00:00,AG0103,SUCCESSFUL
FV00002940,A000600,2026-05-03 15:00:00,AG0025,UNSUCCESSFUL
FV00002941,A002609,2025-10-15 10:00:00,AG0052,SUCCESSFUL
FV00002942,A003765,2025-12-25 13:00:00,AG0097,UNSUCCESSFUL
FV00002943,A001410,2025-12-13 14:00:00,AG0113,UNSUCCESSFUL
FV00002944,A002142,2025-11-04 17:00:00,AG0020,UNSUCCESSFUL
FV00002945,A003714,2026-02-04 13:00:00,AG0088,SUCCESSFUL
FV00002946,A003544,2026-05-11 12:00:00,AG0088,SUCCESSFUL
FV00002947,A002982,2025-12-15 10:00:00,AG0084,UNSUCCESSFUL
FV00002948,A001258,2026-08-01 14:00:00,AG0020,SUCCESSFUL
FV00002949,A004105,2025-10-25 16:00:00,AG0040,UNSUCCESSFUL
FV00002950,A000285,2026-05-01 18:00:00,AG0012,UNSUCCESSFUL
FV00002951,A002809,2025-10-25 18:00:00,AG0101,UNSUCCESSFUL
FV00002952,A001188,2026-08-08 10:00:00,AG0028,SUCCESSFUL
FV00002953,A001067,2026-07-16 10:00:00,AG0045,UNSUCCESSFUL
FV00002954,A001433,2025-11-13 17:00:00,AG0046,UNSUCCESSFUL
FV00002955,A002070,2026-01-25 10:00:00,AG0030,UNSUCCESSFUL
FV00002956,A001040,2026-07-19 12:00:00,AG0033,UNSUCCESSFUL
FV00002957,A003015,2026-06-15 16:00:00,AG0066,UNSUCCESSFUL
FV00002958,A002859,2025-09-08 09:00:00,AG0085,UNSUCCESSFUL
FV00002959,A001792,2026-04-22 12:00:00,AG0062,SUCCESSFUL
FV00002960,A003291,2025-12-04 18:00:00,AG0028,UNSUCCESSFUL
FV00002961,A000164,2025-09-26 08:00:00,AG0051,RESCHEDULED
FV00002962,A002606,2026-02-02 13:00:00,AG0102,SUCCESSFUL
FV00002963,A001731,2026-08-26 18:00:00,AG0041,UNSUCCESSFUL
FV00002964,A003650,2025-12-12 15:00:00,AG0052,UNSUCCESSFUL
FV00002965,A001697,2026-03-12 09:00:00,AG0087,UNSUCCESSFUL
FV00002966,A001694,2026-06-21 12:00:00,AG0054,RESCHEDULED
FV00002967,A001920,2026-04-08 18:00:00,AG0086,UNSUCCESSFUL
FV00002968,A002062,2025-10-11 18:00:00,AG0078,UNSUCCESSFUL
FV00002969,A000036,2026-01-10 14:00:00,AG0069,UNSUCCESSFUL
FV00002970,A000170,2026-06-26 15:00:00,AG0090,UNSUCCESSFUL
FV00002971,A003940,2026-06-10 15:00:00,AG0084,SUCCESSFUL
FV00002972,A003100,2026-06-27 14:00:00,AG0102,SUCCESSFUL
FV00002973,A002725,2026-02-12 17:00:00,AG0073,RESCHEDULED
FV00002974,A000309,2026-01-01 17:00:00,AG0040,SUCCESSFUL
FV00002975,A002942,2026-01-13 12:00:00,AG0102,SUCCESSFUL
FV00002976,A000165,2025-09-26 18:00:00,AG0022,SUCCESSFUL
FV00002977,A000283,2026-04-15 11:00:00,AG0070,SUCCESSFUL
FV00002978,A003412,2026-04-14 14:00:00,AG0052,UNSUCCESSFUL
FV00002979,A003820,2026-02-16 17:00:00,AG0069,RESCHEDULED
FV00002980,A001870,2026-05-15 11:00:00,AG0046,RESCHEDULED
FV00002981,A003792,2026-04-05 13:00:00,AG0099,UNSUCCESSFUL
FV00002982,A001246,2026-05-24 13:00:00,AG0116,UNSUCCESSFUL
FV00002983,A003736,2025-09-11 14:00:00,AG0039,UNSUCCESSFUL
FV00002984,A003379,2026-04-12 08:00:00,AG0080,SUCCESSFUL
FV00002985,A002515,2025-12-08 08:00:00,AG0014,UNSUCCESSFUL
FV00002986,A003988,2025-12-20 13:00:00,AG0055,RESCHEDULED
FV00002987,A002091,2025-10-04 18:00:00,AG0035,UNSUCCESSFUL
FV00002988,A000199,2025-10-13 12:00:00,AG0017,SUCCESSFUL
FV00002989,A000386,2026-07-02 09:00:00,AG0082,UNSUCCESSFUL
FV00002990,A001315,2026-01-05 09:00:00,AG0008,UNSUCCESSFUL
FV00002991,A001833,2026-08-07 10:00:00,AG0063,SUCCESSFUL
FV00002992,A003712,2026-07-27 18:00:00,AG0006,UNSUCCESSFUL
FV00002993,A001867,2025-09-25 15:00:00,AG0030,UNSUCCESSFUL
FV00002994,A003532,2026-08-10 12:00:00,AG0019,RESCHEDULED
FV00002995,A002062,2025-10-19 15:00:00,AG0113,UNSUCCESSFUL
FV00002996,A001904,2026-07-03 09:00:00,AG0051,RESCHEDULED
FV00002997,A002341,2026-08-20 18:00:00,AG0042,UNSUCCESSFUL
FV00002998,A002145,2026-03-03 12:00:00,AG0108,SUCCESSFUL
FV00002999,A001331,2025-11-07 11:00:00,AG0087,RESCHEDULED
FV00003000,A002907,2026-03-27 18:00:00,AG0104,UNSUCCESSFUL
FV00003001,A002929,2025-12-02 17:00:00,AG0018,RESCHEDULED
FV00003002,A003613,2026-04-13 10:00:00,AG0029,UNSUCCESSFUL
FV00003003,A001614,2025-09-02 10:00:00,AG0017,SUCCESSFUL
FV00003004,A003029,2026-06-03 12:00:00,AG0047,UNSUCCESSFUL
FV00003005,A000255,2026-03-14 13:00:00,AG0050,UNSUCCESSFUL
FV00003006,A003530,2026-07-26 13:00:00,AG0023,UNSUCCESSFUL
FV00003007,A003314,2026-04-05 08:00:00,AG0090,SUCCESSFUL
FV00003008,A002322,2026-06-12 14:00:00,AG0105,UNSUCCESSFUL
FV00003009,A000509,2025-10-05 17:00:00,AG0116,RESCHEDULED
FV00003010,A003885,2026-01-20 13:00:00,AG0019,UNSUCCESSFUL
FV00003011,A001215,2025-12-01 12:00:00,AG0112,UNSUCCESSFUL
FV00003012,A002523,2026-01-14 09:00:00,AG0077,UNSUCCESSFUL
FV00003013,A002761,2025-11-25 17:00:00,AG0033,UNSUCCESSFUL
FV00003014,A004148,2026-08-05 09:00:00,AG0077,UNSUCCESSFUL
FV00003015,A001596,2025-12-11 11:00:00,AG0075,SUCCESSFUL
FV00003016,A003087,2025-11-05 08:00:00,AG0068,UNSUCCESSFUL
FV00003017,A003407,2026-06-06 10:00:00,AG0073,SUCCESSFUL
FV00003018,A002210,2026-07-23 09:00:00,AG0050,UNSUCCESSFUL
FV00003019,A001888,2026-06-24 16:00:00,AG0046,UNSUCCESSFUL
FV00003020,A003704,2026-02-26 11:00:00,AG0022,UNSUCCESSFUL
FV00003021,A000101,2025-09-12 10:00:00,AG0033,SUCCESSFUL
FV00003022,A003219,2026-05-03 11:00:00,AG0029,SUCCESSFUL
FV00003023,A004015,2026-06-07 15:00:00,AG0098,SUCCESSFUL
FV00003024,A001552,2025-09-02 09:00:00,AG0115,RESCHEDULED
FV00003025,A001992,2026-08-16 17:00:00,AG0013,UNSUCCESSFUL
FV00003026,A000819,2026-03-02 16:00:00,AG0015,UNSUCCESSFUL
FV00003027,A002981,2026-06-03 09:00:00,AG0078,UNSUCCESSFUL
FV00003028,A000591,2026-05-04 12:00:00,AG0047,RESCHEDULED
FV00003029,A003364,2026-04-21 17:00:00,AG0022,UNSUCCESSFUL
FV00003030,A002039,2026-04-05 17:00:00,AG0028,SUCCESSFUL
FV00003031,A000255,2026-02-09 16:00:00,AG0015,UNSUCCESSFUL
FV00003032,A000939,2025-12-24 18:00:00,AG0022,UNSUCCESSFUL
FV00003033,A001379,2026-06-06 12:00:00,AG0090,UNSUCCESSFUL
FV00003034,A000571,2026-08-06 10:00:00,AG0001,UNSUCCESSFUL
FV00003035,A001617,2026-03-19 15:00:00,AG0003,UNSUCCESSFUL
FV00003036,A002620,2026-03-09 12:00:00,AG0102,SUCCESSFUL
FV00003037,A002953,2026-06-08 12:00:00,AG0109,UNSUCCESSFUL
FV00003038,A000739,2026-08-10 08:00:00,AG0036,UNSUCCESSFUL
FV00003039,A003175,2026-03-03 09:00:00,AG0074,UNSUCCESSFUL
FV00003040,A003646,2026-03-17 08:00:00,AG0021,SUCCESSFUL
FV00003041,A001957,2026-03-06 15:00:00,AG0062,UNSUCCESSFUL
FV00003042,A003542,2026-02-01 08:00:00,AG0107,UNSUCCESSFUL
FV00003043,A001986,2025-10-23 10:00:00,AG0018,RESCHEDULED
FV00003044,A000587,2026-04-13 17:00:00,AG0019,UNSUCCESSFUL
FV00003045,A003318,2026-08-16 15:00:00,AG0005,SUCCESSFUL
FV00003046,A002774,2026-03-11 11:00:00,AG0057,UNSUCCESSFUL
FV00003047,A002587,2026-07-24 11:00:00,AG0048,UNSUCCESSFUL
FV00003048,A002294,2026-03-21 16:00:00,AG0006,UNSUCCESSFUL
FV00003049,A002254,2026-02-05 16:00:00,AG0038,SUCCESSFUL
FV00003050,A001827,2025-09-24 09:00:00,AG0033,UNSUCCESSFUL
FV00003051,A002013,2026-04-06 08:00:00,AG0033,SUCCESSFUL
FV00003052,A000194,2026-03-23 16:00:00,AG0002,SUCCESSFUL
FV00003053,A002088,2026-08-14 12:00:00,AG0017,SUCCESSFUL
FV00003054,A003823,2025-10-27 11:00:00,AG0115,SUCCESSFUL
FV00003055,A002060,2025-11-08 12:00:00,AG0105,SUCCESSFUL
FV00003056,A001641,2026-02-04 12:00:00,AG0037,RESCHEDULED
FV00003057,A002975,2025-09-10 09:00:00,AG0053,UNSUCCESSFUL
FV00003058,A000688,2026-02-23 15:00:00,AG0012,SUCCESSFUL
FV00003059,A002732,2026-08-08 11:00:00,AG0051,UNSUCCESSFUL
FV00003060,A001251,2025-12-19 14:00:00,AG0110,SUCCESSFUL
FV00003061,A001416,2026-04-23 14:00:00,AG0066,UNSUCCESSFUL
FV00003062,A003386,2025-11-13 15:00:00,AG0048,SUCCESSFUL
FV00003063,A001460,2025-09-18 10:00:00,AG0014,UNSUCCESSFUL
FV00003064,A001847,2026-04-09 10:00:00,AG0017,SUCCESSFUL
FV00003065,A001830,2026-02-13 13:00:00,AG0117,SUCCESSFUL
FV00003066,A000738,2025-12-07 13:00:00,AG0097,SUCCESSFUL
FV00003067,A001610,2025-12-09 14:00:00,AG0036,UNSUCCESSFUL
FV00003068,A003986,2025-11-14 17:00:00,AG0087,RESCHEDULED
FV00003069,A001490,2025-12-20 14:00:00,AG0101,SUCCESSFUL
FV00003070,A003270,2026-07-25 17:00:00,AG0090,UNSUCCESSFUL
FV00003071,A001749,2026-03-21 17:00:00,AG0082,SUCCESSFUL
FV00003072,A001913,2026-03-06 18:00:00,AG0015,UNSUCCESSFUL
FV00003073,A000902,2026-07-27 17:00:00,AG0072,RESCHEDULED
FV00003074,A003131,2026-06-26 16:00:00,AG0116,UNSUCCESSFUL
FV00003075,A002475,2026-01-27 12:00:00,AG0111,SUCCESSFUL
FV00003076,A003013,2025-10-22 08:00:00,AG0018,RESCHEDULED
FV00003077,A003379,2025-11-27 10:00:00,AG0026,SUCCESSFUL
FV00003078,A001169,2026-01-13 16:00:00,AG0059,UNSUCCESSFUL
FV00003079,A002416,2026-01-06 11:00:00,AG0102,UNSUCCESSFUL
FV00003080,A001540,2025-12-13 10:00:00,AG0022,SUCCESSFUL
FV00003081,A002659,2026-05-12 08:00:00,AG0105,UNSUCCESSFUL
FV00003082,A003859,2026-06-17 10:00:00,AG0053,RESCHEDULED
FV00003083,A001821,2025-10-04 12:00:00,AG0072,UNSUCCESSFUL
FV00003084,A001703,2025-11-26 08:00:00,AG0065,SUCCESSFUL
FV00003085,A000202,2026-02-25 08:00:00,AG0035,UNSUCCESSFUL
FV00003086,A003937,2025-10-01 15:00:00,AG0009,SUCCESSFUL
FV00003087,A002972,2026-05-22 16:00:00,AG0011,SUCCESSFUL
FV00003088,A002816,2025-12-14 08:00:00,AG0031,SUCCESSFUL
FV00003089,A003768,2026-02-12 15:00:00,AG0019,UNSUCCESSFUL
FV00003090,A002185,2026-02-23 09:00:00,AG0057,UNSUCCESSFUL
FV00003091,A003596,2026-01-12 15:00:00,AG0106,UNSUCCESSFUL
FV00003092,A003218,2025-12-09 12:00:00,AG0068,UNSUCCESSFUL
FV00003093,A000982,2025-09-06 11:00:00,AG0019,UNSUCCESSFUL
FV00003094,A003178,2026-04-25 17:00:00,AG0015,UNSUCCESSFUL
FV00003095,A001802,2026-05-19 13:00:00,AG0066,UNSUCCESSFUL
FV00003096,A003493,2025-10-12 16:00:00,AG0076,SUCCESSFUL
FV00003097,A002516,2026-02-06 14:00:00,AG0028,UNSUCCESSFUL
FV00003098,A002364,2025-12-08 15:00:00,AG0059,UNSUCCESSFUL
FV00003099,A003185,2026-08-08 17:00:00,AG0008,UNSUCCESSFUL
FV00003100,A000485,2025-10-06 10:00:00,AG0021,UNSUCCESSFUL
FV00003101,A000458,2026-01-17 09:00:00,AG0114,UNSUCCESSFUL
FV00003102,A001293,2025-12-21 17:00:00,AG0107,SUCCESSFUL
FV00003103,A001145,2025-10-15 09:00:00,AG0036,SUCCESSFUL
FV00003104,A003938,2026-05-27 14:00:00,AG0062,UNSUCCESSFUL
FV00003105,A002188,2026-03-17 16:00:00,AG0062,RESCHEDULED
FV00003106,A002015,2025-10-10 13:00:00,AG0119,UNSUCCESSFUL
FV00003107,A003459,2025-10-16 17:00:00,AG0054,RESCHEDULED
FV00003108,A001276,2026-02-03 09:00:00,AG0044,UNSUCCESSFUL
FV00003109,A003872,2026-06-14 11:00:00,AG0020,SUCCESSFUL
FV00003110,A003317,2026-07-25 09:00:00,AG0076,UNSUCCESSFUL
FV00003111,A001147,2026-02-07 10:00:00,AG0017,SUCCESSFUL
FV00003112,A002937,2026-04-12 16:00:00,AG0055,UNSUCCESSFUL
FV00003113,A001673,2025-12-14 10:00:00,AG0059,RESCHEDULED
FV00003114,A003368,2026-03-21 18:00:00,AG0038,UNSUCCESSFUL
FV00003115,A000138,2025-10-04 12:00:00,AG0053,UNSUCCESSFUL
FV00003116,A001229,2026-01-12 17:00:00,AG0026,UNSUCCESSFUL
FV00003117,A000443,2026-07-11 11:00:00,AG0052,UNSUCCESSFUL
FV00003118,A003886,2026-04-23 12:00:00,AG0099,SUCCESSFUL
FV00003119,A000578,2026-07-10 10:00:00,AG0109,RESCHEDULED
FV00003120,A003644,2026-01-03 14:00:00,AG0094,SUCCESSFUL
FV00003121,A000174,2026-04-21 13:00:00,AG0093,SUCCESSFUL
FV00003122,A001084,2026-05-04 09:00:00,AG0050,SUCCESSFUL
FV00003123,A001636,2026-01-12 15:00:00,AG0019,UNSUCCESSFUL
FV00003124,A000581,2026-03-18 12:00:00,AG0082,UNSUCCESSFUL
FV00003125,A002597,2026-07-01 08:00:00,AG0022,SUCCESSFUL
FV00003126,A000174,2025-09-16 09:00:00,AG0057,UNSUCCESSFUL
FV00003127,A003575,2026-08-20 15:00:00,AG0016,SUCCESSFUL
FV00003128,A002754,2026-07-16 09:00:00,AG0098,UNSUCCESSFUL
FV00003129,A003859,2025-09-18 09:00:00,AG0013,UNSUCCESSFUL
FV00003130,A001437,2026-04-16 16:00:00,AG0062,UNSUCCESSFUL
FV00003131,A002710,2026-05-24 13:00:00,AG0117,UNSUCCESSFUL
FV00003132,A003988,2025-11-26 12:00:00,AG0066,SUCCESSFUL
FV00003133,A003173,2025-11-06 17:00:00,AG0019,UNSUCCESSFUL
FV00003134,A002363,2026-03-12 08:00:00,AG0107,UNSUCCESSFUL
FV00003135,A001136,2026-03-20 12:00:00,AG0064,UNSUCCESSFUL
FV00003136,A000346,2025-10-26 17:00:00,AG0093,SUCCESSFUL
FV00003137,A000807,2026-08-05 13:00:00,AG0067,RESCHEDULED
FV00003138,A002437,2026-04-14 17:00:00,AG0111,UNSUCCESSFUL
FV00003139,A002554,2026-06-07 14:00:00,AG0081,UNSUCCESSFUL
FV00003140,A000593,2026-08-15 08:00:00,AG0029,UNSUCCESSFUL
FV00003141,A001578,2026-06-13 10:00:00,AG0079,UNSUCCESSFUL
FV00003142,A001072,2026-08-13 18:00:00,AG0008,UNSUCCESSFUL
FV00003143,A003098,2026-07-01 14:00:00,AG0120,SUCCESSFUL
FV00003144,A003734,2026-02-23 08:00:00,AG0096,RESCHEDULED
FV00003145,A000430,2026-05-08 12:00:00,AG0042,SUCCESSFUL
FV00003146,A000460,2025-11-11 12:00:00,AG0016,UNSUCCESSFUL
FV00003147,A003801,2025-10-18 11:00:00,AG0024,UNSUCCESSFUL
FV00003148,A003469,2026-07-02 16:00:00,AG0032,UNSUCCESSFUL
FV00003149,A003338,2025-09-13 11:00:00,AG0086,UNSUCCESSFUL
FV00003150,A000058,2026-06-16 14:00:00,AG0078,SUCCESSFUL
FV00003151,A001683,2026-02-08 18:00:00,AG0006,SUCCESSFUL
FV00003152,A002270,2026-02-18 09:00:00,AG0072,UNSUCCESSFUL
FV00003153,A000638,2026-05-27 14:00:00,AG0020,SUCCESSFUL
FV00003154,A000591,2026-03-07 08:00:00,AG0114,SUCCESSFUL
FV00003155,A003985,2025-10-21 10:00:00,AG0115,SUCCESSFUL
FV00003156,A000152,2026-02-18 18:00:00,AG0035,SUCCESSFUL
FV00003157,A001167,2026-06-12 12:00:00,AG0033,SUCCESSFUL
FV00003158,A002380,2026-08-27 15:00:00,AG0032,UNSUCCESSFUL
FV00003159,A001406,2026-03-08 10:00:00,AG0039,UNSUCCESSFUL
FV00003160,A003225,2025-09-09 09:00:00,AG0016,RESCHEDULED
FV00003161,A001575,2025-11-08 12:00:00,AG0045,SUCCESSFUL
FV00003162,A002724,2026-03-02 12:00:00,AG0082,UNSUCCESSFUL
FV00003163,A001080,2026-06-16 10:00:00,AG0096,RESCHEDULED
FV00003164,A003348,2025-10-02 15:00:00,AG0057,UNSUCCESSFUL
FV00003165,A001928,2026-02-02 18:00:00,AG0027,SUCCESSFUL
FV00003166,A003157,2025-12-08 15:00:00,AG0007,UNSUCCESSFUL
FV00003167,A003079,2025-10-23 15:00:00,AG0103,SUCCESSFUL
FV00003168,A001657,2026-06-15 14:00:00,AG0114,SUCCESSFUL
FV00003169,A001551,2025-11-02 11:00:00,AG0048,SUCCESSFUL
FV00003170,A000319,2026-02-05 12:00:00,AG0086,UNSUCCESSFUL
FV00003171,A000851,2026-01-04 15:00:00,AG0044,UNSUCCESSFUL
FV00003172,A002806,2026-04-16 15:00:00,AG0057,SUCCESSFUL
FV00003173,A003641,2026-03-24 11:00:00,AG0064,UNSUCCESSFUL
FV00003174,A000152,2026-07-26 16:00:00,AG0100,UNSUCCESSFUL
FV00003175,A003238,2025-09-22 10:00:00,AG0059,UNSUCCESSFUL
FV00003176,A003621,2026-03-27 08:00:00,AG0055,UNSUCCESSFUL
FV00003177,A003176,2026-08-13 08:00:00,AG0011,SUCCESSFUL
FV00003178,A003513,2025-09-16 16:00:00,AG0003,RESCHEDULED
FV00003179,A002032,2025-12-27 10:00:00,AG0066,UNSUCCESSFUL
FV00003180,A001838,2025-11-24 18:00:00,AG0032,UNSUCCESSFUL
FV00003181,A001216,2026-01-03 13:00:00,AG0081,SUCCESSFUL
FV00003182,A002679,2026-01-01 08:00:00,AG0048,UNSUCCESSFUL
FV00003183,A003429,2026-03-23 15:00:00,AG0011,UNSUCCESSFUL
FV00003184,A000782,2025-09-13 12:00:00,AG0098,RESCHEDULED
FV00003185,A000891,2026-07-21 11:00:00,AG0098,UNSUCCESSFUL
FV00003186,A004019,2026-08-16 16:00:00,AG0012,SUCCESSFUL
FV00003187,A001952,2025-11-04 11:00:00,AG0022,SUCCESSFUL
FV00003188,A003268,2025-10-03 12:00:00,AG0036,UNSUCCESSFUL
FV00003189,A003649,2026-03-13 09:00:00,AG0110,SUCCESSFUL
FV00003190,A003208,2025-11-19 16:00:00,AG0080,UNSUCCESSFUL
FV00003191,A003601,2025-10-16 16:00:00,AG0108,UNSUCCESSFUL
FV00003192,A000807,2025-10-03 18:00:00,AG0052,SUCCESSFUL
FV00003193,A000842,2026-07-06 18:00:00,AG0073,SUCCESSFUL
FV00003194,A001634,2025-09-06 10:00:00,AG0035,UNSUCCESSFUL
FV00003195,A003334,2026-07-19 12:00:00,AG0057,UNSUCCESSFUL
FV00003196,A001578,2025-12-07 17:00:00,AG0116,SUCCESSFUL
FV00003197,A004081,2026-03-17 09:00:00,AG0116,SUCCESSFUL
FV00003198,A001793,2025-12-16 08:00:00,AG0094,SUCCESSFUL
FV00003199,A000654,2025-10-21 09:00:00,AG0027,UNSUCCESSFUL
FV00003200,A003138,2025-10-11 15:00:00,AG0067,UNSUCCESSFUL
FV00003201,A002896,2025-09-04 12:00:00,AG0080,SUCCESSFUL
FV00003202,A004065,2026-02-17 18:00:00,AG0009,SUCCESSFUL
FV00003203,A000457,2026-03-21 18:00:00,AG0045,SUCCESSFUL
FV00003204,A001232,2025-09-02 11:00:00,AG0011,SUCCESSFUL
FV00003205,A001202,2026-01-06 18:00:00,AG0040,SUCCESSFUL
FV00003206,A000531,2025-12-17 18:00:00,AG0022,UNSUCCESSFUL
FV00003207,A000298,2026-02-20 08:00:00,AG0036,SUCCESSFUL
FV00003208,A003207,2026-02-23 13:00:00,AG0098,UNSUCCESSFUL
FV00003209,A000875,2026-05-10 09:00:00,AG0066,SUCCESSFUL
FV00003210,A000952,2026-06-11 14:00:00,AG0014,UNSUCCESSFUL
FV00003211,A001288,2026-08-24 11:00:00,AG0110,SUCCESSFUL
FV00003212,A002735,2025-11-09 18:00:00,AG0078,UNSUCCESSFUL
FV00003213,A000223,2026-06-01 14:00:00,AG0015,UNSUCCESSFUL
FV00003214,A003845,2025-10-13 18:00:00,AG0098,SUCCESSFUL
FV00003215,A003189,2026-07-13 10:00:00,AG0037,UNSUCCESSFUL
FV00003216,A003562,2026-03-17 08:00:00,AG0048,UNSUCCESSFUL
FV00003217,A000223,2026-05-14 12:00:00,AG0059,SUCCESSFUL
FV00003218,A003038,2026-07-08 13:00:00,AG0059,UNSUCCESSFUL
FV00003219,A002276,2025-09-09 11:00:00,AG0012,SUCCESSFUL
FV00003220,A002299,2026-04-15 15:00:00,AG0081,SUCCESSFUL
FV00003221,A001340,2026-03-13 16:00:00,AG0001,UNSUCCESSFUL
FV00003222,A000587,2026-05-23 18:00:00,AG0057,SUCCESSFUL
FV00003223,A003555,2026-08-07 12:00:00,AG0061,SUCCESSFUL
FV00003224,A000741,2026-01-22 18:00:00,AG0020,RESCHEDULED
FV00003225,A003674,2025-10-02 09:00:00,AG0082,UNSUCCESSFUL
FV00003226,A000250,2026-03-26 15:00:00,AG0032,UNSUCCESSFUL
FV00003227,A001548,2025-11-26 15:00:00,AG0069,UNSUCCESSFUL
FV00003228,A001754,2026-07-08 11:00:00,AG0058,UNSUCCESSFUL
FV00003229,A000518,2026-04-27 08:00:00,AG0069,RESCHEDULED
FV00003230,A003036,2025-09-08 10:00:00,AG0047,UNSUCCESSFUL
FV00003231,A003470,2026-06-15 08:00:00,AG0026,UNSUCCESSFUL
FV00003232,A001751,2026-02-09 14:00:00,AG0077,UNSUCCESSFUL
FV00003233,A001735,2025-09-26 16:00:00,AG0056,UNSUCCESSFUL
FV00003234,A003794,2026-08-20 15:00:00,AG0073,SUCCESSFUL
FV00003235,A001852,2026-01-09 13:00:00,AG0113,SUCCESSFUL
FV00003236,A000976,2026-05-11 15:00:00,AG0086,SUCCESSFUL
FV00003237,A000850,2025-10-02 18:00:00,AG0057,SUCCESSFUL
FV00003238,A002501,2026-04-13 14:00:00,AG0036,UNSUCCESSFUL
FV00003239,A002135,2026-07-13 16:00:00,AG0028,UNSUCCESSFUL
FV00003240,A000153,2026-05-18 18:00:00,AG0030,SUCCESSFUL
FV00003241,A002365,2026-06-02 14:00:00,AG0036,RESCHEDULED
FV00003242,A003600,2025-11-12 12:00:00,AG0115,UNSUCCESSFUL
FV00003243,A002976,2026-05-03 16:00:00,AG0117,SUCCESSFUL
FV00003244,A003936,2026-03-17 16:00:00,AG0087,UNSUCCESSFUL
FV00003245,A000193,2026-08-05 13:00:00,AG0055,SUCCESSFUL
FV00003246,A001566,2025-09-22 15:00:00,AG0100,SUCCESSFUL
FV00003247,A000668,2026-08-27 10:00:00,AG0106,UNSUCCESSFUL
FV00003248,A000500,2026-07-08 12:00:00,AG0093,SUCCESSFUL
FV00003249,A003074,2026-08-08 08:00:00,AG0022,SUCCESSFUL
FV00003250,A003995,2026-07-07 10:00:00,AG0087,RESCHEDULED
FV00003251,A000388,2026-02-20 13:00:00,AG0044,UNSUCCESSFUL
FV00003252,A002315,2026-08-25 15:00:00,AG0050,UNSUCCESSFUL
FV00003253,A002379,2025-10-09 18:00:00,AG0056,UNSUCCESSFUL
FV00003254,A003088,2025-10-04 09:00:00,AG0041,UNSUCCESSFUL
FV00003255,A001875,2025-11-13 12:00:00,AG0069,SUCCESSFUL
FV00003256,A003953,2026-08-01 16:00:00,AG0100,RESCHEDULED
FV00003257,A002481,2025-11-16 11:00:00,AG0001,RESCHEDULED
FV00003258,A003065,2025-09-15 11:00:00,AG0065,UNSUCCESSFUL
FV00003259,A000346,2026-06-19 13:00:00,AG0106,UNSUCCESSFUL
FV00003260,A003552,2025-10-24 13:00:00,AG0054,SUCCESSFUL
FV00003261,A002314,2026-06-01 12:00:00,AG0028,SUCCESSFUL
FV00003262,A002936,2025-12-01 12:00:00,AG0096,UNSUCCESSFUL
FV00003263,A002540,2026-05-03 12:00:00,AG0036,SUCCESSFUL
FV00003264,A003221,2026-05-19 10:00:00,AG0023,UNSUCCESSFUL
FV00003265,A003630,2025-10-03 11:00:00,AG0016,UNSUCCESSFUL
FV00003266,A000716,2026-03-18 17:00:00,AG0083,RESCHEDULED
FV00003267,A000660,2025-11-12 18:00:00,AG0117,UNSUCCESSFUL
FV00003268,A003336,2026-03-07 14:00:00,AG0107,UNSUCCESSFUL
FV00003269,A000697,2025-10-10 14:00:00,AG0036,UNSUCCESSFUL
FV00003270,A001409,2026-03-06 13:00:00,AG0056,UNSUCCESSFUL
FV00003271,A002234,2025-09-08 08:00:00,AG0076,UNSUCCESSFUL
FV00003272,A000491,2026-05-24 10:00:00,AG0051,SUCCESSFUL
FV00003273,A000160,2026-02-03 15:00:00,AG0025,SUCCESSFUL
FV00003274,A002630,2025-11-25 12:00:00,AG0058,UNSUCCESSFUL
FV00003275,A002773,2026-08-07 13:00:00,AG0095,SUCCESSFUL
FV00003276,A003005,2026-07-24 17:00:00,AG0095,UNSUCCESSFUL
FV00003277,A002938,2026-06-27 16:00:00,AG0090,UNSUCCESSFUL
FV00003278,A001308,2026-05-01 10:00:00,AG0108,UNSUCCESSFUL
FV00003279,A000768,2025-10-11 17:00:00,AG0049,UNSUCCESSFUL
FV00003280,A000808,2025-10-24 16:00:00,AG0088,SUCCESSFUL
FV00003281,A003427,2025-10-05 08:00:00,AG0052,UNSUCCESSFUL
FV00003282,A002509,2026-07-26 15:00:00,AG0070,SUCCESSFUL
FV00003283,A004186,2025-10-17 15:00:00,AG0098,UNSUCCESSFUL
FV00003284,A000639,2026-02-08 15:00:00,AG0036,UNSUCCESSFUL
FV00003285,A000263,2025-10-16 12:00:00,AG0048,SUCCESSFUL
FV00003286,A003948,2025-11-20 13:00:00,AG0057,RESCHEDULED
FV00003287,A000827,2025-09-05 11:00:00,AG0012,UNSUCCESSFUL
FV00003288,A002356,2026-08-22 13:00:00,AG0075,UNSUCCESSFUL
FV00003289,A003204,2026-04-15 18:00:00,AG0001,UNSUCCESSFUL
FV00003290,A002894,2026-04-14 17:00:00,AG0084,UNSUCCESSFUL
FV00003291,A001047,2026-08-26 17:00:00,AG0085,SUCCESSFUL
FV00003292,A003823,2026-08-07 09:00:00,AG0048,RESCHEDULED
FV00003293,A003349,2025-11-27 17:00:00,AG0047,UNSUCCESSFUL
FV00003294,A002467,2025-10-24 14:00:00,AG0089,UNSUCCESSFUL
FV00003295,A000626,2026-08-09 09:00:00,AG0013,SUCCESSFUL
FV00003296,A003383,2026-02-01 16:00:00,AG0084,UNSUCCESSFUL
FV00003297,A003089,2026-03-23 18:00:00,AG0116,SUCCESSFUL
FV00003298,A002779,2026-05-02 11:00:00,AG0120,UNSUCCESSFUL
FV00003299,A002245,2025-09-24 11:00:00,AG0026,UNSUCCESSFUL
FV00003300,A001779,2026-08-27 10:00:00,AG0117,SUCCESSFUL
FV00003301,A001776,2025-09-13 15:00:00,AG0040,SUCCESSFUL
FV00003302,A002239,2026-04-19 16:00:00,AG0115,RESCHEDULED
FV00003303,A002814,2026-08-24 16:00:00,AG0025,UNSUCCESSFUL
FV00003304,A003931,2026-04-09 13:00:00,AG0029,SUCCESSFUL
FV00003305,A002681,2026-02-02 17:00:00,AG0054,UNSUCCESSFUL
FV00003306,A002671,2025-11-13 10:00:00,AG0003,UNSUCCESSFUL
FV00003307,A001707,2026-06-13 15:00:00,AG0068,UNSUCCESSFUL
FV00003308,A000171,2026-01-24 12:00:00,AG0037,SUCCESSFUL
FV00003309,A003367,2026-03-15 13:00:00,AG0112,UNSUCCESSFUL
FV00003310,A002196,2025-10-16 17:00:00,AG0114,UNSUCCESSFUL
FV00003311,A002511,2026-07-19 13:00:00,AG0027,SUCCESSFUL
FV00003312,A002397,2026-06-06 09:00:00,AG0008,SUCCESSFUL
FV00003313,A001383,2025-11-08 08:00:00,AG0011,SUCCESSFUL
FV00003314,A001378,2026-05-19 17:00:00,AG0098,UNSUCCESSFUL
FV00003315,A003733,2026-03-01 16:00:00,AG0103,SUCCESSFUL
FV00003316,A001780,2025-10-14 17:00:00,AG0039,RESCHEDULED
FV00003317,A001964,2025-11-14 08:00:00,AG0027,RESCHEDULED
FV00003318,A003156,2025-12-15 11:00:00,AG0035,SUCCESSFUL
FV00003319,A002793,2026-01-16 15:00:00,AG0016,SUCCESSFUL
FV00003320,A003465,2025-10-17 17:00:00,AG0056,UNSUCCESSFUL
FV00003321,A003753,2026-07-20 12:00:00,AG0026,SUCCESSFUL
FV00003322,A001139,2026-06-18 14:00:00,AG0018,UNSUCCESSFUL
FV00003323,A002903,2026-04-11 17:00:00,AG0028,SUCCESSFUL
FV00003324,A000664,2026-01-02 14:00:00,AG0002,SUCCESSFUL
FV00003325,A000280,2025-11-09 09:00:00,AG0045,SUCCESSFUL
FV00003326,A003856,2025-09-17 11:00:00,AG0008,RESCHEDULED
FV00003327,A001229,2026-05-19 13:00:00,AG0048,SUCCESSFUL
FV00003328,A002159,2025-09-08 14:00:00,AG0107,RESCHEDULED
FV00003329,A000764,2025-10-15 13:00:00,AG0119,UNSUCCESSFUL
FV00003330,A002889,2026-04-05 15:00:00,AG0013,UNSUCCESSFUL
FV00003331,A000359,2026-04-02 16:00:00,AG0009,SUCCESSFUL
FV00003332,A000735,2026-03-08 11:00:00,AG0024,SUCCESSFUL
FV00003333,A001623,2026-01-01 17:00:00,AG0091,UNSUCCESSFUL
FV00003334,A003410,2026-01-13 13:00:00,AG0014,SUCCESSFUL
FV00003335,A000821,2026-07-09 12:00:00,AG0046,UNSUCCESSFUL
FV00003336,A000698,2026-03-12 15:00:00,AG0020,UNSUCCESSFUL
FV00003337,A000752,2026-08-09 08:00:00,AG0024,RESCHEDULED
FV00003338,A003292,2026-01-05 09:00:00,AG0030,UNSUCCESSFUL
FV00003339,A001561,2025-10-16 10:00:00,AG0018,RESCHEDULED
FV00003340,A001726,2026-02-10 10:00:00,AG0033,UNSUCCESSFUL
FV00003341,A002584,2025-12-08 14:00:00,AG0075,UNSUCCESSFUL
FV00003342,A002707,2025-11-15 15:00:00,AG0005,UNSUCCESSFUL
FV00003343,A002557,2026-06-15 09:00:00,AG0067,SUCCESSFUL
FV00003344,A001666,2026-01-24 12:00:00,AG0065,SUCCESSFUL
FV00003345,A000217,2026-03-01 10:00:00,AG0113,SUCCESSFUL
FV00003346,A003953,2026-02-11 14:00:00,AG0104,SUCCESSFUL
FV00003347,A002188,2026-07-20 09:00:00,AG0003,UNSUCCESSFUL
FV00003348,A001617,2026-08-26 09:00:00,AG0015,UNSUCCESSFUL
FV00003349,A001073,2026-07-07 08:00:00,AG0045,UNSUCCESSFUL
FV00003350,A001386,2026-04-18 16:00:00,AG0099,SUCCESSFUL
FV00003351,A000198,2026-03-27 13:00:00,AG0042,SUCCESSFUL
FV00003352,A003286,2025-12-13 09:00:00,AG0049,UNSUCCESSFUL
FV00003353,A001915,2025-11-14 18:00:00,AG0055,SUCCESSFUL
FV00003354,A001659,2026-06-25 12:00:00,AG0078,SUCCESSFUL
FV00003355,A002315,2026-08-11 14:00:00,AG0021,UNSUCCESSFUL
FV00003356,A002166,2026-02-08 13:00:00,AG0065,RESCHEDULED
FV00003357,A003508,2025-11-23 16:00:00,AG0001,UNSUCCESSFUL
FV00003358,A003805,2026-06-06 18:00:00,AG0022,SUCCESSFUL
FV00003359,A003411,2026-07-26 08:00:00,AG0117,SUCCESSFUL
FV00003360,A002522,2025-09-24 18:00:00,AG0014,UNSUCCESSFUL
FV00003361,A003850,2026-02-09 15:00:00,AG0088,UNSUCCESSFUL
FV00003362,A004127,2026-01-19 11:00:00,AG0034,UNSUCCESSFUL
FV00003363,A002275,2026-08-13 16:00:00,AG0083,UNSUCCESSFUL
FV00003364,A003321,2026-07-07 13:00:00,AG0103,SUCCESSFUL
FV00003365,A001445,2025-09-17 09:00:00,AG0115,RESCHEDULED
FV00003366,A002288,2025-09-06 11:00:00,AG0006,SUCCESSFUL
FV00003367,A000995,2026-07-10 10:00:00,AG0120,RESCHEDULED
FV00003368,A001626,2026-08-02 11:00:00,AG0110,SUCCESSFUL
FV00003369,A003386,2026-02-18 13:00:00,AG0010,UNSUCCESSFUL
FV00003370,A002054,2025-10-05 18:00:00,AG0034,UNSUCCESSFUL
FV00003371,A002033,2025-09-01 15:00:00,AG0082,SUCCESSFUL
FV00003372,A003316,2026-01-25 18:00:00,AG0019,UNSUCCESSFUL
FV00003373,A002130,2025-09-25 16:00:00,AG0004,UNSUCCESSFUL
FV00003374,A003298,2026-06-18 10:00:00,AG0055,SUCCESSFUL
FV00003375,A001424,2026-02-12 15:00:00,AG0026,UNSUCCESSFUL
FV00003376,A000417,2026-04-05 17:00:00,AG0097,RESCHEDULED
FV00003377,A001763,2026-02-01 09:00:00,AG0055,RESCHEDULED
FV00003378,A003682,2026-08-09 09:00:00,AG0022,SUCCESSFUL
FV00003379,A001475,2026-01-01 18:00:00,AG0075,SUCCESSFUL
FV00003380,A002402,2026-03-03 14:00:00,AG0071,UNSUCCESSFUL
FV00003381,A003904,2026-03-12 15:00:00,AG0107,UNSUCCESSFUL
FV00003382,A000352,2025-11-21 17:00:00,AG0102,UNSUCCESSFUL
FV00003383,A002939,2025-09-26 09:00:00,AG0035,SUCCESSFUL
FV00003384,A001178,2026-03-20 09:00:00,AG0035,SUCCESSFUL
FV00003385,A001548,2026-05-07 16:00:00,AG0076,RESCHEDULED
FV00003386,A002398,2026-03-27 15:00:00,AG0021,SUCCESSFUL
FV00003387,A003225,2026-04-16 18:00:00,AG0117,RESCHEDULED
FV00003388,A002008,2026-08-17 09:00:00,AG0117,SUCCESSFUL
FV00003389,A002609,2026-04-21 08:00:00,AG0039,UNSUCCESSFUL
FV00003390,A003219,2025-10-07 11:00:00,AG0064,SUCCESSFUL
FV00003391,A002064,2025-09-02 09:00:00,AG0117,SUCCESSFUL
FV00003392,A003273,2026-03-14 16:00:00,AG0023,SUCCESSFUL
FV00003393,A002906,2026-03-22 09:00:00,AG0051,UNSUCCESSFUL
FV00003394,A002134,2026-07-06 15:00:00,AG0058,UNSUCCESSFUL
FV00003395,A003604,2026-02-04 12:00:00,AG0092,RESCHEDULED
FV00003396,A004084,2026-07-24 16:00:00,AG0117,SUCCESSFUL
FV00003397,A003998,2025-09-16 16:00:00,AG0039,UNSUCCESSFUL
FV00003398,A001906,2026-06-14 11:00:00,AG0057,UNSUCCESSFUL
FV00003399,A000597,2025-11-14 08:00:00,AG0026,SUCCESSFUL
FV00003400,A001820,2025-09-19 16:00:00,AG0101,SUCCESSFUL
FV00003401,A003873,2025-11-21 10:00:00,AG0044,UNSUCCESSFUL
FV00003402,A001375,2026-06-12 10:00:00,AG0112,UNSUCCESSFUL
FV00003403,A001999,2025-12-11 16:00:00,AG0082,SUCCESSFUL
FV00003404,A004007,2025-10-08 18:00:00,AG0099,UNSUCCESSFUL
FV00003405,A002150,2025-09-18 17:00:00,AG0096,UNSUCCESSFUL
FV00003406,A001677,2026-04-08 11:00:00,AG0019,RESCHEDULED
FV00003407,A001827,2025-09-15 17:00:00,AG0023,UNSUCCESSFUL
FV00003408,A004097,2026-05-27 18:00:00,AG0087,SUCCESSFUL
FV00003409,A001673,2026-08-04 14:00:00,AG0074,SUCCESSFUL
FV00003410,A000144,2025-10-20 09:00:00,AG0048,RESCHEDULED
FV00003411,A002648,2025-09-09 18:00:00,AG0060,UNSUCCESSFUL
FV00003412,A000485,2026-04-05 10:00:00,AG0044,SUCCESSFUL
FV00003413,A003888,2026-01-25 08:00:00,AG0001,SUCCESSFUL
FV00003414,A000408,2025-09-27 08:00:00,AG0065,SUCCESSFUL
FV00003415,A000021,2025-11-02 08:00:00,AG0030,SUCCESSFUL
FV00003416,A000221,2026-01-14 10:00:00,AG0097,SUCCESSFUL
FV00003417,A000879,2025-09-22 15:00:00,AG0077,RESCHEDULED
FV00003418,A001849,2026-04-27 15:00:00,AG0048,UNSUCCESSFUL
FV00003419,A001211,2026-06-11 12:00:00,AG0044,UNSUCCESSFUL
FV00003420,A000171,2026-03-22 12:00:00,AG0057,UNSUCCESSFUL
FV00003421,A002129,2026-03-17 08:00:00,AG0083,UNSUCCESSFUL
FV00003422,A003815,2026-04-02 09:00:00,AG0040,UNSUCCESSFUL
FV00003423,A002639,2026-05-22 18:00:00,AG0060,SUCCESSFUL
FV00003424,A004064,2026-06-21 17:00:00,AG0033,UNSUCCESSFUL
FV00003425,A001631,2026-02-09 18:00:00,AG0028,SUCCESSFUL
FV00003426,A001342,2025-09-12 17:00:00,AG0082,SUCCESSFUL
FV00003427,A000306,2026-04-15 10:00:00,AG0076,SUCCESSFUL
FV00003428,A004172,2026-07-08 10:00:00,AG0012,UNSUCCESSFUL
FV00003429,A003383,2025-11-12 13:00:00,AG0012,UNSUCCESSFUL
FV00003430,A001975,2026-03-03 16:00:00,AG0107,UNSUCCESSFUL
FV00003431,A001895,2026-04-15 10:00:00,AG0111,RESCHEDULED
FV00003432,A000478,2026-08-12 09:00:00,AG0037,UNSUCCESSFUL
FV00003433,A001922,2025-10-05 18:00:00,AG0106,UNSUCCESSFUL
FV00003434,A000288,2026-08-25 08:00:00,AG0088,UNSUCCESSFUL
FV00003435,A001430,2026-04-26 18:00:00,AG0075,SUCCESSFUL
FV00003436,A003352,2026-06-23 10:00:00,AG0009,SUCCESSFUL
FV00003437,A001522,2026-08-11 11:00:00,AG0091,SUCCESSFUL
FV00003438,A002328,2026-04-08 18:00:00,AG0108,UNSUCCESSFUL
FV00003439,A003885,2025-10-01 13:00:00,AG0038,UNSUCCESSFUL
FV00003440,A001365,2026-01-09 17:00:00,AG0071,UNSUCCESSFUL
FV00003441,A004120,2025-11-02 13:00:00,AG0011,UNSUCCESSFUL
FV00003442,A000440,2026-02-22 09:00:00,AG0017,RESCHEDULED
FV00003443,A001685,2025-11-26 12:00:00,AG0028,SUCCESSFUL
FV00003444,A001151,2026-08-14 11:00:00,AG0085,UNSUCCESSFUL
FV00003445,A003322,2026-06-22 15:00:00,AG0053,SUCCESSFUL
FV00003446,A002455,2025-11-23 16:00:00,AG0082,SUCCESSFUL
FV00003447,A003667,2025-12-22 12:00:00,AG0022,UNSUCCESSFUL
FV00003448,A003249,2026-03-19 13:00:00,AG0094,UNSUCCESSFUL
FV00003449,A002937,2025-11-24 14:00:00,AG0101,SUCCESSFUL
FV00003450,A003208,2026-03-27 18:00:00,AG0058,RESCHEDULED
FV00003451,A004072,2026-03-15 15:00:00,AG0007,UNSUCCESSFUL
FV00003452,A002796,2026-02-19 18:00:00,AG0007,UNSUCCESSFUL
FV00003453,A002126,2026-05-11 09:00:00,AG0049,SUCCESSFUL
FV00003454,A003656,2026-05-06 16:00:00,AG0063,UNSUCCESSFUL
FV00003455,A001508,2026-05-15 08:00:00,AG0082,UNSUCCESSFUL
FV00003456,A003972,2026-07-05 16:00:00,AG0019,RESCHEDULED
FV00003457,A000357,2026-02-27 17:00:00,AG0055,RESCHEDULED
FV00003458,A002499,2026-03-21 16:00:00,AG0034,UNSUCCESSFUL
FV00003459,A002891,2026-01-01 08:00:00,AG0081,UNSUCCESSFUL
FV00003460,A003459,2026-03-02 13:00:00,AG0077,UNSUCCESSFUL
FV00003461,A002464,2026-06-24 11:00:00,AG0069,UNSUCCESSFUL
FV00003462,A003497,2025-11-04 10:00:00,AG0118,SUCCESSFUL
FV00003463,A000660,2026-01-24 10:00:00,AG0054,SUCCESSFUL
FV00003464,A001328,2026-03-08 18:00:00,AG0049,UNSUCCESSFUL
FV00003465,A004070,2026-04-15 17:00:00,AG0043,UNSUCCESSFUL
FV00003466,A002251,2026-02-21 13:00:00,AG0041,SUCCESSFUL
FV00003467,A000964,2026-02-27 14:00:00,AG0084,UNSUCCESSFUL
FV00003468,A001831,2025-12-27 11:00:00,AG0086,SUCCESSFUL
FV00003469,A002696,2025-10-25 18:00:00,AG0017,SUCCESSFUL
FV00003470,A001804,2026-04-18 18:00:00,AG0032,UNSUCCESSFUL
FV00003471,A004064,2025-10-24 12:00:00,AG0034,RESCHEDULED
FV00003472,A001009,2025-11-02 11:00:00,AG0088,UNSUCCESSFUL
FV00003473,A002744,2026-05-19 12:00:00,AG0072,SUCCESSFUL
FV00003474,A001875,2026-02-20 11:00:00,AG0005,UNSUCCESSFUL
FV00003475,A003453,2025-11-13 18:00:00,AG0118,SUCCESSFUL
FV00003476,A002501,2025-12-13 11:00:00,AG0004,SUCCESSFUL
FV00003477,A001889,2026-03-01 10:00:00,AG0029,SUCCESSFUL
FV00003478,A001374,2026-03-22 18:00:00,AG0104,UNSUCCESSFUL
FV00003479,A001620,2026-08-15 14:00:00,AG0018,UNSUCCESSFUL
FV00003480,A001338,2026-03-18 10:00:00,AG0047,SUCCESSFUL
FV00003481,A000674,2026-07-27 15:00:00,AG0039,SUCCESSFUL
FV00003482,A001146,2026-08-11 16:00:00,AG0080,UNSUCCESSFUL
FV00003483,A000591,2025-09-23 09:00:00,AG0076,UNSUCCESSFUL
FV00003484,A001849,2026-04-05 14:00:00,AG0116,SUCCESSFUL
FV00003485,A003568,2025-11-07 09:00:00,AG0098,RESCHEDULED
FV00003486,A002888,2025-09-06 10:00:00,AG0113,RESCHEDULED
FV00003487,A000531,2026-05-03 17:00:00,AG0043,SUCCESSFUL
FV00003488,A003653,2025-11-06 10:00:00,AG0117,UNSUCCESSFUL
FV00003489,A000544,2025-11-19 10:00:00,AG0046,SUCCESSFUL
FV00003490,A003572,2025-10-15 09:00:00,AG0005,SUCCESSFUL
FV00003491,A000575,2025-12-25 10:00:00,AG0090,UNSUCCESSFUL
FV00003492,A000841,2025-10-27 16:00:00,AG0041,SUCCESSFUL
FV00003493,A002508,2025-11-15 16:00:00,AG0061,SUCCESSFUL
FV00003494,A003208,2026-03-01 12:00:00,AG0092,RESCHEDULED
FV00003495,A004138,2025-10-25 11:00:00,AG0098,SUCCESSFUL
FV00003496,A002249,2026-04-15 11:00:00,AG0105,UNSUCCESSFUL
FV00003497,A001702,2026-07-03 16:00:00,AG0081,UNSUCCESSFUL
FV00003498,A002755,2026-04-16 18:00:00,AG0084,SUCCESSFUL
FV00003499,A001831,2026-03-15 17:00:00,AG0031,SUCCESSFUL
FV00003500,A001263,2026-03-15 13:00:00,AG0085,SUCCESSFUL
FV00003501,A001041,2026-08-08 18:00:00,AG0015,SUCCESSFUL
FV00003502,A001100,2026-03-10 14:00:00,AG0103,SUCCESSFUL
FV00003503,A004165,2026-04-23 10:00:00,AG0030,SUCCESSFUL
FV00003504,A001884,2026-03-10 15:00:00,AG0087,RESCHEDULED
FV00003505,A002421,2026-03-11 17:00:00,AG0083,UNSUCCESSFUL
FV00003506,A003986,2026-02-08 13:00:00,AG0077,UNSUCCESSFUL
FV00003507,A000979,2026-06-18 10:00:00,AG0114,UNSUCCESSFUL
FV00003508,A000308,2025-09-04 13:00:00,AG0118,SUCCESSFUL
FV00003509,A003456,2026-03-15 10:00:00,AG0052,RESCHEDULED
FV00003510,A001405,2025-11-23 16:00:00,AG0085,UNSUCCESSFUL
FV00003511,A003398,2026-05-21 14:00:00,AG0015,SUCCESSFUL
FV00003512,A004160,2025-10-25 17:00:00,AG0021,SUCCESSFUL
FV00003513,A002728,2026-05-04 11:00:00,AG0090,SUCCESSFUL
FV00003514,A001230,2025-11-12 10:00:00,AG0073,UNSUCCESSFUL
FV00003515,A001770,2026-06-18 14:00:00,AG0114,SUCCESSFUL
FV00003516,A002702,2026-02-01 14:00:00,AG0102,UNSUCCESSFUL
FV00003517,A001754,2026-07-06 16:00:00,AG0032,SUCCESSFUL
FV00003518,A000448,2025-11-24 16:00:00,AG0033,UNSUCCESSFUL
FV00003519,A001315,2026-02-07 12:00:00,AG0120,UNSUCCESSFUL
FV00003520,A000131,2025-11-13 17:00:00,AG0022,SUCCESSFUL
FV00003521,A003026,2025-10-02 13:00:00,AG0089,UNSUCCESSFUL
FV00003522,A003736,2026-07-03 17:00:00,AG0047,SUCCESSFUL
FV00003523,A001010,2026-08-10 17:00:00,AG0024,SUCCESSFUL
FV00003524,A003632,2026-05-11 11:00:00,AG0014,UNSUCCESSFUL
FV00003525,A001073,2025-09-24 18:00:00,AG0042,UNSUCCESSFUL
FV00003526,A003862,2026-06-26 13:00:00,AG0107,UNSUCCESSFUL
FV00003527,A003833,2026-04-10 12:00:00,AG0031,UNSUCCESSFUL
FV00003528,A000355,2026-03-25 08:00:00,AG0043,SUCCESSFUL
FV00003529,A000613,2026-02-12 18:00:00,AG0043,RESCHEDULED
FV00003530,A002083,2025-11-20 14:00:00,AG0103,UNSUCCESSFUL
FV00003531,A003511,2026-07-05 14:00:00,AG0002,RESCHEDULED
FV00003532,A003194,2026-05-08 09:00:00,AG0095,SUCCESSFUL
FV00003533,A002899,2026-01-08 12:00:00,AG0065,UNSUCCESSFUL
FV00003534,A004082,2026-08-06 11:00:00,AG0061,RESCHEDULED
FV00003535,A000325,2026-06-25 16:00:00,AG0003,SUCCESSFUL
FV00003536,A004119,2026-03-17 10:00:00,AG0102,UNSUCCESSFUL
FV00003537,A003325,2026-03-18 12:00:00,AG0088,RESCHEDULED
FV00003538,A003945,2025-11-20 16:00:00,AG0006,SUCCESSFUL
FV00003539,A003656,2026-04-07 13:00:00,AG0100,UNSUCCESSFUL
FV00003540,A000375,2026-01-18 11:00:00,AG0063,SUCCESSFUL
FV00003541,A003632,2025-10-13 09:00:00,AG0011,RESCHEDULED
FV00003542,A002238,2025-10-02 11:00:00,AG0044,RESCHEDULED
FV00003543,A002072,2026-02-11 12:00:00,AG0115,SUCCESSFUL
FV00003544,A001126,2025-12-09 17:00:00,AG0111,SUCCESSFUL
FV00003545,A000524,2025-12-06 10:00:00,AG0070,UNSUCCESSFUL
FV00003546,A003188,2026-08-01 11:00:00,AG0029,UNSUCCESSFUL
FV00003547,A003309,2025-10-07 11:00:00,AG0090,SUCCESSFUL
FV00003548,A002903,2026-03-03 12:00:00,AG0027,RESCHEDULED
FV00003549,A003727,2026-01-07 12:00:00,AG0068,UNSUCCESSFUL
FV00003550,A003034,2026-01-25 14:00:00,AG0108,UNSUCCESSFUL
FV00003551,A002277,2026-06-18 17:00:00,AG0056,RESCHEDULED
FV00003552,A000111,2025-12-25 08:00:00,AG0081,SUCCESSFUL
FV00003553,A001383,2026-05-10 12:00:00,AG0115,UNSUCCESSFUL
FV00003554,A001041,2025-11-26 09:00:00,AG0077,RESCHEDULED
FV00003555,A003539,2025-09-14 09:00:00,AG0008,UNSUCCESSFUL
FV00003556,A001162,2026-02-23 14:00:00,AG0089,UNSUCCESSFUL
FV00003557,A002858,2026-03-20 15:00:00,AG0037,UNSUCCESSFUL
FV00003558,A000165,2026-04-18 15:00:00,AG0057,RESCHEDULED
FV00003559,A001498,2026-03-11 16:00:00,AG0008,UNSUCCESSFUL
FV00003560,A002566,2026-03-17 13:00:00,AG0109,SUCCESSFUL
FV00003561,A002403,2025-11-02 14:00:00,AG0024,SUCCESSFUL
FV00003562,A000588,2026-04-05 08:00:00,AG0014,RESCHEDULED
FV00003563,A003328,2025-12-24 16:00:00,AG0086,RESCHEDULED
FV00003564,A003239,2026-07-04 09:00:00,AG0035,RESCHEDULED
FV00003565,A003470,2026-04-01 14:00:00,AG0084,SUCCESSFUL
FV00003566,A001174,2026-06-07 18:00:00,AG0026,UNSUCCESSFUL
FV00003567,A000889,2026-06-26 15:00:00,AG0062,UNSUCCESSFUL
FV00003568,A003240,2026-03-22 13:00:00,AG0091,UNSUCCESSFUL
FV00003569,A004142,2025-09-25 10:00:00,AG0064,UNSUCCESSFUL
FV00003570,A002422,2026-08-17 14:00:00,AG0078,SUCCESSFUL
FV00003571,A004014,2026-02-27 15:00:00,AG0068,UNSUCCESSFUL
FV00003572,A000863,2026-03-20 16:00:00,AG0091,SUCCESSFUL
FV00003573,A001009,2026-05-15 18:00:00,AG0030,SUCCESSFUL
FV00003574,A003916,2026-03-05 17:00:00,AG0068,UNSUCCESSFUL
FV00003575,A003728,2026-01-21 15:00:00,AG0118,SUCCESSFUL
FV00003576,A003288,2026-02-08 18:00:00,AG0083,SUCCESSFUL
FV00003577,A000091,2025-11-05 17:00:00,AG0037,SUCCESSFUL
FV00003578,A001819,2025-09-15 08:00:00,AG0073,SUCCESSFUL
FV00003579,A001534,2026-04-27 16:00:00,AG0057,UNSUCCESSFUL
FV00003580,A004017,2025-09-17 16:00:00,AG0083,UNSUCCESSFUL
FV00003581,A002074,2025-11-16 17:00:00,AG0097,UNSUCCESSFUL
FV00003582,A002973,2026-04-24 17:00:00,AG0012,UNSUCCESSFUL
FV00003583,A002102,2026-05-07 12:00:00,AG0081,SUCCESSFUL
FV00003584,A003203,2026-06-15 12:00:00,AG0003,SUCCESSFUL
FV00003585,A003211,2025-09-16 09:00:00,AG0027,SUCCESSFUL
FV00003586,A000389,2026-01-25 17:00:00,AG0007,UNSUCCESSFUL
FV00003587,A000680,2026-04-01 08:00:00,AG0050,SUCCESSFUL
FV00003588,A000453,2026-01-06 14:00:00,AG0017,SUCCESSFUL
FV00003589,A001978,2026-03-19 18:00:00,AG0059,SUCCESSFUL
FV00003590,A003385,2026-02-17 10:00:00,AG0082,UNSUCCESSFUL
FV00003591,A002056,2025-12-02 18:00:00,AG0024,UNSUCCESSFUL
FV00003592,A002796,2026-07-19 10:00:00,AG0016,SUCCESSFUL
FV00003593,A004015,2026-04-15 11:00:00,AG0118,UNSUCCESSFUL
FV00003594,A001995,2025-11-26 16:00:00,AG0109,SUCCESSFUL
FV00003595,A003848,2026-07-23 13:00:00,AG0073,SUCCESSFUL
FV00003596,A001070,2026-02-09 18:00:00,AG0008,SUCCESSFUL
FV00003597,A001073,2025-10-19 16:00:00,AG0038,SUCCESSFUL
FV00003598,A002555,2025-11-09 13:00:00,AG0037,UNSUCCESSFUL
FV00003599,A000884,2025-12-06 11:00:00,AG0110,SUCCESSFUL
FV00003600,A000269,2025-12-05 15:00:00,AG0030,SUCCESSFUL
FV00003601,A003721,2025-12-17 08:00:00,AG0079,UNSUCCESSFUL
FV00003602,A000353,2025-11-22 08:00:00,AG0050,UNSUCCESSFUL
FV00003603,A000892,2025-09-19 15:00:00,AG0076,SUCCESSFUL
FV00003604,A002116,2026-05-16 14:00:00,AG0085,UNSUCCESSFUL
FV00003605,A001227,2026-07-21 13:00:00,AG0055,RESCHEDULED
FV00003606,A003672,2026-05-03 15:00:00,AG0048,SUCCESSFUL
FV00003607,A002159,2026-05-22 12:00:00,AG0064,SUCCESSFUL
FV00003608,A003080,2026-03-26 16:00:00,AG0021,UNSUCCESSFUL
FV00003609,A000396,2026-02-15 17:00:00,AG0011,RESCHEDULED
FV00003610,A001403,2026-03-23 10:00:00,AG0081,SUCCESSFUL
FV00003611,A002200,2025-11-03 12:00:00,AG0019,RESCHEDULED
FV00003612,A000470,2025-09-27 10:00:00,AG0066,SUCCESSFUL
FV00003613,A001590,2025-12-26 12:00:00,AG0013,RESCHEDULED
FV00003614,A001988,2026-02-13 12:00:00,AG0021,SUCCESSFUL
FV00003615,A002769,2025-09-15 13:00:00,AG0066,UNSUCCESSFUL
FV00003616,A000515,2026-06-10 14:00:00,AG0086,SUCCESSFUL
FV00003617,A003221,2026-04-02 14:00:00,AG0056,SUCCESSFUL
FV00003618,A002467,2026-07-10 18:00:00,AG0069,UNSUCCESSFUL
FV00003619,A000784,2026-01-16 16:00:00,AG0081,SUCCESSFUL
FV00003620,A000232,2026-04-25 18:00:00,AG0025,SUCCESSFUL
FV00003621,A002330,2025-12-23 18:00:00,AG0013,UNSUCCESSFUL
FV00003622,A002726,2025-10-12 13:00:00,AG0007,RESCHEDULED
FV00003623,A001556,2026-04-19 15:00:00,AG0004,RESCHEDULED
FV00003624,A001305,2026-04-08 12:00:00,AG0069,UNSUCCESSFUL
FV00003625,A002476,2026-01-25 09:00:00,AG0083,SUCCESSFUL
FV00003626,A002630,2025-10-14 11:00:00,AG0046,RESCHEDULED
FV00003627,A000783,2026-04-25 16:00:00,AG0007,UNSUCCESSFUL
FV00003628,A003571,2026-02-02 14:00:00,AG0076,UNSUCCESSFUL
FV00003629,A002873,2025-12-25 16:00:00,AG0076,SUCCESSFUL
FV00003630,A000506,2026-05-02 12:00:00,AG0054,UNSUCCESSFUL
FV00003631,A000821,2026-08-16 18:00:00,AG0037,RESCHEDULED
FV00003632,A000843,2025-10-26 16:00:00,AG0087,UNSUCCESSFUL
FV00003633,A002874,2026-06-07 16:00:00,AG0119,UNSUCCESSFUL
FV00003634,A000173,2025-09-26 13:00:00,AG0009,SUCCESSFUL
FV00003635,A001219,2026-04-18 12:00:00,AG0066,UNSUCCESSFUL
FV00003636,A000199,2026-05-01 13:00:00,AG0050,SUCCESSFUL
FV00003637,A003511,2026-01-06 13:00:00,AG0066,SUCCESSFUL
FV00003638,A001560,2026-03-27 15:00:00,AG0038,UNSUCCESSFUL
FV00003639,A002722,2026-05-07 15:00:00,AG0029,UNSUCCESSFUL
FV00003640,A002016,2026-02-14 11:00:00,AG0051,UNSUCCESSFUL
FV00003641,A002443,2025-09-03 16:00:00,AG0017,UNSUCCESSFUL
FV00003642,A000214,2026-08-08 14:00:00,AG0031,UNSUCCESSFUL
FV00003643,A004025,2026-02-22 11:00:00,AG0102,SUCCESSFUL
FV00003644,A001669,2026-08-16 09:00:00,AG0094,SUCCESSFUL
FV00003645,A003684,2025-09-22 08:00:00,AG0002,RESCHEDULED
FV00003646,A000228,2025-10-24 08:00:00,AG0017,SUCCESSFUL
FV00003647,A001033,2026-01-10 14:00:00,AG0050,UNSUCCESSFUL
FV00003648,A002974,2025-09-11 16:00:00,AG0040,SUCCESSFUL
FV00003649,A001081,2026-01-17 08:00:00,AG0039,UNSUCCESSFUL
FV00003650,A001710,2025-11-17 10:00:00,AG0029,UNSUCCESSFUL
FV00003651,A002434,2025-12-21 15:00:00,AG0079,SUCCESSFUL
FV00003652,A000321,2026-03-09 16:00:00,AG0094,SUCCESSFUL
FV00003653,A000457,2026-06-20 08:00:00,AG0010,UNSUCCESSFUL
FV00003654,A002094,2025-11-19 17:00:00,AG0016,UNSUCCESSFUL
FV00003655,A001954,2026-05-03 09:00:00,AG0029,SUCCESSFUL
FV00003656,A002294,2026-07-21 13:00:00,AG0034,SUCCESSFUL
FV00003657,A004174,2026-03-17 18:00:00,AG0063,UNSUCCESSFUL
FV00003658,A001242,2025-12-01 17:00:00,AG0084,SUCCESSFUL
FV00003659,A000118,2025-10-10 14:00:00,AG0059,UNSUCCESSFUL
FV00003660,A003824,2025-11-21 12:00:00,AG0068,SUCCESSFUL
FV00003661,A002926,2026-08-27 16:00:00,AG0033,RESCHEDULED
FV00003662,A000076,2026-01-06 14:00:00,AG0099,SUCCESSFUL
FV00003663,A001775,2026-01-06 14:00:00,AG0032,UNSUCCESSFUL
FV00003664,A003404,2025-12-27 09:00:00,AG0080,SUCCESSFUL
FV00003665,A003538,2025-10-20 18:00:00,AG0018,SUCCESSFUL
FV00003666,A003667,2026-06-17 12:00:00,AG0067,SUCCESSFUL
FV00003667,A004008,2026-01-23 08:00:00,AG0089,UNSUCCESSFUL
FV00003668,A002595,2025-12-10 15:00:00,AG0009,UNSUCCESSFUL
FV00003669,A000184,2025-12-09 08:00:00,AG0096,UNSUCCESSFUL
FV00003670,A000687,2025-12-11 18:00:00,AG0033,SUCCESSFUL
FV00003671,A000771,2026-04-18 15:00:00,AG0115,SUCCESSFUL
FV00003672,A002656,2026-04-24 09:00:00,AG0089,UNSUCCESSFUL
FV00003673,A003179,2026-06-16 17:00:00,AG0053,RESCHEDULED
FV00003674,A001659,2026-08-21 09:00:00,AG0038,UNSUCCESSFUL
FV00003675,A003838,2025-11-05 09:00:00,AG0075,SUCCESSFUL
FV00003676,A001563,2026-07-14 13:00:00,AG0003,SUCCESSFUL
FV00003677,A000406,2026-06-04 11:00:00,AG0061,UNSUCCESSFUL
FV00003678,A003397,2026-05-01 14:00:00,AG0105,SUCCESSFUL
FV00003679,A002870,2025-12-07 15:00:00,AG0088,UNSUCCESSFUL
FV00003680,A000103,2025-10-11 11:00:00,AG0106,UNSUCCESSFUL
FV00003681,A001602,2026-01-10 12:00:00,AG0068,UNSUCCESSFUL
FV00003682,A003395,2026-06-01 13:00:00,AG0034,SUCCESSFUL
FV00003683,A001190,2025-11-15 09:00:00,AG0046,SUCCESSFUL
FV00003684,A002535,2026-02-01 18:00:00,AG0089,RESCHEDULED
FV00003685,A001917,2026-01-21 17:00:00,AG0047,SUCCESSFUL
FV00003686,A003518,2026-08-13 14:00:00,AG0045,SUCCESSFUL
FV00003687,A002384,2026-05-04 16:00:00,AG0029,UNSUCCESSFUL
FV00003688,A000796,2026-06-08 14:00:00,AG0112,SUCCESSFUL
FV00003689,A001901,2026-06-08 15:00:00,AG0116,RESCHEDULED
FV00003690,A001547,2025-11-23 08:00:00,AG0050,SUCCESSFUL
FV00003691,A002708,2026-01-25 10:00:00,AG0067,UNSUCCESSFUL
FV00003692,A003798,2026-05-07 08:00:00,AG0048,SUCCESSFUL
FV00003693,A001382,2026-02-20 11:00:00,AG0018,UNSUCCESSFUL
FV00003694,A003851,2025-10-27 08:00:00,AG0003,UNSUCCESSFUL
FV00003695,A000028,2025-11-08 13:00:00,AG0062,UNSUCCESSFUL
FV00003696,A003803,2026-01-19 16:00:00,AG0010,RESCHEDULED
FV00003697,A000848,2025-11-12 12:00:00,AG0074,UNSUCCESSFUL
FV00003698,A003589,2025-10-18 18:00:00,AG0024,RESCHEDULED
FV00003699,A001857,2026-01-10 14:00:00,AG0023,UNSUCCESSFUL
FV00003700,A001687,2026-06-11 16:00:00,AG0056,UNSUCCESSFUL
FV00003701,A001605,2026-01-08 08:00:00,AG0027,RESCHEDULED
FV00003702,A000367,2026-04-18 18:00:00,AG0029,SUCCESSFUL
FV00003703,A000124,2026-07-02 14:00:00,AG0082,SUCCESSFUL
FV00003704,A003611,2026-03-07 11:00:00,AG0094,SUCCESSFUL
FV00003705,A002130,2026-07-15 18:00:00,AG0006,UNSUCCESSFUL
FV00003706,A001228,2026-02-05 08:00:00,AG0024,UNSUCCESSFUL
FV00003707,A001246,2025-09-16 08:00:00,AG0028,SUCCESSFUL
FV00003708,A002650,2026-08-22 18:00:00,AG0019,UNSUCCESSFUL
FV00003709,A002258,2026-07-06 17:00:00,AG0010,SUCCESSFUL
FV00003710,A000947,2026-07-06 17:00:00,AG0090,UNSUCCESSFUL
FV00003711,A001676,2026-03-07 10:00:00,AG0092,SUCCESSFUL
FV00003712,A003348,2026-08-16 11:00:00,AG0109,SUCCESSFUL
FV00003713,A001442,2026-03-05 17:00:00,AG0093,UNSUCCESSFUL
FV00003714,A000654,2026-06-08 08:00:00,AG0056,UNSUCCESSFUL
FV00003715,A002189,2026-08-06 11:00:00,AG0109,UNSUCCESSFUL
FV00003716,A001439,2025-11-19 18:00:00,AG0109,UNSUCCESSFUL
FV00003717,A001684,2026-04-20 16:00:00,AG0018,RESCHEDULED
FV00003718,A001126,2026-07-09 18:00:00,AG0033,SUCCESSFUL
FV00003719,A001663,2025-12-20 09:00:00,AG0015,UNSUCCESSFUL
FV00003720,A001881,2026-08-14 10:00:00,AG0008,SUCCESSFUL
FV00003721,A001470,2026-04-27 10:00:00,AG0115,SUCCESSFUL
FV00003722,A000215,2025-12-06 17:00:00,AG0076,UNSUCCESSFUL
FV00003723,A002444,2025-10-17 17:00:00,AG0015,UNSUCCESSFUL
FV00003724,A003974,2025-09-09 09:00:00,AG0075,SUCCESSFUL
FV00003725,A001428,2025-09-08 16:00:00,AG0032,SUCCESSFUL
FV00003726,A000216,2025-12-11 14:00:00,AG0040,SUCCESSFUL
FV00003727,A000038,2025-12-06 13:00:00,AG0033,SUCCESSFUL
FV00003728,A003559,2025-09-18 12:00:00,AG0113,UNSUCCESSFUL
FV00003729,A001380,2026-03-03 15:00:00,AG0049,UNSUCCESSFUL
FV00003730,A001556,2026-08-27 11:00:00,AG0091,SUCCESSFUL
FV00003731,A001751,2025-11-17 08:00:00,AG0109,SUCCESSFUL
FV00003732,A002962,2026-01-19 08:00:00,AG0049,SUCCESSFUL
FV00003733,A003228,2026-07-19 09:00:00,AG0018,UNSUCCESSFUL
FV00003734,A001426,2026-03-13 18:00:00,AG0077,UNSUCCESSFUL
FV00003735,A001870,2026-02-24 11:00:00,AG0007,UNSUCCESSFUL
FV00003736,A000268,2026-07-12 09:00:00,AG0017,SUCCESSFUL
FV00003737,A003582,2025-09-04 14:00:00,AG0044,RESCHEDULED
FV00003738,A001970,2026-07-13 09:00:00,AG0093,UNSUCCESSFUL
FV00003739,A002590,2026-07-23 11:00:00,AG0105,SUCCESSFUL
FV00003740,A000845,2025-10-20 10:00:00,AG0048,UNSUCCESSFUL
FV00003741,A004171,2026-05-18 18:00:00,AG0060,SUCCESSFUL
FV00003742,A000358,2026-03-03 15:00:00,AG0011,RESCHEDULED
FV00003743,A000034,2025-09-05 11:00:00,AG0059,SUCCESSFUL
FV00003744,A003974,2025-11-11 14:00:00,AG0112,UNSUCCESSFUL
FV00003745,A003033,2025-10-05 08:00:00,AG0101,SUCCESSFUL
FV00003746,A000529,2025-10-01 08:00:00,AG0027,UNSUCCESSFUL
FV00003747,A003425,2025-11-12 16:00:00,AG0061,UNSUCCESSFUL
FV00003748,A003690,2025-12-12 17:00:00,AG0086,UNSUCCESSFUL
FV00003749,A003273,2026-02-26 08:00:00,AG0061,SUCCESSFUL
FV00003750,A003416,2026-08-02 15:00:00,AG0035,SUCCESSFUL
FV00003751,A003789,2026-02-15 11:00:00,AG0019,SUCCESSFUL
FV00003752,A000721,2025-09-18 11:00:00,AG0028,SUCCESSFUL
FV00003753,A002522,2025-11-20 17:00:00,AG0022,UNSUCCESSFUL
FV00003754,A003295,2026-01-18 10:00:00,AG0024,SUCCESSFUL
FV00003755,A000029,2025-12-24 08:00:00,AG0019,UNSUCCESSFUL
FV00003756,A002102,2026-04-27 16:00:00,AG0030,SUCCESSFUL
FV00003757,A002508,2025-11-11 09:00:00,AG0037,UNSUCCESSFUL
FV00003758,A002843,2025-11-24 08:00:00,AG0064,SUCCESSFUL
FV00003759,A001292,2026-01-26 15:00:00,AG0043,UNSUCCESSFUL
FV00003760,A003416,2026-08-06 09:00:00,AG0082,UNSUCCESSFUL
FV00003761,A000010,2026-08-23 14:00:00,AG0073,SUCCESSFUL
FV00003762,A001072,2026-03-25 14:00:00,AG0102,SUCCESSFUL
FV00003763,A002698,2025-10-27 11:00:00,AG0059,SUCCESSFUL
FV00003764,A003846,2025-11-21 11:00:00,AG0036,UNSUCCESSFUL
FV00003765,A001308,2026-03-27 10:00:00,AG0050,RESCHEDULED
FV00003766,A000878,2026-05-08 15:00:00,AG0009,SUCCESSFUL
FV00003767,A002212,2025-12-16 16:00:00,AG0010,SUCCESSFUL
FV00003768,A002024,2026-03-09 13:00:00,AG0104,SUCCESSFUL
FV00003769,A002135,2026-07-05 16:00:00,AG0052,SUCCESSFUL
FV00003770,A000796,2025-10-23 11:00:00,AG0098,UNSUCCESSFUL
FV00003771,A003932,2026-01-16 12:00:00,AG0110,UNSUCCESSFUL
FV00003772,A002434,2026-02-13 14:00:00,AG0117,UNSUCCESSFUL
FV00003773,A003766,2026-04-11 10:00:00,AG0059,SUCCESSFUL
FV00003774,A003844,2026-06-20 10:00:00,AG0109,UNSUCCESSFUL
FV00003775,A002678,2026-08-20 18:00:00,AG0109,SUCCESSFUL
FV00003776,A000043,2026-05-01 16:00:00,AG0060,UNSUCCESSFUL
FV00003777,A004077,2026-04-04 14:00:00,AG0099,UNSUCCESSFUL
FV00003778,A003573,2026-03-04 14:00:00,AG0044,UNSUCCESSFUL
FV00003779,A003160,2025-10-15 10:00:00,AG0086,UNSUCCESSFUL
FV00003780,A002537,2025-10-23 12:00:00,AG0106,RESCHEDULED
FV00003781,A004111,2025-09-21 08:00:00,AG0064,UNSUCCESSFUL
FV00003782,A001684,2026-04-06 18:00:00,AG0030,UNSUCCESSFUL
FV00003783,A000452,2025-10-20 16:00:00,AG0038,UNSUCCESSFUL
FV00003784,A002240,2025-10-03 11:00:00,AG0027,SUCCESSFUL
FV00003785,A003788,2026-02-16 09:00:00,AG0086,SUCCESSFUL
FV00003786,A000916,2025-09-04 17:00:00,AG0096,UNSUCCESSFUL
FV00003787,A002644,2026-04-02 14:00:00,AG0093,UNSUCCESSFUL
FV00003788,A003072,2026-04-16 09:00:00,AG0045,UNSUCCESSFUL
FV00003789,A003711,2026-05-14 12:00:00,AG0051,UNSUCCESSFUL
FV00003790,A001935,2026-03-12 14:00:00,AG0048,SUCCESSFUL
FV00003791,A001225,2025-11-13 18:00:00,AG0089,SUCCESSFUL
FV00003792,A000406,2025-12-19 15:00:00,AG0111,UNSUCCESSFUL
FV00003793,A003685,2026-08-04 10:00:00,AG0111,SUCCESSFUL
FV00003794,A000455,2026-06-03 16:00:00,AG0084,UNSUCCESSFUL
FV00003795,A002573,2026-08-09 08:00:00,AG0107,UNSUCCESSFUL
FV00003796,A001556,2026-04-10 09:00:00,AG0026,UNSUCCESSFUL
FV00003797,A001695,2026-03-14 08:00:00,AG0111,RESCHEDULED
FV00003798,A001042,2026-04-06 09:00:00,AG0078,SUCCESSFUL
FV00003799,A001857,2026-01-19 14:00:00,AG0114,SUCCESSFUL
FV00003800,A000205,2026-05-02 12:00:00,AG0119,RESCHEDULED
FV00003801,A002073,2026-06-06 12:00:00,AG0106,UNSUCCESSFUL
FV00003802,A000525,2026-05-21 15:00:00,AG0081,UNSUCCESSFUL
FV00003803,A002448,2026-04-11 18:00:00,AG0034,SUCCESSFUL
FV00003804,A003569,2025-09-17 14:00:00,AG0022,SUCCESSFUL
FV00003805,A002394,2026-08-27 10:00:00,AG0049,SUCCESSFUL
FV00003806,A001076,2026-01-04 13:00:00,AG0034,SUCCESSFUL
FV00003807,A003082,2025-11-12 12:00:00,AG0034,UNSUCCESSFUL
FV00003808,A000451,2026-04-03 15:00:00,AG0077,UNSUCCESSFUL
FV00003809,A003331,2026-06-13 13:00:00,AG0118,UNSUCCESSFUL
FV00003810,A000169,2025-12-02 12:00:00,AG0029,UNSUCCESSFUL
FV00003811,A003050,2026-02-26 08:00:00,AG0098,RESCHEDULED
FV00003812,A002109,2026-04-08 09:00:00,AG0099,UNSUCCESSFUL
FV00003813,A004016,2026-05-06 18:00:00,AG0048,UNSUCCESSFUL
FV00003814,A003818,2025-09-17 18:00:00,AG0033,UNSUCCESSFUL
FV00003815,A000386,2026-06-22 09:00:00,AG0113,UNSUCCESSFUL
FV00003816,A003080,2026-07-20 10:00:00,AG0077,SUCCESSFUL
FV00003817,A002078,2026-01-11 09:00:00,AG0064,UNSUCCESSFUL
FV00003818,A002172,2026-03-07 13:00:00,AG0003,UNSUCCESSFUL
FV00003819,A003738,2026-05-14 09:00:00,AG0061,SUCCESSFUL
FV00003820,A002506,2025-10-19 14:00:00,AG0043,UNSUCCESSFUL
FV00003821,A003681,2025-11-24 11:00:00,AG0075,UNSUCCESSFUL
FV00003822,A000558,2025-12-20 13:00:00,AG0033,UNSUCCESSFUL
FV00003823,A002027,2026-03-14 15:00:00,AG0083,UNSUCCESSFUL
FV00003824,A002744,2025-11-26 11:00:00,AG0120,UNSUCCESSFUL
FV00003825,A002040,2026-06-24 09:00:00,AG0094,SUCCESSFUL
FV00003826,A001984,2026-01-13 14:00:00,AG0061,UNSUCCESSFUL
FV00003827,A000037,2026-06-17 10:00:00,AG0040,UNSUCCESSFUL
FV00003828,A001756,2025-11-26 18:00:00,AG0116,UNSUCCESSFUL
FV00003829,A003475,2026-07-03 10:00:00,AG0117,UNSUCCESSFUL
FV00003830,A001909,2026-08-13 15:00:00,AG0055,SUCCESSFUL
FV00003831,A003611,2025-12-03 15:00:00,AG0008,UNSUCCESSFUL
FV00003832,A003647,2025-09-04 08:00:00,AG0038,UNSUCCESSFUL
FV00003833,A003874,2025-09-09 11:00:00,AG0090,SUCCESSFUL
FV00003834,A002194,2026-05-01 16:00:00,AG0095,SUCCESSFUL
FV00003835,A002280,2026-04-11 16:00:00,AG0040,UNSUCCESSFUL
FV00003836,A000466,2026-03-18 18:00:00,AG0070,UNSUCCESSFUL
FV00003837,A000634,2026-05-12 11:00:00,AG0041,UNSUCCESSFUL
FV00003838,A001377,2026-03-22 14:00:00,AG0070,UNSUCCESSFUL
FV00003839,A001176,2026-03-13 09:00:00,AG0012,UNSUCCESSFUL
FV00003840,A002832,2026-07-03 13:00:00,AG0092,SUCCESSFUL
FV00003841,A000293,2026-03-02 08:00:00,AG0013,UNSUCCESSFUL
FV00003842,A002565,2025-09-09 08:00:00,AG0095,SUCCESSFUL
FV00003843,A003733,2026-06-04 15:00:00,AG0089,UNSUCCESSFUL
FV00003844,A000472,2026-01-12 11:00:00,AG0026,SUCCESSFUL
FV00003845,A002587,2026-06-23 14:00:00,AG0068,UNSUCCESSFUL
FV00003846,A002362,2026-03-16 17:00:00,AG0102,RESCHEDULED
FV00003847,A001251,2026-02-02 08:00:00,AG0059,SUCCESSFUL
FV00003848,A001594,2026-04-04 13:00:00,AG0113,SUCCESSFUL
FV00003849,A000902,2025-11-21 10:00:00,AG0084,UNSUCCESSFUL
FV00003850,A001477,2025-11-23 13:00:00,AG0114,UNSUCCESSFUL
FV00003851,A004120,2025-09-19 16:00:00,AG0064,UNSUCCESSFUL
FV00003852,A002383,2026-07-11 12:00:00,AG0027,SUCCESSFUL
FV00003853,A002300,2026-02-10 17:00:00,AG0062,SUCCESSFUL
FV00003854,A001029,2025-09-27 15:00:00,AG0024,SUCCESSFUL
FV00003855,A003611,2026-03-22 14:00:00,AG0017,SUCCESSFUL
FV00003856,A000101,2026-05-21 11:00:00,AG0079,UNSUCCESSFUL
FV00003857,A001002,2025-12-11 08:00:00,AG0098,UNSUCCESSFUL
FV00003858,A003026,2026-03-24 15:00:00,AG0050,UNSUCCESSFUL
FV00003859,A001700,2026-08-11 17:00:00,AG0010,RESCHEDULED
FV00003860,A000531,2026-02-20 16:00:00,AG0089,RESCHEDULED
FV00003861,A002445,2025-10-02 16:00:00,AG0010,UNSUCCESSFUL
FV00003862,A001503,2026-06-13 13:00:00,AG0010,SUCCESSFUL
FV00003863,A001766,2025-09-24 13:00:00,AG0100,SUCCESSFUL
FV00003864,A002547,2026-05-24 18:00:00,AG0001,SUCCESSFUL
FV00003865,A001449,2026-06-08 08:00:00,AG0001,UNSUCCESSFUL
FV00003866,A003468,2026-04-25 15:00:00,AG0050,UNSUCCESSFUL
FV00003867,A003421,2026-03-16 09:00:00,AG0094,SUCCESSFUL
FV00003868,A003906,2025-11-18 14:00:00,AG0003,SUCCESSFUL
FV00003869,A003828,2026-06-11 15:00:00,AG0003,SUCCESSFUL
FV00003870,A001533,2026-02-07 17:00:00,AG0044,UNSUCCESSFUL
FV00003871,A003516,2026-06-05 16:00:00,AG0035,UNSUCCESSFUL
FV00003872,A001499,2026-08-06 14:00:00,AG0091,SUCCESSFUL
FV00003873,A001273,2025-09-03 09:00:00,AG0118,SUCCESSFUL
FV00003874,A000240,2025-12-21 10:00:00,AG0004,SUCCESSFUL
FV00003875,A000936,2025-09-16 16:00:00,AG0067,SUCCESSFUL
FV00003876,A000192,2025-11-07 12:00:00,AG0019,SUCCESSFUL
FV00003877,A001982,2025-09-20 09:00:00,AG0021,UNSUCCESSFUL
FV00003878,A001303,2026-02-25 08:00:00,AG0059,UNSUCCESSFUL
FV00003879,A003632,2026-07-22 15:00:00,AG0041,SUCCESSFUL
FV00003880,A003898,2025-12-04 16:00:00,AG0101,UNSUCCESSFUL
FV00003881,A001069,2026-02-15 11:00:00,AG0101,UNSUCCESSFUL
FV00003882,A003999,2026-01-26 12:00:00,AG0024,SUCCESSFUL
FV00003883,A003917,2025-09-17 17:00:00,AG0088,UNSUCCESSFUL
FV00003884,A001899,2026-05-12 13:00:00,AG0054,SUCCESSFUL
FV00003885,A002358,2026-07-15 08:00:00,AG0084,SUCCESSFUL
FV00003886,A004200,2026-06-07 09:00:00,AG0050,RESCHEDULED
FV00003887,A000117,2025-12-18 13:00:00,AG0004,SUCCESSFUL
FV00003888,A003659,2025-09-11 09:00:00,AG0018,UNSUCCESSFUL
FV00003889,A003324,2025-12-10 12:00:00,AG0036,UNSUCCESSFUL
FV00003890,A003475,2026-05-04 12:00:00,AG0033,SUCCESSFUL
FV00003891,A003682,2025-11-24 15:00:00,AG0042,UNSUCCESSFUL
FV00003892,A001371,2026-04-22 18:00:00,AG0038,SUCCESSFUL
FV00003893,A003130,2025-12-10 16:00:00,AG0108,SUCCESSFUL
FV00003894,A003793,2026-06-27 17:00:00,AG0103,SUCCESSFUL
FV00003895,A003557,2025-11-04 13:00:00,AG0017,UNSUCCESSFUL
FV00003896,A003943,2026-05-13 10:00:00,AG0078,UNSUCCESSFUL
FV00003897,A002945,2026-05-04 11:00:00,AG0079,RESCHEDULED
FV00003898,A003963,2026-01-09 11:00:00,AG0108,RESCHEDULED
FV00003899,A001135,2026-06-10 17:00:00,AG0089,UNSUCCESSFUL
FV00003900,A004115,2026-08-25 16:00:00,AG0014,SUCCESSFUL
FV00003901,A002931,2026-07-18 08:00:00,AG0052,SUCCESSFUL
FV00003902,A003658,2025-12-09 08:00:00,AG0092,RESCHEDULED
FV00003903,A002390,2025-11-16 16:00:00,AG0011,UNSUCCESSFUL
FV00003904,A000121,2026-06-26 09:00:00,AG0111,SUCCESSFUL
FV00003905,A000291,2026-01-18 13:00:00,AG0051,UNSUCCESSFUL
FV00003906,A004102,2025-11-25 08:00:00,AG0008,UNSUCCESSFUL
FV00003907,A002633,2026-07-24 12:00:00,AG0016,SUCCESSFUL
FV00003908,A002507,2026-08-26 18:00:00,AG0077,UNSUCCESSFUL
FV00003909,A001788,2026-02-06 08:00:00,AG0057,SUCCESSFUL
FV00003910,A002904,2025-11-14 17:00:00,AG0014,SUCCESSFUL
FV00003911,A002268,2025-12-01 14:00:00,AG0106,SUCCESSFUL
FV00003912,A002371,2026-02-17 16:00:00,AG0110,RESCHEDULED
FV00003913,A004165,2026-05-05 13:00:00,AG0060,SUCCESSFUL
FV00003914,A000034,2025-11-05 18:00:00,AG0051,UNSUCCESSFUL
FV00003915,A001207,2026-08-26 12:00:00,AG0117,SUCCESSFUL
FV00003916,A000702,2026-05-19 11:00:00,AG0119,SUCCESSFUL
FV00003917,A002948,2025-11-02 18:00:00,AG0052,SUCCESSFUL
FV00003918,A003272,2025-11-16 18:00:00,AG0006,UNSUCCESSFUL
FV00003919,A003159,2026-04-01 14:00:00,AG0006,SUCCESSFUL
FV00003920,A003942,2026-04-23 17:00:00,AG0096,UNSUCCESSFUL
FV00003921,A000073,2025-09-15 15:00:00,AG0057,UNSUCCESSFUL
FV00003922,A003687,2025-12-18 15:00:00,AG0061,UNSUCCESSFUL
FV00003923,A000546,2026-04-18 08:00:00,AG0007,SUCCESSFUL
FV00003924,A003712,2025-12-01 11:00:00,AG0035,UNSUCCESSFUL
FV00003925,A000662,2026-07-13 18:00:00,AG0058,RESCHEDULED
FV00003926,A003576,2026-01-10 14:00:00,AG0105,SUCCESSFUL
FV00003927,A000535,2026-04-24 11:00:00,AG0063,SUCCESSFUL
FV00003928,A004018,2026-02-01 18:00:00,AG0068,UNSUCCESSFUL
FV00003929,A001485,2026-07-19 18:00:00,AG0059,SUCCESSFUL
FV00003930,A002040,2026-02-06 11:00:00,AG0007,SUCCESSFUL
FV00003931,A001321,2025-10-08 17:00:00,AG0115,SUCCESSFUL
FV00003932,A002014,2025-10-27 10:00:00,AG0078,SUCCESSFUL
FV00003933,A001675,2026-05-25 08:00:00,AG0074,RESCHEDULED
FV00003934,A002519,2026-05-27 16:00:00,AG0078,UNSUCCESSFUL
FV00003935,A003074,2026-07-08 10:00:00,AG0119,UNSUCCESSFUL
FV00003936,A002112,2026-02-11 18:00:00,AG0035,SUCCESSFUL
FV00003937,A000725,2025-09-14 10:00:00,AG0115,UNSUCCESSFUL
FV00003938,A000897,2026-06-07 15:00:00,AG0109,UNSUCCESSFUL
FV00003939,A001520,2025-12-12 12:00:00,AG0041,UNSUCCESSFUL
FV00003940,A001259,2025-10-04 18:00:00,AG0084,SUCCESSFUL
FV00003941,A003540,2026-02-08 17:00:00,AG0018,UNSUCCESSFUL
FV00003942,A004102,2026-03-06 17:00:00,AG0035,SUCCESSFUL
FV00003943,A002704,2026-04-08 08:00:00,AG0110,UNSUCCESSFUL
FV00003944,A002049,2026-06-02 13:00:00,AG0048,UNSUCCESSFUL
FV00003945,A001054,2026-01-26 16:00:00,AG0049,SUCCESSFUL
FV00003946,A002292,2025-09-10 14:00:00,AG0047,UNSUCCESSFUL
FV00003947,A002001,2026-08-08 18:00:00,AG0117,UNSUCCESSFUL
FV00003948,A001567,2025-11-07 17:00:00,AG0032,SUCCESSFUL
FV00003949,A000065,2026-01-02 17:00:00,AG0021,RESCHEDULED
FV00003950,A001910,2025-10-01 12:00:00,AG0036,UNSUCCESSFUL
FV00003951,A000478,2025-09-10 11:00:00,AG0016,UNSUCCESSFUL
FV00003952,A003118,2025-10-17 14:00:00,AG0086,UNSUCCESSFUL
FV00003953,A002027,2026-08-19 14:00:00,AG0007,UNSUCCESSFUL
FV00003954,A002811,2026-06-25 11:00:00,AG0086,UNSUCCESSFUL
FV00003955,A001842,2026-01-02 14:00:00,AG0028,SUCCESSFUL
FV00003956,A002602,2026-03-19 09:00:00,AG0061,RESCHEDULED
FV00003957,A003416,2025-11-12 16:00:00,AG0047,SUCCESSFUL
FV00003958,A002893,2025-09-08 11:00:00,AG0115,UNSUCCESSFUL
FV00003959,A003195,2026-08-12 17:00:00,AG0065,SUCCESSFUL
FV00003960,A002187,2026-03-10 18:00:00,AG0110,UNSUCCESSFUL
FV00003961,A000498,2026-01-04 14:00:00,AG0077,SUCCESSFUL
FV00003962,A001741,2025-10-05 16:00:00,AG0036,UNSUCCESSFUL
FV00003963,A002217,2025-10-16 10:00:00,AG0098,SUCCESSFUL
FV00003964,A001182,2026-08-07 16:00:00,AG0004,UNSUCCESSFUL
FV00003965,A001180,2026-07-27 09:00:00,AG0055,SUCCESSFUL
FV00003966,A003427,2026-07-11 10:00:00,AG0026,SUCCESSFUL
FV00003967,A003164,2025-12-01 13:00:00,AG0032,UNSUCCESSFUL
FV00003968,A002086,2025-10-22 16:00:00,AG0010,UNSUCCESSFUL
FV00003969,A000827,2025-12-16 09:00:00,AG0003,UNSUCCESSFUL
FV00003970,A003392,2026-08-08 14:00:00,AG0045,UNSUCCESSFUL
FV00003971,A001306,2026-04-26 08:00:00,AG0084,SUCCESSFUL
FV00003972,A001032,2026-05-18 17:00:00,AG0083,SUCCESSFUL
FV00003973,A001337,2026-08-05 12:00:00,AG0104,SUCCESSFUL
FV00003974,A001876,2026-01-05 09:00:00,AG0093,RESCHEDULED
FV00003975,A000852,2026-05-23 08:00:00,AG0040,SUCCESSFUL
FV00003976,A003428,2025-11-17 08:00:00,AG0024,UNSUCCESSFUL
FV00003977,A000175,2026-08-27 10:00:00,AG0099,UNSUCCESSFUL
FV00003978,A001040,2026-02-06 15:00:00,AG0083,UNSUCCESSFUL
FV00003979,A000181,2026-02-16 12:00:00,AG0028,UNSUCCESSFUL
FV00003980,A001490,2026-03-07 16:00:00,AG0069,SUCCESSFUL
FV00003981,A001729,2026-04-19 17:00:00,AG0028,UNSUCCESSFUL
FV00003982,A001488,2025-12-25 09:00:00,AG0089,SUCCESSFUL
FV00003983,A000210,2025-10-04 12:00:00,AG0109,SUCCESSFUL
FV00003984,A002366,2026-06-10 17:00:00,AG0075,SUCCESSFUL
FV00003985,A002284,2026-03-18 10:00:00,AG0099,SUCCESSFUL
FV00003986,A000180,2026-01-13 12:00:00,AG0019,RESCHEDULED
FV00003987,A000584,2025-10-20 16:00:00,AG0024,SUCCESSFUL
FV00003988,A002702,2026-06-08 11:00:00,AG0059,UNSUCCESSFUL
FV00003989,A002466,2026-07-21 11:00:00,AG0040,UNSUCCESSFUL
FV00003990,A003254,2026-06-08 11:00:00,AG0077,SUCCESSFUL
FV00003991,A001951,2026-03-04 09:00:00,AG0002,SUCCESSFUL
FV00003992,A000522,2026-03-03 15:00:00,AG0087,SUCCESSFUL
FV00003993,A001967,2026-03-15 10:00:00,AG0113,UNSUCCESSFUL
FV00003994,A001115,2025-11-07 16:00:00,AG0026,UNSUCCESSFUL
FV00003995,A003555,2026-08-17 14:00:00,AG0103,UNSUCCESSFUL
FV00003996,A001511,2026-05-21 10:00:00,AG0112,UNSUCCESSFUL
FV00003997,A002636,2026-02-07 18:00:00,AG0098,UNSUCCESSFUL
FV00003998,A003091,2025-11-03 18:00:00,AG0119,RESCHEDULED
FV00003999,A001917,2025-09-15 12:00:00,AG0059,SUCCESSFUL
FV00004000,A000956,2026-05-18 16:00:00,AG0009,SUCCESSFUL
FV00004001,A000430,2026-06-22 12:00:00,AG0033,UNSUCCESSFUL
FV00004002,A001137,2026-03-24 15:00:00,AG0040,UNSUCCESSFUL
FV00004003,A000302,2026-08-21 15:00:00,AG0090,SUCCESSFUL
FV00004004,A003161,2025-12-11 08:00:00,AG0020,SUCCESSFUL
FV00004005,A004052,2025-11-12 13:00:00,AG0080,UNSUCCESSFUL
FV00004006,A003146,2026-03-13 10:00:00,AG0026,UNSUCCESSFUL
FV00004007,A000391,2026-02-24 09:00:00,AG0099,UNSUCCESSFUL
FV00004008,A002436,2026-05-12 16:00:00,AG0019,UNSUCCESSFUL
FV00004009,A003624,2026-02-02 08:00:00,AG0072,SUCCESSFUL
FV00004010,A001005,2026-02-21 08:00:00,AG0027,SUCCESSFUL
FV00004011,A003226,2025-12-03 18:00:00,AG0073,SUCCESSFUL
FV00004012,A003435,2026-06-21 17:00:00,AG0068,SUCCESSFUL
FV00004013,A002987,2026-07-04 10:00:00,AG0065,SUCCESSFUL
FV00004014,A001432,2026-05-01 10:00:00,AG0069,UNSUCCESSFUL
FV00004015,A001717,2025-10-11 13:00:00,AG0060,UNSUCCESSFUL
FV00004016,A000697,2026-03-21 15:00:00,AG0057,UNSUCCESSFUL
FV00004017,A003523,2025-11-19 14:00:00,AG0110,UNSUCCESSFUL
FV00004018,A001796,2026-05-20 08:00:00,AG0091,UNSUCCESSFUL
FV00004019,A002239,2026-04-06 13:00:00,AG0096,UNSUCCESSFUL
FV00004020,A000314,2025-10-15 15:00:00,AG0020,RESCHEDULED
FV00004021,A003082,2025-10-22 12:00:00,AG0034,SUCCESSFUL
FV00004022,A001774,2025-11-15 09:00:00,AG0037,SUCCESSFUL
FV00004023,A000897,2025-12-08 09:00:00,AG0096,SUCCESSFUL
FV00004024,A003867,2026-07-27 18:00:00,AG0086,UNSUCCESSFUL
FV00004025,A000103,2026-08-17 14:00:00,AG0025,SUCCESSFUL
FV00004026,A002605,2026-07-21 16:00:00,AG0060,SUCCESSFUL
FV00004027,A000731,2026-06-04 13:00:00,AG0020,RESCHEDULED
FV00004028,A002753,2026-02-10 08:00:00,AG0036,UNSUCCESSFUL
FV00004029,A000418,2025-11-04 08:00:00,AG0098,RESCHEDULED
FV00004030,A001245,2026-02-14 14:00:00,AG0040,SUCCESSFUL
FV00004031,A000319,2026-03-17 13:00:00,AG0052,UNSUCCESSFUL
FV00004032,A001967,2025-11-04 09:00:00,AG0076,UNSUCCESSFUL
FV00004033,A000400,2026-03-25 14:00:00,AG0086,UNSUCCESSFUL
FV00004034,A001666,2026-08-04 16:00:00,AG0101,UNSUCCESSFUL
FV00004035,A002544,2026-04-10 15:00:00,AG0056,RESCHEDULED
FV00004036,A000672,2026-04-12 14:00:00,AG0106,SUCCESSFUL
FV00004037,A002640,2025-11-08 17:00:00,AG0059,SUCCESSFUL
FV00004038,A001286,2026-03-27 11:00:00,AG0065,SUCCESSFUL
FV00004039,A002291,2026-05-13 16:00:00,AG0043,SUCCESSFUL
FV00004040,A002468,2026-06-09 08:00:00,AG0040,UNSUCCESSFUL
FV00004041,A001780,2026-01-25 17:00:00,AG0015,UNSUCCESSFUL
FV00004042,A000092,2026-02-15 08:00:00,AG0107,UNSUCCESSFUL
FV00004043,A001587,2025-10-10 09:00:00,AG0008,UNSUCCESSFUL
FV00004044,A001185,2026-05-06 09:00:00,AG0089,SUCCESSFUL
FV00004045,A000146,2026-04-04 18:00:00,AG0065,UNSUCCESSFUL
FV00004046,A002847,2025-09-02 13:00:00,AG0086,UNSUCCESSFUL
FV00004047,A003195,2026-07-05 14:00:00,AG0105,RESCHEDULED
FV00004048,A001276,2025-12-23 13:00:00,AG0062,UNSUCCESSFUL
FV00004049,A002820,2026-07-26 17:00:00,AG0059,UNSUCCESSFUL
FV00004050,A001351,2026-06-04 11:00:00,AG0052,UNSUCCESSFUL
FV00004051,A001256,2026-04-08 10:00:00,AG0036,UNSUCCESSFUL
FV00004052,A001197,2026-05-07 10:00:00,AG0051,UNSUCCESSFUL
FV00004053,A000933,2026-04-13 15:00:00,AG0028,UNSUCCESSFUL
FV00004054,A003778,2026-08-03 14:00:00,AG0016,UNSUCCESSFUL
FV00004055,A002078,2026-05-17 08:00:00,AG0019,UNSUCCESSFUL
FV00004056,A001822,2026-06-04 15:00:00,AG0091,SUCCESSFUL
FV00004057,A000852,2026-08-04 15:00:00,AG0083,UNSUCCESSFUL
FV00004058,A001131,2026-02-25 14:00:00,AG0034,SUCCESSFUL
FV00004059,A001027,2026-07-17 14:00:00,AG0027,SUCCESSFUL
FV00004060,A000612,2025-10-01 14:00:00,AG0002,SUCCESSFUL
FV00004061,A003268,2025-11-13 10:00:00,AG0045,UNSUCCESSFUL
FV00004062,A001164,2025-12-10 09:00:00,AG0002,UNSUCCESSFUL
FV00004063,A000154,2025-09-21 15:00:00,AG0104,UNSUCCESSFUL
FV00004064,A002189,2026-02-05 12:00:00,AG0104,SUCCESSFUL
FV00004065,A003581,2025-10-01 12:00:00,AG0102,SUCCESSFUL
FV00004066,A003786,2025-11-16 18:00:00,AG0097,UNSUCCESSFUL
FV00004067,A000255,2025-10-19 09:00:00,AG0108,SUCCESSFUL
FV00004068,A002715,2026-04-17 16:00:00,AG0092,UNSUCCESSFUL
FV00004069,A001354,2026-04-23 09:00:00,AG0015,UNSUCCESSFUL
FV00004070,A002145,2026-01-02 13:00:00,AG0108,SUCCESSFUL
FV00004071,A003123,2025-09-19 18:00:00,AG0115,UNSUCCESSFUL
FV00004072,A000163,2026-03-24 16:00:00,AG0089,SUCCESSFUL
FV00004073,A000606,2026-01-03 15:00:00,AG0012,UNSUCCESSFUL
FV00004074,A004013,2025-12-11 14:00:00,AG0065,UNSUCCESSFUL
FV00004075,A003524,2026-04-26 13:00:00,AG0030,SUCCESSFUL
FV00004076,A002550,2026-01-02 17:00:00,AG0054,UNSUCCESSFUL
FV00004077,A000068,2025-10-05 10:00:00,AG0107,SUCCESSFUL
FV00004078,A001851,2026-02-13 10:00:00,AG0099,SUCCESSFUL
FV00004079,A002338,2025-10-08 13:00:00,AG0092,SUCCESSFUL
FV00004080,A003553,2026-01-22 10:00:00,AG0116,UNSUCCESSFUL
FV00004081,A003965,2025-11-07 17:00:00,AG0025,UNSUCCESSFUL
FV00004082,A003907,2025-09-12 08:00:00,AG0048,UNSUCCESSFUL
FV00004083,A003357,2026-03-15 18:00:00,AG0038,SUCCESSFUL
FV00004084,A000947,2026-07-02 12:00:00,AG0002,UNSUCCESSFUL
FV00004085,A002171,2026-02-02 18:00:00,AG0023,UNSUCCESSFUL
FV00004086,A002042,2026-06-05 13:00:00,AG0120,UNSUCCESSFUL
FV00004087,A001061,2025-11-17 15:00:00,AG0074,UNSUCCESSFUL
FV00004088,A000905,2026-02-22 09:00:00,AG0106,UNSUCCESSFUL
FV00004089,A003410,2026-01-04 10:00:00,AG0038,SUCCESSFUL
FV00004090,A002594,2026-06-12 08:00:00,AG0064,UNSUCCESSFUL
FV00004091,A003417,2026-07-14 10:00:00,AG0021,SUCCESSFUL
FV00004092,A002720,2026-07-27 08:00:00,AG0079,UNSUCCESSFUL
FV00004093,A000070,2026-04-19 08:00:00,AG0104,SUCCESSFUL
FV00004094,A003598,2026-07-27 16:00:00,AG0029,UNSUCCESSFUL
FV00004095,A003251,2026-03-25 09:00:00,AG0015,RESCHEDULED
FV00004096,A001795,2025-10-20 10:00:00,AG0106,SUCCESSFUL
FV00004097,A003941,2026-03-18 09:00:00,AG0106,UNSUCCESSFUL
FV00004098,A000753,2025-11-09 09:00:00,AG0119,SUCCESSFUL
FV00004099,A003330,2025-09-15 12:00:00,AG0068,RESCHEDULED
FV00004100,A001328,2026-06-02 14:00:00,AG0053,UNSUCCESSFUL
FV00004101,A004008,2025-10-23 18:00:00,AG0074,UNSUCCESSFUL
FV00004102,A000505,2025-11-07 10:00:00,AG0073,UNSUCCESSFUL
FV00004103,A003316,2026-06-22 10:00:00,AG0097,SUCCESSFUL
FV00004104,A001632,2026-04-07 18:00:00,AG0106,SUCCESSFUL
FV00004105,A000539,2026-08-06 16:00:00,AG0097,SUCCESSFUL
FV00004106,A001919,2025-09-21 13:00:00,AG0107,UNSUCCESSFUL
FV00004107,A003855,2026-04-20 15:00:00,AG0009,SUCCESSFUL
FV00004108,A003551,2026-07-11 14:00:00,AG0099,SUCCESSFUL
FV00004109,A002546,2025-12-16 13:00:00,AG0049,UNSUCCESSFUL
FV00004110,A003917,2025-09-15 12:00:00,AG0007,SUCCESSFUL
FV00004111,A000710,2025-09-11 10:00:00,AG0043,SUCCESSFUL
FV00004112,A000293,2026-08-18 12:00:00,AG0077,SUCCESSFUL
FV00004113,A003451,2026-08-13 10:00:00,AG0069,SUCCESSFUL
FV00004114,A000148,2026-06-15 13:00:00,AG0063,SUCCESSFUL
FV00004115,A003718,2026-08-26 16:00:00,AG0118,SUCCESSFUL
FV00004116,A000547,2025-12-19 14:00:00,AG0022,SUCCESSFUL
FV00004117,A001621,2025-10-21 09:00:00,AG0027,RESCHEDULED
FV00004118,A001204,2026-08-09 12:00:00,AG0070,SUCCESSFUL
FV00004119,A000660,2026-06-01 11:00:00,AG0050,UNSUCCESSFUL
FV00004120,A001373,2025-09-05 08:00:00,AG0064,UNSUCCESSFUL
FV00004121,A002811,2026-03-12 16:00:00,AG0027,RESCHEDULED
FV00004122,A003423,2025-09-04 13:00:00,AG0037,UNSUCCESSFUL
FV00004123,A000237,2026-08-06 14:00:00,AG0046,UNSUCCESSFUL
FV00004124,A001880,2026-04-12 18:00:00,AG0025,UNSUCCESSFUL
FV00004125,A001924,2025-10-03 08:00:00,AG0002,SUCCESSFUL
FV00004126,A004087,2025-12-16 10:00:00,AG0023,SUCCESSFUL
FV00004127,A003751,2026-06-03 11:00:00,AG0113,SUCCESSFUL
FV00004128,A003955,2026-02-27 11:00:00,AG0088,UNSUCCESSFUL
FV00004129,A000623,2026-01-12 15:00:00,AG0103,UNSUCCESSFUL
FV00004130,A002523,2026-01-26 10:00:00,AG0104,SUCCESSFUL
FV00004131,A000126,2026-08-27 08:00:00,AG0014,RESCHEDULED
FV00004132,A003573,2026-01-01 13:00:00,AG0011,SUCCESSFUL
FV00004133,A003344,2026-05-09 15:00:00,AG0077,SUCCESSFUL
FV00004134,A000032,2026-04-18 15:00:00,AG0118,UNSUCCESSFUL
FV00004135,A000152,2026-06-10 12:00:00,AG0020,SUCCESSFUL
FV00004136,A003990,2025-11-23 15:00:00,AG0115,UNSUCCESSFUL
FV00004137,A002329,2026-04-26 13:00:00,AG0061,UNSUCCESSFUL
FV00004138,A000585,2026-04-03 13:00:00,AG0073,UNSUCCESSFUL
FV00004139,A001998,2025-10-21 12:00:00,AG0053,SUCCESSFUL
FV00004140,A003497,2026-06-03 13:00:00,AG0092,RESCHEDULED
FV00004141,A003923,2026-07-10 15:00:00,AG0024,UNSUCCESSFUL
FV00004142,A003845,2025-10-19 12:00:00,AG0106,RESCHEDULED
FV00004143,A004055,2026-02-24 17:00:00,AG0103,UNSUCCESSFUL
FV00004144,A002954,2025-09-08 09:00:00,AG0106,SUCCESSFUL
FV00004145,A003425,2026-03-14 15:00:00,AG0052,UNSUCCESSFUL
FV00004146,A003823,2026-05-23 11:00:00,AG0111,SUCCESSFUL
FV00004147,A003142,2026-05-17 12:00:00,AG0075,SUCCESSFUL
FV00004148,A002523,2025-10-08 08:00:00,AG0105,UNSUCCESSFUL
FV00004149,A001869,2025-09-23 09:00:00,AG0074,UNSUCCESSFUL
FV00004150,A002042,2026-01-22 10:00:00,AG0034,SUCCESSFUL
FV00004151,A002972,2025-11-26 18:00:00,AG0016,UNSUCCESSFUL
FV00004152,A001342,2025-09-09 11:00:00,AG0028,SUCCESSFUL
FV00004153,A000395,2025-09-11 17:00:00,AG0063,SUCCESSFUL
FV00004154,A001423,2026-08-08 15:00:00,AG0037,SUCCESSFUL
FV00004155,A003771,2026-06-10 17:00:00,AG0042,UNSUCCESSFUL
FV00004156,A003167,2026-04-02 08:00:00,AG0057,RESCHEDULED
FV00004157,A000242,2026-04-12 12:00:00,AG0093,RESCHEDULED
FV00004158,A000462,2026-07-24 10:00:00,AG0043,UNSUCCESSFUL
FV00004159,A001431,2025-12-19 11:00:00,AG0108,UNSUCCESSFUL
FV00004160,A003732,2026-08-19 16:00:00,AG0007,UNSUCCESSFUL
FV00004161,A001957,2025-09-01 14:00:00,AG0090,UNSUCCESSFUL
FV00004162,A000806,2025-12-26 10:00:00,AG0101,UNSUCCESSFUL
FV00004163,A000860,2026-05-02 12:00:00,AG0038,UNSUCCESSFUL
FV00004164,A003353,2025-10-12 14:00:00,AG0046,SUCCESSFUL
FV00004165,A003494,2026-03-04 10:00:00,AG0089,UNSUCCESSFUL
FV00004166,A003571,2026-08-11 11:00:00,AG0110,RESCHEDULED
FV00004167,A000817,2026-04-10 14:00:00,AG0021,SUCCESSFUL
FV00004168,A001136,2026-05-07 11:00:00,AG0047,UNSUCCESSFUL
FV00004169,A001221,2026-03-19 09:00:00,AG0037,UNSUCCESSFUL
FV00004170,A000078,2026-08-02 08:00:00,AG0086,UNSUCCESSFUL
FV00004171,A001689,2025-11-08 08:00:00,AG0100,RESCHEDULED
FV00004172,A001322,2026-03-11 11:00:00,AG0027,RESCHEDULED
FV00004173,A000022,2026-05-27 09:00:00,AG0049,SUCCESSFUL
FV00004174,A000441,2026-06-15 10:00:00,AG0053,UNSUCCESSFUL
FV00004175,A001540,2026-02-23 14:00:00,AG0040,RESCHEDULED
FV00004176,A002386,2025-12-18 18:00:00,AG0001,RESCHEDULED
FV00004177,A001451,2025-12-11 09:00:00,AG0099,UNSUCCESSFUL
FV00004178,A002803,2026-02-24 14:00:00,AG0021,SUCCESSFUL
FV00004179,A002386,2025-09-22 15:00:00,AG0099,SUCCESSFUL
FV00004180,A001931,2025-10-01 09:00:00,AG0096,UNSUCCESSFUL
FV00004181,A002694,2026-04-16 18:00:00,AG0049,UNSUCCESSFUL
FV00004182,A000669,2026-08-04 17:00:00,AG0083,RESCHEDULED
FV00004183,A001670,2025-09-24 17:00:00,AG0067,UNSUCCESSFUL
FV00004184,A001258,2025-10-16 08:00:00,AG0098,SUCCESSFUL
FV00004185,A000141,2025-12-18 14:00:00,AG0047,UNSUCCESSFUL
FV00004186,A004064,2026-05-01 14:00:00,AG0054,UNSUCCESSFUL
FV00004187,A003007,2025-12-09 12:00:00,AG0080,UNSUCCESSFUL
FV00004188,A003690,2026-05-24 10:00:00,AG0031,UNSUCCESSFUL
FV00004189,A001534,2026-01-11 13:00:00,AG0114,SUCCESSFUL
FV00004190,A002385,2025-10-21 10:00:00,AG0011,RESCHEDULED
FV00004191,A003314,2026-04-20 15:00:00,AG0055,UNSUCCESSFUL
FV00004192,A003437,2026-04-14 15:00:00,AG0115,SUCCESSFUL
FV00004193,A000306,2025-12-25 10:00:00,AG0008,SUCCESSFUL
FV00004194,A002545,2025-10-02 10:00:00,AG0014,UNSUCCESSFUL
FV00004195,A003658,2026-01-03 15:00:00,AG0096,UNSUCCESSFUL
FV00004196,A002628,2026-03-14 13:00:00,AG0004,UNSUCCESSFUL
FV00004197,A003122,2026-08-18 08:00:00,AG0079,SUCCESSFUL
FV00004198,A004068,2026-03-18 16:00:00,AG0060,RESCHEDULED
FV00004199,A001469,2025-11-09 14:00:00,AG0033,UNSUCCESSFUL
FV00004200,A003634,2025-11-12 10:00:00,AG0036,RESCHEDULED
FV00004201,A003618,2025-10-27 17:00:00,AG0028,UNSUCCESSFUL
FV00004202,A002608,2026-04-18 10:00:00,AG0113,SUCCESSFUL
FV00004203,A001712,2026-04-23 10:00:00,AG0086,RESCHEDULED
FV00004204,A003438,2026-06-01 12:00:00,AG0104,UNSUCCESSFUL
FV00004205,A003227,2026-07-18 13:00:00,AG0053,SUCCESSFUL
FV00004206,A000247,2026-02-22 14:00:00,AG0061,UNSUCCESSFUL
FV00004207,A002674,2026-08-19 14:00:00,AG0081,RESCHEDULED
FV00004208,A003358,2026-08-03 11:00:00,AG0023,SUCCESSFUL
FV00004209,A004125,2025-09-10 11:00:00,AG0105,UNSUCCESSFUL
FV00004210,A001390,2026-07-03 09:00:00,AG0075,RESCHEDULED
FV00004211,A003662,2026-04-18 11:00:00,AG0036,RESCHEDULED
FV00004212,A002703,2026-05-16 14:00:00,AG0068,SUCCESSFUL
FV00004213,A003297,2026-08-06 16:00:00,AG0029,RESCHEDULED
FV00004214,A002442,2026-05-20 15:00:00,AG0032,SUCCESSFUL
FV00004215,A000408,2026-04-02 12:00:00,AG0046,SUCCESSFUL
FV00004216,A000372,2025-12-13 16:00:00,AG0043,RESCHEDULED
FV00004217,A001888,2026-03-03 14:00:00,AG0047,SUCCESSFUL
FV00004218,A000282,2025-11-09 12:00:00,AG0042,UNSUCCESSFUL
FV00004219,A001227,2026-07-19 10:00:00,AG0112,SUCCESSFUL
FV00004220,A001630,2026-02-04 16:00:00,AG0034,SUCCESSFUL
FV00004221,A002304,2026-02-13 15:00:00,AG0051,UNSUCCESSFUL
FV00004222,A001567,2025-09-15 11:00:00,AG0028,UNSUCCESSFUL
FV00004223,A001257,2026-04-21 17:00:00,AG0120,RESCHEDULED
FV00004224,A000040,2026-08-17 09:00:00,AG0085,UNSUCCESSFUL
FV00004225,A003145,2026-04-17 15:00:00,AG0020,UNSUCCESSFUL
FV00004226,A000846,2025-12-06 12:00:00,AG0002,UNSUCCESSFUL
FV00004227,A001858,2026-08-20 10:00:00,AG0001,UNSUCCESSFUL
FV00004228,A003093,2025-10-01 12:00:00,AG0012,SUCCESSFUL
FV00004229,A003184,2026-03-11 09:00:00,AG0117,UNSUCCESSFUL
FV00004230,A000950,2026-02-25 09:00:00,AG0010,SUCCESSFUL
FV00004231,A002637,2026-02-07 11:00:00,AG0094,RESCHEDULED
FV00004232,A002307,2026-01-24 13:00:00,AG0001,SUCCESSFUL
FV00004233,A002396,2026-05-16 09:00:00,AG0087,SUCCESSFUL
FV00004234,A000005,2026-06-01 17:00:00,AG0012,RESCHEDULED
FV00004235,A003401,2026-05-22 16:00:00,AG0117,UNSUCCESSFUL
FV00004236,A000341,2025-11-26 16:00:00,AG0100,UNSUCCESSFUL
FV00004237,A000222,2025-10-11 08:00:00,AG0058,UNSUCCESSFUL
FV00004238,A003700,2026-06-21 10:00:00,AG0063,UNSUCCESSFUL
FV00004239,A000440,2025-09-22 11:00:00,AG0055,SUCCESSFUL
FV00004240,A001571,2026-03-15 12:00:00,AG0069,UNSUCCESSFUL
FV00004241,A002719,2026-06-21 10:00:00,AG0073,UNSUCCESSFUL
FV00004242,A001286,2025-10-11 12:00:00,AG0067,UNSUCCESSFUL
FV00004243,A000109,2025-12-11 17:00:00,AG0014,UNSUCCESSFUL
FV00004244,A001970,2026-05-09 11:00:00,AG0006,RESCHEDULED
FV00004245,A000893,2026-06-24 17:00:00,AG0115,SUCCESSFUL
FV00004246,A003770,2025-09-25 14:00:00,AG0017,UNSUCCESSFUL
FV00004247,A000284,2026-03-12 16:00:00,AG0044,RESCHEDULED
FV00004248,A003936,2026-06-17 09:00:00,AG0029,SUCCESSFUL
FV00004249,A002664,2025-11-27 12:00:00,AG0017,UNSUCCESSFUL
FV00004250,A002357,2026-01-24 14:00:00,AG0018,UNSUCCESSFUL
FV00004251,A003931,2025-09-01 15:00:00,AG0031,SUCCESSFUL
FV00004252,A003195,2026-02-05 18:00:00,AG0033,UNSUCCESSFUL
FV00004253,A001539,2026-04-19 11:00:00,AG0066,SUCCESSFUL
FV00004254,A003303,2025-12-24 11:00:00,AG0034,UNSUCCESSFUL
FV00004255,A001243,2026-07-19 13:00:00,AG0113,RESCHEDULED
FV00004256,A000784,2026-02-12 09:00:00,AG0043,SUCCESSFUL
FV00004257,A001378,2026-02-05 10:00:00,AG0076,UNSUCCESSFUL
FV00004258,A003785,2026-01-13 17:00:00,AG0025,UNSUCCESSFUL
FV00004259,A003812,2026-03-13 08:00:00,AG0066,SUCCESSFUL
FV00004260,A003662,2026-03-06 10:00:00,AG0094,UNSUCCESSFUL
FV00004261,A001294,2025-12-19 16:00:00,AG0039,UNSUCCESSFUL
FV00004262,A000183,2025-10-11 08:00:00,AG0033,SUCCESSFUL
FV00004263,A000497,2025-09-19 13:00:00,AG0042,UNSUCCESSFUL
FV00004264,A001973,2026-02-22 15:00:00,AG0039,SUCCESSFUL
FV00004265,A003302,2026-07-23 14:00:00,AG0042,SUCCESSFUL
FV00004266,A004087,2026-08-07 15:00:00,AG0006,UNSUCCESSFUL
FV00004267,A002898,2026-03-06 13:00:00,AG0050,SUCCESSFUL
FV00004268,A000936,2025-12-09 11:00:00,AG0022,RESCHEDULED
FV00004269,A002444,2026-02-27 17:00:00,AG0082,UNSUCCESSFUL
FV00004270,A001196,2026-01-10 09:00:00,AG0078,UNSUCCESSFUL
FV00004271,A001911,2026-07-03 09:00:00,AG0065,UNSUCCESSFUL
FV00004272,A003631,2025-12-21 10:00:00,AG0028,RESCHEDULED
FV00004273,A003441,2025-10-08 10:00:00,AG0038,UNSUCCESSFUL
FV00004274,A003820,2026-01-24 11:00:00,AG0090,UNSUCCESSFUL
FV00004275,A003018,2025-10-15 15:00:00,AG0084,UNSUCCESSFUL
FV00004276,A001688,2026-01-27 11:00:00,AG0064,UNSUCCESSFUL
FV00004277,A002528,2025-09-17 10:00:00,AG0054,RESCHEDULED
FV00004278,A003166,2025-10-15 13:00:00,AG0076,UNSUCCESSFUL
FV00004279,A003438,2025-11-12 13:00:00,AG0015,SUCCESSFUL
FV00004280,A002661,2025-11-11 17:00:00,AG0037,RESCHEDULED
FV00004281,A001668,2026-02-27 15:00:00,AG0086,UNSUCCESSFUL
FV00004282,A001078,2026-08-20 11:00:00,AG0015,SUCCESSFUL
FV00004283,A003027,2026-05-15 11:00:00,AG0058,UNSUCCESSFUL
FV00004284,A003088,2026-08-25 14:00:00,AG0076,SUCCESSFUL
FV00004285,A000274,2026-04-27 18:00:00,AG0071,UNSUCCESSFUL
FV00004286,A004081,2026-02-22 10:00:00,AG0099,SUCCESSFUL
FV00004287,A001438,2026-02-13 15:00:00,AG0030,UNSUCCESSFUL
FV00004288,A002476,2026-07-08 12:00:00,AG0096,SUCCESSFUL
FV00004289,A003591,2025-11-27 10:00:00,AG0086,SUCCESSFUL
FV00004290,A003916,2025-09-16 09:00:00,AG0091,UNSUCCESSFUL
FV00004291,A002532,2026-06-17 15:00:00,AG0118,UNSUCCESSFUL
FV00004292,A003023,2026-02-26 16:00:00,AG0106,RESCHEDULED
FV00004293,A000040,2026-01-09 18:00:00,AG0011,RESCHEDULED
FV00004294,A002348,2025-10-22 08:00:00,AG0021,SUCCESSFUL
FV00004295,A003809,2026-07-10 17:00:00,AG0080,UNSUCCESSFUL
FV00004296,A002899,2026-08-24 15:00:00,AG0075,UNSUCCESSFUL
FV00004297,A002421,2025-09-15 08:00:00,AG0111,UNSUCCESSFUL
FV00004298,A003262,2026-04-04 15:00:00,AG0037,SUCCESSFUL
FV00004299,A001221,2025-11-18 09:00:00,AG0056,UNSUCCESSFUL
FV00004300,A003779,2026-01-22 17:00:00,AG0039,UNSUCCESSFUL
FV00004301,A004080,2026-08-11 15:00:00,AG0020,SUCCESSFUL
FV00004302,A003406,2026-07-22 18:00:00,AG0101,SUCCESSFUL
FV00004303,A000058,2026-08-12 17:00:00,AG0073,SUCCESSFUL
FV00004304,A002578,2025-11-06 11:00:00,AG0098,SUCCESSFUL
FV00004305,A002276,2025-10-16 16:00:00,AG0106,SUCCESSFUL
FV00004306,A001490,2025-12-16 15:00:00,AG0047,UNSUCCESSFUL
FV00004307,A001958,2025-11-08 08:00:00,AG0008,UNSUCCESSFUL
FV00004308,A001214,2026-01-21 16:00:00,AG0076,UNSUCCESSFUL
FV00004309,A003577,2026-03-08 18:00:00,AG0020,RESCHEDULED
FV00004310,A000485,2025-10-27 12:00:00,AG0006,UNSUCCESSFUL
FV00004311,A001052,2025-09-13 09:00:00,AG0089,UNSUCCESSFUL
FV00004312,A000786,2026-06-08 09:00:00,AG0010,RESCHEDULED
FV00004313,A000709,2026-08-09 15:00:00,AG0041,UNSUCCESSFUL
FV00004314,A000319,2026-04-15 09:00:00,AG0099,SUCCESSFUL
FV00004315,A002874,2026-08-02 18:00:00,AG0099,SUCCESSFUL
FV00004316,A003881,2026-04-23 10:00:00,AG0058,SUCCESSFUL
FV00004317,A003791,2026-05-07 17:00:00,AG0046,SUCCESSFUL
FV00004318,A002984,2026-03-07 16:00:00,AG0103,SUCCESSFUL
FV00004319,A003177,2026-05-01 11:00:00,AG0093,SUCCESSFUL
FV00004320,A000939,2026-02-14 13:00:00,AG0051,SUCCESSFUL
FV00004321,A002867,2026-02-20 09:00:00,AG0080,UNSUCCESSFUL
FV00004322,A000280,2026-08-26 18:00:00,AG0002,UNSUCCESSFUL
FV00004323,A000467,2025-11-09 18:00:00,AG0059,UNSUCCESSFUL
FV00004324,A003551,2026-04-12 16:00:00,AG0100,SUCCESSFUL
FV00004325,A003798,2025-10-11 15:00:00,AG0081,RESCHEDULED
FV00004326,A000325,2026-08-04 15:00:00,AG0004,SUCCESSFUL
FV00004327,A001878,2025-10-14 10:00:00,AG0046,UNSUCCESSFUL
FV00004328,A001694,2026-04-23 15:00:00,AG0050,SUCCESSFUL
FV00004329,A002561,2026-03-12 15:00:00,AG0093,UNSUCCESSFUL
FV00004330,A003092,2026-08-19 09:00:00,AG0105,UNSUCCESSFUL
FV00004331,A001971,2026-01-15 08:00:00,AG0096,SUCCESSFUL
FV00004332,A002209,2025-10-07 09:00:00,AG0076,UNSUCCESSFUL
FV00004333,A000834,2026-03-18 17:00:00,AG0071,SUCCESSFUL
FV00004334,A001605,2025-09-25 13:00:00,AG0087,SUCCESSFUL
FV00004335,A003021,2026-07-15 11:00:00,AG0033,SUCCESSFUL
FV00004336,A000399,2026-08-09 10:00:00,AG0104,SUCCESSFUL
FV00004337,A000126,2026-06-21 15:00:00,AG0043,SUCCESSFUL
FV00004338,A002771,2025-09-22 15:00:00,AG0072,SUCCESSFUL
FV00004339,A001285,2026-08-17 17:00:00,AG0078,SUCCESSFUL
FV00004340,A000561,2025-11-12 11:00:00,AG0060,UNSUCCESSFUL
FV00004341,A001876,2025-09-24 15:00:00,AG0055,SUCCESSFUL
FV00004342,A002116,2025-11-04 10:00:00,AG0039,SUCCESSFUL
FV00004343,A000504,2025-12-24 18:00:00,AG0085,UNSUCCESSFUL
FV00004344,A002219,2025-09-04 11:00:00,AG0067,SUCCESSFUL
FV00004345,A000912,2025-12-19 08:00:00,AG0088,SUCCESSFUL
FV00004346,A001949,2026-05-04 12:00:00,AG0093,UNSUCCESSFUL
FV00004347,A002812,2025-11-10 15:00:00,AG0024,SUCCESSFUL
FV00004348,A001949,2026-08-27 13:00:00,AG0056,SUCCESSFUL
FV00004349,A003154,2026-05-15 08:00:00,AG0115,UNSUCCESSFUL
FV00004350,A003195,2026-02-05 11:00:00,AG0119,UNSUCCESSFUL
FV00004351,A000339,2026-06-26 16:00:00,AG0049,SUCCESSFUL
FV00004352,A002157,2026-06-01 14:00:00,AG0082,RESCHEDULED
FV00004353,A000248,2026-04-11 11:00:00,AG0050,UNSUCCESSFUL
FV00004354,A000168,2026-08-01 11:00:00,AG0102,UNSUCCESSFUL
FV00004355,A000170,2026-06-20 13:00:00,AG0115,RESCHEDULED
FV00004356,A004094,2026-06-24 09:00:00,AG0111,SUCCESSFUL
FV00004357,A002640,2026-06-26 10:00:00,AG0056,UNSUCCESSFUL
FV00004358,A003829,2025-10-14 14:00:00,AG0020,RESCHEDULED
FV00004359,A001316,2026-04-12 17:00:00,AG0039,UNSUCCESSFUL
FV00004360,A001742,2026-08-08 09:00:00,AG0050,SUCCESSFUL
FV00004361,A002448,2026-03-06 17:00:00,AG0088,UNSUCCESSFUL
FV00004362,A001089,2026-07-09 08:00:00,AG0080,SUCCESSFUL
FV00004363,A001824,2025-12-03 17:00:00,AG0031,UNSUCCESSFUL
FV00004364,A003069,2025-12-01 10:00:00,AG0043,SUCCESSFUL
FV00004365,A003336,2026-02-06 08:00:00,AG0098,UNSUCCESSFUL
FV00004366,A002411,2026-08-24 18:00:00,AG0050,UNSUCCESSFUL
FV00004367,A003226,2026-02-20 09:00:00,AG0074,SUCCESSFUL
FV00004368,A001921,2025-11-23 08:00:00,AG0077,RESCHEDULED
FV00004369,A003957,2025-09-21 11:00:00,AG0112,UNSUCCESSFUL
FV00004370,A003722,2025-10-18 15:00:00,AG0068,RESCHEDULED
FV00004371,A000179,2026-05-22 10:00:00,AG0119,SUCCESSFUL
FV00004372,A004024,2025-11-14 14:00:00,AG0092,SUCCESSFUL
FV00004373,A002760,2026-06-12 13:00:00,AG0090,UNSUCCESSFUL
FV00004374,A003044,2026-05-04 15:00:00,AG0102,SUCCESSFUL
FV00004375,A003942,2026-07-20 11:00:00,AG0023,UNSUCCESSFUL
FV00004376,A003919,2026-01-27 13:00:00,AG0112,RESCHEDULED
FV00004377,A001495,2026-07-07 13:00:00,AG0002,SUCCESSFUL
FV00004378,A000631,2026-03-13 11:00:00,AG0120,SUCCESSFUL
FV00004379,A003684,2026-02-10 09:00:00,AG0014,SUCCESSFUL
FV00004380,A002432,2026-04-26 12:00:00,AG0010,SUCCESSFUL
FV00004381,A000183,2026-07-08 16:00:00,AG0016,UNSUCCESSFUL
FV00004382,A001409,2025-12-06 13:00:00,AG0016,UNSUCCESSFUL
FV00004383,A003028,2026-03-04 09:00:00,AG0104,UNSUCCESSFUL
FV00004384,A001318,2026-05-14 12:00:00,AG0094,SUCCESSFUL
FV00004385,A003384,2025-11-17 16:00:00,AG0098,SUCCESSFUL
FV00004386,A002301,2025-11-12 14:00:00,AG0023,SUCCESSFUL
FV00004387,A002756,2025-11-03 14:00:00,AG0070,UNSUCCESSFUL
FV00004388,A003219,2026-04-21 10:00:00,AG0078,UNSUCCESSFUL
FV00004389,A001692,2026-05-16 15:00:00,AG0045,UNSUCCESSFUL
FV00004390,A000228,2026-04-06 17:00:00,AG0105,SUCCESSFUL
FV00004391,A003434,2026-05-12 09:00:00,AG0010,SUCCESSFUL
FV00004392,A000738,2026-02-14 09:00:00,AG0070,SUCCESSFUL
FV00004393,A003514,2026-07-06 09:00:00,AG0039,RESCHEDULED
FV00004394,A003450,2026-08-15 17:00:00,AG0053,SUCCESSFUL
FV00004395,A003162,2025-09-22 16:00:00,AG0067,SUCCESSFUL
FV00004396,A000768,2026-02-27 16:00:00,AG0068,SUCCESSFUL
FV00004397,A000351,2025-11-20 13:00:00,AG0100,UNSUCCESSFUL
FV00004398,A002965,2026-08-08 16:00:00,AG0113,SUCCESSFUL
FV00004399,A003976,2026-04-08 10:00:00,AG0047,RESCHEDULED
FV00004400,A001347,2025-09-19 11:00:00,AG0069,UNSUCCESSFUL
FV00004401,A000494,2025-12-19 09:00:00,AG0013,SUCCESSFUL
FV00004402,A003963,2025-09-07 18:00:00,AG0034,UNSUCCESSFUL
FV00004403,A003390,2026-03-21 14:00:00,AG0017,UNSUCCESSFUL
FV00004404,A003636,2026-07-23 11:00:00,AG0098,UNSUCCESSFUL
FV00004405,A003079,2026-02-05 14:00:00,AG0062,UNSUCCESSFUL
FV00004406,A002268,2025-11-12 10:00:00,AG0002,UNSUCCESSFUL
FV00004407,A003141,2026-02-18 08:00:00,AG0087,RESCHEDULED
FV00004408,A001985,2025-12-14 08:00:00,AG0062,UNSUCCESSFUL
FV00004409,A002188,2026-07-18 14:00:00,AG0091,UNSUCCESSFUL
FV00004410,A004057,2025-09-19 08:00:00,AG0027,SUCCESSFUL
FV00004411,A002630,2026-02-26 16:00:00,AG0042,RESCHEDULED
FV00004412,A003463,2025-12-05 09:00:00,AG0116,UNSUCCESSFUL
FV00004413,A002157,2025-09-06 16:00:00,AG0018,UNSUCCESSFUL
FV00004414,A003050,2025-12-13 11:00:00,AG0003,SUCCESSFUL
FV00004415,A001345,2026-07-21 16:00:00,AG0057,UNSUCCESSFUL
FV00004416,A000159,2025-12-17 18:00:00,AG0104,UNSUCCESSFUL
FV00004417,A003681,2026-06-08 17:00:00,AG0092,UNSUCCESSFUL
FV00004418,A001540,2026-06-08 09:00:00,AG0013,SUCCESSFUL
FV00004419,A002540,2026-02-11 17:00:00,AG0080,UNSUCCESSFUL
FV00004420,A001355,2026-04-01 10:00:00,AG0039,SUCCESSFUL
FV00004421,A003384,2026-02-07 16:00:00,AG0071,RESCHEDULED
FV00004422,A003488,2026-06-02 14:00:00,AG0090,SUCCESSFUL
FV00004423,A003254,2026-05-05 12:00:00,AG0034,UNSUCCESSFUL
FV00004424,A003239,2026-03-02 13:00:00,AG0101,SUCCESSFUL
FV00004425,A002212,2026-02-12 16:00:00,AG0091,SUCCESSFUL
FV00004426,A002420,2026-05-14 18:00:00,AG0064,SUCCESSFUL
FV00004427,A003287,2026-06-24 12:00:00,AG0063,SUCCESSFUL
FV00004428,A000239,2025-11-19 17:00:00,AG0115,UNSUCCESSFUL
FV00004429,A002350,2026-07-15 14:00:00,AG0091,SUCCESSFUL
FV00004430,A003870,2026-03-01 16:00:00,AG0037,SUCCESSFUL
FV00004431,A001664,2026-08-02 16:00:00,AG0079,SUCCESSFUL
FV00004432,A003506,2026-05-09 18:00:00,AG0027,UNSUCCESSFUL
FV00004433,A004047,2025-09-15 17:00:00,AG0011,SUCCESSFUL
FV00004434,A001932,2026-05-12 18:00:00,AG0018,RESCHEDULED
FV00004435,A001980,2026-06-08 13:00:00,AG0043,SUCCESSFUL
FV00004436,A003111,2026-02-09 17:00:00,AG0097,SUCCESSFUL
FV00004437,A001611,2026-05-14 17:00:00,AG0056,UNSUCCESSFUL
FV00004438,A000133,2026-08-23 18:00:00,AG0079,UNSUCCESSFUL
FV00004439,A000999,2026-04-07 18:00:00,AG0036,SUCCESSFUL
FV00004440,A002421,2026-08-25 08:00:00,AG0100,SUCCESSFUL
FV00004441,A003388,2026-07-11 13:00:00,AG0016,SUCCESSFUL
FV00004442,A003457,2026-01-05 11:00:00,AG0060,UNSUCCESSFUL
FV00004443,A003046,2025-09-20 11:00:00,AG0021,SUCCESSFUL
FV00004444,A003099,2025-10-01 11:00:00,AG0058,UNSUCCESSFUL
FV00004445,A002830,2026-08-05 13:00:00,AG0005,SUCCESSFUL
FV00004446,A000172,2025-09-12 13:00:00,AG0028,UNSUCCESSFUL
FV00004447,A002533,2026-05-13 17:00:00,AG0114,RESCHEDULED
FV00004448,A001513,2025-09-07 08:00:00,AG0097,UNSUCCESSFUL
FV00004449,A000138,2026-06-24 14:00:00,AG0061,UNSUCCESSFUL
FV00004450,A002245,2026-01-08 11:00:00,AG0036,UNSUCCESSFUL
FV00004451,A002565,2026-07-26 08:00:00,AG0097,RESCHEDULED
FV00004452,A001894,2026-07-10 12:00:00,AG0003,UNSUCCESSFUL
FV00004453,A000836,2026-04-18 10:00:00,AG0086,SUCCESSFUL
FV00004454,A001166,2026-06-17 18:00:00,AG0023,UNSUCCESSFUL
FV00004455,A001127,2026-01-12 09:00:00,AG0028,SUCCESSFUL
FV00004456,A004194,2026-06-03 09:00:00,AG0113,UNSUCCESSFUL
FV00004457,A001502,2026-02-20 11:00:00,AG0083,UNSUCCESSFUL
FV00004458,A003673,2026-06-20 08:00:00,AG0105,SUCCESSFUL
FV00004459,A002917,2025-09-04 14:00:00,AG0074,UNSUCCESSFUL
FV00004460,A003018,2026-05-02 11:00:00,AG0083,RESCHEDULED
FV00004461,A002808,2026-07-01 15:00:00,AG0012,SUCCESSFUL
FV00004462,A003364,2026-01-04 12:00:00,AG0100,UNSUCCESSFUL
FV00004463,A001795,2026-04-07 15:00:00,AG0114,RESCHEDULED
FV00004464,A003752,2026-08-05 16:00:00,AG0108,UNSUCCESSFUL
FV00004465,A002354,2026-02-08 17:00:00,AG0027,UNSUCCESSFUL
FV00004466,A000365,2026-02-13 12:00:00,AG0018,UNSUCCESSFUL
FV00004467,A002818,2025-10-25 11:00:00,AG0079,RESCHEDULED
FV00004468,A003536,2025-11-19 08:00:00,AG0091,SUCCESSFUL
FV00004469,A003005,2026-02-06 11:00:00,AG0018,UNSUCCESSFUL
FV00004470,A001177,2026-06-16 15:00:00,AG0003,UNSUCCESSFUL
FV00004471,A002526,2025-10-27 18:00:00,AG0056,SUCCESSFUL
FV00004472,A001357,2026-01-27 13:00:00,AG0106,SUCCESSFUL
FV00004473,A000206,2025-12-01 09:00:00,AG0020,UNSUCCESSFUL
FV00004474,A000475,2026-06-12 12:00:00,AG0070,UNSUCCESSFUL
FV00004475,A001141,2025-12-05 12:00:00,AG0059,UNSUCCESSFUL
FV00004476,A000397,2025-09-18 12:00:00,AG0017,UNSUCCESSFUL
FV00004477,A002483,2026-07-05 08:00:00,AG0049,UNSUCCESSFUL
FV00004478,A000949,2026-06-26 12:00:00,AG0071,SUCCESSFUL
FV00004479,A003269,2026-03-09 18:00:00,AG0013,RESCHEDULED
FV00004480,A002753,2026-03-08 09:00:00,AG0010,UNSUCCESSFUL
FV00004481,A003652,2025-11-02 17:00:00,AG0054,UNSUCCESSFUL
FV00004482,A002577,2026-03-22 18:00:00,AG0064,UNSUCCESSFUL
FV00004483,A003746,2026-05-17 17:00:00,AG0056,SUCCESSFUL
FV00004484,A000500,2026-03-04 11:00:00,AG0081,SUCCESSFUL
FV00004485,A002215,2026-04-06 12:00:00,AG0014,UNSUCCESSFUL
FV00004486,A000055,2026-05-13 09:00:00,AG0051,SUCCESSFUL
FV00004487,A003025,2025-12-20 08:00:00,AG0014,RESCHEDULED
FV00004488,A002526,2025-11-25 12:00:00,AG0019,UNSUCCESSFUL
FV00004489,A003559,2026-01-13 14:00:00,AG0083,UNSUCCESSFUL
FV00004490,A004143,2025-10-26 15:00:00,AG0033,SUCCESSFUL
FV00004491,A000856,2026-07-03 16:00:00,AG0035,UNSUCCESSFUL
FV00004492,A002883,2025-09-19 11:00:00,AG0114,UNSUCCESSFUL
FV00004493,A004060,2025-12-17 09:00:00,AG0015,UNSUCCESSFUL
FV00004494,A003925,2026-07-22 17:00:00,AG0034,SUCCESSFUL
FV00004495,A003788,2026-06-03 10:00:00,AG0056,UNSUCCESSFUL
FV00004496,A001766,2026-02-14 16:00:00,AG0075,SUCCESSFUL
FV00004497,A002686,2025-09-17 15:00:00,AG0065,SUCCESSFUL
FV00004498,A000788,2026-04-19 17:00:00,AG0058,UNSUCCESSFUL
FV00004499,A001498,2025-09-12 09:00:00,AG0045,UNSUCCESSFUL
FV00004500,A001728,2025-11-19 14:00:00,AG0118,UNSUCCESSFUL
FV00004501,A003207,2026-04-24 11:00:00,AG0108,RESCHEDULED
FV00004502,A002482,2026-06-02 10:00:00,AG0080,SUCCESSFUL
FV00004503,A002638,2026-06-17 11:00:00,AG0105,UNSUCCESSFUL
FV00004504,A001839,2026-03-25 14:00:00,AG0056,UNSUCCESSFUL
FV00004505,A002784,2026-07-14 13:00:00,AG0098,UNSUCCESSFUL
FV00004506,A003454,2026-05-03 15:00:00,AG0002,SUCCESSFUL
FV00004507,A003188,2026-02-15 12:00:00,AG0035,SUCCESSFUL
FV00004508,A003852,2026-04-15 16:00:00,AG0074,UNSUCCESSFUL
FV00004509,A004051,2026-06-12 17:00:00,AG0088,UNSUCCESSFUL
FV00004510,A004123,2026-06-14 18:00:00,AG0006,UNSUCCESSFUL
FV00004511,A003100,2026-03-26 15:00:00,AG0015,UNSUCCESSFUL
FV00004512,A000404,2026-02-01 14:00:00,AG0010,UNSUCCESSFUL
FV00004513,A002393,2026-05-06 13:00:00,AG0102,UNSUCCESSFUL
FV00004514,A001621,2026-05-01 08:00:00,AG0016,UNSUCCESSFUL
FV00004515,A000993,2026-02-21 17:00:00,AG0066,SUCCESSFUL
FV00004516,A000588,2025-11-03 16:00:00,AG0093,SUCCESSFUL
FV00004517,A001165,2025-10-19 10:00:00,AG0018,SUCCESSFUL
FV00004518,A001154,2026-05-10 14:00:00,AG0037,SUCCESSFUL
FV00004519,A000252,2026-01-27 15:00:00,AG0093,UNSUCCESSFUL
FV00004520,A001798,2026-03-02 13:00:00,AG0090,UNSUCCESSFUL
FV00004521,A002874,2026-06-16 18:00:00,AG0019,UNSUCCESSFUL
FV00004522,A003429,2026-04-07 15:00:00,AG0009,SUCCESSFUL
FV00004523,A001289,2025-10-08 12:00:00,AG0058,UNSUCCESSFUL
FV00004524,A000091,2026-06-13 13:00:00,AG0108,UNSUCCESSFUL
FV00004525,A000479,2026-02-11 18:00:00,AG0030,UNSUCCESSFUL
FV00004526,A003580,2026-06-26 13:00:00,AG0010,UNSUCCESSFUL
FV00004527,A002622,2026-07-23 10:00:00,AG0058,UNSUCCESSFUL
FV00004528,A002514,2026-06-22 16:00:00,AG0010,SUCCESSFUL
FV00004529,A002516,2026-06-22 16:00:00,AG0006,SUCCESSFUL
FV00004530,A000197,2026-02-05 17:00:00,AG0018,UNSUCCESSFUL
FV00004531,A004073,2026-04-08 10:00:00,AG0035,SUCCESSFUL
FV00004532,A002087,2025-11-07 09:00:00,AG0027,SUCCESSFUL
FV00004533,A000364,2025-09-20 11:00:00,AG0049,SUCCESSFUL
FV00004534,A000806,2025-12-08 08:00:00,AG0089,UNSUCCESSFUL
FV00004535,A003048,2026-07-01 13:00:00,AG0035,SUCCESSFUL
FV00004536,A002268,2026-03-03 08:00:00,AG0066,RESCHEDULED
FV00004537,A001129,2025-10-08 09:00:00,AG0119,UNSUCCESSFUL
FV00004538,A000094,2025-10-06 11:00:00,AG0043,UNSUCCESSFUL
FV00004539,A000098,2026-02-05 17:00:00,AG0115,UNSUCCESSFUL
FV00004540,A004104,2025-09-27 18:00:00,AG0053,UNSUCCESSFUL
FV00004541,A001859,2025-09-02 17:00:00,AG0063,SUCCESSFUL
FV00004542,A002526,2026-08-12 18:00:00,AG0004,UNSUCCESSFUL
FV00004543,A000139,2026-08-20 18:00:00,AG0113,SUCCESSFUL
FV00004544,A000807,2026-03-11 09:00:00,AG0065,SUCCESSFUL
FV00004545,A002336,2026-03-05 16:00:00,AG0059,RESCHEDULED
FV00004546,A003418,2026-06-10 16:00:00,AG0098,UNSUCCESSFUL
FV00004547,A003030,2025-11-03 12:00:00,AG0004,UNSUCCESSFUL
FV00004548,A001048,2026-03-23 16:00:00,AG0092,SUCCESSFUL
FV00004549,A001990,2025-10-22 09:00:00,AG0081,UNSUCCESSFUL
FV00004550,A002183,2026-01-09 14:00:00,AG0111,UNSUCCESSFUL
FV00004551,A003925,2026-07-10 13:00:00,AG0012,RESCHEDULED
FV00004552,A001516,2026-08-03 08:00:00,AG0025,RESCHEDULED
FV00004553,A003916,2025-10-06 08:00:00,AG0031,UNSUCCESSFUL
FV00004554,A004056,2026-06-01 14:00:00,AG0117,SUCCESSFUL
FV00004555,A002509,2026-01-14 13:00:00,AG0117,UNSUCCESSFUL
FV00004556,A000590,2026-01-18 12:00:00,AG0114,SUCCESSFUL
FV00004557,A001835,2026-06-03 11:00:00,AG0052,UNSUCCESSFUL
FV00004558,A000512,2025-12-13 15:00:00,AG0009,RESCHEDULED
FV00004559,A001351,2026-08-11 08:00:00,AG0032,SUCCESSFUL
FV00004560,A004177,2026-07-27 15:00:00,AG0067,RESCHEDULED
FV00004561,A001379,2025-09-03 13:00:00,AG0011,SUCCESSFUL
FV00004562,A004164,2025-09-24 11:00:00,AG0105,RESCHEDULED
FV00004563,A002894,2026-08-14 09:00:00,AG0082,UNSUCCESSFUL
FV00004564,A003790,2025-10-03 17:00:00,AG0101,RESCHEDULED
FV00004565,A003720,2026-06-18 09:00:00,AG0090,UNSUCCESSFUL
FV00004566,A004149,2026-01-06 09:00:00,AG0104,UNSUCCESSFUL
FV00004567,A001039,2026-04-14 15:00:00,AG0019,UNSUCCESSFUL
FV00004568,A000300,2026-04-03 13:00:00,AG0045,UNSUCCESSFUL
FV00004569,A002781,2026-05-26 08:00:00,AG0074,SUCCESSFUL
FV00004570,A000027,2026-06-01 12:00:00,AG0095,SUCCESSFUL
FV00004571,A003285,2026-02-01 08:00:00,AG0051,SUCCESSFUL
FV00004572,A002115,2025-11-12 08:00:00,AG0001,SUCCESSFUL
FV00004573,A000985,2026-07-14 18:00:00,AG0120,SUCCESSFUL
FV00004574,A002589,2026-03-20 10:00:00,AG0070,UNSUCCESSFUL
FV00004575,A002010,2026-01-07 10:00:00,AG0115,UNSUCCESSFUL
FV00004576,A002238,2026-04-12 08:00:00,AG0049,UNSUCCESSFUL
FV00004577,A000765,2025-09-23 16:00:00,AG0104,SUCCESSFUL
FV00004578,A001651,2026-07-24 13:00:00,AG0101,SUCCESSFUL
FV00004579,A003756,2026-08-12 09:00:00,AG0043,UNSUCCESSFUL
FV00004580,A001337,2025-11-11 17:00:00,AG0090,UNSUCCESSFUL
FV00004581,A003200,2025-12-24 08:00:00,AG0080,SUCCESSFUL
FV00004582,A001573,2026-05-16 15:00:00,AG0018,SUCCESSFUL
FV00004583,A001740,2026-03-25 14:00:00,AG0039,UNSUCCESSFUL
FV00004584,A003741,2025-12-09 15:00:00,AG0046,UNSUCCESSFUL
FV00004585,A002290,2026-01-24 12:00:00,AG0109,RESCHEDULED
FV00004586,A003051,2026-07-22 11:00:00,AG0120,UNSUCCESSFUL
FV00004587,A000181,2025-10-16 15:00:00,AG0074,SUCCESSFUL
FV00004588,A003985,2025-09-19 08:00:00,AG0100,UNSUCCESSFUL
FV00004589,A003424,2026-05-18 13:00:00,AG0073,UNSUCCESSFUL
FV00004590,A001639,2025-09-07 10:00:00,AG0016,UNSUCCESSFUL
FV00004591,A000928,2026-06-22 13:00:00,AG0095,SUCCESSFUL
FV00004592,A000396,2025-10-09 14:00:00,AG0099,SUCCESSFUL
FV00004593,A000275,2026-02-15 17:00:00,AG0045,SUCCESSFUL
FV00004594,A001954,2025-09-06 10:00:00,AG0041,UNSUCCESSFUL
FV00004595,A002821,2026-04-26 12:00:00,AG0048,UNSUCCESSFUL
FV00004596,A002651,2025-10-04 16:00:00,AG0042,UNSUCCESSFUL
FV00004597,A001723,2025-11-07 18:00:00,AG0042,SUCCESSFUL
FV00004598,A002759,2026-06-04 08:00:00,AG0049,UNSUCCESSFUL
FV00004599,A001954,2025-10-10 14:00:00,AG0062,UNSUCCESSFUL
FV00004600,A002470,2026-01-23 12:00:00,AG0114,UNSUCCESSFUL
FV00004601,A002398,2026-04-16 11:00:00,AG0031,UNSUCCESSFUL
FV00004602,A000199,2026-03-10 17:00:00,AG0064,SUCCESSFUL
FV00004603,A001078,2026-05-22 13:00:00,AG0115,UNSUCCESSFUL
FV00004604,A001935,2026-04-27 17:00:00,AG0005,SUCCESSFUL
FV00004605,A001276,2026-07-19 15:00:00,AG0018,UNSUCCESSFUL
FV00004606,A004131,2026-07-12 08:00:00,AG0113,UNSUCCESSFUL
FV00004607,A001628,2025-12-25 17:00:00,AG0050,UNSUCCESSFUL
FV00004608,A000479,2026-02-26 16:00:00,AG0110,SUCCESSFUL
FV00004609,A001887,2026-04-22 12:00:00,AG0036,SUCCESSFUL
FV00004610,A004163,2026-05-17 13:00:00,AG0119,UNSUCCESSFUL
FV00004611,A000659,2026-02-26 08:00:00,AG0064,SUCCESSFUL
FV00004612,A002825,2025-11-19 11:00:00,AG0017,SUCCESSFUL
FV00004613,A003556,2025-10-23 09:00:00,AG0013,SUCCESSFUL
FV00004614,A002324,2026-02-15 13:00:00,AG0096,SUCCESSFUL
FV00004615,A003764,2026-04-04 11:00:00,AG0042,SUCCESSFUL
FV00004616,A000201,2025-11-17 11:00:00,AG0071,SUCCESSFUL
FV00004617,A002335,2026-08-05 17:00:00,AG0026,SUCCESSFUL
FV00004618,A001378,2025-12-15 11:00:00,AG0059,UNSUCCESSFUL
FV00004619,A004065,2026-01-20 08:00:00,AG0030,UNSUCCESSFUL
FV00004620,A001966,2026-03-16 17:00:00,AG0048,UNSUCCESSFUL
FV00004621,A002322,2025-12-13 13:00:00,AG0033,UNSUCCESSFUL
FV00004622,A003832,2026-05-06 17:00:00,AG0018,UNSUCCESSFUL
FV00004623,A004031,2026-08-02 17:00:00,AG0062,UNSUCCESSFUL
FV00004624,A001171,2025-10-11 13:00:00,AG0066,SUCCESSFUL
FV00004625,A000676,2026-07-23 08:00:00,AG0034,SUCCESSFUL
FV00004626,A000693,2026-01-06 12:00:00,AG0082,UNSUCCESSFUL
FV00004627,A003680,2025-12-16 18:00:00,AG0017,SUCCESSFUL
FV00004628,A001107,2026-08-24 09:00:00,AG0013,UNSUCCESSFUL
FV00004629,A003946,2026-01-08 12:00:00,AG0072,SUCCESSFUL
FV00004630,A001288,2025-11-20 16:00:00,AG0082,UNSUCCESSFUL
FV00004631,A003302,2026-05-24 16:00:00,AG0036,SUCCESSFUL
FV00004632,A003361,2026-02-05 17:00:00,AG0020,UNSUCCESSFUL
FV00004633,A001529,2026-07-10 14:00:00,AG0025,SUCCESSFUL
FV00004634,A001820,2026-04-17 17:00:00,AG0010,RESCHEDULED
FV00004635,A002368,2026-01-18 13:00:00,AG0052,SUCCESSFUL
FV00004636,A001419,2025-09-27 18:00:00,AG0032,SUCCESSFUL
FV00004637,A001006,2026-05-14 08:00:00,AG0032,UNSUCCESSFUL
FV00004638,A000991,2025-10-17 08:00:00,AG0025,RESCHEDULED
FV00004639,A000810,2025-11-09 09:00:00,AG0060,UNSUCCESSFUL
FV00004640,A003039,2026-06-01 16:00:00,AG0010,UNSUCCESSFUL
FV00004641,A000555,2025-11-21 11:00:00,AG0020,UNSUCCESSFUL
FV00004642,A000232,2025-09-16 10:00:00,AG0081,UNSUCCESSFUL
FV00004643,A002021,2025-12-04 13:00:00,AG0116,SUCCESSFUL
FV00004644,A003407,2026-06-22 13:00:00,AG0055,SUCCESSFUL
FV00004645,A002627,2026-02-23 14:00:00,AG0039,SUCCESSFUL
FV00004646,A000992,2025-09-04 15:00:00,AG0062,SUCCESSFUL
FV00004647,A002189,2026-08-19 16:00:00,AG0060,RESCHEDULED
FV00004648,A001465,2026-07-01 12:00:00,AG0032,SUCCESSFUL
FV00004649,A003315,2025-09-26 15:00:00,AG0050,UNSUCCESSFUL
FV00004650,A000105,2025-10-11 18:00:00,AG0011,UNSUCCESSFUL
FV00004651,A003445,2026-03-13 10:00:00,AG0106,UNSUCCESSFUL
FV00004652,A002522,2026-04-10 09:00:00,AG0112,UNSUCCESSFUL
FV00004653,A004195,2025-12-08 08:00:00,AG0114,UNSUCCESSFUL
FV00004654,A002696,2026-08-06 16:00:00,AG0037,UNSUCCESSFUL
FV00004655,A001883,2025-09-10 10:00:00,AG0077,SUCCESSFUL
FV00004656,A000173,2026-04-23 12:00:00,AG0076,SUCCESSFUL
FV00004657,A004172,2026-07-08 08:00:00,AG0111,SUCCESSFUL
FV00004658,A001249,2026-01-01 16:00:00,AG0100,SUCCESSFUL
FV00004659,A003183,2026-07-06 16:00:00,AG0100,UNSUCCESSFUL
FV00004660,A000668,2026-06-02 12:00:00,AG0011,SUCCESSFUL
FV00004661,A002667,2026-02-02 18:00:00,AG0055,SUCCESSFUL
FV00004662,A003103,2025-11-10 10:00:00,AG0082,UNSUCCESSFUL
FV00004663,A003013,2026-07-14 11:00:00,AG0042,SUCCESSFUL
FV00004664,A001676,2026-08-20 09:00:00,AG0011,SUCCESSFUL
FV00004665,A002309,2026-03-27 10:00:00,AG0062,RESCHEDULED
FV00004666,A001662,2025-12-10 09:00:00,AG0080,UNSUCCESSFUL
FV00004667,A001736,2025-10-03 08:00:00,AG0074,UNSUCCESSFUL
FV00004668,A001098,2026-08-02 11:00:00,AG0041,SUCCESSFUL
FV00004669,A001955,2026-01-10 11:00:00,AG0033,SUCCESSFUL
FV00004670,A004002,2026-05-13 10:00:00,AG0067,UNSUCCESSFUL
FV00004671,A001931,2026-04-24 08:00:00,AG0066,SUCCESSFUL
FV00004672,A003077,2025-12-01 09:00:00,AG0018,UNSUCCESSFUL
FV00004673,A000428,2026-07-23 13:00:00,AG0081,RESCHEDULED
FV00004674,A003525,2026-06-01 18:00:00,AG0045,UNSUCCESSFUL
FV00004675,A001033,2026-01-15 08:00:00,AG0043,SUCCESSFUL
FV00004676,A000661,2026-05-16 18:00:00,AG0082,SUCCESSFUL
FV00004677,A003613,2025-09-13 13:00:00,AG0112,SUCCESSFUL
FV00004678,A001773,2026-03-07 11:00:00,AG0061,SUCCESSFUL
FV00004679,A001556,2026-06-08 09:00:00,AG0033,UNSUCCESSFUL
FV00004680,A000589,2025-11-02 15:00:00,AG0081,RESCHEDULED
FV00004681,A003140,2025-11-01 16:00:00,AG0018,SUCCESSFUL
FV00004682,A003290,2026-08-20 11:00:00,AG0055,UNSUCCESSFUL
FV00004683,A003410,2026-05-03 09:00:00,AG0011,UNSUCCESSFUL
FV00004684,A003051,2026-08-10 12:00:00,AG0084,UNSUCCESSFUL
FV00004685,A001588,2026-05-08 13:00:00,AG0038,SUCCESSFUL
FV00004686,A001891,2025-12-15 10:00:00,AG0109,UNSUCCESSFUL
FV00004687,A001888,2025-10-27 12:00:00,AG0086,UNSUCCESSFUL
FV00004688,A001660,2026-01-27 15:00:00,AG0027,RESCHEDULED
FV00004689,A000281,2026-01-01 10:00:00,AG0070,UNSUCCESSFUL
FV00004690,A002855,2025-12-11 10:00:00,AG0102,SUCCESSFUL
FV00004691,A001848,2025-10-26 16:00:00,AG0004,SUCCESSFUL
FV00004692,A000677,2025-12-25 13:00:00,AG0069,UNSUCCESSFUL
FV00004693,A003425,2025-10-02 09:00:00,AG0118,UNSUCCESSFUL
FV00004694,A003376,2026-06-22 12:00:00,AG0039,UNSUCCESSFUL
FV00004695,A000984,2026-03-14 12:00:00,AG0047,UNSUCCESSFUL
FV00004696,A001924,2026-05-21 09:00:00,AG0011,SUCCESSFUL
FV00004697,A000729,2026-02-01 12:00:00,AG0014,UNSUCCESSFUL
FV00004698,A000229,2026-05-07 18:00:00,AG0079,SUCCESSFUL
FV00004699,A003590,2025-09-14 17:00:00,AG0020,UNSUCCESSFUL
FV00004700,A000687,2025-10-21 17:00:00,AG0071,UNSUCCESSFUL
FV00004701,A003082,2026-02-12 08:00:00,AG0051,UNSUCCESSFUL
FV00004702,A003596,2026-02-10 18:00:00,AG0038,UNSUCCESSFUL
FV00004703,A001147,2026-03-01 14:00:00,AG0085,UNSUCCESSFUL
FV00004704,A002523,2025-11-08 09:00:00,AG0109,SUCCESSFUL
FV00004705,A000845,2026-04-17 14:00:00,AG0081,SUCCESSFUL
FV00004706,A001177,2026-08-26 09:00:00,AG0092,UNSUCCESSFUL
FV00004707,A002800,2026-08-14 14:00:00,AG0058,SUCCESSFUL
FV00004708,A001515,2026-05-24 08:00:00,AG0008,UNSUCCESSFUL
FV00004709,A003486,2026-01-12 18:00:00,AG0104,SUCCESSFUL
FV00004710,A002699,2026-08-20 13:00:00,AG0086,SUCCESSFUL
FV00004711,A002685,2025-11-24 13:00:00,AG0085,UNSUCCESSFUL
FV00004712,A002394,2025-12-25 17:00:00,AG0002,SUCCESSFUL
FV00004713,A003867,2025-12-03 10:00:00,AG0037,UNSUCCESSFUL
FV00004714,A000230,2026-08-11 11:00:00,AG0105,UNSUCCESSFUL
FV00004715,A001120,2025-09-02 10:00:00,AG0076,UNSUCCESSFUL
FV00004716,A001109,2026-02-18 09:00:00,AG0053,SUCCESSFUL
FV00004717,A000570,2025-09-11 10:00:00,AG0069,UNSUCCESSFUL
FV00004718,A002297,2025-09-05 17:00:00,AG0083,SUCCESSFUL
FV00004719,A003634,2025-10-08 11:00:00,AG0101,UNSUCCESSFUL
FV00004720,A000666,2025-12-09 12:00:00,AG0019,SUCCESSFUL
FV00004721,A003409,2026-04-02 17:00:00,AG0117,SUCCESSFUL
FV00004722,A001477,2026-02-17 16:00:00,AG0094,SUCCESSFUL
FV00004723,A003701,2025-10-15 09:00:00,AG0063,UNSUCCESSFUL
FV00004724,A001235,2026-01-27 11:00:00,AG0053,UNSUCCESSFUL
FV00004725,A003826,2026-02-23 18:00:00,AG0064,UNSUCCESSFUL
FV00004726,A002960,2026-05-24 12:00:00,AG0007,SUCCESSFUL
FV00004727,A002424,2026-01-22 11:00:00,AG0041,UNSUCCESSFUL
FV00004728,A002147,2025-09-14 12:00:00,AG0108,SUCCESSFUL
FV00004729,A004113,2026-06-21 17:00:00,AG0117,UNSUCCESSFUL
FV00004730,A001392,2026-05-02 18:00:00,AG0052,UNSUCCESSFUL
FV00004731,A004144,2025-09-23 09:00:00,AG0028,SUCCESSFUL
FV00004732,A003246,2026-08-19 18:00:00,AG0011,SUCCESSFUL
FV00004733,A004030,2026-05-11 15:00:00,AG0100,UNSUCCESSFUL
FV00004734,A003128,2026-06-01 10:00:00,AG0059,SUCCESSFUL
FV00004735,A001947,2025-09-11 14:00:00,AG0032,UNSUCCESSFUL
FV00004736,A001440,2025-11-01 15:00:00,AG0001,SUCCESSFUL
FV00004737,A003012,2026-08-27 11:00:00,AG0120,SUCCESSFUL
FV00004738,A002561,2026-03-20 13:00:00,AG0018,UNSUCCESSFUL
FV00004739,A000641,2025-09-08 09:00:00,AG0004,SUCCESSFUL
FV00004740,A001696,2025-11-19 16:00:00,AG0014,UNSUCCESSFUL
FV00004741,A001634,2026-03-10 10:00:00,AG0004,UNSUCCESSFUL
FV00004742,A002838,2025-12-19 17:00:00,AG0046,SUCCESSFUL
FV00004743,A001705,2025-11-15 08:00:00,AG0052,UNSUCCESSFUL
FV00004744,A002978,2025-10-12 15:00:00,AG0052,UNSUCCESSFUL
FV00004745,A001449,2026-02-13 17:00:00,AG0066,UNSUCCESSFUL
FV00004746,A000122,2025-12-10 17:00:00,AG0006,UNSUCCESSFUL
FV00004747,A001487,2026-04-13 09:00:00,AG0080,SUCCESSFUL
FV00004748,A001018,2026-08-08 10:00:00,AG0064,UNSUCCESSFUL
FV00004749,A003870,2026-02-26 14:00:00,AG0104,UNSUCCESSFUL
FV00004750,A003942,2026-06-06 16:00:00,AG0119,UNSUCCESSFUL
FV00004751,A003479,2026-07-15 08:00:00,AG0068,SUCCESSFUL
FV00004752,A003441,2026-05-15 12:00:00,AG0027,SUCCESSFUL
FV00004753,A000925,2026-04-03 15:00:00,AG0084,SUCCESSFUL
FV00004754,A000090,2026-07-16 12:00:00,AG0059,SUCCESSFUL
FV00004755,A002764,2025-10-12 11:00:00,AG0111,UNSUCCESSFUL
FV00004756,A001296,2025-10-12 15:00:00,AG0028,UNSUCCESSFUL
FV00004757,A002466,2025-10-20 15:00:00,AG0083,UNSUCCESSFUL
FV00004758,A000746,2026-04-10 11:00:00,AG0079,UNSUCCESSFUL
FV00004759,A003594,2026-03-03 16:00:00,AG0071,UNSUCCESSFUL
FV00004760,A001116,2025-11-09 11:00:00,AG0107,UNSUCCESSFUL
FV00004761,A001764,2025-09-14 17:00:00,AG0027,UNSUCCESSFUL
FV00004762,A003969,2026-05-19 13:00:00,AG0036,UNSUCCESSFUL
FV00004763,A000661,2025-12-18 16:00:00,AG0082,SUCCESSFUL
FV00004764,A003019,2026-05-21 14:00:00,AG0076,UNSUCCESSFUL
FV00004765,A002815,2026-04-06 17:00:00,AG0026,UNSUCCESSFUL
FV00004766,A001542,2026-01-22 18:00:00,AG0060,SUCCESSFUL
FV00004767,A002957,2026-07-08 13:00:00,AG0080,SUCCESSFUL
FV00004768,A004005,2026-02-05 13:00:00,AG0017,SUCCESSFUL
FV00004769,A000188,2026-01-22 17:00:00,AG0054,SUCCESSFUL
FV00004770,A002973,2025-11-12 18:00:00,AG0040,RESCHEDULED
FV00004771,A002018,2026-02-04 13:00:00,AG0046,UNSUCCESSFUL
FV00004772,A002539,2025-11-18 12:00:00,AG0118,SUCCESSFUL
FV00004773,A001027,2025-09-22 10:00:00,AG0020,RESCHEDULED
FV00004774,A000692,2025-11-26 12:00:00,AG0104,UNSUCCESSFUL
FV00004775,A000505,2025-11-25 08:00:00,AG0010,SUCCESSFUL
FV00004776,A000816,2025-10-25 13:00:00,AG0098,SUCCESSFUL
FV00004777,A001977,2026-03-03 09:00:00,AG0060,SUCCESSFUL
FV00004778,A004147,2026-05-17 14:00:00,AG0008,UNSUCCESSFUL
FV00004779,A000445,2025-09-18 12:00:00,AG0099,RESCHEDULED
FV00004780,A001803,2026-04-19 14:00:00,AG0103,UNSUCCESSFUL
FV00004781,A002593,2025-11-18 10:00:00,AG0020,UNSUCCESSFUL
FV00004782,A003691,2026-01-18 11:00:00,AG0042,SUCCESSFUL
FV00004783,A000155,2026-03-11 08:00:00,AG0058,UNSUCCESSFUL
FV00004784,A000867,2026-07-21 09:00:00,AG0009,UNSUCCESSFUL
FV00004785,A001366,2025-09-26 11:00:00,AG0061,UNSUCCESSFUL
FV00004786,A000018,2026-05-03 11:00:00,AG0065,RESCHEDULED
FV00004787,A000565,2026-04-10 10:00:00,AG0053,SUCCESSFUL
FV00004788,A003374,2026-05-08 17:00:00,AG0015,SUCCESSFUL
FV00004789,A001045,2025-11-13 08:00:00,AG0025,RESCHEDULED
FV00004790,A000086,2025-12-13 14:00:00,AG0018,UNSUCCESSFUL
FV00004791,A000186,2026-05-15 10:00:00,AG0088,SUCCESSFUL
FV00004792,A004134,2025-10-12 09:00:00,AG0062,UNSUCCESSFUL
FV00004793,A001549,2025-12-06 12:00:00,AG0015,UNSUCCESSFUL
FV00004794,A002187,2026-04-25 17:00:00,AG0025,SUCCESSFUL
FV00004795,A000464,2026-02-08 18:00:00,AG0006,RESCHEDULED
FV00004796,A002756,2026-03-22 15:00:00,AG0019,UNSUCCESSFUL
FV00004797,A000759,2026-08-20 11:00:00,AG0045,SUCCESSFUL
FV00004798,A000925,2025-09-11 13:00:00,AG0043,UNSUCCESSFUL
FV00004799,A001043,2026-02-06 15:00:00,AG0017,RESCHEDULED
FV00004800,A003887,2025-09-10 13:00:00,AG0114,SUCCESSFUL
FV00004801,A002269,2026-01-16 12:00:00,AG0009,UNSUCCESSFUL
FV00004802,A003906,2026-01-27 13:00:00,AG0111,SUCCESSFUL
FV00004803,A003784,2025-12-27 09:00:00,AG0100,SUCCESSFUL
FV00004804,A001554,2026-06-13 15:00:00,AG0029,SUCCESSFUL
FV00004805,A003932,2025-11-23 16:00:00,AG0036,UNSUCCESSFUL
FV00004806,A000288,2026-04-20 13:00:00,AG0098,UNSUCCESSFUL
FV00004807,A003623,2025-09-02 17:00:00,AG0094,UNSUCCESSFUL
FV00004808,A003990,2026-06-04 12:00:00,AG0057,SUCCESSFUL
FV00004809,A003903,2026-05-21 08:00:00,AG0103,SUCCESSFUL
FV00004810,A000576,2026-01-03 10:00:00,AG0058,UNSUCCESSFUL
FV00004811,A003820,2026-07-13 12:00:00,AG0031,SUCCESSFUL
FV00004812,A003863,2026-06-24 14:00:00,AG0098,UNSUCCESSFUL
FV00004813,A001092,2026-01-25 18:00:00,AG0069,UNSUCCESSFUL
FV00004814,A002594,2025-10-03 15:00:00,AG0002,UNSUCCESSFUL
FV00004815,A003195,2026-02-18 10:00:00,AG0086,RESCHEDULED
FV00004816,A001291,2026-01-22 10:00:00,AG0100,SUCCESSFUL
FV00004817,A002283,2025-12-08 17:00:00,AG0070,SUCCESSFUL
FV00004818,A001862,2025-12-11 09:00:00,AG0008,UNSUCCESSFUL
FV00004819,A001503,2026-08-17 13:00:00,AG0011,RESCHEDULED
FV00004820,A001578,2025-11-22 12:00:00,AG0102,SUCCESSFUL
FV00004821,A002633,2025-09-10 09:00:00,AG0015,UNSUCCESSFUL
FV00004822,A001607,2026-03-16 10:00:00,AG0011,UNSUCCESSFUL
FV00004823,A003994,2026-02-06 10:00:00,AG0031,SUCCESSFUL
FV00004824,A001339,2025-09-07 08:00:00,AG0052,RESCHEDULED
FV00004825,A001562,2025-11-01 14:00:00,AG0100,SUCCESSFUL
FV00004826,A002077,2026-03-06 17:00:00,AG0015,UNSUCCESSFUL
FV00004827,A002043,2026-05-25 08:00:00,AG0009,SUCCESSFUL
FV00004828,A001726,2025-09-20 14:00:00,AG0083,UNSUCCESSFUL
FV00004829,A000407,2026-05-14 11:00:00,AG0014,UNSUCCESSFUL
FV00004830,A004020,2026-07-11 09:00:00,AG0082,SUCCESSFUL
FV00004831,A001021,2026-07-04 18:00:00,AG0031,UNSUCCESSFUL
FV00004832,A002969,2026-03-24 15:00:00,AG0108,SUCCESSFUL
FV00004833,A002434,2026-02-06 15:00:00,AG0085,SUCCESSFUL
FV00004834,A002395,2026-04-19 12:00:00,AG0005,UNSUCCESSFUL
FV00004835,A001315,2025-09-05 17:00:00,AG0074,UNSUCCESSFUL
FV00004836,A003515,2026-01-08 08:00:00,AG0074,UNSUCCESSFUL
FV00004837,A003332,2025-09-19 16:00:00,AG0111,SUCCESSFUL
FV00004838,A002479,2026-03-02 10:00:00,AG0027,SUCCESSFUL
FV00004839,A004079,2025-12-15 18:00:00,AG0080,RESCHEDULED
FV00004840,A003402,2026-07-23 10:00:00,AG0050,SUCCESSFUL
FV00004841,A004181,2026-08-24 15:00:00,AG0027,SUCCESSFUL
FV00004842,A001981,2026-01-27 10:00:00,AG0116,UNSUCCESSFUL
FV00004843,A003759,2026-01-17 16:00:00,AG0104,UNSUCCESSFUL
FV00004844,A001934,2026-01-27 18:00:00,AG0005,RESCHEDULED
FV00004845,A002346,2026-07-25 12:00:00,AG0027,SUCCESSFUL
FV00004846,A000144,2026-06-10 10:00:00,AG0053,UNSUCCESSFUL
FV00004847,A001026,2026-03-03 15:00:00,AG0083,SUCCESSFUL
FV00004848,A003334,2026-05-09 14:00:00,AG0015,RESCHEDULED
FV00004849,A003676,2026-08-21 08:00:00,AG0097,UNSUCCESSFUL
FV00004850,A003607,2026-06-11 16:00:00,AG0022,UNSUCCESSFUL
FV00004851,A003253,2026-02-07 08:00:00,AG0056,UNSUCCESSFUL
FV00004852,A000964,2026-03-16 14:00:00,AG0069,UNSUCCESSFUL
FV00004853,A000623,2026-07-16 09:00:00,AG0052,SUCCESSFUL
FV00004854,A003849,2026-04-19 08:00:00,AG0088,UNSUCCESSFUL
FV00004855,A001970,2026-03-20 11:00:00,AG0074,SUCCESSFUL
FV00004856,A000594,2026-05-16 15:00:00,AG0063,SUCCESSFUL
FV00004857,A000826,2026-08-21 18:00:00,AG0076,UNSUCCESSFUL
FV00004858,A000333,2026-02-14 13:00:00,AG0012,SUCCESSFUL
FV00004859,A003411,2026-06-17 09:00:00,AG0001,UNSUCCESSFUL
FV00004860,A003020,2025-09-23 18:00:00,AG0082,RESCHEDULED
FV00004861,A001653,2025-11-16 12:00:00,AG0040,UNSUCCESSFUL
FV00004862,A003178,2026-08-10 10:00:00,AG0016,SUCCESSFUL
FV00004863,A002660,2026-05-12 11:00:00,AG0117,SUCCESSFUL
FV00004864,A000612,2026-02-15 14:00:00,AG0083,UNSUCCESSFUL
FV00004865,A001631,2026-04-01 15:00:00,AG0039,UNSUCCESSFUL
FV00004866,A000914,2026-04-23 16:00:00,AG0108,SUCCESSFUL
FV00004867,A000033,2026-07-23 10:00:00,AG0006,UNSUCCESSFUL
FV00004868,A002826,2026-02-26 13:00:00,AG0028,UNSUCCESSFUL
FV00004869,A003875,2026-04-21 08:00:00,AG0012,UNSUCCESSFUL
FV00004870,A001993,2026-03-14 17:00:00,AG0014,UNSUCCESSFUL
FV00004871,A000691,2026-07-05 15:00:00,AG0031,SUCCESSFUL
FV00004872,A001061,2026-03-15 17:00:00,AG0013,UNSUCCESSFUL
FV00004873,A003200,2026-05-12 13:00:00,AG0035,SUCCESSFUL
FV00004874,A003186,2026-03-20 16:00:00,AG0089,UNSUCCESSFUL
FV00004875,A001409,2026-02-04 17:00:00,AG0110,UNSUCCESSFUL
FV00004876,A001805,2026-06-26 17:00:00,AG0023,SUCCESSFUL
FV00004877,A003990,2025-12-16 17:00:00,AG0021,SUCCESSFUL
FV00004878,A003945,2026-01-16 14:00:00,AG0076,UNSUCCESSFUL
FV00004879,A001006,2025-10-20 12:00:00,AG0014,UNSUCCESSFUL
FV00004880,A000809,2026-03-01 16:00:00,AG0036,UNSUCCESSFUL
FV00004881,A001412,2025-11-12 12:00:00,AG0039,UNSUCCESSFUL
FV00004882,A002551,2026-08-06 17:00:00,AG0116,UNSUCCESSFUL
FV00004883,A002432,2026-01-26 17:00:00,AG0064,UNSUCCESSFUL
FV00004884,A003042,2026-05-25 09:00:00,AG0041,UNSUCCESSFUL
FV00004885,A002460,2026-08-11 15:00:00,AG0046,UNSUCCESSFUL
FV00004886,A000567,2025-09-08 18:00:00,AG0094,UNSUCCESSFUL
FV00004887,A002606,2026-05-03 15:00:00,AG0045,RESCHEDULED
FV00004888,A002385,2025-09-09 08:00:00,AG0103,SUCCESSFUL
FV00004889,A001989,2026-07-11 17:00:00,AG0016,SUCCESSFUL
FV00004890,A000378,2026-08-20 17:00:00,AG0059,UNSUCCESSFUL
FV00004891,A000615,2026-07-25 15:00:00,AG0035,UNSUCCESSFUL
FV00004892,A002769,2026-03-19 14:00:00,AG0056,SUCCESSFUL
FV00004893,A002808,2026-04-09 09:00:00,AG0107,SUCCESSFUL
FV00004894,A003372,2026-08-06 11:00:00,AG0112,UNSUCCESSFUL
FV00004895,A003240,2026-06-13 17:00:00,AG0037,UNSUCCESSFUL
FV00004896,A001395,2025-12-18 15:00:00,AG0019,SUCCESSFUL
FV00004897,A003789,2025-10-24 13:00:00,AG0002,SUCCESSFUL
FV00004898,A000009,2026-06-10 09:00:00,AG0120,UNSUCCESSFUL
FV00004899,A000737,2026-07-07 13:00:00,AG0006,UNSUCCESSFUL
FV00004900,A001068,2026-07-12 12:00:00,AG0112,SUCCESSFUL
FV00004901,A001208,2025-10-15 11:00:00,AG0101,UNSUCCESSFUL
FV00004902,A004002,2025-11-03 10:00:00,AG0048,UNSUCCESSFUL
FV00004903,A003846,2026-03-05 12:00:00,AG0108,RESCHEDULED
FV00004904,A003061,2026-06-09 11:00:00,AG0091,UNSUCCESSFUL
FV00004905,A002356,2026-06-10 16:00:00,AG0047,SUCCESSFUL
FV00004906,A001750,2025-10-03 16:00:00,AG0064,UNSUCCESSFUL
FV00004907,A003932,2026-07-10 08:00:00,AG0101,SUCCESSFUL
FV00004908,A003602,2026-03-06 09:00:00,AG0073,RESCHEDULED
FV00004909,A002508,2026-07-24 15:00:00,AG0098,SUCCESSFUL
FV00004910,A001162,2025-12-22 16:00:00,AG0072,RESCHEDULED
FV00004911,A002227,2026-08-09 16:00:00,AG0026,SUCCESSFUL
FV00004912,A003114,2026-08-21 16:00:00,AG0039,UNSUCCESSFUL
FV00004913,A003701,2025-10-19 17:00:00,AG0055,SUCCESSFUL
FV00004914,A003056,2026-06-27 16:00:00,AG0066,UNSUCCESSFUL
FV00004915,A002736,2026-06-11 18:00:00,AG0012,SUCCESSFUL
FV00004916,A002812,2026-07-26 13:00:00,AG0096,SUCCESSFUL
FV00004917,A001750,2025-12-08 13:00:00,AG0018,UNSUCCESSFUL
FV00004918,A002684,2026-01-20 12:00:00,AG0082,SUCCESSFUL
FV00004919,A003224,2025-12-25 08:00:00,AG0064,SUCCESSFUL
FV00004920,A000793,2026-08-27 09:00:00,AG0016,SUCCESSFUL
FV00004921,A002955,2026-08-07 08:00:00,AG0064,UNSUCCESSFUL
FV00004922,A003554,2026-08-02 18:00:00,AG0031,SUCCESSFUL
FV00004923,A002443,2025-10-12 18:00:00,AG0106,RESCHEDULED
FV00004924,A004008,2026-08-25 09:00:00,AG0033,SUCCESSFUL
FV00004925,A001662,2025-12-16 10:00:00,AG0077,SUCCESSFUL
FV00004926,A002983,2026-06-09 10:00:00,AG0064,SUCCESSFUL
FV00004927,A002205,2026-01-04 11:00:00,AG0076,SUCCESSFUL
FV00004928,A001826,2026-02-18 09:00:00,AG0017,RESCHEDULED
FV00004929,A001595,2025-10-11 14:00:00,AG0042,SUCCESSFUL
FV00004930,A002256,2025-10-19 12:00:00,AG0016,RESCHEDULED
FV00004931,A001681,2025-09-04 15:00:00,AG0003,SUCCESSFUL
FV00004932,A001427,2026-02-02 17:00:00,AG0040,UNSUCCESSFUL
FV00004933,A002194,2026-02-02 08:00:00,AG0093,SUCCESSFUL
FV00004934,A000945,2026-06-26 13:00:00,AG0078,RESCHEDULED
FV00004935,A001377,2025-12-16 16:00:00,AG0030,SUCCESSFUL
FV00004936,A002881,2025-09-07 12:00:00,AG0084,RESCHEDULED
FV00004937,A003791,2026-01-15 09:00:00,AG0015,UNSUCCESSFUL
FV00004938,A000993,2025-12-19 09:00:00,AG0006,UNSUCCESSFUL
FV00004939,A000795,2025-11-23 12:00:00,AG0059,SUCCESSFUL
FV00004940,A002560,2026-02-19 11:00:00,AG0009,UNSUCCESSFUL
FV00004941,A003818,2026-06-01 14:00:00,AG0050,SUCCESSFUL
FV00004942,A000674,2026-01-13 11:00:00,AG0083,SUCCESSFUL
FV00004943,A001670,2026-02-12 13:00:00,AG0051,UNSUCCESSFUL
FV00004944,A003850,2026-07-07 17:00:00,AG0039,UNSUCCESSFUL
FV00004945,A003430,2026-08-03 13:00:00,AG0013,UNSUCCESSFUL
FV00004946,A000620,2026-07-08 09:00:00,AG0092,RESCHEDULED
FV00004947,A000911,2026-03-24 16:00:00,AG0070,SUCCESSFUL
FV00004948,A004109,2026-06-12 10:00:00,AG0015,UNSUCCESSFUL
FV00004949,A004014,2025-11-07 09:00:00,AG0069,SUCCESSFUL
FV00004950,A002857,2026-08-14 13:00:00,AG0044,SUCCESSFUL
FV00004951,A000402,2026-02-20 17:00:00,AG0070,SUCCESSFUL
FV00004952,A003523,2026-03-14 14:00:00,AG0016,SUCCESSFUL
FV00004953,A004169,2026-02-04 11:00:00,AG0114,SUCCESSFUL
FV00004954,A004029,2025-11-21 10:00:00,AG0065,UNSUCCESSFUL
FV00004955,A000441,2025-12-22 11:00:00,AG0027,UNSUCCESSFUL
FV00004956,A002284,2026-08-17 12:00:00,AG0007,RESCHEDULED
FV00004957,A001462,2026-08-06 14:00:00,AG0086,UNSUCCESSFUL
FV00004958,A003117,2026-08-16 13:00:00,AG0035,UNSUCCESSFUL
FV00004959,A000019,2026-01-20 15:00:00,AG0052,UNSUCCESSFUL
FV00004960,A001144,2025-12-05 15:00:00,AG0096,SUCCESSFUL
FV00004961,A000985,2025-09-02 10:00:00,AG0003,SUCCESSFUL
FV00004962,A001741,2026-03-09 13:00:00,AG0089,SUCCESSFUL
FV00004963,A002148,2026-03-23 18:00:00,AG0076,UNSUCCESSFUL
FV00004964,A001550,2026-01-24 12:00:00,AG0075,UNSUCCESSFUL
FV00004965,A001407,2025-11-02 14:00:00,AG0068,SUCCESSFUL
FV00004966,A003081,2025-10-17 13:00:00,AG0106,UNSUCCESSFUL
FV00004967,A003348,2026-04-12 08:00:00,AG0030,RESCHEDULED
FV00004968,A001711,2025-12-21 08:00:00,AG0120,SUCCESSFUL
FV00004969,A001830,2026-04-17 12:00:00,AG0097,UNSUCCESSFUL
FV00004970,A003588,2026-01-25 13:00:00,AG0044,SUCCESSFUL
FV00004971,A000557,2026-01-09 15:00:00,AG0106,UNSUCCESSFUL
FV00004972,A003924,2025-12-01 10:00:00,AG0098,SUCCESSFUL
FV00004973,A003959,2026-08-06 11:00:00,AG0109,UNSUCCESSFUL
FV00004974,A002992,2025-12-11 08:00:00,AG0111,UNSUCCESSFUL
FV00004975,A003661,2026-04-25 11:00:00,AG0031,UNSUCCESSFUL
FV00004976,A001025,2025-12-02 16:00:00,AG0083,SUCCESSFUL
FV00004977,A002672,2025-10-08 16:00:00,AG0010,UNSUCCESSFUL
FV00004978,A003036,2025-11-24 09:00:00,AG0034,SUCCESSFUL
FV00004979,A000975,2026-05-24 12:00:00,AG0038,RESCHEDULED
FV00004980,A002051,2026-03-22 12:00:00,AG0040,UNSUCCESSFUL
FV00004981,A003657,2026-04-26 17:00:00,AG0102,UNSUCCESSFUL
FV00004982,A002149,2025-10-08 18:00:00,AG0094,RESCHEDULED
FV00004983,A001227,2026-02-21 16:00:00,AG0115,SUCCESSFUL
FV00004984,A003770,2026-03-15 18:00:00,AG0016,SUCCESSFUL
FV00004985,A001176,2025-11-17 16:00:00,AG0106,UNSUCCESSFUL
FV00004986,A003659,2026-04-20 16:00:00,AG0118,UNSUCCESSFUL
FV00004987,A002035,2025-10-07 12:00:00,AG0033,SUCCESSFUL
FV00004988,A001612,2026-03-04 08:00:00,AG0080,SUCCESSFUL
FV00004989,A000035,2026-04-01 13:00:00,AG0075,UNSUCCESSFUL
FV00004990,A003572,2025-10-07 11:00:00,AG0064,RESCHEDULED
FV00004991,A001459,2025-11-24 14:00:00,AG0067,SUCCESSFUL
FV00004992,A003133,2026-06-20 14:00:00,AG0090,UNSUCCESSFUL
FV00004993,A002321,2025-12-08 12:00:00,AG0005,SUCCESSFUL
FV00004994,A001358,2026-05-09 18:00:00,AG0053,UNSUCCESSFUL
FV00004995,A001885,2025-09-12 16:00:00,AG0113,UNSUCCESSFUL
FV00004996,A001780,2025-12-03 13:00:00,AG0082,UNSUCCESSFUL
FV00004997,A000624,2026-02-09 10:00:00,AG0105,SUCCESSFUL
FV00004998,A001515,2026-01-21 17:00:00,AG0028,UNSUCCESSFUL
FV00004999,A003489,2026-06-22 11:00:00,AG0069,SUCCESSFUL
FV00005000,A002399,2025-11-27 16:00:00,AG0113,UNSUCCESSFUL
