ptp_id,account_id,ptp_created_at,promised_due_date,promised_amount,ptp_status,source_channel
PTP00000001,A002759,2026-04-25 20:00:00,2026-05-09 20:00:00,2492.52,KEPT,WhatsApp
PTP00000002,A000999,2026-02-17 10:00:00,2026-02-20 10:00:00,10747.4,PENDING,AI Voice
PTP00000003,A002952,2026-06-27 15:00:00,2026-07-11 15:00:00,3475.07,BROKEN,AI Voice
PTP00000004,A002449,2025-10-09 16:00:00,2025-10-12 16:00:00,5816.6,BROKEN,WhatsApp
PTP00000005,A002172,2026-06-22 15:00:00,2026-06-29 15:00:00,13774.43,KEPT,AI Voice
PTP00000006,A003843,2026-08-13 10:00:00,2026-08-27 10:00:00,14565.9,KEPT,Field
PTP00000007,A003930,2026-06-27 14:00:00,2026-06-28 14:00:00,3652.75,BROKEN,WhatsApp
PTP00000008,A001753,2026-02-19 18:00:00,2026-02-26 18:00:00,3997.32,KEPT,Human
PTP00000009,A003691,2025-11-01 17:00:00,2025-11-04 17:00:00,9536.38,KEPT,WhatsApp
PTP00000010,A000392,2026-07-21 10:00:00,2026-08-04 10:00:00,2583.98,KEPT,Human
PTP00000011,A003209,2026-08-21 09:00:00,2026-08-28 09:00:00,3389.94,KEPT,Human
PTP00000012,A003402,2026-06-01 11:00:00,2026-06-08 11:00:00,8336.13,BROKEN,Field
PTP00000013,A000044,2026-06-13 11:00:00,2026-06-14 11:00:00,14778.57,PENDING,WhatsApp
PTP00000014,A001712,2026-08-27 13:00:00,2026-09-10 13:00:00,13850.35,BROKEN,Human
PTP00000015,A002926,2026-01-15 09:00:00,2026-01-16 09:00:00,5816.01,KEPT,Field
PTP00000016,A002312,2026-05-01 13:00:00,2026-05-04 13:00:00,9226.58,KEPT,Field
PTP00000017,A000597,2025-10-25 16:00:00,2025-10-26 16:00:00,12754.39,PENDING,WhatsApp
PTP00000018,A000926,2026-06-01 16:00:00,2026-06-04 16:00:00,11451.22,BROKEN,Human
PTP00000019,A001504,2026-06-22 09:00:00,2026-06-25 09:00:00,13725.9,KEPT,Field
PTP00000020,A002413,2026-02-24 09:00:00,2026-03-03 09:00:00,10205.53,PENDING,Human
PTP00000021,A002466,2026-05-06 16:00:00,2026-05-20 16:00:00,9033.12,BROKEN,Field
PTP00000022,A000446,2026-04-18 16:00:00,2026-04-25 16:00:00,7336.09,KEPT,AI Voice
PTP00000023,A003339,2026-03-18 13:00:00,2026-04-01 13:00:00,2319.01,KEPT,AI Voice
PTP00000024,A002509,2026-04-06 10:00:00,2026-04-07 10:00:00,3319.73,KEPT,Human
PTP00000025,A000742,2026-02-19 16:00:00,2026-02-26 16:00:00,2578.17,KEPT,AI Voice
PTP00000026,A002557,2025-11-14 13:00:00,2025-11-28 13:00:00,6668.38,KEPT,WhatsApp
PTP00000027,A004172,2026-03-03 18:00:00,2026-03-10 18:00:00,13476.56,KEPT,Human
PTP00000028,A002863,2026-04-01 17:00:00,2026-04-08 17:00:00,7566.78,PENDING,Field
PTP00000029,A002138,2026-03-10 16:00:00,2026-03-13 16:00:00,8144.03,BROKEN,Human
PTP00000030,A001260,2026-04-25 16:00:00,2026-05-02 16:00:00,7855.89,BROKEN,WhatsApp
PTP00000031,A003916,2025-09-05 16:00:00,2025-09-12 16:00:00,13283.69,BROKEN,WhatsApp
PTP00000032,A001345,2026-04-12 14:00:00,2026-04-26 14:00:00,3701.1,KEPT,WhatsApp
PTP00000033,A001938,2025-10-16 18:00:00,2025-10-23 18:00:00,7898.05,BROKEN,Human
PTP00000034,A003147,2026-02-06 08:00:00,2026-02-13 08:00:00,9933.05,KEPT,Human
PTP00000035,A001579,2025-11-22 13:00:00,2025-11-29 13:00:00,7604.68,BROKEN,WhatsApp
PTP00000036,A001843,2026-08-20 14:00:00,2026-08-21 14:00:00,9606.1,PENDING,WhatsApp
PTP00000037,A000296,2026-01-12 14:00:00,2026-01-19 14:00:00,7585.12,KEPT,Human
PTP00000038,A003500,2026-03-03 09:00:00,2026-03-10 09:00:00,6308.05,BROKEN,AI Voice
PTP00000039,A002330,2026-02-17 14:00:00,2026-02-20 14:00:00,11159.48,BROKEN,AI Voice
PTP00000040,A000344,2025-10-14 19:00:00,2025-10-15 19:00:00,6180.28,KEPT,WhatsApp
PTP00000041,A004176,2026-03-18 18:00:00,2026-03-25 18:00:00,11675.52,PENDING,AI Voice
PTP00000042,A002363,2026-05-10 18:00:00,2026-05-17 18:00:00,5689.35,KEPT,WhatsApp
PTP00000043,A001475,2026-04-27 19:00:00,2026-04-28 19:00:00,12417.72,KEPT,Human
PTP00000044,A003345,2026-06-03 16:00:00,2026-06-10 16:00:00,6006.12,KEPT,Field
PTP00000045,A003218,2025-09-19 14:00:00,2025-09-20 14:00:00,6452.89,PENDING,WhatsApp
PTP00000046,A003389,2026-07-15 10:00:00,2026-07-16 10:00:00,13849.71,BROKEN,Field
PTP00000047,A001031,2025-09-19 19:00:00,2025-09-20 19:00:00,2839.04,KEPT,WhatsApp
PTP00000048,A003850,2025-11-20 18:00:00,2025-11-21 18:00:00,3395.71,KEPT,AI Voice
PTP00000049,A002052,2026-08-25 09:00:00,2026-08-26 09:00:00,2297.83,BROKEN,AI Voice
PTP00000050,A003076,2026-06-12 12:00:00,2026-06-13 12:00:00,10950.83,BROKEN,Human
PTP00000051,A003248,2026-01-11 17:00:00,2026-01-18 17:00:00,13228.3,KEPT,WhatsApp
PTP00000052,A001655,2026-01-03 15:00:00,2026-01-06 15:00:00,12863.55,BROKEN,AI Voice
PTP00000053,A003471,2026-07-01 20:00:00,2026-07-15 20:00:00,14194.12,BROKEN,WhatsApp
PTP00000054,A000960,2026-05-07 13:00:00,2026-05-14 13:00:00,4052.98,KEPT,WhatsApp
PTP00000055,A002503,2026-04-27 17:00:00,2026-05-04 17:00:00,5476.47,BROKEN,Human
PTP00000056,A003994,2026-08-19 18:00:00,2026-08-22 18:00:00,10558.68,KEPT,Human
PTP00000057,A000968,2026-07-04 19:00:00,2026-07-07 19:00:00,6082.12,BROKEN,Field
PTP00000058,A001505,2025-09-11 17:00:00,2025-09-14 17:00:00,12042.35,BROKEN,Human
PTP00000059,A001897,2025-09-19 17:00:00,2025-10-03 17:00:00,5857.44,KEPT,Field
PTP00000060,A002738,2025-12-17 16:00:00,2025-12-24 16:00:00,14739.3,PENDING,Human
PTP00000061,A002226,2026-03-01 10:00:00,2026-03-15 10:00:00,10806.04,KEPT,Human
PTP00000062,A000639,2025-12-08 15:00:00,2025-12-15 15:00:00,9843.72,PENDING,Field
PTP00000063,A000297,2026-04-04 14:00:00,2026-04-11 14:00:00,2795.38,BROKEN,Human
PTP00000064,A003094,2026-08-01 13:00:00,2026-08-04 13:00:00,11101.04,KEPT,Field
PTP00000065,A000936,2026-03-13 10:00:00,2026-03-20 10:00:00,13342.13,BROKEN,Field
PTP00000066,A002667,2025-11-19 19:00:00,2025-11-26 19:00:00,11586.02,BROKEN,WhatsApp
PTP00000067,A000679,2026-01-02 12:00:00,2026-01-09 12:00:00,9954.3,PENDING,Field
PTP00000068,A001116,2025-11-04 11:00:00,2025-11-18 11:00:00,9057.5,BROKEN,Field
PTP00000069,A000418,2026-06-21 18:00:00,2026-06-24 18:00:00,13432.18,KEPT,AI Voice
PTP00000070,A003820,2025-12-12 09:00:00,2025-12-13 09:00:00,4722.48,KEPT,WhatsApp
PTP00000071,A001258,2026-08-14 14:00:00,2026-08-21 14:00:00,5453.06,BROKEN,WhatsApp
PTP00000072,A003133,2025-12-19 15:00:00,2025-12-26 15:00:00,12022.63,PENDING,WhatsApp
PTP00000073,A001265,2026-04-19 18:00:00,2026-04-20 18:00:00,11809.0,KEPT,AI Voice
PTP00000074,A000145,2025-11-16 17:00:00,2025-11-23 17:00:00,7105.42,PENDING,WhatsApp
PTP00000075,A001733,2026-06-06 08:00:00,2026-06-20 08:00:00,12650.65,BROKEN,AI Voice
PTP00000076,A001483,2026-06-19 14:00:00,2026-07-03 14:00:00,4599.06,KEPT,WhatsApp
PTP00000077,A002931,2026-03-10 16:00:00,2026-03-11 16:00:00,13758.51,BROKEN,Field
PTP00000078,A000662,2026-02-07 08:00:00,2026-02-21 08:00:00,7416.85,KEPT,Human
PTP00000079,A003505,2025-11-20 09:00:00,2025-11-21 09:00:00,8507.54,BROKEN,Field
PTP00000080,A000184,2026-06-26 08:00:00,2026-07-03 08:00:00,7645.77,KEPT,WhatsApp
PTP00000081,A000566,2026-02-20 09:00:00,2026-02-21 09:00:00,9451.95,KEPT,WhatsApp
PTP00000082,A000247,2026-07-27 19:00:00,2026-07-30 19:00:00,7671.61,KEPT,AI Voice
PTP00000083,A000795,2025-09-14 19:00:00,2025-09-17 19:00:00,8133.0,BROKEN,AI Voice
PTP00000084,A000743,2026-06-23 08:00:00,2026-06-26 08:00:00,13257.29,KEPT,WhatsApp
PTP00000085,A004125,2025-09-26 13:00:00,2025-10-10 13:00:00,5485.45,PENDING,AI Voice
PTP00000086,A001263,2026-02-25 18:00:00,2026-03-11 18:00:00,14821.0,KEPT,WhatsApp
PTP00000087,A000076,2025-10-14 11:00:00,2025-10-28 11:00:00,5020.55,PENDING,AI Voice
PTP00000088,A001286,2026-03-12 18:00:00,2026-03-26 18:00:00,13445.2,KEPT,AI Voice
PTP00000089,A000560,2026-03-17 15:00:00,2026-03-24 15:00:00,11209.54,KEPT,WhatsApp
PTP00000090,A003462,2025-11-21 17:00:00,2025-12-05 17:00:00,9207.34,BROKEN,AI Voice
PTP00000091,A000550,2026-04-02 14:00:00,2026-04-05 14:00:00,2331.09,PENDING,AI Voice
PTP00000092,A003083,2026-05-19 15:00:00,2026-06-02 15:00:00,5423.67,PENDING,Human
PTP00000093,A001328,2026-04-19 20:00:00,2026-04-20 20:00:00,5010.83,KEPT,WhatsApp
PTP00000094,A000394,2025-12-11 20:00:00,2025-12-25 20:00:00,2909.04,BROKEN,Field
PTP00000095,A000450,2026-01-15 10:00:00,2026-01-22 10:00:00,6372.37,PENDING,Field
PTP00000096,A000038,2026-06-12 19:00:00,2026-06-13 19:00:00,12098.99,BROKEN,Field
PTP00000097,A002045,2026-03-23 10:00:00,2026-03-24 10:00:00,12983.23,BROKEN,WhatsApp
PTP00000098,A003342,2026-04-22 18:00:00,2026-05-06 18:00:00,3042.69,KEPT,AI Voice
PTP00000099,A002142,2026-04-06 15:00:00,2026-04-13 15:00:00,8304.02,BROKEN,Human
PTP00000100,A001533,2026-02-11 10:00:00,2026-02-14 10:00:00,5696.89,KEPT,Human
PTP00000101,A000164,2025-09-11 18:00:00,2025-09-14 18:00:00,9414.75,PENDING,Field
PTP00000102,A003555,2025-10-02 09:00:00,2025-10-05 09:00:00,11464.45,BROKEN,Human
PTP00000103,A001198,2026-04-10 18:00:00,2026-04-11 18:00:00,2039.34,KEPT,WhatsApp
PTP00000104,A003073,2025-09-11 12:00:00,2025-09-12 12:00:00,5498.41,KEPT,Human
PTP00000105,A001322,2026-06-22 08:00:00,2026-06-29 08:00:00,2667.03,PENDING,Field
PTP00000106,A001327,2026-08-23 15:00:00,2026-08-26 15:00:00,2309.92,KEPT,Field
PTP00000107,A001458,2026-01-08 19:00:00,2026-01-11 19:00:00,11579.12,KEPT,WhatsApp
PTP00000108,A003421,2026-03-12 19:00:00,2026-03-26 19:00:00,3363.88,PENDING,Human
PTP00000109,A003124,2026-06-20 10:00:00,2026-06-23 10:00:00,7266.9,BROKEN,WhatsApp
PTP00000110,A000623,2025-09-22 18:00:00,2025-09-25 18:00:00,14513.51,KEPT,Human
PTP00000111,A000150,2025-10-03 09:00:00,2025-10-06 09:00:00,2774.27,BROKEN,AI Voice
PTP00000112,A000289,2026-03-19 20:00:00,2026-03-26 20:00:00,2739.1,PENDING,Field
PTP00000113,A003986,2025-10-13 15:00:00,2025-10-14 15:00:00,4360.89,KEPT,Human
PTP00000114,A003831,2026-07-24 18:00:00,2026-07-27 18:00:00,4829.6,KEPT,WhatsApp
PTP00000115,A003971,2026-01-04 16:00:00,2026-01-07 16:00:00,3181.77,BROKEN,Human
PTP00000116,A003970,2026-06-23 19:00:00,2026-06-24 19:00:00,12341.65,KEPT,Human
PTP00000117,A003404,2026-01-13 14:00:00,2026-01-27 14:00:00,3198.0,KEPT,Field
PTP00000118,A000949,2026-05-14 19:00:00,2026-05-17 19:00:00,7514.44,BROKEN,WhatsApp
PTP00000119,A003662,2026-07-01 14:00:00,2026-07-02 14:00:00,6054.58,BROKEN,Field
PTP00000120,A003422,2026-04-05 16:00:00,2026-04-06 16:00:00,13105.32,PENDING,WhatsApp
PTP00000121,A002205,2025-10-01 10:00:00,2025-10-04 10:00:00,14074.14,PENDING,Field
PTP00000122,A002400,2026-07-19 17:00:00,2026-07-22 17:00:00,3698.16,BROKEN,AI Voice
PTP00000123,A003592,2026-07-17 16:00:00,2026-07-18 16:00:00,9752.89,PENDING,AI Voice
PTP00000124,A001935,2025-09-22 09:00:00,2025-09-25 09:00:00,7166.76,BROKEN,Human
PTP00000125,A000795,2025-10-13 09:00:00,2025-10-27 09:00:00,7171.91,BROKEN,Human
PTP00000126,A001885,2026-01-08 13:00:00,2026-01-15 13:00:00,5725.94,KEPT,Field
PTP00000127,A001907,2025-12-15 08:00:00,2025-12-22 08:00:00,11648.73,KEPT,WhatsApp
PTP00000128,A001745,2025-11-02 09:00:00,2025-11-16 09:00:00,3298.82,KEPT,Human
PTP00000129,A003321,2025-11-01 13:00:00,2025-11-02 13:00:00,7247.75,KEPT,AI Voice
PTP00000130,A000395,2025-10-04 16:00:00,2025-10-18 16:00:00,7634.75,PENDING,Field
PTP00000131,A002293,2026-03-18 16:00:00,2026-03-25 16:00:00,5850.3,KEPT,AI Voice
PTP00000132,A002674,2025-11-19 10:00:00,2025-11-20 10:00:00,3770.02,KEPT,WhatsApp
PTP00000133,A002863,2025-12-04 12:00:00,2025-12-18 12:00:00,3799.29,BROKEN,Human
PTP00000134,A002520,2025-10-26 16:00:00,2025-10-27 16:00:00,7149.57,KEPT,Field
PTP00000135,A001813,2025-10-25 10:00:00,2025-11-01 10:00:00,8821.75,BROKEN,Field
PTP00000136,A000647,2025-10-08 16:00:00,2025-10-11 16:00:00,5907.46,KEPT,WhatsApp
PTP00000137,A001445,2026-05-27 08:00:00,2026-05-30 08:00:00,5968.42,KEPT,AI Voice
PTP00000138,A003672,2026-08-17 13:00:00,2026-08-24 13:00:00,8365.18,KEPT,WhatsApp
PTP00000139,A002725,2026-06-24 13:00:00,2026-07-08 13:00:00,7590.78,KEPT,AI Voice
PTP00000140,A001747,2026-07-01 20:00:00,2026-07-04 20:00:00,8424.67,KEPT,Human
PTP00000141,A001326,2026-04-16 15:00:00,2026-04-17 15:00:00,9080.5,PENDING,WhatsApp
PTP00000142,A000977,2026-02-13 13:00:00,2026-02-27 13:00:00,2641.95,PENDING,Human
PTP00000143,A000581,2026-02-10 11:00:00,2026-02-13 11:00:00,7119.17,KEPT,AI Voice
PTP00000144,A003215,2026-08-15 14:00:00,2026-08-16 14:00:00,14861.59,KEPT,Human
PTP00000145,A002577,2026-06-23 11:00:00,2026-06-30 11:00:00,12925.06,PENDING,Human
PTP00000146,A004061,2026-07-22 15:00:00,2026-08-05 15:00:00,4935.47,BROKEN,AI Voice
PTP00000147,A001771,2026-06-18 14:00:00,2026-06-19 14:00:00,4543.36,KEPT,AI Voice
PTP00000148,A002141,2026-03-01 19:00:00,2026-03-02 19:00:00,10950.85,KEPT,Human
PTP00000149,A000242,2026-07-14 12:00:00,2026-07-28 12:00:00,3910.22,KEPT,Field
PTP00000150,A003877,2025-09-12 11:00:00,2025-09-19 11:00:00,14219.03,PENDING,AI Voice
PTP00000151,A001600,2026-04-03 13:00:00,2026-04-10 13:00:00,11130.27,PENDING,Field
PTP00000152,A001271,2026-06-21 19:00:00,2026-06-22 19:00:00,10019.48,BROKEN,Field
PTP00000153,A003724,2026-06-08 09:00:00,2026-06-09 09:00:00,6058.18,KEPT,WhatsApp
PTP00000154,A000012,2026-02-25 15:00:00,2026-02-26 15:00:00,14946.07,KEPT,Field
PTP00000155,A000100,2025-09-02 11:00:00,2025-09-05 11:00:00,11178.75,BROKEN,WhatsApp
PTP00000156,A002183,2026-01-06 08:00:00,2026-01-09 08:00:00,5617.03,KEPT,AI Voice
PTP00000157,A003390,2025-11-21 13:00:00,2025-12-05 13:00:00,2697.49,BROKEN,Field
PTP00000158,A001872,2026-07-09 13:00:00,2026-07-10 13:00:00,6240.17,KEPT,WhatsApp
PTP00000159,A003814,2026-06-10 17:00:00,2026-06-11 17:00:00,8643.3,KEPT,WhatsApp
PTP00000160,A001044,2025-09-22 11:00:00,2025-10-06 11:00:00,4818.49,KEPT,Field
PTP00000161,A001979,2026-04-11 12:00:00,2026-04-25 12:00:00,3451.2,PENDING,WhatsApp
PTP00000162,A000116,2026-08-13 12:00:00,2026-08-14 12:00:00,7728.98,KEPT,AI Voice
PTP00000163,A003538,2026-04-19 18:00:00,2026-05-03 18:00:00,3225.03,BROKEN,Field
PTP00000164,A002414,2026-04-18 18:00:00,2026-04-25 18:00:00,4583.83,KEPT,WhatsApp
PTP00000165,A001972,2025-10-21 12:00:00,2025-10-22 12:00:00,14981.66,BROKEN,WhatsApp
PTP00000166,A001482,2026-02-27 13:00:00,2026-03-02 13:00:00,14215.91,BROKEN,AI Voice
PTP00000167,A002780,2025-11-25 12:00:00,2025-12-09 12:00:00,10960.61,PENDING,AI Voice
PTP00000168,A002586,2026-05-04 19:00:00,2026-05-18 19:00:00,3784.12,PENDING,Human
PTP00000169,A002629,2025-10-12 16:00:00,2025-10-13 16:00:00,10153.92,KEPT,AI Voice
PTP00000170,A000345,2026-02-06 10:00:00,2026-02-07 10:00:00,4134.29,KEPT,AI Voice
PTP00000171,A000127,2025-09-24 18:00:00,2025-09-27 18:00:00,3781.19,KEPT,Human
PTP00000172,A003186,2026-02-01 15:00:00,2026-02-08 15:00:00,5494.91,BROKEN,WhatsApp
PTP00000173,A002388,2026-03-18 12:00:00,2026-03-21 12:00:00,6874.01,KEPT,Field
PTP00000174,A003157,2026-01-08 13:00:00,2026-01-09 13:00:00,14087.79,BROKEN,Human
PTP00000175,A002834,2026-07-07 17:00:00,2026-07-21 17:00:00,11734.46,KEPT,WhatsApp
PTP00000176,A000870,2025-09-23 17:00:00,2025-09-24 17:00:00,12801.64,KEPT,AI Voice
PTP00000177,A003946,2025-11-27 18:00:00,2025-11-28 18:00:00,11692.47,PENDING,Human
PTP00000178,A001366,2026-03-10 12:00:00,2026-03-17 12:00:00,11201.9,KEPT,Human
PTP00000179,A001549,2025-12-21 11:00:00,2026-01-04 11:00:00,6451.68,KEPT,AI Voice
PTP00000180,A003510,2026-04-25 17:00:00,2026-04-28 17:00:00,10356.88,KEPT,Human
PTP00000181,A000737,2026-07-27 15:00:00,2026-08-03 15:00:00,14896.58,BROKEN,Human
PTP00000182,A003490,2026-01-23 13:00:00,2026-01-30 13:00:00,2016.4,KEPT,Human
PTP00000183,A001477,2026-06-04 17:00:00,2026-06-11 17:00:00,10262.3,KEPT,WhatsApp
PTP00000184,A000781,2026-05-21 11:00:00,2026-05-28 11:00:00,2357.66,KEPT,WhatsApp
PTP00000185,A000251,2025-11-23 10:00:00,2025-11-30 10:00:00,12549.9,KEPT,Field
PTP00000186,A004168,2026-02-02 19:00:00,2026-02-09 19:00:00,3539.32,KEPT,WhatsApp
PTP00000187,A000924,2026-08-05 20:00:00,2026-08-06 20:00:00,4348.37,BROKEN,Human
PTP00000188,A003387,2026-05-10 10:00:00,2026-05-17 10:00:00,8408.6,KEPT,WhatsApp
PTP00000189,A001551,2026-06-04 09:00:00,2026-06-11 09:00:00,2080.21,BROKEN,Field
PTP00000190,A000786,2026-01-24 18:00:00,2026-01-31 18:00:00,4469.57,KEPT,WhatsApp
PTP00000191,A003623,2025-12-20 09:00:00,2025-12-27 09:00:00,2307.99,KEPT,Field
PTP00000192,A003546,2026-07-03 17:00:00,2026-07-06 17:00:00,3018.23,PENDING,Human
PTP00000193,A003099,2026-05-08 09:00:00,2026-05-09 09:00:00,4957.22,KEPT,AI Voice
PTP00000194,A001165,2025-12-13 17:00:00,2025-12-27 17:00:00,3755.24,KEPT,Human
PTP00000195,A001068,2025-09-21 08:00:00,2025-10-05 08:00:00,9215.71,KEPT,WhatsApp
PTP00000196,A003532,2026-04-05 08:00:00,2026-04-08 08:00:00,11644.79,KEPT,WhatsApp
PTP00000197,A000183,2026-06-02 08:00:00,2026-06-03 08:00:00,4164.88,KEPT,Human
PTP00000198,A001495,2026-03-07 13:00:00,2026-03-10 13:00:00,6719.84,BROKEN,AI Voice
PTP00000199,A002201,2025-12-21 18:00:00,2026-01-04 18:00:00,11339.2,PENDING,Human
PTP00000200,A000428,2026-03-09 11:00:00,2026-03-12 11:00:00,2977.42,BROKEN,Field
PTP00000201,A002866,2026-02-01 20:00:00,2026-02-15 20:00:00,14191.97,PENDING,Field
PTP00000202,A000368,2026-03-01 15:00:00,2026-03-04 15:00:00,8182.18,BROKEN,AI Voice
PTP00000203,A002023,2025-11-15 08:00:00,2025-11-22 08:00:00,8530.85,KEPT,Field
PTP00000204,A002797,2026-08-25 08:00:00,2026-08-28 08:00:00,9378.24,BROKEN,Field
PTP00000205,A001108,2026-04-19 16:00:00,2026-04-26 16:00:00,13618.8,PENDING,Human
PTP00000206,A002223,2026-06-19 16:00:00,2026-06-26 16:00:00,12663.83,BROKEN,Human
PTP00000207,A002635,2025-11-01 17:00:00,2025-11-04 17:00:00,2483.91,KEPT,Human
PTP00000208,A002828,2026-06-20 09:00:00,2026-06-21 09:00:00,5727.87,PENDING,WhatsApp
PTP00000209,A001625,2026-03-16 13:00:00,2026-03-19 13:00:00,11565.63,BROKEN,WhatsApp
PTP00000210,A000199,2026-01-26 14:00:00,2026-01-27 14:00:00,5613.62,BROKEN,WhatsApp
PTP00000211,A000968,2025-12-06 11:00:00,2025-12-13 11:00:00,5300.48,KEPT,WhatsApp
PTP00000212,A004189,2025-12-06 10:00:00,2025-12-13 10:00:00,5016.04,KEPT,Human
PTP00000213,A000982,2025-10-01 16:00:00,2025-10-08 16:00:00,10710.14,BROKEN,AI Voice
PTP00000214,A000064,2025-11-18 11:00:00,2025-11-21 11:00:00,9364.81,KEPT,Human
PTP00000215,A002642,2026-01-25 11:00:00,2026-02-01 11:00:00,2544.42,PENDING,WhatsApp
PTP00000216,A000723,2026-04-07 11:00:00,2026-04-10 11:00:00,9246.43,KEPT,WhatsApp
PTP00000217,A001659,2026-06-22 18:00:00,2026-06-25 18:00:00,2426.42,PENDING,AI Voice
PTP00000218,A003547,2025-09-14 11:00:00,2025-09-15 11:00:00,13410.58,KEPT,AI Voice
PTP00000219,A002965,2026-02-14 20:00:00,2026-02-28 20:00:00,3021.59,KEPT,AI Voice
PTP00000220,A003226,2025-11-20 08:00:00,2025-12-04 08:00:00,6923.39,KEPT,Field
PTP00000221,A003039,2026-07-25 15:00:00,2026-08-08 15:00:00,8952.13,KEPT,WhatsApp
PTP00000222,A000606,2025-10-20 08:00:00,2025-11-03 08:00:00,6828.61,KEPT,WhatsApp
PTP00000223,A003766,2026-07-13 14:00:00,2026-07-16 14:00:00,11185.21,BROKEN,Human
PTP00000224,A001863,2025-10-08 19:00:00,2025-10-15 19:00:00,6002.85,KEPT,Human
PTP00000225,A002934,2026-02-21 20:00:00,2026-02-24 20:00:00,12957.54,KEPT,AI Voice
PTP00000226,A000351,2025-12-11 16:00:00,2025-12-14 16:00:00,10172.95,KEPT,WhatsApp
PTP00000227,A001251,2025-10-15 13:00:00,2025-10-16 13:00:00,14342.34,KEPT,AI Voice
PTP00000228,A002726,2025-10-15 09:00:00,2025-10-22 09:00:00,2380.63,BROKEN,Field
PTP00000229,A003437,2025-10-17 18:00:00,2025-10-20 18:00:00,6097.12,BROKEN,AI Voice
PTP00000230,A004160,2026-08-09 19:00:00,2026-08-12 19:00:00,10170.21,BROKEN,Human
PTP00000231,A003337,2026-04-27 18:00:00,2026-04-30 18:00:00,4904.32,BROKEN,WhatsApp
PTP00000232,A001590,2025-11-20 09:00:00,2025-11-27 09:00:00,4100.72,BROKEN,WhatsApp
PTP00000233,A003536,2025-10-13 08:00:00,2025-10-16 08:00:00,7229.62,KEPT,AI Voice
PTP00000234,A003137,2025-11-21 10:00:00,2025-11-22 10:00:00,8280.69,KEPT,Field
PTP00000235,A002028,2025-09-06 20:00:00,2025-09-20 20:00:00,7050.54,KEPT,Human
PTP00000236,A000966,2026-01-05 16:00:00,2026-01-08 16:00:00,6766.75,KEPT,AI Voice
PTP00000237,A001673,2026-01-05 15:00:00,2026-01-19 15:00:00,14617.02,BROKEN,WhatsApp
PTP00000238,A000200,2026-06-17 15:00:00,2026-06-18 15:00:00,6731.42,KEPT,AI Voice
PTP00000239,A004004,2025-09-15 20:00:00,2025-09-22 20:00:00,7758.62,KEPT,Human
PTP00000240,A001567,2025-12-14 12:00:00,2025-12-21 12:00:00,6003.98,BROKEN,WhatsApp
PTP00000241,A001089,2026-07-03 10:00:00,2026-07-04 10:00:00,8235.67,KEPT,AI Voice
PTP00000242,A001712,2026-01-12 08:00:00,2026-01-19 08:00:00,8016.69,KEPT,Human
PTP00000243,A000218,2026-07-07 10:00:00,2026-07-08 10:00:00,2314.84,PENDING,Human
PTP00000244,A000709,2026-01-17 17:00:00,2026-01-24 17:00:00,7893.06,KEPT,Human
PTP00000245,A001114,2026-07-23 10:00:00,2026-07-30 10:00:00,4907.03,KEPT,Field
PTP00000246,A000193,2026-08-03 13:00:00,2026-08-06 13:00:00,11110.08,KEPT,AI Voice
PTP00000247,A001424,2025-09-24 12:00:00,2025-10-08 12:00:00,14152.24,BROKEN,WhatsApp
PTP00000248,A003345,2025-11-12 14:00:00,2025-11-19 14:00:00,5205.33,BROKEN,Field
PTP00000249,A001702,2026-01-09 08:00:00,2026-01-10 08:00:00,9573.84,KEPT,Human
PTP00000250,A001598,2026-03-01 10:00:00,2026-03-15 10:00:00,5132.05,KEPT,Human
PTP00000251,A000745,2025-10-13 15:00:00,2025-10-14 15:00:00,10316.43,KEPT,AI Voice
PTP00000252,A002655,2025-10-18 14:00:00,2025-10-19 14:00:00,14030.57,KEPT,Field
PTP00000253,A000109,2025-12-27 10:00:00,2025-12-28 10:00:00,6611.19,BROKEN,AI Voice
PTP00000254,A002587,2026-03-14 13:00:00,2026-03-28 13:00:00,3281.25,KEPT,AI Voice
PTP00000255,A002051,2026-02-19 19:00:00,2026-02-20 19:00:00,13582.43,PENDING,WhatsApp
PTP00000256,A002658,2025-12-01 12:00:00,2025-12-04 12:00:00,14320.78,KEPT,WhatsApp
PTP00000257,A000984,2026-08-06 08:00:00,2026-08-07 08:00:00,2677.09,BROKEN,WhatsApp
PTP00000258,A002133,2025-11-26 16:00:00,2025-12-10 16:00:00,2342.27,BROKEN,Field
PTP00000259,A002470,2026-07-04 10:00:00,2026-07-05 10:00:00,3012.18,KEPT,Field
PTP00000260,A001161,2025-09-07 11:00:00,2025-09-10 11:00:00,5547.75,BROKEN,Field
PTP00000261,A003478,2026-05-11 10:00:00,2026-05-12 10:00:00,8120.66,KEPT,Human
PTP00000262,A001847,2025-11-05 13:00:00,2025-11-08 13:00:00,6780.33,PENDING,AI Voice
PTP00000263,A003519,2026-05-22 08:00:00,2026-06-05 08:00:00,10183.52,BROKEN,AI Voice
PTP00000264,A003501,2025-12-24 08:00:00,2025-12-31 08:00:00,6123.87,BROKEN,WhatsApp
PTP00000265,A002257,2026-03-26 09:00:00,2026-04-02 09:00:00,10317.48,BROKEN,AI Voice
PTP00000266,A000927,2026-06-09 12:00:00,2026-06-16 12:00:00,2260.16,PENDING,WhatsApp
PTP00000267,A000188,2026-07-10 16:00:00,2026-07-13 16:00:00,9691.95,BROKEN,Field
PTP00000268,A002493,2026-06-13 10:00:00,2026-06-27 10:00:00,9764.42,KEPT,Field
PTP00000269,A003608,2026-03-23 12:00:00,2026-03-30 12:00:00,13175.8,BROKEN,WhatsApp
PTP00000270,A002466,2026-07-10 16:00:00,2026-07-11 16:00:00,4149.91,KEPT,Human
PTP00000271,A002674,2025-09-23 19:00:00,2025-10-07 19:00:00,9517.39,KEPT,WhatsApp
PTP00000272,A001477,2026-07-16 19:00:00,2026-07-30 19:00:00,2097.6,KEPT,Human
PTP00000273,A002225,2026-07-24 16:00:00,2026-08-07 16:00:00,2340.63,BROKEN,AI Voice
PTP00000274,A000113,2025-11-12 09:00:00,2025-11-19 09:00:00,13785.5,KEPT,Field
PTP00000275,A004006,2025-11-27 13:00:00,2025-12-04 13:00:00,8707.43,BROKEN,AI Voice
PTP00000276,A000839,2026-08-04 17:00:00,2026-08-07 17:00:00,9824.52,KEPT,WhatsApp
PTP00000277,A003051,2026-01-04 11:00:00,2026-01-11 11:00:00,14794.55,KEPT,AI Voice
PTP00000278,A001995,2025-11-03 12:00:00,2025-11-06 12:00:00,9609.43,KEPT,Field
PTP00000279,A003967,2026-03-24 16:00:00,2026-03-25 16:00:00,13440.54,PENDING,Field
PTP00000280,A001763,2026-02-01 08:00:00,2026-02-15 08:00:00,2662.09,BROKEN,WhatsApp
PTP00000281,A003233,2026-06-21 11:00:00,2026-06-22 11:00:00,6684.65,PENDING,Human
PTP00000282,A002094,2026-02-25 18:00:00,2026-03-11 18:00:00,7380.55,PENDING,AI Voice
PTP00000283,A002463,2026-04-05 17:00:00,2026-04-12 17:00:00,4877.94,KEPT,Field
PTP00000284,A001073,2026-05-20 18:00:00,2026-05-21 18:00:00,13761.59,BROKEN,WhatsApp
PTP00000285,A000707,2025-12-01 18:00:00,2025-12-15 18:00:00,8120.28,PENDING,Human
PTP00000286,A000894,2026-02-12 14:00:00,2026-02-19 14:00:00,6624.79,KEPT,WhatsApp
PTP00000287,A002954,2026-07-03 14:00:00,2026-07-06 14:00:00,12173.28,KEPT,WhatsApp
PTP00000288,A003294,2025-12-18 18:00:00,2025-12-21 18:00:00,10565.14,KEPT,WhatsApp
PTP00000289,A003444,2026-07-21 13:00:00,2026-07-24 13:00:00,3089.85,KEPT,Field
PTP00000290,A002723,2026-03-04 18:00:00,2026-03-11 18:00:00,2135.32,KEPT,AI Voice
PTP00000291,A002518,2026-07-12 10:00:00,2026-07-15 10:00:00,10247.94,KEPT,WhatsApp
PTP00000292,A003041,2025-10-16 18:00:00,2025-10-23 18:00:00,2766.4,KEPT,Field
PTP00000293,A003021,2025-12-01 12:00:00,2025-12-04 12:00:00,13538.51,BROKEN,Human
PTP00000294,A001001,2025-09-01 10:00:00,2025-09-08 10:00:00,2336.26,BROKEN,Human
PTP00000295,A002260,2026-06-27 17:00:00,2026-06-28 17:00:00,3057.07,KEPT,Human
PTP00000296,A003464,2026-03-09 09:00:00,2026-03-16 09:00:00,4905.99,KEPT,AI Voice
PTP00000297,A002226,2025-10-06 10:00:00,2025-10-20 10:00:00,5346.13,PENDING,Field
PTP00000298,A001087,2026-05-26 18:00:00,2026-06-09 18:00:00,2812.72,BROKEN,WhatsApp
PTP00000299,A003732,2026-08-01 08:00:00,2026-08-08 08:00:00,7453.39,KEPT,Field
PTP00000300,A001972,2026-04-04 10:00:00,2026-04-05 10:00:00,4877.62,PENDING,AI Voice
PTP00000301,A003437,2026-03-23 17:00:00,2026-03-30 17:00:00,8600.53,BROKEN,Field
PTP00000302,A002070,2026-03-05 19:00:00,2026-03-08 19:00:00,3696.17,KEPT,AI Voice
PTP00000303,A004145,2025-12-08 19:00:00,2025-12-15 19:00:00,2441.56,KEPT,WhatsApp
PTP00000304,A003373,2026-01-14 18:00:00,2026-01-28 18:00:00,5758.63,KEPT,AI Voice
PTP00000305,A000110,2026-06-25 16:00:00,2026-07-02 16:00:00,14034.48,KEPT,Field
PTP00000306,A004067,2026-05-15 16:00:00,2026-05-29 16:00:00,7430.97,KEPT,WhatsApp
PTP00000307,A003401,2026-06-19 12:00:00,2026-06-22 12:00:00,6814.71,PENDING,Human
PTP00000308,A002220,2026-08-03 16:00:00,2026-08-10 16:00:00,9010.01,BROKEN,WhatsApp
PTP00000309,A003403,2026-08-17 13:00:00,2026-08-18 13:00:00,11049.42,BROKEN,Human
PTP00000310,A003347,2025-12-13 15:00:00,2025-12-27 15:00:00,7042.14,KEPT,AI Voice
PTP00000311,A001364,2026-08-10 18:00:00,2026-08-17 18:00:00,4167.7,BROKEN,Human
PTP00000312,A000772,2025-11-13 09:00:00,2025-11-27 09:00:00,8811.37,BROKEN,AI Voice
PTP00000313,A003272,2026-06-23 15:00:00,2026-06-30 15:00:00,6824.77,PENDING,AI Voice
PTP00000314,A002925,2025-10-20 11:00:00,2025-11-03 11:00:00,2137.7,BROKEN,WhatsApp
PTP00000315,A003580,2026-06-13 11:00:00,2026-06-27 11:00:00,5896.57,BROKEN,AI Voice
PTP00000316,A001002,2026-03-13 17:00:00,2026-03-16 17:00:00,2715.24,BROKEN,WhatsApp
PTP00000317,A002579,2025-09-08 10:00:00,2025-09-09 10:00:00,2905.59,BROKEN,Field
PTP00000318,A001930,2026-01-23 18:00:00,2026-01-30 18:00:00,4241.71,BROKEN,Field
PTP00000319,A002319,2026-02-18 15:00:00,2026-02-21 15:00:00,3122.15,PENDING,WhatsApp
PTP00000320,A002426,2026-07-18 13:00:00,2026-07-25 13:00:00,9662.04,PENDING,Human
PTP00000321,A003231,2026-07-22 09:00:00,2026-07-25 09:00:00,12064.89,BROKEN,WhatsApp
PTP00000322,A003333,2026-01-15 17:00:00,2026-01-29 17:00:00,12344.88,KEPT,AI Voice
PTP00000323,A001761,2025-11-08 18:00:00,2025-11-09 18:00:00,3623.82,KEPT,Field
PTP00000324,A003582,2026-02-09 18:00:00,2026-02-16 18:00:00,11203.24,BROKEN,AI Voice
PTP00000325,A000863,2025-12-25 17:00:00,2026-01-08 17:00:00,5341.36,KEPT,WhatsApp
PTP00000326,A000480,2026-05-12 16:00:00,2026-05-13 16:00:00,4646.07,KEPT,Human
PTP00000327,A002837,2025-11-09 18:00:00,2025-11-16 18:00:00,9385.22,BROKEN,WhatsApp
PTP00000328,A001205,2026-08-11 17:00:00,2026-08-12 17:00:00,6056.2,BROKEN,Field
PTP00000329,A001586,2026-01-11 16:00:00,2026-01-18 16:00:00,6978.98,BROKEN,AI Voice
PTP00000330,A003022,2026-04-24 17:00:00,2026-05-01 17:00:00,6770.97,KEPT,WhatsApp
PTP00000331,A000737,2026-07-15 08:00:00,2026-07-16 08:00:00,14928.39,PENDING,AI Voice
PTP00000332,A003038,2025-09-26 11:00:00,2025-10-10 11:00:00,11136.86,BROKEN,AI Voice
PTP00000333,A001080,2025-11-18 10:00:00,2025-11-19 10:00:00,7928.35,KEPT,WhatsApp
PTP00000334,A000862,2025-12-16 16:00:00,2025-12-23 16:00:00,12128.63,BROKEN,WhatsApp
PTP00000335,A000169,2026-07-11 10:00:00,2026-07-18 10:00:00,4423.13,BROKEN,WhatsApp
PTP00000336,A003872,2025-10-02 15:00:00,2025-10-16 15:00:00,11863.69,KEPT,Human
PTP00000337,A001347,2026-04-24 09:00:00,2026-05-01 09:00:00,2114.06,KEPT,AI Voice
PTP00000338,A001121,2026-07-22 17:00:00,2026-07-23 17:00:00,3968.89,KEPT,WhatsApp
PTP00000339,A002570,2026-08-07 20:00:00,2026-08-10 20:00:00,10990.88,BROKEN,AI Voice
PTP00000340,A002736,2025-09-15 19:00:00,2025-09-22 19:00:00,2382.03,PENDING,Field
PTP00000341,A003441,2026-05-12 15:00:00,2026-05-19 15:00:00,3687.87,PENDING,WhatsApp
PTP00000342,A003915,2026-06-13 18:00:00,2026-06-27 18:00:00,11069.57,KEPT,Field
PTP00000343,A001564,2026-02-20 09:00:00,2026-02-21 09:00:00,11060.2,PENDING,AI Voice
PTP00000344,A002416,2026-06-18 08:00:00,2026-06-25 08:00:00,5931.81,KEPT,Field
PTP00000345,A001937,2025-10-15 20:00:00,2025-10-18 20:00:00,6808.33,BROKEN,AI Voice
PTP00000346,A001675,2025-12-11 09:00:00,2025-12-12 09:00:00,4557.98,BROKEN,Field
PTP00000347,A002006,2025-09-24 13:00:00,2025-09-27 13:00:00,6313.79,PENDING,Field
PTP00000348,A001701,2026-04-26 11:00:00,2026-05-10 11:00:00,3572.96,KEPT,Human
PTP00000349,A001970,2025-12-02 15:00:00,2025-12-09 15:00:00,4065.69,BROKEN,AI Voice
PTP00000350,A000385,2025-11-11 16:00:00,2025-11-12 16:00:00,4448.02,KEPT,Human
PTP00000351,A001365,2026-03-23 12:00:00,2026-03-26 12:00:00,9429.39,BROKEN,Field
PTP00000352,A000899,2026-08-12 14:00:00,2026-08-13 14:00:00,11275.9,BROKEN,WhatsApp
PTP00000353,A001016,2025-11-22 19:00:00,2025-12-06 19:00:00,3401.24,BROKEN,WhatsApp
PTP00000354,A001299,2026-07-18 18:00:00,2026-07-25 18:00:00,2007.88,BROKEN,Field
PTP00000355,A001502,2026-07-10 18:00:00,2026-07-13 18:00:00,10498.98,KEPT,AI Voice
PTP00000356,A001894,2026-04-04 09:00:00,2026-04-11 09:00:00,2383.43,BROKEN,Human
PTP00000357,A001930,2026-02-11 18:00:00,2026-02-18 18:00:00,14585.01,KEPT,Field
PTP00000358,A000461,2026-07-06 18:00:00,2026-07-13 18:00:00,14181.25,KEPT,AI Voice
PTP00000359,A003208,2026-08-14 20:00:00,2026-08-28 20:00:00,10628.25,PENDING,WhatsApp
PTP00000360,A003760,2026-03-06 20:00:00,2026-03-07 20:00:00,9914.98,BROKEN,Human
PTP00000361,A002555,2025-12-05 16:00:00,2025-12-12 16:00:00,8351.12,BROKEN,AI Voice
PTP00000362,A001502,2026-04-24 14:00:00,2026-05-01 14:00:00,2139.71,KEPT,Human
PTP00000363,A003717,2025-11-05 13:00:00,2025-11-12 13:00:00,8630.72,BROKEN,AI Voice
PTP00000364,A003263,2026-08-25 17:00:00,2026-08-26 17:00:00,14055.95,KEPT,Human
PTP00000365,A000150,2026-03-24 14:00:00,2026-03-27 14:00:00,2370.28,KEPT,Field
PTP00000366,A004113,2026-03-10 09:00:00,2026-03-24 09:00:00,2161.19,KEPT,Human
PTP00000367,A000796,2026-06-03 18:00:00,2026-06-06 18:00:00,4904.43,PENDING,Human
PTP00000368,A003632,2026-06-25 08:00:00,2026-06-28 08:00:00,2932.74,KEPT,WhatsApp
PTP00000369,A001250,2026-07-24 16:00:00,2026-07-31 16:00:00,10156.11,BROKEN,Human
PTP00000370,A002607,2026-06-21 15:00:00,2026-07-05 15:00:00,5297.05,PENDING,Human
PTP00000371,A003405,2025-10-12 15:00:00,2025-10-15 15:00:00,8216.52,BROKEN,Field
PTP00000372,A000344,2026-07-05 20:00:00,2026-07-08 20:00:00,11205.04,KEPT,WhatsApp
PTP00000373,A001877,2026-03-17 11:00:00,2026-03-24 11:00:00,3642.17,PENDING,Field
PTP00000374,A002681,2025-09-08 17:00:00,2025-09-15 17:00:00,6779.74,PENDING,AI Voice
PTP00000375,A003752,2026-07-03 10:00:00,2026-07-17 10:00:00,5216.23,KEPT,AI Voice
PTP00000376,A002939,2026-08-11 10:00:00,2026-08-25 10:00:00,8840.34,PENDING,WhatsApp
PTP00000377,A004140,2026-04-08 18:00:00,2026-04-09 18:00:00,2683.91,KEPT,Field
PTP00000378,A001265,2026-01-27 20:00:00,2026-01-30 20:00:00,5215.09,PENDING,Human
PTP00000379,A001425,2026-03-10 09:00:00,2026-03-13 09:00:00,6407.05,PENDING,WhatsApp
PTP00000380,A000994,2026-07-10 12:00:00,2026-07-13 12:00:00,13612.3,BROKEN,WhatsApp
PTP00000381,A000119,2026-06-19 20:00:00,2026-06-26 20:00:00,9277.3,KEPT,WhatsApp
PTP00000382,A002021,2026-03-26 08:00:00,2026-04-02 08:00:00,4509.21,BROKEN,Field
PTP00000383,A002320,2026-05-18 10:00:00,2026-05-25 10:00:00,6341.82,KEPT,Field
PTP00000384,A000237,2026-02-13 19:00:00,2026-02-14 19:00:00,3972.88,KEPT,WhatsApp
PTP00000385,A003799,2025-12-13 10:00:00,2025-12-14 10:00:00,2966.15,PENDING,AI Voice
PTP00000386,A002807,2026-03-15 13:00:00,2026-03-18 13:00:00,7733.1,BROKEN,Field
PTP00000387,A002113,2026-07-18 15:00:00,2026-07-19 15:00:00,9390.11,PENDING,Field
PTP00000388,A004040,2025-12-14 17:00:00,2025-12-15 17:00:00,2488.2,KEPT,AI Voice
PTP00000389,A000360,2025-10-11 14:00:00,2025-10-14 14:00:00,3762.06,BROKEN,AI Voice
PTP00000390,A000773,2026-06-26 18:00:00,2026-07-03 18:00:00,2297.52,PENDING,AI Voice
PTP00000391,A003702,2025-11-26 15:00:00,2025-11-29 15:00:00,5574.81,KEPT,Field
PTP00000392,A002300,2026-01-04 08:00:00,2026-01-07 08:00:00,9762.16,BROKEN,AI Voice
PTP00000393,A000668,2026-01-01 14:00:00,2026-01-02 14:00:00,10442.67,KEPT,Human
PTP00000394,A000805,2026-02-12 17:00:00,2026-02-26 17:00:00,11903.79,KEPT,Field
PTP00000395,A000147,2026-04-22 12:00:00,2026-04-23 12:00:00,8428.5,KEPT,WhatsApp
PTP00000396,A002881,2026-01-17 09:00:00,2026-01-18 09:00:00,10158.46,PENDING,WhatsApp
PTP00000397,A000315,2026-08-06 14:00:00,2026-08-20 14:00:00,9816.75,KEPT,Field
PTP00000398,A000452,2026-06-20 10:00:00,2026-06-27 10:00:00,13028.53,BROKEN,AI Voice
PTP00000399,A000652,2025-12-23 13:00:00,2025-12-24 13:00:00,14257.91,KEPT,AI Voice
PTP00000400,A001420,2026-05-03 14:00:00,2026-05-06 14:00:00,10857.55,BROKEN,Field
PTP00000401,A001870,2026-06-03 14:00:00,2026-06-10 14:00:00,4333.64,BROKEN,Human
PTP00000402,A000864,2025-11-13 12:00:00,2025-11-14 12:00:00,2152.64,KEPT,Human
PTP00000403,A003684,2026-06-06 08:00:00,2026-06-20 08:00:00,3017.85,KEPT,AI Voice
PTP00000404,A000491,2025-11-26 12:00:00,2025-12-10 12:00:00,8555.26,BROKEN,WhatsApp
PTP00000405,A001173,2026-04-23 20:00:00,2026-04-24 20:00:00,4170.08,BROKEN,Field
PTP00000406,A000731,2026-05-27 15:00:00,2026-06-10 15:00:00,4696.2,BROKEN,AI Voice
PTP00000407,A003406,2026-07-09 09:00:00,2026-07-10 09:00:00,3993.0,KEPT,Human
PTP00000408,A003726,2026-01-03 08:00:00,2026-01-04 08:00:00,2094.27,KEPT,Human
PTP00000409,A003485,2026-04-04 16:00:00,2026-04-18 16:00:00,13471.02,BROKEN,Field
PTP00000410,A003918,2026-01-19 20:00:00,2026-01-22 20:00:00,4396.42,KEPT,AI Voice
PTP00000411,A003192,2026-06-10 17:00:00,2026-06-13 17:00:00,12785.7,PENDING,AI Voice
PTP00000412,A000597,2025-12-25 19:00:00,2026-01-08 19:00:00,10336.15,KEPT,Human
PTP00000413,A000523,2026-05-23 17:00:00,2026-05-24 17:00:00,7105.87,KEPT,WhatsApp
PTP00000414,A002976,2026-01-27 16:00:00,2026-01-30 16:00:00,5397.07,PENDING,Field
PTP00000415,A003595,2026-02-07 14:00:00,2026-02-14 14:00:00,9824.71,PENDING,AI Voice
PTP00000416,A000878,2025-11-02 17:00:00,2025-11-09 17:00:00,9514.81,KEPT,WhatsApp
PTP00000417,A003639,2026-03-19 10:00:00,2026-03-20 10:00:00,2358.07,BROKEN,Field
PTP00000418,A000188,2025-12-09 14:00:00,2025-12-10 14:00:00,13702.15,KEPT,Human
PTP00000419,A001199,2025-11-15 18:00:00,2025-11-29 18:00:00,10557.92,PENDING,AI Voice
PTP00000420,A000385,2026-05-16 13:00:00,2026-05-19 13:00:00,14865.25,BROKEN,AI Voice
PTP00000421,A000387,2026-04-15 17:00:00,2026-04-18 17:00:00,12150.73,BROKEN,Field
PTP00000422,A001328,2026-04-13 13:00:00,2026-04-14 13:00:00,13841.11,KEPT,Human
PTP00000423,A000529,2025-12-02 10:00:00,2025-12-16 10:00:00,9300.34,BROKEN,WhatsApp
PTP00000424,A001138,2025-10-13 10:00:00,2025-10-20 10:00:00,4257.93,KEPT,AI Voice
PTP00000425,A001523,2026-01-20 18:00:00,2026-01-27 18:00:00,14219.31,PENDING,AI Voice
PTP00000426,A003968,2026-05-24 16:00:00,2026-05-31 16:00:00,10853.97,PENDING,Human
PTP00000427,A003421,2026-07-15 17:00:00,2026-07-22 17:00:00,7457.68,KEPT,Human
PTP00000428,A002842,2025-09-14 10:00:00,2025-09-28 10:00:00,3597.34,KEPT,Human
PTP00000429,A000399,2026-02-20 10:00:00,2026-03-06 10:00:00,9507.08,PENDING,Field
PTP00000430,A002847,2026-08-15 15:00:00,2026-08-29 15:00:00,2436.43,BROKEN,Field
PTP00000431,A001375,2026-04-16 17:00:00,2026-04-17 17:00:00,9573.42,KEPT,AI Voice
PTP00000432,A001638,2025-10-24 11:00:00,2025-10-27 11:00:00,4780.66,KEPT,WhatsApp
PTP00000433,A002766,2026-04-01 18:00:00,2026-04-15 18:00:00,8502.84,KEPT,WhatsApp
PTP00000434,A002910,2026-02-19 20:00:00,2026-02-22 20:00:00,3936.1,BROKEN,WhatsApp
PTP00000435,A001367,2026-01-19 09:00:00,2026-01-22 09:00:00,6963.02,KEPT,Human
PTP00000436,A002511,2026-05-26 18:00:00,2026-05-27 18:00:00,3186.81,BROKEN,WhatsApp
PTP00000437,A001378,2026-06-08 14:00:00,2026-06-15 14:00:00,9822.19,KEPT,WhatsApp
PTP00000438,A002836,2026-01-24 17:00:00,2026-02-07 17:00:00,13909.24,KEPT,Field
PTP00000439,A003603,2026-01-27 20:00:00,2026-02-03 20:00:00,13438.52,KEPT,Field
PTP00000440,A001581,2026-04-23 16:00:00,2026-05-07 16:00:00,7402.08,BROKEN,Human
PTP00000441,A000787,2026-02-22 13:00:00,2026-03-08 13:00:00,11207.06,BROKEN,WhatsApp
PTP00000442,A002060,2025-09-26 15:00:00,2025-10-03 15:00:00,4526.79,KEPT,Field
PTP00000443,A000439,2026-07-27 17:00:00,2026-07-28 17:00:00,6325.69,PENDING,Human
PTP00000444,A003924,2025-12-04 18:00:00,2025-12-11 18:00:00,4161.03,BROKEN,WhatsApp
PTP00000445,A001166,2026-03-24 14:00:00,2026-03-31 14:00:00,5665.26,PENDING,AI Voice
PTP00000446,A003010,2026-08-13 12:00:00,2026-08-27 12:00:00,2843.53,KEPT,Human
PTP00000447,A003716,2026-08-23 12:00:00,2026-08-24 12:00:00,4640.61,KEPT,WhatsApp
PTP00000448,A000130,2026-07-19 18:00:00,2026-07-26 18:00:00,3623.71,KEPT,Human
PTP00000449,A001701,2026-05-11 15:00:00,2026-05-25 15:00:00,4864.6,PENDING,Human
PTP00000450,A004049,2026-08-15 15:00:00,2026-08-16 15:00:00,7527.11,BROKEN,Human
PTP00000451,A003553,2026-08-12 20:00:00,2026-08-15 20:00:00,3438.67,KEPT,AI Voice
PTP00000452,A002581,2025-09-10 20:00:00,2025-09-11 20:00:00,6934.41,KEPT,WhatsApp
PTP00000453,A003618,2026-04-18 19:00:00,2026-04-25 19:00:00,12113.9,PENDING,Field
PTP00000454,A004083,2026-02-07 11:00:00,2026-02-14 11:00:00,7918.8,BROKEN,AI Voice
PTP00000455,A003045,2026-05-12 16:00:00,2026-05-19 16:00:00,14073.33,KEPT,Human
PTP00000456,A000498,2026-01-24 10:00:00,2026-01-31 10:00:00,5198.0,KEPT,Field
PTP00000457,A000849,2025-09-24 14:00:00,2025-10-08 14:00:00,5599.19,KEPT,Human
PTP00000458,A004004,2025-09-06 08:00:00,2025-09-20 08:00:00,9574.45,PENDING,Human
PTP00000459,A000174,2026-01-16 13:00:00,2026-01-17 13:00:00,13128.33,KEPT,Field
PTP00000460,A002982,2026-07-02 15:00:00,2026-07-03 15:00:00,6292.7,KEPT,Field
PTP00000461,A000197,2026-01-16 09:00:00,2026-01-23 09:00:00,6655.29,PENDING,AI Voice
PTP00000462,A000965,2026-08-10 15:00:00,2026-08-17 15:00:00,4462.04,KEPT,WhatsApp
PTP00000463,A000031,2026-07-06 17:00:00,2026-07-09 17:00:00,3313.75,BROKEN,Field
PTP00000464,A002106,2025-12-03 08:00:00,2025-12-04 08:00:00,8304.88,KEPT,WhatsApp
PTP00000465,A001853,2026-01-15 15:00:00,2026-01-29 15:00:00,7190.4,BROKEN,WhatsApp
PTP00000466,A002423,2026-05-09 16:00:00,2026-05-12 16:00:00,8068.58,BROKEN,WhatsApp
PTP00000467,A000418,2026-08-26 18:00:00,2026-09-09 18:00:00,5299.04,BROKEN,Field
PTP00000468,A000817,2026-03-07 17:00:00,2026-03-10 17:00:00,13706.41,PENDING,WhatsApp
PTP00000469,A002473,2026-06-25 15:00:00,2026-06-28 15:00:00,8719.77,BROKEN,Field
PTP00000470,A003222,2026-02-19 12:00:00,2026-02-22 12:00:00,5652.84,BROKEN,Field
PTP00000471,A002231,2025-11-04 11:00:00,2025-11-11 11:00:00,14593.38,BROKEN,AI Voice
PTP00000472,A004156,2026-03-18 12:00:00,2026-03-21 12:00:00,11358.12,KEPT,AI Voice
PTP00000473,A001209,2026-01-08 14:00:00,2026-01-22 14:00:00,10905.76,BROKEN,AI Voice
PTP00000474,A000482,2026-08-25 14:00:00,2026-08-28 14:00:00,13206.77,PENDING,Human
PTP00000475,A001956,2026-02-04 17:00:00,2026-02-18 17:00:00,10043.3,KEPT,AI Voice
PTP00000476,A001673,2026-04-04 19:00:00,2026-04-05 19:00:00,6875.93,BROKEN,AI Voice
PTP00000477,A003261,2025-09-25 16:00:00,2025-09-26 16:00:00,7571.32,KEPT,AI Voice
PTP00000478,A002615,2025-09-27 19:00:00,2025-10-11 19:00:00,11892.65,BROKEN,AI Voice
PTP00000479,A000916,2026-03-16 13:00:00,2026-03-19 13:00:00,7777.21,KEPT,Field
PTP00000480,A002753,2026-05-12 10:00:00,2026-05-15 10:00:00,6953.83,BROKEN,Field
PTP00000481,A001098,2025-09-06 12:00:00,2025-09-13 12:00:00,3776.62,PENDING,WhatsApp
PTP00000482,A002477,2026-05-12 11:00:00,2026-05-15 11:00:00,14643.8,KEPT,Human
PTP00000483,A001413,2026-03-09 20:00:00,2026-03-10 20:00:00,12490.93,KEPT,Field
PTP00000484,A001855,2026-02-25 10:00:00,2026-02-28 10:00:00,10062.85,KEPT,Field
PTP00000485,A002453,2026-01-12 09:00:00,2026-01-13 09:00:00,12464.32,PENDING,AI Voice
PTP00000486,A000943,2025-12-06 19:00:00,2025-12-20 19:00:00,9018.56,PENDING,Human
PTP00000487,A000687,2026-05-14 14:00:00,2026-05-17 14:00:00,14616.03,KEPT,Human
PTP00000488,A003698,2025-11-06 14:00:00,2025-11-13 14:00:00,6537.78,BROKEN,Human
PTP00000489,A000400,2026-08-09 17:00:00,2026-08-12 17:00:00,7416.42,KEPT,Field
PTP00000490,A000506,2025-09-07 15:00:00,2025-09-14 15:00:00,14656.38,PENDING,Field
PTP00000491,A002879,2025-09-22 20:00:00,2025-09-25 20:00:00,6893.24,KEPT,AI Voice
PTP00000492,A001233,2025-11-25 13:00:00,2025-11-28 13:00:00,3554.09,KEPT,WhatsApp
PTP00000493,A000583,2026-02-06 18:00:00,2026-02-09 18:00:00,7318.21,BROKEN,Human
PTP00000494,A003931,2025-09-20 14:00:00,2025-09-21 14:00:00,2890.5,BROKEN,Field
PTP00000495,A000967,2026-04-01 09:00:00,2026-04-08 09:00:00,6224.07,PENDING,AI Voice
PTP00000496,A002430,2026-02-01 09:00:00,2026-02-02 09:00:00,6461.78,PENDING,AI Voice
PTP00000497,A001100,2026-07-27 18:00:00,2026-07-30 18:00:00,5450.68,KEPT,WhatsApp
PTP00000498,A000411,2025-10-07 08:00:00,2025-10-08 08:00:00,6132.43,BROKEN,Field
PTP00000499,A001896,2026-07-11 11:00:00,2026-07-18 11:00:00,6935.01,BROKEN,AI Voice
PTP00000500,A000454,2025-12-03 08:00:00,2025-12-06 08:00:00,3251.98,BROKEN,AI Voice
PTP00000501,A002618,2026-04-20 13:00:00,2026-04-27 13:00:00,14713.97,KEPT,AI Voice
PTP00000502,A002709,2025-12-20 09:00:00,2025-12-27 09:00:00,5951.2,KEPT,Field
PTP00000503,A000693,2026-01-25 17:00:00,2026-01-28 17:00:00,3118.1,KEPT,AI Voice
PTP00000504,A001944,2025-09-17 11:00:00,2025-09-20 11:00:00,4307.47,BROKEN,AI Voice
PTP00000505,A000853,2025-09-06 14:00:00,2025-09-13 14:00:00,10328.19,KEPT,AI Voice
PTP00000506,A003381,2026-07-17 20:00:00,2026-07-20 20:00:00,5128.6,KEPT,AI Voice
PTP00000507,A000643,2026-02-18 11:00:00,2026-02-19 11:00:00,4320.24,PENDING,Human
PTP00000508,A001193,2026-05-08 14:00:00,2026-05-15 14:00:00,9161.59,KEPT,WhatsApp
PTP00000509,A003097,2025-09-23 17:00:00,2025-09-24 17:00:00,9072.56,KEPT,Human
PTP00000510,A001135,2025-09-07 11:00:00,2025-09-21 11:00:00,13655.82,BROKEN,WhatsApp
PTP00000511,A000221,2025-11-16 14:00:00,2025-11-19 14:00:00,2588.56,KEPT,WhatsApp
PTP00000512,A003353,2026-04-22 17:00:00,2026-04-23 17:00:00,8020.37,KEPT,AI Voice
PTP00000513,A003603,2026-03-11 19:00:00,2026-03-25 19:00:00,6224.36,PENDING,AI Voice
PTP00000514,A001376,2026-05-18 18:00:00,2026-05-21 18:00:00,5526.87,BROKEN,AI Voice
PTP00000515,A002317,2025-11-01 17:00:00,2025-11-02 17:00:00,5624.68,KEPT,Human
PTP00000516,A001167,2025-09-19 10:00:00,2025-09-26 10:00:00,4591.44,KEPT,WhatsApp
PTP00000517,A001614,2026-08-24 15:00:00,2026-08-25 15:00:00,2367.43,BROKEN,Field
PTP00000518,A000677,2026-07-16 09:00:00,2026-07-19 09:00:00,4505.49,PENDING,Field
PTP00000519,A001477,2026-05-20 16:00:00,2026-05-27 16:00:00,3362.57,KEPT,WhatsApp
PTP00000520,A002768,2026-03-02 20:00:00,2026-03-03 20:00:00,8561.44,BROKEN,Field
PTP00000521,A004091,2025-12-19 08:00:00,2025-12-26 08:00:00,14954.7,KEPT,Human
PTP00000522,A001832,2026-04-20 11:00:00,2026-04-23 11:00:00,7893.66,PENDING,Field
PTP00000523,A000699,2026-01-22 12:00:00,2026-01-29 12:00:00,10668.17,BROKEN,Field
PTP00000524,A001005,2026-01-16 19:00:00,2026-01-17 19:00:00,2095.0,KEPT,AI Voice
PTP00000525,A001097,2026-06-05 16:00:00,2026-06-19 16:00:00,4823.86,PENDING,AI Voice
PTP00000526,A004032,2025-10-24 18:00:00,2025-11-07 18:00:00,5398.78,KEPT,Field
PTP00000527,A002165,2025-10-12 13:00:00,2025-10-26 13:00:00,11930.11,PENDING,Field
PTP00000528,A003119,2025-11-12 12:00:00,2025-11-19 12:00:00,13882.6,BROKEN,AI Voice
PTP00000529,A001081,2025-12-02 11:00:00,2025-12-16 11:00:00,5372.83,BROKEN,WhatsApp
PTP00000530,A001585,2026-08-03 11:00:00,2026-08-04 11:00:00,13289.41,KEPT,Field
PTP00000531,A001107,2026-07-01 15:00:00,2026-07-08 15:00:00,8718.09,KEPT,Human
PTP00000532,A000428,2026-08-23 12:00:00,2026-08-30 12:00:00,8324.46,BROKEN,AI Voice
PTP00000533,A003851,2025-10-09 11:00:00,2025-10-12 11:00:00,8493.85,KEPT,Human
PTP00000534,A001975,2026-01-25 12:00:00,2026-01-26 12:00:00,2468.07,PENDING,WhatsApp
PTP00000535,A001032,2026-07-18 13:00:00,2026-07-25 13:00:00,10647.49,KEPT,WhatsApp
PTP00000536,A001952,2025-11-07 15:00:00,2025-11-10 15:00:00,7721.31,KEPT,Field
PTP00000537,A002757,2025-09-10 10:00:00,2025-09-13 10:00:00,9655.85,KEPT,Field
PTP00000538,A002799,2026-06-18 18:00:00,2026-06-21 18:00:00,2425.79,BROKEN,WhatsApp
PTP00000539,A000661,2025-11-13 14:00:00,2025-11-14 14:00:00,4323.25,BROKEN,AI Voice
PTP00000540,A002071,2026-02-04 17:00:00,2026-02-05 17:00:00,2443.34,PENDING,WhatsApp
PTP00000541,A002447,2025-09-08 08:00:00,2025-09-09 08:00:00,8908.61,BROKEN,AI Voice
PTP00000542,A003474,2026-01-13 12:00:00,2026-01-14 12:00:00,11943.59,KEPT,AI Voice
PTP00000543,A002258,2025-09-27 11:00:00,2025-10-04 11:00:00,4686.5,BROKEN,Human
PTP00000544,A000031,2025-11-15 20:00:00,2025-11-16 20:00:00,8104.84,KEPT,Field
PTP00000545,A001893,2025-11-16 17:00:00,2025-11-23 17:00:00,2862.67,KEPT,Field
PTP00000546,A002725,2025-11-02 11:00:00,2025-11-09 11:00:00,4130.56,BROKEN,Human
PTP00000547,A003005,2025-10-22 19:00:00,2025-10-25 19:00:00,6085.85,BROKEN,Field
PTP00000548,A002224,2026-02-03 20:00:00,2026-02-06 20:00:00,2654.9,KEPT,WhatsApp
PTP00000549,A002302,2026-05-09 15:00:00,2026-05-16 15:00:00,7025.03,PENDING,Human
PTP00000550,A003568,2026-01-27 12:00:00,2026-02-03 12:00:00,10232.65,BROKEN,Human
PTP00000551,A001272,2025-12-09 15:00:00,2025-12-10 15:00:00,14084.93,KEPT,Human
PTP00000552,A002099,2026-01-20 18:00:00,2026-01-23 18:00:00,12312.63,BROKEN,AI Voice
PTP00000553,A000286,2026-08-21 19:00:00,2026-08-24 19:00:00,6112.03,KEPT,Human
PTP00000554,A001021,2026-02-05 13:00:00,2026-02-08 13:00:00,10595.94,BROKEN,Field
PTP00000555,A002082,2026-02-15 18:00:00,2026-02-22 18:00:00,12666.88,KEPT,Field
PTP00000556,A001605,2025-11-16 14:00:00,2025-11-17 14:00:00,2426.94,BROKEN,AI Voice
PTP00000557,A001188,2026-08-24 15:00:00,2026-08-27 15:00:00,11762.1,BROKEN,Human
PTP00000558,A000666,2026-01-20 17:00:00,2026-01-23 17:00:00,10936.06,BROKEN,AI Voice
PTP00000559,A001363,2025-09-22 11:00:00,2025-09-25 11:00:00,10842.38,BROKEN,AI Voice
PTP00000560,A003863,2026-01-27 14:00:00,2026-02-10 14:00:00,2675.81,KEPT,WhatsApp
PTP00000561,A003777,2025-11-15 16:00:00,2025-11-16 16:00:00,12763.27,KEPT,Field
PTP00000562,A002016,2026-02-06 16:00:00,2026-02-09 16:00:00,14939.52,KEPT,Human
PTP00000563,A001915,2026-04-18 19:00:00,2026-04-25 19:00:00,3392.1,KEPT,WhatsApp
PTP00000564,A002569,2026-07-04 12:00:00,2026-07-07 12:00:00,9947.62,KEPT,WhatsApp
PTP00000565,A003670,2026-01-11 13:00:00,2026-01-12 13:00:00,12361.83,PENDING,Field
PTP00000566,A000203,2026-08-18 16:00:00,2026-08-21 16:00:00,13355.56,KEPT,Field
PTP00000567,A004179,2025-11-09 11:00:00,2025-11-12 11:00:00,10517.57,BROKEN,AI Voice
PTP00000568,A000409,2026-07-23 20:00:00,2026-07-30 20:00:00,3047.94,KEPT,Human
PTP00000569,A000484,2026-03-19 12:00:00,2026-04-02 12:00:00,12777.59,KEPT,WhatsApp
PTP00000570,A001380,2026-07-06 13:00:00,2026-07-07 13:00:00,9715.35,KEPT,Human
PTP00000571,A001239,2025-10-13 10:00:00,2025-10-20 10:00:00,8961.25,BROKEN,WhatsApp
PTP00000572,A004068,2025-10-11 16:00:00,2025-10-14 16:00:00,10382.76,KEPT,Human
PTP00000573,A004066,2026-06-08 12:00:00,2026-06-09 12:00:00,11907.56,KEPT,AI Voice
PTP00000574,A003081,2026-05-13 17:00:00,2026-05-14 17:00:00,2151.47,KEPT,Human
PTP00000575,A002881,2026-04-08 19:00:00,2026-04-15 19:00:00,2396.06,BROKEN,Human
PTP00000576,A001769,2025-12-11 11:00:00,2025-12-18 11:00:00,6805.02,BROKEN,WhatsApp
PTP00000577,A002944,2026-08-06 08:00:00,2026-08-20 08:00:00,5255.19,KEPT,WhatsApp
PTP00000578,A004141,2026-07-19 20:00:00,2026-07-22 20:00:00,3934.09,KEPT,WhatsApp
PTP00000579,A001825,2026-03-23 14:00:00,2026-03-26 14:00:00,11210.6,KEPT,WhatsApp
PTP00000580,A002135,2025-09-09 12:00:00,2025-09-16 12:00:00,6981.48,KEPT,AI Voice
PTP00000581,A001584,2026-04-25 11:00:00,2026-04-26 11:00:00,3442.79,KEPT,Human
PTP00000582,A001340,2026-05-02 09:00:00,2026-05-03 09:00:00,8481.65,BROKEN,AI Voice
PTP00000583,A000308,2025-12-15 18:00:00,2025-12-22 18:00:00,4661.6,KEPT,AI Voice
PTP00000584,A001902,2025-11-03 20:00:00,2025-11-04 20:00:00,3741.19,PENDING,Field
PTP00000585,A001853,2026-08-26 09:00:00,2026-09-02 09:00:00,6542.52,PENDING,WhatsApp
PTP00000586,A000508,2026-03-07 16:00:00,2026-03-21 16:00:00,3826.96,PENDING,WhatsApp
PTP00000587,A002125,2025-12-15 08:00:00,2025-12-29 08:00:00,5376.34,KEPT,Human
PTP00000588,A004070,2025-11-02 20:00:00,2025-11-03 20:00:00,11795.55,KEPT,WhatsApp
PTP00000589,A001573,2026-06-27 20:00:00,2026-07-04 20:00:00,13918.93,KEPT,AI Voice
PTP00000590,A000602,2026-01-21 16:00:00,2026-02-04 16:00:00,2652.13,BROKEN,Field
PTP00000591,A003482,2025-09-06 11:00:00,2025-09-09 11:00:00,6324.0,KEPT,WhatsApp
PTP00000592,A003638,2026-05-24 15:00:00,2026-05-27 15:00:00,7999.9,KEPT,WhatsApp
PTP00000593,A003931,2025-11-13 16:00:00,2025-11-14 16:00:00,2802.41,KEPT,Field
PTP00000594,A000823,2025-09-02 18:00:00,2025-09-05 18:00:00,13711.57,KEPT,AI Voice
PTP00000595,A001724,2025-11-15 18:00:00,2025-11-29 18:00:00,8724.71,PENDING,WhatsApp
PTP00000596,A000015,2025-12-18 14:00:00,2025-12-25 14:00:00,7526.7,KEPT,AI Voice
PTP00000597,A001181,2026-08-07 08:00:00,2026-08-10 08:00:00,2240.75,BROKEN,Field
PTP00000598,A002783,2025-12-15 12:00:00,2025-12-18 12:00:00,13119.77,BROKEN,AI Voice
PTP00000599,A000686,2025-09-10 16:00:00,2025-09-24 16:00:00,3874.03,BROKEN,AI Voice
PTP00000600,A004082,2025-11-02 18:00:00,2025-11-16 18:00:00,5482.82,KEPT,Field
PTP00000601,A001535,2026-03-21 16:00:00,2026-03-22 16:00:00,4423.62,KEPT,Human
PTP00000602,A000483,2026-02-05 11:00:00,2026-02-08 11:00:00,3711.43,KEPT,WhatsApp
PTP00000603,A003883,2025-11-13 12:00:00,2025-11-16 12:00:00,8899.9,KEPT,AI Voice
PTP00000604,A004019,2026-07-05 16:00:00,2026-07-19 16:00:00,2081.83,KEPT,Human
PTP00000605,A002397,2025-11-21 12:00:00,2025-11-28 12:00:00,9993.44,BROKEN,AI Voice
PTP00000606,A003307,2026-04-18 19:00:00,2026-05-02 19:00:00,2403.69,PENDING,Field
PTP00000607,A003269,2025-09-15 19:00:00,2025-09-16 19:00:00,4719.04,BROKEN,Field
PTP00000608,A000605,2026-03-15 16:00:00,2026-03-29 16:00:00,11843.65,KEPT,WhatsApp
PTP00000609,A000056,2025-12-13 13:00:00,2025-12-16 13:00:00,7683.14,KEPT,Human
PTP00000610,A002375,2025-12-26 09:00:00,2025-12-27 09:00:00,8511.51,KEPT,Field
PTP00000611,A000800,2025-11-10 13:00:00,2025-11-17 13:00:00,5393.48,BROKEN,AI Voice
PTP00000612,A000252,2025-12-27 09:00:00,2025-12-28 09:00:00,6679.19,KEPT,AI Voice
PTP00000613,A001505,2026-08-20 16:00:00,2026-08-23 16:00:00,8446.57,PENDING,Human
PTP00000614,A002723,2026-04-05 15:00:00,2026-04-08 15:00:00,13212.9,KEPT,Human
PTP00000615,A003490,2025-11-06 16:00:00,2025-11-13 16:00:00,6206.95,BROKEN,AI Voice
PTP00000616,A003903,2026-08-04 13:00:00,2026-08-18 13:00:00,10956.02,KEPT,WhatsApp
PTP00000617,A003485,2026-01-09 13:00:00,2026-01-10 13:00:00,13564.03,BROKEN,AI Voice
PTP00000618,A000041,2026-03-23 16:00:00,2026-03-24 16:00:00,2381.45,KEPT,AI Voice
PTP00000619,A003401,2026-05-16 12:00:00,2026-05-23 12:00:00,14380.25,KEPT,AI Voice
PTP00000620,A003275,2025-12-19 18:00:00,2025-12-26 18:00:00,5866.38,BROKEN,WhatsApp
PTP00000621,A001756,2026-08-14 12:00:00,2026-08-17 12:00:00,4540.86,KEPT,Field
PTP00000622,A001616,2025-11-18 13:00:00,2025-11-19 13:00:00,14872.69,BROKEN,AI Voice
PTP00000623,A000521,2026-07-23 10:00:00,2026-07-30 10:00:00,3825.58,PENDING,Field
PTP00000624,A002214,2026-08-18 14:00:00,2026-08-25 14:00:00,8498.92,PENDING,AI Voice
PTP00000625,A003996,2026-04-19 13:00:00,2026-04-26 13:00:00,4019.11,BROKEN,Human
PTP00000626,A003671,2026-01-11 09:00:00,2026-01-12 09:00:00,5409.59,KEPT,Field
PTP00000627,A000426,2026-02-25 18:00:00,2026-03-11 18:00:00,7994.46,KEPT,Field
PTP00000628,A002417,2025-10-10 18:00:00,2025-10-11 18:00:00,13988.22,KEPT,Human
PTP00000629,A003355,2026-02-24 16:00:00,2026-03-03 16:00:00,6025.32,BROKEN,WhatsApp
PTP00000630,A001455,2026-02-02 13:00:00,2026-02-05 13:00:00,8251.66,BROKEN,AI Voice
PTP00000631,A004023,2026-05-10 11:00:00,2026-05-13 11:00:00,4303.46,BROKEN,WhatsApp
PTP00000632,A000881,2026-06-16 19:00:00,2026-06-23 19:00:00,8691.3,BROKEN,Human
PTP00000633,A000173,2026-07-05 13:00:00,2026-07-06 13:00:00,6923.34,PENDING,Field
PTP00000634,A004003,2025-12-11 19:00:00,2025-12-12 19:00:00,9387.57,KEPT,WhatsApp
PTP00000635,A003288,2026-04-10 08:00:00,2026-04-17 08:00:00,2071.73,KEPT,Human
PTP00000636,A002860,2026-06-04 14:00:00,2026-06-07 14:00:00,5191.17,BROKEN,Human
PTP00000637,A001377,2026-02-25 11:00:00,2026-02-26 11:00:00,8208.27,KEPT,AI Voice
PTP00000638,A001575,2026-07-05 16:00:00,2026-07-08 16:00:00,5454.88,KEPT,Field
PTP00000639,A003658,2025-10-24 10:00:00,2025-10-25 10:00:00,14878.32,KEPT,Human
PTP00000640,A003184,2026-02-14 10:00:00,2026-02-17 10:00:00,3265.49,PENDING,Field
PTP00000641,A003353,2026-04-16 16:00:00,2026-04-23 16:00:00,4043.39,PENDING,Human
PTP00000642,A000343,2026-05-02 16:00:00,2026-05-05 16:00:00,9593.42,KEPT,AI Voice
PTP00000643,A002661,2026-02-12 17:00:00,2026-02-13 17:00:00,10885.91,KEPT,AI Voice
PTP00000644,A002300,2026-02-26 15:00:00,2026-03-05 15:00:00,8207.01,KEPT,AI Voice
PTP00000645,A004007,2025-12-23 17:00:00,2025-12-26 17:00:00,6221.01,BROKEN,WhatsApp
PTP00000646,A004060,2026-03-09 11:00:00,2026-03-23 11:00:00,3531.35,BROKEN,Field
PTP00000647,A002757,2026-04-22 16:00:00,2026-04-25 16:00:00,4050.16,KEPT,Field
PTP00000648,A000593,2025-12-20 12:00:00,2025-12-23 12:00:00,5963.55,KEPT,Human
PTP00000649,A001313,2025-09-26 13:00:00,2025-09-27 13:00:00,2934.51,BROKEN,Field
PTP00000650,A002415,2026-08-03 20:00:00,2026-08-17 20:00:00,13500.54,BROKEN,AI Voice
PTP00000651,A003842,2026-07-18 10:00:00,2026-07-21 10:00:00,7296.57,KEPT,Field
PTP00000652,A002591,2026-03-15 19:00:00,2026-03-18 19:00:00,6884.43,PENDING,Human
PTP00000653,A003678,2026-03-01 12:00:00,2026-03-04 12:00:00,7608.91,BROKEN,Field
PTP00000654,A003409,2026-08-13 15:00:00,2026-08-20 15:00:00,3502.04,BROKEN,AI Voice
PTP00000655,A003644,2025-11-16 17:00:00,2025-11-19 17:00:00,7229.75,PENDING,AI Voice
PTP00000656,A001399,2026-07-22 20:00:00,2026-07-25 20:00:00,12521.87,BROKEN,AI Voice
PTP00000657,A003427,2026-02-02 11:00:00,2026-02-09 11:00:00,11352.05,BROKEN,AI Voice
PTP00000658,A001634,2025-12-08 12:00:00,2025-12-15 12:00:00,5656.35,KEPT,Human
PTP00000659,A001706,2026-02-15 13:00:00,2026-02-22 13:00:00,9924.36,KEPT,Field
PTP00000660,A001982,2025-10-20 08:00:00,2025-11-03 08:00:00,2096.45,KEPT,WhatsApp
PTP00000661,A000497,2025-09-10 14:00:00,2025-09-11 14:00:00,12554.98,BROKEN,AI Voice
PTP00000662,A000764,2026-02-05 19:00:00,2026-02-19 19:00:00,6645.96,BROKEN,Field
PTP00000663,A001181,2026-08-20 19:00:00,2026-09-03 19:00:00,5265.18,KEPT,WhatsApp
PTP00000664,A003253,2026-04-14 09:00:00,2026-04-21 09:00:00,6101.34,BROKEN,Field
PTP00000665,A001816,2026-06-11 09:00:00,2026-06-25 09:00:00,2262.91,BROKEN,Field
PTP00000666,A003074,2026-07-11 20:00:00,2026-07-12 20:00:00,4117.46,KEPT,WhatsApp
PTP00000667,A001744,2026-07-15 15:00:00,2026-07-29 15:00:00,13004.12,KEPT,WhatsApp
PTP00000668,A001405,2025-12-27 13:00:00,2026-01-10 13:00:00,9784.8,BROKEN,Human
PTP00000669,A000197,2026-08-27 20:00:00,2026-09-10 20:00:00,9692.91,BROKEN,WhatsApp
PTP00000670,A000567,2025-10-18 14:00:00,2025-10-21 14:00:00,14017.86,BROKEN,WhatsApp
PTP00000671,A001339,2026-03-16 16:00:00,2026-03-19 16:00:00,11710.49,PENDING,Field
PTP00000672,A002208,2026-03-20 16:00:00,2026-03-27 16:00:00,8604.74,KEPT,Human
PTP00000673,A003201,2026-03-04 20:00:00,2026-03-07 20:00:00,6578.22,BROKEN,WhatsApp
PTP00000674,A003338,2026-04-01 18:00:00,2026-04-04 18:00:00,7384.85,KEPT,AI Voice
PTP00000675,A000547,2026-05-06 17:00:00,2026-05-07 17:00:00,3503.62,KEPT,WhatsApp
PTP00000676,A000793,2025-10-08 18:00:00,2025-10-15 18:00:00,10060.37,KEPT,Field
PTP00000677,A000865,2025-12-15 17:00:00,2025-12-29 17:00:00,5365.84,BROKEN,AI Voice
PTP00000678,A003117,2026-03-17 20:00:00,2026-03-31 20:00:00,6494.3,BROKEN,AI Voice
PTP00000679,A002795,2025-09-24 11:00:00,2025-09-25 11:00:00,14139.06,KEPT,Field
PTP00000680,A002449,2026-06-01 14:00:00,2026-06-02 14:00:00,14325.02,BROKEN,AI Voice
PTP00000681,A004149,2026-03-19 14:00:00,2026-03-22 14:00:00,10700.94,KEPT,Field
PTP00000682,A000788,2026-01-01 09:00:00,2026-01-02 09:00:00,10241.95,PENDING,WhatsApp
PTP00000683,A001413,2026-06-11 13:00:00,2026-06-25 13:00:00,6159.34,KEPT,AI Voice
PTP00000684,A000034,2026-06-02 12:00:00,2026-06-09 12:00:00,7222.61,KEPT,WhatsApp
PTP00000685,A003433,2025-10-09 11:00:00,2025-10-23 11:00:00,7973.66,KEPT,Field
PTP00000686,A002657,2026-01-13 13:00:00,2026-01-27 13:00:00,12539.15,PENDING,Human
PTP00000687,A000319,2026-06-04 15:00:00,2026-06-18 15:00:00,7471.64,PENDING,Human
PTP00000688,A000803,2026-07-15 09:00:00,2026-07-18 09:00:00,9330.98,KEPT,Field
PTP00000689,A003023,2025-11-01 14:00:00,2025-11-04 14:00:00,12627.46,BROKEN,WhatsApp
PTP00000690,A001038,2026-05-12 08:00:00,2026-05-15 08:00:00,4797.6,KEPT,WhatsApp
PTP00000691,A001768,2026-01-14 09:00:00,2026-01-21 09:00:00,12519.55,PENDING,Human
PTP00000692,A003669,2025-11-19 10:00:00,2025-11-22 10:00:00,5988.32,KEPT,WhatsApp
PTP00000693,A003078,2026-05-09 09:00:00,2026-05-12 09:00:00,8611.03,KEPT,WhatsApp
PTP00000694,A001848,2025-10-09 12:00:00,2025-10-23 12:00:00,12103.38,PENDING,AI Voice
PTP00000695,A000730,2025-09-24 18:00:00,2025-09-25 18:00:00,14299.24,BROKEN,Human
PTP00000696,A003593,2025-12-07 08:00:00,2025-12-21 08:00:00,6940.23,KEPT,AI Voice
PTP00000697,A000774,2026-05-22 15:00:00,2026-05-23 15:00:00,10472.59,BROKEN,AI Voice
PTP00000698,A004022,2026-01-21 08:00:00,2026-01-22 08:00:00,7903.79,BROKEN,Field
PTP00000699,A000957,2025-11-08 19:00:00,2025-11-15 19:00:00,6412.41,KEPT,Human
PTP00000700,A002616,2026-02-13 10:00:00,2026-02-27 10:00:00,2296.69,BROKEN,Field
PTP00000701,A002697,2026-06-15 16:00:00,2026-06-18 16:00:00,5203.44,BROKEN,WhatsApp
PTP00000702,A003048,2025-09-11 09:00:00,2025-09-18 09:00:00,3488.72,BROKEN,AI Voice
PTP00000703,A003990,2025-09-12 08:00:00,2025-09-26 08:00:00,5257.85,KEPT,WhatsApp
PTP00000704,A000567,2026-05-16 15:00:00,2026-05-17 15:00:00,8307.49,KEPT,Human
PTP00000705,A000800,2025-12-04 10:00:00,2025-12-05 10:00:00,7608.74,KEPT,WhatsApp
PTP00000706,A000884,2026-07-24 13:00:00,2026-07-27 13:00:00,7793.9,PENDING,Human
PTP00000707,A000594,2025-09-11 10:00:00,2025-09-12 10:00:00,3905.75,BROKEN,WhatsApp
PTP00000708,A000118,2026-07-21 11:00:00,2026-07-24 11:00:00,8626.99,BROKEN,Human
PTP00000709,A001652,2026-04-09 13:00:00,2026-04-10 13:00:00,8814.96,KEPT,Field
PTP00000710,A003544,2025-12-17 10:00:00,2025-12-24 10:00:00,9878.67,KEPT,WhatsApp
PTP00000711,A002408,2026-04-04 15:00:00,2026-04-05 15:00:00,7453.22,PENDING,Field
PTP00000712,A002957,2025-10-10 16:00:00,2025-10-24 16:00:00,9412.99,KEPT,WhatsApp
PTP00000713,A000788,2026-02-16 14:00:00,2026-02-19 14:00:00,13160.94,PENDING,AI Voice
PTP00000714,A003649,2026-08-20 08:00:00,2026-09-03 08:00:00,6239.52,PENDING,AI Voice
PTP00000715,A000919,2025-09-19 11:00:00,2025-09-26 11:00:00,7181.23,BROKEN,AI Voice
PTP00000716,A002307,2026-07-11 18:00:00,2026-07-18 18:00:00,2825.79,KEPT,WhatsApp
PTP00000717,A000597,2026-05-12 19:00:00,2026-05-13 19:00:00,3706.96,PENDING,Field
PTP00000718,A000295,2025-09-18 09:00:00,2025-09-25 09:00:00,11391.32,BROKEN,Human
PTP00000719,A004043,2025-11-27 15:00:00,2025-12-11 15:00:00,6518.77,BROKEN,AI Voice
PTP00000720,A001704,2026-02-24 16:00:00,2026-02-25 16:00:00,5034.15,PENDING,Human
PTP00000721,A003036,2026-04-01 17:00:00,2026-04-04 17:00:00,7480.44,PENDING,AI Voice
PTP00000722,A001271,2026-07-25 18:00:00,2026-07-28 18:00:00,12816.04,BROKEN,WhatsApp
PTP00000723,A002332,2026-08-21 19:00:00,2026-09-04 19:00:00,2308.43,KEPT,WhatsApp
PTP00000724,A000449,2025-11-14 16:00:00,2025-11-17 16:00:00,7805.38,BROKEN,Field
PTP00000725,A003741,2025-09-12 13:00:00,2025-09-13 13:00:00,8333.12,BROKEN,AI Voice
PTP00000726,A004129,2026-01-26 16:00:00,2026-01-29 16:00:00,9483.55,BROKEN,Field
PTP00000727,A000786,2026-08-07 08:00:00,2026-08-10 08:00:00,6504.98,BROKEN,Human
PTP00000728,A002809,2026-06-23 12:00:00,2026-06-30 12:00:00,6383.48,KEPT,Field
PTP00000729,A003344,2026-06-09 15:00:00,2026-06-23 15:00:00,7061.92,KEPT,Human
PTP00000730,A003690,2026-08-27 09:00:00,2026-09-10 09:00:00,4177.99,KEPT,Field
PTP00000731,A001898,2026-08-26 08:00:00,2026-09-09 08:00:00,4487.9,KEPT,WhatsApp
PTP00000732,A001278,2026-04-15 19:00:00,2026-04-16 19:00:00,13791.19,KEPT,Field
PTP00000733,A000217,2026-04-07 16:00:00,2026-04-08 16:00:00,4218.3,KEPT,Human
PTP00000734,A004091,2026-05-06 17:00:00,2026-05-20 17:00:00,13678.13,BROKEN,Field
PTP00000735,A003048,2025-11-16 13:00:00,2025-11-23 13:00:00,5624.67,KEPT,Field
PTP00000736,A001344,2026-03-20 13:00:00,2026-04-03 13:00:00,7150.84,BROKEN,Field
PTP00000737,A002813,2026-02-05 10:00:00,2026-02-12 10:00:00,8845.08,BROKEN,Field
PTP00000738,A003808,2026-03-19 15:00:00,2026-03-22 15:00:00,10883.13,KEPT,AI Voice
PTP00000739,A001925,2026-04-12 11:00:00,2026-04-13 11:00:00,3833.91,KEPT,AI Voice
PTP00000740,A002775,2025-11-15 10:00:00,2025-11-16 10:00:00,4260.37,BROKEN,Field
PTP00000741,A001136,2026-04-03 18:00:00,2026-04-10 18:00:00,3634.86,KEPT,AI Voice
PTP00000742,A000212,2025-11-25 09:00:00,2025-12-02 09:00:00,7139.57,BROKEN,AI Voice
PTP00000743,A002868,2025-11-25 15:00:00,2025-12-09 15:00:00,10179.58,KEPT,WhatsApp
PTP00000744,A000941,2025-09-14 16:00:00,2025-09-21 16:00:00,9162.82,BROKEN,WhatsApp
PTP00000745,A000456,2026-05-06 11:00:00,2026-05-13 11:00:00,11682.91,BROKEN,Human
PTP00000746,A003417,2025-09-18 11:00:00,2025-09-25 11:00:00,2672.84,BROKEN,AI Voice
PTP00000747,A003147,2026-03-13 12:00:00,2026-03-14 12:00:00,6007.8,BROKEN,Human
PTP00000748,A002589,2026-02-13 18:00:00,2026-02-16 18:00:00,2992.88,PENDING,AI Voice
PTP00000749,A003425,2025-12-12 10:00:00,2025-12-13 10:00:00,5892.55,KEPT,WhatsApp
PTP00000750,A002005,2026-08-24 13:00:00,2026-08-27 13:00:00,3574.3,KEPT,Field
PTP00000751,A003818,2026-01-09 19:00:00,2026-01-10 19:00:00,12281.36,BROKEN,WhatsApp
PTP00000752,A003938,2025-12-21 12:00:00,2025-12-24 12:00:00,7305.94,PENDING,WhatsApp
PTP00000753,A003598,2026-06-10 17:00:00,2026-06-17 17:00:00,11281.88,KEPT,WhatsApp
PTP00000754,A002157,2026-06-11 15:00:00,2026-06-12 15:00:00,5908.98,BROKEN,Field
PTP00000755,A000730,2026-05-07 10:00:00,2026-05-21 10:00:00,4253.6,KEPT,Human
PTP00000756,A001700,2026-07-19 08:00:00,2026-07-26 08:00:00,2218.22,KEPT,WhatsApp
PTP00000757,A002484,2026-03-20 09:00:00,2026-04-03 09:00:00,9144.16,BROKEN,Field
PTP00000758,A000692,2026-06-16 19:00:00,2026-06-17 19:00:00,12217.41,KEPT,Field
PTP00000759,A003841,2025-10-16 14:00:00,2025-10-17 14:00:00,8788.17,KEPT,WhatsApp
PTP00000760,A001949,2026-07-20 13:00:00,2026-08-03 13:00:00,5655.41,KEPT,WhatsApp
PTP00000761,A002283,2025-12-25 12:00:00,2025-12-26 12:00:00,10867.19,KEPT,Field
PTP00000762,A000410,2025-11-23 20:00:00,2025-12-07 20:00:00,7549.9,KEPT,Human
PTP00000763,A001176,2025-09-18 17:00:00,2025-09-25 17:00:00,2047.05,KEPT,AI Voice
PTP00000764,A001574,2026-07-13 14:00:00,2026-07-14 14:00:00,2142.49,KEPT,Human
PTP00000765,A003759,2026-08-02 15:00:00,2026-08-09 15:00:00,9000.07,KEPT,WhatsApp
PTP00000766,A000814,2026-04-16 13:00:00,2026-04-17 13:00:00,2900.79,BROKEN,Field
PTP00000767,A000843,2025-11-13 10:00:00,2025-11-16 10:00:00,2796.36,KEPT,AI Voice
PTP00000768,A002820,2026-01-09 08:00:00,2026-01-23 08:00:00,7522.38,BROKEN,Human
PTP00000769,A003149,2026-05-10 08:00:00,2026-05-11 08:00:00,8346.35,BROKEN,Human
PTP00000770,A000535,2026-06-17 17:00:00,2026-06-18 17:00:00,8190.83,BROKEN,AI Voice
PTP00000771,A003586,2025-11-04 15:00:00,2025-11-11 15:00:00,2510.02,KEPT,Field
PTP00000772,A001474,2026-04-11 08:00:00,2026-04-25 08:00:00,10723.44,KEPT,WhatsApp
PTP00000773,A002173,2025-12-17 09:00:00,2025-12-18 09:00:00,8946.5,BROKEN,WhatsApp
PTP00000774,A004145,2025-11-15 12:00:00,2025-11-18 12:00:00,2273.74,KEPT,Field
PTP00000775,A000167,2025-11-02 19:00:00,2025-11-03 19:00:00,8958.68,KEPT,WhatsApp
PTP00000776,A002704,2025-12-16 15:00:00,2025-12-17 15:00:00,9303.68,KEPT,Field
PTP00000777,A000172,2026-06-26 14:00:00,2026-06-29 14:00:00,6634.12,BROKEN,WhatsApp
PTP00000778,A001522,2026-03-24 12:00:00,2026-04-07 12:00:00,7103.52,PENDING,Field
PTP00000779,A000958,2026-04-14 09:00:00,2026-04-17 09:00:00,12690.29,PENDING,Human
PTP00000780,A002941,2026-04-05 14:00:00,2026-04-06 14:00:00,5809.07,KEPT,WhatsApp
PTP00000781,A001760,2025-11-17 16:00:00,2025-12-01 16:00:00,3342.62,BROKEN,WhatsApp
PTP00000782,A001167,2026-07-12 10:00:00,2026-07-13 10:00:00,5986.44,PENDING,Field
PTP00000783,A002613,2026-08-14 15:00:00,2026-08-28 15:00:00,5743.05,BROKEN,WhatsApp
PTP00000784,A003831,2026-04-17 10:00:00,2026-04-24 10:00:00,8698.76,KEPT,Field
PTP00000785,A003722,2026-02-17 10:00:00,2026-03-03 10:00:00,5611.42,KEPT,AI Voice
PTP00000786,A003585,2026-06-08 18:00:00,2026-06-09 18:00:00,8153.25,KEPT,Field
PTP00000787,A000545,2026-04-14 15:00:00,2026-04-15 15:00:00,12252.35,BROKEN,Human
PTP00000788,A000878,2026-07-12 10:00:00,2026-07-15 10:00:00,9395.81,BROKEN,Human
PTP00000789,A001047,2025-12-13 09:00:00,2025-12-20 09:00:00,10701.02,KEPT,Human
PTP00000790,A003905,2026-03-24 10:00:00,2026-03-27 10:00:00,5918.64,KEPT,WhatsApp
PTP00000791,A001324,2025-12-06 15:00:00,2025-12-13 15:00:00,12438.75,KEPT,Field
PTP00000792,A003451,2026-07-13 20:00:00,2026-07-14 20:00:00,3417.53,PENDING,Field
PTP00000793,A000589,2026-04-05 12:00:00,2026-04-12 12:00:00,9161.29,KEPT,Field
PTP00000794,A003512,2026-05-16 14:00:00,2026-05-19 14:00:00,9074.98,KEPT,WhatsApp
PTP00000795,A000999,2026-05-05 14:00:00,2026-05-06 14:00:00,12154.91,PENDING,WhatsApp
PTP00000796,A001478,2025-10-20 13:00:00,2025-10-21 13:00:00,12749.39,KEPT,WhatsApp
PTP00000797,A000493,2025-11-17 11:00:00,2025-11-24 11:00:00,7073.38,KEPT,AI Voice
PTP00000798,A002439,2026-08-15 09:00:00,2026-08-29 09:00:00,7401.34,KEPT,Human
PTP00000799,A003849,2026-08-07 16:00:00,2026-08-14 16:00:00,3950.52,BROKEN,Field
PTP00000800,A000690,2026-02-11 13:00:00,2026-02-12 13:00:00,5090.91,BROKEN,Human
PTP00000801,A001428,2026-01-16 14:00:00,2026-01-30 14:00:00,6235.67,KEPT,WhatsApp
PTP00000802,A003672,2025-12-13 10:00:00,2025-12-27 10:00:00,12685.77,BROKEN,WhatsApp
PTP00000803,A003443,2025-09-02 09:00:00,2025-09-05 09:00:00,8109.31,PENDING,AI Voice
PTP00000804,A002710,2025-10-10 13:00:00,2025-10-13 13:00:00,11341.19,KEPT,AI Voice
PTP00000805,A002122,2026-03-24 19:00:00,2026-03-25 19:00:00,5240.19,PENDING,Field
PTP00000806,A003828,2026-05-24 18:00:00,2026-05-31 18:00:00,14865.89,KEPT,WhatsApp
PTP00000807,A000941,2026-04-03 13:00:00,2026-04-04 13:00:00,14321.09,PENDING,WhatsApp
PTP00000808,A002201,2026-07-26 14:00:00,2026-07-27 14:00:00,7003.51,KEPT,AI Voice
PTP00000809,A000209,2025-09-21 17:00:00,2025-09-22 17:00:00,8203.26,KEPT,Field
PTP00000810,A001111,2026-02-23 08:00:00,2026-02-26 08:00:00,10540.25,BROKEN,Field
PTP00000811,A003417,2026-05-15 17:00:00,2026-05-22 17:00:00,4700.59,BROKEN,AI Voice
PTP00000812,A000793,2026-06-21 10:00:00,2026-07-05 10:00:00,4474.17,PENDING,WhatsApp
PTP00000813,A003273,2026-08-27 08:00:00,2026-09-03 08:00:00,6132.18,KEPT,Field
PTP00000814,A001062,2025-12-05 19:00:00,2025-12-19 19:00:00,9043.92,BROKEN,Field
PTP00000815,A003928,2025-10-05 12:00:00,2025-10-06 12:00:00,11031.66,BROKEN,Field
PTP00000816,A001776,2026-08-10 20:00:00,2026-08-17 20:00:00,7104.61,KEPT,Field
PTP00000817,A004185,2025-11-18 08:00:00,2025-11-19 08:00:00,3059.93,KEPT,WhatsApp
PTP00000818,A000394,2025-11-21 16:00:00,2025-11-22 16:00:00,4043.5,BROKEN,Field
PTP00000819,A001655,2026-02-23 20:00:00,2026-03-02 20:00:00,6535.42,KEPT,Human
PTP00000820,A000588,2026-08-17 09:00:00,2026-08-18 09:00:00,12099.47,KEPT,AI Voice
PTP00000821,A001355,2025-11-20 20:00:00,2025-11-21 20:00:00,4179.45,KEPT,AI Voice
PTP00000822,A001244,2025-12-04 11:00:00,2025-12-07 11:00:00,4973.78,KEPT,Field
PTP00000823,A001941,2026-07-07 18:00:00,2026-07-21 18:00:00,5752.72,KEPT,WhatsApp
PTP00000824,A000134,2026-03-22 11:00:00,2026-04-05 11:00:00,7761.59,KEPT,AI Voice
PTP00000825,A003085,2026-01-11 10:00:00,2026-01-18 10:00:00,9674.59,BROKEN,Field
PTP00000826,A001710,2026-04-04 11:00:00,2026-04-18 11:00:00,5251.18,KEPT,WhatsApp
PTP00000827,A001694,2026-05-19 17:00:00,2026-05-22 17:00:00,6606.12,BROKEN,AI Voice
PTP00000828,A001069,2026-05-25 11:00:00,2026-05-26 11:00:00,6738.87,BROKEN,Human
PTP00000829,A001627,2025-10-23 09:00:00,2025-10-30 09:00:00,4600.07,KEPT,Field
PTP00000830,A001261,2026-02-02 16:00:00,2026-02-16 16:00:00,3145.52,PENDING,Field
PTP00000831,A003775,2026-06-13 13:00:00,2026-06-20 13:00:00,7004.12,BROKEN,Field
PTP00000832,A001636,2026-05-17 17:00:00,2026-05-20 17:00:00,10054.11,KEPT,AI Voice
PTP00000833,A000247,2026-07-16 14:00:00,2026-07-19 14:00:00,7794.26,KEPT,AI Voice
PTP00000834,A003459,2026-04-22 20:00:00,2026-04-25 20:00:00,5952.41,KEPT,Field
PTP00000835,A001186,2026-08-15 18:00:00,2026-08-22 18:00:00,7036.69,BROKEN,WhatsApp
PTP00000836,A001931,2026-08-27 10:00:00,2026-08-30 10:00:00,9019.01,BROKEN,Human
PTP00000837,A003811,2026-05-18 11:00:00,2026-06-01 11:00:00,7951.62,BROKEN,WhatsApp
PTP00000838,A002337,2025-11-17 15:00:00,2025-11-18 15:00:00,9445.05,PENDING,Field
PTP00000839,A002563,2025-09-18 08:00:00,2025-09-21 08:00:00,7577.93,PENDING,Field
PTP00000840,A001556,2025-12-12 09:00:00,2025-12-13 09:00:00,8317.46,KEPT,WhatsApp
PTP00000841,A003263,2026-05-26 18:00:00,2026-06-09 18:00:00,11368.16,KEPT,Field
PTP00000842,A001711,2026-05-11 13:00:00,2026-05-14 13:00:00,11684.88,BROKEN,AI Voice
PTP00000843,A003137,2026-06-16 08:00:00,2026-06-30 08:00:00,3196.24,KEPT,WhatsApp
PTP00000844,A000594,2026-02-04 19:00:00,2026-02-05 19:00:00,5196.23,PENDING,WhatsApp
PTP00000845,A002648,2026-08-13 10:00:00,2026-08-20 10:00:00,13876.24,KEPT,Field
PTP00000846,A000366,2026-03-23 17:00:00,2026-04-06 17:00:00,2268.13,BROKEN,AI Voice
PTP00000847,A001133,2026-03-10 15:00:00,2026-03-11 15:00:00,5406.21,KEPT,Human
PTP00000848,A002860,2025-11-02 15:00:00,2025-11-03 15:00:00,6483.23,KEPT,WhatsApp
PTP00000849,A001640,2026-06-04 11:00:00,2026-06-05 11:00:00,4251.17,KEPT,AI Voice
PTP00000850,A000188,2025-10-25 10:00:00,2025-10-28 10:00:00,10986.63,KEPT,Human
PTP00000851,A001890,2026-01-01 15:00:00,2026-01-08 15:00:00,14134.97,BROKEN,AI Voice
PTP00000852,A002135,2026-05-23 14:00:00,2026-05-30 14:00:00,5428.87,BROKEN,Human
PTP00000853,A003520,2026-04-10 18:00:00,2026-04-11 18:00:00,8539.73,KEPT,Field
PTP00000854,A000415,2026-07-12 13:00:00,2026-07-26 13:00:00,11309.09,BROKEN,WhatsApp
PTP00000855,A003216,2026-03-02 09:00:00,2026-03-09 09:00:00,10106.96,BROKEN,AI Voice
PTP00000856,A001689,2026-05-21 12:00:00,2026-06-04 12:00:00,7418.27,KEPT,AI Voice
PTP00000857,A001976,2026-03-06 08:00:00,2026-03-13 08:00:00,12090.84,BROKEN,AI Voice
PTP00000858,A002883,2026-07-19 16:00:00,2026-07-26 16:00:00,8614.57,BROKEN,AI Voice
PTP00000859,A003194,2025-10-27 12:00:00,2025-11-03 12:00:00,4131.16,KEPT,WhatsApp
PTP00000860,A003510,2026-05-13 14:00:00,2026-05-27 14:00:00,3682.85,PENDING,WhatsApp
PTP00000861,A001081,2026-05-06 09:00:00,2026-05-20 09:00:00,6258.82,KEPT,Human
PTP00000862,A002471,2026-01-12 20:00:00,2026-01-19 20:00:00,14825.12,KEPT,Human
PTP00000863,A002200,2026-07-02 10:00:00,2026-07-05 10:00:00,13219.85,KEPT,Human
PTP00000864,A002876,2026-05-10 16:00:00,2026-05-13 16:00:00,10968.29,KEPT,Human
PTP00000865,A003788,2025-10-23 13:00:00,2025-10-26 13:00:00,8948.42,PENDING,Human
PTP00000866,A002766,2025-11-25 09:00:00,2025-12-02 09:00:00,14226.3,KEPT,Human
PTP00000867,A003743,2026-07-10 10:00:00,2026-07-11 10:00:00,7894.24,KEPT,Field
PTP00000868,A003637,2026-03-25 11:00:00,2026-03-28 11:00:00,10511.38,KEPT,WhatsApp
PTP00000869,A003391,2026-06-02 11:00:00,2026-06-03 11:00:00,9251.65,BROKEN,Human
PTP00000870,A000815,2025-09-19 17:00:00,2025-09-22 17:00:00,5288.61,BROKEN,Human
PTP00000871,A001998,2026-03-12 08:00:00,2026-03-15 08:00:00,10437.31,KEPT,Field
PTP00000872,A000210,2026-08-22 12:00:00,2026-08-25 12:00:00,13963.47,KEPT,AI Voice
PTP00000873,A003176,2026-01-05 17:00:00,2026-01-08 17:00:00,2080.7,BROKEN,AI Voice
PTP00000874,A001183,2026-04-15 08:00:00,2026-04-22 08:00:00,2617.3,KEPT,Field
PTP00000875,A001962,2025-12-23 12:00:00,2025-12-30 12:00:00,2479.97,KEPT,Field
PTP00000876,A002173,2025-09-15 19:00:00,2025-09-18 19:00:00,3112.79,BROKEN,Human
PTP00000877,A001926,2026-03-06 17:00:00,2026-03-07 17:00:00,7548.49,KEPT,AI Voice
PTP00000878,A002330,2026-08-19 15:00:00,2026-08-26 15:00:00,3011.71,BROKEN,WhatsApp
PTP00000879,A002207,2026-08-27 16:00:00,2026-09-03 16:00:00,4479.41,KEPT,WhatsApp
PTP00000880,A000943,2026-05-26 20:00:00,2026-06-02 20:00:00,9849.9,PENDING,AI Voice
PTP00000881,A002230,2025-12-03 14:00:00,2025-12-04 14:00:00,8212.91,KEPT,Field
PTP00000882,A003504,2026-02-23 10:00:00,2026-03-02 10:00:00,9651.13,KEPT,Field
PTP00000883,A003223,2026-04-01 19:00:00,2026-04-02 19:00:00,4402.66,KEPT,Field
PTP00000884,A000047,2025-12-08 18:00:00,2025-12-15 18:00:00,12084.39,KEPT,AI Voice
PTP00000885,A001829,2026-05-11 11:00:00,2026-05-12 11:00:00,2073.35,KEPT,WhatsApp
PTP00000886,A002936,2026-08-17 15:00:00,2026-08-31 15:00:00,3479.16,PENDING,WhatsApp
PTP00000887,A000049,2025-10-16 17:00:00,2025-10-30 17:00:00,10682.55,PENDING,Human
PTP00000888,A003959,2026-05-21 13:00:00,2026-05-22 13:00:00,2286.19,KEPT,WhatsApp
PTP00000889,A002548,2026-02-10 14:00:00,2026-02-17 14:00:00,5093.04,BROKEN,WhatsApp
PTP00000890,A002194,2026-08-15 16:00:00,2026-08-16 16:00:00,4981.6,BROKEN,Field
PTP00000891,A002706,2025-09-02 08:00:00,2025-09-03 08:00:00,8119.66,PENDING,WhatsApp
PTP00000892,A002414,2026-01-11 11:00:00,2026-01-18 11:00:00,12841.69,PENDING,WhatsApp
PTP00000893,A000713,2026-07-19 09:00:00,2026-08-02 09:00:00,12402.1,BROKEN,WhatsApp
PTP00000894,A000238,2025-10-21 11:00:00,2025-10-28 11:00:00,4513.86,KEPT,Human
PTP00000895,A002970,2025-12-06 10:00:00,2025-12-20 10:00:00,2725.75,KEPT,AI Voice
PTP00000896,A003086,2026-01-27 13:00:00,2026-02-03 13:00:00,14847.51,PENDING,Human
PTP00000897,A002177,2026-03-12 16:00:00,2026-03-26 16:00:00,10143.47,BROKEN,Human
PTP00000898,A002638,2026-03-08 09:00:00,2026-03-22 09:00:00,6950.23,PENDING,WhatsApp
PTP00000899,A000142,2025-09-06 11:00:00,2025-09-07 11:00:00,8308.01,BROKEN,Human
PTP00000900,A001296,2026-02-07 08:00:00,2026-02-21 08:00:00,11133.03,KEPT,Human
PTP00000901,A003990,2026-08-04 20:00:00,2026-08-18 20:00:00,8505.81,PENDING,AI Voice
PTP00000902,A000739,2025-09-15 08:00:00,2025-09-16 08:00:00,7675.77,KEPT,AI Voice
PTP00000903,A003382,2025-11-04 11:00:00,2025-11-05 11:00:00,14421.08,KEPT,Human
PTP00000904,A002718,2026-05-16 12:00:00,2026-05-17 12:00:00,6133.99,KEPT,Field
PTP00000905,A002863,2026-04-07 13:00:00,2026-04-08 13:00:00,6847.49,KEPT,AI Voice
PTP00000906,A003003,2026-01-20 09:00:00,2026-01-21 09:00:00,3071.13,BROKEN,Field
PTP00000907,A001885,2026-04-26 16:00:00,2026-04-29 16:00:00,12349.23,KEPT,Human
PTP00000908,A001114,2025-12-08 12:00:00,2025-12-22 12:00:00,3500.53,KEPT,Field
PTP00000909,A004041,2025-12-24 19:00:00,2025-12-31 19:00:00,8462.36,KEPT,Human
PTP00000910,A001853,2026-02-23 15:00:00,2026-03-09 15:00:00,13502.68,KEPT,Human
PTP00000911,A003850,2026-01-09 16:00:00,2026-01-12 16:00:00,2469.03,PENDING,Human
PTP00000912,A001242,2026-03-14 11:00:00,2026-03-28 11:00:00,14388.25,PENDING,Field
PTP00000913,A002190,2025-09-16 14:00:00,2025-09-17 14:00:00,8886.79,KEPT,Field
PTP00000914,A003076,2025-09-01 15:00:00,2025-09-08 15:00:00,10994.46,KEPT,AI Voice
PTP00000915,A002408,2026-05-17 15:00:00,2026-05-31 15:00:00,14428.14,KEPT,WhatsApp
PTP00000916,A003072,2025-09-06 12:00:00,2025-09-09 12:00:00,8936.51,KEPT,WhatsApp
PTP00000917,A003083,2025-10-07 12:00:00,2025-10-10 12:00:00,7395.79,BROKEN,WhatsApp
PTP00000918,A003495,2026-01-15 19:00:00,2026-01-16 19:00:00,8672.87,KEPT,WhatsApp
PTP00000919,A001197,2026-02-22 18:00:00,2026-03-01 18:00:00,14358.85,BROKEN,Human
PTP00000920,A000530,2026-02-25 09:00:00,2026-02-28 09:00:00,2481.07,KEPT,Human
PTP00000921,A000220,2026-04-25 17:00:00,2026-05-09 17:00:00,8542.06,BROKEN,WhatsApp
PTP00000922,A002670,2026-08-03 13:00:00,2026-08-04 13:00:00,6847.79,KEPT,Field
PTP00000923,A002232,2026-05-08 18:00:00,2026-05-22 18:00:00,6093.2,KEPT,Field
PTP00000924,A002058,2025-11-11 18:00:00,2025-11-18 18:00:00,2718.33,BROKEN,Human
PTP00000925,A000732,2025-09-05 14:00:00,2025-09-08 14:00:00,6194.7,BROKEN,Human
PTP00000926,A002237,2026-06-16 12:00:00,2026-06-19 12:00:00,4029.63,BROKEN,Human
PTP00000927,A002688,2026-04-23 20:00:00,2026-04-26 20:00:00,12423.15,KEPT,AI Voice
PTP00000928,A000311,2026-02-12 11:00:00,2026-02-19 11:00:00,11451.58,PENDING,Human
PTP00000929,A001372,2026-06-25 14:00:00,2026-07-02 14:00:00,6187.78,KEPT,Field
PTP00000930,A003821,2026-05-05 14:00:00,2026-05-08 14:00:00,14127.73,BROKEN,Field
PTP00000931,A002995,2025-11-25 17:00:00,2025-12-02 17:00:00,2288.05,BROKEN,AI Voice
PTP00000932,A000476,2026-01-11 09:00:00,2026-01-12 09:00:00,2514.2,BROKEN,Human
PTP00000933,A001574,2025-10-15 20:00:00,2025-10-29 20:00:00,13836.34,PENDING,Human
PTP00000934,A002683,2026-05-21 13:00:00,2026-05-28 13:00:00,4256.36,BROKEN,Field
PTP00000935,A003947,2025-11-15 11:00:00,2025-11-18 11:00:00,11004.65,BROKEN,Field
PTP00000936,A000683,2026-04-24 09:00:00,2026-05-01 09:00:00,10652.25,BROKEN,Human
PTP00000937,A002468,2026-01-25 10:00:00,2026-01-28 10:00:00,13698.11,PENDING,WhatsApp
PTP00000938,A002789,2026-06-16 14:00:00,2026-06-17 14:00:00,2779.19,KEPT,AI Voice
PTP00000939,A000902,2026-02-05 10:00:00,2026-02-08 10:00:00,7063.25,KEPT,WhatsApp
PTP00000940,A000355,2026-04-06 14:00:00,2026-04-20 14:00:00,13189.54,KEPT,AI Voice
PTP00000941,A001810,2025-09-27 08:00:00,2025-10-04 08:00:00,13648.81,KEPT,WhatsApp
PTP00000942,A000239,2025-11-05 16:00:00,2025-11-06 16:00:00,8547.46,PENDING,Human
PTP00000943,A002027,2025-10-09 20:00:00,2025-10-23 20:00:00,11158.88,KEPT,AI Voice
PTP00000944,A002490,2025-10-15 08:00:00,2025-10-29 08:00:00,2629.84,KEPT,WhatsApp
PTP00000945,A001795,2025-11-09 18:00:00,2025-11-16 18:00:00,7775.43,KEPT,Human
PTP00000946,A001598,2025-10-04 09:00:00,2025-10-11 09:00:00,4671.71,PENDING,WhatsApp
PTP00000947,A002841,2025-12-18 20:00:00,2025-12-19 20:00:00,13039.45,KEPT,WhatsApp
PTP00000948,A003852,2026-05-04 17:00:00,2026-05-18 17:00:00,10320.58,KEPT,WhatsApp
PTP00000949,A003296,2026-07-14 17:00:00,2026-07-17 17:00:00,12203.48,BROKEN,Human
PTP00000950,A002097,2026-07-24 08:00:00,2026-07-31 08:00:00,2927.22,BROKEN,AI Voice
PTP00000951,A001249,2026-04-15 11:00:00,2026-04-18 11:00:00,6869.06,BROKEN,AI Voice
PTP00000952,A001348,2025-12-23 19:00:00,2025-12-24 19:00:00,4322.48,KEPT,Field
PTP00000953,A001180,2026-03-02 13:00:00,2026-03-16 13:00:00,2322.53,PENDING,AI Voice
PTP00000954,A003691,2025-09-05 18:00:00,2025-09-12 18:00:00,9236.94,BROKEN,Field
PTP00000955,A003989,2026-06-11 08:00:00,2026-06-12 08:00:00,13337.95,KEPT,WhatsApp
PTP00000956,A003243,2026-08-14 16:00:00,2026-08-21 16:00:00,4325.1,BROKEN,Field
PTP00000957,A001169,2025-12-20 10:00:00,2025-12-21 10:00:00,13869.78,PENDING,AI Voice
PTP00000958,A000107,2026-01-01 15:00:00,2026-01-08 15:00:00,8180.99,KEPT,AI Voice
PTP00000959,A001304,2026-01-13 10:00:00,2026-01-20 10:00:00,5872.08,BROKEN,WhatsApp
PTP00000960,A000886,2026-05-20 10:00:00,2026-06-03 10:00:00,4310.04,BROKEN,Field
PTP00000961,A003938,2025-09-25 18:00:00,2025-10-09 18:00:00,14332.95,KEPT,Human
PTP00000962,A002068,2026-08-03 18:00:00,2026-08-06 18:00:00,9044.57,KEPT,WhatsApp
PTP00000963,A004141,2026-05-20 15:00:00,2026-05-27 15:00:00,4009.81,KEPT,Human
PTP00000964,A003830,2025-12-22 20:00:00,2025-12-25 20:00:00,2831.34,BROKEN,Human
PTP00000965,A002698,2026-01-06 08:00:00,2026-01-07 08:00:00,4262.09,KEPT,Field
PTP00000966,A003576,2025-11-23 16:00:00,2025-11-30 16:00:00,7177.35,BROKEN,Field
PTP00000967,A001830,2026-03-19 19:00:00,2026-04-02 19:00:00,2523.55,PENDING,Human
PTP00000968,A002740,2026-06-08 19:00:00,2026-06-11 19:00:00,10040.45,KEPT,WhatsApp
PTP00000969,A000867,2025-10-26 12:00:00,2025-10-27 12:00:00,3599.63,KEPT,Human
PTP00000970,A000356,2025-12-25 18:00:00,2026-01-01 18:00:00,9123.01,BROKEN,Human
PTP00000971,A000421,2025-09-19 17:00:00,2025-09-22 17:00:00,4927.08,BROKEN,Human
PTP00000972,A003618,2026-06-13 11:00:00,2026-06-27 11:00:00,3778.4,BROKEN,Human
PTP00000973,A001977,2025-11-24 15:00:00,2025-11-25 15:00:00,5565.08,KEPT,WhatsApp
PTP00000974,A003712,2025-10-09 14:00:00,2025-10-12 14:00:00,14503.51,KEPT,WhatsApp
PTP00000975,A004026,2025-11-13 19:00:00,2025-11-16 19:00:00,3567.16,BROKEN,Human
PTP00000976,A002837,2025-09-05 10:00:00,2025-09-19 10:00:00,2091.71,KEPT,Human
PTP00000977,A003954,2026-02-23 20:00:00,2026-02-24 20:00:00,11266.09,BROKEN,AI Voice
PTP00000978,A001667,2026-08-24 18:00:00,2026-08-27 18:00:00,7660.96,BROKEN,Field
PTP00000979,A003765,2025-11-20 19:00:00,2025-11-21 19:00:00,12733.5,KEPT,AI Voice
PTP00000980,A002304,2025-09-20 13:00:00,2025-09-21 13:00:00,14956.54,BROKEN,Human
PTP00000981,A001521,2026-08-08 10:00:00,2026-08-22 10:00:00,8031.33,BROKEN,Field
PTP00000982,A003768,2026-07-08 17:00:00,2026-07-15 17:00:00,2707.46,KEPT,WhatsApp
PTP00000983,A001778,2025-11-05 18:00:00,2025-11-12 18:00:00,6275.89,BROKEN,AI Voice
PTP00000984,A002110,2026-08-01 10:00:00,2026-08-08 10:00:00,4203.42,PENDING,Field
PTP00000985,A000185,2026-04-26 17:00:00,2026-05-03 17:00:00,2272.51,BROKEN,Human
PTP00000986,A001511,2026-02-11 19:00:00,2026-02-25 19:00:00,14970.02,PENDING,Field
PTP00000987,A001703,2026-03-01 12:00:00,2026-03-04 12:00:00,7215.26,BROKEN,AI Voice
PTP00000988,A000081,2026-02-27 14:00:00,2026-03-02 14:00:00,4531.74,BROKEN,Field
PTP00000989,A003422,2026-02-24 09:00:00,2026-02-25 09:00:00,4249.55,KEPT,Field
PTP00000990,A003594,2025-09-11 10:00:00,2025-09-12 10:00:00,4392.86,BROKEN,AI Voice
PTP00000991,A001735,2026-05-06 18:00:00,2026-05-20 18:00:00,12575.58,KEPT,WhatsApp
PTP00000992,A001504,2025-11-13 20:00:00,2025-11-16 20:00:00,11215.93,KEPT,Field
PTP00000993,A002613,2026-03-07 18:00:00,2026-03-21 18:00:00,6231.97,KEPT,Human
PTP00000994,A002436,2025-12-01 19:00:00,2025-12-08 19:00:00,11102.16,KEPT,AI Voice
PTP00000995,A000861,2025-09-24 12:00:00,2025-09-25 12:00:00,8316.63,PENDING,AI Voice
PTP00000996,A002749,2025-11-06 17:00:00,2025-11-20 17:00:00,2518.35,BROKEN,Human
PTP00000997,A002205,2026-02-10 10:00:00,2026-02-13 10:00:00,6332.56,BROKEN,Field
PTP00000998,A004028,2026-05-20 17:00:00,2026-06-03 17:00:00,7173.95,KEPT,WhatsApp
PTP00000999,A003886,2026-08-26 13:00:00,2026-08-29 13:00:00,2076.77,KEPT,Field
PTP00001000,A003180,2025-12-09 16:00:00,2025-12-10 16:00:00,2284.09,BROKEN,AI Voice
PTP00001001,A003234,2026-05-07 10:00:00,2026-05-21 10:00:00,11561.16,KEPT,Field
PTP00001002,A001239,2026-01-04 18:00:00,2026-01-11 18:00:00,9079.66,KEPT,WhatsApp
PTP00001003,A001280,2025-11-07 18:00:00,2025-11-10 18:00:00,11008.49,PENDING,WhatsApp
PTP00001004,A002158,2025-09-05 15:00:00,2025-09-19 15:00:00,12295.35,KEPT,Field
PTP00001005,A003567,2025-10-02 16:00:00,2025-10-16 16:00:00,3608.34,KEPT,Field
PTP00001006,A003937,2025-09-20 14:00:00,2025-09-23 14:00:00,4995.14,KEPT,Field
PTP00001007,A003247,2026-03-09 19:00:00,2026-03-12 19:00:00,3546.44,BROKEN,Human
PTP00001008,A000456,2026-02-06 19:00:00,2026-02-07 19:00:00,2239.47,BROKEN,Field
PTP00001009,A002329,2026-08-03 09:00:00,2026-08-17 09:00:00,3039.78,KEPT,Human
PTP00001010,A003140,2025-11-27 18:00:00,2025-12-11 18:00:00,6833.7,KEPT,Field
PTP00001011,A002241,2026-01-07 08:00:00,2026-01-10 08:00:00,7566.72,BROKEN,Human
PTP00001012,A003033,2025-09-16 09:00:00,2025-09-17 09:00:00,3152.2,BROKEN,AI Voice
PTP00001013,A002406,2026-06-14 08:00:00,2026-06-17 08:00:00,10486.94,KEPT,Field
PTP00001014,A001255,2026-05-12 15:00:00,2026-05-13 15:00:00,9361.61,PENDING,Human
PTP00001015,A000266,2026-04-05 19:00:00,2026-04-12 19:00:00,4598.66,BROKEN,AI Voice
PTP00001016,A002545,2026-07-14 11:00:00,2026-07-21 11:00:00,13541.13,KEPT,Human
PTP00001017,A000459,2026-08-24 19:00:00,2026-09-07 19:00:00,6697.32,KEPT,Human
PTP00001018,A003840,2025-12-01 15:00:00,2025-12-04 15:00:00,3906.57,KEPT,WhatsApp
PTP00001019,A001147,2026-02-05 11:00:00,2026-02-19 11:00:00,7518.92,KEPT,AI Voice
PTP00001020,A000336,2026-07-08 19:00:00,2026-07-22 19:00:00,13610.46,KEPT,Field
PTP00001021,A002164,2025-12-24 15:00:00,2025-12-27 15:00:00,6525.98,BROKEN,Field
PTP00001022,A003285,2026-07-15 13:00:00,2026-07-22 13:00:00,13602.03,PENDING,Field
PTP00001023,A003795,2025-12-06 10:00:00,2025-12-20 10:00:00,6022.0,KEPT,WhatsApp
PTP00001024,A003799,2025-11-08 13:00:00,2025-11-11 13:00:00,12184.87,BROKEN,AI Voice
PTP00001025,A002402,2025-12-04 08:00:00,2025-12-05 08:00:00,4096.97,KEPT,WhatsApp
PTP00001026,A003587,2026-02-17 09:00:00,2026-02-20 09:00:00,12458.26,BROKEN,Field
PTP00001027,A003034,2026-06-04 11:00:00,2026-06-18 11:00:00,3389.91,BROKEN,AI Voice
PTP00001028,A001843,2026-06-18 12:00:00,2026-06-19 12:00:00,6328.02,KEPT,WhatsApp
PTP00001029,A002064,2026-06-13 18:00:00,2026-06-20 18:00:00,3540.98,PENDING,WhatsApp
PTP00001030,A000759,2025-11-16 14:00:00,2025-11-17 14:00:00,13803.94,KEPT,AI Voice
PTP00001031,A000757,2025-10-03 10:00:00,2025-10-10 10:00:00,3824.35,KEPT,Field
PTP00001032,A000755,2026-05-08 18:00:00,2026-05-11 18:00:00,3091.13,KEPT,WhatsApp
PTP00001033,A001040,2026-07-22 11:00:00,2026-08-05 11:00:00,3000.97,BROKEN,Field
PTP00001034,A000477,2026-07-13 19:00:00,2026-07-20 19:00:00,3898.98,KEPT,Human
PTP00001035,A003691,2026-02-03 17:00:00,2026-02-17 17:00:00,6230.54,KEPT,AI Voice
PTP00001036,A001882,2026-01-14 17:00:00,2026-01-21 17:00:00,6938.74,KEPT,AI Voice
PTP00001037,A000580,2026-07-27 17:00:00,2026-07-28 17:00:00,10308.42,BROKEN,Human
PTP00001038,A000413,2026-08-05 10:00:00,2026-08-06 10:00:00,5276.78,PENDING,Field
PTP00001039,A003966,2025-12-06 13:00:00,2025-12-09 13:00:00,9138.96,BROKEN,Field
PTP00001040,A003800,2026-07-01 17:00:00,2026-07-08 17:00:00,7972.08,PENDING,Field
PTP00001041,A002250,2025-12-03 10:00:00,2025-12-04 10:00:00,11399.26,BROKEN,Human
PTP00001042,A001513,2026-01-19 16:00:00,2026-01-22 16:00:00,11112.59,KEPT,WhatsApp
PTP00001043,A000884,2026-08-14 08:00:00,2026-08-28 08:00:00,13060.16,KEPT,WhatsApp
PTP00001044,A003514,2026-06-21 15:00:00,2026-06-28 15:00:00,14478.59,KEPT,AI Voice
PTP00001045,A000182,2025-11-18 15:00:00,2025-11-21 15:00:00,2422.86,KEPT,Human
PTP00001046,A000880,2026-05-14 14:00:00,2026-05-28 14:00:00,11169.35,KEPT,WhatsApp
PTP00001047,A001328,2026-05-09 09:00:00,2026-05-12 09:00:00,5430.57,KEPT,Field
PTP00001048,A000370,2026-01-05 20:00:00,2026-01-08 20:00:00,5375.11,KEPT,Human
PTP00001049,A002247,2025-12-10 19:00:00,2025-12-13 19:00:00,9243.6,KEPT,Human
PTP00001050,A003127,2025-10-08 15:00:00,2025-10-22 15:00:00,12494.05,KEPT,Human
PTP00001051,A003301,2026-08-04 10:00:00,2026-08-05 10:00:00,3827.05,BROKEN,AI Voice
PTP00001052,A003099,2025-10-01 15:00:00,2025-10-04 15:00:00,4067.5,BROKEN,WhatsApp
PTP00001053,A002677,2026-02-19 17:00:00,2026-02-22 17:00:00,6042.05,KEPT,AI Voice
PTP00001054,A003257,2026-08-04 09:00:00,2026-08-05 09:00:00,14927.59,KEPT,AI Voice
PTP00001055,A000321,2026-01-09 20:00:00,2026-01-12 20:00:00,6086.19,KEPT,Field
PTP00001056,A001416,2026-05-17 19:00:00,2026-05-20 19:00:00,10475.66,KEPT,Field
PTP00001057,A001210,2026-04-02 09:00:00,2026-04-09 09:00:00,6769.51,BROKEN,Field
PTP00001058,A003416,2026-02-09 16:00:00,2026-02-10 16:00:00,4696.11,BROKEN,Human
PTP00001059,A002500,2026-04-23 13:00:00,2026-04-30 13:00:00,5803.54,BROKEN,Field
PTP00001060,A000342,2026-08-01 20:00:00,2026-08-15 20:00:00,14949.03,KEPT,WhatsApp
PTP00001061,A003565,2025-09-12 13:00:00,2025-09-26 13:00:00,11119.44,PENDING,WhatsApp
PTP00001062,A000032,2026-03-01 09:00:00,2026-03-08 09:00:00,12964.21,BROKEN,AI Voice
PTP00001063,A000882,2026-06-16 09:00:00,2026-06-30 09:00:00,8957.91,PENDING,Human
PTP00001064,A000767,2026-02-18 18:00:00,2026-03-04 18:00:00,8624.47,KEPT,WhatsApp
PTP00001065,A002434,2026-03-08 19:00:00,2026-03-11 19:00:00,14584.57,KEPT,AI Voice
PTP00001066,A004084,2025-12-01 09:00:00,2025-12-04 09:00:00,3498.87,BROKEN,Field
PTP00001067,A002199,2026-03-27 19:00:00,2026-04-03 19:00:00,4784.05,KEPT,AI Voice
PTP00001068,A004138,2026-03-09 17:00:00,2026-03-10 17:00:00,9848.53,KEPT,Human
PTP00001069,A001915,2026-06-21 11:00:00,2026-07-05 11:00:00,7731.32,BROKEN,Field
PTP00001070,A002769,2025-11-16 10:00:00,2025-11-23 10:00:00,6220.48,KEPT,Human
PTP00001071,A000129,2026-03-10 10:00:00,2026-03-11 10:00:00,3578.57,BROKEN,WhatsApp
PTP00001072,A000081,2026-02-17 09:00:00,2026-02-20 09:00:00,4065.82,KEPT,Field
PTP00001073,A002215,2026-08-15 20:00:00,2026-08-18 20:00:00,8870.91,BROKEN,WhatsApp
PTP00001074,A000830,2026-08-14 09:00:00,2026-08-28 09:00:00,13046.21,KEPT,Human
PTP00001075,A002219,2026-03-08 18:00:00,2026-03-22 18:00:00,4218.28,KEPT,WhatsApp
PTP00001076,A001989,2026-02-07 15:00:00,2026-02-10 15:00:00,14861.61,KEPT,Human
PTP00001077,A001581,2026-03-08 17:00:00,2026-03-09 17:00:00,6035.03,PENDING,Field
PTP00001078,A002686,2026-01-04 17:00:00,2026-01-07 17:00:00,12141.77,KEPT,AI Voice
PTP00001079,A002844,2025-11-09 19:00:00,2025-11-10 19:00:00,10220.46,BROKEN,Human
PTP00001080,A001913,2026-07-17 16:00:00,2026-07-20 16:00:00,13913.7,KEPT,Field
PTP00001081,A003738,2025-09-21 17:00:00,2025-09-28 17:00:00,5859.21,PENDING,AI Voice
PTP00001082,A000218,2026-05-14 18:00:00,2026-05-21 18:00:00,13976.25,BROKEN,Human
PTP00001083,A002948,2025-09-16 18:00:00,2025-09-30 18:00:00,4087.37,KEPT,AI Voice
PTP00001084,A003180,2026-06-27 11:00:00,2026-07-04 11:00:00,14881.13,BROKEN,WhatsApp
PTP00001085,A000698,2025-10-15 19:00:00,2025-10-18 19:00:00,6244.52,PENDING,Human
PTP00001086,A000158,2026-06-26 10:00:00,2026-06-27 10:00:00,9314.46,PENDING,Field
PTP00001087,A001067,2025-10-09 14:00:00,2025-10-16 14:00:00,7598.57,KEPT,WhatsApp
PTP00001088,A000362,2026-07-04 17:00:00,2026-07-05 17:00:00,10235.59,BROKEN,Field
PTP00001089,A004192,2026-07-04 08:00:00,2026-07-07 08:00:00,5813.59,KEPT,AI Voice
PTP00001090,A001701,2026-05-08 12:00:00,2026-05-11 12:00:00,7421.05,KEPT,Human
PTP00001091,A002620,2026-04-16 09:00:00,2026-04-23 09:00:00,13452.72,BROKEN,AI Voice
PTP00001092,A003405,2026-08-13 11:00:00,2026-08-14 11:00:00,9625.41,BROKEN,Human
PTP00001093,A002654,2026-06-02 14:00:00,2026-06-03 14:00:00,7269.36,KEPT,AI Voice
PTP00001094,A002531,2026-01-10 08:00:00,2026-01-24 08:00:00,6013.83,BROKEN,WhatsApp
PTP00001095,A002495,2026-06-17 09:00:00,2026-06-20 09:00:00,5616.96,PENDING,WhatsApp
PTP00001096,A000922,2026-08-24 13:00:00,2026-08-25 13:00:00,10893.56,PENDING,Field
PTP00001097,A003695,2026-04-14 08:00:00,2026-04-17 08:00:00,6030.44,KEPT,Field
PTP00001098,A002964,2026-08-08 17:00:00,2026-08-22 17:00:00,7163.14,BROKEN,Human
PTP00001099,A001309,2026-08-01 19:00:00,2026-08-15 19:00:00,11583.86,BROKEN,Human
PTP00001100,A002786,2026-07-05 09:00:00,2026-07-08 09:00:00,8599.21,BROKEN,AI Voice
PTP00001101,A002488,2026-01-16 11:00:00,2026-01-30 11:00:00,13952.1,KEPT,AI Voice
PTP00001102,A001754,2025-11-14 16:00:00,2025-11-28 16:00:00,11063.56,BROKEN,Human
PTP00001103,A002136,2026-04-12 08:00:00,2026-04-19 08:00:00,12170.38,BROKEN,Field
PTP00001104,A000269,2026-08-09 13:00:00,2026-08-16 13:00:00,11603.92,BROKEN,WhatsApp
PTP00001105,A003367,2026-04-21 20:00:00,2026-04-24 20:00:00,5647.42,PENDING,Human
PTP00001106,A003637,2026-07-03 20:00:00,2026-07-10 20:00:00,5593.27,KEPT,Human
PTP00001107,A002196,2025-11-03 08:00:00,2025-11-06 08:00:00,7634.47,BROKEN,AI Voice
PTP00001108,A002641,2026-04-24 11:00:00,2026-05-08 11:00:00,9416.42,KEPT,Human
PTP00001109,A002815,2026-05-16 09:00:00,2026-05-17 09:00:00,6086.56,PENDING,Human
PTP00001110,A003106,2026-04-12 10:00:00,2026-04-19 10:00:00,4097.86,KEPT,AI Voice
PTP00001111,A002169,2025-12-27 13:00:00,2026-01-03 13:00:00,7208.89,PENDING,WhatsApp
PTP00001112,A000223,2026-01-18 17:00:00,2026-01-19 17:00:00,2651.02,KEPT,WhatsApp
PTP00001113,A002452,2026-06-12 09:00:00,2026-06-15 09:00:00,14564.9,KEPT,Human
PTP00001114,A004062,2026-01-14 12:00:00,2026-01-21 12:00:00,9916.6,BROKEN,WhatsApp
PTP00001115,A002645,2026-07-17 14:00:00,2026-07-24 14:00:00,9516.44,KEPT,Field
PTP00001116,A002166,2026-07-02 09:00:00,2026-07-05 09:00:00,7605.8,BROKEN,Field
PTP00001117,A003194,2026-04-01 17:00:00,2026-04-15 17:00:00,3058.41,KEPT,WhatsApp
PTP00001118,A003459,2026-03-12 16:00:00,2026-03-26 16:00:00,2908.65,BROKEN,WhatsApp
PTP00001119,A000672,2026-06-21 18:00:00,2026-06-28 18:00:00,12770.03,KEPT,AI Voice
PTP00001120,A002631,2026-08-26 20:00:00,2026-08-29 20:00:00,10831.38,KEPT,WhatsApp
PTP00001121,A001685,2026-08-06 20:00:00,2026-08-07 20:00:00,4473.37,KEPT,Field
PTP00001122,A002117,2025-10-08 15:00:00,2025-10-09 15:00:00,7547.27,BROKEN,WhatsApp
PTP00001123,A000666,2026-01-14 11:00:00,2026-01-28 11:00:00,10046.3,KEPT,Field
PTP00001124,A003072,2025-12-21 17:00:00,2025-12-28 17:00:00,8517.2,KEPT,WhatsApp
PTP00001125,A000106,2026-03-12 08:00:00,2026-03-19 08:00:00,7961.75,KEPT,AI Voice
PTP00001126,A001148,2026-06-08 14:00:00,2026-06-15 14:00:00,5537.25,BROKEN,WhatsApp
PTP00001127,A000644,2026-03-06 09:00:00,2026-03-09 09:00:00,10654.14,KEPT,Field
PTP00001128,A002352,2026-02-09 19:00:00,2026-02-12 19:00:00,8731.08,PENDING,Field
PTP00001129,A001988,2026-01-20 10:00:00,2026-02-03 10:00:00,13964.71,KEPT,Field
PTP00001130,A001994,2025-09-12 15:00:00,2025-09-13 15:00:00,8659.83,KEPT,AI Voice
PTP00001131,A002173,2026-01-02 15:00:00,2026-01-05 15:00:00,6209.01,KEPT,Field
PTP00001132,A003634,2026-05-13 11:00:00,2026-05-14 11:00:00,6612.37,PENDING,AI Voice
PTP00001133,A003115,2026-06-14 12:00:00,2026-06-21 12:00:00,13221.45,KEPT,WhatsApp
PTP00001134,A003937,2026-07-13 16:00:00,2026-07-20 16:00:00,4390.99,PENDING,AI Voice
PTP00001135,A002991,2026-02-01 19:00:00,2026-02-15 19:00:00,14100.65,KEPT,AI Voice
PTP00001136,A003412,2026-01-12 09:00:00,2026-01-19 09:00:00,7506.29,BROKEN,Field
PTP00001137,A002091,2026-07-03 12:00:00,2026-07-06 12:00:00,8130.26,BROKEN,Field
PTP00001138,A002547,2026-04-20 08:00:00,2026-04-21 08:00:00,2506.38,KEPT,WhatsApp
PTP00001139,A001256,2026-02-01 16:00:00,2026-02-04 16:00:00,9012.68,KEPT,Human
PTP00001140,A001415,2026-03-06 13:00:00,2026-03-09 13:00:00,6895.76,PENDING,Human
PTP00001141,A002932,2026-03-05 10:00:00,2026-03-12 10:00:00,9272.68,KEPT,Human
PTP00001142,A000170,2026-06-22 14:00:00,2026-06-25 14:00:00,3964.78,KEPT,AI Voice
PTP00001143,A000387,2026-02-19 15:00:00,2026-02-20 15:00:00,13907.95,KEPT,Human
PTP00001144,A003796,2026-06-21 16:00:00,2026-07-05 16:00:00,5891.6,KEPT,AI Voice
PTP00001145,A002836,2026-04-06 09:00:00,2026-04-13 09:00:00,9326.06,KEPT,AI Voice
PTP00001146,A004192,2026-05-07 11:00:00,2026-05-21 11:00:00,12059.69,BROKEN,WhatsApp
PTP00001147,A002354,2026-02-19 16:00:00,2026-02-26 16:00:00,13107.8,BROKEN,Human
PTP00001148,A003797,2025-09-03 20:00:00,2025-09-17 20:00:00,5055.07,BROKEN,WhatsApp
PTP00001149,A003968,2026-05-19 14:00:00,2026-05-20 14:00:00,4571.13,KEPT,Field
PTP00001150,A001797,2025-10-22 16:00:00,2025-10-29 16:00:00,6371.61,BROKEN,Human
PTP00001151,A000287,2025-10-26 13:00:00,2025-11-09 13:00:00,10938.74,KEPT,WhatsApp
PTP00001152,A000931,2025-12-15 15:00:00,2025-12-29 15:00:00,8061.34,KEPT,AI Voice
PTP00001153,A003105,2026-02-16 08:00:00,2026-02-19 08:00:00,6576.06,PENDING,AI Voice
PTP00001154,A002843,2026-01-14 08:00:00,2026-01-15 08:00:00,12901.81,PENDING,Human
PTP00001155,A001534,2026-04-24 14:00:00,2026-05-01 14:00:00,4617.44,BROKEN,WhatsApp
PTP00001156,A001211,2025-11-23 19:00:00,2025-11-26 19:00:00,5242.72,KEPT,Field
PTP00001157,A002951,2026-04-02 17:00:00,2026-04-03 17:00:00,10094.6,KEPT,WhatsApp
PTP00001158,A002262,2026-08-14 12:00:00,2026-08-21 12:00:00,6349.36,BROKEN,AI Voice
PTP00001159,A001847,2026-08-07 08:00:00,2026-08-21 08:00:00,8265.05,BROKEN,AI Voice
PTP00001160,A003195,2026-04-16 09:00:00,2026-04-17 09:00:00,7112.45,KEPT,Human
PTP00001161,A002655,2026-03-08 13:00:00,2026-03-11 13:00:00,9846.22,BROKEN,AI Voice
PTP00001162,A000261,2025-10-13 17:00:00,2025-10-20 17:00:00,10202.18,KEPT,AI Voice
PTP00001163,A000712,2026-05-05 09:00:00,2026-05-06 09:00:00,7183.52,KEPT,AI Voice
PTP00001164,A003242,2026-02-19 14:00:00,2026-02-22 14:00:00,6866.89,KEPT,Field
PTP00001165,A002259,2026-08-04 18:00:00,2026-08-18 18:00:00,5157.16,KEPT,Human
PTP00001166,A003660,2026-07-06 16:00:00,2026-07-13 16:00:00,5270.0,KEPT,WhatsApp
PTP00001167,A002674,2026-01-22 10:00:00,2026-01-23 10:00:00,3596.04,KEPT,Human
PTP00001168,A002371,2026-07-09 19:00:00,2026-07-23 19:00:00,2092.23,KEPT,Human
PTP00001169,A004177,2026-05-02 15:00:00,2026-05-16 15:00:00,10911.66,BROKEN,WhatsApp
PTP00001170,A000144,2026-03-07 08:00:00,2026-03-10 08:00:00,2657.11,KEPT,Field
PTP00001171,A001257,2026-06-25 15:00:00,2026-07-02 15:00:00,8458.49,BROKEN,Field
PTP00001172,A002246,2026-02-06 19:00:00,2026-02-20 19:00:00,6277.61,BROKEN,WhatsApp
PTP00001173,A003790,2026-01-07 17:00:00,2026-01-21 17:00:00,2597.98,KEPT,Human
PTP00001174,A000407,2026-04-09 16:00:00,2026-04-10 16:00:00,10098.16,BROKEN,AI Voice
PTP00001175,A003817,2026-07-01 18:00:00,2026-07-15 18:00:00,14936.07,PENDING,Human
PTP00001176,A000308,2026-04-15 14:00:00,2026-04-16 14:00:00,3265.7,PENDING,Field
PTP00001177,A003260,2025-09-09 18:00:00,2025-09-10 18:00:00,2724.39,KEPT,Human
PTP00001178,A001924,2025-10-13 13:00:00,2025-10-20 13:00:00,9506.31,KEPT,Human
PTP00001179,A004055,2026-05-15 16:00:00,2026-05-22 16:00:00,14582.32,KEPT,Human
PTP00001180,A002989,2026-04-23 09:00:00,2026-04-26 09:00:00,9031.32,BROKEN,WhatsApp
PTP00001181,A003262,2025-11-09 18:00:00,2025-11-10 18:00:00,5759.29,KEPT,AI Voice
PTP00001182,A001729,2025-10-22 19:00:00,2025-10-25 19:00:00,2003.6,KEPT,WhatsApp
PTP00001183,A003809,2026-02-02 10:00:00,2026-02-03 10:00:00,12819.65,PENDING,WhatsApp
PTP00001184,A001205,2026-08-09 17:00:00,2026-08-23 17:00:00,6775.81,KEPT,AI Voice
PTP00001185,A002379,2025-12-03 18:00:00,2025-12-17 18:00:00,9757.08,BROKEN,WhatsApp
PTP00001186,A004041,2026-02-20 20:00:00,2026-03-06 20:00:00,5011.51,PENDING,Field
PTP00001187,A003331,2026-01-16 09:00:00,2026-01-19 09:00:00,6604.69,KEPT,Field
PTP00001188,A002585,2025-11-22 14:00:00,2025-11-29 14:00:00,6129.21,PENDING,Field
PTP00001189,A001736,2025-11-03 18:00:00,2025-11-04 18:00:00,5535.99,PENDING,Field
PTP00001190,A002345,2025-12-04 08:00:00,2025-12-05 08:00:00,4951.07,BROKEN,Field
PTP00001191,A000312,2026-03-27 20:00:00,2026-03-28 20:00:00,3154.37,BROKEN,Field
PTP00001192,A003233,2025-12-14 08:00:00,2025-12-17 08:00:00,3974.32,KEPT,Field
PTP00001193,A001633,2026-03-15 16:00:00,2026-03-18 16:00:00,14448.07,KEPT,AI Voice
PTP00001194,A003467,2026-02-03 19:00:00,2026-02-04 19:00:00,3026.66,BROKEN,AI Voice
PTP00001195,A002369,2025-12-08 08:00:00,2025-12-09 08:00:00,10317.26,KEPT,AI Voice
PTP00001196,A002431,2026-08-07 16:00:00,2026-08-10 16:00:00,11736.62,BROKEN,WhatsApp
PTP00001197,A000754,2025-12-22 11:00:00,2025-12-23 11:00:00,10153.93,BROKEN,Field
PTP00001198,A000833,2026-08-23 19:00:00,2026-08-26 19:00:00,12261.17,KEPT,WhatsApp
PTP00001199,A003044,2026-04-04 14:00:00,2026-04-07 14:00:00,12313.13,BROKEN,Human
PTP00001200,A000756,2025-09-10 08:00:00,2025-09-13 08:00:00,9850.38,KEPT,Field
PTP00001201,A002680,2026-04-03 13:00:00,2026-04-17 13:00:00,2109.42,BROKEN,Human
PTP00001202,A002908,2026-06-06 19:00:00,2026-06-20 19:00:00,13495.18,KEPT,Field
PTP00001203,A001732,2026-04-11 14:00:00,2026-04-14 14:00:00,2276.68,KEPT,AI Voice
PTP00001204,A001042,2025-09-02 09:00:00,2025-09-03 09:00:00,14592.27,KEPT,WhatsApp
PTP00001205,A003022,2026-07-20 20:00:00,2026-07-23 20:00:00,3747.34,BROKEN,Human
PTP00001206,A002012,2026-08-14 17:00:00,2026-08-21 17:00:00,3139.55,BROKEN,Field
PTP00001207,A002845,2025-11-11 15:00:00,2025-11-25 15:00:00,5939.13,BROKEN,Human
PTP00001208,A003510,2026-07-03 19:00:00,2026-07-10 19:00:00,2756.38,BROKEN,Field
PTP00001209,A000661,2025-11-14 11:00:00,2025-11-17 11:00:00,14214.49,PENDING,Field
PTP00001210,A000284,2026-01-23 08:00:00,2026-01-30 08:00:00,6422.99,KEPT,Human
PTP00001211,A003056,2025-09-20 14:00:00,2025-10-04 14:00:00,2591.41,BROKEN,Human
PTP00001212,A000062,2026-03-06 13:00:00,2026-03-13 13:00:00,11059.85,KEPT,AI Voice
PTP00001213,A002885,2025-12-07 08:00:00,2025-12-08 08:00:00,14525.01,PENDING,AI Voice
PTP00001214,A002265,2026-01-02 08:00:00,2026-01-09 08:00:00,8006.82,KEPT,Field
PTP00001215,A001365,2026-02-03 10:00:00,2026-02-10 10:00:00,5513.17,KEPT,Human
PTP00001216,A002356,2025-11-02 11:00:00,2025-11-05 11:00:00,12078.78,PENDING,Field
PTP00001217,A001236,2026-04-08 11:00:00,2026-04-09 11:00:00,7933.75,KEPT,WhatsApp
PTP00001218,A002783,2026-07-09 12:00:00,2026-07-16 12:00:00,12961.76,KEPT,Human
PTP00001219,A001381,2026-02-02 15:00:00,2026-02-03 15:00:00,11308.71,KEPT,AI Voice
PTP00001220,A002653,2025-09-26 20:00:00,2025-10-03 20:00:00,7726.59,BROKEN,Human
PTP00001221,A004010,2026-07-05 10:00:00,2026-07-19 10:00:00,3548.96,KEPT,WhatsApp
PTP00001222,A000470,2025-12-24 10:00:00,2026-01-07 10:00:00,5930.87,KEPT,Field
PTP00001223,A000568,2025-12-25 20:00:00,2025-12-28 20:00:00,6521.01,KEPT,Human
PTP00001224,A002854,2026-08-08 19:00:00,2026-08-22 19:00:00,8573.09,KEPT,Field
PTP00001225,A002864,2026-05-12 18:00:00,2026-05-26 18:00:00,6384.46,KEPT,WhatsApp
PTP00001226,A000470,2026-02-26 15:00:00,2026-03-05 15:00:00,8521.92,BROKEN,Field
PTP00001227,A003291,2026-03-26 08:00:00,2026-04-02 08:00:00,3655.62,BROKEN,WhatsApp
PTP00001228,A000767,2026-01-15 17:00:00,2026-01-16 17:00:00,2448.88,KEPT,WhatsApp
PTP00001229,A001546,2026-03-11 18:00:00,2026-03-14 18:00:00,3470.37,KEPT,WhatsApp
PTP00001230,A003472,2026-05-19 12:00:00,2026-06-02 12:00:00,3298.4,KEPT,Field
PTP00001231,A001159,2025-12-07 10:00:00,2025-12-10 10:00:00,3933.96,BROKEN,Human
PTP00001232,A002258,2026-08-18 08:00:00,2026-08-19 08:00:00,4979.45,BROKEN,Field
PTP00001233,A003469,2026-01-19 16:00:00,2026-01-26 16:00:00,2379.67,KEPT,WhatsApp
PTP00001234,A003403,2026-06-22 14:00:00,2026-06-23 14:00:00,9827.32,BROKEN,Field
PTP00001235,A002695,2026-01-22 20:00:00,2026-01-29 20:00:00,2288.48,BROKEN,AI Voice
PTP00001236,A000551,2026-08-07 16:00:00,2026-08-21 16:00:00,9904.73,KEPT,Field
PTP00001237,A001896,2025-09-04 12:00:00,2025-09-07 12:00:00,12521.58,KEPT,AI Voice
PTP00001238,A002486,2026-01-23 11:00:00,2026-01-30 11:00:00,2811.61,BROKEN,Field
PTP00001239,A001484,2026-02-17 10:00:00,2026-02-24 10:00:00,10669.7,BROKEN,AI Voice
PTP00001240,A003829,2025-11-03 13:00:00,2025-11-04 13:00:00,13425.1,PENDING,WhatsApp
PTP00001241,A003357,2026-06-01 16:00:00,2026-06-08 16:00:00,14464.58,KEPT,Human
PTP00001242,A002735,2026-06-26 12:00:00,2026-07-10 12:00:00,6994.45,KEPT,Human
PTP00001243,A002442,2025-09-14 12:00:00,2025-09-15 12:00:00,11343.99,KEPT,Human
PTP00001244,A003021,2026-02-06 10:00:00,2026-02-20 10:00:00,4617.08,KEPT,Human
PTP00001245,A000065,2026-03-13 15:00:00,2026-03-27 15:00:00,2064.44,KEPT,WhatsApp
PTP00001246,A003537,2025-09-16 08:00:00,2025-09-19 08:00:00,9389.59,BROKEN,WhatsApp
PTP00001247,A001899,2026-01-18 15:00:00,2026-01-25 15:00:00,6809.64,PENDING,Field
PTP00001248,A003812,2025-09-04 15:00:00,2025-09-11 15:00:00,7911.3,PENDING,Field
PTP00001249,A003553,2026-04-02 14:00:00,2026-04-03 14:00:00,11209.78,PENDING,Human
PTP00001250,A002411,2026-01-17 13:00:00,2026-01-24 13:00:00,2222.67,BROKEN,WhatsApp
PTP00001251,A001297,2025-09-26 18:00:00,2025-09-29 18:00:00,3044.86,KEPT,AI Voice
PTP00001252,A001063,2026-06-25 17:00:00,2026-06-28 17:00:00,3641.58,KEPT,WhatsApp
PTP00001253,A002617,2026-03-06 10:00:00,2026-03-13 10:00:00,12646.85,KEPT,AI Voice
PTP00001254,A003388,2025-10-17 14:00:00,2025-10-20 14:00:00,2664.89,KEPT,WhatsApp
PTP00001255,A000621,2026-03-07 08:00:00,2026-03-21 08:00:00,7314.02,BROKEN,WhatsApp
PTP00001256,A001997,2025-12-04 18:00:00,2025-12-05 18:00:00,6655.38,KEPT,Human
PTP00001257,A004069,2026-01-26 13:00:00,2026-01-29 13:00:00,3490.86,BROKEN,WhatsApp
PTP00001258,A003953,2026-01-16 12:00:00,2026-01-23 12:00:00,4755.95,KEPT,Human
PTP00001259,A003778,2026-03-19 18:00:00,2026-04-02 18:00:00,14755.98,BROKEN,Field
PTP00001260,A003561,2026-06-09 19:00:00,2026-06-16 19:00:00,9330.09,BROKEN,Human
PTP00001261,A000659,2026-03-11 15:00:00,2026-03-25 15:00:00,12713.09,PENDING,Field
PTP00001262,A001386,2026-05-06 10:00:00,2026-05-07 10:00:00,14481.92,KEPT,WhatsApp
PTP00001263,A003079,2025-09-02 20:00:00,2025-09-03 20:00:00,3034.64,KEPT,Human
PTP00001264,A002777,2026-08-16 08:00:00,2026-08-23 08:00:00,9521.4,BROKEN,WhatsApp
PTP00001265,A002886,2026-03-23 19:00:00,2026-04-06 19:00:00,10185.98,BROKEN,WhatsApp
PTP00001266,A002958,2025-12-27 16:00:00,2026-01-10 16:00:00,5556.5,KEPT,WhatsApp
PTP00001267,A003344,2025-11-01 19:00:00,2025-11-02 19:00:00,3399.68,BROKEN,AI Voice
PTP00001268,A000067,2025-12-15 20:00:00,2025-12-29 20:00:00,9321.36,KEPT,AI Voice
PTP00001269,A002233,2026-06-07 14:00:00,2026-06-10 14:00:00,14125.93,BROKEN,WhatsApp
PTP00001270,A000621,2026-03-12 15:00:00,2026-03-26 15:00:00,13984.8,BROKEN,AI Voice
PTP00001271,A002988,2026-06-25 08:00:00,2026-06-26 08:00:00,4905.56,PENDING,Field
PTP00001272,A003804,2026-08-03 09:00:00,2026-08-06 09:00:00,14438.09,KEPT,WhatsApp
PTP00001273,A000234,2025-10-19 17:00:00,2025-10-20 17:00:00,6723.3,KEPT,WhatsApp
PTP00001274,A000450,2025-11-15 15:00:00,2025-11-22 15:00:00,7997.72,BROKEN,AI Voice
PTP00001275,A000743,2026-06-14 10:00:00,2026-06-15 10:00:00,7543.13,PENDING,AI Voice
PTP00001276,A000129,2026-06-20 18:00:00,2026-06-23 18:00:00,3442.78,BROKEN,Field
PTP00001277,A002057,2025-11-01 20:00:00,2025-11-15 20:00:00,12541.91,PENDING,AI Voice
PTP00001278,A003366,2026-07-15 16:00:00,2026-07-16 16:00:00,13716.11,KEPT,Field
PTP00001279,A003386,2025-09-20 10:00:00,2025-09-21 10:00:00,8653.75,BROKEN,WhatsApp
PTP00001280,A000553,2026-03-05 12:00:00,2026-03-12 12:00:00,13017.26,KEPT,Field
PTP00001281,A001009,2025-12-15 17:00:00,2025-12-18 17:00:00,6884.22,PENDING,Field
PTP00001282,A000060,2025-12-24 10:00:00,2026-01-07 10:00:00,11449.62,BROKEN,Field
PTP00001283,A001043,2025-12-16 15:00:00,2025-12-17 15:00:00,11330.68,KEPT,Field
PTP00001284,A003668,2025-11-11 13:00:00,2025-11-18 13:00:00,12080.16,PENDING,WhatsApp
PTP00001285,A001021,2026-03-03 09:00:00,2026-03-17 09:00:00,3082.57,BROKEN,Human
PTP00001286,A002034,2026-02-17 13:00:00,2026-03-03 13:00:00,7646.93,PENDING,Human
PTP00001287,A001369,2026-06-02 16:00:00,2026-06-16 16:00:00,6991.08,KEPT,WhatsApp
PTP00001288,A004062,2026-07-02 08:00:00,2026-07-05 08:00:00,8291.77,PENDING,WhatsApp
PTP00001289,A001787,2026-02-22 08:00:00,2026-03-01 08:00:00,9086.54,KEPT,WhatsApp
PTP00001290,A002779,2025-10-13 17:00:00,2025-10-14 17:00:00,2039.46,KEPT,Human
PTP00001291,A002395,2025-11-15 14:00:00,2025-11-16 14:00:00,4072.3,BROKEN,WhatsApp
PTP00001292,A002696,2026-08-10 11:00:00,2026-08-17 11:00:00,7898.84,KEPT,AI Voice
PTP00001293,A001871,2025-09-18 09:00:00,2025-09-21 09:00:00,12551.52,KEPT,WhatsApp
PTP00001294,A002696,2025-10-11 13:00:00,2025-10-12 13:00:00,3402.01,BROKEN,AI Voice
PTP00001295,A000577,2026-06-18 14:00:00,2026-07-02 14:00:00,3304.98,BROKEN,Human
PTP00001296,A001825,2026-03-15 13:00:00,2026-03-16 13:00:00,11076.37,KEPT,WhatsApp
PTP00001297,A000113,2026-06-01 16:00:00,2026-06-15 16:00:00,4764.27,KEPT,WhatsApp
PTP00001298,A000315,2025-11-06 15:00:00,2025-11-07 15:00:00,8710.09,KEPT,WhatsApp
PTP00001299,A000144,2026-06-05 15:00:00,2026-06-08 15:00:00,2996.82,BROKEN,Field
PTP00001300,A003916,2026-07-02 14:00:00,2026-07-03 14:00:00,6167.97,KEPT,AI Voice
PTP00001301,A003839,2025-09-15 13:00:00,2025-09-16 13:00:00,9521.48,KEPT,AI Voice
PTP00001302,A000050,2026-07-26 16:00:00,2026-07-27 16:00:00,13172.52,BROKEN,WhatsApp
PTP00001303,A000482,2025-12-05 17:00:00,2025-12-12 17:00:00,2502.17,PENDING,Field
PTP00001304,A001251,2026-06-27 16:00:00,2026-07-04 16:00:00,7719.88,PENDING,WhatsApp
PTP00001305,A002860,2026-05-08 16:00:00,2026-05-11 16:00:00,5959.16,KEPT,WhatsApp
PTP00001306,A001616,2026-01-07 16:00:00,2026-01-08 16:00:00,10347.24,BROKEN,WhatsApp
PTP00001307,A004197,2026-01-01 20:00:00,2026-01-15 20:00:00,2887.63,PENDING,Human
PTP00001308,A002187,2025-09-15 15:00:00,2025-09-29 15:00:00,7868.6,PENDING,Human
PTP00001309,A004155,2025-11-12 18:00:00,2025-11-26 18:00:00,9216.41,KEPT,Human
PTP00001310,A001698,2026-07-22 10:00:00,2026-07-23 10:00:00,8931.47,KEPT,AI Voice
PTP00001311,A000728,2026-06-22 08:00:00,2026-06-23 08:00:00,11108.95,BROKEN,AI Voice
PTP00001312,A000594,2026-01-05 19:00:00,2026-01-19 19:00:00,4995.13,PENDING,WhatsApp
PTP00001313,A000070,2025-10-04 12:00:00,2025-10-18 12:00:00,5204.8,BROKEN,Field
PTP00001314,A001705,2026-04-03 08:00:00,2026-04-06 08:00:00,2945.96,KEPT,Human
PTP00001315,A001284,2025-10-18 15:00:00,2025-10-21 15:00:00,13801.02,KEPT,Field
PTP00001316,A001430,2026-04-04 13:00:00,2026-04-11 13:00:00,6963.49,KEPT,Field
PTP00001317,A002911,2026-03-16 10:00:00,2026-03-17 10:00:00,4482.13,KEPT,Human
PTP00001318,A002327,2026-05-08 10:00:00,2026-05-22 10:00:00,2119.65,BROKEN,AI Voice
PTP00001319,A000678,2025-09-20 09:00:00,2025-10-04 09:00:00,14686.37,PENDING,Human
PTP00001320,A002615,2026-01-04 15:00:00,2026-01-07 15:00:00,11823.07,KEPT,Field
PTP00001321,A000536,2026-05-24 09:00:00,2026-06-07 09:00:00,7708.95,KEPT,AI Voice
PTP00001322,A004020,2026-05-02 09:00:00,2026-05-05 09:00:00,3814.36,BROKEN,WhatsApp
PTP00001323,A000317,2025-10-15 10:00:00,2025-10-16 10:00:00,10256.9,KEPT,Field
PTP00001324,A000001,2025-11-01 15:00:00,2025-11-15 15:00:00,14733.52,BROKEN,Human
PTP00001325,A003704,2026-07-27 19:00:00,2026-08-10 19:00:00,8938.9,BROKEN,AI Voice
PTP00001326,A000373,2026-06-21 14:00:00,2026-06-28 14:00:00,10909.56,KEPT,WhatsApp
PTP00001327,A001134,2026-07-18 18:00:00,2026-07-25 18:00:00,7623.23,BROKEN,AI Voice
PTP00001328,A000628,2026-03-14 10:00:00,2026-03-28 10:00:00,5259.02,BROKEN,Field
PTP00001329,A001802,2026-05-09 09:00:00,2026-05-10 09:00:00,9218.76,PENDING,Human
PTP00001330,A004071,2026-01-17 14:00:00,2026-01-24 14:00:00,2561.74,PENDING,WhatsApp
PTP00001331,A001189,2026-02-06 10:00:00,2026-02-07 10:00:00,7579.53,KEPT,WhatsApp
PTP00001332,A002299,2026-01-20 20:00:00,2026-01-23 20:00:00,2087.12,KEPT,WhatsApp
PTP00001333,A002848,2025-10-16 19:00:00,2025-10-17 19:00:00,11838.99,PENDING,AI Voice
PTP00001334,A003901,2026-08-20 11:00:00,2026-08-21 11:00:00,6963.8,BROKEN,WhatsApp
PTP00001335,A003565,2026-05-05 15:00:00,2026-05-12 15:00:00,13788.18,BROKEN,Human
PTP00001336,A000734,2025-12-08 09:00:00,2025-12-15 09:00:00,3815.92,KEPT,AI Voice
PTP00001337,A002103,2026-07-16 08:00:00,2026-07-23 08:00:00,10810.47,KEPT,Human
PTP00001338,A000562,2026-07-05 12:00:00,2026-07-08 12:00:00,10139.18,KEPT,Field
PTP00001339,A002923,2026-02-10 11:00:00,2026-02-24 11:00:00,3807.41,BROKEN,Human
PTP00001340,A003275,2026-04-23 11:00:00,2026-04-24 11:00:00,10990.91,PENDING,Field
PTP00001341,A001333,2026-08-24 19:00:00,2026-09-07 19:00:00,14191.5,BROKEN,Human
PTP00001342,A002357,2026-01-09 11:00:00,2026-01-16 11:00:00,3161.93,BROKEN,AI Voice
PTP00001343,A002647,2026-04-14 09:00:00,2026-04-15 09:00:00,13070.58,KEPT,AI Voice
PTP00001344,A002694,2025-12-08 10:00:00,2025-12-15 10:00:00,10171.38,KEPT,AI Voice
PTP00001345,A000095,2026-08-24 10:00:00,2026-08-27 10:00:00,9471.67,KEPT,WhatsApp
PTP00001346,A003541,2025-11-18 08:00:00,2025-11-19 08:00:00,14375.06,KEPT,AI Voice
PTP00001347,A000895,2026-08-16 13:00:00,2026-08-17 13:00:00,6942.92,BROKEN,Human
PTP00001348,A003679,2026-08-09 15:00:00,2026-08-12 15:00:00,4848.28,BROKEN,AI Voice
PTP00001349,A003201,2026-05-27 08:00:00,2026-06-10 08:00:00,8288.89,PENDING,AI Voice
PTP00001350,A001651,2026-05-24 17:00:00,2026-05-31 17:00:00,12379.9,KEPT,Field
PTP00001351,A003000,2025-12-07 18:00:00,2025-12-08 18:00:00,12913.08,KEPT,WhatsApp
PTP00001352,A000740,2025-10-16 13:00:00,2025-10-19 13:00:00,9409.69,PENDING,Field
PTP00001353,A001773,2026-07-03 10:00:00,2026-07-04 10:00:00,9458.3,KEPT,WhatsApp
PTP00001354,A003259,2025-10-19 14:00:00,2025-10-26 14:00:00,3853.75,PENDING,AI Voice
PTP00001355,A003435,2026-04-25 14:00:00,2026-05-02 14:00:00,2600.35,KEPT,WhatsApp
PTP00001356,A001644,2025-12-16 11:00:00,2025-12-17 11:00:00,2653.58,KEPT,Field
PTP00001357,A001630,2025-12-04 09:00:00,2025-12-11 09:00:00,3083.13,BROKEN,AI Voice
PTP00001358,A001841,2026-01-22 14:00:00,2026-01-23 14:00:00,5150.87,KEPT,Human
PTP00001359,A002714,2025-09-03 11:00:00,2025-09-06 11:00:00,9070.97,PENDING,Field
PTP00001360,A003918,2025-09-04 13:00:00,2025-09-18 13:00:00,2188.17,KEPT,WhatsApp
PTP00001361,A000075,2026-08-08 18:00:00,2026-08-11 18:00:00,11016.57,KEPT,Field
PTP00001362,A001154,2026-07-02 17:00:00,2026-07-05 17:00:00,5946.68,KEPT,Human
PTP00001363,A002913,2026-03-17 13:00:00,2026-03-18 13:00:00,7139.13,KEPT,Field
PTP00001364,A002076,2026-08-22 18:00:00,2026-09-05 18:00:00,4601.68,KEPT,WhatsApp
PTP00001365,A000368,2026-02-03 12:00:00,2026-02-06 12:00:00,2533.79,BROKEN,Human
PTP00001366,A002609,2026-03-22 15:00:00,2026-03-23 15:00:00,8536.69,BROKEN,Human
PTP00001367,A003728,2026-04-19 13:00:00,2026-04-22 13:00:00,6005.98,PENDING,Human
PTP00001368,A002992,2025-09-17 14:00:00,2025-09-18 14:00:00,6646.11,KEPT,AI Voice
PTP00001369,A001091,2026-02-27 20:00:00,2026-03-06 20:00:00,3170.76,PENDING,Human
PTP00001370,A001613,2025-09-13 19:00:00,2025-09-14 19:00:00,5667.91,BROKEN,Field
PTP00001371,A000844,2026-02-18 09:00:00,2026-02-19 09:00:00,9234.68,BROKEN,Field
PTP00001372,A002996,2026-07-01 14:00:00,2026-07-15 14:00:00,13593.21,PENDING,WhatsApp
PTP00001373,A002093,2026-03-12 11:00:00,2026-03-13 11:00:00,5641.6,KEPT,AI Voice
PTP00001374,A000173,2025-11-11 20:00:00,2025-11-12 20:00:00,4720.73,KEPT,AI Voice
PTP00001375,A003402,2026-02-18 11:00:00,2026-02-21 11:00:00,10234.42,BROKEN,WhatsApp
PTP00001376,A003106,2026-02-25 19:00:00,2026-02-26 19:00:00,6121.75,PENDING,WhatsApp
PTP00001377,A003786,2026-06-22 13:00:00,2026-07-06 13:00:00,13148.01,KEPT,AI Voice
PTP00001378,A004149,2026-08-14 10:00:00,2026-08-21 10:00:00,4824.42,PENDING,Field
PTP00001379,A000141,2026-03-25 18:00:00,2026-04-01 18:00:00,5047.15,BROKEN,Field
PTP00001380,A001248,2026-05-21 16:00:00,2026-05-28 16:00:00,8470.97,PENDING,AI Voice
PTP00001381,A003282,2026-01-24 17:00:00,2026-01-27 17:00:00,2348.24,BROKEN,Field
PTP00001382,A000838,2026-02-05 09:00:00,2026-02-19 09:00:00,10354.12,BROKEN,AI Voice
PTP00001383,A004171,2025-11-14 20:00:00,2025-11-21 20:00:00,12453.64,KEPT,WhatsApp
PTP00001384,A002556,2026-08-16 13:00:00,2026-08-19 13:00:00,10131.17,PENDING,Human
PTP00001385,A001186,2026-02-22 11:00:00,2026-03-01 11:00:00,11837.32,PENDING,Human
PTP00001386,A001120,2026-02-19 18:00:00,2026-02-26 18:00:00,6283.22,PENDING,AI Voice
PTP00001387,A000441,2026-06-26 09:00:00,2026-07-03 09:00:00,2014.89,BROKEN,WhatsApp
PTP00001388,A003476,2026-08-06 09:00:00,2026-08-07 09:00:00,6179.55,PENDING,AI Voice
PTP00001389,A003648,2026-03-23 19:00:00,2026-04-06 19:00:00,12247.16,KEPT,Field
PTP00001390,A004166,2025-09-04 15:00:00,2025-09-18 15:00:00,13007.15,KEPT,AI Voice
PTP00001391,A002800,2026-04-17 09:00:00,2026-05-01 09:00:00,3465.94,PENDING,Field
PTP00001392,A000498,2025-09-06 20:00:00,2025-09-07 20:00:00,7055.04,BROKEN,WhatsApp
PTP00001393,A003596,2026-08-20 09:00:00,2026-09-03 09:00:00,2254.18,BROKEN,AI Voice
PTP00001394,A000434,2026-08-03 13:00:00,2026-08-17 13:00:00,12935.57,KEPT,Human
PTP00001395,A002493,2026-07-22 16:00:00,2026-07-25 16:00:00,11078.44,BROKEN,AI Voice
PTP00001396,A003695,2026-05-10 17:00:00,2026-05-24 17:00:00,6614.42,BROKEN,AI Voice
PTP00001397,A004056,2025-11-18 10:00:00,2025-11-21 10:00:00,13589.56,BROKEN,AI Voice
PTP00001398,A004180,2026-02-17 09:00:00,2026-02-18 09:00:00,6358.28,BROKEN,WhatsApp
PTP00001399,A000740,2025-10-27 10:00:00,2025-11-03 10:00:00,8859.45,BROKEN,WhatsApp
PTP00001400,A001607,2026-02-25 18:00:00,2026-03-04 18:00:00,7945.11,KEPT,Human
PTP00001401,A001058,2026-05-11 12:00:00,2026-05-14 12:00:00,4870.44,BROKEN,WhatsApp
PTP00001402,A002080,2025-11-12 18:00:00,2025-11-26 18:00:00,4604.74,BROKEN,Human
PTP00001403,A004194,2025-11-15 16:00:00,2025-11-29 16:00:00,7015.97,KEPT,Human
PTP00001404,A002256,2026-05-13 18:00:00,2026-05-14 18:00:00,8117.96,KEPT,AI Voice
PTP00001405,A003751,2026-04-17 17:00:00,2026-05-01 17:00:00,2566.46,PENDING,WhatsApp
PTP00001406,A002477,2025-10-14 15:00:00,2025-10-17 15:00:00,7407.66,BROKEN,WhatsApp
PTP00001407,A000227,2026-05-16 16:00:00,2026-05-30 16:00:00,6593.91,KEPT,Human
PTP00001408,A000914,2026-01-16 13:00:00,2026-01-23 13:00:00,6992.31,KEPT,WhatsApp
PTP00001409,A003863,2026-05-01 20:00:00,2026-05-04 20:00:00,14669.3,KEPT,AI Voice
PTP00001410,A003406,2025-11-17 14:00:00,2025-11-18 14:00:00,2176.85,KEPT,Field
PTP00001411,A003494,2025-12-27 17:00:00,2025-12-30 17:00:00,11055.28,KEPT,AI Voice
PTP00001412,A003078,2026-02-04 09:00:00,2026-02-11 09:00:00,14367.4,KEPT,Human
PTP00001413,A000076,2026-05-20 19:00:00,2026-05-21 19:00:00,7607.94,KEPT,Field
PTP00001414,A000180,2025-12-05 10:00:00,2025-12-12 10:00:00,9425.23,KEPT,Human
PTP00001415,A001635,2026-02-03 16:00:00,2026-02-06 16:00:00,11662.45,KEPT,Human
PTP00001416,A002797,2026-02-23 08:00:00,2026-03-09 08:00:00,2426.22,KEPT,AI Voice
PTP00001417,A003593,2025-09-13 20:00:00,2025-09-14 20:00:00,6426.87,KEPT,Human
PTP00001418,A000047,2026-07-22 09:00:00,2026-07-25 09:00:00,3547.54,BROKEN,AI Voice
PTP00001419,A003605,2026-03-08 13:00:00,2026-03-22 13:00:00,2407.0,KEPT,WhatsApp
PTP00001420,A002190,2026-02-11 10:00:00,2026-02-18 10:00:00,7252.61,KEPT,Field
PTP00001421,A003124,2026-04-07 20:00:00,2026-04-14 20:00:00,6472.45,KEPT,WhatsApp
PTP00001422,A002050,2026-05-27 08:00:00,2026-05-28 08:00:00,7012.47,BROKEN,Human
PTP00001423,A002408,2025-11-06 20:00:00,2025-11-09 20:00:00,4415.34,KEPT,Field
PTP00001424,A000622,2026-06-24 12:00:00,2026-07-08 12:00:00,7694.51,BROKEN,Human
PTP00001425,A002398,2026-06-06 16:00:00,2026-06-20 16:00:00,3508.11,KEPT,AI Voice
PTP00001426,A003687,2026-06-09 12:00:00,2026-06-12 12:00:00,3991.82,BROKEN,Field
PTP00001427,A000821,2025-11-07 10:00:00,2025-11-10 10:00:00,14233.76,KEPT,AI Voice
PTP00001428,A000122,2025-12-17 20:00:00,2025-12-31 20:00:00,5554.82,KEPT,AI Voice
PTP00001429,A002144,2026-07-21 09:00:00,2026-08-04 09:00:00,13134.67,KEPT,WhatsApp
PTP00001430,A002799,2026-08-12 10:00:00,2026-08-26 10:00:00,3594.84,KEPT,WhatsApp
PTP00001431,A003008,2025-09-22 11:00:00,2025-09-23 11:00:00,8877.58,KEPT,Field
PTP00001432,A001597,2025-11-18 09:00:00,2025-11-25 09:00:00,9249.33,PENDING,AI Voice
PTP00001433,A001061,2026-05-22 19:00:00,2026-05-23 19:00:00,14829.05,KEPT,AI Voice
PTP00001434,A002014,2025-12-24 18:00:00,2026-01-07 18:00:00,13301.01,KEPT,Field
PTP00001435,A000124,2026-08-03 14:00:00,2026-08-04 14:00:00,8285.61,KEPT,AI Voice
PTP00001436,A000797,2026-01-05 09:00:00,2026-01-06 09:00:00,7601.02,BROKEN,WhatsApp
PTP00001437,A001979,2026-06-17 19:00:00,2026-06-20 19:00:00,12303.77,BROKEN,AI Voice
PTP00001438,A000718,2026-02-03 08:00:00,2026-02-10 08:00:00,11826.91,PENDING,Field
PTP00001439,A004103,2025-12-15 08:00:00,2025-12-18 08:00:00,4928.2,KEPT,Field
PTP00001440,A001442,2025-11-19 11:00:00,2025-11-26 11:00:00,6660.12,KEPT,AI Voice
PTP00001441,A000208,2026-01-10 11:00:00,2026-01-17 11:00:00,3580.32,KEPT,AI Voice
PTP00001442,A001392,2026-05-06 16:00:00,2026-05-13 16:00:00,13053.6,KEPT,Human
PTP00001443,A002489,2026-05-02 11:00:00,2026-05-16 11:00:00,2347.4,BROKEN,WhatsApp
PTP00001444,A002850,2025-11-12 15:00:00,2025-11-19 15:00:00,12005.58,BROKEN,Field
PTP00001445,A002153,2025-12-20 19:00:00,2025-12-21 19:00:00,2076.39,KEPT,Field
PTP00001446,A001569,2026-03-09 08:00:00,2026-03-16 08:00:00,10582.37,KEPT,AI Voice
PTP00001447,A003387,2025-10-06 15:00:00,2025-10-13 15:00:00,9764.39,KEPT,AI Voice
PTP00001448,A001485,2025-12-23 19:00:00,2025-12-26 19:00:00,7643.09,KEPT,Human
PTP00001449,A000575,2026-08-01 17:00:00,2026-08-08 17:00:00,14219.71,KEPT,AI Voice
PTP00001450,A002827,2026-03-07 19:00:00,2026-03-10 19:00:00,3166.48,BROKEN,AI Voice
PTP00001451,A002519,2025-09-27 09:00:00,2025-09-28 09:00:00,2394.12,BROKEN,WhatsApp
PTP00001452,A001942,2025-11-15 16:00:00,2025-11-18 16:00:00,5958.94,KEPT,Human
PTP00001453,A002103,2026-08-25 10:00:00,2026-09-08 10:00:00,10375.46,BROKEN,AI Voice
PTP00001454,A003144,2026-02-07 19:00:00,2026-02-10 19:00:00,11344.71,KEPT,AI Voice
PTP00001455,A000497,2026-02-22 13:00:00,2026-02-25 13:00:00,3221.56,KEPT,Field
PTP00001456,A002082,2026-07-16 08:00:00,2026-07-19 08:00:00,12621.86,KEPT,Field
PTP00001457,A001107,2026-06-07 08:00:00,2026-06-10 08:00:00,14581.4,BROKEN,Human
PTP00001458,A002114,2026-03-08 19:00:00,2026-03-09 19:00:00,3678.54,KEPT,Human
PTP00001459,A001953,2026-06-01 09:00:00,2026-06-04 09:00:00,5297.71,PENDING,Human
PTP00001460,A002012,2026-07-10 17:00:00,2026-07-11 17:00:00,6010.66,KEPT,Field
PTP00001461,A001140,2025-10-19 16:00:00,2025-10-26 16:00:00,9298.67,KEPT,Human
PTP00001462,A001337,2025-09-06 10:00:00,2025-09-20 10:00:00,4287.42,PENDING,AI Voice
PTP00001463,A003682,2026-04-09 09:00:00,2026-04-12 09:00:00,7340.65,KEPT,Human
PTP00001464,A000133,2026-08-02 15:00:00,2026-08-09 15:00:00,14166.56,BROKEN,Human
PTP00001465,A003352,2026-01-26 16:00:00,2026-01-29 16:00:00,5800.24,KEPT,AI Voice
PTP00001466,A002257,2026-04-05 14:00:00,2026-04-06 14:00:00,5680.75,KEPT,Field
PTP00001467,A003983,2026-04-14 17:00:00,2026-04-28 17:00:00,11975.26,BROKEN,AI Voice
PTP00001468,A000544,2025-09-06 09:00:00,2025-09-07 09:00:00,12906.11,PENDING,Human
PTP00001469,A003302,2025-11-27 09:00:00,2025-11-30 09:00:00,3768.71,BROKEN,Field
PTP00001470,A002588,2025-10-14 17:00:00,2025-10-17 17:00:00,5516.83,BROKEN,Field
PTP00001471,A001221,2026-08-04 13:00:00,2026-08-07 13:00:00,13122.59,KEPT,AI Voice
PTP00001472,A001581,2026-03-27 20:00:00,2026-03-28 20:00:00,7867.56,PENDING,Human
PTP00001473,A000868,2025-11-10 16:00:00,2025-11-17 16:00:00,10272.22,PENDING,Human
PTP00001474,A000287,2026-08-10 18:00:00,2026-08-13 18:00:00,10955.01,PENDING,AI Voice
PTP00001475,A002472,2026-08-23 08:00:00,2026-08-30 08:00:00,8135.8,KEPT,Human
PTP00001476,A001407,2026-07-03 14:00:00,2026-07-10 14:00:00,13249.16,KEPT,Field
PTP00001477,A000656,2026-08-16 19:00:00,2026-08-23 19:00:00,9929.98,KEPT,Field
PTP00001478,A001339,2025-12-12 10:00:00,2025-12-26 10:00:00,12698.97,BROKEN,Field
PTP00001479,A000092,2026-01-04 10:00:00,2026-01-18 10:00:00,13731.11,KEPT,WhatsApp
PTP00001480,A003669,2026-06-21 12:00:00,2026-07-05 12:00:00,3054.7,BROKEN,WhatsApp
PTP00001481,A002865,2026-06-15 18:00:00,2026-06-22 18:00:00,7399.5,KEPT,Field
PTP00001482,A000365,2025-11-23 11:00:00,2025-11-24 11:00:00,3229.93,KEPT,WhatsApp
PTP00001483,A003683,2026-02-01 16:00:00,2026-02-02 16:00:00,3726.93,KEPT,Human
PTP00001484,A000369,2026-04-02 16:00:00,2026-04-09 16:00:00,6378.38,BROKEN,AI Voice
PTP00001485,A000784,2026-07-17 16:00:00,2026-07-31 16:00:00,9364.99,KEPT,Field
PTP00001486,A003836,2025-11-23 14:00:00,2025-11-30 14:00:00,3252.05,KEPT,WhatsApp
PTP00001487,A002604,2026-05-26 13:00:00,2026-06-02 13:00:00,2608.46,BROKEN,Human
PTP00001488,A002147,2025-12-04 16:00:00,2025-12-07 16:00:00,13242.83,KEPT,AI Voice
PTP00001489,A001024,2026-08-02 14:00:00,2026-08-03 14:00:00,5841.66,PENDING,WhatsApp
PTP00001490,A000779,2026-01-12 15:00:00,2026-01-19 15:00:00,14251.26,BROKEN,Field
PTP00001491,A001166,2025-11-10 20:00:00,2025-11-17 20:00:00,6635.88,KEPT,Field
PTP00001492,A001354,2026-04-24 11:00:00,2026-05-08 11:00:00,9339.05,KEPT,WhatsApp
PTP00001493,A004005,2026-03-10 15:00:00,2026-03-13 15:00:00,7380.49,BROKEN,AI Voice
PTP00001494,A002881,2025-10-08 14:00:00,2025-10-15 14:00:00,13276.36,KEPT,AI Voice
PTP00001495,A001774,2026-04-21 16:00:00,2026-05-05 16:00:00,6851.92,PENDING,Human
PTP00001496,A001253,2026-04-14 14:00:00,2026-04-17 14:00:00,12592.34,KEPT,AI Voice
PTP00001497,A002214,2025-10-26 08:00:00,2025-11-09 08:00:00,4120.61,BROKEN,Human
PTP00001498,A002751,2026-08-26 17:00:00,2026-09-09 17:00:00,9013.48,KEPT,AI Voice
PTP00001499,A001866,2026-04-14 17:00:00,2026-04-17 17:00:00,8279.8,BROKEN,Human
PTP00001500,A003256,2026-03-04 17:00:00,2026-03-07 17:00:00,7368.38,KEPT,Field
PTP00001501,A004002,2026-05-05 20:00:00,2026-05-06 20:00:00,13723.53,KEPT,Field
PTP00001502,A002967,2026-01-03 12:00:00,2026-01-10 12:00:00,7646.16,KEPT,AI Voice
PTP00001503,A000860,2026-05-02 11:00:00,2026-05-03 11:00:00,11014.74,BROKEN,Human
PTP00001504,A000395,2026-07-26 08:00:00,2026-08-02 08:00:00,4689.0,KEPT,AI Voice
PTP00001505,A000345,2026-05-09 12:00:00,2026-05-23 12:00:00,4645.79,PENDING,WhatsApp
PTP00001506,A003214,2026-08-15 13:00:00,2026-08-22 13:00:00,2400.91,KEPT,Field
PTP00001507,A002046,2025-12-16 13:00:00,2025-12-30 13:00:00,3014.29,KEPT,Human
PTP00001508,A001669,2026-08-24 17:00:00,2026-08-25 17:00:00,2618.21,BROKEN,WhatsApp
PTP00001509,A001185,2026-02-16 09:00:00,2026-03-02 09:00:00,2801.82,KEPT,WhatsApp
PTP00001510,A001442,2026-08-07 19:00:00,2026-08-10 19:00:00,2634.18,KEPT,WhatsApp
PTP00001511,A003316,2026-03-07 18:00:00,2026-03-14 18:00:00,8635.12,PENDING,Field
PTP00001512,A003375,2025-10-27 18:00:00,2025-11-03 18:00:00,7194.92,KEPT,Field
PTP00001513,A001727,2025-09-19 10:00:00,2025-09-26 10:00:00,5044.65,KEPT,Human
PTP00001514,A001618,2025-09-27 17:00:00,2025-10-11 17:00:00,14546.09,BROKEN,AI Voice
PTP00001515,A000438,2025-11-26 10:00:00,2025-12-10 10:00:00,5052.09,KEPT,WhatsApp
PTP00001516,A002334,2025-12-18 14:00:00,2025-12-25 14:00:00,10235.51,PENDING,AI Voice
PTP00001517,A001691,2026-08-22 10:00:00,2026-08-23 10:00:00,8367.23,KEPT,AI Voice
PTP00001518,A003430,2026-01-14 15:00:00,2026-01-17 15:00:00,14737.44,PENDING,Human
PTP00001519,A003999,2026-07-10 14:00:00,2026-07-11 14:00:00,9988.03,BROKEN,AI Voice
PTP00001520,A002911,2026-01-17 13:00:00,2026-01-31 13:00:00,4355.93,BROKEN,Field
PTP00001521,A000834,2026-07-20 20:00:00,2026-08-03 20:00:00,11226.74,BROKEN,Human
PTP00001522,A003248,2026-08-11 11:00:00,2026-08-25 11:00:00,10213.79,KEPT,Human
PTP00001523,A002492,2026-04-05 12:00:00,2026-04-19 12:00:00,4457.99,KEPT,AI Voice
PTP00001524,A000787,2025-09-24 17:00:00,2025-10-08 17:00:00,5375.9,KEPT,AI Voice
PTP00001525,A003003,2026-07-21 18:00:00,2026-07-28 18:00:00,3846.03,KEPT,Field
PTP00001526,A002676,2026-07-19 12:00:00,2026-07-26 12:00:00,6108.64,KEPT,Human
PTP00001527,A002786,2025-09-24 17:00:00,2025-10-01 17:00:00,4151.14,KEPT,AI Voice
PTP00001528,A002851,2026-05-06 08:00:00,2026-05-13 08:00:00,14815.75,BROKEN,AI Voice
PTP00001529,A003692,2026-04-27 08:00:00,2026-05-11 08:00:00,10601.4,KEPT,Human
PTP00001530,A003459,2025-09-08 10:00:00,2025-09-09 10:00:00,3582.54,KEPT,Field
PTP00001531,A003912,2025-09-19 08:00:00,2025-09-22 08:00:00,4842.05,KEPT,Field
PTP00001532,A002887,2026-08-11 19:00:00,2026-08-18 19:00:00,13063.35,KEPT,Human
PTP00001533,A000122,2026-02-16 11:00:00,2026-02-19 11:00:00,7642.96,BROKEN,Field
PTP00001534,A001483,2025-12-22 08:00:00,2026-01-05 08:00:00,4034.19,BROKEN,AI Voice
PTP00001535,A002660,2026-01-06 18:00:00,2026-01-07 18:00:00,13224.95,KEPT,AI Voice
PTP00001536,A001446,2026-03-24 15:00:00,2026-03-25 15:00:00,8300.76,KEPT,Field
PTP00001537,A003799,2026-07-26 11:00:00,2026-07-29 11:00:00,12495.15,BROKEN,Field
PTP00001538,A003157,2026-02-01 20:00:00,2026-02-02 20:00:00,10701.07,BROKEN,WhatsApp
PTP00001539,A001258,2025-09-04 08:00:00,2025-09-11 08:00:00,10064.37,PENDING,Human
PTP00001540,A002087,2025-11-24 16:00:00,2025-11-25 16:00:00,10816.93,KEPT,WhatsApp
PTP00001541,A001113,2025-10-17 14:00:00,2025-10-20 14:00:00,14611.31,PENDING,WhatsApp
PTP00001542,A000879,2026-08-08 20:00:00,2026-08-15 20:00:00,11541.36,KEPT,WhatsApp
PTP00001543,A003181,2025-11-09 15:00:00,2025-11-16 15:00:00,4929.26,KEPT,AI Voice
PTP00001544,A003021,2026-01-18 19:00:00,2026-02-01 19:00:00,5124.43,PENDING,Human
PTP00001545,A001837,2026-07-26 08:00:00,2026-08-02 08:00:00,11037.35,KEPT,Human
PTP00001546,A002060,2026-05-21 10:00:00,2026-05-28 10:00:00,12717.17,BROKEN,Field
PTP00001547,A000707,2026-01-25 12:00:00,2026-01-28 12:00:00,5648.29,KEPT,WhatsApp
PTP00001548,A000191,2025-12-26 10:00:00,2025-12-29 10:00:00,10948.22,KEPT,Field
PTP00001549,A000520,2026-04-23 09:00:00,2026-04-24 09:00:00,12554.22,KEPT,Human
PTP00001550,A001723,2025-10-06 16:00:00,2025-10-07 16:00:00,10535.72,KEPT,WhatsApp
PTP00001551,A000206,2026-06-17 18:00:00,2026-06-18 18:00:00,14748.15,KEPT,Human
PTP00001552,A001703,2026-05-17 12:00:00,2026-05-20 12:00:00,6459.42,KEPT,WhatsApp
PTP00001553,A001861,2025-10-26 08:00:00,2025-10-27 08:00:00,5090.17,KEPT,AI Voice
PTP00001554,A000713,2026-08-12 13:00:00,2026-08-26 13:00:00,5886.88,PENDING,Human
PTP00001555,A003683,2026-08-24 14:00:00,2026-09-07 14:00:00,10404.27,PENDING,Field
PTP00001556,A003392,2025-09-27 11:00:00,2025-09-30 11:00:00,10962.19,BROKEN,AI Voice
PTP00001557,A003770,2025-12-27 15:00:00,2026-01-10 15:00:00,5522.78,BROKEN,Field
PTP00001558,A002557,2025-10-23 13:00:00,2025-10-26 13:00:00,9893.12,KEPT,Human
PTP00001559,A000122,2026-08-25 19:00:00,2026-09-01 19:00:00,4626.22,KEPT,Field
PTP00001560,A001430,2025-11-10 18:00:00,2025-11-13 18:00:00,6107.22,KEPT,AI Voice
PTP00001561,A000834,2025-11-20 13:00:00,2025-12-04 13:00:00,7803.07,BROKEN,Field
PTP00001562,A002631,2025-10-10 15:00:00,2025-10-17 15:00:00,14832.67,KEPT,AI Voice
PTP00001563,A003143,2026-01-06 11:00:00,2026-01-09 11:00:00,6636.67,KEPT,WhatsApp
PTP00001564,A000888,2026-08-15 10:00:00,2026-08-22 10:00:00,8836.04,KEPT,Human
PTP00001565,A001189,2025-12-07 13:00:00,2025-12-10 13:00:00,10801.79,KEPT,AI Voice
PTP00001566,A003648,2025-10-13 11:00:00,2025-10-20 11:00:00,6663.13,PENDING,AI Voice
PTP00001567,A001349,2026-01-23 12:00:00,2026-01-24 12:00:00,4615.3,BROKEN,AI Voice
PTP00001568,A002121,2025-11-16 17:00:00,2025-11-19 17:00:00,4827.65,BROKEN,Human
PTP00001569,A000944,2026-02-01 16:00:00,2026-02-15 16:00:00,5070.94,KEPT,Field
PTP00001570,A004020,2026-05-26 20:00:00,2026-06-09 20:00:00,5422.49,BROKEN,WhatsApp
PTP00001571,A003629,2025-10-27 08:00:00,2025-11-03 08:00:00,12648.77,BROKEN,Field
PTP00001572,A000702,2026-01-20 16:00:00,2026-01-27 16:00:00,11627.81,KEPT,Human
PTP00001573,A001325,2026-07-11 09:00:00,2026-07-14 09:00:00,9471.54,PENDING,Human
PTP00001574,A001188,2026-07-11 12:00:00,2026-07-18 12:00:00,4166.14,PENDING,Human
PTP00001575,A003681,2025-09-26 11:00:00,2025-10-03 11:00:00,13485.85,KEPT,Human
PTP00001576,A003539,2025-11-04 20:00:00,2025-11-05 20:00:00,4428.16,BROKEN,AI Voice
PTP00001577,A002884,2026-03-01 10:00:00,2026-03-02 10:00:00,2601.88,KEPT,WhatsApp
PTP00001578,A003758,2025-09-07 15:00:00,2025-09-08 15:00:00,10266.6,KEPT,AI Voice
PTP00001579,A002991,2026-07-14 17:00:00,2026-07-17 17:00:00,12751.28,KEPT,AI Voice
PTP00001580,A003714,2025-09-26 08:00:00,2025-10-03 08:00:00,11619.41,KEPT,WhatsApp
PTP00001581,A002620,2025-09-03 20:00:00,2025-09-10 20:00:00,4629.12,PENDING,Human
PTP00001582,A000415,2026-02-03 12:00:00,2026-02-10 12:00:00,10861.53,KEPT,Field
PTP00001583,A003227,2025-11-10 11:00:00,2025-11-13 11:00:00,12815.74,KEPT,AI Voice
PTP00001584,A002407,2026-06-26 20:00:00,2026-06-29 20:00:00,4100.3,PENDING,Human
PTP00001585,A000148,2026-04-01 10:00:00,2026-04-15 10:00:00,9374.2,PENDING,WhatsApp
PTP00001586,A001644,2025-09-10 19:00:00,2025-09-11 19:00:00,9400.95,BROKEN,Human
PTP00001587,A002194,2025-10-04 09:00:00,2025-10-11 09:00:00,9286.54,KEPT,AI Voice
PTP00001588,A002315,2026-06-05 20:00:00,2026-06-06 20:00:00,3483.79,BROKEN,AI Voice
PTP00001589,A003723,2025-09-23 19:00:00,2025-10-07 19:00:00,5366.32,KEPT,AI Voice
PTP00001590,A003459,2026-08-10 14:00:00,2026-08-11 14:00:00,3232.41,BROKEN,Field
PTP00001591,A000813,2025-09-06 09:00:00,2025-09-13 09:00:00,4183.41,PENDING,Field
PTP00001592,A000763,2025-09-25 13:00:00,2025-10-09 13:00:00,14734.71,KEPT,Human
PTP00001593,A000126,2025-11-17 14:00:00,2025-11-18 14:00:00,2611.9,PENDING,WhatsApp
PTP00001594,A001856,2026-06-25 09:00:00,2026-06-28 09:00:00,6752.64,KEPT,WhatsApp
PTP00001595,A003756,2026-02-04 20:00:00,2026-02-11 20:00:00,3827.35,KEPT,WhatsApp
PTP00001596,A004083,2026-04-14 09:00:00,2026-04-28 09:00:00,9999.29,KEPT,WhatsApp
PTP00001597,A002095,2026-05-11 10:00:00,2026-05-14 10:00:00,13333.98,PENDING,AI Voice
PTP00001598,A001505,2025-10-09 10:00:00,2025-10-10 10:00:00,8660.83,BROKEN,Field
PTP00001599,A002787,2026-07-05 08:00:00,2026-07-08 08:00:00,3131.98,BROKEN,Human
PTP00001600,A001663,2026-01-21 08:00:00,2026-02-04 08:00:00,3158.46,KEPT,AI Voice
PTP00001601,A002562,2026-04-01 08:00:00,2026-04-04 08:00:00,12054.78,KEPT,Human
PTP00001602,A003436,2025-10-07 14:00:00,2025-10-14 14:00:00,10882.8,KEPT,Field
PTP00001603,A002150,2025-11-04 09:00:00,2025-11-18 09:00:00,3684.15,BROKEN,AI Voice
PTP00001604,A001058,2026-07-25 14:00:00,2026-08-01 14:00:00,2967.77,KEPT,WhatsApp
PTP00001605,A004064,2026-07-21 18:00:00,2026-08-04 18:00:00,11059.4,BROKEN,Field
PTP00001606,A002173,2026-03-17 09:00:00,2026-03-31 09:00:00,2186.72,PENDING,Human
PTP00001607,A000072,2026-01-20 20:00:00,2026-01-23 20:00:00,11629.18,KEPT,AI Voice
PTP00001608,A001045,2026-05-16 09:00:00,2026-05-30 09:00:00,11973.29,KEPT,Field
PTP00001609,A002793,2026-04-17 15:00:00,2026-04-24 15:00:00,8501.43,PENDING,AI Voice
PTP00001610,A003858,2026-03-09 08:00:00,2026-03-16 08:00:00,12022.46,KEPT,Human
PTP00001611,A001330,2025-09-01 08:00:00,2025-09-02 08:00:00,5693.6,BROKEN,WhatsApp
PTP00001612,A003075,2026-07-16 19:00:00,2026-07-17 19:00:00,14533.34,PENDING,Field
PTP00001613,A002835,2025-09-12 16:00:00,2025-09-15 16:00:00,7438.76,BROKEN,WhatsApp
PTP00001614,A001037,2025-12-27 11:00:00,2025-12-30 11:00:00,7170.31,KEPT,Field
PTP00001615,A003759,2025-09-20 10:00:00,2025-09-27 10:00:00,13446.41,PENDING,Human
PTP00001616,A001776,2026-04-27 20:00:00,2026-05-11 20:00:00,2129.58,KEPT,WhatsApp
PTP00001617,A002333,2025-09-24 12:00:00,2025-09-25 12:00:00,12976.16,PENDING,Field
PTP00001618,A001356,2026-08-21 08:00:00,2026-09-04 08:00:00,10020.89,KEPT,WhatsApp
PTP00001619,A001282,2025-11-15 20:00:00,2025-11-18 20:00:00,12833.6,KEPT,WhatsApp
PTP00001620,A000523,2026-08-05 16:00:00,2026-08-12 16:00:00,6726.8,KEPT,Field
PTP00001621,A002176,2025-09-09 18:00:00,2025-09-16 18:00:00,9849.78,KEPT,AI Voice
PTP00001622,A002455,2026-06-21 09:00:00,2026-07-05 09:00:00,6505.0,KEPT,WhatsApp
PTP00001623,A002336,2026-06-18 17:00:00,2026-06-19 17:00:00,2938.79,BROKEN,AI Voice
PTP00001624,A000459,2026-05-15 09:00:00,2026-05-18 09:00:00,6899.77,KEPT,WhatsApp
PTP00001625,A003348,2026-02-11 10:00:00,2026-02-14 10:00:00,4450.0,PENDING,WhatsApp
PTP00001626,A000961,2025-10-01 16:00:00,2025-10-08 16:00:00,2902.6,BROKEN,AI Voice
PTP00001627,A003401,2026-03-05 20:00:00,2026-03-08 20:00:00,12564.41,BROKEN,Human
PTP00001628,A003599,2025-10-09 13:00:00,2025-10-10 13:00:00,8965.05,PENDING,AI Voice
PTP00001629,A004171,2026-03-25 10:00:00,2026-04-08 10:00:00,5576.96,KEPT,AI Voice
PTP00001630,A001528,2026-06-23 09:00:00,2026-06-30 09:00:00,7552.18,BROKEN,Field
PTP00001631,A001190,2026-07-15 14:00:00,2026-07-29 14:00:00,8878.53,BROKEN,Field
PTP00001632,A000170,2026-04-22 16:00:00,2026-04-23 16:00:00,9967.41,KEPT,Human
PTP00001633,A000697,2026-02-10 13:00:00,2026-02-24 13:00:00,9991.73,PENDING,Human
PTP00001634,A002359,2026-03-22 14:00:00,2026-03-23 14:00:00,6030.72,KEPT,AI Voice
PTP00001635,A000011,2026-08-12 17:00:00,2026-08-13 17:00:00,12938.42,KEPT,Human
PTP00001636,A003471,2025-12-21 15:00:00,2025-12-28 15:00:00,2280.53,KEPT,Field
PTP00001637,A001242,2026-08-10 10:00:00,2026-08-13 10:00:00,5903.54,KEPT,WhatsApp
PTP00001638,A000884,2026-06-10 20:00:00,2026-06-11 20:00:00,8838.63,KEPT,Human
PTP00001639,A000907,2025-11-02 13:00:00,2025-11-05 13:00:00,6335.16,KEPT,AI Voice
PTP00001640,A003342,2026-07-09 14:00:00,2026-07-23 14:00:00,6955.81,KEPT,Field
PTP00001641,A001804,2026-03-04 12:00:00,2026-03-11 12:00:00,4336.08,KEPT,Field
PTP00001642,A000262,2026-01-13 15:00:00,2026-01-16 15:00:00,11553.03,BROKEN,Field
PTP00001643,A000733,2026-08-24 11:00:00,2026-09-07 11:00:00,8016.78,KEPT,Field
PTP00001644,A002824,2026-03-19 18:00:00,2026-03-22 18:00:00,6230.06,BROKEN,Human
PTP00001645,A002651,2026-02-19 20:00:00,2026-02-22 20:00:00,7900.42,BROKEN,Human
PTP00001646,A000296,2025-11-11 15:00:00,2025-11-25 15:00:00,4066.35,KEPT,AI Voice
PTP00001647,A001932,2026-02-16 15:00:00,2026-03-02 15:00:00,11815.8,KEPT,Human
PTP00001648,A000086,2026-01-03 13:00:00,2026-01-04 13:00:00,2612.64,BROKEN,Human
PTP00001649,A001511,2026-01-22 17:00:00,2026-01-29 17:00:00,11863.65,KEPT,WhatsApp
PTP00001650,A003505,2026-07-02 20:00:00,2026-07-03 20:00:00,3600.55,PENDING,AI Voice
PTP00001651,A003382,2025-12-09 14:00:00,2025-12-16 14:00:00,14704.53,KEPT,Human
PTP00001652,A003125,2025-11-10 20:00:00,2025-11-17 20:00:00,3826.43,KEPT,Human
PTP00001653,A002798,2025-12-21 20:00:00,2026-01-04 20:00:00,7423.32,BROKEN,Field
PTP00001654,A000138,2026-08-12 14:00:00,2026-08-26 14:00:00,11533.92,BROKEN,WhatsApp
PTP00001655,A001403,2026-06-06 14:00:00,2026-06-13 14:00:00,9209.99,PENDING,Human
PTP00001656,A003361,2025-09-12 08:00:00,2025-09-13 08:00:00,3221.56,BROKEN,Field
PTP00001657,A002257,2026-07-10 15:00:00,2026-07-17 15:00:00,12398.29,KEPT,Field
PTP00001658,A004008,2026-01-02 18:00:00,2026-01-03 18:00:00,5729.08,PENDING,Human
PTP00001659,A003983,2025-11-12 16:00:00,2025-11-26 16:00:00,11665.61,KEPT,WhatsApp
PTP00001660,A004017,2026-01-24 09:00:00,2026-01-25 09:00:00,14727.38,PENDING,AI Voice
PTP00001661,A002386,2026-07-08 17:00:00,2026-07-11 17:00:00,8209.58,BROKEN,Human
PTP00001662,A000705,2026-08-12 09:00:00,2026-08-15 09:00:00,7485.69,BROKEN,Field
PTP00001663,A001748,2026-05-10 18:00:00,2026-05-11 18:00:00,6259.53,BROKEN,Field
PTP00001664,A000911,2026-02-22 18:00:00,2026-02-23 18:00:00,3892.76,BROKEN,WhatsApp
PTP00001665,A000594,2026-04-25 20:00:00,2026-04-28 20:00:00,8700.86,KEPT,WhatsApp
PTP00001666,A004041,2026-03-04 10:00:00,2026-03-07 10:00:00,4449.84,PENDING,Field
PTP00001667,A001127,2026-08-07 08:00:00,2026-08-21 08:00:00,11778.46,KEPT,Field
PTP00001668,A002485,2026-03-17 15:00:00,2026-03-18 15:00:00,14232.0,PENDING,WhatsApp
PTP00001669,A002568,2026-02-02 16:00:00,2026-02-05 16:00:00,10671.6,KEPT,AI Voice
PTP00001670,A002643,2025-10-27 08:00:00,2025-10-28 08:00:00,5308.93,KEPT,WhatsApp
PTP00001671,A004131,2026-02-23 20:00:00,2026-02-24 20:00:00,9568.7,PENDING,Field
PTP00001672,A002329,2026-04-03 13:00:00,2026-04-17 13:00:00,13615.47,KEPT,Field
PTP00001673,A002197,2026-04-07 17:00:00,2026-04-08 17:00:00,11170.02,BROKEN,Human
PTP00001674,A001764,2026-06-10 12:00:00,2026-06-13 12:00:00,7752.51,KEPT,Field
PTP00001675,A001062,2026-08-26 10:00:00,2026-09-02 10:00:00,9778.66,PENDING,Field
PTP00001676,A001735,2026-06-02 17:00:00,2026-06-05 17:00:00,10610.42,BROKEN,Field
PTP00001677,A001257,2025-09-17 08:00:00,2025-09-20 08:00:00,5632.93,KEPT,WhatsApp
PTP00001678,A001514,2026-02-20 10:00:00,2026-02-27 10:00:00,10421.02,KEPT,AI Voice
PTP00001679,A003027,2026-07-26 09:00:00,2026-08-02 09:00:00,3673.44,PENDING,WhatsApp
PTP00001680,A003538,2026-02-23 15:00:00,2026-03-02 15:00:00,10605.28,BROKEN,Field
PTP00001681,A003129,2025-10-04 16:00:00,2025-10-07 16:00:00,6575.53,KEPT,AI Voice
PTP00001682,A002680,2025-12-01 12:00:00,2025-12-02 12:00:00,4094.36,BROKEN,Field
PTP00001683,A002486,2026-02-05 20:00:00,2026-02-08 20:00:00,12841.24,KEPT,Human
PTP00001684,A001281,2026-07-05 16:00:00,2026-07-06 16:00:00,13478.44,KEPT,Human
PTP00001685,A000173,2025-09-25 15:00:00,2025-10-02 15:00:00,4532.6,KEPT,Human
PTP00001686,A001501,2026-08-06 13:00:00,2026-08-20 13:00:00,11803.82,PENDING,Human
PTP00001687,A001114,2026-01-26 18:00:00,2026-02-02 18:00:00,3409.64,KEPT,Human
PTP00001688,A000384,2026-01-14 14:00:00,2026-01-21 14:00:00,3404.25,KEPT,WhatsApp
PTP00001689,A000052,2026-06-16 13:00:00,2026-06-17 13:00:00,11325.91,KEPT,Field
PTP00001690,A003732,2026-01-18 13:00:00,2026-01-21 13:00:00,3128.1,PENDING,Field
PTP00001691,A003485,2026-03-15 20:00:00,2026-03-29 20:00:00,13719.74,BROKEN,Field
PTP00001692,A002697,2026-07-14 20:00:00,2026-07-28 20:00:00,2926.2,BROKEN,WhatsApp
PTP00001693,A001721,2026-01-23 08:00:00,2026-02-06 08:00:00,3633.71,PENDING,AI Voice
PTP00001694,A002719,2025-11-11 14:00:00,2025-11-18 14:00:00,11445.6,BROKEN,Field
PTP00001695,A003695,2026-04-14 16:00:00,2026-04-17 16:00:00,2520.32,BROKEN,WhatsApp
PTP00001696,A003777,2026-02-26 12:00:00,2026-03-12 12:00:00,6550.59,PENDING,Human
PTP00001697,A002251,2025-10-05 11:00:00,2025-10-12 11:00:00,10621.45,KEPT,WhatsApp
PTP00001698,A000644,2025-10-16 08:00:00,2025-10-30 08:00:00,5191.83,KEPT,Field
PTP00001699,A002861,2026-03-02 11:00:00,2026-03-09 11:00:00,9484.59,BROKEN,Field
PTP00001700,A002847,2026-05-27 09:00:00,2026-06-10 09:00:00,2222.0,PENDING,Human
PTP00001701,A004192,2025-10-11 17:00:00,2025-10-18 17:00:00,8564.05,BROKEN,WhatsApp
PTP00001702,A002697,2025-11-04 11:00:00,2025-11-18 11:00:00,9317.52,PENDING,Human
PTP00001703,A002669,2026-07-05 18:00:00,2026-07-08 18:00:00,4711.68,KEPT,Human
PTP00001704,A000223,2025-12-07 10:00:00,2025-12-10 10:00:00,4583.86,BROKEN,Human
PTP00001705,A001370,2026-03-25 18:00:00,2026-03-26 18:00:00,7497.3,PENDING,AI Voice
PTP00001706,A000989,2026-03-06 09:00:00,2026-03-09 09:00:00,7031.19,BROKEN,WhatsApp
PTP00001707,A001075,2026-01-01 12:00:00,2026-01-02 12:00:00,6031.4,BROKEN,AI Voice
PTP00001708,A002487,2026-07-24 17:00:00,2026-07-25 17:00:00,10857.36,PENDING,Human
PTP00001709,A002940,2026-02-07 20:00:00,2026-02-14 20:00:00,2691.63,KEPT,Human
PTP00001710,A003077,2026-05-16 17:00:00,2026-05-17 17:00:00,2968.0,KEPT,WhatsApp
PTP00001711,A003550,2026-03-24 16:00:00,2026-04-07 16:00:00,8949.16,BROKEN,AI Voice
PTP00001712,A000399,2026-04-26 15:00:00,2026-04-27 15:00:00,2753.05,KEPT,Human
PTP00001713,A003228,2026-05-22 20:00:00,2026-05-25 20:00:00,4105.36,KEPT,Field
PTP00001714,A000679,2026-02-24 10:00:00,2026-03-03 10:00:00,3949.9,PENDING,WhatsApp
PTP00001715,A003632,2025-10-15 12:00:00,2025-10-29 12:00:00,2402.64,KEPT,AI Voice
PTP00001716,A001148,2026-07-15 20:00:00,2026-07-22 20:00:00,10846.13,KEPT,AI Voice
PTP00001717,A001776,2025-11-14 14:00:00,2025-11-15 14:00:00,2370.49,KEPT,WhatsApp
PTP00001718,A004130,2026-02-19 14:00:00,2026-02-22 14:00:00,9801.34,PENDING,Human
PTP00001719,A001830,2026-04-13 17:00:00,2026-04-14 17:00:00,11637.24,BROKEN,AI Voice
PTP00001720,A002731,2026-05-02 16:00:00,2026-05-16 16:00:00,13446.41,KEPT,Field
PTP00001721,A001727,2026-01-19 09:00:00,2026-02-02 09:00:00,3350.77,KEPT,AI Voice
PTP00001722,A004069,2026-07-27 14:00:00,2026-08-10 14:00:00,2356.56,KEPT,AI Voice
PTP00001723,A001118,2026-04-03 16:00:00,2026-04-17 16:00:00,11242.21,KEPT,Field
PTP00001724,A003879,2026-05-14 13:00:00,2026-05-28 13:00:00,10182.65,BROKEN,AI Voice
PTP00001725,A003343,2025-11-04 15:00:00,2025-11-05 15:00:00,6231.62,BROKEN,AI Voice
PTP00001726,A003813,2026-07-03 17:00:00,2026-07-04 17:00:00,7593.53,BROKEN,WhatsApp
PTP00001727,A002424,2026-03-01 18:00:00,2026-03-04 18:00:00,10928.25,BROKEN,AI Voice
PTP00001728,A000508,2026-01-01 08:00:00,2026-01-08 08:00:00,3061.99,PENDING,Human
PTP00001729,A003216,2026-08-03 19:00:00,2026-08-10 19:00:00,7415.49,KEPT,Field
PTP00001730,A002308,2026-03-22 12:00:00,2026-03-25 12:00:00,7563.43,KEPT,Human
PTP00001731,A002324,2025-12-05 16:00:00,2025-12-08 16:00:00,12468.51,BROKEN,AI Voice
PTP00001732,A001931,2025-09-25 13:00:00,2025-10-02 13:00:00,10267.3,KEPT,AI Voice
PTP00001733,A000196,2025-09-01 13:00:00,2025-09-02 13:00:00,8793.8,PENDING,Human
PTP00001734,A001129,2026-03-02 16:00:00,2026-03-05 16:00:00,4905.59,KEPT,WhatsApp
PTP00001735,A003881,2025-11-08 20:00:00,2025-11-15 20:00:00,2682.67,KEPT,AI Voice
PTP00001736,A002776,2026-07-20 12:00:00,2026-07-27 12:00:00,7116.54,KEPT,Human
PTP00001737,A003613,2025-12-15 15:00:00,2025-12-16 15:00:00,2299.03,BROKEN,WhatsApp
PTP00001738,A000310,2026-01-12 15:00:00,2026-01-19 15:00:00,4301.74,KEPT,Field
PTP00001739,A002299,2025-09-02 17:00:00,2025-09-16 17:00:00,12090.47,BROKEN,AI Voice
PTP00001740,A003857,2026-06-03 18:00:00,2026-06-06 18:00:00,10965.29,KEPT,Human
PTP00001741,A002767,2026-08-01 11:00:00,2026-08-15 11:00:00,2013.27,BROKEN,WhatsApp
PTP00001742,A002334,2026-08-14 15:00:00,2026-08-15 15:00:00,8195.98,BROKEN,Field
PTP00001743,A000785,2026-04-07 18:00:00,2026-04-14 18:00:00,9755.18,KEPT,AI Voice
PTP00001744,A001257,2025-11-14 19:00:00,2025-11-15 19:00:00,11714.28,BROKEN,Field
PTP00001745,A001129,2025-10-15 09:00:00,2025-10-16 09:00:00,8204.19,BROKEN,WhatsApp
PTP00001746,A003409,2026-08-23 12:00:00,2026-08-24 12:00:00,5793.79,KEPT,Human
PTP00001747,A003897,2026-06-18 13:00:00,2026-06-19 13:00:00,4007.64,KEPT,AI Voice
PTP00001748,A002693,2026-05-22 09:00:00,2026-05-29 09:00:00,14173.4,BROKEN,WhatsApp
PTP00001749,A002263,2026-04-09 15:00:00,2026-04-12 15:00:00,14078.02,BROKEN,Human
PTP00001750,A002356,2025-10-07 15:00:00,2025-10-10 15:00:00,14382.1,KEPT,WhatsApp
PTP00001751,A003205,2026-05-15 19:00:00,2026-05-22 19:00:00,7639.07,KEPT,AI Voice
PTP00001752,A000723,2026-05-17 10:00:00,2026-05-24 10:00:00,10217.63,BROKEN,WhatsApp
PTP00001753,A001560,2026-01-26 09:00:00,2026-02-02 09:00:00,12208.89,PENDING,Human
PTP00001754,A003103,2026-07-05 16:00:00,2026-07-08 16:00:00,2450.25,KEPT,AI Voice
PTP00001755,A002721,2026-08-03 15:00:00,2026-08-17 15:00:00,13689.58,BROKEN,AI Voice
PTP00001756,A003737,2025-10-04 20:00:00,2025-10-07 20:00:00,14205.49,BROKEN,Human
PTP00001757,A002729,2025-09-26 20:00:00,2025-09-29 20:00:00,5095.9,BROKEN,WhatsApp
PTP00001758,A000746,2026-03-18 19:00:00,2026-04-01 19:00:00,3051.2,KEPT,Field
PTP00001759,A001455,2026-01-21 12:00:00,2026-01-28 12:00:00,3175.53,KEPT,WhatsApp
PTP00001760,A000333,2025-09-08 11:00:00,2025-09-15 11:00:00,4133.19,KEPT,Field
PTP00001761,A002008,2026-07-19 18:00:00,2026-08-02 18:00:00,4961.14,KEPT,Human
PTP00001762,A000483,2026-03-12 20:00:00,2026-03-26 20:00:00,11016.7,BROKEN,Human
PTP00001763,A003127,2026-02-26 16:00:00,2026-03-05 16:00:00,2986.82,KEPT,Human
PTP00001764,A000080,2025-09-03 09:00:00,2025-09-06 09:00:00,11028.69,KEPT,AI Voice
PTP00001765,A003731,2026-03-06 18:00:00,2026-03-20 18:00:00,12316.33,KEPT,Field
PTP00001766,A003712,2026-08-02 19:00:00,2026-08-03 19:00:00,11555.28,KEPT,Field
PTP00001767,A000533,2026-02-26 10:00:00,2026-03-01 10:00:00,12106.59,BROKEN,Field
PTP00001768,A000965,2026-02-12 14:00:00,2026-02-19 14:00:00,8679.75,BROKEN,Field
PTP00001769,A002751,2025-11-25 16:00:00,2025-11-26 16:00:00,13334.05,PENDING,Field
PTP00001770,A003226,2025-12-11 19:00:00,2025-12-14 19:00:00,8940.38,KEPT,WhatsApp
PTP00001771,A001881,2026-08-08 16:00:00,2026-08-22 16:00:00,11348.01,PENDING,Human
PTP00001772,A000662,2025-09-20 10:00:00,2025-10-04 10:00:00,7632.12,KEPT,Field
PTP00001773,A002790,2026-05-22 10:00:00,2026-05-25 10:00:00,9172.35,BROKEN,WhatsApp
PTP00001774,A000132,2025-09-04 10:00:00,2025-09-11 10:00:00,11479.56,KEPT,AI Voice
PTP00001775,A000353,2026-01-23 09:00:00,2026-02-06 09:00:00,12284.02,KEPT,AI Voice
PTP00001776,A002800,2026-01-17 13:00:00,2026-01-31 13:00:00,2488.12,PENDING,Field
PTP00001777,A001096,2026-07-27 20:00:00,2026-07-28 20:00:00,14213.17,BROKEN,AI Voice
PTP00001778,A002059,2025-12-11 08:00:00,2025-12-14 08:00:00,2662.4,BROKEN,WhatsApp
PTP00001779,A003751,2026-07-12 13:00:00,2026-07-13 13:00:00,2477.71,BROKEN,Human
PTP00001780,A002358,2026-05-07 20:00:00,2026-05-21 20:00:00,6521.38,KEPT,Human
PTP00001781,A004035,2025-12-21 18:00:00,2025-12-24 18:00:00,11382.46,BROKEN,Human
PTP00001782,A001443,2026-06-27 19:00:00,2026-06-30 19:00:00,10979.93,KEPT,AI Voice
PTP00001783,A003239,2025-09-08 20:00:00,2025-09-09 20:00:00,5835.06,KEPT,WhatsApp
PTP00001784,A000671,2026-05-17 14:00:00,2026-05-20 14:00:00,6401.68,BROKEN,Field
PTP00001785,A003353,2026-03-08 18:00:00,2026-03-11 18:00:00,6968.33,BROKEN,Field
PTP00001786,A004036,2025-12-27 17:00:00,2025-12-28 17:00:00,3388.34,KEPT,Human
PTP00001787,A002649,2026-08-12 17:00:00,2026-08-26 17:00:00,7956.4,KEPT,WhatsApp
PTP00001788,A001756,2026-06-14 15:00:00,2026-06-21 15:00:00,12507.44,BROKEN,AI Voice
PTP00001789,A001848,2026-08-21 12:00:00,2026-08-28 12:00:00,9096.92,KEPT,Field
PTP00001790,A000895,2026-04-27 16:00:00,2026-05-04 16:00:00,9424.16,KEPT,AI Voice
PTP00001791,A004148,2026-06-17 14:00:00,2026-06-20 14:00:00,4936.69,BROKEN,Human
PTP00001792,A003594,2025-12-11 20:00:00,2025-12-14 20:00:00,3131.09,KEPT,WhatsApp
PTP00001793,A002124,2025-11-15 14:00:00,2025-11-18 14:00:00,6612.32,BROKEN,Field
PTP00001794,A002197,2025-10-11 16:00:00,2025-10-14 16:00:00,7333.18,BROKEN,WhatsApp
PTP00001795,A004017,2025-09-20 19:00:00,2025-09-27 19:00:00,7745.51,PENDING,WhatsApp
PTP00001796,A001247,2026-02-15 18:00:00,2026-02-16 18:00:00,10137.18,PENDING,WhatsApp
PTP00001797,A003306,2026-02-16 08:00:00,2026-02-17 08:00:00,8616.33,BROKEN,AI Voice
PTP00001798,A000379,2026-01-12 09:00:00,2026-01-13 09:00:00,3528.51,KEPT,WhatsApp
PTP00001799,A004048,2026-06-24 15:00:00,2026-07-08 15:00:00,13461.28,BROKEN,Human
PTP00001800,A003334,2026-01-14 17:00:00,2026-01-17 17:00:00,9262.16,BROKEN,WhatsApp
PTP00001801,A004089,2026-03-07 12:00:00,2026-03-08 12:00:00,8230.47,KEPT,AI Voice
PTP00001802,A000787,2025-10-27 12:00:00,2025-10-28 12:00:00,2023.27,KEPT,WhatsApp
PTP00001803,A002308,2026-05-12 16:00:00,2026-05-26 16:00:00,13744.55,PENDING,AI Voice
PTP00001804,A000615,2026-05-08 17:00:00,2026-05-15 17:00:00,6635.28,PENDING,Human
PTP00001805,A003811,2025-10-21 14:00:00,2025-10-28 14:00:00,11221.22,KEPT,AI Voice
PTP00001806,A001110,2026-06-07 09:00:00,2026-06-10 09:00:00,3447.05,BROKEN,WhatsApp
PTP00001807,A002531,2026-07-15 14:00:00,2026-07-16 14:00:00,7381.51,BROKEN,Human
PTP00001808,A000443,2026-02-06 14:00:00,2026-02-07 14:00:00,9913.94,BROKEN,Human
PTP00001809,A001124,2025-09-01 18:00:00,2025-09-04 18:00:00,5830.19,BROKEN,WhatsApp
PTP00001810,A003140,2025-11-01 09:00:00,2025-11-08 09:00:00,12404.1,KEPT,Field
PTP00001811,A002303,2026-08-20 13:00:00,2026-08-21 13:00:00,10639.69,KEPT,Human
PTP00001812,A004091,2026-06-21 09:00:00,2026-06-22 09:00:00,7411.22,BROKEN,Field
PTP00001813,A003094,2026-02-12 08:00:00,2026-02-13 08:00:00,7958.98,KEPT,Field
PTP00001814,A003059,2026-07-04 12:00:00,2026-07-11 12:00:00,2690.31,BROKEN,Human
PTP00001815,A001687,2026-02-07 09:00:00,2026-02-21 09:00:00,2776.85,BROKEN,WhatsApp
PTP00001816,A001402,2026-02-19 09:00:00,2026-02-20 09:00:00,8704.6,BROKEN,Human
PTP00001817,A001819,2025-09-15 10:00:00,2025-09-29 10:00:00,12395.13,PENDING,WhatsApp
PTP00001818,A000465,2025-09-26 20:00:00,2025-10-10 20:00:00,4231.59,BROKEN,Field
PTP00001819,A004084,2025-12-27 14:00:00,2025-12-30 14:00:00,9730.32,PENDING,WhatsApp
PTP00001820,A000820,2026-02-11 17:00:00,2026-02-14 17:00:00,13140.49,BROKEN,Human
PTP00001821,A000912,2026-02-06 12:00:00,2026-02-13 12:00:00,6930.4,KEPT,Human
PTP00001822,A003984,2026-03-26 14:00:00,2026-03-27 14:00:00,9833.09,BROKEN,Field
PTP00001823,A000256,2025-11-26 18:00:00,2025-12-03 18:00:00,5084.9,KEPT,WhatsApp
PTP00001824,A000474,2025-10-19 18:00:00,2025-10-22 18:00:00,7026.39,BROKEN,Human
PTP00001825,A003565,2026-07-25 10:00:00,2026-08-08 10:00:00,8263.54,PENDING,WhatsApp
PTP00001826,A000694,2026-03-02 12:00:00,2026-03-05 12:00:00,8814.46,BROKEN,Human
PTP00001827,A001568,2026-01-13 18:00:00,2026-01-27 18:00:00,5053.28,KEPT,WhatsApp
PTP00001828,A001298,2026-01-18 17:00:00,2026-01-21 17:00:00,12211.77,PENDING,AI Voice
PTP00001829,A000703,2026-06-24 09:00:00,2026-06-27 09:00:00,4724.21,KEPT,Human
PTP00001830,A001845,2025-11-24 14:00:00,2025-12-08 14:00:00,8719.05,KEPT,WhatsApp
PTP00001831,A003094,2025-11-26 11:00:00,2025-11-29 11:00:00,10068.23,BROKEN,Field
PTP00001832,A000516,2025-12-27 09:00:00,2026-01-10 09:00:00,10668.75,PENDING,Field
PTP00001833,A002172,2026-05-24 18:00:00,2026-06-07 18:00:00,4919.01,PENDING,Human
PTP00001834,A001122,2025-11-17 12:00:00,2025-11-20 12:00:00,10674.28,BROKEN,WhatsApp
PTP00001835,A000628,2025-10-01 17:00:00,2025-10-04 17:00:00,4614.94,KEPT,Human
PTP00001836,A001199,2025-11-03 17:00:00,2025-11-04 17:00:00,13597.7,PENDING,Field
PTP00001837,A001954,2026-08-17 11:00:00,2026-08-31 11:00:00,4400.56,BROKEN,AI Voice
PTP00001838,A001073,2026-02-08 12:00:00,2026-02-11 12:00:00,6132.74,KEPT,WhatsApp
PTP00001839,A002525,2026-03-10 17:00:00,2026-03-13 17:00:00,5728.62,PENDING,AI Voice
PTP00001840,A000925,2026-03-01 14:00:00,2026-03-02 14:00:00,8272.78,PENDING,Human
PTP00001841,A002094,2026-04-22 19:00:00,2026-04-29 19:00:00,4944.52,KEPT,AI Voice
PTP00001842,A004147,2026-08-25 11:00:00,2026-09-08 11:00:00,14092.81,KEPT,WhatsApp
PTP00001843,A002482,2026-03-23 10:00:00,2026-03-26 10:00:00,6908.98,KEPT,Field
PTP00001844,A004104,2025-09-23 12:00:00,2025-09-24 12:00:00,2130.32,KEPT,WhatsApp
PTP00001845,A002776,2026-01-24 16:00:00,2026-02-07 16:00:00,11710.91,PENDING,Human
PTP00001846,A001229,2026-03-07 14:00:00,2026-03-10 14:00:00,2706.42,BROKEN,AI Voice
PTP00001847,A002760,2025-10-14 18:00:00,2025-10-28 18:00:00,4070.89,KEPT,Field
PTP00001848,A001083,2026-08-13 11:00:00,2026-08-14 11:00:00,8760.7,PENDING,Human
PTP00001849,A000736,2026-01-15 18:00:00,2026-01-16 18:00:00,6352.0,KEPT,Field
PTP00001850,A001935,2026-08-03 12:00:00,2026-08-10 12:00:00,4879.68,KEPT,AI Voice
PTP00001851,A000408,2026-05-14 14:00:00,2026-05-21 14:00:00,7853.13,KEPT,Human
PTP00001852,A003577,2025-11-27 19:00:00,2025-11-28 19:00:00,8716.87,KEPT,Human
PTP00001853,A004071,2025-10-21 15:00:00,2025-10-24 15:00:00,6621.35,BROKEN,Human
PTP00001854,A003937,2025-09-10 19:00:00,2025-09-11 19:00:00,8053.4,BROKEN,Human
PTP00001855,A001340,2025-11-15 09:00:00,2025-11-18 09:00:00,10526.17,KEPT,AI Voice
PTP00001856,A003156,2026-05-11 19:00:00,2026-05-14 19:00:00,2072.31,KEPT,WhatsApp
PTP00001857,A000016,2026-02-03 12:00:00,2026-02-10 12:00:00,4812.42,KEPT,Field
PTP00001858,A001606,2026-02-02 09:00:00,2026-02-03 09:00:00,9002.13,KEPT,AI Voice
PTP00001859,A001315,2026-04-07 18:00:00,2026-04-21 18:00:00,11733.79,BROKEN,AI Voice
PTP00001860,A002668,2026-05-14 08:00:00,2026-05-17 08:00:00,5867.69,PENDING,WhatsApp
PTP00001861,A000824,2025-09-04 14:00:00,2025-09-18 14:00:00,13053.18,PENDING,AI Voice
PTP00001862,A002796,2026-02-04 10:00:00,2026-02-11 10:00:00,6852.77,PENDING,WhatsApp
PTP00001863,A000673,2026-08-20 15:00:00,2026-08-23 15:00:00,9281.76,KEPT,AI Voice
PTP00001864,A001784,2026-01-18 09:00:00,2026-01-21 09:00:00,3951.77,KEPT,Field
PTP00001865,A002987,2025-10-27 20:00:00,2025-11-10 20:00:00,11639.45,BROKEN,Field
PTP00001866,A000809,2025-10-23 17:00:00,2025-10-30 17:00:00,4830.77,KEPT,WhatsApp
PTP00001867,A004073,2026-08-11 09:00:00,2026-08-14 09:00:00,6940.9,KEPT,WhatsApp
PTP00001868,A002763,2025-11-09 09:00:00,2025-11-12 09:00:00,7602.12,PENDING,Field
PTP00001869,A001195,2026-02-24 20:00:00,2026-02-25 20:00:00,12251.78,BROKEN,Field
PTP00001870,A000329,2025-12-14 15:00:00,2025-12-17 15:00:00,10047.92,PENDING,Human
PTP00001871,A003782,2026-01-09 09:00:00,2026-01-16 09:00:00,4092.91,PENDING,WhatsApp
PTP00001872,A003263,2026-06-12 14:00:00,2026-06-13 14:00:00,2401.14,PENDING,Human
PTP00001873,A001859,2026-05-25 15:00:00,2026-06-08 15:00:00,5313.58,BROKEN,WhatsApp
PTP00001874,A000591,2026-07-05 17:00:00,2026-07-08 17:00:00,14649.3,KEPT,Field
PTP00001875,A000826,2025-12-13 10:00:00,2025-12-16 10:00:00,13126.84,KEPT,Human
PTP00001876,A001215,2026-07-07 18:00:00,2026-07-08 18:00:00,5143.85,BROKEN,WhatsApp
PTP00001877,A002941,2025-10-11 16:00:00,2025-10-12 16:00:00,5253.29,KEPT,Field
PTP00001878,A000379,2026-06-02 10:00:00,2026-06-05 10:00:00,7352.82,BROKEN,WhatsApp
PTP00001879,A002345,2026-07-08 18:00:00,2026-07-09 18:00:00,2750.5,PENDING,Human
PTP00001880,A000759,2026-03-12 13:00:00,2026-03-13 13:00:00,3291.84,KEPT,AI Voice
PTP00001881,A003387,2026-07-08 19:00:00,2026-07-22 19:00:00,2491.95,KEPT,Field
PTP00001882,A001748,2026-05-14 17:00:00,2026-05-15 17:00:00,4473.26,PENDING,Field
PTP00001883,A001369,2026-01-16 14:00:00,2026-01-19 14:00:00,4569.21,KEPT,WhatsApp
PTP00001884,A001084,2026-03-26 12:00:00,2026-03-27 12:00:00,9421.1,KEPT,Field
PTP00001885,A002613,2025-10-05 20:00:00,2025-10-19 20:00:00,8695.83,PENDING,AI Voice
PTP00001886,A004094,2025-09-07 08:00:00,2025-09-14 08:00:00,3137.12,KEPT,Human
PTP00001887,A002167,2026-03-26 09:00:00,2026-04-02 09:00:00,11845.71,PENDING,Field
PTP00001888,A001677,2025-10-21 14:00:00,2025-10-22 14:00:00,7848.81,KEPT,AI Voice
PTP00001889,A000012,2026-02-13 19:00:00,2026-02-14 19:00:00,13869.64,BROKEN,WhatsApp
PTP00001890,A002832,2025-11-21 08:00:00,2025-11-28 08:00:00,2552.22,KEPT,Human
PTP00001891,A000863,2026-08-09 19:00:00,2026-08-23 19:00:00,6791.97,BROKEN,Human
PTP00001892,A001917,2026-04-25 12:00:00,2026-05-09 12:00:00,2596.66,KEPT,AI Voice
PTP00001893,A004191,2026-05-01 12:00:00,2026-05-04 12:00:00,7025.22,PENDING,WhatsApp
PTP00001894,A003820,2026-07-25 17:00:00,2026-08-01 17:00:00,4875.9,BROKEN,Human
PTP00001895,A004180,2026-08-05 16:00:00,2026-08-08 16:00:00,3047.68,BROKEN,WhatsApp
PTP00001896,A004111,2026-06-12 11:00:00,2026-06-15 11:00:00,9324.64,PENDING,Field
PTP00001897,A001545,2025-10-19 14:00:00,2025-10-26 14:00:00,3358.53,KEPT,Human
PTP00001898,A002394,2026-03-22 19:00:00,2026-03-23 19:00:00,5703.06,PENDING,Human
PTP00001899,A000057,2026-02-21 19:00:00,2026-02-28 19:00:00,5719.51,BROKEN,AI Voice
PTP00001900,A002410,2026-05-02 13:00:00,2026-05-16 13:00:00,13612.92,BROKEN,Human
PTP00001901,A004125,2026-03-19 15:00:00,2026-03-26 15:00:00,9782.58,KEPT,AI Voice
PTP00001902,A002706,2026-05-05 08:00:00,2026-05-06 08:00:00,13952.75,BROKEN,Field
PTP00001903,A003760,2026-04-07 17:00:00,2026-04-14 17:00:00,3540.47,BROKEN,Field
PTP00001904,A003399,2026-03-27 09:00:00,2026-04-03 09:00:00,7417.78,KEPT,Field
PTP00001905,A002881,2026-06-14 11:00:00,2026-06-15 11:00:00,12240.11,PENDING,AI Voice
PTP00001906,A003119,2026-07-07 17:00:00,2026-07-21 17:00:00,4678.26,BROKEN,WhatsApp
PTP00001907,A004194,2026-04-11 18:00:00,2026-04-18 18:00:00,12667.57,PENDING,WhatsApp
PTP00001908,A000992,2025-10-03 20:00:00,2025-10-17 20:00:00,4333.48,KEPT,WhatsApp
PTP00001909,A002231,2026-02-08 20:00:00,2026-02-09 20:00:00,12604.22,PENDING,WhatsApp
PTP00001910,A000281,2026-06-17 18:00:00,2026-07-01 18:00:00,2326.89,BROKEN,WhatsApp
PTP00001911,A002322,2025-09-24 10:00:00,2025-10-01 10:00:00,14216.88,KEPT,AI Voice
PTP00001912,A002185,2025-09-22 13:00:00,2025-09-29 13:00:00,3711.97,BROKEN,Field
PTP00001913,A003435,2026-01-06 13:00:00,2026-01-09 13:00:00,12380.34,KEPT,Human
PTP00001914,A003596,2026-03-01 10:00:00,2026-03-02 10:00:00,10437.85,KEPT,Human
PTP00001915,A003741,2025-12-19 17:00:00,2025-12-20 17:00:00,3571.28,BROKEN,Field
PTP00001916,A002614,2026-06-15 17:00:00,2026-06-29 17:00:00,11609.38,BROKEN,Human
PTP00001917,A000039,2026-01-19 09:00:00,2026-01-22 09:00:00,6986.49,PENDING,Human
PTP00001918,A002803,2026-01-15 15:00:00,2026-01-29 15:00:00,5916.78,BROKEN,Human
PTP00001919,A001155,2025-11-20 17:00:00,2025-11-21 17:00:00,14173.01,KEPT,Human
PTP00001920,A003297,2026-01-02 10:00:00,2026-01-09 10:00:00,4784.7,KEPT,Field
PTP00001921,A004074,2026-02-24 16:00:00,2026-03-10 16:00:00,10882.89,KEPT,Human
PTP00001922,A003201,2025-10-14 17:00:00,2025-10-21 17:00:00,13580.97,PENDING,AI Voice
PTP00001923,A002803,2026-08-27 13:00:00,2026-08-28 13:00:00,8352.64,BROKEN,WhatsApp
PTP00001924,A002974,2026-07-27 12:00:00,2026-07-28 12:00:00,10859.3,BROKEN,AI Voice
PTP00001925,A001141,2026-05-21 14:00:00,2026-05-28 14:00:00,14355.16,KEPT,Field
PTP00001926,A001930,2025-09-24 09:00:00,2025-09-25 09:00:00,6994.36,BROKEN,Field
PTP00001927,A000467,2025-09-05 17:00:00,2025-09-08 17:00:00,5370.94,BROKEN,Human
PTP00001928,A003511,2026-06-07 12:00:00,2026-06-10 12:00:00,13615.17,PENDING,Human
PTP00001929,A002265,2026-06-06 12:00:00,2026-06-07 12:00:00,13291.74,KEPT,Field
PTP00001930,A001670,2026-08-11 09:00:00,2026-08-12 09:00:00,3695.0,KEPT,Field
PTP00001931,A000108,2026-07-19 15:00:00,2026-07-20 15:00:00,4345.25,PENDING,Human
PTP00001932,A003345,2026-04-06 15:00:00,2026-04-20 15:00:00,7497.63,BROKEN,WhatsApp
PTP00001933,A000807,2026-03-26 08:00:00,2026-03-27 08:00:00,6348.19,KEPT,AI Voice
PTP00001934,A001166,2026-08-13 17:00:00,2026-08-27 17:00:00,3877.49,BROKEN,Human
PTP00001935,A000651,2026-01-03 09:00:00,2026-01-06 09:00:00,6359.2,PENDING,AI Voice
PTP00001936,A003825,2025-12-21 19:00:00,2026-01-04 19:00:00,3768.75,PENDING,Field
PTP00001937,A000132,2026-05-06 09:00:00,2026-05-07 09:00:00,2935.48,KEPT,Human
PTP00001938,A002098,2026-01-19 18:00:00,2026-01-22 18:00:00,3737.96,KEPT,WhatsApp
PTP00001939,A003263,2026-02-02 19:00:00,2026-02-05 19:00:00,12022.64,KEPT,WhatsApp
PTP00001940,A002686,2026-08-18 10:00:00,2026-08-25 10:00:00,10640.76,PENDING,AI Voice
PTP00001941,A000836,2026-04-19 19:00:00,2026-04-20 19:00:00,8268.4,BROKEN,AI Voice
PTP00001942,A003351,2026-03-24 12:00:00,2026-03-25 12:00:00,13993.56,KEPT,WhatsApp
PTP00001943,A001763,2026-02-11 19:00:00,2026-02-25 19:00:00,13318.25,KEPT,AI Voice
PTP00001944,A002613,2025-11-08 10:00:00,2025-11-15 10:00:00,2255.47,BROKEN,AI Voice
PTP00001945,A004029,2025-09-14 13:00:00,2025-09-28 13:00:00,5381.26,KEPT,AI Voice
PTP00001946,A003631,2026-06-07 13:00:00,2026-06-08 13:00:00,2489.52,KEPT,Human
PTP00001947,A003371,2025-10-12 08:00:00,2025-10-15 08:00:00,3747.2,KEPT,Field
PTP00001948,A002961,2025-11-23 18:00:00,2025-11-26 18:00:00,6069.47,KEPT,Field
PTP00001949,A000398,2026-04-04 19:00:00,2026-04-07 19:00:00,6519.49,PENDING,AI Voice
PTP00001950,A000523,2026-04-02 19:00:00,2026-04-16 19:00:00,3110.24,KEPT,Human
PTP00001951,A000320,2025-12-11 08:00:00,2025-12-18 08:00:00,5572.6,KEPT,Field
PTP00001952,A000087,2025-11-16 10:00:00,2025-11-23 10:00:00,9491.53,KEPT,Human
PTP00001953,A000060,2026-02-04 14:00:00,2026-02-18 14:00:00,14926.41,KEPT,Human
PTP00001954,A001817,2026-06-11 17:00:00,2026-06-25 17:00:00,13822.3,BROKEN,AI Voice
PTP00001955,A003827,2025-10-26 19:00:00,2025-10-27 19:00:00,5994.08,BROKEN,Human
PTP00001956,A002212,2026-07-14 12:00:00,2026-07-28 12:00:00,2775.01,BROKEN,Human
PTP00001957,A000944,2026-06-23 09:00:00,2026-07-07 09:00:00,11342.55,KEPT,AI Voice
PTP00001958,A002337,2026-07-24 08:00:00,2026-07-25 08:00:00,7535.36,PENDING,Field
PTP00001959,A002099,2026-07-27 12:00:00,2026-08-03 12:00:00,12583.86,BROKEN,Field
PTP00001960,A000836,2025-12-04 15:00:00,2025-12-18 15:00:00,12472.76,BROKEN,AI Voice
PTP00001961,A003919,2026-05-08 10:00:00,2026-05-15 10:00:00,9178.59,KEPT,AI Voice
PTP00001962,A002222,2026-01-27 18:00:00,2026-01-30 18:00:00,10223.93,BROKEN,Human
PTP00001963,A000498,2026-06-27 19:00:00,2026-07-04 19:00:00,6464.21,KEPT,Field
PTP00001964,A000272,2026-06-21 17:00:00,2026-06-28 17:00:00,9925.92,KEPT,Field
PTP00001965,A001010,2026-01-24 09:00:00,2026-01-27 09:00:00,6123.27,KEPT,Human
PTP00001966,A003786,2025-12-14 19:00:00,2025-12-17 19:00:00,5103.03,PENDING,WhatsApp
PTP00001967,A001404,2025-11-25 16:00:00,2025-12-02 16:00:00,5636.85,KEPT,Human
PTP00001968,A003535,2026-05-18 11:00:00,2026-05-25 11:00:00,6815.14,BROKEN,AI Voice
PTP00001969,A002516,2026-07-09 17:00:00,2026-07-16 17:00:00,12904.39,KEPT,Field
PTP00001970,A002465,2026-02-03 14:00:00,2026-02-04 14:00:00,2065.16,KEPT,WhatsApp
PTP00001971,A002418,2026-04-20 12:00:00,2026-04-23 12:00:00,9652.67,KEPT,WhatsApp
PTP00001972,A003929,2026-01-15 11:00:00,2026-01-29 11:00:00,5513.73,KEPT,AI Voice
PTP00001973,A004135,2026-04-11 13:00:00,2026-04-12 13:00:00,3699.45,KEPT,AI Voice
PTP00001974,A002347,2025-10-13 18:00:00,2025-10-14 18:00:00,9820.18,PENDING,WhatsApp
PTP00001975,A003452,2026-08-26 15:00:00,2026-08-29 15:00:00,3210.48,KEPT,AI Voice
PTP00001976,A000229,2026-08-24 16:00:00,2026-09-07 16:00:00,9689.18,PENDING,WhatsApp
PTP00001977,A000577,2026-05-24 13:00:00,2026-05-31 13:00:00,6726.34,KEPT,Human
PTP00001978,A001704,2025-09-02 20:00:00,2025-09-05 20:00:00,6113.78,KEPT,Field
PTP00001979,A000295,2025-10-27 19:00:00,2025-10-30 19:00:00,9532.95,BROKEN,AI Voice
PTP00001980,A002486,2025-12-08 16:00:00,2025-12-11 16:00:00,7896.92,BROKEN,Human
PTP00001981,A001902,2026-02-06 20:00:00,2026-02-20 20:00:00,3572.61,BROKEN,AI Voice
PTP00001982,A003323,2026-07-07 13:00:00,2026-07-14 13:00:00,13626.2,BROKEN,WhatsApp
PTP00001983,A002225,2026-07-13 20:00:00,2026-07-16 20:00:00,11355.02,KEPT,Human
PTP00001984,A003310,2026-05-25 12:00:00,2026-05-28 12:00:00,11961.9,PENDING,Field
PTP00001985,A003353,2026-06-27 17:00:00,2026-06-30 17:00:00,2024.1,BROKEN,WhatsApp
PTP00001986,A000532,2026-06-10 10:00:00,2026-06-24 10:00:00,14670.3,KEPT,AI Voice
PTP00001987,A000328,2026-01-23 09:00:00,2026-01-30 09:00:00,4027.12,KEPT,Field
PTP00001988,A001949,2026-08-06 10:00:00,2026-08-20 10:00:00,4429.16,BROKEN,AI Voice
PTP00001989,A003282,2026-05-05 20:00:00,2026-05-06 20:00:00,2783.31,KEPT,Field
PTP00001990,A003096,2025-12-07 14:00:00,2025-12-21 14:00:00,10421.82,KEPT,AI Voice
PTP00001991,A001922,2026-03-05 12:00:00,2026-03-19 12:00:00,4910.4,KEPT,WhatsApp
PTP00001992,A003823,2025-11-13 20:00:00,2025-11-14 20:00:00,4434.91,BROKEN,AI Voice
PTP00001993,A000810,2026-01-22 17:00:00,2026-01-29 17:00:00,10016.06,BROKEN,WhatsApp
PTP00001994,A002051,2026-03-04 08:00:00,2026-03-11 08:00:00,8747.46,BROKEN,WhatsApp
PTP00001995,A001008,2026-04-14 16:00:00,2026-04-17 16:00:00,4302.51,BROKEN,Human
PTP00001996,A001792,2026-07-06 10:00:00,2026-07-20 10:00:00,11895.77,KEPT,Human
PTP00001997,A002857,2026-01-18 19:00:00,2026-02-01 19:00:00,12240.8,PENDING,AI Voice
PTP00001998,A003347,2026-08-01 20:00:00,2026-08-02 20:00:00,12917.75,KEPT,Human
PTP00001999,A002497,2026-03-05 16:00:00,2026-03-12 16:00:00,9422.14,KEPT,WhatsApp
PTP00002000,A001282,2026-08-05 11:00:00,2026-08-06 11:00:00,4078.69,BROKEN,Field
PTP00002001,A003200,2025-10-19 19:00:00,2025-11-02 19:00:00,6245.34,PENDING,Human
PTP00002002,A002191,2026-04-13 13:00:00,2026-04-27 13:00:00,4852.08,KEPT,AI Voice
PTP00002003,A000126,2025-09-05 12:00:00,2025-09-08 12:00:00,3769.22,BROKEN,Human
PTP00002004,A000806,2026-04-24 10:00:00,2026-04-27 10:00:00,12898.1,BROKEN,Field
PTP00002005,A004199,2026-01-26 10:00:00,2026-01-29 10:00:00,3269.99,BROKEN,WhatsApp
PTP00002006,A003828,2026-06-18 20:00:00,2026-06-25 20:00:00,14489.21,BROKEN,Human
PTP00002007,A003858,2025-11-23 10:00:00,2025-11-24 10:00:00,10568.53,BROKEN,AI Voice
PTP00002008,A003864,2025-12-07 15:00:00,2025-12-14 15:00:00,9776.41,BROKEN,Human
PTP00002009,A003868,2026-01-18 20:00:00,2026-01-25 20:00:00,12635.1,KEPT,WhatsApp
PTP00002010,A001985,2025-09-20 17:00:00,2025-09-27 17:00:00,4693.38,PENDING,Field
PTP00002011,A001841,2025-11-15 10:00:00,2025-11-29 10:00:00,11050.4,BROKEN,Human
PTP00002012,A000449,2026-05-03 12:00:00,2026-05-10 12:00:00,8121.04,BROKEN,Human
PTP00002013,A000893,2026-08-06 20:00:00,2026-08-20 20:00:00,3462.54,KEPT,Field
PTP00002014,A002877,2025-09-06 16:00:00,2025-09-13 16:00:00,7898.22,KEPT,Field
PTP00002015,A002270,2026-06-06 14:00:00,2026-06-20 14:00:00,2710.59,BROKEN,Human
PTP00002016,A000928,2026-07-23 11:00:00,2026-08-06 11:00:00,8281.29,KEPT,WhatsApp
PTP00002017,A002499,2025-11-16 11:00:00,2025-11-30 11:00:00,4567.05,BROKEN,Human
PTP00002018,A002982,2025-10-27 16:00:00,2025-11-10 16:00:00,7352.23,KEPT,AI Voice
PTP00002019,A001428,2026-03-02 20:00:00,2026-03-05 20:00:00,11064.54,PENDING,WhatsApp
PTP00002020,A003798,2025-11-26 11:00:00,2025-11-29 11:00:00,3415.23,PENDING,Field
PTP00002021,A003418,2025-11-08 15:00:00,2025-11-22 15:00:00,4591.03,BROKEN,Field
PTP00002022,A002938,2026-02-21 18:00:00,2026-02-24 18:00:00,11427.34,KEPT,WhatsApp
PTP00002023,A001797,2025-11-10 19:00:00,2025-11-11 19:00:00,11889.51,KEPT,Field
PTP00002024,A000129,2025-12-17 14:00:00,2025-12-18 14:00:00,9478.35,KEPT,WhatsApp
PTP00002025,A003281,2026-06-04 08:00:00,2026-06-18 08:00:00,10824.16,KEPT,Human
PTP00002026,A003764,2026-08-15 09:00:00,2026-08-29 09:00:00,2756.75,KEPT,Human
PTP00002027,A001227,2025-10-06 10:00:00,2025-10-20 10:00:00,10544.19,KEPT,Field
PTP00002028,A002146,2025-09-11 12:00:00,2025-09-12 12:00:00,7948.45,BROKEN,Field
PTP00002029,A000601,2026-08-07 13:00:00,2026-08-21 13:00:00,7788.26,KEPT,Field
PTP00002030,A002713,2025-10-25 09:00:00,2025-10-28 09:00:00,3303.76,KEPT,WhatsApp
PTP00002031,A002623,2025-10-25 16:00:00,2025-10-26 16:00:00,14731.4,BROKEN,WhatsApp
PTP00002032,A003948,2026-07-02 10:00:00,2026-07-03 10:00:00,4952.94,BROKEN,Field
PTP00002033,A000792,2026-08-04 16:00:00,2026-08-05 16:00:00,4266.05,KEPT,WhatsApp
PTP00002034,A001006,2026-01-20 15:00:00,2026-01-23 15:00:00,9485.04,KEPT,AI Voice
PTP00002035,A000423,2026-06-14 10:00:00,2026-06-28 10:00:00,2009.67,BROKEN,Field
PTP00002036,A001470,2025-10-17 17:00:00,2025-10-20 17:00:00,9510.99,BROKEN,Human
PTP00002037,A000015,2025-10-19 08:00:00,2025-11-02 08:00:00,12481.36,KEPT,WhatsApp
PTP00002038,A003210,2026-06-13 15:00:00,2026-06-16 15:00:00,3842.19,KEPT,Human
PTP00002039,A003647,2025-12-15 10:00:00,2025-12-29 10:00:00,3420.78,KEPT,Human
PTP00002040,A002179,2025-11-08 14:00:00,2025-11-11 14:00:00,13289.02,PENDING,Field
PTP00002041,A000223,2026-08-15 10:00:00,2026-08-22 10:00:00,5975.63,KEPT,WhatsApp
PTP00002042,A002788,2025-12-21 14:00:00,2025-12-28 14:00:00,6167.65,KEPT,Human
PTP00002043,A003638,2026-01-24 20:00:00,2026-02-07 20:00:00,10513.66,KEPT,Field
PTP00002044,A001994,2026-02-23 08:00:00,2026-02-26 08:00:00,5637.94,PENDING,AI Voice
PTP00002045,A002110,2026-03-25 08:00:00,2026-03-26 08:00:00,2814.4,KEPT,WhatsApp
PTP00002046,A001869,2025-10-01 11:00:00,2025-10-04 11:00:00,4452.13,KEPT,AI Voice
PTP00002047,A002339,2026-05-18 19:00:00,2026-05-19 19:00:00,13857.38,BROKEN,Field
PTP00002048,A000520,2025-11-18 19:00:00,2025-11-21 19:00:00,12987.02,KEPT,AI Voice
PTP00002049,A003438,2026-08-05 08:00:00,2026-08-12 08:00:00,9742.27,KEPT,AI Voice
PTP00002050,A001882,2026-06-10 19:00:00,2026-06-11 19:00:00,10860.79,KEPT,AI Voice
PTP00002051,A003716,2025-09-17 17:00:00,2025-10-01 17:00:00,13174.51,KEPT,WhatsApp
PTP00002052,A002887,2025-12-15 09:00:00,2025-12-16 09:00:00,10105.34,PENDING,Human
PTP00002053,A001113,2026-04-09 09:00:00,2026-04-23 09:00:00,7541.17,KEPT,AI Voice
PTP00002054,A000005,2026-02-11 14:00:00,2026-02-14 14:00:00,5300.22,BROKEN,Field
PTP00002055,A001731,2026-07-15 18:00:00,2026-07-22 18:00:00,12027.81,BROKEN,Human
PTP00002056,A001979,2025-09-05 14:00:00,2025-09-12 14:00:00,3025.91,KEPT,Human
PTP00002057,A002461,2025-09-05 08:00:00,2025-09-06 08:00:00,3846.73,KEPT,Human
PTP00002058,A002482,2025-12-14 19:00:00,2025-12-21 19:00:00,6060.9,KEPT,Field
PTP00002059,A004017,2026-03-25 20:00:00,2026-03-28 20:00:00,6903.4,PENDING,AI Voice
PTP00002060,A003475,2026-05-18 15:00:00,2026-05-21 15:00:00,2826.23,KEPT,Human
PTP00002061,A003158,2025-11-19 17:00:00,2025-11-20 17:00:00,13172.28,KEPT,WhatsApp
PTP00002062,A003716,2026-01-07 20:00:00,2026-01-10 20:00:00,13595.98,KEPT,Field
PTP00002063,A000111,2025-11-21 14:00:00,2025-12-05 14:00:00,6838.72,KEPT,AI Voice
PTP00002064,A000795,2025-12-04 08:00:00,2025-12-11 08:00:00,9726.86,KEPT,Field
PTP00002065,A000910,2026-02-16 08:00:00,2026-02-19 08:00:00,6728.89,KEPT,AI Voice
PTP00002066,A002766,2025-12-03 09:00:00,2025-12-17 09:00:00,2097.2,KEPT,Field
PTP00002067,A003706,2026-07-23 12:00:00,2026-07-30 12:00:00,12394.95,KEPT,Field
PTP00002068,A000940,2025-10-10 16:00:00,2025-10-24 16:00:00,7533.37,PENDING,Field
PTP00002069,A001822,2025-12-08 10:00:00,2025-12-11 10:00:00,11796.14,KEPT,Field
PTP00002070,A001088,2026-01-15 12:00:00,2026-01-22 12:00:00,5782.94,BROKEN,Field
PTP00002071,A004052,2025-09-07 13:00:00,2025-09-10 13:00:00,9227.62,KEPT,Field
PTP00002072,A004130,2025-09-08 11:00:00,2025-09-15 11:00:00,2114.14,KEPT,WhatsApp
PTP00002073,A004061,2025-12-04 08:00:00,2025-12-07 08:00:00,3273.69,KEPT,AI Voice
PTP00002074,A000971,2025-12-06 09:00:00,2025-12-13 09:00:00,3491.41,KEPT,Field
PTP00002075,A003906,2025-11-07 14:00:00,2025-11-14 14:00:00,4657.58,BROKEN,Human
PTP00002076,A001775,2026-02-19 08:00:00,2026-02-26 08:00:00,10107.78,BROKEN,Human
PTP00002077,A000231,2026-01-17 11:00:00,2026-01-18 11:00:00,7902.34,KEPT,Field
PTP00002078,A002453,2026-03-06 13:00:00,2026-03-20 13:00:00,9620.82,BROKEN,WhatsApp
PTP00002079,A000697,2026-06-27 11:00:00,2026-06-30 11:00:00,6401.95,BROKEN,WhatsApp
PTP00002080,A003356,2025-11-13 18:00:00,2025-11-14 18:00:00,4597.0,KEPT,Human
PTP00002081,A003024,2026-01-23 14:00:00,2026-01-30 14:00:00,8668.21,KEPT,WhatsApp
PTP00002082,A003360,2025-10-23 15:00:00,2025-11-06 15:00:00,6842.75,BROKEN,Field
PTP00002083,A004085,2026-02-09 08:00:00,2026-02-23 08:00:00,7254.25,BROKEN,Field
PTP00002084,A000024,2026-06-24 13:00:00,2026-07-01 13:00:00,3429.53,BROKEN,Field
PTP00002085,A000516,2026-05-20 08:00:00,2026-05-21 08:00:00,13880.86,BROKEN,AI Voice
PTP00002086,A003992,2026-01-15 09:00:00,2026-01-16 09:00:00,3661.49,PENDING,AI Voice
PTP00002087,A003450,2026-06-17 20:00:00,2026-06-18 20:00:00,2040.25,KEPT,Human
PTP00002088,A003190,2026-03-15 19:00:00,2026-03-18 19:00:00,11949.54,BROKEN,AI Voice
PTP00002089,A003465,2026-01-01 10:00:00,2026-01-04 10:00:00,6237.5,BROKEN,Field
PTP00002090,A001826,2026-08-26 17:00:00,2026-08-29 17:00:00,9594.73,BROKEN,WhatsApp
PTP00002091,A001780,2025-12-26 09:00:00,2025-12-27 09:00:00,4712.23,KEPT,AI Voice
PTP00002092,A001996,2026-05-16 20:00:00,2026-05-17 20:00:00,9580.39,KEPT,AI Voice
PTP00002093,A001409,2026-06-01 20:00:00,2026-06-02 20:00:00,14569.01,KEPT,Human
PTP00002094,A002105,2026-02-02 14:00:00,2026-02-05 14:00:00,5404.77,BROKEN,WhatsApp
PTP00002095,A001579,2025-12-01 12:00:00,2025-12-08 12:00:00,9286.12,KEPT,AI Voice
PTP00002096,A000850,2026-06-08 18:00:00,2026-06-15 18:00:00,13621.1,KEPT,Field
PTP00002097,A002765,2025-12-16 11:00:00,2025-12-30 11:00:00,6497.83,KEPT,Field
PTP00002098,A000720,2026-03-14 15:00:00,2026-03-28 15:00:00,7722.3,KEPT,Field
PTP00002099,A000402,2026-01-16 19:00:00,2026-01-30 19:00:00,4406.11,BROKEN,Field
PTP00002100,A000121,2025-12-12 20:00:00,2025-12-13 20:00:00,10393.0,PENDING,Human
PTP00002101,A000736,2026-05-13 09:00:00,2026-05-27 09:00:00,12541.62,PENDING,WhatsApp
PTP00002102,A004024,2026-05-03 13:00:00,2026-05-10 13:00:00,4835.39,KEPT,AI Voice
PTP00002103,A000592,2026-03-21 09:00:00,2026-04-04 09:00:00,2925.54,PENDING,Field
PTP00002104,A002877,2026-04-17 09:00:00,2026-05-01 09:00:00,10106.03,KEPT,WhatsApp
PTP00002105,A002385,2025-12-02 14:00:00,2025-12-09 14:00:00,2320.8,BROKEN,Human
PTP00002106,A002511,2026-03-09 09:00:00,2026-03-12 09:00:00,12777.6,BROKEN,WhatsApp
PTP00002107,A002503,2026-07-04 13:00:00,2026-07-07 13:00:00,7125.97,BROKEN,Human
PTP00002108,A003053,2026-08-01 12:00:00,2026-08-08 12:00:00,12732.54,KEPT,WhatsApp
PTP00002109,A003466,2025-12-03 17:00:00,2025-12-04 17:00:00,4001.55,BROKEN,WhatsApp
PTP00002110,A000612,2026-03-18 11:00:00,2026-04-01 11:00:00,5199.27,BROKEN,WhatsApp
PTP00002111,A003994,2025-11-17 09:00:00,2025-11-24 09:00:00,3792.99,PENDING,Field
PTP00002112,A001744,2026-08-02 09:00:00,2026-08-16 09:00:00,13867.1,KEPT,Human
PTP00002113,A000138,2025-11-15 16:00:00,2025-11-22 16:00:00,14714.02,BROKEN,WhatsApp
PTP00002114,A002820,2025-10-11 11:00:00,2025-10-12 11:00:00,11112.52,KEPT,Human
PTP00002115,A003845,2026-07-05 19:00:00,2026-07-12 19:00:00,2091.39,KEPT,AI Voice
PTP00002116,A001112,2025-09-03 17:00:00,2025-09-17 17:00:00,8622.56,BROKEN,AI Voice
PTP00002117,A002623,2026-07-16 16:00:00,2026-07-17 16:00:00,8241.68,BROKEN,Human
PTP00002118,A000179,2026-01-23 11:00:00,2026-01-30 11:00:00,12577.22,BROKEN,AI Voice
PTP00002119,A000442,2026-06-09 08:00:00,2026-06-23 08:00:00,8897.65,KEPT,AI Voice
PTP00002120,A001694,2026-03-05 16:00:00,2026-03-19 16:00:00,5775.51,BROKEN,AI Voice
PTP00002121,A001378,2026-07-17 17:00:00,2026-07-20 17:00:00,3617.8,KEPT,Human
PTP00002122,A003535,2025-10-22 17:00:00,2025-11-05 17:00:00,3986.35,BROKEN,AI Voice
PTP00002123,A000739,2026-02-09 20:00:00,2026-02-23 20:00:00,5438.46,BROKEN,Human
PTP00002124,A004190,2025-10-16 17:00:00,2025-10-30 17:00:00,7960.85,KEPT,Human
PTP00002125,A003974,2026-06-15 12:00:00,2026-06-22 12:00:00,6285.85,BROKEN,WhatsApp
PTP00002126,A001108,2026-02-21 17:00:00,2026-02-28 17:00:00,4035.28,BROKEN,Human
PTP00002127,A003943,2026-02-22 09:00:00,2026-02-23 09:00:00,7289.46,KEPT,Human
PTP00002128,A003758,2026-08-02 19:00:00,2026-08-16 19:00:00,10255.75,BROKEN,Field
PTP00002129,A003739,2026-03-27 19:00:00,2026-04-03 19:00:00,13742.52,BROKEN,AI Voice
PTP00002130,A001756,2026-06-19 09:00:00,2026-06-22 09:00:00,4930.27,BROKEN,WhatsApp
PTP00002131,A002827,2026-06-20 19:00:00,2026-07-04 19:00:00,6594.14,KEPT,AI Voice
PTP00002132,A003546,2026-07-25 09:00:00,2026-08-08 09:00:00,14595.05,BROKEN,Field
PTP00002133,A003903,2026-03-23 17:00:00,2026-03-30 17:00:00,2093.36,BROKEN,WhatsApp
PTP00002134,A002886,2025-10-27 18:00:00,2025-11-03 18:00:00,6808.59,BROKEN,Human
PTP00002135,A003212,2026-02-02 20:00:00,2026-02-16 20:00:00,12022.69,PENDING,Human
PTP00002136,A001688,2026-05-22 12:00:00,2026-05-23 12:00:00,4205.78,BROKEN,Human
PTP00002137,A000294,2026-08-18 10:00:00,2026-08-21 10:00:00,4396.66,KEPT,Field
PTP00002138,A000561,2026-06-14 15:00:00,2026-06-17 15:00:00,7423.81,KEPT,Field
PTP00002139,A003253,2025-09-05 20:00:00,2025-09-19 20:00:00,9507.55,BROKEN,Field
PTP00002140,A001371,2026-04-17 16:00:00,2026-04-24 16:00:00,9487.9,KEPT,AI Voice
PTP00002141,A000418,2026-07-23 15:00:00,2026-07-26 15:00:00,6252.74,BROKEN,Human
PTP00002142,A003699,2026-04-06 20:00:00,2026-04-09 20:00:00,7272.62,BROKEN,AI Voice
PTP00002143,A003147,2025-09-19 14:00:00,2025-10-03 14:00:00,14653.64,BROKEN,Field
PTP00002144,A000016,2026-01-05 11:00:00,2026-01-12 11:00:00,4506.68,KEPT,AI Voice
PTP00002145,A000923,2026-04-18 15:00:00,2026-04-25 15:00:00,9743.01,KEPT,Human
PTP00002146,A000079,2026-03-15 10:00:00,2026-03-29 10:00:00,4656.73,KEPT,AI Voice
PTP00002147,A002911,2026-08-21 08:00:00,2026-09-04 08:00:00,14900.74,BROKEN,Field
PTP00002148,A001293,2025-12-12 10:00:00,2025-12-13 10:00:00,3220.96,KEPT,Field
PTP00002149,A001831,2026-07-04 11:00:00,2026-07-11 11:00:00,9252.9,KEPT,Human
PTP00002150,A004057,2026-06-05 12:00:00,2026-06-12 12:00:00,14435.93,KEPT,Human
PTP00002151,A003037,2026-03-15 16:00:00,2026-03-29 16:00:00,2088.68,BROKEN,WhatsApp
PTP00002152,A002318,2025-10-09 15:00:00,2025-10-23 15:00:00,4610.77,BROKEN,WhatsApp
PTP00002153,A003839,2026-02-01 13:00:00,2026-02-15 13:00:00,4447.72,KEPT,Human
PTP00002154,A001280,2026-02-20 20:00:00,2026-02-27 20:00:00,8420.44,BROKEN,Field
PTP00002155,A003621,2026-03-04 14:00:00,2026-03-05 14:00:00,12767.82,BROKEN,WhatsApp
PTP00002156,A002998,2025-11-04 14:00:00,2025-11-07 14:00:00,9374.77,KEPT,Field
PTP00002157,A001988,2026-07-04 16:00:00,2026-07-11 16:00:00,4062.91,BROKEN,Human
PTP00002158,A003195,2026-03-16 13:00:00,2026-03-30 13:00:00,3446.59,KEPT,Field
PTP00002159,A002388,2025-09-24 16:00:00,2025-10-08 16:00:00,4863.37,KEPT,Field
PTP00002160,A004129,2025-10-15 20:00:00,2025-10-18 20:00:00,8316.17,KEPT,AI Voice
PTP00002161,A004185,2026-06-24 20:00:00,2026-07-01 20:00:00,8335.16,KEPT,Field
PTP00002162,A000305,2026-05-26 18:00:00,2026-06-09 18:00:00,3557.01,KEPT,Human
PTP00002163,A003052,2025-12-04 13:00:00,2025-12-05 13:00:00,6188.55,KEPT,Human
PTP00002164,A003131,2026-06-26 14:00:00,2026-07-03 14:00:00,8552.13,KEPT,WhatsApp
PTP00002165,A003430,2026-08-16 17:00:00,2026-08-19 17:00:00,6959.36,KEPT,WhatsApp
PTP00002166,A001814,2025-12-21 18:00:00,2026-01-04 18:00:00,2829.22,KEPT,WhatsApp
PTP00002167,A001619,2026-05-17 16:00:00,2026-05-31 16:00:00,4496.48,PENDING,Field
PTP00002168,A002951,2025-10-04 13:00:00,2025-10-18 13:00:00,9276.67,KEPT,Human
PTP00002169,A000408,2025-09-08 17:00:00,2025-09-11 17:00:00,5865.71,KEPT,WhatsApp
PTP00002170,A001355,2026-03-27 12:00:00,2026-03-28 12:00:00,4770.56,BROKEN,AI Voice
PTP00002171,A002802,2026-06-16 11:00:00,2026-06-19 11:00:00,11664.81,KEPT,AI Voice
PTP00002172,A003182,2026-05-06 09:00:00,2026-05-13 09:00:00,13856.8,BROKEN,WhatsApp
PTP00002173,A003562,2026-02-08 09:00:00,2026-02-11 09:00:00,11454.91,PENDING,Field
PTP00002174,A003582,2026-02-15 08:00:00,2026-02-16 08:00:00,11685.6,KEPT,Human
PTP00002175,A002448,2025-10-26 20:00:00,2025-11-09 20:00:00,14481.86,KEPT,AI Voice
PTP00002176,A000581,2025-12-06 15:00:00,2025-12-09 15:00:00,7064.61,KEPT,Field
PTP00002177,A000635,2025-12-26 08:00:00,2025-12-29 08:00:00,11539.74,KEPT,AI Voice
PTP00002178,A001236,2026-07-04 08:00:00,2026-07-18 08:00:00,10867.77,KEPT,Human
PTP00002179,A001083,2026-08-22 13:00:00,2026-09-05 13:00:00,12033.2,BROKEN,AI Voice
PTP00002180,A000049,2025-10-12 12:00:00,2025-10-15 12:00:00,2304.29,KEPT,WhatsApp
PTP00002181,A001135,2026-03-05 15:00:00,2026-03-19 15:00:00,13866.51,BROKEN,AI Voice
PTP00002182,A002110,2025-10-20 14:00:00,2025-10-21 14:00:00,12971.38,BROKEN,Human
PTP00002183,A003497,2025-10-01 13:00:00,2025-10-02 13:00:00,2166.36,BROKEN,AI Voice
PTP00002184,A000639,2026-03-03 16:00:00,2026-03-04 16:00:00,8286.88,KEPT,AI Voice
PTP00002185,A003598,2026-02-15 11:00:00,2026-02-18 11:00:00,12346.87,KEPT,Field
PTP00002186,A001014,2026-01-02 18:00:00,2026-01-16 18:00:00,11417.06,BROKEN,WhatsApp
PTP00002187,A003201,2025-11-14 17:00:00,2025-11-28 17:00:00,14985.01,KEPT,Field
PTP00002188,A003264,2026-02-19 14:00:00,2026-02-20 14:00:00,12968.83,KEPT,Human
PTP00002189,A002912,2026-04-22 17:00:00,2026-04-25 17:00:00,12271.56,PENDING,Human
PTP00002190,A001258,2026-05-21 11:00:00,2026-06-04 11:00:00,13698.48,BROKEN,Field
PTP00002191,A002966,2026-07-17 11:00:00,2026-07-31 11:00:00,11385.77,KEPT,Field
PTP00002192,A000530,2025-11-14 15:00:00,2025-11-15 15:00:00,2607.4,KEPT,Field
PTP00002193,A002600,2025-12-05 17:00:00,2025-12-12 17:00:00,10337.82,PENDING,WhatsApp
PTP00002194,A000840,2026-01-10 14:00:00,2026-01-17 14:00:00,9739.05,KEPT,WhatsApp
PTP00002195,A001555,2025-11-01 13:00:00,2025-11-04 13:00:00,13025.96,BROKEN,AI Voice
PTP00002196,A003642,2025-12-10 08:00:00,2025-12-11 08:00:00,12120.69,KEPT,Field
PTP00002197,A003120,2026-06-21 12:00:00,2026-07-05 12:00:00,2186.31,BROKEN,Field
PTP00002198,A003384,2026-06-23 11:00:00,2026-06-30 11:00:00,7017.65,KEPT,Human
PTP00002199,A002246,2026-01-07 08:00:00,2026-01-10 08:00:00,12290.48,KEPT,Field
PTP00002200,A003272,2026-03-13 10:00:00,2026-03-14 10:00:00,10674.42,KEPT,Human
PTP00002201,A001130,2026-02-03 17:00:00,2026-02-10 17:00:00,3729.58,PENDING,WhatsApp
PTP00002202,A002232,2026-07-05 20:00:00,2026-07-12 20:00:00,7231.85,PENDING,Field
PTP00002203,A001406,2025-11-24 08:00:00,2025-12-08 08:00:00,7622.57,KEPT,Human
PTP00002204,A001677,2026-07-22 09:00:00,2026-07-29 09:00:00,8324.82,PENDING,Human
PTP00002205,A002062,2026-01-13 11:00:00,2026-01-27 11:00:00,10847.74,KEPT,Human
PTP00002206,A002954,2025-11-11 18:00:00,2025-11-12 18:00:00,14838.67,BROKEN,WhatsApp
PTP00002207,A000804,2026-08-11 12:00:00,2026-08-14 12:00:00,14149.42,KEPT,Human
PTP00002208,A000280,2026-01-15 15:00:00,2026-01-18 15:00:00,4831.6,BROKEN,Field
PTP00002209,A000668,2025-12-22 14:00:00,2025-12-23 14:00:00,11980.65,KEPT,AI Voice
PTP00002210,A003707,2025-11-27 09:00:00,2025-12-11 09:00:00,2174.12,BROKEN,Field
PTP00002211,A003414,2026-02-11 19:00:00,2026-02-12 19:00:00,7859.99,KEPT,Human
PTP00002212,A003914,2025-12-26 09:00:00,2025-12-29 09:00:00,3137.03,KEPT,Human
PTP00002213,A002293,2026-03-05 08:00:00,2026-03-08 08:00:00,14776.62,PENDING,Human
PTP00002214,A001865,2025-11-23 08:00:00,2025-12-07 08:00:00,12593.7,BROKEN,Human
PTP00002215,A000155,2026-01-21 11:00:00,2026-02-04 11:00:00,9653.01,KEPT,AI Voice
PTP00002216,A001671,2026-01-12 15:00:00,2026-01-13 15:00:00,13193.08,BROKEN,Human
PTP00002217,A002264,2026-06-20 12:00:00,2026-06-21 12:00:00,11964.31,KEPT,Human
PTP00002218,A001032,2025-10-26 18:00:00,2025-10-27 18:00:00,9693.47,BROKEN,WhatsApp
PTP00002219,A001213,2026-06-21 15:00:00,2026-07-05 15:00:00,9124.2,KEPT,Human
PTP00002220,A002708,2026-01-19 13:00:00,2026-02-02 13:00:00,3333.28,BROKEN,WhatsApp
PTP00002221,A003277,2026-01-04 18:00:00,2026-01-18 18:00:00,2571.93,KEPT,Field
PTP00002222,A002537,2025-10-27 18:00:00,2025-10-28 18:00:00,5282.77,KEPT,AI Voice
PTP00002223,A003719,2026-07-15 19:00:00,2026-07-18 19:00:00,6359.93,PENDING,AI Voice
PTP00002224,A003273,2026-06-01 14:00:00,2026-06-15 14:00:00,11646.47,KEPT,Human
PTP00002225,A001660,2026-04-08 14:00:00,2026-04-15 14:00:00,8858.54,BROKEN,WhatsApp
PTP00002226,A002281,2026-02-17 14:00:00,2026-03-03 14:00:00,5168.33,BROKEN,Field
PTP00002227,A004088,2026-05-08 19:00:00,2026-05-15 19:00:00,10669.6,KEPT,Field
PTP00002228,A003075,2025-11-15 15:00:00,2025-11-18 15:00:00,2343.63,PENDING,WhatsApp
PTP00002229,A000450,2026-01-03 08:00:00,2026-01-17 08:00:00,2742.08,BROKEN,WhatsApp
PTP00002230,A000678,2025-11-19 18:00:00,2025-11-26 18:00:00,10029.89,BROKEN,WhatsApp
PTP00002231,A003966,2026-01-16 14:00:00,2026-01-17 14:00:00,8020.68,KEPT,WhatsApp
PTP00002232,A001873,2026-02-21 10:00:00,2026-02-24 10:00:00,13242.95,KEPT,AI Voice
PTP00002233,A000417,2026-03-24 08:00:00,2026-03-27 08:00:00,11898.83,KEPT,Human
PTP00002234,A001599,2026-06-08 16:00:00,2026-06-15 16:00:00,10107.74,KEPT,WhatsApp
PTP00002235,A003848,2026-08-21 13:00:00,2026-08-24 13:00:00,13811.13,BROKEN,WhatsApp
PTP00002236,A003168,2026-01-23 10:00:00,2026-02-06 10:00:00,9809.79,KEPT,Field
PTP00002237,A003258,2026-03-06 09:00:00,2026-03-09 09:00:00,4284.62,BROKEN,Human
PTP00002238,A001830,2026-05-21 11:00:00,2026-05-22 11:00:00,12090.51,BROKEN,Field
PTP00002239,A004175,2026-04-16 17:00:00,2026-04-19 17:00:00,14087.55,PENDING,Field
PTP00002240,A002200,2026-02-11 17:00:00,2026-02-14 17:00:00,11501.31,PENDING,WhatsApp
PTP00002241,A004083,2026-05-26 17:00:00,2026-06-02 17:00:00,7895.12,BROKEN,Human
PTP00002242,A002111,2026-04-11 17:00:00,2026-04-18 17:00:00,5508.84,KEPT,AI Voice
PTP00002243,A001294,2026-01-07 15:00:00,2026-01-10 15:00:00,9063.61,PENDING,Field
PTP00002244,A000193,2025-12-27 08:00:00,2025-12-28 08:00:00,6609.1,KEPT,Field
PTP00002245,A000619,2026-06-12 14:00:00,2026-06-15 14:00:00,12868.74,PENDING,AI Voice
PTP00002246,A001269,2025-10-02 12:00:00,2025-10-05 12:00:00,5264.9,BROKEN,AI Voice
PTP00002247,A001495,2026-08-20 11:00:00,2026-08-21 11:00:00,7364.66,PENDING,Field
PTP00002248,A001441,2026-01-27 10:00:00,2026-02-10 10:00:00,5057.4,KEPT,Human
PTP00002249,A001221,2025-10-13 19:00:00,2025-10-20 19:00:00,6531.1,KEPT,WhatsApp
PTP00002250,A000145,2026-04-04 09:00:00,2026-04-05 09:00:00,9985.38,BROKEN,WhatsApp
PTP00002251,A003937,2026-08-02 08:00:00,2026-08-05 08:00:00,8222.54,KEPT,Human
PTP00002252,A000107,2025-09-13 20:00:00,2025-09-16 20:00:00,2254.6,KEPT,WhatsApp
PTP00002253,A001271,2026-06-22 09:00:00,2026-07-06 09:00:00,9908.27,KEPT,AI Voice
PTP00002254,A000376,2025-12-13 19:00:00,2025-12-27 19:00:00,6800.71,BROKEN,Field
PTP00002255,A004012,2025-11-05 12:00:00,2025-11-12 12:00:00,2472.96,KEPT,AI Voice
PTP00002256,A001198,2025-11-11 08:00:00,2025-11-12 08:00:00,10131.75,BROKEN,Human
PTP00002257,A001626,2026-03-14 17:00:00,2026-03-28 17:00:00,5918.65,KEPT,Human
PTP00002258,A000056,2026-02-16 12:00:00,2026-02-17 12:00:00,2459.71,BROKEN,Human
PTP00002259,A001393,2026-05-18 13:00:00,2026-05-25 13:00:00,7412.04,BROKEN,AI Voice
PTP00002260,A001790,2026-04-12 15:00:00,2026-04-15 15:00:00,3100.96,KEPT,Field
PTP00002261,A002477,2026-02-25 17:00:00,2026-02-26 17:00:00,9277.85,KEPT,WhatsApp
PTP00002262,A003465,2025-11-03 12:00:00,2025-11-17 12:00:00,8087.64,KEPT,AI Voice
PTP00002263,A001606,2025-10-10 20:00:00,2025-10-24 20:00:00,11968.88,BROKEN,AI Voice
PTP00002264,A001856,2026-05-05 16:00:00,2026-05-06 16:00:00,12542.86,KEPT,Human
PTP00002265,A000445,2026-04-15 19:00:00,2026-04-16 19:00:00,12469.1,KEPT,WhatsApp
PTP00002266,A001348,2026-07-01 12:00:00,2026-07-02 12:00:00,3855.01,KEPT,WhatsApp
PTP00002267,A003976,2025-11-21 13:00:00,2025-11-28 13:00:00,2857.36,BROKEN,AI Voice
PTP00002268,A002893,2025-11-10 15:00:00,2025-11-17 15:00:00,14926.16,KEPT,Field
PTP00002269,A000899,2026-06-03 20:00:00,2026-06-17 20:00:00,9971.34,BROKEN,WhatsApp
PTP00002270,A003001,2026-04-05 16:00:00,2026-04-06 16:00:00,2677.72,KEPT,AI Voice
PTP00002271,A001712,2026-08-26 14:00:00,2026-08-27 14:00:00,14227.65,KEPT,AI Voice
PTP00002272,A003354,2025-09-02 10:00:00,2025-09-09 10:00:00,2346.53,KEPT,Human
PTP00002273,A004086,2026-03-26 11:00:00,2026-04-09 11:00:00,4986.48,KEPT,AI Voice
PTP00002274,A003000,2025-10-02 15:00:00,2025-10-09 15:00:00,14911.24,BROKEN,Field
PTP00002275,A003070,2026-08-27 17:00:00,2026-09-10 17:00:00,4432.93,BROKEN,WhatsApp
PTP00002276,A003387,2025-09-14 15:00:00,2025-09-17 15:00:00,3326.8,KEPT,Field
PTP00002277,A000121,2025-11-17 08:00:00,2025-11-20 08:00:00,4944.66,KEPT,WhatsApp
PTP00002278,A001041,2026-02-24 20:00:00,2026-02-27 20:00:00,10139.19,KEPT,AI Voice
PTP00002279,A003297,2026-05-05 16:00:00,2026-05-08 16:00:00,4409.89,PENDING,WhatsApp
PTP00002280,A001304,2026-07-10 08:00:00,2026-07-13 08:00:00,3986.87,PENDING,Human
PTP00002281,A000746,2026-07-25 14:00:00,2026-07-26 14:00:00,2652.45,BROKEN,Human
PTP00002282,A001702,2025-09-01 15:00:00,2025-09-02 15:00:00,12731.18,KEPT,AI Voice
PTP00002283,A003247,2025-10-20 19:00:00,2025-10-27 19:00:00,10782.73,BROKEN,WhatsApp
PTP00002284,A003110,2025-12-02 20:00:00,2025-12-03 20:00:00,9149.14,BROKEN,AI Voice
PTP00002285,A004190,2025-11-22 14:00:00,2025-11-25 14:00:00,3687.27,BROKEN,Field
PTP00002286,A000035,2026-02-02 14:00:00,2026-02-16 14:00:00,14604.26,BROKEN,AI Voice
PTP00002287,A003683,2025-12-18 13:00:00,2025-12-21 13:00:00,3203.53,KEPT,Human
PTP00002288,A002724,2026-05-22 14:00:00,2026-06-05 14:00:00,11734.06,PENDING,AI Voice
PTP00002289,A002422,2026-01-12 14:00:00,2026-01-19 14:00:00,10211.34,PENDING,WhatsApp
PTP00002290,A001709,2026-08-18 19:00:00,2026-08-21 19:00:00,7366.17,KEPT,AI Voice
PTP00002291,A003793,2026-05-27 11:00:00,2026-06-03 11:00:00,5643.21,KEPT,AI Voice
PTP00002292,A004054,2025-12-26 14:00:00,2025-12-29 14:00:00,8495.12,PENDING,AI Voice
PTP00002293,A003022,2026-05-16 20:00:00,2026-05-23 20:00:00,5244.97,KEPT,Human
PTP00002294,A001618,2025-10-06 10:00:00,2025-10-07 10:00:00,7213.17,KEPT,AI Voice
PTP00002295,A001254,2026-05-14 11:00:00,2026-05-21 11:00:00,5282.87,KEPT,AI Voice
PTP00002296,A000919,2025-10-01 18:00:00,2025-10-08 18:00:00,14662.54,KEPT,Human
PTP00002297,A001208,2025-12-11 18:00:00,2025-12-18 18:00:00,13912.68,KEPT,WhatsApp
PTP00002298,A003494,2025-11-26 14:00:00,2025-11-27 14:00:00,12619.94,KEPT,AI Voice
PTP00002299,A002211,2026-02-10 18:00:00,2026-02-24 18:00:00,4528.04,BROKEN,Field
PTP00002300,A002780,2025-12-07 13:00:00,2025-12-08 13:00:00,4814.74,BROKEN,Human
PTP00002301,A003048,2026-05-09 15:00:00,2026-05-10 15:00:00,4853.63,KEPT,Field
PTP00002302,A003123,2026-08-08 09:00:00,2026-08-15 09:00:00,5696.79,KEPT,Human
PTP00002303,A001721,2025-10-04 12:00:00,2025-10-18 12:00:00,4513.61,PENDING,WhatsApp
PTP00002304,A002899,2025-09-27 17:00:00,2025-09-28 17:00:00,10743.45,KEPT,Field
PTP00002305,A002969,2026-03-20 13:00:00,2026-03-27 13:00:00,12398.33,KEPT,WhatsApp
PTP00002306,A002314,2025-11-07 18:00:00,2025-11-21 18:00:00,8114.77,KEPT,AI Voice
PTP00002307,A000187,2025-12-01 11:00:00,2025-12-02 11:00:00,9719.71,KEPT,WhatsApp
PTP00002308,A001856,2026-08-04 18:00:00,2026-08-11 18:00:00,12720.86,PENDING,WhatsApp
PTP00002309,A000564,2026-01-07 16:00:00,2026-01-10 16:00:00,7928.13,BROKEN,Field
PTP00002310,A001022,2026-06-23 17:00:00,2026-06-30 17:00:00,8075.06,PENDING,WhatsApp
PTP00002311,A000015,2026-08-25 20:00:00,2026-09-08 20:00:00,12467.59,KEPT,Field
PTP00002312,A000427,2026-03-11 18:00:00,2026-03-12 18:00:00,6172.71,PENDING,AI Voice
PTP00002313,A000304,2025-09-04 12:00:00,2025-09-11 12:00:00,3126.3,KEPT,Human
PTP00002314,A001281,2026-01-05 09:00:00,2026-01-12 09:00:00,6857.87,PENDING,Field
PTP00002315,A001491,2025-09-22 11:00:00,2025-09-23 11:00:00,7321.93,BROKEN,Human
PTP00002316,A001587,2026-06-15 18:00:00,2026-06-16 18:00:00,4565.46,PENDING,Human
PTP00002317,A000027,2026-03-05 18:00:00,2026-03-12 18:00:00,7534.19,KEPT,Field
PTP00002318,A003578,2025-12-22 16:00:00,2026-01-05 16:00:00,14907.66,KEPT,Human
PTP00002319,A003515,2026-05-09 20:00:00,2026-05-23 20:00:00,8649.05,KEPT,AI Voice
PTP00002320,A001356,2025-10-09 10:00:00,2025-10-16 10:00:00,13186.41,KEPT,Field
PTP00002321,A002311,2025-10-23 17:00:00,2025-10-30 17:00:00,2350.71,BROKEN,WhatsApp
PTP00002322,A000571,2026-01-02 15:00:00,2026-01-03 15:00:00,13678.79,BROKEN,Field
PTP00002323,A001337,2026-08-16 12:00:00,2026-08-23 12:00:00,9093.37,KEPT,WhatsApp
PTP00002324,A001003,2026-02-09 15:00:00,2026-02-16 15:00:00,5322.39,KEPT,Human
PTP00002325,A003343,2025-10-19 13:00:00,2025-11-02 13:00:00,4005.17,KEPT,AI Voice
PTP00002326,A000127,2026-05-26 15:00:00,2026-05-29 15:00:00,13990.12,BROKEN,Human
PTP00002327,A001667,2025-11-10 12:00:00,2025-11-24 12:00:00,7681.61,KEPT,Human
PTP00002328,A002714,2026-03-17 13:00:00,2026-03-31 13:00:00,10977.0,KEPT,WhatsApp
PTP00002329,A001480,2026-02-04 19:00:00,2026-02-05 19:00:00,3770.06,KEPT,AI Voice
PTP00002330,A000963,2026-02-26 15:00:00,2026-03-12 15:00:00,4747.29,KEPT,WhatsApp
PTP00002331,A002047,2025-12-14 10:00:00,2025-12-21 10:00:00,13801.8,KEPT,Field
PTP00002332,A001489,2026-03-22 16:00:00,2026-03-29 16:00:00,6339.97,KEPT,Human
PTP00002333,A003093,2026-02-18 16:00:00,2026-03-04 16:00:00,6121.26,KEPT,Field
PTP00002334,A001266,2026-08-21 10:00:00,2026-08-24 10:00:00,3858.75,KEPT,WhatsApp
PTP00002335,A000684,2026-03-12 19:00:00,2026-03-26 19:00:00,7297.83,BROKEN,AI Voice
PTP00002336,A003082,2025-11-23 14:00:00,2025-11-26 14:00:00,5508.8,KEPT,AI Voice
PTP00002337,A003924,2026-06-03 20:00:00,2026-06-06 20:00:00,7692.13,BROKEN,Human
PTP00002338,A002252,2026-01-16 13:00:00,2026-01-17 13:00:00,8858.68,BROKEN,AI Voice
PTP00002339,A000221,2026-05-07 14:00:00,2026-05-10 14:00:00,2949.02,PENDING,WhatsApp
PTP00002340,A003314,2026-05-17 10:00:00,2026-05-24 10:00:00,4652.64,BROKEN,WhatsApp
PTP00002341,A004019,2025-09-23 14:00:00,2025-09-26 14:00:00,2041.63,BROKEN,Human
PTP00002342,A003202,2026-02-20 16:00:00,2026-02-23 16:00:00,14276.44,BROKEN,Field
PTP00002343,A003700,2026-05-19 14:00:00,2026-05-26 14:00:00,10456.34,BROKEN,AI Voice
PTP00002344,A002548,2026-02-08 20:00:00,2026-02-22 20:00:00,13576.21,KEPT,Human
PTP00002345,A001575,2026-03-09 11:00:00,2026-03-12 11:00:00,7040.55,BROKEN,Human
PTP00002346,A002908,2026-04-02 19:00:00,2026-04-09 19:00:00,5903.14,KEPT,Field
PTP00002347,A002825,2026-07-23 13:00:00,2026-07-24 13:00:00,11169.36,KEPT,AI Voice
PTP00002348,A000223,2025-09-09 12:00:00,2025-09-23 12:00:00,12377.17,KEPT,Field
PTP00002349,A002801,2026-04-21 13:00:00,2026-04-28 13:00:00,14818.68,KEPT,Human
PTP00002350,A003256,2025-12-13 12:00:00,2025-12-14 12:00:00,10100.91,BROKEN,WhatsApp
PTP00002351,A000203,2025-10-14 12:00:00,2025-10-17 12:00:00,9599.32,BROKEN,Field
PTP00002352,A001185,2026-06-16 16:00:00,2026-06-19 16:00:00,9096.6,BROKEN,Human
PTP00002353,A002180,2026-06-27 17:00:00,2026-06-30 17:00:00,12385.27,KEPT,Field
PTP00002354,A002348,2025-12-06 13:00:00,2025-12-07 13:00:00,10575.58,KEPT,Field
PTP00002355,A000219,2026-04-06 13:00:00,2026-04-09 13:00:00,2115.41,KEPT,Human
PTP00002356,A002125,2025-11-03 18:00:00,2025-11-17 18:00:00,10848.12,BROKEN,AI Voice
PTP00002357,A003361,2025-10-12 15:00:00,2025-10-15 15:00:00,11281.31,KEPT,WhatsApp
PTP00002358,A002090,2025-11-14 20:00:00,2025-11-28 20:00:00,10949.7,BROKEN,AI Voice
PTP00002359,A000109,2025-10-08 08:00:00,2025-10-15 08:00:00,14471.28,KEPT,Field
PTP00002360,A000590,2025-09-04 11:00:00,2025-09-18 11:00:00,12594.16,KEPT,Human
PTP00002361,A000080,2025-12-05 13:00:00,2025-12-06 13:00:00,6043.68,KEPT,WhatsApp
PTP00002362,A002151,2025-12-16 09:00:00,2025-12-19 09:00:00,10469.71,BROKEN,WhatsApp
PTP00002363,A000973,2025-12-08 11:00:00,2025-12-22 11:00:00,4932.8,BROKEN,Field
PTP00002364,A003843,2026-02-24 09:00:00,2026-03-10 09:00:00,12980.13,BROKEN,Field
PTP00002365,A000190,2025-12-21 12:00:00,2025-12-28 12:00:00,14109.81,BROKEN,Human
PTP00002366,A000290,2026-05-14 14:00:00,2026-05-15 14:00:00,12948.65,BROKEN,Field
PTP00002367,A003902,2025-10-20 16:00:00,2025-10-21 16:00:00,8778.54,BROKEN,Field
PTP00002368,A004164,2026-07-05 17:00:00,2026-07-08 17:00:00,12785.23,KEPT,WhatsApp
PTP00002369,A000666,2025-11-25 13:00:00,2025-12-02 13:00:00,2464.72,KEPT,WhatsApp
PTP00002370,A002548,2026-02-25 08:00:00,2026-03-04 08:00:00,4350.13,BROKEN,Field
PTP00002371,A002768,2026-05-21 20:00:00,2026-05-24 20:00:00,14041.84,KEPT,Field
PTP00002372,A000288,2025-10-14 08:00:00,2025-10-15 08:00:00,8520.05,KEPT,Field
PTP00002373,A002201,2025-09-24 15:00:00,2025-09-25 15:00:00,5663.95,KEPT,Human
PTP00002374,A001151,2026-02-13 15:00:00,2026-02-27 15:00:00,14763.16,KEPT,Human
PTP00002375,A001976,2026-07-08 13:00:00,2026-07-15 13:00:00,13388.0,KEPT,WhatsApp
PTP00002376,A001994,2026-08-26 10:00:00,2026-09-02 10:00:00,10725.74,BROKEN,Human
PTP00002377,A004169,2025-09-05 13:00:00,2025-09-12 13:00:00,8408.42,KEPT,WhatsApp
PTP00002378,A003103,2026-05-02 09:00:00,2026-05-16 09:00:00,2006.05,KEPT,AI Voice
PTP00002379,A002943,2025-10-18 14:00:00,2025-10-25 14:00:00,4163.26,KEPT,AI Voice
PTP00002380,A003994,2026-02-02 15:00:00,2026-02-16 15:00:00,13303.11,BROKEN,AI Voice
PTP00002381,A000430,2025-09-20 16:00:00,2025-10-04 16:00:00,12992.68,PENDING,WhatsApp
PTP00002382,A003286,2026-06-18 12:00:00,2026-06-25 12:00:00,9189.41,BROKEN,AI Voice
PTP00002383,A002320,2026-07-21 11:00:00,2026-07-22 11:00:00,9253.11,PENDING,Human
PTP00002384,A001006,2026-08-12 12:00:00,2026-08-15 12:00:00,12358.04,BROKEN,Human
PTP00002385,A003633,2026-03-21 16:00:00,2026-03-22 16:00:00,3022.17,BROKEN,AI Voice
PTP00002386,A000180,2025-12-03 16:00:00,2025-12-04 16:00:00,13785.9,KEPT,Human
PTP00002387,A001943,2025-09-13 16:00:00,2025-09-14 16:00:00,2441.39,KEPT,AI Voice
PTP00002388,A001856,2025-10-18 15:00:00,2025-10-21 15:00:00,3921.74,PENDING,Field
PTP00002389,A001339,2026-08-03 11:00:00,2026-08-17 11:00:00,13869.51,KEPT,Field
PTP00002390,A000477,2026-08-20 12:00:00,2026-09-03 12:00:00,3785.48,KEPT,AI Voice
PTP00002391,A001119,2026-06-07 14:00:00,2026-06-14 14:00:00,10650.81,KEPT,Human
PTP00002392,A002148,2025-10-09 12:00:00,2025-10-12 12:00:00,13563.74,KEPT,WhatsApp
PTP00002393,A001458,2025-10-16 08:00:00,2025-10-17 08:00:00,10979.28,KEPT,WhatsApp
PTP00002394,A000262,2026-02-01 15:00:00,2026-02-02 15:00:00,8489.47,KEPT,WhatsApp
PTP00002395,A003747,2025-11-18 14:00:00,2025-11-21 14:00:00,10865.67,KEPT,WhatsApp
PTP00002396,A003977,2025-12-19 14:00:00,2026-01-02 14:00:00,3378.79,KEPT,Field
PTP00002397,A003314,2026-01-19 10:00:00,2026-01-20 10:00:00,2664.56,BROKEN,Field
PTP00002398,A000356,2026-03-01 19:00:00,2026-03-04 19:00:00,10729.86,KEPT,WhatsApp
PTP00002399,A000648,2025-09-10 19:00:00,2025-09-17 19:00:00,7264.45,KEPT,WhatsApp
PTP00002400,A002650,2025-11-17 19:00:00,2025-11-18 19:00:00,2729.74,BROKEN,WhatsApp
PTP00002401,A000058,2025-10-18 10:00:00,2025-10-19 10:00:00,2724.55,PENDING,Field
PTP00002402,A000487,2026-07-25 20:00:00,2026-07-28 20:00:00,10065.68,KEPT,Field
PTP00002403,A004114,2026-02-11 20:00:00,2026-02-25 20:00:00,13117.74,BROKEN,WhatsApp
PTP00002404,A000971,2025-09-04 09:00:00,2025-09-07 09:00:00,3430.62,BROKEN,WhatsApp
PTP00002405,A001394,2026-07-26 13:00:00,2026-07-27 13:00:00,4031.56,BROKEN,WhatsApp
PTP00002406,A004105,2025-11-26 08:00:00,2025-11-27 08:00:00,8759.75,KEPT,WhatsApp
PTP00002407,A003447,2026-01-14 12:00:00,2026-01-21 12:00:00,3301.85,KEPT,Field
PTP00002408,A003768,2026-07-22 12:00:00,2026-07-29 12:00:00,5292.94,KEPT,AI Voice
PTP00002409,A004172,2026-03-03 17:00:00,2026-03-04 17:00:00,7000.51,KEPT,Human
PTP00002410,A002397,2026-07-10 11:00:00,2026-07-24 11:00:00,2754.85,KEPT,Field
PTP00002411,A002288,2026-01-18 19:00:00,2026-02-01 19:00:00,8007.05,BROKEN,Human
PTP00002412,A004022,2026-04-14 20:00:00,2026-04-28 20:00:00,14002.68,KEPT,AI Voice
PTP00002413,A000973,2026-03-24 11:00:00,2026-03-31 11:00:00,5647.01,BROKEN,AI Voice
PTP00002414,A003861,2026-07-04 17:00:00,2026-07-05 17:00:00,3109.11,BROKEN,WhatsApp
PTP00002415,A002864,2026-03-02 12:00:00,2026-03-03 12:00:00,5938.64,KEPT,Human
PTP00002416,A000579,2026-03-25 09:00:00,2026-04-01 09:00:00,7930.66,KEPT,Human
PTP00002417,A000336,2026-03-22 17:00:00,2026-03-25 17:00:00,13209.67,KEPT,AI Voice
PTP00002418,A002319,2025-10-20 08:00:00,2025-11-03 08:00:00,5031.3,KEPT,Human
PTP00002419,A000965,2026-07-06 19:00:00,2026-07-13 19:00:00,13765.73,BROKEN,Human
PTP00002420,A002912,2025-11-09 11:00:00,2025-11-12 11:00:00,6566.4,KEPT,WhatsApp
PTP00002421,A001135,2026-03-14 18:00:00,2026-03-15 18:00:00,11867.88,KEPT,Human
PTP00002422,A002772,2026-02-27 13:00:00,2026-02-28 13:00:00,8374.99,BROKEN,Field
PTP00002423,A003971,2026-01-08 14:00:00,2026-01-09 14:00:00,14838.98,BROKEN,WhatsApp
PTP00002424,A002164,2026-06-01 14:00:00,2026-06-15 14:00:00,12918.54,PENDING,Human
PTP00002425,A000246,2026-04-13 20:00:00,2026-04-20 20:00:00,9881.5,KEPT,Human
PTP00002426,A003190,2026-05-12 16:00:00,2026-05-13 16:00:00,13995.68,BROKEN,Field
PTP00002427,A003428,2026-01-06 15:00:00,2026-01-13 15:00:00,4569.48,BROKEN,AI Voice
PTP00002428,A001805,2026-06-26 08:00:00,2026-07-03 08:00:00,12226.04,KEPT,WhatsApp
PTP00002429,A003052,2026-06-15 13:00:00,2026-06-22 13:00:00,11776.15,BROKEN,Human
PTP00002430,A000022,2025-10-22 19:00:00,2025-10-25 19:00:00,11745.18,BROKEN,WhatsApp
PTP00002431,A000865,2025-11-16 10:00:00,2025-11-30 10:00:00,13348.92,KEPT,Human
PTP00002432,A003630,2026-05-13 18:00:00,2026-05-16 18:00:00,11122.08,KEPT,Field
PTP00002433,A002031,2026-01-15 15:00:00,2026-01-29 15:00:00,3798.97,PENDING,Field
PTP00002434,A001552,2025-11-11 13:00:00,2025-11-14 13:00:00,4113.63,KEPT,WhatsApp
PTP00002435,A003899,2026-08-23 15:00:00,2026-08-30 15:00:00,10975.1,BROKEN,Human
PTP00002436,A001444,2026-02-03 16:00:00,2026-02-17 16:00:00,3496.49,KEPT,WhatsApp
PTP00002437,A000922,2025-10-20 08:00:00,2025-10-23 08:00:00,10344.35,BROKEN,Human
PTP00002438,A003932,2025-11-22 12:00:00,2025-11-25 12:00:00,3101.27,KEPT,WhatsApp
PTP00002439,A000592,2026-06-09 12:00:00,2026-06-12 12:00:00,11888.35,BROKEN,AI Voice
PTP00002440,A003733,2026-04-04 13:00:00,2026-04-07 13:00:00,10676.2,KEPT,Field
PTP00002441,A002194,2026-07-11 08:00:00,2026-07-25 08:00:00,9666.23,BROKEN,Field
PTP00002442,A002277,2026-02-08 10:00:00,2026-02-09 10:00:00,5863.51,KEPT,WhatsApp
PTP00002443,A000486,2026-05-08 14:00:00,2026-05-22 14:00:00,5368.81,BROKEN,AI Voice
PTP00002444,A000554,2025-11-16 19:00:00,2025-11-30 19:00:00,4809.67,KEPT,WhatsApp
PTP00002445,A001895,2026-07-02 13:00:00,2026-07-09 13:00:00,5657.84,BROKEN,AI Voice
PTP00002446,A002080,2026-06-06 15:00:00,2026-06-20 15:00:00,4196.8,BROKEN,Human
PTP00002447,A002889,2026-03-27 17:00:00,2026-04-10 17:00:00,8344.33,KEPT,Field
PTP00002448,A002679,2026-05-06 20:00:00,2026-05-09 20:00:00,4208.84,BROKEN,WhatsApp
PTP00002449,A003877,2026-05-02 09:00:00,2026-05-09 09:00:00,2440.35,KEPT,Field
PTP00002450,A003730,2026-05-09 18:00:00,2026-05-16 18:00:00,9073.83,BROKEN,Human
PTP00002451,A000642,2026-06-02 19:00:00,2026-06-03 19:00:00,14318.99,PENDING,WhatsApp
PTP00002452,A001646,2026-03-17 12:00:00,2026-03-18 12:00:00,4593.29,BROKEN,WhatsApp
PTP00002453,A003469,2025-11-24 12:00:00,2025-11-25 12:00:00,13892.78,PENDING,WhatsApp
PTP00002454,A003976,2026-07-02 08:00:00,2026-07-05 08:00:00,7962.03,KEPT,Human
PTP00002455,A001552,2026-05-17 09:00:00,2026-05-31 09:00:00,6151.4,KEPT,WhatsApp
PTP00002456,A001690,2026-02-18 15:00:00,2026-02-21 15:00:00,6630.44,KEPT,Human
PTP00002457,A003431,2026-02-10 09:00:00,2026-02-13 09:00:00,2887.89,BROKEN,WhatsApp
PTP00002458,A003591,2026-01-13 20:00:00,2026-01-14 20:00:00,9664.85,KEPT,Field
PTP00002459,A000488,2026-06-23 08:00:00,2026-06-26 08:00:00,3048.75,KEPT,Human
PTP00002460,A003341,2025-10-14 20:00:00,2025-10-15 20:00:00,7292.18,KEPT,Human
PTP00002461,A001272,2025-12-17 17:00:00,2025-12-18 17:00:00,6227.84,BROKEN,WhatsApp
PTP00002462,A002398,2026-05-08 20:00:00,2026-05-11 20:00:00,3652.05,KEPT,Field
PTP00002463,A002148,2026-02-17 15:00:00,2026-03-03 15:00:00,11747.57,KEPT,WhatsApp
PTP00002464,A002436,2026-02-07 10:00:00,2026-02-08 10:00:00,2240.17,BROKEN,AI Voice
PTP00002465,A003355,2025-12-21 14:00:00,2025-12-28 14:00:00,5962.44,KEPT,Human
PTP00002466,A003308,2025-11-27 17:00:00,2025-12-11 17:00:00,4593.1,KEPT,AI Voice
PTP00002467,A001757,2026-05-24 19:00:00,2026-06-07 19:00:00,7755.2,PENDING,Field
PTP00002468,A003424,2026-05-18 16:00:00,2026-05-21 16:00:00,5574.5,KEPT,Human
PTP00002469,A002652,2026-07-21 10:00:00,2026-07-22 10:00:00,2851.26,KEPT,Human
PTP00002470,A002587,2026-01-04 19:00:00,2026-01-18 19:00:00,13504.03,BROKEN,Field
PTP00002471,A002701,2026-03-08 08:00:00,2026-03-15 08:00:00,5378.08,KEPT,AI Voice
PTP00002472,A002935,2025-12-23 10:00:00,2025-12-24 10:00:00,3932.71,PENDING,AI Voice
PTP00002473,A000760,2026-06-19 14:00:00,2026-06-22 14:00:00,13688.97,PENDING,WhatsApp
PTP00002474,A001166,2026-01-21 20:00:00,2026-01-28 20:00:00,8755.26,KEPT,Field
PTP00002475,A003356,2026-05-07 08:00:00,2026-05-10 08:00:00,11964.77,KEPT,WhatsApp
PTP00002476,A000184,2026-03-01 20:00:00,2026-03-08 20:00:00,13207.12,BROKEN,Field
PTP00002477,A001036,2026-01-26 14:00:00,2026-02-09 14:00:00,3780.33,PENDING,AI Voice
PTP00002478,A004184,2025-10-08 17:00:00,2025-10-11 17:00:00,14710.28,BROKEN,Human
PTP00002479,A001975,2026-08-23 09:00:00,2026-08-24 09:00:00,2576.28,BROKEN,Field
PTP00002480,A002775,2025-10-22 13:00:00,2025-11-05 13:00:00,11328.25,BROKEN,WhatsApp
PTP00002481,A003167,2025-12-16 09:00:00,2025-12-19 09:00:00,3286.31,KEPT,AI Voice
PTP00002482,A003440,2025-11-05 20:00:00,2025-11-08 20:00:00,9544.29,KEPT,AI Voice
PTP00002483,A002555,2025-09-10 15:00:00,2025-09-11 15:00:00,10157.0,BROKEN,WhatsApp
PTP00002484,A003499,2026-08-15 11:00:00,2026-08-22 11:00:00,8343.0,PENDING,WhatsApp
PTP00002485,A000814,2026-01-20 10:00:00,2026-01-21 10:00:00,14678.59,KEPT,AI Voice
PTP00002486,A002970,2026-03-07 19:00:00,2026-03-14 19:00:00,9246.57,KEPT,WhatsApp
PTP00002487,A001575,2026-08-06 20:00:00,2026-08-09 20:00:00,5777.42,KEPT,AI Voice
PTP00002488,A002249,2026-07-19 18:00:00,2026-07-20 18:00:00,14684.04,KEPT,Field
PTP00002489,A002722,2026-08-23 11:00:00,2026-08-30 11:00:00,2662.46,PENDING,Human
PTP00002490,A001224,2026-05-02 19:00:00,2026-05-05 19:00:00,3776.04,KEPT,Human
PTP00002491,A003217,2026-01-22 14:00:00,2026-01-23 14:00:00,12801.35,KEPT,Human
PTP00002492,A003019,2026-04-13 19:00:00,2026-04-14 19:00:00,2809.89,PENDING,Field
PTP00002493,A000590,2026-01-24 13:00:00,2026-02-07 13:00:00,2642.6,KEPT,Human
PTP00002494,A003608,2026-02-17 13:00:00,2026-03-03 13:00:00,5679.05,BROKEN,WhatsApp
PTP00002495,A003921,2026-08-13 17:00:00,2026-08-14 17:00:00,3566.39,PENDING,WhatsApp
PTP00002496,A001877,2026-07-23 08:00:00,2026-07-26 08:00:00,10897.87,BROKEN,Field
PTP00002497,A003401,2026-01-23 14:00:00,2026-01-26 14:00:00,5955.95,KEPT,WhatsApp
PTP00002498,A002007,2025-12-03 20:00:00,2025-12-04 20:00:00,12572.1,PENDING,WhatsApp
PTP00002499,A000024,2025-10-19 12:00:00,2025-11-02 12:00:00,10574.94,BROKEN,AI Voice
PTP00002500,A001076,2026-05-15 18:00:00,2026-05-18 18:00:00,6508.17,BROKEN,AI Voice
PTP00002501,A003023,2025-12-17 16:00:00,2025-12-20 16:00:00,6288.86,BROKEN,Field
PTP00002502,A003903,2025-09-05 20:00:00,2025-09-19 20:00:00,6915.42,PENDING,Field
PTP00002503,A001147,2026-06-20 15:00:00,2026-06-27 15:00:00,9740.55,BROKEN,Human
PTP00002504,A001603,2025-10-23 11:00:00,2025-10-26 11:00:00,4875.94,PENDING,WhatsApp
PTP00002505,A003135,2026-05-20 15:00:00,2026-05-27 15:00:00,2438.54,KEPT,Field
PTP00002506,A000214,2026-03-21 19:00:00,2026-04-04 19:00:00,7490.26,KEPT,WhatsApp
PTP00002507,A004174,2026-03-16 10:00:00,2026-03-30 10:00:00,7701.56,BROKEN,Human
PTP00002508,A003594,2026-08-05 17:00:00,2026-08-08 17:00:00,11702.27,KEPT,WhatsApp
PTP00002509,A002224,2026-07-26 13:00:00,2026-08-09 13:00:00,7961.09,KEPT,Field
PTP00002510,A003057,2026-07-01 09:00:00,2026-07-02 09:00:00,10458.86,BROKEN,Human
PTP00002511,A000850,2026-03-11 15:00:00,2026-03-18 15:00:00,8040.15,BROKEN,AI Voice
PTP00002512,A002405,2026-06-14 14:00:00,2026-06-21 14:00:00,8260.04,BROKEN,Field
PTP00002513,A004098,2025-11-27 15:00:00,2025-12-11 15:00:00,6270.53,KEPT,WhatsApp
PTP00002514,A003416,2026-04-15 14:00:00,2026-04-29 14:00:00,5762.48,KEPT,Field
PTP00002515,A002620,2025-12-16 11:00:00,2025-12-19 11:00:00,13487.63,KEPT,Human
PTP00002516,A000152,2026-04-23 17:00:00,2026-04-30 17:00:00,12058.43,PENDING,AI Voice
PTP00002517,A003943,2025-11-11 09:00:00,2025-11-18 09:00:00,8215.12,PENDING,AI Voice
PTP00002518,A000472,2026-01-09 15:00:00,2026-01-16 15:00:00,6313.58,KEPT,Human
PTP00002519,A001577,2026-05-19 12:00:00,2026-05-22 12:00:00,13410.62,KEPT,Human
PTP00002520,A000558,2026-06-08 11:00:00,2026-06-15 11:00:00,8099.48,BROKEN,WhatsApp
PTP00002521,A000158,2026-08-16 18:00:00,2026-08-30 18:00:00,2123.81,BROKEN,Field
PTP00002522,A001489,2026-07-04 11:00:00,2026-07-07 11:00:00,6327.04,KEPT,Field
PTP00002523,A002770,2026-06-10 14:00:00,2026-06-17 14:00:00,13927.66,KEPT,AI Voice
PTP00002524,A000036,2026-07-10 20:00:00,2026-07-11 20:00:00,4321.78,BROKEN,AI Voice
PTP00002525,A002310,2026-04-27 14:00:00,2026-04-28 14:00:00,2543.6,BROKEN,Field
PTP00002526,A003848,2025-12-07 17:00:00,2025-12-10 17:00:00,14646.46,BROKEN,WhatsApp
PTP00002527,A003301,2026-08-09 09:00:00,2026-08-12 09:00:00,10678.0,BROKEN,WhatsApp
PTP00002528,A000387,2026-06-24 10:00:00,2026-06-27 10:00:00,3471.5,PENDING,WhatsApp
PTP00002529,A001299,2026-03-24 16:00:00,2026-03-31 16:00:00,5011.0,KEPT,Field
PTP00002530,A004135,2025-12-14 08:00:00,2025-12-17 08:00:00,4223.37,KEPT,Human
PTP00002531,A001778,2026-04-21 09:00:00,2026-04-28 09:00:00,2362.18,BROKEN,WhatsApp
PTP00002532,A003829,2025-11-18 11:00:00,2025-11-21 11:00:00,6575.33,BROKEN,AI Voice
PTP00002533,A000138,2025-12-12 19:00:00,2025-12-26 19:00:00,6149.41,KEPT,WhatsApp
PTP00002534,A003676,2026-03-12 14:00:00,2026-03-13 14:00:00,7893.62,BROKEN,WhatsApp
PTP00002535,A003432,2026-02-07 10:00:00,2026-02-14 10:00:00,8457.71,PENDING,WhatsApp
PTP00002536,A003447,2026-06-15 13:00:00,2026-06-18 13:00:00,8214.55,KEPT,Human
PTP00002537,A002972,2026-08-13 10:00:00,2026-08-27 10:00:00,9949.02,KEPT,Field
PTP00002538,A002117,2025-10-04 11:00:00,2025-10-18 11:00:00,3307.57,KEPT,Human
PTP00002539,A004170,2026-07-08 13:00:00,2026-07-11 13:00:00,12167.53,KEPT,Human
PTP00002540,A002795,2025-11-26 15:00:00,2025-11-27 15:00:00,8612.57,BROKEN,Human
PTP00002541,A003404,2026-07-06 19:00:00,2026-07-13 19:00:00,4261.58,KEPT,WhatsApp
PTP00002542,A001441,2026-02-04 11:00:00,2026-02-07 11:00:00,6492.74,BROKEN,Field
PTP00002543,A001611,2026-03-12 18:00:00,2026-03-13 18:00:00,9436.77,KEPT,WhatsApp
PTP00002544,A003629,2026-04-08 19:00:00,2026-04-09 19:00:00,4416.22,KEPT,Human
PTP00002545,A002147,2026-08-07 09:00:00,2026-08-14 09:00:00,8311.55,KEPT,AI Voice
PTP00002546,A001598,2026-05-03 17:00:00,2026-05-04 17:00:00,3601.29,BROKEN,WhatsApp
PTP00002547,A003891,2025-09-20 13:00:00,2025-09-21 13:00:00,4052.32,KEPT,Field
PTP00002548,A002386,2026-08-16 15:00:00,2026-08-19 15:00:00,4811.21,BROKEN,Human
PTP00002549,A000091,2026-05-14 11:00:00,2026-05-15 11:00:00,6524.0,KEPT,WhatsApp
PTP00002550,A003296,2026-04-19 18:00:00,2026-05-03 18:00:00,7155.62,KEPT,Field
PTP00002551,A001791,2026-03-07 16:00:00,2026-03-08 16:00:00,3933.7,BROKEN,WhatsApp
PTP00002552,A000711,2026-05-27 14:00:00,2026-06-03 14:00:00,6822.83,KEPT,WhatsApp
PTP00002553,A001062,2026-05-23 16:00:00,2026-05-26 16:00:00,11338.95,KEPT,WhatsApp
PTP00002554,A001154,2025-12-19 17:00:00,2026-01-02 17:00:00,14992.55,PENDING,AI Voice
PTP00002555,A000017,2026-06-15 10:00:00,2026-06-18 10:00:00,4842.04,KEPT,Human
PTP00002556,A001218,2025-10-11 11:00:00,2025-10-18 11:00:00,5051.94,KEPT,Field
PTP00002557,A002277,2026-08-12 12:00:00,2026-08-13 12:00:00,6828.87,KEPT,AI Voice
PTP00002558,A002647,2025-11-24 14:00:00,2025-12-01 14:00:00,4900.78,PENDING,Field
PTP00002559,A000841,2026-01-12 15:00:00,2026-01-19 15:00:00,11040.44,PENDING,Human
PTP00002560,A002149,2025-09-25 18:00:00,2025-09-28 18:00:00,5817.48,PENDING,Human
PTP00002561,A001476,2025-10-21 15:00:00,2025-11-04 15:00:00,4243.24,BROKEN,Field
PTP00002562,A002435,2025-12-10 15:00:00,2025-12-11 15:00:00,3033.64,PENDING,Human
PTP00002563,A003817,2026-05-04 13:00:00,2026-05-07 13:00:00,12078.55,BROKEN,Field
PTP00002564,A000308,2026-06-06 17:00:00,2026-06-07 17:00:00,5779.8,PENDING,Field
PTP00002565,A000890,2026-03-05 15:00:00,2026-03-12 15:00:00,4397.99,KEPT,AI Voice
PTP00002566,A001021,2026-05-01 18:00:00,2026-05-02 18:00:00,12309.68,BROKEN,WhatsApp
PTP00002567,A002511,2026-06-21 08:00:00,2026-06-22 08:00:00,6617.18,KEPT,WhatsApp
PTP00002568,A001129,2026-08-16 16:00:00,2026-08-19 16:00:00,10824.61,KEPT,WhatsApp
PTP00002569,A001850,2026-01-08 12:00:00,2026-01-22 12:00:00,3654.28,KEPT,AI Voice
PTP00002570,A002902,2025-09-14 16:00:00,2025-09-21 16:00:00,2953.96,BROKEN,Human
PTP00002571,A002327,2026-04-01 11:00:00,2026-04-08 11:00:00,9682.07,BROKEN,Field
PTP00002572,A002893,2025-12-03 09:00:00,2025-12-10 09:00:00,3016.84,PENDING,WhatsApp
PTP00002573,A003968,2026-04-02 11:00:00,2026-04-09 11:00:00,6409.36,PENDING,AI Voice
PTP00002574,A003986,2026-06-26 15:00:00,2026-07-03 15:00:00,6509.82,PENDING,WhatsApp
PTP00002575,A004177,2026-07-07 19:00:00,2026-07-21 19:00:00,7869.24,KEPT,Field
PTP00002576,A002374,2025-10-15 16:00:00,2025-10-22 16:00:00,3321.95,BROKEN,WhatsApp
PTP00002577,A001635,2026-07-18 18:00:00,2026-07-21 18:00:00,5900.18,KEPT,Human
PTP00002578,A002008,2026-08-02 11:00:00,2026-08-16 11:00:00,4128.28,BROKEN,Field
PTP00002579,A002083,2025-09-25 19:00:00,2025-10-09 19:00:00,12681.59,KEPT,AI Voice
PTP00002580,A000199,2026-05-19 08:00:00,2026-05-20 08:00:00,10695.55,BROKEN,WhatsApp
PTP00002581,A003681,2025-12-05 08:00:00,2025-12-19 08:00:00,3204.86,BROKEN,Human
PTP00002582,A002909,2026-02-10 19:00:00,2026-02-24 19:00:00,5466.48,KEPT,Human
PTP00002583,A001751,2026-03-22 10:00:00,2026-03-23 10:00:00,4359.7,KEPT,Field
PTP00002584,A003409,2025-10-22 09:00:00,2025-10-23 09:00:00,10873.08,KEPT,Human
PTP00002585,A003922,2026-01-18 13:00:00,2026-01-19 13:00:00,6374.68,KEPT,WhatsApp
PTP00002586,A003725,2025-10-11 13:00:00,2025-10-12 13:00:00,10891.68,KEPT,AI Voice
PTP00002587,A000701,2025-09-19 08:00:00,2025-10-03 08:00:00,12150.4,BROKEN,AI Voice
PTP00002588,A001320,2026-08-25 20:00:00,2026-09-08 20:00:00,5593.38,KEPT,AI Voice
PTP00002589,A001875,2026-06-13 18:00:00,2026-06-14 18:00:00,8388.88,KEPT,WhatsApp
PTP00002590,A000885,2026-05-05 08:00:00,2026-05-12 08:00:00,5116.53,BROKEN,WhatsApp
PTP00002591,A000714,2026-08-03 12:00:00,2026-08-10 12:00:00,5338.04,KEPT,WhatsApp
PTP00002592,A000935,2026-03-10 12:00:00,2026-03-17 12:00:00,14073.93,PENDING,Field
PTP00002593,A002351,2026-05-14 20:00:00,2026-05-17 20:00:00,4177.83,KEPT,Human
PTP00002594,A000828,2025-10-12 18:00:00,2025-10-26 18:00:00,9110.27,KEPT,AI Voice
PTP00002595,A003129,2026-01-16 12:00:00,2026-01-30 12:00:00,7086.85,KEPT,AI Voice
PTP00002596,A002280,2026-04-18 14:00:00,2026-04-19 14:00:00,9550.61,KEPT,WhatsApp
PTP00002597,A002594,2025-11-10 15:00:00,2025-11-17 15:00:00,3399.58,KEPT,WhatsApp
PTP00002598,A002820,2025-11-13 15:00:00,2025-11-14 15:00:00,14665.96,BROKEN,Human
PTP00002599,A003692,2025-12-23 20:00:00,2026-01-06 20:00:00,13428.37,KEPT,Human
PTP00002600,A002292,2026-02-15 16:00:00,2026-02-16 16:00:00,11629.64,BROKEN,AI Voice
PTP00002601,A003877,2026-03-22 20:00:00,2026-04-05 20:00:00,10920.62,BROKEN,Field
PTP00002602,A001265,2026-08-07 08:00:00,2026-08-21 08:00:00,14646.13,KEPT,WhatsApp
PTP00002603,A002327,2025-12-24 15:00:00,2025-12-31 15:00:00,3244.96,KEPT,Field
PTP00002604,A000554,2026-06-24 20:00:00,2026-07-08 20:00:00,7602.65,BROKEN,Human
PTP00002605,A003789,2026-07-05 13:00:00,2026-07-19 13:00:00,11541.17,KEPT,WhatsApp
PTP00002606,A003330,2026-04-16 18:00:00,2026-04-17 18:00:00,10724.56,BROKEN,AI Voice
PTP00002607,A002991,2026-05-03 16:00:00,2026-05-06 16:00:00,9285.44,KEPT,Field
PTP00002608,A001013,2025-09-07 20:00:00,2025-09-14 20:00:00,2198.98,KEPT,Field
PTP00002609,A000200,2026-08-14 18:00:00,2026-08-17 18:00:00,2007.47,BROKEN,AI Voice
PTP00002610,A003728,2026-02-11 15:00:00,2026-02-18 15:00:00,11200.5,KEPT,Human
PTP00002611,A001476,2026-02-18 12:00:00,2026-02-21 12:00:00,7115.24,KEPT,WhatsApp
PTP00002612,A000367,2026-03-18 08:00:00,2026-03-21 08:00:00,5370.69,KEPT,Human
PTP00002613,A000198,2026-05-19 16:00:00,2026-05-26 16:00:00,6546.97,KEPT,Field
PTP00002614,A000263,2025-10-10 20:00:00,2025-10-24 20:00:00,13091.57,PENDING,WhatsApp
PTP00002615,A000937,2026-05-13 09:00:00,2026-05-14 09:00:00,3401.74,PENDING,Human
PTP00002616,A001579,2025-10-07 16:00:00,2025-10-10 16:00:00,8237.09,KEPT,AI Voice
PTP00002617,A003549,2026-06-15 15:00:00,2026-06-16 15:00:00,12121.62,KEPT,Field
PTP00002618,A001976,2026-04-15 10:00:00,2026-04-16 10:00:00,8200.86,KEPT,Field
PTP00002619,A003284,2025-12-18 08:00:00,2025-12-19 08:00:00,4513.66,BROKEN,AI Voice
PTP00002620,A000820,2025-12-25 11:00:00,2026-01-01 11:00:00,8016.92,KEPT,AI Voice
PTP00002621,A001131,2026-02-23 20:00:00,2026-03-02 20:00:00,3348.22,BROKEN,Field
PTP00002622,A000107,2026-08-13 16:00:00,2026-08-27 16:00:00,3962.06,KEPT,WhatsApp
PTP00002623,A000312,2026-07-06 17:00:00,2026-07-09 17:00:00,3069.16,KEPT,AI Voice
PTP00002624,A003769,2026-03-13 20:00:00,2026-03-27 20:00:00,9472.43,KEPT,AI Voice
PTP00002625,A000162,2025-10-21 10:00:00,2025-10-24 10:00:00,2489.93,KEPT,Human
PTP00002626,A002149,2026-08-14 14:00:00,2026-08-21 14:00:00,14036.02,KEPT,Field
PTP00002627,A001045,2025-09-25 08:00:00,2025-09-28 08:00:00,3138.4,PENDING,Field
PTP00002628,A002661,2026-04-11 08:00:00,2026-04-25 08:00:00,9474.04,PENDING,Human
PTP00002629,A003408,2025-09-13 18:00:00,2025-09-27 18:00:00,6876.1,PENDING,Human
PTP00002630,A002576,2026-06-13 09:00:00,2026-06-27 09:00:00,2596.4,KEPT,Field
PTP00002631,A002386,2026-06-09 16:00:00,2026-06-12 16:00:00,12590.4,KEPT,WhatsApp
PTP00002632,A002674,2026-03-10 12:00:00,2026-03-24 12:00:00,9992.27,KEPT,AI Voice
PTP00002633,A000426,2025-09-27 14:00:00,2025-09-28 14:00:00,13234.84,KEPT,Human
PTP00002634,A000491,2026-08-04 14:00:00,2026-08-07 14:00:00,2984.51,BROKEN,Field
PTP00002635,A002000,2026-07-14 17:00:00,2026-07-15 17:00:00,12805.17,PENDING,WhatsApp
PTP00002636,A003036,2026-03-24 20:00:00,2026-03-25 20:00:00,10512.31,BROKEN,WhatsApp
PTP00002637,A004137,2025-10-11 12:00:00,2025-10-12 12:00:00,3605.91,KEPT,Field
PTP00002638,A001160,2025-12-24 20:00:00,2025-12-27 20:00:00,8257.97,KEPT,AI Voice
PTP00002639,A003652,2026-07-22 10:00:00,2026-07-29 10:00:00,5577.62,BROKEN,Field
PTP00002640,A000694,2025-09-16 19:00:00,2025-09-30 19:00:00,11867.68,KEPT,AI Voice
PTP00002641,A002385,2025-12-12 12:00:00,2025-12-26 12:00:00,4118.52,KEPT,Field
PTP00002642,A001302,2025-12-13 16:00:00,2025-12-27 16:00:00,10631.36,KEPT,WhatsApp
PTP00002643,A004063,2026-02-11 19:00:00,2026-02-18 19:00:00,2443.75,KEPT,WhatsApp
PTP00002644,A000817,2026-04-02 20:00:00,2026-04-05 20:00:00,13079.37,KEPT,Field
PTP00002645,A001835,2026-08-14 14:00:00,2026-08-21 14:00:00,5010.81,KEPT,Field
PTP00002646,A000246,2026-03-10 08:00:00,2026-03-11 08:00:00,14201.8,KEPT,Field
PTP00002647,A000053,2025-09-22 11:00:00,2025-09-25 11:00:00,14627.85,KEPT,Human
PTP00002648,A002968,2026-05-08 14:00:00,2026-05-09 14:00:00,2761.05,KEPT,AI Voice
PTP00002649,A001501,2026-03-25 10:00:00,2026-03-26 10:00:00,3569.71,PENDING,WhatsApp
PTP00002650,A002990,2025-11-16 18:00:00,2025-11-30 18:00:00,5879.52,PENDING,AI Voice
PTP00002651,A000570,2025-12-05 09:00:00,2025-12-12 09:00:00,7014.16,KEPT,Human
PTP00002652,A003195,2026-05-26 11:00:00,2026-06-09 11:00:00,10881.4,BROKEN,Field
PTP00002653,A004040,2026-07-24 18:00:00,2026-08-07 18:00:00,8285.16,KEPT,Human
PTP00002654,A002671,2026-02-25 18:00:00,2026-03-04 18:00:00,5665.83,KEPT,AI Voice
PTP00002655,A003852,2026-04-20 10:00:00,2026-04-27 10:00:00,8874.47,PENDING,Human
PTP00002656,A000139,2026-02-25 10:00:00,2026-02-26 10:00:00,9937.71,KEPT,WhatsApp
PTP00002657,A000244,2025-09-25 12:00:00,2025-09-26 12:00:00,6087.88,KEPT,Human
PTP00002658,A002553,2026-08-20 17:00:00,2026-08-21 17:00:00,6150.62,BROKEN,WhatsApp
PTP00002659,A004021,2025-10-20 08:00:00,2025-10-21 08:00:00,3810.61,BROKEN,Field
PTP00002660,A003461,2026-06-11 13:00:00,2026-06-18 13:00:00,9576.69,KEPT,Field
PTP00002661,A002510,2026-03-01 12:00:00,2026-03-04 12:00:00,7068.54,PENDING,Human
PTP00002662,A000834,2025-10-18 14:00:00,2025-10-25 14:00:00,10568.64,KEPT,AI Voice
PTP00002663,A001992,2026-01-20 13:00:00,2026-02-03 13:00:00,9498.51,BROKEN,WhatsApp
PTP00002664,A000601,2026-07-01 16:00:00,2026-07-08 16:00:00,6539.48,KEPT,Human
PTP00002665,A002796,2026-04-02 17:00:00,2026-04-03 17:00:00,12024.79,BROKEN,Field
PTP00002666,A004018,2026-04-20 20:00:00,2026-04-21 20:00:00,10620.33,BROKEN,Human
PTP00002667,A002147,2025-10-09 12:00:00,2025-10-16 12:00:00,3810.45,PENDING,Human
PTP00002668,A000420,2026-08-05 17:00:00,2026-08-08 17:00:00,3047.68,PENDING,Human
PTP00002669,A001833,2026-04-13 14:00:00,2026-04-14 14:00:00,2108.18,PENDING,AI Voice
PTP00002670,A002727,2026-07-25 11:00:00,2026-08-01 11:00:00,10498.24,BROKEN,WhatsApp
PTP00002671,A003767,2025-09-26 12:00:00,2025-10-10 12:00:00,14173.7,PENDING,Human
PTP00002672,A002539,2025-10-10 09:00:00,2025-10-24 09:00:00,3677.37,PENDING,AI Voice
PTP00002673,A002359,2026-01-21 15:00:00,2026-01-28 15:00:00,12952.84,KEPT,WhatsApp
PTP00002674,A002450,2026-04-25 14:00:00,2026-05-02 14:00:00,12125.93,PENDING,WhatsApp
PTP00002675,A002564,2026-07-19 15:00:00,2026-07-22 15:00:00,11307.35,BROKEN,Field
PTP00002676,A001365,2025-10-08 09:00:00,2025-10-22 09:00:00,10734.65,KEPT,Human
PTP00002677,A001346,2026-08-07 18:00:00,2026-08-08 18:00:00,13771.98,BROKEN,Human
PTP00002678,A004052,2026-05-27 11:00:00,2026-05-28 11:00:00,9336.42,KEPT,Field
PTP00002679,A002111,2026-03-03 17:00:00,2026-03-04 17:00:00,3393.62,KEPT,WhatsApp
PTP00002680,A000217,2025-12-02 19:00:00,2025-12-09 19:00:00,14375.64,KEPT,Field
PTP00002681,A000479,2026-05-02 14:00:00,2026-05-03 14:00:00,6951.46,KEPT,WhatsApp
PTP00002682,A001970,2025-09-11 19:00:00,2025-09-25 19:00:00,8694.09,KEPT,AI Voice
PTP00002683,A003765,2026-08-18 09:00:00,2026-09-01 09:00:00,7581.2,KEPT,Field
PTP00002684,A000503,2026-01-08 19:00:00,2026-01-11 19:00:00,14483.22,BROKEN,WhatsApp
PTP00002685,A000841,2025-11-16 09:00:00,2025-11-23 09:00:00,3825.2,KEPT,Field
PTP00002686,A003334,2026-06-11 10:00:00,2026-06-25 10:00:00,7680.86,KEPT,AI Voice
PTP00002687,A002079,2026-08-10 16:00:00,2026-08-13 16:00:00,2065.04,BROKEN,Human
PTP00002688,A002485,2025-10-18 17:00:00,2025-10-25 17:00:00,5987.55,KEPT,WhatsApp
PTP00002689,A002068,2025-10-17 18:00:00,2025-10-31 18:00:00,7040.72,BROKEN,Field
PTP00002690,A001163,2026-04-25 08:00:00,2026-04-26 08:00:00,13342.88,KEPT,Field
PTP00002691,A001537,2026-03-02 15:00:00,2026-03-16 15:00:00,9941.26,BROKEN,Field
PTP00002692,A001790,2026-04-07 18:00:00,2026-04-08 18:00:00,3439.66,KEPT,Field
PTP00002693,A002230,2026-04-22 15:00:00,2026-05-06 15:00:00,13924.66,BROKEN,WhatsApp
PTP00002694,A000575,2026-04-02 08:00:00,2026-04-03 08:00:00,13927.62,KEPT,WhatsApp
PTP00002695,A003767,2026-03-24 18:00:00,2026-03-31 18:00:00,3863.57,KEPT,WhatsApp
PTP00002696,A001647,2025-09-26 12:00:00,2025-10-10 12:00:00,9988.32,BROKEN,AI Voice
PTP00002697,A000343,2026-07-10 18:00:00,2026-07-24 18:00:00,12309.53,PENDING,WhatsApp
PTP00002698,A002771,2026-03-23 11:00:00,2026-04-06 11:00:00,11299.8,BROKEN,Field
PTP00002699,A002305,2026-03-27 17:00:00,2026-04-03 17:00:00,13759.82,KEPT,Field
PTP00002700,A001347,2026-01-01 11:00:00,2026-01-08 11:00:00,4483.79,PENDING,Human
PTP00002701,A004061,2025-11-16 11:00:00,2025-11-19 11:00:00,5351.86,BROKEN,Human
PTP00002702,A004065,2026-02-17 20:00:00,2026-03-03 20:00:00,13800.59,PENDING,WhatsApp
PTP00002703,A003957,2026-08-10 09:00:00,2026-08-11 09:00:00,7943.19,KEPT,AI Voice
PTP00002704,A002072,2025-09-27 13:00:00,2025-09-28 13:00:00,10854.39,BROKEN,Field
PTP00002705,A002780,2026-08-24 14:00:00,2026-08-27 14:00:00,10045.48,BROKEN,Field
PTP00002706,A002373,2026-05-05 12:00:00,2026-05-19 12:00:00,2564.67,BROKEN,WhatsApp
PTP00002707,A000806,2026-04-19 12:00:00,2026-04-20 12:00:00,2431.87,PENDING,WhatsApp
PTP00002708,A003111,2026-05-07 08:00:00,2026-05-21 08:00:00,11131.97,KEPT,Human
PTP00002709,A001054,2025-12-23 16:00:00,2025-12-26 16:00:00,2371.33,PENDING,Human
PTP00002710,A001661,2026-05-22 08:00:00,2026-05-29 08:00:00,2450.51,BROKEN,AI Voice
PTP00002711,A002905,2025-12-09 14:00:00,2025-12-16 14:00:00,3743.59,BROKEN,WhatsApp
PTP00002712,A000005,2026-06-10 09:00:00,2026-06-11 09:00:00,6888.52,KEPT,WhatsApp
PTP00002713,A003607,2025-11-26 11:00:00,2025-12-03 11:00:00,6648.97,BROKEN,AI Voice
PTP00002714,A002223,2025-10-25 15:00:00,2025-11-08 15:00:00,6504.74,KEPT,Field
PTP00002715,A004200,2025-09-15 14:00:00,2025-09-22 14:00:00,8102.04,BROKEN,AI Voice
PTP00002716,A002482,2026-01-03 19:00:00,2026-01-06 19:00:00,9233.3,BROKEN,Human
PTP00002717,A001777,2026-08-26 20:00:00,2026-08-27 20:00:00,2977.53,PENDING,AI Voice
PTP00002718,A000932,2026-04-22 09:00:00,2026-04-23 09:00:00,14328.96,KEPT,Human
PTP00002719,A000769,2026-04-13 18:00:00,2026-04-20 18:00:00,5393.3,KEPT,AI Voice
PTP00002720,A000930,2026-08-27 18:00:00,2026-08-28 18:00:00,13628.24,KEPT,Field
PTP00002721,A000782,2026-03-07 16:00:00,2026-03-21 16:00:00,5853.62,KEPT,Human
PTP00002722,A000093,2026-05-26 15:00:00,2026-06-02 15:00:00,9470.41,BROKEN,AI Voice
PTP00002723,A002305,2025-12-10 13:00:00,2025-12-24 13:00:00,3481.43,BROKEN,Human
PTP00002724,A000187,2026-07-16 17:00:00,2026-07-19 17:00:00,12173.91,KEPT,Human
PTP00002725,A001146,2026-05-23 08:00:00,2026-05-26 08:00:00,8934.19,KEPT,Human
PTP00002726,A001520,2026-06-20 17:00:00,2026-06-21 17:00:00,2548.08,KEPT,AI Voice
PTP00002727,A002099,2026-02-01 12:00:00,2026-02-02 12:00:00,13666.2,KEPT,WhatsApp
PTP00002728,A003049,2026-07-05 16:00:00,2026-07-08 16:00:00,7931.95,KEPT,AI Voice
PTP00002729,A001350,2026-04-08 17:00:00,2026-04-15 17:00:00,4432.06,BROKEN,AI Voice
PTP00002730,A002296,2025-12-12 16:00:00,2025-12-13 16:00:00,10344.34,KEPT,AI Voice
PTP00002731,A000628,2026-07-12 18:00:00,2026-07-15 18:00:00,13846.04,KEPT,AI Voice
PTP00002732,A002940,2026-06-15 19:00:00,2026-06-16 19:00:00,7218.77,BROKEN,AI Voice
PTP00002733,A000297,2026-03-10 09:00:00,2026-03-24 09:00:00,4688.27,KEPT,Field
PTP00002734,A004105,2025-12-06 11:00:00,2025-12-20 11:00:00,9084.15,KEPT,WhatsApp
PTP00002735,A001519,2026-03-19 08:00:00,2026-03-22 08:00:00,8334.8,BROKEN,Field
PTP00002736,A001200,2025-09-08 10:00:00,2025-09-11 10:00:00,13997.6,KEPT,WhatsApp
PTP00002737,A001321,2025-12-15 13:00:00,2025-12-18 13:00:00,6896.54,BROKEN,Field
PTP00002738,A000453,2026-06-05 19:00:00,2026-06-08 19:00:00,4431.18,PENDING,Field
PTP00002739,A002419,2026-02-26 18:00:00,2026-03-01 18:00:00,2191.42,KEPT,WhatsApp
PTP00002740,A002923,2026-01-05 10:00:00,2026-01-08 10:00:00,11756.45,BROKEN,Human
PTP00002741,A003451,2026-04-06 11:00:00,2026-04-07 11:00:00,2784.85,PENDING,Field
PTP00002742,A003091,2025-12-21 14:00:00,2025-12-24 14:00:00,7293.68,KEPT,AI Voice
PTP00002743,A000373,2025-11-19 09:00:00,2025-11-22 09:00:00,10397.37,KEPT,AI Voice
PTP00002744,A001723,2026-01-21 20:00:00,2026-01-28 20:00:00,7829.11,KEPT,Human
PTP00002745,A000879,2026-05-06 12:00:00,2026-05-09 12:00:00,10377.71,KEPT,Human
PTP00002746,A003790,2026-01-16 19:00:00,2026-01-17 19:00:00,3577.94,PENDING,Field
PTP00002747,A000338,2025-11-08 11:00:00,2025-11-11 11:00:00,5297.26,KEPT,AI Voice
PTP00002748,A001841,2026-08-20 10:00:00,2026-08-21 10:00:00,9224.63,BROKEN,Human
PTP00002749,A000137,2026-05-24 15:00:00,2026-05-31 15:00:00,12200.97,PENDING,Human
PTP00002750,A000795,2026-07-04 18:00:00,2026-07-05 18:00:00,9114.27,BROKEN,Field
PTP00002751,A003108,2026-08-27 20:00:00,2026-09-03 20:00:00,2577.58,BROKEN,WhatsApp
PTP00002752,A002683,2025-11-08 15:00:00,2025-11-22 15:00:00,4916.98,BROKEN,Field
PTP00002753,A001053,2025-11-18 16:00:00,2025-12-02 16:00:00,9178.2,BROKEN,Field
PTP00002754,A003085,2026-02-24 10:00:00,2026-03-03 10:00:00,7534.04,KEPT,WhatsApp
PTP00002755,A002659,2026-03-06 20:00:00,2026-03-07 20:00:00,8374.45,KEPT,Field
PTP00002756,A002096,2026-04-10 10:00:00,2026-04-13 10:00:00,2725.3,KEPT,Human
PTP00002757,A003552,2026-07-10 12:00:00,2026-07-11 12:00:00,3755.25,KEPT,Field
PTP00002758,A002975,2025-10-14 09:00:00,2025-10-17 09:00:00,8784.46,PENDING,Human
PTP00002759,A003851,2025-10-25 17:00:00,2025-11-01 17:00:00,14953.58,BROKEN,AI Voice
PTP00002760,A001541,2026-01-10 18:00:00,2026-01-17 18:00:00,6638.87,PENDING,Human
PTP00002761,A001047,2025-11-13 20:00:00,2025-11-20 20:00:00,11350.86,KEPT,AI Voice
PTP00002762,A002935,2026-03-13 09:00:00,2026-03-20 09:00:00,12402.61,KEPT,AI Voice
PTP00002763,A003976,2025-12-01 09:00:00,2025-12-04 09:00:00,2540.27,BROKEN,Human
PTP00002764,A002397,2026-06-17 12:00:00,2026-06-24 12:00:00,11470.1,BROKEN,Human
PTP00002765,A003145,2026-01-01 19:00:00,2026-01-04 19:00:00,5123.92,KEPT,AI Voice
PTP00002766,A000318,2026-04-12 17:00:00,2026-04-26 17:00:00,5898.13,KEPT,AI Voice
PTP00002767,A000208,2026-04-27 08:00:00,2026-05-04 08:00:00,4306.54,KEPT,AI Voice
PTP00002768,A000854,2026-03-13 15:00:00,2026-03-14 15:00:00,2811.57,BROKEN,Field
PTP00002769,A001334,2026-03-12 14:00:00,2026-03-13 14:00:00,4535.95,KEPT,Human
PTP00002770,A002898,2026-04-17 09:00:00,2026-04-18 09:00:00,13733.75,BROKEN,Field
PTP00002771,A002380,2025-12-04 11:00:00,2025-12-05 11:00:00,8251.75,BROKEN,WhatsApp
PTP00002772,A002432,2025-09-19 11:00:00,2025-09-22 11:00:00,14219.05,KEPT,Field
PTP00002773,A002707,2026-03-26 14:00:00,2026-03-27 14:00:00,7876.26,KEPT,Field
PTP00002774,A002628,2025-10-17 20:00:00,2025-10-24 20:00:00,4635.1,KEPT,Human
PTP00002775,A000369,2025-11-16 18:00:00,2025-11-17 18:00:00,3127.92,PENDING,Field
PTP00002776,A002701,2025-10-07 14:00:00,2025-10-08 14:00:00,8749.53,BROKEN,Field
PTP00002777,A003658,2025-09-17 14:00:00,2025-10-01 14:00:00,13847.99,KEPT,Field
PTP00002778,A002302,2026-08-04 19:00:00,2026-08-11 19:00:00,5479.91,BROKEN,WhatsApp
PTP00002779,A003581,2025-12-07 10:00:00,2025-12-14 10:00:00,7802.09,BROKEN,Field
PTP00002780,A001396,2025-09-04 17:00:00,2025-09-07 17:00:00,9159.42,PENDING,AI Voice
PTP00002781,A001070,2026-06-02 09:00:00,2026-06-03 09:00:00,9622.76,KEPT,Human
PTP00002782,A002752,2026-01-25 14:00:00,2026-02-01 14:00:00,12318.47,KEPT,AI Voice
PTP00002783,A000184,2025-09-02 20:00:00,2025-09-09 20:00:00,7491.0,BROKEN,Human
PTP00002784,A000028,2025-11-03 20:00:00,2025-11-06 20:00:00,3985.25,KEPT,Human
PTP00002785,A002268,2026-07-09 16:00:00,2026-07-12 16:00:00,10674.09,KEPT,Field
PTP00002786,A001815,2026-01-09 18:00:00,2026-01-10 18:00:00,11425.59,BROKEN,Human
PTP00002787,A004149,2025-12-27 09:00:00,2026-01-10 09:00:00,10729.8,BROKEN,AI Voice
PTP00002788,A000611,2025-11-19 17:00:00,2025-11-22 17:00:00,3298.47,KEPT,AI Voice
PTP00002789,A000974,2026-03-04 19:00:00,2026-03-05 19:00:00,9468.66,BROKEN,Human
PTP00002790,A003402,2026-03-20 19:00:00,2026-03-21 19:00:00,7135.02,KEPT,AI Voice
PTP00002791,A000651,2026-01-25 16:00:00,2026-01-28 16:00:00,5554.72,KEPT,Human
PTP00002792,A001959,2025-10-05 12:00:00,2025-10-06 12:00:00,11364.13,KEPT,Human
PTP00002793,A001048,2026-03-15 16:00:00,2026-03-22 16:00:00,10783.34,BROKEN,AI Voice
PTP00002794,A003609,2025-10-19 17:00:00,2025-10-20 17:00:00,2103.61,KEPT,Human
PTP00002795,A001203,2026-07-12 09:00:00,2026-07-13 09:00:00,3827.68,BROKEN,AI Voice
PTP00002796,A002114,2026-01-11 10:00:00,2026-01-25 10:00:00,3831.94,KEPT,Human
PTP00002797,A001449,2026-07-01 11:00:00,2026-07-02 11:00:00,8887.86,BROKEN,AI Voice
PTP00002798,A003658,2026-05-21 20:00:00,2026-06-04 20:00:00,4242.88,KEPT,AI Voice
PTP00002799,A002396,2026-08-24 12:00:00,2026-08-31 12:00:00,5368.23,PENDING,Human
PTP00002800,A000084,2026-07-06 17:00:00,2026-07-13 17:00:00,12727.49,BROKEN,Field
PTP00002801,A003300,2025-09-24 14:00:00,2025-10-08 14:00:00,4874.31,KEPT,WhatsApp
PTP00002802,A003823,2026-03-18 14:00:00,2026-04-01 14:00:00,6408.7,KEPT,WhatsApp
PTP00002803,A004003,2026-04-18 18:00:00,2026-04-21 18:00:00,7169.12,KEPT,AI Voice
PTP00002804,A004168,2026-08-08 18:00:00,2026-08-11 18:00:00,2140.57,KEPT,Human
PTP00002805,A001384,2026-01-15 19:00:00,2026-01-16 19:00:00,12565.67,KEPT,AI Voice
PTP00002806,A004124,2026-01-04 12:00:00,2026-01-11 12:00:00,9426.38,BROKEN,Field
PTP00002807,A004114,2026-06-18 13:00:00,2026-06-19 13:00:00,9357.34,BROKEN,WhatsApp
PTP00002808,A004028,2026-01-09 15:00:00,2026-01-10 15:00:00,4442.18,PENDING,Human
PTP00002809,A000096,2025-09-23 10:00:00,2025-09-24 10:00:00,5010.06,BROKEN,WhatsApp
PTP00002810,A003334,2025-11-21 11:00:00,2025-12-05 11:00:00,14935.77,BROKEN,WhatsApp
PTP00002811,A003318,2026-04-22 15:00:00,2026-04-25 15:00:00,12195.3,KEPT,Human
PTP00002812,A003176,2026-07-20 09:00:00,2026-08-03 09:00:00,11100.85,BROKEN,Field
PTP00002813,A002048,2026-07-03 11:00:00,2026-07-10 11:00:00,6208.03,KEPT,AI Voice
PTP00002814,A000354,2025-09-11 11:00:00,2025-09-14 11:00:00,13260.88,BROKEN,AI Voice
PTP00002815,A003770,2026-02-17 09:00:00,2026-02-18 09:00:00,9106.01,PENDING,WhatsApp
PTP00002816,A000911,2026-04-20 08:00:00,2026-05-04 08:00:00,4319.57,KEPT,Human
PTP00002817,A003981,2025-10-24 14:00:00,2025-10-27 14:00:00,5401.29,BROKEN,WhatsApp
PTP00002818,A001804,2025-10-24 20:00:00,2025-11-07 20:00:00,4892.57,PENDING,Human
PTP00002819,A003830,2025-10-18 18:00:00,2025-11-01 18:00:00,4278.28,PENDING,AI Voice
PTP00002820,A002288,2025-12-16 10:00:00,2025-12-23 10:00:00,7128.97,BROKEN,AI Voice
PTP00002821,A000950,2026-05-22 13:00:00,2026-05-29 13:00:00,11285.84,KEPT,Human
PTP00002822,A000415,2026-05-19 10:00:00,2026-06-02 10:00:00,3757.69,KEPT,WhatsApp
PTP00002823,A000641,2026-07-04 17:00:00,2026-07-11 17:00:00,11828.38,KEPT,AI Voice
PTP00002824,A003086,2026-06-08 11:00:00,2026-06-11 11:00:00,2069.34,KEPT,AI Voice
PTP00002825,A000614,2026-07-23 11:00:00,2026-07-24 11:00:00,9237.43,BROKEN,Field
PTP00002826,A001496,2025-12-24 16:00:00,2025-12-25 16:00:00,6858.55,KEPT,AI Voice
PTP00002827,A000290,2025-09-09 20:00:00,2025-09-23 20:00:00,8627.85,BROKEN,Field
PTP00002828,A000906,2026-01-17 15:00:00,2026-01-18 15:00:00,12054.94,PENDING,AI Voice
PTP00002829,A004140,2026-08-03 14:00:00,2026-08-17 14:00:00,4102.64,KEPT,AI Voice
PTP00002830,A002650,2025-12-05 19:00:00,2025-12-08 19:00:00,4861.39,KEPT,WhatsApp
PTP00002831,A001375,2026-07-01 15:00:00,2026-07-04 15:00:00,8464.28,BROKEN,Field
PTP00002832,A001096,2026-04-18 10:00:00,2026-04-21 10:00:00,13554.55,KEPT,AI Voice
PTP00002833,A004113,2026-06-11 20:00:00,2026-06-12 20:00:00,10712.46,BROKEN,WhatsApp
PTP00002834,A002901,2026-08-09 18:00:00,2026-08-23 18:00:00,3310.55,BROKEN,WhatsApp
PTP00002835,A001203,2026-06-01 14:00:00,2026-06-02 14:00:00,9132.89,KEPT,Human
PTP00002836,A001764,2025-10-20 09:00:00,2025-10-21 09:00:00,4204.24,KEPT,AI Voice
PTP00002837,A003686,2026-02-27 12:00:00,2026-03-02 12:00:00,4724.45,KEPT,Human
PTP00002838,A000627,2026-01-02 13:00:00,2026-01-03 13:00:00,10254.25,PENDING,Field
PTP00002839,A002589,2025-10-13 16:00:00,2025-10-27 16:00:00,9131.64,BROKEN,Field
PTP00002840,A000864,2025-10-25 13:00:00,2025-10-26 13:00:00,11945.08,KEPT,WhatsApp
PTP00002841,A000178,2026-04-01 18:00:00,2026-04-04 18:00:00,12684.65,KEPT,WhatsApp
PTP00002842,A001893,2026-07-10 18:00:00,2026-07-24 18:00:00,10035.07,KEPT,AI Voice
PTP00002843,A001272,2025-09-21 17:00:00,2025-09-22 17:00:00,8803.24,KEPT,AI Voice
PTP00002844,A001411,2025-10-03 15:00:00,2025-10-04 15:00:00,4977.25,PENDING,WhatsApp
PTP00002845,A004077,2026-06-07 18:00:00,2026-06-08 18:00:00,7418.92,BROKEN,Field
PTP00002846,A000097,2026-07-08 12:00:00,2026-07-15 12:00:00,5245.62,BROKEN,Field
PTP00002847,A002371,2026-02-12 14:00:00,2026-02-26 14:00:00,6977.18,KEPT,AI Voice
PTP00002848,A003681,2026-05-27 09:00:00,2026-05-28 09:00:00,9418.74,KEPT,WhatsApp
PTP00002849,A002685,2025-11-10 17:00:00,2025-11-11 17:00:00,14168.25,KEPT,AI Voice
PTP00002850,A000138,2026-05-07 09:00:00,2026-05-21 09:00:00,3840.94,BROKEN,Human
PTP00002851,A003798,2026-08-16 15:00:00,2026-08-23 15:00:00,7083.57,BROKEN,AI Voice
PTP00002852,A002219,2026-01-03 10:00:00,2026-01-06 10:00:00,10393.89,BROKEN,AI Voice
PTP00002853,A001049,2026-01-19 14:00:00,2026-01-22 14:00:00,10164.26,KEPT,WhatsApp
PTP00002854,A000712,2026-04-10 09:00:00,2026-04-11 09:00:00,10611.95,KEPT,Human
PTP00002855,A003363,2026-04-22 14:00:00,2026-05-06 14:00:00,5042.79,BROKEN,AI Voice
PTP00002856,A003714,2026-02-24 16:00:00,2026-02-25 16:00:00,9689.66,KEPT,Field
PTP00002857,A003107,2026-03-02 09:00:00,2026-03-03 09:00:00,4572.79,KEPT,WhatsApp
PTP00002858,A001505,2026-06-08 12:00:00,2026-06-15 12:00:00,6047.88,KEPT,Human
PTP00002859,A003814,2026-01-16 11:00:00,2026-01-30 11:00:00,9345.91,BROKEN,Human
PTP00002860,A003008,2025-11-26 14:00:00,2025-11-27 14:00:00,6392.5,BROKEN,Field
PTP00002861,A001912,2025-09-24 13:00:00,2025-10-08 13:00:00,10293.17,KEPT,WhatsApp
PTP00002862,A002788,2026-06-06 11:00:00,2026-06-13 11:00:00,10255.32,KEPT,Human
PTP00002863,A000553,2026-02-25 10:00:00,2026-02-28 10:00:00,3451.03,PENDING,Human
PTP00002864,A002357,2026-06-16 16:00:00,2026-06-23 16:00:00,11774.65,PENDING,AI Voice
PTP00002865,A004059,2026-04-15 18:00:00,2026-04-16 18:00:00,10537.32,KEPT,Field
PTP00002866,A003172,2026-02-21 12:00:00,2026-02-22 12:00:00,2061.0,KEPT,WhatsApp
PTP00002867,A003795,2026-02-21 08:00:00,2026-02-28 08:00:00,5521.16,KEPT,WhatsApp
PTP00002868,A002597,2025-09-24 10:00:00,2025-10-01 10:00:00,9661.84,PENDING,AI Voice
PTP00002869,A000488,2026-06-13 17:00:00,2026-06-27 17:00:00,10148.21,KEPT,Human
PTP00002870,A002041,2026-07-05 08:00:00,2026-07-08 08:00:00,14376.97,KEPT,Human
PTP00002871,A001167,2025-09-05 15:00:00,2025-09-06 15:00:00,5091.18,KEPT,AI Voice
PTP00002872,A003552,2025-09-16 16:00:00,2025-09-19 16:00:00,7446.5,BROKEN,AI Voice
PTP00002873,A001974,2026-06-14 17:00:00,2026-06-28 17:00:00,13144.45,KEPT,Field
PTP00002874,A001837,2026-05-08 13:00:00,2026-05-11 13:00:00,3327.17,BROKEN,AI Voice
PTP00002875,A003044,2026-07-02 08:00:00,2026-07-09 08:00:00,5163.0,PENDING,Field
PTP00002876,A001947,2026-04-07 13:00:00,2026-04-14 13:00:00,12305.67,BROKEN,AI Voice
PTP00002877,A003196,2026-07-16 15:00:00,2026-07-23 15:00:00,14471.51,BROKEN,WhatsApp
PTP00002878,A001825,2025-09-19 12:00:00,2025-09-22 12:00:00,5195.71,BROKEN,WhatsApp
PTP00002879,A002240,2026-02-11 17:00:00,2026-02-14 17:00:00,7129.0,KEPT,AI Voice
PTP00002880,A003211,2026-01-27 09:00:00,2026-02-03 09:00:00,13040.39,BROKEN,Field
PTP00002881,A000503,2026-03-21 14:00:00,2026-03-28 14:00:00,3859.11,PENDING,Human
PTP00002882,A000504,2026-04-12 19:00:00,2026-04-15 19:00:00,7174.79,KEPT,Field
PTP00002883,A000710,2026-07-27 18:00:00,2026-08-10 18:00:00,5173.22,KEPT,WhatsApp
PTP00002884,A000757,2026-04-21 17:00:00,2026-04-22 17:00:00,11024.61,KEPT,Field
PTP00002885,A003284,2026-04-23 08:00:00,2026-04-24 08:00:00,9710.94,PENDING,AI Voice
PTP00002886,A003382,2026-04-14 12:00:00,2026-04-17 12:00:00,14042.77,KEPT,AI Voice
PTP00002887,A001514,2025-11-18 20:00:00,2025-11-25 20:00:00,6661.34,KEPT,Field
PTP00002888,A002777,2025-10-23 13:00:00,2025-10-26 13:00:00,2417.0,KEPT,WhatsApp
PTP00002889,A000512,2026-01-13 08:00:00,2026-01-14 08:00:00,2688.16,BROKEN,Field
PTP00002890,A001547,2026-03-15 12:00:00,2026-03-16 12:00:00,2771.04,PENDING,AI Voice
PTP00002891,A002490,2025-12-21 10:00:00,2025-12-28 10:00:00,5992.06,KEPT,WhatsApp
PTP00002892,A001318,2025-12-21 08:00:00,2025-12-22 08:00:00,5215.82,KEPT,Field
PTP00002893,A003471,2026-02-01 11:00:00,2026-02-02 11:00:00,14032.83,BROKEN,AI Voice
PTP00002894,A002832,2026-03-03 20:00:00,2026-03-04 20:00:00,8391.45,BROKEN,Human
PTP00002895,A002348,2026-06-01 17:00:00,2026-06-15 17:00:00,2494.86,PENDING,Field
PTP00002896,A001410,2026-03-16 20:00:00,2026-03-30 20:00:00,6793.04,BROKEN,AI Voice
PTP00002897,A001110,2026-06-13 17:00:00,2026-06-20 17:00:00,8995.41,BROKEN,AI Voice
PTP00002898,A002123,2025-10-02 20:00:00,2025-10-09 20:00:00,12936.9,KEPT,WhatsApp
PTP00002899,A000110,2025-11-12 12:00:00,2025-11-26 12:00:00,8319.99,KEPT,Field
PTP00002900,A000883,2025-10-26 20:00:00,2025-10-27 20:00:00,9140.39,KEPT,AI Voice
PTP00002901,A003197,2025-09-24 08:00:00,2025-10-01 08:00:00,11103.12,BROKEN,Human
PTP00002902,A001528,2026-04-22 13:00:00,2026-05-06 13:00:00,6205.2,KEPT,Human
PTP00002903,A002695,2026-02-26 15:00:00,2026-03-05 15:00:00,2056.99,KEPT,AI Voice
PTP00002904,A000371,2026-02-12 13:00:00,2026-02-13 13:00:00,4467.81,KEPT,AI Voice
PTP00002905,A003453,2025-10-16 09:00:00,2025-10-19 09:00:00,12314.39,KEPT,Human
PTP00002906,A002667,2026-05-11 09:00:00,2026-05-12 09:00:00,11236.24,BROKEN,WhatsApp
PTP00002907,A000536,2026-07-19 10:00:00,2026-08-02 10:00:00,14928.17,PENDING,Field
PTP00002908,A002252,2026-07-01 20:00:00,2026-07-04 20:00:00,7703.29,BROKEN,Field
PTP00002909,A001623,2025-09-05 08:00:00,2025-09-12 08:00:00,6893.53,BROKEN,AI Voice
PTP00002910,A000987,2025-09-15 20:00:00,2025-09-16 20:00:00,14398.77,BROKEN,Human
PTP00002911,A001071,2026-05-14 11:00:00,2026-05-15 11:00:00,3026.92,KEPT,Field
PTP00002912,A001337,2025-09-02 11:00:00,2025-09-09 11:00:00,8078.37,KEPT,Human
PTP00002913,A004119,2025-11-07 19:00:00,2025-11-10 19:00:00,10032.38,KEPT,Field
PTP00002914,A002523,2025-10-17 13:00:00,2025-10-31 13:00:00,6295.6,KEPT,Human
PTP00002915,A000946,2026-08-13 19:00:00,2026-08-14 19:00:00,14073.6,KEPT,Human
PTP00002916,A000453,2026-02-06 08:00:00,2026-02-09 08:00:00,8098.1,KEPT,Human
PTP00002917,A000592,2026-04-08 12:00:00,2026-04-22 12:00:00,12588.08,KEPT,Field
PTP00002918,A001882,2026-06-05 09:00:00,2026-06-19 09:00:00,6523.83,PENDING,WhatsApp
PTP00002919,A001889,2026-04-12 19:00:00,2026-04-15 19:00:00,5996.83,BROKEN,Field
PTP00002920,A002515,2025-11-19 20:00:00,2025-11-26 20:00:00,5040.45,KEPT,Field
PTP00002921,A002085,2025-09-22 20:00:00,2025-09-23 20:00:00,12002.63,KEPT,WhatsApp
PTP00002922,A001911,2025-11-04 10:00:00,2025-11-18 10:00:00,6739.36,KEPT,AI Voice
PTP00002923,A000126,2026-03-06 11:00:00,2026-03-20 11:00:00,2202.32,BROKEN,WhatsApp
PTP00002924,A000053,2026-08-12 17:00:00,2026-08-13 17:00:00,11110.79,KEPT,AI Voice
PTP00002925,A002573,2026-04-10 19:00:00,2026-04-13 19:00:00,3719.25,KEPT,WhatsApp
PTP00002926,A001645,2025-11-09 12:00:00,2025-11-12 12:00:00,4107.69,KEPT,WhatsApp
PTP00002927,A000463,2025-10-05 15:00:00,2025-10-08 15:00:00,9431.63,PENDING,Human
PTP00002928,A003164,2025-09-06 10:00:00,2025-09-20 10:00:00,14323.31,KEPT,AI Voice
PTP00002929,A001088,2025-10-19 16:00:00,2025-10-22 16:00:00,11939.83,KEPT,Human
PTP00002930,A002821,2025-12-10 13:00:00,2025-12-24 13:00:00,13603.52,BROKEN,Human
PTP00002931,A000787,2025-12-06 08:00:00,2025-12-09 08:00:00,9220.75,BROKEN,Field
PTP00002932,A001282,2025-11-18 11:00:00,2025-11-25 11:00:00,4789.81,KEPT,Human
PTP00002933,A001099,2026-03-14 11:00:00,2026-03-15 11:00:00,7639.79,KEPT,Human
PTP00002934,A001594,2026-05-22 12:00:00,2026-06-05 12:00:00,11405.12,BROKEN,AI Voice
PTP00002935,A001861,2026-07-17 19:00:00,2026-07-20 19:00:00,2566.54,BROKEN,WhatsApp
PTP00002936,A001595,2025-10-03 10:00:00,2025-10-04 10:00:00,13579.4,KEPT,Human
PTP00002937,A003446,2025-10-01 14:00:00,2025-10-08 14:00:00,4616.3,PENDING,WhatsApp
PTP00002938,A000496,2026-07-12 17:00:00,2026-07-19 17:00:00,5858.53,KEPT,Human
PTP00002939,A003032,2026-02-08 11:00:00,2026-02-22 11:00:00,14945.98,KEPT,Human
PTP00002940,A000977,2026-04-07 09:00:00,2026-04-21 09:00:00,2067.69,KEPT,Field
PTP00002941,A003279,2026-04-18 11:00:00,2026-04-25 11:00:00,7667.86,PENDING,WhatsApp
PTP00002942,A002274,2026-02-23 12:00:00,2026-03-09 12:00:00,10592.78,KEPT,AI Voice
PTP00002943,A003214,2026-06-23 17:00:00,2026-07-07 17:00:00,4725.75,PENDING,Human
PTP00002944,A001760,2026-03-04 12:00:00,2026-03-07 12:00:00,5564.33,KEPT,AI Voice
PTP00002945,A002992,2026-01-21 11:00:00,2026-01-28 11:00:00,12122.29,KEPT,Field
PTP00002946,A003021,2026-02-06 09:00:00,2026-02-07 09:00:00,2671.09,KEPT,WhatsApp
PTP00002947,A002903,2026-02-21 20:00:00,2026-02-28 20:00:00,7518.53,BROKEN,Field
PTP00002948,A002975,2025-09-15 15:00:00,2025-09-22 15:00:00,3571.16,KEPT,Human
PTP00002949,A003790,2026-05-25 14:00:00,2026-06-01 14:00:00,4067.84,KEPT,Field
PTP00002950,A003837,2026-03-14 12:00:00,2026-03-21 12:00:00,5556.56,PENDING,Human
PTP00002951,A003724,2025-12-11 09:00:00,2025-12-25 09:00:00,8547.3,KEPT,Field
PTP00002952,A001507,2026-01-21 16:00:00,2026-02-04 16:00:00,5810.88,BROKEN,Human
PTP00002953,A000018,2025-12-02 20:00:00,2025-12-05 20:00:00,5346.53,KEPT,Human
PTP00002954,A004160,2026-04-21 19:00:00,2026-05-05 19:00:00,3161.05,KEPT,Field
PTP00002955,A002103,2026-04-03 18:00:00,2026-04-04 18:00:00,7619.72,KEPT,WhatsApp
PTP00002956,A001101,2026-07-27 10:00:00,2026-08-03 10:00:00,6646.8,KEPT,AI Voice
PTP00002957,A001788,2026-05-27 08:00:00,2026-05-30 08:00:00,10610.42,KEPT,AI Voice
PTP00002958,A000976,2025-09-11 17:00:00,2025-09-18 17:00:00,2385.71,KEPT,WhatsApp
PTP00002959,A002330,2026-03-26 11:00:00,2026-04-09 11:00:00,3858.64,PENDING,Human
PTP00002960,A000357,2026-03-11 13:00:00,2026-03-25 13:00:00,10855.29,PENDING,WhatsApp
PTP00002961,A000489,2025-09-04 16:00:00,2025-09-07 16:00:00,13858.27,KEPT,AI Voice
PTP00002962,A001965,2026-07-09 09:00:00,2026-07-10 09:00:00,14050.25,PENDING,Field
PTP00002963,A003019,2026-03-02 17:00:00,2026-03-05 17:00:00,3581.62,PENDING,Human
PTP00002964,A000043,2026-06-18 10:00:00,2026-06-19 10:00:00,3290.96,PENDING,AI Voice
PTP00002965,A003577,2025-12-03 20:00:00,2025-12-06 20:00:00,5070.29,BROKEN,AI Voice
PTP00002966,A002264,2026-01-17 19:00:00,2026-01-31 19:00:00,6039.26,KEPT,Field
PTP00002967,A001964,2026-02-20 13:00:00,2026-02-23 13:00:00,2266.61,PENDING,WhatsApp
PTP00002968,A003096,2026-02-20 13:00:00,2026-02-23 13:00:00,11516.27,PENDING,Field
PTP00002969,A000887,2025-09-02 13:00:00,2025-09-03 13:00:00,3745.01,KEPT,AI Voice
PTP00002970,A002086,2026-07-11 18:00:00,2026-07-25 18:00:00,5977.54,KEPT,WhatsApp
PTP00002971,A002578,2026-04-14 18:00:00,2026-04-15 18:00:00,3455.79,KEPT,WhatsApp
PTP00002972,A002243,2026-04-03 19:00:00,2026-04-04 19:00:00,3934.55,KEPT,WhatsApp
PTP00002973,A000241,2026-04-06 11:00:00,2026-04-07 11:00:00,10189.99,PENDING,WhatsApp
PTP00002974,A003355,2026-01-25 19:00:00,2026-01-28 19:00:00,4152.43,BROKEN,Human
PTP00002975,A002703,2026-03-25 10:00:00,2026-04-01 10:00:00,10088.61,BROKEN,AI Voice
PTP00002976,A002504,2026-03-06 13:00:00,2026-03-09 13:00:00,5607.64,KEPT,WhatsApp
PTP00002977,A000152,2025-12-12 14:00:00,2025-12-26 14:00:00,11264.06,KEPT,WhatsApp
PTP00002978,A000487,2026-03-06 17:00:00,2026-03-09 17:00:00,5593.83,BROKEN,WhatsApp
PTP00002979,A003360,2025-10-17 12:00:00,2025-10-18 12:00:00,11964.55,KEPT,Field
PTP00002980,A002395,2026-06-03 12:00:00,2026-06-04 12:00:00,7436.46,BROKEN,Human
PTP00002981,A000621,2026-03-24 08:00:00,2026-03-25 08:00:00,4287.33,BROKEN,WhatsApp
PTP00002982,A001694,2026-07-14 12:00:00,2026-07-28 12:00:00,11767.39,KEPT,Human
PTP00002983,A002487,2025-11-13 08:00:00,2025-11-14 08:00:00,12942.9,KEPT,Field
PTP00002984,A003942,2025-10-18 12:00:00,2025-10-19 12:00:00,3839.66,BROKEN,WhatsApp
PTP00002985,A001680,2025-11-25 13:00:00,2025-11-28 13:00:00,14898.51,BROKEN,Human
PTP00002986,A002041,2026-01-03 18:00:00,2026-01-06 18:00:00,3266.95,PENDING,AI Voice
PTP00002987,A004200,2025-10-13 09:00:00,2025-10-14 09:00:00,11017.59,KEPT,AI Voice
PTP00002988,A002414,2025-10-26 10:00:00,2025-11-09 10:00:00,12702.98,PENDING,Human
PTP00002989,A002801,2026-08-01 17:00:00,2026-08-04 17:00:00,8972.42,BROKEN,WhatsApp
PTP00002990,A001952,2026-07-20 16:00:00,2026-08-03 16:00:00,8223.34,KEPT,Human
PTP00002991,A003724,2026-08-22 16:00:00,2026-08-25 16:00:00,6201.62,KEPT,AI Voice
PTP00002992,A001388,2026-08-09 13:00:00,2026-08-16 13:00:00,12099.85,KEPT,WhatsApp
PTP00002993,A002000,2026-01-17 13:00:00,2026-01-20 13:00:00,4879.23,KEPT,Field
PTP00002994,A002731,2026-03-23 19:00:00,2026-03-24 19:00:00,6917.12,BROKEN,WhatsApp
PTP00002995,A003908,2026-04-02 08:00:00,2026-04-03 08:00:00,12154.02,BROKEN,Field
PTP00002996,A001427,2026-02-08 13:00:00,2026-02-09 13:00:00,4536.81,PENDING,WhatsApp
PTP00002997,A001922,2026-08-04 18:00:00,2026-08-07 18:00:00,8140.39,KEPT,WhatsApp
PTP00002998,A000344,2026-05-10 18:00:00,2026-05-13 18:00:00,9270.22,PENDING,AI Voice
PTP00002999,A002870,2026-01-04 18:00:00,2026-01-18 18:00:00,11302.05,KEPT,AI Voice
PTP00003000,A000920,2026-02-02 11:00:00,2026-02-05 11:00:00,9993.33,KEPT,WhatsApp
PTP00003001,A002435,2026-04-07 17:00:00,2026-04-10 17:00:00,7921.34,KEPT,Field
PTP00003002,A000821,2026-06-10 13:00:00,2026-06-24 13:00:00,10019.81,KEPT,Human
PTP00003003,A002245,2026-01-04 18:00:00,2026-01-05 18:00:00,13808.5,BROKEN,WhatsApp
PTP00003004,A001675,2025-12-23 20:00:00,2025-12-26 20:00:00,6185.14,PENDING,WhatsApp
PTP00003005,A000523,2025-11-03 17:00:00,2025-11-04 17:00:00,3306.86,KEPT,AI Voice
PTP00003006,A000827,2026-01-17 13:00:00,2026-01-31 13:00:00,3539.33,BROKEN,Field
PTP00003007,A000173,2025-12-22 08:00:00,2025-12-25 08:00:00,6930.64,BROKEN,AI Voice
PTP00003008,A002848,2026-03-12 15:00:00,2026-03-19 15:00:00,12789.82,KEPT,Field
PTP00003009,A000604,2026-07-24 16:00:00,2026-07-27 16:00:00,12287.46,BROKEN,WhatsApp
PTP00003010,A003315,2026-08-05 09:00:00,2026-08-12 09:00:00,11533.28,KEPT,Human
PTP00003011,A001805,2025-12-21 18:00:00,2026-01-04 18:00:00,2081.85,KEPT,WhatsApp
PTP00003012,A000450,2025-12-13 20:00:00,2025-12-14 20:00:00,10299.37,PENDING,AI Voice
PTP00003013,A000576,2026-03-14 14:00:00,2026-03-15 14:00:00,3776.76,KEPT,WhatsApp
PTP00003014,A001052,2025-11-25 09:00:00,2025-12-02 09:00:00,11615.31,BROKEN,Human
PTP00003015,A001657,2026-06-06 09:00:00,2026-06-13 09:00:00,11300.76,KEPT,WhatsApp
PTP00003016,A002419,2026-05-14 20:00:00,2026-05-17 20:00:00,7773.88,BROKEN,Field
PTP00003017,A002999,2025-12-19 13:00:00,2025-12-20 13:00:00,3092.89,PENDING,WhatsApp
PTP00003018,A001464,2026-08-10 13:00:00,2026-08-13 13:00:00,11940.71,KEPT,WhatsApp
PTP00003019,A003935,2026-07-05 19:00:00,2026-07-08 19:00:00,6443.46,KEPT,AI Voice
PTP00003020,A001572,2025-10-15 17:00:00,2025-10-18 17:00:00,14582.53,BROKEN,AI Voice
PTP00003021,A000599,2026-07-05 18:00:00,2026-07-19 18:00:00,3909.56,BROKEN,Field
PTP00003022,A003494,2026-07-16 09:00:00,2026-07-19 09:00:00,10264.11,BROKEN,Field
PTP00003023,A000237,2026-07-19 12:00:00,2026-07-20 12:00:00,5400.48,KEPT,AI Voice
PTP00003024,A001044,2025-09-18 20:00:00,2025-09-21 20:00:00,6649.11,BROKEN,Human
PTP00003025,A001975,2026-05-01 11:00:00,2026-05-04 11:00:00,8854.88,BROKEN,Human
PTP00003026,A002836,2026-02-03 11:00:00,2026-02-17 11:00:00,11306.52,KEPT,Human
PTP00003027,A001928,2026-06-24 08:00:00,2026-06-25 08:00:00,10180.35,KEPT,Field
PTP00003028,A000560,2026-07-18 11:00:00,2026-08-01 11:00:00,2830.68,KEPT,AI Voice
PTP00003029,A003739,2026-06-23 18:00:00,2026-06-30 18:00:00,6472.93,BROKEN,AI Voice
PTP00003030,A002182,2026-07-27 12:00:00,2026-08-10 12:00:00,3915.97,BROKEN,Human
PTP00003031,A001080,2026-07-25 11:00:00,2026-07-28 11:00:00,12079.36,PENDING,Field
PTP00003032,A002121,2026-07-22 09:00:00,2026-07-25 09:00:00,14203.22,BROKEN,AI Voice
PTP00003033,A001464,2025-09-14 10:00:00,2025-09-15 10:00:00,10402.01,KEPT,AI Voice
PTP00003034,A002183,2026-06-02 08:00:00,2026-06-05 08:00:00,14625.0,KEPT,AI Voice
PTP00003035,A002756,2025-10-08 15:00:00,2025-10-11 15:00:00,5454.11,KEPT,Human
PTP00003036,A002118,2026-05-10 16:00:00,2026-05-13 16:00:00,5262.82,BROKEN,Field
PTP00003037,A000478,2026-04-18 19:00:00,2026-04-19 19:00:00,5853.86,KEPT,Human
PTP00003038,A001000,2026-05-10 17:00:00,2026-05-11 17:00:00,5202.59,BROKEN,AI Voice
PTP00003039,A004161,2026-05-14 13:00:00,2026-05-21 13:00:00,11519.93,BROKEN,AI Voice
PTP00003040,A001333,2025-12-16 08:00:00,2025-12-19 08:00:00,7501.6,KEPT,Field
PTP00003041,A001845,2025-09-26 10:00:00,2025-09-27 10:00:00,11549.92,KEPT,Human
PTP00003042,A003144,2026-04-12 13:00:00,2026-04-15 13:00:00,10922.87,KEPT,Field
PTP00003043,A003299,2025-11-22 13:00:00,2025-11-25 13:00:00,5382.71,KEPT,WhatsApp
PTP00003044,A000204,2025-12-19 12:00:00,2025-12-26 12:00:00,6199.16,KEPT,WhatsApp
PTP00003045,A002507,2026-05-07 15:00:00,2026-05-14 15:00:00,2598.37,KEPT,Human
PTP00003046,A001463,2025-10-18 12:00:00,2025-10-19 12:00:00,5389.97,PENDING,Human
PTP00003047,A000961,2025-11-10 11:00:00,2025-11-11 11:00:00,10832.78,BROKEN,AI Voice
PTP00003048,A000786,2025-11-02 19:00:00,2025-11-16 19:00:00,2406.91,KEPT,Human
PTP00003049,A000911,2025-12-27 11:00:00,2026-01-10 11:00:00,6671.17,KEPT,AI Voice
PTP00003050,A001919,2026-07-14 20:00:00,2026-07-28 20:00:00,5199.64,BROKEN,Field
PTP00003051,A003893,2026-08-13 14:00:00,2026-08-16 14:00:00,10441.69,KEPT,AI Voice
PTP00003052,A003601,2026-06-21 08:00:00,2026-07-05 08:00:00,13220.47,KEPT,Human
PTP00003053,A003558,2026-04-20 10:00:00,2026-04-23 10:00:00,10051.08,KEPT,WhatsApp
PTP00003054,A001869,2026-03-09 08:00:00,2026-03-12 08:00:00,4159.28,BROKEN,Field
PTP00003055,A001726,2026-04-06 19:00:00,2026-04-09 19:00:00,14325.54,KEPT,Field
PTP00003056,A001209,2026-08-24 11:00:00,2026-09-07 11:00:00,14119.62,KEPT,Human
PTP00003057,A000393,2026-04-11 20:00:00,2026-04-12 20:00:00,6816.39,PENDING,AI Voice
PTP00003058,A001223,2026-07-08 19:00:00,2026-07-15 19:00:00,11915.52,BROKEN,WhatsApp
PTP00003059,A000883,2026-07-24 08:00:00,2026-07-31 08:00:00,8809.14,KEPT,Field
PTP00003060,A001252,2026-02-19 19:00:00,2026-02-26 19:00:00,7582.73,KEPT,AI Voice
PTP00003061,A000416,2025-11-10 08:00:00,2025-11-13 08:00:00,9662.92,BROKEN,WhatsApp
PTP00003062,A000970,2025-10-21 18:00:00,2025-10-28 18:00:00,8391.66,KEPT,AI Voice
PTP00003063,A002146,2026-04-25 20:00:00,2026-04-26 20:00:00,2267.21,KEPT,Human
PTP00003064,A003924,2025-11-07 19:00:00,2025-11-10 19:00:00,3356.55,BROKEN,WhatsApp
PTP00003065,A003908,2026-08-22 19:00:00,2026-08-29 19:00:00,7867.71,PENDING,WhatsApp
PTP00003066,A001053,2026-03-20 16:00:00,2026-03-23 16:00:00,14507.98,BROKEN,Human
PTP00003067,A000018,2025-12-09 09:00:00,2025-12-23 09:00:00,6135.13,PENDING,WhatsApp
PTP00003068,A003338,2026-08-19 18:00:00,2026-09-02 18:00:00,14571.16,KEPT,Human
PTP00003069,A003585,2026-07-21 11:00:00,2026-07-22 11:00:00,4223.51,KEPT,WhatsApp
PTP00003070,A000993,2026-01-04 13:00:00,2026-01-07 13:00:00,12660.67,KEPT,Field
PTP00003071,A000949,2025-12-13 20:00:00,2025-12-16 20:00:00,5572.73,KEPT,AI Voice
PTP00003072,A000055,2025-11-27 19:00:00,2025-11-30 19:00:00,8971.46,KEPT,Human
PTP00003073,A000217,2025-10-22 09:00:00,2025-11-05 09:00:00,12807.54,BROKEN,Field
PTP00003074,A003256,2025-12-02 14:00:00,2025-12-09 14:00:00,12109.18,KEPT,AI Voice
PTP00003075,A004072,2026-01-20 20:00:00,2026-01-27 20:00:00,11712.8,KEPT,WhatsApp
PTP00003076,A003252,2025-11-25 19:00:00,2025-12-02 19:00:00,11425.66,KEPT,WhatsApp
PTP00003077,A001400,2026-08-08 10:00:00,2026-08-22 10:00:00,12180.22,KEPT,AI Voice
PTP00003078,A002284,2026-06-20 12:00:00,2026-07-04 12:00:00,12368.13,KEPT,WhatsApp
PTP00003079,A001192,2026-08-06 14:00:00,2026-08-07 14:00:00,8047.74,KEPT,AI Voice
PTP00003080,A003757,2025-11-09 14:00:00,2025-11-16 14:00:00,5675.59,KEPT,Field
PTP00003081,A000659,2026-04-16 17:00:00,2026-04-30 17:00:00,5910.94,BROKEN,Field
PTP00003082,A000580,2026-08-26 15:00:00,2026-08-29 15:00:00,7250.66,KEPT,Field
PTP00003083,A001068,2026-07-23 18:00:00,2026-08-06 18:00:00,13551.61,KEPT,AI Voice
PTP00003084,A000184,2026-07-23 20:00:00,2026-07-30 20:00:00,2813.55,BROKEN,Field
PTP00003085,A003954,2026-01-27 09:00:00,2026-01-30 09:00:00,6452.95,BROKEN,AI Voice
PTP00003086,A003180,2025-12-02 14:00:00,2025-12-05 14:00:00,2062.7,BROKEN,Field
PTP00003087,A001673,2026-06-17 08:00:00,2026-06-18 08:00:00,8162.07,BROKEN,AI Voice
PTP00003088,A001335,2026-04-23 10:00:00,2026-04-24 10:00:00,11914.21,PENDING,Human
PTP00003089,A004085,2026-08-25 20:00:00,2026-08-26 20:00:00,7964.12,KEPT,WhatsApp
PTP00003090,A001907,2025-12-11 10:00:00,2025-12-25 10:00:00,13464.64,PENDING,AI Voice
PTP00003091,A002022,2025-10-12 08:00:00,2025-10-15 08:00:00,6862.66,PENDING,AI Voice
PTP00003092,A000896,2026-05-14 18:00:00,2026-05-21 18:00:00,2785.87,BROKEN,Field
PTP00003093,A003162,2025-09-24 17:00:00,2025-09-25 17:00:00,11612.13,BROKEN,Human
PTP00003094,A000323,2026-03-25 14:00:00,2026-03-26 14:00:00,10416.08,KEPT,Human
PTP00003095,A000769,2026-04-05 18:00:00,2026-04-12 18:00:00,10667.71,KEPT,AI Voice
PTP00003096,A000572,2025-11-07 20:00:00,2025-11-10 20:00:00,11717.32,BROKEN,WhatsApp
PTP00003097,A003073,2026-01-13 18:00:00,2026-01-16 18:00:00,4083.86,PENDING,Human
PTP00003098,A002417,2025-10-11 17:00:00,2025-10-12 17:00:00,10269.32,BROKEN,Field
PTP00003099,A001947,2025-12-06 16:00:00,2025-12-07 16:00:00,9645.78,BROKEN,AI Voice
PTP00003100,A002353,2026-06-11 20:00:00,2026-06-18 20:00:00,11669.59,KEPT,Human
PTP00003101,A000228,2026-01-17 15:00:00,2026-01-18 15:00:00,2114.65,BROKEN,WhatsApp
PTP00003102,A004138,2026-07-15 12:00:00,2026-07-18 12:00:00,2782.18,BROKEN,AI Voice
PTP00003103,A001985,2025-10-18 16:00:00,2025-10-21 16:00:00,5524.85,PENDING,Field
PTP00003104,A001887,2026-01-16 18:00:00,2026-01-17 18:00:00,7191.73,BROKEN,Human
PTP00003105,A004087,2025-09-12 14:00:00,2025-09-19 14:00:00,14457.88,BROKEN,Human
PTP00003106,A004189,2026-06-20 18:00:00,2026-07-04 18:00:00,10553.17,KEPT,Human
PTP00003107,A002858,2025-09-24 19:00:00,2025-10-08 19:00:00,4792.34,PENDING,WhatsApp
PTP00003108,A001143,2025-11-03 11:00:00,2025-11-06 11:00:00,4071.83,PENDING,Field
PTP00003109,A000991,2026-02-23 13:00:00,2026-03-02 13:00:00,10231.15,BROKEN,WhatsApp
PTP00003110,A003473,2025-12-02 09:00:00,2025-12-16 09:00:00,14364.18,BROKEN,Field
PTP00003111,A003175,2026-08-23 09:00:00,2026-08-26 09:00:00,9102.14,PENDING,WhatsApp
PTP00003112,A000623,2026-03-19 17:00:00,2026-04-02 17:00:00,8737.8,BROKEN,AI Voice
PTP00003113,A003313,2026-06-09 18:00:00,2026-06-12 18:00:00,6785.79,KEPT,Field
PTP00003114,A000882,2026-07-05 10:00:00,2026-07-12 10:00:00,2373.76,BROKEN,Field
PTP00003115,A001017,2025-11-14 19:00:00,2025-11-15 19:00:00,3444.16,KEPT,Field
PTP00003116,A003894,2025-09-20 15:00:00,2025-09-27 15:00:00,4450.1,BROKEN,Human
PTP00003117,A000195,2026-06-12 19:00:00,2026-06-19 19:00:00,3609.31,PENDING,Field
PTP00003118,A003953,2026-03-07 15:00:00,2026-03-10 15:00:00,10680.14,PENDING,AI Voice
PTP00003119,A000639,2026-07-20 12:00:00,2026-07-27 12:00:00,12205.33,BROKEN,WhatsApp
PTP00003120,A003484,2025-11-22 08:00:00,2025-12-06 08:00:00,3861.93,PENDING,Field
PTP00003121,A004191,2026-08-18 12:00:00,2026-09-01 12:00:00,9794.2,KEPT,Field
PTP00003122,A003505,2026-07-13 14:00:00,2026-07-20 14:00:00,3300.46,BROKEN,AI Voice
PTP00003123,A001681,2026-04-07 18:00:00,2026-04-21 18:00:00,11155.6,BROKEN,AI Voice
PTP00003124,A002597,2026-02-22 15:00:00,2026-03-08 15:00:00,13506.41,KEPT,Field
PTP00003125,A001742,2025-11-10 14:00:00,2025-11-11 14:00:00,5186.01,KEPT,Human
PTP00003126,A002216,2026-01-11 13:00:00,2026-01-12 13:00:00,7485.0,KEPT,WhatsApp
PTP00003127,A003629,2026-03-11 20:00:00,2026-03-12 20:00:00,12017.33,KEPT,Field
PTP00003128,A002661,2025-10-16 08:00:00,2025-10-19 08:00:00,4958.2,KEPT,AI Voice
PTP00003129,A002955,2025-12-08 12:00:00,2025-12-15 12:00:00,14060.87,KEPT,AI Voice
PTP00003130,A000119,2025-11-11 17:00:00,2025-11-14 17:00:00,5462.85,KEPT,Human
PTP00003131,A003280,2026-08-09 18:00:00,2026-08-23 18:00:00,5107.15,KEPT,Human
PTP00003132,A000277,2026-03-20 13:00:00,2026-04-03 13:00:00,6137.85,KEPT,Field
PTP00003133,A003958,2026-05-14 09:00:00,2026-05-28 09:00:00,3661.86,PENDING,Field
PTP00003134,A000179,2026-05-07 14:00:00,2026-05-21 14:00:00,13158.93,KEPT,Human
PTP00003135,A001736,2026-05-18 16:00:00,2026-05-19 16:00:00,2490.94,BROKEN,AI Voice
PTP00003136,A002954,2025-12-20 17:00:00,2025-12-23 17:00:00,12817.85,PENDING,WhatsApp
PTP00003137,A002234,2025-10-18 14:00:00,2025-10-21 14:00:00,7925.52,KEPT,AI Voice
PTP00003138,A002045,2026-03-14 08:00:00,2026-03-28 08:00:00,5790.84,BROKEN,WhatsApp
PTP00003139,A002325,2026-05-05 08:00:00,2026-05-19 08:00:00,9388.35,BROKEN,Field
PTP00003140,A003341,2026-02-01 08:00:00,2026-02-15 08:00:00,13411.72,BROKEN,Human
PTP00003141,A002983,2026-04-20 11:00:00,2026-05-04 11:00:00,13795.94,BROKEN,WhatsApp
PTP00003142,A001090,2026-06-18 17:00:00,2026-06-25 17:00:00,2947.82,KEPT,Field
PTP00003143,A002612,2026-03-21 16:00:00,2026-03-28 16:00:00,4403.55,KEPT,WhatsApp
PTP00003144,A001796,2026-05-16 12:00:00,2026-05-19 12:00:00,11034.55,BROKEN,Field
PTP00003145,A002162,2026-08-01 14:00:00,2026-08-15 14:00:00,9081.65,BROKEN,WhatsApp
PTP00003146,A001760,2026-02-08 16:00:00,2026-02-09 16:00:00,11529.49,BROKEN,AI Voice
PTP00003147,A000733,2026-01-02 16:00:00,2026-01-03 16:00:00,5786.77,KEPT,Human
PTP00003148,A002227,2026-06-20 14:00:00,2026-06-21 14:00:00,3392.07,BROKEN,WhatsApp
PTP00003149,A002353,2026-05-25 15:00:00,2026-05-26 15:00:00,8362.79,BROKEN,Field
PTP00003150,A000522,2026-02-25 16:00:00,2026-03-11 16:00:00,11897.65,KEPT,WhatsApp
PTP00003151,A001196,2025-11-04 13:00:00,2025-11-11 13:00:00,7796.25,PENDING,Human
PTP00003152,A001542,2026-01-20 19:00:00,2026-01-23 19:00:00,2900.44,BROKEN,WhatsApp
PTP00003153,A003422,2026-08-17 18:00:00,2026-08-20 18:00:00,13335.53,BROKEN,AI Voice
PTP00003154,A002347,2026-05-27 15:00:00,2026-06-10 15:00:00,12905.96,BROKEN,Human
PTP00003155,A001597,2026-02-06 19:00:00,2026-02-13 19:00:00,2883.37,KEPT,WhatsApp
PTP00003156,A002448,2026-01-21 08:00:00,2026-01-24 08:00:00,10437.01,BROKEN,Human
PTP00003157,A002373,2025-10-26 14:00:00,2025-11-09 14:00:00,3832.78,KEPT,WhatsApp
PTP00003158,A003165,2026-05-08 17:00:00,2026-05-11 17:00:00,5495.03,BROKEN,Human
PTP00003159,A002701,2026-04-02 20:00:00,2026-04-03 20:00:00,12041.66,BROKEN,Human
PTP00003160,A003691,2026-08-20 18:00:00,2026-09-03 18:00:00,9534.98,KEPT,Field
PTP00003161,A003970,2026-08-24 20:00:00,2026-09-07 20:00:00,11743.52,KEPT,Human
PTP00003162,A002111,2026-08-20 09:00:00,2026-08-27 09:00:00,4995.88,BROKEN,WhatsApp
PTP00003163,A003339,2026-08-27 08:00:00,2026-09-10 08:00:00,3474.54,BROKEN,WhatsApp
PTP00003164,A002146,2026-05-15 10:00:00,2026-05-29 10:00:00,8762.69,KEPT,WhatsApp
PTP00003165,A000065,2025-11-11 16:00:00,2025-11-25 16:00:00,7940.41,BROKEN,WhatsApp
PTP00003166,A000803,2025-12-05 14:00:00,2025-12-12 14:00:00,3986.13,KEPT,AI Voice
PTP00003167,A000030,2026-03-22 14:00:00,2026-03-29 14:00:00,9564.2,PENDING,Human
PTP00003168,A001546,2026-04-02 19:00:00,2026-04-03 19:00:00,6437.49,KEPT,Human
PTP00003169,A001286,2026-07-02 20:00:00,2026-07-16 20:00:00,9149.1,BROKEN,WhatsApp
PTP00003170,A003690,2025-10-22 19:00:00,2025-10-29 19:00:00,2111.96,KEPT,Field
PTP00003171,A002514,2026-01-12 16:00:00,2026-01-19 16:00:00,13305.16,KEPT,WhatsApp
PTP00003172,A003515,2026-07-22 17:00:00,2026-07-29 17:00:00,7093.11,PENDING,Field
PTP00003173,A001934,2026-05-01 10:00:00,2026-05-08 10:00:00,12659.61,KEPT,WhatsApp
PTP00003174,A002882,2026-04-18 08:00:00,2026-05-02 08:00:00,3189.33,PENDING,Field
PTP00003175,A002143,2026-07-26 20:00:00,2026-08-09 20:00:00,3501.41,KEPT,Field
PTP00003176,A003976,2026-07-19 14:00:00,2026-07-22 14:00:00,3368.11,KEPT,AI Voice
PTP00003177,A001600,2025-12-05 14:00:00,2025-12-19 14:00:00,7909.09,BROKEN,Human
PTP00003178,A001093,2026-05-09 10:00:00,2026-05-10 10:00:00,6204.11,KEPT,Human
PTP00003179,A001075,2025-12-11 10:00:00,2025-12-18 10:00:00,11808.79,BROKEN,WhatsApp
PTP00003180,A002547,2026-04-18 08:00:00,2026-05-02 08:00:00,7703.04,KEPT,Field
PTP00003181,A003203,2026-06-06 08:00:00,2026-06-09 08:00:00,11942.52,KEPT,Field
PTP00003182,A001259,2025-12-15 15:00:00,2025-12-22 15:00:00,7848.04,KEPT,AI Voice
PTP00003183,A003433,2025-09-16 17:00:00,2025-09-23 17:00:00,12269.16,PENDING,AI Voice
PTP00003184,A003254,2026-07-17 15:00:00,2026-07-24 15:00:00,8030.5,PENDING,WhatsApp
PTP00003185,A000626,2026-08-21 12:00:00,2026-08-24 12:00:00,11459.59,BROKEN,Field
PTP00003186,A001089,2026-02-27 13:00:00,2026-03-02 13:00:00,11878.64,KEPT,WhatsApp
PTP00003187,A001301,2026-06-12 09:00:00,2026-06-15 09:00:00,2685.87,BROKEN,Human
PTP00003188,A003013,2026-03-05 20:00:00,2026-03-12 20:00:00,2846.87,KEPT,AI Voice
PTP00003189,A003860,2025-09-11 16:00:00,2025-09-25 16:00:00,10482.46,BROKEN,Human
PTP00003190,A000170,2026-03-01 08:00:00,2026-03-04 08:00:00,2941.88,KEPT,Human
PTP00003191,A002762,2026-07-27 10:00:00,2026-08-10 10:00:00,7171.46,PENDING,Field
PTP00003192,A002066,2026-06-10 11:00:00,2026-06-17 11:00:00,5549.24,BROKEN,AI Voice
PTP00003193,A002024,2025-10-12 19:00:00,2025-10-13 19:00:00,14566.99,BROKEN,WhatsApp
PTP00003194,A000550,2026-05-10 10:00:00,2026-05-13 10:00:00,11152.88,KEPT,Human
PTP00003195,A000828,2026-01-12 19:00:00,2026-01-13 19:00:00,8799.15,KEPT,Human
PTP00003196,A000293,2025-10-16 17:00:00,2025-10-23 17:00:00,5738.36,KEPT,WhatsApp
PTP00003197,A002977,2026-04-03 12:00:00,2026-04-10 12:00:00,7487.3,PENDING,Field
PTP00003198,A003489,2025-12-20 10:00:00,2025-12-21 10:00:00,7786.33,BROKEN,WhatsApp
PTP00003199,A002436,2026-07-23 19:00:00,2026-07-30 19:00:00,5610.71,BROKEN,Human
PTP00003200,A002538,2026-07-15 08:00:00,2026-07-22 08:00:00,12792.67,KEPT,Human
PTP00003201,A000932,2025-12-20 09:00:00,2026-01-03 09:00:00,11972.75,KEPT,Human
PTP00003202,A003040,2026-02-23 17:00:00,2026-03-02 17:00:00,5494.92,KEPT,AI Voice
PTP00003203,A002256,2026-04-17 14:00:00,2026-04-18 14:00:00,9817.06,BROKEN,WhatsApp
PTP00003204,A000183,2026-01-08 12:00:00,2026-01-11 12:00:00,4749.41,KEPT,Human
PTP00003205,A004102,2026-04-14 11:00:00,2026-04-28 11:00:00,2980.52,KEPT,Human
PTP00003206,A003658,2026-02-14 11:00:00,2026-02-21 11:00:00,11031.81,KEPT,Human
PTP00003207,A002902,2026-02-20 09:00:00,2026-02-27 09:00:00,10257.97,KEPT,Field
PTP00003208,A002172,2025-09-09 20:00:00,2025-09-10 20:00:00,2448.16,BROKEN,AI Voice
PTP00003209,A002783,2026-05-21 09:00:00,2026-05-22 09:00:00,9131.72,KEPT,Human
PTP00003210,A002090,2026-04-26 15:00:00,2026-04-29 15:00:00,10899.98,KEPT,WhatsApp
PTP00003211,A001971,2026-06-15 20:00:00,2026-06-18 20:00:00,12225.73,BROKEN,Field
PTP00003212,A002592,2026-04-16 17:00:00,2026-04-19 17:00:00,12125.26,KEPT,Field
PTP00003213,A001645,2025-10-14 09:00:00,2025-10-15 09:00:00,6272.11,KEPT,AI Voice
PTP00003214,A002198,2026-05-26 11:00:00,2026-05-29 11:00:00,10405.43,KEPT,WhatsApp
PTP00003215,A002731,2025-09-01 18:00:00,2025-09-08 18:00:00,3056.92,KEPT,AI Voice
PTP00003216,A002083,2026-01-06 10:00:00,2026-01-13 10:00:00,4695.38,PENDING,WhatsApp
PTP00003217,A002034,2025-09-22 11:00:00,2025-09-25 11:00:00,13312.43,KEPT,WhatsApp
PTP00003218,A002099,2026-08-06 10:00:00,2026-08-07 10:00:00,14338.84,PENDING,Human
PTP00003219,A002793,2026-07-02 08:00:00,2026-07-05 08:00:00,5564.9,KEPT,AI Voice
PTP00003220,A000268,2026-04-04 11:00:00,2026-04-07 11:00:00,4499.5,KEPT,AI Voice
PTP00003221,A001547,2025-11-11 13:00:00,2025-11-25 13:00:00,4692.11,KEPT,WhatsApp
PTP00003222,A003398,2026-05-27 11:00:00,2026-06-03 11:00:00,10374.64,PENDING,WhatsApp
PTP00003223,A000524,2025-09-25 18:00:00,2025-09-26 18:00:00,7561.34,KEPT,AI Voice
PTP00003224,A002286,2025-12-12 19:00:00,2025-12-13 19:00:00,4339.49,BROKEN,Human
PTP00003225,A003071,2026-01-19 12:00:00,2026-02-02 12:00:00,7558.79,KEPT,Field
PTP00003226,A002638,2026-03-06 18:00:00,2026-03-13 18:00:00,14985.33,KEPT,Field
PTP00003227,A001650,2026-01-09 18:00:00,2026-01-16 18:00:00,5168.8,KEPT,Field
PTP00003228,A003615,2026-07-11 09:00:00,2026-07-14 09:00:00,8714.54,KEPT,AI Voice
PTP00003229,A003574,2026-02-09 16:00:00,2026-02-12 16:00:00,9244.87,PENDING,AI Voice
PTP00003230,A003826,2026-08-26 08:00:00,2026-09-02 08:00:00,11778.1,KEPT,AI Voice
PTP00003231,A001998,2026-02-27 20:00:00,2026-03-02 20:00:00,8398.69,BROKEN,AI Voice
PTP00003232,A001098,2026-05-13 12:00:00,2026-05-16 12:00:00,11255.24,KEPT,Human
PTP00003233,A001848,2026-07-27 16:00:00,2026-07-28 16:00:00,12005.18,BROKEN,Human
PTP00003234,A000509,2026-05-02 15:00:00,2026-05-16 15:00:00,13890.85,KEPT,WhatsApp
PTP00003235,A000008,2025-11-16 16:00:00,2025-11-17 16:00:00,9090.94,BROKEN,WhatsApp
PTP00003236,A000025,2026-08-15 10:00:00,2026-08-18 10:00:00,4311.18,PENDING,Human
PTP00003237,A003013,2026-03-10 14:00:00,2026-03-17 14:00:00,11864.35,KEPT,Human
PTP00003238,A003172,2025-11-05 13:00:00,2025-11-19 13:00:00,12064.69,KEPT,Field
PTP00003239,A000750,2025-10-21 12:00:00,2025-10-24 12:00:00,4749.84,BROKEN,Field
PTP00003240,A003327,2025-10-04 13:00:00,2025-10-11 13:00:00,3409.55,BROKEN,WhatsApp
PTP00003241,A002657,2026-01-21 09:00:00,2026-01-24 09:00:00,7577.77,KEPT,Human
PTP00003242,A003400,2026-01-06 18:00:00,2026-01-13 18:00:00,8933.32,BROKEN,WhatsApp
PTP00003243,A002345,2026-08-17 15:00:00,2026-08-24 15:00:00,9580.33,KEPT,AI Voice
PTP00003244,A002803,2025-12-04 13:00:00,2025-12-05 13:00:00,10123.44,KEPT,WhatsApp
PTP00003245,A001074,2025-10-03 13:00:00,2025-10-06 13:00:00,7759.53,BROKEN,WhatsApp
PTP00003246,A002916,2025-11-25 15:00:00,2025-11-26 15:00:00,9248.18,BROKEN,Field
PTP00003247,A001031,2026-06-06 11:00:00,2026-06-20 11:00:00,2247.6,KEPT,WhatsApp
PTP00003248,A003025,2025-12-17 20:00:00,2025-12-20 20:00:00,8826.64,KEPT,Human
PTP00003249,A000718,2026-08-12 14:00:00,2026-08-13 14:00:00,13455.32,PENDING,Field
PTP00003250,A003994,2025-11-05 18:00:00,2025-11-19 18:00:00,3395.95,KEPT,WhatsApp
PTP00003251,A001789,2025-11-08 11:00:00,2025-11-11 11:00:00,4212.42,PENDING,Field
PTP00003252,A003080,2025-09-03 18:00:00,2025-09-04 18:00:00,3329.49,KEPT,AI Voice
PTP00003253,A001740,2025-12-01 11:00:00,2025-12-04 11:00:00,11878.05,BROKEN,Field
PTP00003254,A003023,2026-07-08 08:00:00,2026-07-11 08:00:00,9560.56,PENDING,WhatsApp
PTP00003255,A000860,2025-09-10 17:00:00,2025-09-11 17:00:00,10430.58,KEPT,WhatsApp
PTP00003256,A003927,2026-08-06 11:00:00,2026-08-09 11:00:00,7416.47,KEPT,AI Voice
PTP00003257,A003870,2026-04-15 10:00:00,2026-04-29 10:00:00,10842.0,KEPT,AI Voice
PTP00003258,A002484,2025-11-18 09:00:00,2025-11-19 09:00:00,14450.83,KEPT,WhatsApp
PTP00003259,A002398,2026-05-14 19:00:00,2026-05-28 19:00:00,9631.69,KEPT,WhatsApp
PTP00003260,A001927,2025-11-21 17:00:00,2025-11-24 17:00:00,3217.12,KEPT,Field
PTP00003261,A003378,2025-12-08 15:00:00,2025-12-11 15:00:00,4421.8,BROKEN,Field
PTP00003262,A003716,2025-10-09 17:00:00,2025-10-10 17:00:00,14957.76,PENDING,Field
PTP00003263,A000603,2025-11-15 08:00:00,2025-11-22 08:00:00,8761.09,BROKEN,Human
PTP00003264,A001924,2025-10-16 11:00:00,2025-10-23 11:00:00,14751.28,PENDING,Human
PTP00003265,A002061,2026-03-06 12:00:00,2026-03-13 12:00:00,11961.97,KEPT,WhatsApp
PTP00003266,A002273,2026-06-04 14:00:00,2026-06-05 14:00:00,14633.88,BROKEN,WhatsApp
PTP00003267,A003949,2026-03-06 15:00:00,2026-03-13 15:00:00,6844.85,KEPT,AI Voice
PTP00003268,A003524,2025-10-25 08:00:00,2025-10-28 08:00:00,6961.07,BROKEN,WhatsApp
PTP00003269,A002966,2025-11-23 10:00:00,2025-11-26 10:00:00,3726.39,KEPT,AI Voice
PTP00003270,A000628,2025-11-13 16:00:00,2025-11-27 16:00:00,9106.77,KEPT,WhatsApp
PTP00003271,A001178,2025-10-19 10:00:00,2025-10-20 10:00:00,8005.83,BROKEN,Human
PTP00003272,A003139,2025-10-11 09:00:00,2025-10-14 09:00:00,3684.35,KEPT,WhatsApp
PTP00003273,A000430,2025-09-13 17:00:00,2025-09-27 17:00:00,6493.53,KEPT,WhatsApp
PTP00003274,A003071,2025-09-27 16:00:00,2025-10-04 16:00:00,6577.97,KEPT,AI Voice
PTP00003275,A003475,2026-02-20 12:00:00,2026-02-23 12:00:00,5219.7,BROKEN,Field
PTP00003276,A002740,2025-11-06 18:00:00,2025-11-13 18:00:00,9485.47,BROKEN,WhatsApp
PTP00003277,A002141,2026-07-20 17:00:00,2026-07-21 17:00:00,13952.13,BROKEN,Field
PTP00003278,A004010,2026-02-27 11:00:00,2026-02-28 11:00:00,2252.39,PENDING,Field
PTP00003279,A002095,2026-08-07 16:00:00,2026-08-10 16:00:00,8347.26,KEPT,AI Voice
PTP00003280,A003282,2026-06-21 11:00:00,2026-06-28 11:00:00,2345.18,BROKEN,AI Voice
PTP00003281,A000072,2026-01-15 08:00:00,2026-01-29 08:00:00,13437.09,PENDING,Human
PTP00003282,A002744,2025-10-02 16:00:00,2025-10-03 16:00:00,11774.13,KEPT,Human
PTP00003283,A002697,2026-06-23 15:00:00,2026-06-24 15:00:00,6922.02,KEPT,Field
PTP00003284,A002793,2025-12-15 16:00:00,2025-12-29 16:00:00,11633.83,KEPT,AI Voice
PTP00003285,A002805,2025-11-02 15:00:00,2025-11-09 15:00:00,7700.28,KEPT,Field
PTP00003286,A002400,2025-10-07 17:00:00,2025-10-21 17:00:00,2443.93,BROKEN,Field
PTP00003287,A001953,2025-11-22 19:00:00,2025-11-29 19:00:00,6391.56,BROKEN,Human
PTP00003288,A001368,2025-11-08 20:00:00,2025-11-11 20:00:00,3037.25,BROKEN,WhatsApp
PTP00003289,A003237,2026-06-02 12:00:00,2026-06-05 12:00:00,5441.11,BROKEN,WhatsApp
PTP00003290,A003322,2025-11-05 09:00:00,2025-11-19 09:00:00,7333.68,KEPT,WhatsApp
PTP00003291,A003486,2026-05-06 09:00:00,2026-05-09 09:00:00,6444.35,KEPT,Human
PTP00003292,A001870,2025-11-19 11:00:00,2025-11-22 11:00:00,11548.47,KEPT,WhatsApp
PTP00003293,A001185,2026-05-02 14:00:00,2026-05-09 14:00:00,4369.42,BROKEN,WhatsApp
PTP00003294,A002605,2026-06-18 12:00:00,2026-07-02 12:00:00,8125.65,KEPT,Human
PTP00003295,A001661,2025-12-11 20:00:00,2025-12-25 20:00:00,10454.95,KEPT,WhatsApp
PTP00003296,A004010,2026-02-03 08:00:00,2026-02-17 08:00:00,14153.53,KEPT,Field
PTP00003297,A001811,2025-10-09 11:00:00,2025-10-10 11:00:00,2644.57,BROKEN,Human
PTP00003298,A002285,2026-06-18 11:00:00,2026-06-25 11:00:00,7791.66,KEPT,WhatsApp
PTP00003299,A000278,2026-04-15 11:00:00,2026-04-29 11:00:00,14656.79,KEPT,Field
PTP00003300,A001095,2026-07-04 14:00:00,2026-07-05 14:00:00,3271.7,BROKEN,AI Voice
PTP00003301,A003233,2025-11-25 09:00:00,2025-11-26 09:00:00,4649.29,KEPT,WhatsApp
PTP00003302,A001097,2026-01-06 11:00:00,2026-01-09 11:00:00,7169.82,KEPT,AI Voice
PTP00003303,A000708,2025-09-18 08:00:00,2025-09-21 08:00:00,13098.79,KEPT,Human
PTP00003304,A001863,2026-01-13 09:00:00,2026-01-16 09:00:00,3012.16,KEPT,AI Voice
PTP00003305,A001519,2025-11-05 13:00:00,2025-11-12 13:00:00,13550.42,PENDING,Human
PTP00003306,A002408,2026-07-23 17:00:00,2026-07-30 17:00:00,9224.18,KEPT,Field
PTP00003307,A003570,2026-03-20 14:00:00,2026-03-27 14:00:00,2229.16,BROKEN,AI Voice
PTP00003308,A001770,2025-10-13 17:00:00,2025-10-14 17:00:00,8794.5,KEPT,WhatsApp
PTP00003309,A003092,2025-11-12 17:00:00,2025-11-15 17:00:00,14516.52,KEPT,WhatsApp
PTP00003310,A003167,2026-07-15 19:00:00,2026-07-22 19:00:00,8071.21,BROKEN,WhatsApp
PTP00003311,A001697,2026-03-23 20:00:00,2026-03-30 20:00:00,14180.46,BROKEN,Human
PTP00003312,A000886,2026-02-26 13:00:00,2026-03-12 13:00:00,9048.26,PENDING,Field
PTP00003313,A002378,2026-03-13 10:00:00,2026-03-16 10:00:00,10749.01,BROKEN,Human
PTP00003314,A003201,2025-11-20 15:00:00,2025-12-04 15:00:00,14549.01,BROKEN,Human
PTP00003315,A000866,2026-01-10 20:00:00,2026-01-11 20:00:00,11811.27,KEPT,Field
PTP00003316,A002731,2026-07-06 16:00:00,2026-07-13 16:00:00,6789.38,BROKEN,Field
PTP00003317,A003831,2025-10-06 14:00:00,2025-10-13 14:00:00,3618.44,KEPT,Human
PTP00003318,A000971,2025-11-16 16:00:00,2025-11-30 16:00:00,6431.67,BROKEN,Human
PTP00003319,A003846,2025-10-10 10:00:00,2025-10-13 10:00:00,12167.05,BROKEN,Field
PTP00003320,A003597,2026-06-11 09:00:00,2026-06-25 09:00:00,7589.03,BROKEN,Field
PTP00003321,A001708,2026-07-13 16:00:00,2026-07-27 16:00:00,13131.0,KEPT,WhatsApp
PTP00003322,A002543,2026-08-05 15:00:00,2026-08-08 15:00:00,8380.66,BROKEN,Field
PTP00003323,A002838,2026-02-03 18:00:00,2026-02-04 18:00:00,13836.42,KEPT,WhatsApp
PTP00003324,A004039,2025-11-23 15:00:00,2025-11-26 15:00:00,5422.76,BROKEN,Human
PTP00003325,A001917,2026-05-05 20:00:00,2026-05-06 20:00:00,6749.02,KEPT,WhatsApp
PTP00003326,A000499,2026-02-17 10:00:00,2026-02-24 10:00:00,6078.46,PENDING,WhatsApp
PTP00003327,A001763,2026-07-24 18:00:00,2026-07-25 18:00:00,2563.16,KEPT,WhatsApp
PTP00003328,A002935,2026-02-10 15:00:00,2026-02-11 15:00:00,4114.71,PENDING,AI Voice
PTP00003329,A002434,2026-01-26 11:00:00,2026-02-02 11:00:00,10509.99,BROKEN,AI Voice
PTP00003330,A001926,2026-01-01 14:00:00,2026-01-04 14:00:00,7178.14,PENDING,WhatsApp
PTP00003331,A001427,2025-10-17 09:00:00,2025-10-31 09:00:00,4652.05,BROKEN,AI Voice
PTP00003332,A003091,2026-05-27 11:00:00,2026-06-03 11:00:00,8139.87,KEPT,WhatsApp
PTP00003333,A003321,2026-02-03 12:00:00,2026-02-06 12:00:00,4687.32,KEPT,AI Voice
PTP00003334,A001489,2025-12-25 15:00:00,2025-12-26 15:00:00,4131.1,BROKEN,AI Voice
PTP00003335,A002249,2026-02-24 20:00:00,2026-03-03 20:00:00,13378.86,BROKEN,WhatsApp
PTP00003336,A001435,2026-04-07 17:00:00,2026-04-21 17:00:00,6631.1,PENDING,WhatsApp
PTP00003337,A003114,2026-04-27 17:00:00,2026-04-28 17:00:00,8906.94,KEPT,WhatsApp
PTP00003338,A002944,2025-12-26 19:00:00,2025-12-27 19:00:00,8894.79,BROKEN,Human
PTP00003339,A000168,2025-09-11 20:00:00,2025-09-12 20:00:00,11740.34,KEPT,WhatsApp
PTP00003340,A004163,2026-08-12 19:00:00,2026-08-13 19:00:00,8916.11,BROKEN,AI Voice
PTP00003341,A003391,2026-06-17 09:00:00,2026-06-18 09:00:00,12286.08,BROKEN,WhatsApp
PTP00003342,A002917,2026-02-18 12:00:00,2026-03-04 12:00:00,4048.56,BROKEN,WhatsApp
PTP00003343,A002887,2026-05-13 15:00:00,2026-05-16 15:00:00,2777.03,KEPT,Field
PTP00003344,A002812,2026-04-25 13:00:00,2026-05-02 13:00:00,4575.34,BROKEN,Field
PTP00003345,A000820,2026-03-02 10:00:00,2026-03-05 10:00:00,7382.93,KEPT,Field
PTP00003346,A000892,2026-08-06 13:00:00,2026-08-07 13:00:00,7704.23,KEPT,Field
PTP00003347,A001671,2025-11-22 13:00:00,2025-11-25 13:00:00,13211.63,KEPT,Field
PTP00003348,A000082,2025-11-14 20:00:00,2025-11-17 20:00:00,12359.28,PENDING,AI Voice
PTP00003349,A000623,2025-09-10 18:00:00,2025-09-17 18:00:00,12045.57,BROKEN,WhatsApp
PTP00003350,A003418,2025-09-21 20:00:00,2025-09-28 20:00:00,6098.23,BROKEN,WhatsApp
PTP00003351,A002935,2026-04-01 15:00:00,2026-04-04 15:00:00,9042.94,KEPT,Field
PTP00003352,A003234,2026-04-16 08:00:00,2026-04-23 08:00:00,14457.96,BROKEN,Field
PTP00003353,A000272,2026-04-20 09:00:00,2026-04-27 09:00:00,2469.18,KEPT,WhatsApp
PTP00003354,A003036,2025-11-17 10:00:00,2025-11-20 10:00:00,11079.04,KEPT,Human
PTP00003355,A001362,2026-03-10 12:00:00,2026-03-24 12:00:00,2000.13,KEPT,Human
PTP00003356,A002989,2026-03-12 12:00:00,2026-03-26 12:00:00,5309.39,KEPT,Human
PTP00003357,A004015,2025-10-23 20:00:00,2025-10-26 20:00:00,10825.05,BROKEN,AI Voice
PTP00003358,A003407,2026-03-12 13:00:00,2026-03-15 13:00:00,9153.25,KEPT,Field
PTP00003359,A003147,2025-09-26 19:00:00,2025-10-10 19:00:00,7401.44,KEPT,Field
PTP00003360,A003643,2026-04-20 14:00:00,2026-04-21 14:00:00,2931.82,KEPT,Human
PTP00003361,A002259,2026-03-19 13:00:00,2026-04-02 13:00:00,8743.99,KEPT,AI Voice
PTP00003362,A003057,2026-08-16 14:00:00,2026-08-23 14:00:00,10223.17,KEPT,WhatsApp
PTP00003363,A002205,2026-03-20 10:00:00,2026-03-21 10:00:00,3031.12,KEPT,AI Voice
PTP00003364,A001840,2025-09-13 15:00:00,2025-09-20 15:00:00,9241.6,KEPT,Field
PTP00003365,A002090,2025-09-05 17:00:00,2025-09-06 17:00:00,3862.86,BROKEN,Human
PTP00003366,A003026,2026-05-21 15:00:00,2026-05-22 15:00:00,6820.5,BROKEN,Field
PTP00003367,A002827,2026-06-19 13:00:00,2026-06-26 13:00:00,10893.54,KEPT,Human
PTP00003368,A004058,2026-04-16 20:00:00,2026-04-17 20:00:00,14353.31,KEPT,AI Voice
PTP00003369,A003465,2025-10-08 08:00:00,2025-10-11 08:00:00,8547.65,BROKEN,WhatsApp
PTP00003370,A004139,2025-10-13 10:00:00,2025-10-16 10:00:00,6155.78,KEPT,AI Voice
PTP00003371,A001978,2026-04-23 19:00:00,2026-04-30 19:00:00,5730.93,KEPT,WhatsApp
PTP00003372,A000061,2026-02-17 13:00:00,2026-02-20 13:00:00,12409.0,BROKEN,AI Voice
PTP00003373,A003476,2026-05-19 08:00:00,2026-05-22 08:00:00,12439.71,KEPT,WhatsApp
PTP00003374,A001581,2025-09-23 08:00:00,2025-10-07 08:00:00,6457.03,KEPT,Field
PTP00003375,A003554,2026-06-19 18:00:00,2026-07-03 18:00:00,11850.45,BROKEN,WhatsApp
PTP00003376,A003448,2025-12-02 20:00:00,2025-12-05 20:00:00,7483.77,PENDING,Field
PTP00003377,A003321,2026-01-20 17:00:00,2026-01-21 17:00:00,5536.33,BROKEN,Human
PTP00003378,A001998,2025-09-09 17:00:00,2025-09-16 17:00:00,6720.66,KEPT,WhatsApp
PTP00003379,A003389,2026-05-02 13:00:00,2026-05-09 13:00:00,3312.97,BROKEN,WhatsApp
PTP00003380,A002723,2025-09-09 10:00:00,2025-09-10 10:00:00,14076.71,KEPT,Human
PTP00003381,A001963,2026-01-12 09:00:00,2026-01-26 09:00:00,10656.17,KEPT,AI Voice
PTP00003382,A001750,2025-10-02 13:00:00,2025-10-09 13:00:00,5186.87,PENDING,WhatsApp
PTP00003383,A002093,2026-02-24 11:00:00,2026-02-27 11:00:00,3378.86,KEPT,WhatsApp
PTP00003384,A004076,2026-08-19 13:00:00,2026-08-20 13:00:00,14214.14,KEPT,AI Voice
PTP00003385,A002313,2025-11-02 14:00:00,2025-11-09 14:00:00,4340.62,PENDING,AI Voice
PTP00003386,A003669,2025-12-20 18:00:00,2026-01-03 18:00:00,9833.53,KEPT,AI Voice
PTP00003387,A002544,2025-10-20 17:00:00,2025-10-21 17:00:00,9462.22,KEPT,AI Voice
PTP00003388,A000996,2025-10-09 18:00:00,2025-10-23 18:00:00,3220.59,BROKEN,AI Voice
PTP00003389,A002608,2026-01-23 19:00:00,2026-01-26 19:00:00,6510.07,PENDING,Field
PTP00003390,A002667,2025-09-27 12:00:00,2025-10-04 12:00:00,14594.7,KEPT,Field
PTP00003391,A000719,2025-09-12 17:00:00,2025-09-26 17:00:00,9127.13,KEPT,Field
PTP00003392,A003843,2026-03-22 10:00:00,2026-04-05 10:00:00,12956.28,BROKEN,AI Voice
PTP00003393,A002498,2025-10-01 08:00:00,2025-10-15 08:00:00,11475.47,KEPT,WhatsApp
PTP00003394,A001131,2025-11-23 13:00:00,2025-11-26 13:00:00,11271.81,KEPT,WhatsApp
PTP00003395,A002366,2026-04-26 17:00:00,2026-04-29 17:00:00,2254.77,BROKEN,Field
PTP00003396,A004196,2026-08-09 18:00:00,2026-08-10 18:00:00,3667.0,KEPT,Human
PTP00003397,A003036,2026-07-21 18:00:00,2026-07-24 18:00:00,3731.9,BROKEN,Field
PTP00003398,A001926,2026-04-21 15:00:00,2026-04-24 15:00:00,6906.95,BROKEN,Field
PTP00003399,A001757,2025-10-13 18:00:00,2025-10-14 18:00:00,4447.85,BROKEN,Human
PTP00003400,A000822,2026-01-13 08:00:00,2026-01-20 08:00:00,5095.86,BROKEN,AI Voice
PTP00003401,A000209,2026-07-21 13:00:00,2026-08-04 13:00:00,4373.73,KEPT,WhatsApp
PTP00003402,A003430,2026-04-07 14:00:00,2026-04-08 14:00:00,7209.0,BROKEN,Field
PTP00003403,A002928,2026-04-10 15:00:00,2026-04-13 15:00:00,7016.18,BROKEN,WhatsApp
PTP00003404,A001229,2026-01-02 16:00:00,2026-01-05 16:00:00,2192.33,KEPT,Field
PTP00003405,A003506,2026-01-06 13:00:00,2026-01-07 13:00:00,10260.4,KEPT,Field
PTP00003406,A001286,2026-05-05 20:00:00,2026-05-19 20:00:00,13382.2,BROKEN,Human
PTP00003407,A002251,2025-12-13 16:00:00,2025-12-16 16:00:00,11076.48,KEPT,Field
PTP00003408,A001786,2026-07-27 16:00:00,2026-08-10 16:00:00,12202.31,BROKEN,Field
PTP00003409,A001594,2026-07-26 13:00:00,2026-08-02 13:00:00,14814.07,PENDING,Field
PTP00003410,A001338,2026-01-18 20:00:00,2026-01-19 20:00:00,14895.03,KEPT,Human
PTP00003411,A000281,2026-02-18 15:00:00,2026-02-19 15:00:00,14711.75,BROKEN,WhatsApp
PTP00003412,A000634,2026-06-19 14:00:00,2026-06-20 14:00:00,6446.83,KEPT,Human
PTP00003413,A001793,2026-04-15 18:00:00,2026-04-22 18:00:00,14803.36,KEPT,AI Voice
PTP00003414,A002270,2025-11-25 16:00:00,2025-12-02 16:00:00,10410.03,KEPT,WhatsApp
PTP00003415,A000313,2026-05-02 10:00:00,2026-05-05 10:00:00,12744.32,KEPT,WhatsApp
PTP00003416,A002146,2025-12-27 15:00:00,2026-01-10 15:00:00,7340.34,KEPT,AI Voice
PTP00003417,A003935,2025-12-13 10:00:00,2025-12-20 10:00:00,2111.13,KEPT,Human
PTP00003418,A003828,2026-05-08 11:00:00,2026-05-15 11:00:00,10161.84,KEPT,WhatsApp
PTP00003419,A001637,2026-01-10 09:00:00,2026-01-13 09:00:00,11521.45,KEPT,Human
PTP00003420,A003538,2025-09-07 16:00:00,2025-09-21 16:00:00,5206.25,BROKEN,AI Voice
PTP00003421,A001322,2026-07-17 18:00:00,2026-07-24 18:00:00,7729.4,PENDING,WhatsApp
PTP00003422,A000599,2026-07-26 08:00:00,2026-07-27 08:00:00,8108.73,BROKEN,Field
PTP00003423,A000828,2026-05-11 17:00:00,2026-05-25 17:00:00,9578.17,KEPT,Field
PTP00003424,A002736,2026-02-23 10:00:00,2026-02-24 10:00:00,11243.33,BROKEN,Human
PTP00003425,A002418,2026-03-22 15:00:00,2026-03-25 15:00:00,6976.47,BROKEN,Human
PTP00003426,A000589,2026-06-16 12:00:00,2026-06-23 12:00:00,8908.85,PENDING,WhatsApp
PTP00003427,A001545,2026-07-14 09:00:00,2026-07-15 09:00:00,7777.83,BROKEN,Field
PTP00003428,A002860,2025-11-13 12:00:00,2025-11-14 12:00:00,9575.08,KEPT,WhatsApp
PTP00003429,A000180,2025-12-23 20:00:00,2026-01-06 20:00:00,11078.22,BROKEN,Field
PTP00003430,A001060,2025-12-13 19:00:00,2025-12-14 19:00:00,8416.08,BROKEN,WhatsApp
PTP00003431,A003985,2026-08-16 18:00:00,2026-08-23 18:00:00,3115.98,PENDING,AI Voice
PTP00003432,A003835,2025-09-14 18:00:00,2025-09-15 18:00:00,13480.23,KEPT,Human
PTP00003433,A001673,2026-06-27 10:00:00,2026-07-04 10:00:00,14725.72,PENDING,AI Voice
PTP00003434,A000375,2025-11-19 13:00:00,2025-11-20 13:00:00,5465.17,KEPT,Field
PTP00003435,A001862,2026-05-17 17:00:00,2026-05-20 17:00:00,2393.4,BROKEN,AI Voice
PTP00003436,A001402,2026-02-19 11:00:00,2026-02-20 11:00:00,14634.85,KEPT,AI Voice
PTP00003437,A002842,2026-05-27 14:00:00,2026-05-28 14:00:00,9212.97,KEPT,AI Voice
PTP00003438,A000211,2026-07-04 14:00:00,2026-07-05 14:00:00,3004.11,PENDING,AI Voice
PTP00003439,A003075,2026-07-23 18:00:00,2026-07-24 18:00:00,3040.0,KEPT,Human
PTP00003440,A003676,2026-02-23 11:00:00,2026-02-26 11:00:00,4546.69,BROKEN,Human
PTP00003441,A003671,2026-03-01 12:00:00,2026-03-08 12:00:00,10655.4,KEPT,Field
PTP00003442,A003256,2026-04-13 16:00:00,2026-04-27 16:00:00,6187.25,BROKEN,Human
PTP00003443,A000643,2026-05-01 18:00:00,2026-05-04 18:00:00,10656.59,BROKEN,Human
PTP00003444,A000082,2026-04-13 18:00:00,2026-04-27 18:00:00,11806.44,BROKEN,Human
PTP00003445,A002608,2025-09-06 09:00:00,2025-09-20 09:00:00,6241.38,BROKEN,Human
PTP00003446,A003780,2025-10-04 17:00:00,2025-10-11 17:00:00,9023.42,KEPT,Field
PTP00003447,A001361,2026-05-19 14:00:00,2026-06-02 14:00:00,14822.78,KEPT,AI Voice
PTP00003448,A002468,2026-01-01 15:00:00,2026-01-02 15:00:00,6549.24,KEPT,AI Voice
PTP00003449,A003364,2026-03-23 12:00:00,2026-03-26 12:00:00,9014.95,BROKEN,Human
PTP00003450,A003650,2026-02-07 13:00:00,2026-02-08 13:00:00,13692.01,BROKEN,Human
PTP00003451,A000213,2025-12-01 12:00:00,2025-12-15 12:00:00,9903.59,KEPT,WhatsApp
PTP00003452,A000292,2026-04-27 17:00:00,2026-05-11 17:00:00,3722.4,KEPT,Field
PTP00003453,A000837,2026-06-14 09:00:00,2026-06-28 09:00:00,10355.67,KEPT,Field
PTP00003454,A002328,2026-04-06 12:00:00,2026-04-20 12:00:00,7575.06,BROKEN,AI Voice
PTP00003455,A004046,2026-05-25 09:00:00,2026-06-01 09:00:00,6027.2,KEPT,Human
PTP00003456,A001256,2026-04-16 19:00:00,2026-04-23 19:00:00,2278.25,KEPT,Field
PTP00003457,A002376,2026-03-20 16:00:00,2026-03-27 16:00:00,6836.54,BROKEN,Field
PTP00003458,A002199,2025-12-20 12:00:00,2025-12-21 12:00:00,10146.77,BROKEN,AI Voice
PTP00003459,A001835,2026-06-05 08:00:00,2026-06-12 08:00:00,7576.48,KEPT,Human
PTP00003460,A001556,2026-04-03 09:00:00,2026-04-06 09:00:00,5379.9,KEPT,Field
PTP00003461,A001371,2025-09-08 09:00:00,2025-09-22 09:00:00,11976.51,PENDING,AI Voice
PTP00003462,A003027,2026-01-18 17:00:00,2026-01-19 17:00:00,14433.26,BROKEN,WhatsApp
PTP00003463,A002958,2025-10-02 19:00:00,2025-10-09 19:00:00,13320.9,PENDING,Field
PTP00003464,A000040,2026-04-19 20:00:00,2026-05-03 20:00:00,2596.52,BROKEN,Human
PTP00003465,A000240,2025-10-10 15:00:00,2025-10-11 15:00:00,7888.09,BROKEN,Field
PTP00003466,A001759,2026-04-15 15:00:00,2026-04-18 15:00:00,3728.79,BROKEN,Field
PTP00003467,A003658,2026-02-26 09:00:00,2026-03-12 09:00:00,9733.6,KEPT,WhatsApp
PTP00003468,A003339,2025-10-02 12:00:00,2025-10-03 12:00:00,6231.49,PENDING,AI Voice
PTP00003469,A001382,2026-07-23 18:00:00,2026-08-06 18:00:00,8197.43,KEPT,WhatsApp
PTP00003470,A002327,2025-09-26 10:00:00,2025-09-29 10:00:00,11106.29,BROKEN,Field
PTP00003471,A001731,2026-02-11 12:00:00,2026-02-25 12:00:00,2116.97,KEPT,WhatsApp
PTP00003472,A003704,2026-04-16 09:00:00,2026-04-23 09:00:00,4028.84,KEPT,Field
PTP00003473,A003491,2026-07-14 10:00:00,2026-07-28 10:00:00,12878.44,BROKEN,AI Voice
PTP00003474,A003984,2025-12-16 15:00:00,2025-12-23 15:00:00,7792.43,KEPT,Field
PTP00003475,A002779,2026-07-08 19:00:00,2026-07-15 19:00:00,11444.75,KEPT,Human
PTP00003476,A002149,2025-09-22 11:00:00,2025-09-25 11:00:00,4650.58,KEPT,AI Voice
PTP00003477,A001222,2026-05-11 11:00:00,2026-05-14 11:00:00,5989.17,BROKEN,Field
PTP00003478,A000901,2026-08-20 20:00:00,2026-08-21 20:00:00,6540.87,BROKEN,Field
PTP00003479,A000260,2025-09-27 08:00:00,2025-10-11 08:00:00,9333.98,KEPT,Human
PTP00003480,A002677,2026-07-15 08:00:00,2026-07-16 08:00:00,3384.75,KEPT,WhatsApp
PTP00003481,A002191,2025-10-19 08:00:00,2025-10-26 08:00:00,11155.91,KEPT,WhatsApp
PTP00003482,A001921,2026-04-09 09:00:00,2026-04-12 09:00:00,5580.62,BROKEN,Field
PTP00003483,A000760,2026-04-20 11:00:00,2026-05-04 11:00:00,13034.74,BROKEN,WhatsApp
PTP00003484,A001400,2025-10-04 14:00:00,2025-10-18 14:00:00,8758.9,KEPT,WhatsApp
PTP00003485,A001631,2026-01-14 09:00:00,2026-01-17 09:00:00,7445.13,KEPT,Field
PTP00003486,A002258,2026-01-11 14:00:00,2026-01-18 14:00:00,4087.44,KEPT,AI Voice
PTP00003487,A001403,2026-01-01 20:00:00,2026-01-04 20:00:00,8213.25,KEPT,Human
PTP00003488,A002825,2026-04-03 11:00:00,2026-04-04 11:00:00,13955.1,KEPT,AI Voice
PTP00003489,A000620,2026-03-24 20:00:00,2026-04-07 20:00:00,2530.08,KEPT,Human
PTP00003490,A003018,2025-12-18 13:00:00,2026-01-01 13:00:00,8679.24,KEPT,AI Voice
PTP00003491,A001588,2026-02-01 14:00:00,2026-02-15 14:00:00,7432.3,KEPT,AI Voice
PTP00003492,A001187,2025-09-15 20:00:00,2025-09-22 20:00:00,4860.05,BROKEN,WhatsApp
PTP00003493,A001741,2026-05-23 18:00:00,2026-05-30 18:00:00,2743.92,KEPT,WhatsApp
PTP00003494,A003212,2026-06-19 20:00:00,2026-06-26 20:00:00,14492.62,KEPT,Human
PTP00003495,A000051,2026-05-23 16:00:00,2026-06-06 16:00:00,2040.15,KEPT,Human
PTP00003496,A000959,2026-06-18 19:00:00,2026-07-02 19:00:00,2819.81,BROKEN,Human
PTP00003497,A001642,2025-11-24 09:00:00,2025-12-08 09:00:00,3956.85,KEPT,Human
PTP00003498,A002300,2025-10-23 15:00:00,2025-10-26 15:00:00,6429.41,KEPT,Field
PTP00003499,A002271,2026-01-20 08:00:00,2026-01-27 08:00:00,11520.67,KEPT,Human
PTP00003500,A002098,2026-01-16 10:00:00,2026-01-23 10:00:00,4220.49,BROKEN,Field
PTP00003501,A002585,2025-09-11 20:00:00,2025-09-25 20:00:00,11849.86,BROKEN,Human
PTP00003502,A002229,2026-04-20 09:00:00,2026-04-23 09:00:00,3961.91,KEPT,WhatsApp
PTP00003503,A002344,2025-12-03 14:00:00,2025-12-06 14:00:00,9159.85,KEPT,Field
PTP00003504,A003206,2026-02-01 12:00:00,2026-02-04 12:00:00,5718.98,KEPT,AI Voice
PTP00003505,A004013,2026-08-26 19:00:00,2026-09-09 19:00:00,5535.28,KEPT,AI Voice
PTP00003506,A000748,2025-12-06 08:00:00,2025-12-07 08:00:00,14114.24,KEPT,Human
PTP00003507,A001822,2026-01-18 19:00:00,2026-01-19 19:00:00,10704.54,KEPT,Human
PTP00003508,A001763,2026-05-25 13:00:00,2026-05-28 13:00:00,14285.13,PENDING,AI Voice
PTP00003509,A000237,2026-04-07 16:00:00,2026-04-08 16:00:00,2323.6,BROKEN,WhatsApp
PTP00003510,A001072,2026-08-27 08:00:00,2026-09-03 08:00:00,3886.08,PENDING,WhatsApp
PTP00003511,A000298,2025-09-07 11:00:00,2025-09-10 11:00:00,11511.52,KEPT,AI Voice
PTP00003512,A001959,2026-06-19 19:00:00,2026-06-20 19:00:00,13822.8,BROKEN,Field
PTP00003513,A003752,2026-04-18 11:00:00,2026-04-19 11:00:00,14061.44,KEPT,Human
PTP00003514,A002063,2026-08-20 10:00:00,2026-09-03 10:00:00,6901.23,BROKEN,Field
PTP00003515,A001505,2026-05-17 16:00:00,2026-05-31 16:00:00,5640.17,KEPT,Field
PTP00003516,A003599,2026-01-11 17:00:00,2026-01-12 17:00:00,6283.82,BROKEN,AI Voice
PTP00003517,A000214,2025-12-23 09:00:00,2025-12-24 09:00:00,4126.55,KEPT,AI Voice
PTP00003518,A000532,2026-06-24 16:00:00,2026-06-25 16:00:00,9449.74,BROKEN,WhatsApp
PTP00003519,A001611,2026-03-14 15:00:00,2026-03-17 15:00:00,5324.27,KEPT,Human
PTP00003520,A001912,2025-12-08 12:00:00,2025-12-15 12:00:00,6299.4,PENDING,AI Voice
PTP00003521,A002292,2025-12-12 10:00:00,2025-12-15 10:00:00,6928.11,BROKEN,AI Voice
PTP00003522,A002421,2026-01-09 20:00:00,2026-01-23 20:00:00,5374.06,BROKEN,Human
PTP00003523,A000463,2026-04-05 20:00:00,2026-04-12 20:00:00,2567.96,PENDING,Human
PTP00003524,A002525,2026-01-05 17:00:00,2026-01-06 17:00:00,10207.71,PENDING,Field
PTP00003525,A003344,2025-09-18 11:00:00,2025-09-25 11:00:00,14866.03,KEPT,AI Voice
PTP00003526,A002337,2026-05-11 08:00:00,2026-05-18 08:00:00,10428.25,KEPT,WhatsApp
PTP00003527,A002176,2026-03-06 10:00:00,2026-03-07 10:00:00,5074.96,KEPT,Human
PTP00003528,A003072,2026-05-24 15:00:00,2026-06-07 15:00:00,4525.51,KEPT,Field
PTP00003529,A002561,2026-03-02 08:00:00,2026-03-09 08:00:00,12473.88,PENDING,Field
PTP00003530,A003344,2025-09-05 16:00:00,2025-09-19 16:00:00,6893.76,BROKEN,Field
PTP00003531,A001628,2026-06-22 08:00:00,2026-06-29 08:00:00,10329.93,KEPT,Human
PTP00003532,A001604,2026-05-16 14:00:00,2026-05-23 14:00:00,4402.37,KEPT,AI Voice
PTP00003533,A002970,2025-09-02 14:00:00,2025-09-03 14:00:00,6810.33,BROKEN,WhatsApp
PTP00003534,A003706,2026-06-01 10:00:00,2026-06-15 10:00:00,3824.97,KEPT,Field
PTP00003535,A003104,2026-07-04 20:00:00,2026-07-11 20:00:00,2576.3,PENDING,WhatsApp
PTP00003536,A002571,2026-02-27 09:00:00,2026-03-06 09:00:00,10155.06,KEPT,AI Voice
PTP00003537,A002462,2026-03-13 19:00:00,2026-03-16 19:00:00,2289.11,KEPT,WhatsApp
PTP00003538,A000755,2025-10-21 15:00:00,2025-10-24 15:00:00,3686.33,PENDING,WhatsApp
PTP00003539,A003813,2026-01-21 13:00:00,2026-02-04 13:00:00,4125.07,BROKEN,Field
PTP00003540,A002315,2025-10-07 18:00:00,2025-10-08 18:00:00,8019.23,KEPT,Field
PTP00003541,A001105,2025-09-27 08:00:00,2025-10-11 08:00:00,3620.59,KEPT,Human
PTP00003542,A002491,2025-11-03 20:00:00,2025-11-10 20:00:00,11404.67,BROKEN,Field
PTP00003543,A002232,2026-07-04 14:00:00,2026-07-07 14:00:00,2322.93,KEPT,AI Voice
PTP00003544,A001767,2025-12-26 08:00:00,2026-01-02 08:00:00,11880.73,KEPT,WhatsApp
PTP00003545,A001396,2025-09-11 11:00:00,2025-09-25 11:00:00,5830.57,KEPT,AI Voice
PTP00003546,A000799,2025-11-14 15:00:00,2025-11-17 15:00:00,8266.16,BROKEN,Field
PTP00003547,A002178,2026-05-08 09:00:00,2026-05-22 09:00:00,6905.91,KEPT,Human
PTP00003548,A000942,2025-11-03 17:00:00,2025-11-17 17:00:00,14586.07,PENDING,Field
PTP00003549,A002035,2026-06-10 11:00:00,2026-06-11 11:00:00,12502.87,PENDING,Human
PTP00003550,A003908,2025-11-05 12:00:00,2025-11-06 12:00:00,6840.23,KEPT,WhatsApp
PTP00003551,A000917,2025-10-13 10:00:00,2025-10-27 10:00:00,4306.22,KEPT,Field
PTP00003552,A001221,2025-11-06 15:00:00,2025-11-20 15:00:00,3406.07,PENDING,AI Voice
PTP00003553,A003088,2026-06-25 13:00:00,2026-06-26 13:00:00,2484.83,BROKEN,WhatsApp
PTP00003554,A003598,2025-09-27 11:00:00,2025-09-28 11:00:00,2149.71,KEPT,WhatsApp
PTP00003555,A003153,2026-03-08 09:00:00,2026-03-09 09:00:00,3816.1,KEPT,Field
PTP00003556,A002413,2026-05-07 20:00:00,2026-05-08 20:00:00,7372.53,PENDING,AI Voice
PTP00003557,A002604,2026-08-15 14:00:00,2026-08-29 14:00:00,3437.69,KEPT,AI Voice
PTP00003558,A004086,2025-11-11 14:00:00,2025-11-25 14:00:00,7645.53,BROKEN,Field
PTP00003559,A002906,2026-03-18 14:00:00,2026-03-19 14:00:00,5049.68,BROKEN,Human
PTP00003560,A003872,2026-03-22 12:00:00,2026-04-05 12:00:00,5869.97,KEPT,AI Voice
PTP00003561,A000707,2026-08-14 20:00:00,2026-08-17 20:00:00,3999.33,BROKEN,WhatsApp
PTP00003562,A000064,2026-01-06 15:00:00,2026-01-13 15:00:00,12737.6,PENDING,Human
PTP00003563,A004027,2025-10-03 08:00:00,2025-10-06 08:00:00,4353.8,KEPT,Human
PTP00003564,A000983,2026-04-09 17:00:00,2026-04-23 17:00:00,8681.75,BROKEN,AI Voice
PTP00003565,A000396,2026-04-23 19:00:00,2026-04-24 19:00:00,9293.11,BROKEN,Human
PTP00003566,A003294,2026-08-24 15:00:00,2026-08-31 15:00:00,4885.13,KEPT,WhatsApp
PTP00003567,A002007,2026-01-05 13:00:00,2026-01-19 13:00:00,12172.9,BROKEN,WhatsApp
PTP00003568,A000593,2026-01-04 18:00:00,2026-01-11 18:00:00,4582.49,BROKEN,WhatsApp
PTP00003569,A001403,2025-10-09 12:00:00,2025-10-23 12:00:00,3495.24,BROKEN,WhatsApp
PTP00003570,A001826,2026-02-27 15:00:00,2026-03-06 15:00:00,11358.09,KEPT,AI Voice
PTP00003571,A004163,2026-08-23 16:00:00,2026-08-30 16:00:00,13730.16,KEPT,Field
PTP00003572,A002316,2025-12-05 20:00:00,2025-12-12 20:00:00,10394.64,PENDING,WhatsApp
PTP00003573,A003308,2026-01-08 14:00:00,2026-01-11 14:00:00,7039.7,KEPT,Field
PTP00003574,A002905,2026-08-19 20:00:00,2026-08-22 20:00:00,7869.88,BROKEN,Field
PTP00003575,A003388,2025-12-06 12:00:00,2025-12-09 12:00:00,3974.63,KEPT,Human
PTP00003576,A003939,2025-09-14 14:00:00,2025-09-21 14:00:00,5185.55,KEPT,AI Voice
PTP00003577,A000507,2026-03-01 15:00:00,2026-03-04 15:00:00,3439.44,PENDING,Human
PTP00003578,A003727,2026-07-22 13:00:00,2026-07-23 13:00:00,3447.57,KEPT,WhatsApp
PTP00003579,A003140,2026-02-19 09:00:00,2026-02-26 09:00:00,8838.16,BROKEN,WhatsApp
PTP00003580,A000997,2025-09-22 17:00:00,2025-09-29 17:00:00,5158.42,KEPT,Field
PTP00003581,A000065,2026-08-09 11:00:00,2026-08-23 11:00:00,10757.81,KEPT,Field
PTP00003582,A001333,2026-08-14 19:00:00,2026-08-17 19:00:00,2116.59,PENDING,WhatsApp
PTP00003583,A003343,2026-06-13 14:00:00,2026-06-20 14:00:00,11710.02,KEPT,AI Voice
PTP00003584,A000091,2026-01-12 14:00:00,2026-01-13 14:00:00,14526.95,BROKEN,Human
PTP00003585,A002914,2026-02-04 11:00:00,2026-02-11 11:00:00,9219.79,PENDING,Human
PTP00003586,A001324,2026-02-14 15:00:00,2026-02-21 15:00:00,2159.83,KEPT,AI Voice
PTP00003587,A003166,2026-07-09 12:00:00,2026-07-23 12:00:00,4789.55,KEPT,WhatsApp
PTP00003588,A003093,2026-04-09 14:00:00,2026-04-16 14:00:00,2676.95,BROKEN,WhatsApp
PTP00003589,A002109,2026-08-10 08:00:00,2026-08-17 08:00:00,3542.37,BROKEN,Field
PTP00003590,A003470,2026-02-25 13:00:00,2026-03-11 13:00:00,2768.08,PENDING,WhatsApp
PTP00003591,A002056,2025-09-14 16:00:00,2025-09-21 16:00:00,11270.64,KEPT,Field
PTP00003592,A001656,2025-12-13 13:00:00,2025-12-16 13:00:00,10903.15,PENDING,WhatsApp
PTP00003593,A000451,2026-08-16 13:00:00,2026-08-23 13:00:00,13859.28,KEPT,Human
PTP00003594,A003423,2026-07-11 18:00:00,2026-07-18 18:00:00,3650.4,BROKEN,Human
PTP00003595,A002029,2026-02-01 11:00:00,2026-02-15 11:00:00,11400.8,KEPT,Human
PTP00003596,A000409,2026-06-11 15:00:00,2026-06-18 15:00:00,9330.54,KEPT,WhatsApp
PTP00003597,A002856,2025-09-03 15:00:00,2025-09-04 15:00:00,10672.89,BROKEN,Human
PTP00003598,A000682,2025-09-27 13:00:00,2025-09-28 13:00:00,2419.14,KEPT,WhatsApp
PTP00003599,A000902,2026-01-26 16:00:00,2026-01-27 16:00:00,3135.28,BROKEN,AI Voice
PTP00003600,A003835,2025-12-06 10:00:00,2025-12-20 10:00:00,10072.73,KEPT,AI Voice
PTP00003601,A001682,2026-07-23 16:00:00,2026-08-06 16:00:00,13553.64,BROKEN,Human
PTP00003602,A002895,2026-03-14 08:00:00,2026-03-17 08:00:00,12459.3,KEPT,Field
PTP00003603,A000096,2025-09-22 15:00:00,2025-09-23 15:00:00,8639.21,KEPT,AI Voice
PTP00003604,A000830,2025-12-19 18:00:00,2026-01-02 18:00:00,5426.87,KEPT,WhatsApp
PTP00003605,A001436,2026-03-23 13:00:00,2026-04-06 13:00:00,6985.91,KEPT,Field
PTP00003606,A003142,2025-09-03 10:00:00,2025-09-17 10:00:00,3411.66,KEPT,AI Voice
PTP00003607,A002387,2025-09-07 15:00:00,2025-09-14 15:00:00,14095.92,KEPT,WhatsApp
PTP00003608,A001275,2026-06-13 15:00:00,2026-06-16 15:00:00,7994.31,BROKEN,WhatsApp
PTP00003609,A002074,2026-03-06 18:00:00,2026-03-09 18:00:00,11426.27,KEPT,WhatsApp
PTP00003610,A003158,2026-04-12 14:00:00,2026-04-26 14:00:00,12532.35,KEPT,AI Voice
PTP00003611,A001284,2025-11-22 16:00:00,2025-11-29 16:00:00,8803.44,KEPT,AI Voice
PTP00003612,A002480,2026-05-06 09:00:00,2026-05-20 09:00:00,9706.8,KEPT,WhatsApp
PTP00003613,A000605,2025-10-19 11:00:00,2025-10-20 11:00:00,5191.28,KEPT,WhatsApp
PTP00003614,A003526,2026-03-24 12:00:00,2026-03-31 12:00:00,4277.78,BROKEN,Human
PTP00003615,A004147,2026-03-08 08:00:00,2026-03-15 08:00:00,10916.01,KEPT,AI Voice
PTP00003616,A000305,2026-01-15 08:00:00,2026-01-22 08:00:00,2731.22,KEPT,Field
PTP00003617,A001489,2026-05-21 12:00:00,2026-05-28 12:00:00,2641.65,KEPT,Field
PTP00003618,A003831,2026-06-04 14:00:00,2026-06-11 14:00:00,4081.01,PENDING,WhatsApp
PTP00003619,A000667,2026-02-24 12:00:00,2026-03-10 12:00:00,12234.94,KEPT,Human
PTP00003620,A003812,2026-08-02 12:00:00,2026-08-03 12:00:00,6787.85,KEPT,WhatsApp
PTP00003621,A000416,2026-06-02 17:00:00,2026-06-09 17:00:00,10036.89,KEPT,Human
PTP00003622,A003264,2026-04-10 09:00:00,2026-04-13 09:00:00,7552.71,KEPT,WhatsApp
PTP00003623,A000090,2026-08-17 12:00:00,2026-08-24 12:00:00,7892.9,BROKEN,AI Voice
PTP00003624,A002517,2026-04-21 17:00:00,2026-05-05 17:00:00,3008.44,KEPT,AI Voice
PTP00003625,A004184,2025-10-07 14:00:00,2025-10-21 14:00:00,4143.89,PENDING,Human
PTP00003626,A004014,2026-04-23 13:00:00,2026-05-07 13:00:00,14979.35,KEPT,AI Voice
PTP00003627,A003376,2026-04-19 19:00:00,2026-05-03 19:00:00,12721.41,KEPT,Field
PTP00003628,A003378,2026-02-05 15:00:00,2026-02-12 15:00:00,4675.69,PENDING,WhatsApp
PTP00003629,A000208,2025-10-01 10:00:00,2025-10-15 10:00:00,2150.18,PENDING,Field
PTP00003630,A003387,2026-05-04 14:00:00,2026-05-18 14:00:00,11001.01,PENDING,WhatsApp
PTP00003631,A004084,2025-12-02 19:00:00,2025-12-09 19:00:00,4699.04,KEPT,Field
PTP00003632,A002716,2026-08-19 08:00:00,2026-08-26 08:00:00,2939.6,KEPT,AI Voice
PTP00003633,A004179,2026-06-15 11:00:00,2026-06-18 11:00:00,10363.34,KEPT,WhatsApp
PTP00003634,A000003,2026-02-25 18:00:00,2026-03-11 18:00:00,2975.02,KEPT,Human
PTP00003635,A003471,2026-02-11 09:00:00,2026-02-25 09:00:00,7688.24,KEPT,WhatsApp
PTP00003636,A001479,2025-11-25 20:00:00,2025-12-02 20:00:00,4396.52,KEPT,AI Voice
PTP00003637,A002722,2026-08-06 17:00:00,2026-08-09 17:00:00,4341.39,PENDING,WhatsApp
PTP00003638,A003857,2025-12-14 12:00:00,2025-12-28 12:00:00,11447.02,KEPT,WhatsApp
PTP00003639,A000168,2025-12-03 13:00:00,2025-12-17 13:00:00,6823.12,BROKEN,Field
PTP00003640,A001214,2026-05-03 11:00:00,2026-05-04 11:00:00,8936.82,KEPT,WhatsApp
PTP00003641,A001727,2026-05-18 12:00:00,2026-05-21 12:00:00,7198.36,BROKEN,AI Voice
PTP00003642,A000797,2025-10-23 17:00:00,2025-10-26 17:00:00,2527.54,KEPT,Field
PTP00003643,A001897,2026-05-14 14:00:00,2026-05-28 14:00:00,5712.76,PENDING,WhatsApp
PTP00003644,A003327,2026-03-23 11:00:00,2026-03-30 11:00:00,5717.92,KEPT,WhatsApp
PTP00003645,A001789,2026-08-19 14:00:00,2026-08-22 14:00:00,4230.69,KEPT,Field
PTP00003646,A002554,2026-02-17 16:00:00,2026-02-20 16:00:00,4403.95,PENDING,Field
PTP00003647,A003810,2025-10-11 20:00:00,2025-10-18 20:00:00,2766.44,KEPT,AI Voice
PTP00003648,A000215,2026-01-04 08:00:00,2026-01-11 08:00:00,6058.28,PENDING,AI Voice
PTP00003649,A003328,2026-04-06 12:00:00,2026-04-09 12:00:00,3882.12,KEPT,WhatsApp
PTP00003650,A000171,2025-10-14 08:00:00,2025-10-28 08:00:00,3888.61,BROKEN,WhatsApp
PTP00003651,A000605,2025-11-23 12:00:00,2025-11-24 12:00:00,13651.19,BROKEN,Human
PTP00003652,A001860,2026-06-18 17:00:00,2026-07-02 17:00:00,11324.57,PENDING,WhatsApp
PTP00003653,A000239,2026-07-19 19:00:00,2026-07-20 19:00:00,8252.96,BROKEN,Field
PTP00003654,A001948,2026-02-18 10:00:00,2026-02-19 10:00:00,12169.16,KEPT,AI Voice
PTP00003655,A002497,2025-11-19 10:00:00,2025-11-26 10:00:00,6914.8,BROKEN,Field
PTP00003656,A000909,2026-05-09 20:00:00,2026-05-23 20:00:00,6711.2,KEPT,AI Voice
PTP00003657,A002045,2025-09-20 20:00:00,2025-10-04 20:00:00,2505.39,KEPT,WhatsApp
PTP00003658,A000822,2026-07-05 11:00:00,2026-07-06 11:00:00,13525.21,BROKEN,Human
PTP00003659,A000757,2026-04-08 20:00:00,2026-04-11 20:00:00,2382.08,KEPT,Human
PTP00003660,A002412,2025-09-27 16:00:00,2025-10-11 16:00:00,12254.56,KEPT,AI Voice
PTP00003661,A003050,2026-05-02 20:00:00,2026-05-16 20:00:00,8370.84,PENDING,WhatsApp
PTP00003662,A001129,2026-07-09 10:00:00,2026-07-23 10:00:00,5375.18,KEPT,WhatsApp
PTP00003663,A002322,2026-02-14 11:00:00,2026-02-28 11:00:00,6849.03,BROKEN,WhatsApp
PTP00003664,A003250,2026-07-19 16:00:00,2026-07-20 16:00:00,11671.82,KEPT,WhatsApp
PTP00003665,A002640,2026-04-16 11:00:00,2026-04-19 11:00:00,9521.49,BROKEN,WhatsApp
PTP00003666,A002318,2026-05-11 15:00:00,2026-05-12 15:00:00,6080.99,BROKEN,AI Voice
PTP00003667,A001547,2025-12-09 17:00:00,2025-12-23 17:00:00,3437.08,KEPT,AI Voice
PTP00003668,A004143,2026-01-01 10:00:00,2026-01-02 10:00:00,9741.5,BROKEN,WhatsApp
PTP00003669,A001930,2025-09-07 20:00:00,2025-09-14 20:00:00,9331.52,KEPT,Field
PTP00003670,A003154,2026-04-05 19:00:00,2026-04-06 19:00:00,4253.76,PENDING,AI Voice
PTP00003671,A000027,2025-12-05 18:00:00,2025-12-19 18:00:00,13858.64,BROKEN,WhatsApp
PTP00003672,A001639,2026-08-23 17:00:00,2026-09-06 17:00:00,7620.64,BROKEN,AI Voice
PTP00003673,A002140,2025-12-20 09:00:00,2026-01-03 09:00:00,6705.34,PENDING,AI Voice
PTP00003674,A003809,2025-11-21 09:00:00,2025-11-22 09:00:00,4455.41,KEPT,Field
PTP00003675,A001783,2026-01-09 09:00:00,2026-01-16 09:00:00,2948.7,KEPT,Field
PTP00003676,A002677,2026-05-24 13:00:00,2026-06-07 13:00:00,5104.81,BROKEN,Human
PTP00003677,A002777,2025-12-23 10:00:00,2026-01-06 10:00:00,3923.72,PENDING,Field
PTP00003678,A002838,2026-04-19 15:00:00,2026-04-22 15:00:00,9806.68,BROKEN,Human
PTP00003679,A003777,2026-05-21 15:00:00,2026-05-22 15:00:00,12217.42,KEPT,Field
PTP00003680,A003286,2025-09-24 20:00:00,2025-10-08 20:00:00,12953.16,KEPT,WhatsApp
PTP00003681,A001150,2025-12-01 08:00:00,2025-12-15 08:00:00,11491.76,KEPT,Human
PTP00003682,A001105,2025-11-03 12:00:00,2025-11-10 12:00:00,6268.26,KEPT,Human
PTP00003683,A001351,2026-05-04 17:00:00,2026-05-05 17:00:00,14229.38,BROKEN,Human
PTP00003684,A001420,2026-01-21 10:00:00,2026-01-24 10:00:00,6979.05,KEPT,Human
PTP00003685,A004138,2026-01-11 09:00:00,2026-01-18 09:00:00,2048.47,BROKEN,AI Voice
PTP00003686,A002119,2025-10-20 11:00:00,2025-10-23 11:00:00,12398.6,KEPT,WhatsApp
PTP00003687,A001055,2026-06-02 13:00:00,2026-06-16 13:00:00,11234.33,PENDING,WhatsApp
PTP00003688,A001465,2026-08-07 08:00:00,2026-08-08 08:00:00,9390.68,KEPT,WhatsApp
PTP00003689,A003217,2026-02-07 08:00:00,2026-02-10 08:00:00,5585.1,BROKEN,Field
PTP00003690,A003357,2026-03-05 10:00:00,2026-03-12 10:00:00,7733.24,BROKEN,AI Voice
PTP00003691,A002260,2025-11-25 09:00:00,2025-11-26 09:00:00,8912.95,KEPT,Human
PTP00003692,A002882,2026-07-14 08:00:00,2026-07-21 08:00:00,7251.6,KEPT,WhatsApp
PTP00003693,A004096,2025-10-21 14:00:00,2025-11-04 14:00:00,12720.98,KEPT,Human
PTP00003694,A003095,2026-06-05 16:00:00,2026-06-08 16:00:00,10646.9,KEPT,WhatsApp
PTP00003695,A000087,2026-08-10 19:00:00,2026-08-11 19:00:00,3817.37,KEPT,Human
PTP00003696,A001600,2025-12-18 16:00:00,2025-12-21 16:00:00,8826.96,KEPT,WhatsApp
PTP00003697,A001920,2026-06-19 17:00:00,2026-06-22 17:00:00,14341.15,KEPT,WhatsApp
PTP00003698,A004011,2026-02-21 16:00:00,2026-03-07 16:00:00,2952.34,KEPT,AI Voice
PTP00003699,A000056,2026-01-12 14:00:00,2026-01-26 14:00:00,4457.07,PENDING,WhatsApp
PTP00003700,A001317,2026-03-13 14:00:00,2026-03-27 14:00:00,10758.88,KEPT,WhatsApp
PTP00003701,A000962,2025-09-03 20:00:00,2025-09-06 20:00:00,2436.44,KEPT,WhatsApp
PTP00003702,A002937,2026-06-04 13:00:00,2026-06-05 13:00:00,2550.93,KEPT,WhatsApp
PTP00003703,A001912,2026-04-07 13:00:00,2026-04-14 13:00:00,7224.81,BROKEN,WhatsApp
PTP00003704,A002126,2025-10-11 10:00:00,2025-10-14 10:00:00,13891.29,KEPT,Field
PTP00003705,A000462,2026-07-06 15:00:00,2026-07-09 15:00:00,11239.95,KEPT,Human
PTP00003706,A001272,2026-02-03 10:00:00,2026-02-04 10:00:00,6915.32,KEPT,AI Voice
PTP00003707,A003376,2026-06-23 19:00:00,2026-06-30 19:00:00,10007.77,KEPT,AI Voice
PTP00003708,A002616,2026-01-08 20:00:00,2026-01-09 20:00:00,13508.99,KEPT,Human
PTP00003709,A001264,2026-02-21 08:00:00,2026-03-07 08:00:00,7357.14,KEPT,Field
PTP00003710,A003384,2026-02-12 10:00:00,2026-02-19 10:00:00,3035.36,KEPT,AI Voice
PTP00003711,A000914,2025-12-07 18:00:00,2025-12-10 18:00:00,7589.45,KEPT,AI Voice
PTP00003712,A000334,2025-11-16 15:00:00,2025-11-30 15:00:00,6527.78,KEPT,AI Voice
PTP00003713,A001068,2026-07-27 09:00:00,2026-07-28 09:00:00,14605.93,PENDING,Human
PTP00003714,A003280,2026-08-10 20:00:00,2026-08-11 20:00:00,14547.42,KEPT,WhatsApp
PTP00003715,A003326,2026-02-19 09:00:00,2026-02-22 09:00:00,4233.37,PENDING,WhatsApp
PTP00003716,A001471,2026-01-12 17:00:00,2026-01-19 17:00:00,9505.7,BROKEN,AI Voice
PTP00003717,A001124,2026-04-10 20:00:00,2026-04-24 20:00:00,8872.52,BROKEN,WhatsApp
PTP00003718,A002959,2026-05-03 13:00:00,2026-05-06 13:00:00,11983.64,KEPT,Field
PTP00003719,A002525,2026-08-13 20:00:00,2026-08-20 20:00:00,12603.2,KEPT,Human
PTP00003720,A000856,2026-08-16 19:00:00,2026-08-19 19:00:00,11135.05,BROKEN,AI Voice
PTP00003721,A002436,2026-05-27 11:00:00,2026-06-03 11:00:00,12329.85,BROKEN,Field
PTP00003722,A001905,2025-09-22 14:00:00,2025-09-25 14:00:00,13223.56,PENDING,AI Voice
PTP00003723,A003340,2026-02-10 09:00:00,2026-02-17 09:00:00,9082.27,KEPT,WhatsApp
PTP00003724,A003671,2025-11-24 14:00:00,2025-12-08 14:00:00,2119.17,BROKEN,AI Voice
PTP00003725,A002131,2025-11-03 18:00:00,2025-11-04 18:00:00,9284.02,BROKEN,Human
PTP00003726,A002883,2026-01-17 10:00:00,2026-01-31 10:00:00,5306.31,KEPT,WhatsApp
PTP00003727,A002629,2026-06-07 11:00:00,2026-06-10 11:00:00,5074.26,KEPT,WhatsApp
PTP00003728,A003553,2026-01-27 15:00:00,2026-01-28 15:00:00,12225.68,PENDING,Human
PTP00003729,A001735,2026-03-10 15:00:00,2026-03-24 15:00:00,8655.99,BROKEN,WhatsApp
PTP00003730,A000440,2025-09-27 10:00:00,2025-09-30 10:00:00,12172.97,PENDING,Human
PTP00003731,A000803,2025-10-11 19:00:00,2025-10-12 19:00:00,2819.29,PENDING,Human
PTP00003732,A002591,2026-08-25 16:00:00,2026-08-26 16:00:00,14846.85,PENDING,Human
PTP00003733,A004047,2026-03-05 17:00:00,2026-03-12 17:00:00,10002.0,KEPT,Human
PTP00003734,A000109,2026-01-14 19:00:00,2026-01-28 19:00:00,10817.35,KEPT,Human
PTP00003735,A002209,2025-10-10 09:00:00,2025-10-24 09:00:00,9263.35,BROKEN,Field
PTP00003736,A002739,2026-06-17 20:00:00,2026-06-24 20:00:00,4994.81,KEPT,WhatsApp
PTP00003737,A002782,2025-10-05 10:00:00,2025-10-19 10:00:00,14492.13,KEPT,Field
PTP00003738,A003333,2026-02-10 11:00:00,2026-02-13 11:00:00,7125.77,PENDING,WhatsApp
PTP00003739,A001890,2026-06-08 09:00:00,2026-06-11 09:00:00,8003.13,BROKEN,AI Voice
PTP00003740,A003825,2025-09-15 14:00:00,2025-09-29 14:00:00,3799.49,KEPT,Field
PTP00003741,A002039,2026-07-05 18:00:00,2026-07-08 18:00:00,13890.37,BROKEN,WhatsApp
PTP00003742,A001578,2026-08-04 10:00:00,2026-08-05 10:00:00,4623.26,BROKEN,WhatsApp
PTP00003743,A000497,2025-12-05 18:00:00,2025-12-12 18:00:00,9962.39,KEPT,Field
PTP00003744,A002393,2025-11-25 19:00:00,2025-11-28 19:00:00,4660.53,KEPT,Field
PTP00003745,A002676,2026-02-09 11:00:00,2026-02-10 11:00:00,10932.38,KEPT,Human
PTP00003746,A004112,2026-08-08 19:00:00,2026-08-09 19:00:00,9125.57,BROKEN,AI Voice
PTP00003747,A000449,2026-07-03 08:00:00,2026-07-10 08:00:00,3597.25,KEPT,WhatsApp
PTP00003748,A003404,2025-11-19 09:00:00,2025-11-22 09:00:00,10131.26,KEPT,AI Voice
PTP00003749,A001022,2026-03-27 19:00:00,2026-04-03 19:00:00,7527.94,PENDING,Field
PTP00003750,A001275,2025-11-23 09:00:00,2025-11-24 09:00:00,9184.91,KEPT,WhatsApp
PTP00003751,A001875,2026-03-19 19:00:00,2026-04-02 19:00:00,9009.64,PENDING,Field
PTP00003752,A000371,2026-08-22 20:00:00,2026-08-25 20:00:00,10808.87,PENDING,AI Voice
PTP00003753,A002602,2026-07-02 19:00:00,2026-07-05 19:00:00,10717.98,BROKEN,Human
PTP00003754,A000111,2026-06-19 08:00:00,2026-06-20 08:00:00,5130.47,KEPT,AI Voice
PTP00003755,A001574,2025-09-20 17:00:00,2025-09-23 17:00:00,14990.1,KEPT,Human
PTP00003756,A002199,2026-02-10 13:00:00,2026-02-13 13:00:00,5507.57,KEPT,Human
PTP00003757,A003593,2026-07-07 10:00:00,2026-07-08 10:00:00,5267.96,BROKEN,AI Voice
PTP00003758,A001075,2026-04-06 18:00:00,2026-04-13 18:00:00,3687.67,KEPT,WhatsApp
PTP00003759,A003474,2026-08-24 19:00:00,2026-09-07 19:00:00,12794.14,KEPT,Human
PTP00003760,A000318,2026-07-17 15:00:00,2026-07-20 15:00:00,14325.81,KEPT,Human
PTP00003761,A001296,2025-11-03 16:00:00,2025-11-10 16:00:00,9336.84,KEPT,WhatsApp
PTP00003762,A000154,2026-03-22 20:00:00,2026-03-23 20:00:00,6695.68,KEPT,AI Voice
PTP00003763,A000629,2026-07-14 13:00:00,2026-07-17 13:00:00,13517.97,KEPT,Field
PTP00003764,A002219,2025-10-18 11:00:00,2025-10-21 11:00:00,8683.49,BROKEN,Human
PTP00003765,A004136,2026-03-05 08:00:00,2026-03-12 08:00:00,8287.34,KEPT,Human
PTP00003766,A001291,2026-08-10 11:00:00,2026-08-13 11:00:00,8977.79,BROKEN,Field
PTP00003767,A003970,2026-07-10 09:00:00,2026-07-13 09:00:00,13866.59,KEPT,WhatsApp
PTP00003768,A002265,2025-09-04 15:00:00,2025-09-11 15:00:00,3830.77,KEPT,AI Voice
PTP00003769,A002115,2025-10-13 11:00:00,2025-10-16 11:00:00,4472.76,BROKEN,Field
PTP00003770,A002862,2025-09-10 17:00:00,2025-09-13 17:00:00,13102.42,KEPT,Field
PTP00003771,A000637,2026-02-01 16:00:00,2026-02-08 16:00:00,3673.75,KEPT,WhatsApp
PTP00003772,A002952,2026-08-05 16:00:00,2026-08-12 16:00:00,12404.04,PENDING,AI Voice
PTP00003773,A000725,2025-10-14 16:00:00,2025-10-15 16:00:00,12572.8,BROKEN,Field
PTP00003774,A001383,2026-07-02 13:00:00,2026-07-05 13:00:00,4119.52,KEPT,Human
PTP00003775,A003113,2026-07-12 20:00:00,2026-07-19 20:00:00,11344.84,BROKEN,AI Voice
PTP00003776,A000793,2026-08-13 16:00:00,2026-08-16 16:00:00,6796.52,BROKEN,Field
PTP00003777,A002376,2025-10-13 20:00:00,2025-10-27 20:00:00,7669.28,BROKEN,WhatsApp
PTP00003778,A002326,2026-08-13 20:00:00,2026-08-20 20:00:00,5670.66,BROKEN,WhatsApp
PTP00003779,A002430,2026-03-17 18:00:00,2026-03-24 18:00:00,6607.42,KEPT,AI Voice
PTP00003780,A002588,2026-01-17 17:00:00,2026-01-18 17:00:00,7317.29,BROKEN,AI Voice
PTP00003781,A003473,2025-09-19 13:00:00,2025-10-03 13:00:00,5462.69,KEPT,WhatsApp
PTP00003782,A000079,2025-09-22 18:00:00,2025-09-25 18:00:00,3550.73,KEPT,WhatsApp
PTP00003783,A004134,2026-04-05 20:00:00,2026-04-12 20:00:00,11274.45,BROKEN,Field
PTP00003784,A000994,2025-09-08 11:00:00,2025-09-11 11:00:00,12630.16,BROKEN,Field
PTP00003785,A003975,2026-06-14 10:00:00,2026-06-17 10:00:00,3723.52,KEPT,WhatsApp
PTP00003786,A003141,2026-08-19 18:00:00,2026-08-22 18:00:00,7337.78,BROKEN,Human
PTP00003787,A002203,2026-03-01 16:00:00,2026-03-02 16:00:00,8179.87,KEPT,AI Voice
PTP00003788,A003298,2025-10-23 20:00:00,2025-11-06 20:00:00,12798.4,BROKEN,Human
PTP00003789,A001974,2026-03-09 14:00:00,2026-03-10 14:00:00,5031.64,BROKEN,Field
PTP00003790,A002714,2025-10-02 16:00:00,2025-10-16 16:00:00,7147.95,KEPT,Field
PTP00003791,A003946,2026-06-25 12:00:00,2026-07-09 12:00:00,13997.86,KEPT,WhatsApp
PTP00003792,A001802,2026-03-13 17:00:00,2026-03-16 17:00:00,4231.8,KEPT,Human
PTP00003793,A000668,2026-06-11 20:00:00,2026-06-18 20:00:00,14088.45,KEPT,WhatsApp
PTP00003794,A002163,2025-11-21 09:00:00,2025-11-22 09:00:00,12406.49,BROKEN,AI Voice
PTP00003795,A001649,2026-05-26 11:00:00,2026-05-27 11:00:00,12525.83,BROKEN,WhatsApp
PTP00003796,A002684,2025-12-22 19:00:00,2025-12-25 19:00:00,10849.46,KEPT,WhatsApp
PTP00003797,A001664,2026-05-21 10:00:00,2026-05-24 10:00:00,2907.62,KEPT,AI Voice
PTP00003798,A004077,2026-05-22 15:00:00,2026-05-25 15:00:00,10818.34,KEPT,Field
PTP00003799,A003507,2026-06-16 08:00:00,2026-06-19 08:00:00,11775.42,KEPT,Field
PTP00003800,A000114,2026-05-11 11:00:00,2026-05-18 11:00:00,9974.07,KEPT,Human
PTP00003801,A003634,2026-08-20 17:00:00,2026-08-23 17:00:00,5427.96,BROKEN,Field
PTP00003802,A001318,2026-04-25 20:00:00,2026-05-09 20:00:00,2274.84,BROKEN,Field
PTP00003803,A003249,2026-07-23 12:00:00,2026-07-30 12:00:00,4357.57,KEPT,Human
PTP00003804,A000235,2025-09-01 14:00:00,2025-09-08 14:00:00,3402.77,KEPT,Field
PTP00003805,A003025,2025-10-13 19:00:00,2025-10-20 19:00:00,7804.31,BROKEN,WhatsApp
PTP00003806,A000126,2026-07-18 09:00:00,2026-07-25 09:00:00,12774.23,KEPT,Field
PTP00003807,A003281,2025-11-21 15:00:00,2025-11-22 15:00:00,4387.27,BROKEN,WhatsApp
PTP00003808,A004002,2026-05-11 18:00:00,2026-05-14 18:00:00,13573.88,KEPT,Field
PTP00003809,A000483,2025-10-01 16:00:00,2025-10-08 16:00:00,9524.12,PENDING,WhatsApp
PTP00003810,A003780,2026-05-15 13:00:00,2026-05-22 13:00:00,3740.74,BROKEN,Human
PTP00003811,A000985,2026-02-01 17:00:00,2026-02-04 17:00:00,5433.34,KEPT,Field
PTP00003812,A003088,2025-12-16 20:00:00,2025-12-23 20:00:00,8046.31,KEPT,WhatsApp
PTP00003813,A003848,2025-10-14 08:00:00,2025-10-21 08:00:00,7147.19,KEPT,AI Voice
PTP00003814,A002840,2026-07-06 20:00:00,2026-07-07 20:00:00,10671.56,KEPT,Field
PTP00003815,A002110,2025-10-15 20:00:00,2025-10-29 20:00:00,8605.35,KEPT,WhatsApp
PTP00003816,A003886,2025-11-27 14:00:00,2025-11-28 14:00:00,13057.55,KEPT,Human
PTP00003817,A000529,2026-02-20 08:00:00,2026-02-21 08:00:00,8873.12,BROKEN,Field
PTP00003818,A003551,2026-05-04 14:00:00,2026-05-11 14:00:00,2960.25,BROKEN,Field
PTP00003819,A002051,2025-11-08 09:00:00,2025-11-09 09:00:00,6832.12,KEPT,Field
PTP00003820,A000431,2026-08-19 13:00:00,2026-08-20 13:00:00,9588.68,BROKEN,AI Voice
PTP00003821,A002143,2025-11-06 16:00:00,2025-11-09 16:00:00,13736.81,PENDING,AI Voice
PTP00003822,A003055,2025-11-15 08:00:00,2025-11-18 08:00:00,11657.25,KEPT,AI Voice
PTP00003823,A002278,2026-01-10 16:00:00,2026-01-17 16:00:00,12075.08,KEPT,WhatsApp
PTP00003824,A001733,2026-01-03 18:00:00,2026-01-04 18:00:00,9290.68,BROKEN,AI Voice
PTP00003825,A001376,2025-10-07 15:00:00,2025-10-10 15:00:00,13231.45,PENDING,AI Voice
PTP00003826,A001483,2026-03-17 15:00:00,2026-03-18 15:00:00,7822.21,PENDING,AI Voice
PTP00003827,A003210,2026-02-12 08:00:00,2026-02-26 08:00:00,11561.58,KEPT,Human
PTP00003828,A004119,2025-10-13 16:00:00,2025-10-14 16:00:00,12624.02,KEPT,AI Voice
PTP00003829,A001225,2025-12-21 11:00:00,2026-01-04 11:00:00,3979.94,BROKEN,Human
PTP00003830,A002983,2025-10-13 19:00:00,2025-10-14 19:00:00,6004.86,BROKEN,Field
PTP00003831,A003645,2026-08-13 08:00:00,2026-08-16 08:00:00,6137.92,PENDING,Human
PTP00003832,A002895,2026-06-23 16:00:00,2026-07-07 16:00:00,6697.09,KEPT,AI Voice
PTP00003833,A000845,2026-04-11 18:00:00,2026-04-25 18:00:00,6920.96,PENDING,AI Voice
PTP00003834,A002470,2025-11-08 18:00:00,2025-11-15 18:00:00,4259.52,BROKEN,WhatsApp
PTP00003835,A000088,2026-06-10 18:00:00,2026-06-24 18:00:00,6922.83,KEPT,WhatsApp
PTP00003836,A003962,2026-01-22 19:00:00,2026-01-25 19:00:00,10566.05,KEPT,Human
PTP00003837,A001169,2026-06-01 14:00:00,2026-06-08 14:00:00,2887.68,KEPT,Human
PTP00003838,A001289,2026-01-11 10:00:00,2026-01-14 10:00:00,7272.46,KEPT,WhatsApp
PTP00003839,A002285,2026-02-17 10:00:00,2026-02-18 10:00:00,11201.98,BROKEN,Field
PTP00003840,A000300,2026-08-01 10:00:00,2026-08-04 10:00:00,5977.74,BROKEN,AI Voice
PTP00003841,A003514,2025-11-26 09:00:00,2025-11-29 09:00:00,7291.91,KEPT,Human
PTP00003842,A001713,2025-09-03 14:00:00,2025-09-10 14:00:00,11204.11,KEPT,AI Voice
PTP00003843,A001293,2026-08-19 12:00:00,2026-09-02 12:00:00,5004.27,KEPT,Field
PTP00003844,A003097,2026-03-26 08:00:00,2026-03-27 08:00:00,2851.77,PENDING,AI Voice
PTP00003845,A002960,2026-05-04 13:00:00,2026-05-07 13:00:00,13827.1,KEPT,Field
PTP00003846,A000294,2026-01-05 12:00:00,2026-01-12 12:00:00,4876.96,KEPT,Human
PTP00003847,A002146,2025-09-08 09:00:00,2025-09-15 09:00:00,8033.62,KEPT,Field
PTP00003848,A002597,2026-04-20 09:00:00,2026-04-23 09:00:00,14135.41,KEPT,Field
PTP00003849,A002259,2025-11-01 11:00:00,2025-11-04 11:00:00,10059.71,KEPT,AI Voice
PTP00003850,A003822,2026-05-01 09:00:00,2026-05-08 09:00:00,13087.82,BROKEN,Field
PTP00003851,A002154,2026-03-27 18:00:00,2026-04-10 18:00:00,3948.39,KEPT,AI Voice
PTP00003852,A004169,2025-09-11 12:00:00,2025-09-14 12:00:00,12664.07,KEPT,AI Voice
PTP00003853,A003540,2026-06-15 14:00:00,2026-06-22 14:00:00,7616.29,KEPT,Human
PTP00003854,A000044,2026-01-17 12:00:00,2026-01-31 12:00:00,5272.27,BROKEN,Field
PTP00003855,A000649,2025-10-08 09:00:00,2025-10-09 09:00:00,10542.9,KEPT,WhatsApp
PTP00003856,A003010,2025-09-26 20:00:00,2025-10-03 20:00:00,13459.66,BROKEN,Human
PTP00003857,A003828,2025-10-27 20:00:00,2025-10-28 20:00:00,12268.61,KEPT,Human
PTP00003858,A001036,2025-11-15 11:00:00,2025-11-22 11:00:00,8503.78,KEPT,WhatsApp
PTP00003859,A000667,2026-04-06 15:00:00,2026-04-20 15:00:00,8416.63,PENDING,Human
PTP00003860,A001135,2026-04-26 08:00:00,2026-05-10 08:00:00,4671.4,PENDING,WhatsApp
PTP00003861,A000394,2026-07-10 18:00:00,2026-07-11 18:00:00,9226.79,PENDING,Human
PTP00003862,A001851,2026-05-02 11:00:00,2026-05-03 11:00:00,4858.34,KEPT,AI Voice
PTP00003863,A001716,2026-06-04 19:00:00,2026-06-11 19:00:00,6541.87,KEPT,Human
PTP00003864,A000846,2026-02-08 12:00:00,2026-02-22 12:00:00,12579.85,BROKEN,AI Voice
PTP00003865,A003381,2026-01-19 08:00:00,2026-01-20 08:00:00,3416.14,KEPT,AI Voice
PTP00003866,A003748,2026-06-23 12:00:00,2026-06-26 12:00:00,2512.85,KEPT,AI Voice
PTP00003867,A003372,2025-09-25 12:00:00,2025-10-09 12:00:00,8681.45,BROKEN,Human
PTP00003868,A002752,2026-07-27 17:00:00,2026-07-30 17:00:00,2511.43,PENDING,Human
PTP00003869,A003159,2026-02-15 10:00:00,2026-02-18 10:00:00,4321.96,KEPT,Field
PTP00003870,A002736,2025-09-09 10:00:00,2025-09-23 10:00:00,4732.3,KEPT,Field
PTP00003871,A003389,2026-08-20 15:00:00,2026-08-27 15:00:00,14636.51,KEPT,Human
PTP00003872,A001380,2026-08-08 18:00:00,2026-08-11 18:00:00,14452.05,KEPT,WhatsApp
PTP00003873,A000044,2026-06-11 15:00:00,2026-06-18 15:00:00,8670.18,BROKEN,AI Voice
PTP00003874,A003274,2026-01-10 09:00:00,2026-01-13 09:00:00,9663.35,BROKEN,WhatsApp
PTP00003875,A002534,2026-01-23 16:00:00,2026-01-30 16:00:00,5485.13,BROKEN,Human
PTP00003876,A002523,2026-02-23 13:00:00,2026-03-09 13:00:00,5253.83,BROKEN,AI Voice
PTP00003877,A001778,2026-08-25 11:00:00,2026-09-08 11:00:00,8376.85,KEPT,AI Voice
PTP00003878,A001431,2025-11-10 08:00:00,2025-11-11 08:00:00,4193.56,BROKEN,Field
PTP00003879,A003776,2025-10-07 18:00:00,2025-10-10 18:00:00,6401.39,KEPT,AI Voice
PTP00003880,A002654,2026-02-05 18:00:00,2026-02-19 18:00:00,10545.51,KEPT,Human
PTP00003881,A004075,2025-11-02 17:00:00,2025-11-09 17:00:00,2689.43,PENDING,Human
PTP00003882,A000932,2026-01-15 09:00:00,2026-01-29 09:00:00,10508.74,PENDING,Field
PTP00003883,A000810,2025-09-08 14:00:00,2025-09-22 14:00:00,14463.43,KEPT,WhatsApp
PTP00003884,A003344,2026-08-18 13:00:00,2026-08-21 13:00:00,6048.92,BROKEN,Field
PTP00003885,A002174,2025-11-02 20:00:00,2025-11-03 20:00:00,3962.29,KEPT,Field
PTP00003886,A000266,2026-07-10 10:00:00,2026-07-11 10:00:00,9991.6,KEPT,Field
PTP00003887,A003897,2026-07-21 12:00:00,2026-07-28 12:00:00,10979.7,PENDING,Field
PTP00003888,A002045,2025-10-19 12:00:00,2025-11-02 12:00:00,8711.83,KEPT,Human
PTP00003889,A002875,2026-05-09 12:00:00,2026-05-12 12:00:00,4796.71,KEPT,WhatsApp
PTP00003890,A002838,2026-05-20 13:00:00,2026-05-23 13:00:00,2232.77,KEPT,Field
PTP00003891,A001988,2025-09-14 17:00:00,2025-09-15 17:00:00,8056.96,BROKEN,AI Voice
PTP00003892,A003789,2025-09-21 09:00:00,2025-10-05 09:00:00,3629.37,BROKEN,WhatsApp
PTP00003893,A003244,2026-04-03 17:00:00,2026-04-17 17:00:00,10504.56,BROKEN,Field
PTP00003894,A002936,2025-11-23 14:00:00,2025-11-30 14:00:00,12226.23,KEPT,AI Voice
PTP00003895,A000272,2025-10-24 09:00:00,2025-11-07 09:00:00,9509.85,KEPT,Human
PTP00003896,A001273,2025-10-25 12:00:00,2025-11-08 12:00:00,6675.46,BROKEN,Field
PTP00003897,A003915,2026-02-12 09:00:00,2026-02-15 09:00:00,4128.23,KEPT,WhatsApp
PTP00003898,A002399,2026-05-18 12:00:00,2026-05-25 12:00:00,12633.85,KEPT,AI Voice
PTP00003899,A001782,2025-12-24 15:00:00,2025-12-25 15:00:00,2495.03,BROKEN,AI Voice
PTP00003900,A003424,2025-11-08 12:00:00,2025-11-15 12:00:00,6312.4,BROKEN,AI Voice
PTP00003901,A000691,2026-07-01 16:00:00,2026-07-04 16:00:00,2147.57,KEPT,Human
PTP00003902,A002222,2026-03-10 20:00:00,2026-03-11 20:00:00,11958.55,BROKEN,WhatsApp
PTP00003903,A002215,2026-07-22 17:00:00,2026-07-23 17:00:00,3818.59,BROKEN,AI Voice
PTP00003904,A002443,2026-02-27 09:00:00,2026-03-13 09:00:00,4736.39,KEPT,WhatsApp
PTP00003905,A003995,2026-06-04 19:00:00,2026-06-18 19:00:00,10482.82,KEPT,AI Voice
PTP00003906,A003931,2026-01-22 09:00:00,2026-01-25 09:00:00,10784.96,PENDING,AI Voice
PTP00003907,A001562,2026-07-27 15:00:00,2026-07-28 15:00:00,5834.48,KEPT,WhatsApp
PTP00003908,A001554,2025-11-23 09:00:00,2025-11-26 09:00:00,4975.28,KEPT,WhatsApp
PTP00003909,A002704,2025-10-08 18:00:00,2025-10-22 18:00:00,5211.21,BROKEN,WhatsApp
PTP00003910,A003256,2026-04-16 10:00:00,2026-04-17 10:00:00,6585.6,PENDING,AI Voice
PTP00003911,A003048,2025-10-16 08:00:00,2025-10-19 08:00:00,6918.19,BROKEN,WhatsApp
PTP00003912,A002123,2026-08-05 20:00:00,2026-08-19 20:00:00,7562.81,KEPT,WhatsApp
PTP00003913,A000613,2026-06-01 20:00:00,2026-06-02 20:00:00,11216.44,KEPT,Field
PTP00003914,A004180,2026-02-20 14:00:00,2026-02-21 14:00:00,8985.8,KEPT,AI Voice
PTP00003915,A000328,2025-09-03 20:00:00,2025-09-06 20:00:00,3839.46,BROKEN,WhatsApp
PTP00003916,A001687,2026-06-13 15:00:00,2026-06-14 15:00:00,5913.58,BROKEN,Human
PTP00003917,A000664,2026-07-15 16:00:00,2026-07-16 16:00:00,11695.92,KEPT,Field
PTP00003918,A000206,2026-02-10 14:00:00,2026-02-13 14:00:00,5676.55,KEPT,Field
PTP00003919,A002704,2026-06-09 17:00:00,2026-06-12 17:00:00,10957.75,BROKEN,Human
PTP00003920,A000160,2026-01-14 15:00:00,2026-01-15 15:00:00,8810.16,KEPT,Field
PTP00003921,A001642,2026-04-01 17:00:00,2026-04-04 17:00:00,7342.01,KEPT,WhatsApp
PTP00003922,A000138,2025-09-13 09:00:00,2025-09-27 09:00:00,14470.3,KEPT,Human
PTP00003923,A003508,2026-05-04 13:00:00,2026-05-07 13:00:00,5857.71,KEPT,AI Voice
PTP00003924,A000247,2026-05-10 15:00:00,2026-05-11 15:00:00,9303.5,KEPT,WhatsApp
PTP00003925,A001798,2026-04-17 12:00:00,2026-04-24 12:00:00,4668.52,BROKEN,WhatsApp
PTP00003926,A001546,2026-05-26 12:00:00,2026-05-29 12:00:00,13689.3,PENDING,Field
PTP00003927,A000228,2026-08-06 11:00:00,2026-08-07 11:00:00,2932.27,KEPT,WhatsApp
PTP00003928,A001682,2026-03-03 11:00:00,2026-03-06 11:00:00,4408.72,BROKEN,AI Voice
PTP00003929,A001356,2026-05-17 15:00:00,2026-05-31 15:00:00,6004.87,BROKEN,AI Voice
PTP00003930,A002002,2026-02-18 12:00:00,2026-03-04 12:00:00,7272.26,PENDING,Field
PTP00003931,A002221,2026-08-24 11:00:00,2026-08-27 11:00:00,7507.67,BROKEN,Field
PTP00003932,A000560,2025-09-21 11:00:00,2025-09-24 11:00:00,9300.86,KEPT,WhatsApp
PTP00003933,A002653,2026-06-08 09:00:00,2026-06-11 09:00:00,11845.11,KEPT,Field
PTP00003934,A003673,2026-07-04 17:00:00,2026-07-07 17:00:00,8871.28,KEPT,WhatsApp
PTP00003935,A002382,2026-06-06 19:00:00,2026-06-09 19:00:00,4064.07,BROKEN,Human
PTP00003936,A000173,2026-01-13 11:00:00,2026-01-14 11:00:00,4726.11,BROKEN,Human
PTP00003937,A001775,2025-09-20 17:00:00,2025-10-04 17:00:00,2021.45,KEPT,Human
PTP00003938,A003485,2026-01-05 18:00:00,2026-01-08 18:00:00,8952.24,PENDING,Human
PTP00003939,A003534,2026-06-13 11:00:00,2026-06-14 11:00:00,13687.61,PENDING,Field
PTP00003940,A002816,2025-09-23 13:00:00,2025-09-24 13:00:00,3686.36,BROKEN,AI Voice
PTP00003941,A000107,2026-06-13 15:00:00,2026-06-27 15:00:00,8809.41,KEPT,Field
PTP00003942,A001719,2025-10-18 20:00:00,2025-11-01 20:00:00,10519.64,PENDING,Human
PTP00003943,A003338,2025-12-24 10:00:00,2025-12-27 10:00:00,8659.38,KEPT,AI Voice
PTP00003944,A000268,2026-06-23 16:00:00,2026-06-30 16:00:00,2523.13,PENDING,Field
PTP00003945,A003145,2025-09-01 13:00:00,2025-09-02 13:00:00,5248.48,KEPT,WhatsApp
PTP00003946,A000728,2026-06-03 20:00:00,2026-06-04 20:00:00,5565.38,KEPT,WhatsApp
PTP00003947,A003978,2025-10-19 20:00:00,2025-10-20 20:00:00,13423.39,KEPT,Field
PTP00003948,A000663,2025-12-13 18:00:00,2025-12-16 18:00:00,8264.04,KEPT,Field
PTP00003949,A000957,2026-03-20 15:00:00,2026-03-23 15:00:00,9717.12,BROKEN,WhatsApp
PTP00003950,A001271,2026-02-18 09:00:00,2026-03-04 09:00:00,2870.83,BROKEN,WhatsApp
PTP00003951,A000191,2026-04-14 20:00:00,2026-04-21 20:00:00,12966.8,KEPT,Field
PTP00003952,A002218,2026-03-23 08:00:00,2026-03-30 08:00:00,12213.55,KEPT,Field
PTP00003953,A001710,2026-07-10 20:00:00,2026-07-17 20:00:00,12498.88,BROKEN,Human
PTP00003954,A000984,2026-06-06 14:00:00,2026-06-07 14:00:00,4999.34,BROKEN,WhatsApp
PTP00003955,A001537,2026-07-04 12:00:00,2026-07-05 12:00:00,4864.65,KEPT,WhatsApp
PTP00003956,A003469,2026-02-22 14:00:00,2026-02-25 14:00:00,14794.27,PENDING,AI Voice
PTP00003957,A003967,2026-04-03 08:00:00,2026-04-10 08:00:00,5777.19,KEPT,WhatsApp
PTP00003958,A002759,2026-06-27 09:00:00,2026-06-28 09:00:00,3028.61,BROKEN,Field
PTP00003959,A000999,2026-08-05 19:00:00,2026-08-19 19:00:00,6136.23,KEPT,AI Voice
PTP00003960,A003164,2025-12-21 09:00:00,2026-01-04 09:00:00,12854.62,BROKEN,WhatsApp
PTP00003961,A001448,2025-09-15 16:00:00,2025-09-22 16:00:00,3532.74,KEPT,Human
PTP00003962,A001438,2026-07-15 19:00:00,2026-07-29 19:00:00,3715.77,BROKEN,WhatsApp
PTP00003963,A001967,2026-03-09 16:00:00,2026-03-23 16:00:00,3634.95,KEPT,WhatsApp
PTP00003964,A000804,2026-05-27 12:00:00,2026-06-03 12:00:00,9831.53,KEPT,WhatsApp
PTP00003965,A002121,2025-09-26 08:00:00,2025-10-10 08:00:00,7012.03,BROKEN,WhatsApp
PTP00003966,A003729,2025-10-16 12:00:00,2025-10-19 12:00:00,8652.63,KEPT,Field
PTP00003967,A002808,2026-08-20 14:00:00,2026-08-27 14:00:00,12773.02,PENDING,Human
PTP00003968,A002569,2026-07-26 20:00:00,2026-08-09 20:00:00,13928.77,PENDING,Human
PTP00003969,A003170,2026-03-22 15:00:00,2026-03-25 15:00:00,10043.17,KEPT,AI Voice
PTP00003970,A001528,2026-01-17 20:00:00,2026-01-24 20:00:00,6988.73,BROKEN,WhatsApp
PTP00003971,A001252,2026-03-20 19:00:00,2026-03-23 19:00:00,5463.91,KEPT,Human
PTP00003972,A002517,2026-04-02 14:00:00,2026-04-09 14:00:00,7843.91,KEPT,WhatsApp
PTP00003973,A003739,2026-07-23 09:00:00,2026-07-30 09:00:00,5865.92,BROKEN,WhatsApp
PTP00003974,A002572,2025-11-09 12:00:00,2025-11-16 12:00:00,3213.26,KEPT,Field
PTP00003975,A003796,2026-03-08 13:00:00,2026-03-11 13:00:00,6148.27,PENDING,AI Voice
PTP00003976,A003016,2026-05-24 15:00:00,2026-05-27 15:00:00,3931.58,BROKEN,WhatsApp
PTP00003977,A002433,2026-02-13 19:00:00,2026-02-27 19:00:00,2212.74,KEPT,AI Voice
PTP00003978,A003294,2025-10-24 15:00:00,2025-10-31 15:00:00,6767.66,KEPT,AI Voice
PTP00003979,A002513,2026-01-06 08:00:00,2026-01-20 08:00:00,7716.34,BROKEN,Human
PTP00003980,A001776,2026-05-21 19:00:00,2026-05-28 19:00:00,13022.42,KEPT,WhatsApp
PTP00003981,A000106,2026-08-04 17:00:00,2026-08-07 17:00:00,3604.23,BROKEN,Human
PTP00003982,A003534,2025-12-23 12:00:00,2025-12-26 12:00:00,14376.89,KEPT,WhatsApp
PTP00003983,A000711,2026-02-09 20:00:00,2026-02-16 20:00:00,2573.45,KEPT,Field
PTP00003984,A002339,2026-04-25 09:00:00,2026-05-09 09:00:00,7556.96,PENDING,AI Voice
PTP00003985,A002153,2026-03-23 10:00:00,2026-03-24 10:00:00,4273.48,KEPT,AI Voice
PTP00003986,A002736,2025-09-01 14:00:00,2025-09-15 14:00:00,3816.24,KEPT,WhatsApp
PTP00003987,A000360,2026-08-19 20:00:00,2026-08-26 20:00:00,2270.5,KEPT,Field
PTP00003988,A000471,2025-11-15 16:00:00,2025-11-16 16:00:00,5903.75,PENDING,Field
PTP00003989,A002367,2026-02-08 15:00:00,2026-02-09 15:00:00,12214.52,KEPT,WhatsApp
PTP00003990,A002729,2026-01-19 18:00:00,2026-01-20 18:00:00,3251.06,KEPT,Human
PTP00003991,A000380,2025-09-20 12:00:00,2025-09-21 12:00:00,8576.44,KEPT,Human
PTP00003992,A001645,2025-12-12 15:00:00,2025-12-26 15:00:00,13193.53,KEPT,Human
PTP00003993,A000168,2026-04-11 12:00:00,2026-04-18 12:00:00,8370.76,KEPT,AI Voice
PTP00003994,A003477,2025-12-05 12:00:00,2025-12-06 12:00:00,9997.55,KEPT,Human
PTP00003995,A002773,2026-05-20 20:00:00,2026-06-03 20:00:00,14832.4,KEPT,WhatsApp
PTP00003996,A002530,2025-11-21 20:00:00,2025-11-28 20:00:00,14874.21,BROKEN,Human
PTP00003997,A000026,2026-08-19 16:00:00,2026-08-20 16:00:00,5498.43,KEPT,Field
PTP00003998,A003689,2026-01-02 09:00:00,2026-01-03 09:00:00,2912.57,KEPT,Human
PTP00003999,A002407,2025-12-08 08:00:00,2025-12-15 08:00:00,5133.12,BROKEN,AI Voice
PTP00004000,A001175,2025-10-11 09:00:00,2025-10-12 09:00:00,8190.84,BROKEN,Field
PTP00004001,A000665,2025-11-10 12:00:00,2025-11-24 12:00:00,8568.31,PENDING,AI Voice
PTP00004002,A003226,2025-11-12 18:00:00,2025-11-13 18:00:00,5495.21,KEPT,WhatsApp
PTP00004003,A002840,2025-09-10 14:00:00,2025-09-13 14:00:00,3933.66,KEPT,Human
PTP00004004,A002213,2026-08-25 12:00:00,2026-09-08 12:00:00,6493.99,PENDING,WhatsApp
PTP00004005,A000208,2026-06-17 19:00:00,2026-06-18 19:00:00,8106.59,KEPT,AI Voice
PTP00004006,A000918,2026-02-24 19:00:00,2026-03-03 19:00:00,4545.62,PENDING,Human
PTP00004007,A003725,2025-12-16 15:00:00,2025-12-19 15:00:00,11670.5,BROKEN,Field
PTP00004008,A002406,2026-07-06 20:00:00,2026-07-20 20:00:00,9352.28,KEPT,WhatsApp
PTP00004009,A003815,2026-07-27 14:00:00,2026-07-28 14:00:00,12896.18,KEPT,WhatsApp
PTP00004010,A001138,2026-07-27 11:00:00,2026-07-28 11:00:00,11276.44,PENDING,AI Voice
PTP00004011,A000159,2025-10-23 20:00:00,2025-10-30 20:00:00,4566.29,BROKEN,Human
PTP00004012,A003372,2026-02-03 10:00:00,2026-02-10 10:00:00,12215.83,PENDING,WhatsApp
PTP00004013,A003447,2026-06-16 12:00:00,2026-06-17 12:00:00,4124.99,BROKEN,Human
PTP00004014,A001163,2026-02-03 13:00:00,2026-02-04 13:00:00,14530.36,BROKEN,Human
PTP00004015,A000857,2026-03-15 19:00:00,2026-03-22 19:00:00,13859.16,BROKEN,Field
PTP00004016,A000545,2025-12-05 17:00:00,2025-12-12 17:00:00,9312.37,BROKEN,AI Voice
PTP00004017,A000526,2025-10-15 17:00:00,2025-10-22 17:00:00,10935.85,PENDING,WhatsApp
PTP00004018,A003146,2026-01-01 12:00:00,2026-01-02 12:00:00,3423.11,KEPT,AI Voice
PTP00004019,A003272,2026-04-17 10:00:00,2026-04-24 10:00:00,11011.07,PENDING,Field
PTP00004020,A000437,2025-11-02 15:00:00,2025-11-03 15:00:00,7084.46,KEPT,Human
PTP00004021,A003214,2025-10-14 18:00:00,2025-10-17 18:00:00,12234.95,KEPT,Field
PTP00004022,A001318,2025-09-11 18:00:00,2025-09-25 18:00:00,10750.87,KEPT,Human
PTP00004023,A000379,2026-05-06 08:00:00,2026-05-07 08:00:00,5866.45,PENDING,Field
PTP00004024,A002915,2026-07-20 20:00:00,2026-07-23 20:00:00,8388.71,KEPT,Human
PTP00004025,A003865,2026-08-02 19:00:00,2026-08-05 19:00:00,2494.07,PENDING,Human
PTP00004026,A000191,2025-12-22 09:00:00,2025-12-29 09:00:00,6404.88,BROKEN,Field
PTP00004027,A004115,2026-07-27 15:00:00,2026-07-28 15:00:00,6846.04,KEPT,AI Voice
PTP00004028,A001997,2025-10-09 10:00:00,2025-10-23 10:00:00,12570.87,KEPT,Field
PTP00004029,A004137,2026-01-24 20:00:00,2026-01-27 20:00:00,3095.82,PENDING,AI Voice
PTP00004030,A001970,2026-03-26 15:00:00,2026-04-09 15:00:00,8740.97,PENDING,AI Voice
PTP00004031,A000438,2026-04-25 16:00:00,2026-05-09 16:00:00,4079.3,BROKEN,Field
PTP00004032,A003060,2025-12-03 16:00:00,2025-12-04 16:00:00,9482.12,KEPT,AI Voice
PTP00004033,A002403,2026-03-01 08:00:00,2026-03-04 08:00:00,10319.67,BROKEN,Field
PTP00004034,A002102,2026-02-12 18:00:00,2026-02-15 18:00:00,7657.92,KEPT,WhatsApp
PTP00004035,A002487,2025-09-23 15:00:00,2025-09-24 15:00:00,2019.3,BROKEN,AI Voice
PTP00004036,A001621,2025-10-11 16:00:00,2025-10-14 16:00:00,11457.06,KEPT,WhatsApp
PTP00004037,A002950,2025-09-13 19:00:00,2025-09-16 19:00:00,9374.62,KEPT,Human
PTP00004038,A001799,2026-01-01 19:00:00,2026-01-04 19:00:00,7313.4,KEPT,Field
PTP00004039,A001103,2025-10-17 11:00:00,2025-10-18 11:00:00,4741.56,KEPT,AI Voice
PTP00004040,A000105,2025-10-26 10:00:00,2025-11-09 10:00:00,3996.06,KEPT,AI Voice
PTP00004041,A002319,2026-08-07 16:00:00,2026-08-10 16:00:00,6019.57,BROKEN,Field
PTP00004042,A001805,2026-05-07 18:00:00,2026-05-14 18:00:00,8547.84,PENDING,Field
PTP00004043,A001036,2026-05-24 16:00:00,2026-05-27 16:00:00,9162.27,BROKEN,AI Voice
PTP00004044,A000409,2026-08-06 15:00:00,2026-08-13 15:00:00,2387.91,BROKEN,Human
PTP00004045,A002762,2025-11-13 12:00:00,2025-11-20 12:00:00,8261.64,KEPT,Human
PTP00004046,A000896,2025-10-17 15:00:00,2025-10-31 15:00:00,13384.34,BROKEN,Human
PTP00004047,A001361,2026-04-01 16:00:00,2026-04-04 16:00:00,11187.13,PENDING,WhatsApp
PTP00004048,A001740,2026-08-17 08:00:00,2026-08-24 08:00:00,11084.82,KEPT,WhatsApp
PTP00004049,A000644,2026-01-22 08:00:00,2026-01-25 08:00:00,4561.34,KEPT,WhatsApp
PTP00004050,A000914,2026-04-13 11:00:00,2026-04-16 11:00:00,11014.67,KEPT,Field
PTP00004051,A002646,2025-12-19 09:00:00,2025-12-26 09:00:00,11624.62,KEPT,AI Voice
PTP00004052,A002698,2025-10-19 11:00:00,2025-11-02 11:00:00,8742.18,BROKEN,Human
PTP00004053,A002423,2025-11-22 13:00:00,2025-11-25 13:00:00,6405.22,KEPT,Field
PTP00004054,A003499,2025-12-22 18:00:00,2025-12-23 18:00:00,4111.4,PENDING,Field
PTP00004055,A003277,2025-10-26 12:00:00,2025-10-29 12:00:00,4486.19,BROKEN,Human
PTP00004056,A004107,2025-10-04 09:00:00,2025-10-18 09:00:00,12067.91,PENDING,Field
PTP00004057,A002376,2025-12-16 19:00:00,2025-12-17 19:00:00,14148.17,KEPT,WhatsApp
PTP00004058,A001051,2026-03-07 19:00:00,2026-03-10 19:00:00,11516.54,KEPT,Human
PTP00004059,A003219,2026-07-11 19:00:00,2026-07-18 19:00:00,11061.77,BROKEN,WhatsApp
PTP00004060,A002089,2026-07-03 09:00:00,2026-07-17 09:00:00,4807.13,KEPT,WhatsApp
PTP00004061,A002080,2026-05-06 16:00:00,2026-05-07 16:00:00,11648.16,KEPT,WhatsApp
PTP00004062,A000265,2026-04-16 15:00:00,2026-04-30 15:00:00,3039.18,KEPT,AI Voice
PTP00004063,A000341,2025-09-03 14:00:00,2025-09-17 14:00:00,6661.77,BROKEN,WhatsApp
PTP00004064,A002816,2025-09-22 13:00:00,2025-10-06 13:00:00,10359.08,KEPT,Field
PTP00004065,A003237,2026-06-03 20:00:00,2026-06-06 20:00:00,3516.97,PENDING,Human
PTP00004066,A003764,2025-12-09 08:00:00,2025-12-16 08:00:00,12042.0,KEPT,Human
PTP00004067,A000202,2026-02-20 09:00:00,2026-03-06 09:00:00,5287.57,PENDING,WhatsApp
PTP00004068,A001460,2026-08-10 14:00:00,2026-08-11 14:00:00,2374.22,PENDING,WhatsApp
PTP00004069,A000717,2025-09-25 15:00:00,2025-10-09 15:00:00,4647.73,KEPT,Human
PTP00004070,A001670,2026-07-14 14:00:00,2026-07-28 14:00:00,6072.6,KEPT,WhatsApp
PTP00004071,A001509,2026-04-23 15:00:00,2026-04-26 15:00:00,6204.96,BROKEN,Field
PTP00004072,A000533,2026-05-08 18:00:00,2026-05-09 18:00:00,3980.08,BROKEN,WhatsApp
PTP00004073,A002987,2025-09-23 18:00:00,2025-09-26 18:00:00,3916.84,PENDING,Human
PTP00004074,A003398,2026-03-19 13:00:00,2026-03-20 13:00:00,11197.6,BROKEN,AI Voice
PTP00004075,A003925,2026-04-06 11:00:00,2026-04-20 11:00:00,12543.7,KEPT,AI Voice
PTP00004076,A000002,2026-07-14 19:00:00,2026-07-28 19:00:00,6752.2,BROKEN,Field
PTP00004077,A000891,2026-02-27 11:00:00,2026-03-02 11:00:00,6258.08,BROKEN,AI Voice
PTP00004078,A003429,2026-02-26 16:00:00,2026-02-27 16:00:00,8649.08,BROKEN,Human
PTP00004079,A004103,2026-01-10 15:00:00,2026-01-13 15:00:00,8053.38,KEPT,WhatsApp
PTP00004080,A002894,2026-03-12 09:00:00,2026-03-19 09:00:00,9911.38,KEPT,Human
PTP00004081,A001090,2025-12-11 10:00:00,2025-12-12 10:00:00,14165.38,KEPT,Field
PTP00004082,A004103,2026-01-16 14:00:00,2026-01-17 14:00:00,5915.18,BROKEN,Human
PTP00004083,A000012,2026-04-27 13:00:00,2026-05-11 13:00:00,8218.63,KEPT,WhatsApp
PTP00004084,A000774,2026-02-24 20:00:00,2026-02-27 20:00:00,11024.74,KEPT,Field
PTP00004085,A001707,2025-12-09 08:00:00,2025-12-12 08:00:00,8117.8,KEPT,Field
PTP00004086,A003337,2026-01-06 16:00:00,2026-01-07 16:00:00,5099.27,PENDING,Human
PTP00004087,A002206,2026-03-27 16:00:00,2026-04-10 16:00:00,13033.55,KEPT,Field
PTP00004088,A001843,2025-11-15 15:00:00,2025-11-22 15:00:00,12236.35,KEPT,Field
PTP00004089,A001693,2025-12-20 15:00:00,2026-01-03 15:00:00,10584.22,BROKEN,WhatsApp
PTP00004090,A004124,2026-02-22 09:00:00,2026-02-25 09:00:00,5047.36,BROKEN,Field
PTP00004091,A002519,2025-11-18 20:00:00,2025-11-25 20:00:00,2724.66,BROKEN,AI Voice
PTP00004092,A003288,2026-01-03 13:00:00,2026-01-17 13:00:00,3186.25,KEPT,WhatsApp
PTP00004093,A001100,2025-12-26 10:00:00,2026-01-02 10:00:00,3745.01,BROKEN,WhatsApp
PTP00004094,A002083,2026-01-15 17:00:00,2026-01-16 17:00:00,6264.15,BROKEN,AI Voice
PTP00004095,A003210,2026-05-10 17:00:00,2026-05-11 17:00:00,3778.44,KEPT,Human
PTP00004096,A002258,2025-10-09 12:00:00,2025-10-16 12:00:00,5167.79,KEPT,WhatsApp
PTP00004097,A000768,2026-03-06 15:00:00,2026-03-13 15:00:00,7411.33,KEPT,AI Voice
PTP00004098,A003006,2026-07-18 13:00:00,2026-07-21 13:00:00,6015.38,KEPT,AI Voice
PTP00004099,A001667,2025-10-20 09:00:00,2025-10-21 09:00:00,14987.41,PENDING,AI Voice
PTP00004100,A000092,2025-11-11 19:00:00,2025-11-25 19:00:00,4872.42,KEPT,WhatsApp
PTP00004101,A002827,2025-10-25 11:00:00,2025-11-08 11:00:00,6308.08,PENDING,Field
PTP00004102,A002867,2026-05-06 13:00:00,2026-05-20 13:00:00,10623.32,BROKEN,WhatsApp
PTP00004103,A000152,2025-11-02 13:00:00,2025-11-05 13:00:00,7625.14,KEPT,Field
PTP00004104,A001564,2026-07-12 11:00:00,2026-07-13 11:00:00,5924.71,BROKEN,WhatsApp
PTP00004105,A001253,2025-11-19 20:00:00,2025-11-22 20:00:00,11835.23,KEPT,AI Voice
PTP00004106,A001073,2026-04-03 10:00:00,2026-04-10 10:00:00,10982.35,KEPT,AI Voice
PTP00004107,A003174,2026-06-25 15:00:00,2026-07-09 15:00:00,9492.66,BROKEN,Field
PTP00004108,A004024,2026-08-26 13:00:00,2026-09-02 13:00:00,4405.69,KEPT,AI Voice
PTP00004109,A000876,2025-10-08 18:00:00,2025-10-15 18:00:00,3659.59,PENDING,AI Voice
PTP00004110,A003993,2025-11-03 15:00:00,2025-11-04 15:00:00,6434.12,KEPT,WhatsApp
PTP00004111,A000143,2025-11-26 20:00:00,2025-12-03 20:00:00,4679.55,KEPT,Field
PTP00004112,A002308,2026-01-13 11:00:00,2026-01-20 11:00:00,6100.58,KEPT,Human
PTP00004113,A003737,2026-05-10 15:00:00,2026-05-13 15:00:00,8068.95,KEPT,Field
PTP00004114,A001737,2025-12-07 17:00:00,2025-12-21 17:00:00,5309.7,BROKEN,Human
PTP00004115,A003912,2026-04-24 10:00:00,2026-04-27 10:00:00,3437.51,KEPT,WhatsApp
PTP00004116,A001899,2026-08-15 15:00:00,2026-08-16 15:00:00,6692.46,BROKEN,WhatsApp
PTP00004117,A002284,2026-01-05 11:00:00,2026-01-08 11:00:00,6828.2,BROKEN,WhatsApp
PTP00004118,A001371,2026-07-14 18:00:00,2026-07-15 18:00:00,2387.78,BROKEN,AI Voice
PTP00004119,A002128,2026-06-08 14:00:00,2026-06-11 14:00:00,13135.24,KEPT,Human
PTP00004120,A001998,2026-05-19 16:00:00,2026-05-22 16:00:00,11361.09,BROKEN,Field
PTP00004121,A003509,2026-08-02 15:00:00,2026-08-05 15:00:00,6877.27,BROKEN,Field
PTP00004122,A002705,2026-05-09 08:00:00,2026-05-23 08:00:00,8053.92,KEPT,WhatsApp
PTP00004123,A000240,2026-01-06 10:00:00,2026-01-13 10:00:00,5672.86,KEPT,WhatsApp
PTP00004124,A000192,2026-07-15 18:00:00,2026-07-22 18:00:00,2967.8,KEPT,Human
PTP00004125,A000035,2025-11-03 16:00:00,2025-11-04 16:00:00,6400.02,KEPT,WhatsApp
PTP00004126,A000882,2026-08-19 08:00:00,2026-08-26 08:00:00,8627.6,BROKEN,Human
PTP00004127,A000930,2026-01-03 09:00:00,2026-01-04 09:00:00,5725.86,KEPT,Field
PTP00004128,A003223,2025-10-23 17:00:00,2025-10-24 17:00:00,10621.48,BROKEN,Human
PTP00004129,A001137,2026-01-02 18:00:00,2026-01-05 18:00:00,9512.72,KEPT,Field
PTP00004130,A000950,2026-07-05 20:00:00,2026-07-06 20:00:00,3884.73,PENDING,Field
PTP00004131,A004171,2026-01-19 10:00:00,2026-01-26 10:00:00,5677.85,KEPT,Field
PTP00004132,A002761,2026-08-01 14:00:00,2026-08-15 14:00:00,14169.05,PENDING,WhatsApp
PTP00004133,A001256,2026-07-17 12:00:00,2026-07-20 12:00:00,3241.98,BROKEN,Human
PTP00004134,A000787,2025-09-19 12:00:00,2025-09-22 12:00:00,10692.41,PENDING,Human
PTP00004135,A001940,2026-07-24 15:00:00,2026-07-25 15:00:00,12991.85,KEPT,Field
PTP00004136,A003654,2025-09-13 13:00:00,2025-09-16 13:00:00,6572.05,BROKEN,WhatsApp
PTP00004137,A004009,2026-04-22 11:00:00,2026-04-25 11:00:00,11781.54,BROKEN,WhatsApp
PTP00004138,A000343,2025-12-17 12:00:00,2025-12-31 12:00:00,13015.77,KEPT,Human
PTP00004139,A000203,2025-10-16 08:00:00,2025-10-17 08:00:00,12062.13,BROKEN,AI Voice
PTP00004140,A001926,2026-07-14 12:00:00,2026-07-17 12:00:00,11251.37,PENDING,AI Voice
PTP00004141,A001841,2026-06-03 11:00:00,2026-06-17 11:00:00,10827.34,BROKEN,AI Voice
PTP00004142,A000174,2026-01-07 08:00:00,2026-01-10 08:00:00,12782.3,BROKEN,Field
PTP00004143,A002619,2026-03-04 12:00:00,2026-03-07 12:00:00,6407.12,PENDING,WhatsApp
PTP00004144,A002455,2026-04-17 12:00:00,2026-04-20 12:00:00,3580.83,KEPT,Field
PTP00004145,A001056,2026-04-07 10:00:00,2026-04-21 10:00:00,9429.81,PENDING,AI Voice
PTP00004146,A002190,2026-01-01 19:00:00,2026-01-04 19:00:00,4259.86,KEPT,Human
PTP00004147,A002637,2026-01-15 15:00:00,2026-01-22 15:00:00,2661.09,KEPT,WhatsApp
PTP00004148,A003345,2025-10-01 13:00:00,2025-10-02 13:00:00,3051.14,KEPT,Field
PTP00004149,A002636,2026-08-16 20:00:00,2026-08-19 20:00:00,11925.41,KEPT,Human
PTP00004150,A000127,2025-09-20 16:00:00,2025-10-04 16:00:00,11659.7,BROKEN,WhatsApp
PTP00004151,A000214,2026-03-04 08:00:00,2026-03-07 08:00:00,13839.46,BROKEN,WhatsApp
PTP00004152,A003516,2025-11-16 12:00:00,2025-11-19 12:00:00,11202.1,BROKEN,Human
PTP00004153,A000647,2025-12-25 12:00:00,2025-12-28 12:00:00,3418.24,KEPT,Human
PTP00004154,A002214,2026-02-20 19:00:00,2026-02-27 19:00:00,4779.28,BROKEN,AI Voice
PTP00004155,A001152,2025-12-18 12:00:00,2026-01-01 12:00:00,2702.97,PENDING,Human
PTP00004156,A002719,2026-01-06 12:00:00,2026-01-13 12:00:00,9111.85,KEPT,AI Voice
PTP00004157,A000048,2026-05-08 14:00:00,2026-05-11 14:00:00,14882.13,BROKEN,Field
PTP00004158,A003262,2026-03-15 08:00:00,2026-03-29 08:00:00,10013.92,KEPT,WhatsApp
PTP00004159,A002245,2026-03-18 19:00:00,2026-03-25 19:00:00,8803.38,KEPT,Human
PTP00004160,A002092,2026-04-10 19:00:00,2026-04-11 19:00:00,5770.6,BROKEN,Field
PTP00004161,A001512,2025-12-11 11:00:00,2025-12-12 11:00:00,3816.06,KEPT,Field
PTP00004162,A001663,2025-09-06 11:00:00,2025-09-13 11:00:00,10723.98,KEPT,AI Voice
PTP00004163,A003980,2026-03-24 13:00:00,2026-03-27 13:00:00,6286.25,KEPT,Human
PTP00004164,A000828,2025-12-09 11:00:00,2025-12-10 11:00:00,10088.96,KEPT,AI Voice
PTP00004165,A002278,2026-07-08 17:00:00,2026-07-15 17:00:00,8767.6,PENDING,Field
PTP00004166,A002416,2026-02-08 12:00:00,2026-02-15 12:00:00,11331.86,BROKEN,WhatsApp
PTP00004167,A003942,2026-08-18 12:00:00,2026-09-01 12:00:00,6539.89,BROKEN,WhatsApp
PTP00004168,A003712,2026-06-03 14:00:00,2026-06-04 14:00:00,10400.12,BROKEN,Field
PTP00004169,A000036,2026-02-23 14:00:00,2026-03-02 14:00:00,2258.47,KEPT,WhatsApp
PTP00004170,A001004,2025-12-05 16:00:00,2025-12-06 16:00:00,3301.29,KEPT,Human
PTP00004171,A002785,2026-01-01 11:00:00,2026-01-08 11:00:00,5153.57,KEPT,AI Voice
PTP00004172,A001385,2025-09-02 14:00:00,2025-09-03 14:00:00,8353.33,KEPT,WhatsApp
PTP00004173,A001492,2026-08-24 19:00:00,2026-09-07 19:00:00,7793.07,BROKEN,WhatsApp
PTP00004174,A000932,2026-08-01 11:00:00,2026-08-04 11:00:00,8936.68,BROKEN,WhatsApp
PTP00004175,A003888,2026-07-02 11:00:00,2026-07-05 11:00:00,4031.14,KEPT,WhatsApp
PTP00004176,A003586,2025-09-24 16:00:00,2025-09-25 16:00:00,2411.84,BROKEN,WhatsApp
PTP00004177,A003971,2026-03-18 08:00:00,2026-03-19 08:00:00,10458.52,KEPT,WhatsApp
PTP00004178,A000259,2026-08-10 20:00:00,2026-08-17 20:00:00,2172.57,BROKEN,Human
PTP00004179,A001695,2026-03-08 18:00:00,2026-03-11 18:00:00,14320.67,KEPT,AI Voice
PTP00004180,A003999,2025-11-21 12:00:00,2025-11-22 12:00:00,2585.68,BROKEN,AI Voice
PTP00004181,A001473,2026-02-19 15:00:00,2026-02-20 15:00:00,7010.29,KEPT,Human
PTP00004182,A000267,2026-04-24 12:00:00,2026-05-01 12:00:00,11125.95,PENDING,Human
PTP00004183,A003041,2025-11-17 15:00:00,2025-12-01 15:00:00,2968.08,KEPT,AI Voice
PTP00004184,A002848,2025-10-23 17:00:00,2025-11-06 17:00:00,5374.13,KEPT,Human
PTP00004185,A000007,2026-07-15 09:00:00,2026-07-16 09:00:00,3273.37,PENDING,WhatsApp
PTP00004186,A001310,2026-02-01 09:00:00,2026-02-08 09:00:00,2593.72,KEPT,Field
PTP00004187,A001849,2026-07-04 20:00:00,2026-07-07 20:00:00,7016.97,KEPT,Field
PTP00004188,A003776,2025-10-17 17:00:00,2025-10-31 17:00:00,14608.7,KEPT,Human
PTP00004189,A003400,2026-05-10 19:00:00,2026-05-11 19:00:00,7004.44,KEPT,Field
PTP00004190,A003820,2025-11-03 09:00:00,2025-11-10 09:00:00,5625.89,BROKEN,WhatsApp
PTP00004191,A000787,2026-07-03 16:00:00,2026-07-17 16:00:00,6828.55,KEPT,WhatsApp
PTP00004192,A002728,2026-08-20 16:00:00,2026-08-27 16:00:00,7255.31,KEPT,Field
PTP00004193,A002887,2026-06-18 16:00:00,2026-06-19 16:00:00,7765.56,BROKEN,AI Voice
PTP00004194,A002842,2026-06-10 18:00:00,2026-06-11 18:00:00,14973.19,BROKEN,Human
PTP00004195,A003659,2026-05-09 13:00:00,2026-05-12 13:00:00,4560.05,BROKEN,AI Voice
PTP00004196,A003086,2026-07-22 10:00:00,2026-07-29 10:00:00,10457.62,KEPT,AI Voice
PTP00004197,A000131,2025-12-04 14:00:00,2025-12-05 14:00:00,10010.14,KEPT,WhatsApp
PTP00004198,A000414,2026-06-15 08:00:00,2026-06-16 08:00:00,2479.22,BROKEN,AI Voice
PTP00004199,A000638,2026-07-01 09:00:00,2026-07-04 09:00:00,11536.62,BROKEN,Field
PTP00004200,A000108,2025-11-11 14:00:00,2025-11-14 14:00:00,3050.72,BROKEN,AI Voice
PTP00004201,A002487,2026-01-12 14:00:00,2026-01-26 14:00:00,8323.65,BROKEN,AI Voice
PTP00004202,A002572,2025-09-01 14:00:00,2025-09-15 14:00:00,4255.28,KEPT,Field
PTP00004203,A001999,2025-09-26 14:00:00,2025-10-03 14:00:00,12601.38,BROKEN,AI Voice
PTP00004204,A001984,2026-04-18 12:00:00,2026-04-25 12:00:00,10384.31,KEPT,Field
PTP00004205,A002875,2025-10-24 14:00:00,2025-10-27 14:00:00,7851.39,KEPT,Field
PTP00004206,A001334,2026-06-24 20:00:00,2026-06-25 20:00:00,2899.32,BROKEN,Field
PTP00004207,A004146,2025-10-08 20:00:00,2025-10-09 20:00:00,7099.15,BROKEN,WhatsApp
PTP00004208,A002435,2025-10-08 14:00:00,2025-10-11 14:00:00,5697.14,BROKEN,Field
PTP00004209,A003322,2026-01-27 09:00:00,2026-01-30 09:00:00,4669.0,KEPT,WhatsApp
PTP00004210,A001154,2025-12-22 20:00:00,2026-01-05 20:00:00,3955.46,PENDING,Human
PTP00004211,A000507,2026-07-10 10:00:00,2026-07-11 10:00:00,6518.1,KEPT,WhatsApp
PTP00004212,A001939,2026-04-21 16:00:00,2026-05-05 16:00:00,9949.61,BROKEN,WhatsApp
PTP00004213,A000369,2026-04-16 16:00:00,2026-04-30 16:00:00,7495.44,BROKEN,Human
PTP00004214,A002702,2025-10-04 18:00:00,2025-10-18 18:00:00,7461.2,BROKEN,WhatsApp
PTP00004215,A004173,2026-07-09 12:00:00,2026-07-12 12:00:00,6392.22,KEPT,Human
PTP00004216,A004043,2026-07-18 18:00:00,2026-07-25 18:00:00,4647.88,BROKEN,AI Voice
PTP00004217,A001952,2025-11-01 12:00:00,2025-11-02 12:00:00,9520.25,BROKEN,AI Voice
PTP00004218,A003364,2025-09-20 17:00:00,2025-09-23 17:00:00,8382.55,KEPT,Human
PTP00004219,A003982,2026-08-26 14:00:00,2026-09-02 14:00:00,14485.72,KEPT,AI Voice
PTP00004220,A001008,2026-02-01 13:00:00,2026-02-08 13:00:00,13577.52,KEPT,WhatsApp
PTP00004221,A004110,2025-10-01 09:00:00,2025-10-15 09:00:00,3063.95,KEPT,AI Voice
PTP00004222,A001643,2026-01-25 10:00:00,2026-02-08 10:00:00,10818.84,BROKEN,WhatsApp
PTP00004223,A000387,2026-04-03 17:00:00,2026-04-17 17:00:00,9619.04,BROKEN,Field
PTP00004224,A003253,2025-09-02 15:00:00,2025-09-03 15:00:00,6203.31,BROKEN,WhatsApp
PTP00004225,A000212,2026-07-07 15:00:00,2026-07-08 15:00:00,5792.39,BROKEN,Human
PTP00004226,A001920,2026-08-03 10:00:00,2026-08-10 10:00:00,9401.71,KEPT,AI Voice
PTP00004227,A000124,2026-08-11 20:00:00,2026-08-25 20:00:00,9456.37,KEPT,Human
PTP00004228,A002764,2026-05-01 10:00:00,2026-05-04 10:00:00,2551.2,BROKEN,Human
PTP00004229,A000980,2026-04-21 14:00:00,2026-04-22 14:00:00,7700.75,KEPT,AI Voice
PTP00004230,A000534,2026-05-27 10:00:00,2026-06-10 10:00:00,4288.35,KEPT,WhatsApp
PTP00004231,A001652,2025-09-22 09:00:00,2025-09-29 09:00:00,7984.59,KEPT,Human
PTP00004232,A000337,2026-03-25 18:00:00,2026-03-26 18:00:00,3088.0,KEPT,Human
PTP00004233,A003329,2026-03-02 20:00:00,2026-03-05 20:00:00,9801.22,KEPT,AI Voice
PTP00004234,A000750,2025-09-01 15:00:00,2025-09-08 15:00:00,6476.84,BROKEN,AI Voice
PTP00004235,A000122,2026-05-10 11:00:00,2026-05-17 11:00:00,4747.57,BROKEN,Field
PTP00004236,A001921,2026-04-04 16:00:00,2026-04-07 16:00:00,13704.95,KEPT,Human
PTP00004237,A001358,2026-01-04 10:00:00,2026-01-05 10:00:00,3544.38,BROKEN,Human
PTP00004238,A003224,2026-05-05 19:00:00,2026-05-08 19:00:00,2196.5,BROKEN,WhatsApp
PTP00004239,A002827,2026-03-04 19:00:00,2026-03-05 19:00:00,3873.05,KEPT,WhatsApp
PTP00004240,A000515,2026-08-10 18:00:00,2026-08-17 18:00:00,2854.7,PENDING,WhatsApp
PTP00004241,A001790,2026-08-14 09:00:00,2026-08-21 09:00:00,2963.15,BROKEN,Field
PTP00004242,A003085,2026-06-21 08:00:00,2026-06-28 08:00:00,2958.5,BROKEN,Human
PTP00004243,A000050,2025-11-10 14:00:00,2025-11-24 14:00:00,12408.65,KEPT,WhatsApp
PTP00004244,A002749,2025-11-27 10:00:00,2025-12-04 10:00:00,2056.86,BROKEN,Field
PTP00004245,A003572,2026-04-19 10:00:00,2026-05-03 10:00:00,7225.23,KEPT,Field
PTP00004246,A001471,2025-10-08 13:00:00,2025-10-22 13:00:00,6473.76,KEPT,Human
PTP00004247,A000725,2026-04-21 20:00:00,2026-04-24 20:00:00,12141.02,KEPT,Human
PTP00004248,A000039,2025-11-19 12:00:00,2025-11-26 12:00:00,11237.9,KEPT,AI Voice
PTP00004249,A001798,2025-10-18 14:00:00,2025-11-01 14:00:00,13483.94,KEPT,Human
PTP00004250,A000774,2026-05-03 16:00:00,2026-05-10 16:00:00,9866.65,KEPT,Field
PTP00004251,A003502,2026-07-20 12:00:00,2026-07-21 12:00:00,6904.99,KEPT,AI Voice
PTP00004252,A001643,2025-12-11 17:00:00,2025-12-18 17:00:00,12809.34,BROKEN,WhatsApp
PTP00004253,A000630,2026-06-27 08:00:00,2026-07-04 08:00:00,9704.81,BROKEN,WhatsApp
PTP00004254,A002096,2026-07-16 14:00:00,2026-07-19 14:00:00,3738.82,BROKEN,Field
PTP00004255,A001796,2026-03-20 13:00:00,2026-03-27 13:00:00,3102.34,PENDING,WhatsApp
PTP00004256,A002437,2026-08-27 18:00:00,2026-09-10 18:00:00,8317.3,PENDING,WhatsApp
PTP00004257,A001853,2026-02-07 10:00:00,2026-02-14 10:00:00,12506.74,KEPT,Field
PTP00004258,A001022,2025-12-05 17:00:00,2025-12-08 17:00:00,9491.75,KEPT,Human
PTP00004259,A003449,2026-08-17 17:00:00,2026-08-31 17:00:00,14005.87,KEPT,Field
PTP00004260,A002229,2026-03-01 18:00:00,2026-03-02 18:00:00,10784.43,BROKEN,AI Voice
PTP00004261,A003148,2026-04-02 08:00:00,2026-04-16 08:00:00,14917.86,KEPT,AI Voice
PTP00004262,A002907,2026-05-19 09:00:00,2026-05-20 09:00:00,4859.07,PENDING,AI Voice
PTP00004263,A003230,2026-03-11 09:00:00,2026-03-25 09:00:00,14101.9,KEPT,WhatsApp
PTP00004264,A004094,2026-02-02 13:00:00,2026-02-09 13:00:00,7545.66,KEPT,WhatsApp
PTP00004265,A003084,2025-10-03 12:00:00,2025-10-17 12:00:00,5475.4,KEPT,WhatsApp
PTP00004266,A001535,2025-09-16 10:00:00,2025-09-23 10:00:00,8971.97,BROKEN,Human
PTP00004267,A004086,2026-03-19 18:00:00,2026-03-26 18:00:00,6734.15,BROKEN,WhatsApp
PTP00004268,A001471,2025-12-02 10:00:00,2025-12-05 10:00:00,2096.09,BROKEN,WhatsApp
PTP00004269,A001542,2026-05-07 15:00:00,2026-05-14 15:00:00,5081.01,BROKEN,Field
PTP00004270,A003170,2026-02-27 19:00:00,2026-03-06 19:00:00,9320.98,BROKEN,AI Voice
PTP00004271,A002765,2026-08-16 20:00:00,2026-08-30 20:00:00,12567.67,KEPT,Field
PTP00004272,A001169,2026-05-04 20:00:00,2026-05-05 20:00:00,7444.23,KEPT,Field
PTP00004273,A002030,2026-08-18 20:00:00,2026-08-25 20:00:00,13318.26,KEPT,Field
PTP00004274,A002602,2026-08-08 11:00:00,2026-08-22 11:00:00,6139.34,KEPT,AI Voice
PTP00004275,A003949,2026-06-25 16:00:00,2026-07-09 16:00:00,10360.28,KEPT,AI Voice
PTP00004276,A002014,2026-03-08 12:00:00,2026-03-15 12:00:00,4696.11,KEPT,AI Voice
PTP00004277,A003960,2026-05-18 20:00:00,2026-05-21 20:00:00,7176.94,KEPT,WhatsApp
PTP00004278,A004092,2025-12-04 16:00:00,2025-12-05 16:00:00,13762.27,KEPT,Human
PTP00004279,A000629,2026-02-18 08:00:00,2026-02-19 08:00:00,6053.14,KEPT,AI Voice
PTP00004280,A001784,2026-03-04 10:00:00,2026-03-11 10:00:00,8333.35,BROKEN,AI Voice
PTP00004281,A001707,2026-05-09 11:00:00,2026-05-23 11:00:00,9059.18,BROKEN,Human
PTP00004282,A001453,2026-01-24 16:00:00,2026-01-31 16:00:00,13253.04,BROKEN,AI Voice
PTP00004283,A000013,2025-10-26 10:00:00,2025-11-02 10:00:00,14165.3,PENDING,AI Voice
PTP00004284,A003351,2025-09-18 12:00:00,2025-09-21 12:00:00,2440.08,BROKEN,Field
PTP00004285,A003839,2026-08-11 09:00:00,2026-08-25 09:00:00,4431.87,KEPT,WhatsApp
PTP00004286,A003141,2025-12-04 11:00:00,2025-12-07 11:00:00,13392.73,BROKEN,Field
PTP00004287,A000817,2025-11-06 11:00:00,2025-11-09 11:00:00,9858.05,KEPT,AI Voice
PTP00004288,A003769,2025-11-12 19:00:00,2025-11-19 19:00:00,6060.29,KEPT,Field
PTP00004289,A003875,2026-08-25 11:00:00,2026-09-01 11:00:00,2228.11,KEPT,WhatsApp
PTP00004290,A001648,2025-09-14 15:00:00,2025-09-17 15:00:00,10529.1,KEPT,WhatsApp
PTP00004291,A000706,2025-09-10 10:00:00,2025-09-24 10:00:00,9721.22,BROKEN,WhatsApp
PTP00004292,A000945,2025-12-22 18:00:00,2025-12-23 18:00:00,4173.58,BROKEN,Field
PTP00004293,A002636,2026-03-18 12:00:00,2026-04-01 12:00:00,4118.78,PENDING,Field
PTP00004294,A000291,2026-04-13 16:00:00,2026-04-16 16:00:00,8765.41,BROKEN,WhatsApp
PTP00004295,A000506,2025-09-07 10:00:00,2025-09-10 10:00:00,11130.82,BROKEN,AI Voice
PTP00004296,A000024,2026-08-04 12:00:00,2026-08-07 12:00:00,10346.17,BROKEN,AI Voice
PTP00004297,A000833,2026-04-07 20:00:00,2026-04-10 20:00:00,10977.85,PENDING,WhatsApp
PTP00004298,A003327,2026-07-07 20:00:00,2026-07-08 20:00:00,4272.91,KEPT,Field
PTP00004299,A003539,2025-10-16 13:00:00,2025-10-23 13:00:00,11927.65,BROKEN,Field
PTP00004300,A002876,2025-11-25 18:00:00,2025-12-09 18:00:00,14211.13,KEPT,Field
PTP00004301,A001269,2026-01-02 19:00:00,2026-01-16 19:00:00,10243.86,BROKEN,AI Voice
PTP00004302,A001972,2026-01-05 15:00:00,2026-01-12 15:00:00,5141.49,KEPT,Field
PTP00004303,A000656,2026-01-02 10:00:00,2026-01-03 10:00:00,7969.97,BROKEN,WhatsApp
PTP00004304,A000462,2026-02-23 16:00:00,2026-03-02 16:00:00,12832.23,BROKEN,Field
PTP00004305,A002848,2026-05-24 16:00:00,2026-06-07 16:00:00,13476.04,PENDING,AI Voice
PTP00004306,A001465,2026-06-12 09:00:00,2026-06-15 09:00:00,13898.02,BROKEN,Field
PTP00004307,A000153,2026-04-16 13:00:00,2026-04-19 13:00:00,12971.77,KEPT,AI Voice
PTP00004308,A000323,2026-02-12 18:00:00,2026-02-26 18:00:00,4185.81,PENDING,WhatsApp
PTP00004309,A000307,2025-11-12 19:00:00,2025-11-26 19:00:00,11841.9,BROKEN,WhatsApp
PTP00004310,A003770,2025-09-24 16:00:00,2025-10-01 16:00:00,11396.25,KEPT,Human
PTP00004311,A001722,2026-03-03 10:00:00,2026-03-04 10:00:00,7936.24,PENDING,AI Voice
PTP00004312,A002325,2025-11-24 13:00:00,2025-11-27 13:00:00,11726.6,KEPT,Human
PTP00004313,A000811,2026-02-22 08:00:00,2026-02-25 08:00:00,6676.65,KEPT,Human
PTP00004314,A003532,2026-08-06 17:00:00,2026-08-09 17:00:00,3157.46,KEPT,AI Voice
PTP00004315,A001148,2026-03-27 09:00:00,2026-04-10 09:00:00,3167.96,KEPT,AI Voice
PTP00004316,A003849,2025-10-08 11:00:00,2025-10-15 11:00:00,7400.79,KEPT,Field
PTP00004317,A003419,2025-11-10 12:00:00,2025-11-17 12:00:00,2447.58,KEPT,AI Voice
PTP00004318,A003091,2025-12-21 14:00:00,2026-01-04 14:00:00,12311.08,PENDING,WhatsApp
PTP00004319,A003529,2026-02-11 18:00:00,2026-02-14 18:00:00,8318.96,BROKEN,WhatsApp
PTP00004320,A001771,2026-07-07 09:00:00,2026-07-10 09:00:00,8596.59,PENDING,Human
PTP00004321,A001893,2026-06-12 14:00:00,2026-06-26 14:00:00,5975.23,KEPT,WhatsApp
PTP00004322,A000360,2026-06-03 17:00:00,2026-06-04 17:00:00,2218.69,BROKEN,AI Voice
PTP00004323,A002097,2026-06-26 20:00:00,2026-06-27 20:00:00,3084.65,KEPT,Field
PTP00004324,A000906,2025-09-25 19:00:00,2025-09-26 19:00:00,10617.78,BROKEN,WhatsApp
PTP00004325,A003974,2026-07-05 20:00:00,2026-07-06 20:00:00,9407.77,PENDING,Human
PTP00004326,A001557,2026-03-19 19:00:00,2026-03-20 19:00:00,11863.65,KEPT,AI Voice
PTP00004327,A000582,2025-09-24 13:00:00,2025-10-01 13:00:00,4120.21,BROKEN,Field
PTP00004328,A000631,2025-10-17 17:00:00,2025-10-31 17:00:00,2771.76,KEPT,Field
PTP00004329,A002144,2025-09-25 09:00:00,2025-10-02 09:00:00,3395.35,PENDING,Field
PTP00004330,A001208,2026-04-10 19:00:00,2026-04-17 19:00:00,13896.28,KEPT,AI Voice
PTP00004331,A004178,2026-04-25 13:00:00,2026-04-28 13:00:00,5719.83,BROKEN,AI Voice
PTP00004332,A000448,2026-08-13 19:00:00,2026-08-14 19:00:00,11205.96,PENDING,Field
PTP00004333,A001570,2026-06-21 14:00:00,2026-06-28 14:00:00,7793.77,KEPT,Field
PTP00004334,A003878,2026-07-02 18:00:00,2026-07-09 18:00:00,4154.34,KEPT,Field
PTP00004335,A003226,2026-01-11 09:00:00,2026-01-18 09:00:00,8536.57,KEPT,Human
PTP00004336,A003091,2026-03-15 17:00:00,2026-03-29 17:00:00,6647.97,KEPT,Field
PTP00004337,A003162,2026-01-05 15:00:00,2026-01-19 15:00:00,11152.88,BROKEN,AI Voice
PTP00004338,A000861,2026-03-21 16:00:00,2026-04-04 16:00:00,8036.89,KEPT,Human
PTP00004339,A000916,2026-05-05 20:00:00,2026-05-06 20:00:00,3995.16,BROKEN,WhatsApp
PTP00004340,A001810,2026-06-06 15:00:00,2026-06-09 15:00:00,6360.02,BROKEN,WhatsApp
PTP00004341,A000584,2026-08-11 08:00:00,2026-08-14 08:00:00,6772.79,KEPT,WhatsApp
PTP00004342,A003070,2026-01-13 12:00:00,2026-01-20 12:00:00,10191.59,BROKEN,Field
PTP00004343,A000623,2026-04-25 10:00:00,2026-05-09 10:00:00,6295.05,BROKEN,Field
PTP00004344,A002341,2026-02-24 10:00:00,2026-02-27 10:00:00,5874.26,PENDING,Human
PTP00004345,A001442,2025-10-19 11:00:00,2025-10-22 11:00:00,12077.81,PENDING,Human
PTP00004346,A002906,2026-07-01 16:00:00,2026-07-08 16:00:00,9697.25,PENDING,Human
PTP00004347,A001314,2026-01-05 13:00:00,2026-01-08 13:00:00,7384.98,BROKEN,AI Voice
PTP00004348,A003714,2025-11-19 19:00:00,2025-11-20 19:00:00,14538.03,KEPT,Field
PTP00004349,A002754,2026-02-07 13:00:00,2026-02-14 13:00:00,13105.96,BROKEN,Human
PTP00004350,A001715,2026-06-03 10:00:00,2026-06-17 10:00:00,11223.52,BROKEN,WhatsApp
PTP00004351,A001160,2026-02-24 08:00:00,2026-02-25 08:00:00,4566.71,KEPT,Field
PTP00004352,A003085,2026-06-06 20:00:00,2026-06-13 20:00:00,10224.93,KEPT,WhatsApp
PTP00004353,A000107,2025-10-04 14:00:00,2025-10-05 14:00:00,3320.09,KEPT,WhatsApp
PTP00004354,A003370,2026-04-12 13:00:00,2026-04-13 13:00:00,4467.49,KEPT,WhatsApp
PTP00004355,A000452,2026-01-14 20:00:00,2026-01-17 20:00:00,7058.95,KEPT,Human
PTP00004356,A001927,2026-01-13 11:00:00,2026-01-20 11:00:00,5560.1,KEPT,WhatsApp
PTP00004357,A001932,2026-08-11 16:00:00,2026-08-14 16:00:00,4763.17,PENDING,Field
PTP00004358,A001047,2025-09-15 14:00:00,2025-09-29 14:00:00,13447.37,BROKEN,Field
PTP00004359,A003731,2026-01-26 08:00:00,2026-02-09 08:00:00,10215.02,BROKEN,AI Voice
PTP00004360,A002070,2026-01-17 10:00:00,2026-01-20 10:00:00,13913.33,KEPT,WhatsApp
PTP00004361,A004080,2025-10-26 17:00:00,2025-11-09 17:00:00,14387.07,KEPT,Field
PTP00004362,A000602,2026-07-05 16:00:00,2026-07-08 16:00:00,13406.39,BROKEN,AI Voice
PTP00004363,A002361,2026-01-03 20:00:00,2026-01-04 20:00:00,2003.45,BROKEN,Human
PTP00004364,A003348,2026-04-09 16:00:00,2026-04-23 16:00:00,3464.59,KEPT,Field
PTP00004365,A003524,2025-12-24 18:00:00,2026-01-07 18:00:00,10576.24,BROKEN,Field
PTP00004366,A003171,2026-04-22 09:00:00,2026-04-23 09:00:00,5033.37,KEPT,WhatsApp
PTP00004367,A003294,2025-11-03 09:00:00,2025-11-17 09:00:00,14432.94,KEPT,Human
PTP00004368,A001276,2025-10-02 12:00:00,2025-10-05 12:00:00,7246.98,BROKEN,Field
PTP00004369,A000994,2026-07-04 13:00:00,2026-07-18 13:00:00,11912.28,BROKEN,AI Voice
PTP00004370,A001364,2026-03-12 09:00:00,2026-03-19 09:00:00,4165.37,BROKEN,WhatsApp
PTP00004371,A003350,2025-09-01 11:00:00,2025-09-08 11:00:00,11492.18,KEPT,WhatsApp
PTP00004372,A003663,2026-03-09 10:00:00,2026-03-12 10:00:00,8123.91,KEPT,WhatsApp
PTP00004373,A003372,2026-04-08 15:00:00,2026-04-15 15:00:00,13416.57,PENDING,Field
PTP00004374,A003760,2026-04-27 10:00:00,2026-05-04 10:00:00,5742.41,KEPT,Human
PTP00004375,A002272,2026-06-15 16:00:00,2026-06-16 16:00:00,11907.1,KEPT,AI Voice
PTP00004376,A002335,2025-09-08 16:00:00,2025-09-11 16:00:00,9385.74,PENDING,AI Voice
PTP00004377,A002223,2025-11-11 16:00:00,2025-11-14 16:00:00,9677.77,KEPT,WhatsApp
PTP00004378,A003865,2026-04-08 17:00:00,2026-04-09 17:00:00,5061.8,KEPT,AI Voice
PTP00004379,A002551,2025-12-02 12:00:00,2025-12-09 12:00:00,9438.61,KEPT,Field
PTP00004380,A000601,2026-04-03 18:00:00,2026-04-17 18:00:00,7710.71,BROKEN,WhatsApp
PTP00004381,A002708,2026-07-04 19:00:00,2026-07-07 19:00:00,7363.65,BROKEN,Field
PTP00004382,A002628,2026-07-01 12:00:00,2026-07-02 12:00:00,9153.66,KEPT,Field
PTP00004383,A003557,2026-04-15 14:00:00,2026-04-18 14:00:00,13623.11,BROKEN,WhatsApp
PTP00004384,A000964,2026-07-18 13:00:00,2026-07-19 13:00:00,2279.5,BROKEN,Field
PTP00004385,A000979,2025-10-15 16:00:00,2025-10-22 16:00:00,9536.77,PENDING,WhatsApp
PTP00004386,A003154,2025-10-03 12:00:00,2025-10-04 12:00:00,3181.72,KEPT,AI Voice
PTP00004387,A002304,2025-10-12 19:00:00,2025-10-13 19:00:00,2075.33,PENDING,Field
PTP00004388,A000279,2026-07-26 12:00:00,2026-08-09 12:00:00,5004.92,BROKEN,Field
PTP00004389,A000545,2025-10-05 08:00:00,2025-10-08 08:00:00,10630.75,PENDING,AI Voice
PTP00004390,A001062,2025-10-07 20:00:00,2025-10-10 20:00:00,2928.0,KEPT,Field
PTP00004391,A001231,2026-05-18 16:00:00,2026-06-01 16:00:00,5425.42,BROKEN,AI Voice
PTP00004392,A001320,2025-12-27 19:00:00,2026-01-03 19:00:00,11438.18,KEPT,Human
PTP00004393,A000174,2026-05-25 09:00:00,2026-05-28 09:00:00,11039.13,BROKEN,AI Voice
PTP00004394,A003552,2025-09-18 13:00:00,2025-09-19 13:00:00,2644.05,KEPT,Human
PTP00004395,A000956,2026-01-18 08:00:00,2026-01-19 08:00:00,2259.78,KEPT,AI Voice
PTP00004396,A004009,2025-10-01 15:00:00,2025-10-15 15:00:00,5896.37,KEPT,AI Voice
PTP00004397,A000503,2026-05-14 16:00:00,2026-05-21 16:00:00,7562.73,BROKEN,Field
PTP00004398,A003297,2026-06-26 11:00:00,2026-07-10 11:00:00,6225.55,KEPT,Human
PTP00004399,A001719,2026-02-06 12:00:00,2026-02-09 12:00:00,11847.37,KEPT,Human
PTP00004400,A002452,2026-06-22 18:00:00,2026-06-23 18:00:00,3713.39,BROKEN,WhatsApp
PTP00004401,A000961,2026-01-01 20:00:00,2026-01-04 20:00:00,8656.48,KEPT,WhatsApp
PTP00004402,A003489,2026-03-05 17:00:00,2026-03-08 17:00:00,13431.58,BROKEN,WhatsApp
PTP00004403,A002313,2026-06-22 11:00:00,2026-06-25 11:00:00,9346.84,KEPT,Field
PTP00004404,A002686,2026-03-19 12:00:00,2026-03-26 12:00:00,4022.9,KEPT,Human
PTP00004405,A003711,2026-06-19 13:00:00,2026-07-03 13:00:00,7990.72,KEPT,Field
PTP00004406,A003275,2025-11-26 17:00:00,2025-11-29 17:00:00,11637.82,KEPT,Field
PTP00004407,A000137,2025-10-07 18:00:00,2025-10-21 18:00:00,14139.96,KEPT,WhatsApp
PTP00004408,A003642,2025-11-22 09:00:00,2025-12-06 09:00:00,4866.55,BROKEN,Field
PTP00004409,A003945,2026-07-21 16:00:00,2026-08-04 16:00:00,3468.3,BROKEN,Field
PTP00004410,A000321,2026-08-14 20:00:00,2026-08-15 20:00:00,4113.27,KEPT,Human
PTP00004411,A001642,2026-06-18 15:00:00,2026-07-02 15:00:00,5722.65,KEPT,Human
PTP00004412,A004116,2026-02-13 20:00:00,2026-02-14 20:00:00,4129.05,KEPT,WhatsApp
PTP00004413,A004000,2025-10-23 10:00:00,2025-10-24 10:00:00,9448.96,BROKEN,WhatsApp
PTP00004414,A000446,2025-10-22 18:00:00,2025-10-29 18:00:00,14711.26,BROKEN,Human
PTP00004415,A002036,2026-01-09 10:00:00,2026-01-10 10:00:00,3317.34,KEPT,Human
PTP00004416,A004188,2025-10-07 17:00:00,2025-10-10 17:00:00,11605.39,KEPT,AI Voice
PTP00004417,A001684,2026-07-24 17:00:00,2026-07-25 17:00:00,2446.68,PENDING,WhatsApp
PTP00004418,A000739,2025-10-18 11:00:00,2025-10-25 11:00:00,11121.14,KEPT,Field
PTP00004419,A001803,2025-10-09 16:00:00,2025-10-16 16:00:00,8262.45,PENDING,WhatsApp
PTP00004420,A003135,2026-01-24 19:00:00,2026-01-27 19:00:00,4563.2,KEPT,WhatsApp
PTP00004421,A001328,2026-08-15 19:00:00,2026-08-18 19:00:00,4935.86,KEPT,Field
PTP00004422,A004176,2026-07-18 12:00:00,2026-07-25 12:00:00,3358.0,BROKEN,Field
PTP00004423,A003224,2026-07-05 18:00:00,2026-07-08 18:00:00,6284.08,BROKEN,Field
PTP00004424,A000059,2026-02-08 20:00:00,2026-02-22 20:00:00,12080.62,KEPT,AI Voice
PTP00004425,A002939,2026-07-18 18:00:00,2026-07-21 18:00:00,8907.97,KEPT,WhatsApp
PTP00004426,A000688,2026-07-14 16:00:00,2026-07-15 16:00:00,6402.3,BROKEN,AI Voice
PTP00004427,A003793,2026-01-17 20:00:00,2026-01-31 20:00:00,3855.8,BROKEN,WhatsApp
PTP00004428,A003373,2026-05-04 19:00:00,2026-05-18 19:00:00,13618.47,BROKEN,Human
PTP00004429,A001859,2026-07-16 19:00:00,2026-07-19 19:00:00,11245.22,BROKEN,Field
PTP00004430,A003469,2026-04-02 09:00:00,2026-04-16 09:00:00,14257.22,KEPT,Human
PTP00004431,A000710,2025-11-11 09:00:00,2025-11-18 09:00:00,10813.76,BROKEN,WhatsApp
PTP00004432,A000940,2025-10-16 10:00:00,2025-10-30 10:00:00,9564.43,PENDING,Field
PTP00004433,A001401,2026-04-14 19:00:00,2026-04-21 19:00:00,6427.68,KEPT,Human
PTP00004434,A004168,2026-06-04 19:00:00,2026-06-05 19:00:00,14313.51,BROKEN,Field
PTP00004435,A002248,2026-07-15 20:00:00,2026-07-16 20:00:00,3203.16,BROKEN,Field
PTP00004436,A001292,2025-11-21 18:00:00,2025-11-24 18:00:00,7654.27,KEPT,Human
PTP00004437,A004113,2026-07-26 15:00:00,2026-07-29 15:00:00,7414.57,KEPT,Field
PTP00004438,A001977,2025-10-22 10:00:00,2025-10-23 10:00:00,3494.19,KEPT,AI Voice
PTP00004439,A002599,2026-04-23 13:00:00,2026-04-24 13:00:00,5199.24,KEPT,WhatsApp
PTP00004440,A000925,2026-05-24 17:00:00,2026-05-25 17:00:00,13050.03,KEPT,WhatsApp
PTP00004441,A001195,2026-02-01 09:00:00,2026-02-15 09:00:00,4269.7,BROKEN,AI Voice
PTP00004442,A001610,2025-10-04 20:00:00,2025-10-05 20:00:00,11475.28,PENDING,AI Voice
PTP00004443,A001798,2026-04-22 11:00:00,2026-04-23 11:00:00,8672.48,KEPT,WhatsApp
PTP00004444,A003559,2025-12-04 14:00:00,2025-12-18 14:00:00,4013.93,BROKEN,WhatsApp
PTP00004445,A003318,2026-07-17 12:00:00,2026-07-18 12:00:00,13107.91,PENDING,Field
PTP00004446,A002838,2026-02-01 20:00:00,2026-02-02 20:00:00,12369.02,KEPT,Field
PTP00004447,A002349,2026-04-24 19:00:00,2026-05-01 19:00:00,9654.92,BROKEN,WhatsApp
PTP00004448,A000309,2026-08-13 13:00:00,2026-08-16 13:00:00,3181.56,BROKEN,AI Voice
PTP00004449,A002920,2025-11-14 16:00:00,2025-11-21 16:00:00,2671.5,BROKEN,Human
PTP00004450,A003298,2025-10-21 11:00:00,2025-10-28 11:00:00,5437.39,KEPT,Human
PTP00004451,A002954,2026-04-09 13:00:00,2026-04-16 13:00:00,4639.65,KEPT,AI Voice
PTP00004452,A000063,2025-11-25 18:00:00,2025-11-26 18:00:00,11883.42,BROKEN,WhatsApp
PTP00004453,A001097,2026-05-13 16:00:00,2026-05-14 16:00:00,3472.6,BROKEN,Field
PTP00004454,A004188,2026-02-03 14:00:00,2026-02-04 14:00:00,12767.04,PENDING,Human
PTP00004455,A002997,2025-10-18 19:00:00,2025-10-21 19:00:00,8173.73,KEPT,AI Voice
PTP00004456,A001475,2026-07-02 10:00:00,2026-07-03 10:00:00,3689.9,BROKEN,Human
PTP00004457,A000960,2026-02-23 19:00:00,2026-02-24 19:00:00,11982.13,KEPT,Human
PTP00004458,A000257,2026-08-13 14:00:00,2026-08-16 14:00:00,3663.64,KEPT,Field
PTP00004459,A003127,2026-02-08 18:00:00,2026-02-11 18:00:00,10239.36,BROKEN,Field
PTP00004460,A001872,2026-03-19 11:00:00,2026-03-20 11:00:00,14584.77,BROKEN,Field
PTP00004461,A002657,2025-09-09 19:00:00,2025-09-10 19:00:00,5962.2,KEPT,AI Voice
PTP00004462,A000600,2026-01-12 17:00:00,2026-01-26 17:00:00,2289.0,BROKEN,Human
PTP00004463,A001385,2026-02-05 19:00:00,2026-02-19 19:00:00,2776.1,PENDING,Human
PTP00004464,A000042,2025-09-22 15:00:00,2025-09-29 15:00:00,3888.62,BROKEN,Human
PTP00004465,A003535,2026-01-02 12:00:00,2026-01-03 12:00:00,7096.49,BROKEN,AI Voice
PTP00004466,A000091,2026-06-01 17:00:00,2026-06-08 17:00:00,6732.17,KEPT,AI Voice
PTP00004467,A000255,2026-02-21 08:00:00,2026-02-24 08:00:00,6457.0,BROKEN,AI Voice
PTP00004468,A002299,2025-09-08 11:00:00,2025-09-11 11:00:00,13240.8,KEPT,WhatsApp
PTP00004469,A003806,2026-08-21 17:00:00,2026-09-04 17:00:00,10307.56,BROKEN,Field
PTP00004470,A002869,2026-06-21 11:00:00,2026-06-24 11:00:00,5010.16,PENDING,Field
PTP00004471,A002993,2025-12-26 12:00:00,2025-12-27 12:00:00,14845.29,KEPT,WhatsApp
PTP00004472,A001929,2025-09-25 13:00:00,2025-09-26 13:00:00,12600.46,BROKEN,AI Voice
PTP00004473,A000468,2026-04-17 14:00:00,2026-05-01 14:00:00,3288.36,BROKEN,AI Voice
PTP00004474,A002376,2026-06-08 17:00:00,2026-06-15 17:00:00,3928.34,KEPT,Field
PTP00004475,A003952,2026-02-18 20:00:00,2026-02-21 20:00:00,13055.24,PENDING,Field
PTP00004476,A003234,2025-11-21 14:00:00,2025-11-24 14:00:00,11560.93,KEPT,Field
PTP00004477,A002313,2025-10-25 09:00:00,2025-10-26 09:00:00,14084.17,BROKEN,WhatsApp
PTP00004478,A002815,2025-11-23 09:00:00,2025-12-07 09:00:00,10519.53,KEPT,WhatsApp
PTP00004479,A000283,2026-05-18 17:00:00,2026-06-01 17:00:00,5117.55,KEPT,WhatsApp
PTP00004480,A003108,2026-04-26 08:00:00,2026-04-29 08:00:00,3582.09,KEPT,Human
PTP00004481,A000512,2026-02-16 18:00:00,2026-02-19 18:00:00,13011.85,BROKEN,Human
PTP00004482,A001979,2026-02-01 16:00:00,2026-02-04 16:00:00,6787.3,BROKEN,WhatsApp
PTP00004483,A003423,2026-06-14 09:00:00,2026-06-28 09:00:00,10863.24,KEPT,AI Voice
PTP00004484,A003425,2025-11-15 14:00:00,2025-11-22 14:00:00,3583.7,KEPT,AI Voice
PTP00004485,A004039,2026-04-08 10:00:00,2026-04-09 10:00:00,14488.89,BROKEN,Human
PTP00004486,A001367,2026-03-09 09:00:00,2026-03-12 09:00:00,4088.65,KEPT,AI Voice
PTP00004487,A000277,2025-12-08 14:00:00,2025-12-11 14:00:00,9954.39,KEPT,Field
PTP00004488,A003286,2026-05-24 17:00:00,2026-05-25 17:00:00,11913.5,KEPT,Field
PTP00004489,A000319,2026-08-26 09:00:00,2026-09-02 09:00:00,8377.81,KEPT,AI Voice
PTP00004490,A002376,2026-05-27 08:00:00,2026-06-03 08:00:00,7820.47,KEPT,AI Voice
PTP00004491,A003701,2025-12-12 15:00:00,2025-12-26 15:00:00,2915.93,BROKEN,WhatsApp
PTP00004492,A002237,2026-06-01 20:00:00,2026-06-08 20:00:00,4627.35,BROKEN,Human
PTP00004493,A001899,2026-04-27 19:00:00,2026-04-28 19:00:00,6371.98,BROKEN,Field
PTP00004494,A002370,2026-03-18 19:00:00,2026-03-25 19:00:00,7851.9,KEPT,AI Voice
PTP00004495,A002765,2026-02-25 16:00:00,2026-03-04 16:00:00,9708.93,KEPT,Field
PTP00004496,A000336,2026-04-10 17:00:00,2026-04-13 17:00:00,4540.8,KEPT,AI Voice
PTP00004497,A003521,2026-02-25 08:00:00,2026-03-04 08:00:00,3536.76,PENDING,Field
PTP00004498,A002422,2026-03-01 10:00:00,2026-03-04 10:00:00,9237.99,BROKEN,WhatsApp
PTP00004499,A002755,2026-03-25 20:00:00,2026-03-26 20:00:00,8660.51,BROKEN,Human
PTP00004500,A003937,2026-03-06 10:00:00,2026-03-20 10:00:00,5786.91,BROKEN,Human
PTP00004501,A003666,2026-06-10 19:00:00,2026-06-17 19:00:00,6915.22,BROKEN,Human
PTP00004502,A000655,2026-05-06 18:00:00,2026-05-20 18:00:00,14106.75,KEPT,Human
PTP00004503,A002889,2026-06-10 20:00:00,2026-06-17 20:00:00,13450.86,BROKEN,Field
PTP00004504,A003845,2026-03-15 12:00:00,2026-03-18 12:00:00,9720.33,KEPT,WhatsApp
PTP00004505,A003708,2026-06-01 20:00:00,2026-06-08 20:00:00,3665.27,PENDING,WhatsApp
PTP00004506,A004010,2025-11-12 13:00:00,2025-11-13 13:00:00,3252.3,KEPT,Field
PTP00004507,A001042,2026-04-14 12:00:00,2026-04-28 12:00:00,3617.57,PENDING,AI Voice
PTP00004508,A000013,2025-11-20 19:00:00,2025-11-27 19:00:00,8892.77,BROKEN,AI Voice
PTP00004509,A003789,2025-09-15 16:00:00,2025-09-18 16:00:00,4176.3,PENDING,WhatsApp
PTP00004510,A003059,2026-04-03 16:00:00,2026-04-10 16:00:00,10137.59,BROKEN,WhatsApp
PTP00004511,A001057,2026-08-21 14:00:00,2026-09-04 14:00:00,2310.71,KEPT,Human
PTP00004512,A002568,2026-04-27 11:00:00,2026-05-04 11:00:00,11965.34,KEPT,AI Voice
PTP00004513,A003390,2026-07-23 09:00:00,2026-07-24 09:00:00,14326.22,KEPT,WhatsApp
PTP00004514,A001424,2026-05-06 17:00:00,2026-05-09 17:00:00,9036.84,KEPT,WhatsApp
PTP00004515,A003315,2026-03-02 11:00:00,2026-03-05 11:00:00,8974.85,KEPT,AI Voice
PTP00004516,A003970,2026-03-25 08:00:00,2026-04-01 08:00:00,10938.24,BROKEN,AI Voice
PTP00004517,A000549,2026-02-21 11:00:00,2026-02-22 11:00:00,11833.53,KEPT,Field
PTP00004518,A002040,2026-07-18 09:00:00,2026-08-01 09:00:00,11441.51,KEPT,WhatsApp
PTP00004519,A003628,2026-04-10 16:00:00,2026-04-24 16:00:00,4721.62,KEPT,WhatsApp
PTP00004520,A004092,2026-06-08 15:00:00,2026-06-09 15:00:00,13333.94,PENDING,WhatsApp
PTP00004521,A002882,2026-06-15 20:00:00,2026-06-18 20:00:00,12234.53,KEPT,Field
PTP00004522,A000362,2025-12-10 20:00:00,2025-12-24 20:00:00,2966.08,KEPT,AI Voice
PTP00004523,A001004,2025-10-25 16:00:00,2025-10-28 16:00:00,4800.3,KEPT,WhatsApp
PTP00004524,A003292,2025-11-14 18:00:00,2025-11-21 18:00:00,13614.55,BROKEN,Field
PTP00004525,A002295,2026-05-11 17:00:00,2026-05-14 17:00:00,10429.78,BROKEN,Field
PTP00004526,A002399,2026-02-14 20:00:00,2026-02-28 20:00:00,2739.89,KEPT,WhatsApp
PTP00004527,A000483,2026-08-08 19:00:00,2026-08-22 19:00:00,2277.8,BROKEN,Field
PTP00004528,A000191,2026-05-20 09:00:00,2026-06-03 09:00:00,4997.77,KEPT,AI Voice
PTP00004529,A003601,2026-04-11 17:00:00,2026-04-25 17:00:00,9633.09,KEPT,Human
PTP00004530,A002315,2026-07-19 11:00:00,2026-07-20 11:00:00,10590.06,KEPT,Field
PTP00004531,A003700,2026-05-14 17:00:00,2026-05-28 17:00:00,5494.62,KEPT,Human
PTP00004532,A002148,2026-03-03 12:00:00,2026-03-10 12:00:00,12485.16,KEPT,AI Voice
PTP00004533,A000861,2025-09-26 17:00:00,2025-09-29 17:00:00,4167.85,BROKEN,AI Voice
PTP00004534,A001304,2025-12-17 18:00:00,2025-12-24 18:00:00,3598.36,KEPT,WhatsApp
PTP00004535,A003330,2025-09-10 17:00:00,2025-09-17 17:00:00,13154.48,BROKEN,Field
PTP00004536,A003489,2025-09-20 12:00:00,2025-09-27 12:00:00,13388.03,KEPT,AI Voice
PTP00004537,A002295,2026-07-18 19:00:00,2026-07-25 19:00:00,14516.11,KEPT,Human
PTP00004538,A002217,2026-07-20 13:00:00,2026-07-27 13:00:00,8834.97,KEPT,WhatsApp
PTP00004539,A002501,2025-11-20 08:00:00,2025-11-23 08:00:00,10044.43,BROKEN,AI Voice
PTP00004540,A001267,2026-06-01 10:00:00,2026-06-04 10:00:00,5463.01,KEPT,Field
PTP00004541,A001970,2026-07-25 18:00:00,2026-08-01 18:00:00,3073.03,PENDING,Human
PTP00004542,A000234,2026-03-18 12:00:00,2026-03-21 12:00:00,14678.86,KEPT,Human
PTP00004543,A003773,2026-07-11 19:00:00,2026-07-25 19:00:00,4026.57,BROKEN,WhatsApp
PTP00004544,A000929,2026-04-07 11:00:00,2026-04-10 11:00:00,5893.3,PENDING,Field
PTP00004545,A000659,2026-05-16 14:00:00,2026-05-19 14:00:00,8481.73,BROKEN,Human
PTP00004546,A002590,2025-10-16 09:00:00,2025-10-19 09:00:00,2276.03,BROKEN,WhatsApp
PTP00004547,A004038,2026-01-14 08:00:00,2026-01-17 08:00:00,13070.84,KEPT,Human
PTP00004548,A002219,2026-03-23 14:00:00,2026-03-26 14:00:00,7330.68,PENDING,Human
PTP00004549,A001481,2026-06-15 19:00:00,2026-06-29 19:00:00,2862.72,BROKEN,WhatsApp
PTP00004550,A000200,2025-12-12 09:00:00,2025-12-26 09:00:00,2554.52,PENDING,AI Voice
PTP00004551,A001090,2025-10-22 20:00:00,2025-10-29 20:00:00,12887.17,KEPT,Human
PTP00004552,A001990,2026-06-20 13:00:00,2026-06-23 13:00:00,9024.58,KEPT,Field
PTP00004553,A000427,2025-11-14 08:00:00,2025-11-17 08:00:00,3234.66,KEPT,WhatsApp
PTP00004554,A000082,2026-03-17 13:00:00,2026-03-24 13:00:00,8741.16,KEPT,WhatsApp
PTP00004555,A002868,2026-05-09 09:00:00,2026-05-16 09:00:00,11844.77,KEPT,Human
PTP00004556,A004032,2026-07-17 10:00:00,2026-07-24 10:00:00,6259.05,KEPT,Human
PTP00004557,A002449,2026-04-18 18:00:00,2026-04-19 18:00:00,5136.78,KEPT,Human
PTP00004558,A003499,2026-05-11 14:00:00,2026-05-12 14:00:00,11548.21,BROKEN,WhatsApp
PTP00004559,A000354,2025-10-20 09:00:00,2025-11-03 09:00:00,4011.52,BROKEN,Field
PTP00004560,A003312,2025-11-11 17:00:00,2025-11-25 17:00:00,12665.13,KEPT,Human
PTP00004561,A000157,2025-09-14 12:00:00,2025-09-21 12:00:00,6342.34,PENDING,AI Voice
PTP00004562,A001633,2026-03-15 11:00:00,2026-03-16 11:00:00,11023.72,BROKEN,Field
PTP00004563,A000075,2025-11-09 17:00:00,2025-11-12 17:00:00,10096.46,BROKEN,Human
PTP00004564,A002977,2025-11-24 09:00:00,2025-11-25 09:00:00,13681.48,KEPT,Human
PTP00004565,A001582,2026-07-26 09:00:00,2026-07-27 09:00:00,2889.03,PENDING,Field
PTP00004566,A000938,2026-06-27 14:00:00,2026-06-28 14:00:00,7773.44,BROKEN,Field
PTP00004567,A000528,2026-06-24 12:00:00,2026-07-01 12:00:00,13590.01,KEPT,WhatsApp
PTP00004568,A001932,2025-12-15 16:00:00,2025-12-22 16:00:00,14129.75,BROKEN,Human
PTP00004569,A002612,2025-10-12 08:00:00,2025-10-15 08:00:00,6277.56,KEPT,WhatsApp
PTP00004570,A002353,2026-04-24 18:00:00,2026-04-27 18:00:00,14307.07,KEPT,AI Voice
PTP00004571,A000975,2026-03-15 08:00:00,2026-03-18 08:00:00,4433.25,KEPT,WhatsApp
PTP00004572,A002211,2026-04-05 08:00:00,2026-04-06 08:00:00,5431.56,PENDING,Human
PTP00004573,A000107,2025-10-21 09:00:00,2025-10-22 09:00:00,8350.92,KEPT,Field
PTP00004574,A003840,2025-10-03 19:00:00,2025-10-04 19:00:00,3159.15,BROKEN,Field
PTP00004575,A001004,2026-02-05 12:00:00,2026-02-08 12:00:00,6783.88,KEPT,AI Voice
PTP00004576,A000346,2025-09-14 08:00:00,2025-09-17 08:00:00,4233.58,BROKEN,Field
PTP00004577,A003633,2026-01-24 14:00:00,2026-02-07 14:00:00,14915.76,BROKEN,AI Voice
PTP00004578,A003104,2026-08-22 11:00:00,2026-08-29 11:00:00,5810.74,KEPT,Human
PTP00004579,A000947,2025-12-10 16:00:00,2025-12-24 16:00:00,6128.48,KEPT,AI Voice
PTP00004580,A001738,2026-04-19 11:00:00,2026-04-22 11:00:00,10286.73,KEPT,WhatsApp
PTP00004581,A000384,2025-12-26 20:00:00,2025-12-27 20:00:00,4034.77,KEPT,Human
PTP00004582,A002187,2026-07-14 20:00:00,2026-07-28 20:00:00,3515.58,BROKEN,Human
PTP00004583,A002684,2026-05-17 08:00:00,2026-05-24 08:00:00,3780.14,KEPT,AI Voice
PTP00004584,A001469,2025-10-26 15:00:00,2025-10-27 15:00:00,12359.77,BROKEN,AI Voice
PTP00004585,A001887,2025-10-19 20:00:00,2025-11-02 20:00:00,4818.04,KEPT,Field
PTP00004586,A002497,2026-05-26 11:00:00,2026-06-09 11:00:00,11559.44,KEPT,WhatsApp
PTP00004587,A000852,2026-08-18 19:00:00,2026-09-01 19:00:00,4724.8,KEPT,Human
PTP00004588,A001698,2026-02-26 08:00:00,2026-03-01 08:00:00,6661.9,KEPT,Field
PTP00004589,A000507,2026-06-10 08:00:00,2026-06-13 08:00:00,2807.64,KEPT,AI Voice
PTP00004590,A002593,2026-03-08 15:00:00,2026-03-09 15:00:00,14505.97,BROKEN,Human
PTP00004591,A002782,2026-03-04 13:00:00,2026-03-18 13:00:00,10564.54,BROKEN,Field
PTP00004592,A002270,2026-01-18 11:00:00,2026-02-01 11:00:00,10495.37,KEPT,Field
PTP00004593,A000219,2026-01-20 10:00:00,2026-01-27 10:00:00,10072.28,KEPT,Human
PTP00004594,A002791,2026-05-13 19:00:00,2026-05-14 19:00:00,9822.28,KEPT,Field
PTP00004595,A004163,2026-06-13 16:00:00,2026-06-16 16:00:00,6282.94,PENDING,WhatsApp
PTP00004596,A002753,2025-09-02 13:00:00,2025-09-05 13:00:00,13070.01,BROKEN,Human
PTP00004597,A002111,2026-07-17 11:00:00,2026-07-31 11:00:00,3541.18,KEPT,Field
PTP00004598,A003659,2026-03-17 18:00:00,2026-03-18 18:00:00,11927.9,BROKEN,WhatsApp
PTP00004599,A000429,2025-11-03 12:00:00,2025-11-04 12:00:00,10196.5,KEPT,Field
PTP00004600,A004103,2025-09-08 15:00:00,2025-09-15 15:00:00,4492.34,PENDING,AI Voice
PTP00004601,A000817,2026-06-19 17:00:00,2026-06-22 17:00:00,9884.8,BROKEN,Human
PTP00004602,A000899,2025-12-01 19:00:00,2025-12-02 19:00:00,7572.62,PENDING,AI Voice
PTP00004603,A000081,2026-08-19 11:00:00,2026-08-22 11:00:00,8462.04,PENDING,Field
PTP00004604,A002086,2026-01-26 16:00:00,2026-01-29 16:00:00,6174.59,KEPT,AI Voice
PTP00004605,A001088,2026-04-07 18:00:00,2026-04-08 18:00:00,6119.03,BROKEN,WhatsApp
PTP00004606,A000261,2026-08-02 16:00:00,2026-08-16 16:00:00,4471.42,KEPT,AI Voice
PTP00004607,A001292,2025-11-22 10:00:00,2025-11-29 10:00:00,3881.6,KEPT,AI Voice
PTP00004608,A003134,2026-07-21 13:00:00,2026-07-24 13:00:00,4325.33,KEPT,Human
PTP00004609,A000566,2026-02-22 17:00:00,2026-03-01 17:00:00,6535.88,BROKEN,Human
PTP00004610,A001279,2026-02-12 15:00:00,2026-02-13 15:00:00,8215.42,KEPT,Field
PTP00004611,A002670,2025-12-08 20:00:00,2025-12-09 20:00:00,11456.13,KEPT,WhatsApp
PTP00004612,A003167,2026-01-18 08:00:00,2026-01-21 08:00:00,6994.03,KEPT,Field
PTP00004613,A003153,2026-03-03 20:00:00,2026-03-17 20:00:00,7785.88,BROKEN,Field
PTP00004614,A001859,2026-06-06 17:00:00,2026-06-13 17:00:00,6506.8,KEPT,WhatsApp
PTP00004615,A000181,2026-01-26 13:00:00,2026-02-09 13:00:00,3528.54,PENDING,AI Voice
PTP00004616,A000887,2026-06-13 09:00:00,2026-06-20 09:00:00,13548.79,KEPT,WhatsApp
PTP00004617,A001721,2026-02-10 10:00:00,2026-02-17 10:00:00,6430.26,KEPT,WhatsApp
PTP00004618,A002300,2026-05-09 08:00:00,2026-05-16 08:00:00,5412.67,KEPT,WhatsApp
PTP00004619,A000477,2026-01-22 14:00:00,2026-01-25 14:00:00,3105.14,KEPT,WhatsApp
PTP00004620,A002816,2026-05-02 09:00:00,2026-05-05 09:00:00,10612.66,KEPT,AI Voice
PTP00004621,A002536,2026-06-10 16:00:00,2026-06-17 16:00:00,2505.63,PENDING,WhatsApp
PTP00004622,A003282,2026-02-21 14:00:00,2026-02-24 14:00:00,2405.57,KEPT,WhatsApp
PTP00004623,A003023,2025-12-22 12:00:00,2025-12-25 12:00:00,13303.83,KEPT,AI Voice
PTP00004624,A003889,2025-12-10 17:00:00,2025-12-11 17:00:00,7611.56,KEPT,Human
PTP00004625,A003387,2026-08-07 18:00:00,2026-08-10 18:00:00,13745.28,PENDING,WhatsApp
PTP00004626,A000630,2026-05-01 11:00:00,2026-05-04 11:00:00,2976.49,KEPT,AI Voice
PTP00004627,A000082,2026-03-22 19:00:00,2026-03-23 19:00:00,3407.57,PENDING,AI Voice
PTP00004628,A002817,2026-06-03 18:00:00,2026-06-04 18:00:00,4720.16,BROKEN,Human
PTP00004629,A003139,2026-01-22 12:00:00,2026-02-05 12:00:00,13035.06,BROKEN,Human
PTP00004630,A002659,2025-11-14 11:00:00,2025-11-17 11:00:00,2309.28,KEPT,AI Voice
PTP00004631,A004099,2025-12-01 11:00:00,2025-12-08 11:00:00,7310.0,PENDING,AI Voice
PTP00004632,A003718,2025-10-14 19:00:00,2025-10-28 19:00:00,2261.42,KEPT,AI Voice
PTP00004633,A002737,2026-01-02 19:00:00,2026-01-03 19:00:00,6389.05,PENDING,WhatsApp
PTP00004634,A003721,2025-10-11 16:00:00,2025-10-12 16:00:00,7171.98,BROKEN,Human
PTP00004635,A000928,2025-09-04 08:00:00,2025-09-05 08:00:00,8762.18,KEPT,Field
PTP00004636,A004085,2026-07-19 09:00:00,2026-07-20 09:00:00,9351.81,KEPT,Human
PTP00004637,A001461,2026-08-24 18:00:00,2026-08-25 18:00:00,10934.47,PENDING,Field
PTP00004638,A000278,2025-09-17 09:00:00,2025-09-18 09:00:00,3902.25,KEPT,Human
PTP00004639,A001887,2026-06-12 17:00:00,2026-06-26 17:00:00,6340.73,BROKEN,AI Voice
PTP00004640,A003904,2026-03-12 18:00:00,2026-03-26 18:00:00,8115.25,BROKEN,Human
PTP00004641,A001063,2025-12-11 15:00:00,2025-12-14 15:00:00,5918.52,KEPT,Field
PTP00004642,A002769,2025-12-17 11:00:00,2025-12-20 11:00:00,7409.43,KEPT,Field
PTP00004643,A003665,2026-02-18 10:00:00,2026-03-04 10:00:00,6147.97,BROKEN,Field
PTP00004644,A003540,2025-10-04 16:00:00,2025-10-05 16:00:00,14062.18,BROKEN,WhatsApp
PTP00004645,A000250,2026-05-05 11:00:00,2026-05-06 11:00:00,2608.67,KEPT,WhatsApp
PTP00004646,A003567,2026-02-03 13:00:00,2026-02-17 13:00:00,14206.41,KEPT,WhatsApp
PTP00004647,A000500,2025-10-14 11:00:00,2025-10-21 11:00:00,13523.67,PENDING,Field
PTP00004648,A003877,2026-08-27 10:00:00,2026-09-03 10:00:00,5011.43,BROKEN,Human
PTP00004649,A004126,2026-08-06 11:00:00,2026-08-09 11:00:00,12016.85,PENDING,Human
PTP00004650,A002891,2026-04-04 18:00:00,2026-04-05 18:00:00,12088.93,BROKEN,AI Voice
PTP00004651,A003913,2026-08-09 15:00:00,2026-08-23 15:00:00,6928.21,KEPT,AI Voice
PTP00004652,A002744,2026-07-10 19:00:00,2026-07-17 19:00:00,8980.41,KEPT,Field
PTP00004653,A002514,2026-06-16 14:00:00,2026-06-23 14:00:00,10789.22,KEPT,Field
PTP00004654,A001656,2025-11-17 09:00:00,2025-11-24 09:00:00,12000.02,BROKEN,Field
PTP00004655,A001747,2026-04-25 14:00:00,2026-05-09 14:00:00,13176.53,BROKEN,Field
PTP00004656,A003416,2025-11-19 15:00:00,2025-12-03 15:00:00,9330.24,KEPT,Human
PTP00004657,A001167,2025-11-12 17:00:00,2025-11-19 17:00:00,5993.83,PENDING,Human
PTP00004658,A003397,2026-03-20 20:00:00,2026-03-27 20:00:00,4470.94,BROKEN,Field
PTP00004659,A001801,2026-03-23 19:00:00,2026-03-26 19:00:00,2257.04,PENDING,AI Voice
PTP00004660,A003437,2026-07-18 17:00:00,2026-07-21 17:00:00,6391.09,PENDING,Human
PTP00004661,A003823,2026-07-10 13:00:00,2026-07-24 13:00:00,5609.35,KEPT,WhatsApp
PTP00004662,A000107,2026-05-17 19:00:00,2026-05-18 19:00:00,9487.85,KEPT,Human
PTP00004663,A003125,2025-10-09 14:00:00,2025-10-16 14:00:00,11867.93,BROKEN,Human
PTP00004664,A001518,2026-02-26 08:00:00,2026-02-27 08:00:00,2781.49,PENDING,Field
PTP00004665,A002150,2026-06-11 10:00:00,2026-06-18 10:00:00,6118.52,KEPT,Field
PTP00004666,A000755,2026-03-20 17:00:00,2026-03-27 17:00:00,6393.45,BROKEN,Human
PTP00004667,A000481,2026-02-03 20:00:00,2026-02-06 20:00:00,8749.74,PENDING,WhatsApp
PTP00004668,A003715,2026-05-11 10:00:00,2026-05-14 10:00:00,7393.63,KEPT,AI Voice
PTP00004669,A000678,2026-03-09 10:00:00,2026-03-10 10:00:00,6037.67,BROKEN,Field
PTP00004670,A001167,2026-04-05 19:00:00,2026-04-19 19:00:00,4024.38,BROKEN,Human
PTP00004671,A000376,2026-07-13 12:00:00,2026-07-14 12:00:00,9994.23,KEPT,AI Voice
PTP00004672,A000005,2026-06-19 11:00:00,2026-07-03 11:00:00,7492.95,KEPT,Field
PTP00004673,A001603,2025-09-16 14:00:00,2025-09-19 14:00:00,9058.22,KEPT,AI Voice
PTP00004674,A001364,2026-05-16 18:00:00,2026-05-19 18:00:00,5457.83,BROKEN,WhatsApp
PTP00004675,A001466,2026-08-02 16:00:00,2026-08-05 16:00:00,5315.59,KEPT,Field
PTP00004676,A000735,2026-02-27 14:00:00,2026-02-28 14:00:00,3590.41,KEPT,WhatsApp
PTP00004677,A003375,2026-08-21 08:00:00,2026-08-24 08:00:00,5192.25,BROKEN,Human
PTP00004678,A002470,2026-08-17 14:00:00,2026-08-20 14:00:00,12312.05,BROKEN,AI Voice
PTP00004679,A000553,2025-09-23 18:00:00,2025-09-26 18:00:00,2901.53,BROKEN,Human
PTP00004680,A003858,2026-06-21 18:00:00,2026-06-22 18:00:00,3443.62,KEPT,AI Voice
PTP00004681,A001073,2026-08-27 15:00:00,2026-08-30 15:00:00,8126.54,KEPT,Human
PTP00004682,A003933,2026-02-09 10:00:00,2026-02-16 10:00:00,6333.3,KEPT,Human
PTP00004683,A000439,2025-11-24 09:00:00,2025-12-01 09:00:00,13599.2,PENDING,Field
PTP00004684,A000874,2026-02-11 20:00:00,2026-02-12 20:00:00,5878.74,BROKEN,WhatsApp
PTP00004685,A003731,2026-07-08 12:00:00,2026-07-09 12:00:00,6984.2,BROKEN,Human
PTP00004686,A002635,2026-05-12 15:00:00,2026-05-19 15:00:00,7359.02,KEPT,WhatsApp
PTP00004687,A000680,2025-10-15 16:00:00,2025-10-16 16:00:00,12172.53,PENDING,Human
PTP00004688,A000244,2026-02-10 14:00:00,2026-02-24 14:00:00,4010.83,KEPT,WhatsApp
PTP00004689,A003871,2025-09-21 14:00:00,2025-10-05 14:00:00,8795.66,PENDING,WhatsApp
PTP00004690,A003152,2025-09-23 16:00:00,2025-09-26 16:00:00,12812.03,BROKEN,AI Voice
PTP00004691,A003980,2025-12-11 15:00:00,2025-12-14 15:00:00,8088.25,KEPT,Field
PTP00004692,A001779,2026-03-10 15:00:00,2026-03-17 15:00:00,7798.53,BROKEN,AI Voice
PTP00004693,A000834,2025-12-03 20:00:00,2025-12-17 20:00:00,13575.3,KEPT,Human
PTP00004694,A003052,2026-08-05 20:00:00,2026-08-08 20:00:00,6050.09,KEPT,Human
PTP00004695,A000834,2025-12-09 14:00:00,2025-12-12 14:00:00,6602.22,KEPT,WhatsApp
PTP00004696,A003164,2026-08-08 14:00:00,2026-08-09 14:00:00,2001.81,BROKEN,Field
PTP00004697,A001320,2025-09-01 08:00:00,2025-09-15 08:00:00,4903.09,KEPT,AI Voice
PTP00004698,A001748,2026-05-01 16:00:00,2026-05-08 16:00:00,4962.08,KEPT,Human
PTP00004699,A000065,2026-02-14 12:00:00,2026-02-21 12:00:00,4525.71,KEPT,WhatsApp
PTP00004700,A001012,2026-01-23 09:00:00,2026-02-06 09:00:00,3723.06,PENDING,AI Voice
PTP00004701,A001554,2026-06-11 19:00:00,2026-06-14 19:00:00,13675.13,KEPT,WhatsApp
PTP00004702,A002202,2026-03-02 13:00:00,2026-03-09 13:00:00,7057.43,KEPT,AI Voice
PTP00004703,A003576,2026-01-27 16:00:00,2026-02-10 16:00:00,2025.53,PENDING,Field
PTP00004704,A003279,2026-04-09 14:00:00,2026-04-23 14:00:00,8637.53,BROKEN,Field
PTP00004705,A000754,2025-09-26 13:00:00,2025-09-29 13:00:00,6712.25,PENDING,Human
PTP00004706,A003268,2026-02-22 15:00:00,2026-02-25 15:00:00,5606.8,KEPT,WhatsApp
PTP00004707,A003691,2026-03-22 19:00:00,2026-03-25 19:00:00,14675.16,KEPT,AI Voice
PTP00004708,A003948,2025-12-09 20:00:00,2025-12-12 20:00:00,7750.58,BROKEN,AI Voice
PTP00004709,A002895,2025-12-02 08:00:00,2025-12-09 08:00:00,9005.9,KEPT,WhatsApp
PTP00004710,A001207,2026-04-06 11:00:00,2026-04-07 11:00:00,10977.94,KEPT,Human
PTP00004711,A003216,2026-06-25 14:00:00,2026-07-09 14:00:00,5859.92,KEPT,WhatsApp
PTP00004712,A002003,2026-03-23 15:00:00,2026-03-30 15:00:00,5029.52,BROKEN,WhatsApp
PTP00004713,A003700,2026-07-19 17:00:00,2026-08-02 17:00:00,2181.64,PENDING,Human
PTP00004714,A001994,2026-08-08 17:00:00,2026-08-09 17:00:00,7593.0,KEPT,Human
PTP00004715,A003477,2026-04-20 08:00:00,2026-04-21 08:00:00,2570.56,BROKEN,WhatsApp
PTP00004716,A001377,2025-12-12 12:00:00,2025-12-19 12:00:00,2551.64,KEPT,Field
PTP00004717,A000039,2026-03-09 09:00:00,2026-03-12 09:00:00,14801.28,KEPT,AI Voice
PTP00004718,A002435,2026-02-27 09:00:00,2026-02-28 09:00:00,6923.97,BROKEN,AI Voice
PTP00004719,A002024,2026-02-14 09:00:00,2026-02-28 09:00:00,11446.13,KEPT,Field
PTP00004720,A000264,2026-07-05 10:00:00,2026-07-06 10:00:00,13940.52,KEPT,Field
PTP00004721,A000955,2026-08-03 14:00:00,2026-08-10 14:00:00,3427.25,BROKEN,Field
PTP00004722,A000666,2026-05-20 10:00:00,2026-05-23 10:00:00,10473.51,KEPT,AI Voice
PTP00004723,A001037,2025-10-06 09:00:00,2025-10-13 09:00:00,8443.14,KEPT,Field
PTP00004724,A003994,2026-05-14 17:00:00,2026-05-15 17:00:00,5621.94,KEPT,Human
PTP00004725,A001876,2026-05-25 16:00:00,2026-05-28 16:00:00,10445.65,KEPT,AI Voice
PTP00004726,A002053,2026-02-09 11:00:00,2026-02-10 11:00:00,13164.74,KEPT,Field
PTP00004727,A003902,2026-06-20 16:00:00,2026-06-21 16:00:00,6823.39,BROKEN,Field
PTP00004728,A001745,2026-07-06 08:00:00,2026-07-13 08:00:00,3756.85,KEPT,Human
PTP00004729,A001585,2026-05-19 17:00:00,2026-05-22 17:00:00,12852.26,KEPT,AI Voice
PTP00004730,A001526,2026-04-13 11:00:00,2026-04-16 11:00:00,8124.08,KEPT,Human
PTP00004731,A004193,2025-12-10 15:00:00,2025-12-24 15:00:00,7558.63,KEPT,WhatsApp
PTP00004732,A000198,2025-10-14 13:00:00,2025-10-21 13:00:00,6332.01,PENDING,Field
PTP00004733,A000479,2026-04-21 18:00:00,2026-04-28 18:00:00,6401.13,KEPT,Field
PTP00004734,A001869,2026-07-17 12:00:00,2026-07-24 12:00:00,2611.53,BROKEN,WhatsApp
PTP00004735,A002962,2026-03-15 09:00:00,2026-03-29 09:00:00,4361.09,BROKEN,WhatsApp
PTP00004736,A002455,2025-10-23 13:00:00,2025-10-24 13:00:00,12618.37,PENDING,WhatsApp
PTP00004737,A001445,2026-07-07 09:00:00,2026-07-08 09:00:00,12104.21,BROKEN,WhatsApp
PTP00004738,A003066,2026-08-02 17:00:00,2026-08-09 17:00:00,4672.82,BROKEN,Field
PTP00004739,A002518,2026-07-18 12:00:00,2026-07-25 12:00:00,6228.99,PENDING,AI Voice
PTP00004740,A000064,2025-11-03 20:00:00,2025-11-17 20:00:00,5361.3,KEPT,AI Voice
PTP00004741,A003753,2025-12-02 16:00:00,2025-12-03 16:00:00,7719.16,BROKEN,Human
PTP00004742,A003110,2026-03-08 19:00:00,2026-03-09 19:00:00,12368.55,BROKEN,AI Voice
PTP00004743,A001469,2026-05-26 12:00:00,2026-06-09 12:00:00,11978.63,BROKEN,Field
PTP00004744,A000897,2025-10-03 20:00:00,2025-10-17 20:00:00,6382.6,PENDING,AI Voice
PTP00004745,A001215,2025-10-05 18:00:00,2025-10-06 18:00:00,7060.63,BROKEN,AI Voice
PTP00004746,A003409,2026-01-26 20:00:00,2026-02-02 20:00:00,8699.95,BROKEN,Field
PTP00004747,A003987,2026-06-05 15:00:00,2026-06-19 15:00:00,2707.71,KEPT,Field
PTP00004748,A003856,2026-06-15 19:00:00,2026-06-18 19:00:00,10761.95,KEPT,AI Voice
PTP00004749,A003185,2026-04-15 11:00:00,2026-04-18 11:00:00,6998.62,PENDING,Human
PTP00004750,A003706,2026-07-12 19:00:00,2026-07-15 19:00:00,14549.24,BROKEN,WhatsApp
PTP00004751,A003866,2026-05-09 09:00:00,2026-05-16 09:00:00,10765.65,PENDING,Human
PTP00004752,A001682,2026-01-23 15:00:00,2026-01-30 15:00:00,6083.08,BROKEN,Field
PTP00004753,A000824,2026-01-09 18:00:00,2026-01-12 18:00:00,2671.05,KEPT,WhatsApp
PTP00004754,A003226,2026-02-22 20:00:00,2026-02-23 20:00:00,6249.61,PENDING,AI Voice
PTP00004755,A001064,2025-12-25 16:00:00,2026-01-08 16:00:00,12112.99,BROKEN,AI Voice
PTP00004756,A003991,2026-04-11 12:00:00,2026-04-12 12:00:00,12942.79,KEPT,Field
PTP00004757,A000598,2026-01-19 18:00:00,2026-01-20 18:00:00,6999.6,BROKEN,Field
PTP00004758,A001238,2026-02-15 16:00:00,2026-03-01 16:00:00,11138.15,BROKEN,WhatsApp
PTP00004759,A002859,2026-08-26 16:00:00,2026-09-09 16:00:00,6642.03,PENDING,Human
PTP00004760,A000276,2025-09-24 11:00:00,2025-09-25 11:00:00,13809.2,KEPT,WhatsApp
PTP00004761,A003292,2026-02-19 15:00:00,2026-02-20 15:00:00,11916.44,BROKEN,AI Voice
PTP00004762,A002898,2026-07-10 08:00:00,2026-07-13 08:00:00,4359.9,KEPT,WhatsApp
PTP00004763,A000657,2026-03-14 20:00:00,2026-03-21 20:00:00,5017.53,KEPT,WhatsApp
PTP00004764,A001824,2025-11-21 08:00:00,2025-11-22 08:00:00,10256.14,KEPT,Human
PTP00004765,A000979,2026-06-25 10:00:00,2026-06-28 10:00:00,5130.65,PENDING,Human
PTP00004766,A001649,2025-09-01 09:00:00,2025-09-02 09:00:00,6336.39,PENDING,WhatsApp
PTP00004767,A004015,2026-04-08 13:00:00,2026-04-15 13:00:00,9854.72,PENDING,AI Voice
PTP00004768,A001091,2026-01-03 08:00:00,2026-01-06 08:00:00,5414.93,KEPT,Human
PTP00004769,A000674,2026-03-17 18:00:00,2026-03-31 18:00:00,14687.24,KEPT,WhatsApp
PTP00004770,A003645,2025-11-11 17:00:00,2025-11-12 17:00:00,5295.53,KEPT,WhatsApp
PTP00004771,A003516,2025-09-14 11:00:00,2025-09-17 11:00:00,12449.8,PENDING,WhatsApp
PTP00004772,A001006,2026-06-13 09:00:00,2026-06-20 09:00:00,2775.0,KEPT,Human
PTP00004773,A002620,2026-04-08 15:00:00,2026-04-22 15:00:00,5303.95,KEPT,AI Voice
PTP00004774,A001225,2026-05-02 11:00:00,2026-05-09 11:00:00,2656.29,BROKEN,AI Voice
PTP00004775,A003842,2026-04-25 14:00:00,2026-05-02 14:00:00,2338.21,BROKEN,AI Voice
PTP00004776,A004099,2026-04-21 15:00:00,2026-05-05 15:00:00,12724.49,PENDING,Field
PTP00004777,A000980,2026-01-10 16:00:00,2026-01-13 16:00:00,9215.69,KEPT,Field
PTP00004778,A003337,2026-05-26 15:00:00,2026-06-02 15:00:00,3009.37,BROKEN,AI Voice
PTP00004779,A001130,2026-06-03 17:00:00,2026-06-04 17:00:00,8699.76,BROKEN,Human
PTP00004780,A003391,2025-09-08 20:00:00,2025-09-22 20:00:00,14060.06,KEPT,WhatsApp
PTP00004781,A002009,2025-09-04 15:00:00,2025-09-11 15:00:00,2481.23,KEPT,Field
PTP00004782,A000304,2026-04-22 11:00:00,2026-04-23 11:00:00,14332.62,KEPT,Human
PTP00004783,A004184,2026-01-11 08:00:00,2026-01-25 08:00:00,11815.47,KEPT,Human
PTP00004784,A001242,2025-10-05 20:00:00,2025-10-19 20:00:00,11464.4,KEPT,AI Voice
PTP00004785,A001063,2025-10-12 16:00:00,2025-10-19 16:00:00,6537.86,BROKEN,WhatsApp
PTP00004786,A002139,2025-10-07 13:00:00,2025-10-10 13:00:00,7839.84,BROKEN,AI Voice
PTP00004787,A003063,2026-03-23 15:00:00,2026-04-06 15:00:00,11260.82,KEPT,WhatsApp
PTP00004788,A001271,2026-03-05 18:00:00,2026-03-19 18:00:00,2779.38,PENDING,AI Voice
PTP00004789,A000831,2025-09-23 08:00:00,2025-10-07 08:00:00,4061.95,BROKEN,Field
PTP00004790,A003114,2025-12-19 14:00:00,2026-01-02 14:00:00,10119.77,BROKEN,AI Voice
PTP00004791,A003153,2026-06-09 14:00:00,2026-06-16 14:00:00,6572.27,PENDING,Field
PTP00004792,A003390,2026-02-22 19:00:00,2026-02-23 19:00:00,8913.78,KEPT,Field
PTP00004793,A001293,2025-12-09 17:00:00,2025-12-10 17:00:00,9789.04,PENDING,Field
PTP00004794,A001055,2026-07-04 20:00:00,2026-07-05 20:00:00,5332.71,KEPT,WhatsApp
PTP00004795,A003355,2026-02-15 08:00:00,2026-02-16 08:00:00,5280.88,PENDING,AI Voice
PTP00004796,A001432,2026-05-13 14:00:00,2026-05-14 14:00:00,8614.51,KEPT,AI Voice
PTP00004797,A003668,2025-10-14 16:00:00,2025-10-21 16:00:00,7017.45,KEPT,Field
PTP00004798,A002558,2026-03-14 10:00:00,2026-03-17 10:00:00,11124.84,KEPT,AI Voice
PTP00004799,A001146,2025-12-14 10:00:00,2025-12-17 10:00:00,7773.14,PENDING,Human
PTP00004800,A003622,2026-01-17 10:00:00,2026-01-20 10:00:00,10788.01,KEPT,Human
PTP00004801,A002811,2025-12-10 19:00:00,2025-12-17 19:00:00,6292.18,KEPT,AI Voice
PTP00004802,A001508,2025-09-05 20:00:00,2025-09-08 20:00:00,12303.6,BROKEN,WhatsApp
PTP00004803,A000788,2026-04-06 13:00:00,2026-04-09 13:00:00,8619.65,KEPT,Human
PTP00004804,A001283,2026-02-03 08:00:00,2026-02-10 08:00:00,13976.3,KEPT,Field
PTP00004805,A001426,2026-05-13 14:00:00,2026-05-20 14:00:00,14813.44,KEPT,WhatsApp
PTP00004806,A000710,2025-09-14 13:00:00,2025-09-28 13:00:00,12078.36,KEPT,Human
PTP00004807,A000018,2026-07-18 13:00:00,2026-07-25 13:00:00,3806.29,KEPT,Field
PTP00004808,A001280,2026-04-20 09:00:00,2026-05-04 09:00:00,2405.96,KEPT,Human
PTP00004809,A000837,2026-07-16 13:00:00,2026-07-23 13:00:00,7826.5,BROKEN,AI Voice
PTP00004810,A002876,2025-09-04 09:00:00,2025-09-18 09:00:00,4430.08,BROKEN,WhatsApp
PTP00004811,A000976,2025-09-12 18:00:00,2025-09-15 18:00:00,6415.19,PENDING,Human
PTP00004812,A004109,2026-04-12 14:00:00,2026-04-19 14:00:00,3808.43,BROKEN,Human
PTP00004813,A003786,2026-04-06 09:00:00,2026-04-13 09:00:00,3727.36,KEPT,WhatsApp
PTP00004814,A003177,2026-08-25 19:00:00,2026-09-08 19:00:00,6902.8,BROKEN,Field
PTP00004815,A001801,2026-04-03 08:00:00,2026-04-04 08:00:00,10575.48,KEPT,Field
PTP00004816,A000128,2025-12-17 18:00:00,2025-12-20 18:00:00,13421.48,BROKEN,AI Voice
PTP00004817,A002325,2026-06-07 11:00:00,2026-06-10 11:00:00,4567.36,BROKEN,WhatsApp
PTP00004818,A002134,2026-02-03 08:00:00,2026-02-06 08:00:00,12433.72,BROKEN,WhatsApp
PTP00004819,A001016,2025-09-22 08:00:00,2025-09-25 08:00:00,3629.95,BROKEN,Human
PTP00004820,A001849,2025-10-10 15:00:00,2025-10-24 15:00:00,10427.56,KEPT,AI Voice
PTP00004821,A001177,2026-06-02 14:00:00,2026-06-03 14:00:00,7237.17,KEPT,Human
PTP00004822,A003428,2026-04-22 08:00:00,2026-05-06 08:00:00,3425.78,KEPT,AI Voice
PTP00004823,A003013,2026-07-27 09:00:00,2026-07-30 09:00:00,4835.06,KEPT,AI Voice
PTP00004824,A003472,2026-06-07 10:00:00,2026-06-14 10:00:00,13748.42,BROKEN,AI Voice
PTP00004825,A002974,2026-05-15 15:00:00,2026-05-18 15:00:00,13081.66,KEPT,AI Voice
PTP00004826,A000068,2026-05-16 19:00:00,2026-05-23 19:00:00,2272.61,KEPT,Field
PTP00004827,A002356,2025-10-18 10:00:00,2025-11-01 10:00:00,4119.91,BROKEN,Human
PTP00004828,A001604,2026-03-10 15:00:00,2026-03-24 15:00:00,3911.91,KEPT,Human
PTP00004829,A001004,2026-02-14 14:00:00,2026-02-28 14:00:00,13087.59,KEPT,WhatsApp
PTP00004830,A004033,2026-02-03 14:00:00,2026-02-10 14:00:00,2371.33,KEPT,Field
PTP00004831,A003832,2026-03-18 15:00:00,2026-03-21 15:00:00,5181.77,BROKEN,Human
PTP00004832,A002429,2026-01-14 17:00:00,2026-01-21 17:00:00,6155.84,PENDING,AI Voice
PTP00004833,A001601,2025-10-03 14:00:00,2025-10-04 14:00:00,7180.93,KEPT,Human
PTP00004834,A003834,2025-09-08 16:00:00,2025-09-15 16:00:00,9331.71,BROKEN,WhatsApp
PTP00004835,A001990,2025-11-09 11:00:00,2025-11-23 11:00:00,8150.2,KEPT,Human
PTP00004836,A003852,2025-11-16 15:00:00,2025-11-19 15:00:00,2232.08,PENDING,Human
PTP00004837,A001853,2026-08-02 16:00:00,2026-08-05 16:00:00,11277.89,BROKEN,AI Voice
PTP00004838,A001394,2025-12-03 09:00:00,2025-12-17 09:00:00,2325.0,BROKEN,Human
PTP00004839,A000468,2026-01-08 13:00:00,2026-01-11 13:00:00,8318.96,KEPT,Human
PTP00004840,A003817,2025-10-20 17:00:00,2025-11-03 17:00:00,13653.93,PENDING,WhatsApp
PTP00004841,A000608,2026-03-10 19:00:00,2026-03-17 19:00:00,2303.73,BROKEN,WhatsApp
PTP00004842,A001679,2026-01-10 09:00:00,2026-01-11 09:00:00,4247.59,BROKEN,Field
PTP00004843,A000764,2025-10-15 14:00:00,2025-10-18 14:00:00,6193.42,BROKEN,WhatsApp
PTP00004844,A001996,2026-08-11 12:00:00,2026-08-12 12:00:00,6276.8,KEPT,WhatsApp
PTP00004845,A000783,2026-06-13 10:00:00,2026-06-27 10:00:00,2036.03,BROKEN,Human
PTP00004846,A003841,2026-03-17 10:00:00,2026-03-20 10:00:00,7296.35,PENDING,AI Voice
PTP00004847,A000726,2026-04-09 18:00:00,2026-04-16 18:00:00,7229.92,KEPT,Field
PTP00004848,A001740,2026-03-01 08:00:00,2026-03-02 08:00:00,5708.8,KEPT,Field
PTP00004849,A002060,2025-12-07 09:00:00,2025-12-21 09:00:00,9919.65,KEPT,AI Voice
PTP00004850,A002895,2026-03-24 20:00:00,2026-04-07 20:00:00,12479.16,BROKEN,Field
PTP00004851,A002378,2025-11-24 20:00:00,2025-12-08 20:00:00,6477.13,BROKEN,WhatsApp
PTP00004852,A003785,2026-04-01 19:00:00,2026-04-15 19:00:00,10391.27,KEPT,AI Voice
PTP00004853,A001717,2025-10-11 13:00:00,2025-10-18 13:00:00,6862.73,BROKEN,Field
PTP00004854,A001821,2025-11-17 17:00:00,2025-12-01 17:00:00,8502.34,KEPT,Field
PTP00004855,A000486,2025-09-19 12:00:00,2025-10-03 12:00:00,13891.47,PENDING,AI Voice
PTP00004856,A002533,2026-03-27 08:00:00,2026-04-10 08:00:00,2939.48,KEPT,Field
PTP00004857,A000278,2026-06-09 10:00:00,2026-06-16 10:00:00,9758.87,KEPT,AI Voice
PTP00004858,A001679,2026-03-07 16:00:00,2026-03-08 16:00:00,7051.53,KEPT,Field
PTP00004859,A004148,2026-05-16 12:00:00,2026-05-23 12:00:00,4857.82,KEPT,Human
PTP00004860,A001366,2026-03-05 10:00:00,2026-03-12 10:00:00,9272.75,BROKEN,Human
PTP00004861,A000090,2026-02-12 16:00:00,2026-02-13 16:00:00,14719.26,KEPT,Field
PTP00004862,A001398,2025-12-25 18:00:00,2025-12-26 18:00:00,6759.47,BROKEN,WhatsApp
PTP00004863,A003638,2025-10-14 13:00:00,2025-10-15 13:00:00,10888.56,BROKEN,Field
PTP00004864,A003530,2025-11-04 12:00:00,2025-11-05 12:00:00,10004.51,PENDING,AI Voice
PTP00004865,A001459,2026-05-13 16:00:00,2026-05-14 16:00:00,4989.58,BROKEN,WhatsApp
PTP00004866,A003877,2025-11-05 08:00:00,2025-11-06 08:00:00,13466.97,KEPT,Human
PTP00004867,A002783,2025-11-04 08:00:00,2025-11-07 08:00:00,3087.51,PENDING,Human
PTP00004868,A004084,2026-08-07 12:00:00,2026-08-10 12:00:00,14610.7,KEPT,Human
PTP00004869,A001238,2025-10-23 16:00:00,2025-10-30 16:00:00,12391.8,KEPT,WhatsApp
PTP00004870,A001285,2026-03-22 19:00:00,2026-04-05 19:00:00,4514.44,BROKEN,Field
PTP00004871,A002241,2026-05-02 15:00:00,2026-05-05 15:00:00,5618.39,KEPT,AI Voice
PTP00004872,A003964,2026-06-25 11:00:00,2026-06-28 11:00:00,8550.26,KEPT,Field
PTP00004873,A003117,2026-02-23 15:00:00,2026-02-26 15:00:00,2545.27,KEPT,WhatsApp
PTP00004874,A000886,2026-08-14 16:00:00,2026-08-15 16:00:00,14165.22,KEPT,WhatsApp
PTP00004875,A000947,2025-09-05 11:00:00,2025-09-12 11:00:00,8720.38,PENDING,WhatsApp
PTP00004876,A001363,2025-12-03 11:00:00,2025-12-10 11:00:00,2626.68,PENDING,Field
PTP00004877,A003751,2025-09-01 20:00:00,2025-09-08 20:00:00,4155.4,KEPT,Human
PTP00004878,A000791,2026-06-25 13:00:00,2026-06-26 13:00:00,2856.12,BROKEN,Human
PTP00004879,A003433,2026-05-10 12:00:00,2026-05-13 12:00:00,7121.82,BROKEN,AI Voice
PTP00004880,A003891,2026-04-04 19:00:00,2026-04-18 19:00:00,5064.52,KEPT,WhatsApp
PTP00004881,A001339,2026-07-14 15:00:00,2026-07-15 15:00:00,14892.65,BROKEN,Field
PTP00004882,A002052,2026-06-24 14:00:00,2026-06-25 14:00:00,12612.18,KEPT,Field
PTP00004883,A002135,2026-06-07 12:00:00,2026-06-10 12:00:00,5455.1,KEPT,Human
PTP00004884,A000362,2026-07-19 13:00:00,2026-08-02 13:00:00,4502.68,KEPT,AI Voice
PTP00004885,A001124,2026-05-11 16:00:00,2026-05-12 16:00:00,12780.41,KEPT,Human
PTP00004886,A001150,2026-04-21 14:00:00,2026-05-05 14:00:00,4551.54,KEPT,Human
PTP00004887,A003331,2026-02-18 17:00:00,2026-02-21 17:00:00,4197.11,PENDING,AI Voice
PTP00004888,A002073,2026-02-26 08:00:00,2026-03-05 08:00:00,4612.39,PENDING,Human
PTP00004889,A000216,2025-11-08 11:00:00,2025-11-09 11:00:00,6287.94,PENDING,Human
PTP00004890,A004007,2026-02-23 17:00:00,2026-03-09 17:00:00,11128.36,KEPT,Human
PTP00004891,A001103,2025-09-26 19:00:00,2025-10-10 19:00:00,13128.28,KEPT,Field
PTP00004892,A004025,2026-05-03 12:00:00,2026-05-10 12:00:00,9374.85,KEPT,AI Voice
PTP00004893,A003636,2025-11-09 09:00:00,2025-11-12 09:00:00,7542.81,KEPT,WhatsApp
PTP00004894,A002391,2025-12-22 14:00:00,2025-12-25 14:00:00,3387.51,BROKEN,Human
PTP00004895,A003005,2025-09-27 18:00:00,2025-09-28 18:00:00,7652.29,BROKEN,WhatsApp
PTP00004896,A003835,2025-10-10 11:00:00,2025-10-13 11:00:00,12707.42,KEPT,Human
PTP00004897,A003129,2025-10-09 14:00:00,2025-10-23 14:00:00,6793.47,KEPT,Human
PTP00004898,A003920,2026-04-23 15:00:00,2026-05-07 15:00:00,10968.02,BROKEN,Field
PTP00004899,A000535,2026-08-01 12:00:00,2026-08-08 12:00:00,3778.9,KEPT,AI Voice
PTP00004900,A001168,2026-02-08 16:00:00,2026-02-15 16:00:00,9144.88,BROKEN,Field
PTP00004901,A000107,2026-08-24 12:00:00,2026-09-07 12:00:00,9677.43,KEPT,Field
PTP00004902,A001563,2025-09-09 18:00:00,2025-09-10 18:00:00,11643.82,BROKEN,AI Voice
PTP00004903,A004106,2025-09-10 11:00:00,2025-09-11 11:00:00,5799.12,BROKEN,WhatsApp
PTP00004904,A002916,2026-05-08 16:00:00,2026-05-09 16:00:00,8974.34,KEPT,Human
PTP00004905,A001717,2026-07-10 16:00:00,2026-07-24 16:00:00,14376.49,PENDING,WhatsApp
PTP00004906,A004125,2026-02-17 10:00:00,2026-02-24 10:00:00,9978.12,KEPT,Field
PTP00004907,A001654,2026-07-02 17:00:00,2026-07-09 17:00:00,9071.53,BROKEN,Field
PTP00004908,A000378,2025-09-27 11:00:00,2025-10-04 11:00:00,4791.89,BROKEN,Human
PTP00004909,A002823,2025-12-02 11:00:00,2025-12-05 11:00:00,13388.4,BROKEN,AI Voice
PTP00004910,A000158,2026-04-02 12:00:00,2026-04-09 12:00:00,9607.42,BROKEN,WhatsApp
PTP00004911,A002405,2025-11-22 17:00:00,2025-11-29 17:00:00,6940.74,KEPT,Human
PTP00004912,A000596,2025-11-18 18:00:00,2025-12-02 18:00:00,3519.51,BROKEN,Field
PTP00004913,A003788,2025-09-04 18:00:00,2025-09-07 18:00:00,3351.84,BROKEN,WhatsApp
PTP00004914,A003199,2026-05-19 20:00:00,2026-05-22 20:00:00,10081.03,KEPT,AI Voice
PTP00004915,A004076,2026-05-26 12:00:00,2026-06-02 12:00:00,9241.64,KEPT,Human
PTP00004916,A002824,2026-02-15 14:00:00,2026-02-22 14:00:00,10699.19,PENDING,Human
PTP00004917,A002493,2025-09-12 08:00:00,2025-09-19 08:00:00,13411.73,BROKEN,WhatsApp
PTP00004918,A002626,2026-07-03 09:00:00,2026-07-06 09:00:00,8450.63,KEPT,WhatsApp
PTP00004919,A001658,2026-08-12 08:00:00,2026-08-15 08:00:00,7637.35,BROKEN,WhatsApp
PTP00004920,A003951,2026-03-26 09:00:00,2026-03-29 09:00:00,4322.02,KEPT,WhatsApp
PTP00004921,A000780,2026-07-18 12:00:00,2026-07-25 12:00:00,5985.82,KEPT,AI Voice
PTP00004922,A002673,2025-12-05 20:00:00,2025-12-08 20:00:00,6811.23,BROKEN,Human
PTP00004923,A000726,2026-02-07 13:00:00,2026-02-21 13:00:00,11236.16,KEPT,Field
PTP00004924,A003103,2025-09-16 09:00:00,2025-09-23 09:00:00,5539.32,BROKEN,Human
PTP00004925,A001438,2025-12-20 14:00:00,2025-12-21 14:00:00,2691.63,KEPT,Human
PTP00004926,A000326,2026-03-06 15:00:00,2026-03-20 15:00:00,8543.86,KEPT,Field
PTP00004927,A000197,2025-11-21 16:00:00,2025-12-05 16:00:00,10084.56,KEPT,Field
PTP00004928,A000443,2026-06-27 19:00:00,2026-06-30 19:00:00,6238.26,PENDING,Human
PTP00004929,A001011,2026-03-19 14:00:00,2026-03-22 14:00:00,3155.1,KEPT,AI Voice
PTP00004930,A002689,2026-02-20 20:00:00,2026-03-06 20:00:00,5368.6,KEPT,Human
PTP00004931,A001289,2026-07-16 09:00:00,2026-07-17 09:00:00,2469.02,KEPT,WhatsApp
PTP00004932,A003048,2026-05-09 17:00:00,2026-05-23 17:00:00,11353.73,KEPT,AI Voice
PTP00004933,A000989,2026-04-16 14:00:00,2026-04-30 14:00:00,12780.17,PENDING,Field
PTP00004934,A004127,2026-02-16 18:00:00,2026-03-02 18:00:00,4225.76,KEPT,AI Voice
PTP00004935,A004085,2025-12-02 18:00:00,2025-12-16 18:00:00,5588.91,KEPT,WhatsApp
PTP00004936,A002224,2026-05-05 17:00:00,2026-05-08 17:00:00,3487.93,KEPT,AI Voice
PTP00004937,A002106,2026-05-13 12:00:00,2026-05-16 12:00:00,10103.63,KEPT,AI Voice
PTP00004938,A001966,2026-05-02 15:00:00,2026-05-16 15:00:00,8435.34,KEPT,WhatsApp
PTP00004939,A002363,2026-03-07 11:00:00,2026-03-10 11:00:00,4496.74,BROKEN,AI Voice
PTP00004940,A000797,2026-01-24 08:00:00,2026-01-25 08:00:00,4242.04,BROKEN,Human
PTP00004941,A001710,2025-11-23 17:00:00,2025-11-26 17:00:00,11058.91,BROKEN,Field
PTP00004942,A002664,2026-06-22 10:00:00,2026-06-25 10:00:00,2109.56,PENDING,Human
PTP00004943,A001623,2025-09-14 08:00:00,2025-09-15 08:00:00,8928.62,KEPT,AI Voice
PTP00004944,A001137,2026-05-02 15:00:00,2026-05-16 15:00:00,5893.8,KEPT,AI Voice
PTP00004945,A001403,2026-01-15 13:00:00,2026-01-16 13:00:00,7273.77,PENDING,Human
PTP00004946,A003820,2026-02-22 17:00:00,2026-03-08 17:00:00,8035.83,BROKEN,AI Voice
PTP00004947,A002151,2026-07-13 19:00:00,2026-07-20 19:00:00,2864.22,KEPT,AI Voice
PTP00004948,A003748,2026-02-04 14:00:00,2026-02-18 14:00:00,14567.8,BROKEN,AI Voice
PTP00004949,A004071,2025-12-02 20:00:00,2025-12-16 20:00:00,11914.92,PENDING,AI Voice
PTP00004950,A004191,2025-11-24 20:00:00,2025-12-08 20:00:00,10058.19,PENDING,AI Voice
PTP00004951,A004177,2026-05-17 16:00:00,2026-05-24 16:00:00,7846.34,KEPT,Human
PTP00004952,A000873,2026-02-10 17:00:00,2026-02-17 17:00:00,12454.03,BROKEN,WhatsApp
PTP00004953,A000988,2026-08-27 18:00:00,2026-08-30 18:00:00,12713.78,KEPT,Field
PTP00004954,A000190,2026-05-14 17:00:00,2026-05-21 17:00:00,8867.99,KEPT,Field
PTP00004955,A000311,2025-10-13 19:00:00,2025-10-16 19:00:00,4509.72,KEPT,Human
PTP00004956,A003830,2026-01-27 15:00:00,2026-01-30 15:00:00,2183.19,BROKEN,Field
PTP00004957,A003155,2026-04-22 20:00:00,2026-04-23 20:00:00,11006.05,PENDING,WhatsApp
PTP00004958,A002589,2026-02-27 20:00:00,2026-02-28 20:00:00,8805.81,KEPT,WhatsApp
PTP00004959,A002380,2026-06-01 14:00:00,2026-06-02 14:00:00,9132.41,KEPT,AI Voice
PTP00004960,A003067,2025-10-07 15:00:00,2025-10-10 15:00:00,6839.33,KEPT,Human
PTP00004961,A001925,2026-04-15 18:00:00,2026-04-22 18:00:00,8030.69,KEPT,Field
PTP00004962,A000486,2026-02-04 11:00:00,2026-02-11 11:00:00,3798.66,BROKEN,WhatsApp
PTP00004963,A001717,2026-04-07 20:00:00,2026-04-14 20:00:00,10936.63,PENDING,AI Voice
PTP00004964,A002424,2025-12-20 19:00:00,2025-12-23 19:00:00,11997.94,KEPT,WhatsApp
PTP00004965,A000050,2026-08-06 20:00:00,2026-08-20 20:00:00,10558.54,BROKEN,WhatsApp
PTP00004966,A000330,2025-09-02 09:00:00,2025-09-16 09:00:00,9164.67,BROKEN,Human
PTP00004967,A002246,2025-09-25 11:00:00,2025-09-28 11:00:00,8779.52,KEPT,WhatsApp
PTP00004968,A000360,2026-08-25 15:00:00,2026-09-01 15:00:00,9083.09,BROKEN,AI Voice
PTP00004969,A002173,2025-12-13 20:00:00,2025-12-14 20:00:00,9229.1,PENDING,Human
PTP00004970,A002721,2026-07-12 09:00:00,2026-07-19 09:00:00,8130.26,BROKEN,AI Voice
PTP00004971,A002240,2026-07-19 17:00:00,2026-07-22 17:00:00,9018.68,BROKEN,WhatsApp
PTP00004972,A001271,2026-01-08 19:00:00,2026-01-09 19:00:00,4450.01,KEPT,Human
PTP00004973,A001626,2025-09-11 11:00:00,2025-09-12 11:00:00,9781.94,BROKEN,AI Voice
PTP00004974,A002326,2025-12-19 19:00:00,2026-01-02 19:00:00,2414.13,KEPT,WhatsApp
PTP00004975,A003355,2026-07-11 09:00:00,2026-07-14 09:00:00,5545.37,KEPT,WhatsApp
PTP00004976,A001607,2025-09-10 19:00:00,2025-09-24 19:00:00,10362.13,KEPT,AI Voice
PTP00004977,A000309,2026-05-25 20:00:00,2026-06-08 20:00:00,2286.92,KEPT,WhatsApp
PTP00004978,A004091,2026-05-06 09:00:00,2026-05-07 09:00:00,11338.14,KEPT,Human
PTP00004979,A003526,2026-03-24 11:00:00,2026-04-07 11:00:00,14310.41,KEPT,Field
PTP00004980,A001652,2026-03-20 18:00:00,2026-03-23 18:00:00,5876.79,PENDING,Field
PTP00004981,A000283,2025-11-08 12:00:00,2025-11-11 12:00:00,14052.78,BROKEN,WhatsApp
PTP00004982,A002355,2026-02-05 14:00:00,2026-02-19 14:00:00,7470.94,KEPT,WhatsApp
PTP00004983,A000901,2026-03-12 15:00:00,2026-03-26 15:00:00,7056.83,BROKEN,Field
PTP00004984,A001179,2025-10-11 11:00:00,2025-10-25 11:00:00,5616.76,PENDING,AI Voice
PTP00004985,A001594,2026-05-12 19:00:00,2026-05-15 19:00:00,5328.15,PENDING,AI Voice
PTP00004986,A003725,2026-02-06 10:00:00,2026-02-07 10:00:00,3318.31,KEPT,WhatsApp
PTP00004987,A000422,2026-05-01 10:00:00,2026-05-04 10:00:00,4047.8,BROKEN,Human
PTP00004988,A002789,2026-01-17 10:00:00,2026-01-20 10:00:00,7317.95,KEPT,Human
PTP00004989,A003737,2025-12-11 17:00:00,2025-12-14 17:00:00,6371.12,KEPT,WhatsApp
PTP00004990,A000680,2025-11-16 17:00:00,2025-11-23 17:00:00,9343.69,BROKEN,WhatsApp
PTP00004991,A000846,2025-10-27 19:00:00,2025-11-03 19:00:00,10612.31,KEPT,AI Voice
PTP00004992,A002650,2026-01-14 09:00:00,2026-01-17 09:00:00,3885.7,BROKEN,AI Voice
PTP00004993,A000212,2025-09-15 17:00:00,2025-09-18 17:00:00,5598.19,BROKEN,Field
PTP00004994,A001565,2026-04-27 10:00:00,2026-05-04 10:00:00,11859.06,KEPT,WhatsApp
PTP00004995,A001787,2026-08-26 13:00:00,2026-09-09 13:00:00,14880.27,BROKEN,Human
PTP00004996,A003083,2025-09-10 19:00:00,2025-09-13 19:00:00,5747.89,BROKEN,WhatsApp
PTP00004997,A001399,2026-07-18 18:00:00,2026-07-21 18:00:00,5910.63,PENDING,Field
PTP00004998,A002716,2025-10-25 19:00:00,2025-11-08 19:00:00,10532.76,BROKEN,Human
PTP00004999,A001517,2026-02-03 12:00:00,2026-02-17 12:00:00,9916.31,KEPT,WhatsApp
PTP00005000,A002565,2025-11-21 15:00:00,2025-11-28 15:00:00,7635.07,KEPT,WhatsApp
PTP00005001,A003541,2026-03-13 14:00:00,2026-03-16 14:00:00,12267.07,KEPT,Human
PTP00005002,A001120,2026-02-14 10:00:00,2026-02-15 10:00:00,5915.68,KEPT,AI Voice
PTP00005003,A002995,2026-08-14 09:00:00,2026-08-15 09:00:00,8369.71,KEPT,Human
PTP00005004,A002496,2025-12-19 19:00:00,2025-12-20 19:00:00,8239.98,BROKEN,WhatsApp
PTP00005005,A000179,2026-07-16 16:00:00,2026-07-23 16:00:00,2348.77,BROKEN,Human
PTP00005006,A000942,2025-10-12 16:00:00,2025-10-19 16:00:00,3881.96,KEPT,Human
PTP00005007,A001529,2026-08-19 16:00:00,2026-08-22 16:00:00,6990.41,BROKEN,AI Voice
PTP00005008,A002003,2026-02-13 15:00:00,2026-02-27 15:00:00,9708.47,KEPT,WhatsApp
PTP00005009,A001628,2026-06-14 13:00:00,2026-06-17 13:00:00,10118.77,KEPT,Field
PTP00005010,A001868,2025-11-27 16:00:00,2025-11-30 16:00:00,8694.33,KEPT,AI Voice
PTP00005011,A002486,2026-03-03 13:00:00,2026-03-10 13:00:00,13605.6,KEPT,Human
PTP00005012,A003147,2026-02-15 17:00:00,2026-03-01 17:00:00,3974.61,KEPT,AI Voice
PTP00005013,A001193,2026-04-03 15:00:00,2026-04-10 15:00:00,13703.96,KEPT,WhatsApp
PTP00005014,A002489,2025-09-02 19:00:00,2025-09-05 19:00:00,4823.77,KEPT,WhatsApp
PTP00005015,A000754,2026-07-21 16:00:00,2026-07-24 16:00:00,9349.65,KEPT,Field
PTP00005016,A000705,2026-05-22 16:00:00,2026-06-05 16:00:00,14088.96,KEPT,Field
PTP00005017,A000190,2026-06-13 10:00:00,2026-06-14 10:00:00,8376.15,BROKEN,AI Voice
PTP00005018,A001323,2025-10-12 09:00:00,2025-10-13 09:00:00,3309.39,KEPT,Human
PTP00005019,A002940,2025-09-18 14:00:00,2025-09-19 14:00:00,2743.43,KEPT,WhatsApp
PTP00005020,A000484,2025-12-14 17:00:00,2025-12-28 17:00:00,7736.05,KEPT,Human
PTP00005021,A000280,2026-06-03 20:00:00,2026-06-06 20:00:00,3434.95,KEPT,WhatsApp
PTP00005022,A003597,2025-12-11 09:00:00,2025-12-18 09:00:00,8518.7,PENDING,Field
PTP00005023,A003701,2026-08-16 11:00:00,2026-08-30 11:00:00,11901.79,KEPT,Human
PTP00005024,A002722,2026-07-22 09:00:00,2026-07-25 09:00:00,2689.55,BROKEN,WhatsApp
PTP00005025,A002418,2026-03-22 08:00:00,2026-03-25 08:00:00,5773.84,KEPT,AI Voice
PTP00005026,A003963,2025-12-23 13:00:00,2025-12-30 13:00:00,4042.28,KEPT,Human
PTP00005027,A001519,2026-02-01 19:00:00,2026-02-08 19:00:00,14500.84,KEPT,WhatsApp
PTP00005028,A000893,2025-11-19 12:00:00,2025-11-20 12:00:00,14377.42,KEPT,Field
PTP00005029,A002047,2025-09-14 19:00:00,2025-09-28 19:00:00,2354.15,PENDING,Human
PTP00005030,A003732,2026-05-07 18:00:00,2026-05-10 18:00:00,7177.21,BROKEN,Field
PTP00005031,A000528,2026-08-20 10:00:00,2026-08-27 10:00:00,14252.46,BROKEN,WhatsApp
PTP00005032,A000443,2026-08-23 17:00:00,2026-08-24 17:00:00,3583.86,BROKEN,Field
PTP00005033,A003477,2026-06-14 20:00:00,2026-06-17 20:00:00,2383.55,PENDING,WhatsApp
PTP00005034,A000874,2026-01-26 11:00:00,2026-02-02 11:00:00,13557.04,KEPT,Human
PTP00005035,A001918,2026-02-04 18:00:00,2026-02-11 18:00:00,3428.61,KEPT,AI Voice
PTP00005036,A003218,2025-12-04 10:00:00,2025-12-05 10:00:00,12905.38,PENDING,Field
PTP00005037,A003265,2026-03-08 18:00:00,2026-03-11 18:00:00,3462.52,BROKEN,AI Voice
PTP00005038,A001867,2025-09-22 12:00:00,2025-10-06 12:00:00,2424.16,BROKEN,WhatsApp
PTP00005039,A000738,2026-08-17 13:00:00,2026-08-24 13:00:00,11358.05,BROKEN,AI Voice
PTP00005040,A001210,2026-08-25 10:00:00,2026-08-28 10:00:00,10750.98,KEPT,Human
PTP00005041,A003761,2025-12-09 12:00:00,2025-12-23 12:00:00,3303.32,BROKEN,WhatsApp
PTP00005042,A001907,2026-02-07 10:00:00,2026-02-14 10:00:00,10574.32,BROKEN,Human
PTP00005043,A003862,2025-10-23 18:00:00,2025-10-24 18:00:00,8718.48,KEPT,AI Voice
PTP00005044,A004059,2026-02-22 10:00:00,2026-02-23 10:00:00,10859.08,BROKEN,Human
PTP00005045,A001485,2025-10-14 15:00:00,2025-10-28 15:00:00,13372.22,PENDING,Field
PTP00005046,A003726,2026-07-12 10:00:00,2026-07-26 10:00:00,4438.7,BROKEN,Field
PTP00005047,A001952,2026-03-19 08:00:00,2026-03-20 08:00:00,7180.47,KEPT,Human
PTP00005048,A003193,2026-01-12 11:00:00,2026-01-13 11:00:00,5968.69,BROKEN,Human
PTP00005049,A001944,2026-03-21 14:00:00,2026-03-24 14:00:00,3348.11,PENDING,WhatsApp
PTP00005050,A000096,2026-05-18 18:00:00,2026-05-21 18:00:00,3164.38,KEPT,Field
PTP00005051,A003637,2025-12-09 09:00:00,2025-12-10 09:00:00,3702.0,BROKEN,Field
PTP00005052,A000847,2025-12-05 10:00:00,2025-12-19 10:00:00,5470.99,BROKEN,Human
PTP00005053,A001165,2025-11-12 14:00:00,2025-11-15 14:00:00,6701.86,BROKEN,WhatsApp
PTP00005054,A001795,2025-12-13 09:00:00,2025-12-20 09:00:00,12311.23,KEPT,AI Voice
PTP00005055,A000371,2026-01-20 20:00:00,2026-01-27 20:00:00,4518.72,KEPT,AI Voice
PTP00005056,A003282,2026-07-18 11:00:00,2026-08-01 11:00:00,2426.82,KEPT,Human
PTP00005057,A001393,2026-06-07 15:00:00,2026-06-10 15:00:00,8960.06,BROKEN,AI Voice
PTP00005058,A004156,2026-01-06 20:00:00,2026-01-20 20:00:00,12138.77,KEPT,Human
PTP00005059,A003922,2025-10-13 08:00:00,2025-10-27 08:00:00,5228.42,KEPT,AI Voice
PTP00005060,A002518,2026-03-04 14:00:00,2026-03-18 14:00:00,14513.27,KEPT,Field
PTP00005061,A000909,2025-09-15 18:00:00,2025-09-18 18:00:00,2070.85,PENDING,WhatsApp
PTP00005062,A003920,2026-07-02 15:00:00,2026-07-09 15:00:00,12312.3,BROKEN,AI Voice
PTP00005063,A003191,2025-11-27 11:00:00,2025-12-04 11:00:00,6402.68,KEPT,Field
PTP00005064,A002513,2025-11-12 19:00:00,2025-11-26 19:00:00,10757.21,BROKEN,AI Voice
PTP00005065,A000537,2026-06-18 20:00:00,2026-06-21 20:00:00,2025.23,KEPT,AI Voice
PTP00005066,A002165,2025-10-16 17:00:00,2025-10-23 17:00:00,2078.43,BROKEN,Field
PTP00005067,A001929,2026-02-22 15:00:00,2026-02-23 15:00:00,9102.71,PENDING,AI Voice
PTP00005068,A002881,2026-02-08 19:00:00,2026-02-09 19:00:00,5616.37,KEPT,Human
PTP00005069,A001566,2025-09-08 12:00:00,2025-09-22 12:00:00,2873.46,BROKEN,Field
PTP00005070,A001421,2026-04-22 16:00:00,2026-04-23 16:00:00,4395.13,KEPT,AI Voice
PTP00005071,A000985,2025-09-04 16:00:00,2025-09-18 16:00:00,12359.5,KEPT,AI Voice
PTP00005072,A002595,2025-09-11 19:00:00,2025-09-12 19:00:00,9350.88,KEPT,AI Voice
PTP00005073,A001249,2025-12-23 10:00:00,2025-12-24 10:00:00,10830.17,KEPT,WhatsApp
PTP00005074,A002275,2025-11-09 11:00:00,2025-11-16 11:00:00,2853.33,KEPT,Human
PTP00005075,A001377,2025-12-25 09:00:00,2026-01-01 09:00:00,5422.97,BROKEN,Human
PTP00005076,A000231,2026-03-21 12:00:00,2026-03-22 12:00:00,13805.86,KEPT,WhatsApp
PTP00005077,A002307,2025-12-22 15:00:00,2025-12-23 15:00:00,3941.79,PENDING,WhatsApp
PTP00005078,A003562,2025-12-13 15:00:00,2025-12-16 15:00:00,11592.26,KEPT,Field
PTP00005079,A003670,2025-10-19 16:00:00,2025-10-20 16:00:00,11131.61,BROKEN,AI Voice
PTP00005080,A001960,2026-06-05 09:00:00,2026-06-12 09:00:00,5194.53,PENDING,AI Voice
PTP00005081,A000749,2026-05-22 18:00:00,2026-05-29 18:00:00,2281.13,BROKEN,Human
PTP00005082,A000350,2025-09-19 19:00:00,2025-09-22 19:00:00,4294.9,KEPT,AI Voice
PTP00005083,A000603,2026-07-22 20:00:00,2026-07-23 20:00:00,12068.0,BROKEN,Human
PTP00005084,A002815,2025-12-09 13:00:00,2025-12-23 13:00:00,6477.89,KEPT,Field
PTP00005085,A000435,2026-04-15 09:00:00,2026-04-22 09:00:00,7858.06,KEPT,Field
PTP00005086,A000784,2026-06-12 18:00:00,2026-06-19 18:00:00,9088.99,BROKEN,Field
PTP00005087,A003634,2026-02-07 11:00:00,2026-02-08 11:00:00,8145.96,PENDING,AI Voice
PTP00005088,A004116,2025-10-21 14:00:00,2025-10-28 14:00:00,6519.83,KEPT,Field
PTP00005089,A001182,2025-09-07 15:00:00,2025-09-08 15:00:00,7788.24,KEPT,Field
PTP00005090,A003818,2026-08-07 14:00:00,2026-08-21 14:00:00,8795.38,KEPT,Human
PTP00005091,A000775,2025-09-21 17:00:00,2025-09-28 17:00:00,12754.41,BROKEN,Human
PTP00005092,A003575,2025-10-20 10:00:00,2025-10-27 10:00:00,7072.21,KEPT,AI Voice
PTP00005093,A000560,2025-11-22 11:00:00,2025-11-23 11:00:00,8200.21,BROKEN,Field
PTP00005094,A001991,2026-04-20 17:00:00,2026-04-23 17:00:00,5812.97,BROKEN,Human
PTP00005095,A003376,2026-05-08 19:00:00,2026-05-09 19:00:00,9979.1,KEPT,Field
PTP00005096,A002975,2026-01-07 15:00:00,2026-01-08 15:00:00,10748.1,KEPT,Field
PTP00005097,A002668,2025-12-08 08:00:00,2025-12-09 08:00:00,14646.58,PENDING,Field
PTP00005098,A003730,2026-06-06 09:00:00,2026-06-07 09:00:00,10233.64,KEPT,AI Voice
PTP00005099,A000106,2026-01-27 19:00:00,2026-01-28 19:00:00,4557.03,KEPT,Human
PTP00005100,A001048,2025-12-26 17:00:00,2026-01-02 17:00:00,2784.93,PENDING,AI Voice
PTP00005101,A000155,2025-09-17 13:00:00,2025-09-18 13:00:00,7393.96,BROKEN,Human
PTP00005102,A002427,2025-10-20 20:00:00,2025-10-27 20:00:00,8530.67,BROKEN,AI Voice
PTP00005103,A001178,2026-07-12 17:00:00,2026-07-13 17:00:00,5582.33,KEPT,WhatsApp
PTP00005104,A001015,2026-08-05 14:00:00,2026-08-06 14:00:00,13913.82,BROKEN,Field
PTP00005105,A001506,2025-09-01 17:00:00,2025-09-15 17:00:00,9372.19,BROKEN,AI Voice
PTP00005106,A002292,2026-04-04 18:00:00,2026-04-11 18:00:00,4056.51,KEPT,Human
PTP00005107,A001505,2026-07-09 13:00:00,2026-07-10 13:00:00,3170.78,BROKEN,Field
PTP00005108,A000915,2025-12-26 11:00:00,2025-12-29 11:00:00,6739.12,KEPT,AI Voice
PTP00005109,A003260,2026-02-10 17:00:00,2026-02-17 17:00:00,9626.87,PENDING,AI Voice
PTP00005110,A000830,2026-03-10 18:00:00,2026-03-17 18:00:00,9871.64,BROKEN,WhatsApp
PTP00005111,A002486,2025-11-02 14:00:00,2025-11-09 14:00:00,3386.38,PENDING,Human
PTP00005112,A001648,2026-06-16 15:00:00,2026-06-30 15:00:00,12581.32,BROKEN,Human
PTP00005113,A002445,2025-09-18 08:00:00,2025-09-25 08:00:00,4430.25,KEPT,WhatsApp
PTP00005114,A000382,2026-05-16 11:00:00,2026-05-19 11:00:00,4092.97,KEPT,Field
PTP00005115,A002882,2026-04-22 09:00:00,2026-04-25 09:00:00,10055.47,KEPT,WhatsApp
PTP00005116,A003955,2026-04-27 16:00:00,2026-05-04 16:00:00,8252.35,PENDING,Human
PTP00005117,A002537,2025-11-03 17:00:00,2025-11-06 17:00:00,13100.65,KEPT,Human
PTP00005118,A002347,2025-10-17 10:00:00,2025-10-20 10:00:00,9431.19,BROKEN,Human
PTP00005119,A002362,2025-11-23 19:00:00,2025-11-24 19:00:00,13820.06,BROKEN,AI Voice
PTP00005120,A000782,2026-06-23 08:00:00,2026-06-26 08:00:00,3791.02,KEPT,Field
PTP00005121,A003943,2026-02-05 17:00:00,2026-02-06 17:00:00,7187.49,KEPT,AI Voice
PTP00005122,A002935,2026-05-20 19:00:00,2026-05-23 19:00:00,3454.68,KEPT,WhatsApp
PTP00005123,A002495,2026-02-08 11:00:00,2026-02-22 11:00:00,3792.68,BROKEN,Human
PTP00005124,A002668,2026-07-24 08:00:00,2026-08-07 08:00:00,13398.34,KEPT,WhatsApp
PTP00005125,A003969,2026-01-08 14:00:00,2026-01-11 14:00:00,6143.82,BROKEN,AI Voice
PTP00005126,A003079,2026-04-13 19:00:00,2026-04-14 19:00:00,13905.57,KEPT,Human
PTP00005127,A004025,2026-04-12 17:00:00,2026-04-19 17:00:00,4261.12,KEPT,Field
PTP00005128,A003551,2026-05-11 11:00:00,2026-05-14 11:00:00,6033.77,KEPT,AI Voice
PTP00005129,A001782,2026-05-26 16:00:00,2026-06-02 16:00:00,14032.17,KEPT,Human
PTP00005130,A000272,2026-01-08 08:00:00,2026-01-15 08:00:00,7918.72,KEPT,WhatsApp
PTP00005131,A002214,2026-06-11 19:00:00,2026-06-14 19:00:00,12829.21,PENDING,WhatsApp
PTP00005132,A003528,2025-10-06 09:00:00,2025-10-13 09:00:00,4416.0,BROKEN,Field
PTP00005133,A003178,2026-02-16 16:00:00,2026-02-23 16:00:00,9268.46,BROKEN,Field
PTP00005134,A001458,2026-06-14 15:00:00,2026-06-28 15:00:00,7588.15,KEPT,Human
PTP00005135,A000535,2026-08-27 14:00:00,2026-08-30 14:00:00,6075.15,PENDING,AI Voice
PTP00005136,A000612,2026-07-09 13:00:00,2026-07-23 13:00:00,6969.05,KEPT,WhatsApp
PTP00005137,A002701,2026-07-02 08:00:00,2026-07-05 08:00:00,12005.94,BROKEN,Field
PTP00005138,A000013,2025-09-24 09:00:00,2025-09-27 09:00:00,13151.77,BROKEN,Field
PTP00005139,A003968,2025-10-14 15:00:00,2025-10-28 15:00:00,13206.3,KEPT,WhatsApp
PTP00005140,A001437,2026-07-01 20:00:00,2026-07-15 20:00:00,14172.15,BROKEN,Human
PTP00005141,A000861,2026-05-10 10:00:00,2026-05-13 10:00:00,14481.79,PENDING,AI Voice
PTP00005142,A003829,2026-03-19 10:00:00,2026-03-26 10:00:00,5467.65,KEPT,AI Voice
PTP00005143,A002055,2026-02-07 19:00:00,2026-02-10 19:00:00,7885.44,KEPT,Field
PTP00005144,A000202,2025-12-01 13:00:00,2025-12-08 13:00:00,14221.58,KEPT,Field
PTP00005145,A003853,2025-09-27 09:00:00,2025-09-30 09:00:00,12971.76,BROKEN,Human
PTP00005146,A000002,2026-02-12 20:00:00,2026-02-15 20:00:00,14786.33,PENDING,WhatsApp
PTP00005147,A004142,2026-06-01 09:00:00,2026-06-15 09:00:00,12787.19,KEPT,AI Voice
PTP00005148,A000606,2026-07-18 13:00:00,2026-07-19 13:00:00,11357.51,KEPT,WhatsApp
PTP00005149,A001844,2026-08-13 10:00:00,2026-08-27 10:00:00,11943.76,BROKEN,WhatsApp
PTP00005150,A002083,2026-06-22 14:00:00,2026-06-29 14:00:00,9687.44,KEPT,WhatsApp
PTP00005151,A001428,2026-03-17 10:00:00,2026-03-18 10:00:00,6187.04,BROKEN,AI Voice
PTP00005152,A003572,2026-06-20 17:00:00,2026-07-04 17:00:00,13854.35,KEPT,Field
PTP00005153,A001404,2025-11-10 15:00:00,2025-11-24 15:00:00,2385.38,KEPT,WhatsApp
PTP00005154,A002902,2026-07-13 12:00:00,2026-07-27 12:00:00,8265.91,KEPT,Human
PTP00005155,A002733,2025-11-12 20:00:00,2025-11-19 20:00:00,3553.58,KEPT,Field
PTP00005156,A001323,2026-04-01 17:00:00,2026-04-02 17:00:00,4504.96,PENDING,Field
PTP00005157,A001601,2026-04-05 20:00:00,2026-04-19 20:00:00,6337.39,PENDING,WhatsApp
PTP00005158,A000544,2025-12-24 14:00:00,2026-01-07 14:00:00,7651.85,KEPT,AI Voice
PTP00005159,A003667,2025-09-22 18:00:00,2025-10-06 18:00:00,7314.72,BROKEN,Human
PTP00005160,A001054,2025-09-11 16:00:00,2025-09-25 16:00:00,14368.39,PENDING,AI Voice
PTP00005161,A004142,2025-11-21 17:00:00,2025-11-22 17:00:00,13611.83,KEPT,Field
PTP00005162,A003631,2025-09-18 16:00:00,2025-09-19 16:00:00,5933.9,KEPT,AI Voice
PTP00005163,A000284,2026-08-23 18:00:00,2026-09-06 18:00:00,10431.66,KEPT,WhatsApp
PTP00005164,A002334,2025-09-03 11:00:00,2025-09-17 11:00:00,12678.56,BROKEN,AI Voice
PTP00005165,A003754,2026-01-15 15:00:00,2026-01-29 15:00:00,5482.57,KEPT,Human
PTP00005166,A003232,2026-06-13 18:00:00,2026-06-14 18:00:00,11932.21,KEPT,AI Voice
PTP00005167,A003496,2026-08-21 17:00:00,2026-08-22 17:00:00,7574.78,BROKEN,WhatsApp
PTP00005168,A001790,2026-04-17 08:00:00,2026-04-20 08:00:00,4721.9,KEPT,AI Voice
PTP00005169,A002715,2026-02-01 20:00:00,2026-02-04 20:00:00,13485.83,KEPT,AI Voice
PTP00005170,A002156,2026-02-03 12:00:00,2026-02-06 12:00:00,5585.84,BROKEN,AI Voice
PTP00005171,A002109,2026-04-06 20:00:00,2026-04-07 20:00:00,10416.42,KEPT,Field
PTP00005172,A002833,2025-09-13 10:00:00,2025-09-20 10:00:00,4719.38,KEPT,Human
PTP00005173,A000832,2025-10-14 18:00:00,2025-10-15 18:00:00,10214.89,PENDING,AI Voice
PTP00005174,A000330,2025-09-06 12:00:00,2025-09-20 12:00:00,11462.71,PENDING,WhatsApp
PTP00005175,A001989,2025-09-07 17:00:00,2025-09-10 17:00:00,9750.75,KEPT,Human
PTP00005176,A002982,2025-09-25 08:00:00,2025-10-09 08:00:00,9330.21,KEPT,WhatsApp
PTP00005177,A002553,2026-07-01 09:00:00,2026-07-02 09:00:00,2648.73,KEPT,Human
PTP00005178,A000757,2026-04-03 17:00:00,2026-04-17 17:00:00,4406.1,BROKEN,Field
PTP00005179,A000440,2026-02-04 18:00:00,2026-02-18 18:00:00,12231.31,BROKEN,WhatsApp
PTP00005180,A003979,2025-12-10 13:00:00,2025-12-13 13:00:00,13545.67,BROKEN,WhatsApp
PTP00005181,A000930,2026-05-18 17:00:00,2026-05-19 17:00:00,12813.0,BROKEN,Human
PTP00005182,A000300,2025-10-11 10:00:00,2025-10-18 10:00:00,4433.41,BROKEN,WhatsApp
PTP00005183,A002314,2025-10-15 14:00:00,2025-10-18 14:00:00,2095.44,BROKEN,AI Voice
PTP00005184,A002169,2026-05-26 19:00:00,2026-06-02 19:00:00,12828.63,PENDING,Human
PTP00005185,A003650,2025-11-13 13:00:00,2025-11-27 13:00:00,5376.36,PENDING,Human
PTP00005186,A000121,2026-04-10 16:00:00,2026-04-24 16:00:00,11776.41,PENDING,WhatsApp
PTP00005187,A001345,2026-05-18 20:00:00,2026-05-19 20:00:00,2682.54,KEPT,Field
PTP00005188,A004050,2026-05-21 08:00:00,2026-05-22 08:00:00,9248.13,BROKEN,WhatsApp
PTP00005189,A004035,2025-12-22 08:00:00,2025-12-23 08:00:00,6194.45,KEPT,Field
PTP00005190,A003462,2026-07-03 09:00:00,2026-07-17 09:00:00,2724.11,KEPT,AI Voice
PTP00005191,A003185,2026-02-04 18:00:00,2026-02-18 18:00:00,4770.65,KEPT,Field
PTP00005192,A001916,2026-01-25 18:00:00,2026-02-01 18:00:00,11770.82,KEPT,AI Voice
PTP00005193,A001181,2026-05-17 16:00:00,2026-05-31 16:00:00,10606.0,PENDING,Human
PTP00005194,A004089,2026-04-06 08:00:00,2026-04-20 08:00:00,10766.57,BROKEN,Field
PTP00005195,A003011,2025-09-09 12:00:00,2025-09-12 12:00:00,4397.08,KEPT,WhatsApp
PTP00005196,A004063,2026-04-26 13:00:00,2026-05-03 13:00:00,11157.75,BROKEN,Field
PTP00005197,A000176,2025-11-03 15:00:00,2025-11-17 15:00:00,3291.08,KEPT,Human
PTP00005198,A000224,2026-05-16 19:00:00,2026-05-30 19:00:00,9340.4,BROKEN,AI Voice
PTP00005199,A001086,2026-01-10 10:00:00,2026-01-11 10:00:00,4316.11,KEPT,AI Voice
PTP00005200,A000699,2025-12-23 18:00:00,2025-12-24 18:00:00,6375.87,KEPT,Field
PTP00005201,A001759,2026-07-24 12:00:00,2026-07-25 12:00:00,5574.78,BROKEN,Field
PTP00005202,A000972,2026-03-20 08:00:00,2026-03-27 08:00:00,10220.98,PENDING,Field
PTP00005203,A001071,2026-01-13 10:00:00,2026-01-16 10:00:00,7096.85,KEPT,AI Voice
PTP00005204,A002099,2026-02-15 12:00:00,2026-02-16 12:00:00,14239.14,KEPT,Field
PTP00005205,A001408,2025-12-15 16:00:00,2025-12-29 16:00:00,10260.26,KEPT,Human
PTP00005206,A002693,2026-02-23 16:00:00,2026-02-26 16:00:00,3084.03,KEPT,Field
PTP00005207,A000155,2026-04-06 08:00:00,2026-04-13 08:00:00,14608.06,BROKEN,Human
PTP00005208,A003904,2025-09-15 13:00:00,2025-09-29 13:00:00,2290.73,KEPT,AI Voice
PTP00005209,A003189,2025-10-13 16:00:00,2025-10-20 16:00:00,4051.88,PENDING,Human
PTP00005210,A002993,2026-07-23 13:00:00,2026-07-24 13:00:00,6515.9,KEPT,AI Voice
PTP00005211,A003414,2026-01-09 20:00:00,2026-01-23 20:00:00,2221.57,PENDING,AI Voice
PTP00005212,A002196,2026-07-06 17:00:00,2026-07-13 17:00:00,6849.85,KEPT,Human
PTP00005213,A001174,2026-03-12 15:00:00,2026-03-13 15:00:00,6938.19,PENDING,Field
PTP00005214,A003147,2025-11-01 12:00:00,2025-11-02 12:00:00,9684.74,PENDING,Human
PTP00005215,A000662,2026-05-10 20:00:00,2026-05-13 20:00:00,10210.01,KEPT,AI Voice
PTP00005216,A000765,2026-03-16 09:00:00,2026-03-17 09:00:00,8433.01,KEPT,WhatsApp
PTP00005217,A002467,2025-09-04 19:00:00,2025-09-07 19:00:00,8340.61,PENDING,WhatsApp
PTP00005218,A002241,2026-02-26 18:00:00,2026-02-27 18:00:00,8980.83,KEPT,WhatsApp
PTP00005219,A003519,2025-12-04 18:00:00,2025-12-11 18:00:00,4372.49,BROKEN,WhatsApp
PTP00005220,A001361,2025-09-15 09:00:00,2025-09-29 09:00:00,4347.26,KEPT,Human
PTP00005221,A002928,2025-10-01 16:00:00,2025-10-15 16:00:00,10999.52,BROKEN,Field
PTP00005222,A001551,2026-02-10 11:00:00,2026-02-17 11:00:00,2734.59,KEPT,Human
PTP00005223,A002207,2026-07-10 11:00:00,2026-07-11 11:00:00,5195.98,KEPT,Field
PTP00005224,A000747,2026-03-24 16:00:00,2026-03-27 16:00:00,5616.78,PENDING,AI Voice
PTP00005225,A001190,2026-02-12 13:00:00,2026-02-19 13:00:00,4072.21,KEPT,Human
PTP00005226,A003766,2026-05-04 16:00:00,2026-05-05 16:00:00,2553.85,PENDING,Field
PTP00005227,A001832,2026-01-23 18:00:00,2026-01-26 18:00:00,12910.49,KEPT,Field
PTP00005228,A000759,2026-08-13 16:00:00,2026-08-27 16:00:00,6254.96,KEPT,WhatsApp
PTP00005229,A000346,2026-08-27 18:00:00,2026-09-03 18:00:00,7136.32,PENDING,Human
PTP00005230,A001382,2025-11-18 09:00:00,2025-11-19 09:00:00,4247.03,PENDING,WhatsApp
PTP00005231,A001742,2026-02-17 16:00:00,2026-02-20 16:00:00,8339.63,PENDING,Field
PTP00005232,A000839,2026-08-21 15:00:00,2026-08-22 15:00:00,12496.93,KEPT,Human
PTP00005233,A001348,2026-03-08 20:00:00,2026-03-15 20:00:00,12186.21,BROKEN,AI Voice
PTP00005234,A000764,2026-01-18 16:00:00,2026-01-21 16:00:00,14061.53,BROKEN,Field
PTP00005235,A003210,2025-12-08 17:00:00,2025-12-09 17:00:00,14844.75,KEPT,AI Voice
PTP00005236,A000594,2026-05-20 14:00:00,2026-05-23 14:00:00,6495.88,KEPT,Human
PTP00005237,A003346,2026-07-15 08:00:00,2026-07-29 08:00:00,3464.21,PENDING,Human
PTP00005238,A003147,2025-10-21 20:00:00,2025-10-24 20:00:00,14863.93,BROKEN,AI Voice
PTP00005239,A002697,2025-12-09 20:00:00,2025-12-10 20:00:00,14924.64,BROKEN,AI Voice
PTP00005240,A002707,2026-06-09 11:00:00,2026-06-16 11:00:00,6855.96,BROKEN,WhatsApp
PTP00005241,A003524,2026-01-25 19:00:00,2026-01-26 19:00:00,11668.65,KEPT,WhatsApp
PTP00005242,A003724,2025-11-14 20:00:00,2025-11-21 20:00:00,3498.0,KEPT,Human
PTP00005243,A000251,2025-12-02 17:00:00,2025-12-09 17:00:00,7405.51,PENDING,Human
PTP00005244,A000223,2026-02-03 19:00:00,2026-02-06 19:00:00,12789.95,BROKEN,AI Voice
PTP00005245,A000129,2026-08-17 08:00:00,2026-08-24 08:00:00,9756.11,KEPT,Human
PTP00005246,A000200,2026-03-22 12:00:00,2026-03-29 12:00:00,3602.64,BROKEN,Field
PTP00005247,A003784,2026-07-17 13:00:00,2026-07-31 13:00:00,7306.77,KEPT,Field
PTP00005248,A003105,2026-06-21 15:00:00,2026-07-05 15:00:00,10909.0,BROKEN,Human
PTP00005249,A002638,2025-11-04 14:00:00,2025-11-11 14:00:00,9618.19,KEPT,WhatsApp
PTP00005250,A000582,2025-12-17 18:00:00,2025-12-20 18:00:00,5944.67,KEPT,WhatsApp
PTP00005251,A003801,2026-05-17 15:00:00,2026-05-18 15:00:00,12721.55,KEPT,AI Voice
PTP00005252,A000802,2026-06-04 19:00:00,2026-06-07 19:00:00,6743.24,KEPT,Field
PTP00005253,A000926,2026-07-10 08:00:00,2026-07-17 08:00:00,12476.69,KEPT,WhatsApp
PTP00005254,A000171,2026-06-19 10:00:00,2026-06-20 10:00:00,12862.04,BROKEN,AI Voice
PTP00005255,A001441,2025-12-01 09:00:00,2025-12-15 09:00:00,7586.6,PENDING,WhatsApp
PTP00005256,A001370,2026-01-22 08:00:00,2026-01-29 08:00:00,3243.43,KEPT,WhatsApp
PTP00005257,A001988,2025-09-25 10:00:00,2025-09-26 10:00:00,7750.15,KEPT,Human
PTP00005258,A001420,2026-01-20 20:00:00,2026-02-03 20:00:00,14117.36,KEPT,Human
PTP00005259,A001586,2026-06-13 15:00:00,2026-06-20 15:00:00,7139.27,KEPT,WhatsApp
PTP00005260,A000671,2026-08-10 15:00:00,2026-08-17 15:00:00,7203.01,PENDING,Field
PTP00005261,A001192,2026-02-21 15:00:00,2026-02-22 15:00:00,8608.04,KEPT,Human
PTP00005262,A002915,2026-07-01 12:00:00,2026-07-02 12:00:00,8793.73,BROKEN,AI Voice
PTP00005263,A001913,2026-04-14 18:00:00,2026-04-15 18:00:00,7508.7,KEPT,Human
PTP00005264,A000970,2026-03-27 11:00:00,2026-04-10 11:00:00,2930.76,BROKEN,Human
PTP00005265,A000615,2026-02-21 16:00:00,2026-02-24 16:00:00,9593.09,BROKEN,Human
PTP00005266,A003073,2025-11-02 09:00:00,2025-11-05 09:00:00,4566.12,PENDING,Human
PTP00005267,A003850,2025-12-05 09:00:00,2025-12-08 09:00:00,4245.75,KEPT,Field
PTP00005268,A003288,2026-04-04 17:00:00,2026-04-11 17:00:00,3071.57,PENDING,AI Voice
PTP00005269,A000361,2026-07-10 17:00:00,2026-07-13 17:00:00,6055.59,BROKEN,Field
PTP00005270,A001412,2026-05-05 20:00:00,2026-05-06 20:00:00,7367.62,KEPT,WhatsApp
PTP00005271,A001999,2025-09-07 14:00:00,2025-09-10 14:00:00,9234.27,KEPT,Field
PTP00005272,A002758,2026-07-04 17:00:00,2026-07-07 17:00:00,4930.38,BROKEN,AI Voice
PTP00005273,A002686,2026-05-14 12:00:00,2026-05-17 12:00:00,6435.65,BROKEN,Human
PTP00005274,A000316,2026-05-04 16:00:00,2026-05-18 16:00:00,8794.04,KEPT,Human
PTP00005275,A002147,2026-05-20 14:00:00,2026-05-27 14:00:00,14348.55,BROKEN,Human
PTP00005276,A000207,2026-01-12 13:00:00,2026-01-19 13:00:00,7066.62,BROKEN,Human
PTP00005277,A002193,2025-11-12 10:00:00,2025-11-19 10:00:00,9433.88,KEPT,AI Voice
PTP00005278,A001706,2026-02-26 10:00:00,2026-03-12 10:00:00,8418.75,KEPT,Field
PTP00005279,A002397,2026-01-02 16:00:00,2026-01-09 16:00:00,11319.96,PENDING,Field
PTP00005280,A001101,2026-06-12 10:00:00,2026-06-19 10:00:00,13151.29,KEPT,Field
PTP00005281,A003265,2025-10-10 12:00:00,2025-10-24 12:00:00,4457.16,KEPT,Human
PTP00005282,A001889,2026-03-21 12:00:00,2026-03-22 12:00:00,7813.32,PENDING,Human
PTP00005283,A001504,2026-02-06 08:00:00,2026-02-09 08:00:00,14597.41,BROKEN,WhatsApp
PTP00005284,A000015,2026-04-01 20:00:00,2026-04-02 20:00:00,3372.62,KEPT,AI Voice
PTP00005285,A002954,2026-03-18 12:00:00,2026-04-01 12:00:00,6089.86,BROKEN,Human
PTP00005286,A000431,2026-07-02 12:00:00,2026-07-05 12:00:00,12985.35,KEPT,AI Voice
PTP00005287,A000409,2025-12-22 12:00:00,2025-12-29 12:00:00,10113.6,KEPT,Field
PTP00005288,A000821,2025-10-10 14:00:00,2025-10-13 14:00:00,10887.3,KEPT,Human
PTP00005289,A002332,2026-04-24 15:00:00,2026-05-08 15:00:00,3158.59,KEPT,Field
PTP00005290,A002367,2026-04-02 19:00:00,2026-04-03 19:00:00,8592.59,PENDING,WhatsApp
PTP00005291,A003534,2026-07-26 11:00:00,2026-07-29 11:00:00,10456.35,BROKEN,WhatsApp
PTP00005292,A001784,2026-07-13 15:00:00,2026-07-16 15:00:00,9534.79,PENDING,Human
PTP00005293,A004173,2026-05-04 15:00:00,2026-05-07 15:00:00,12504.72,BROKEN,Field
PTP00005294,A000492,2026-02-27 11:00:00,2026-03-02 11:00:00,3218.68,KEPT,Human
PTP00005295,A003502,2025-10-08 19:00:00,2025-10-09 19:00:00,10699.37,KEPT,AI Voice
PTP00005296,A003378,2026-03-20 18:00:00,2026-03-27 18:00:00,3576.43,KEPT,AI Voice
PTP00005297,A002469,2026-03-17 16:00:00,2026-03-18 16:00:00,12610.77,KEPT,WhatsApp
PTP00005298,A002264,2025-10-26 17:00:00,2025-11-02 17:00:00,5016.48,BROKEN,Human
PTP00005299,A000316,2026-02-08 08:00:00,2026-02-22 08:00:00,7444.57,BROKEN,AI Voice
PTP00005300,A002234,2026-08-05 20:00:00,2026-08-08 20:00:00,9240.62,BROKEN,Field
PTP00005301,A003461,2026-07-27 17:00:00,2026-08-03 17:00:00,8965.97,PENDING,Human
PTP00005302,A000341,2025-09-03 14:00:00,2025-09-17 14:00:00,14932.95,KEPT,Field
PTP00005303,A004044,2026-02-22 17:00:00,2026-02-23 17:00:00,9855.84,KEPT,Field
PTP00005304,A001368,2026-04-11 15:00:00,2026-04-14 15:00:00,2480.85,KEPT,WhatsApp
PTP00005305,A001226,2025-09-17 18:00:00,2025-09-18 18:00:00,4045.68,KEPT,Human
PTP00005306,A002372,2026-04-27 10:00:00,2026-05-11 10:00:00,5174.34,KEPT,Field
PTP00005307,A000175,2026-04-10 15:00:00,2026-04-11 15:00:00,8751.31,PENDING,Field
PTP00005308,A002297,2026-07-09 13:00:00,2026-07-23 13:00:00,2381.0,KEPT,Human
PTP00005309,A002608,2026-05-10 09:00:00,2026-05-11 09:00:00,14898.94,PENDING,AI Voice
PTP00005310,A002279,2026-07-02 20:00:00,2026-07-05 20:00:00,5775.06,KEPT,Field
PTP00005311,A002298,2025-09-26 19:00:00,2025-09-29 19:00:00,9442.66,KEPT,Human
PTP00005312,A000787,2025-12-11 15:00:00,2025-12-18 15:00:00,10441.74,PENDING,AI Voice
PTP00005313,A003494,2025-09-22 14:00:00,2025-09-29 14:00:00,10958.25,KEPT,Field
PTP00005314,A000651,2025-11-11 17:00:00,2025-11-14 17:00:00,3478.9,KEPT,WhatsApp
PTP00005315,A001043,2026-05-27 18:00:00,2026-06-03 18:00:00,14766.38,KEPT,Human
PTP00005316,A000917,2026-04-17 17:00:00,2026-04-20 17:00:00,4435.54,PENDING,Human
PTP00005317,A002973,2026-06-02 12:00:00,2026-06-16 12:00:00,8503.8,KEPT,Human
PTP00005318,A001440,2025-09-07 17:00:00,2025-09-14 17:00:00,9923.13,KEPT,AI Voice
PTP00005319,A003241,2026-03-03 10:00:00,2026-03-10 10:00:00,2186.63,KEPT,Field
PTP00005320,A003167,2026-06-26 08:00:00,2026-07-03 08:00:00,5908.03,PENDING,WhatsApp
PTP00005321,A002520,2026-02-25 19:00:00,2026-03-04 19:00:00,7337.34,BROKEN,WhatsApp
PTP00005322,A001979,2026-08-08 14:00:00,2026-08-09 14:00:00,2105.39,PENDING,WhatsApp
PTP00005323,A003098,2026-06-11 12:00:00,2026-06-25 12:00:00,9896.19,BROKEN,Human
PTP00005324,A004010,2025-09-01 11:00:00,2025-09-02 11:00:00,9148.11,KEPT,Field
PTP00005325,A001051,2026-06-23 13:00:00,2026-06-24 13:00:00,14731.49,BROKEN,AI Voice
PTP00005326,A001826,2026-04-03 13:00:00,2026-04-17 13:00:00,8833.96,BROKEN,AI Voice
PTP00005327,A002144,2025-11-06 17:00:00,2025-11-13 17:00:00,7459.51,BROKEN,Field
PTP00005328,A001688,2026-06-13 20:00:00,2026-06-14 20:00:00,5559.01,KEPT,WhatsApp
PTP00005329,A003067,2025-11-26 10:00:00,2025-12-03 10:00:00,13141.26,BROKEN,Field
PTP00005330,A000267,2025-10-25 19:00:00,2025-10-28 19:00:00,12144.48,KEPT,AI Voice
PTP00005331,A001548,2025-12-23 18:00:00,2025-12-24 18:00:00,13597.07,KEPT,Field
PTP00005332,A003661,2026-04-19 20:00:00,2026-04-22 20:00:00,6968.75,KEPT,AI Voice
PTP00005333,A002518,2026-02-21 16:00:00,2026-02-24 16:00:00,3207.11,KEPT,Human
PTP00005334,A001408,2025-12-24 12:00:00,2025-12-25 12:00:00,14148.66,BROKEN,AI Voice
PTP00005335,A000709,2026-01-16 15:00:00,2026-01-23 15:00:00,11954.08,KEPT,AI Voice
PTP00005336,A001175,2026-08-26 17:00:00,2026-08-27 17:00:00,5256.91,BROKEN,AI Voice
PTP00005337,A004166,2026-04-22 15:00:00,2026-05-06 15:00:00,4429.56,BROKEN,WhatsApp
PTP00005338,A003359,2025-10-07 12:00:00,2025-10-08 12:00:00,11336.42,KEPT,WhatsApp
PTP00005339,A002083,2025-09-12 14:00:00,2025-09-26 14:00:00,2200.35,BROKEN,AI Voice
PTP00005340,A004145,2026-08-24 09:00:00,2026-08-27 09:00:00,6232.33,KEPT,AI Voice
PTP00005341,A002727,2025-11-17 12:00:00,2025-12-01 12:00:00,7397.66,BROKEN,AI Voice
PTP00005342,A001174,2025-10-10 18:00:00,2025-10-24 18:00:00,5482.62,BROKEN,AI Voice
PTP00005343,A001236,2026-03-17 20:00:00,2026-03-20 20:00:00,10725.98,BROKEN,Human
PTP00005344,A000187,2026-03-13 17:00:00,2026-03-20 17:00:00,10532.47,KEPT,Field
PTP00005345,A003501,2025-09-13 11:00:00,2025-09-27 11:00:00,8721.83,PENDING,AI Voice
PTP00005346,A000728,2025-09-23 16:00:00,2025-10-07 16:00:00,13303.91,BROKEN,Human
PTP00005347,A004108,2025-11-02 11:00:00,2025-11-16 11:00:00,4830.19,BROKEN,AI Voice
PTP00005348,A002213,2026-04-12 18:00:00,2026-04-26 18:00:00,2716.16,KEPT,WhatsApp
PTP00005349,A001557,2026-01-19 08:00:00,2026-01-26 08:00:00,3988.86,PENDING,AI Voice
PTP00005350,A001671,2026-06-07 15:00:00,2026-06-14 15:00:00,6146.06,BROKEN,WhatsApp
PTP00005351,A003397,2026-03-19 12:00:00,2026-04-02 12:00:00,7858.34,KEPT,Human
PTP00005352,A003890,2026-07-07 18:00:00,2026-07-21 18:00:00,8784.1,BROKEN,Field
PTP00005353,A002919,2026-05-11 18:00:00,2026-05-12 18:00:00,3717.69,BROKEN,WhatsApp
PTP00005354,A000974,2025-10-02 16:00:00,2025-10-05 16:00:00,7395.18,PENDING,Field
PTP00005355,A001156,2026-04-27 11:00:00,2026-05-04 11:00:00,5978.56,KEPT,Human
PTP00005356,A002553,2026-04-03 18:00:00,2026-04-10 18:00:00,14503.76,KEPT,Human
PTP00005357,A001724,2025-10-04 12:00:00,2025-10-18 12:00:00,7687.46,BROKEN,WhatsApp
PTP00005358,A001170,2026-02-17 12:00:00,2026-02-18 12:00:00,7005.87,KEPT,WhatsApp
PTP00005359,A001851,2026-07-07 19:00:00,2026-07-10 19:00:00,13287.05,KEPT,Human
PTP00005360,A002935,2026-06-07 17:00:00,2026-06-08 17:00:00,10867.16,KEPT,AI Voice
PTP00005361,A003728,2025-09-18 14:00:00,2025-10-02 14:00:00,12813.96,BROKEN,WhatsApp
PTP00005362,A000868,2026-05-16 20:00:00,2026-05-17 20:00:00,14010.71,PENDING,WhatsApp
PTP00005363,A004172,2025-11-09 14:00:00,2025-11-16 14:00:00,7859.61,PENDING,Field
PTP00005364,A001405,2026-01-20 16:00:00,2026-01-21 16:00:00,13170.59,KEPT,Human
PTP00005365,A002951,2026-07-19 17:00:00,2026-07-22 17:00:00,11423.61,KEPT,Human
PTP00005366,A001890,2025-12-22 12:00:00,2025-12-23 12:00:00,7280.92,KEPT,Human
PTP00005367,A002133,2026-06-09 10:00:00,2026-06-10 10:00:00,14066.67,KEPT,Field
PTP00005368,A002293,2026-07-20 10:00:00,2026-07-21 10:00:00,7457.01,KEPT,AI Voice
PTP00005369,A003037,2025-11-11 14:00:00,2025-11-18 14:00:00,12598.84,BROKEN,WhatsApp
PTP00005370,A000833,2026-07-06 08:00:00,2026-07-13 08:00:00,6427.99,KEPT,WhatsApp
PTP00005371,A003028,2026-01-16 13:00:00,2026-01-23 13:00:00,12090.75,PENDING,AI Voice
PTP00005372,A002500,2025-11-05 19:00:00,2025-11-08 19:00:00,6696.14,KEPT,AI Voice
PTP00005373,A002790,2025-09-27 19:00:00,2025-10-11 19:00:00,8669.08,KEPT,Field
PTP00005374,A001495,2026-04-22 18:00:00,2026-04-23 18:00:00,12427.37,PENDING,Field
PTP00005375,A004193,2026-08-12 15:00:00,2026-08-19 15:00:00,7244.28,BROKEN,Field
PTP00005376,A002796,2025-11-14 12:00:00,2025-11-21 12:00:00,4196.64,BROKEN,Field
PTP00005377,A000715,2026-07-15 10:00:00,2026-07-22 10:00:00,10572.93,BROKEN,AI Voice
PTP00005378,A003749,2025-09-03 17:00:00,2025-09-06 17:00:00,8446.4,BROKEN,Human
PTP00005379,A000844,2026-08-06 08:00:00,2026-08-09 08:00:00,12535.41,PENDING,Human
PTP00005380,A001190,2025-09-02 09:00:00,2025-09-16 09:00:00,7274.74,PENDING,WhatsApp
PTP00005381,A000690,2025-12-20 20:00:00,2025-12-21 20:00:00,14127.45,BROKEN,Field
PTP00005382,A003327,2026-07-03 17:00:00,2026-07-17 17:00:00,10437.36,PENDING,Field
PTP00005383,A002296,2026-01-06 16:00:00,2026-01-09 16:00:00,13213.48,KEPT,Human
PTP00005384,A003748,2026-05-12 16:00:00,2026-05-26 16:00:00,12112.27,KEPT,Human
PTP00005385,A000299,2025-09-08 08:00:00,2025-09-09 08:00:00,7658.33,KEPT,AI Voice
PTP00005386,A003991,2025-09-05 11:00:00,2025-09-08 11:00:00,8004.17,KEPT,WhatsApp
PTP00005387,A002597,2026-08-21 17:00:00,2026-08-28 17:00:00,7053.82,PENDING,WhatsApp
PTP00005388,A002504,2026-01-03 09:00:00,2026-01-17 09:00:00,5077.93,PENDING,AI Voice
PTP00005389,A001853,2026-06-19 15:00:00,2026-06-22 15:00:00,11234.45,KEPT,Field
PTP00005390,A002130,2026-08-24 18:00:00,2026-08-27 18:00:00,5761.63,KEPT,Human
PTP00005391,A001322,2026-06-27 14:00:00,2026-06-30 14:00:00,4026.97,KEPT,WhatsApp
PTP00005392,A001535,2026-07-14 10:00:00,2026-07-21 10:00:00,7560.0,KEPT,AI Voice
PTP00005393,A002698,2025-10-03 16:00:00,2025-10-04 16:00:00,12989.94,BROKEN,WhatsApp
PTP00005394,A001150,2026-05-26 08:00:00,2026-05-29 08:00:00,12072.77,KEPT,Field
PTP00005395,A001364,2026-07-09 13:00:00,2026-07-23 13:00:00,9102.42,PENDING,AI Voice
PTP00005396,A000838,2026-06-10 09:00:00,2026-06-11 09:00:00,2332.48,KEPT,WhatsApp
PTP00005397,A001535,2025-09-07 16:00:00,2025-09-08 16:00:00,4778.17,KEPT,WhatsApp
PTP00005398,A004119,2026-08-12 09:00:00,2026-08-26 09:00:00,3305.68,BROKEN,WhatsApp
PTP00005399,A003276,2026-05-25 12:00:00,2026-06-08 12:00:00,4172.03,KEPT,Human
PTP00005400,A000266,2026-05-20 20:00:00,2026-05-23 20:00:00,7190.34,KEPT,AI Voice
PTP00005401,A001009,2026-08-03 11:00:00,2026-08-17 11:00:00,11057.85,KEPT,Human
PTP00005402,A003230,2026-01-18 19:00:00,2026-01-19 19:00:00,4900.19,KEPT,WhatsApp
PTP00005403,A000244,2025-12-09 12:00:00,2025-12-16 12:00:00,11518.15,BROKEN,AI Voice
PTP00005404,A002160,2026-03-16 10:00:00,2026-03-19 10:00:00,9425.51,BROKEN,Field
PTP00005405,A002766,2026-04-21 20:00:00,2026-04-28 20:00:00,6617.28,KEPT,Field
PTP00005406,A004138,2026-07-10 11:00:00,2026-07-11 11:00:00,14529.28,KEPT,Field
PTP00005407,A002292,2026-03-03 13:00:00,2026-03-04 13:00:00,13620.97,KEPT,Human
PTP00005408,A002688,2026-05-05 13:00:00,2026-05-08 13:00:00,11546.83,KEPT,Human
PTP00005409,A004193,2026-02-09 12:00:00,2026-02-10 12:00:00,2596.86,KEPT,Field
PTP00005410,A003963,2026-06-06 18:00:00,2026-06-07 18:00:00,4671.97,BROKEN,Field
PTP00005411,A000685,2026-08-07 09:00:00,2026-08-08 09:00:00,14819.54,BROKEN,Human
PTP00005412,A003077,2025-12-05 17:00:00,2025-12-08 17:00:00,2146.63,BROKEN,AI Voice
PTP00005413,A003906,2025-10-01 18:00:00,2025-10-08 18:00:00,4268.58,KEPT,Human
PTP00005414,A001086,2025-11-15 19:00:00,2025-11-16 19:00:00,14496.26,KEPT,Field
PTP00005415,A001847,2026-07-04 08:00:00,2026-07-07 08:00:00,2686.19,BROKEN,Field
PTP00005416,A002731,2025-12-18 08:00:00,2025-12-21 08:00:00,13123.45,KEPT,AI Voice
PTP00005417,A003877,2025-12-08 10:00:00,2025-12-22 10:00:00,4723.46,KEPT,Field
PTP00005418,A003857,2026-05-05 19:00:00,2026-05-06 19:00:00,14032.79,KEPT,Human
PTP00005419,A001757,2026-08-11 15:00:00,2026-08-18 15:00:00,6636.09,PENDING,WhatsApp
PTP00005420,A001649,2025-12-16 20:00:00,2025-12-17 20:00:00,9481.32,BROKEN,AI Voice
PTP00005421,A001953,2025-12-09 19:00:00,2025-12-16 19:00:00,2406.35,KEPT,AI Voice
PTP00005422,A002155,2025-10-16 09:00:00,2025-10-19 09:00:00,4963.41,KEPT,AI Voice
PTP00005423,A003465,2026-04-07 10:00:00,2026-04-08 10:00:00,6315.58,KEPT,WhatsApp
PTP00005424,A000225,2026-01-24 12:00:00,2026-02-07 12:00:00,2532.17,PENDING,Human
PTP00005425,A001201,2026-01-05 15:00:00,2026-01-12 15:00:00,12625.97,KEPT,WhatsApp
PTP00005426,A001627,2026-06-17 09:00:00,2026-06-20 09:00:00,3794.24,PENDING,AI Voice
PTP00005427,A004136,2025-09-08 13:00:00,2025-09-15 13:00:00,13883.2,PENDING,Field
PTP00005428,A002194,2026-08-04 12:00:00,2026-08-18 12:00:00,14405.29,BROKEN,Field
PTP00005429,A002424,2025-11-18 12:00:00,2025-11-25 12:00:00,7477.35,PENDING,WhatsApp
PTP00005430,A002544,2026-08-25 17:00:00,2026-09-08 17:00:00,3285.55,KEPT,Field
PTP00005431,A004105,2026-02-13 10:00:00,2026-02-14 10:00:00,8695.78,KEPT,Field
PTP00005432,A001558,2026-05-27 16:00:00,2026-06-03 16:00:00,11911.77,BROKEN,AI Voice
PTP00005433,A000400,2025-12-26 12:00:00,2025-12-29 12:00:00,3739.56,KEPT,WhatsApp
PTP00005434,A003935,2026-07-21 18:00:00,2026-08-04 18:00:00,2580.74,PENDING,AI Voice
PTP00005435,A001965,2025-10-23 18:00:00,2025-10-26 18:00:00,8598.34,KEPT,AI Voice
PTP00005436,A002265,2026-01-05 20:00:00,2026-01-06 20:00:00,5723.4,KEPT,Human
PTP00005437,A000353,2026-06-12 17:00:00,2026-06-15 17:00:00,9941.2,KEPT,WhatsApp
PTP00005438,A002010,2026-02-20 12:00:00,2026-03-06 12:00:00,8084.54,KEPT,Human
PTP00005439,A002456,2026-08-24 11:00:00,2026-08-31 11:00:00,3990.23,KEPT,Field
PTP00005440,A000383,2026-06-16 15:00:00,2026-06-19 15:00:00,3653.72,PENDING,AI Voice
PTP00005441,A004167,2025-11-16 19:00:00,2025-11-23 19:00:00,10447.61,BROKEN,Field
PTP00005442,A002029,2026-01-05 17:00:00,2026-01-19 17:00:00,4297.85,KEPT,Field
PTP00005443,A001882,2025-12-26 20:00:00,2026-01-09 20:00:00,11093.58,KEPT,Human
PTP00005444,A000635,2026-01-12 19:00:00,2026-01-15 19:00:00,11760.5,BROKEN,AI Voice
PTP00005445,A003003,2026-08-26 08:00:00,2026-09-02 08:00:00,6145.21,BROKEN,WhatsApp
PTP00005446,A002727,2025-09-23 16:00:00,2025-10-07 16:00:00,6116.68,KEPT,WhatsApp
PTP00005447,A004098,2026-01-20 09:00:00,2026-02-03 09:00:00,11964.81,KEPT,WhatsApp
PTP00005448,A003824,2026-04-23 08:00:00,2026-04-24 08:00:00,14176.1,KEPT,Human
PTP00005449,A002417,2026-02-19 17:00:00,2026-02-20 17:00:00,7733.69,BROKEN,WhatsApp
PTP00005450,A003486,2025-11-12 10:00:00,2025-11-26 10:00:00,4981.62,KEPT,Field
PTP00005451,A000396,2026-03-24 14:00:00,2026-03-31 14:00:00,6858.73,KEPT,Field
PTP00005452,A000422,2026-01-26 16:00:00,2026-01-29 16:00:00,14626.8,KEPT,WhatsApp
PTP00005453,A001859,2026-05-27 12:00:00,2026-06-03 12:00:00,14212.6,BROKEN,Field
PTP00005454,A002341,2026-05-22 18:00:00,2026-05-29 18:00:00,7554.77,KEPT,Field
PTP00005455,A003357,2026-05-22 12:00:00,2026-06-05 12:00:00,6384.82,KEPT,Human
PTP00005456,A000269,2026-02-06 19:00:00,2026-02-20 19:00:00,9337.46,KEPT,AI Voice
PTP00005457,A001024,2026-05-12 19:00:00,2026-05-15 19:00:00,4810.34,BROKEN,Field
PTP00005458,A000925,2025-09-24 20:00:00,2025-10-01 20:00:00,6702.76,KEPT,Human
PTP00005459,A001342,2026-01-15 09:00:00,2026-01-29 09:00:00,4108.61,BROKEN,WhatsApp
PTP00005460,A002992,2026-06-27 19:00:00,2026-06-28 19:00:00,9840.83,KEPT,WhatsApp
PTP00005461,A001088,2026-05-08 18:00:00,2026-05-22 18:00:00,9117.5,BROKEN,Human
PTP00005462,A003070,2026-05-08 15:00:00,2026-05-09 15:00:00,8017.21,KEPT,WhatsApp
PTP00005463,A001251,2026-06-23 11:00:00,2026-06-24 11:00:00,6633.92,KEPT,AI Voice
PTP00005464,A003273,2026-06-03 17:00:00,2026-06-06 17:00:00,11439.32,KEPT,WhatsApp
PTP00005465,A000042,2026-02-22 13:00:00,2026-03-08 13:00:00,6651.62,KEPT,WhatsApp
PTP00005466,A003606,2025-12-09 19:00:00,2025-12-12 19:00:00,2463.83,KEPT,AI Voice
PTP00005467,A003854,2026-08-19 19:00:00,2026-08-20 19:00:00,13938.59,PENDING,Field
PTP00005468,A002422,2025-09-26 16:00:00,2025-10-03 16:00:00,6177.91,KEPT,Field
PTP00005469,A003888,2026-02-09 13:00:00,2026-02-10 13:00:00,9901.39,KEPT,WhatsApp
PTP00005470,A002571,2026-08-04 20:00:00,2026-08-18 20:00:00,12573.32,KEPT,AI Voice
PTP00005471,A002867,2026-06-04 10:00:00,2026-06-05 10:00:00,5743.32,BROKEN,Human
PTP00005472,A004060,2026-02-07 20:00:00,2026-02-10 20:00:00,10643.48,PENDING,Human
PTP00005473,A003709,2025-09-11 11:00:00,2025-09-12 11:00:00,8988.21,KEPT,AI Voice
PTP00005474,A002538,2026-04-23 15:00:00,2026-04-24 15:00:00,9729.67,PENDING,AI Voice
PTP00005475,A003618,2026-03-21 11:00:00,2026-03-22 11:00:00,11792.45,KEPT,Human
PTP00005476,A001826,2026-05-25 09:00:00,2026-06-08 09:00:00,10236.55,KEPT,Human
PTP00005477,A003617,2025-12-08 16:00:00,2025-12-09 16:00:00,5221.79,KEPT,Field
PTP00005478,A002247,2026-03-16 08:00:00,2026-03-30 08:00:00,5381.68,BROKEN,Field
PTP00005479,A000909,2026-07-24 13:00:00,2026-08-07 13:00:00,2171.97,BROKEN,Human
PTP00005480,A002608,2026-03-15 17:00:00,2026-03-29 17:00:00,11512.51,BROKEN,Human
PTP00005481,A001829,2026-04-02 20:00:00,2026-04-16 20:00:00,8506.42,PENDING,Human
PTP00005482,A004081,2026-03-08 16:00:00,2026-03-11 16:00:00,11910.19,KEPT,Field
PTP00005483,A001680,2026-05-16 08:00:00,2026-05-23 08:00:00,5283.32,PENDING,Human
PTP00005484,A002081,2026-07-11 08:00:00,2026-07-12 08:00:00,11742.64,KEPT,AI Voice
PTP00005485,A001877,2026-02-11 12:00:00,2026-02-18 12:00:00,12714.51,KEPT,WhatsApp
PTP00005486,A000895,2025-11-10 09:00:00,2025-11-24 09:00:00,7869.79,PENDING,WhatsApp
PTP00005487,A002466,2026-02-02 17:00:00,2026-02-03 17:00:00,10800.96,KEPT,Human
PTP00005488,A000335,2026-07-01 11:00:00,2026-07-02 11:00:00,4995.59,KEPT,AI Voice
PTP00005489,A000393,2025-09-07 17:00:00,2025-09-10 17:00:00,10143.51,KEPT,WhatsApp
PTP00005490,A002378,2026-02-06 14:00:00,2026-02-09 14:00:00,7688.47,KEPT,Human
PTP00005491,A000827,2025-10-25 10:00:00,2025-10-28 10:00:00,13030.71,PENDING,AI Voice
PTP00005492,A004102,2025-09-01 14:00:00,2025-09-15 14:00:00,8151.82,KEPT,WhatsApp
PTP00005493,A001178,2025-10-20 11:00:00,2025-10-27 11:00:00,3435.06,PENDING,Human
PTP00005494,A000961,2026-07-14 19:00:00,2026-07-17 19:00:00,6572.57,KEPT,WhatsApp
PTP00005495,A003927,2025-11-02 16:00:00,2025-11-05 16:00:00,7887.44,BROKEN,AI Voice
PTP00005496,A001763,2026-07-12 20:00:00,2026-07-13 20:00:00,14133.79,KEPT,Field
PTP00005497,A000844,2026-08-21 15:00:00,2026-08-28 15:00:00,10880.02,BROKEN,Human
PTP00005498,A000314,2025-12-20 17:00:00,2025-12-27 17:00:00,10132.35,BROKEN,AI Voice
PTP00005499,A002525,2026-04-06 15:00:00,2026-04-13 15:00:00,4935.32,PENDING,Human
PTP00005500,A003924,2026-02-05 11:00:00,2026-02-12 11:00:00,10815.25,KEPT,WhatsApp
PTP00005501,A003923,2026-08-16 16:00:00,2026-08-17 16:00:00,9757.78,KEPT,WhatsApp
PTP00005502,A000833,2026-05-13 17:00:00,2026-05-16 17:00:00,13419.97,KEPT,Field
PTP00005503,A001585,2025-12-14 18:00:00,2025-12-21 18:00:00,12901.6,KEPT,AI Voice
PTP00005504,A002415,2026-04-19 20:00:00,2026-04-22 20:00:00,11794.35,KEPT,AI Voice
PTP00005505,A003109,2026-02-08 14:00:00,2026-02-09 14:00:00,14631.86,KEPT,WhatsApp
PTP00005506,A001909,2025-12-23 14:00:00,2025-12-26 14:00:00,9574.27,BROKEN,AI Voice
PTP00005507,A002373,2026-01-24 15:00:00,2026-01-25 15:00:00,2708.2,KEPT,WhatsApp
PTP00005508,A000293,2026-06-22 08:00:00,2026-06-29 08:00:00,3076.44,BROKEN,Human
PTP00005509,A000023,2026-06-01 09:00:00,2026-06-15 09:00:00,4268.75,KEPT,WhatsApp
PTP00005510,A003969,2026-06-11 20:00:00,2026-06-25 20:00:00,14478.71,PENDING,AI Voice
PTP00005511,A002599,2026-02-12 10:00:00,2026-02-13 10:00:00,14436.0,PENDING,Human
PTP00005512,A003940,2026-05-17 09:00:00,2026-05-18 09:00:00,4779.65,KEPT,AI Voice
PTP00005513,A000804,2026-05-09 19:00:00,2026-05-23 19:00:00,14246.4,KEPT,Human
PTP00005514,A000350,2026-02-21 12:00:00,2026-02-22 12:00:00,6482.66,BROKEN,AI Voice
PTP00005515,A003780,2026-01-18 19:00:00,2026-01-21 19:00:00,5290.79,KEPT,Human
PTP00005516,A000095,2026-01-07 13:00:00,2026-01-08 13:00:00,5612.65,PENDING,Field
PTP00005517,A002637,2026-04-27 17:00:00,2026-05-11 17:00:00,3041.69,PENDING,AI Voice
PTP00005518,A001873,2026-08-11 10:00:00,2026-08-14 10:00:00,2417.06,BROKEN,Field
PTP00005519,A004088,2026-01-03 14:00:00,2026-01-06 14:00:00,10658.69,KEPT,AI Voice
PTP00005520,A004110,2026-03-20 11:00:00,2026-03-23 11:00:00,11234.26,KEPT,WhatsApp
PTP00005521,A000518,2026-03-16 19:00:00,2026-03-19 19:00:00,7656.7,PENDING,Field
PTP00005522,A002511,2026-04-24 14:00:00,2026-04-27 14:00:00,11152.21,BROKEN,Human
PTP00005523,A001054,2026-03-15 16:00:00,2026-03-18 16:00:00,4074.13,KEPT,AI Voice
PTP00005524,A002445,2026-07-22 10:00:00,2026-07-25 10:00:00,8004.61,PENDING,WhatsApp
PTP00005525,A001820,2025-09-27 19:00:00,2025-10-11 19:00:00,11618.69,PENDING,Human
PTP00005526,A002374,2026-07-25 15:00:00,2026-07-28 15:00:00,2598.33,KEPT,WhatsApp
PTP00005527,A002805,2026-03-14 16:00:00,2026-03-17 16:00:00,5985.78,PENDING,Human
PTP00005528,A001197,2026-03-10 12:00:00,2026-03-24 12:00:00,2501.61,PENDING,Field
PTP00005529,A001391,2026-02-14 11:00:00,2026-02-17 11:00:00,9960.4,KEPT,WhatsApp
PTP00005530,A003215,2026-07-19 08:00:00,2026-07-20 08:00:00,2208.13,KEPT,Field
PTP00005531,A002590,2025-10-02 10:00:00,2025-10-05 10:00:00,14953.69,BROKEN,AI Voice
PTP00005532,A002378,2025-11-16 16:00:00,2025-11-23 16:00:00,9784.81,PENDING,AI Voice
PTP00005533,A001012,2026-08-07 13:00:00,2026-08-21 13:00:00,14253.94,PENDING,WhatsApp
PTP00005534,A003664,2026-04-27 18:00:00,2026-04-28 18:00:00,3145.27,BROKEN,Field
PTP00005535,A000631,2025-10-21 18:00:00,2025-10-24 18:00:00,8000.51,BROKEN,AI Voice
PTP00005536,A001741,2026-04-16 17:00:00,2026-04-30 17:00:00,7825.25,KEPT,AI Voice
PTP00005537,A003280,2025-10-27 08:00:00,2025-10-30 08:00:00,13231.98,KEPT,Human
PTP00005538,A004185,2025-09-06 15:00:00,2025-09-07 15:00:00,2302.54,KEPT,WhatsApp
PTP00005539,A004080,2025-11-24 13:00:00,2025-11-25 13:00:00,8125.98,KEPT,Human
PTP00005540,A001842,2026-01-27 20:00:00,2026-02-10 20:00:00,8185.09,KEPT,AI Voice
PTP00005541,A000090,2026-04-08 15:00:00,2026-04-15 15:00:00,7912.74,PENDING,Human
PTP00005542,A004030,2025-11-17 08:00:00,2025-11-24 08:00:00,14579.53,KEPT,Human
PTP00005543,A002868,2026-04-09 11:00:00,2026-04-16 11:00:00,4607.32,BROKEN,AI Voice
PTP00005544,A002060,2026-08-07 10:00:00,2026-08-10 10:00:00,14357.49,KEPT,Field
PTP00005545,A000694,2026-07-21 20:00:00,2026-07-28 20:00:00,8571.61,PENDING,WhatsApp
PTP00005546,A001832,2025-11-18 17:00:00,2025-11-19 17:00:00,2948.22,KEPT,WhatsApp
PTP00005547,A004074,2026-01-13 15:00:00,2026-01-27 15:00:00,14397.77,BROKEN,Field
PTP00005548,A003487,2025-09-18 17:00:00,2025-09-25 17:00:00,5472.88,KEPT,Human
PTP00005549,A003061,2026-07-27 14:00:00,2026-07-30 14:00:00,2571.54,KEPT,AI Voice
PTP00005550,A000114,2026-01-19 14:00:00,2026-01-22 14:00:00,9966.27,PENDING,AI Voice
PTP00005551,A003952,2026-03-10 17:00:00,2026-03-24 17:00:00,13962.22,BROKEN,AI Voice
PTP00005552,A001969,2026-01-08 08:00:00,2026-01-11 08:00:00,5934.84,BROKEN,Field
PTP00005553,A003892,2026-01-04 09:00:00,2026-01-07 09:00:00,14547.3,KEPT,Field
PTP00005554,A002541,2025-11-20 10:00:00,2025-11-23 10:00:00,2616.89,PENDING,Human
PTP00005555,A001523,2026-04-14 09:00:00,2026-04-15 09:00:00,9518.77,PENDING,Human
PTP00005556,A002437,2026-01-13 09:00:00,2026-01-27 09:00:00,13676.63,KEPT,Field
PTP00005557,A001466,2026-08-17 20:00:00,2026-08-18 20:00:00,4381.83,PENDING,WhatsApp
PTP00005558,A003709,2026-02-22 08:00:00,2026-02-23 08:00:00,10715.06,BROKEN,AI Voice
PTP00005559,A002243,2026-06-17 10:00:00,2026-06-18 10:00:00,11094.8,KEPT,Human
PTP00005560,A000411,2025-10-20 14:00:00,2025-10-23 14:00:00,11888.46,KEPT,Human
PTP00005561,A001970,2025-09-04 10:00:00,2025-09-11 10:00:00,12353.06,KEPT,WhatsApp
PTP00005562,A003066,2026-05-06 14:00:00,2026-05-09 14:00:00,6752.87,PENDING,AI Voice
PTP00005563,A001585,2025-10-01 17:00:00,2025-10-15 17:00:00,8638.39,BROKEN,AI Voice
PTP00005564,A000882,2026-06-02 14:00:00,2026-06-16 14:00:00,7887.89,BROKEN,WhatsApp
PTP00005565,A003878,2025-10-22 12:00:00,2025-10-25 12:00:00,2738.21,KEPT,WhatsApp
PTP00005566,A000524,2025-11-13 11:00:00,2025-11-16 11:00:00,3393.05,KEPT,AI Voice
PTP00005567,A001247,2025-10-16 20:00:00,2025-10-17 20:00:00,12524.28,BROKEN,AI Voice
PTP00005568,A001704,2026-03-02 14:00:00,2026-03-16 14:00:00,3367.19,BROKEN,AI Voice
PTP00005569,A003118,2026-06-23 13:00:00,2026-06-24 13:00:00,10894.46,PENDING,Human
PTP00005570,A003141,2026-04-15 19:00:00,2026-04-18 19:00:00,6876.84,KEPT,WhatsApp
PTP00005571,A001613,2025-12-22 17:00:00,2025-12-25 17:00:00,13249.85,BROKEN,Field
PTP00005572,A003414,2026-07-10 17:00:00,2026-07-13 17:00:00,4213.49,BROKEN,Field
PTP00005573,A002040,2026-07-23 14:00:00,2026-07-26 14:00:00,7720.49,BROKEN,AI Voice
PTP00005574,A002008,2026-04-10 17:00:00,2026-04-13 17:00:00,3668.05,KEPT,AI Voice
PTP00005575,A003460,2026-01-01 09:00:00,2026-01-02 09:00:00,12376.14,BROKEN,AI Voice
PTP00005576,A003213,2026-05-02 11:00:00,2026-05-05 11:00:00,9649.48,BROKEN,Field
PTP00005577,A002528,2026-04-05 19:00:00,2026-04-12 19:00:00,3699.71,KEPT,Human
PTP00005578,A003271,2026-04-09 13:00:00,2026-04-23 13:00:00,3558.16,KEPT,Field
PTP00005579,A003803,2025-12-09 10:00:00,2025-12-23 10:00:00,3238.98,KEPT,AI Voice
PTP00005580,A000456,2026-07-06 11:00:00,2026-07-13 11:00:00,4365.27,BROKEN,Human
PTP00005581,A000587,2026-04-02 11:00:00,2026-04-05 11:00:00,6261.98,KEPT,Field
PTP00005582,A003999,2025-10-27 20:00:00,2025-10-28 20:00:00,4255.91,BROKEN,Field
PTP00005583,A003402,2026-05-20 13:00:00,2026-06-03 13:00:00,8030.73,KEPT,WhatsApp
PTP00005584,A000240,2026-04-24 09:00:00,2026-04-27 09:00:00,4588.85,KEPT,WhatsApp
PTP00005585,A002021,2026-02-21 17:00:00,2026-03-07 17:00:00,6843.44,BROKEN,Field
PTP00005586,A000016,2026-02-16 20:00:00,2026-03-02 20:00:00,10810.87,KEPT,WhatsApp
PTP00005587,A003863,2026-08-11 08:00:00,2026-08-14 08:00:00,10008.76,KEPT,Human
PTP00005588,A002153,2026-05-23 20:00:00,2026-05-30 20:00:00,4046.56,BROKEN,Field
PTP00005589,A001980,2026-06-19 11:00:00,2026-06-26 11:00:00,3502.32,KEPT,WhatsApp
PTP00005590,A003666,2025-12-13 20:00:00,2025-12-20 20:00:00,5746.78,BROKEN,AI Voice
PTP00005591,A003057,2026-01-19 14:00:00,2026-01-22 14:00:00,6529.93,KEPT,Field
PTP00005592,A003643,2025-10-25 10:00:00,2025-11-01 10:00:00,6391.23,KEPT,WhatsApp
PTP00005593,A000851,2026-02-07 08:00:00,2026-02-10 08:00:00,12535.22,KEPT,AI Voice
PTP00005594,A002256,2026-05-06 19:00:00,2026-05-13 19:00:00,9945.26,BROKEN,AI Voice
PTP00005595,A002919,2026-06-03 18:00:00,2026-06-04 18:00:00,8812.93,BROKEN,AI Voice
PTP00005596,A003577,2026-01-14 20:00:00,2026-01-21 20:00:00,11799.28,PENDING,AI Voice
PTP00005597,A002273,2026-07-06 11:00:00,2026-07-07 11:00:00,11086.25,KEPT,Field
PTP00005598,A000325,2025-11-19 12:00:00,2025-11-26 12:00:00,11312.92,BROKEN,WhatsApp
PTP00005599,A002222,2026-07-14 10:00:00,2026-07-21 10:00:00,7545.07,BROKEN,AI Voice
PTP00005600,A001123,2025-09-20 08:00:00,2025-09-27 08:00:00,6497.19,BROKEN,WhatsApp
PTP00005601,A003603,2025-10-27 12:00:00,2025-10-30 12:00:00,13791.97,KEPT,AI Voice
PTP00005602,A001636,2026-03-07 10:00:00,2026-03-10 10:00:00,11515.31,BROKEN,AI Voice
PTP00005603,A001592,2026-08-03 14:00:00,2026-08-06 14:00:00,11651.93,BROKEN,AI Voice
PTP00005604,A002304,2025-10-09 18:00:00,2025-10-16 18:00:00,7209.85,KEPT,AI Voice
PTP00005605,A003213,2025-10-20 16:00:00,2025-10-21 16:00:00,10732.16,BROKEN,AI Voice
PTP00005606,A003758,2026-08-08 14:00:00,2026-08-09 14:00:00,12454.81,BROKEN,AI Voice
PTP00005607,A000499,2026-08-10 19:00:00,2026-08-13 19:00:00,9702.93,PENDING,WhatsApp
PTP00005608,A002605,2025-12-25 17:00:00,2025-12-28 17:00:00,7875.96,KEPT,AI Voice
PTP00005609,A001115,2026-01-20 16:00:00,2026-02-03 16:00:00,9353.26,BROKEN,WhatsApp
PTP00005610,A001112,2026-08-02 12:00:00,2026-08-16 12:00:00,6441.25,BROKEN,Human
PTP00005611,A002178,2026-04-04 12:00:00,2026-04-18 12:00:00,4380.9,KEPT,WhatsApp
PTP00005612,A000217,2026-04-05 20:00:00,2026-04-12 20:00:00,14949.45,PENDING,Human
PTP00005613,A001514,2026-05-22 10:00:00,2026-05-25 10:00:00,2915.0,PENDING,Human
PTP00005614,A002652,2025-10-23 20:00:00,2025-10-26 20:00:00,11971.42,KEPT,AI Voice
PTP00005615,A002188,2026-07-23 11:00:00,2026-07-26 11:00:00,6289.13,KEPT,AI Voice
PTP00005616,A001131,2026-04-07 14:00:00,2026-04-10 14:00:00,5446.18,PENDING,AI Voice
PTP00005617,A002391,2026-06-02 17:00:00,2026-06-16 17:00:00,3214.48,BROKEN,WhatsApp
PTP00005618,A002294,2025-11-27 16:00:00,2025-12-04 16:00:00,3643.04,PENDING,Human
PTP00005619,A000591,2026-06-12 16:00:00,2026-06-19 16:00:00,14119.96,KEPT,Field
PTP00005620,A000295,2026-06-09 08:00:00,2026-06-23 08:00:00,11863.59,BROKEN,Field
PTP00005621,A001536,2025-09-15 08:00:00,2025-09-16 08:00:00,8035.16,KEPT,AI Voice
PTP00005622,A000736,2026-02-16 18:00:00,2026-03-02 18:00:00,10545.58,KEPT,Human
PTP00005623,A001176,2026-07-04 17:00:00,2026-07-18 17:00:00,2394.86,BROKEN,WhatsApp
PTP00005624,A000053,2026-06-18 10:00:00,2026-06-21 10:00:00,13791.59,KEPT,Field
PTP00005625,A000937,2025-12-18 14:00:00,2025-12-19 14:00:00,6301.8,KEPT,Field
PTP00005626,A002469,2026-04-13 14:00:00,2026-04-27 14:00:00,6899.33,KEPT,WhatsApp
PTP00005627,A000700,2026-08-10 18:00:00,2026-08-11 18:00:00,9156.07,KEPT,WhatsApp
PTP00005628,A002902,2025-12-26 11:00:00,2026-01-09 11:00:00,6457.27,PENDING,Human
PTP00005629,A003637,2025-09-11 08:00:00,2025-09-12 08:00:00,14933.89,KEPT,Human
PTP00005630,A002635,2025-12-20 08:00:00,2025-12-27 08:00:00,7022.57,PENDING,AI Voice
PTP00005631,A000186,2026-07-27 08:00:00,2026-08-03 08:00:00,10618.03,PENDING,WhatsApp
PTP00005632,A000632,2026-06-15 16:00:00,2026-06-22 16:00:00,3364.75,BROKEN,Human
PTP00005633,A003992,2025-09-01 13:00:00,2025-09-02 13:00:00,2080.24,BROKEN,Field
PTP00005634,A001863,2025-09-10 16:00:00,2025-09-13 16:00:00,11530.78,KEPT,AI Voice
PTP00005635,A001272,2026-05-24 11:00:00,2026-06-07 11:00:00,7980.94,KEPT,AI Voice
PTP00005636,A002680,2026-01-10 15:00:00,2026-01-17 15:00:00,3102.56,BROKEN,Field
PTP00005637,A003807,2026-08-18 11:00:00,2026-08-25 11:00:00,13916.67,BROKEN,WhatsApp
PTP00005638,A003688,2026-05-07 20:00:00,2026-05-10 20:00:00,12373.5,PENDING,WhatsApp
PTP00005639,A002421,2025-09-17 15:00:00,2025-09-18 15:00:00,11702.92,KEPT,WhatsApp
PTP00005640,A000849,2026-02-12 17:00:00,2026-02-26 17:00:00,11163.44,PENDING,Human
PTP00005641,A000346,2026-03-01 16:00:00,2026-03-04 16:00:00,6869.29,BROKEN,AI Voice
PTP00005642,A002882,2026-02-17 17:00:00,2026-02-18 17:00:00,2762.33,KEPT,Human
PTP00005643,A002436,2026-07-05 10:00:00,2026-07-19 10:00:00,14553.6,KEPT,AI Voice
PTP00005644,A001546,2026-02-23 14:00:00,2026-02-26 14:00:00,11783.57,BROKEN,AI Voice
PTP00005645,A003573,2026-05-04 08:00:00,2026-05-07 08:00:00,6525.19,KEPT,Field
PTP00005646,A004123,2026-03-22 18:00:00,2026-04-05 18:00:00,2954.46,BROKEN,WhatsApp
PTP00005647,A002262,2025-11-05 10:00:00,2025-11-12 10:00:00,5379.19,KEPT,AI Voice
PTP00005648,A002583,2026-02-18 09:00:00,2026-02-21 09:00:00,6328.25,KEPT,Human
PTP00005649,A001497,2026-03-21 09:00:00,2026-03-28 09:00:00,10525.23,KEPT,WhatsApp
PTP00005650,A000612,2026-04-22 20:00:00,2026-04-29 20:00:00,3438.29,BROKEN,Human
PTP00005651,A001811,2026-03-12 20:00:00,2026-03-15 20:00:00,7301.96,KEPT,Human
PTP00005652,A002924,2026-04-24 18:00:00,2026-04-27 18:00:00,9483.74,PENDING,AI Voice
PTP00005653,A002957,2026-04-21 13:00:00,2026-05-05 13:00:00,8701.63,BROKEN,WhatsApp
PTP00005654,A002452,2026-05-02 12:00:00,2026-05-03 12:00:00,9271.48,BROKEN,WhatsApp
PTP00005655,A004153,2026-03-09 13:00:00,2026-03-23 13:00:00,8085.2,KEPT,Human
PTP00005656,A000039,2025-12-12 12:00:00,2025-12-26 12:00:00,6369.16,KEPT,AI Voice
PTP00005657,A000962,2025-10-06 14:00:00,2025-10-07 14:00:00,7349.44,KEPT,Human
PTP00005658,A003689,2026-03-11 08:00:00,2026-03-25 08:00:00,13392.46,KEPT,Field
PTP00005659,A001779,2025-09-17 18:00:00,2025-09-18 18:00:00,6393.08,KEPT,Field
PTP00005660,A002007,2026-04-04 19:00:00,2026-04-11 19:00:00,8291.75,KEPT,Human
PTP00005661,A003822,2026-06-27 14:00:00,2026-06-28 14:00:00,9215.25,KEPT,Human
PTP00005662,A000763,2025-10-06 10:00:00,2025-10-09 10:00:00,9902.91,BROKEN,WhatsApp
PTP00005663,A003646,2026-04-14 08:00:00,2026-04-17 08:00:00,4047.08,KEPT,Field
PTP00005664,A003995,2025-11-09 12:00:00,2025-11-16 12:00:00,6393.38,PENDING,Field
PTP00005665,A003420,2026-06-26 19:00:00,2026-07-10 19:00:00,6913.1,BROKEN,AI Voice
PTP00005666,A004087,2026-02-25 09:00:00,2026-02-28 09:00:00,3336.54,PENDING,Field
PTP00005667,A002843,2026-01-11 16:00:00,2026-01-14 16:00:00,7572.45,BROKEN,AI Voice
PTP00005668,A003257,2026-06-05 18:00:00,2026-06-06 18:00:00,2012.41,KEPT,WhatsApp
PTP00005669,A003939,2026-06-02 20:00:00,2026-06-03 20:00:00,10335.08,KEPT,AI Voice
PTP00005670,A001819,2025-11-13 13:00:00,2025-11-14 13:00:00,7948.03,KEPT,WhatsApp
PTP00005671,A002811,2026-03-11 14:00:00,2026-03-12 14:00:00,6472.27,PENDING,AI Voice
PTP00005672,A001725,2025-09-10 19:00:00,2025-09-13 19:00:00,12340.71,KEPT,Human
PTP00005673,A001014,2025-09-16 12:00:00,2025-09-23 12:00:00,9288.07,KEPT,WhatsApp
PTP00005674,A002776,2026-02-03 10:00:00,2026-02-10 10:00:00,3756.9,BROKEN,AI Voice
PTP00005675,A003561,2025-11-23 13:00:00,2025-11-26 13:00:00,3543.61,KEPT,WhatsApp
PTP00005676,A002588,2025-12-04 11:00:00,2025-12-11 11:00:00,7967.51,KEPT,WhatsApp
PTP00005677,A001121,2026-05-04 20:00:00,2026-05-11 20:00:00,5513.1,BROKEN,AI Voice
PTP00005678,A002871,2026-03-27 13:00:00,2026-03-30 13:00:00,4847.0,PENDING,Field
PTP00005679,A003989,2026-06-18 17:00:00,2026-06-25 17:00:00,5367.26,PENDING,WhatsApp
PTP00005680,A002053,2025-09-18 09:00:00,2025-09-21 09:00:00,12429.84,BROKEN,Human
PTP00005681,A002998,2025-11-05 10:00:00,2025-11-19 10:00:00,10006.82,BROKEN,AI Voice
PTP00005682,A001973,2026-08-16 15:00:00,2026-08-19 15:00:00,7091.64,PENDING,WhatsApp
PTP00005683,A000900,2026-03-18 17:00:00,2026-03-19 17:00:00,5381.2,BROKEN,Field
PTP00005684,A000264,2025-11-10 18:00:00,2025-11-11 18:00:00,3003.7,BROKEN,AI Voice
PTP00005685,A000883,2026-08-05 13:00:00,2026-08-06 13:00:00,4238.79,BROKEN,Human
PTP00005686,A000288,2026-08-21 15:00:00,2026-08-22 15:00:00,7175.22,KEPT,AI Voice
PTP00005687,A003822,2026-01-12 09:00:00,2026-01-15 09:00:00,6954.99,BROKEN,Human
PTP00005688,A001135,2025-10-17 17:00:00,2025-10-31 17:00:00,14364.28,KEPT,WhatsApp
PTP00005689,A003289,2025-12-06 13:00:00,2025-12-09 13:00:00,6556.13,PENDING,WhatsApp
PTP00005690,A000472,2026-01-22 15:00:00,2026-01-25 15:00:00,14917.42,PENDING,WhatsApp
PTP00005691,A001452,2025-12-07 09:00:00,2025-12-21 09:00:00,8387.42,KEPT,WhatsApp
PTP00005692,A000185,2026-03-07 11:00:00,2026-03-08 11:00:00,9308.0,BROKEN,WhatsApp
PTP00005693,A004177,2026-02-17 12:00:00,2026-02-18 12:00:00,11770.05,KEPT,WhatsApp
PTP00005694,A003807,2026-07-02 09:00:00,2026-07-16 09:00:00,2880.66,KEPT,Field
PTP00005695,A003203,2026-03-14 18:00:00,2026-03-17 18:00:00,11345.95,KEPT,Field
PTP00005696,A000541,2026-08-07 10:00:00,2026-08-21 10:00:00,2490.02,PENDING,Field
PTP00005697,A000202,2025-11-07 15:00:00,2025-11-10 15:00:00,13183.38,BROKEN,Human
PTP00005698,A000036,2026-06-16 10:00:00,2026-06-19 10:00:00,11822.08,BROKEN,Human
PTP00005699,A000710,2026-02-26 20:00:00,2026-03-05 20:00:00,6877.74,PENDING,WhatsApp
PTP00005700,A003641,2026-03-19 20:00:00,2026-03-20 20:00:00,11482.45,BROKEN,Field
PTP00005701,A001194,2026-04-01 10:00:00,2026-04-08 10:00:00,6575.94,PENDING,WhatsApp
PTP00005702,A002156,2026-01-04 17:00:00,2026-01-11 17:00:00,9563.14,KEPT,Human
PTP00005703,A001500,2025-09-12 10:00:00,2025-09-26 10:00:00,4386.87,BROKEN,AI Voice
PTP00005704,A000834,2025-11-17 16:00:00,2025-12-01 16:00:00,4238.32,KEPT,AI Voice
PTP00005705,A001280,2025-10-07 12:00:00,2025-10-14 12:00:00,10158.91,KEPT,Field
PTP00005706,A001411,2026-06-03 12:00:00,2026-06-04 12:00:00,7756.62,KEPT,Human
PTP00005707,A002232,2025-09-19 19:00:00,2025-09-20 19:00:00,10027.72,KEPT,Field
PTP00005708,A001838,2026-05-21 13:00:00,2026-05-28 13:00:00,2488.6,BROKEN,AI Voice
PTP00005709,A003588,2025-12-16 11:00:00,2025-12-19 11:00:00,3695.81,BROKEN,WhatsApp
PTP00005710,A002833,2026-07-01 17:00:00,2026-07-02 17:00:00,9916.29,KEPT,AI Voice
PTP00005711,A002700,2026-08-07 08:00:00,2026-08-14 08:00:00,12948.86,BROKEN,Human
PTP00005712,A003633,2026-05-14 09:00:00,2026-05-17 09:00:00,13073.37,KEPT,WhatsApp
PTP00005713,A002780,2026-03-15 15:00:00,2026-03-29 15:00:00,5431.43,PENDING,Human
PTP00005714,A002154,2026-02-26 10:00:00,2026-03-12 10:00:00,4783.95,PENDING,AI Voice
PTP00005715,A002208,2025-10-11 13:00:00,2025-10-14 13:00:00,5469.98,KEPT,AI Voice
PTP00005716,A002545,2025-09-20 19:00:00,2025-09-23 19:00:00,12625.45,KEPT,AI Voice
PTP00005717,A000860,2026-01-06 09:00:00,2026-01-07 09:00:00,3261.89,BROKEN,WhatsApp
PTP00005718,A001320,2026-02-25 09:00:00,2026-03-11 09:00:00,4422.24,KEPT,AI Voice
PTP00005719,A002670,2026-07-25 20:00:00,2026-08-01 20:00:00,4011.8,PENDING,Human
PTP00005720,A002949,2026-05-14 14:00:00,2026-05-17 14:00:00,6778.34,BROKEN,WhatsApp
PTP00005721,A003410,2026-08-25 09:00:00,2026-09-08 09:00:00,9211.2,KEPT,WhatsApp
PTP00005722,A001454,2026-08-01 17:00:00,2026-08-08 17:00:00,4332.19,KEPT,Human
PTP00005723,A000669,2026-07-05 15:00:00,2026-07-12 15:00:00,13736.49,KEPT,WhatsApp
PTP00005724,A003926,2026-07-04 12:00:00,2026-07-07 12:00:00,6247.35,KEPT,Field
PTP00005725,A000943,2026-05-07 17:00:00,2026-05-10 17:00:00,8758.16,KEPT,Human
PTP00005726,A000624,2026-08-15 13:00:00,2026-08-18 13:00:00,9675.06,KEPT,Human
PTP00005727,A003436,2026-02-27 18:00:00,2026-03-02 18:00:00,2163.95,KEPT,AI Voice
PTP00005728,A001052,2026-06-16 16:00:00,2026-06-30 16:00:00,12003.29,KEPT,Human
PTP00005729,A001093,2026-01-07 20:00:00,2026-01-10 20:00:00,12931.71,BROKEN,Field
PTP00005730,A004146,2026-05-04 11:00:00,2026-05-07 11:00:00,5630.79,KEPT,WhatsApp
PTP00005731,A003968,2026-02-24 13:00:00,2026-03-10 13:00:00,10342.32,KEPT,AI Voice
PTP00005732,A000607,2026-06-12 16:00:00,2026-06-26 16:00:00,4003.15,BROKEN,AI Voice
PTP00005733,A001963,2025-12-18 11:00:00,2025-12-21 11:00:00,9132.15,KEPT,WhatsApp
PTP00005734,A001003,2025-11-07 09:00:00,2025-11-10 09:00:00,7888.03,BROKEN,Human
PTP00005735,A003623,2026-07-07 18:00:00,2026-07-08 18:00:00,2253.49,BROKEN,WhatsApp
PTP00005736,A001425,2026-08-21 10:00:00,2026-09-04 10:00:00,9034.4,KEPT,WhatsApp
PTP00005737,A000229,2026-05-06 10:00:00,2026-05-13 10:00:00,10028.34,BROKEN,Field
PTP00005738,A003111,2026-06-20 14:00:00,2026-06-23 14:00:00,8223.11,KEPT,Field
PTP00005739,A000837,2026-08-17 11:00:00,2026-08-31 11:00:00,13705.18,KEPT,Field
PTP00005740,A002669,2025-11-26 11:00:00,2025-12-10 11:00:00,9268.53,KEPT,AI Voice
PTP00005741,A001958,2026-08-19 12:00:00,2026-08-20 12:00:00,2938.18,BROKEN,Human
PTP00005742,A002262,2026-03-26 18:00:00,2026-03-29 18:00:00,7096.33,BROKEN,AI Voice
PTP00005743,A001578,2026-08-04 15:00:00,2026-08-18 15:00:00,8107.15,PENDING,WhatsApp
PTP00005744,A003263,2026-05-07 09:00:00,2026-05-10 09:00:00,2146.17,KEPT,WhatsApp
PTP00005745,A001040,2026-01-13 14:00:00,2026-01-14 14:00:00,13776.99,PENDING,Field
PTP00005746,A000667,2026-02-01 19:00:00,2026-02-15 19:00:00,8908.3,KEPT,Field
PTP00005747,A002224,2025-11-22 19:00:00,2025-11-25 19:00:00,3710.98,BROKEN,Field
PTP00005748,A004163,2026-08-09 11:00:00,2026-08-12 11:00:00,6526.94,KEPT,Human
PTP00005749,A000407,2026-06-10 09:00:00,2026-06-11 09:00:00,7080.33,BROKEN,WhatsApp
PTP00005750,A002265,2025-09-07 16:00:00,2025-09-08 16:00:00,13370.66,KEPT,AI Voice
PTP00005751,A000767,2026-07-07 10:00:00,2026-07-14 10:00:00,8647.98,KEPT,AI Voice
PTP00005752,A003062,2026-06-19 20:00:00,2026-07-03 20:00:00,9522.19,KEPT,AI Voice
PTP00005753,A000978,2025-12-11 12:00:00,2025-12-25 12:00:00,6917.44,KEPT,Human
PTP00005754,A001419,2025-11-20 15:00:00,2025-11-21 15:00:00,10631.78,KEPT,WhatsApp
PTP00005755,A002099,2026-01-17 20:00:00,2026-01-20 20:00:00,12074.98,PENDING,WhatsApp
PTP00005756,A000263,2025-10-09 18:00:00,2025-10-23 18:00:00,6583.83,KEPT,AI Voice
PTP00005757,A003564,2026-07-05 11:00:00,2026-07-19 11:00:00,2495.72,KEPT,Field
PTP00005758,A002415,2026-07-10 08:00:00,2026-07-17 08:00:00,2501.33,PENDING,Human
PTP00005759,A002110,2025-09-16 13:00:00,2025-09-17 13:00:00,9157.14,BROKEN,AI Voice
PTP00005760,A002531,2026-08-16 16:00:00,2026-08-23 16:00:00,4312.69,BROKEN,Human
PTP00005761,A002759,2026-03-08 17:00:00,2026-03-09 17:00:00,3696.3,BROKEN,Human
PTP00005762,A003016,2025-12-25 16:00:00,2025-12-28 16:00:00,13069.69,PENDING,Field
PTP00005763,A001211,2026-02-16 19:00:00,2026-03-02 19:00:00,12597.73,PENDING,WhatsApp
PTP00005764,A003193,2026-01-08 13:00:00,2026-01-15 13:00:00,3438.89,KEPT,Field
PTP00005765,A003697,2025-10-25 20:00:00,2025-11-01 20:00:00,8923.51,KEPT,AI Voice
PTP00005766,A001956,2026-04-13 16:00:00,2026-04-16 16:00:00,11513.15,KEPT,Human
PTP00005767,A001169,2026-07-22 11:00:00,2026-07-23 11:00:00,8752.63,KEPT,WhatsApp
PTP00005768,A000863,2025-12-05 09:00:00,2025-12-08 09:00:00,2283.57,BROKEN,Human
PTP00005769,A003691,2026-03-05 15:00:00,2026-03-06 15:00:00,6606.24,BROKEN,AI Voice
PTP00005770,A002668,2025-10-06 17:00:00,2025-10-13 17:00:00,2346.54,KEPT,WhatsApp
PTP00005771,A003028,2025-10-06 17:00:00,2025-10-07 17:00:00,4384.26,KEPT,Field
PTP00005772,A000329,2026-05-08 18:00:00,2026-05-11 18:00:00,8445.47,KEPT,Human
PTP00005773,A002883,2026-06-05 17:00:00,2026-06-06 17:00:00,9581.17,BROKEN,WhatsApp
PTP00005774,A003183,2026-04-06 09:00:00,2026-04-20 09:00:00,4602.87,BROKEN,WhatsApp
PTP00005775,A003895,2026-07-08 10:00:00,2026-07-15 10:00:00,5406.07,KEPT,Human
PTP00005776,A003961,2025-11-17 19:00:00,2025-11-24 19:00:00,11498.5,BROKEN,Field
PTP00005777,A002769,2025-10-24 14:00:00,2025-10-31 14:00:00,4109.35,PENDING,Field
PTP00005778,A000002,2025-09-12 11:00:00,2025-09-13 11:00:00,11250.7,BROKEN,Field
PTP00005779,A000609,2026-08-07 11:00:00,2026-08-08 11:00:00,7577.89,BROKEN,WhatsApp
PTP00005780,A001341,2026-07-26 11:00:00,2026-07-27 11:00:00,2755.0,KEPT,Human
PTP00005781,A003111,2026-03-09 09:00:00,2026-03-12 09:00:00,9088.74,KEPT,Field
PTP00005782,A000332,2026-05-27 16:00:00,2026-05-28 16:00:00,12678.59,KEPT,WhatsApp
PTP00005783,A003098,2026-01-15 18:00:00,2026-01-29 18:00:00,6564.56,PENDING,AI Voice
PTP00005784,A004020,2026-08-19 12:00:00,2026-08-26 12:00:00,12010.92,PENDING,AI Voice
PTP00005785,A002855,2026-08-24 15:00:00,2026-09-07 15:00:00,9295.35,BROKEN,Field
PTP00005786,A001504,2026-06-16 12:00:00,2026-06-30 12:00:00,8408.55,BROKEN,Field
PTP00005787,A002943,2026-08-05 15:00:00,2026-08-12 15:00:00,4556.93,PENDING,Field
PTP00005788,A001207,2026-06-03 10:00:00,2026-06-06 10:00:00,2680.64,KEPT,AI Voice
PTP00005789,A004076,2025-09-21 16:00:00,2025-09-28 16:00:00,5743.76,BROKEN,Field
PTP00005790,A002899,2026-07-06 11:00:00,2026-07-13 11:00:00,4645.72,BROKEN,AI Voice
PTP00005791,A000376,2025-09-23 16:00:00,2025-09-24 16:00:00,13629.54,BROKEN,WhatsApp
PTP00005792,A004156,2026-08-02 13:00:00,2026-08-03 13:00:00,6564.73,KEPT,Field
PTP00005793,A000926,2026-05-25 09:00:00,2026-06-01 09:00:00,5218.68,KEPT,Field
PTP00005794,A001803,2026-02-08 11:00:00,2026-02-22 11:00:00,12492.01,KEPT,AI Voice
PTP00005795,A001584,2025-11-20 11:00:00,2025-11-21 11:00:00,4440.67,BROKEN,Human
PTP00005796,A002132,2026-05-05 18:00:00,2026-05-19 18:00:00,12118.41,PENDING,WhatsApp
PTP00005797,A000571,2026-02-16 20:00:00,2026-02-19 20:00:00,6423.6,KEPT,AI Voice
PTP00005798,A000354,2026-03-24 13:00:00,2026-03-27 13:00:00,13430.68,BROKEN,AI Voice
PTP00005799,A001007,2026-05-19 18:00:00,2026-05-26 18:00:00,3090.15,KEPT,Field
PTP00005800,A001359,2026-04-04 19:00:00,2026-04-11 19:00:00,7239.89,PENDING,Field
PTP00005801,A000529,2026-04-19 11:00:00,2026-04-22 11:00:00,8284.25,BROKEN,WhatsApp
PTP00005802,A003441,2026-05-19 20:00:00,2026-05-26 20:00:00,6026.37,PENDING,WhatsApp
PTP00005803,A001892,2025-12-05 09:00:00,2025-12-06 09:00:00,9765.8,KEPT,WhatsApp
PTP00005804,A000036,2026-02-13 13:00:00,2026-02-20 13:00:00,12566.8,KEPT,WhatsApp
PTP00005805,A003681,2026-08-20 10:00:00,2026-08-27 10:00:00,7402.32,KEPT,Field
PTP00005806,A003003,2026-08-10 17:00:00,2026-08-11 17:00:00,4013.88,KEPT,Field
PTP00005807,A003187,2026-07-04 19:00:00,2026-07-18 19:00:00,3705.2,KEPT,WhatsApp
PTP00005808,A001583,2026-02-25 19:00:00,2026-03-11 19:00:00,10364.13,PENDING,AI Voice
PTP00005809,A001689,2025-12-04 17:00:00,2025-12-11 17:00:00,5339.02,PENDING,Human
PTP00005810,A000397,2026-06-25 10:00:00,2026-06-28 10:00:00,6894.04,BROKEN,AI Voice
PTP00005811,A004179,2025-11-14 12:00:00,2025-11-28 12:00:00,2784.53,KEPT,Field
PTP00005812,A002766,2026-04-11 09:00:00,2026-04-14 09:00:00,9477.95,BROKEN,Human
PTP00005813,A000071,2026-02-16 20:00:00,2026-02-23 20:00:00,8450.46,BROKEN,AI Voice
PTP00005814,A004177,2026-05-20 20:00:00,2026-05-23 20:00:00,3920.35,KEPT,Human
PTP00005815,A001884,2026-03-25 13:00:00,2026-03-28 13:00:00,4599.04,BROKEN,AI Voice
PTP00005816,A002080,2026-02-11 20:00:00,2026-02-14 20:00:00,6451.74,KEPT,WhatsApp
PTP00005817,A000633,2026-02-03 14:00:00,2026-02-10 14:00:00,4680.34,KEPT,WhatsApp
PTP00005818,A000262,2026-03-07 17:00:00,2026-03-14 17:00:00,7606.96,PENDING,AI Voice
PTP00005819,A000262,2025-11-23 12:00:00,2025-11-26 12:00:00,6121.0,KEPT,Field
PTP00005820,A003593,2026-03-12 16:00:00,2026-03-13 16:00:00,7688.34,BROKEN,WhatsApp
PTP00005821,A003557,2025-11-14 15:00:00,2025-11-17 15:00:00,8758.45,KEPT,WhatsApp
PTP00005822,A000147,2026-03-13 20:00:00,2026-03-27 20:00:00,5366.6,BROKEN,AI Voice
PTP00005823,A001497,2026-02-19 10:00:00,2026-02-20 10:00:00,12287.55,BROKEN,WhatsApp
PTP00005824,A002412,2026-01-11 16:00:00,2026-01-12 16:00:00,7639.93,BROKEN,WhatsApp
PTP00005825,A001073,2026-08-03 17:00:00,2026-08-10 17:00:00,6594.07,KEPT,Field
PTP00005826,A001314,2025-12-23 15:00:00,2026-01-06 15:00:00,14750.7,BROKEN,Field
PTP00005827,A004119,2026-06-17 20:00:00,2026-06-18 20:00:00,4957.85,BROKEN,Field
PTP00005828,A002093,2025-10-13 17:00:00,2025-10-14 17:00:00,2793.97,KEPT,WhatsApp
PTP00005829,A001708,2026-07-17 13:00:00,2026-07-31 13:00:00,4193.42,KEPT,WhatsApp
PTP00005830,A003174,2025-12-05 18:00:00,2025-12-08 18:00:00,6619.92,KEPT,WhatsApp
PTP00005831,A003750,2026-07-10 18:00:00,2026-07-17 18:00:00,2331.59,KEPT,AI Voice
PTP00005832,A003722,2026-08-11 19:00:00,2026-08-14 19:00:00,13472.05,KEPT,WhatsApp
PTP00005833,A003187,2026-02-05 18:00:00,2026-02-08 18:00:00,12636.56,BROKEN,Field
PTP00005834,A000714,2025-10-27 09:00:00,2025-10-28 09:00:00,5987.23,BROKEN,WhatsApp
PTP00005835,A002499,2026-07-27 20:00:00,2026-07-30 20:00:00,7536.69,BROKEN,WhatsApp
PTP00005836,A003406,2025-09-11 18:00:00,2025-09-25 18:00:00,2595.98,PENDING,WhatsApp
PTP00005837,A001624,2026-02-10 14:00:00,2026-02-13 14:00:00,12365.41,KEPT,AI Voice
PTP00005838,A001508,2025-10-17 18:00:00,2025-10-24 18:00:00,3777.74,BROKEN,AI Voice
PTP00005839,A000388,2025-12-04 19:00:00,2025-12-18 19:00:00,8474.0,KEPT,Human
PTP00005840,A000156,2026-01-07 20:00:00,2026-01-08 20:00:00,12443.69,KEPT,Field
PTP00005841,A003132,2026-02-03 09:00:00,2026-02-10 09:00:00,14947.16,KEPT,Field
PTP00005842,A003784,2026-06-11 11:00:00,2026-06-12 11:00:00,2361.45,BROKEN,WhatsApp
PTP00005843,A001200,2026-08-11 13:00:00,2026-08-25 13:00:00,2109.02,KEPT,Field
PTP00005844,A003610,2026-05-24 16:00:00,2026-05-31 16:00:00,6516.81,KEPT,AI Voice
PTP00005845,A001116,2026-04-14 09:00:00,2026-04-17 09:00:00,5573.02,PENDING,AI Voice
PTP00005846,A001016,2026-05-20 15:00:00,2026-06-03 15:00:00,2289.99,PENDING,Field
PTP00005847,A001936,2026-02-03 19:00:00,2026-02-06 19:00:00,5830.03,KEPT,AI Voice
PTP00005848,A002258,2026-06-01 11:00:00,2026-06-02 11:00:00,8540.05,KEPT,WhatsApp
PTP00005849,A001478,2025-09-19 12:00:00,2025-10-03 12:00:00,8201.63,BROKEN,WhatsApp
PTP00005850,A001815,2026-04-17 10:00:00,2026-04-18 10:00:00,11141.84,BROKEN,WhatsApp
PTP00005851,A000988,2026-03-17 12:00:00,2026-03-24 12:00:00,8052.92,PENDING,AI Voice
PTP00005852,A002915,2026-05-23 18:00:00,2026-05-24 18:00:00,11084.98,BROKEN,Field
PTP00005853,A000550,2026-03-05 09:00:00,2026-03-08 09:00:00,13954.39,PENDING,Human
PTP00005854,A000013,2026-05-21 18:00:00,2026-05-22 18:00:00,9111.42,KEPT,WhatsApp
PTP00005855,A003622,2025-10-06 09:00:00,2025-10-07 09:00:00,13021.94,BROKEN,Human
PTP00005856,A002197,2026-08-16 14:00:00,2026-08-23 14:00:00,2866.6,KEPT,AI Voice
PTP00005857,A001998,2025-09-22 16:00:00,2025-09-29 16:00:00,7595.85,BROKEN,Field
PTP00005858,A001765,2026-01-27 14:00:00,2026-02-03 14:00:00,13621.98,KEPT,AI Voice
PTP00005859,A001992,2025-10-16 10:00:00,2025-10-19 10:00:00,11002.31,BROKEN,Field
PTP00005860,A002105,2026-01-21 10:00:00,2026-01-28 10:00:00,14508.33,KEPT,AI Voice
PTP00005861,A002584,2026-06-09 11:00:00,2026-06-10 11:00:00,5486.38,KEPT,Field
PTP00005862,A001238,2026-01-22 16:00:00,2026-01-23 16:00:00,6271.16,PENDING,AI Voice
PTP00005863,A001173,2026-02-02 11:00:00,2026-02-09 11:00:00,10200.58,BROKEN,AI Voice
PTP00005864,A001743,2026-04-25 13:00:00,2026-05-02 13:00:00,8750.28,KEPT,AI Voice
PTP00005865,A000263,2026-01-06 15:00:00,2026-01-20 15:00:00,3503.55,BROKEN,WhatsApp
PTP00005866,A003508,2026-02-06 13:00:00,2026-02-13 13:00:00,7640.39,KEPT,AI Voice
PTP00005867,A002131,2026-02-21 11:00:00,2026-02-24 11:00:00,11103.55,KEPT,Human
PTP00005868,A003304,2025-10-19 10:00:00,2025-10-22 10:00:00,8951.01,KEPT,Human
PTP00005869,A003283,2025-09-04 17:00:00,2025-09-18 17:00:00,3522.37,PENDING,AI Voice
PTP00005870,A002938,2026-04-11 14:00:00,2026-04-25 14:00:00,6091.95,KEPT,WhatsApp
PTP00005871,A004170,2026-06-05 09:00:00,2026-06-06 09:00:00,8504.76,KEPT,AI Voice
PTP00005872,A004124,2025-10-11 16:00:00,2025-10-14 16:00:00,9146.83,KEPT,Field
PTP00005873,A001304,2026-01-15 14:00:00,2026-01-18 14:00:00,13279.03,KEPT,Field
PTP00005874,A003221,2025-10-12 14:00:00,2025-10-19 14:00:00,2794.96,KEPT,Field
PTP00005875,A002341,2025-10-08 08:00:00,2025-10-22 08:00:00,9333.77,BROKEN,Field
PTP00005876,A003514,2026-04-15 12:00:00,2026-04-22 12:00:00,13034.22,BROKEN,Field
PTP00005877,A000964,2026-05-15 15:00:00,2026-05-18 15:00:00,2942.88,KEPT,AI Voice
PTP00005878,A003091,2026-08-01 17:00:00,2026-08-15 17:00:00,7387.95,KEPT,Human
PTP00005879,A002357,2025-11-18 20:00:00,2025-12-02 20:00:00,9631.12,PENDING,Field
PTP00005880,A001301,2026-01-27 09:00:00,2026-02-10 09:00:00,3898.34,KEPT,Human
PTP00005881,A003963,2025-11-17 19:00:00,2025-12-01 19:00:00,3627.87,KEPT,AI Voice
PTP00005882,A001953,2026-08-08 17:00:00,2026-08-11 17:00:00,3931.55,BROKEN,AI Voice
PTP00005883,A000700,2025-12-12 14:00:00,2025-12-15 14:00:00,4532.25,BROKEN,Field
PTP00005884,A003288,2026-06-06 10:00:00,2026-06-07 10:00:00,2719.54,KEPT,Human
PTP00005885,A002035,2026-05-20 10:00:00,2026-05-21 10:00:00,4986.55,BROKEN,Human
PTP00005886,A002100,2026-05-10 12:00:00,2026-05-24 12:00:00,3812.23,BROKEN,WhatsApp
PTP00005887,A001424,2026-01-25 16:00:00,2026-01-26 16:00:00,12099.74,KEPT,Human
PTP00005888,A002157,2026-05-07 14:00:00,2026-05-14 14:00:00,13352.43,KEPT,AI Voice
PTP00005889,A002375,2026-06-07 14:00:00,2026-06-08 14:00:00,8042.73,PENDING,Field
PTP00005890,A000570,2026-06-03 19:00:00,2026-06-17 19:00:00,6290.33,BROKEN,Field
PTP00005891,A001432,2026-05-02 08:00:00,2026-05-16 08:00:00,12031.29,KEPT,Human
PTP00005892,A001767,2026-03-01 20:00:00,2026-03-02 20:00:00,9310.0,BROKEN,Field
PTP00005893,A000135,2026-03-04 14:00:00,2026-03-07 14:00:00,2267.84,KEPT,Human
PTP00005894,A000356,2026-02-06 10:00:00,2026-02-13 10:00:00,8733.66,BROKEN,WhatsApp
PTP00005895,A000399,2026-01-10 13:00:00,2026-01-13 13:00:00,13691.9,BROKEN,WhatsApp
PTP00005896,A001214,2025-11-01 19:00:00,2025-11-04 19:00:00,8507.43,KEPT,Field
PTP00005897,A002450,2026-03-04 08:00:00,2026-03-18 08:00:00,10705.45,KEPT,WhatsApp
PTP00005898,A002623,2026-02-04 11:00:00,2026-02-05 11:00:00,12302.52,KEPT,AI Voice
PTP00005899,A003532,2026-01-08 20:00:00,2026-01-09 20:00:00,12652.17,BROKEN,Field
PTP00005900,A000285,2026-02-04 14:00:00,2026-02-07 14:00:00,4136.58,BROKEN,AI Voice
PTP00005901,A001838,2025-12-12 17:00:00,2025-12-13 17:00:00,8699.85,KEPT,AI Voice
PTP00005902,A002306,2025-11-01 10:00:00,2025-11-02 10:00:00,3369.45,BROKEN,Human
PTP00005903,A000366,2026-03-04 18:00:00,2026-03-11 18:00:00,12076.97,BROKEN,Field
PTP00005904,A002468,2026-08-01 16:00:00,2026-08-08 16:00:00,12867.5,BROKEN,AI Voice
PTP00005905,A003064,2026-08-03 10:00:00,2026-08-04 10:00:00,6199.37,KEPT,Human
PTP00005906,A000930,2026-05-02 20:00:00,2026-05-05 20:00:00,9650.8,PENDING,AI Voice
PTP00005907,A001495,2025-10-11 18:00:00,2025-10-12 18:00:00,10407.8,BROKEN,WhatsApp
PTP00005908,A002436,2026-06-24 20:00:00,2026-06-25 20:00:00,6826.24,BROKEN,Field
PTP00005909,A000590,2026-08-09 12:00:00,2026-08-10 12:00:00,2660.6,BROKEN,AI Voice
PTP00005910,A001873,2026-02-14 09:00:00,2026-02-28 09:00:00,4346.01,KEPT,Human
PTP00005911,A001750,2025-11-19 17:00:00,2025-11-20 17:00:00,14485.69,BROKEN,Human
PTP00005912,A001374,2026-08-24 10:00:00,2026-08-25 10:00:00,10126.72,PENDING,AI Voice
PTP00005913,A002032,2026-07-21 08:00:00,2026-07-24 08:00:00,7697.7,BROKEN,WhatsApp
PTP00005914,A002297,2026-06-10 18:00:00,2026-06-11 18:00:00,10984.72,KEPT,Field
PTP00005915,A000291,2026-05-11 11:00:00,2026-05-18 11:00:00,5739.59,KEPT,Human
PTP00005916,A002891,2026-02-09 08:00:00,2026-02-23 08:00:00,2760.11,BROKEN,Field
PTP00005917,A000947,2026-03-24 12:00:00,2026-04-07 12:00:00,3322.33,BROKEN,AI Voice
PTP00005918,A002488,2026-07-17 14:00:00,2026-07-20 14:00:00,8136.53,KEPT,Human
PTP00005919,A001744,2026-08-10 19:00:00,2026-08-11 19:00:00,12726.3,PENDING,Human
PTP00005920,A000720,2025-11-22 12:00:00,2025-11-29 12:00:00,6129.88,KEPT,WhatsApp
PTP00005921,A004184,2025-09-06 13:00:00,2025-09-07 13:00:00,2726.88,KEPT,AI Voice
PTP00005922,A003562,2026-04-26 15:00:00,2026-05-03 15:00:00,9790.74,PENDING,Field
PTP00005923,A003727,2025-12-22 12:00:00,2025-12-29 12:00:00,11752.09,KEPT,AI Voice
PTP00005924,A001732,2026-07-19 11:00:00,2026-07-22 11:00:00,4614.07,PENDING,Field
PTP00005925,A003195,2026-08-06 16:00:00,2026-08-20 16:00:00,12022.69,BROKEN,WhatsApp
PTP00005926,A000332,2026-03-04 13:00:00,2026-03-11 13:00:00,14843.2,PENDING,AI Voice
PTP00005927,A004027,2026-06-24 13:00:00,2026-06-27 13:00:00,6996.69,KEPT,WhatsApp
PTP00005928,A003456,2026-02-05 09:00:00,2026-02-08 09:00:00,2692.68,BROKEN,WhatsApp
PTP00005929,A001129,2026-01-03 11:00:00,2026-01-04 11:00:00,9991.52,BROKEN,Field
PTP00005930,A000779,2026-02-05 10:00:00,2026-02-12 10:00:00,7359.31,BROKEN,Field
PTP00005931,A003025,2025-09-13 14:00:00,2025-09-14 14:00:00,8191.4,KEPT,WhatsApp
PTP00005932,A001721,2026-05-01 15:00:00,2026-05-02 15:00:00,2774.88,KEPT,AI Voice
PTP00005933,A000596,2026-01-07 20:00:00,2026-01-10 20:00:00,6210.32,KEPT,WhatsApp
PTP00005934,A003193,2026-04-08 20:00:00,2026-04-22 20:00:00,2897.0,BROKEN,WhatsApp
PTP00005935,A002875,2026-05-24 18:00:00,2026-05-31 18:00:00,9980.61,BROKEN,Human
PTP00005936,A002782,2026-06-03 19:00:00,2026-06-06 19:00:00,7248.29,BROKEN,WhatsApp
PTP00005937,A001604,2026-08-26 14:00:00,2026-08-27 14:00:00,8790.31,BROKEN,WhatsApp
PTP00005938,A003362,2026-02-27 17:00:00,2026-03-06 17:00:00,2885.02,PENDING,Human
PTP00005939,A000834,2026-01-26 14:00:00,2026-02-02 14:00:00,11750.48,BROKEN,WhatsApp
PTP00005940,A002781,2026-01-13 17:00:00,2026-01-16 17:00:00,7620.98,KEPT,AI Voice
PTP00005941,A003247,2026-06-03 11:00:00,2026-06-10 11:00:00,13540.13,PENDING,WhatsApp
PTP00005942,A002073,2026-03-02 17:00:00,2026-03-03 17:00:00,11480.2,KEPT,Field
PTP00005943,A002690,2026-01-21 09:00:00,2026-01-24 09:00:00,11989.42,PENDING,Human
PTP00005944,A001372,2025-09-24 12:00:00,2025-09-25 12:00:00,4481.16,KEPT,WhatsApp
PTP00005945,A004170,2025-09-14 16:00:00,2025-09-28 16:00:00,3700.82,BROKEN,Human
PTP00005946,A002874,2026-07-04 08:00:00,2026-07-11 08:00:00,4536.75,BROKEN,AI Voice
PTP00005947,A001784,2025-10-19 08:00:00,2025-10-20 08:00:00,13530.71,KEPT,Human
PTP00005948,A002025,2025-11-27 19:00:00,2025-11-30 19:00:00,3870.64,BROKEN,AI Voice
PTP00005949,A002661,2026-01-22 11:00:00,2026-02-05 11:00:00,5382.5,PENDING,Field
PTP00005950,A000034,2026-07-24 19:00:00,2026-07-25 19:00:00,5220.35,BROKEN,Human
PTP00005951,A000018,2025-12-13 18:00:00,2025-12-20 18:00:00,4464.08,KEPT,AI Voice
PTP00005952,A003013,2026-03-16 19:00:00,2026-03-30 19:00:00,11889.44,BROKEN,Human
PTP00005953,A003300,2025-09-09 17:00:00,2025-09-23 17:00:00,8118.98,KEPT,Field
PTP00005954,A002663,2026-06-22 12:00:00,2026-06-29 12:00:00,10846.51,KEPT,Field
PTP00005955,A004051,2026-08-23 18:00:00,2026-08-30 18:00:00,14241.13,PENDING,AI Voice
PTP00005956,A003646,2026-07-22 10:00:00,2026-08-05 10:00:00,6748.57,KEPT,Human
PTP00005957,A004149,2026-06-09 09:00:00,2026-06-23 09:00:00,8716.17,KEPT,Human
PTP00005958,A003549,2026-02-16 17:00:00,2026-02-19 17:00:00,6118.38,KEPT,WhatsApp
PTP00005959,A002452,2026-04-02 20:00:00,2026-04-09 20:00:00,5091.11,BROKEN,Human
PTP00005960,A000207,2025-11-09 13:00:00,2025-11-16 13:00:00,2194.75,BROKEN,WhatsApp
PTP00005961,A001900,2026-02-09 14:00:00,2026-02-12 14:00:00,2780.23,KEPT,WhatsApp
PTP00005962,A003921,2026-08-25 10:00:00,2026-08-28 10:00:00,2746.43,KEPT,Field
PTP00005963,A001956,2025-09-11 13:00:00,2025-09-25 13:00:00,7305.47,PENDING,AI Voice
PTP00005964,A001484,2026-08-26 16:00:00,2026-08-29 16:00:00,3367.36,PENDING,AI Voice
PTP00005965,A004063,2025-10-19 15:00:00,2025-10-26 15:00:00,11333.82,BROKEN,AI Voice
PTP00005966,A003021,2026-01-18 15:00:00,2026-01-19 15:00:00,9912.32,KEPT,Field
PTP00005967,A000369,2026-07-26 09:00:00,2026-08-09 09:00:00,12204.58,PENDING,Human
PTP00005968,A003482,2026-02-05 19:00:00,2026-02-06 19:00:00,5655.04,BROKEN,AI Voice
PTP00005969,A003843,2025-12-12 08:00:00,2025-12-15 08:00:00,13023.35,KEPT,Field
PTP00005970,A001865,2026-06-22 12:00:00,2026-06-23 12:00:00,8468.74,BROKEN,AI Voice
PTP00005971,A003793,2026-03-01 17:00:00,2026-03-08 17:00:00,12427.84,KEPT,Human
PTP00005972,A003645,2026-04-01 08:00:00,2026-04-15 08:00:00,6266.66,KEPT,WhatsApp
PTP00005973,A001773,2026-01-23 17:00:00,2026-01-30 17:00:00,9244.75,PENDING,Field
PTP00005974,A003851,2025-10-15 09:00:00,2025-10-22 09:00:00,11585.59,BROKEN,Human
PTP00005975,A003932,2025-10-16 17:00:00,2025-10-19 17:00:00,11913.76,KEPT,WhatsApp
PTP00005976,A000163,2026-01-21 09:00:00,2026-01-22 09:00:00,8687.88,KEPT,WhatsApp
PTP00005977,A001892,2026-05-13 16:00:00,2026-05-14 16:00:00,3128.8,BROKEN,Human
PTP00005978,A002669,2026-04-02 14:00:00,2026-04-09 14:00:00,7312.96,KEPT,Human
PTP00005979,A000718,2025-11-21 16:00:00,2025-11-22 16:00:00,8299.72,BROKEN,WhatsApp
PTP00005980,A000269,2026-02-20 19:00:00,2026-02-27 19:00:00,2081.61,PENDING,WhatsApp
PTP00005981,A002704,2026-08-20 19:00:00,2026-08-21 19:00:00,4296.77,KEPT,WhatsApp
PTP00005982,A001556,2026-07-27 09:00:00,2026-07-28 09:00:00,4131.87,KEPT,Human
PTP00005983,A000908,2026-03-01 19:00:00,2026-03-04 19:00:00,4987.15,KEPT,Human
PTP00005984,A000928,2026-08-27 15:00:00,2026-09-10 15:00:00,5058.03,KEPT,Field
PTP00005985,A003345,2025-11-25 17:00:00,2025-12-09 17:00:00,12321.12,KEPT,WhatsApp
PTP00005986,A003970,2026-07-06 13:00:00,2026-07-13 13:00:00,3785.07,KEPT,Field
PTP00005987,A003952,2026-07-02 18:00:00,2026-07-05 18:00:00,5000.15,PENDING,Field
PTP00005988,A002455,2026-01-05 08:00:00,2026-01-12 08:00:00,5739.72,KEPT,AI Voice
PTP00005989,A003589,2026-01-11 19:00:00,2026-01-25 19:00:00,4344.3,BROKEN,WhatsApp
PTP00005990,A000186,2026-01-13 13:00:00,2026-01-16 13:00:00,5278.74,KEPT,Human
PTP00005991,A000172,2026-03-16 12:00:00,2026-03-23 12:00:00,4282.64,KEPT,Field
PTP00005992,A004198,2025-12-24 14:00:00,2025-12-25 14:00:00,7981.11,KEPT,AI Voice
PTP00005993,A002537,2026-05-20 17:00:00,2026-05-21 17:00:00,6731.01,KEPT,WhatsApp
PTP00005994,A002516,2025-09-12 13:00:00,2025-09-13 13:00:00,3055.25,BROKEN,Field
PTP00005995,A001393,2026-08-23 16:00:00,2026-08-26 16:00:00,2679.14,PENDING,AI Voice
PTP00005996,A002130,2026-04-04 17:00:00,2026-04-07 17:00:00,7496.2,KEPT,Field
PTP00005997,A003529,2026-05-12 20:00:00,2026-05-15 20:00:00,5539.15,BROKEN,WhatsApp
PTP00005998,A002205,2025-10-04 14:00:00,2025-10-11 14:00:00,14316.28,KEPT,AI Voice
PTP00005999,A002830,2026-07-08 13:00:00,2026-07-09 13:00:00,5861.77,PENDING,Field
PTP00006000,A001539,2026-05-06 19:00:00,2026-05-20 19:00:00,4188.95,BROKEN,Field
PTP00006001,A002284,2025-09-26 14:00:00,2025-09-29 14:00:00,7630.88,KEPT,AI Voice
PTP00006002,A000860,2026-04-11 11:00:00,2026-04-14 11:00:00,12947.81,KEPT,Human
PTP00006003,A001619,2026-01-25 17:00:00,2026-02-01 17:00:00,11631.48,BROKEN,WhatsApp
PTP00006004,A002337,2026-02-14 18:00:00,2026-02-28 18:00:00,7789.88,KEPT,WhatsApp
PTP00006005,A001613,2026-03-27 14:00:00,2026-03-28 14:00:00,5059.85,BROKEN,Field
PTP00006006,A000968,2025-11-13 17:00:00,2025-11-27 17:00:00,5366.9,PENDING,Human
PTP00006007,A001698,2025-12-03 11:00:00,2025-12-10 11:00:00,8452.93,KEPT,AI Voice
PTP00006008,A004002,2026-05-16 18:00:00,2026-05-23 18:00:00,10330.53,KEPT,AI Voice
PTP00006009,A001647,2025-10-21 09:00:00,2025-10-24 09:00:00,5940.98,BROKEN,Field
PTP00006010,A002338,2026-07-15 12:00:00,2026-07-22 12:00:00,2302.1,KEPT,Human
PTP00006011,A004034,2026-02-27 10:00:00,2026-03-13 10:00:00,14454.36,KEPT,Field
PTP00006012,A002882,2026-06-04 09:00:00,2026-06-05 09:00:00,9861.83,BROKEN,Human
PTP00006013,A002245,2026-07-26 14:00:00,2026-08-09 14:00:00,14073.05,KEPT,Field
PTP00006014,A004095,2025-09-06 08:00:00,2025-09-20 08:00:00,5023.82,PENDING,WhatsApp
PTP00006015,A000716,2026-08-13 11:00:00,2026-08-14 11:00:00,4030.12,PENDING,Field
PTP00006016,A001912,2025-11-09 19:00:00,2025-11-16 19:00:00,5356.41,BROKEN,AI Voice
PTP00006017,A003400,2026-01-19 08:00:00,2026-02-02 08:00:00,13993.81,KEPT,WhatsApp
PTP00006018,A004111,2026-01-22 15:00:00,2026-01-29 15:00:00,8565.64,KEPT,Field
PTP00006019,A000674,2026-03-15 15:00:00,2026-03-29 15:00:00,10405.3,KEPT,AI Voice
PTP00006020,A003652,2026-08-17 16:00:00,2026-08-31 16:00:00,9845.28,KEPT,WhatsApp
PTP00006021,A004003,2026-08-16 14:00:00,2026-08-19 14:00:00,6072.67,KEPT,WhatsApp
PTP00006022,A003822,2025-12-12 13:00:00,2025-12-19 13:00:00,4587.2,PENDING,WhatsApp
PTP00006023,A001855,2026-07-26 13:00:00,2026-08-02 13:00:00,14144.71,BROKEN,AI Voice
PTP00006024,A004015,2026-02-17 20:00:00,2026-02-24 20:00:00,4468.79,KEPT,AI Voice
PTP00006025,A001403,2026-02-11 12:00:00,2026-02-25 12:00:00,7029.17,BROKEN,Human
PTP00006026,A002704,2026-08-09 20:00:00,2026-08-12 20:00:00,6579.85,KEPT,AI Voice
PTP00006027,A002273,2026-05-09 14:00:00,2026-05-12 14:00:00,2137.44,KEPT,AI Voice
PTP00006028,A001615,2026-02-12 18:00:00,2026-02-13 18:00:00,4766.38,KEPT,AI Voice
PTP00006029,A001115,2025-09-23 13:00:00,2025-09-26 13:00:00,9683.59,BROKEN,WhatsApp
PTP00006030,A001230,2025-10-03 19:00:00,2025-10-06 19:00:00,2371.65,KEPT,WhatsApp
PTP00006031,A004095,2026-03-18 11:00:00,2026-03-21 11:00:00,6825.74,BROKEN,WhatsApp
PTP00006032,A003259,2026-07-08 18:00:00,2026-07-09 18:00:00,5766.08,KEPT,Field
PTP00006033,A001519,2025-09-15 13:00:00,2025-09-18 13:00:00,10346.83,KEPT,Field
PTP00006034,A000583,2026-01-11 10:00:00,2026-01-25 10:00:00,2440.77,BROKEN,Field
PTP00006035,A003774,2025-12-11 18:00:00,2025-12-18 18:00:00,9979.38,BROKEN,AI Voice
PTP00006036,A000027,2025-12-03 16:00:00,2025-12-06 16:00:00,14005.77,KEPT,WhatsApp
PTP00006037,A003460,2026-08-12 14:00:00,2026-08-15 14:00:00,12092.08,KEPT,WhatsApp
PTP00006038,A001055,2026-04-26 10:00:00,2026-04-27 10:00:00,8138.15,KEPT,Field
PTP00006039,A002140,2026-04-15 09:00:00,2026-04-22 09:00:00,11783.49,KEPT,Human
PTP00006040,A002566,2025-10-06 19:00:00,2025-10-07 19:00:00,14925.86,KEPT,WhatsApp
PTP00006041,A001416,2026-08-27 10:00:00,2026-09-03 10:00:00,10733.45,KEPT,AI Voice
PTP00006042,A000564,2025-11-02 11:00:00,2025-11-16 11:00:00,14445.5,KEPT,Human
PTP00006043,A000424,2026-01-23 09:00:00,2026-02-06 09:00:00,14711.29,PENDING,AI Voice
PTP00006044,A001391,2026-04-27 08:00:00,2026-04-28 08:00:00,14122.64,KEPT,AI Voice
PTP00006045,A003282,2025-10-20 16:00:00,2025-10-27 16:00:00,2813.66,PENDING,WhatsApp
PTP00006046,A004053,2025-09-09 11:00:00,2025-09-12 11:00:00,7577.14,KEPT,Field
PTP00006047,A000321,2026-05-19 19:00:00,2026-06-02 19:00:00,7843.93,BROKEN,WhatsApp
PTP00006048,A003480,2026-07-09 20:00:00,2026-07-10 20:00:00,5884.59,KEPT,Field
PTP00006049,A001310,2026-05-08 18:00:00,2026-05-11 18:00:00,14079.04,KEPT,AI Voice
PTP00006050,A001126,2026-01-06 10:00:00,2026-01-07 10:00:00,10722.36,KEPT,Field
PTP00006051,A002302,2026-04-15 10:00:00,2026-04-29 10:00:00,11486.39,KEPT,WhatsApp
PTP00006052,A002952,2026-05-09 13:00:00,2026-05-16 13:00:00,6601.24,PENDING,Field
PTP00006053,A003740,2026-01-09 16:00:00,2026-01-10 16:00:00,14185.99,BROKEN,Field
PTP00006054,A001248,2026-07-13 08:00:00,2026-07-20 08:00:00,8920.22,KEPT,WhatsApp
PTP00006055,A001172,2025-11-01 16:00:00,2025-11-02 16:00:00,13370.02,BROKEN,WhatsApp
PTP00006056,A002080,2025-10-09 08:00:00,2025-10-16 08:00:00,6289.48,BROKEN,AI Voice
PTP00006057,A001039,2026-02-25 12:00:00,2026-02-28 12:00:00,7632.74,KEPT,Human
PTP00006058,A001239,2026-03-01 08:00:00,2026-03-08 08:00:00,6959.28,PENDING,Human
PTP00006059,A002380,2026-08-17 17:00:00,2026-08-20 17:00:00,9515.8,KEPT,Human
PTP00006060,A002762,2026-03-06 10:00:00,2026-03-13 10:00:00,6290.48,BROKEN,Field
PTP00006061,A003930,2025-12-24 08:00:00,2025-12-25 08:00:00,12995.59,PENDING,Human
PTP00006062,A003026,2025-12-20 16:00:00,2025-12-23 16:00:00,3152.96,KEPT,AI Voice
PTP00006063,A003224,2026-01-19 19:00:00,2026-01-20 19:00:00,5253.6,BROKEN,Field
PTP00006064,A000104,2026-05-25 17:00:00,2026-06-01 17:00:00,10689.82,BROKEN,Field
PTP00006065,A004120,2026-07-20 15:00:00,2026-07-23 15:00:00,11893.25,KEPT,AI Voice
PTP00006066,A001685,2025-11-19 16:00:00,2025-11-26 16:00:00,11676.91,PENDING,Field
PTP00006067,A003186,2026-04-14 18:00:00,2026-04-17 18:00:00,6713.91,BROKEN,WhatsApp
PTP00006068,A003050,2026-05-11 19:00:00,2026-05-14 19:00:00,14576.78,KEPT,AI Voice
PTP00006069,A002828,2026-04-06 20:00:00,2026-04-09 20:00:00,4906.38,KEPT,Field
PTP00006070,A002948,2026-08-05 14:00:00,2026-08-12 14:00:00,6290.0,PENDING,Field
PTP00006071,A000938,2026-04-02 15:00:00,2026-04-05 15:00:00,4315.41,BROKEN,AI Voice
PTP00006072,A001247,2026-03-22 09:00:00,2026-04-05 09:00:00,14079.93,KEPT,AI Voice
PTP00006073,A003475,2025-11-03 11:00:00,2025-11-06 11:00:00,3484.49,KEPT,AI Voice
PTP00006074,A000325,2026-08-27 11:00:00,2026-09-03 11:00:00,7208.3,BROKEN,AI Voice
PTP00006075,A000295,2026-06-19 12:00:00,2026-07-03 12:00:00,9369.23,KEPT,Human
PTP00006076,A000301,2026-02-07 16:00:00,2026-02-10 16:00:00,10351.66,KEPT,Human
PTP00006077,A003100,2026-02-14 12:00:00,2026-02-28 12:00:00,8606.76,KEPT,WhatsApp
PTP00006078,A001915,2025-12-02 16:00:00,2025-12-05 16:00:00,2606.53,PENDING,Human
PTP00006079,A001671,2026-07-27 17:00:00,2026-07-28 17:00:00,9206.24,PENDING,WhatsApp
PTP00006080,A003919,2026-08-26 13:00:00,2026-09-09 13:00:00,7329.61,BROKEN,Field
PTP00006081,A002836,2026-03-11 11:00:00,2026-03-18 11:00:00,2260.01,KEPT,WhatsApp
PTP00006082,A003357,2026-03-06 10:00:00,2026-03-13 10:00:00,12047.35,KEPT,AI Voice
PTP00006083,A003124,2026-03-05 14:00:00,2026-03-08 14:00:00,11760.08,KEPT,Human
PTP00006084,A002885,2026-08-11 14:00:00,2026-08-12 14:00:00,10325.29,KEPT,Field
PTP00006085,A002574,2026-08-22 12:00:00,2026-08-29 12:00:00,3967.38,PENDING,WhatsApp
PTP00006086,A001420,2025-11-25 10:00:00,2025-11-28 10:00:00,6726.52,KEPT,WhatsApp
PTP00006087,A001891,2026-08-03 19:00:00,2026-08-04 19:00:00,3517.42,KEPT,Human
PTP00006088,A001772,2026-04-03 19:00:00,2026-04-06 19:00:00,4253.11,KEPT,Field
PTP00006089,A000453,2025-11-24 11:00:00,2025-12-01 11:00:00,6518.58,KEPT,WhatsApp
PTP00006090,A002974,2025-12-05 08:00:00,2025-12-19 08:00:00,8016.21,BROKEN,WhatsApp
PTP00006091,A001223,2025-09-22 13:00:00,2025-09-25 13:00:00,12037.51,KEPT,AI Voice
PTP00006092,A002315,2026-08-23 09:00:00,2026-08-26 09:00:00,3080.71,BROKEN,WhatsApp
PTP00006093,A000129,2026-05-18 12:00:00,2026-05-19 12:00:00,12823.07,KEPT,Field
PTP00006094,A000027,2025-12-08 11:00:00,2025-12-09 11:00:00,8738.82,KEPT,Field
PTP00006095,A002788,2026-02-12 17:00:00,2026-02-19 17:00:00,3678.99,PENDING,Human
PTP00006096,A001303,2025-09-15 08:00:00,2025-09-16 08:00:00,9954.69,BROKEN,Field
PTP00006097,A002762,2026-07-07 12:00:00,2026-07-14 12:00:00,12075.15,BROKEN,Human
PTP00006098,A000506,2026-07-04 20:00:00,2026-07-11 20:00:00,2242.64,KEPT,Field
PTP00006099,A001118,2025-12-27 12:00:00,2025-12-30 12:00:00,8911.96,KEPT,AI Voice
PTP00006100,A002335,2026-05-13 12:00:00,2026-05-16 12:00:00,7806.21,KEPT,AI Voice
PTP00006101,A001396,2025-10-05 19:00:00,2025-10-19 19:00:00,6886.02,PENDING,WhatsApp
PTP00006102,A000192,2026-03-25 18:00:00,2026-03-28 18:00:00,6415.82,KEPT,AI Voice
PTP00006103,A001952,2026-04-06 17:00:00,2026-04-07 17:00:00,6181.88,KEPT,AI Voice
PTP00006104,A002847,2025-09-02 09:00:00,2025-09-03 09:00:00,10808.16,KEPT,Human
PTP00006105,A001858,2026-01-19 19:00:00,2026-01-20 19:00:00,8996.24,PENDING,AI Voice
PTP00006106,A002804,2026-05-14 09:00:00,2026-05-17 09:00:00,3951.47,BROKEN,AI Voice
PTP00006107,A002539,2026-04-08 09:00:00,2026-04-15 09:00:00,11684.86,KEPT,Field
PTP00006108,A004032,2026-08-01 16:00:00,2026-08-08 16:00:00,2902.82,BROKEN,Human
PTP00006109,A003992,2026-05-24 16:00:00,2026-06-07 16:00:00,3513.65,KEPT,WhatsApp
PTP00006110,A003274,2026-01-10 15:00:00,2026-01-13 15:00:00,8052.96,BROKEN,Human
PTP00006111,A000479,2026-08-11 20:00:00,2026-08-14 20:00:00,6566.42,BROKEN,Human
PTP00006112,A001353,2026-06-05 20:00:00,2026-06-08 20:00:00,12456.06,KEPT,WhatsApp
PTP00006113,A003597,2025-10-08 12:00:00,2025-10-15 12:00:00,10492.44,KEPT,AI Voice
PTP00006114,A002817,2026-07-10 10:00:00,2026-07-13 10:00:00,5288.1,KEPT,Field
PTP00006115,A000733,2026-08-08 14:00:00,2026-08-11 14:00:00,3392.72,KEPT,WhatsApp
PTP00006116,A001362,2025-12-26 10:00:00,2026-01-02 10:00:00,5329.1,BROKEN,WhatsApp
PTP00006117,A001744,2026-08-06 11:00:00,2026-08-07 11:00:00,10562.06,KEPT,Human
PTP00006118,A003127,2026-07-24 12:00:00,2026-07-27 12:00:00,4240.49,PENDING,AI Voice
PTP00006119,A000329,2026-08-10 17:00:00,2026-08-17 17:00:00,13052.74,KEPT,Field
PTP00006120,A001515,2026-08-24 11:00:00,2026-08-27 11:00:00,8098.06,KEPT,Human
PTP00006121,A002820,2025-12-26 14:00:00,2026-01-02 14:00:00,14437.39,KEPT,WhatsApp
PTP00006122,A002139,2026-03-07 19:00:00,2026-03-10 19:00:00,10037.73,KEPT,Human
PTP00006123,A000488,2026-02-15 15:00:00,2026-02-16 15:00:00,5461.28,KEPT,WhatsApp
PTP00006124,A000679,2025-10-09 14:00:00,2025-10-23 14:00:00,5049.81,BROKEN,Field
PTP00006125,A003536,2026-05-14 15:00:00,2026-05-21 15:00:00,2587.83,KEPT,Field
PTP00006126,A002035,2026-01-06 09:00:00,2026-01-13 09:00:00,10522.14,BROKEN,AI Voice
PTP00006127,A000607,2025-09-01 12:00:00,2025-09-02 12:00:00,9246.41,KEPT,Field
PTP00006128,A001544,2025-11-09 18:00:00,2025-11-16 18:00:00,9887.24,KEPT,AI Voice
PTP00006129,A000544,2025-09-07 11:00:00,2025-09-10 11:00:00,7784.02,KEPT,AI Voice
PTP00006130,A001599,2026-01-18 14:00:00,2026-01-21 14:00:00,7911.03,KEPT,WhatsApp
PTP00006131,A003049,2026-04-04 13:00:00,2026-04-05 13:00:00,11983.0,KEPT,Human
PTP00006132,A000266,2025-09-05 18:00:00,2025-09-06 18:00:00,7604.11,KEPT,WhatsApp
PTP00006133,A001874,2026-03-12 17:00:00,2026-03-15 17:00:00,7444.45,KEPT,AI Voice
PTP00006134,A003164,2026-07-07 08:00:00,2026-07-21 08:00:00,5460.63,BROKEN,Field
PTP00006135,A001999,2026-05-05 14:00:00,2026-05-19 14:00:00,13730.71,KEPT,AI Voice
PTP00006136,A003565,2026-05-12 10:00:00,2026-05-13 10:00:00,6934.99,KEPT,Human
PTP00006137,A001712,2026-06-09 16:00:00,2026-06-10 16:00:00,14310.33,BROKEN,AI Voice
PTP00006138,A002155,2026-05-10 17:00:00,2026-05-11 17:00:00,6356.54,BROKEN,Field
PTP00006139,A003123,2026-06-09 14:00:00,2026-06-12 14:00:00,10418.14,BROKEN,WhatsApp
PTP00006140,A002096,2026-07-10 20:00:00,2026-07-13 20:00:00,2702.45,KEPT,AI Voice
PTP00006141,A000905,2026-03-27 10:00:00,2026-03-30 10:00:00,12629.14,BROKEN,Human
PTP00006142,A003511,2026-05-03 13:00:00,2026-05-10 13:00:00,11800.59,PENDING,WhatsApp
PTP00006143,A003882,2025-12-15 15:00:00,2025-12-22 15:00:00,9543.53,BROKEN,WhatsApp
PTP00006144,A001811,2026-07-03 14:00:00,2026-07-17 14:00:00,7183.39,KEPT,Human
PTP00006145,A000540,2026-03-24 20:00:00,2026-03-25 20:00:00,8113.78,KEPT,AI Voice
PTP00006146,A000687,2025-12-02 19:00:00,2025-12-09 19:00:00,9408.39,BROKEN,Human
PTP00006147,A002510,2025-11-02 10:00:00,2025-11-09 10:00:00,6444.78,BROKEN,Human
PTP00006148,A000548,2026-03-12 09:00:00,2026-03-13 09:00:00,3854.05,KEPT,AI Voice
PTP00006149,A002019,2025-12-02 12:00:00,2025-12-05 12:00:00,6801.73,PENDING,WhatsApp
PTP00006150,A003807,2026-01-20 20:00:00,2026-02-03 20:00:00,3534.62,BROKEN,WhatsApp
PTP00006151,A000463,2026-04-27 09:00:00,2026-04-30 09:00:00,9691.69,KEPT,AI Voice
PTP00006152,A001060,2026-08-22 08:00:00,2026-08-25 08:00:00,12086.07,KEPT,Field
PTP00006153,A000454,2026-01-21 18:00:00,2026-02-04 18:00:00,3252.95,BROKEN,WhatsApp
PTP00006154,A000269,2025-11-11 16:00:00,2025-11-25 16:00:00,6555.77,KEPT,AI Voice
PTP00006155,A002878,2026-01-18 18:00:00,2026-01-25 18:00:00,8087.83,PENDING,AI Voice
PTP00006156,A004014,2026-08-08 14:00:00,2026-08-11 14:00:00,11746.08,BROKEN,WhatsApp
PTP00006157,A002276,2025-09-26 09:00:00,2025-09-27 09:00:00,11729.77,BROKEN,Field
PTP00006158,A000313,2025-10-20 16:00:00,2025-11-03 16:00:00,6276.18,PENDING,Human
PTP00006159,A001536,2026-01-19 08:00:00,2026-01-26 08:00:00,11189.44,KEPT,WhatsApp
PTP00006160,A001523,2026-05-25 10:00:00,2026-05-28 10:00:00,9326.96,BROKEN,Field
PTP00006161,A003081,2025-09-16 10:00:00,2025-09-23 10:00:00,12114.92,PENDING,Field
PTP00006162,A000326,2025-11-18 10:00:00,2025-12-02 10:00:00,5366.13,KEPT,WhatsApp
PTP00006163,A001937,2026-07-10 15:00:00,2026-07-13 15:00:00,5439.1,KEPT,Human
PTP00006164,A002271,2026-02-07 17:00:00,2026-02-08 17:00:00,11545.09,KEPT,Human
PTP00006165,A000405,2026-06-13 09:00:00,2026-06-14 09:00:00,13532.01,KEPT,Field
PTP00006166,A000445,2026-05-23 16:00:00,2026-06-06 16:00:00,11369.57,KEPT,AI Voice
PTP00006167,A000248,2026-06-26 08:00:00,2026-06-27 08:00:00,10236.89,KEPT,Field
PTP00006168,A004171,2026-03-14 19:00:00,2026-03-28 19:00:00,7120.01,PENDING,WhatsApp
PTP00006169,A002485,2025-11-20 18:00:00,2025-12-04 18:00:00,8813.67,KEPT,Field
PTP00006170,A002559,2025-11-14 16:00:00,2025-11-28 16:00:00,10164.37,KEPT,Field
PTP00006171,A001399,2026-06-18 08:00:00,2026-06-21 08:00:00,8682.65,KEPT,Field
PTP00006172,A003079,2025-10-02 14:00:00,2025-10-03 14:00:00,5485.98,KEPT,WhatsApp
PTP00006173,A001930,2025-09-15 20:00:00,2025-09-22 20:00:00,6913.63,KEPT,AI Voice
PTP00006174,A003362,2026-08-08 18:00:00,2026-08-15 18:00:00,14191.82,KEPT,AI Voice
PTP00006175,A004038,2026-02-22 09:00:00,2026-02-23 09:00:00,2308.3,KEPT,Field
PTP00006176,A000061,2025-11-14 12:00:00,2025-11-17 12:00:00,13496.15,PENDING,AI Voice
PTP00006177,A003396,2025-11-14 19:00:00,2025-11-17 19:00:00,13649.46,KEPT,Human
PTP00006178,A000783,2026-08-24 20:00:00,2026-08-27 20:00:00,5239.58,PENDING,AI Voice
PTP00006179,A001558,2026-08-15 17:00:00,2026-08-18 17:00:00,9185.28,BROKEN,Field
PTP00006180,A001076,2026-03-06 18:00:00,2026-03-13 18:00:00,9302.66,BROKEN,WhatsApp
PTP00006181,A003596,2025-11-10 14:00:00,2025-11-11 14:00:00,5232.87,BROKEN,WhatsApp
PTP00006182,A001808,2026-08-25 11:00:00,2026-08-28 11:00:00,3400.44,KEPT,AI Voice
PTP00006183,A000440,2025-10-20 09:00:00,2025-10-23 09:00:00,13464.85,BROKEN,WhatsApp
PTP00006184,A001956,2026-05-21 15:00:00,2026-05-24 15:00:00,12748.17,PENDING,AI Voice
PTP00006185,A000259,2026-04-15 14:00:00,2026-04-18 14:00:00,2544.58,PENDING,Field
PTP00006186,A002659,2025-09-20 10:00:00,2025-10-04 10:00:00,8049.92,KEPT,Field
PTP00006187,A003914,2025-09-22 08:00:00,2025-09-25 08:00:00,6545.2,BROKEN,Human
PTP00006188,A002064,2026-08-16 10:00:00,2026-08-30 10:00:00,2610.69,KEPT,AI Voice
PTP00006189,A001187,2025-10-14 11:00:00,2025-10-15 11:00:00,4628.71,KEPT,WhatsApp
PTP00006190,A003395,2026-04-05 20:00:00,2026-04-12 20:00:00,3997.41,BROKEN,Human
PTP00006191,A000125,2025-11-04 14:00:00,2025-11-07 14:00:00,5057.48,KEPT,AI Voice
PTP00006192,A002939,2025-11-26 18:00:00,2025-12-03 18:00:00,12047.51,KEPT,AI Voice
PTP00006193,A001861,2026-02-22 16:00:00,2026-02-23 16:00:00,3708.75,BROKEN,Human
PTP00006194,A003322,2026-03-01 13:00:00,2026-03-04 13:00:00,3253.52,KEPT,Field
PTP00006195,A003803,2026-05-17 20:00:00,2026-05-31 20:00:00,8688.07,PENDING,AI Voice
PTP00006196,A003739,2026-05-13 14:00:00,2026-05-20 14:00:00,3903.45,KEPT,Human
PTP00006197,A000702,2026-04-08 20:00:00,2026-04-09 20:00:00,2619.94,BROKEN,WhatsApp
PTP00006198,A001079,2025-10-25 18:00:00,2025-10-26 18:00:00,10501.09,PENDING,Human
PTP00006199,A000418,2026-07-13 20:00:00,2026-07-27 20:00:00,12438.73,BROKEN,Field
PTP00006200,A001666,2026-08-11 10:00:00,2026-08-18 10:00:00,4062.87,KEPT,Human
PTP00006201,A001496,2026-04-01 16:00:00,2026-04-15 16:00:00,6728.39,KEPT,WhatsApp
PTP00006202,A003821,2026-01-12 17:00:00,2026-01-19 17:00:00,6951.66,KEPT,WhatsApp
PTP00006203,A004191,2026-06-02 10:00:00,2026-06-05 10:00:00,4330.01,KEPT,AI Voice
PTP00006204,A000587,2026-07-19 16:00:00,2026-07-26 16:00:00,8599.8,KEPT,Field
PTP00006205,A003396,2026-01-22 17:00:00,2026-01-23 17:00:00,5280.37,BROKEN,AI Voice
PTP00006206,A001399,2026-02-25 20:00:00,2026-02-26 20:00:00,7302.01,KEPT,Human
PTP00006207,A002392,2025-11-11 15:00:00,2025-11-14 15:00:00,7263.06,KEPT,Human
PTP00006208,A001168,2025-12-09 09:00:00,2025-12-23 09:00:00,2886.62,KEPT,AI Voice
PTP00006209,A002681,2026-06-26 16:00:00,2026-07-10 16:00:00,4436.05,KEPT,AI Voice
PTP00006210,A001856,2026-07-11 18:00:00,2026-07-18 18:00:00,9052.49,KEPT,Human
PTP00006211,A002448,2025-09-09 15:00:00,2025-09-10 15:00:00,4910.7,KEPT,WhatsApp
PTP00006212,A001480,2026-05-07 10:00:00,2026-05-08 10:00:00,8946.79,PENDING,Field
PTP00006213,A001698,2026-02-25 17:00:00,2026-02-28 17:00:00,8107.96,KEPT,WhatsApp
PTP00006214,A000046,2025-12-24 08:00:00,2025-12-31 08:00:00,10515.44,KEPT,Field
PTP00006215,A003264,2026-04-10 09:00:00,2026-04-24 09:00:00,14656.16,KEPT,AI Voice
PTP00006216,A001310,2025-11-23 19:00:00,2025-12-07 19:00:00,4543.63,BROKEN,WhatsApp
PTP00006217,A001531,2026-05-19 09:00:00,2026-05-20 09:00:00,5696.45,KEPT,WhatsApp
PTP00006218,A000655,2025-10-17 15:00:00,2025-10-24 15:00:00,2439.87,BROKEN,Field
PTP00006219,A002669,2026-02-01 10:00:00,2026-02-08 10:00:00,3098.73,PENDING,WhatsApp
PTP00006220,A000116,2025-09-25 09:00:00,2025-09-28 09:00:00,11766.94,BROKEN,Human
PTP00006221,A003317,2026-05-18 14:00:00,2026-05-21 14:00:00,2064.99,KEPT,WhatsApp
PTP00006222,A000555,2025-09-24 20:00:00,2025-10-08 20:00:00,13426.8,KEPT,WhatsApp
PTP00006223,A003415,2025-12-13 14:00:00,2025-12-14 14:00:00,14947.61,KEPT,AI Voice
PTP00006224,A003996,2026-03-11 15:00:00,2026-03-18 15:00:00,3021.31,BROKEN,Field
PTP00006225,A003946,2026-06-09 15:00:00,2026-06-12 15:00:00,7485.96,PENDING,Field
PTP00006226,A003156,2025-10-12 14:00:00,2025-10-19 14:00:00,2550.62,PENDING,AI Voice
PTP00006227,A001707,2026-02-10 09:00:00,2026-02-11 09:00:00,2425.58,BROKEN,Human
PTP00006228,A002789,2026-08-04 16:00:00,2026-08-18 16:00:00,9404.16,KEPT,AI Voice
PTP00006229,A002771,2026-01-23 16:00:00,2026-01-26 16:00:00,11995.19,KEPT,AI Voice
PTP00006230,A001763,2026-03-08 12:00:00,2026-03-15 12:00:00,8081.24,PENDING,AI Voice
PTP00006231,A000349,2025-10-17 20:00:00,2025-10-20 20:00:00,12911.83,KEPT,Field
PTP00006232,A000126,2026-07-10 17:00:00,2026-07-17 17:00:00,6386.94,BROKEN,Human
PTP00006233,A003333,2026-04-09 14:00:00,2026-04-10 14:00:00,5552.14,BROKEN,Human
PTP00006234,A000327,2025-09-03 10:00:00,2025-09-04 10:00:00,4066.86,KEPT,WhatsApp
PTP00006235,A000728,2025-12-12 10:00:00,2025-12-26 10:00:00,14058.98,BROKEN,AI Voice
PTP00006236,A002198,2026-04-07 18:00:00,2026-04-21 18:00:00,3168.05,BROKEN,WhatsApp
PTP00006237,A003386,2025-12-22 14:00:00,2026-01-05 14:00:00,11598.14,KEPT,Human
PTP00006238,A000664,2026-02-07 16:00:00,2026-02-10 16:00:00,6528.18,BROKEN,AI Voice
PTP00006239,A002842,2026-02-17 14:00:00,2026-02-20 14:00:00,10290.29,BROKEN,AI Voice
PTP00006240,A003456,2026-02-24 12:00:00,2026-03-10 12:00:00,3903.63,KEPT,WhatsApp
PTP00006241,A002732,2025-12-03 09:00:00,2025-12-06 09:00:00,11523.67,BROKEN,Field
PTP00006242,A003812,2026-07-13 18:00:00,2026-07-16 18:00:00,2102.88,PENDING,Human
PTP00006243,A002446,2026-07-09 09:00:00,2026-07-12 09:00:00,5568.74,KEPT,Field
PTP00006244,A000141,2026-01-04 08:00:00,2026-01-05 08:00:00,14837.43,KEPT,AI Voice
PTP00006245,A000775,2026-03-07 10:00:00,2026-03-21 10:00:00,5547.57,KEPT,WhatsApp
PTP00006246,A002708,2025-12-13 09:00:00,2025-12-16 09:00:00,9116.14,BROKEN,WhatsApp
PTP00006247,A003738,2026-02-14 11:00:00,2026-02-21 11:00:00,2642.24,BROKEN,WhatsApp
PTP00006248,A002401,2026-03-14 20:00:00,2026-03-17 20:00:00,9295.12,BROKEN,AI Voice
PTP00006249,A002027,2025-11-25 14:00:00,2025-11-26 14:00:00,3608.49,BROKEN,WhatsApp
PTP00006250,A003784,2026-06-18 17:00:00,2026-06-19 17:00:00,6457.67,BROKEN,Human
PTP00006251,A002701,2026-06-03 09:00:00,2026-06-04 09:00:00,8843.58,KEPT,Human
PTP00006252,A001223,2026-06-13 17:00:00,2026-06-14 17:00:00,11595.73,PENDING,WhatsApp
PTP00006253,A001938,2025-12-14 19:00:00,2025-12-17 19:00:00,11024.37,PENDING,WhatsApp
PTP00006254,A003172,2026-02-06 14:00:00,2026-02-07 14:00:00,8414.94,BROKEN,WhatsApp
PTP00006255,A000321,2026-07-16 16:00:00,2026-07-23 16:00:00,10646.61,KEPT,WhatsApp
PTP00006256,A003923,2026-06-19 18:00:00,2026-06-22 18:00:00,8767.83,KEPT,AI Voice
PTP00006257,A001513,2026-07-17 18:00:00,2026-07-31 18:00:00,4219.86,PENDING,Field
PTP00006258,A000361,2025-10-15 18:00:00,2025-10-22 18:00:00,5505.82,KEPT,WhatsApp
PTP00006259,A003912,2025-10-19 16:00:00,2025-10-22 16:00:00,9218.35,BROKEN,WhatsApp
PTP00006260,A001404,2025-09-05 15:00:00,2025-09-08 15:00:00,9364.28,KEPT,Human
PTP00006261,A003051,2025-09-16 18:00:00,2025-09-17 18:00:00,7605.58,BROKEN,Human
PTP00006262,A001469,2026-01-24 19:00:00,2026-01-25 19:00:00,11797.31,KEPT,Field
PTP00006263,A000548,2025-10-19 20:00:00,2025-10-20 20:00:00,10419.59,BROKEN,Field
PTP00006264,A002483,2026-05-19 09:00:00,2026-05-20 09:00:00,4449.28,BROKEN,Human
PTP00006265,A003192,2026-01-21 10:00:00,2026-02-04 10:00:00,10140.02,KEPT,Human
PTP00006266,A003336,2026-06-14 14:00:00,2026-06-28 14:00:00,7455.35,KEPT,Human
PTP00006267,A003037,2026-08-14 17:00:00,2026-08-28 17:00:00,3217.69,KEPT,Field
PTP00006268,A003577,2025-10-23 08:00:00,2025-10-30 08:00:00,14896.99,BROKEN,AI Voice
PTP00006269,A000452,2026-02-26 20:00:00,2026-03-01 20:00:00,2026.17,KEPT,AI Voice
PTP00006270,A001000,2025-10-15 20:00:00,2025-10-29 20:00:00,3318.73,BROKEN,AI Voice
PTP00006271,A003674,2025-10-22 10:00:00,2025-10-25 10:00:00,14472.38,PENDING,Field
PTP00006272,A002433,2026-03-25 18:00:00,2026-04-01 18:00:00,14523.48,KEPT,WhatsApp
PTP00006273,A003700,2025-11-01 12:00:00,2025-11-15 12:00:00,7431.92,KEPT,WhatsApp
PTP00006274,A002827,2025-10-10 19:00:00,2025-10-13 19:00:00,2819.23,BROKEN,Human
PTP00006275,A002187,2026-05-14 19:00:00,2026-05-28 19:00:00,2111.67,KEPT,Human
PTP00006276,A002092,2026-03-15 18:00:00,2026-03-22 18:00:00,3730.47,KEPT,AI Voice
PTP00006277,A003080,2026-07-07 18:00:00,2026-07-21 18:00:00,2305.3,BROKEN,Field
PTP00006278,A001271,2026-07-24 17:00:00,2026-07-27 17:00:00,13259.55,PENDING,Field
PTP00006279,A000460,2026-06-01 11:00:00,2026-06-15 11:00:00,10175.06,BROKEN,WhatsApp
PTP00006280,A003295,2025-11-06 18:00:00,2025-11-20 18:00:00,7828.29,BROKEN,Human
PTP00006281,A000566,2026-06-24 17:00:00,2026-06-25 17:00:00,8285.01,BROKEN,Field
PTP00006282,A003422,2026-04-15 10:00:00,2026-04-16 10:00:00,2828.67,BROKEN,AI Voice
PTP00006283,A002672,2026-03-01 13:00:00,2026-03-08 13:00:00,12330.06,KEPT,Human
PTP00006284,A000529,2026-05-10 14:00:00,2026-05-13 14:00:00,3993.04,BROKEN,Field
PTP00006285,A001471,2026-02-02 13:00:00,2026-02-09 13:00:00,3972.27,BROKEN,AI Voice
PTP00006286,A001132,2025-11-24 16:00:00,2025-12-08 16:00:00,2855.37,KEPT,AI Voice
PTP00006287,A001565,2026-03-21 12:00:00,2026-03-28 12:00:00,10173.74,PENDING,Field
PTP00006288,A002947,2026-02-16 16:00:00,2026-02-17 16:00:00,4971.4,BROKEN,WhatsApp
PTP00006289,A002629,2026-04-16 09:00:00,2026-04-17 09:00:00,5458.36,BROKEN,WhatsApp
PTP00006290,A003194,2026-05-19 15:00:00,2026-05-26 15:00:00,8070.44,BROKEN,Human
PTP00006291,A002732,2026-03-07 13:00:00,2026-03-21 13:00:00,9485.07,KEPT,Field
PTP00006292,A004075,2026-01-24 09:00:00,2026-01-31 09:00:00,12287.49,PENDING,WhatsApp
PTP00006293,A003279,2025-11-16 15:00:00,2025-11-19 15:00:00,7242.42,BROKEN,WhatsApp
PTP00006294,A001218,2025-11-05 16:00:00,2025-11-12 16:00:00,8339.99,PENDING,AI Voice
PTP00006295,A003406,2026-04-23 09:00:00,2026-05-07 09:00:00,11917.52,PENDING,Human
PTP00006296,A001166,2026-03-12 14:00:00,2026-03-13 14:00:00,5142.75,KEPT,WhatsApp
PTP00006297,A000117,2026-07-01 18:00:00,2026-07-15 18:00:00,3668.81,KEPT,Human
PTP00006298,A004072,2026-03-03 15:00:00,2026-03-10 15:00:00,4083.44,BROKEN,Field
PTP00006299,A000426,2026-06-16 08:00:00,2026-06-19 08:00:00,8461.6,BROKEN,AI Voice
PTP00006300,A000197,2026-08-09 08:00:00,2026-08-23 08:00:00,7413.75,KEPT,AI Voice
PTP00006301,A001777,2025-11-08 10:00:00,2025-11-11 10:00:00,2182.46,BROKEN,AI Voice
PTP00006302,A001040,2026-05-04 20:00:00,2026-05-11 20:00:00,4818.64,KEPT,WhatsApp
PTP00006303,A004195,2026-02-14 15:00:00,2026-02-17 15:00:00,12246.79,PENDING,Human
PTP00006304,A000091,2026-08-16 08:00:00,2026-08-17 08:00:00,10678.53,BROKEN,AI Voice
PTP00006305,A003003,2026-05-12 16:00:00,2026-05-26 16:00:00,6440.96,KEPT,AI Voice
PTP00006306,A002638,2026-07-01 11:00:00,2026-07-15 11:00:00,7366.26,PENDING,AI Voice
PTP00006307,A003649,2026-08-05 17:00:00,2026-08-06 17:00:00,13550.14,BROKEN,AI Voice
PTP00006308,A000005,2026-07-07 15:00:00,2026-07-21 15:00:00,3017.72,KEPT,Human
PTP00006309,A004112,2026-02-12 16:00:00,2026-02-15 16:00:00,3310.93,BROKEN,AI Voice
PTP00006310,A002717,2026-03-26 16:00:00,2026-03-29 16:00:00,8922.2,KEPT,AI Voice
PTP00006311,A000663,2026-05-06 16:00:00,2026-05-20 16:00:00,11411.13,BROKEN,AI Voice
PTP00006312,A001958,2025-09-14 09:00:00,2025-09-15 09:00:00,11708.63,BROKEN,Human
PTP00006313,A001859,2026-08-20 15:00:00,2026-08-27 15:00:00,5554.62,KEPT,Field
PTP00006314,A002440,2026-05-10 10:00:00,2026-05-13 10:00:00,13794.23,PENDING,AI Voice
PTP00006315,A003435,2026-01-13 18:00:00,2026-01-27 18:00:00,2248.29,KEPT,AI Voice
PTP00006316,A000557,2025-11-23 10:00:00,2025-11-26 10:00:00,4740.16,BROKEN,Field
PTP00006317,A002118,2026-06-12 20:00:00,2026-06-26 20:00:00,2310.12,BROKEN,AI Voice
PTP00006318,A002351,2026-05-08 14:00:00,2026-05-22 14:00:00,3640.01,BROKEN,Field
PTP00006319,A003887,2025-12-26 15:00:00,2026-01-02 15:00:00,6138.57,BROKEN,AI Voice
PTP00006320,A001737,2026-03-21 08:00:00,2026-03-22 08:00:00,3719.95,KEPT,Human
PTP00006321,A001462,2026-08-11 13:00:00,2026-08-25 13:00:00,3979.96,KEPT,Human
PTP00006322,A000583,2025-09-18 18:00:00,2025-10-02 18:00:00,9961.44,KEPT,Human
PTP00006323,A001317,2025-12-13 13:00:00,2025-12-27 13:00:00,12311.77,PENDING,AI Voice
PTP00006324,A002839,2025-11-08 09:00:00,2025-11-15 09:00:00,6117.67,KEPT,Field
PTP00006325,A002120,2026-07-17 20:00:00,2026-07-20 20:00:00,10430.11,KEPT,Human
PTP00006326,A000245,2026-08-23 11:00:00,2026-08-26 11:00:00,12319.57,KEPT,Human
PTP00006327,A002256,2026-06-26 13:00:00,2026-07-10 13:00:00,11683.76,KEPT,Human
PTP00006328,A002181,2026-04-07 12:00:00,2026-04-10 12:00:00,7718.97,BROKEN,Human
PTP00006329,A003578,2025-09-09 08:00:00,2025-09-23 08:00:00,3470.39,KEPT,AI Voice
PTP00006330,A001695,2026-07-08 14:00:00,2026-07-15 14:00:00,10254.31,KEPT,Human
PTP00006331,A003268,2025-12-27 17:00:00,2025-12-30 17:00:00,2598.87,KEPT,Field
PTP00006332,A003931,2026-06-01 19:00:00,2026-06-02 19:00:00,4035.9,KEPT,AI Voice
PTP00006333,A003117,2026-02-18 14:00:00,2026-03-04 14:00:00,4034.12,BROKEN,WhatsApp
PTP00006334,A001757,2026-07-22 12:00:00,2026-07-23 12:00:00,3411.07,BROKEN,AI Voice
PTP00006335,A002595,2026-08-12 08:00:00,2026-08-19 08:00:00,3758.32,BROKEN,WhatsApp
PTP00006336,A004125,2026-01-26 09:00:00,2026-01-29 09:00:00,4469.07,PENDING,AI Voice
PTP00006337,A001185,2026-06-16 16:00:00,2026-06-30 16:00:00,3209.36,PENDING,WhatsApp
PTP00006338,A000189,2026-03-01 12:00:00,2026-03-02 12:00:00,5090.12,KEPT,AI Voice
PTP00006339,A001255,2026-01-26 14:00:00,2026-02-02 14:00:00,9186.08,BROKEN,AI Voice
PTP00006340,A003317,2026-05-04 15:00:00,2026-05-07 15:00:00,3407.52,BROKEN,Human
PTP00006341,A000584,2025-09-11 12:00:00,2025-09-14 12:00:00,4110.7,BROKEN,WhatsApp
PTP00006342,A001115,2026-07-03 17:00:00,2026-07-06 17:00:00,11129.32,KEPT,WhatsApp
PTP00006343,A000382,2026-02-23 18:00:00,2026-02-24 18:00:00,4440.77,PENDING,Field
PTP00006344,A003556,2026-03-25 17:00:00,2026-03-26 17:00:00,2293.75,KEPT,Human
PTP00006345,A000543,2025-10-02 15:00:00,2025-10-16 15:00:00,4249.94,KEPT,Field
PTP00006346,A002795,2026-03-09 15:00:00,2026-03-12 15:00:00,13828.23,BROKEN,WhatsApp
PTP00006347,A001428,2026-08-08 12:00:00,2026-08-09 12:00:00,3879.94,KEPT,WhatsApp
PTP00006348,A003007,2026-03-18 12:00:00,2026-03-21 12:00:00,5006.3,PENDING,AI Voice
PTP00006349,A003829,2026-03-02 20:00:00,2026-03-09 20:00:00,2518.95,BROKEN,WhatsApp
PTP00006350,A002430,2025-10-26 16:00:00,2025-10-29 16:00:00,6568.98,PENDING,Field
PTP00006351,A003209,2025-09-02 08:00:00,2025-09-09 08:00:00,6785.36,BROKEN,Field
PTP00006352,A000508,2026-07-06 20:00:00,2026-07-20 20:00:00,3212.55,BROKEN,Field
PTP00006353,A000854,2026-03-06 12:00:00,2026-03-20 12:00:00,8830.27,KEPT,Field
PTP00006354,A004036,2025-10-15 15:00:00,2025-10-22 15:00:00,3565.93,KEPT,WhatsApp
PTP00006355,A000643,2026-06-10 16:00:00,2026-06-17 16:00:00,8567.93,KEPT,WhatsApp
PTP00006356,A002091,2026-01-16 13:00:00,2026-01-23 13:00:00,5216.45,KEPT,Human
PTP00006357,A002559,2026-07-12 14:00:00,2026-07-26 14:00:00,4852.05,KEPT,Human
PTP00006358,A003296,2026-01-08 20:00:00,2026-01-09 20:00:00,13072.26,KEPT,Field
PTP00006359,A002452,2025-11-27 14:00:00,2025-11-30 14:00:00,9211.66,KEPT,Field
PTP00006360,A004006,2025-10-22 17:00:00,2025-10-23 17:00:00,2998.13,BROKEN,AI Voice
PTP00006361,A002383,2025-10-21 09:00:00,2025-10-28 09:00:00,10253.18,BROKEN,Field
PTP00006362,A002287,2026-01-26 15:00:00,2026-01-27 15:00:00,9071.58,BROKEN,WhatsApp
PTP00006363,A001138,2025-09-20 08:00:00,2025-09-27 08:00:00,9077.85,PENDING,Field
PTP00006364,A002177,2026-02-12 08:00:00,2026-02-15 08:00:00,12340.31,BROKEN,WhatsApp
PTP00006365,A004050,2026-03-24 18:00:00,2026-03-27 18:00:00,5017.27,BROKEN,WhatsApp
PTP00006366,A001938,2025-11-18 08:00:00,2025-11-21 08:00:00,8019.63,BROKEN,AI Voice
PTP00006367,A002398,2025-10-08 11:00:00,2025-10-11 11:00:00,12801.21,BROKEN,Field
PTP00006368,A002411,2025-10-09 20:00:00,2025-10-16 20:00:00,4416.99,KEPT,AI Voice
PTP00006369,A003923,2025-11-27 10:00:00,2025-11-30 10:00:00,5945.46,BROKEN,Human
PTP00006370,A003662,2025-12-22 17:00:00,2026-01-05 17:00:00,4018.56,KEPT,WhatsApp
PTP00006371,A002438,2026-04-13 20:00:00,2026-04-27 20:00:00,14473.11,KEPT,Field
PTP00006372,A002823,2026-02-04 16:00:00,2026-02-07 16:00:00,6752.63,BROKEN,AI Voice
PTP00006373,A003855,2025-12-26 08:00:00,2025-12-27 08:00:00,8489.24,BROKEN,Field
PTP00006374,A002825,2025-10-20 17:00:00,2025-10-21 17:00:00,11404.71,KEPT,Human
PTP00006375,A001761,2026-05-02 14:00:00,2026-05-09 14:00:00,12862.26,KEPT,Field
PTP00006376,A002080,2026-07-26 10:00:00,2026-07-27 10:00:00,7490.36,KEPT,Human
PTP00006377,A003554,2026-06-12 14:00:00,2026-06-13 14:00:00,12863.49,PENDING,AI Voice
PTP00006378,A003259,2025-11-01 19:00:00,2025-11-08 19:00:00,8380.14,KEPT,Human
PTP00006379,A000781,2025-10-06 08:00:00,2025-10-13 08:00:00,13388.25,PENDING,Human
PTP00006380,A002860,2025-10-11 13:00:00,2025-10-18 13:00:00,6330.04,KEPT,WhatsApp
PTP00006381,A000546,2026-06-26 12:00:00,2026-06-27 12:00:00,12480.92,BROKEN,Human
PTP00006382,A000346,2026-01-20 11:00:00,2026-01-23 11:00:00,9590.56,KEPT,AI Voice
PTP00006383,A002538,2026-06-05 14:00:00,2026-06-19 14:00:00,12497.98,KEPT,Human
PTP00006384,A001824,2025-12-17 15:00:00,2025-12-24 15:00:00,7453.37,KEPT,WhatsApp
PTP00006385,A002933,2026-01-27 08:00:00,2026-01-30 08:00:00,14950.52,BROKEN,AI Voice
PTP00006386,A003112,2025-09-09 13:00:00,2025-09-10 13:00:00,4327.18,BROKEN,WhatsApp
PTP00006387,A003657,2025-10-02 14:00:00,2025-10-05 14:00:00,12353.79,BROKEN,AI Voice
PTP00006388,A003744,2026-05-12 18:00:00,2026-05-15 18:00:00,9723.99,KEPT,Human
PTP00006389,A001997,2026-08-21 18:00:00,2026-09-04 18:00:00,7755.52,KEPT,AI Voice
PTP00006390,A004036,2026-05-02 14:00:00,2026-05-03 14:00:00,4154.2,KEPT,Field
PTP00006391,A002118,2026-02-14 13:00:00,2026-02-21 13:00:00,8621.0,BROKEN,WhatsApp
PTP00006392,A003979,2026-05-25 14:00:00,2026-05-28 14:00:00,8605.0,KEPT,AI Voice
PTP00006393,A001887,2025-09-02 17:00:00,2025-09-05 17:00:00,7847.79,BROKEN,Human
PTP00006394,A003485,2026-02-14 09:00:00,2026-02-17 09:00:00,12231.62,KEPT,Field
PTP00006395,A004051,2026-07-25 10:00:00,2026-07-28 10:00:00,2179.45,KEPT,Human
PTP00006396,A001117,2026-02-18 14:00:00,2026-02-19 14:00:00,5120.53,BROKEN,AI Voice
PTP00006397,A000696,2025-11-13 17:00:00,2025-11-27 17:00:00,7688.95,PENDING,Field
PTP00006398,A001482,2026-02-04 10:00:00,2026-02-05 10:00:00,3173.83,BROKEN,AI Voice
PTP00006399,A002761,2025-09-14 10:00:00,2025-09-28 10:00:00,5151.2,PENDING,Field
PTP00006400,A002244,2025-10-10 20:00:00,2025-10-13 20:00:00,4146.79,KEPT,AI Voice
PTP00006401,A003358,2025-11-18 11:00:00,2025-11-19 11:00:00,11726.88,PENDING,Field
PTP00006402,A000448,2025-10-19 16:00:00,2025-10-20 16:00:00,5189.45,KEPT,Human
PTP00006403,A001055,2026-04-24 17:00:00,2026-04-27 17:00:00,14402.0,BROKEN,WhatsApp
PTP00006404,A001799,2026-04-10 18:00:00,2026-04-13 18:00:00,4472.44,KEPT,AI Voice
PTP00006405,A003954,2026-06-13 20:00:00,2026-06-14 20:00:00,10206.92,BROKEN,Human
PTP00006406,A003154,2026-08-25 20:00:00,2026-08-26 20:00:00,8145.86,PENDING,Human
PTP00006407,A001066,2026-03-11 08:00:00,2026-03-14 08:00:00,10513.68,KEPT,AI Voice
PTP00006408,A004184,2026-07-08 11:00:00,2026-07-09 11:00:00,11794.37,KEPT,WhatsApp
PTP00006409,A003995,2026-06-18 13:00:00,2026-06-19 13:00:00,5933.8,KEPT,AI Voice
PTP00006410,A002459,2026-04-04 18:00:00,2026-04-11 18:00:00,5491.81,PENDING,AI Voice
PTP00006411,A002631,2026-07-06 19:00:00,2026-07-09 19:00:00,12900.57,KEPT,WhatsApp
PTP00006412,A002608,2026-04-16 11:00:00,2026-04-17 11:00:00,11219.24,KEPT,Human
PTP00006413,A000481,2026-05-09 14:00:00,2026-05-23 14:00:00,14006.32,KEPT,Field
PTP00006414,A000299,2025-12-22 17:00:00,2025-12-25 17:00:00,7016.94,BROKEN,Field
PTP00006415,A002519,2026-02-24 14:00:00,2026-02-27 14:00:00,9575.68,BROKEN,AI Voice
PTP00006416,A002438,2026-08-14 14:00:00,2026-08-15 14:00:00,13820.06,KEPT,WhatsApp
PTP00006417,A002348,2026-08-10 09:00:00,2026-08-24 09:00:00,4764.63,KEPT,Field
PTP00006418,A000691,2026-02-21 17:00:00,2026-02-28 17:00:00,12792.27,KEPT,Field
PTP00006419,A003497,2025-09-16 12:00:00,2025-09-19 12:00:00,8464.84,KEPT,AI Voice
PTP00006420,A002460,2026-07-08 12:00:00,2026-07-15 12:00:00,14297.27,BROKEN,Human
PTP00006421,A003111,2025-10-22 20:00:00,2025-11-05 20:00:00,11784.95,KEPT,AI Voice
PTP00006422,A000687,2025-10-09 09:00:00,2025-10-12 09:00:00,4440.14,PENDING,Human
PTP00006423,A000886,2026-01-25 18:00:00,2026-02-01 18:00:00,13266.85,BROKEN,Field
PTP00006424,A002918,2025-12-14 18:00:00,2025-12-17 18:00:00,12536.78,KEPT,Field
PTP00006425,A002019,2026-02-22 16:00:00,2026-02-23 16:00:00,8571.85,BROKEN,WhatsApp
PTP00006426,A003212,2025-12-14 08:00:00,2025-12-28 08:00:00,14855.19,BROKEN,AI Voice
PTP00006427,A000721,2025-11-26 14:00:00,2025-11-29 14:00:00,13411.8,KEPT,Field
PTP00006428,A003553,2025-10-24 20:00:00,2025-10-25 20:00:00,14987.77,BROKEN,AI Voice
PTP00006429,A004077,2025-11-10 20:00:00,2025-11-17 20:00:00,13313.7,KEPT,AI Voice
PTP00006430,A001569,2026-08-22 20:00:00,2026-08-25 20:00:00,3662.78,PENDING,WhatsApp
PTP00006431,A002425,2025-10-24 13:00:00,2025-10-31 13:00:00,9226.19,KEPT,Human
PTP00006432,A000497,2026-02-08 16:00:00,2026-02-11 16:00:00,2004.43,PENDING,Field
PTP00006433,A002247,2026-01-23 11:00:00,2026-01-30 11:00:00,5986.74,BROKEN,Field
PTP00006434,A004127,2025-09-22 18:00:00,2025-09-29 18:00:00,13691.0,KEPT,WhatsApp
PTP00006435,A000136,2026-03-24 18:00:00,2026-03-31 18:00:00,8535.67,BROKEN,AI Voice
PTP00006436,A001664,2025-12-03 11:00:00,2025-12-06 11:00:00,7420.45,PENDING,Field
PTP00006437,A003677,2026-05-18 16:00:00,2026-05-21 16:00:00,13946.49,KEPT,WhatsApp
PTP00006438,A003015,2025-10-01 13:00:00,2025-10-08 13:00:00,3687.91,KEPT,WhatsApp
PTP00006439,A002710,2025-11-25 13:00:00,2025-12-02 13:00:00,11035.99,KEPT,WhatsApp
PTP00006440,A003996,2026-01-17 13:00:00,2026-01-18 13:00:00,2425.48,KEPT,Field
PTP00006441,A003469,2025-12-19 08:00:00,2025-12-22 08:00:00,9063.38,BROKEN,Field
PTP00006442,A001515,2026-01-03 11:00:00,2026-01-10 11:00:00,12632.49,PENDING,AI Voice
PTP00006443,A000195,2026-05-05 12:00:00,2026-05-06 12:00:00,3846.21,BROKEN,AI Voice
PTP00006444,A003388,2026-07-04 10:00:00,2026-07-18 10:00:00,5439.28,KEPT,WhatsApp
PTP00006445,A001846,2026-02-18 08:00:00,2026-02-21 08:00:00,13450.27,BROKEN,WhatsApp
PTP00006446,A002115,2026-07-27 10:00:00,2026-08-10 10:00:00,5160.14,BROKEN,Human
PTP00006447,A003830,2026-03-21 17:00:00,2026-04-04 17:00:00,8587.52,BROKEN,AI Voice
PTP00006448,A003827,2025-12-08 20:00:00,2025-12-22 20:00:00,3700.76,KEPT,WhatsApp
PTP00006449,A002982,2026-02-14 20:00:00,2026-02-28 20:00:00,10296.91,KEPT,AI Voice
PTP00006450,A000335,2025-10-02 09:00:00,2025-10-16 09:00:00,2136.05,KEPT,WhatsApp
PTP00006451,A004121,2025-11-22 16:00:00,2025-11-29 16:00:00,13957.31,BROKEN,Human
PTP00006452,A004200,2025-11-19 12:00:00,2025-11-20 12:00:00,3611.06,BROKEN,Human
PTP00006453,A002347,2026-05-06 10:00:00,2026-05-20 10:00:00,14799.75,BROKEN,Human
PTP00006454,A000857,2025-10-04 10:00:00,2025-10-18 10:00:00,2553.35,KEPT,AI Voice
PTP00006455,A003594,2026-05-17 13:00:00,2026-05-24 13:00:00,5157.75,PENDING,Field
PTP00006456,A001999,2026-06-04 15:00:00,2026-06-05 15:00:00,10849.42,BROKEN,Field
PTP00006457,A002104,2026-08-08 18:00:00,2026-08-15 18:00:00,12532.56,KEPT,AI Voice
PTP00006458,A001245,2026-05-10 13:00:00,2026-05-17 13:00:00,6453.82,KEPT,WhatsApp
PTP00006459,A001980,2026-04-13 18:00:00,2026-04-20 18:00:00,6766.34,KEPT,WhatsApp
PTP00006460,A003617,2025-12-26 16:00:00,2026-01-02 16:00:00,4996.99,KEPT,AI Voice
PTP00006461,A000973,2026-02-11 11:00:00,2026-02-18 11:00:00,7314.69,KEPT,AI Voice
PTP00006462,A001846,2025-11-14 15:00:00,2025-11-28 15:00:00,3641.29,KEPT,Field
PTP00006463,A003665,2026-06-10 10:00:00,2026-06-17 10:00:00,8791.83,KEPT,Human
PTP00006464,A003992,2026-01-14 19:00:00,2026-01-21 19:00:00,2654.12,PENDING,AI Voice
PTP00006465,A002141,2026-05-12 09:00:00,2026-05-19 09:00:00,5707.44,BROKEN,AI Voice
PTP00006466,A000230,2026-03-08 08:00:00,2026-03-15 08:00:00,10659.43,BROKEN,AI Voice
PTP00006467,A001630,2026-04-12 08:00:00,2026-04-15 08:00:00,13654.38,KEPT,Field
PTP00006468,A003230,2025-11-12 18:00:00,2025-11-15 18:00:00,4977.87,BROKEN,AI Voice
PTP00006469,A001254,2026-02-05 18:00:00,2026-02-06 18:00:00,2781.52,KEPT,Field
PTP00006470,A000920,2026-05-05 19:00:00,2026-05-19 19:00:00,2342.97,KEPT,Field
PTP00006471,A000112,2026-05-13 09:00:00,2026-05-27 09:00:00,3282.7,BROKEN,AI Voice
PTP00006472,A003965,2026-02-14 18:00:00,2026-02-17 18:00:00,9037.72,BROKEN,WhatsApp
PTP00006473,A001727,2026-06-25 11:00:00,2026-07-02 11:00:00,4966.9,KEPT,Field
PTP00006474,A001609,2026-01-10 12:00:00,2026-01-17 12:00:00,6895.87,KEPT,AI Voice
PTP00006475,A001480,2026-06-21 18:00:00,2026-07-05 18:00:00,7002.35,BROKEN,Human
PTP00006476,A001348,2026-05-10 12:00:00,2026-05-17 12:00:00,13687.16,BROKEN,Human
PTP00006477,A003800,2026-06-18 08:00:00,2026-06-25 08:00:00,6158.77,KEPT,AI Voice
PTP00006478,A004110,2025-09-19 19:00:00,2025-09-20 19:00:00,3529.44,BROKEN,Human
PTP00006479,A000473,2026-01-11 20:00:00,2026-01-25 20:00:00,4613.17,KEPT,WhatsApp
PTP00006480,A000868,2026-05-25 20:00:00,2026-05-26 20:00:00,9931.25,KEPT,Human
PTP00006481,A002849,2026-04-16 12:00:00,2026-04-30 12:00:00,5135.95,BROKEN,AI Voice
PTP00006482,A000696,2026-03-18 17:00:00,2026-03-21 17:00:00,4123.71,KEPT,Human
PTP00006483,A003734,2026-07-23 14:00:00,2026-07-24 14:00:00,9549.47,KEPT,Human
PTP00006484,A003924,2026-08-16 14:00:00,2026-08-23 14:00:00,2165.14,KEPT,Human
PTP00006485,A003830,2025-10-06 09:00:00,2025-10-20 09:00:00,3974.4,KEPT,WhatsApp
PTP00006486,A001983,2026-04-17 15:00:00,2026-04-24 15:00:00,12978.14,PENDING,WhatsApp
PTP00006487,A001490,2026-05-06 13:00:00,2026-05-09 13:00:00,6622.49,KEPT,Field
PTP00006488,A001475,2025-11-06 11:00:00,2025-11-07 11:00:00,10675.88,KEPT,Field
PTP00006489,A004091,2026-05-25 15:00:00,2026-06-01 15:00:00,2476.76,BROKEN,Field
PTP00006490,A004033,2026-03-02 11:00:00,2026-03-16 11:00:00,13339.64,BROKEN,AI Voice
PTP00006491,A003411,2025-11-09 11:00:00,2025-11-16 11:00:00,8367.84,PENDING,Human
PTP00006492,A002632,2026-08-27 18:00:00,2026-09-10 18:00:00,9421.5,KEPT,Human
PTP00006493,A003303,2026-03-21 09:00:00,2026-03-22 09:00:00,13102.58,KEPT,WhatsApp
PTP00006494,A003605,2026-08-03 17:00:00,2026-08-06 17:00:00,2247.36,KEPT,Field
PTP00006495,A004025,2026-05-26 10:00:00,2026-05-29 10:00:00,4862.16,KEPT,Human
PTP00006496,A003173,2026-08-12 12:00:00,2026-08-15 12:00:00,10534.0,BROKEN,Field
PTP00006497,A000645,2026-06-06 14:00:00,2026-06-07 14:00:00,9756.27,BROKEN,Human
PTP00006498,A003775,2026-04-25 15:00:00,2026-05-02 15:00:00,2553.35,KEPT,AI Voice
PTP00006499,A002720,2026-03-08 13:00:00,2026-03-15 13:00:00,5033.39,KEPT,WhatsApp
PTP00006500,A002381,2025-12-05 18:00:00,2025-12-06 18:00:00,6799.69,BROKEN,Human
