sms_id,account_id,event_timestamp,event_type
SMS00000001,A000420,2026-08-24 10:00:00,DELIVERED
SMS00000002,A003815,2025-09-01 18:00:00,DELIVERED
SMS00000003,A000513,2026-04-18 19:00:00,DELIVERED
SMS00000004,A000992,2026-04-26 13:00:00,SENT
SMS00000005,A002758,2026-03-09 14:00:00,DELIVERED
SMS00000006,A000165,2025-10-12 08:00:00,DELIVERED
SMS00000007,A001920,2026-01-10 19:00:00,DELIVERED
SMS00000008,A003243,2026-01-01 19:00:00,DELIVERED
SMS00000009,A000205,2025-10-03 18:00:00,DELIVERED
SMS00000010,A004064,2026-05-27 21:00:00,DELIVERED
SMS00000011,A001354,2026-07-22 14:00:00,DELIVERED
SMS00000012,A001407,2025-12-13 21:00:00,DELIVERED
SMS00000013,A000055,2025-09-22 12:00:00,DELIVERED
SMS00000014,A002050,2025-09-18 09:00:00,DELIVERED
SMS00000015,A001545,2026-07-05 07:00:00,DELIVERED
SMS00000016,A002404,2026-06-02 19:00:00,DELIVERED
SMS00000017,A001905,2026-03-07 22:00:00,SENT
SMS00000018,A002959,2026-05-18 17:00:00,DELIVERED
SMS00000019,A003652,2025-09-25 16:00:00,FAILED
SMS00000020,A000793,2026-07-06 09:00:00,FAILED
SMS00000021,A004176,2026-08-12 21:00:00,DELIVERED
SMS00000022,A001294,2026-07-24 07:00:00,SENT
SMS00000023,A002889,2025-09-21 18:00:00,FAILED
SMS00000024,A002641,2026-07-05 15:00:00,DELIVERED
SMS00000025,A003783,2025-12-20 20:00:00,DELIVERED
SMS00000026,A003952,2025-12-19 12:00:00,DELIVERED
SMS00000027,A002412,2026-02-21 15:00:00,DELIVERED
SMS00000028,A002438,2026-06-09 17:00:00,DELIVERED
SMS00000029,A002375,2025-09-17 16:00:00,SENT
SMS00000030,A002695,2025-10-10 09:00:00,DELIVERED
SMS00000031,A000265,2025-11-18 15:00:00,DELIVERED
SMS00000032,A001372,2025-11-07 14:00:00,DELIVERED
SMS00000033,A000380,2026-04-19 15:00:00,DELIVERED
SMS00000034,A003468,2025-11-15 13:00:00,DELIVERED
SMS00000035,A002423,2026-02-02 19:00:00,DELIVERED
SMS00000036,A003355,2026-04-11 09:00:00,DELIVERED
SMS00000037,A002366,2026-08-27 15:00:00,DELIVERED
SMS00000038,A002433,2026-07-11 18:00:00,DELIVERED
SMS00000039,A000087,2026-02-01 19:00:00,DELIVERED
SMS00000040,A003940,2026-04-24 14:00:00,FAILED
SMS00000041,A000254,2025-12-18 11:00:00,DELIVERED
SMS00000042,A001997,2026-04-08 19:00:00,DELIVERED
SMS00000043,A002946,2026-01-27 11:00:00,DELIVERED
SMS00000044,A000306,2026-04-21 17:00:00,DELIVERED
SMS00000045,A001525,2026-05-10 17:00:00,DELIVERED
SMS00000046,A000787,2026-04-13 09:00:00,DELIVERED
SMS00000047,A002053,2026-03-26 22:00:00,DELIVERED
SMS00000048,A001456,2026-04-06 22:00:00,DELIVERED
SMS00000049,A001817,2026-03-11 20:00:00,DELIVERED
SMS00000050,A000513,2026-06-14 16:00:00,DELIVERED
SMS00000051,A000391,2026-08-01 18:00:00,DELIVERED
SMS00000052,A001147,2026-07-15 11:00:00,DELIVERED
SMS00000053,A000940,2026-07-21 20:00:00,DELIVERED
SMS00000054,A000297,2026-07-10 11:00:00,DELIVERED
SMS00000055,A003061,2026-01-01 12:00:00,DELIVERED
SMS00000056,A001202,2026-01-08 09:00:00,DELIVERED
SMS00000057,A003448,2026-02-03 20:00:00,DELIVERED
SMS00000058,A001651,2026-07-20 22:00:00,DELIVERED
SMS00000059,A002097,2026-04-20 21:00:00,DELIVERED
SMS00000060,A003777,2026-05-14 17:00:00,DELIVERED
SMS00000061,A002045,2025-10-19 09:00:00,DELIVERED
SMS00000062,A000579,2026-03-19 15:00:00,DELIVERED
SMS00000063,A001183,2026-01-12 17:00:00,DELIVERED
SMS00000064,A001311,2026-04-09 22:00:00,DELIVERED
SMS00000065,A002533,2026-01-05 13:00:00,DELIVERED
SMS00000066,A003963,2025-12-17 22:00:00,DELIVERED
SMS00000067,A003919,2025-10-25 08:00:00,DELIVERED
SMS00000068,A000549,2026-06-03 08:00:00,DELIVERED
SMS00000069,A004104,2025-09-25 17:00:00,DELIVERED
SMS00000070,A002588,2026-07-26 10:00:00,FAILED
SMS00000071,A003308,2025-10-05 19:00:00,DELIVERED
SMS00000072,A003357,2026-05-26 22:00:00,SENT
SMS00000073,A003207,2026-07-11 13:00:00,DELIVERED
SMS00000074,A003175,2025-09-23 07:00:00,DELIVERED
SMS00000075,A002786,2025-11-10 07:00:00,SENT
SMS00000076,A001858,2026-06-04 14:00:00,SENT
SMS00000077,A001088,2026-08-03 18:00:00,SENT
SMS00000078,A000611,2026-06-10 14:00:00,SENT
SMS00000079,A003085,2026-07-22 20:00:00,DELIVERED
SMS00000080,A003063,2026-01-14 15:00:00,DELIVERED
SMS00000081,A001528,2026-03-10 22:00:00,DELIVERED
SMS00000082,A002009,2026-05-27 11:00:00,DELIVERED
SMS00000083,A000488,2026-08-17 07:00:00,FAILED
SMS00000084,A002426,2026-04-12 08:00:00,DELIVERED
SMS00000085,A001962,2025-11-15 10:00:00,DELIVERED
SMS00000086,A002473,2025-11-09 15:00:00,FAILED
SMS00000087,A002640,2026-08-01 13:00:00,DELIVERED
SMS00000088,A002907,2026-05-18 21:00:00,DELIVERED
SMS00000089,A002863,2025-09-11 17:00:00,DELIVERED
SMS00000090,A003396,2026-01-12 15:00:00,SENT
SMS00000091,A002820,2025-09-20 08:00:00,DELIVERED
SMS00000092,A002847,2026-01-23 18:00:00,DELIVERED
SMS00000093,A002250,2025-11-10 17:00:00,DELIVERED
SMS00000094,A000708,2026-04-18 12:00:00,DELIVERED
SMS00000095,A001502,2026-08-03 15:00:00,DELIVERED
SMS00000096,A001025,2025-09-17 13:00:00,DELIVERED
SMS00000097,A001319,2025-10-03 19:00:00,SENT
SMS00000098,A001335,2026-05-02 15:00:00,DELIVERED
SMS00000099,A004087,2025-09-13 11:00:00,SENT
SMS00000100,A002011,2026-04-26 18:00:00,SENT
SMS00000101,A002090,2026-01-13 21:00:00,DELIVERED
SMS00000102,A001527,2026-06-15 11:00:00,DELIVERED
SMS00000103,A000046,2025-10-08 22:00:00,SENT
SMS00000104,A000884,2026-03-08 07:00:00,DELIVERED
SMS00000105,A001493,2026-04-01 20:00:00,DELIVERED
SMS00000106,A003562,2025-10-17 13:00:00,DELIVERED
SMS00000107,A002730,2025-10-22 07:00:00,DELIVERED
SMS00000108,A002000,2025-12-10 18:00:00,FAILED
SMS00000109,A001248,2026-07-13 09:00:00,FAILED
SMS00000110,A004038,2026-03-15 13:00:00,SENT
SMS00000111,A002731,2026-01-18 08:00:00,SENT
SMS00000112,A002127,2026-08-03 21:00:00,DELIVERED
SMS00000113,A002703,2026-03-23 11:00:00,DELIVERED
SMS00000114,A000216,2025-09-16 12:00:00,SENT
SMS00000115,A002717,2025-11-11 20:00:00,DELIVERED
SMS00000116,A002961,2025-09-05 10:00:00,DELIVERED
SMS00000117,A003037,2026-01-25 15:00:00,SENT
SMS00000118,A003015,2026-08-11 10:00:00,DELIVERED
SMS00000119,A000449,2025-11-22 07:00:00,DELIVERED
SMS00000120,A002220,2026-03-20 18:00:00,DELIVERED
SMS00000121,A000499,2026-08-13 09:00:00,DELIVERED
SMS00000122,A002386,2026-06-21 19:00:00,DELIVERED
SMS00000123,A001445,2026-03-25 21:00:00,DELIVERED
SMS00000124,A002522,2026-04-24 17:00:00,FAILED
SMS00000125,A003461,2026-06-02 11:00:00,DELIVERED
SMS00000126,A002971,2026-03-26 08:00:00,DELIVERED
SMS00000127,A002292,2025-09-17 18:00:00,FAILED
SMS00000128,A000538,2026-07-18 20:00:00,SENT
SMS00000129,A001608,2025-10-27 21:00:00,DELIVERED
SMS00000130,A003857,2025-10-09 15:00:00,DELIVERED
SMS00000131,A000544,2026-05-05 22:00:00,DELIVERED
SMS00000132,A000655,2026-05-22 12:00:00,DELIVERED
SMS00000133,A003172,2025-12-11 09:00:00,DELIVERED
SMS00000134,A000913,2026-07-25 09:00:00,DELIVERED
SMS00000135,A003100,2026-04-15 12:00:00,DELIVERED
SMS00000136,A002754,2025-12-02 19:00:00,SENT
SMS00000137,A001514,2026-04-21 22:00:00,DELIVERED
SMS00000138,A002365,2026-04-02 11:00:00,FAILED
SMS00000139,A000193,2026-03-22 21:00:00,DELIVERED
SMS00000140,A003770,2025-11-14 19:00:00,SENT
SMS00000141,A002780,2026-03-27 22:00:00,DELIVERED
SMS00000142,A004112,2025-10-22 14:00:00,DELIVERED
SMS00000143,A002502,2025-11-24 13:00:00,DELIVERED
SMS00000144,A003165,2025-12-08 21:00:00,DELIVERED
SMS00000145,A002623,2026-06-25 12:00:00,DELIVERED
SMS00000146,A000895,2025-10-15 21:00:00,DELIVERED
SMS00000147,A000282,2026-07-03 21:00:00,DELIVERED
SMS00000148,A001892,2026-01-20 20:00:00,DELIVERED
SMS00000149,A002502,2025-10-17 07:00:00,SENT
SMS00000150,A002050,2025-12-02 22:00:00,DELIVERED
SMS00000151,A000935,2025-10-20 17:00:00,DELIVERED
SMS00000152,A001191,2026-03-20 20:00:00,DELIVERED
SMS00000153,A003193,2026-06-21 16:00:00,DELIVERED
SMS00000154,A000870,2026-01-19 17:00:00,SENT
SMS00000155,A001131,2025-12-20 16:00:00,DELIVERED
SMS00000156,A000525,2026-01-05 18:00:00,SENT
SMS00000157,A001708,2026-08-09 08:00:00,FAILED
SMS00000158,A000938,2025-10-04 20:00:00,DELIVERED
SMS00000159,A003100,2026-08-27 12:00:00,DELIVERED
SMS00000160,A001485,2026-05-11 12:00:00,DELIVERED
SMS00000161,A001102,2025-12-13 15:00:00,DELIVERED
SMS00000162,A002587,2025-12-09 12:00:00,DELIVERED
SMS00000163,A002463,2026-06-02 07:00:00,DELIVERED
SMS00000164,A003541,2026-07-07 19:00:00,DELIVERED
SMS00000165,A001868,2026-04-20 12:00:00,SENT
SMS00000166,A001053,2025-12-09 12:00:00,SENT
SMS00000167,A001462,2025-09-11 13:00:00,DELIVERED
SMS00000168,A001555,2026-03-27 07:00:00,DELIVERED
SMS00000169,A001168,2026-07-17 16:00:00,DELIVERED
SMS00000170,A002827,2026-07-03 22:00:00,DELIVERED
SMS00000171,A001048,2026-05-24 11:00:00,SENT
SMS00000172,A004083,2026-06-22 07:00:00,DELIVERED
SMS00000173,A000170,2026-04-08 11:00:00,FAILED
SMS00000174,A002377,2026-01-12 21:00:00,DELIVERED
SMS00000175,A002279,2026-08-26 17:00:00,SENT
SMS00000176,A003357,2025-12-10 20:00:00,DELIVERED
SMS00000177,A000079,2026-04-26 13:00:00,DELIVERED
SMS00000178,A003994,2026-04-27 14:00:00,FAILED
SMS00000179,A000631,2026-05-03 09:00:00,FAILED
SMS00000180,A002819,2026-02-26 18:00:00,DELIVERED
SMS00000181,A003044,2026-05-16 11:00:00,DELIVERED
SMS00000182,A001426,2026-04-26 08:00:00,DELIVERED
SMS00000183,A002517,2026-02-27 11:00:00,SENT
SMS00000184,A002309,2025-12-03 13:00:00,DELIVERED
SMS00000185,A000099,2026-07-13 16:00:00,FAILED
SMS00000186,A003369,2026-08-20 18:00:00,SENT
SMS00000187,A000424,2025-12-22 08:00:00,DELIVERED
SMS00000188,A002488,2026-04-02 15:00:00,DELIVERED
SMS00000189,A000347,2026-04-12 17:00:00,FAILED
SMS00000190,A001008,2025-12-05 18:00:00,DELIVERED
SMS00000191,A000230,2026-05-23 13:00:00,DELIVERED
SMS00000192,A001403,2026-08-07 22:00:00,DELIVERED
SMS00000193,A001764,2025-09-22 11:00:00,SENT
SMS00000194,A002083,2025-10-04 18:00:00,FAILED
SMS00000195,A001022,2026-06-19 14:00:00,DELIVERED
SMS00000196,A001505,2025-09-18 08:00:00,DELIVERED
SMS00000197,A001628,2026-05-04 19:00:00,DELIVERED
SMS00000198,A000554,2026-08-15 12:00:00,DELIVERED
SMS00000199,A001694,2026-01-16 21:00:00,FAILED
SMS00000200,A003335,2026-07-20 17:00:00,DELIVERED
SMS00000201,A003717,2025-10-24 08:00:00,FAILED
SMS00000202,A001009,2026-03-09 08:00:00,DELIVERED
SMS00000203,A003361,2026-04-09 17:00:00,DELIVERED
SMS00000204,A000424,2026-06-20 21:00:00,SENT
SMS00000205,A002885,2026-02-04 18:00:00,DELIVERED
SMS00000206,A002948,2026-07-26 21:00:00,SENT
SMS00000207,A002135,2026-02-20 13:00:00,SENT
SMS00000208,A004001,2026-04-09 20:00:00,FAILED
SMS00000209,A001523,2026-07-05 14:00:00,DELIVERED
SMS00000210,A000139,2026-07-19 14:00:00,SENT
SMS00000211,A001179,2026-04-06 13:00:00,DELIVERED
SMS00000212,A002009,2026-01-23 17:00:00,FAILED
SMS00000213,A001989,2026-01-06 18:00:00,DELIVERED
SMS00000214,A002481,2026-02-13 10:00:00,SENT
SMS00000215,A000033,2025-12-08 20:00:00,SENT
SMS00000216,A001945,2026-04-17 22:00:00,DELIVERED
SMS00000217,A002563,2025-12-19 10:00:00,DELIVERED
SMS00000218,A003469,2025-10-14 13:00:00,DELIVERED
SMS00000219,A000937,2026-07-15 17:00:00,DELIVERED
SMS00000220,A001386,2026-06-04 11:00:00,FAILED
SMS00000221,A000301,2025-10-13 14:00:00,SENT
SMS00000222,A000627,2026-01-22 17:00:00,DELIVERED
SMS00000223,A000678,2026-01-07 17:00:00,DELIVERED
SMS00000224,A002844,2025-09-26 20:00:00,DELIVERED
SMS00000225,A002287,2025-12-21 17:00:00,DELIVERED
SMS00000226,A000477,2025-10-27 09:00:00,DELIVERED
SMS00000227,A001593,2026-02-10 11:00:00,DELIVERED
SMS00000228,A000728,2026-03-15 16:00:00,DELIVERED
SMS00000229,A000815,2026-08-15 22:00:00,DELIVERED
SMS00000230,A002827,2025-12-25 20:00:00,DELIVERED
SMS00000231,A003014,2025-09-02 19:00:00,DELIVERED
SMS00000232,A002624,2026-01-18 16:00:00,DELIVERED
SMS00000233,A003161,2026-08-19 09:00:00,DELIVERED
SMS00000234,A000257,2026-05-05 17:00:00,SENT
SMS00000235,A001154,2025-12-02 15:00:00,DELIVERED
SMS00000236,A001105,2026-01-17 17:00:00,DELIVERED
SMS00000237,A000770,2026-01-13 18:00:00,FAILED
SMS00000238,A002020,2025-12-03 09:00:00,DELIVERED
SMS00000239,A000263,2026-04-22 21:00:00,DELIVERED
SMS00000240,A001124,2026-07-09 12:00:00,DELIVERED
SMS00000241,A000460,2025-09-05 15:00:00,DELIVERED
SMS00000242,A002948,2026-04-02 22:00:00,DELIVERED
SMS00000243,A000491,2026-04-09 15:00:00,DELIVERED
SMS00000244,A000806,2026-06-26 08:00:00,DELIVERED
SMS00000245,A003324,2025-12-15 19:00:00,SENT
SMS00000246,A000728,2026-01-12 07:00:00,SENT
SMS00000247,A000339,2025-10-02 11:00:00,DELIVERED
SMS00000248,A001902,2026-06-16 21:00:00,DELIVERED
SMS00000249,A000785,2026-07-12 21:00:00,FAILED
SMS00000250,A003828,2026-07-26 13:00:00,DELIVERED
SMS00000251,A002686,2026-02-17 17:00:00,DELIVERED
SMS00000252,A000966,2026-05-11 09:00:00,DELIVERED
SMS00000253,A002831,2025-12-11 12:00:00,DELIVERED
SMS00000254,A003234,2026-01-22 17:00:00,DELIVERED
SMS00000255,A003828,2026-07-25 18:00:00,SENT
SMS00000256,A000940,2026-04-14 21:00:00,FAILED
SMS00000257,A003712,2025-11-25 17:00:00,SENT
SMS00000258,A001039,2025-11-01 16:00:00,DELIVERED
SMS00000259,A001225,2026-02-03 22:00:00,DELIVERED
SMS00000260,A000531,2025-12-24 22:00:00,DELIVERED
SMS00000261,A003155,2026-01-03 20:00:00,DELIVERED
SMS00000262,A003991,2026-07-12 21:00:00,SENT
SMS00000263,A001345,2026-02-15 22:00:00,DELIVERED
SMS00000264,A000718,2026-01-18 15:00:00,DELIVERED
SMS00000265,A002996,2026-02-26 11:00:00,SENT
SMS00000266,A000520,2026-07-26 07:00:00,DELIVERED
SMS00000267,A002856,2026-01-12 18:00:00,FAILED
SMS00000268,A000085,2026-04-16 18:00:00,DELIVERED
SMS00000269,A001856,2026-05-21 20:00:00,DELIVERED
SMS00000270,A000632,2025-11-06 20:00:00,DELIVERED
SMS00000271,A002808,2025-11-04 09:00:00,DELIVERED
SMS00000272,A000646,2025-12-11 07:00:00,FAILED
SMS00000273,A001264,2026-01-23 09:00:00,DELIVERED
SMS00000274,A002140,2025-12-20 16:00:00,DELIVERED
SMS00000275,A001213,2025-09-08 21:00:00,FAILED
SMS00000276,A001396,2025-11-18 18:00:00,DELIVERED
SMS00000277,A001419,2026-05-05 15:00:00,DELIVERED
SMS00000278,A001783,2025-12-09 08:00:00,DELIVERED
SMS00000279,A001862,2026-03-15 21:00:00,FAILED
SMS00000280,A002718,2025-09-10 20:00:00,FAILED
SMS00000281,A002146,2026-03-14 14:00:00,DELIVERED
SMS00000282,A000995,2026-06-21 19:00:00,DELIVERED
SMS00000283,A000676,2025-10-07 22:00:00,DELIVERED
SMS00000284,A004185,2026-05-11 14:00:00,SENT
SMS00000285,A003531,2025-12-23 22:00:00,FAILED
SMS00000286,A002030,2026-04-10 15:00:00,DELIVERED
SMS00000287,A001545,2026-01-14 21:00:00,FAILED
SMS00000288,A003791,2025-11-21 10:00:00,FAILED
SMS00000289,A000662,2026-07-20 09:00:00,DELIVERED
SMS00000290,A003031,2025-11-15 13:00:00,DELIVERED
SMS00000291,A001016,2026-04-19 11:00:00,DELIVERED
SMS00000292,A000048,2025-12-04 08:00:00,SENT
SMS00000293,A000558,2026-04-12 16:00:00,DELIVERED
SMS00000294,A002622,2026-06-16 07:00:00,DELIVERED
SMS00000295,A001614,2025-09-05 22:00:00,DELIVERED
SMS00000296,A003889,2026-08-12 17:00:00,DELIVERED
SMS00000297,A004005,2025-11-18 12:00:00,FAILED
SMS00000298,A000188,2025-09-11 20:00:00,SENT
SMS00000299,A004184,2026-01-04 22:00:00,SENT
SMS00000300,A002990,2025-10-20 18:00:00,DELIVERED
SMS00000301,A002484,2026-08-14 21:00:00,DELIVERED
SMS00000302,A000099,2026-07-19 13:00:00,DELIVERED
SMS00000303,A001678,2025-10-01 07:00:00,DELIVERED
SMS00000304,A003513,2025-09-10 19:00:00,DELIVERED
SMS00000305,A001299,2026-05-15 11:00:00,DELIVERED
SMS00000306,A003784,2026-06-27 08:00:00,DELIVERED
SMS00000307,A003523,2025-10-26 17:00:00,DELIVERED
SMS00000308,A003123,2026-08-01 21:00:00,SENT
SMS00000309,A000622,2026-01-15 18:00:00,DELIVERED
SMS00000310,A002237,2025-10-22 18:00:00,DELIVERED
SMS00000311,A000269,2025-10-26 14:00:00,DELIVERED
SMS00000312,A002647,2025-10-13 19:00:00,DELIVERED
SMS00000313,A000438,2026-06-14 07:00:00,DELIVERED
SMS00000314,A000689,2026-02-06 18:00:00,SENT
SMS00000315,A001407,2026-07-13 11:00:00,DELIVERED
SMS00000316,A003483,2026-05-08 17:00:00,DELIVERED
SMS00000317,A001056,2025-11-11 17:00:00,DELIVERED
SMS00000318,A002904,2026-06-21 08:00:00,DELIVERED
SMS00000319,A004021,2026-03-12 13:00:00,DELIVERED
SMS00000320,A001821,2026-08-01 14:00:00,DELIVERED
SMS00000321,A002023,2026-03-25 17:00:00,DELIVERED
SMS00000322,A002305,2025-11-01 11:00:00,DELIVERED
SMS00000323,A000594,2025-11-27 22:00:00,FAILED
SMS00000324,A000899,2026-03-12 07:00:00,DELIVERED
SMS00000325,A001906,2025-10-05 15:00:00,SENT
SMS00000326,A003063,2025-09-09 12:00:00,DELIVERED
SMS00000327,A003194,2026-07-10 18:00:00,DELIVERED
SMS00000328,A002964,2026-01-02 12:00:00,DELIVERED
SMS00000329,A002786,2025-09-08 07:00:00,DELIVERED
SMS00000330,A003613,2026-07-04 09:00:00,FAILED
SMS00000331,A000174,2026-04-27 20:00:00,SENT
SMS00000332,A002156,2026-03-22 09:00:00,SENT
SMS00000333,A000813,2026-07-03 19:00:00,DELIVERED
SMS00000334,A001437,2025-12-21 15:00:00,FAILED
SMS00000335,A003152,2025-11-27 16:00:00,DELIVERED
SMS00000336,A004115,2026-02-09 08:00:00,DELIVERED
SMS00000337,A003926,2025-09-27 11:00:00,DELIVERED
SMS00000338,A002451,2026-07-16 19:00:00,SENT
SMS00000339,A003058,2025-12-18 12:00:00,DELIVERED
SMS00000340,A002161,2026-02-04 10:00:00,DELIVERED
SMS00000341,A000504,2025-11-20 12:00:00,SENT
SMS00000342,A002931,2026-02-14 18:00:00,DELIVERED
SMS00000343,A002827,2025-12-05 13:00:00,DELIVERED
SMS00000344,A001235,2026-05-19 15:00:00,DELIVERED
SMS00000345,A001094,2026-06-16 19:00:00,SENT
SMS00000346,A004091,2026-04-03 18:00:00,DELIVERED
SMS00000347,A000449,2026-06-04 16:00:00,SENT
SMS00000348,A004103,2025-11-23 11:00:00,DELIVERED
SMS00000349,A000182,2026-06-26 16:00:00,DELIVERED
SMS00000350,A002363,2026-02-26 09:00:00,SENT
SMS00000351,A000825,2025-11-21 19:00:00,DELIVERED
SMS00000352,A002245,2026-01-06 15:00:00,DELIVERED
SMS00000353,A003766,2026-05-10 21:00:00,DELIVERED
SMS00000354,A002510,2026-03-25 08:00:00,DELIVERED
SMS00000355,A002404,2025-12-05 22:00:00,DELIVERED
SMS00000356,A000451,2026-01-06 21:00:00,DELIVERED
SMS00000357,A001736,2026-02-19 18:00:00,DELIVERED
SMS00000358,A001995,2025-11-21 15:00:00,DELIVERED
SMS00000359,A001300,2026-01-16 09:00:00,FAILED
SMS00000360,A002995,2026-04-02 10:00:00,DELIVERED
SMS00000361,A004032,2026-01-04 15:00:00,FAILED
SMS00000362,A002732,2026-04-14 21:00:00,SENT
SMS00000363,A002988,2026-01-22 10:00:00,DELIVERED
SMS00000364,A003103,2026-01-22 19:00:00,DELIVERED
SMS00000365,A001184,2026-01-22 13:00:00,SENT
SMS00000366,A000392,2026-07-21 15:00:00,DELIVERED
SMS00000367,A001680,2026-06-25 07:00:00,SENT
SMS00000368,A002408,2026-05-09 15:00:00,DELIVERED
SMS00000369,A001117,2025-10-27 20:00:00,DELIVERED
SMS00000370,A001283,2026-01-21 07:00:00,DELIVERED
SMS00000371,A002688,2026-08-05 17:00:00,DELIVERED
SMS00000372,A002139,2026-06-26 17:00:00,DELIVERED
SMS00000373,A001313,2026-05-01 10:00:00,DELIVERED
SMS00000374,A002285,2026-01-10 19:00:00,SENT
SMS00000375,A002293,2026-01-09 09:00:00,SENT
SMS00000376,A000567,2025-09-21 13:00:00,DELIVERED
SMS00000377,A000044,2026-05-11 10:00:00,DELIVERED
SMS00000378,A000916,2026-02-25 17:00:00,DELIVERED
SMS00000379,A003754,2026-07-15 19:00:00,FAILED
SMS00000380,A004055,2026-04-27 07:00:00,DELIVERED
SMS00000381,A000160,2025-09-08 13:00:00,SENT
SMS00000382,A000825,2025-12-19 17:00:00,DELIVERED
SMS00000383,A000240,2025-11-12 20:00:00,DELIVERED
SMS00000384,A001395,2026-01-08 19:00:00,DELIVERED
SMS00000385,A001677,2025-10-14 09:00:00,DELIVERED
SMS00000386,A002661,2026-06-08 11:00:00,DELIVERED
SMS00000387,A001163,2025-11-22 20:00:00,DELIVERED
SMS00000388,A002855,2026-05-25 07:00:00,DELIVERED
SMS00000389,A000774,2026-07-15 15:00:00,SENT
SMS00000390,A002645,2026-03-11 22:00:00,DELIVERED
SMS00000391,A003808,2026-01-26 22:00:00,DELIVERED
SMS00000392,A001860,2026-07-02 22:00:00,DELIVERED
SMS00000393,A003818,2026-06-26 11:00:00,DELIVERED
SMS00000394,A003214,2025-11-08 09:00:00,DELIVERED
SMS00000395,A000408,2026-07-09 08:00:00,DELIVERED
SMS00000396,A000825,2025-09-07 19:00:00,DELIVERED
SMS00000397,A000451,2026-07-17 16:00:00,DELIVERED
SMS00000398,A000349,2026-07-11 17:00:00,DELIVERED
SMS00000399,A004048,2025-11-25 14:00:00,DELIVERED
SMS00000400,A002415,2025-10-27 07:00:00,SENT
SMS00000401,A001349,2025-10-06 18:00:00,DELIVERED
SMS00000402,A000626,2026-05-02 11:00:00,SENT
SMS00000403,A001470,2026-02-21 14:00:00,DELIVERED
SMS00000404,A000737,2026-03-08 22:00:00,DELIVERED
SMS00000405,A000485,2025-12-08 22:00:00,DELIVERED
SMS00000406,A003908,2026-08-18 11:00:00,DELIVERED
SMS00000407,A002398,2025-10-07 10:00:00,SENT
SMS00000408,A000452,2025-10-22 09:00:00,DELIVERED
SMS00000409,A000441,2025-11-24 11:00:00,DELIVERED
SMS00000410,A003852,2025-11-27 13:00:00,DELIVERED
SMS00000411,A002616,2025-11-16 14:00:00,DELIVERED
SMS00000412,A004169,2026-07-26 09:00:00,DELIVERED
SMS00000413,A001169,2025-09-18 21:00:00,DELIVERED
SMS00000414,A002021,2026-05-13 14:00:00,DELIVERED
SMS00000415,A001578,2025-10-04 22:00:00,DELIVERED
SMS00000416,A003064,2026-07-15 09:00:00,SENT
SMS00000417,A002582,2026-02-17 16:00:00,SENT
SMS00000418,A002124,2026-07-17 16:00:00,FAILED
SMS00000419,A002239,2025-09-03 17:00:00,DELIVERED
SMS00000420,A000231,2026-05-22 20:00:00,FAILED
SMS00000421,A001139,2025-12-21 08:00:00,FAILED
SMS00000422,A000873,2026-01-13 09:00:00,DELIVERED
SMS00000423,A003855,2026-02-07 16:00:00,DELIVERED
SMS00000424,A004175,2026-01-01 19:00:00,FAILED
SMS00000425,A001476,2026-01-20 21:00:00,DELIVERED
SMS00000426,A002414,2026-02-02 10:00:00,SENT
SMS00000427,A002414,2025-10-22 13:00:00,DELIVERED
SMS00000428,A001291,2025-11-19 21:00:00,SENT
SMS00000429,A000969,2026-04-17 10:00:00,DELIVERED
SMS00000430,A003798,2026-04-18 10:00:00,DELIVERED
SMS00000431,A003742,2026-02-11 22:00:00,DELIVERED
SMS00000432,A001905,2026-07-11 20:00:00,DELIVERED
SMS00000433,A002049,2026-06-24 08:00:00,FAILED
SMS00000434,A001712,2026-05-05 11:00:00,DELIVERED
SMS00000435,A000300,2026-07-23 10:00:00,DELIVERED
SMS00000436,A001903,2025-11-22 17:00:00,DELIVERED
SMS00000437,A000465,2025-09-24 19:00:00,DELIVERED
SMS00000438,A001614,2025-12-27 07:00:00,DELIVERED
SMS00000439,A002959,2026-08-19 09:00:00,SENT
SMS00000440,A003069,2026-04-19 10:00:00,DELIVERED
SMS00000441,A002925,2026-06-17 15:00:00,SENT
SMS00000442,A001204,2026-03-15 08:00:00,SENT
SMS00000443,A002403,2026-05-22 17:00:00,DELIVERED
SMS00000444,A002890,2025-12-11 19:00:00,DELIVERED
SMS00000445,A001528,2025-10-05 21:00:00,DELIVERED
SMS00000446,A004062,2026-04-17 16:00:00,DELIVERED
SMS00000447,A000697,2026-07-09 08:00:00,DELIVERED
SMS00000448,A000485,2026-08-11 14:00:00,DELIVERED
SMS00000449,A000360,2026-04-06 14:00:00,DELIVERED
SMS00000450,A002925,2026-05-01 16:00:00,DELIVERED
SMS00000451,A003218,2026-07-21 19:00:00,SENT
SMS00000452,A003361,2025-10-17 19:00:00,DELIVERED
SMS00000453,A003958,2025-10-11 11:00:00,DELIVERED
SMS00000454,A002947,2025-09-14 21:00:00,DELIVERED
SMS00000455,A001611,2026-06-09 20:00:00,SENT
SMS00000456,A003699,2026-07-21 18:00:00,FAILED
SMS00000457,A003909,2025-09-26 07:00:00,DELIVERED
SMS00000458,A002642,2025-11-13 07:00:00,DELIVERED
SMS00000459,A002795,2026-03-05 14:00:00,DELIVERED
SMS00000460,A003685,2025-12-26 20:00:00,DELIVERED
SMS00000461,A000240,2026-05-21 13:00:00,DELIVERED
SMS00000462,A001458,2025-10-13 20:00:00,SENT
SMS00000463,A001416,2026-04-08 11:00:00,FAILED
SMS00000464,A003146,2026-06-11 15:00:00,DELIVERED
SMS00000465,A004071,2025-12-27 13:00:00,DELIVERED
SMS00000466,A001532,2026-05-24 19:00:00,DELIVERED
SMS00000467,A002321,2026-02-18 21:00:00,DELIVERED
SMS00000468,A003514,2026-06-24 11:00:00,DELIVERED
SMS00000469,A004104,2026-06-06 12:00:00,DELIVERED
SMS00000470,A003507,2026-08-06 22:00:00,DELIVERED
SMS00000471,A002557,2026-06-04 20:00:00,DELIVERED
SMS00000472,A001632,2026-08-06 07:00:00,SENT
SMS00000473,A003474,2026-03-22 08:00:00,SENT
SMS00000474,A003018,2025-11-11 16:00:00,DELIVERED
SMS00000475,A002669,2026-08-04 17:00:00,DELIVERED
SMS00000476,A003681,2025-09-10 10:00:00,SENT
SMS00000477,A003052,2026-02-11 13:00:00,SENT
SMS00000478,A001602,2026-05-16 20:00:00,FAILED
SMS00000479,A002276,2026-05-05 22:00:00,DELIVERED
SMS00000480,A000138,2026-01-01 19:00:00,DELIVERED
SMS00000481,A003351,2026-07-09 19:00:00,DELIVERED
SMS00000482,A002730,2026-02-05 12:00:00,DELIVERED
SMS00000483,A001691,2025-10-04 15:00:00,DELIVERED
SMS00000484,A001508,2026-04-14 16:00:00,DELIVERED
SMS00000485,A001302,2025-12-18 08:00:00,DELIVERED
SMS00000486,A004028,2025-11-21 14:00:00,DELIVERED
SMS00000487,A002916,2025-10-25 20:00:00,SENT
SMS00000488,A000693,2026-08-22 19:00:00,DELIVERED
SMS00000489,A003458,2026-03-14 10:00:00,DELIVERED
SMS00000490,A002310,2026-04-26 09:00:00,DELIVERED
SMS00000491,A000861,2026-05-07 10:00:00,DELIVERED
SMS00000492,A003354,2025-11-04 17:00:00,DELIVERED
SMS00000493,A001685,2025-11-12 10:00:00,SENT
SMS00000494,A001195,2025-09-17 10:00:00,DELIVERED
SMS00000495,A000788,2026-08-10 16:00:00,DELIVERED
SMS00000496,A003948,2026-01-15 10:00:00,SENT
SMS00000497,A003853,2026-06-06 17:00:00,SENT
SMS00000498,A001550,2026-07-10 22:00:00,DELIVERED
SMS00000499,A002862,2026-08-03 13:00:00,DELIVERED
SMS00000500,A003108,2026-08-25 12:00:00,DELIVERED
SMS00000501,A000363,2025-11-27 21:00:00,DELIVERED
SMS00000502,A000817,2026-08-22 20:00:00,DELIVERED
SMS00000503,A002359,2025-09-18 15:00:00,DELIVERED
SMS00000504,A001286,2026-08-21 18:00:00,DELIVERED
SMS00000505,A000936,2025-11-11 19:00:00,DELIVERED
SMS00000506,A003775,2026-07-13 19:00:00,DELIVERED
SMS00000507,A000651,2025-09-04 13:00:00,DELIVERED
SMS00000508,A000061,2026-01-22 19:00:00,DELIVERED
SMS00000509,A003962,2025-09-20 16:00:00,DELIVERED
SMS00000510,A003493,2026-08-04 17:00:00,DELIVERED
SMS00000511,A001984,2026-06-27 17:00:00,DELIVERED
SMS00000512,A003367,2025-11-06 22:00:00,DELIVERED
SMS00000513,A003212,2026-05-05 20:00:00,SENT
SMS00000514,A004050,2026-02-19 08:00:00,SENT
SMS00000515,A001789,2025-09-14 09:00:00,FAILED
SMS00000516,A000539,2025-10-25 17:00:00,FAILED
SMS00000517,A003677,2026-04-13 14:00:00,DELIVERED
SMS00000518,A002340,2026-05-11 09:00:00,DELIVERED
SMS00000519,A001319,2026-08-24 19:00:00,DELIVERED
SMS00000520,A001212,2026-05-01 10:00:00,DELIVERED
SMS00000521,A000752,2025-11-10 18:00:00,DELIVERED
SMS00000522,A001910,2026-06-17 08:00:00,SENT
SMS00000523,A001857,2026-07-17 18:00:00,DELIVERED
SMS00000524,A003277,2026-02-23 09:00:00,FAILED
SMS00000525,A002070,2025-09-05 18:00:00,DELIVERED
SMS00000526,A003700,2026-02-27 20:00:00,DELIVERED
SMS00000527,A001711,2025-11-03 22:00:00,SENT
SMS00000528,A001654,2026-02-06 22:00:00,DELIVERED
SMS00000529,A002446,2025-12-25 08:00:00,DELIVERED
SMS00000530,A002504,2026-08-09 08:00:00,DELIVERED
SMS00000531,A001290,2025-12-21 16:00:00,DELIVERED
SMS00000532,A000588,2025-12-10 17:00:00,FAILED
SMS00000533,A003461,2026-07-24 15:00:00,DELIVERED
SMS00000534,A002028,2025-12-13 15:00:00,DELIVERED
SMS00000535,A003722,2026-04-12 18:00:00,DELIVERED
SMS00000536,A004081,2025-11-20 22:00:00,DELIVERED
SMS00000537,A000097,2026-06-13 13:00:00,DELIVERED
SMS00000538,A003031,2026-08-11 19:00:00,SENT
SMS00000539,A001958,2025-10-15 07:00:00,DELIVERED
SMS00000540,A000011,2025-10-11 07:00:00,DELIVERED
SMS00000541,A001526,2026-04-13 13:00:00,DELIVERED
SMS00000542,A000355,2026-08-03 07:00:00,DELIVERED
SMS00000543,A003590,2025-11-01 11:00:00,DELIVERED
SMS00000544,A004128,2026-05-17 21:00:00,DELIVERED
SMS00000545,A001089,2026-02-07 14:00:00,FAILED
SMS00000546,A003013,2026-06-23 09:00:00,SENT
SMS00000547,A003895,2026-01-25 21:00:00,SENT
SMS00000548,A004046,2026-01-16 20:00:00,DELIVERED
SMS00000549,A004191,2025-12-23 10:00:00,DELIVERED
SMS00000550,A003986,2026-04-13 16:00:00,DELIVERED
SMS00000551,A001521,2025-11-01 15:00:00,DELIVERED
SMS00000552,A003142,2025-10-27 16:00:00,DELIVERED
SMS00000553,A001080,2026-08-17 09:00:00,DELIVERED
SMS00000554,A003497,2026-03-10 20:00:00,DELIVERED
SMS00000555,A002477,2026-02-03 18:00:00,DELIVERED
SMS00000556,A001634,2026-05-22 09:00:00,SENT
SMS00000557,A001496,2026-01-06 22:00:00,SENT
SMS00000558,A000552,2025-10-22 12:00:00,DELIVERED
SMS00000559,A002819,2026-03-01 17:00:00,DELIVERED
SMS00000560,A002582,2026-06-20 15:00:00,SENT
SMS00000561,A000573,2025-10-16 08:00:00,SENT
SMS00000562,A000088,2026-08-07 12:00:00,DELIVERED
SMS00000563,A001001,2025-10-15 21:00:00,DELIVERED
SMS00000564,A003160,2026-08-08 16:00:00,DELIVERED
SMS00000565,A002850,2025-12-21 15:00:00,DELIVERED
SMS00000566,A000426,2026-03-22 07:00:00,DELIVERED
SMS00000567,A004184,2025-09-20 16:00:00,DELIVERED
SMS00000568,A000439,2025-12-24 10:00:00,DELIVERED
SMS00000569,A001093,2026-06-01 18:00:00,DELIVERED
SMS00000570,A001893,2026-08-17 20:00:00,DELIVERED
SMS00000571,A003577,2026-06-25 10:00:00,SENT
SMS00000572,A004023,2026-05-23 17:00:00,DELIVERED
SMS00000573,A002090,2025-09-18 15:00:00,DELIVERED
SMS00000574,A000283,2025-10-05 21:00:00,DELIVERED
SMS00000575,A002949,2026-05-20 19:00:00,DELIVERED
SMS00000576,A002180,2026-05-14 07:00:00,DELIVERED
SMS00000577,A001654,2025-11-05 20:00:00,DELIVERED
SMS00000578,A000262,2025-09-21 15:00:00,DELIVERED
SMS00000579,A001946,2026-03-10 21:00:00,DELIVERED
SMS00000580,A001725,2026-05-21 12:00:00,DELIVERED
SMS00000581,A002087,2026-04-27 12:00:00,DELIVERED
SMS00000582,A001447,2026-07-12 11:00:00,SENT
SMS00000583,A002016,2026-02-19 16:00:00,SENT
SMS00000584,A001400,2026-08-23 15:00:00,SENT
SMS00000585,A003301,2025-12-26 14:00:00,DELIVERED
SMS00000586,A002924,2026-08-26 07:00:00,DELIVERED
SMS00000587,A003052,2026-05-22 12:00:00,DELIVERED
SMS00000588,A002887,2026-06-24 10:00:00,DELIVERED
SMS00000589,A004197,2026-01-02 20:00:00,DELIVERED
SMS00000590,A002118,2026-07-01 11:00:00,DELIVERED
SMS00000591,A000540,2025-10-01 21:00:00,DELIVERED
SMS00000592,A003768,2026-03-20 15:00:00,DELIVERED
SMS00000593,A003769,2026-06-06 21:00:00,DELIVERED
SMS00000594,A003016,2026-04-27 08:00:00,DELIVERED
SMS00000595,A001942,2026-03-04 17:00:00,DELIVERED
SMS00000596,A002974,2025-09-04 07:00:00,DELIVERED
SMS00000597,A001234,2026-08-09 18:00:00,SENT
SMS00000598,A000679,2026-07-24 11:00:00,DELIVERED
SMS00000599,A002848,2025-09-10 09:00:00,SENT
SMS00000600,A001175,2026-08-18 15:00:00,SENT
SMS00000601,A000839,2025-12-23 18:00:00,DELIVERED
SMS00000602,A000972,2026-06-16 12:00:00,DELIVERED
SMS00000603,A001170,2026-08-21 18:00:00,DELIVERED
SMS00000604,A000406,2026-05-10 19:00:00,FAILED
SMS00000605,A003614,2026-07-03 08:00:00,DELIVERED
SMS00000606,A003280,2025-12-27 08:00:00,DELIVERED
SMS00000607,A000781,2026-06-01 17:00:00,DELIVERED
SMS00000608,A002111,2026-02-25 14:00:00,DELIVERED
SMS00000609,A001280,2025-12-15 09:00:00,FAILED
SMS00000610,A003416,2025-09-16 21:00:00,DELIVERED
SMS00000611,A001663,2026-05-18 08:00:00,DELIVERED
SMS00000612,A000973,2026-04-21 12:00:00,FAILED
SMS00000613,A001857,2026-07-20 12:00:00,FAILED
SMS00000614,A004181,2026-08-13 22:00:00,DELIVERED
SMS00000615,A003380,2026-03-27 15:00:00,DELIVERED
SMS00000616,A001877,2025-10-18 07:00:00,DELIVERED
SMS00000617,A001562,2026-06-20 20:00:00,FAILED
SMS00000618,A002703,2026-06-16 21:00:00,DELIVERED
SMS00000619,A001309,2026-02-04 20:00:00,DELIVERED
SMS00000620,A003738,2026-07-15 15:00:00,DELIVERED
SMS00000621,A002949,2025-11-13 08:00:00,DELIVERED
SMS00000622,A002588,2025-12-09 20:00:00,DELIVERED
SMS00000623,A003463,2026-06-11 08:00:00,DELIVERED
SMS00000624,A003751,2026-07-16 09:00:00,DELIVERED
SMS00000625,A001105,2026-01-01 20:00:00,DELIVERED
SMS00000626,A002657,2026-08-09 21:00:00,DELIVERED
SMS00000627,A003382,2025-09-16 13:00:00,DELIVERED
SMS00000628,A000846,2025-10-04 11:00:00,DELIVERED
SMS00000629,A002254,2026-04-10 19:00:00,FAILED
SMS00000630,A003356,2026-08-24 09:00:00,DELIVERED
SMS00000631,A000165,2025-09-27 14:00:00,DELIVERED
SMS00000632,A000845,2026-08-09 22:00:00,DELIVERED
SMS00000633,A003605,2026-01-27 09:00:00,DELIVERED
SMS00000634,A003787,2025-12-12 09:00:00,DELIVERED
SMS00000635,A003413,2025-11-15 12:00:00,FAILED
SMS00000636,A000117,2026-08-06 19:00:00,DELIVERED
SMS00000637,A001080,2026-08-10 07:00:00,DELIVERED
SMS00000638,A002901,2026-06-15 11:00:00,SENT
SMS00000639,A001161,2025-09-05 17:00:00,SENT
SMS00000640,A001932,2026-06-27 20:00:00,DELIVERED
SMS00000641,A002892,2025-09-26 09:00:00,SENT
SMS00000642,A001520,2025-10-22 20:00:00,DELIVERED
SMS00000643,A003760,2025-09-15 19:00:00,DELIVERED
SMS00000644,A000368,2025-10-11 21:00:00,FAILED
SMS00000645,A001966,2026-02-16 07:00:00,FAILED
SMS00000646,A001132,2026-07-03 13:00:00,DELIVERED
SMS00000647,A002795,2025-09-11 11:00:00,DELIVERED
SMS00000648,A001254,2026-07-11 16:00:00,DELIVERED
SMS00000649,A001589,2026-07-25 20:00:00,DELIVERED
SMS00000650,A001072,2025-11-09 18:00:00,DELIVERED
SMS00000651,A003451,2026-01-05 08:00:00,SENT
SMS00000652,A000556,2026-03-17 10:00:00,SENT
SMS00000653,A003198,2026-08-18 20:00:00,DELIVERED
SMS00000654,A000449,2026-01-16 08:00:00,DELIVERED
SMS00000655,A003935,2026-05-27 19:00:00,DELIVERED
SMS00000656,A002298,2026-02-01 12:00:00,DELIVERED
SMS00000657,A001144,2026-01-03 11:00:00,DELIVERED
SMS00000658,A000181,2026-03-12 11:00:00,SENT
SMS00000659,A002353,2026-08-14 19:00:00,SENT
SMS00000660,A003808,2026-05-16 13:00:00,DELIVERED
SMS00000661,A001369,2025-09-05 10:00:00,DELIVERED
SMS00000662,A001960,2026-01-24 14:00:00,DELIVERED
SMS00000663,A001078,2025-12-19 09:00:00,DELIVERED
SMS00000664,A000983,2026-02-15 18:00:00,DELIVERED
SMS00000665,A001375,2026-01-07 15:00:00,FAILED
SMS00000666,A000495,2026-02-07 09:00:00,DELIVERED
SMS00000667,A000954,2026-06-15 22:00:00,SENT
SMS00000668,A002948,2026-01-13 14:00:00,SENT
SMS00000669,A002589,2026-04-07 21:00:00,DELIVERED
SMS00000670,A001976,2026-07-01 20:00:00,SENT
SMS00000671,A000954,2026-01-07 19:00:00,DELIVERED
SMS00000672,A000115,2025-12-27 13:00:00,SENT
SMS00000673,A001425,2026-07-23 19:00:00,DELIVERED
SMS00000674,A000934,2026-08-17 20:00:00,DELIVERED
SMS00000675,A002874,2025-09-22 22:00:00,SENT
SMS00000676,A000178,2026-04-11 12:00:00,FAILED
SMS00000677,A003039,2025-09-01 11:00:00,DELIVERED
SMS00000678,A001060,2026-05-08 16:00:00,DELIVERED
SMS00000679,A000455,2025-09-15 20:00:00,DELIVERED
SMS00000680,A004164,2025-10-14 08:00:00,DELIVERED
SMS00000681,A003500,2026-08-26 21:00:00,SENT
SMS00000682,A003292,2026-03-17 09:00:00,FAILED
SMS00000683,A001381,2026-01-14 15:00:00,DELIVERED
SMS00000684,A001208,2025-11-06 20:00:00,FAILED
SMS00000685,A001082,2025-09-02 15:00:00,SENT
SMS00000686,A002072,2025-12-19 17:00:00,DELIVERED
SMS00000687,A002114,2025-12-11 09:00:00,FAILED
SMS00000688,A001587,2025-09-18 08:00:00,DELIVERED
SMS00000689,A001395,2025-09-12 11:00:00,DELIVERED
SMS00000690,A002499,2025-12-05 07:00:00,DELIVERED
SMS00000691,A001438,2026-07-24 12:00:00,SENT
SMS00000692,A000940,2025-12-07 19:00:00,DELIVERED
SMS00000693,A002159,2026-06-18 11:00:00,SENT
SMS00000694,A001857,2026-05-12 14:00:00,SENT
SMS00000695,A000335,2025-11-22 17:00:00,DELIVERED
SMS00000696,A002560,2026-08-02 22:00:00,DELIVERED
SMS00000697,A001589,2025-10-08 21:00:00,FAILED
SMS00000698,A003487,2025-09-19 18:00:00,DELIVERED
SMS00000699,A003397,2026-08-06 15:00:00,DELIVERED
SMS00000700,A004194,2026-04-22 17:00:00,DELIVERED
SMS00000701,A003610,2026-01-07 10:00:00,DELIVERED
SMS00000702,A000857,2026-01-06 19:00:00,SENT
SMS00000703,A003981,2026-03-14 22:00:00,DELIVERED
SMS00000704,A001185,2026-06-22 10:00:00,DELIVERED
SMS00000705,A000303,2025-12-17 10:00:00,DELIVERED
SMS00000706,A002110,2026-01-25 22:00:00,SENT
SMS00000707,A001713,2025-11-08 11:00:00,DELIVERED
SMS00000708,A001896,2026-05-03 18:00:00,DELIVERED
SMS00000709,A001383,2025-09-13 16:00:00,DELIVERED
SMS00000710,A003278,2026-04-18 16:00:00,SENT
SMS00000711,A001746,2026-04-17 07:00:00,DELIVERED
SMS00000712,A001050,2026-05-25 08:00:00,DELIVERED
SMS00000713,A002165,2026-06-20 20:00:00,FAILED
SMS00000714,A002002,2025-11-19 22:00:00,DELIVERED
SMS00000715,A000650,2026-05-25 17:00:00,SENT
SMS00000716,A001683,2026-01-24 14:00:00,SENT
SMS00000717,A002671,2026-02-05 13:00:00,SENT
SMS00000718,A002472,2026-05-23 12:00:00,FAILED
SMS00000719,A002242,2026-02-12 14:00:00,DELIVERED
SMS00000720,A001200,2025-10-22 22:00:00,DELIVERED
SMS00000721,A003090,2026-05-27 12:00:00,DELIVERED
SMS00000722,A003135,2026-07-22 15:00:00,DELIVERED
SMS00000723,A001672,2026-03-12 12:00:00,DELIVERED
SMS00000724,A001284,2026-05-27 12:00:00,FAILED
SMS00000725,A003209,2026-05-21 10:00:00,DELIVERED
SMS00000726,A002848,2025-10-11 15:00:00,DELIVERED
SMS00000727,A001307,2026-03-27 14:00:00,SENT
SMS00000728,A000445,2025-11-08 18:00:00,DELIVERED
SMS00000729,A000243,2026-07-05 12:00:00,SENT
SMS00000730,A003157,2026-02-05 10:00:00,DELIVERED
SMS00000731,A002814,2025-12-10 21:00:00,DELIVERED
SMS00000732,A001128,2025-11-09 17:00:00,DELIVERED
SMS00000733,A000307,2025-11-13 14:00:00,DELIVERED
SMS00000734,A001496,2026-03-07 08:00:00,DELIVERED
SMS00000735,A001497,2026-06-14 14:00:00,DELIVERED
SMS00000736,A000262,2025-09-04 16:00:00,DELIVERED
SMS00000737,A002270,2025-11-17 14:00:00,DELIVERED
SMS00000738,A003136,2025-11-20 20:00:00,SENT
SMS00000739,A002140,2025-10-15 21:00:00,DELIVERED
SMS00000740,A002876,2026-01-04 22:00:00,FAILED
SMS00000741,A000721,2025-09-02 16:00:00,SENT
SMS00000742,A002740,2026-07-01 17:00:00,DELIVERED
SMS00000743,A004154,2026-02-27 21:00:00,DELIVERED
SMS00000744,A003272,2025-10-25 18:00:00,DELIVERED
SMS00000745,A001737,2026-07-26 11:00:00,DELIVERED
SMS00000746,A002610,2026-04-11 21:00:00,DELIVERED
SMS00000747,A000032,2025-11-08 13:00:00,DELIVERED
SMS00000748,A001250,2025-10-22 22:00:00,FAILED
SMS00000749,A003110,2026-01-22 08:00:00,SENT
SMS00000750,A001314,2025-12-12 17:00:00,DELIVERED
SMS00000751,A001705,2025-09-22 11:00:00,FAILED
SMS00000752,A002523,2025-11-25 15:00:00,SENT
SMS00000753,A003565,2026-04-11 11:00:00,DELIVERED
SMS00000754,A000557,2026-03-26 11:00:00,DELIVERED
SMS00000755,A001992,2026-08-07 09:00:00,DELIVERED
SMS00000756,A003253,2026-06-14 15:00:00,DELIVERED
SMS00000757,A003776,2026-05-03 15:00:00,DELIVERED
SMS00000758,A001164,2026-03-16 18:00:00,SENT
SMS00000759,A000456,2026-08-26 17:00:00,DELIVERED
SMS00000760,A001211,2025-10-23 22:00:00,DELIVERED
SMS00000761,A000505,2025-09-10 11:00:00,DELIVERED
SMS00000762,A001021,2026-02-23 16:00:00,DELIVERED
SMS00000763,A004052,2026-06-09 11:00:00,DELIVERED
SMS00000764,A002151,2026-08-08 17:00:00,DELIVERED
SMS00000765,A001701,2025-11-04 09:00:00,DELIVERED
SMS00000766,A001367,2025-10-01 07:00:00,SENT
SMS00000767,A000003,2026-08-09 16:00:00,DELIVERED
SMS00000768,A001777,2026-02-25 19:00:00,FAILED
SMS00000769,A000440,2026-03-25 07:00:00,DELIVERED
SMS00000770,A002150,2026-08-17 18:00:00,FAILED
SMS00000771,A003153,2025-12-01 18:00:00,DELIVERED
SMS00000772,A001918,2025-09-19 20:00:00,DELIVERED
SMS00000773,A000315,2025-12-16 07:00:00,SENT
SMS00000774,A003134,2025-11-02 12:00:00,DELIVERED
SMS00000775,A003294,2026-06-12 21:00:00,SENT
SMS00000776,A003380,2025-10-18 19:00:00,DELIVERED
SMS00000777,A002430,2026-02-07 20:00:00,DELIVERED
SMS00000778,A003489,2026-08-05 15:00:00,FAILED
SMS00000779,A000521,2026-02-23 20:00:00,DELIVERED
SMS00000780,A001018,2025-12-05 09:00:00,DELIVERED
SMS00000781,A003480,2026-04-04 22:00:00,SENT
SMS00000782,A001639,2025-12-04 15:00:00,SENT
SMS00000783,A002559,2025-09-25 07:00:00,DELIVERED
SMS00000784,A003405,2025-10-02 22:00:00,DELIVERED
SMS00000785,A002309,2026-05-16 13:00:00,DELIVERED
SMS00000786,A002743,2025-09-10 16:00:00,SENT
SMS00000787,A003413,2026-02-24 10:00:00,SENT
SMS00000788,A001335,2025-10-09 16:00:00,DELIVERED
SMS00000789,A003180,2025-10-23 17:00:00,DELIVERED
SMS00000790,A002295,2025-11-22 14:00:00,DELIVERED
SMS00000791,A000754,2026-05-09 12:00:00,DELIVERED
SMS00000792,A002847,2025-12-02 22:00:00,DELIVERED
SMS00000793,A000682,2026-03-24 20:00:00,SENT
SMS00000794,A001527,2026-02-16 17:00:00,DELIVERED
SMS00000795,A002016,2025-09-08 13:00:00,SENT
SMS00000796,A000927,2025-11-03 19:00:00,DELIVERED
SMS00000797,A000574,2025-12-15 19:00:00,DELIVERED
SMS00000798,A000315,2026-07-17 11:00:00,DELIVERED
SMS00000799,A002363,2026-07-16 12:00:00,DELIVERED
SMS00000800,A000835,2025-10-26 12:00:00,DELIVERED
SMS00000801,A001638,2025-09-16 10:00:00,DELIVERED
SMS00000802,A002202,2026-04-08 08:00:00,DELIVERED
SMS00000803,A003320,2026-02-08 19:00:00,SENT
SMS00000804,A001260,2026-02-10 12:00:00,DELIVERED
SMS00000805,A000336,2026-01-06 19:00:00,DELIVERED
SMS00000806,A000379,2025-09-20 20:00:00,DELIVERED
SMS00000807,A001434,2025-12-21 16:00:00,DELIVERED
SMS00000808,A004002,2026-05-07 19:00:00,DELIVERED
SMS00000809,A000333,2026-05-26 19:00:00,DELIVERED
SMS00000810,A000924,2025-11-04 12:00:00,DELIVERED
SMS00000811,A001959,2026-05-18 15:00:00,SENT
SMS00000812,A003006,2025-09-17 22:00:00,DELIVERED
SMS00000813,A000356,2025-10-07 21:00:00,DELIVERED
SMS00000814,A000057,2026-05-04 15:00:00,DELIVERED
SMS00000815,A001193,2026-07-26 14:00:00,SENT
SMS00000816,A002022,2026-06-19 18:00:00,SENT
SMS00000817,A002148,2025-12-03 17:00:00,DELIVERED
SMS00000818,A003010,2026-02-17 08:00:00,DELIVERED
SMS00000819,A002814,2026-01-06 16:00:00,DELIVERED
SMS00000820,A002575,2025-12-11 13:00:00,DELIVERED
SMS00000821,A002342,2026-01-25 15:00:00,DELIVERED
SMS00000822,A002368,2025-12-02 10:00:00,DELIVERED
SMS00000823,A003261,2025-12-26 20:00:00,SENT
SMS00000824,A000572,2026-08-26 21:00:00,DELIVERED
SMS00000825,A000824,2025-09-17 21:00:00,DELIVERED
SMS00000826,A000261,2026-07-02 17:00:00,FAILED
SMS00000827,A002943,2026-02-13 17:00:00,DELIVERED
SMS00000828,A003060,2026-03-22 12:00:00,DELIVERED
SMS00000829,A001146,2025-10-06 21:00:00,DELIVERED
SMS00000830,A002596,2026-01-19 08:00:00,DELIVERED
SMS00000831,A003749,2025-12-03 15:00:00,DELIVERED
SMS00000832,A001989,2025-09-20 22:00:00,DELIVERED
SMS00000833,A003086,2025-11-17 18:00:00,DELIVERED
SMS00000834,A000226,2025-09-22 18:00:00,DELIVERED
SMS00000835,A001288,2026-02-25 12:00:00,DELIVERED
SMS00000836,A001300,2026-01-18 22:00:00,SENT
SMS00000837,A000136,2026-04-18 08:00:00,DELIVERED
SMS00000838,A002237,2026-02-08 09:00:00,FAILED
SMS00000839,A001843,2025-11-01 18:00:00,DELIVERED
SMS00000840,A002229,2026-02-10 11:00:00,DELIVERED
SMS00000841,A003066,2026-07-20 22:00:00,DELIVERED
SMS00000842,A000186,2026-01-26 16:00:00,SENT
SMS00000843,A000547,2025-12-04 07:00:00,DELIVERED
SMS00000844,A002231,2026-08-03 08:00:00,DELIVERED
SMS00000845,A000264,2025-09-06 19:00:00,DELIVERED
SMS00000846,A003796,2025-11-18 12:00:00,DELIVERED
SMS00000847,A001019,2026-01-14 18:00:00,DELIVERED
SMS00000848,A001338,2025-10-27 11:00:00,SENT
SMS00000849,A003918,2026-03-23 15:00:00,DELIVERED
SMS00000850,A002658,2025-11-05 08:00:00,DELIVERED
SMS00000851,A000734,2026-04-07 20:00:00,DELIVERED
SMS00000852,A002208,2026-04-17 14:00:00,SENT
SMS00000853,A004146,2025-10-13 07:00:00,DELIVERED
SMS00000854,A002561,2026-06-09 13:00:00,SENT
SMS00000855,A000166,2026-08-16 13:00:00,DELIVERED
SMS00000856,A001189,2025-09-09 14:00:00,DELIVERED
SMS00000857,A003507,2026-07-19 22:00:00,FAILED
SMS00000858,A000477,2026-06-23 22:00:00,DELIVERED
SMS00000859,A003159,2026-06-25 14:00:00,DELIVERED
SMS00000860,A002829,2026-04-17 21:00:00,DELIVERED
SMS00000861,A000984,2026-03-19 14:00:00,DELIVERED
SMS00000862,A001359,2025-10-01 14:00:00,FAILED
SMS00000863,A001904,2025-12-09 07:00:00,SENT
SMS00000864,A003000,2025-09-27 21:00:00,SENT
SMS00000865,A003686,2026-05-21 16:00:00,DELIVERED
SMS00000866,A001964,2026-03-06 19:00:00,FAILED
SMS00000867,A004084,2026-04-04 10:00:00,DELIVERED
SMS00000868,A003210,2026-04-16 13:00:00,SENT
SMS00000869,A000347,2026-05-23 17:00:00,DELIVERED
SMS00000870,A000018,2025-12-08 09:00:00,SENT
SMS00000871,A004136,2026-04-15 19:00:00,DELIVERED
SMS00000872,A003845,2026-02-23 15:00:00,DELIVERED
SMS00000873,A002713,2026-04-21 14:00:00,DELIVERED
SMS00000874,A003581,2026-07-26 10:00:00,SENT
SMS00000875,A002429,2026-07-03 12:00:00,DELIVERED
SMS00000876,A003177,2025-12-13 10:00:00,DELIVERED
SMS00000877,A000779,2025-09-15 08:00:00,SENT
SMS00000878,A001974,2026-05-20 21:00:00,FAILED
SMS00000879,A002218,2026-06-05 21:00:00,DELIVERED
SMS00000880,A003057,2026-07-25 18:00:00,FAILED
SMS00000881,A003080,2025-12-13 16:00:00,DELIVERED
SMS00000882,A001302,2025-10-14 15:00:00,SENT
SMS00000883,A000154,2026-04-22 19:00:00,DELIVERED
SMS00000884,A004029,2026-06-27 08:00:00,DELIVERED
SMS00000885,A002745,2025-09-12 11:00:00,DELIVERED
SMS00000886,A000719,2026-01-10 16:00:00,DELIVERED
SMS00000887,A002706,2025-10-20 15:00:00,SENT
SMS00000888,A003070,2025-11-21 13:00:00,DELIVERED
SMS00000889,A003687,2026-08-01 09:00:00,FAILED
SMS00000890,A003936,2026-05-07 20:00:00,SENT
SMS00000891,A001678,2026-02-19 19:00:00,DELIVERED
SMS00000892,A004198,2026-03-07 15:00:00,DELIVERED
SMS00000893,A001122,2025-09-16 16:00:00,DELIVERED
SMS00000894,A000369,2026-03-14 22:00:00,DELIVERED
SMS00000895,A003375,2026-08-11 16:00:00,DELIVERED
SMS00000896,A000798,2026-02-02 21:00:00,DELIVERED
SMS00000897,A002647,2025-12-24 08:00:00,DELIVERED
SMS00000898,A003972,2025-11-24 10:00:00,FAILED
SMS00000899,A003153,2025-10-09 08:00:00,DELIVERED
SMS00000900,A002626,2025-12-24 13:00:00,FAILED
SMS00000901,A000284,2026-03-14 15:00:00,DELIVERED
SMS00000902,A003368,2026-08-21 14:00:00,DELIVERED
SMS00000903,A002486,2025-11-02 22:00:00,FAILED
SMS00000904,A002046,2025-10-14 17:00:00,DELIVERED
SMS00000905,A001136,2025-11-15 19:00:00,DELIVERED
SMS00000906,A000203,2026-05-22 13:00:00,DELIVERED
SMS00000907,A002790,2026-08-22 12:00:00,DELIVERED
SMS00000908,A002203,2026-08-06 07:00:00,DELIVERED
SMS00000909,A002571,2025-11-19 10:00:00,FAILED
SMS00000910,A000485,2026-06-02 15:00:00,SENT
SMS00000911,A001415,2025-10-27 17:00:00,DELIVERED
SMS00000912,A001292,2026-03-26 13:00:00,DELIVERED
SMS00000913,A003229,2026-07-14 21:00:00,SENT
SMS00000914,A003059,2026-08-08 14:00:00,DELIVERED
SMS00000915,A002037,2026-04-20 20:00:00,DELIVERED
SMS00000916,A000684,2025-12-08 20:00:00,DELIVERED
SMS00000917,A002637,2025-11-16 16:00:00,DELIVERED
SMS00000918,A000954,2026-07-08 18:00:00,DELIVERED
SMS00000919,A001756,2026-03-08 19:00:00,DELIVERED
SMS00000920,A004020,2026-01-09 10:00:00,SENT
SMS00000921,A002178,2026-01-09 20:00:00,DELIVERED
SMS00000922,A000856,2026-03-06 21:00:00,DELIVERED
SMS00000923,A000513,2025-11-12 11:00:00,DELIVERED
SMS00000924,A003489,2026-01-18 20:00:00,FAILED
SMS00000925,A001646,2026-01-04 21:00:00,DELIVERED
SMS00000926,A002127,2025-12-13 08:00:00,SENT
SMS00000927,A002755,2025-10-12 14:00:00,SENT
SMS00000928,A002330,2025-12-26 12:00:00,SENT
SMS00000929,A000994,2026-02-21 16:00:00,DELIVERED
SMS00000930,A000807,2026-01-03 10:00:00,DELIVERED
SMS00000931,A003433,2026-02-09 21:00:00,FAILED
SMS00000932,A000096,2026-04-13 22:00:00,SENT
SMS00000933,A003767,2026-02-10 14:00:00,SENT
SMS00000934,A003456,2025-11-16 09:00:00,DELIVERED
SMS00000935,A001211,2026-03-16 15:00:00,DELIVERED
SMS00000936,A003464,2025-11-10 12:00:00,DELIVERED
SMS00000937,A002903,2026-08-10 17:00:00,DELIVERED
SMS00000938,A003850,2026-03-04 17:00:00,DELIVERED
SMS00000939,A001660,2026-03-14 21:00:00,FAILED
SMS00000940,A002876,2026-03-27 09:00:00,DELIVERED
SMS00000941,A002631,2026-02-13 15:00:00,DELIVERED
SMS00000942,A000211,2025-11-02 12:00:00,DELIVERED
SMS00000943,A000256,2026-04-24 22:00:00,DELIVERED
SMS00000944,A001414,2026-07-24 22:00:00,DELIVERED
SMS00000945,A000622,2026-07-03 13:00:00,DELIVERED
SMS00000946,A002242,2025-09-02 16:00:00,DELIVERED
SMS00000947,A002666,2025-09-21 13:00:00,SENT
SMS00000948,A002436,2025-11-02 22:00:00,DELIVERED
SMS00000949,A001958,2025-11-22 15:00:00,SENT
SMS00000950,A001327,2025-11-26 12:00:00,SENT
SMS00000951,A003453,2026-07-05 20:00:00,DELIVERED
SMS00000952,A003863,2026-08-20 14:00:00,SENT
SMS00000953,A000328,2026-06-22 07:00:00,DELIVERED
SMS00000954,A001762,2026-05-23 19:00:00,DELIVERED
SMS00000955,A002463,2026-06-03 16:00:00,DELIVERED
SMS00000956,A003610,2026-02-17 09:00:00,DELIVERED
SMS00000957,A000212,2026-03-22 12:00:00,SENT
SMS00000958,A000659,2026-07-17 22:00:00,DELIVERED
SMS00000959,A000824,2026-03-25 14:00:00,DELIVERED
SMS00000960,A000844,2026-06-20 17:00:00,SENT
SMS00000961,A002154,2026-04-14 07:00:00,FAILED
SMS00000962,A003492,2026-05-22 09:00:00,DELIVERED
SMS00000963,A003954,2026-06-13 14:00:00,DELIVERED
SMS00000964,A003297,2026-01-11 22:00:00,DELIVERED
SMS00000965,A002995,2026-07-10 14:00:00,SENT
SMS00000966,A001291,2026-03-17 19:00:00,DELIVERED
SMS00000967,A003547,2025-10-24 14:00:00,SENT
SMS00000968,A003097,2026-07-03 10:00:00,DELIVERED
SMS00000969,A001751,2026-08-14 22:00:00,DELIVERED
SMS00000970,A003155,2026-02-03 10:00:00,DELIVERED
SMS00000971,A003123,2026-04-15 14:00:00,DELIVERED
SMS00000972,A002935,2026-06-07 16:00:00,SENT
SMS00000973,A002115,2026-01-05 17:00:00,DELIVERED
SMS00000974,A001935,2026-07-15 21:00:00,DELIVERED
SMS00000975,A003744,2026-04-27 20:00:00,FAILED
SMS00000976,A003605,2025-11-22 18:00:00,SENT
SMS00000977,A003447,2026-01-22 08:00:00,DELIVERED
SMS00000978,A000035,2026-02-01 10:00:00,DELIVERED
SMS00000979,A001537,2026-08-16 12:00:00,DELIVERED
SMS00000980,A000234,2026-01-15 19:00:00,DELIVERED
SMS00000981,A003217,2025-09-14 09:00:00,FAILED
SMS00000982,A001153,2025-12-01 21:00:00,DELIVERED
SMS00000983,A003436,2026-02-20 17:00:00,DELIVERED
SMS00000984,A003647,2025-12-08 20:00:00,FAILED
SMS00000985,A001927,2026-06-11 18:00:00,DELIVERED
SMS00000986,A001117,2025-12-15 09:00:00,DELIVERED
SMS00000987,A001066,2026-04-26 22:00:00,DELIVERED
SMS00000988,A004138,2026-05-05 21:00:00,DELIVERED
SMS00000989,A000469,2025-12-07 10:00:00,DELIVERED
SMS00000990,A003677,2026-05-17 22:00:00,DELIVERED
SMS00000991,A002204,2026-05-06 21:00:00,DELIVERED
SMS00000992,A000493,2026-05-10 17:00:00,DELIVERED
SMS00000993,A002518,2026-05-03 13:00:00,DELIVERED
SMS00000994,A001855,2026-05-20 17:00:00,DELIVERED
SMS00000995,A000352,2025-10-08 19:00:00,SENT
SMS00000996,A001669,2025-11-07 10:00:00,DELIVERED
SMS00000997,A001144,2026-03-09 18:00:00,FAILED
SMS00000998,A003681,2026-05-07 10:00:00,DELIVERED
SMS00000999,A001345,2026-07-26 22:00:00,DELIVERED
SMS00001000,A000885,2026-05-18 17:00:00,DELIVERED
SMS00001001,A001644,2026-04-02 11:00:00,DELIVERED
SMS00001002,A000720,2026-04-19 10:00:00,DELIVERED
SMS00001003,A000501,2026-02-07 11:00:00,DELIVERED
SMS00001004,A000732,2026-01-26 12:00:00,DELIVERED
SMS00001005,A003935,2025-10-14 15:00:00,FAILED
SMS00001006,A004017,2026-03-25 07:00:00,SENT
SMS00001007,A000268,2026-08-15 07:00:00,SENT
SMS00001008,A000069,2025-09-02 08:00:00,FAILED
SMS00001009,A001242,2026-02-24 07:00:00,DELIVERED
SMS00001010,A004169,2026-06-18 09:00:00,DELIVERED
SMS00001011,A002891,2026-05-05 22:00:00,DELIVERED
SMS00001012,A003310,2026-04-26 10:00:00,DELIVERED
SMS00001013,A002399,2026-05-05 16:00:00,DELIVERED
SMS00001014,A001922,2025-12-04 17:00:00,SENT
SMS00001015,A004177,2026-03-24 17:00:00,DELIVERED
SMS00001016,A004163,2026-07-27 10:00:00,SENT
SMS00001017,A003416,2025-09-07 12:00:00,SENT
SMS00001018,A003012,2026-01-09 10:00:00,FAILED
SMS00001019,A002562,2026-04-24 09:00:00,DELIVERED
SMS00001020,A003707,2026-04-17 20:00:00,DELIVERED
SMS00001021,A002801,2026-02-19 22:00:00,DELIVERED
SMS00001022,A001760,2026-07-12 11:00:00,DELIVERED
SMS00001023,A001701,2026-04-11 10:00:00,SENT
SMS00001024,A001533,2026-05-09 13:00:00,DELIVERED
SMS00001025,A002682,2025-12-14 10:00:00,SENT
SMS00001026,A001459,2026-02-05 10:00:00,DELIVERED
SMS00001027,A003071,2025-11-09 14:00:00,DELIVERED
SMS00001028,A003395,2025-11-13 22:00:00,SENT
SMS00001029,A000565,2026-01-25 13:00:00,DELIVERED
SMS00001030,A002103,2026-02-03 13:00:00,DELIVERED
SMS00001031,A001646,2026-07-12 20:00:00,DELIVERED
SMS00001032,A003842,2026-08-04 11:00:00,DELIVERED
SMS00001033,A001984,2026-07-22 18:00:00,DELIVERED
SMS00001034,A001846,2025-12-19 13:00:00,DELIVERED
SMS00001035,A003468,2026-07-04 12:00:00,DELIVERED
SMS00001036,A001204,2025-12-12 21:00:00,SENT
SMS00001037,A001829,2026-06-14 22:00:00,DELIVERED
SMS00001038,A001164,2026-05-22 16:00:00,DELIVERED
SMS00001039,A001253,2025-12-09 11:00:00,DELIVERED
SMS00001040,A002040,2026-07-20 12:00:00,DELIVERED
SMS00001041,A001948,2026-04-05 22:00:00,SENT
SMS00001042,A003877,2026-08-22 15:00:00,DELIVERED
SMS00001043,A003071,2026-04-24 14:00:00,DELIVERED
SMS00001044,A002744,2026-04-12 11:00:00,DELIVERED
SMS00001045,A000630,2026-01-25 14:00:00,DELIVERED
SMS00001046,A001279,2026-03-19 18:00:00,SENT
SMS00001047,A001887,2025-11-12 13:00:00,DELIVERED
SMS00001048,A003833,2026-06-03 13:00:00,SENT
SMS00001049,A000878,2025-11-26 15:00:00,DELIVERED
SMS00001050,A002402,2025-10-08 16:00:00,FAILED
SMS00001051,A000720,2026-02-22 10:00:00,DELIVERED
SMS00001052,A000314,2026-08-12 08:00:00,DELIVERED
SMS00001053,A002304,2026-01-22 14:00:00,DELIVERED
SMS00001054,A002097,2025-09-07 07:00:00,DELIVERED
SMS00001055,A001661,2025-09-19 13:00:00,DELIVERED
SMS00001056,A003419,2025-11-18 21:00:00,DELIVERED
SMS00001057,A003220,2025-12-22 14:00:00,SENT
SMS00001058,A002719,2026-03-25 13:00:00,DELIVERED
SMS00001059,A001361,2026-05-20 19:00:00,DELIVERED
SMS00001060,A000713,2025-11-27 15:00:00,DELIVERED
SMS00001061,A000625,2026-03-27 18:00:00,DELIVERED
SMS00001062,A004161,2026-06-11 17:00:00,SENT
SMS00001063,A003767,2026-05-16 22:00:00,SENT
SMS00001064,A002297,2026-03-23 21:00:00,SENT
SMS00001065,A002984,2026-06-06 21:00:00,DELIVERED
SMS00001066,A004094,2026-06-07 17:00:00,DELIVERED
SMS00001067,A001770,2025-12-17 12:00:00,DELIVERED
SMS00001068,A003638,2026-01-17 13:00:00,DELIVERED
SMS00001069,A001607,2026-05-14 11:00:00,DELIVERED
SMS00001070,A000680,2025-12-15 20:00:00,DELIVERED
SMS00001071,A002123,2026-04-17 15:00:00,SENT
SMS00001072,A000045,2026-08-14 22:00:00,DELIVERED
SMS00001073,A000135,2025-11-26 14:00:00,DELIVERED
SMS00001074,A002062,2026-06-27 14:00:00,DELIVERED
SMS00001075,A003008,2025-12-06 16:00:00,SENT
SMS00001076,A002514,2026-01-07 12:00:00,DELIVERED
SMS00001077,A003248,2025-12-18 12:00:00,DELIVERED
SMS00001078,A000239,2026-08-17 21:00:00,DELIVERED
SMS00001079,A003610,2025-09-26 17:00:00,SENT
SMS00001080,A000367,2025-09-20 14:00:00,SENT
SMS00001081,A002796,2025-12-18 10:00:00,DELIVERED
SMS00001082,A000662,2026-06-14 09:00:00,DELIVERED
SMS00001083,A002941,2025-10-19 08:00:00,DELIVERED
SMS00001084,A002236,2026-01-22 21:00:00,DELIVERED
SMS00001085,A001905,2025-09-15 12:00:00,FAILED
SMS00001086,A003851,2025-11-14 18:00:00,SENT
SMS00001087,A000038,2025-11-09 08:00:00,DELIVERED
SMS00001088,A000291,2025-09-05 16:00:00,DELIVERED
SMS00001089,A000833,2026-04-22 21:00:00,SENT
SMS00001090,A003053,2026-05-04 15:00:00,DELIVERED
SMS00001091,A002600,2026-03-08 19:00:00,DELIVERED
SMS00001092,A002508,2026-05-02 08:00:00,DELIVERED
SMS00001093,A003478,2026-07-06 17:00:00,DELIVERED
SMS00001094,A002876,2025-09-12 21:00:00,DELIVERED
SMS00001095,A004150,2026-01-04 17:00:00,DELIVERED
SMS00001096,A004082,2025-11-02 17:00:00,SENT
SMS00001097,A002540,2025-09-09 13:00:00,DELIVERED
SMS00001098,A001662,2026-02-03 11:00:00,SENT
SMS00001099,A001856,2026-04-09 19:00:00,DELIVERED
SMS00001100,A003733,2026-01-15 11:00:00,SENT
SMS00001101,A003705,2026-02-23 22:00:00,DELIVERED
SMS00001102,A003352,2025-11-15 10:00:00,SENT
SMS00001103,A001178,2026-02-05 16:00:00,DELIVERED
SMS00001104,A000188,2026-03-03 17:00:00,DELIVERED
SMS00001105,A003822,2026-07-11 17:00:00,SENT
SMS00001106,A002618,2026-03-16 12:00:00,FAILED
SMS00001107,A002086,2026-07-25 15:00:00,DELIVERED
SMS00001108,A003484,2025-11-25 11:00:00,DELIVERED
SMS00001109,A000476,2026-01-03 19:00:00,DELIVERED
SMS00001110,A004075,2025-11-07 19:00:00,DELIVERED
SMS00001111,A003225,2025-12-27 20:00:00,DELIVERED
SMS00001112,A000510,2026-03-12 11:00:00,DELIVERED
SMS00001113,A002816,2025-12-08 22:00:00,SENT
SMS00001114,A000521,2025-10-16 14:00:00,SENT
SMS00001115,A000558,2026-03-02 08:00:00,FAILED
SMS00001116,A000938,2026-04-01 09:00:00,FAILED
SMS00001117,A000149,2026-05-07 21:00:00,DELIVERED
SMS00001118,A000745,2025-11-27 12:00:00,DELIVERED
SMS00001119,A002861,2026-03-19 07:00:00,DELIVERED
SMS00001120,A000684,2025-10-05 17:00:00,DELIVERED
SMS00001121,A001579,2026-02-21 10:00:00,DELIVERED
SMS00001122,A002421,2026-01-05 16:00:00,FAILED
SMS00001123,A001919,2025-09-19 15:00:00,DELIVERED
SMS00001124,A001130,2026-05-26 22:00:00,DELIVERED
SMS00001125,A002059,2026-04-02 09:00:00,FAILED
SMS00001126,A003354,2026-03-22 09:00:00,DELIVERED
SMS00001127,A000002,2026-02-07 21:00:00,SENT
SMS00001128,A002080,2026-02-22 19:00:00,DELIVERED
SMS00001129,A003720,2026-05-10 22:00:00,DELIVERED
SMS00001130,A001421,2025-12-20 16:00:00,DELIVERED
SMS00001131,A002326,2025-12-23 22:00:00,DELIVERED
SMS00001132,A000474,2026-06-27 18:00:00,DELIVERED
SMS00001133,A001022,2025-12-23 11:00:00,SENT
SMS00001134,A003464,2026-03-16 11:00:00,DELIVERED
SMS00001135,A002162,2026-04-05 13:00:00,DELIVERED
SMS00001136,A000649,2026-05-03 08:00:00,SENT
SMS00001137,A000394,2026-03-21 11:00:00,DELIVERED
SMS00001138,A001888,2025-11-20 22:00:00,DELIVERED
SMS00001139,A003018,2026-04-09 21:00:00,DELIVERED
SMS00001140,A000232,2026-07-25 12:00:00,SENT
SMS00001141,A000828,2026-01-01 13:00:00,DELIVERED
SMS00001142,A002569,2026-05-01 07:00:00,DELIVERED
SMS00001143,A000540,2025-10-06 12:00:00,SENT
SMS00001144,A000904,2026-08-02 09:00:00,DELIVERED
SMS00001145,A003714,2026-08-04 18:00:00,FAILED
SMS00001146,A004196,2026-07-22 17:00:00,DELIVERED
SMS00001147,A004181,2026-01-08 11:00:00,DELIVERED
SMS00001148,A002002,2026-02-11 16:00:00,DELIVERED
SMS00001149,A000983,2025-10-18 19:00:00,SENT
SMS00001150,A001828,2026-04-01 10:00:00,SENT
SMS00001151,A001653,2026-04-19 21:00:00,DELIVERED
SMS00001152,A003950,2026-03-18 17:00:00,SENT
SMS00001153,A002590,2026-05-22 21:00:00,DELIVERED
SMS00001154,A000842,2026-08-26 18:00:00,DELIVERED
SMS00001155,A001764,2026-07-20 19:00:00,DELIVERED
SMS00001156,A003510,2026-05-15 10:00:00,DELIVERED
SMS00001157,A004094,2025-09-09 22:00:00,DELIVERED
SMS00001158,A000088,2025-12-17 11:00:00,DELIVERED
SMS00001159,A001250,2026-02-12 15:00:00,FAILED
SMS00001160,A000868,2025-11-13 17:00:00,DELIVERED
SMS00001161,A003237,2025-09-05 16:00:00,SENT
SMS00001162,A002785,2026-07-10 14:00:00,FAILED
SMS00001163,A003767,2025-12-03 07:00:00,FAILED
SMS00001164,A000888,2026-02-20 09:00:00,DELIVERED
SMS00001165,A001077,2026-05-13 19:00:00,SENT
SMS00001166,A001700,2026-01-18 12:00:00,SENT
SMS00001167,A002239,2026-03-12 18:00:00,DELIVERED
SMS00001168,A003692,2025-11-17 22:00:00,SENT
SMS00001169,A000682,2025-12-16 07:00:00,DELIVERED
SMS00001170,A003929,2026-02-11 17:00:00,FAILED
SMS00001171,A003397,2026-03-05 17:00:00,DELIVERED
SMS00001172,A003753,2025-09-17 09:00:00,DELIVERED
SMS00001173,A002573,2026-06-23 11:00:00,SENT
SMS00001174,A003224,2026-02-06 18:00:00,DELIVERED
SMS00001175,A000201,2026-06-07 07:00:00,DELIVERED
SMS00001176,A000868,2025-12-15 22:00:00,DELIVERED
SMS00001177,A003138,2025-10-11 18:00:00,FAILED
SMS00001178,A002320,2026-01-07 18:00:00,DELIVERED
SMS00001179,A002081,2026-02-14 07:00:00,DELIVERED
SMS00001180,A001615,2026-05-06 12:00:00,DELIVERED
SMS00001181,A000786,2026-04-16 12:00:00,DELIVERED
SMS00001182,A002864,2026-07-23 18:00:00,DELIVERED
SMS00001183,A001310,2025-12-27 12:00:00,DELIVERED
SMS00001184,A002278,2026-02-02 22:00:00,DELIVERED
SMS00001185,A002569,2026-01-17 20:00:00,DELIVERED
SMS00001186,A002427,2025-11-17 14:00:00,DELIVERED
SMS00001187,A001396,2025-10-10 14:00:00,DELIVERED
SMS00001188,A003961,2026-03-16 16:00:00,DELIVERED
SMS00001189,A003417,2025-12-25 18:00:00,SENT
SMS00001190,A000096,2026-03-16 22:00:00,DELIVERED
SMS00001191,A001022,2026-06-01 22:00:00,DELIVERED
SMS00001192,A000810,2026-08-15 21:00:00,FAILED
SMS00001193,A002335,2026-04-04 09:00:00,SENT
SMS00001194,A003826,2025-12-12 14:00:00,DELIVERED
SMS00001195,A000126,2025-12-21 09:00:00,DELIVERED
SMS00001196,A001851,2026-02-11 08:00:00,DELIVERED
SMS00001197,A003827,2026-01-14 11:00:00,DELIVERED
SMS00001198,A001007,2026-05-21 16:00:00,DELIVERED
SMS00001199,A003760,2026-07-03 09:00:00,DELIVERED
SMS00001200,A001057,2026-04-06 08:00:00,FAILED
SMS00001201,A003793,2025-10-06 19:00:00,DELIVERED
SMS00001202,A003806,2025-12-19 16:00:00,DELIVERED
SMS00001203,A000640,2025-11-02 07:00:00,DELIVERED
SMS00001204,A003916,2026-08-26 12:00:00,FAILED
SMS00001205,A000080,2026-08-16 13:00:00,FAILED
SMS00001206,A000210,2026-04-13 20:00:00,DELIVERED
SMS00001207,A003193,2025-10-26 22:00:00,SENT
SMS00001208,A002638,2026-07-07 08:00:00,DELIVERED
SMS00001209,A001822,2026-08-17 09:00:00,DELIVERED
SMS00001210,A002928,2025-09-11 21:00:00,DELIVERED
SMS00001211,A002431,2025-10-27 18:00:00,SENT
SMS00001212,A002910,2026-02-17 14:00:00,SENT
SMS00001213,A000428,2026-07-25 13:00:00,DELIVERED
SMS00001214,A000669,2025-09-13 13:00:00,DELIVERED
SMS00001215,A003429,2026-01-07 18:00:00,DELIVERED
SMS00001216,A003254,2025-11-03 21:00:00,DELIVERED
SMS00001217,A003342,2026-07-23 21:00:00,FAILED
SMS00001218,A000164,2026-04-04 18:00:00,DELIVERED
SMS00001219,A003607,2026-04-06 10:00:00,DELIVERED
SMS00001220,A000260,2026-06-12 16:00:00,DELIVERED
SMS00001221,A000591,2026-03-06 12:00:00,DELIVERED
SMS00001222,A002354,2026-04-05 10:00:00,SENT
SMS00001223,A003003,2026-05-15 12:00:00,DELIVERED
SMS00001224,A002336,2026-03-04 18:00:00,DELIVERED
SMS00001225,A000475,2026-07-18 17:00:00,DELIVERED
SMS00001226,A003913,2026-06-24 07:00:00,DELIVERED
SMS00001227,A000982,2025-12-27 08:00:00,SENT
SMS00001228,A004194,2026-01-22 15:00:00,SENT
SMS00001229,A000454,2026-02-24 12:00:00,FAILED
SMS00001230,A004145,2026-05-06 20:00:00,FAILED
SMS00001231,A002395,2026-07-02 07:00:00,DELIVERED
SMS00001232,A002883,2026-05-27 16:00:00,DELIVERED
SMS00001233,A003478,2026-01-07 16:00:00,DELIVERED
SMS00001234,A000485,2025-10-06 19:00:00,DELIVERED
SMS00001235,A002926,2026-05-16 21:00:00,FAILED
SMS00001236,A000252,2025-09-02 10:00:00,DELIVERED
SMS00001237,A002032,2025-11-07 15:00:00,DELIVERED
SMS00001238,A000530,2026-04-04 10:00:00,DELIVERED
SMS00001239,A003788,2026-04-13 17:00:00,DELIVERED
SMS00001240,A001068,2026-03-18 21:00:00,DELIVERED
SMS00001241,A001557,2026-01-27 18:00:00,FAILED
SMS00001242,A002530,2025-11-22 18:00:00,DELIVERED
SMS00001243,A001918,2025-09-26 13:00:00,DELIVERED
SMS00001244,A002584,2025-10-18 09:00:00,DELIVERED
SMS00001245,A000332,2025-11-12 15:00:00,DELIVERED
SMS00001246,A001586,2026-02-22 09:00:00,DELIVERED
SMS00001247,A002561,2026-08-04 19:00:00,DELIVERED
SMS00001248,A001426,2026-03-21 12:00:00,DELIVERED
SMS00001249,A001870,2026-08-03 08:00:00,SENT
SMS00001250,A003424,2026-04-09 15:00:00,SENT
SMS00001251,A001987,2026-02-04 15:00:00,DELIVERED
SMS00001252,A001247,2025-09-13 09:00:00,DELIVERED
SMS00001253,A004188,2025-11-07 17:00:00,SENT
SMS00001254,A003168,2026-03-10 08:00:00,DELIVERED
SMS00001255,A002666,2026-03-01 15:00:00,DELIVERED
SMS00001256,A001039,2026-01-27 15:00:00,DELIVERED
SMS00001257,A000090,2026-05-24 21:00:00,DELIVERED
SMS00001258,A004066,2026-04-11 07:00:00,DELIVERED
SMS00001259,A000396,2026-02-07 13:00:00,DELIVERED
SMS00001260,A001143,2026-01-11 13:00:00,DELIVERED
SMS00001261,A003952,2025-12-01 17:00:00,FAILED
SMS00001262,A002541,2025-12-02 22:00:00,DELIVERED
SMS00001263,A000181,2026-02-18 18:00:00,DELIVERED
SMS00001264,A004194,2025-12-13 19:00:00,SENT
SMS00001265,A003642,2025-10-10 10:00:00,SENT
SMS00001266,A001774,2026-08-12 19:00:00,DELIVERED
SMS00001267,A003368,2026-07-25 22:00:00,SENT
SMS00001268,A003657,2025-10-10 07:00:00,DELIVERED
SMS00001269,A003090,2026-05-14 10:00:00,FAILED
SMS00001270,A001536,2026-01-22 09:00:00,DELIVERED
SMS00001271,A003297,2026-08-12 16:00:00,DELIVERED
SMS00001272,A001752,2025-11-11 22:00:00,DELIVERED
SMS00001273,A000125,2026-08-17 08:00:00,DELIVERED
SMS00001274,A002409,2026-01-01 18:00:00,DELIVERED
SMS00001275,A003169,2025-11-04 17:00:00,DELIVERED
SMS00001276,A000559,2025-12-18 17:00:00,DELIVERED
SMS00001277,A002192,2026-02-11 07:00:00,SENT
SMS00001278,A003216,2026-04-12 08:00:00,DELIVERED
SMS00001279,A002314,2025-09-08 21:00:00,DELIVERED
SMS00001280,A001325,2026-07-15 10:00:00,SENT
SMS00001281,A002585,2026-03-21 21:00:00,DELIVERED
SMS00001282,A003154,2026-03-27 20:00:00,SENT
SMS00001283,A001285,2026-01-24 12:00:00,FAILED
SMS00001284,A002471,2025-12-03 14:00:00,DELIVERED
SMS00001285,A003348,2026-02-08 18:00:00,DELIVERED
SMS00001286,A002309,2025-10-17 15:00:00,DELIVERED
SMS00001287,A002333,2026-04-25 12:00:00,DELIVERED
SMS00001288,A002144,2025-09-05 22:00:00,DELIVERED
SMS00001289,A002779,2025-10-04 08:00:00,DELIVERED
SMS00001290,A001118,2026-05-12 10:00:00,SENT
SMS00001291,A004005,2026-01-05 07:00:00,DELIVERED
SMS00001292,A000693,2026-02-17 18:00:00,DELIVERED
SMS00001293,A000719,2026-01-22 15:00:00,DELIVERED
SMS00001294,A003766,2026-08-03 11:00:00,DELIVERED
SMS00001295,A003051,2025-12-17 20:00:00,DELIVERED
SMS00001296,A003431,2026-07-12 15:00:00,SENT
SMS00001297,A001712,2026-08-07 16:00:00,DELIVERED
SMS00001298,A000752,2026-05-11 14:00:00,DELIVERED
SMS00001299,A003173,2026-02-24 11:00:00,SENT
SMS00001300,A000448,2026-08-15 20:00:00,DELIVERED
SMS00001301,A001842,2026-07-03 17:00:00,DELIVERED
SMS00001302,A000203,2026-03-09 12:00:00,DELIVERED
SMS00001303,A000743,2026-01-01 08:00:00,DELIVERED
SMS00001304,A003636,2026-07-11 08:00:00,DELIVERED
SMS00001305,A001360,2026-06-14 07:00:00,DELIVERED
SMS00001306,A000815,2025-11-17 12:00:00,SENT
SMS00001307,A003824,2026-05-22 22:00:00,SENT
SMS00001308,A002862,2025-12-11 08:00:00,FAILED
SMS00001309,A003558,2026-04-20 17:00:00,FAILED
SMS00001310,A001121,2025-12-03 10:00:00,DELIVERED
SMS00001311,A001401,2026-03-12 21:00:00,FAILED
SMS00001312,A002021,2026-03-05 11:00:00,DELIVERED
SMS00001313,A003262,2026-02-12 10:00:00,SENT
SMS00001314,A001398,2025-10-04 11:00:00,DELIVERED
SMS00001315,A000823,2026-04-07 17:00:00,DELIVERED
SMS00001316,A003746,2026-02-15 16:00:00,SENT
SMS00001317,A003850,2026-02-24 19:00:00,SENT
SMS00001318,A001747,2026-02-14 16:00:00,SENT
SMS00001319,A000961,2026-03-26 21:00:00,DELIVERED
SMS00001320,A001880,2026-08-02 19:00:00,DELIVERED
SMS00001321,A000166,2025-12-10 17:00:00,DELIVERED
SMS00001322,A000786,2026-06-10 21:00:00,DELIVERED
SMS00001323,A003479,2026-05-07 14:00:00,DELIVERED
SMS00001324,A003316,2025-10-13 13:00:00,DELIVERED
SMS00001325,A002647,2026-04-22 14:00:00,DELIVERED
SMS00001326,A000432,2025-10-13 21:00:00,DELIVERED
SMS00001327,A003242,2025-09-07 17:00:00,DELIVERED
SMS00001328,A003840,2025-11-15 21:00:00,DELIVERED
SMS00001329,A003508,2026-04-18 11:00:00,DELIVERED
SMS00001330,A001319,2026-02-02 17:00:00,DELIVERED
SMS00001331,A002986,2025-11-22 14:00:00,DELIVERED
SMS00001332,A003477,2026-04-12 12:00:00,DELIVERED
SMS00001333,A003897,2026-05-01 11:00:00,DELIVERED
SMS00001334,A000724,2026-06-23 09:00:00,DELIVERED
SMS00001335,A000260,2026-03-11 22:00:00,FAILED
SMS00001336,A003548,2026-07-09 07:00:00,SENT
SMS00001337,A001077,2025-10-23 15:00:00,DELIVERED
SMS00001338,A001779,2025-11-25 20:00:00,FAILED
SMS00001339,A000638,2025-10-20 10:00:00,DELIVERED
SMS00001340,A003055,2026-05-11 11:00:00,DELIVERED
SMS00001341,A003132,2025-10-15 14:00:00,SENT
SMS00001342,A002911,2026-04-10 12:00:00,DELIVERED
SMS00001343,A002903,2026-07-23 20:00:00,DELIVERED
SMS00001344,A001764,2026-04-10 14:00:00,SENT
SMS00001345,A000010,2025-12-22 13:00:00,DELIVERED
SMS00001346,A003593,2026-08-12 15:00:00,DELIVERED
SMS00001347,A002145,2026-06-09 09:00:00,DELIVERED
SMS00001348,A000580,2026-02-05 16:00:00,DELIVERED
SMS00001349,A001502,2026-04-12 12:00:00,SENT
SMS00001350,A003166,2026-03-13 13:00:00,DELIVERED
SMS00001351,A003534,2026-03-09 14:00:00,DELIVERED
SMS00001352,A001600,2026-06-26 20:00:00,DELIVERED
SMS00001353,A002571,2025-11-05 20:00:00,DELIVERED
SMS00001354,A002047,2026-05-14 13:00:00,SENT
SMS00001355,A002166,2025-11-07 21:00:00,SENT
SMS00001356,A000742,2025-10-22 15:00:00,DELIVERED
SMS00001357,A002504,2026-01-02 19:00:00,DELIVERED
SMS00001358,A002861,2026-01-15 14:00:00,SENT
SMS00001359,A003152,2026-04-01 09:00:00,DELIVERED
SMS00001360,A000749,2026-04-12 10:00:00,DELIVERED
SMS00001361,A003641,2026-04-04 21:00:00,DELIVERED
SMS00001362,A000091,2025-11-16 13:00:00,DELIVERED
SMS00001363,A000150,2026-06-27 07:00:00,SENT
SMS00001364,A003953,2026-06-18 17:00:00,DELIVERED
SMS00001365,A004100,2026-04-19 17:00:00,DELIVERED
SMS00001366,A000023,2026-03-13 16:00:00,SENT
SMS00001367,A001372,2025-10-17 11:00:00,DELIVERED
SMS00001368,A003519,2025-11-25 10:00:00,FAILED
SMS00001369,A001206,2026-01-02 19:00:00,SENT
SMS00001370,A001277,2026-01-15 08:00:00,SENT
SMS00001371,A002673,2026-06-06 09:00:00,DELIVERED
SMS00001372,A002587,2025-11-02 18:00:00,DELIVERED
SMS00001373,A000860,2025-10-14 11:00:00,SENT
SMS00001374,A002992,2026-07-07 12:00:00,SENT
SMS00001375,A002830,2026-05-22 17:00:00,DELIVERED
SMS00001376,A002991,2025-10-25 14:00:00,FAILED
SMS00001377,A003630,2026-01-06 16:00:00,DELIVERED
SMS00001378,A000717,2025-09-14 16:00:00,DELIVERED
SMS00001379,A003578,2026-04-15 07:00:00,DELIVERED
SMS00001380,A000121,2026-03-01 19:00:00,DELIVERED
SMS00001381,A001439,2026-05-13 22:00:00,DELIVERED
SMS00001382,A003241,2025-10-26 15:00:00,DELIVERED
SMS00001383,A001676,2025-12-18 07:00:00,DELIVERED
SMS00001384,A000262,2026-02-17 09:00:00,DELIVERED
SMS00001385,A002163,2026-08-04 19:00:00,DELIVERED
SMS00001386,A003333,2025-10-03 10:00:00,DELIVERED
SMS00001387,A001178,2025-09-22 22:00:00,DELIVERED
SMS00001388,A003496,2026-06-19 20:00:00,DELIVERED
SMS00001389,A002535,2026-03-03 07:00:00,DELIVERED
SMS00001390,A001935,2026-08-22 15:00:00,DELIVERED
SMS00001391,A002452,2026-05-19 19:00:00,SENT
SMS00001392,A002130,2026-05-02 09:00:00,DELIVERED
SMS00001393,A002126,2025-09-08 19:00:00,DELIVERED
SMS00001394,A003115,2026-02-26 21:00:00,SENT
SMS00001395,A004137,2025-09-12 21:00:00,DELIVERED
SMS00001396,A004008,2026-01-04 12:00:00,DELIVERED
SMS00001397,A001719,2025-09-13 20:00:00,DELIVERED
SMS00001398,A000792,2026-08-21 18:00:00,DELIVERED
SMS00001399,A003954,2025-10-24 11:00:00,DELIVERED
SMS00001400,A001521,2026-06-21 10:00:00,SENT
SMS00001401,A002680,2025-11-11 07:00:00,DELIVERED
SMS00001402,A001880,2026-03-23 14:00:00,DELIVERED
SMS00001403,A001527,2026-02-04 12:00:00,DELIVERED
SMS00001404,A000452,2025-12-06 10:00:00,FAILED
SMS00001405,A001746,2025-09-15 20:00:00,DELIVERED
SMS00001406,A000197,2026-01-13 07:00:00,SENT
SMS00001407,A003015,2026-04-26 21:00:00,DELIVERED
SMS00001408,A002866,2026-05-20 16:00:00,DELIVERED
SMS00001409,A001111,2025-09-16 11:00:00,FAILED
SMS00001410,A000981,2025-12-22 21:00:00,DELIVERED
SMS00001411,A002475,2026-08-20 13:00:00,DELIVERED
SMS00001412,A000586,2026-03-06 13:00:00,DELIVERED
SMS00001413,A002515,2026-02-04 11:00:00,FAILED
SMS00001414,A002807,2026-02-20 11:00:00,DELIVERED
SMS00001415,A004100,2025-12-11 09:00:00,SENT
SMS00001416,A001600,2026-03-18 15:00:00,SENT
SMS00001417,A003690,2026-04-24 16:00:00,DELIVERED
SMS00001418,A000114,2026-02-01 08:00:00,DELIVERED
SMS00001419,A000607,2025-11-14 18:00:00,DELIVERED
SMS00001420,A000783,2026-03-01 17:00:00,DELIVERED
SMS00001421,A002485,2025-10-03 10:00:00,FAILED
SMS00001422,A002620,2026-01-08 17:00:00,DELIVERED
SMS00001423,A000963,2025-12-14 09:00:00,DELIVERED
SMS00001424,A001530,2026-06-02 08:00:00,DELIVERED
SMS00001425,A001292,2025-12-18 13:00:00,SENT
SMS00001426,A003995,2026-03-19 08:00:00,FAILED
SMS00001427,A003702,2025-11-04 07:00:00,DELIVERED
SMS00001428,A004110,2026-07-20 19:00:00,FAILED
SMS00001429,A003144,2026-06-24 14:00:00,SENT
SMS00001430,A003886,2025-10-26 11:00:00,DELIVERED
SMS00001431,A002183,2026-06-09 15:00:00,SENT
SMS00001432,A002038,2026-01-19 20:00:00,DELIVERED
SMS00001433,A002631,2025-10-03 21:00:00,DELIVERED
SMS00001434,A004031,2026-01-15 17:00:00,SENT
SMS00001435,A001071,2025-12-09 08:00:00,FAILED
SMS00001436,A003058,2026-04-08 15:00:00,DELIVERED
SMS00001437,A003720,2026-07-10 15:00:00,DELIVERED
SMS00001438,A000946,2025-09-25 20:00:00,DELIVERED
SMS00001439,A002754,2026-04-14 11:00:00,DELIVERED
SMS00001440,A000891,2026-04-08 19:00:00,SENT
SMS00001441,A002466,2026-06-17 19:00:00,DELIVERED
SMS00001442,A003806,2026-06-07 13:00:00,SENT
SMS00001443,A001265,2026-02-09 16:00:00,DELIVERED
SMS00001444,A000020,2026-08-12 20:00:00,DELIVERED
SMS00001445,A003179,2025-12-13 12:00:00,DELIVERED
SMS00001446,A000470,2026-05-15 08:00:00,DELIVERED
SMS00001447,A002902,2026-06-19 09:00:00,DELIVERED
SMS00001448,A000980,2026-03-09 09:00:00,DELIVERED
SMS00001449,A001585,2025-09-08 09:00:00,DELIVERED
SMS00001450,A001518,2026-03-04 16:00:00,DELIVERED
SMS00001451,A001899,2026-02-13 20:00:00,FAILED
SMS00001452,A003045,2025-09-24 11:00:00,DELIVERED
SMS00001453,A001348,2026-04-18 17:00:00,DELIVERED
SMS00001454,A001849,2026-07-20 22:00:00,DELIVERED
SMS00001455,A000611,2026-01-26 17:00:00,SENT
SMS00001456,A001598,2025-10-01 15:00:00,SENT
SMS00001457,A000084,2026-05-11 09:00:00,DELIVERED
SMS00001458,A001116,2025-10-01 14:00:00,DELIVERED
SMS00001459,A002316,2025-10-21 17:00:00,FAILED
SMS00001460,A000186,2026-06-26 19:00:00,DELIVERED
SMS00001461,A001851,2026-08-11 16:00:00,DELIVERED
SMS00001462,A000418,2026-01-09 11:00:00,DELIVERED
SMS00001463,A003156,2026-03-22 14:00:00,DELIVERED
SMS00001464,A004116,2026-01-04 19:00:00,DELIVERED
SMS00001465,A000096,2026-04-18 12:00:00,DELIVERED
SMS00001466,A000131,2026-01-09 14:00:00,DELIVERED
SMS00001467,A001170,2025-10-10 11:00:00,DELIVERED
SMS00001468,A003280,2026-06-26 14:00:00,SENT
SMS00001469,A000709,2025-11-11 12:00:00,SENT
SMS00001470,A003515,2026-08-26 21:00:00,SENT
SMS00001471,A000319,2026-07-20 17:00:00,SENT
SMS00001472,A001230,2026-01-14 11:00:00,DELIVERED
SMS00001473,A002291,2026-01-06 20:00:00,DELIVERED
SMS00001474,A003815,2025-09-01 20:00:00,DELIVERED
SMS00001475,A000898,2025-10-21 08:00:00,DELIVERED
SMS00001476,A002857,2025-11-25 10:00:00,FAILED
SMS00001477,A002318,2026-01-11 08:00:00,DELIVERED
SMS00001478,A001910,2025-12-13 09:00:00,SENT
SMS00001479,A000107,2025-11-23 15:00:00,DELIVERED
SMS00001480,A001926,2026-05-07 21:00:00,SENT
SMS00001481,A004117,2025-10-16 22:00:00,DELIVERED
SMS00001482,A000900,2025-10-12 12:00:00,DELIVERED
SMS00001483,A001386,2026-08-05 22:00:00,SENT
SMS00001484,A002790,2025-12-03 21:00:00,SENT
SMS00001485,A002501,2026-02-20 16:00:00,SENT
SMS00001486,A004113,2026-06-10 16:00:00,DELIVERED
SMS00001487,A000776,2026-08-05 10:00:00,SENT
SMS00001488,A002253,2026-01-03 11:00:00,DELIVERED
SMS00001489,A003663,2026-08-18 12:00:00,DELIVERED
SMS00001490,A004082,2026-01-13 19:00:00,DELIVERED
SMS00001491,A002210,2026-03-27 11:00:00,DELIVERED
SMS00001492,A003649,2025-12-03 18:00:00,DELIVERED
SMS00001493,A001775,2026-05-15 16:00:00,DELIVERED
SMS00001494,A003600,2025-11-20 15:00:00,DELIVERED
SMS00001495,A001207,2025-10-23 16:00:00,SENT
SMS00001496,A003114,2026-02-06 08:00:00,SENT
SMS00001497,A003131,2026-08-19 15:00:00,SENT
SMS00001498,A003262,2026-02-13 16:00:00,SENT
SMS00001499,A004127,2025-09-06 08:00:00,SENT
SMS00001500,A001370,2026-01-23 08:00:00,DELIVERED
SMS00001501,A002011,2026-05-19 20:00:00,DELIVERED
SMS00001502,A000963,2026-03-16 14:00:00,DELIVERED
SMS00001503,A003086,2026-03-24 19:00:00,DELIVERED
SMS00001504,A002484,2025-10-06 08:00:00,SENT
SMS00001505,A002925,2026-03-22 11:00:00,DELIVERED
SMS00001506,A002538,2026-04-18 15:00:00,DELIVERED
SMS00001507,A000891,2025-12-18 15:00:00,DELIVERED
SMS00001508,A004190,2026-08-03 11:00:00,FAILED
SMS00001509,A003666,2026-03-02 18:00:00,DELIVERED
SMS00001510,A002874,2026-06-21 07:00:00,DELIVERED
SMS00001511,A000803,2026-01-15 15:00:00,DELIVERED
SMS00001512,A003709,2026-02-08 12:00:00,DELIVERED
SMS00001513,A001740,2026-04-27 09:00:00,FAILED
SMS00001514,A000383,2026-01-25 19:00:00,DELIVERED
SMS00001515,A002191,2026-01-26 07:00:00,DELIVERED
SMS00001516,A001818,2026-07-21 14:00:00,DELIVERED
SMS00001517,A000642,2026-06-19 22:00:00,DELIVERED
SMS00001518,A003115,2026-04-14 22:00:00,SENT
SMS00001519,A003397,2026-08-23 08:00:00,DELIVERED
SMS00001520,A002859,2026-01-18 11:00:00,DELIVERED
SMS00001521,A003278,2026-01-25 13:00:00,SENT
SMS00001522,A003005,2025-11-25 20:00:00,DELIVERED
SMS00001523,A000350,2026-07-21 22:00:00,DELIVERED
SMS00001524,A000075,2026-05-19 12:00:00,DELIVERED
SMS00001525,A001896,2026-01-03 07:00:00,SENT
SMS00001526,A001026,2026-07-27 14:00:00,DELIVERED
SMS00001527,A002218,2026-05-25 19:00:00,DELIVERED
SMS00001528,A002177,2025-09-20 07:00:00,FAILED
SMS00001529,A000302,2026-04-19 22:00:00,DELIVERED
SMS00001530,A001726,2026-06-20 20:00:00,DELIVERED
SMS00001531,A001474,2026-03-03 17:00:00,DELIVERED
SMS00001532,A000139,2025-11-17 13:00:00,SENT
SMS00001533,A001454,2026-04-11 20:00:00,SENT
SMS00001534,A002639,2026-04-24 17:00:00,DELIVERED
SMS00001535,A002783,2025-11-26 08:00:00,DELIVERED
SMS00001536,A004060,2026-03-01 08:00:00,DELIVERED
SMS00001537,A003902,2026-06-12 08:00:00,DELIVERED
SMS00001538,A004059,2025-11-05 10:00:00,DELIVERED
SMS00001539,A000700,2026-06-12 14:00:00,DELIVERED
SMS00001540,A001501,2026-01-06 21:00:00,DELIVERED
SMS00001541,A003782,2026-07-25 12:00:00,SENT
SMS00001542,A003376,2026-07-14 10:00:00,SENT
SMS00001543,A002684,2025-10-01 16:00:00,DELIVERED
SMS00001544,A000561,2026-08-04 07:00:00,DELIVERED
SMS00001545,A002006,2025-09-05 13:00:00,FAILED
SMS00001546,A002717,2026-01-21 09:00:00,FAILED
SMS00001547,A003823,2026-02-19 13:00:00,DELIVERED
SMS00001548,A002644,2025-11-11 22:00:00,SENT
SMS00001549,A001397,2026-07-25 13:00:00,SENT
SMS00001550,A000948,2026-08-26 08:00:00,SENT
SMS00001551,A002868,2026-04-13 11:00:00,DELIVERED
SMS00001552,A004181,2026-05-24 19:00:00,SENT
SMS00001553,A004136,2026-01-24 21:00:00,DELIVERED
SMS00001554,A002531,2026-01-12 18:00:00,SENT
SMS00001555,A002264,2025-09-23 07:00:00,SENT
SMS00001556,A003969,2025-12-01 19:00:00,DELIVERED
SMS00001557,A001594,2026-01-27 20:00:00,DELIVERED
SMS00001558,A000592,2026-08-10 22:00:00,DELIVERED
SMS00001559,A002680,2026-01-26 14:00:00,SENT
SMS00001560,A001470,2026-05-20 12:00:00,SENT
SMS00001561,A004016,2026-03-14 15:00:00,DELIVERED
SMS00001562,A000419,2025-10-11 20:00:00,SENT
SMS00001563,A004087,2026-05-27 09:00:00,DELIVERED
SMS00001564,A002389,2026-06-13 18:00:00,DELIVERED
SMS00001565,A002661,2026-05-10 16:00:00,DELIVERED
SMS00001566,A001637,2026-05-19 15:00:00,SENT
SMS00001567,A003442,2026-01-13 10:00:00,DELIVERED
SMS00001568,A002614,2026-01-23 12:00:00,DELIVERED
SMS00001569,A001496,2026-03-24 17:00:00,DELIVERED
SMS00001570,A001729,2026-03-25 07:00:00,DELIVERED
SMS00001571,A001120,2026-07-13 16:00:00,DELIVERED
SMS00001572,A000394,2026-02-09 07:00:00,FAILED
SMS00001573,A003671,2026-08-09 16:00:00,DELIVERED
SMS00001574,A002849,2025-10-24 22:00:00,SENT
SMS00001575,A000306,2026-07-09 21:00:00,SENT
SMS00001576,A004119,2026-03-15 22:00:00,DELIVERED
SMS00001577,A003726,2026-06-02 18:00:00,DELIVERED
SMS00001578,A003970,2026-04-15 22:00:00,DELIVERED
SMS00001579,A000132,2025-10-05 08:00:00,SENT
SMS00001580,A000713,2026-05-18 08:00:00,DELIVERED
SMS00001581,A001166,2026-07-07 19:00:00,DELIVERED
SMS00001582,A002992,2026-01-11 11:00:00,SENT
SMS00001583,A001082,2026-06-19 19:00:00,DELIVERED
SMS00001584,A003889,2026-01-13 11:00:00,DELIVERED
SMS00001585,A001536,2026-05-09 19:00:00,DELIVERED
SMS00001586,A003251,2026-03-06 17:00:00,DELIVERED
SMS00001587,A002226,2026-05-20 21:00:00,DELIVERED
SMS00001588,A003321,2026-06-21 21:00:00,SENT
SMS00001589,A003941,2026-06-10 12:00:00,DELIVERED
SMS00001590,A002376,2026-05-11 19:00:00,DELIVERED
SMS00001591,A002542,2026-01-06 08:00:00,DELIVERED
SMS00001592,A000175,2025-12-07 13:00:00,DELIVERED
SMS00001593,A004099,2026-01-25 17:00:00,DELIVERED
SMS00001594,A001766,2025-11-24 20:00:00,SENT
SMS00001595,A003271,2026-03-27 15:00:00,DELIVERED
SMS00001596,A002279,2026-04-24 21:00:00,DELIVERED
SMS00001597,A003402,2026-05-24 08:00:00,DELIVERED
SMS00001598,A002902,2026-07-21 14:00:00,SENT
SMS00001599,A003442,2026-01-09 18:00:00,FAILED
SMS00001600,A002380,2026-02-19 11:00:00,DELIVERED
SMS00001601,A003171,2026-05-17 22:00:00,DELIVERED
SMS00001602,A001665,2026-05-22 15:00:00,DELIVERED
SMS00001603,A001179,2026-08-21 07:00:00,DELIVERED
SMS00001604,A002548,2026-04-15 17:00:00,FAILED
SMS00001605,A001776,2025-12-20 14:00:00,DELIVERED
SMS00001606,A000092,2025-11-02 17:00:00,SENT
SMS00001607,A000080,2025-09-27 17:00:00,FAILED
SMS00001608,A000730,2026-07-20 17:00:00,DELIVERED
SMS00001609,A003574,2026-07-08 19:00:00,SENT
SMS00001610,A002677,2025-12-18 08:00:00,DELIVERED
SMS00001611,A002445,2025-10-10 08:00:00,DELIVERED
SMS00001612,A000276,2026-06-15 15:00:00,DELIVERED
SMS00001613,A001753,2025-11-17 16:00:00,DELIVERED
SMS00001614,A003055,2026-03-15 19:00:00,SENT
SMS00001615,A002824,2026-02-11 20:00:00,DELIVERED
SMS00001616,A002118,2026-05-26 17:00:00,DELIVERED
SMS00001617,A002040,2026-07-18 15:00:00,SENT
SMS00001618,A001389,2026-01-04 22:00:00,SENT
SMS00001619,A003387,2026-03-18 07:00:00,DELIVERED
SMS00001620,A000949,2026-03-20 14:00:00,DELIVERED
SMS00001621,A000271,2026-06-18 18:00:00,DELIVERED
SMS00001622,A002461,2026-04-27 12:00:00,DELIVERED
SMS00001623,A004012,2025-11-23 13:00:00,DELIVERED
SMS00001624,A004047,2026-02-01 09:00:00,SENT
SMS00001625,A002098,2025-10-01 14:00:00,SENT
SMS00001626,A001015,2025-12-22 13:00:00,DELIVERED
SMS00001627,A002812,2025-10-14 22:00:00,DELIVERED
SMS00001628,A003003,2026-01-04 15:00:00,DELIVERED
SMS00001629,A001144,2025-09-20 22:00:00,SENT
SMS00001630,A001263,2025-12-22 16:00:00,SENT
SMS00001631,A000663,2026-04-17 18:00:00,DELIVERED
SMS00001632,A003763,2025-09-21 10:00:00,DELIVERED
SMS00001633,A001460,2025-11-09 18:00:00,DELIVERED
SMS00001634,A001812,2025-12-06 09:00:00,DELIVERED
SMS00001635,A003508,2026-03-06 14:00:00,DELIVERED
SMS00001636,A000198,2026-01-08 17:00:00,DELIVERED
SMS00001637,A001152,2025-12-23 18:00:00,SENT
SMS00001638,A003098,2026-06-22 20:00:00,SENT
SMS00001639,A002211,2026-04-24 14:00:00,DELIVERED
SMS00001640,A000321,2026-03-10 07:00:00,SENT
SMS00001641,A003452,2026-07-19 22:00:00,DELIVERED
SMS00001642,A002189,2025-12-20 16:00:00,DELIVERED
SMS00001643,A003752,2026-06-12 22:00:00,DELIVERED
SMS00001644,A004100,2026-08-01 16:00:00,DELIVERED
SMS00001645,A002264,2025-10-06 22:00:00,DELIVERED
SMS00001646,A003881,2026-02-22 09:00:00,DELIVERED
SMS00001647,A003233,2025-11-21 20:00:00,DELIVERED
SMS00001648,A001589,2026-07-23 19:00:00,SENT
SMS00001649,A002919,2026-06-02 12:00:00,DELIVERED
SMS00001650,A001923,2026-03-17 12:00:00,DELIVERED
SMS00001651,A003912,2025-11-03 15:00:00,DELIVERED
SMS00001652,A002645,2025-11-06 14:00:00,DELIVERED
SMS00001653,A001671,2026-06-03 13:00:00,SENT
SMS00001654,A002763,2026-07-17 20:00:00,DELIVERED
SMS00001655,A000694,2026-07-15 08:00:00,SENT
SMS00001656,A004146,2026-02-15 10:00:00,DELIVERED
SMS00001657,A000224,2026-03-06 12:00:00,DELIVERED
SMS00001658,A001154,2025-12-14 13:00:00,FAILED
SMS00001659,A003615,2026-06-09 14:00:00,DELIVERED
SMS00001660,A002676,2025-09-20 13:00:00,DELIVERED
SMS00001661,A004086,2026-07-09 10:00:00,DELIVERED
SMS00001662,A003538,2026-01-22 21:00:00,DELIVERED
SMS00001663,A000427,2026-02-02 09:00:00,DELIVERED
SMS00001664,A001594,2025-10-20 10:00:00,FAILED
SMS00001665,A002268,2026-04-20 16:00:00,SENT
SMS00001666,A002549,2026-04-19 07:00:00,DELIVERED
SMS00001667,A000279,2026-01-27 18:00:00,DELIVERED
SMS00001668,A002428,2026-08-05 12:00:00,DELIVERED
SMS00001669,A000443,2026-05-16 12:00:00,DELIVERED
SMS00001670,A003133,2026-07-01 13:00:00,DELIVERED
SMS00001671,A000191,2025-12-14 17:00:00,DELIVERED
SMS00001672,A003822,2026-05-20 11:00:00,DELIVERED
SMS00001673,A000761,2025-12-11 12:00:00,SENT
SMS00001674,A003110,2026-07-10 20:00:00,DELIVERED
SMS00001675,A002983,2025-11-04 12:00:00,FAILED
SMS00001676,A001454,2026-05-26 20:00:00,DELIVERED
SMS00001677,A001384,2026-06-02 18:00:00,DELIVERED
SMS00001678,A004050,2025-10-04 08:00:00,FAILED
SMS00001679,A003023,2026-07-02 17:00:00,SENT
SMS00001680,A003813,2025-12-22 08:00:00,DELIVERED
SMS00001681,A000758,2026-03-02 08:00:00,SENT
SMS00001682,A000742,2026-07-27 13:00:00,DELIVERED
SMS00001683,A002754,2025-12-15 20:00:00,SENT
SMS00001684,A000556,2026-07-16 15:00:00,DELIVERED
SMS00001685,A003063,2026-05-10 21:00:00,DELIVERED
SMS00001686,A001374,2026-01-14 17:00:00,DELIVERED
SMS00001687,A002493,2026-08-13 21:00:00,DELIVERED
SMS00001688,A001206,2026-03-13 20:00:00,DELIVERED
SMS00001689,A003380,2026-08-27 09:00:00,DELIVERED
SMS00001690,A001184,2026-04-04 13:00:00,DELIVERED
SMS00001691,A003741,2026-08-23 10:00:00,DELIVERED
SMS00001692,A003035,2026-02-14 07:00:00,SENT
SMS00001693,A002440,2026-02-16 07:00:00,DELIVERED
SMS00001694,A002287,2026-02-16 09:00:00,DELIVERED
SMS00001695,A000135,2026-05-18 12:00:00,FAILED
SMS00001696,A002096,2026-02-10 22:00:00,DELIVERED
SMS00001697,A002259,2026-07-06 12:00:00,SENT
SMS00001698,A002080,2025-09-02 08:00:00,DELIVERED
SMS00001699,A001652,2026-01-24 14:00:00,DELIVERED
SMS00001700,A003390,2026-02-19 08:00:00,DELIVERED
SMS00001701,A000987,2026-06-15 11:00:00,DELIVERED
SMS00001702,A002999,2026-01-25 12:00:00,DELIVERED
SMS00001703,A003186,2026-04-21 17:00:00,DELIVERED
SMS00001704,A002858,2026-04-19 15:00:00,SENT
SMS00001705,A002216,2025-10-05 14:00:00,DELIVERED
SMS00001706,A000015,2025-12-16 11:00:00,DELIVERED
SMS00001707,A003357,2026-02-25 07:00:00,DELIVERED
SMS00001708,A002663,2026-06-06 10:00:00,SENT
SMS00001709,A000826,2025-10-10 21:00:00,DELIVERED
SMS00001710,A003989,2026-02-06 14:00:00,DELIVERED
SMS00001711,A003493,2025-12-25 09:00:00,SENT
SMS00001712,A000126,2026-07-18 10:00:00,DELIVERED
SMS00001713,A000856,2026-01-27 21:00:00,SENT
SMS00001714,A004123,2026-06-23 13:00:00,DELIVERED
SMS00001715,A000740,2025-12-07 22:00:00,DELIVERED
SMS00001716,A002956,2026-01-04 17:00:00,FAILED
SMS00001717,A000399,2026-04-12 22:00:00,DELIVERED
SMS00001718,A002118,2025-10-14 22:00:00,DELIVERED
SMS00001719,A002197,2026-02-26 18:00:00,SENT
SMS00001720,A002710,2026-04-20 17:00:00,DELIVERED
SMS00001721,A001629,2025-09-09 10:00:00,DELIVERED
SMS00001722,A000306,2025-10-04 13:00:00,DELIVERED
SMS00001723,A000438,2025-11-07 07:00:00,DELIVERED
SMS00001724,A000915,2025-11-03 09:00:00,DELIVERED
SMS00001725,A000599,2026-05-13 10:00:00,SENT
SMS00001726,A001576,2026-08-14 22:00:00,DELIVERED
SMS00001727,A001485,2026-02-07 18:00:00,SENT
SMS00001728,A002570,2025-12-16 20:00:00,DELIVERED
SMS00001729,A001750,2025-12-14 12:00:00,DELIVERED
SMS00001730,A002737,2026-07-04 15:00:00,DELIVERED
SMS00001731,A000734,2026-06-08 20:00:00,DELIVERED
SMS00001732,A001730,2025-11-11 19:00:00,DELIVERED
SMS00001733,A001849,2026-07-27 22:00:00,DELIVERED
SMS00001734,A001017,2025-09-14 19:00:00,DELIVERED
SMS00001735,A001941,2026-06-06 08:00:00,SENT
SMS00001736,A000153,2025-12-24 09:00:00,DELIVERED
SMS00001737,A000211,2026-03-08 17:00:00,DELIVERED
SMS00001738,A004174,2025-09-06 18:00:00,DELIVERED
SMS00001739,A003581,2026-08-19 19:00:00,DELIVERED
SMS00001740,A000211,2026-03-13 21:00:00,SENT
SMS00001741,A001209,2026-08-16 19:00:00,SENT
SMS00001742,A004156,2026-04-08 21:00:00,DELIVERED
SMS00001743,A001758,2026-01-21 11:00:00,SENT
SMS00001744,A003415,2026-06-01 18:00:00,DELIVERED
SMS00001745,A001192,2025-09-06 07:00:00,DELIVERED
SMS00001746,A004049,2026-04-14 19:00:00,DELIVERED
SMS00001747,A000533,2026-01-06 15:00:00,DELIVERED
SMS00001748,A003340,2026-03-16 08:00:00,DELIVERED
SMS00001749,A003818,2026-08-11 09:00:00,FAILED
SMS00001750,A000514,2026-05-21 13:00:00,DELIVERED
SMS00001751,A001594,2026-03-03 21:00:00,FAILED
SMS00001752,A001732,2025-09-25 16:00:00,SENT
SMS00001753,A004037,2025-10-19 16:00:00,DELIVERED
SMS00001754,A001907,2026-05-20 21:00:00,DELIVERED
SMS00001755,A002894,2025-10-10 09:00:00,DELIVERED
SMS00001756,A003106,2026-07-12 11:00:00,DELIVERED
SMS00001757,A001032,2026-08-19 19:00:00,FAILED
SMS00001758,A001392,2025-09-15 16:00:00,DELIVERED
SMS00001759,A001464,2026-02-25 18:00:00,DELIVERED
SMS00001760,A003108,2026-04-09 16:00:00,DELIVERED
SMS00001761,A001987,2026-06-23 11:00:00,FAILED
SMS00001762,A001749,2026-07-13 16:00:00,DELIVERED
SMS00001763,A002364,2026-08-21 14:00:00,DELIVERED
SMS00001764,A002914,2025-11-13 10:00:00,DELIVERED
SMS00001765,A004103,2026-02-20 07:00:00,SENT
SMS00001766,A001712,2025-09-08 22:00:00,DELIVERED
SMS00001767,A003425,2025-11-06 15:00:00,DELIVERED
SMS00001768,A000581,2026-07-17 21:00:00,FAILED
SMS00001769,A003334,2026-01-16 15:00:00,DELIVERED
SMS00001770,A001072,2026-08-21 07:00:00,SENT
SMS00001771,A004129,2025-09-22 16:00:00,DELIVERED
SMS00001772,A000465,2026-05-17 22:00:00,DELIVERED
SMS00001773,A003988,2026-08-18 15:00:00,DELIVERED
SMS00001774,A002961,2026-06-01 15:00:00,DELIVERED
SMS00001775,A001494,2026-03-22 22:00:00,SENT
SMS00001776,A003242,2026-07-04 15:00:00,DELIVERED
SMS00001777,A002445,2025-12-19 22:00:00,DELIVERED
SMS00001778,A001674,2025-11-15 07:00:00,DELIVERED
SMS00001779,A001966,2026-03-08 13:00:00,DELIVERED
SMS00001780,A001232,2026-03-01 19:00:00,DELIVERED
SMS00001781,A002771,2026-03-27 11:00:00,SENT
SMS00001782,A001231,2026-04-02 22:00:00,DELIVERED
SMS00001783,A003253,2025-09-15 22:00:00,SENT
SMS00001784,A001019,2026-04-21 11:00:00,DELIVERED
SMS00001785,A003731,2025-11-21 21:00:00,DELIVERED
SMS00001786,A002757,2026-01-11 10:00:00,FAILED
SMS00001787,A003976,2025-10-24 11:00:00,DELIVERED
SMS00001788,A002476,2026-01-26 16:00:00,DELIVERED
SMS00001789,A002079,2026-08-01 08:00:00,SENT
SMS00001790,A001315,2026-02-23 10:00:00,DELIVERED
SMS00001791,A001509,2026-08-12 14:00:00,DELIVERED
SMS00001792,A000838,2025-12-26 10:00:00,SENT
SMS00001793,A002713,2025-11-03 08:00:00,DELIVERED
SMS00001794,A000514,2026-02-16 17:00:00,DELIVERED
SMS00001795,A003527,2025-12-02 19:00:00,DELIVERED
SMS00001796,A004007,2026-02-01 11:00:00,DELIVERED
SMS00001797,A001399,2025-09-22 11:00:00,DELIVERED
SMS00001798,A001011,2026-02-21 19:00:00,DELIVERED
SMS00001799,A001085,2026-06-23 22:00:00,SENT
SMS00001800,A001709,2026-03-01 22:00:00,SENT
SMS00001801,A004178,2025-10-05 12:00:00,DELIVERED
SMS00001802,A002123,2025-11-20 22:00:00,DELIVERED
SMS00001803,A002223,2025-11-23 12:00:00,DELIVERED
SMS00001804,A003011,2026-02-20 15:00:00,DELIVERED
SMS00001805,A000027,2026-04-15 13:00:00,DELIVERED
SMS00001806,A003476,2026-05-19 08:00:00,DELIVERED
SMS00001807,A002828,2026-07-13 16:00:00,DELIVERED
SMS00001808,A000403,2026-06-04 17:00:00,DELIVERED
SMS00001809,A003099,2025-09-09 13:00:00,DELIVERED
SMS00001810,A002555,2025-11-17 12:00:00,DELIVERED
SMS00001811,A000109,2026-08-02 08:00:00,SENT
SMS00001812,A001029,2025-10-15 11:00:00,SENT
SMS00001813,A003507,2026-05-27 16:00:00,DELIVERED
SMS00001814,A003213,2026-05-20 16:00:00,DELIVERED
SMS00001815,A002613,2026-07-10 22:00:00,SENT
SMS00001816,A000825,2026-05-22 08:00:00,DELIVERED
SMS00001817,A001125,2025-12-07 17:00:00,DELIVERED
SMS00001818,A001888,2026-08-20 22:00:00,DELIVERED
SMS00001819,A002783,2026-04-15 17:00:00,DELIVERED
SMS00001820,A003576,2026-03-03 09:00:00,DELIVERED
SMS00001821,A003583,2026-07-26 16:00:00,DELIVERED
SMS00001822,A001146,2026-01-11 17:00:00,FAILED
SMS00001823,A002898,2026-05-21 14:00:00,DELIVERED
SMS00001824,A000357,2025-10-05 19:00:00,FAILED
SMS00001825,A000737,2026-02-02 07:00:00,SENT
SMS00001826,A000139,2025-12-22 18:00:00,FAILED
SMS00001827,A004066,2026-06-23 21:00:00,SENT
SMS00001828,A003110,2026-01-16 07:00:00,FAILED
SMS00001829,A003344,2026-03-05 20:00:00,DELIVERED
SMS00001830,A004093,2026-01-14 15:00:00,DELIVERED
SMS00001831,A002247,2025-09-04 17:00:00,DELIVERED
SMS00001832,A002743,2025-12-11 11:00:00,DELIVERED
SMS00001833,A000194,2026-07-02 18:00:00,DELIVERED
SMS00001834,A002658,2025-09-16 08:00:00,DELIVERED
SMS00001835,A000893,2026-06-19 18:00:00,DELIVERED
SMS00001836,A002924,2026-01-23 22:00:00,DELIVERED
SMS00001837,A001207,2025-11-23 20:00:00,DELIVERED
SMS00001838,A002157,2026-03-23 09:00:00,DELIVERED
SMS00001839,A000142,2026-03-25 07:00:00,DELIVERED
SMS00001840,A000054,2025-10-04 19:00:00,FAILED
SMS00001841,A000207,2025-12-01 21:00:00,DELIVERED
SMS00001842,A001843,2026-06-14 22:00:00,FAILED
SMS00001843,A001115,2026-07-24 18:00:00,FAILED
SMS00001844,A002392,2026-05-20 16:00:00,DELIVERED
SMS00001845,A002416,2025-10-13 13:00:00,DELIVERED
SMS00001846,A002661,2025-10-19 09:00:00,SENT
SMS00001847,A000713,2026-02-26 18:00:00,DELIVERED
SMS00001848,A003349,2026-03-17 12:00:00,DELIVERED
SMS00001849,A000844,2026-06-25 10:00:00,DELIVERED
SMS00001850,A001370,2026-02-23 16:00:00,DELIVERED
SMS00001851,A002962,2026-08-08 11:00:00,DELIVERED
SMS00001852,A002356,2026-07-04 21:00:00,SENT
SMS00001853,A003948,2026-02-13 21:00:00,DELIVERED
SMS00001854,A001649,2026-03-08 10:00:00,SENT
SMS00001855,A004017,2026-08-19 22:00:00,DELIVERED
SMS00001856,A002144,2026-05-17 20:00:00,DELIVERED
SMS00001857,A001781,2026-01-22 18:00:00,DELIVERED
SMS00001858,A000410,2025-10-01 13:00:00,DELIVERED
SMS00001859,A002988,2026-05-20 21:00:00,SENT
SMS00001860,A000548,2025-09-04 17:00:00,DELIVERED
SMS00001861,A003515,2026-04-19 16:00:00,SENT
SMS00001862,A003697,2025-09-25 08:00:00,SENT
SMS00001863,A002595,2025-09-20 10:00:00,DELIVERED
SMS00001864,A002657,2026-08-23 11:00:00,DELIVERED
SMS00001865,A004095,2026-01-11 20:00:00,DELIVERED
SMS00001866,A000171,2026-06-06 21:00:00,DELIVERED
SMS00001867,A003541,2026-06-01 21:00:00,DELIVERED
SMS00001868,A003387,2025-12-21 17:00:00,DELIVERED
SMS00001869,A003887,2026-01-20 21:00:00,DELIVERED
SMS00001870,A002965,2026-08-16 21:00:00,DELIVERED
SMS00001871,A003198,2025-09-04 17:00:00,DELIVERED
SMS00001872,A002000,2025-10-24 15:00:00,SENT
SMS00001873,A000010,2026-03-23 15:00:00,DELIVERED
SMS00001874,A000894,2026-03-10 21:00:00,DELIVERED
SMS00001875,A000841,2025-10-09 22:00:00,DELIVERED
SMS00001876,A000215,2026-05-13 10:00:00,DELIVERED
SMS00001877,A000849,2026-06-19 17:00:00,DELIVERED
SMS00001878,A002605,2025-10-27 12:00:00,DELIVERED
SMS00001879,A000348,2025-12-17 22:00:00,DELIVERED
SMS00001880,A002019,2026-08-20 12:00:00,DELIVERED
SMS00001881,A001359,2026-05-04 21:00:00,DELIVERED
SMS00001882,A003280,2026-06-17 11:00:00,DELIVERED
SMS00001883,A002453,2025-12-18 09:00:00,DELIVERED
SMS00001884,A001033,2025-11-08 08:00:00,DELIVERED
SMS00001885,A002404,2026-07-17 10:00:00,DELIVERED
SMS00001886,A001777,2026-06-02 12:00:00,DELIVERED
SMS00001887,A003375,2025-10-22 11:00:00,DELIVERED
SMS00001888,A000793,2025-10-09 11:00:00,DELIVERED
SMS00001889,A001905,2026-06-11 10:00:00,DELIVERED
SMS00001890,A000270,2026-04-05 20:00:00,SENT
SMS00001891,A003832,2026-08-14 09:00:00,DELIVERED
SMS00001892,A003860,2025-09-13 17:00:00,SENT
SMS00001893,A002889,2026-08-02 21:00:00,DELIVERED
SMS00001894,A000547,2025-12-23 15:00:00,SENT
SMS00001895,A001256,2026-05-22 07:00:00,DELIVERED
SMS00001896,A001792,2026-01-16 16:00:00,DELIVERED
SMS00001897,A000410,2026-08-19 17:00:00,SENT
SMS00001898,A002064,2025-09-24 08:00:00,DELIVERED
SMS00001899,A000504,2025-11-23 14:00:00,DELIVERED
SMS00001900,A000316,2025-11-18 12:00:00,DELIVERED
SMS00001901,A000723,2026-01-14 19:00:00,DELIVERED
SMS00001902,A003168,2026-08-03 17:00:00,SENT
SMS00001903,A002718,2026-02-07 13:00:00,FAILED
SMS00001904,A003281,2025-12-08 21:00:00,DELIVERED
SMS00001905,A002025,2026-08-14 09:00:00,DELIVERED
SMS00001906,A000143,2026-03-17 16:00:00,SENT
SMS00001907,A000498,2025-09-20 11:00:00,DELIVERED
SMS00001908,A003805,2026-05-21 10:00:00,DELIVERED
SMS00001909,A001822,2026-03-13 10:00:00,DELIVERED
SMS00001910,A003585,2025-12-12 12:00:00,DELIVERED
SMS00001911,A003738,2026-04-03 12:00:00,DELIVERED
SMS00001912,A001407,2026-03-12 16:00:00,SENT
SMS00001913,A002604,2026-04-20 19:00:00,DELIVERED
SMS00001914,A001845,2025-10-22 18:00:00,DELIVERED
SMS00001915,A000301,2025-10-25 16:00:00,DELIVERED
SMS00001916,A002290,2026-04-05 07:00:00,SENT
SMS00001917,A001923,2026-06-18 16:00:00,DELIVERED
SMS00001918,A000529,2026-01-19 09:00:00,DELIVERED
SMS00001919,A001166,2026-03-27 20:00:00,DELIVERED
SMS00001920,A000076,2025-10-11 18:00:00,DELIVERED
SMS00001921,A003955,2026-01-21 12:00:00,SENT
SMS00001922,A001957,2026-02-05 12:00:00,DELIVERED
SMS00001923,A003685,2026-04-08 14:00:00,SENT
SMS00001924,A002750,2025-11-22 21:00:00,DELIVERED
SMS00001925,A001081,2025-12-10 09:00:00,FAILED
SMS00001926,A002238,2026-06-10 16:00:00,SENT
SMS00001927,A000282,2026-08-14 07:00:00,DELIVERED
SMS00001928,A003375,2025-12-18 08:00:00,DELIVERED
SMS00001929,A003728,2026-05-13 18:00:00,SENT
SMS00001930,A003079,2026-02-08 07:00:00,SENT
SMS00001931,A002797,2026-06-20 21:00:00,DELIVERED
SMS00001932,A001686,2025-09-12 07:00:00,DELIVERED
SMS00001933,A003917,2026-04-23 13:00:00,DELIVERED
SMS00001934,A003469,2026-02-12 21:00:00,SENT
SMS00001935,A002452,2025-09-21 13:00:00,DELIVERED
SMS00001936,A003745,2025-10-17 12:00:00,DELIVERED
SMS00001937,A001447,2025-11-01 22:00:00,SENT
SMS00001938,A001487,2026-07-09 11:00:00,DELIVERED
SMS00001939,A003389,2026-03-20 18:00:00,DELIVERED
SMS00001940,A001824,2025-11-12 14:00:00,DELIVERED
SMS00001941,A001258,2026-04-23 20:00:00,FAILED
SMS00001942,A003079,2026-06-11 21:00:00,SENT
SMS00001943,A002519,2026-07-01 17:00:00,DELIVERED
SMS00001944,A000025,2026-05-14 18:00:00,DELIVERED
SMS00001945,A002947,2026-08-08 19:00:00,DELIVERED
SMS00001946,A001457,2025-09-12 10:00:00,DELIVERED
SMS00001947,A002273,2025-11-13 21:00:00,SENT
SMS00001948,A001966,2026-01-16 19:00:00,DELIVERED
SMS00001949,A001676,2025-10-08 09:00:00,DELIVERED
SMS00001950,A000801,2025-10-07 07:00:00,DELIVERED
SMS00001951,A000599,2026-05-25 08:00:00,SENT
SMS00001952,A003980,2025-12-02 10:00:00,DELIVERED
SMS00001953,A001562,2025-09-17 21:00:00,FAILED
SMS00001954,A001997,2026-07-23 17:00:00,SENT
SMS00001955,A003987,2026-03-15 15:00:00,DELIVERED
SMS00001956,A002965,2025-12-04 13:00:00,FAILED
SMS00001957,A003259,2026-05-14 16:00:00,DELIVERED
SMS00001958,A000673,2025-10-10 12:00:00,DELIVERED
SMS00001959,A003001,2025-10-22 20:00:00,DELIVERED
SMS00001960,A002463,2026-04-23 07:00:00,FAILED
SMS00001961,A002099,2025-10-02 21:00:00,DELIVERED
SMS00001962,A003211,2026-07-25 12:00:00,SENT
SMS00001963,A002566,2026-02-20 14:00:00,SENT
SMS00001964,A002398,2026-08-08 09:00:00,DELIVERED
SMS00001965,A002672,2026-02-24 15:00:00,SENT
SMS00001966,A001138,2026-08-04 19:00:00,DELIVERED
SMS00001967,A001602,2026-05-25 20:00:00,DELIVERED
SMS00001968,A001485,2026-08-11 08:00:00,DELIVERED
SMS00001969,A000069,2025-11-09 10:00:00,DELIVERED
SMS00001970,A003118,2026-04-24 13:00:00,DELIVERED
SMS00001971,A000179,2025-12-18 18:00:00,SENT
SMS00001972,A002870,2025-11-02 17:00:00,DELIVERED
SMS00001973,A003134,2026-02-14 07:00:00,DELIVERED
SMS00001974,A002928,2026-08-24 12:00:00,DELIVERED
SMS00001975,A000850,2025-10-21 13:00:00,SENT
SMS00001976,A001150,2026-07-10 21:00:00,DELIVERED
SMS00001977,A001299,2026-04-25 17:00:00,DELIVERED
SMS00001978,A001520,2026-01-04 09:00:00,DELIVERED
SMS00001979,A001877,2025-09-22 19:00:00,DELIVERED
SMS00001980,A000541,2026-04-14 13:00:00,DELIVERED
SMS00001981,A003294,2026-07-12 18:00:00,DELIVERED
SMS00001982,A001898,2026-07-09 19:00:00,DELIVERED
SMS00001983,A003070,2026-06-16 14:00:00,DELIVERED
SMS00001984,A001315,2025-11-03 16:00:00,FAILED
SMS00001985,A000527,2025-12-23 15:00:00,DELIVERED
SMS00001986,A001369,2026-04-22 20:00:00,DELIVERED
SMS00001987,A001382,2026-05-13 13:00:00,SENT
SMS00001988,A003341,2026-07-23 18:00:00,DELIVERED
SMS00001989,A003433,2026-01-14 15:00:00,DELIVERED
SMS00001990,A001785,2026-02-08 13:00:00,DELIVERED
SMS00001991,A001938,2026-02-19 20:00:00,SENT
SMS00001992,A003990,2026-07-24 16:00:00,DELIVERED
SMS00001993,A000186,2026-03-10 12:00:00,FAILED
SMS00001994,A001203,2025-11-13 12:00:00,DELIVERED
SMS00001995,A001403,2026-02-01 16:00:00,DELIVERED
SMS00001996,A000673,2026-04-26 14:00:00,FAILED
SMS00001997,A002899,2026-05-08 15:00:00,DELIVERED
SMS00001998,A002895,2026-05-21 10:00:00,FAILED
SMS00001999,A003083,2026-02-01 13:00:00,DELIVERED
SMS00002000,A001662,2026-04-24 07:00:00,DELIVERED
SMS00002001,A002235,2025-12-19 21:00:00,SENT
SMS00002002,A003445,2026-08-15 21:00:00,DELIVERED
SMS00002003,A002943,2025-09-02 11:00:00,DELIVERED
SMS00002004,A001545,2026-04-03 13:00:00,DELIVERED
SMS00002005,A001141,2025-10-13 16:00:00,DELIVERED
SMS00002006,A003228,2026-08-04 22:00:00,DELIVERED
SMS00002007,A000411,2026-05-14 09:00:00,DELIVERED
SMS00002008,A000002,2025-11-25 10:00:00,DELIVERED
SMS00002009,A000359,2026-07-10 09:00:00,DELIVERED
SMS00002010,A003994,2026-08-14 09:00:00,DELIVERED
SMS00002011,A001909,2026-07-06 13:00:00,DELIVERED
SMS00002012,A002009,2026-01-09 15:00:00,FAILED
SMS00002013,A004191,2026-05-25 21:00:00,FAILED
SMS00002014,A002965,2026-08-07 19:00:00,DELIVERED
SMS00002015,A002215,2025-09-26 21:00:00,SENT
SMS00002016,A001284,2026-04-22 09:00:00,DELIVERED
SMS00002017,A000590,2025-09-17 17:00:00,DELIVERED
SMS00002018,A003219,2026-05-11 20:00:00,DELIVERED
SMS00002019,A002340,2025-09-17 07:00:00,DELIVERED
SMS00002020,A003913,2025-12-09 07:00:00,SENT
SMS00002021,A003540,2026-06-03 22:00:00,DELIVERED
SMS00002022,A002735,2026-08-23 12:00:00,DELIVERED
SMS00002023,A002394,2026-05-27 20:00:00,SENT
SMS00002024,A003119,2026-05-18 07:00:00,DELIVERED
SMS00002025,A004137,2026-04-09 20:00:00,DELIVERED
SMS00002026,A003990,2026-05-04 07:00:00,DELIVERED
SMS00002027,A003018,2026-06-26 13:00:00,FAILED
SMS00002028,A001879,2026-05-09 08:00:00,DELIVERED
SMS00002029,A001995,2026-07-01 14:00:00,DELIVERED
SMS00002030,A002728,2026-03-08 13:00:00,DELIVERED
SMS00002031,A003376,2026-02-10 12:00:00,SENT
SMS00002032,A003326,2026-05-01 19:00:00,FAILED
SMS00002033,A003359,2025-12-01 12:00:00,SENT
SMS00002034,A001145,2025-12-19 19:00:00,DELIVERED
SMS00002035,A002713,2026-06-02 21:00:00,DELIVERED
SMS00002036,A001659,2025-12-25 20:00:00,DELIVERED
SMS00002037,A000799,2026-07-19 18:00:00,DELIVERED
SMS00002038,A002126,2026-05-18 22:00:00,SENT
SMS00002039,A003387,2026-05-21 16:00:00,DELIVERED
SMS00002040,A000030,2026-06-26 12:00:00,DELIVERED
SMS00002041,A003385,2026-08-18 22:00:00,DELIVERED
SMS00002042,A001389,2026-01-08 11:00:00,DELIVERED
SMS00002043,A002688,2026-02-04 15:00:00,SENT
SMS00002044,A002026,2025-09-04 13:00:00,SENT
SMS00002045,A004053,2025-12-23 13:00:00,DELIVERED
SMS00002046,A002772,2026-01-12 08:00:00,DELIVERED
SMS00002047,A003394,2026-03-25 09:00:00,DELIVERED
SMS00002048,A003091,2025-12-13 15:00:00,DELIVERED
SMS00002049,A003038,2026-04-11 07:00:00,DELIVERED
SMS00002050,A001194,2026-03-05 11:00:00,DELIVERED
SMS00002051,A003410,2026-04-20 19:00:00,DELIVERED
SMS00002052,A001652,2026-08-05 12:00:00,DELIVERED
SMS00002053,A000359,2025-11-11 14:00:00,DELIVERED
SMS00002054,A003003,2026-05-15 12:00:00,DELIVERED
SMS00002055,A002778,2025-12-25 18:00:00,DELIVERED
SMS00002056,A000824,2026-07-16 10:00:00,SENT
SMS00002057,A000333,2026-04-27 20:00:00,SENT
SMS00002058,A001412,2026-05-02 16:00:00,DELIVERED
SMS00002059,A002402,2025-12-25 19:00:00,DELIVERED
SMS00002060,A001899,2026-04-09 20:00:00,SENT
SMS00002061,A002490,2026-02-27 22:00:00,DELIVERED
SMS00002062,A003400,2026-06-01 16:00:00,DELIVERED
SMS00002063,A000892,2026-08-07 17:00:00,SENT
SMS00002064,A001490,2026-01-21 14:00:00,SENT
SMS00002065,A001001,2026-06-08 22:00:00,DELIVERED
SMS00002066,A002842,2025-11-19 19:00:00,DELIVERED
SMS00002067,A002850,2026-07-04 19:00:00,DELIVERED
SMS00002068,A003686,2026-02-19 20:00:00,DELIVERED
SMS00002069,A003995,2025-12-10 19:00:00,DELIVERED
SMS00002070,A002492,2025-09-22 10:00:00,DELIVERED
SMS00002071,A003934,2026-02-24 18:00:00,SENT
SMS00002072,A002397,2026-04-14 19:00:00,SENT
SMS00002073,A000471,2026-04-03 17:00:00,SENT
SMS00002074,A000001,2026-02-19 20:00:00,FAILED
SMS00002075,A002253,2025-09-09 12:00:00,DELIVERED
SMS00002076,A003943,2026-03-02 19:00:00,DELIVERED
SMS00002077,A003584,2026-08-12 17:00:00,SENT
SMS00002078,A003302,2026-05-18 07:00:00,DELIVERED
SMS00002079,A001003,2026-07-25 16:00:00,SENT
SMS00002080,A004168,2025-10-13 12:00:00,DELIVERED
SMS00002081,A003459,2025-09-22 09:00:00,SENT
SMS00002082,A002952,2026-08-09 12:00:00,DELIVERED
SMS00002083,A002094,2026-06-10 11:00:00,DELIVERED
SMS00002084,A000411,2025-12-02 18:00:00,DELIVERED
SMS00002085,A002407,2026-08-23 17:00:00,DELIVERED
SMS00002086,A002191,2025-09-25 21:00:00,DELIVERED
SMS00002087,A003285,2026-05-22 09:00:00,DELIVERED
SMS00002088,A000943,2025-11-10 22:00:00,DELIVERED
SMS00002089,A001727,2026-02-11 19:00:00,FAILED
SMS00002090,A003952,2025-11-02 17:00:00,DELIVERED
SMS00002091,A000461,2026-06-06 10:00:00,FAILED
SMS00002092,A000174,2025-11-18 11:00:00,DELIVERED
SMS00002093,A001242,2026-07-11 13:00:00,DELIVERED
SMS00002094,A002091,2026-05-21 07:00:00,DELIVERED
SMS00002095,A003358,2025-10-21 12:00:00,DELIVERED
SMS00002096,A000766,2026-08-08 15:00:00,DELIVERED
SMS00002097,A003625,2025-12-24 14:00:00,SENT
SMS00002098,A002758,2026-01-24 08:00:00,SENT
SMS00002099,A004167,2026-07-13 10:00:00,DELIVERED
SMS00002100,A000936,2026-05-11 12:00:00,DELIVERED
SMS00002101,A002344,2025-10-25 08:00:00,FAILED
SMS00002102,A001169,2026-06-07 20:00:00,FAILED
SMS00002103,A001533,2025-11-15 10:00:00,DELIVERED
SMS00002104,A002840,2026-07-23 18:00:00,DELIVERED
SMS00002105,A000954,2025-12-02 14:00:00,FAILED
SMS00002106,A000492,2026-01-27 17:00:00,DELIVERED
SMS00002107,A000383,2026-07-05 12:00:00,DELIVERED
SMS00002108,A001922,2025-12-03 15:00:00,SENT
SMS00002109,A001959,2025-12-09 21:00:00,DELIVERED
SMS00002110,A001328,2025-11-12 17:00:00,DELIVERED
SMS00002111,A004054,2025-11-16 08:00:00,DELIVERED
SMS00002112,A001778,2025-09-01 21:00:00,SENT
SMS00002113,A001060,2026-05-18 22:00:00,DELIVERED
SMS00002114,A000361,2025-11-27 11:00:00,DELIVERED
SMS00002115,A002183,2025-09-17 19:00:00,DELIVERED
SMS00002116,A002713,2026-04-24 08:00:00,DELIVERED
SMS00002117,A000501,2026-04-13 08:00:00,DELIVERED
SMS00002118,A000873,2026-07-24 10:00:00,FAILED
SMS00002119,A003654,2026-02-11 21:00:00,DELIVERED
SMS00002120,A000183,2026-08-04 13:00:00,SENT
SMS00002121,A000174,2026-07-14 10:00:00,DELIVERED
SMS00002122,A001283,2026-01-14 08:00:00,DELIVERED
SMS00002123,A003460,2025-11-03 17:00:00,SENT
SMS00002124,A002968,2026-06-20 20:00:00,DELIVERED
SMS00002125,A002881,2026-05-26 15:00:00,DELIVERED
SMS00002126,A004105,2026-02-27 10:00:00,DELIVERED
SMS00002127,A001108,2026-04-02 18:00:00,DELIVERED
SMS00002128,A000363,2026-05-04 22:00:00,SENT
SMS00002129,A003272,2026-03-23 22:00:00,DELIVERED
SMS00002130,A000951,2026-07-20 13:00:00,DELIVERED
SMS00002131,A000583,2026-03-13 15:00:00,FAILED
SMS00002132,A002935,2026-02-05 16:00:00,FAILED
SMS00002133,A002118,2026-04-25 13:00:00,DELIVERED
SMS00002134,A003537,2026-05-20 15:00:00,DELIVERED
SMS00002135,A002407,2026-06-14 12:00:00,DELIVERED
SMS00002136,A001054,2025-09-04 20:00:00,DELIVERED
SMS00002137,A000093,2025-12-08 09:00:00,DELIVERED
SMS00002138,A001234,2026-02-08 20:00:00,SENT
SMS00002139,A002527,2025-09-04 12:00:00,DELIVERED
SMS00002140,A000874,2026-04-20 12:00:00,SENT
SMS00002141,A002241,2025-12-08 09:00:00,FAILED
SMS00002142,A001102,2026-01-20 10:00:00,DELIVERED
SMS00002143,A002255,2026-05-12 19:00:00,DELIVERED
SMS00002144,A003016,2026-07-24 07:00:00,SENT
SMS00002145,A003868,2026-08-04 14:00:00,DELIVERED
SMS00002146,A001038,2026-04-10 14:00:00,FAILED
SMS00002147,A001434,2025-11-03 20:00:00,DELIVERED
SMS00002148,A003304,2026-01-14 20:00:00,FAILED
SMS00002149,A003286,2026-01-10 14:00:00,DELIVERED
SMS00002150,A003790,2026-02-03 16:00:00,DELIVERED
SMS00002151,A003974,2026-01-16 12:00:00,SENT
SMS00002152,A002135,2025-11-22 20:00:00,DELIVERED
SMS00002153,A000246,2026-06-27 21:00:00,DELIVERED
SMS00002154,A000493,2026-04-20 18:00:00,SENT
SMS00002155,A001211,2026-07-09 15:00:00,DELIVERED
SMS00002156,A002485,2025-10-17 17:00:00,DELIVERED
SMS00002157,A002423,2026-02-14 13:00:00,DELIVERED
SMS00002158,A001923,2025-12-18 15:00:00,DELIVERED
SMS00002159,A002854,2026-03-22 13:00:00,DELIVERED
SMS00002160,A000472,2025-10-09 12:00:00,SENT
SMS00002161,A002269,2025-09-26 09:00:00,DELIVERED
SMS00002162,A003599,2026-02-26 12:00:00,DELIVERED
SMS00002163,A003178,2026-02-03 13:00:00,DELIVERED
SMS00002164,A002145,2025-10-27 11:00:00,DELIVERED
SMS00002165,A002929,2026-08-25 08:00:00,DELIVERED
SMS00002166,A000973,2026-05-07 18:00:00,DELIVERED
SMS00002167,A000431,2025-12-24 20:00:00,DELIVERED
SMS00002168,A000993,2026-04-26 10:00:00,DELIVERED
SMS00002169,A000524,2026-06-04 20:00:00,FAILED
SMS00002170,A004050,2026-06-06 07:00:00,DELIVERED
SMS00002171,A000026,2026-08-07 19:00:00,DELIVERED
SMS00002172,A002891,2025-12-16 08:00:00,FAILED
SMS00002173,A000375,2026-07-17 11:00:00,DELIVERED
SMS00002174,A002607,2026-08-22 17:00:00,SENT
SMS00002175,A000680,2026-08-15 17:00:00,SENT
SMS00002176,A003311,2026-01-26 11:00:00,DELIVERED
SMS00002177,A000724,2025-09-19 14:00:00,DELIVERED
SMS00002178,A001821,2025-09-10 15:00:00,DELIVERED
SMS00002179,A004120,2025-11-24 22:00:00,DELIVERED
SMS00002180,A002043,2026-01-17 19:00:00,DELIVERED
SMS00002181,A002172,2026-04-21 07:00:00,DELIVERED
SMS00002182,A002192,2025-11-20 18:00:00,SENT
SMS00002183,A000205,2026-06-10 15:00:00,DELIVERED
SMS00002184,A003533,2026-01-17 12:00:00,DELIVERED
SMS00002185,A003091,2026-05-23 08:00:00,DELIVERED
SMS00002186,A002377,2026-01-18 16:00:00,SENT
SMS00002187,A001876,2026-04-05 14:00:00,DELIVERED
SMS00002188,A000068,2026-05-02 18:00:00,DELIVERED
SMS00002189,A003992,2026-01-19 21:00:00,SENT
SMS00002190,A003966,2026-05-16 18:00:00,DELIVERED
SMS00002191,A002984,2025-10-03 13:00:00,DELIVERED
SMS00002192,A002848,2025-09-04 09:00:00,FAILED
SMS00002193,A002979,2026-01-16 12:00:00,DELIVERED
SMS00002194,A002135,2026-01-16 21:00:00,DELIVERED
SMS00002195,A003173,2025-09-18 08:00:00,SENT
SMS00002196,A000364,2026-04-01 19:00:00,SENT
SMS00002197,A003818,2026-06-10 22:00:00,FAILED
SMS00002198,A003027,2025-10-10 19:00:00,SENT
SMS00002199,A003277,2025-11-11 15:00:00,DELIVERED
SMS00002200,A001492,2026-03-02 14:00:00,SENT
SMS00002201,A001789,2026-07-08 21:00:00,DELIVERED
SMS00002202,A001969,2026-07-18 15:00:00,DELIVERED
SMS00002203,A000481,2026-03-22 10:00:00,DELIVERED
SMS00002204,A002567,2025-11-14 20:00:00,SENT
SMS00002205,A003197,2026-07-02 08:00:00,DELIVERED
SMS00002206,A001516,2025-11-24 12:00:00,DELIVERED
SMS00002207,A003792,2026-07-26 13:00:00,DELIVERED
SMS00002208,A003046,2026-07-19 17:00:00,DELIVERED
SMS00002209,A003815,2025-09-17 16:00:00,DELIVERED
SMS00002210,A003923,2026-02-04 14:00:00,DELIVERED
SMS00002211,A001706,2026-07-15 10:00:00,DELIVERED
SMS00002212,A001611,2026-07-08 18:00:00,SENT
SMS00002213,A000960,2026-08-06 12:00:00,DELIVERED
SMS00002214,A000519,2025-11-08 16:00:00,DELIVERED
SMS00002215,A000939,2026-02-26 18:00:00,DELIVERED
SMS00002216,A002946,2026-01-22 08:00:00,DELIVERED
SMS00002217,A002169,2025-11-25 10:00:00,DELIVERED
SMS00002218,A001304,2026-01-15 13:00:00,SENT
SMS00002219,A002631,2026-08-01 08:00:00,FAILED
SMS00002220,A000432,2026-03-03 14:00:00,DELIVERED
SMS00002221,A004187,2026-01-01 20:00:00,DELIVERED
SMS00002222,A002029,2026-01-04 21:00:00,SENT
SMS00002223,A002364,2026-06-27 22:00:00,SENT
SMS00002224,A002883,2026-06-25 18:00:00,SENT
SMS00002225,A003819,2026-08-14 09:00:00,DELIVERED
SMS00002226,A001703,2026-03-13 16:00:00,DELIVERED
SMS00002227,A003915,2025-11-04 15:00:00,DELIVERED
SMS00002228,A000894,2026-06-25 07:00:00,DELIVERED
SMS00002229,A002141,2025-09-17 08:00:00,DELIVERED
SMS00002230,A003236,2025-11-24 14:00:00,DELIVERED
SMS00002231,A001154,2026-05-26 12:00:00,DELIVERED
SMS00002232,A003926,2026-06-26 14:00:00,SENT
SMS00002233,A000041,2025-12-13 19:00:00,DELIVERED
SMS00002234,A001713,2026-05-12 17:00:00,DELIVERED
SMS00002235,A000838,2026-02-09 19:00:00,DELIVERED
SMS00002236,A001495,2026-06-13 12:00:00,DELIVERED
SMS00002237,A002464,2026-03-22 19:00:00,DELIVERED
SMS00002238,A001705,2026-03-23 18:00:00,FAILED
SMS00002239,A001544,2025-11-25 10:00:00,SENT
SMS00002240,A003765,2026-03-02 21:00:00,DELIVERED
SMS00002241,A000414,2026-08-17 20:00:00,DELIVERED
SMS00002242,A001079,2026-02-08 15:00:00,SENT
SMS00002243,A000703,2026-01-26 22:00:00,DELIVERED
SMS00002244,A001893,2026-03-02 21:00:00,DELIVERED
SMS00002245,A000182,2026-06-01 20:00:00,DELIVERED
SMS00002246,A001252,2026-03-23 21:00:00,DELIVERED
SMS00002247,A000436,2026-05-05 19:00:00,DELIVERED
SMS00002248,A000806,2026-05-18 12:00:00,DELIVERED
SMS00002249,A002544,2026-06-05 08:00:00,SENT
SMS00002250,A003720,2025-10-05 09:00:00,DELIVERED
SMS00002251,A004169,2025-11-27 13:00:00,DELIVERED
SMS00002252,A002385,2026-02-16 17:00:00,DELIVERED
SMS00002253,A002826,2026-06-11 13:00:00,DELIVERED
SMS00002254,A003914,2026-06-11 09:00:00,DELIVERED
SMS00002255,A003719,2025-12-12 12:00:00,DELIVERED
SMS00002256,A000387,2026-03-12 20:00:00,DELIVERED
SMS00002257,A001979,2025-12-07 07:00:00,DELIVERED
SMS00002258,A002386,2026-01-03 18:00:00,FAILED
SMS00002259,A000131,2026-07-12 10:00:00,DELIVERED
SMS00002260,A003613,2026-04-19 10:00:00,DELIVERED
SMS00002261,A002530,2025-12-04 15:00:00,DELIVERED
SMS00002262,A000141,2026-06-17 20:00:00,DELIVERED
SMS00002263,A001261,2025-10-19 19:00:00,DELIVERED
SMS00002264,A004169,2025-09-09 09:00:00,DELIVERED
SMS00002265,A000137,2025-12-12 10:00:00,SENT
SMS00002266,A003458,2025-12-18 20:00:00,DELIVERED
SMS00002267,A003239,2026-01-05 11:00:00,DELIVERED
SMS00002268,A001375,2026-01-20 17:00:00,DELIVERED
SMS00002269,A001627,2026-07-26 22:00:00,FAILED
SMS00002270,A000849,2026-08-01 13:00:00,DELIVERED
SMS00002271,A004151,2026-07-18 21:00:00,FAILED
SMS00002272,A000111,2025-10-09 17:00:00,DELIVERED
SMS00002273,A000836,2026-05-02 09:00:00,DELIVERED
SMS00002274,A003434,2026-02-13 10:00:00,DELIVERED
SMS00002275,A002765,2026-02-24 22:00:00,DELIVERED
SMS00002276,A003099,2026-03-01 17:00:00,DELIVERED
SMS00002277,A001205,2025-09-10 08:00:00,DELIVERED
SMS00002278,A003817,2026-08-02 20:00:00,DELIVERED
SMS00002279,A000561,2025-09-04 18:00:00,DELIVERED
SMS00002280,A000493,2025-09-14 07:00:00,DELIVERED
SMS00002281,A003042,2025-11-18 12:00:00,FAILED
SMS00002282,A004000,2026-03-01 15:00:00,DELIVERED
SMS00002283,A001488,2026-08-26 17:00:00,DELIVERED
SMS00002284,A002250,2026-07-05 09:00:00,FAILED
SMS00002285,A002170,2026-05-01 09:00:00,DELIVERED
SMS00002286,A002512,2026-01-15 09:00:00,FAILED
SMS00002287,A002738,2025-11-27 07:00:00,DELIVERED
SMS00002288,A003028,2026-02-04 17:00:00,SENT
SMS00002289,A002226,2025-10-01 15:00:00,DELIVERED
SMS00002290,A003389,2025-10-22 20:00:00,SENT
SMS00002291,A000586,2026-05-23 19:00:00,DELIVERED
SMS00002292,A003752,2026-08-07 13:00:00,DELIVERED
SMS00002293,A000330,2025-12-27 21:00:00,DELIVERED
SMS00002294,A000547,2026-06-12 18:00:00,DELIVERED
SMS00002295,A002824,2025-09-18 21:00:00,DELIVERED
SMS00002296,A001708,2025-10-11 21:00:00,DELIVERED
SMS00002297,A001474,2025-11-10 16:00:00,DELIVERED
SMS00002298,A000231,2026-06-20 08:00:00,SENT
SMS00002299,A003795,2026-04-21 08:00:00,DELIVERED
SMS00002300,A000799,2025-09-05 12:00:00,DELIVERED
SMS00002301,A001436,2025-09-08 21:00:00,FAILED
SMS00002302,A003954,2025-11-19 16:00:00,DELIVERED
SMS00002303,A001456,2026-03-08 08:00:00,SENT
SMS00002304,A003199,2026-02-22 16:00:00,DELIVERED
SMS00002305,A002882,2025-11-04 07:00:00,DELIVERED
SMS00002306,A001247,2025-09-26 20:00:00,SENT
SMS00002307,A000852,2025-10-14 14:00:00,DELIVERED
SMS00002308,A003034,2026-01-20 17:00:00,SENT
SMS00002309,A000745,2026-01-16 11:00:00,FAILED
SMS00002310,A003277,2026-07-21 07:00:00,DELIVERED
SMS00002311,A003497,2026-07-03 10:00:00,DELIVERED
SMS00002312,A003889,2025-12-08 12:00:00,SENT
SMS00002313,A004109,2026-08-16 10:00:00,DELIVERED
SMS00002314,A002417,2025-09-21 22:00:00,DELIVERED
SMS00002315,A002891,2026-07-07 10:00:00,SENT
SMS00002316,A002958,2026-08-03 17:00:00,SENT
SMS00002317,A000307,2025-11-23 10:00:00,DELIVERED
SMS00002318,A003760,2026-03-20 19:00:00,DELIVERED
SMS00002319,A002027,2026-02-01 08:00:00,FAILED
SMS00002320,A001121,2026-03-15 08:00:00,DELIVERED
SMS00002321,A002812,2026-07-17 18:00:00,DELIVERED
SMS00002322,A001045,2026-03-14 19:00:00,DELIVERED
SMS00002323,A003486,2026-05-16 07:00:00,DELIVERED
SMS00002324,A003092,2026-08-01 20:00:00,DELIVERED
SMS00002325,A001023,2026-01-02 17:00:00,DELIVERED
SMS00002326,A002542,2025-10-12 19:00:00,DELIVERED
SMS00002327,A003000,2026-02-23 20:00:00,DELIVERED
SMS00002328,A000391,2026-05-11 13:00:00,DELIVERED
SMS00002329,A003447,2025-09-05 22:00:00,DELIVERED
SMS00002330,A002203,2026-02-08 07:00:00,DELIVERED
SMS00002331,A000203,2025-11-25 11:00:00,DELIVERED
SMS00002332,A000707,2025-10-23 17:00:00,DELIVERED
SMS00002333,A000081,2026-03-14 07:00:00,SENT
SMS00002334,A000205,2026-06-02 09:00:00,SENT
SMS00002335,A002868,2026-04-15 08:00:00,SENT
SMS00002336,A002585,2026-03-16 15:00:00,DELIVERED
SMS00002337,A003371,2025-09-14 13:00:00,SENT
SMS00002338,A003306,2025-10-03 14:00:00,DELIVERED
SMS00002339,A003172,2026-01-06 18:00:00,FAILED
SMS00002340,A000553,2026-05-06 14:00:00,DELIVERED
SMS00002341,A000717,2025-09-20 18:00:00,DELIVERED
SMS00002342,A000897,2025-11-13 18:00:00,DELIVERED
SMS00002343,A002892,2026-05-27 17:00:00,SENT
SMS00002344,A003573,2026-02-16 18:00:00,DELIVERED
SMS00002345,A003861,2026-04-01 21:00:00,DELIVERED
SMS00002346,A000870,2026-03-07 10:00:00,SENT
SMS00002347,A003966,2025-10-21 16:00:00,DELIVERED
SMS00002348,A001385,2026-01-12 07:00:00,DELIVERED
SMS00002349,A001828,2025-09-05 13:00:00,DELIVERED
SMS00002350,A000831,2026-02-02 20:00:00,DELIVERED
SMS00002351,A002309,2026-07-18 19:00:00,DELIVERED
SMS00002352,A002665,2026-01-15 19:00:00,SENT
SMS00002353,A001642,2025-12-01 12:00:00,DELIVERED
SMS00002354,A001836,2025-11-10 11:00:00,SENT
SMS00002355,A003648,2026-02-14 21:00:00,DELIVERED
SMS00002356,A003439,2026-04-11 15:00:00,DELIVERED
SMS00002357,A003134,2025-10-13 18:00:00,DELIVERED
SMS00002358,A000417,2026-03-08 19:00:00,DELIVERED
SMS00002359,A000376,2026-05-02 09:00:00,DELIVERED
SMS00002360,A002383,2025-10-14 12:00:00,SENT
SMS00002361,A001992,2025-12-20 16:00:00,DELIVERED
SMS00002362,A001969,2026-06-25 08:00:00,FAILED
SMS00002363,A000488,2026-01-13 17:00:00,SENT
SMS00002364,A002879,2026-04-24 17:00:00,DELIVERED
SMS00002365,A002573,2025-11-25 07:00:00,DELIVERED
SMS00002366,A003004,2026-02-05 17:00:00,DELIVERED
SMS00002367,A003687,2026-08-07 15:00:00,SENT
SMS00002368,A000722,2026-05-15 11:00:00,FAILED
SMS00002369,A002648,2025-11-09 17:00:00,DELIVERED
SMS00002370,A000461,2025-12-12 11:00:00,DELIVERED
SMS00002371,A000695,2025-11-07 21:00:00,DELIVERED
SMS00002372,A002081,2026-01-13 20:00:00,DELIVERED
SMS00002373,A001043,2026-06-20 10:00:00,SENT
SMS00002374,A002332,2025-10-25 08:00:00,SENT
SMS00002375,A001815,2026-01-18 13:00:00,DELIVERED
SMS00002376,A002513,2026-04-04 22:00:00,DELIVERED
SMS00002377,A003075,2026-05-01 22:00:00,DELIVERED
SMS00002378,A002660,2026-07-22 15:00:00,DELIVERED
SMS00002379,A003361,2026-07-27 07:00:00,DELIVERED
SMS00002380,A003477,2025-10-24 11:00:00,SENT
SMS00002381,A003641,2026-08-26 09:00:00,DELIVERED
SMS00002382,A003874,2026-05-11 12:00:00,DELIVERED
SMS00002383,A000886,2025-09-01 18:00:00,DELIVERED
SMS00002384,A001280,2026-02-10 15:00:00,DELIVERED
SMS00002385,A000719,2026-08-23 17:00:00,DELIVERED
SMS00002386,A003000,2026-01-20 14:00:00,DELIVERED
SMS00002387,A003766,2025-12-25 15:00:00,DELIVERED
SMS00002388,A000174,2026-01-24 12:00:00,DELIVERED
SMS00002389,A003353,2025-11-11 19:00:00,DELIVERED
SMS00002390,A000216,2026-05-01 10:00:00,DELIVERED
SMS00002391,A003500,2025-12-09 19:00:00,DELIVERED
SMS00002392,A001542,2026-02-05 12:00:00,DELIVERED
SMS00002393,A000684,2026-06-25 22:00:00,DELIVERED
SMS00002394,A001482,2025-11-26 22:00:00,DELIVERED
SMS00002395,A003541,2026-02-20 08:00:00,DELIVERED
SMS00002396,A004168,2026-02-22 15:00:00,DELIVERED
SMS00002397,A001906,2025-10-11 12:00:00,DELIVERED
SMS00002398,A004155,2026-01-24 18:00:00,SENT
SMS00002399,A000209,2026-03-14 19:00:00,SENT
SMS00002400,A004012,2026-05-13 14:00:00,DELIVERED
SMS00002401,A000386,2026-06-06 20:00:00,SENT
SMS00002402,A001222,2026-06-09 20:00:00,SENT
SMS00002403,A003288,2026-04-08 14:00:00,DELIVERED
SMS00002404,A002700,2025-09-15 22:00:00,DELIVERED
SMS00002405,A002948,2026-04-03 21:00:00,SENT
SMS00002406,A001827,2026-07-25 11:00:00,DELIVERED
SMS00002407,A001200,2026-05-22 15:00:00,DELIVERED
SMS00002408,A003406,2025-12-06 20:00:00,DELIVERED
SMS00002409,A000915,2026-02-22 16:00:00,DELIVERED
SMS00002410,A003078,2026-02-25 17:00:00,DELIVERED
SMS00002411,A002589,2026-07-03 16:00:00,FAILED
SMS00002412,A000426,2026-08-25 08:00:00,DELIVERED
SMS00002413,A000233,2026-05-12 13:00:00,DELIVERED
SMS00002414,A001357,2026-07-14 14:00:00,DELIVERED
SMS00002415,A000397,2026-03-18 10:00:00,DELIVERED
SMS00002416,A002703,2025-09-15 20:00:00,DELIVERED
SMS00002417,A003213,2026-06-16 16:00:00,DELIVERED
SMS00002418,A003751,2026-06-19 21:00:00,DELIVERED
SMS00002419,A003650,2026-01-16 15:00:00,DELIVERED
SMS00002420,A003243,2026-01-19 22:00:00,SENT
SMS00002421,A003559,2026-07-13 09:00:00,SENT
SMS00002422,A003645,2025-10-19 17:00:00,DELIVERED
SMS00002423,A002997,2025-10-23 15:00:00,DELIVERED
SMS00002424,A004124,2026-02-03 12:00:00,DELIVERED
SMS00002425,A000185,2025-12-20 18:00:00,DELIVERED
SMS00002426,A002731,2026-08-04 08:00:00,SENT
SMS00002427,A001512,2026-01-16 22:00:00,DELIVERED
SMS00002428,A001900,2026-08-01 10:00:00,DELIVERED
SMS00002429,A000737,2026-07-21 07:00:00,DELIVERED
SMS00002430,A002165,2026-02-22 11:00:00,DELIVERED
SMS00002431,A003804,2026-06-16 17:00:00,DELIVERED
SMS00002432,A000854,2026-04-19 16:00:00,DELIVERED
SMS00002433,A000255,2026-03-18 08:00:00,DELIVERED
SMS00002434,A001658,2025-11-12 14:00:00,DELIVERED
SMS00002435,A002515,2026-03-11 20:00:00,DELIVERED
SMS00002436,A000345,2026-01-13 18:00:00,DELIVERED
SMS00002437,A000597,2026-05-04 14:00:00,DELIVERED
SMS00002438,A000890,2026-01-22 08:00:00,DELIVERED
SMS00002439,A003062,2026-01-26 18:00:00,DELIVERED
SMS00002440,A004083,2025-11-07 12:00:00,DELIVERED
SMS00002441,A000853,2026-03-09 16:00:00,SENT
SMS00002442,A000606,2026-02-07 19:00:00,SENT
SMS00002443,A000751,2025-10-01 09:00:00,DELIVERED
SMS00002444,A003095,2026-05-25 18:00:00,DELIVERED
SMS00002445,A003017,2025-10-22 10:00:00,FAILED
SMS00002446,A002182,2025-09-21 12:00:00,DELIVERED
SMS00002447,A002805,2025-12-01 14:00:00,DELIVERED
SMS00002448,A001990,2026-04-04 07:00:00,DELIVERED
SMS00002449,A001452,2026-01-12 14:00:00,DELIVERED
SMS00002450,A001783,2026-07-13 08:00:00,SENT
SMS00002451,A002231,2025-12-25 14:00:00,SENT
SMS00002452,A001634,2026-02-17 14:00:00,DELIVERED
SMS00002453,A002795,2026-04-11 08:00:00,DELIVERED
SMS00002454,A003945,2026-05-18 15:00:00,DELIVERED
SMS00002455,A002205,2026-07-19 08:00:00,DELIVERED
SMS00002456,A001437,2026-07-27 12:00:00,FAILED
SMS00002457,A000038,2026-05-14 07:00:00,DELIVERED
SMS00002458,A002761,2026-08-20 12:00:00,DELIVERED
SMS00002459,A003084,2026-07-19 07:00:00,DELIVERED
SMS00002460,A002947,2026-03-14 18:00:00,FAILED
SMS00002461,A003040,2026-05-03 08:00:00,SENT
SMS00002462,A001220,2026-02-01 22:00:00,DELIVERED
SMS00002463,A003038,2026-01-04 21:00:00,DELIVERED
SMS00002464,A003567,2026-02-02 11:00:00,DELIVERED
SMS00002465,A000806,2026-03-10 10:00:00,DELIVERED
SMS00002466,A003473,2025-10-22 21:00:00,DELIVERED
SMS00002467,A002002,2026-02-02 19:00:00,DELIVERED
SMS00002468,A003383,2026-05-15 11:00:00,DELIVERED
SMS00002469,A003803,2026-01-22 07:00:00,DELIVERED
SMS00002470,A003929,2026-05-20 13:00:00,FAILED
SMS00002471,A001997,2026-01-12 12:00:00,DELIVERED
SMS00002472,A001428,2026-04-11 13:00:00,DELIVERED
SMS00002473,A003009,2026-01-06 13:00:00,DELIVERED
SMS00002474,A000455,2026-06-26 22:00:00,FAILED
SMS00002475,A001142,2026-06-12 13:00:00,DELIVERED
SMS00002476,A000171,2026-02-12 19:00:00,SENT
SMS00002477,A003164,2025-11-15 19:00:00,DELIVERED
SMS00002478,A003912,2026-08-19 14:00:00,DELIVERED
SMS00002479,A002666,2026-05-11 20:00:00,DELIVERED
SMS00002480,A000690,2026-02-14 12:00:00,DELIVERED
SMS00002481,A003860,2026-06-05 12:00:00,DELIVERED
SMS00002482,A000456,2026-05-21 14:00:00,DELIVERED
SMS00002483,A003072,2026-01-21 20:00:00,SENT
SMS00002484,A002030,2026-03-22 18:00:00,DELIVERED
SMS00002485,A001396,2026-03-18 07:00:00,FAILED
SMS00002486,A003177,2026-08-12 11:00:00,DELIVERED
SMS00002487,A000495,2026-05-21 10:00:00,SENT
SMS00002488,A000266,2026-06-22 19:00:00,DELIVERED
SMS00002489,A000229,2025-09-14 13:00:00,DELIVERED
SMS00002490,A000434,2025-09-23 15:00:00,DELIVERED
SMS00002491,A000429,2025-09-13 12:00:00,DELIVERED
SMS00002492,A001179,2026-06-06 16:00:00,DELIVERED
SMS00002493,A001953,2026-07-06 19:00:00,DELIVERED
SMS00002494,A001660,2026-05-16 07:00:00,SENT
SMS00002495,A000453,2026-01-13 19:00:00,DELIVERED
SMS00002496,A000294,2026-06-23 20:00:00,SENT
SMS00002497,A002166,2025-12-19 20:00:00,DELIVERED
SMS00002498,A002439,2026-03-20 17:00:00,DELIVERED
SMS00002499,A003857,2026-06-05 19:00:00,DELIVERED
SMS00002500,A001253,2026-02-15 17:00:00,DELIVERED
SMS00002501,A001816,2026-01-26 15:00:00,DELIVERED
SMS00002502,A001325,2026-02-07 13:00:00,DELIVERED
SMS00002503,A003939,2026-03-27 20:00:00,DELIVERED
SMS00002504,A000262,2026-07-19 11:00:00,DELIVERED
SMS00002505,A000385,2026-07-25 18:00:00,DELIVERED
SMS00002506,A002165,2026-08-11 12:00:00,DELIVERED
SMS00002507,A000848,2026-01-07 09:00:00,SENT
SMS00002508,A002559,2026-03-10 22:00:00,DELIVERED
SMS00002509,A000899,2026-08-04 15:00:00,DELIVERED
SMS00002510,A004041,2025-12-15 16:00:00,DELIVERED
SMS00002511,A000272,2025-12-15 16:00:00,DELIVERED
SMS00002512,A000289,2026-06-25 12:00:00,DELIVERED
SMS00002513,A001589,2026-03-02 19:00:00,SENT
SMS00002514,A001257,2026-07-07 10:00:00,DELIVERED
SMS00002515,A004003,2025-09-14 08:00:00,SENT
SMS00002516,A002588,2025-11-15 18:00:00,DELIVERED
SMS00002517,A000492,2026-02-19 09:00:00,DELIVERED
SMS00002518,A000568,2025-11-12 17:00:00,DELIVERED
SMS00002519,A001324,2025-09-25 16:00:00,DELIVERED
SMS00002520,A004021,2026-08-21 17:00:00,DELIVERED
SMS00002521,A002984,2026-04-05 19:00:00,FAILED
SMS00002522,A003664,2026-01-03 08:00:00,DELIVERED
SMS00002523,A001813,2026-06-05 19:00:00,DELIVERED
SMS00002524,A002444,2026-07-07 09:00:00,DELIVERED
SMS00002525,A001266,2026-06-07 20:00:00,FAILED
SMS00002526,A004194,2025-12-23 12:00:00,DELIVERED
SMS00002527,A001563,2026-03-27 16:00:00,SENT
SMS00002528,A002977,2025-09-20 12:00:00,FAILED
SMS00002529,A002765,2026-07-21 09:00:00,DELIVERED
SMS00002530,A003334,2026-08-01 10:00:00,DELIVERED
SMS00002531,A001531,2026-08-09 09:00:00,DELIVERED
SMS00002532,A000879,2026-01-11 10:00:00,DELIVERED
SMS00002533,A001269,2026-08-24 17:00:00,DELIVERED
SMS00002534,A003108,2026-08-19 10:00:00,SENT
SMS00002535,A002910,2026-02-25 16:00:00,DELIVERED
SMS00002536,A000542,2025-09-18 10:00:00,DELIVERED
SMS00002537,A001207,2026-04-25 10:00:00,SENT
SMS00002538,A001070,2026-02-16 15:00:00,DELIVERED
SMS00002539,A001125,2026-02-22 19:00:00,DELIVERED
SMS00002540,A001992,2025-10-24 16:00:00,DELIVERED
SMS00002541,A000900,2025-10-17 14:00:00,DELIVERED
SMS00002542,A001605,2026-06-18 07:00:00,DELIVERED
SMS00002543,A003165,2026-05-23 16:00:00,SENT
SMS00002544,A001458,2025-12-16 16:00:00,DELIVERED
SMS00002545,A003221,2026-03-07 14:00:00,DELIVERED
SMS00002546,A004134,2026-02-10 17:00:00,FAILED
SMS00002547,A004104,2026-07-14 09:00:00,DELIVERED
SMS00002548,A001614,2026-07-04 17:00:00,DELIVERED
SMS00002549,A003258,2026-06-20 09:00:00,DELIVERED
SMS00002550,A001385,2025-09-01 18:00:00,FAILED
SMS00002551,A001770,2025-09-16 20:00:00,DELIVERED
SMS00002552,A003167,2025-11-12 09:00:00,DELIVERED
SMS00002553,A000655,2026-05-15 11:00:00,FAILED
SMS00002554,A002733,2025-11-09 07:00:00,DELIVERED
SMS00002555,A002161,2025-09-20 07:00:00,SENT
SMS00002556,A001809,2026-08-18 08:00:00,DELIVERED
SMS00002557,A001554,2026-02-06 17:00:00,SENT
SMS00002558,A003385,2026-06-19 12:00:00,DELIVERED
SMS00002559,A003663,2026-07-02 10:00:00,DELIVERED
SMS00002560,A004118,2025-09-14 20:00:00,DELIVERED
SMS00002561,A003804,2026-01-19 16:00:00,DELIVERED
SMS00002562,A000576,2026-03-12 17:00:00,DELIVERED
SMS00002563,A002899,2026-03-20 15:00:00,DELIVERED
SMS00002564,A000784,2026-03-22 17:00:00,FAILED
SMS00002565,A003509,2026-07-22 11:00:00,SENT
SMS00002566,A001777,2026-03-11 21:00:00,SENT
SMS00002567,A000940,2026-08-17 19:00:00,DELIVERED
SMS00002568,A001053,2026-05-09 13:00:00,DELIVERED
SMS00002569,A001416,2025-12-13 22:00:00,DELIVERED
SMS00002570,A000613,2026-08-08 09:00:00,FAILED
SMS00002571,A003726,2025-12-10 07:00:00,DELIVERED
SMS00002572,A002858,2026-01-14 16:00:00,DELIVERED
SMS00002573,A002585,2026-01-06 21:00:00,DELIVERED
SMS00002574,A002450,2026-03-05 09:00:00,FAILED
SMS00002575,A002757,2025-12-23 12:00:00,DELIVERED
SMS00002576,A001414,2025-10-24 21:00:00,DELIVERED
SMS00002577,A000928,2026-01-25 22:00:00,SENT
SMS00002578,A001646,2026-03-11 17:00:00,DELIVERED
SMS00002579,A001736,2026-03-03 20:00:00,DELIVERED
SMS00002580,A003375,2026-05-02 09:00:00,DELIVERED
SMS00002581,A003285,2026-02-17 20:00:00,DELIVERED
SMS00002582,A001687,2026-03-20 20:00:00,FAILED
SMS00002583,A000111,2026-02-21 08:00:00,DELIVERED
SMS00002584,A002419,2026-03-04 12:00:00,SENT
SMS00002585,A003420,2026-02-24 10:00:00,DELIVERED
SMS00002586,A000480,2026-01-07 10:00:00,DELIVERED
SMS00002587,A001702,2026-08-16 08:00:00,DELIVERED
SMS00002588,A003735,2025-12-01 17:00:00,DELIVERED
SMS00002589,A003639,2026-07-18 15:00:00,DELIVERED
SMS00002590,A003894,2026-02-14 07:00:00,DELIVERED
SMS00002591,A003515,2026-08-07 08:00:00,SENT
SMS00002592,A003061,2025-10-27 13:00:00,DELIVERED
SMS00002593,A000801,2026-04-24 12:00:00,DELIVERED
SMS00002594,A002587,2025-10-03 20:00:00,DELIVERED
SMS00002595,A001253,2026-06-17 22:00:00,SENT
SMS00002596,A001590,2025-09-23 19:00:00,DELIVERED
SMS00002597,A003986,2026-08-10 11:00:00,SENT
SMS00002598,A002930,2026-01-04 22:00:00,SENT
SMS00002599,A003455,2026-05-14 18:00:00,DELIVERED
SMS00002600,A002377,2026-08-20 19:00:00,DELIVERED
SMS00002601,A002934,2026-02-27 19:00:00,DELIVERED
SMS00002602,A002072,2025-10-24 18:00:00,DELIVERED
SMS00002603,A000171,2026-04-27 19:00:00,DELIVERED
SMS00002604,A001495,2026-08-07 18:00:00,DELIVERED
SMS00002605,A004006,2026-02-10 21:00:00,DELIVERED
SMS00002606,A003636,2025-09-06 08:00:00,DELIVERED
SMS00002607,A003191,2026-07-14 18:00:00,DELIVERED
SMS00002608,A000108,2026-01-06 21:00:00,DELIVERED
SMS00002609,A001542,2026-01-12 21:00:00,DELIVERED
SMS00002610,A000802,2026-01-23 10:00:00,DELIVERED
SMS00002611,A002218,2026-01-23 08:00:00,DELIVERED
SMS00002612,A000218,2026-01-12 15:00:00,DELIVERED
SMS00002613,A003921,2025-09-11 11:00:00,FAILED
SMS00002614,A002332,2026-05-05 12:00:00,DELIVERED
SMS00002615,A003293,2026-07-01 16:00:00,DELIVERED
SMS00002616,A002178,2025-11-07 07:00:00,DELIVERED
SMS00002617,A003674,2025-12-05 08:00:00,DELIVERED
SMS00002618,A003022,2025-12-05 22:00:00,DELIVERED
SMS00002619,A003488,2026-03-07 19:00:00,DELIVERED
SMS00002620,A002202,2026-08-02 22:00:00,DELIVERED
SMS00002621,A004200,2025-11-15 09:00:00,DELIVERED
SMS00002622,A001026,2026-03-11 15:00:00,DELIVERED
SMS00002623,A000064,2026-06-02 09:00:00,DELIVERED
SMS00002624,A000458,2026-02-05 14:00:00,DELIVERED
SMS00002625,A001586,2025-12-01 09:00:00,DELIVERED
SMS00002626,A001982,2026-07-13 15:00:00,DELIVERED
SMS00002627,A003796,2026-02-09 13:00:00,DELIVERED
SMS00002628,A003895,2026-04-13 17:00:00,DELIVERED
SMS00002629,A001714,2025-11-02 10:00:00,DELIVERED
SMS00002630,A001816,2025-09-15 13:00:00,DELIVERED
SMS00002631,A000525,2026-05-16 07:00:00,DELIVERED
SMS00002632,A003426,2026-02-05 21:00:00,DELIVERED
SMS00002633,A003039,2026-01-13 09:00:00,SENT
SMS00002634,A002065,2026-02-11 12:00:00,DELIVERED
SMS00002635,A002948,2026-02-09 08:00:00,DELIVERED
SMS00002636,A002068,2026-05-06 19:00:00,DELIVERED
SMS00002637,A001275,2026-08-19 15:00:00,DELIVERED
SMS00002638,A003685,2026-03-16 22:00:00,DELIVERED
SMS00002639,A003795,2026-07-23 21:00:00,DELIVERED
SMS00002640,A000657,2026-03-24 10:00:00,SENT
SMS00002641,A002377,2025-10-23 19:00:00,DELIVERED
SMS00002642,A000357,2026-01-09 12:00:00,DELIVERED
SMS00002643,A001684,2026-03-20 16:00:00,SENT
SMS00002644,A002362,2026-04-19 09:00:00,FAILED
SMS00002645,A004074,2025-09-25 12:00:00,DELIVERED
SMS00002646,A000450,2025-10-18 18:00:00,SENT
SMS00002647,A000884,2026-07-10 16:00:00,DELIVERED
SMS00002648,A002526,2025-11-22 09:00:00,DELIVERED
SMS00002649,A004179,2025-11-21 09:00:00,DELIVERED
SMS00002650,A002327,2025-11-27 16:00:00,DELIVERED
SMS00002651,A000103,2026-02-20 18:00:00,DELIVERED
SMS00002652,A001203,2026-07-20 13:00:00,DELIVERED
SMS00002653,A002681,2026-08-03 17:00:00,DELIVERED
SMS00002654,A001572,2026-07-03 20:00:00,DELIVERED
SMS00002655,A002800,2026-05-18 08:00:00,FAILED
SMS00002656,A003186,2025-09-05 22:00:00,SENT
SMS00002657,A000731,2026-07-26 16:00:00,SENT
SMS00002658,A001847,2025-09-14 10:00:00,DELIVERED
SMS00002659,A002310,2025-10-16 12:00:00,DELIVERED
SMS00002660,A002969,2026-06-22 07:00:00,DELIVERED
SMS00002661,A003848,2026-04-08 08:00:00,DELIVERED
SMS00002662,A001552,2026-06-25 12:00:00,FAILED
SMS00002663,A000068,2026-04-09 14:00:00,DELIVERED
SMS00002664,A002094,2025-09-11 13:00:00,SENT
SMS00002665,A002607,2025-11-14 16:00:00,DELIVERED
SMS00002666,A001058,2025-12-27 19:00:00,DELIVERED
SMS00002667,A003202,2026-04-25 07:00:00,DELIVERED
SMS00002668,A001524,2025-09-02 15:00:00,DELIVERED
SMS00002669,A003620,2026-07-03 18:00:00,DELIVERED
SMS00002670,A000161,2026-01-22 15:00:00,DELIVERED
SMS00002671,A001553,2026-01-25 12:00:00,DELIVERED
SMS00002672,A001722,2025-10-10 16:00:00,SENT
SMS00002673,A001204,2025-11-03 07:00:00,FAILED
SMS00002674,A000660,2026-02-24 11:00:00,SENT
SMS00002675,A002304,2026-04-18 15:00:00,SENT
SMS00002676,A001119,2026-08-13 12:00:00,DELIVERED
SMS00002677,A003966,2025-09-27 11:00:00,DELIVERED
SMS00002678,A003375,2025-10-26 22:00:00,DELIVERED
SMS00002679,A000994,2025-12-06 09:00:00,SENT
SMS00002680,A001381,2026-07-05 18:00:00,DELIVERED
SMS00002681,A002703,2026-03-16 10:00:00,DELIVERED
SMS00002682,A000467,2026-04-08 17:00:00,DELIVERED
SMS00002683,A000493,2026-02-17 10:00:00,DELIVERED
SMS00002684,A001687,2026-03-01 19:00:00,DELIVERED
SMS00002685,A003327,2026-03-18 20:00:00,DELIVERED
SMS00002686,A000952,2026-04-24 15:00:00,DELIVERED
SMS00002687,A003063,2026-02-27 22:00:00,DELIVERED
SMS00002688,A000139,2026-02-03 07:00:00,SENT
SMS00002689,A000310,2025-10-25 12:00:00,DELIVERED
SMS00002690,A003729,2026-06-19 20:00:00,DELIVERED
SMS00002691,A001601,2026-01-21 16:00:00,DELIVERED
SMS00002692,A003919,2026-01-23 20:00:00,DELIVERED
SMS00002693,A003185,2025-09-24 16:00:00,DELIVERED
SMS00002694,A002377,2026-03-05 13:00:00,DELIVERED
SMS00002695,A000219,2026-03-06 11:00:00,DELIVERED
SMS00002696,A003096,2026-03-22 19:00:00,DELIVERED
SMS00002697,A002598,2026-06-05 17:00:00,SENT
SMS00002698,A003738,2026-07-15 14:00:00,DELIVERED
SMS00002699,A002791,2026-02-03 19:00:00,DELIVERED
SMS00002700,A000193,2026-08-21 07:00:00,DELIVERED
SMS00002701,A001041,2026-01-18 20:00:00,SENT
SMS00002702,A003450,2025-12-17 07:00:00,DELIVERED
SMS00002703,A001980,2026-01-21 09:00:00,DELIVERED
SMS00002704,A000194,2026-05-21 20:00:00,DELIVERED
SMS00002705,A003536,2026-05-24 20:00:00,DELIVERED
SMS00002706,A002783,2026-03-25 18:00:00,SENT
SMS00002707,A001031,2025-11-19 21:00:00,DELIVERED
SMS00002708,A003234,2026-01-07 20:00:00,DELIVERED
SMS00002709,A000505,2026-05-23 20:00:00,DELIVERED
SMS00002710,A001221,2026-05-17 19:00:00,DELIVERED
SMS00002711,A003852,2026-07-01 20:00:00,SENT
SMS00002712,A003101,2025-11-13 19:00:00,DELIVERED
SMS00002713,A001727,2026-06-21 17:00:00,DELIVERED
SMS00002714,A003010,2026-08-15 08:00:00,SENT
SMS00002715,A001449,2026-02-14 19:00:00,DELIVERED
SMS00002716,A000893,2025-12-23 16:00:00,DELIVERED
SMS00002717,A000337,2026-02-23 12:00:00,SENT
SMS00002718,A003909,2026-05-19 09:00:00,DELIVERED
SMS00002719,A001275,2025-09-02 08:00:00,DELIVERED
SMS00002720,A002497,2025-12-02 19:00:00,SENT
SMS00002721,A001651,2025-09-01 14:00:00,DELIVERED
SMS00002722,A000111,2025-12-20 17:00:00,SENT
SMS00002723,A001955,2025-09-08 17:00:00,DELIVERED
SMS00002724,A001639,2026-08-03 15:00:00,DELIVERED
SMS00002725,A002966,2025-12-26 11:00:00,DELIVERED
SMS00002726,A002384,2025-09-20 11:00:00,DELIVERED
SMS00002727,A000774,2026-06-22 20:00:00,DELIVERED
SMS00002728,A000076,2025-12-09 07:00:00,SENT
SMS00002729,A001759,2025-12-27 22:00:00,DELIVERED
SMS00002730,A002453,2025-10-15 09:00:00,DELIVERED
SMS00002731,A004020,2025-12-18 15:00:00,DELIVERED
SMS00002732,A000449,2026-01-19 14:00:00,DELIVERED
SMS00002733,A000917,2026-04-10 12:00:00,DELIVERED
SMS00002734,A000972,2026-05-22 17:00:00,DELIVERED
SMS00002735,A003238,2026-05-26 13:00:00,DELIVERED
SMS00002736,A004076,2025-12-22 14:00:00,DELIVERED
SMS00002737,A003978,2026-07-27 14:00:00,DELIVERED
SMS00002738,A001452,2026-03-07 10:00:00,DELIVERED
SMS00002739,A001270,2026-01-02 20:00:00,DELIVERED
SMS00002740,A000932,2025-09-15 14:00:00,SENT
SMS00002741,A002971,2026-01-06 11:00:00,SENT
SMS00002742,A002429,2025-12-05 07:00:00,DELIVERED
SMS00002743,A003934,2025-11-02 18:00:00,SENT
SMS00002744,A000861,2025-10-25 15:00:00,DELIVERED
SMS00002745,A002625,2025-12-09 19:00:00,DELIVERED
SMS00002746,A000132,2025-10-06 08:00:00,DELIVERED
SMS00002747,A002011,2025-09-20 18:00:00,DELIVERED
SMS00002748,A002737,2026-03-11 19:00:00,DELIVERED
SMS00002749,A000576,2025-12-26 20:00:00,DELIVERED
SMS00002750,A000308,2026-07-05 22:00:00,DELIVERED
SMS00002751,A002147,2026-05-03 07:00:00,DELIVERED
SMS00002752,A003924,2026-02-02 20:00:00,SENT
SMS00002753,A002690,2025-12-16 12:00:00,SENT
SMS00002754,A002207,2025-11-19 07:00:00,DELIVERED
SMS00002755,A002973,2025-10-20 19:00:00,DELIVERED
SMS00002756,A001730,2025-09-21 13:00:00,DELIVERED
SMS00002757,A002007,2026-01-26 17:00:00,SENT
SMS00002758,A002665,2026-05-03 15:00:00,DELIVERED
SMS00002759,A000914,2026-03-01 09:00:00,DELIVERED
SMS00002760,A003488,2025-10-15 19:00:00,DELIVERED
SMS00002761,A003961,2026-06-18 18:00:00,DELIVERED
SMS00002762,A003868,2026-07-18 10:00:00,DELIVERED
SMS00002763,A001214,2025-12-04 21:00:00,DELIVERED
SMS00002764,A000294,2026-08-21 07:00:00,DELIVERED
SMS00002765,A002025,2025-12-12 13:00:00,DELIVERED
SMS00002766,A003509,2025-11-23 17:00:00,DELIVERED
SMS00002767,A001764,2026-01-25 16:00:00,DELIVERED
SMS00002768,A000022,2026-05-27 13:00:00,DELIVERED
SMS00002769,A002644,2026-04-11 07:00:00,DELIVERED
SMS00002770,A000606,2026-07-22 19:00:00,DELIVERED
SMS00002771,A002065,2026-05-09 12:00:00,DELIVERED
SMS00002772,A002123,2025-10-24 20:00:00,DELIVERED
SMS00002773,A002873,2026-05-17 20:00:00,DELIVERED
SMS00002774,A002854,2025-12-25 19:00:00,DELIVERED
SMS00002775,A002899,2026-08-13 19:00:00,SENT
SMS00002776,A001946,2025-09-25 16:00:00,DELIVERED
SMS00002777,A003294,2026-03-23 18:00:00,SENT
SMS00002778,A002372,2025-09-26 12:00:00,DELIVERED
SMS00002779,A002244,2026-08-25 21:00:00,DELIVERED
SMS00002780,A003181,2025-12-12 07:00:00,FAILED
SMS00002781,A001420,2025-10-14 11:00:00,SENT
SMS00002782,A001675,2025-09-20 12:00:00,FAILED
SMS00002783,A000968,2026-02-19 09:00:00,DELIVERED
SMS00002784,A002807,2026-01-10 09:00:00,DELIVERED
SMS00002785,A001333,2026-07-24 21:00:00,DELIVERED
SMS00002786,A001481,2026-08-21 17:00:00,DELIVERED
SMS00002787,A002765,2026-08-15 19:00:00,DELIVERED
SMS00002788,A003734,2026-08-07 09:00:00,DELIVERED
SMS00002789,A002469,2026-07-11 18:00:00,DELIVERED
SMS00002790,A001996,2025-09-24 19:00:00,DELIVERED
SMS00002791,A000292,2025-12-08 07:00:00,DELIVERED
SMS00002792,A001884,2026-03-16 07:00:00,DELIVERED
SMS00002793,A002585,2026-07-16 20:00:00,DELIVERED
SMS00002794,A001368,2026-07-01 07:00:00,DELIVERED
SMS00002795,A003033,2025-11-20 22:00:00,DELIVERED
SMS00002796,A001282,2026-03-03 13:00:00,SENT
SMS00002797,A000871,2025-11-26 19:00:00,DELIVERED
SMS00002798,A000753,2026-06-26 16:00:00,SENT
SMS00002799,A003128,2025-09-27 08:00:00,FAILED
SMS00002800,A001651,2025-09-11 14:00:00,SENT
SMS00002801,A001588,2026-07-12 22:00:00,DELIVERED
SMS00002802,A000355,2026-02-02 19:00:00,DELIVERED
SMS00002803,A002498,2026-04-11 10:00:00,DELIVERED
SMS00002804,A002499,2026-03-18 16:00:00,DELIVERED
SMS00002805,A000881,2026-07-11 13:00:00,DELIVERED
SMS00002806,A002203,2025-09-26 15:00:00,SENT
SMS00002807,A001367,2025-10-10 10:00:00,FAILED
SMS00002808,A000497,2026-04-21 15:00:00,DELIVERED
SMS00002809,A003407,2026-01-10 07:00:00,DELIVERED
SMS00002810,A000249,2026-06-15 08:00:00,DELIVERED
SMS00002811,A002002,2026-08-23 14:00:00,SENT
SMS00002812,A000095,2026-04-23 22:00:00,FAILED
SMS00002813,A004156,2026-06-06 20:00:00,SENT
SMS00002814,A000793,2025-09-18 22:00:00,SENT
SMS00002815,A001482,2026-04-08 14:00:00,DELIVERED
SMS00002816,A003845,2026-04-22 21:00:00,DELIVERED
SMS00002817,A004174,2025-09-06 16:00:00,DELIVERED
SMS00002818,A003397,2025-09-17 16:00:00,DELIVERED
SMS00002819,A002967,2025-12-26 18:00:00,DELIVERED
SMS00002820,A001971,2025-09-01 13:00:00,SENT
SMS00002821,A000825,2025-11-23 13:00:00,DELIVERED
SMS00002822,A000962,2025-12-22 21:00:00,DELIVERED
SMS00002823,A000310,2026-06-21 16:00:00,SENT
SMS00002824,A002368,2025-12-23 10:00:00,DELIVERED
SMS00002825,A001816,2025-12-20 15:00:00,DELIVERED
SMS00002826,A003717,2025-11-19 22:00:00,DELIVERED
SMS00002827,A002607,2026-04-16 20:00:00,DELIVERED
SMS00002828,A000858,2026-06-09 08:00:00,SENT
SMS00002829,A000698,2026-03-25 10:00:00,FAILED
SMS00002830,A001278,2026-06-03 07:00:00,DELIVERED
SMS00002831,A001172,2025-09-07 07:00:00,DELIVERED
SMS00002832,A000708,2026-05-15 15:00:00,SENT
SMS00002833,A001392,2026-01-05 10:00:00,SENT
SMS00002834,A001795,2026-06-07 16:00:00,DELIVERED
SMS00002835,A000965,2025-12-13 14:00:00,DELIVERED
SMS00002836,A002383,2025-11-07 09:00:00,SENT
SMS00002837,A001967,2026-02-08 07:00:00,DELIVERED
SMS00002838,A003747,2026-07-01 13:00:00,DELIVERED
SMS00002839,A004036,2026-03-08 21:00:00,SENT
SMS00002840,A000455,2026-01-09 17:00:00,DELIVERED
SMS00002841,A003691,2026-06-21 16:00:00,DELIVERED
SMS00002842,A000940,2025-11-11 16:00:00,DELIVERED
SMS00002843,A003218,2026-04-08 15:00:00,DELIVERED
SMS00002844,A003694,2025-12-16 07:00:00,DELIVERED
SMS00002845,A003900,2025-11-02 20:00:00,DELIVERED
SMS00002846,A000543,2026-01-11 07:00:00,SENT
SMS00002847,A000136,2026-06-17 16:00:00,SENT
SMS00002848,A003744,2025-12-06 18:00:00,SENT
SMS00002849,A000494,2026-05-12 10:00:00,DELIVERED
SMS00002850,A003917,2026-04-18 15:00:00,SENT
SMS00002851,A003707,2026-01-04 08:00:00,DELIVERED
SMS00002852,A003398,2026-01-19 10:00:00,DELIVERED
SMS00002853,A002559,2025-12-04 19:00:00,SENT
SMS00002854,A002977,2026-05-07 20:00:00,DELIVERED
SMS00002855,A002494,2025-11-25 14:00:00,DELIVERED
SMS00002856,A003077,2026-06-07 08:00:00,SENT
SMS00002857,A002988,2026-08-11 21:00:00,DELIVERED
SMS00002858,A001209,2026-04-01 18:00:00,DELIVERED
SMS00002859,A000143,2025-10-16 13:00:00,DELIVERED
SMS00002860,A000838,2026-07-23 07:00:00,DELIVERED
SMS00002861,A003104,2025-10-13 07:00:00,DELIVERED
SMS00002862,A001735,2025-10-10 18:00:00,DELIVERED
SMS00002863,A000269,2026-03-23 16:00:00,DELIVERED
SMS00002864,A002901,2026-01-20 15:00:00,DELIVERED
SMS00002865,A003125,2026-07-07 12:00:00,DELIVERED
SMS00002866,A003349,2026-06-01 13:00:00,DELIVERED
SMS00002867,A002248,2025-10-17 11:00:00,DELIVERED
SMS00002868,A001306,2026-03-17 16:00:00,SENT
SMS00002869,A002290,2026-01-18 10:00:00,DELIVERED
SMS00002870,A000911,2026-03-11 09:00:00,DELIVERED
SMS00002871,A000355,2025-11-06 08:00:00,DELIVERED
SMS00002872,A002827,2026-06-27 08:00:00,SENT
SMS00002873,A000030,2025-12-15 19:00:00,DELIVERED
SMS00002874,A003816,2026-04-27 22:00:00,SENT
SMS00002875,A002158,2025-11-02 12:00:00,DELIVERED
SMS00002876,A002453,2025-11-18 19:00:00,DELIVERED
SMS00002877,A000980,2026-07-25 12:00:00,DELIVERED
SMS00002878,A001949,2026-02-19 08:00:00,DELIVERED
SMS00002879,A002614,2026-05-16 09:00:00,SENT
SMS00002880,A003723,2026-01-26 14:00:00,DELIVERED
SMS00002881,A003915,2026-08-03 10:00:00,DELIVERED
SMS00002882,A001114,2025-10-13 11:00:00,FAILED
SMS00002883,A001075,2026-02-18 08:00:00,SENT
SMS00002884,A000059,2026-06-13 19:00:00,DELIVERED
SMS00002885,A000411,2026-05-01 14:00:00,DELIVERED
SMS00002886,A000014,2026-08-18 13:00:00,SENT
SMS00002887,A002136,2026-08-13 22:00:00,DELIVERED
SMS00002888,A002636,2026-01-23 09:00:00,DELIVERED
SMS00002889,A000010,2025-09-07 16:00:00,FAILED
SMS00002890,A000982,2026-06-23 21:00:00,FAILED
SMS00002891,A000700,2025-12-20 16:00:00,DELIVERED
SMS00002892,A003393,2026-05-09 15:00:00,FAILED
SMS00002893,A002044,2026-01-13 12:00:00,DELIVERED
SMS00002894,A000417,2025-12-14 09:00:00,DELIVERED
SMS00002895,A003962,2026-03-06 17:00:00,DELIVERED
SMS00002896,A003980,2026-04-18 11:00:00,FAILED
SMS00002897,A001954,2026-01-09 10:00:00,DELIVERED
SMS00002898,A003879,2026-05-06 19:00:00,DELIVERED
SMS00002899,A000653,2026-07-14 12:00:00,DELIVERED
SMS00002900,A002203,2026-05-12 16:00:00,DELIVERED
SMS00002901,A003702,2025-10-24 20:00:00,DELIVERED
SMS00002902,A003599,2026-01-08 20:00:00,DELIVERED
SMS00002903,A003744,2026-06-09 15:00:00,FAILED
SMS00002904,A000419,2025-11-14 13:00:00,DELIVERED
SMS00002905,A002146,2025-09-02 22:00:00,DELIVERED
SMS00002906,A002907,2026-02-03 08:00:00,SENT
SMS00002907,A002062,2026-04-26 22:00:00,FAILED
SMS00002908,A003116,2026-02-10 13:00:00,DELIVERED
SMS00002909,A001348,2025-09-16 14:00:00,DELIVERED
SMS00002910,A000192,2026-02-03 11:00:00,FAILED
SMS00002911,A000037,2025-12-09 09:00:00,DELIVERED
SMS00002912,A001093,2026-06-05 13:00:00,FAILED
SMS00002913,A000946,2026-03-14 14:00:00,DELIVERED
SMS00002914,A003753,2026-04-14 13:00:00,DELIVERED
SMS00002915,A002650,2026-08-20 10:00:00,DELIVERED
SMS00002916,A000160,2025-10-11 16:00:00,DELIVERED
SMS00002917,A001392,2026-03-18 09:00:00,DELIVERED
SMS00002918,A001322,2025-10-04 09:00:00,DELIVERED
SMS00002919,A000871,2026-02-04 22:00:00,DELIVERED
SMS00002920,A001340,2025-09-06 16:00:00,FAILED
SMS00002921,A002920,2026-03-24 21:00:00,DELIVERED
SMS00002922,A001658,2026-03-14 12:00:00,DELIVERED
SMS00002923,A001756,2026-01-07 20:00:00,DELIVERED
SMS00002924,A003120,2025-11-09 13:00:00,FAILED
SMS00002925,A000275,2025-12-08 18:00:00,DELIVERED
SMS00002926,A003363,2026-01-08 11:00:00,DELIVERED
SMS00002927,A001081,2026-04-04 21:00:00,DELIVERED
SMS00002928,A000311,2025-09-06 16:00:00,SENT
SMS00002929,A001254,2025-09-08 08:00:00,DELIVERED
SMS00002930,A002991,2026-06-27 12:00:00,DELIVERED
SMS00002931,A004200,2026-08-25 16:00:00,SENT
SMS00002932,A000101,2025-12-14 21:00:00,DELIVERED
SMS00002933,A004136,2025-09-25 22:00:00,SENT
SMS00002934,A000710,2026-02-24 21:00:00,DELIVERED
SMS00002935,A000478,2026-07-07 21:00:00,DELIVERED
SMS00002936,A000271,2025-11-06 13:00:00,DELIVERED
SMS00002937,A002588,2026-08-21 22:00:00,FAILED
SMS00002938,A000611,2025-12-02 22:00:00,DELIVERED
SMS00002939,A001412,2026-07-12 20:00:00,DELIVERED
SMS00002940,A001257,2025-10-04 15:00:00,DELIVERED
SMS00002941,A001790,2026-05-24 18:00:00,DELIVERED
SMS00002942,A000569,2025-10-25 21:00:00,DELIVERED
SMS00002943,A001076,2025-10-25 14:00:00,SENT
SMS00002944,A003781,2025-10-16 17:00:00,FAILED
SMS00002945,A004150,2026-05-12 07:00:00,DELIVERED
SMS00002946,A000637,2026-06-09 08:00:00,SENT
SMS00002947,A001660,2026-05-18 19:00:00,DELIVERED
SMS00002948,A001875,2026-05-10 21:00:00,FAILED
SMS00002949,A002561,2025-10-11 13:00:00,DELIVERED
SMS00002950,A001938,2025-10-19 10:00:00,DELIVERED
SMS00002951,A001232,2026-07-09 08:00:00,DELIVERED
SMS00002952,A002647,2026-06-04 14:00:00,DELIVERED
SMS00002953,A000084,2026-06-19 09:00:00,SENT
SMS00002954,A000061,2026-08-10 09:00:00,SENT
SMS00002955,A001174,2025-09-12 12:00:00,SENT
SMS00002956,A001710,2026-03-27 20:00:00,DELIVERED
SMS00002957,A000967,2025-11-17 09:00:00,DELIVERED
SMS00002958,A000596,2026-07-23 12:00:00,DELIVERED
SMS00002959,A000139,2026-07-06 21:00:00,DELIVERED
SMS00002960,A002222,2025-12-09 11:00:00,DELIVERED
SMS00002961,A001409,2026-03-08 13:00:00,SENT
SMS00002962,A003829,2025-09-07 22:00:00,SENT
SMS00002963,A000004,2026-03-20 13:00:00,SENT
SMS00002964,A003886,2026-03-25 13:00:00,FAILED
SMS00002965,A003459,2026-08-19 10:00:00,SENT
SMS00002966,A001622,2025-11-08 17:00:00,DELIVERED
SMS00002967,A002329,2026-05-24 22:00:00,DELIVERED
SMS00002968,A001429,2026-08-11 22:00:00,FAILED
SMS00002969,A003834,2026-06-03 10:00:00,DELIVERED
SMS00002970,A000339,2025-10-04 13:00:00,DELIVERED
SMS00002971,A000883,2025-11-19 07:00:00,DELIVERED
SMS00002972,A002724,2025-11-24 12:00:00,DELIVERED
SMS00002973,A001637,2026-06-26 14:00:00,FAILED
SMS00002974,A000278,2025-10-07 20:00:00,DELIVERED
SMS00002975,A000231,2026-05-02 19:00:00,DELIVERED
SMS00002976,A002345,2026-08-12 10:00:00,DELIVERED
SMS00002977,A002576,2026-01-08 22:00:00,DELIVERED
SMS00002978,A000062,2025-10-04 16:00:00,DELIVERED
SMS00002979,A001495,2025-12-12 11:00:00,DELIVERED
SMS00002980,A003892,2026-02-10 08:00:00,SENT
SMS00002981,A002440,2026-01-17 22:00:00,SENT
SMS00002982,A003261,2025-11-17 09:00:00,SENT
SMS00002983,A004083,2025-11-10 18:00:00,DELIVERED
SMS00002984,A004146,2026-04-07 10:00:00,DELIVERED
SMS00002985,A000916,2025-10-22 13:00:00,DELIVERED
SMS00002986,A000091,2026-01-22 20:00:00,DELIVERED
SMS00002987,A002590,2026-01-17 20:00:00,FAILED
SMS00002988,A000694,2026-03-06 07:00:00,FAILED
SMS00002989,A002433,2026-06-21 10:00:00,FAILED
SMS00002990,A004041,2026-08-27 07:00:00,DELIVERED
SMS00002991,A001219,2025-12-22 20:00:00,DELIVERED
SMS00002992,A004106,2026-02-06 09:00:00,DELIVERED
SMS00002993,A000041,2026-03-06 20:00:00,DELIVERED
SMS00002994,A003776,2026-03-04 15:00:00,FAILED
SMS00002995,A000016,2026-01-27 14:00:00,DELIVERED
SMS00002996,A003648,2026-02-20 21:00:00,DELIVERED
SMS00002997,A000688,2026-05-03 14:00:00,FAILED
SMS00002998,A003286,2025-11-23 13:00:00,DELIVERED
SMS00002999,A003078,2025-12-26 21:00:00,DELIVERED
SMS00003000,A000102,2026-07-06 10:00:00,DELIVERED
SMS00003001,A001002,2025-10-23 18:00:00,DELIVERED
SMS00003002,A002993,2026-07-10 19:00:00,DELIVERED
SMS00003003,A002489,2025-09-08 12:00:00,FAILED
SMS00003004,A002663,2026-01-07 22:00:00,DELIVERED
SMS00003005,A003141,2026-08-20 16:00:00,SENT
SMS00003006,A003957,2025-12-20 19:00:00,DELIVERED
SMS00003007,A000719,2026-03-19 20:00:00,FAILED
SMS00003008,A001301,2026-04-12 19:00:00,SENT
SMS00003009,A002055,2026-05-14 22:00:00,FAILED
SMS00003010,A002085,2026-01-09 13:00:00,FAILED
SMS00003011,A000037,2026-05-08 20:00:00,DELIVERED
SMS00003012,A000833,2026-02-09 15:00:00,DELIVERED
SMS00003013,A002483,2026-06-01 20:00:00,SENT
SMS00003014,A000991,2025-12-11 19:00:00,SENT
SMS00003015,A000891,2026-06-27 17:00:00,DELIVERED
SMS00003016,A001489,2026-02-18 17:00:00,SENT
SMS00003017,A000068,2026-06-15 22:00:00,SENT
SMS00003018,A003235,2026-02-02 16:00:00,DELIVERED
SMS00003019,A001311,2025-10-23 16:00:00,DELIVERED
SMS00003020,A003872,2026-02-13 16:00:00,DELIVERED
SMS00003021,A000829,2025-11-20 08:00:00,SENT
SMS00003022,A001856,2026-03-14 08:00:00,DELIVERED
SMS00003023,A001058,2025-10-09 21:00:00,DELIVERED
SMS00003024,A000514,2026-07-19 15:00:00,DELIVERED
SMS00003025,A002937,2025-11-07 20:00:00,DELIVERED
SMS00003026,A001228,2026-03-24 13:00:00,DELIVERED
SMS00003027,A000429,2026-01-06 11:00:00,FAILED
SMS00003028,A002640,2026-05-21 07:00:00,SENT
SMS00003029,A003442,2025-09-11 09:00:00,DELIVERED
SMS00003030,A003724,2026-07-07 22:00:00,DELIVERED
SMS00003031,A003332,2026-08-04 19:00:00,DELIVERED
SMS00003032,A003631,2026-01-12 22:00:00,SENT
SMS00003033,A002781,2025-10-12 11:00:00,DELIVERED
SMS00003034,A000432,2025-10-01 19:00:00,DELIVERED
SMS00003035,A001599,2026-04-19 13:00:00,DELIVERED
SMS00003036,A001847,2026-05-03 09:00:00,DELIVERED
SMS00003037,A001601,2026-01-22 21:00:00,FAILED
SMS00003038,A003866,2026-01-06 17:00:00,DELIVERED
SMS00003039,A002618,2026-08-13 09:00:00,DELIVERED
SMS00003040,A002148,2026-03-21 08:00:00,DELIVERED
SMS00003041,A003663,2025-12-26 09:00:00,FAILED
SMS00003042,A001998,2025-10-09 07:00:00,SENT
SMS00003043,A001240,2025-12-07 16:00:00,DELIVERED
SMS00003044,A004180,2026-08-09 19:00:00,DELIVERED
SMS00003045,A000866,2025-12-27 09:00:00,SENT
SMS00003046,A003765,2026-04-23 20:00:00,DELIVERED
SMS00003047,A000287,2026-08-06 13:00:00,DELIVERED
SMS00003048,A000072,2025-11-22 14:00:00,DELIVERED
SMS00003049,A002300,2026-05-18 20:00:00,DELIVERED
SMS00003050,A004026,2026-03-13 15:00:00,SENT
SMS00003051,A001061,2025-12-22 11:00:00,DELIVERED
SMS00003052,A003904,2026-04-21 18:00:00,DELIVERED
SMS00003053,A003279,2026-05-13 11:00:00,DELIVERED
SMS00003054,A000610,2026-05-16 21:00:00,DELIVERED
SMS00003055,A001984,2026-07-18 16:00:00,DELIVERED
SMS00003056,A001349,2025-12-23 17:00:00,DELIVERED
SMS00003057,A003736,2025-12-17 19:00:00,DELIVERED
SMS00003058,A000385,2025-12-14 19:00:00,DELIVERED
SMS00003059,A002510,2025-11-23 08:00:00,DELIVERED
SMS00003060,A000401,2025-10-19 08:00:00,SENT
SMS00003061,A000081,2026-01-01 12:00:00,DELIVERED
SMS00003062,A000261,2026-05-02 11:00:00,DELIVERED
SMS00003063,A002741,2026-02-03 14:00:00,DELIVERED
SMS00003064,A000077,2026-04-18 19:00:00,DELIVERED
SMS00003065,A002990,2026-01-08 14:00:00,SENT
SMS00003066,A001565,2026-02-27 18:00:00,SENT
SMS00003067,A000480,2026-01-09 20:00:00,SENT
SMS00003068,A002736,2026-08-25 20:00:00,FAILED
SMS00003069,A000526,2026-06-10 08:00:00,DELIVERED
SMS00003070,A000033,2025-12-10 16:00:00,SENT
SMS00003071,A000137,2026-08-09 16:00:00,DELIVERED
SMS00003072,A001363,2026-06-16 10:00:00,DELIVERED
SMS00003073,A002216,2026-04-02 22:00:00,DELIVERED
SMS00003074,A003257,2025-11-24 10:00:00,DELIVERED
SMS00003075,A000846,2025-09-24 09:00:00,DELIVERED
SMS00003076,A003001,2026-07-05 15:00:00,FAILED
SMS00003077,A001257,2025-12-14 19:00:00,DELIVERED
SMS00003078,A002749,2026-05-03 18:00:00,DELIVERED
SMS00003079,A004200,2026-02-26 07:00:00,DELIVERED
SMS00003080,A001638,2026-03-10 13:00:00,DELIVERED
SMS00003081,A004109,2025-11-04 12:00:00,DELIVERED
SMS00003082,A002555,2026-08-07 19:00:00,DELIVERED
SMS00003083,A003232,2026-06-15 20:00:00,DELIVERED
SMS00003084,A002960,2025-10-13 21:00:00,DELIVERED
SMS00003085,A001835,2025-12-01 12:00:00,DELIVERED
SMS00003086,A001030,2026-08-20 16:00:00,DELIVERED
SMS00003087,A002422,2026-01-25 09:00:00,DELIVERED
SMS00003088,A001002,2025-12-14 19:00:00,DELIVERED
SMS00003089,A001646,2026-02-01 17:00:00,DELIVERED
SMS00003090,A001326,2026-02-07 20:00:00,DELIVERED
SMS00003091,A003319,2026-04-04 08:00:00,DELIVERED
SMS00003092,A000244,2026-02-19 10:00:00,SENT
SMS00003093,A003048,2026-07-19 22:00:00,DELIVERED
SMS00003094,A001446,2026-06-13 19:00:00,SENT
SMS00003095,A000364,2026-01-02 09:00:00,DELIVERED
SMS00003096,A003521,2026-07-24 19:00:00,SENT
SMS00003097,A001611,2025-12-03 21:00:00,DELIVERED
SMS00003098,A002216,2026-07-01 12:00:00,DELIVERED
SMS00003099,A002560,2025-11-08 10:00:00,SENT
SMS00003100,A000914,2026-07-05 17:00:00,DELIVERED
SMS00003101,A002593,2025-09-27 10:00:00,DELIVERED
SMS00003102,A004151,2026-01-05 07:00:00,FAILED
SMS00003103,A002542,2026-03-24 15:00:00,DELIVERED
SMS00003104,A000540,2025-10-12 07:00:00,DELIVERED
SMS00003105,A003288,2026-05-05 22:00:00,DELIVERED
SMS00003106,A003904,2025-09-18 21:00:00,FAILED
SMS00003107,A000630,2025-11-05 18:00:00,DELIVERED
SMS00003108,A000128,2026-01-06 09:00:00,DELIVERED
SMS00003109,A000007,2026-05-22 17:00:00,DELIVERED
SMS00003110,A000013,2026-06-17 08:00:00,DELIVERED
SMS00003111,A002963,2026-02-23 08:00:00,SENT
SMS00003112,A002989,2026-08-23 21:00:00,DELIVERED
SMS00003113,A002820,2025-12-25 15:00:00,SENT
SMS00003114,A001049,2026-05-22 22:00:00,DELIVERED
SMS00003115,A000653,2026-07-26 17:00:00,SENT
SMS00003116,A001100,2026-07-06 20:00:00,DELIVERED
SMS00003117,A001994,2026-08-13 12:00:00,FAILED
SMS00003118,A000450,2026-03-03 07:00:00,DELIVERED
SMS00003119,A003664,2026-08-26 14:00:00,DELIVERED
SMS00003120,A003128,2026-02-23 08:00:00,DELIVERED
SMS00003121,A000781,2026-03-19 19:00:00,DELIVERED
SMS00003122,A000229,2026-03-13 20:00:00,DELIVERED
SMS00003123,A003146,2026-07-18 12:00:00,DELIVERED
SMS00003124,A003214,2025-11-18 10:00:00,DELIVERED
SMS00003125,A002669,2026-03-16 14:00:00,FAILED
SMS00003126,A003036,2026-08-19 17:00:00,DELIVERED
SMS00003127,A002561,2025-10-12 20:00:00,DELIVERED
SMS00003128,A000423,2025-09-08 10:00:00,DELIVERED
SMS00003129,A002147,2026-03-03 12:00:00,DELIVERED
SMS00003130,A000921,2025-12-24 10:00:00,DELIVERED
SMS00003131,A000769,2026-03-09 13:00:00,DELIVERED
SMS00003132,A000215,2026-04-19 13:00:00,SENT
SMS00003133,A004094,2026-06-19 13:00:00,DELIVERED
SMS00003134,A001205,2025-12-15 08:00:00,FAILED
SMS00003135,A001250,2025-12-03 13:00:00,DELIVERED
SMS00003136,A001187,2025-12-05 11:00:00,DELIVERED
SMS00003137,A002777,2025-09-25 10:00:00,DELIVERED
SMS00003138,A001208,2026-02-27 22:00:00,DELIVERED
SMS00003139,A000228,2026-03-13 08:00:00,SENT
SMS00003140,A003631,2025-09-14 08:00:00,DELIVERED
SMS00003141,A001048,2026-05-12 13:00:00,DELIVERED
SMS00003142,A001372,2026-02-03 18:00:00,SENT
SMS00003143,A001364,2025-10-02 19:00:00,DELIVERED
SMS00003144,A001228,2025-12-03 16:00:00,FAILED
SMS00003145,A000104,2026-06-10 13:00:00,DELIVERED
SMS00003146,A004039,2025-12-25 20:00:00,FAILED
SMS00003147,A000932,2025-09-18 20:00:00,DELIVERED
SMS00003148,A001800,2026-04-20 13:00:00,DELIVERED
SMS00003149,A002914,2026-07-17 08:00:00,DELIVERED
SMS00003150,A002206,2025-10-10 19:00:00,SENT
SMS00003151,A003190,2025-09-17 16:00:00,DELIVERED
SMS00003152,A003634,2026-05-15 16:00:00,DELIVERED
SMS00003153,A001724,2026-02-18 08:00:00,DELIVERED
SMS00003154,A003057,2026-08-25 22:00:00,SENT
SMS00003155,A003992,2026-08-16 09:00:00,DELIVERED
SMS00003156,A002819,2026-03-03 18:00:00,DELIVERED
SMS00003157,A002652,2025-10-21 11:00:00,DELIVERED
SMS00003158,A002306,2026-02-17 10:00:00,SENT
SMS00003159,A000217,2025-12-19 12:00:00,DELIVERED
SMS00003160,A001572,2025-11-20 16:00:00,DELIVERED
SMS00003161,A002224,2025-09-12 09:00:00,DELIVERED
SMS00003162,A001384,2025-12-26 22:00:00,FAILED
SMS00003163,A002848,2026-07-11 18:00:00,DELIVERED
SMS00003164,A000150,2025-12-07 18:00:00,DELIVERED
SMS00003165,A000053,2026-02-26 11:00:00,DELIVERED
SMS00003166,A002741,2026-05-18 09:00:00,DELIVERED
SMS00003167,A000668,2026-03-25 19:00:00,DELIVERED
SMS00003168,A001033,2025-12-16 11:00:00,FAILED
SMS00003169,A000469,2026-06-21 09:00:00,FAILED
SMS00003170,A001355,2025-10-22 18:00:00,DELIVERED
SMS00003171,A003779,2026-04-12 12:00:00,DELIVERED
SMS00003172,A003459,2026-02-08 10:00:00,DELIVERED
SMS00003173,A001546,2026-05-09 21:00:00,SENT
SMS00003174,A002143,2026-01-16 22:00:00,FAILED
SMS00003175,A002116,2026-08-16 17:00:00,FAILED
SMS00003176,A001913,2025-10-18 19:00:00,DELIVERED
SMS00003177,A002304,2026-05-25 09:00:00,SENT
SMS00003178,A003480,2026-04-27 07:00:00,DELIVERED
SMS00003179,A003027,2026-04-03 07:00:00,DELIVERED
SMS00003180,A000926,2026-01-25 17:00:00,DELIVERED
SMS00003181,A000595,2026-03-21 15:00:00,DELIVERED
SMS00003182,A001966,2026-01-11 18:00:00,DELIVERED
SMS00003183,A003167,2026-08-18 10:00:00,DELIVERED
SMS00003184,A000528,2026-06-17 11:00:00,DELIVERED
SMS00003185,A000495,2026-08-13 21:00:00,DELIVERED
SMS00003186,A001962,2025-12-16 14:00:00,SENT
SMS00003187,A002238,2026-05-26 12:00:00,DELIVERED
SMS00003188,A002563,2026-06-20 14:00:00,DELIVERED
SMS00003189,A000227,2025-11-14 12:00:00,DELIVERED
SMS00003190,A003359,2026-07-03 09:00:00,DELIVERED
SMS00003191,A004178,2026-03-14 22:00:00,DELIVERED
SMS00003192,A001699,2026-06-10 18:00:00,DELIVERED
SMS00003193,A001298,2025-09-19 08:00:00,DELIVERED
SMS00003194,A000212,2026-06-16 20:00:00,FAILED
SMS00003195,A002262,2025-11-03 19:00:00,DELIVERED
SMS00003196,A003899,2026-04-14 12:00:00,DELIVERED
SMS00003197,A003281,2026-04-01 12:00:00,FAILED
SMS00003198,A002608,2026-04-02 11:00:00,DELIVERED
SMS00003199,A003473,2026-03-06 15:00:00,DELIVERED
SMS00003200,A001062,2025-12-17 19:00:00,SENT
SMS00003201,A001665,2025-09-18 22:00:00,DELIVERED
SMS00003202,A000354,2026-04-08 22:00:00,DELIVERED
SMS00003203,A001374,2025-12-21 21:00:00,SENT
SMS00003204,A000730,2025-11-01 15:00:00,DELIVERED
SMS00003205,A002119,2026-02-27 16:00:00,DELIVERED
SMS00003206,A003489,2025-12-19 12:00:00,FAILED
SMS00003207,A002703,2026-01-22 15:00:00,DELIVERED
SMS00003208,A000545,2026-06-11 12:00:00,DELIVERED
SMS00003209,A000990,2025-10-05 14:00:00,DELIVERED
SMS00003210,A003424,2026-06-23 22:00:00,SENT
SMS00003211,A004153,2026-08-02 18:00:00,DELIVERED
SMS00003212,A001735,2025-12-15 22:00:00,DELIVERED
SMS00003213,A002743,2025-10-04 13:00:00,DELIVERED
SMS00003214,A001436,2026-03-16 10:00:00,SENT
SMS00003215,A001205,2025-12-06 18:00:00,SENT
SMS00003216,A001043,2025-09-09 22:00:00,DELIVERED
SMS00003217,A002180,2026-03-27 21:00:00,DELIVERED
SMS00003218,A004172,2025-11-18 16:00:00,DELIVERED
SMS00003219,A004200,2025-09-05 14:00:00,DELIVERED
SMS00003220,A003082,2026-06-24 21:00:00,DELIVERED
SMS00003221,A003025,2025-11-11 20:00:00,SENT
SMS00003222,A003647,2025-12-14 17:00:00,DELIVERED
SMS00003223,A000374,2026-01-22 15:00:00,DELIVERED
SMS00003224,A000427,2025-09-05 11:00:00,DELIVERED
SMS00003225,A002146,2025-10-11 09:00:00,DELIVERED
SMS00003226,A002888,2026-02-02 14:00:00,FAILED
SMS00003227,A000112,2025-10-01 10:00:00,DELIVERED
SMS00003228,A002604,2025-09-03 18:00:00,DELIVERED
SMS00003229,A003005,2026-08-02 10:00:00,DELIVERED
SMS00003230,A001798,2026-03-08 16:00:00,DELIVERED
SMS00003231,A000430,2026-03-08 07:00:00,DELIVERED
SMS00003232,A003231,2026-04-17 09:00:00,DELIVERED
SMS00003233,A002795,2026-08-02 19:00:00,DELIVERED
SMS00003234,A003952,2026-04-23 11:00:00,SENT
SMS00003235,A000155,2025-11-09 15:00:00,DELIVERED
SMS00003236,A001305,2026-02-09 19:00:00,DELIVERED
SMS00003237,A002038,2026-06-14 22:00:00,DELIVERED
SMS00003238,A001053,2026-01-19 12:00:00,SENT
SMS00003239,A001131,2026-08-22 20:00:00,FAILED
SMS00003240,A002421,2025-11-22 08:00:00,FAILED
SMS00003241,A002460,2026-08-14 16:00:00,DELIVERED
SMS00003242,A000361,2026-02-12 22:00:00,DELIVERED
SMS00003243,A001063,2026-07-18 07:00:00,DELIVERED
SMS00003244,A000258,2026-03-21 16:00:00,SENT
SMS00003245,A003793,2026-07-11 08:00:00,SENT
SMS00003246,A001960,2026-03-25 13:00:00,FAILED
SMS00003247,A001305,2026-04-13 14:00:00,DELIVERED
SMS00003248,A001468,2025-11-22 09:00:00,DELIVERED
SMS00003249,A001766,2025-09-11 11:00:00,SENT
SMS00003250,A001216,2026-02-20 19:00:00,FAILED
SMS00003251,A000379,2025-11-06 13:00:00,DELIVERED
SMS00003252,A002709,2025-10-27 14:00:00,DELIVERED
SMS00003253,A000938,2025-11-22 14:00:00,DELIVERED
SMS00003254,A002623,2025-10-27 11:00:00,DELIVERED
SMS00003255,A000934,2025-11-19 10:00:00,DELIVERED
SMS00003256,A002634,2026-08-18 07:00:00,DELIVERED
SMS00003257,A002682,2026-07-03 21:00:00,DELIVERED
SMS00003258,A000905,2026-04-12 18:00:00,DELIVERED
SMS00003259,A002926,2025-10-02 20:00:00,DELIVERED
SMS00003260,A003282,2026-02-27 16:00:00,DELIVERED
SMS00003261,A000831,2026-03-20 21:00:00,DELIVERED
SMS00003262,A001995,2025-12-12 09:00:00,DELIVERED
SMS00003263,A002486,2026-02-16 15:00:00,DELIVERED
SMS00003264,A002555,2026-03-01 10:00:00,SENT
SMS00003265,A003610,2025-12-23 15:00:00,DELIVERED
SMS00003266,A001293,2026-03-24 11:00:00,DELIVERED
SMS00003267,A003585,2026-05-12 12:00:00,DELIVERED
SMS00003268,A002685,2026-01-12 19:00:00,DELIVERED
SMS00003269,A000526,2025-12-12 12:00:00,DELIVERED
SMS00003270,A001969,2026-04-27 15:00:00,DELIVERED
SMS00003271,A000987,2026-07-15 08:00:00,DELIVERED
SMS00003272,A000676,2025-11-19 16:00:00,SENT
SMS00003273,A003898,2026-07-23 17:00:00,SENT
SMS00003274,A004123,2026-01-25 18:00:00,DELIVERED
SMS00003275,A003339,2025-11-07 21:00:00,SENT
SMS00003276,A000856,2026-07-06 12:00:00,DELIVERED
SMS00003277,A001485,2025-09-17 16:00:00,FAILED
SMS00003278,A002861,2026-08-16 15:00:00,DELIVERED
SMS00003279,A000381,2025-11-08 11:00:00,DELIVERED
SMS00003280,A001505,2026-07-18 18:00:00,DELIVERED
SMS00003281,A000349,2026-05-09 12:00:00,FAILED
SMS00003282,A003835,2026-04-10 08:00:00,DELIVERED
SMS00003283,A004124,2026-02-02 07:00:00,DELIVERED
SMS00003284,A003710,2025-09-18 09:00:00,DELIVERED
SMS00003285,A003508,2025-11-16 08:00:00,DELIVERED
SMS00003286,A001247,2026-08-11 11:00:00,DELIVERED
SMS00003287,A003571,2026-03-04 12:00:00,SENT
SMS00003288,A003932,2025-09-27 10:00:00,DELIVERED
SMS00003289,A001499,2026-07-25 18:00:00,DELIVERED
SMS00003290,A002151,2026-08-07 09:00:00,SENT
SMS00003291,A003820,2026-04-14 13:00:00,DELIVERED
SMS00003292,A002697,2026-04-22 18:00:00,DELIVERED
SMS00003293,A002544,2026-05-12 10:00:00,DELIVERED
SMS00003294,A003100,2026-01-15 08:00:00,DELIVERED
SMS00003295,A000026,2026-07-06 20:00:00,DELIVERED
SMS00003296,A002750,2026-07-10 09:00:00,DELIVERED
SMS00003297,A002420,2026-07-20 20:00:00,FAILED
SMS00003298,A002045,2026-06-11 17:00:00,DELIVERED
SMS00003299,A003229,2026-06-20 14:00:00,DELIVERED
SMS00003300,A000978,2026-08-15 16:00:00,DELIVERED
SMS00003301,A003570,2026-02-08 09:00:00,FAILED
SMS00003302,A003150,2026-01-08 16:00:00,DELIVERED
SMS00003303,A003976,2026-07-20 08:00:00,DELIVERED
SMS00003304,A000526,2025-12-18 07:00:00,SENT
SMS00003305,A003329,2026-01-27 17:00:00,DELIVERED
SMS00003306,A000023,2026-06-17 12:00:00,DELIVERED
SMS00003307,A000746,2026-01-07 16:00:00,DELIVERED
SMS00003308,A003543,2026-03-02 13:00:00,DELIVERED
SMS00003309,A004017,2026-05-20 21:00:00,DELIVERED
SMS00003310,A001100,2025-12-21 18:00:00,SENT
SMS00003311,A002693,2026-01-19 08:00:00,FAILED
SMS00003312,A002072,2025-12-23 10:00:00,DELIVERED
SMS00003313,A000183,2026-07-02 20:00:00,DELIVERED
SMS00003314,A000250,2026-03-09 09:00:00,DELIVERED
SMS00003315,A003439,2026-02-22 07:00:00,DELIVERED
SMS00003316,A003634,2026-03-19 16:00:00,DELIVERED
SMS00003317,A003355,2026-01-02 11:00:00,DELIVERED
SMS00003318,A002881,2025-09-16 10:00:00,DELIVERED
SMS00003319,A001934,2025-09-04 14:00:00,FAILED
SMS00003320,A000836,2026-05-06 17:00:00,DELIVERED
SMS00003321,A001082,2026-07-01 22:00:00,FAILED
SMS00003322,A004086,2026-05-05 18:00:00,DELIVERED
SMS00003323,A002937,2026-07-14 19:00:00,SENT
SMS00003324,A003354,2026-06-25 15:00:00,DELIVERED
SMS00003325,A001222,2026-08-24 12:00:00,DELIVERED
SMS00003326,A000291,2025-10-25 17:00:00,DELIVERED
SMS00003327,A001595,2025-09-20 11:00:00,DELIVERED
SMS00003328,A001781,2026-06-22 17:00:00,DELIVERED
SMS00003329,A002423,2026-06-02 10:00:00,SENT
SMS00003330,A002814,2026-02-26 20:00:00,DELIVERED
SMS00003331,A003926,2026-03-02 13:00:00,DELIVERED
SMS00003332,A002591,2026-06-15 16:00:00,FAILED
SMS00003333,A002954,2025-10-22 15:00:00,DELIVERED
SMS00003334,A001403,2026-06-14 15:00:00,DELIVERED
SMS00003335,A003756,2025-10-11 16:00:00,DELIVERED
SMS00003336,A002489,2025-12-01 12:00:00,DELIVERED
SMS00003337,A001982,2026-04-25 17:00:00,FAILED
SMS00003338,A000098,2026-04-04 07:00:00,DELIVERED
SMS00003339,A003289,2026-06-20 17:00:00,FAILED
SMS00003340,A002252,2025-12-21 10:00:00,FAILED
SMS00003341,A002282,2025-10-20 09:00:00,DELIVERED
SMS00003342,A000486,2025-11-22 16:00:00,DELIVERED
SMS00003343,A003211,2026-03-07 19:00:00,SENT
SMS00003344,A001949,2026-03-03 18:00:00,FAILED
SMS00003345,A001449,2026-08-07 21:00:00,DELIVERED
SMS00003346,A003454,2026-03-14 08:00:00,FAILED
SMS00003347,A001175,2026-08-14 19:00:00,DELIVERED
SMS00003348,A001502,2025-10-07 17:00:00,DELIVERED
SMS00003349,A001606,2025-11-12 10:00:00,SENT
SMS00003350,A002866,2026-04-14 21:00:00,SENT
SMS00003351,A003475,2025-09-03 16:00:00,DELIVERED
SMS00003352,A000222,2025-09-20 08:00:00,DELIVERED
SMS00003353,A000781,2026-01-17 15:00:00,DELIVERED
SMS00003354,A003678,2026-03-18 19:00:00,DELIVERED
SMS00003355,A004029,2026-05-05 14:00:00,DELIVERED
SMS00003356,A004011,2025-10-15 10:00:00,DELIVERED
SMS00003357,A002352,2025-09-24 16:00:00,DELIVERED
SMS00003358,A002879,2025-09-12 14:00:00,DELIVERED
SMS00003359,A001045,2026-05-23 14:00:00,DELIVERED
SMS00003360,A000635,2026-08-08 19:00:00,SENT
SMS00003361,A002381,2025-11-21 09:00:00,DELIVERED
SMS00003362,A003573,2025-09-19 14:00:00,SENT
SMS00003363,A001174,2026-02-05 17:00:00,DELIVERED
SMS00003364,A002447,2026-06-24 21:00:00,DELIVERED
SMS00003365,A001722,2026-03-12 13:00:00,DELIVERED
SMS00003366,A002130,2026-01-15 15:00:00,SENT
SMS00003367,A001277,2026-05-08 20:00:00,SENT
SMS00003368,A003215,2026-07-24 21:00:00,DELIVERED
SMS00003369,A000828,2026-08-03 13:00:00,DELIVERED
SMS00003370,A001464,2026-05-20 07:00:00,FAILED
SMS00003371,A004021,2025-12-01 14:00:00,DELIVERED
SMS00003372,A000156,2025-10-12 07:00:00,DELIVERED
SMS00003373,A002240,2026-08-10 15:00:00,DELIVERED
SMS00003374,A000010,2026-05-27 21:00:00,SENT
SMS00003375,A002469,2026-01-10 15:00:00,DELIVERED
SMS00003376,A000733,2026-03-18 08:00:00,SENT
SMS00003377,A001024,2025-10-25 09:00:00,SENT
SMS00003378,A003171,2025-10-27 13:00:00,DELIVERED
SMS00003379,A002679,2026-05-04 16:00:00,DELIVERED
SMS00003380,A003667,2026-08-12 10:00:00,SENT
SMS00003381,A003019,2025-12-23 18:00:00,DELIVERED
SMS00003382,A003059,2026-03-25 07:00:00,DELIVERED
SMS00003383,A003569,2026-06-15 11:00:00,SENT
SMS00003384,A002496,2026-08-20 14:00:00,DELIVERED
SMS00003385,A001625,2025-11-25 08:00:00,DELIVERED
SMS00003386,A000741,2026-04-07 12:00:00,SENT
SMS00003387,A003445,2026-01-12 11:00:00,SENT
SMS00003388,A000437,2026-01-14 14:00:00,SENT
SMS00003389,A003345,2026-05-26 12:00:00,DELIVERED
SMS00003390,A003558,2026-06-19 09:00:00,SENT
SMS00003391,A004134,2026-05-16 11:00:00,DELIVERED
SMS00003392,A000991,2026-01-12 07:00:00,SENT
SMS00003393,A003499,2026-04-19 13:00:00,DELIVERED
SMS00003394,A001723,2025-12-21 12:00:00,DELIVERED
SMS00003395,A000699,2025-12-24 09:00:00,DELIVERED
SMS00003396,A002796,2026-01-06 12:00:00,DELIVERED
SMS00003397,A001573,2026-06-18 07:00:00,DELIVERED
SMS00003398,A002030,2025-12-17 21:00:00,DELIVERED
SMS00003399,A002605,2026-04-21 17:00:00,DELIVERED
SMS00003400,A001173,2026-02-26 09:00:00,SENT
SMS00003401,A001486,2025-12-05 13:00:00,SENT
SMS00003402,A003129,2025-12-05 15:00:00,DELIVERED
SMS00003403,A002486,2025-09-18 18:00:00,DELIVERED
SMS00003404,A003235,2025-11-12 10:00:00,DELIVERED
SMS00003405,A002699,2025-11-10 09:00:00,SENT
SMS00003406,A003294,2026-02-19 20:00:00,SENT
SMS00003407,A001679,2026-03-01 11:00:00,DELIVERED
SMS00003408,A000674,2026-06-27 17:00:00,DELIVERED
SMS00003409,A001483,2026-08-08 22:00:00,DELIVERED
SMS00003410,A002406,2026-08-27 09:00:00,DELIVERED
SMS00003411,A003203,2026-04-26 13:00:00,DELIVERED
SMS00003412,A000344,2025-09-11 10:00:00,DELIVERED
SMS00003413,A002666,2026-07-26 17:00:00,DELIVERED
SMS00003414,A000097,2026-06-19 19:00:00,DELIVERED
SMS00003415,A002396,2025-11-26 20:00:00,DELIVERED
SMS00003416,A000527,2026-01-08 21:00:00,DELIVERED
SMS00003417,A002393,2026-01-20 20:00:00,DELIVERED
SMS00003418,A002822,2026-03-22 08:00:00,DELIVERED
SMS00003419,A001185,2026-01-21 17:00:00,DELIVERED
SMS00003420,A001525,2025-09-27 20:00:00,DELIVERED
SMS00003421,A000945,2026-02-06 13:00:00,DELIVERED
SMS00003422,A003051,2026-08-02 21:00:00,DELIVERED
SMS00003423,A001096,2025-11-04 07:00:00,DELIVERED
SMS00003424,A001148,2026-08-26 13:00:00,FAILED
SMS00003425,A002381,2026-08-25 11:00:00,DELIVERED
SMS00003426,A001569,2026-04-05 19:00:00,DELIVERED
SMS00003427,A000551,2026-03-01 17:00:00,SENT
SMS00003428,A001367,2026-05-22 17:00:00,DELIVERED
SMS00003429,A002592,2026-04-08 10:00:00,SENT
SMS00003430,A003817,2026-04-13 07:00:00,FAILED
SMS00003431,A001289,2026-08-18 19:00:00,FAILED
SMS00003432,A000848,2026-06-19 10:00:00,SENT
SMS00003433,A003406,2026-05-02 12:00:00,DELIVERED
SMS00003434,A002094,2026-05-21 18:00:00,DELIVERED
SMS00003435,A000559,2025-10-20 13:00:00,DELIVERED
SMS00003436,A003240,2025-11-01 17:00:00,DELIVERED
SMS00003437,A000759,2025-09-10 10:00:00,SENT
SMS00003438,A001640,2026-04-07 14:00:00,DELIVERED
SMS00003439,A002327,2025-09-22 18:00:00,SENT
SMS00003440,A001855,2025-09-23 21:00:00,DELIVERED
SMS00003441,A002839,2025-11-09 11:00:00,DELIVERED
SMS00003442,A001931,2026-05-13 11:00:00,DELIVERED
SMS00003443,A002974,2025-10-27 21:00:00,DELIVERED
SMS00003444,A000109,2025-10-10 09:00:00,DELIVERED
SMS00003445,A000161,2026-01-22 17:00:00,DELIVERED
SMS00003446,A001566,2026-06-23 17:00:00,DELIVERED
SMS00003447,A003563,2026-06-05 16:00:00,DELIVERED
SMS00003448,A003053,2026-07-20 20:00:00,SENT
SMS00003449,A001293,2026-01-13 16:00:00,SENT
SMS00003450,A001173,2026-03-14 21:00:00,DELIVERED
SMS00003451,A003170,2026-07-06 11:00:00,FAILED
SMS00003452,A002301,2025-10-13 20:00:00,DELIVERED
SMS00003453,A003852,2026-04-08 08:00:00,DELIVERED
SMS00003454,A002444,2025-09-21 14:00:00,DELIVERED
SMS00003455,A002959,2026-08-15 19:00:00,DELIVERED
SMS00003456,A000792,2026-05-19 15:00:00,DELIVERED
SMS00003457,A003058,2025-12-14 21:00:00,SENT
SMS00003458,A000101,2025-11-20 13:00:00,DELIVERED
SMS00003459,A001303,2025-10-26 21:00:00,FAILED
SMS00003460,A001431,2026-07-01 18:00:00,DELIVERED
SMS00003461,A001396,2025-09-13 15:00:00,DELIVERED
SMS00003462,A001573,2025-09-20 18:00:00,FAILED
SMS00003463,A002279,2026-08-23 09:00:00,FAILED
SMS00003464,A002712,2025-11-16 08:00:00,DELIVERED
SMS00003465,A001628,2025-11-16 19:00:00,FAILED
SMS00003466,A002184,2025-12-01 17:00:00,DELIVERED
SMS00003467,A001729,2026-02-19 11:00:00,DELIVERED
SMS00003468,A000529,2026-06-21 20:00:00,DELIVERED
SMS00003469,A000751,2026-07-22 20:00:00,SENT
SMS00003470,A000267,2026-04-13 17:00:00,FAILED
SMS00003471,A003838,2026-02-20 22:00:00,DELIVERED
SMS00003472,A000279,2026-06-27 10:00:00,DELIVERED
SMS00003473,A001763,2026-08-11 12:00:00,SENT
SMS00003474,A002306,2026-05-23 12:00:00,DELIVERED
SMS00003475,A003434,2025-09-26 07:00:00,DELIVERED
SMS00003476,A001731,2026-06-16 17:00:00,SENT
SMS00003477,A001076,2026-05-25 14:00:00,SENT
SMS00003478,A003138,2026-06-17 09:00:00,DELIVERED
SMS00003479,A001262,2025-09-13 22:00:00,DELIVERED
SMS00003480,A003559,2025-12-24 13:00:00,DELIVERED
SMS00003481,A003154,2025-11-13 10:00:00,SENT
SMS00003482,A000896,2025-10-13 07:00:00,SENT
SMS00003483,A003630,2026-05-21 18:00:00,DELIVERED
SMS00003484,A002399,2025-09-13 12:00:00,DELIVERED
SMS00003485,A002907,2026-02-02 17:00:00,DELIVERED
SMS00003486,A001797,2026-08-06 12:00:00,DELIVERED
SMS00003487,A002105,2026-03-17 18:00:00,DELIVERED
SMS00003488,A001956,2026-06-24 07:00:00,DELIVERED
SMS00003489,A000189,2026-06-25 08:00:00,DELIVERED
SMS00003490,A003817,2026-05-21 13:00:00,DELIVERED
SMS00003491,A003867,2025-10-11 21:00:00,DELIVERED
SMS00003492,A004160,2026-08-09 20:00:00,FAILED
SMS00003493,A002743,2025-10-11 22:00:00,DELIVERED
SMS00003494,A002318,2026-04-27 16:00:00,SENT
SMS00003495,A001861,2025-09-18 08:00:00,DELIVERED
SMS00003496,A003482,2026-04-27 11:00:00,DELIVERED
SMS00003497,A003112,2026-01-22 14:00:00,FAILED
SMS00003498,A004170,2026-07-01 15:00:00,DELIVERED
SMS00003499,A002919,2025-09-12 19:00:00,DELIVERED
SMS00003500,A004138,2026-02-06 20:00:00,DELIVERED
SMS00003501,A002562,2025-12-13 17:00:00,DELIVERED
SMS00003502,A002072,2026-04-22 13:00:00,FAILED
SMS00003503,A003595,2026-08-10 13:00:00,DELIVERED
SMS00003504,A001349,2026-04-20 07:00:00,DELIVERED
SMS00003505,A003151,2026-03-02 09:00:00,DELIVERED
SMS00003506,A004073,2026-05-08 18:00:00,DELIVERED
SMS00003507,A000460,2026-06-05 13:00:00,DELIVERED
SMS00003508,A004195,2025-12-10 14:00:00,FAILED
SMS00003509,A002941,2026-01-24 16:00:00,DELIVERED
SMS00003510,A003344,2026-01-13 08:00:00,DELIVERED
SMS00003511,A003002,2026-06-19 14:00:00,DELIVERED
SMS00003512,A002884,2025-12-05 07:00:00,FAILED
SMS00003513,A003483,2025-12-08 18:00:00,DELIVERED
SMS00003514,A003185,2025-10-02 15:00:00,DELIVERED
SMS00003515,A000136,2026-05-02 12:00:00,DELIVERED
SMS00003516,A002637,2025-11-07 07:00:00,SENT
SMS00003517,A003159,2025-12-15 15:00:00,DELIVERED
SMS00003518,A003427,2025-09-23 16:00:00,DELIVERED
SMS00003519,A000669,2026-02-17 16:00:00,SENT
SMS00003520,A003552,2026-02-26 11:00:00,SENT
SMS00003521,A001411,2026-03-21 16:00:00,DELIVERED
SMS00003522,A000761,2026-02-12 10:00:00,SENT
SMS00003523,A000506,2026-05-05 20:00:00,DELIVERED
SMS00003524,A000463,2026-06-16 14:00:00,FAILED
SMS00003525,A001441,2025-11-11 22:00:00,DELIVERED
SMS00003526,A002225,2026-04-22 19:00:00,DELIVERED
SMS00003527,A004103,2026-08-03 22:00:00,DELIVERED
SMS00003528,A003799,2026-06-12 07:00:00,DELIVERED
SMS00003529,A003408,2026-08-06 19:00:00,DELIVERED
SMS00003530,A001446,2026-07-08 09:00:00,DELIVERED
SMS00003531,A003907,2026-01-07 15:00:00,FAILED
SMS00003532,A000565,2026-05-21 11:00:00,DELIVERED
SMS00003533,A001118,2025-12-13 08:00:00,FAILED
SMS00003534,A000213,2026-03-05 15:00:00,SENT
SMS00003535,A003271,2025-10-23 15:00:00,DELIVERED
SMS00003536,A001532,2026-01-04 20:00:00,DELIVERED
SMS00003537,A001271,2025-09-17 07:00:00,DELIVERED
SMS00003538,A002618,2026-03-20 12:00:00,DELIVERED
SMS00003539,A001553,2026-07-13 08:00:00,DELIVERED
SMS00003540,A002918,2026-04-27 18:00:00,DELIVERED
SMS00003541,A003671,2026-03-24 19:00:00,SENT
SMS00003542,A000165,2026-06-14 08:00:00,DELIVERED
SMS00003543,A004163,2025-09-03 11:00:00,DELIVERED
SMS00003544,A003270,2026-05-11 18:00:00,SENT
SMS00003545,A003131,2026-03-21 07:00:00,SENT
SMS00003546,A000156,2026-01-21 08:00:00,DELIVERED
SMS00003547,A002773,2025-10-21 22:00:00,DELIVERED
SMS00003548,A003833,2026-06-20 13:00:00,FAILED
SMS00003549,A000224,2026-07-27 16:00:00,DELIVERED
SMS00003550,A001645,2025-10-16 14:00:00,DELIVERED
SMS00003551,A003485,2026-07-07 08:00:00,FAILED
SMS00003552,A002176,2026-04-12 20:00:00,DELIVERED
SMS00003553,A000594,2026-05-27 08:00:00,DELIVERED
SMS00003554,A003801,2025-10-10 22:00:00,DELIVERED
SMS00003555,A003090,2025-09-19 08:00:00,DELIVERED
SMS00003556,A000289,2025-09-05 07:00:00,DELIVERED
SMS00003557,A003179,2026-01-15 22:00:00,DELIVERED
SMS00003558,A001125,2026-01-08 22:00:00,DELIVERED
SMS00003559,A001665,2025-09-17 20:00:00,DELIVERED
SMS00003560,A002481,2025-12-22 20:00:00,DELIVERED
SMS00003561,A001259,2026-03-14 22:00:00,DELIVERED
SMS00003562,A003166,2025-11-13 11:00:00,DELIVERED
SMS00003563,A003675,2026-03-26 13:00:00,SENT
SMS00003564,A000312,2026-08-16 13:00:00,DELIVERED
SMS00003565,A003172,2026-06-26 15:00:00,DELIVERED
SMS00003566,A000915,2026-03-06 19:00:00,DELIVERED
SMS00003567,A002397,2026-08-03 12:00:00,DELIVERED
SMS00003568,A000760,2026-02-26 16:00:00,DELIVERED
SMS00003569,A001535,2026-04-25 12:00:00,DELIVERED
SMS00003570,A001240,2026-05-07 10:00:00,DELIVERED
SMS00003571,A002647,2026-05-10 18:00:00,DELIVERED
SMS00003572,A003299,2025-09-18 21:00:00,DELIVERED
SMS00003573,A002063,2026-01-12 19:00:00,SENT
SMS00003574,A003344,2026-04-24 22:00:00,DELIVERED
SMS00003575,A003607,2025-12-02 11:00:00,FAILED
SMS00003576,A002042,2026-05-27 09:00:00,DELIVERED
SMS00003577,A002222,2026-04-19 15:00:00,DELIVERED
SMS00003578,A000558,2025-12-01 19:00:00,DELIVERED
SMS00003579,A001256,2025-11-09 07:00:00,DELIVERED
SMS00003580,A002302,2025-10-01 21:00:00,DELIVERED
SMS00003581,A002866,2025-09-27 12:00:00,DELIVERED
SMS00003582,A003364,2026-02-05 18:00:00,FAILED
SMS00003583,A002659,2026-03-04 08:00:00,DELIVERED
SMS00003584,A003447,2025-09-18 13:00:00,SENT
SMS00003585,A001692,2026-08-27 22:00:00,SENT
SMS00003586,A004113,2026-02-05 16:00:00,DELIVERED
SMS00003587,A000786,2025-09-08 14:00:00,DELIVERED
SMS00003588,A003707,2025-09-18 09:00:00,DELIVERED
SMS00003589,A002305,2025-11-20 09:00:00,SENT
SMS00003590,A002950,2026-02-21 07:00:00,SENT
SMS00003591,A002742,2025-09-25 14:00:00,DELIVERED
SMS00003592,A001183,2026-02-11 11:00:00,SENT
SMS00003593,A002233,2026-07-02 12:00:00,FAILED
SMS00003594,A002504,2026-07-08 11:00:00,DELIVERED
SMS00003595,A000133,2026-07-06 20:00:00,DELIVERED
SMS00003596,A003537,2025-10-01 09:00:00,SENT
SMS00003597,A002265,2026-07-05 22:00:00,DELIVERED
SMS00003598,A001679,2025-11-07 13:00:00,SENT
SMS00003599,A002483,2025-11-23 13:00:00,DELIVERED
SMS00003600,A002539,2026-04-17 12:00:00,DELIVERED
SMS00003601,A002695,2025-11-01 10:00:00,SENT
SMS00003602,A000887,2026-07-16 12:00:00,DELIVERED
SMS00003603,A003068,2025-09-24 13:00:00,DELIVERED
SMS00003604,A002433,2025-09-13 17:00:00,FAILED
SMS00003605,A003840,2026-07-08 21:00:00,DELIVERED
SMS00003606,A001587,2026-06-10 16:00:00,FAILED
SMS00003607,A000491,2026-07-13 19:00:00,DELIVERED
SMS00003608,A002493,2025-12-11 20:00:00,SENT
SMS00003609,A001741,2026-03-15 18:00:00,DELIVERED
SMS00003610,A000088,2025-10-27 10:00:00,DELIVERED
SMS00003611,A004069,2026-02-12 19:00:00,SENT
SMS00003612,A000891,2026-08-15 16:00:00,SENT
SMS00003613,A000447,2025-10-20 15:00:00,DELIVERED
SMS00003614,A001481,2025-10-21 11:00:00,DELIVERED
SMS00003615,A003281,2025-10-22 17:00:00,DELIVERED
SMS00003616,A001691,2025-12-19 19:00:00,SENT
SMS00003617,A001824,2026-02-07 08:00:00,DELIVERED
SMS00003618,A003264,2026-08-02 12:00:00,SENT
SMS00003619,A003864,2026-08-23 16:00:00,DELIVERED
SMS00003620,A002062,2026-01-23 12:00:00,DELIVERED
SMS00003621,A000372,2025-12-18 08:00:00,DELIVERED
SMS00003622,A003730,2026-07-10 21:00:00,DELIVERED
SMS00003623,A002362,2026-08-11 09:00:00,DELIVERED
SMS00003624,A003865,2026-05-18 07:00:00,SENT
SMS00003625,A002321,2026-07-25 19:00:00,DELIVERED
SMS00003626,A002391,2026-02-02 16:00:00,DELIVERED
SMS00003627,A004165,2026-08-11 09:00:00,DELIVERED
SMS00003628,A003330,2026-08-22 22:00:00,DELIVERED
SMS00003629,A003786,2026-06-21 12:00:00,DELIVERED
SMS00003630,A000507,2025-09-03 16:00:00,DELIVERED
SMS00003631,A000414,2026-08-18 17:00:00,DELIVERED
SMS00003632,A003584,2026-01-02 19:00:00,DELIVERED
SMS00003633,A002514,2025-11-10 15:00:00,DELIVERED
SMS00003634,A002420,2026-08-22 18:00:00,DELIVERED
SMS00003635,A001287,2026-03-10 14:00:00,FAILED
SMS00003636,A000822,2025-11-09 11:00:00,SENT
SMS00003637,A002980,2025-09-18 11:00:00,DELIVERED
SMS00003638,A001654,2026-03-18 12:00:00,DELIVERED
SMS00003639,A001861,2026-06-03 09:00:00,DELIVERED
SMS00003640,A002176,2025-11-02 09:00:00,DELIVERED
SMS00003641,A000725,2026-06-12 20:00:00,SENT
SMS00003642,A000511,2026-03-17 10:00:00,DELIVERED
SMS00003643,A000836,2025-11-16 22:00:00,DELIVERED
SMS00003644,A004024,2026-04-26 20:00:00,DELIVERED
SMS00003645,A001256,2026-01-12 12:00:00,DELIVERED
SMS00003646,A002235,2025-10-01 22:00:00,DELIVERED
SMS00003647,A000093,2025-10-15 22:00:00,SENT
SMS00003648,A001323,2025-11-17 22:00:00,DELIVERED
SMS00003649,A003050,2026-01-17 13:00:00,DELIVERED
SMS00003650,A004154,2026-01-01 17:00:00,DELIVERED
SMS00003651,A002768,2026-03-24 19:00:00,FAILED
SMS00003652,A003125,2026-07-23 08:00:00,DELIVERED
SMS00003653,A003719,2026-01-11 18:00:00,DELIVERED
SMS00003654,A001953,2025-09-19 10:00:00,DELIVERED
SMS00003655,A003057,2025-11-19 13:00:00,SENT
SMS00003656,A002658,2026-06-02 19:00:00,DELIVERED
SMS00003657,A000652,2026-03-13 16:00:00,SENT
SMS00003658,A002344,2026-08-15 11:00:00,SENT
SMS00003659,A000119,2025-10-18 14:00:00,DELIVERED
SMS00003660,A000326,2026-01-23 22:00:00,SENT
SMS00003661,A002409,2025-09-21 12:00:00,DELIVERED
SMS00003662,A000318,2026-06-20 14:00:00,DELIVERED
SMS00003663,A002440,2026-04-13 21:00:00,DELIVERED
SMS00003664,A001813,2026-07-10 22:00:00,SENT
SMS00003665,A000331,2025-12-10 08:00:00,DELIVERED
SMS00003666,A003740,2026-06-25 20:00:00,SENT
SMS00003667,A001248,2025-12-13 19:00:00,DELIVERED
SMS00003668,A000814,2025-11-04 20:00:00,FAILED
SMS00003669,A002910,2025-10-12 08:00:00,DELIVERED
SMS00003670,A003340,2026-08-06 18:00:00,SENT
SMS00003671,A001793,2026-05-20 21:00:00,SENT
SMS00003672,A003605,2026-04-25 08:00:00,DELIVERED
SMS00003673,A002438,2025-11-06 09:00:00,SENT
SMS00003674,A003092,2026-06-09 11:00:00,DELIVERED
SMS00003675,A001617,2026-04-21 20:00:00,DELIVERED
SMS00003676,A003328,2026-02-12 07:00:00,SENT
SMS00003677,A001264,2026-08-01 16:00:00,DELIVERED
SMS00003678,A003868,2026-06-11 16:00:00,DELIVERED
SMS00003679,A002651,2025-12-07 11:00:00,DELIVERED
SMS00003680,A001199,2026-07-11 21:00:00,DELIVERED
SMS00003681,A002461,2026-08-14 22:00:00,DELIVERED
SMS00003682,A002041,2026-03-11 08:00:00,FAILED
SMS00003683,A000593,2026-07-07 19:00:00,DELIVERED
SMS00003684,A002973,2026-08-10 11:00:00,DELIVERED
SMS00003685,A004106,2026-04-12 08:00:00,DELIVERED
SMS00003686,A000746,2026-07-11 08:00:00,SENT
SMS00003687,A002098,2026-06-01 15:00:00,DELIVERED
SMS00003688,A004112,2025-11-07 07:00:00,DELIVERED
SMS00003689,A001486,2025-10-10 19:00:00,DELIVERED
SMS00003690,A000316,2026-02-19 07:00:00,DELIVERED
SMS00003691,A000323,2026-05-10 18:00:00,DELIVERED
SMS00003692,A000813,2025-09-27 22:00:00,DELIVERED
SMS00003693,A000112,2026-03-23 07:00:00,DELIVERED
SMS00003694,A001436,2026-08-26 22:00:00,DELIVERED
SMS00003695,A000048,2026-02-23 13:00:00,DELIVERED
SMS00003696,A000597,2026-08-18 13:00:00,DELIVERED
SMS00003697,A003567,2026-01-25 17:00:00,DELIVERED
SMS00003698,A000231,2026-05-13 16:00:00,DELIVERED
SMS00003699,A002946,2026-07-03 15:00:00,DELIVERED
SMS00003700,A003377,2026-06-24 15:00:00,DELIVERED
SMS00003701,A004072,2026-01-05 22:00:00,SENT
SMS00003702,A000804,2025-12-06 17:00:00,DELIVERED
SMS00003703,A002621,2026-05-26 20:00:00,DELIVERED
SMS00003704,A000244,2026-08-12 12:00:00,DELIVERED
SMS00003705,A000788,2026-05-14 15:00:00,FAILED
SMS00003706,A004176,2026-01-03 09:00:00,DELIVERED
SMS00003707,A000056,2026-06-13 08:00:00,DELIVERED
SMS00003708,A000437,2026-04-04 10:00:00,DELIVERED
SMS00003709,A001395,2025-12-23 07:00:00,SENT
SMS00003710,A001235,2026-05-16 13:00:00,SENT
SMS00003711,A002527,2025-09-22 17:00:00,DELIVERED
SMS00003712,A000084,2026-08-12 22:00:00,DELIVERED
SMS00003713,A000252,2025-12-26 11:00:00,DELIVERED
SMS00003714,A003606,2026-02-22 14:00:00,DELIVERED
SMS00003715,A001673,2026-02-25 21:00:00,DELIVERED
SMS00003716,A000446,2025-11-16 22:00:00,DELIVERED
SMS00003717,A001102,2026-06-22 15:00:00,SENT
SMS00003718,A000308,2025-10-17 12:00:00,DELIVERED
SMS00003719,A001772,2026-08-16 12:00:00,SENT
SMS00003720,A002729,2026-01-12 20:00:00,DELIVERED
SMS00003721,A002476,2025-11-10 21:00:00,DELIVERED
SMS00003722,A000051,2026-04-20 13:00:00,DELIVERED
SMS00003723,A002295,2025-09-10 20:00:00,SENT
SMS00003724,A002662,2026-07-16 15:00:00,DELIVERED
SMS00003725,A001027,2025-11-17 11:00:00,FAILED
SMS00003726,A002328,2025-10-11 11:00:00,DELIVERED
SMS00003727,A000941,2026-01-04 13:00:00,DELIVERED
SMS00003728,A000457,2026-01-02 12:00:00,FAILED
SMS00003729,A003992,2025-09-05 12:00:00,DELIVERED
SMS00003730,A001197,2025-12-01 22:00:00,DELIVERED
SMS00003731,A002170,2026-03-08 07:00:00,DELIVERED
SMS00003732,A001538,2026-06-25 19:00:00,SENT
SMS00003733,A000385,2026-01-02 16:00:00,DELIVERED
SMS00003734,A000751,2026-03-02 09:00:00,SENT
SMS00003735,A003903,2025-12-27 15:00:00,DELIVERED
SMS00003736,A003775,2025-10-16 20:00:00,DELIVERED
SMS00003737,A001488,2025-10-11 16:00:00,DELIVERED
SMS00003738,A000199,2025-12-03 22:00:00,FAILED
SMS00003739,A002385,2025-12-04 20:00:00,DELIVERED
SMS00003740,A000587,2026-05-10 18:00:00,FAILED
SMS00003741,A002209,2025-10-02 18:00:00,SENT
SMS00003742,A003839,2025-09-06 17:00:00,DELIVERED
SMS00003743,A001255,2026-02-02 14:00:00,DELIVERED
SMS00003744,A000190,2025-10-13 19:00:00,FAILED
SMS00003745,A003871,2026-07-16 20:00:00,DELIVERED
SMS00003746,A002135,2025-10-14 16:00:00,DELIVERED
SMS00003747,A000753,2025-11-19 11:00:00,DELIVERED
SMS00003748,A002440,2026-02-25 19:00:00,SENT
SMS00003749,A002849,2026-06-07 11:00:00,DELIVERED
SMS00003750,A002797,2026-04-18 13:00:00,FAILED
SMS00003751,A001243,2025-10-27 19:00:00,SENT
SMS00003752,A003845,2026-08-03 13:00:00,DELIVERED
SMS00003753,A001928,2026-04-26 07:00:00,DELIVERED
SMS00003754,A002798,2026-06-24 18:00:00,SENT
SMS00003755,A002093,2026-06-07 10:00:00,DELIVERED
SMS00003756,A000296,2026-07-12 12:00:00,DELIVERED
SMS00003757,A002486,2026-08-19 18:00:00,DELIVERED
SMS00003758,A000704,2026-01-16 11:00:00,DELIVERED
SMS00003759,A001209,2026-01-01 07:00:00,DELIVERED
SMS00003760,A003709,2026-07-22 07:00:00,FAILED
SMS00003761,A001142,2025-12-14 15:00:00,DELIVERED
SMS00003762,A003198,2026-03-15 07:00:00,DELIVERED
SMS00003763,A003013,2025-11-01 21:00:00,SENT
SMS00003764,A001239,2025-09-27 09:00:00,DELIVERED
SMS00003765,A003515,2026-08-08 15:00:00,DELIVERED
SMS00003766,A003533,2025-10-17 20:00:00,DELIVERED
SMS00003767,A000661,2025-11-03 22:00:00,DELIVERED
SMS00003768,A002859,2026-05-14 12:00:00,DELIVERED
SMS00003769,A003669,2026-05-22 18:00:00,DELIVERED
SMS00003770,A003989,2026-03-26 18:00:00,DELIVERED
SMS00003771,A003486,2026-01-22 12:00:00,DELIVERED
SMS00003772,A001325,2026-07-22 09:00:00,FAILED
SMS00003773,A001219,2026-03-24 19:00:00,DELIVERED
SMS00003774,A002584,2026-05-20 10:00:00,DELIVERED
SMS00003775,A003568,2026-01-25 11:00:00,DELIVERED
SMS00003776,A002923,2025-10-13 11:00:00,DELIVERED
SMS00003777,A002728,2026-05-06 15:00:00,SENT
SMS00003778,A000962,2026-07-03 07:00:00,SENT
SMS00003779,A001068,2026-08-13 18:00:00,DELIVERED
SMS00003780,A000570,2025-10-14 09:00:00,DELIVERED
SMS00003781,A003020,2026-06-17 22:00:00,DELIVERED
SMS00003782,A002178,2025-11-05 10:00:00,DELIVERED
SMS00003783,A001426,2026-03-15 13:00:00,DELIVERED
SMS00003784,A002726,2025-09-24 13:00:00,DELIVERED
SMS00003785,A000729,2026-04-09 17:00:00,DELIVERED
SMS00003786,A001460,2026-01-03 13:00:00,FAILED
SMS00003787,A002875,2026-06-12 13:00:00,SENT
SMS00003788,A000214,2025-10-04 18:00:00,DELIVERED
SMS00003789,A002996,2026-05-11 07:00:00,DELIVERED
SMS00003790,A002907,2026-03-08 18:00:00,DELIVERED
SMS00003791,A000924,2026-04-24 22:00:00,FAILED
SMS00003792,A000034,2025-12-25 09:00:00,FAILED
SMS00003793,A000715,2026-06-05 12:00:00,DELIVERED
SMS00003794,A000820,2026-04-15 09:00:00,DELIVERED
SMS00003795,A003694,2026-04-14 11:00:00,DELIVERED
SMS00003796,A000722,2026-04-14 17:00:00,DELIVERED
SMS00003797,A003797,2026-06-09 10:00:00,DELIVERED
SMS00003798,A003785,2026-01-11 19:00:00,DELIVERED
SMS00003799,A002244,2026-02-09 19:00:00,SENT
SMS00003800,A002072,2026-07-22 18:00:00,DELIVERED
SMS00003801,A000937,2026-01-11 20:00:00,DELIVERED
SMS00003802,A000907,2026-01-01 18:00:00,DELIVERED
SMS00003803,A001323,2026-08-04 10:00:00,DELIVERED
SMS00003804,A000507,2026-05-25 09:00:00,DELIVERED
SMS00003805,A001139,2026-02-24 16:00:00,DELIVERED
SMS00003806,A001926,2026-01-25 09:00:00,DELIVERED
SMS00003807,A003547,2026-04-01 08:00:00,DELIVERED
SMS00003808,A002096,2026-02-16 10:00:00,DELIVERED
SMS00003809,A003760,2026-01-26 17:00:00,DELIVERED
SMS00003810,A001369,2026-06-22 11:00:00,DELIVERED
SMS00003811,A003487,2026-06-27 17:00:00,DELIVERED
SMS00003812,A003438,2025-10-21 13:00:00,DELIVERED
SMS00003813,A002589,2026-01-21 18:00:00,DELIVERED
SMS00003814,A001766,2026-02-19 21:00:00,DELIVERED
SMS00003815,A003938,2026-04-26 22:00:00,DELIVERED
SMS00003816,A002835,2026-06-13 13:00:00,DELIVERED
SMS00003817,A003536,2026-01-25 13:00:00,DELIVERED
SMS00003818,A000313,2026-03-02 16:00:00,DELIVERED
SMS00003819,A004080,2026-02-06 19:00:00,DELIVERED
SMS00003820,A001709,2026-08-06 17:00:00,DELIVERED
SMS00003821,A000119,2026-08-01 12:00:00,DELIVERED
SMS00003822,A001388,2025-09-27 16:00:00,DELIVERED
SMS00003823,A000941,2025-12-11 19:00:00,SENT
SMS00003824,A001494,2026-05-02 12:00:00,SENT
SMS00003825,A003497,2025-09-22 22:00:00,FAILED
SMS00003826,A000217,2025-09-25 11:00:00,FAILED
SMS00003827,A003836,2026-06-11 22:00:00,DELIVERED
SMS00003828,A003282,2026-05-15 14:00:00,FAILED
SMS00003829,A001450,2026-08-27 15:00:00,DELIVERED
SMS00003830,A003251,2026-05-10 11:00:00,DELIVERED
SMS00003831,A004187,2026-04-16 14:00:00,DELIVERED
SMS00003832,A000112,2025-09-02 13:00:00,DELIVERED
SMS00003833,A000575,2026-04-13 11:00:00,DELIVERED
SMS00003834,A000818,2026-03-16 10:00:00,SENT
SMS00003835,A002126,2026-02-05 07:00:00,SENT
SMS00003836,A002240,2025-10-09 19:00:00,DELIVERED
SMS00003837,A001137,2026-06-09 16:00:00,SENT
SMS00003838,A000293,2026-05-25 20:00:00,DELIVERED
SMS00003839,A001105,2025-11-08 15:00:00,DELIVERED
SMS00003840,A001124,2026-03-18 15:00:00,DELIVERED
SMS00003841,A000679,2025-09-09 22:00:00,FAILED
SMS00003842,A001222,2026-03-08 13:00:00,SENT
SMS00003843,A001971,2026-05-03 21:00:00,DELIVERED
SMS00003844,A003349,2026-05-01 19:00:00,DELIVERED
SMS00003845,A002406,2025-09-15 11:00:00,SENT
SMS00003846,A003566,2025-09-21 22:00:00,DELIVERED
SMS00003847,A003014,2026-02-10 09:00:00,DELIVERED
SMS00003848,A003304,2026-03-05 12:00:00,DELIVERED
SMS00003849,A002011,2026-07-02 21:00:00,DELIVERED
SMS00003850,A000805,2025-12-11 22:00:00,SENT
SMS00003851,A000270,2026-02-25 11:00:00,DELIVERED
SMS00003852,A001034,2026-08-22 09:00:00,FAILED
SMS00003853,A003441,2025-12-19 11:00:00,DELIVERED
SMS00003854,A003564,2026-02-08 16:00:00,DELIVERED
SMS00003855,A000480,2025-09-19 19:00:00,DELIVERED
SMS00003856,A002765,2025-10-13 16:00:00,DELIVERED
SMS00003857,A002139,2025-11-22 12:00:00,DELIVERED
SMS00003858,A002959,2026-05-10 21:00:00,DELIVERED
SMS00003859,A001034,2026-05-03 18:00:00,SENT
SMS00003860,A002926,2026-02-26 12:00:00,DELIVERED
SMS00003861,A000475,2026-08-22 13:00:00,DELIVERED
SMS00003862,A001331,2026-08-19 19:00:00,DELIVERED
SMS00003863,A003918,2026-08-02 16:00:00,DELIVERED
SMS00003864,A003764,2026-05-18 18:00:00,DELIVERED
SMS00003865,A002577,2026-07-27 19:00:00,DELIVERED
SMS00003866,A003374,2026-02-13 20:00:00,SENT
SMS00003867,A002406,2026-02-14 08:00:00,SENT
SMS00003868,A000902,2025-11-21 16:00:00,DELIVERED
SMS00003869,A003254,2025-09-03 16:00:00,FAILED
SMS00003870,A003954,2025-09-12 14:00:00,SENT
SMS00003871,A004103,2026-08-13 10:00:00,DELIVERED
SMS00003872,A002740,2026-02-11 08:00:00,SENT
SMS00003873,A000853,2026-06-24 09:00:00,FAILED
SMS00003874,A001614,2025-11-20 08:00:00,DELIVERED
SMS00003875,A002993,2025-11-11 13:00:00,SENT
SMS00003876,A002074,2025-12-27 11:00:00,SENT
SMS00003877,A000375,2026-08-07 17:00:00,FAILED
SMS00003878,A001595,2026-03-12 15:00:00,DELIVERED
SMS00003879,A003521,2026-01-15 15:00:00,DELIVERED
SMS00003880,A003400,2026-01-19 12:00:00,DELIVERED
SMS00003881,A000456,2026-02-09 22:00:00,DELIVERED
SMS00003882,A002887,2026-06-09 15:00:00,SENT
SMS00003883,A003620,2026-03-16 13:00:00,DELIVERED
SMS00003884,A002820,2025-11-06 19:00:00,SENT
SMS00003885,A003763,2025-12-11 09:00:00,FAILED
SMS00003886,A002829,2026-07-18 11:00:00,DELIVERED
SMS00003887,A003572,2026-08-02 20:00:00,DELIVERED
SMS00003888,A001697,2026-03-13 18:00:00,DELIVERED
SMS00003889,A003484,2026-01-25 18:00:00,DELIVERED
SMS00003890,A001677,2026-08-25 13:00:00,DELIVERED
SMS00003891,A003216,2026-03-01 10:00:00,DELIVERED
SMS00003892,A002406,2025-11-08 20:00:00,DELIVERED
SMS00003893,A002681,2025-12-25 17:00:00,DELIVERED
SMS00003894,A000042,2025-11-16 17:00:00,DELIVERED
SMS00003895,A001844,2026-03-23 18:00:00,DELIVERED
SMS00003896,A000501,2026-08-01 22:00:00,DELIVERED
SMS00003897,A003798,2026-01-19 15:00:00,DELIVERED
SMS00003898,A000608,2026-03-22 07:00:00,DELIVERED
SMS00003899,A000304,2026-07-12 16:00:00,FAILED
SMS00003900,A000737,2026-05-19 19:00:00,DELIVERED
SMS00003901,A002938,2025-09-27 18:00:00,SENT
SMS00003902,A001855,2026-08-25 09:00:00,FAILED
SMS00003903,A004071,2025-11-26 07:00:00,DELIVERED
SMS00003904,A002298,2026-05-25 08:00:00,DELIVERED
SMS00003905,A003662,2025-09-11 16:00:00,DELIVERED
SMS00003906,A000756,2026-02-13 07:00:00,FAILED
SMS00003907,A002557,2026-03-10 08:00:00,DELIVERED
SMS00003908,A001014,2026-04-21 10:00:00,DELIVERED
SMS00003909,A002923,2026-04-22 19:00:00,SENT
SMS00003910,A003796,2026-01-03 08:00:00,SENT
SMS00003911,A001726,2025-09-19 12:00:00,SENT
SMS00003912,A001169,2026-07-03 13:00:00,DELIVERED
SMS00003913,A003832,2025-10-03 07:00:00,DELIVERED
SMS00003914,A000488,2026-05-17 20:00:00,DELIVERED
SMS00003915,A002923,2025-10-02 14:00:00,DELIVERED
SMS00003916,A003568,2026-08-01 11:00:00,DELIVERED
SMS00003917,A004165,2026-04-18 08:00:00,DELIVERED
SMS00003918,A001449,2026-08-11 17:00:00,DELIVERED
SMS00003919,A003278,2026-03-01 16:00:00,FAILED
SMS00003920,A002756,2026-04-07 11:00:00,SENT
SMS00003921,A002253,2026-01-16 13:00:00,DELIVERED
SMS00003922,A001493,2025-10-27 18:00:00,DELIVERED
SMS00003923,A003320,2026-07-11 16:00:00,DELIVERED
SMS00003924,A003450,2026-07-18 16:00:00,DELIVERED
SMS00003925,A004173,2026-03-21 20:00:00,DELIVERED
SMS00003926,A002547,2025-12-13 19:00:00,SENT
SMS00003927,A002391,2025-10-06 12:00:00,DELIVERED
SMS00003928,A000572,2026-04-10 12:00:00,DELIVERED
SMS00003929,A002475,2025-12-20 21:00:00,DELIVERED
SMS00003930,A001740,2026-02-10 16:00:00,DELIVERED
SMS00003931,A002808,2026-08-06 21:00:00,DELIVERED
SMS00003932,A003292,2025-12-16 17:00:00,SENT
SMS00003933,A001525,2026-01-27 22:00:00,DELIVERED
SMS00003934,A000666,2025-10-15 11:00:00,DELIVERED
SMS00003935,A001936,2026-08-24 10:00:00,DELIVERED
SMS00003936,A004074,2025-10-14 13:00:00,FAILED
SMS00003937,A002401,2025-11-10 10:00:00,DELIVERED
SMS00003938,A000731,2026-04-17 18:00:00,DELIVERED
SMS00003939,A000310,2026-03-08 14:00:00,DELIVERED
SMS00003940,A000703,2026-03-22 08:00:00,DELIVERED
SMS00003941,A002490,2026-02-25 19:00:00,DELIVERED
SMS00003942,A000713,2025-12-04 21:00:00,DELIVERED
SMS00003943,A001611,2025-10-13 12:00:00,SENT
SMS00003944,A002433,2026-03-13 22:00:00,DELIVERED
SMS00003945,A001045,2025-10-18 18:00:00,FAILED
SMS00003946,A003964,2026-04-12 14:00:00,DELIVERED
SMS00003947,A002917,2026-06-03 10:00:00,FAILED
SMS00003948,A002875,2025-09-24 09:00:00,DELIVERED
SMS00003949,A000232,2026-02-02 07:00:00,DELIVERED
SMS00003950,A003226,2025-10-17 16:00:00,DELIVERED
SMS00003951,A001226,2026-01-07 10:00:00,DELIVERED
SMS00003952,A003290,2025-10-19 21:00:00,DELIVERED
SMS00003953,A003346,2026-07-25 17:00:00,DELIVERED
SMS00003954,A001731,2026-04-06 12:00:00,DELIVERED
SMS00003955,A003189,2025-11-15 13:00:00,DELIVERED
SMS00003956,A004003,2026-04-01 12:00:00,DELIVERED
SMS00003957,A001453,2026-01-22 19:00:00,FAILED
SMS00003958,A000040,2026-04-23 13:00:00,SENT
SMS00003959,A002779,2026-05-11 10:00:00,SENT
SMS00003960,A004146,2026-08-11 17:00:00,DELIVERED
SMS00003961,A001921,2026-05-13 17:00:00,DELIVERED
SMS00003962,A000137,2026-05-08 07:00:00,DELIVERED
SMS00003963,A003457,2026-06-18 11:00:00,SENT
SMS00003964,A003109,2025-09-12 12:00:00,SENT
SMS00003965,A002851,2026-07-04 11:00:00,SENT
SMS00003966,A003066,2026-02-17 11:00:00,DELIVERED
SMS00003967,A001204,2026-07-06 21:00:00,DELIVERED
SMS00003968,A002116,2026-04-02 19:00:00,DELIVERED
SMS00003969,A001571,2026-05-20 09:00:00,FAILED
SMS00003970,A000088,2025-12-17 13:00:00,DELIVERED
SMS00003971,A000588,2026-08-03 09:00:00,DELIVERED
SMS00003972,A000407,2026-08-19 09:00:00,SENT
SMS00003973,A003775,2025-09-15 07:00:00,DELIVERED
SMS00003974,A002718,2026-04-24 11:00:00,DELIVERED
SMS00003975,A000209,2025-09-03 14:00:00,SENT
SMS00003976,A000120,2025-11-04 16:00:00,DELIVERED
SMS00003977,A003827,2025-09-16 13:00:00,DELIVERED
SMS00003978,A001464,2026-03-15 08:00:00,DELIVERED
SMS00003979,A002196,2026-03-23 15:00:00,DELIVERED
SMS00003980,A000318,2025-09-09 14:00:00,SENT
SMS00003981,A000998,2026-02-26 15:00:00,DELIVERED
SMS00003982,A000430,2025-11-17 22:00:00,DELIVERED
SMS00003983,A000864,2026-04-22 12:00:00,DELIVERED
SMS00003984,A003413,2026-05-22 18:00:00,DELIVERED
SMS00003985,A000037,2025-09-08 08:00:00,DELIVERED
SMS00003986,A000835,2025-09-01 07:00:00,DELIVERED
SMS00003987,A000263,2025-11-23 22:00:00,DELIVERED
SMS00003988,A001801,2026-02-14 16:00:00,DELIVERED
SMS00003989,A000183,2025-09-07 18:00:00,DELIVERED
SMS00003990,A001256,2025-12-06 09:00:00,SENT
SMS00003991,A000779,2026-08-27 20:00:00,FAILED
SMS00003992,A000810,2026-03-04 17:00:00,DELIVERED
SMS00003993,A003311,2026-08-25 22:00:00,DELIVERED
SMS00003994,A001820,2026-05-22 10:00:00,DELIVERED
SMS00003995,A000984,2025-12-12 09:00:00,DELIVERED
SMS00003996,A003562,2026-07-14 17:00:00,SENT
SMS00003997,A003633,2026-06-20 18:00:00,DELIVERED
SMS00003998,A001369,2026-08-23 22:00:00,DELIVERED
SMS00003999,A003463,2026-02-24 14:00:00,DELIVERED
SMS00004000,A000848,2026-04-09 13:00:00,SENT
SMS00004001,A001255,2025-09-14 12:00:00,SENT
SMS00004002,A000281,2025-10-24 17:00:00,DELIVERED
SMS00004003,A002613,2026-07-12 21:00:00,DELIVERED
SMS00004004,A002803,2026-01-17 19:00:00,DELIVERED
SMS00004005,A001176,2026-05-25 10:00:00,DELIVERED
SMS00004006,A001140,2026-06-09 17:00:00,DELIVERED
SMS00004007,A001413,2025-10-16 12:00:00,DELIVERED
SMS00004008,A000131,2026-06-01 16:00:00,DELIVERED
SMS00004009,A000164,2025-09-06 14:00:00,FAILED
SMS00004010,A000632,2026-04-10 20:00:00,DELIVERED
SMS00004011,A003451,2026-07-07 10:00:00,DELIVERED
SMS00004012,A001302,2026-04-02 16:00:00,DELIVERED
SMS00004013,A001803,2025-11-04 20:00:00,SENT
SMS00004014,A003143,2026-07-06 08:00:00,DELIVERED
SMS00004015,A002200,2025-10-25 07:00:00,DELIVERED
SMS00004016,A001584,2026-07-17 18:00:00,DELIVERED
SMS00004017,A001043,2026-08-07 20:00:00,DELIVERED
SMS00004018,A002086,2025-11-27 08:00:00,DELIVERED
SMS00004019,A003635,2026-01-01 16:00:00,DELIVERED
SMS00004020,A004039,2026-01-27 08:00:00,DELIVERED
SMS00004021,A001494,2026-04-15 22:00:00,DELIVERED
SMS00004022,A003643,2026-07-12 14:00:00,DELIVERED
SMS00004023,A000883,2026-02-20 15:00:00,DELIVERED
SMS00004024,A002655,2026-06-03 07:00:00,DELIVERED
SMS00004025,A003920,2026-04-22 14:00:00,DELIVERED
SMS00004026,A004192,2025-12-20 22:00:00,DELIVERED
SMS00004027,A002764,2026-08-16 12:00:00,DELIVERED
SMS00004028,A002308,2026-05-26 13:00:00,DELIVERED
SMS00004029,A002863,2025-09-09 11:00:00,DELIVERED
SMS00004030,A003729,2026-06-06 22:00:00,DELIVERED
SMS00004031,A001349,2025-09-13 22:00:00,DELIVERED
SMS00004032,A001567,2026-06-14 11:00:00,DELIVERED
SMS00004033,A000614,2026-01-19 17:00:00,DELIVERED
SMS00004034,A003886,2026-04-09 20:00:00,SENT
SMS00004035,A004083,2026-03-02 07:00:00,SENT
SMS00004036,A004099,2026-04-11 16:00:00,DELIVERED
SMS00004037,A003617,2026-06-04 08:00:00,DELIVERED
SMS00004038,A004053,2026-03-01 14:00:00,SENT
SMS00004039,A000491,2026-08-10 17:00:00,DELIVERED
SMS00004040,A001397,2026-05-02 17:00:00,DELIVERED
SMS00004041,A001220,2026-05-27 20:00:00,DELIVERED
SMS00004042,A002191,2026-06-20 14:00:00,DELIVERED
SMS00004043,A000576,2026-03-23 09:00:00,DELIVERED
SMS00004044,A003948,2026-04-10 16:00:00,DELIVERED
SMS00004045,A001641,2025-10-13 17:00:00,DELIVERED
SMS00004046,A001520,2026-04-19 21:00:00,DELIVERED
SMS00004047,A001856,2026-01-27 13:00:00,DELIVERED
SMS00004048,A002780,2026-08-20 22:00:00,SENT
SMS00004049,A003019,2025-12-12 12:00:00,DELIVERED
SMS00004050,A004010,2025-10-15 11:00:00,DELIVERED
SMS00004051,A000808,2025-10-25 14:00:00,DELIVERED
SMS00004052,A002804,2026-04-01 11:00:00,DELIVERED
SMS00004053,A002816,2026-03-03 14:00:00,FAILED
SMS00004054,A003613,2026-07-27 20:00:00,DELIVERED
SMS00004055,A003406,2026-02-07 20:00:00,DELIVERED
SMS00004056,A002615,2026-01-11 11:00:00,SENT
SMS00004057,A000168,2026-04-21 13:00:00,SENT
SMS00004058,A001627,2026-02-24 22:00:00,DELIVERED
SMS00004059,A002456,2025-09-26 10:00:00,DELIVERED
SMS00004060,A002310,2026-05-21 14:00:00,DELIVERED
SMS00004061,A003636,2025-12-13 22:00:00,DELIVERED
SMS00004062,A002839,2026-03-03 15:00:00,DELIVERED
SMS00004063,A003417,2026-04-11 20:00:00,DELIVERED
SMS00004064,A003165,2026-05-08 11:00:00,DELIVERED
SMS00004065,A002799,2026-06-22 20:00:00,SENT
SMS00004066,A000324,2025-10-20 20:00:00,DELIVERED
SMS00004067,A001051,2026-03-11 07:00:00,DELIVERED
SMS00004068,A003434,2026-05-23 17:00:00,FAILED
SMS00004069,A002562,2025-11-10 16:00:00,FAILED
SMS00004070,A002535,2026-06-13 12:00:00,DELIVERED
SMS00004071,A000115,2026-05-20 12:00:00,DELIVERED
SMS00004072,A000332,2026-08-18 11:00:00,FAILED
SMS00004073,A001756,2026-03-04 16:00:00,FAILED
SMS00004074,A001914,2025-09-09 08:00:00,DELIVERED
SMS00004075,A002237,2026-07-11 22:00:00,SENT
SMS00004076,A002928,2025-09-18 13:00:00,DELIVERED
SMS00004077,A003531,2026-06-22 09:00:00,DELIVERED
SMS00004078,A001403,2025-12-20 08:00:00,DELIVERED
SMS00004079,A003575,2025-12-07 15:00:00,FAILED
SMS00004080,A001599,2025-11-26 08:00:00,FAILED
SMS00004081,A003569,2025-10-12 22:00:00,DELIVERED
SMS00004082,A000766,2026-01-01 09:00:00,DELIVERED
SMS00004083,A003454,2026-07-25 17:00:00,DELIVERED
SMS00004084,A002860,2025-11-23 15:00:00,DELIVERED
SMS00004085,A001684,2026-03-27 21:00:00,DELIVERED
SMS00004086,A001474,2025-12-01 22:00:00,DELIVERED
SMS00004087,A000800,2026-05-12 15:00:00,DELIVERED
SMS00004088,A000019,2026-06-22 17:00:00,DELIVERED
SMS00004089,A003409,2025-10-21 11:00:00,FAILED
SMS00004090,A000967,2026-02-09 17:00:00,SENT
SMS00004091,A003881,2026-04-07 22:00:00,SENT
SMS00004092,A002499,2026-05-05 18:00:00,DELIVERED
SMS00004093,A002720,2026-02-08 21:00:00,DELIVERED
SMS00004094,A002463,2025-12-03 21:00:00,SENT
SMS00004095,A002625,2026-06-14 09:00:00,DELIVERED
SMS00004096,A001893,2026-08-27 09:00:00,DELIVERED
SMS00004097,A000101,2025-11-13 19:00:00,DELIVERED
SMS00004098,A004047,2025-12-24 17:00:00,DELIVERED
SMS00004099,A000408,2026-03-24 09:00:00,DELIVERED
SMS00004100,A003033,2026-06-12 18:00:00,DELIVERED
SMS00004101,A000041,2026-02-10 15:00:00,DELIVERED
SMS00004102,A003868,2025-11-01 16:00:00,DELIVERED
SMS00004103,A000482,2026-01-11 22:00:00,DELIVERED
SMS00004104,A001790,2025-11-23 07:00:00,DELIVERED
SMS00004105,A003793,2026-01-03 16:00:00,SENT
SMS00004106,A002417,2026-05-11 18:00:00,DELIVERED
SMS00004107,A000968,2026-07-27 09:00:00,DELIVERED
SMS00004108,A002742,2026-06-04 08:00:00,DELIVERED
SMS00004109,A000376,2025-10-11 17:00:00,DELIVERED
SMS00004110,A002644,2025-09-12 17:00:00,SENT
SMS00004111,A001722,2025-11-10 11:00:00,DELIVERED
SMS00004112,A000904,2025-12-11 12:00:00,DELIVERED
SMS00004113,A003404,2026-05-11 15:00:00,DELIVERED
SMS00004114,A003581,2025-09-01 10:00:00,SENT
SMS00004115,A003321,2025-09-27 09:00:00,FAILED
SMS00004116,A002373,2025-11-17 18:00:00,SENT
SMS00004117,A003905,2026-05-08 21:00:00,DELIVERED
SMS00004118,A001696,2026-03-14 21:00:00,SENT
SMS00004119,A002276,2026-08-10 21:00:00,DELIVERED
SMS00004120,A003902,2026-06-26 20:00:00,SENT
SMS00004121,A000832,2026-01-12 13:00:00,DELIVERED
SMS00004122,A003026,2026-05-25 14:00:00,SENT
SMS00004123,A000763,2026-08-04 14:00:00,FAILED
SMS00004124,A003831,2026-02-06 17:00:00,DELIVERED
SMS00004125,A000007,2026-02-03 13:00:00,SENT
SMS00004126,A002510,2025-12-25 19:00:00,SENT
SMS00004127,A002461,2026-06-20 17:00:00,FAILED
SMS00004128,A000307,2025-12-10 19:00:00,DELIVERED
SMS00004129,A000357,2025-11-12 14:00:00,DELIVERED
SMS00004130,A003456,2026-04-14 20:00:00,DELIVERED
SMS00004131,A003705,2026-04-08 09:00:00,DELIVERED
SMS00004132,A002578,2026-02-05 08:00:00,SENT
SMS00004133,A003382,2026-06-27 10:00:00,DELIVERED
SMS00004134,A003244,2026-03-21 08:00:00,DELIVERED
SMS00004135,A001951,2025-10-21 19:00:00,SENT
SMS00004136,A000645,2026-02-10 17:00:00,SENT
SMS00004137,A000404,2026-07-13 13:00:00,SENT
SMS00004138,A000887,2025-09-10 15:00:00,SENT
SMS00004139,A000897,2025-11-01 22:00:00,DELIVERED
SMS00004140,A000638,2026-05-06 17:00:00,SENT
SMS00004141,A002649,2025-09-24 16:00:00,DELIVERED
SMS00004142,A000838,2026-08-24 10:00:00,FAILED
SMS00004143,A002705,2026-02-19 22:00:00,DELIVERED
SMS00004144,A000613,2026-08-11 17:00:00,DELIVERED
SMS00004145,A002987,2026-08-08 09:00:00,DELIVERED
SMS00004146,A003985,2025-11-11 12:00:00,FAILED
SMS00004147,A003394,2025-12-09 14:00:00,DELIVERED
SMS00004148,A001931,2025-12-13 07:00:00,DELIVERED
SMS00004149,A002293,2026-05-02 18:00:00,DELIVERED
SMS00004150,A001442,2026-04-11 11:00:00,DELIVERED
SMS00004151,A001423,2025-11-22 22:00:00,FAILED
SMS00004152,A003725,2026-02-25 09:00:00,DELIVERED
SMS00004153,A003485,2025-12-08 12:00:00,DELIVERED
SMS00004154,A002886,2025-12-14 17:00:00,SENT
SMS00004155,A000689,2026-07-17 22:00:00,DELIVERED
SMS00004156,A003067,2026-05-20 12:00:00,FAILED
SMS00004157,A003948,2026-04-22 14:00:00,DELIVERED
SMS00004158,A002012,2025-09-05 21:00:00,DELIVERED
SMS00004159,A001028,2026-02-13 16:00:00,DELIVERED
SMS00004160,A000009,2026-06-12 21:00:00,SENT
SMS00004161,A003795,2026-08-04 09:00:00,SENT
SMS00004162,A002672,2025-10-24 21:00:00,DELIVERED
SMS00004163,A002290,2026-01-13 22:00:00,DELIVERED
SMS00004164,A000294,2026-02-19 18:00:00,DELIVERED
SMS00004165,A003990,2026-02-09 17:00:00,SENT
SMS00004166,A001322,2026-03-26 07:00:00,DELIVERED
SMS00004167,A002042,2025-09-02 22:00:00,DELIVERED
SMS00004168,A002754,2025-09-04 21:00:00,DELIVERED
SMS00004169,A001492,2026-02-09 21:00:00,DELIVERED
SMS00004170,A001705,2025-12-01 08:00:00,SENT
SMS00004171,A003646,2025-12-21 13:00:00,DELIVERED
SMS00004172,A003603,2025-09-06 14:00:00,DELIVERED
SMS00004173,A000929,2026-07-17 12:00:00,SENT
SMS00004174,A000270,2026-03-16 13:00:00,DELIVERED
SMS00004175,A002674,2025-09-03 18:00:00,DELIVERED
SMS00004176,A002156,2026-04-21 19:00:00,DELIVERED
SMS00004177,A003110,2026-06-15 08:00:00,DELIVERED
SMS00004178,A002182,2025-10-18 07:00:00,DELIVERED
SMS00004179,A001837,2025-11-23 09:00:00,DELIVERED
SMS00004180,A002630,2025-10-20 11:00:00,DELIVERED
SMS00004181,A002173,2025-11-17 18:00:00,DELIVERED
SMS00004182,A001823,2026-02-02 15:00:00,SENT
SMS00004183,A001848,2026-06-10 10:00:00,DELIVERED
SMS00004184,A000351,2026-01-12 10:00:00,DELIVERED
SMS00004185,A003020,2026-06-02 12:00:00,FAILED
SMS00004186,A002872,2025-12-23 11:00:00,DELIVERED
SMS00004187,A003991,2025-11-15 07:00:00,FAILED
SMS00004188,A003579,2026-04-17 08:00:00,SENT
SMS00004189,A003842,2026-02-26 21:00:00,SENT
SMS00004190,A003411,2025-12-16 11:00:00,DELIVERED
SMS00004191,A002125,2026-06-18 13:00:00,DELIVERED
SMS00004192,A000031,2026-05-22 07:00:00,DELIVERED
SMS00004193,A000719,2026-08-04 21:00:00,FAILED
SMS00004194,A002465,2025-10-02 16:00:00,SENT
SMS00004195,A001313,2026-03-26 07:00:00,SENT
SMS00004196,A000170,2026-01-24 19:00:00,DELIVERED
SMS00004197,A001423,2025-11-24 09:00:00,SENT
SMS00004198,A000428,2026-04-14 07:00:00,DELIVERED
SMS00004199,A000151,2026-07-10 12:00:00,DELIVERED
SMS00004200,A002443,2026-07-14 09:00:00,FAILED
SMS00004201,A001201,2025-12-08 16:00:00,FAILED
SMS00004202,A003201,2026-08-02 14:00:00,SENT
SMS00004203,A003832,2026-07-05 22:00:00,FAILED
SMS00004204,A003492,2025-12-09 22:00:00,DELIVERED
SMS00004205,A000447,2026-02-01 07:00:00,SENT
SMS00004206,A000967,2025-11-09 12:00:00,SENT
SMS00004207,A003201,2026-08-05 09:00:00,DELIVERED
SMS00004208,A003920,2026-01-23 07:00:00,DELIVERED
SMS00004209,A003317,2026-03-17 22:00:00,FAILED
SMS00004210,A003395,2026-06-17 16:00:00,DELIVERED
SMS00004211,A002076,2026-07-20 18:00:00,DELIVERED
SMS00004212,A003785,2026-05-16 11:00:00,DELIVERED
SMS00004213,A002066,2025-10-02 20:00:00,DELIVERED
SMS00004214,A000355,2026-01-09 17:00:00,DELIVERED
SMS00004215,A001155,2026-03-12 21:00:00,FAILED
SMS00004216,A002754,2026-01-24 17:00:00,SENT
SMS00004217,A000311,2026-08-12 11:00:00,DELIVERED
SMS00004218,A000779,2026-06-13 20:00:00,DELIVERED
SMS00004219,A002641,2025-09-03 14:00:00,DELIVERED
SMS00004220,A000799,2026-07-20 21:00:00,DELIVERED
SMS00004221,A000276,2026-01-09 09:00:00,DELIVERED
SMS00004222,A000644,2026-05-11 22:00:00,DELIVERED
SMS00004223,A002680,2025-10-07 11:00:00,DELIVERED
SMS00004224,A003641,2025-12-16 08:00:00,DELIVERED
SMS00004225,A000168,2025-10-05 19:00:00,DELIVERED
SMS00004226,A000671,2025-12-16 22:00:00,DELIVERED
SMS00004227,A003172,2026-07-20 10:00:00,DELIVERED
SMS00004228,A000288,2026-08-13 07:00:00,DELIVERED
SMS00004229,A003787,2025-12-20 16:00:00,FAILED
SMS00004230,A002809,2026-06-13 10:00:00,SENT
SMS00004231,A003025,2026-08-22 19:00:00,DELIVERED
SMS00004232,A001792,2026-07-16 18:00:00,FAILED
SMS00004233,A003777,2026-02-23 10:00:00,SENT
SMS00004234,A003428,2025-09-01 10:00:00,DELIVERED
SMS00004235,A001243,2025-10-20 07:00:00,SENT
SMS00004236,A003447,2026-06-18 10:00:00,FAILED
SMS00004237,A003379,2026-04-05 17:00:00,DELIVERED
SMS00004238,A003471,2026-05-09 21:00:00,DELIVERED
SMS00004239,A003626,2026-07-27 07:00:00,SENT
SMS00004240,A002737,2026-06-07 20:00:00,DELIVERED
SMS00004241,A003077,2026-01-06 12:00:00,DELIVERED
SMS00004242,A001399,2026-08-18 22:00:00,DELIVERED
SMS00004243,A000647,2026-05-25 15:00:00,DELIVERED
SMS00004244,A000777,2026-06-15 13:00:00,DELIVERED
SMS00004245,A002235,2025-11-15 14:00:00,DELIVERED
SMS00004246,A003957,2025-11-19 12:00:00,DELIVERED
SMS00004247,A002753,2026-02-03 12:00:00,DELIVERED
SMS00004248,A003705,2025-09-05 13:00:00,FAILED
SMS00004249,A004191,2025-10-19 19:00:00,DELIVERED
SMS00004250,A001979,2025-12-03 17:00:00,DELIVERED
SMS00004251,A003072,2026-08-03 09:00:00,SENT
SMS00004252,A003036,2026-08-22 18:00:00,DELIVERED
SMS00004253,A000874,2026-05-18 14:00:00,DELIVERED
SMS00004254,A000533,2026-08-19 09:00:00,DELIVERED
SMS00004255,A001156,2026-03-05 17:00:00,DELIVERED
SMS00004256,A003627,2026-07-18 18:00:00,DELIVERED
SMS00004257,A003758,2026-08-04 10:00:00,DELIVERED
SMS00004258,A002002,2025-11-01 22:00:00,DELIVERED
SMS00004259,A002453,2026-08-22 18:00:00,DELIVERED
SMS00004260,A004026,2025-11-12 15:00:00,DELIVERED
SMS00004261,A000684,2025-09-19 13:00:00,DELIVERED
SMS00004262,A003122,2026-01-02 16:00:00,SENT
SMS00004263,A001604,2026-08-18 13:00:00,DELIVERED
SMS00004264,A003514,2026-06-16 22:00:00,DELIVERED
SMS00004265,A000911,2026-05-12 13:00:00,SENT
SMS00004266,A001922,2025-12-02 21:00:00,DELIVERED
SMS00004267,A000992,2025-10-01 07:00:00,SENT
SMS00004268,A003828,2026-08-20 19:00:00,DELIVERED
SMS00004269,A001493,2026-06-27 22:00:00,DELIVERED
SMS00004270,A003557,2025-12-26 21:00:00,SENT
SMS00004271,A003985,2026-07-03 21:00:00,DELIVERED
SMS00004272,A001144,2026-02-24 15:00:00,FAILED
SMS00004273,A002342,2025-10-05 14:00:00,SENT
SMS00004274,A000863,2026-01-02 22:00:00,SENT
SMS00004275,A000577,2026-04-11 21:00:00,FAILED
SMS00004276,A003321,2025-12-08 18:00:00,SENT
SMS00004277,A000324,2025-10-03 11:00:00,FAILED
SMS00004278,A000661,2026-03-08 18:00:00,DELIVERED
SMS00004279,A003460,2026-04-16 18:00:00,FAILED
SMS00004280,A001187,2025-12-23 10:00:00,SENT
SMS00004281,A002752,2025-11-27 11:00:00,DELIVERED
SMS00004282,A001376,2026-06-15 22:00:00,DELIVERED
SMS00004283,A002153,2026-07-04 10:00:00,FAILED
SMS00004284,A000393,2026-07-07 19:00:00,DELIVERED
SMS00004285,A000528,2026-03-26 14:00:00,DELIVERED
SMS00004286,A003603,2025-10-19 22:00:00,DELIVERED
SMS00004287,A000561,2026-05-22 09:00:00,DELIVERED
SMS00004288,A003568,2026-02-20 21:00:00,SENT
SMS00004289,A001983,2026-04-15 08:00:00,FAILED
SMS00004290,A003703,2026-04-27 16:00:00,DELIVERED
SMS00004291,A000526,2026-01-08 21:00:00,DELIVERED
SMS00004292,A003743,2026-07-09 22:00:00,DELIVERED
SMS00004293,A003627,2026-08-20 15:00:00,SENT
SMS00004294,A004164,2026-02-20 21:00:00,FAILED
SMS00004295,A002917,2026-08-09 16:00:00,DELIVERED
SMS00004296,A000162,2026-08-27 13:00:00,DELIVERED
SMS00004297,A001834,2025-10-05 14:00:00,FAILED
SMS00004298,A001179,2025-11-25 08:00:00,DELIVERED
SMS00004299,A003707,2026-02-27 16:00:00,DELIVERED
SMS00004300,A000540,2026-06-27 13:00:00,FAILED
SMS00004301,A002114,2026-08-19 18:00:00,DELIVERED
SMS00004302,A000901,2025-09-15 10:00:00,DELIVERED
SMS00004303,A001182,2025-12-07 16:00:00,FAILED
SMS00004304,A000299,2025-09-03 10:00:00,SENT
SMS00004305,A002751,2026-07-21 22:00:00,DELIVERED
SMS00004306,A000094,2026-03-19 11:00:00,DELIVERED
SMS00004307,A001285,2026-04-10 12:00:00,DELIVERED
SMS00004308,A001463,2025-09-09 07:00:00,DELIVERED
SMS00004309,A003820,2026-03-09 16:00:00,SENT
SMS00004310,A000356,2026-08-26 20:00:00,DELIVERED
SMS00004311,A000692,2026-01-18 11:00:00,DELIVERED
SMS00004312,A002581,2026-03-24 11:00:00,DELIVERED
SMS00004313,A003711,2025-09-13 08:00:00,DELIVERED
SMS00004314,A002656,2025-11-22 14:00:00,DELIVERED
SMS00004315,A003146,2025-09-06 13:00:00,DELIVERED
SMS00004316,A000591,2025-11-02 16:00:00,DELIVERED
SMS00004317,A002131,2026-06-02 21:00:00,DELIVERED
SMS00004318,A004154,2026-05-15 21:00:00,DELIVERED
SMS00004319,A000877,2025-09-26 18:00:00,DELIVERED
SMS00004320,A003404,2025-11-07 20:00:00,DELIVERED
SMS00004321,A002829,2026-07-09 09:00:00,SENT
SMS00004322,A002091,2025-11-15 18:00:00,DELIVERED
SMS00004323,A002240,2025-12-26 14:00:00,DELIVERED
SMS00004324,A004162,2026-02-20 18:00:00,SENT
SMS00004325,A001217,2026-05-15 17:00:00,SENT
SMS00004326,A002175,2026-01-19 13:00:00,DELIVERED
SMS00004327,A003852,2025-12-12 11:00:00,DELIVERED
SMS00004328,A002800,2026-02-01 22:00:00,SENT
SMS00004329,A003764,2026-03-10 08:00:00,DELIVERED
SMS00004330,A003510,2026-08-23 20:00:00,SENT
SMS00004331,A004107,2026-05-11 20:00:00,DELIVERED
SMS00004332,A001560,2026-07-13 18:00:00,DELIVERED
SMS00004333,A002135,2025-11-03 17:00:00,DELIVERED
SMS00004334,A002754,2026-02-09 12:00:00,DELIVERED
SMS00004335,A003933,2026-01-16 21:00:00,DELIVERED
SMS00004336,A002739,2026-05-16 20:00:00,DELIVERED
SMS00004337,A003019,2026-03-10 17:00:00,DELIVERED
SMS00004338,A002535,2026-04-13 09:00:00,DELIVERED
SMS00004339,A001662,2026-03-17 13:00:00,DELIVERED
SMS00004340,A003242,2025-10-04 22:00:00,DELIVERED
SMS00004341,A002879,2026-05-25 14:00:00,FAILED
SMS00004342,A000266,2025-09-22 18:00:00,SENT
SMS00004343,A000655,2025-11-03 09:00:00,DELIVERED
SMS00004344,A002835,2026-02-13 10:00:00,SENT
SMS00004345,A003557,2025-12-03 14:00:00,DELIVERED
SMS00004346,A001132,2025-12-03 07:00:00,SENT
SMS00004347,A002044,2026-01-24 19:00:00,DELIVERED
SMS00004348,A004141,2025-12-04 10:00:00,SENT
SMS00004349,A000093,2025-10-12 11:00:00,DELIVERED
SMS00004350,A002770,2026-04-21 21:00:00,DELIVERED
SMS00004351,A001767,2025-11-02 21:00:00,SENT
SMS00004352,A001692,2026-07-26 19:00:00,SENT
SMS00004353,A002295,2026-05-27 12:00:00,DELIVERED
SMS00004354,A001625,2025-12-22 21:00:00,FAILED
SMS00004355,A003176,2025-10-01 09:00:00,SENT
SMS00004356,A001857,2026-07-10 15:00:00,DELIVERED
SMS00004357,A000708,2026-05-16 16:00:00,DELIVERED
SMS00004358,A004157,2025-10-24 15:00:00,SENT
SMS00004359,A003567,2026-03-10 14:00:00,DELIVERED
SMS00004360,A002552,2026-07-11 10:00:00,DELIVERED
SMS00004361,A003329,2026-02-05 15:00:00,SENT
SMS00004362,A002862,2026-08-15 08:00:00,SENT
SMS00004363,A003065,2025-12-03 09:00:00,DELIVERED
SMS00004364,A000996,2026-01-07 11:00:00,SENT
SMS00004365,A003426,2026-07-23 15:00:00,FAILED
SMS00004366,A000900,2025-12-20 22:00:00,SENT
SMS00004367,A001703,2026-08-26 10:00:00,FAILED
SMS00004368,A004196,2026-04-10 22:00:00,DELIVERED
SMS00004369,A000335,2026-05-10 12:00:00,DELIVERED
SMS00004370,A000143,2026-06-26 11:00:00,FAILED
SMS00004371,A004062,2025-12-23 15:00:00,DELIVERED
SMS00004372,A000673,2026-06-04 10:00:00,DELIVERED
SMS00004373,A003838,2025-10-22 16:00:00,FAILED
SMS00004374,A003114,2026-07-03 21:00:00,DELIVERED
SMS00004375,A002198,2025-11-02 21:00:00,DELIVERED
SMS00004376,A002104,2025-10-15 22:00:00,DELIVERED
SMS00004377,A003811,2025-11-05 19:00:00,SENT
SMS00004378,A000098,2026-04-20 20:00:00,SENT
SMS00004379,A000575,2025-11-16 15:00:00,DELIVERED
SMS00004380,A001757,2025-11-25 20:00:00,DELIVERED
SMS00004381,A000086,2026-03-20 16:00:00,DELIVERED
SMS00004382,A000058,2026-05-01 15:00:00,SENT
SMS00004383,A001116,2025-10-22 11:00:00,SENT
SMS00004384,A003806,2026-06-13 15:00:00,DELIVERED
SMS00004385,A001781,2025-11-12 11:00:00,FAILED
SMS00004386,A003960,2025-10-05 10:00:00,DELIVERED
SMS00004387,A001998,2026-01-03 09:00:00,DELIVERED
SMS00004388,A003676,2026-08-02 08:00:00,FAILED
SMS00004389,A001558,2026-02-05 10:00:00,DELIVERED
SMS00004390,A000516,2025-09-14 09:00:00,DELIVERED
SMS00004391,A002995,2025-10-08 18:00:00,DELIVERED
SMS00004392,A000877,2026-05-26 10:00:00,DELIVERED
SMS00004393,A002018,2026-03-23 11:00:00,DELIVERED
SMS00004394,A000811,2025-10-05 17:00:00,FAILED
SMS00004395,A003963,2026-07-16 10:00:00,DELIVERED
SMS00004396,A000188,2026-03-19 09:00:00,DELIVERED
SMS00004397,A003209,2026-02-04 07:00:00,DELIVERED
SMS00004398,A002257,2026-07-17 21:00:00,DELIVERED
SMS00004399,A002797,2026-06-16 12:00:00,SENT
SMS00004400,A003048,2026-08-24 07:00:00,DELIVERED
SMS00004401,A003936,2025-12-04 21:00:00,DELIVERED
SMS00004402,A003698,2026-05-24 16:00:00,DELIVERED
SMS00004403,A001922,2026-05-26 14:00:00,SENT
SMS00004404,A000236,2026-08-19 13:00:00,DELIVERED
SMS00004405,A003063,2025-11-23 13:00:00,DELIVERED
SMS00004406,A001450,2026-04-19 14:00:00,DELIVERED
SMS00004407,A002467,2026-02-11 20:00:00,DELIVERED
SMS00004408,A002693,2026-03-22 12:00:00,DELIVERED
SMS00004409,A000844,2025-10-14 20:00:00,SENT
SMS00004410,A003739,2026-03-09 10:00:00,DELIVERED
SMS00004411,A004100,2025-12-17 07:00:00,DELIVERED
SMS00004412,A001699,2025-09-11 13:00:00,DELIVERED
SMS00004413,A001600,2025-09-12 20:00:00,DELIVERED
SMS00004414,A000587,2026-06-21 16:00:00,DELIVERED
SMS00004415,A001927,2025-12-17 08:00:00,SENT
SMS00004416,A002623,2026-04-20 16:00:00,DELIVERED
SMS00004417,A000257,2026-01-05 08:00:00,DELIVERED
SMS00004418,A002027,2026-05-21 13:00:00,DELIVERED
SMS00004419,A001752,2025-11-15 13:00:00,DELIVERED
SMS00004420,A001320,2025-12-01 11:00:00,DELIVERED
SMS00004421,A002932,2026-01-11 12:00:00,DELIVERED
SMS00004422,A003134,2026-03-07 13:00:00,FAILED
SMS00004423,A001189,2025-12-17 09:00:00,SENT
SMS00004424,A000978,2026-07-20 19:00:00,DELIVERED
SMS00004425,A000020,2025-10-18 17:00:00,DELIVERED
SMS00004426,A001482,2025-10-11 20:00:00,FAILED
SMS00004427,A001429,2026-01-13 22:00:00,FAILED
SMS00004428,A004056,2026-04-12 09:00:00,DELIVERED
SMS00004429,A003428,2026-07-03 16:00:00,SENT
SMS00004430,A002242,2026-01-13 21:00:00,DELIVERED
SMS00004431,A000350,2025-10-27 10:00:00,DELIVERED
SMS00004432,A002527,2026-06-17 11:00:00,SENT
SMS00004433,A001519,2026-03-12 22:00:00,DELIVERED
SMS00004434,A002857,2026-01-15 08:00:00,DELIVERED
SMS00004435,A001252,2026-06-15 11:00:00,DELIVERED
SMS00004436,A001470,2025-10-18 18:00:00,DELIVERED
SMS00004437,A002237,2026-06-19 16:00:00,DELIVERED
SMS00004438,A001134,2026-06-10 10:00:00,SENT
SMS00004439,A003458,2025-10-01 09:00:00,DELIVERED
SMS00004440,A000857,2025-12-08 18:00:00,FAILED
SMS00004441,A000212,2025-09-13 07:00:00,FAILED
SMS00004442,A001286,2026-01-08 11:00:00,DELIVERED
SMS00004443,A003279,2026-06-21 13:00:00,DELIVERED
SMS00004444,A002855,2025-12-14 14:00:00,DELIVERED
SMS00004445,A001142,2025-12-27 07:00:00,SENT
SMS00004446,A002653,2026-06-11 11:00:00,DELIVERED
SMS00004447,A001305,2026-04-04 07:00:00,DELIVERED
SMS00004448,A002302,2025-12-04 15:00:00,DELIVERED
SMS00004449,A000359,2026-06-14 18:00:00,DELIVERED
SMS00004450,A001704,2025-11-09 21:00:00,DELIVERED
SMS00004451,A003884,2026-06-04 14:00:00,FAILED
SMS00004452,A002433,2026-07-26 10:00:00,SENT
SMS00004453,A002662,2026-05-09 15:00:00,DELIVERED
SMS00004454,A001900,2026-06-06 08:00:00,DELIVERED
SMS00004455,A002798,2026-03-19 12:00:00,DELIVERED
SMS00004456,A002760,2026-08-15 16:00:00,DELIVERED
SMS00004457,A002296,2025-11-13 14:00:00,DELIVERED
SMS00004458,A001527,2026-06-05 11:00:00,SENT
SMS00004459,A002770,2026-03-07 15:00:00,DELIVERED
SMS00004460,A002960,2026-03-02 08:00:00,SENT
SMS00004461,A000195,2025-12-16 11:00:00,FAILED
SMS00004462,A003110,2025-12-16 15:00:00,FAILED
SMS00004463,A000922,2025-12-03 20:00:00,SENT
SMS00004464,A002008,2026-08-23 10:00:00,DELIVERED
SMS00004465,A003387,2025-11-06 21:00:00,DELIVERED
SMS00004466,A003176,2026-05-11 13:00:00,DELIVERED
SMS00004467,A001602,2026-07-11 11:00:00,DELIVERED
SMS00004468,A002335,2026-02-23 14:00:00,DELIVERED
SMS00004469,A002124,2026-06-25 12:00:00,DELIVERED
SMS00004470,A003154,2026-05-15 08:00:00,DELIVERED
SMS00004471,A003157,2026-04-07 20:00:00,SENT
SMS00004472,A002238,2026-02-17 09:00:00,DELIVERED
SMS00004473,A000784,2025-12-10 12:00:00,DELIVERED
SMS00004474,A001885,2026-04-03 16:00:00,FAILED
SMS00004475,A003545,2026-06-27 20:00:00,SENT
SMS00004476,A001555,2025-11-02 15:00:00,DELIVERED
SMS00004477,A002429,2025-10-04 21:00:00,FAILED
SMS00004478,A002470,2026-01-07 09:00:00,DELIVERED
SMS00004479,A001178,2025-11-05 08:00:00,DELIVERED
SMS00004480,A003105,2026-02-01 08:00:00,DELIVERED
SMS00004481,A000791,2026-01-20 20:00:00,DELIVERED
SMS00004482,A002834,2026-05-04 17:00:00,DELIVERED
SMS00004483,A003461,2025-11-04 22:00:00,SENT
SMS00004484,A001562,2026-03-15 13:00:00,DELIVERED
SMS00004485,A001258,2025-11-17 08:00:00,FAILED
SMS00004486,A001715,2025-10-27 11:00:00,DELIVERED
SMS00004487,A002583,2026-02-16 13:00:00,DELIVERED
SMS00004488,A004136,2026-05-18 10:00:00,DELIVERED
SMS00004489,A001229,2025-09-10 11:00:00,DELIVERED
SMS00004490,A002217,2025-10-22 21:00:00,DELIVERED
SMS00004491,A001687,2026-08-26 17:00:00,DELIVERED
SMS00004492,A000210,2026-01-23 21:00:00,DELIVERED
SMS00004493,A002382,2026-08-20 18:00:00,DELIVERED
SMS00004494,A002099,2026-03-07 18:00:00,DELIVERED
SMS00004495,A001478,2025-10-11 08:00:00,DELIVERED
SMS00004496,A002225,2025-10-15 07:00:00,DELIVERED
SMS00004497,A001873,2026-05-03 19:00:00,DELIVERED
SMS00004498,A001826,2025-11-19 08:00:00,DELIVERED
SMS00004499,A001129,2026-07-27 10:00:00,DELIVERED
SMS00004500,A002286,2025-10-26 20:00:00,FAILED
SMS00004501,A002382,2026-02-06 21:00:00,DELIVERED
SMS00004502,A002834,2026-03-19 21:00:00,DELIVERED
SMS00004503,A002628,2026-01-25 21:00:00,DELIVERED
SMS00004504,A002217,2026-01-24 11:00:00,DELIVERED
SMS00004505,A003608,2026-06-13 19:00:00,DELIVERED
SMS00004506,A004063,2026-03-17 21:00:00,FAILED
SMS00004507,A001272,2025-10-11 07:00:00,SENT
SMS00004508,A000372,2025-10-26 15:00:00,SENT
SMS00004509,A000855,2026-01-14 11:00:00,DELIVERED
SMS00004510,A003829,2025-10-04 13:00:00,DELIVERED
SMS00004511,A003844,2025-12-15 12:00:00,DELIVERED
SMS00004512,A002540,2026-01-12 12:00:00,SENT
SMS00004513,A002856,2026-02-05 19:00:00,FAILED
SMS00004514,A000003,2026-01-19 10:00:00,DELIVERED
SMS00004515,A001987,2025-10-06 20:00:00,SENT
SMS00004516,A002503,2025-11-08 13:00:00,DELIVERED
SMS00004517,A002504,2026-08-04 15:00:00,FAILED
SMS00004518,A001376,2026-07-21 10:00:00,DELIVERED
SMS00004519,A003388,2025-09-13 21:00:00,DELIVERED
SMS00004520,A003891,2025-12-08 22:00:00,DELIVERED
SMS00004521,A000761,2026-04-10 11:00:00,DELIVERED
SMS00004522,A001200,2026-01-11 08:00:00,SENT
SMS00004523,A000826,2026-01-07 21:00:00,DELIVERED
SMS00004524,A001360,2026-01-19 09:00:00,SENT
SMS00004525,A003579,2026-03-01 20:00:00,DELIVERED
SMS00004526,A002304,2025-10-20 13:00:00,DELIVERED
SMS00004527,A000597,2026-08-19 19:00:00,DELIVERED
SMS00004528,A000827,2026-03-22 22:00:00,DELIVERED
SMS00004529,A002436,2026-04-21 07:00:00,DELIVERED
SMS00004530,A002843,2026-01-10 07:00:00,SENT
SMS00004531,A003544,2025-10-14 15:00:00,DELIVERED
SMS00004532,A000637,2025-09-10 09:00:00,FAILED
SMS00004533,A002878,2026-05-24 08:00:00,SENT
SMS00004534,A001154,2026-02-06 10:00:00,SENT
SMS00004535,A001843,2025-10-01 16:00:00,DELIVERED
SMS00004536,A003862,2025-11-21 10:00:00,DELIVERED
SMS00004537,A002479,2026-03-03 21:00:00,DELIVERED
SMS00004538,A004108,2025-11-01 20:00:00,FAILED
SMS00004539,A001869,2026-02-04 16:00:00,DELIVERED
SMS00004540,A003630,2026-04-22 21:00:00,DELIVERED
SMS00004541,A004070,2025-12-03 17:00:00,DELIVERED
SMS00004542,A000765,2026-07-05 07:00:00,DELIVERED
SMS00004543,A003874,2025-09-11 08:00:00,SENT
SMS00004544,A002688,2026-03-06 10:00:00,DELIVERED
SMS00004545,A003758,2025-09-11 19:00:00,DELIVERED
SMS00004546,A001146,2026-06-01 08:00:00,DELIVERED
SMS00004547,A001057,2026-01-21 16:00:00,DELIVERED
SMS00004548,A003196,2026-04-22 21:00:00,DELIVERED
SMS00004549,A000116,2026-06-05 11:00:00,FAILED
SMS00004550,A001887,2026-08-17 12:00:00,SENT
SMS00004551,A000087,2026-03-17 11:00:00,DELIVERED
SMS00004552,A000285,2026-06-26 09:00:00,DELIVERED
SMS00004553,A000242,2026-01-10 07:00:00,DELIVERED
SMS00004554,A002246,2026-03-14 10:00:00,DELIVERED
SMS00004555,A000555,2025-09-08 09:00:00,DELIVERED
SMS00004556,A001322,2026-04-03 19:00:00,DELIVERED
SMS00004557,A000448,2026-07-02 14:00:00,DELIVERED
SMS00004558,A001519,2026-05-17 12:00:00,SENT
SMS00004559,A002389,2026-05-21 08:00:00,DELIVERED
SMS00004560,A003032,2026-06-16 14:00:00,DELIVERED
SMS00004561,A002095,2025-11-06 11:00:00,DELIVERED
SMS00004562,A003378,2025-09-03 13:00:00,DELIVERED
SMS00004563,A002567,2025-12-23 21:00:00,DELIVERED
SMS00004564,A002963,2026-02-06 15:00:00,DELIVERED
SMS00004565,A002693,2026-02-01 15:00:00,DELIVERED
SMS00004566,A003605,2026-03-26 10:00:00,DELIVERED
SMS00004567,A003205,2025-11-02 07:00:00,DELIVERED
SMS00004568,A001081,2026-07-15 22:00:00,DELIVERED
SMS00004569,A002517,2026-04-18 18:00:00,DELIVERED
SMS00004570,A002627,2025-09-04 10:00:00,DELIVERED
SMS00004571,A001659,2026-03-02 12:00:00,DELIVERED
SMS00004572,A001178,2025-09-22 21:00:00,SENT
SMS00004573,A003587,2025-11-25 07:00:00,FAILED
SMS00004574,A004026,2026-03-19 15:00:00,DELIVERED
SMS00004575,A001103,2025-09-17 07:00:00,DELIVERED
SMS00004576,A000216,2026-05-01 19:00:00,DELIVERED
SMS00004577,A001887,2025-12-12 19:00:00,DELIVERED
SMS00004578,A001775,2026-01-21 21:00:00,DELIVERED
SMS00004579,A002447,2026-07-17 20:00:00,DELIVERED
SMS00004580,A000742,2026-05-05 16:00:00,DELIVERED
SMS00004581,A000536,2025-10-17 09:00:00,SENT
SMS00004582,A002404,2026-07-10 14:00:00,DELIVERED
SMS00004583,A001712,2025-09-04 20:00:00,FAILED
SMS00004584,A004058,2026-07-08 10:00:00,DELIVERED
SMS00004585,A002486,2025-11-04 10:00:00,DELIVERED
SMS00004586,A002886,2026-07-07 09:00:00,SENT
SMS00004587,A001410,2025-10-17 22:00:00,DELIVERED
SMS00004588,A002960,2025-09-16 17:00:00,SENT
SMS00004589,A001877,2025-11-13 13:00:00,DELIVERED
SMS00004590,A001926,2026-03-09 11:00:00,FAILED
SMS00004591,A004166,2026-04-23 07:00:00,DELIVERED
SMS00004592,A003586,2025-11-12 11:00:00,DELIVERED
SMS00004593,A001559,2026-06-20 19:00:00,FAILED
SMS00004594,A000185,2025-12-24 19:00:00,SENT
SMS00004595,A002023,2025-12-17 11:00:00,SENT
SMS00004596,A003930,2025-09-14 09:00:00,DELIVERED
SMS00004597,A002562,2026-04-03 12:00:00,SENT
SMS00004598,A003641,2025-09-15 20:00:00,DELIVERED
SMS00004599,A001222,2025-12-04 07:00:00,FAILED
SMS00004600,A000599,2025-12-05 22:00:00,DELIVERED
SMS00004601,A000742,2025-09-03 09:00:00,FAILED
SMS00004602,A001467,2026-03-04 11:00:00,DELIVERED
SMS00004603,A004160,2026-02-23 13:00:00,SENT
SMS00004604,A000523,2026-03-09 22:00:00,DELIVERED
SMS00004605,A002297,2025-09-06 10:00:00,SENT
SMS00004606,A001437,2026-01-10 09:00:00,SENT
SMS00004607,A003434,2026-08-15 15:00:00,FAILED
SMS00004608,A001066,2025-10-05 16:00:00,DELIVERED
SMS00004609,A000271,2026-04-17 21:00:00,SENT
SMS00004610,A002308,2026-07-22 11:00:00,DELIVERED
SMS00004611,A001426,2026-03-06 19:00:00,DELIVERED
SMS00004612,A002890,2025-12-23 13:00:00,DELIVERED
SMS00004613,A003989,2026-01-18 08:00:00,DELIVERED
SMS00004614,A002919,2026-04-02 09:00:00,DELIVERED
SMS00004615,A001737,2025-11-16 07:00:00,FAILED
SMS00004616,A003089,2026-03-24 09:00:00,DELIVERED
SMS00004617,A003056,2026-07-26 12:00:00,DELIVERED
SMS00004618,A003418,2026-01-15 22:00:00,SENT
SMS00004619,A000611,2026-03-02 15:00:00,SENT
SMS00004620,A000239,2026-06-14 07:00:00,DELIVERED
SMS00004621,A000736,2026-08-05 22:00:00,SENT
SMS00004622,A002141,2026-08-16 09:00:00,DELIVERED
SMS00004623,A003969,2026-07-17 07:00:00,DELIVERED
SMS00004624,A002021,2026-05-12 21:00:00,DELIVERED
SMS00004625,A002734,2025-11-05 09:00:00,DELIVERED
SMS00004626,A002751,2026-01-23 15:00:00,DELIVERED
SMS00004627,A001861,2025-11-19 18:00:00,FAILED
SMS00004628,A004045,2026-07-04 16:00:00,SENT
SMS00004629,A003653,2026-01-24 20:00:00,DELIVERED
SMS00004630,A003890,2025-09-16 19:00:00,DELIVERED
SMS00004631,A002953,2026-06-09 11:00:00,DELIVERED
SMS00004632,A000082,2026-07-09 20:00:00,SENT
SMS00004633,A000056,2025-11-09 20:00:00,FAILED
SMS00004634,A002456,2025-09-09 20:00:00,DELIVERED
SMS00004635,A002178,2026-05-27 11:00:00,DELIVERED
SMS00004636,A002760,2026-03-04 16:00:00,DELIVERED
SMS00004637,A004124,2025-12-12 17:00:00,DELIVERED
SMS00004638,A000490,2025-09-10 19:00:00,DELIVERED
SMS00004639,A003131,2026-07-25 11:00:00,DELIVERED
SMS00004640,A001962,2026-08-24 21:00:00,DELIVERED
SMS00004641,A001285,2026-06-15 19:00:00,SENT
SMS00004642,A002184,2025-11-24 12:00:00,FAILED
SMS00004643,A002869,2026-01-09 17:00:00,DELIVERED
SMS00004644,A003684,2026-05-15 09:00:00,DELIVERED
SMS00004645,A000375,2026-07-08 18:00:00,SENT
SMS00004646,A002294,2025-12-03 21:00:00,DELIVERED
SMS00004647,A001634,2025-10-04 15:00:00,DELIVERED
SMS00004648,A000894,2025-12-03 13:00:00,DELIVERED
SMS00004649,A001265,2025-10-05 21:00:00,DELIVERED
SMS00004650,A000778,2026-06-18 18:00:00,DELIVERED
SMS00004651,A001792,2026-07-22 12:00:00,SENT
SMS00004652,A002701,2025-11-16 21:00:00,DELIVERED
SMS00004653,A004087,2025-11-27 15:00:00,DELIVERED
SMS00004654,A001729,2025-11-24 17:00:00,DELIVERED
SMS00004655,A001881,2026-02-07 14:00:00,DELIVERED
SMS00004656,A000094,2026-03-18 21:00:00,DELIVERED
SMS00004657,A003520,2025-10-09 20:00:00,SENT
SMS00004658,A002995,2025-12-13 14:00:00,DELIVERED
SMS00004659,A002677,2025-11-12 17:00:00,DELIVERED
SMS00004660,A000745,2026-06-03 21:00:00,SENT
SMS00004661,A000795,2025-11-23 07:00:00,FAILED
SMS00004662,A001742,2026-04-02 17:00:00,FAILED
SMS00004663,A003794,2026-02-21 21:00:00,DELIVERED
SMS00004664,A003970,2025-12-24 09:00:00,SENT
SMS00004665,A003250,2026-06-20 08:00:00,FAILED
SMS00004666,A002414,2026-02-20 08:00:00,DELIVERED
SMS00004667,A001143,2025-12-11 19:00:00,DELIVERED
SMS00004668,A004195,2025-09-17 20:00:00,DELIVERED
SMS00004669,A002946,2025-11-01 16:00:00,DELIVERED
SMS00004670,A003187,2026-08-21 11:00:00,DELIVERED
SMS00004671,A000191,2026-01-06 14:00:00,DELIVERED
SMS00004672,A000577,2026-02-23 11:00:00,SENT
SMS00004673,A003794,2025-10-16 19:00:00,DELIVERED
SMS00004674,A002072,2026-01-25 09:00:00,DELIVERED
SMS00004675,A001604,2026-02-23 21:00:00,DELIVERED
SMS00004676,A003224,2026-02-21 11:00:00,SENT
SMS00004677,A001168,2026-08-19 09:00:00,DELIVERED
SMS00004678,A003905,2026-01-03 20:00:00,SENT
SMS00004679,A002555,2026-08-06 15:00:00,DELIVERED
SMS00004680,A002881,2026-03-03 14:00:00,DELIVERED
SMS00004681,A000258,2026-07-14 14:00:00,DELIVERED
SMS00004682,A003075,2025-09-26 22:00:00,DELIVERED
SMS00004683,A002927,2025-12-12 13:00:00,DELIVERED
SMS00004684,A003486,2025-11-04 09:00:00,DELIVERED
SMS00004685,A000967,2026-08-11 07:00:00,DELIVERED
SMS00004686,A000366,2026-02-22 18:00:00,DELIVERED
SMS00004687,A000053,2026-04-17 14:00:00,DELIVERED
SMS00004688,A000391,2025-11-26 07:00:00,SENT
SMS00004689,A003624,2026-06-07 22:00:00,SENT
SMS00004690,A003549,2026-05-23 08:00:00,DELIVERED
SMS00004691,A000588,2026-01-10 09:00:00,DELIVERED
SMS00004692,A003162,2025-12-17 18:00:00,DELIVERED
SMS00004693,A004075,2026-05-02 15:00:00,DELIVERED
SMS00004694,A002369,2026-02-06 16:00:00,FAILED
SMS00004695,A001477,2026-07-20 10:00:00,DELIVERED
SMS00004696,A002515,2026-08-17 19:00:00,SENT
SMS00004697,A003862,2025-10-07 13:00:00,FAILED
SMS00004698,A003382,2026-04-27 11:00:00,DELIVERED
SMS00004699,A001923,2026-07-11 17:00:00,SENT
SMS00004700,A001507,2026-01-15 10:00:00,FAILED
SMS00004701,A003050,2026-02-26 15:00:00,FAILED
SMS00004702,A000921,2026-02-17 15:00:00,SENT
SMS00004703,A000876,2026-03-18 17:00:00,DELIVERED
SMS00004704,A002684,2026-05-19 14:00:00,DELIVERED
SMS00004705,A001597,2026-07-19 12:00:00,SENT
SMS00004706,A000782,2026-08-07 20:00:00,DELIVERED
SMS00004707,A000773,2025-12-12 17:00:00,DELIVERED
SMS00004708,A000406,2026-05-07 11:00:00,SENT
SMS00004709,A003215,2026-07-13 21:00:00,DELIVERED
SMS00004710,A003891,2025-10-22 08:00:00,FAILED
SMS00004711,A002650,2026-01-12 22:00:00,SENT
SMS00004712,A001706,2026-02-19 13:00:00,DELIVERED
SMS00004713,A001841,2026-04-03 10:00:00,DELIVERED
SMS00004714,A003961,2026-05-19 09:00:00,DELIVERED
SMS00004715,A001425,2026-02-17 07:00:00,DELIVERED
SMS00004716,A002108,2026-06-23 07:00:00,SENT
SMS00004717,A000154,2025-11-06 07:00:00,SENT
SMS00004718,A003169,2025-09-13 11:00:00,DELIVERED
SMS00004719,A004027,2025-12-27 18:00:00,DELIVERED
SMS00004720,A001827,2026-02-09 17:00:00,DELIVERED
SMS00004721,A004120,2026-07-22 21:00:00,DELIVERED
SMS00004722,A001984,2026-05-23 20:00:00,DELIVERED
SMS00004723,A002999,2026-04-20 18:00:00,DELIVERED
SMS00004724,A003689,2026-02-26 11:00:00,DELIVERED
SMS00004725,A002635,2026-06-27 08:00:00,DELIVERED
SMS00004726,A001810,2025-10-07 14:00:00,SENT
SMS00004727,A002514,2025-09-14 22:00:00,DELIVERED
SMS00004728,A003667,2026-03-10 19:00:00,DELIVERED
SMS00004729,A000679,2026-04-08 07:00:00,DELIVERED
SMS00004730,A003517,2026-04-02 15:00:00,DELIVERED
SMS00004731,A001027,2025-10-03 11:00:00,SENT
SMS00004732,A000336,2025-10-02 15:00:00,FAILED
SMS00004733,A001696,2026-07-07 09:00:00,DELIVERED
SMS00004734,A001203,2025-09-10 18:00:00,SENT
SMS00004735,A000589,2026-04-21 13:00:00,DELIVERED
SMS00004736,A004050,2025-12-12 11:00:00,FAILED
SMS00004737,A002258,2026-07-15 09:00:00,DELIVERED
SMS00004738,A000821,2026-07-24 15:00:00,DELIVERED
SMS00004739,A001049,2026-08-05 14:00:00,FAILED
SMS00004740,A000441,2026-06-26 09:00:00,DELIVERED
SMS00004741,A003695,2025-11-23 18:00:00,DELIVERED
SMS00004742,A002470,2025-10-24 12:00:00,DELIVERED
SMS00004743,A001532,2025-12-20 20:00:00,DELIVERED
SMS00004744,A000452,2025-12-26 13:00:00,DELIVERED
SMS00004745,A002280,2026-04-08 09:00:00,FAILED
SMS00004746,A002361,2026-03-03 08:00:00,DELIVERED
SMS00004747,A002413,2026-08-22 10:00:00,DELIVERED
SMS00004748,A002774,2025-09-21 13:00:00,DELIVERED
SMS00004749,A003365,2026-02-18 08:00:00,DELIVERED
SMS00004750,A000794,2025-12-13 09:00:00,DELIVERED
SMS00004751,A002340,2025-09-02 22:00:00,DELIVERED
SMS00004752,A003286,2026-01-01 10:00:00,DELIVERED
SMS00004753,A001472,2026-05-15 22:00:00,SENT
SMS00004754,A000026,2026-05-27 13:00:00,FAILED
SMS00004755,A003976,2026-02-24 07:00:00,DELIVERED
SMS00004756,A002627,2026-07-07 09:00:00,DELIVERED
SMS00004757,A003942,2025-09-02 07:00:00,DELIVERED
SMS00004758,A001875,2025-11-05 08:00:00,SENT
SMS00004759,A003871,2025-11-21 12:00:00,DELIVERED
SMS00004760,A002519,2026-02-11 14:00:00,FAILED
SMS00004761,A000706,2026-02-25 15:00:00,DELIVERED
SMS00004762,A001189,2026-07-07 09:00:00,SENT
SMS00004763,A001709,2026-04-17 10:00:00,DELIVERED
SMS00004764,A002012,2025-09-02 21:00:00,DELIVERED
SMS00004765,A000209,2026-05-18 08:00:00,FAILED
SMS00004766,A000533,2025-12-05 17:00:00,DELIVERED
SMS00004767,A000057,2026-04-08 07:00:00,DELIVERED
SMS00004768,A003358,2026-04-22 21:00:00,DELIVERED
SMS00004769,A002657,2025-09-26 12:00:00,SENT
SMS00004770,A000391,2026-04-23 15:00:00,DELIVERED
SMS00004771,A000562,2025-11-10 21:00:00,DELIVERED
SMS00004772,A002853,2026-04-02 17:00:00,DELIVERED
SMS00004773,A001586,2026-04-05 10:00:00,DELIVERED
SMS00004774,A002232,2025-10-01 21:00:00,FAILED
SMS00004775,A002844,2026-03-03 09:00:00,SENT
SMS00004776,A000733,2026-06-06 10:00:00,DELIVERED
SMS00004777,A003956,2025-12-15 08:00:00,DELIVERED
SMS00004778,A002830,2026-03-19 11:00:00,DELIVERED
SMS00004779,A003866,2026-04-08 14:00:00,DELIVERED
SMS00004780,A002051,2026-03-18 13:00:00,DELIVERED
SMS00004781,A003045,2025-11-08 14:00:00,DELIVERED
SMS00004782,A001497,2026-06-17 08:00:00,DELIVERED
SMS00004783,A003410,2026-02-27 08:00:00,DELIVERED
SMS00004784,A001745,2026-05-03 16:00:00,DELIVERED
SMS00004785,A000269,2025-12-05 13:00:00,DELIVERED
SMS00004786,A001054,2026-02-24 22:00:00,DELIVERED
SMS00004787,A001345,2026-06-06 18:00:00,DELIVERED
SMS00004788,A001094,2026-02-13 11:00:00,DELIVERED
SMS00004789,A003398,2025-10-15 16:00:00,DELIVERED
SMS00004790,A000053,2026-02-02 14:00:00,DELIVERED
SMS00004791,A003711,2025-11-20 21:00:00,DELIVERED
SMS00004792,A000402,2026-02-15 07:00:00,SENT
SMS00004793,A001908,2026-06-07 20:00:00,SENT
SMS00004794,A000145,2026-05-14 10:00:00,DELIVERED
SMS00004795,A000122,2026-02-03 18:00:00,DELIVERED
SMS00004796,A002132,2026-06-13 07:00:00,DELIVERED
SMS00004797,A001776,2025-12-13 18:00:00,SENT
SMS00004798,A000555,2026-02-26 21:00:00,DELIVERED
SMS00004799,A002951,2026-04-26 09:00:00,FAILED
SMS00004800,A002052,2025-11-11 10:00:00,DELIVERED
SMS00004801,A003403,2026-07-13 19:00:00,SENT
SMS00004802,A001515,2026-06-21 18:00:00,DELIVERED
SMS00004803,A001405,2025-11-06 15:00:00,DELIVERED
SMS00004804,A000295,2026-07-13 18:00:00,DELIVERED
SMS00004805,A002967,2026-01-08 11:00:00,DELIVERED
SMS00004806,A002676,2026-04-07 09:00:00,DELIVERED
SMS00004807,A000980,2025-12-23 07:00:00,SENT
SMS00004808,A002063,2026-03-06 18:00:00,DELIVERED
SMS00004809,A003481,2026-06-03 12:00:00,DELIVERED
SMS00004810,A000822,2026-07-10 09:00:00,DELIVERED
SMS00004811,A003996,2026-08-17 13:00:00,DELIVERED
SMS00004812,A000102,2025-11-18 07:00:00,SENT
SMS00004813,A002556,2026-04-02 15:00:00,DELIVERED
SMS00004814,A002304,2026-08-09 15:00:00,DELIVERED
SMS00004815,A000651,2026-05-01 11:00:00,DELIVERED
SMS00004816,A003531,2025-09-17 10:00:00,DELIVERED
SMS00004817,A001644,2026-03-02 10:00:00,DELIVERED
SMS00004818,A001812,2026-03-15 17:00:00,SENT
SMS00004819,A003952,2026-02-23 12:00:00,DELIVERED
SMS00004820,A003444,2026-02-24 21:00:00,DELIVERED
SMS00004821,A000120,2026-07-27 09:00:00,DELIVERED
SMS00004822,A001941,2026-07-24 16:00:00,FAILED
SMS00004823,A001750,2026-08-24 21:00:00,DELIVERED
SMS00004824,A002892,2025-12-08 22:00:00,DELIVERED
SMS00004825,A002501,2025-11-06 19:00:00,DELIVERED
SMS00004826,A000267,2026-08-20 17:00:00,DELIVERED
SMS00004827,A000898,2026-03-15 17:00:00,DELIVERED
SMS00004828,A002471,2026-01-07 13:00:00,DELIVERED
SMS00004829,A002522,2026-08-12 07:00:00,DELIVERED
SMS00004830,A003473,2026-04-16 10:00:00,DELIVERED
SMS00004831,A000044,2026-01-03 18:00:00,DELIVERED
SMS00004832,A003870,2026-04-03 17:00:00,SENT
SMS00004833,A001402,2026-06-26 19:00:00,DELIVERED
SMS00004834,A002375,2026-03-01 16:00:00,DELIVERED
SMS00004835,A002907,2026-08-19 16:00:00,SENT
SMS00004836,A001374,2025-12-07 19:00:00,SENT
SMS00004837,A002314,2026-08-23 07:00:00,DELIVERED
SMS00004838,A000155,2026-07-02 21:00:00,DELIVERED
SMS00004839,A002464,2026-08-20 08:00:00,DELIVERED
SMS00004840,A002198,2026-08-11 18:00:00,DELIVERED
SMS00004841,A002666,2026-07-08 17:00:00,FAILED
SMS00004842,A003927,2025-09-11 10:00:00,DELIVERED
SMS00004843,A000552,2026-03-17 10:00:00,DELIVERED
SMS00004844,A002456,2026-03-11 11:00:00,DELIVERED
SMS00004845,A002357,2025-11-14 14:00:00,SENT
SMS00004846,A002050,2025-11-17 12:00:00,DELIVERED
SMS00004847,A002808,2025-10-14 11:00:00,FAILED
SMS00004848,A002785,2025-12-06 11:00:00,SENT
SMS00004849,A002383,2026-01-21 22:00:00,DELIVERED
SMS00004850,A001568,2025-12-16 07:00:00,SENT
SMS00004851,A003100,2026-03-03 20:00:00,DELIVERED
SMS00004852,A001094,2025-09-16 18:00:00,DELIVERED
SMS00004853,A001162,2025-12-10 11:00:00,DELIVERED
SMS00004854,A003158,2025-11-20 14:00:00,DELIVERED
SMS00004855,A002241,2025-09-20 22:00:00,DELIVERED
SMS00004856,A001060,2026-06-12 21:00:00,DELIVERED
SMS00004857,A002561,2026-06-06 09:00:00,FAILED
SMS00004858,A000168,2025-09-14 20:00:00,SENT
SMS00004859,A001444,2025-12-04 19:00:00,DELIVERED
SMS00004860,A002206,2026-05-21 19:00:00,FAILED
SMS00004861,A002584,2026-07-11 21:00:00,DELIVERED
SMS00004862,A002644,2025-12-12 14:00:00,FAILED
SMS00004863,A003921,2026-04-22 09:00:00,DELIVERED
SMS00004864,A003460,2026-08-13 15:00:00,DELIVERED
SMS00004865,A000582,2025-10-07 18:00:00,DELIVERED
SMS00004866,A001790,2025-10-22 21:00:00,DELIVERED
SMS00004867,A001704,2026-07-01 18:00:00,SENT
SMS00004868,A003577,2025-09-04 20:00:00,DELIVERED
SMS00004869,A000223,2025-12-12 18:00:00,SENT
SMS00004870,A000343,2026-03-08 16:00:00,DELIVERED
SMS00004871,A003023,2026-07-21 07:00:00,DELIVERED
SMS00004872,A000317,2025-09-22 20:00:00,DELIVERED
SMS00004873,A003344,2026-04-10 19:00:00,DELIVERED
SMS00004874,A001224,2025-12-20 15:00:00,SENT
SMS00004875,A000204,2025-09-16 20:00:00,DELIVERED
SMS00004876,A002321,2026-04-18 09:00:00,DELIVERED
SMS00004877,A000596,2026-05-14 07:00:00,DELIVERED
SMS00004878,A003233,2026-06-16 12:00:00,DELIVERED
SMS00004879,A001467,2026-02-07 21:00:00,DELIVERED
SMS00004880,A001206,2026-07-22 17:00:00,DELIVERED
SMS00004881,A000820,2026-03-25 16:00:00,DELIVERED
SMS00004882,A002283,2026-05-26 16:00:00,DELIVERED
SMS00004883,A001578,2025-11-06 12:00:00,DELIVERED
SMS00004884,A001592,2026-03-07 10:00:00,FAILED
SMS00004885,A002321,2026-07-20 10:00:00,SENT
SMS00004886,A003318,2026-05-06 17:00:00,DELIVERED
SMS00004887,A001274,2026-08-16 18:00:00,DELIVERED
SMS00004888,A004110,2026-05-23 14:00:00,DELIVERED
SMS00004889,A000157,2026-02-23 16:00:00,SENT
SMS00004890,A003754,2025-12-09 07:00:00,DELIVERED
SMS00004891,A001715,2026-03-19 15:00:00,DELIVERED
SMS00004892,A003653,2026-01-18 09:00:00,DELIVERED
SMS00004893,A003869,2026-08-04 13:00:00,DELIVERED
SMS00004894,A002574,2025-09-16 12:00:00,DELIVERED
SMS00004895,A001660,2026-07-23 08:00:00,DELIVERED
SMS00004896,A003061,2026-07-16 08:00:00,DELIVERED
SMS00004897,A002668,2026-02-05 16:00:00,DELIVERED
SMS00004898,A002112,2026-03-22 14:00:00,SENT
SMS00004899,A001544,2026-06-03 22:00:00,DELIVERED
SMS00004900,A003053,2025-10-07 10:00:00,DELIVERED
SMS00004901,A000179,2026-02-06 07:00:00,DELIVERED
SMS00004902,A002662,2026-08-11 19:00:00,SENT
SMS00004903,A004132,2025-09-03 18:00:00,DELIVERED
SMS00004904,A000074,2026-06-01 08:00:00,DELIVERED
SMS00004905,A002601,2025-11-20 13:00:00,DELIVERED
SMS00004906,A000062,2026-08-23 16:00:00,FAILED
SMS00004907,A003081,2025-11-22 20:00:00,SENT
SMS00004908,A000224,2025-11-13 22:00:00,DELIVERED
SMS00004909,A002172,2026-03-16 19:00:00,DELIVERED
SMS00004910,A000431,2025-10-04 21:00:00,DELIVERED
SMS00004911,A000545,2026-06-11 07:00:00,FAILED
SMS00004912,A003035,2025-10-13 11:00:00,DELIVERED
SMS00004913,A003401,2026-08-01 15:00:00,DELIVERED
SMS00004914,A003461,2026-02-15 12:00:00,DELIVERED
SMS00004915,A001914,2025-09-14 18:00:00,DELIVERED
SMS00004916,A000066,2025-12-05 20:00:00,DELIVERED
SMS00004917,A001333,2026-05-02 08:00:00,DELIVERED
SMS00004918,A000492,2026-06-14 11:00:00,DELIVERED
SMS00004919,A003898,2026-08-13 18:00:00,DELIVERED
SMS00004920,A003255,2026-07-16 19:00:00,SENT
SMS00004921,A001187,2025-12-18 22:00:00,DELIVERED
SMS00004922,A002217,2026-05-23 07:00:00,SENT
SMS00004923,A000188,2026-04-24 07:00:00,DELIVERED
SMS00004924,A001341,2026-02-10 09:00:00,DELIVERED
SMS00004925,A001913,2025-10-06 13:00:00,DELIVERED
SMS00004926,A001293,2026-06-20 09:00:00,DELIVERED
SMS00004927,A000941,2025-09-20 18:00:00,SENT
SMS00004928,A001339,2026-08-19 08:00:00,DELIVERED
SMS00004929,A003454,2026-01-05 15:00:00,DELIVERED
SMS00004930,A003267,2026-07-17 15:00:00,DELIVERED
SMS00004931,A000176,2026-05-14 07:00:00,DELIVERED
SMS00004932,A002775,2026-04-04 07:00:00,SENT
SMS00004933,A001219,2025-12-11 10:00:00,DELIVERED
SMS00004934,A003555,2026-04-01 09:00:00,SENT
SMS00004935,A001098,2025-10-05 09:00:00,SENT
SMS00004936,A000005,2026-04-26 11:00:00,DELIVERED
SMS00004937,A004069,2026-07-13 11:00:00,DELIVERED
SMS00004938,A001190,2026-06-24 13:00:00,FAILED
SMS00004939,A001498,2025-11-11 08:00:00,DELIVERED
SMS00004940,A000506,2025-11-10 13:00:00,DELIVERED
SMS00004941,A004058,2026-03-23 11:00:00,DELIVERED
SMS00004942,A003658,2026-07-18 08:00:00,DELIVERED
SMS00004943,A000759,2025-12-16 19:00:00,DELIVERED
SMS00004944,A000013,2025-09-11 19:00:00,DELIVERED
SMS00004945,A000587,2026-07-09 17:00:00,DELIVERED
SMS00004946,A000738,2026-02-21 13:00:00,DELIVERED
SMS00004947,A000064,2026-05-27 12:00:00,DELIVERED
SMS00004948,A003267,2026-01-13 11:00:00,DELIVERED
SMS00004949,A000010,2026-05-01 07:00:00,DELIVERED
SMS00004950,A003222,2026-08-07 21:00:00,DELIVERED
SMS00004951,A000114,2026-02-13 22:00:00,DELIVERED
SMS00004952,A004086,2026-01-06 13:00:00,SENT
SMS00004953,A003784,2026-03-17 08:00:00,DELIVERED
SMS00004954,A003339,2026-03-22 22:00:00,SENT
SMS00004955,A001952,2026-05-27 14:00:00,DELIVERED
SMS00004956,A002207,2026-01-19 08:00:00,DELIVERED
SMS00004957,A003901,2026-05-06 07:00:00,DELIVERED
SMS00004958,A003181,2025-12-03 19:00:00,DELIVERED
SMS00004959,A001391,2026-07-21 18:00:00,DELIVERED
SMS00004960,A003512,2026-07-22 15:00:00,DELIVERED
SMS00004961,A000251,2025-12-05 18:00:00,SENT
SMS00004962,A000776,2026-06-13 10:00:00,DELIVERED
SMS00004963,A003511,2026-02-22 07:00:00,DELIVERED
SMS00004964,A001243,2026-05-17 16:00:00,DELIVERED
SMS00004965,A003220,2025-10-05 17:00:00,DELIVERED
SMS00004966,A000664,2025-12-25 12:00:00,DELIVERED
SMS00004967,A003144,2026-02-15 08:00:00,DELIVERED
SMS00004968,A000328,2026-07-25 16:00:00,DELIVERED
SMS00004969,A003202,2026-01-24 10:00:00,DELIVERED
SMS00004970,A002949,2025-10-23 11:00:00,FAILED
SMS00004971,A002428,2026-02-04 22:00:00,DELIVERED
SMS00004972,A001349,2026-05-06 18:00:00,SENT
SMS00004973,A003627,2026-07-18 18:00:00,DELIVERED
SMS00004974,A002883,2026-03-06 11:00:00,DELIVERED
SMS00004975,A001245,2025-12-22 19:00:00,FAILED
SMS00004976,A001957,2026-07-21 14:00:00,DELIVERED
SMS00004977,A001989,2026-05-24 15:00:00,DELIVERED
SMS00004978,A001054,2025-12-14 19:00:00,DELIVERED
SMS00004979,A001602,2026-08-08 17:00:00,DELIVERED
SMS00004980,A001940,2026-04-10 10:00:00,SENT
SMS00004981,A001136,2026-08-01 17:00:00,DELIVERED
SMS00004982,A003567,2026-01-20 21:00:00,DELIVERED
SMS00004983,A000602,2026-04-14 15:00:00,FAILED
SMS00004984,A001583,2026-08-05 15:00:00,DELIVERED
SMS00004985,A001535,2026-03-17 11:00:00,DELIVERED
SMS00004986,A001225,2025-11-08 08:00:00,DELIVERED
SMS00004987,A000054,2025-11-07 13:00:00,DELIVERED
SMS00004988,A003496,2025-09-12 08:00:00,DELIVERED
SMS00004989,A000475,2025-10-09 19:00:00,DELIVERED
SMS00004990,A003550,2025-12-07 21:00:00,DELIVERED
SMS00004991,A000698,2025-11-21 19:00:00,DELIVERED
SMS00004992,A003518,2026-07-12 08:00:00,SENT
SMS00004993,A004136,2026-04-08 14:00:00,DELIVERED
SMS00004994,A002364,2026-01-27 20:00:00,DELIVERED
SMS00004995,A003026,2025-09-02 19:00:00,DELIVERED
SMS00004996,A002039,2026-04-27 12:00:00,DELIVERED
SMS00004997,A002311,2025-09-12 20:00:00,DELIVERED
SMS00004998,A002723,2026-07-01 13:00:00,DELIVERED
SMS00004999,A000773,2026-05-17 21:00:00,SENT
SMS00005000,A000728,2026-02-21 15:00:00,DELIVERED
SMS00005001,A002053,2025-11-10 07:00:00,DELIVERED
SMS00005002,A002743,2025-10-12 21:00:00,SENT
SMS00005003,A001203,2026-08-06 17:00:00,SENT
SMS00005004,A001963,2026-04-02 10:00:00,DELIVERED
SMS00005005,A001418,2026-01-18 15:00:00,DELIVERED
SMS00005006,A001527,2026-07-23 08:00:00,DELIVERED
SMS00005007,A002627,2026-03-12 12:00:00,DELIVERED
SMS00005008,A000149,2026-02-06 18:00:00,DELIVERED
SMS00005009,A001309,2026-06-06 19:00:00,DELIVERED
SMS00005010,A000423,2026-05-01 10:00:00,DELIVERED
SMS00005011,A002003,2026-02-24 09:00:00,DELIVERED
SMS00005012,A002894,2026-05-23 21:00:00,DELIVERED
SMS00005013,A003857,2026-03-12 15:00:00,FAILED
SMS00005014,A003137,2026-02-06 20:00:00,FAILED
SMS00005015,A003458,2026-02-01 20:00:00,DELIVERED
SMS00005016,A003570,2026-07-12 13:00:00,DELIVERED
SMS00005017,A001390,2026-01-10 13:00:00,SENT
SMS00005018,A000798,2025-10-26 14:00:00,DELIVERED
SMS00005019,A003418,2026-08-27 16:00:00,SENT
SMS00005020,A002105,2026-08-13 07:00:00,DELIVERED
SMS00005021,A004062,2026-06-24 11:00:00,FAILED
SMS00005022,A002678,2025-12-18 11:00:00,SENT
SMS00005023,A002421,2025-11-15 09:00:00,DELIVERED
SMS00005024,A003186,2026-04-22 09:00:00,DELIVERED
SMS00005025,A003909,2026-08-07 07:00:00,DELIVERED
SMS00005026,A002015,2026-04-05 13:00:00,SENT
SMS00005027,A001457,2026-06-08 18:00:00,DELIVERED
SMS00005028,A002482,2026-01-19 07:00:00,DELIVERED
SMS00005029,A004139,2025-10-08 07:00:00,DELIVERED
SMS00005030,A001272,2026-07-26 16:00:00,DELIVERED
SMS00005031,A002408,2026-07-19 08:00:00,DELIVERED
SMS00005032,A000284,2026-02-17 19:00:00,DELIVERED
SMS00005033,A000461,2025-12-03 09:00:00,DELIVERED
SMS00005034,A001897,2026-05-08 18:00:00,DELIVERED
SMS00005035,A003699,2025-11-13 17:00:00,DELIVERED
SMS00005036,A002544,2026-03-19 08:00:00,DELIVERED
SMS00005037,A001216,2025-10-12 08:00:00,DELIVERED
SMS00005038,A002487,2025-12-13 20:00:00,DELIVERED
SMS00005039,A001619,2025-12-03 14:00:00,DELIVERED
SMS00005040,A000137,2025-10-25 14:00:00,FAILED
SMS00005041,A001582,2026-01-10 09:00:00,DELIVERED
SMS00005042,A000860,2026-05-18 14:00:00,DELIVERED
SMS00005043,A000959,2025-09-26 10:00:00,FAILED
SMS00005044,A000739,2026-05-16 09:00:00,SENT
SMS00005045,A003927,2026-02-08 18:00:00,DELIVERED
SMS00005046,A004013,2026-05-05 09:00:00,DELIVERED
SMS00005047,A001333,2026-03-22 21:00:00,DELIVERED
SMS00005048,A002450,2026-07-25 11:00:00,FAILED
SMS00005049,A003108,2026-04-04 11:00:00,DELIVERED
SMS00005050,A001979,2025-12-21 12:00:00,DELIVERED
SMS00005051,A003419,2026-01-11 14:00:00,FAILED
SMS00005052,A002893,2025-09-13 12:00:00,DELIVERED
SMS00005053,A002144,2025-09-09 15:00:00,DELIVERED
SMS00005054,A002825,2026-06-08 11:00:00,SENT
SMS00005055,A001235,2025-10-20 09:00:00,DELIVERED
SMS00005056,A003669,2026-04-10 08:00:00,SENT
SMS00005057,A001366,2026-02-18 12:00:00,SENT
SMS00005058,A000237,2026-06-05 16:00:00,DELIVERED
SMS00005059,A000419,2026-03-02 12:00:00,DELIVERED
SMS00005060,A003255,2026-01-12 21:00:00,SENT
SMS00005061,A001695,2026-06-02 19:00:00,SENT
SMS00005062,A000713,2025-12-01 08:00:00,DELIVERED
SMS00005063,A001401,2026-08-22 11:00:00,DELIVERED
SMS00005064,A000074,2026-04-12 19:00:00,DELIVERED
SMS00005065,A001286,2026-08-08 18:00:00,DELIVERED
SMS00005066,A002212,2026-03-08 15:00:00,SENT
SMS00005067,A002719,2026-07-19 22:00:00,DELIVERED
SMS00005068,A000662,2026-01-20 07:00:00,SENT
SMS00005069,A002292,2026-03-23 19:00:00,DELIVERED
SMS00005070,A000183,2025-11-22 22:00:00,DELIVERED
SMS00005071,A003871,2025-11-08 21:00:00,DELIVERED
SMS00005072,A000317,2026-08-03 19:00:00,DELIVERED
SMS00005073,A003346,2026-03-22 22:00:00,DELIVERED
SMS00005074,A000775,2026-08-16 07:00:00,DELIVERED
SMS00005075,A001442,2025-10-02 19:00:00,SENT
SMS00005076,A000489,2026-05-13 18:00:00,SENT
SMS00005077,A000066,2026-01-10 15:00:00,SENT
SMS00005078,A003195,2025-12-09 22:00:00,SENT
SMS00005079,A000486,2026-07-20 18:00:00,DELIVERED
SMS00005080,A000260,2025-10-27 18:00:00,DELIVERED
SMS00005081,A001890,2026-02-03 17:00:00,DELIVERED
SMS00005082,A003140,2025-11-17 20:00:00,DELIVERED
SMS00005083,A001210,2026-04-03 22:00:00,DELIVERED
SMS00005084,A000566,2026-04-02 19:00:00,DELIVERED
SMS00005085,A003869,2026-06-10 08:00:00,SENT
SMS00005086,A001848,2026-08-04 17:00:00,DELIVERED
SMS00005087,A002593,2025-12-21 17:00:00,DELIVERED
SMS00005088,A002231,2026-07-15 18:00:00,DELIVERED
SMS00005089,A003145,2026-04-27 13:00:00,DELIVERED
SMS00005090,A001575,2026-02-22 18:00:00,DELIVERED
SMS00005091,A004165,2026-08-22 08:00:00,DELIVERED
SMS00005092,A002364,2026-01-03 14:00:00,DELIVERED
SMS00005093,A001461,2026-01-21 18:00:00,DELIVERED
SMS00005094,A001654,2025-12-15 16:00:00,DELIVERED
SMS00005095,A001307,2026-01-22 16:00:00,SENT
SMS00005096,A001994,2026-07-17 21:00:00,DELIVERED
SMS00005097,A000229,2025-10-12 21:00:00,DELIVERED
SMS00005098,A001074,2026-04-17 22:00:00,SENT
SMS00005099,A003607,2025-10-21 07:00:00,DELIVERED
SMS00005100,A003339,2025-10-17 12:00:00,DELIVERED
SMS00005101,A000938,2026-01-11 11:00:00,DELIVERED
SMS00005102,A000227,2025-10-15 15:00:00,DELIVERED
SMS00005103,A003047,2025-12-17 19:00:00,DELIVERED
SMS00005104,A000276,2026-02-25 21:00:00,DELIVERED
SMS00005105,A003721,2026-06-11 20:00:00,DELIVERED
SMS00005106,A000483,2026-05-23 07:00:00,DELIVERED
SMS00005107,A000397,2025-10-02 11:00:00,DELIVERED
SMS00005108,A000328,2026-01-17 22:00:00,DELIVERED
SMS00005109,A003191,2026-02-14 14:00:00,FAILED
SMS00005110,A002155,2026-03-21 10:00:00,DELIVERED
SMS00005111,A003344,2026-08-01 15:00:00,SENT
SMS00005112,A000262,2025-10-03 18:00:00,DELIVERED
SMS00005113,A000764,2025-12-07 08:00:00,DELIVERED
SMS00005114,A003695,2026-07-05 07:00:00,DELIVERED
SMS00005115,A004135,2026-03-05 12:00:00,DELIVERED
SMS00005116,A003569,2026-08-04 11:00:00,DELIVERED
SMS00005117,A002684,2026-03-06 19:00:00,DELIVERED
SMS00005118,A000615,2026-08-06 07:00:00,SENT
SMS00005119,A001152,2026-01-09 15:00:00,SENT
SMS00005120,A003410,2025-10-20 08:00:00,SENT
SMS00005121,A002034,2025-11-24 19:00:00,DELIVERED
SMS00005122,A003176,2026-01-12 15:00:00,DELIVERED
SMS00005123,A003249,2026-02-12 15:00:00,DELIVERED
SMS00005124,A001213,2026-07-01 07:00:00,DELIVERED
SMS00005125,A001973,2026-04-05 08:00:00,SENT
SMS00005126,A001453,2026-05-26 08:00:00,DELIVERED
SMS00005127,A003461,2026-05-27 13:00:00,DELIVERED
SMS00005128,A003150,2026-04-19 19:00:00,FAILED
SMS00005129,A002454,2026-05-02 17:00:00,SENT
SMS00005130,A004015,2026-02-08 13:00:00,DELIVERED
SMS00005131,A002886,2026-03-10 19:00:00,FAILED
SMS00005132,A000649,2026-08-18 12:00:00,SENT
SMS00005133,A001105,2026-02-06 18:00:00,DELIVERED
SMS00005134,A002702,2026-04-07 15:00:00,DELIVERED
SMS00005135,A002470,2025-10-02 09:00:00,DELIVERED
SMS00005136,A000909,2026-06-25 15:00:00,DELIVERED
SMS00005137,A001654,2026-03-09 17:00:00,DELIVERED
SMS00005138,A001089,2026-02-08 15:00:00,DELIVERED
SMS00005139,A001148,2026-05-27 10:00:00,SENT
SMS00005140,A001002,2025-11-20 16:00:00,DELIVERED
SMS00005141,A000319,2026-07-21 18:00:00,FAILED
SMS00005142,A003432,2025-12-17 18:00:00,DELIVERED
SMS00005143,A000197,2026-01-03 16:00:00,DELIVERED
SMS00005144,A003129,2026-07-07 16:00:00,SENT
SMS00005145,A002295,2026-08-05 19:00:00,SENT
SMS00005146,A003494,2026-07-18 14:00:00,DELIVERED
SMS00005147,A001929,2026-02-01 15:00:00,DELIVERED
SMS00005148,A001786,2026-01-20 16:00:00,DELIVERED
SMS00005149,A003848,2025-12-17 17:00:00,SENT
SMS00005150,A002704,2026-02-11 17:00:00,DELIVERED
SMS00005151,A000329,2026-04-25 12:00:00,DELIVERED
SMS00005152,A003538,2026-07-20 14:00:00,DELIVERED
SMS00005153,A003312,2026-02-17 12:00:00,DELIVERED
SMS00005154,A002019,2026-06-11 11:00:00,DELIVERED
SMS00005155,A001956,2025-11-14 16:00:00,DELIVERED
SMS00005156,A002861,2026-06-19 13:00:00,DELIVERED
SMS00005157,A001503,2026-08-04 18:00:00,DELIVERED
SMS00005158,A002879,2026-06-04 17:00:00,SENT
SMS00005159,A000722,2026-01-02 17:00:00,DELIVERED
SMS00005160,A001421,2025-10-19 15:00:00,DELIVERED
SMS00005161,A000200,2026-02-12 08:00:00,DELIVERED
SMS00005162,A003088,2026-02-27 15:00:00,DELIVERED
SMS00005163,A001613,2026-04-23 10:00:00,FAILED
SMS00005164,A003499,2025-09-13 20:00:00,DELIVERED
SMS00005165,A004105,2025-12-23 07:00:00,SENT
SMS00005166,A000453,2025-11-13 18:00:00,DELIVERED
SMS00005167,A000060,2026-05-23 11:00:00,DELIVERED
SMS00005168,A003823,2026-06-26 18:00:00,DELIVERED
SMS00005169,A001617,2025-12-05 21:00:00,DELIVERED
SMS00005170,A001276,2025-12-02 19:00:00,DELIVERED
SMS00005171,A001296,2026-03-03 14:00:00,SENT
SMS00005172,A003828,2025-10-05 13:00:00,DELIVERED
SMS00005173,A002952,2025-10-03 07:00:00,DELIVERED
SMS00005174,A003179,2025-09-19 21:00:00,DELIVERED
SMS00005175,A004079,2026-07-17 09:00:00,DELIVERED
SMS00005176,A000966,2025-09-04 13:00:00,FAILED
SMS00005177,A001535,2025-12-23 22:00:00,DELIVERED
SMS00005178,A001517,2025-11-04 11:00:00,DELIVERED
SMS00005179,A000143,2026-03-25 17:00:00,DELIVERED
SMS00005180,A003603,2026-05-01 10:00:00,DELIVERED
SMS00005181,A000780,2026-08-20 15:00:00,FAILED
SMS00005182,A002975,2026-08-26 11:00:00,DELIVERED
SMS00005183,A000347,2026-06-01 16:00:00,DELIVERED
SMS00005184,A001563,2026-04-07 14:00:00,SENT
SMS00005185,A001575,2025-10-03 11:00:00,DELIVERED
SMS00005186,A001104,2025-12-08 12:00:00,DELIVERED
SMS00005187,A002760,2026-07-26 12:00:00,DELIVERED
SMS00005188,A003178,2025-11-16 08:00:00,DELIVERED
SMS00005189,A003364,2026-02-17 21:00:00,FAILED
SMS00005190,A000821,2026-01-19 19:00:00,DELIVERED
SMS00005191,A003836,2025-12-08 09:00:00,DELIVERED
SMS00005192,A000574,2025-09-27 17:00:00,DELIVERED
SMS00005193,A002336,2026-07-04 19:00:00,DELIVERED
SMS00005194,A003340,2026-02-26 21:00:00,FAILED
SMS00005195,A002587,2026-05-23 09:00:00,FAILED
SMS00005196,A002516,2026-02-07 20:00:00,DELIVERED
SMS00005197,A002017,2026-01-14 22:00:00,DELIVERED
SMS00005198,A001141,2025-11-07 19:00:00,DELIVERED
SMS00005199,A001014,2026-02-04 12:00:00,DELIVERED
SMS00005200,A000617,2026-05-15 18:00:00,DELIVERED
SMS00005201,A002667,2026-05-25 12:00:00,DELIVERED
SMS00005202,A001033,2026-08-19 07:00:00,DELIVERED
SMS00005203,A000727,2025-11-05 14:00:00,DELIVERED
SMS00005204,A002372,2026-05-19 16:00:00,DELIVERED
SMS00005205,A000804,2026-06-16 14:00:00,DELIVERED
SMS00005206,A003323,2026-08-01 15:00:00,DELIVERED
SMS00005207,A002434,2026-01-04 18:00:00,DELIVERED
SMS00005208,A003577,2026-03-04 17:00:00,DELIVERED
SMS00005209,A003855,2025-11-24 17:00:00,SENT
SMS00005210,A002692,2025-10-08 17:00:00,SENT
SMS00005211,A000865,2026-04-25 12:00:00,SENT
SMS00005212,A003199,2026-07-05 17:00:00,DELIVERED
SMS00005213,A002711,2026-04-20 16:00:00,DELIVERED
SMS00005214,A001690,2025-11-14 18:00:00,DELIVERED
SMS00005215,A001772,2026-04-08 11:00:00,FAILED
SMS00005216,A003614,2026-04-14 21:00:00,DELIVERED
SMS00005217,A000075,2025-11-05 16:00:00,DELIVERED
SMS00005218,A001206,2026-07-06 17:00:00,DELIVERED
SMS00005219,A002548,2025-09-02 22:00:00,DELIVERED
SMS00005220,A000804,2026-01-24 17:00:00,DELIVERED
SMS00005221,A002842,2025-11-06 17:00:00,FAILED
SMS00005222,A000623,2025-10-20 08:00:00,DELIVERED
SMS00005223,A000553,2026-01-20 15:00:00,DELIVERED
SMS00005224,A003636,2025-11-05 18:00:00,DELIVERED
SMS00005225,A002052,2025-12-16 19:00:00,DELIVERED
SMS00005226,A000683,2025-09-19 10:00:00,FAILED
SMS00005227,A003313,2026-04-23 11:00:00,SENT
SMS00005228,A000562,2025-09-02 10:00:00,DELIVERED
SMS00005229,A003702,2025-12-07 19:00:00,DELIVERED
SMS00005230,A002441,2026-01-23 19:00:00,DELIVERED
SMS00005231,A003786,2026-04-04 09:00:00,SENT
SMS00005232,A001627,2026-08-02 14:00:00,DELIVERED
SMS00005233,A001125,2026-02-16 09:00:00,DELIVERED
SMS00005234,A000833,2025-09-10 16:00:00,DELIVERED
SMS00005235,A003009,2026-05-22 12:00:00,DELIVERED
SMS00005236,A003192,2025-10-19 07:00:00,DELIVERED
SMS00005237,A001406,2026-02-19 07:00:00,FAILED
SMS00005238,A004100,2026-06-27 21:00:00,DELIVERED
SMS00005239,A002260,2026-06-16 22:00:00,DELIVERED
SMS00005240,A003625,2025-12-03 18:00:00,FAILED
SMS00005241,A000409,2025-09-10 22:00:00,DELIVERED
SMS00005242,A003367,2026-05-24 14:00:00,FAILED
SMS00005243,A001863,2026-07-02 07:00:00,FAILED
SMS00005244,A002343,2025-11-27 22:00:00,FAILED
SMS00005245,A000729,2026-03-15 17:00:00,DELIVERED
SMS00005246,A002070,2026-06-08 08:00:00,DELIVERED
SMS00005247,A004012,2025-12-25 21:00:00,SENT
SMS00005248,A000377,2026-06-05 18:00:00,SENT
SMS00005249,A002965,2026-07-21 22:00:00,SENT
SMS00005250,A000042,2025-11-02 17:00:00,SENT
SMS00005251,A003919,2026-01-26 13:00:00,DELIVERED
SMS00005252,A002943,2025-11-15 22:00:00,DELIVERED
SMS00005253,A001684,2026-02-21 20:00:00,SENT
SMS00005254,A004011,2025-09-07 16:00:00,DELIVERED
SMS00005255,A004002,2026-06-21 09:00:00,DELIVERED
SMS00005256,A002259,2026-08-01 11:00:00,DELIVERED
SMS00005257,A000267,2026-03-26 20:00:00,DELIVERED
SMS00005258,A004183,2025-11-15 07:00:00,DELIVERED
SMS00005259,A000870,2025-10-02 19:00:00,DELIVERED
SMS00005260,A001547,2026-03-19 19:00:00,DELIVERED
SMS00005261,A002273,2026-04-12 18:00:00,FAILED
SMS00005262,A003289,2026-03-12 16:00:00,DELIVERED
SMS00005263,A004164,2026-05-09 22:00:00,DELIVERED
SMS00005264,A002470,2026-02-17 13:00:00,DELIVERED
SMS00005265,A002796,2025-10-19 15:00:00,SENT
SMS00005266,A001510,2026-02-02 22:00:00,DELIVERED
SMS00005267,A001222,2026-05-04 16:00:00,SENT
SMS00005268,A003352,2026-02-24 22:00:00,DELIVERED
SMS00005269,A003697,2026-03-27 14:00:00,DELIVERED
SMS00005270,A001678,2026-01-23 10:00:00,FAILED
SMS00005271,A000592,2026-07-10 20:00:00,DELIVERED
SMS00005272,A001328,2025-12-09 18:00:00,SENT
SMS00005273,A003856,2025-09-20 07:00:00,FAILED
SMS00005274,A001925,2026-02-23 11:00:00,DELIVERED
SMS00005275,A004069,2025-12-19 18:00:00,DELIVERED
SMS00005276,A003611,2025-12-13 11:00:00,DELIVERED
SMS00005277,A002283,2026-04-19 21:00:00,SENT
SMS00005278,A000339,2026-03-06 08:00:00,FAILED
SMS00005279,A002677,2026-05-19 09:00:00,DELIVERED
SMS00005280,A002814,2026-03-20 20:00:00,SENT
SMS00005281,A001342,2025-11-20 17:00:00,SENT
SMS00005282,A000004,2026-03-07 11:00:00,DELIVERED
SMS00005283,A000656,2026-02-08 15:00:00,DELIVERED
SMS00005284,A002182,2026-06-27 17:00:00,DELIVERED
SMS00005285,A001311,2025-10-14 14:00:00,DELIVERED
SMS00005286,A000243,2026-01-15 13:00:00,DELIVERED
SMS00005287,A002754,2026-01-14 07:00:00,DELIVERED
SMS00005288,A004066,2026-01-17 14:00:00,DELIVERED
SMS00005289,A000967,2026-07-12 09:00:00,SENT
SMS00005290,A002380,2026-04-05 12:00:00,DELIVERED
SMS00005291,A002605,2026-04-17 14:00:00,DELIVERED
SMS00005292,A003657,2025-11-14 10:00:00,SENT
SMS00005293,A001582,2026-02-06 15:00:00,SENT
SMS00005294,A001691,2026-03-23 16:00:00,DELIVERED
SMS00005295,A001818,2026-02-11 15:00:00,FAILED
SMS00005296,A003864,2026-03-26 13:00:00,DELIVERED
SMS00005297,A000527,2026-07-12 19:00:00,DELIVERED
SMS00005298,A001790,2026-07-15 11:00:00,DELIVERED
SMS00005299,A000678,2025-12-14 07:00:00,SENT
SMS00005300,A001832,2025-11-25 08:00:00,DELIVERED
SMS00005301,A002307,2026-04-14 15:00:00,DELIVERED
SMS00005302,A000207,2026-04-25 11:00:00,FAILED
SMS00005303,A002586,2026-03-09 13:00:00,DELIVERED
SMS00005304,A002901,2026-08-01 22:00:00,FAILED
SMS00005305,A002738,2026-03-14 18:00:00,DELIVERED
SMS00005306,A002310,2026-06-20 13:00:00,SENT
SMS00005307,A000016,2026-05-05 14:00:00,DELIVERED
SMS00005308,A003536,2025-11-01 10:00:00,SENT
SMS00005309,A003948,2025-09-10 11:00:00,DELIVERED
SMS00005310,A000032,2025-12-19 16:00:00,FAILED
SMS00005311,A000969,2026-04-03 21:00:00,DELIVERED
SMS00005312,A001290,2026-06-06 15:00:00,DELIVERED
SMS00005313,A001314,2026-03-19 13:00:00,DELIVERED
SMS00005314,A003032,2026-07-11 09:00:00,DELIVERED
SMS00005315,A002347,2025-12-03 12:00:00,DELIVERED
SMS00005316,A003875,2026-03-02 07:00:00,DELIVERED
SMS00005317,A000113,2026-07-06 12:00:00,DELIVERED
SMS00005318,A002096,2026-05-02 17:00:00,DELIVERED
SMS00005319,A003889,2025-09-26 14:00:00,SENT
SMS00005320,A003449,2025-11-26 13:00:00,SENT
SMS00005321,A003307,2025-11-05 17:00:00,SENT
SMS00005322,A001519,2025-12-22 15:00:00,DELIVERED
SMS00005323,A000250,2025-11-03 21:00:00,DELIVERED
SMS00005324,A000770,2025-10-09 18:00:00,DELIVERED
SMS00005325,A001381,2026-04-05 17:00:00,DELIVERED
SMS00005326,A001940,2026-02-03 16:00:00,FAILED
SMS00005327,A002276,2026-06-12 15:00:00,DELIVERED
SMS00005328,A001724,2026-08-11 16:00:00,SENT
SMS00005329,A003092,2026-08-20 08:00:00,DELIVERED
SMS00005330,A001017,2026-05-09 10:00:00,DELIVERED
SMS00005331,A003774,2026-01-08 07:00:00,DELIVERED
SMS00005332,A001731,2026-06-09 12:00:00,FAILED
SMS00005333,A000622,2026-06-16 18:00:00,DELIVERED
SMS00005334,A000941,2026-08-17 13:00:00,FAILED
SMS00005335,A000304,2025-11-03 12:00:00,DELIVERED
SMS00005336,A001088,2026-07-17 09:00:00,DELIVERED
SMS00005337,A000651,2026-02-18 16:00:00,DELIVERED
SMS00005338,A003499,2025-10-21 17:00:00,FAILED
SMS00005339,A002861,2026-08-02 21:00:00,DELIVERED
SMS00005340,A001260,2026-01-17 15:00:00,DELIVERED
SMS00005341,A003156,2025-09-12 08:00:00,DELIVERED
SMS00005342,A002082,2025-09-14 09:00:00,DELIVERED
SMS00005343,A001062,2026-06-14 13:00:00,DELIVERED
SMS00005344,A001529,2026-02-01 10:00:00,DELIVERED
SMS00005345,A002436,2026-05-16 08:00:00,DELIVERED
SMS00005346,A000856,2026-05-13 18:00:00,DELIVERED
SMS00005347,A004093,2026-05-16 13:00:00,DELIVERED
SMS00005348,A002547,2026-06-18 13:00:00,DELIVERED
SMS00005349,A002045,2025-12-27 15:00:00,SENT
SMS00005350,A002852,2026-03-09 08:00:00,DELIVERED
SMS00005351,A002337,2026-02-09 12:00:00,DELIVERED
SMS00005352,A002011,2026-03-18 09:00:00,DELIVERED
SMS00005353,A001539,2026-07-11 14:00:00,FAILED
SMS00005354,A004032,2026-05-07 09:00:00,DELIVERED
SMS00005355,A001418,2025-09-05 07:00:00,DELIVERED
SMS00005356,A001453,2025-10-21 08:00:00,SENT
SMS00005357,A003025,2026-08-14 22:00:00,DELIVERED
SMS00005358,A004161,2026-04-23 18:00:00,DELIVERED
SMS00005359,A000676,2026-04-14 16:00:00,SENT
SMS00005360,A002697,2026-05-04 08:00:00,FAILED
SMS00005361,A000885,2026-02-26 22:00:00,DELIVERED
SMS00005362,A002928,2025-09-17 14:00:00,FAILED
SMS00005363,A003874,2026-01-16 21:00:00,SENT
SMS00005364,A000020,2025-10-27 16:00:00,DELIVERED
SMS00005365,A003151,2026-03-18 12:00:00,SENT
SMS00005366,A001696,2025-10-08 16:00:00,DELIVERED
SMS00005367,A002936,2025-12-15 15:00:00,DELIVERED
SMS00005368,A001553,2025-11-03 12:00:00,DELIVERED
SMS00005369,A002698,2025-11-14 21:00:00,DELIVERED
SMS00005370,A003580,2026-03-14 21:00:00,DELIVERED
SMS00005371,A004122,2026-06-06 21:00:00,DELIVERED
SMS00005372,A001919,2026-06-05 20:00:00,DELIVERED
SMS00005373,A000907,2026-01-05 17:00:00,DELIVERED
SMS00005374,A000519,2025-11-26 20:00:00,DELIVERED
SMS00005375,A003796,2026-03-22 07:00:00,SENT
SMS00005376,A000030,2026-04-07 19:00:00,DELIVERED
SMS00005377,A001118,2025-11-26 09:00:00,SENT
SMS00005378,A000156,2025-12-06 08:00:00,DELIVERED
SMS00005379,A003742,2025-10-27 17:00:00,DELIVERED
SMS00005380,A002246,2026-08-11 22:00:00,DELIVERED
SMS00005381,A002292,2026-03-24 21:00:00,SENT
SMS00005382,A001097,2026-02-19 11:00:00,DELIVERED
SMS00005383,A003654,2026-07-03 19:00:00,SENT
SMS00005384,A003011,2026-05-12 20:00:00,DELIVERED
SMS00005385,A000393,2025-12-06 16:00:00,DELIVERED
SMS00005386,A001218,2026-01-18 22:00:00,FAILED
SMS00005387,A004068,2026-01-16 19:00:00,DELIVERED
SMS00005388,A001675,2026-05-09 21:00:00,SENT
SMS00005389,A000960,2026-08-02 15:00:00,DELIVERED
SMS00005390,A000542,2026-04-17 15:00:00,DELIVERED
SMS00005391,A000484,2026-03-05 15:00:00,DELIVERED
SMS00005392,A002857,2026-06-19 13:00:00,SENT
SMS00005393,A001478,2026-07-08 12:00:00,SENT
SMS00005394,A002733,2026-08-17 12:00:00,DELIVERED
SMS00005395,A002089,2026-07-01 22:00:00,DELIVERED
SMS00005396,A000050,2025-09-13 08:00:00,DELIVERED
SMS00005397,A001993,2026-03-06 15:00:00,DELIVERED
SMS00005398,A001226,2026-08-27 19:00:00,DELIVERED
SMS00005399,A001485,2026-04-01 18:00:00,DELIVERED
SMS00005400,A002752,2026-07-17 18:00:00,SENT
SMS00005401,A001440,2026-08-14 16:00:00,DELIVERED
SMS00005402,A001781,2026-03-25 12:00:00,SENT
SMS00005403,A002333,2026-02-23 11:00:00,DELIVERED
SMS00005404,A002957,2025-11-02 08:00:00,DELIVERED
SMS00005405,A003334,2026-05-27 22:00:00,DELIVERED
SMS00005406,A002156,2025-12-27 14:00:00,DELIVERED
SMS00005407,A004145,2026-06-20 18:00:00,DELIVERED
SMS00005408,A004015,2026-06-15 15:00:00,SENT
SMS00005409,A003211,2026-05-10 11:00:00,DELIVERED
SMS00005410,A001980,2026-04-27 22:00:00,DELIVERED
SMS00005411,A003334,2025-11-21 16:00:00,DELIVERED
SMS00005412,A003067,2026-03-07 15:00:00,FAILED
SMS00005413,A002082,2026-07-06 19:00:00,DELIVERED
SMS00005414,A003825,2026-03-12 07:00:00,FAILED
SMS00005415,A003069,2026-02-10 15:00:00,DELIVERED
SMS00005416,A002234,2026-02-11 12:00:00,DELIVERED
SMS00005417,A001128,2026-07-09 13:00:00,DELIVERED
SMS00005418,A000562,2025-11-17 11:00:00,DELIVERED
SMS00005419,A001249,2026-04-13 11:00:00,DELIVERED
SMS00005420,A002150,2026-02-03 08:00:00,DELIVERED
SMS00005421,A003712,2025-11-14 13:00:00,SENT
SMS00005422,A001653,2025-11-23 22:00:00,SENT
SMS00005423,A001807,2026-04-04 12:00:00,DELIVERED
SMS00005424,A003497,2026-03-03 22:00:00,DELIVERED
SMS00005425,A001618,2026-06-03 15:00:00,DELIVERED
SMS00005426,A004072,2025-12-17 17:00:00,DELIVERED
SMS00005427,A000261,2026-03-03 20:00:00,DELIVERED
SMS00005428,A002143,2026-02-05 18:00:00,DELIVERED
SMS00005429,A002457,2026-05-10 17:00:00,DELIVERED
SMS00005430,A000913,2026-07-04 08:00:00,SENT
SMS00005431,A001992,2026-06-02 09:00:00,SENT
SMS00005432,A003258,2026-08-07 22:00:00,SENT
SMS00005433,A001121,2026-04-23 11:00:00,DELIVERED
SMS00005434,A002075,2026-05-23 11:00:00,DELIVERED
SMS00005435,A002459,2026-06-16 17:00:00,DELIVERED
SMS00005436,A002025,2025-11-07 18:00:00,DELIVERED
SMS00005437,A002735,2026-06-24 21:00:00,DELIVERED
SMS00005438,A002424,2025-11-06 16:00:00,DELIVERED
SMS00005439,A002690,2026-04-20 11:00:00,DELIVERED
SMS00005440,A000505,2025-11-21 17:00:00,DELIVERED
SMS00005441,A002401,2026-05-04 16:00:00,DELIVERED
SMS00005442,A002525,2025-09-08 17:00:00,DELIVERED
SMS00005443,A002943,2026-01-01 07:00:00,FAILED
SMS00005444,A001223,2025-10-01 17:00:00,DELIVERED
SMS00005445,A000988,2026-06-19 21:00:00,DELIVERED
SMS00005446,A003421,2026-05-02 22:00:00,DELIVERED
SMS00005447,A003114,2026-04-22 16:00:00,DELIVERED
SMS00005448,A000177,2026-01-20 21:00:00,DELIVERED
SMS00005449,A001385,2026-04-26 17:00:00,DELIVERED
SMS00005450,A001176,2025-09-10 18:00:00,DELIVERED
SMS00005451,A001160,2026-05-26 14:00:00,SENT
SMS00005452,A000657,2026-08-22 20:00:00,DELIVERED
SMS00005453,A001645,2026-07-04 07:00:00,DELIVERED
SMS00005454,A001397,2026-04-10 17:00:00,FAILED
SMS00005455,A002493,2025-09-21 09:00:00,SENT
SMS00005456,A003622,2026-06-27 22:00:00,DELIVERED
SMS00005457,A000979,2026-08-22 11:00:00,DELIVERED
SMS00005458,A003965,2025-10-04 12:00:00,DELIVERED
SMS00005459,A002000,2026-01-09 07:00:00,DELIVERED
SMS00005460,A001024,2025-09-08 10:00:00,SENT
SMS00005461,A001783,2025-11-19 20:00:00,DELIVERED
SMS00005462,A002366,2026-07-04 19:00:00,DELIVERED
SMS00005463,A001907,2026-02-27 12:00:00,DELIVERED
SMS00005464,A000377,2025-09-19 09:00:00,DELIVERED
SMS00005465,A000079,2025-10-04 13:00:00,SENT
SMS00005466,A001016,2025-10-04 17:00:00,FAILED
SMS00005467,A000256,2025-09-04 14:00:00,DELIVERED
SMS00005468,A002112,2025-11-08 21:00:00,DELIVERED
SMS00005469,A002619,2026-07-07 21:00:00,SENT
SMS00005470,A000299,2026-03-16 22:00:00,DELIVERED
SMS00005471,A000291,2026-04-13 10:00:00,SENT
SMS00005472,A003801,2025-10-09 16:00:00,SENT
SMS00005473,A003744,2025-09-19 14:00:00,FAILED
SMS00005474,A003420,2026-06-20 22:00:00,DELIVERED
SMS00005475,A000992,2025-11-25 11:00:00,DELIVERED
SMS00005476,A003673,2026-03-24 18:00:00,DELIVERED
SMS00005477,A000527,2026-03-16 10:00:00,DELIVERED
SMS00005478,A000605,2025-12-11 16:00:00,DELIVERED
SMS00005479,A001604,2026-08-10 07:00:00,DELIVERED
SMS00005480,A001894,2026-02-06 21:00:00,DELIVERED
SMS00005481,A000034,2026-02-20 19:00:00,DELIVERED
SMS00005482,A002075,2026-05-20 08:00:00,DELIVERED
SMS00005483,A001607,2026-06-18 08:00:00,DELIVERED
SMS00005484,A001960,2025-10-19 08:00:00,DELIVERED
SMS00005485,A000262,2026-05-09 07:00:00,FAILED
SMS00005486,A001223,2026-07-18 07:00:00,FAILED
SMS00005487,A002321,2026-08-10 09:00:00,DELIVERED
SMS00005488,A002495,2025-11-03 20:00:00,DELIVERED
SMS00005489,A000031,2026-03-03 08:00:00,DELIVERED
SMS00005490,A003246,2025-11-27 17:00:00,DELIVERED
SMS00005491,A000070,2026-03-17 21:00:00,DELIVERED
SMS00005492,A000696,2026-01-21 11:00:00,DELIVERED
SMS00005493,A003529,2026-04-23 09:00:00,SENT
SMS00005494,A000632,2026-04-25 16:00:00,DELIVERED
SMS00005495,A000883,2026-04-19 09:00:00,SENT
SMS00005496,A002354,2025-11-03 14:00:00,DELIVERED
SMS00005497,A000731,2025-09-04 19:00:00,DELIVERED
SMS00005498,A002549,2026-05-17 08:00:00,FAILED
SMS00005499,A001147,2026-02-22 07:00:00,DELIVERED
SMS00005500,A002541,2025-10-12 08:00:00,SENT
SMS00005501,A000076,2026-01-25 17:00:00,DELIVERED
SMS00005502,A000254,2026-03-15 13:00:00,SENT
SMS00005503,A001951,2025-10-07 10:00:00,SENT
SMS00005504,A001010,2026-04-27 14:00:00,DELIVERED
SMS00005505,A003613,2026-04-13 10:00:00,SENT
SMS00005506,A004115,2026-08-22 08:00:00,DELIVERED
SMS00005507,A003739,2025-11-12 15:00:00,DELIVERED
SMS00005508,A001139,2026-01-26 19:00:00,DELIVERED
SMS00005509,A000019,2026-03-20 17:00:00,DELIVERED
SMS00005510,A000620,2025-10-14 10:00:00,DELIVERED
SMS00005511,A003264,2025-11-20 15:00:00,DELIVERED
SMS00005512,A002752,2026-04-03 11:00:00,DELIVERED
SMS00005513,A001253,2026-04-27 07:00:00,DELIVERED
SMS00005514,A001136,2026-07-06 15:00:00,DELIVERED
SMS00005515,A000151,2026-05-05 16:00:00,DELIVERED
SMS00005516,A002450,2025-09-09 13:00:00,DELIVERED
SMS00005517,A003658,2025-10-24 10:00:00,DELIVERED
SMS00005518,A003634,2026-02-21 13:00:00,DELIVERED
SMS00005519,A000647,2026-03-18 16:00:00,SENT
SMS00005520,A002062,2025-09-18 15:00:00,SENT
SMS00005521,A001869,2026-01-12 19:00:00,DELIVERED
SMS00005522,A001720,2026-06-16 13:00:00,DELIVERED
SMS00005523,A001109,2026-03-25 08:00:00,DELIVERED
SMS00005524,A002853,2026-06-04 22:00:00,FAILED
SMS00005525,A003908,2025-12-27 15:00:00,DELIVERED
SMS00005526,A001279,2025-11-03 16:00:00,DELIVERED
SMS00005527,A000021,2025-09-27 16:00:00,DELIVERED
SMS00005528,A002614,2025-09-10 13:00:00,DELIVERED
SMS00005529,A003241,2026-08-12 08:00:00,DELIVERED
SMS00005530,A001406,2026-07-19 08:00:00,DELIVERED
SMS00005531,A000846,2026-01-05 22:00:00,DELIVERED
SMS00005532,A004096,2026-02-17 15:00:00,SENT
SMS00005533,A002854,2025-11-19 16:00:00,FAILED
SMS00005534,A000317,2025-11-17 18:00:00,DELIVERED
SMS00005535,A000424,2026-05-21 13:00:00,DELIVERED
SMS00005536,A003133,2026-06-12 19:00:00,DELIVERED
SMS00005537,A001150,2026-08-11 15:00:00,SENT
SMS00005538,A001368,2025-11-09 13:00:00,DELIVERED
SMS00005539,A002418,2026-02-18 20:00:00,DELIVERED
SMS00005540,A001585,2025-09-02 22:00:00,DELIVERED
SMS00005541,A000015,2025-12-09 20:00:00,FAILED
SMS00005542,A002828,2026-05-08 12:00:00,DELIVERED
SMS00005543,A002613,2026-02-10 18:00:00,DELIVERED
SMS00005544,A002768,2025-10-27 15:00:00,FAILED
SMS00005545,A001339,2025-12-08 14:00:00,DELIVERED
SMS00005546,A000179,2026-03-07 21:00:00,DELIVERED
SMS00005547,A001827,2026-07-14 11:00:00,FAILED
SMS00005548,A001380,2026-02-09 19:00:00,DELIVERED
SMS00005549,A001117,2026-07-19 14:00:00,DELIVERED
SMS00005550,A003955,2026-06-12 07:00:00,SENT
SMS00005551,A001266,2025-09-25 09:00:00,SENT
SMS00005552,A000063,2025-10-01 07:00:00,DELIVERED
SMS00005553,A001392,2026-08-20 13:00:00,DELIVERED
SMS00005554,A002761,2026-04-15 19:00:00,FAILED
SMS00005555,A003629,2026-08-16 18:00:00,DELIVERED
SMS00005556,A003738,2026-03-19 10:00:00,FAILED
SMS00005557,A001649,2025-09-27 10:00:00,FAILED
SMS00005558,A002038,2026-06-16 10:00:00,DELIVERED
SMS00005559,A000549,2025-09-09 14:00:00,SENT
SMS00005560,A002045,2026-05-01 21:00:00,FAILED
SMS00005561,A002606,2026-01-20 17:00:00,DELIVERED
SMS00005562,A000019,2026-03-05 17:00:00,DELIVERED
SMS00005563,A003134,2026-05-14 09:00:00,DELIVERED
SMS00005564,A001192,2025-09-11 20:00:00,DELIVERED
SMS00005565,A000582,2025-11-20 08:00:00,DELIVERED
SMS00005566,A000192,2025-10-18 17:00:00,DELIVERED
SMS00005567,A001322,2026-03-24 18:00:00,DELIVERED
SMS00005568,A003096,2026-03-16 09:00:00,DELIVERED
SMS00005569,A002992,2025-10-12 10:00:00,DELIVERED
SMS00005570,A000001,2026-07-22 22:00:00,DELIVERED
SMS00005571,A002684,2026-04-14 14:00:00,DELIVERED
SMS00005572,A000374,2025-11-09 13:00:00,FAILED
SMS00005573,A000151,2026-05-27 11:00:00,DELIVERED
SMS00005574,A001428,2026-01-13 08:00:00,FAILED
SMS00005575,A001320,2026-05-21 19:00:00,DELIVERED
SMS00005576,A004078,2025-12-04 19:00:00,SENT
SMS00005577,A002726,2025-12-19 14:00:00,SENT
SMS00005578,A003218,2026-03-11 09:00:00,DELIVERED
SMS00005579,A003763,2026-06-18 13:00:00,DELIVERED
SMS00005580,A000642,2026-08-02 15:00:00,DELIVERED
SMS00005581,A002578,2026-07-13 10:00:00,DELIVERED
SMS00005582,A003847,2026-08-03 16:00:00,DELIVERED
SMS00005583,A002781,2025-11-07 16:00:00,DELIVERED
SMS00005584,A002879,2025-12-26 22:00:00,DELIVERED
SMS00005585,A001749,2026-08-21 11:00:00,DELIVERED
SMS00005586,A001845,2026-06-12 16:00:00,DELIVERED
SMS00005587,A001856,2026-07-22 13:00:00,DELIVERED
SMS00005588,A000245,2026-04-24 22:00:00,FAILED
SMS00005589,A004024,2026-06-22 19:00:00,DELIVERED
SMS00005590,A001770,2025-09-24 19:00:00,DELIVERED
SMS00005591,A000863,2025-09-13 10:00:00,SENT
SMS00005592,A001109,2026-03-25 21:00:00,SENT
SMS00005593,A003299,2026-07-01 19:00:00,SENT
SMS00005594,A002232,2026-02-11 17:00:00,FAILED
SMS00005595,A001780,2026-07-01 14:00:00,DELIVERED
SMS00005596,A002050,2026-05-09 21:00:00,DELIVERED
SMS00005597,A000854,2025-09-03 19:00:00,DELIVERED
SMS00005598,A003998,2026-08-03 16:00:00,DELIVERED
SMS00005599,A002510,2026-05-19 09:00:00,DELIVERED
SMS00005600,A002184,2026-05-01 08:00:00,DELIVERED
SMS00005601,A000532,2025-12-02 18:00:00,DELIVERED
SMS00005602,A002284,2025-11-13 09:00:00,DELIVERED
SMS00005603,A000612,2026-01-22 21:00:00,DELIVERED
SMS00005604,A004172,2025-09-24 21:00:00,DELIVERED
SMS00005605,A002888,2025-12-23 15:00:00,FAILED
SMS00005606,A001139,2025-09-17 10:00:00,DELIVERED
SMS00005607,A002512,2025-10-10 11:00:00,SENT
SMS00005608,A003253,2025-11-06 11:00:00,DELIVERED
SMS00005609,A002387,2025-10-22 20:00:00,SENT
SMS00005610,A002166,2025-11-26 19:00:00,DELIVERED
SMS00005611,A001192,2026-07-02 14:00:00,SENT
SMS00005612,A000636,2026-05-10 14:00:00,SENT
SMS00005613,A000621,2025-12-07 11:00:00,FAILED
SMS00005614,A002146,2026-07-11 07:00:00,FAILED
SMS00005615,A001749,2026-03-21 08:00:00,DELIVERED
SMS00005616,A001127,2026-04-20 10:00:00,DELIVERED
SMS00005617,A003812,2026-05-01 21:00:00,DELIVERED
SMS00005618,A000004,2026-06-06 07:00:00,DELIVERED
SMS00005619,A002963,2026-05-27 18:00:00,DELIVERED
SMS00005620,A000473,2025-10-19 08:00:00,SENT
SMS00005621,A001600,2025-10-12 08:00:00,FAILED
SMS00005622,A002412,2026-01-09 09:00:00,DELIVERED
SMS00005623,A000334,2026-07-14 15:00:00,SENT
SMS00005624,A000693,2026-07-26 08:00:00,SENT
SMS00005625,A001471,2025-10-22 16:00:00,DELIVERED
SMS00005626,A002518,2025-10-02 16:00:00,DELIVERED
SMS00005627,A000839,2026-08-17 18:00:00,DELIVERED
SMS00005628,A000488,2026-07-13 14:00:00,DELIVERED
SMS00005629,A000661,2026-05-19 14:00:00,SENT
SMS00005630,A000027,2026-07-15 11:00:00,SENT
SMS00005631,A003769,2025-12-12 21:00:00,DELIVERED
SMS00005632,A003957,2025-12-01 15:00:00,SENT
SMS00005633,A003038,2026-04-14 19:00:00,SENT
SMS00005634,A001544,2026-06-16 17:00:00,DELIVERED
SMS00005635,A001568,2026-01-01 15:00:00,SENT
SMS00005636,A000220,2026-07-02 07:00:00,DELIVERED
SMS00005637,A003788,2026-01-02 18:00:00,DELIVERED
SMS00005638,A003015,2026-06-01 19:00:00,SENT
SMS00005639,A003413,2026-01-21 20:00:00,SENT
SMS00005640,A004130,2026-02-16 09:00:00,DELIVERED
SMS00005641,A001091,2026-01-16 07:00:00,DELIVERED
SMS00005642,A000007,2025-12-19 15:00:00,DELIVERED
SMS00005643,A000237,2025-11-15 22:00:00,DELIVERED
SMS00005644,A000451,2026-07-11 12:00:00,DELIVERED
SMS00005645,A001557,2025-12-05 07:00:00,SENT
SMS00005646,A001798,2026-07-26 22:00:00,DELIVERED
SMS00005647,A002656,2025-10-24 14:00:00,DELIVERED
SMS00005648,A001886,2026-01-19 19:00:00,DELIVERED
SMS00005649,A003548,2025-09-10 21:00:00,SENT
SMS00005650,A000982,2025-11-27 15:00:00,FAILED
SMS00005651,A000278,2025-09-27 18:00:00,DELIVERED
SMS00005652,A003651,2025-11-22 20:00:00,DELIVERED
SMS00005653,A001897,2026-05-06 11:00:00,DELIVERED
SMS00005654,A000035,2026-02-05 10:00:00,SENT
SMS00005655,A000923,2026-04-21 15:00:00,DELIVERED
SMS00005656,A000982,2026-01-24 09:00:00,DELIVERED
SMS00005657,A001393,2026-06-06 09:00:00,DELIVERED
SMS00005658,A000469,2026-03-05 14:00:00,DELIVERED
SMS00005659,A000089,2025-10-12 19:00:00,DELIVERED
SMS00005660,A001971,2026-03-05 13:00:00,DELIVERED
SMS00005661,A002398,2026-03-17 19:00:00,SENT
SMS00005662,A004065,2026-05-14 20:00:00,DELIVERED
SMS00005663,A003526,2026-03-11 09:00:00,DELIVERED
SMS00005664,A001849,2026-06-14 07:00:00,DELIVERED
SMS00005665,A003690,2026-03-11 09:00:00,DELIVERED
SMS00005666,A000621,2025-12-15 15:00:00,SENT
SMS00005667,A002306,2025-10-15 17:00:00,DELIVERED
SMS00005668,A002501,2026-06-21 21:00:00,FAILED
SMS00005669,A002661,2025-09-01 09:00:00,DELIVERED
SMS00005670,A002755,2025-11-01 08:00:00,DELIVERED
SMS00005671,A001661,2026-03-01 09:00:00,FAILED
SMS00005672,A001724,2026-07-07 09:00:00,FAILED
SMS00005673,A003607,2026-02-11 10:00:00,DELIVERED
SMS00005674,A000292,2026-01-20 12:00:00,DELIVERED
SMS00005675,A001848,2026-06-03 13:00:00,DELIVERED
SMS00005676,A000952,2026-01-24 08:00:00,DELIVERED
SMS00005677,A001333,2026-03-18 15:00:00,SENT
SMS00005678,A002741,2026-05-04 13:00:00,DELIVERED
SMS00005679,A002127,2026-04-01 13:00:00,DELIVERED
SMS00005680,A004027,2026-01-10 11:00:00,DELIVERED
SMS00005681,A003685,2025-09-11 10:00:00,DELIVERED
SMS00005682,A002818,2026-05-17 19:00:00,DELIVERED
SMS00005683,A000706,2025-10-24 08:00:00,DELIVERED
SMS00005684,A003743,2025-09-07 18:00:00,FAILED
SMS00005685,A001472,2026-02-02 20:00:00,DELIVERED
SMS00005686,A002054,2026-01-08 12:00:00,FAILED
SMS00005687,A003358,2026-08-09 07:00:00,SENT
SMS00005688,A000289,2025-10-18 21:00:00,DELIVERED
SMS00005689,A001899,2025-12-13 11:00:00,DELIVERED
SMS00005690,A002254,2026-08-26 19:00:00,SENT
SMS00005691,A000470,2025-11-09 21:00:00,DELIVERED
SMS00005692,A003723,2026-05-18 18:00:00,DELIVERED
SMS00005693,A001110,2026-02-16 15:00:00,DELIVERED
SMS00005694,A001287,2026-05-15 17:00:00,DELIVERED
SMS00005695,A001008,2026-05-20 11:00:00,DELIVERED
SMS00005696,A002375,2025-09-22 22:00:00,DELIVERED
SMS00005697,A002449,2025-09-25 13:00:00,SENT
SMS00005698,A004002,2025-12-17 10:00:00,DELIVERED
SMS00005699,A003011,2025-10-22 10:00:00,DELIVERED
SMS00005700,A001959,2026-06-21 19:00:00,SENT
SMS00005701,A001288,2026-04-20 19:00:00,SENT
SMS00005702,A003216,2026-01-12 09:00:00,DELIVERED
SMS00005703,A000164,2026-02-06 21:00:00,DELIVERED
SMS00005704,A004170,2026-08-24 21:00:00,DELIVERED
SMS00005705,A000464,2026-08-04 13:00:00,DELIVERED
SMS00005706,A003712,2025-11-23 12:00:00,DELIVERED
SMS00005707,A003190,2026-02-26 22:00:00,DELIVERED
SMS00005708,A003251,2025-09-24 17:00:00,FAILED
SMS00005709,A003694,2025-10-24 14:00:00,FAILED
SMS00005710,A003763,2026-06-05 19:00:00,DELIVERED
SMS00005711,A002633,2026-05-22 22:00:00,DELIVERED
SMS00005712,A000637,2026-01-06 15:00:00,FAILED
SMS00005713,A003071,2026-03-05 07:00:00,DELIVERED
SMS00005714,A003292,2025-12-12 14:00:00,SENT
SMS00005715,A000555,2026-03-01 12:00:00,DELIVERED
SMS00005716,A000047,2026-05-14 18:00:00,DELIVERED
SMS00005717,A001465,2026-03-26 11:00:00,DELIVERED
SMS00005718,A003685,2025-09-26 08:00:00,SENT
SMS00005719,A002124,2026-06-08 18:00:00,DELIVERED
SMS00005720,A003072,2026-06-26 12:00:00,DELIVERED
SMS00005721,A000862,2026-05-06 22:00:00,SENT
SMS00005722,A001115,2026-05-05 18:00:00,DELIVERED
SMS00005723,A002085,2026-08-04 21:00:00,DELIVERED
SMS00005724,A001353,2025-11-07 14:00:00,DELIVERED
SMS00005725,A001205,2026-06-02 10:00:00,DELIVERED
SMS00005726,A001107,2025-10-11 16:00:00,DELIVERED
SMS00005727,A000991,2025-11-03 09:00:00,DELIVERED
SMS00005728,A000930,2026-02-23 22:00:00,DELIVERED
SMS00005729,A001074,2026-04-21 13:00:00,DELIVERED
SMS00005730,A000300,2026-02-20 14:00:00,DELIVERED
SMS00005731,A002061,2025-11-05 15:00:00,DELIVERED
SMS00005732,A000511,2026-01-25 10:00:00,FAILED
SMS00005733,A004149,2025-10-14 22:00:00,FAILED
SMS00005734,A000863,2026-06-26 19:00:00,DELIVERED
SMS00005735,A000308,2025-09-09 15:00:00,FAILED
SMS00005736,A000561,2026-08-16 19:00:00,SENT
SMS00005737,A002608,2026-05-23 15:00:00,DELIVERED
SMS00005738,A002292,2026-08-05 14:00:00,DELIVERED
SMS00005739,A000313,2026-01-22 13:00:00,SENT
SMS00005740,A000194,2025-09-14 08:00:00,DELIVERED
SMS00005741,A001557,2026-01-15 12:00:00,DELIVERED
SMS00005742,A003093,2025-09-26 12:00:00,DELIVERED
SMS00005743,A003709,2025-10-01 07:00:00,SENT
SMS00005744,A003131,2026-07-04 17:00:00,DELIVERED
SMS00005745,A002475,2025-11-10 22:00:00,DELIVERED
SMS00005746,A003754,2026-05-11 07:00:00,DELIVERED
SMS00005747,A003695,2026-07-08 11:00:00,FAILED
SMS00005748,A002329,2026-02-13 15:00:00,DELIVERED
SMS00005749,A000165,2026-06-16 09:00:00,DELIVERED
SMS00005750,A001457,2025-12-05 18:00:00,DELIVERED
SMS00005751,A003489,2026-04-11 14:00:00,DELIVERED
SMS00005752,A000866,2026-05-07 15:00:00,DELIVERED
SMS00005753,A001513,2026-02-16 18:00:00,DELIVERED
SMS00005754,A002693,2026-05-04 20:00:00,DELIVERED
SMS00005755,A003574,2026-01-26 08:00:00,SENT
SMS00005756,A002453,2026-07-16 16:00:00,DELIVERED
SMS00005757,A004088,2026-06-21 19:00:00,SENT
SMS00005758,A000201,2026-07-09 15:00:00,DELIVERED
SMS00005759,A002569,2026-06-15 22:00:00,DELIVERED
SMS00005760,A001112,2025-12-14 12:00:00,FAILED
SMS00005761,A000946,2026-04-16 16:00:00,DELIVERED
SMS00005762,A001732,2026-05-20 22:00:00,SENT
SMS00005763,A003000,2025-12-15 10:00:00,DELIVERED
SMS00005764,A003550,2026-03-13 22:00:00,DELIVERED
SMS00005765,A000415,2026-03-04 22:00:00,DELIVERED
SMS00005766,A003814,2026-01-08 13:00:00,DELIVERED
SMS00005767,A003538,2025-09-10 19:00:00,DELIVERED
SMS00005768,A003664,2025-09-17 09:00:00,DELIVERED
SMS00005769,A001790,2025-12-19 07:00:00,SENT
SMS00005770,A004055,2026-08-15 15:00:00,DELIVERED
SMS00005771,A002395,2026-05-09 12:00:00,DELIVERED
SMS00005772,A000691,2026-02-07 09:00:00,DELIVERED
SMS00005773,A000270,2026-03-22 17:00:00,FAILED
SMS00005774,A002145,2026-05-06 22:00:00,DELIVERED
SMS00005775,A003569,2025-09-03 15:00:00,DELIVERED
SMS00005776,A001095,2026-07-12 15:00:00,SENT
SMS00005777,A003921,2026-07-13 15:00:00,DELIVERED
SMS00005778,A001417,2025-12-04 13:00:00,SENT
SMS00005779,A003219,2026-08-17 12:00:00,DELIVERED
SMS00005780,A001906,2026-07-26 12:00:00,SENT
SMS00005781,A000579,2026-04-14 17:00:00,DELIVERED
SMS00005782,A001500,2026-01-09 17:00:00,DELIVERED
SMS00005783,A001760,2026-02-16 12:00:00,DELIVERED
SMS00005784,A002733,2025-09-07 20:00:00,DELIVERED
SMS00005785,A000166,2026-07-03 16:00:00,DELIVERED
SMS00005786,A003701,2025-12-07 14:00:00,DELIVERED
SMS00005787,A002404,2026-06-23 12:00:00,SENT
SMS00005788,A002303,2026-07-12 10:00:00,DELIVERED
SMS00005789,A001330,2026-01-09 21:00:00,DELIVERED
SMS00005790,A003973,2026-03-16 20:00:00,DELIVERED
SMS00005791,A002119,2025-12-21 15:00:00,DELIVERED
SMS00005792,A003978,2025-11-15 10:00:00,DELIVERED
SMS00005793,A002585,2025-11-17 09:00:00,DELIVERED
SMS00005794,A003903,2025-09-25 16:00:00,DELIVERED
SMS00005795,A003497,2025-12-06 15:00:00,DELIVERED
SMS00005796,A002688,2026-06-20 13:00:00,SENT
SMS00005797,A002509,2026-04-24 11:00:00,DELIVERED
SMS00005798,A000653,2026-05-19 13:00:00,SENT
SMS00005799,A001987,2026-01-15 14:00:00,DELIVERED
SMS00005800,A003241,2026-07-04 14:00:00,DELIVERED
SMS00005801,A001100,2025-09-01 19:00:00,SENT
SMS00005802,A003605,2025-10-24 12:00:00,DELIVERED
SMS00005803,A002137,2025-11-03 10:00:00,SENT
SMS00005804,A003617,2025-10-17 18:00:00,SENT
SMS00005805,A004100,2026-08-24 19:00:00,DELIVERED
SMS00005806,A000757,2025-10-19 22:00:00,DELIVERED
SMS00005807,A001290,2026-06-25 08:00:00,DELIVERED
SMS00005808,A002157,2025-12-03 09:00:00,DELIVERED
SMS00005809,A001750,2026-03-06 07:00:00,FAILED
SMS00005810,A001395,2026-06-07 16:00:00,DELIVERED
SMS00005811,A001944,2026-02-27 16:00:00,DELIVERED
SMS00005812,A002953,2026-07-03 07:00:00,DELIVERED
SMS00005813,A000098,2026-08-18 21:00:00,SENT
SMS00005814,A003674,2025-11-11 08:00:00,DELIVERED
SMS00005815,A001318,2026-03-24 17:00:00,SENT
SMS00005816,A003370,2026-05-03 10:00:00,DELIVERED
SMS00005817,A002958,2026-03-05 08:00:00,DELIVERED
SMS00005818,A001155,2025-11-12 19:00:00,DELIVERED
SMS00005819,A001605,2026-03-19 13:00:00,DELIVERED
SMS00005820,A001495,2025-10-21 20:00:00,DELIVERED
SMS00005821,A003223,2025-09-13 11:00:00,DELIVERED
SMS00005822,A003196,2026-02-21 20:00:00,DELIVERED
SMS00005823,A004177,2026-08-01 15:00:00,SENT
SMS00005824,A002690,2026-07-13 10:00:00,DELIVERED
SMS00005825,A000500,2026-07-21 08:00:00,DELIVERED
SMS00005826,A001353,2026-02-18 07:00:00,SENT
SMS00005827,A003400,2026-08-04 22:00:00,DELIVERED
SMS00005828,A002196,2026-08-09 08:00:00,DELIVERED
SMS00005829,A003481,2025-12-02 18:00:00,DELIVERED
SMS00005830,A003562,2026-05-10 17:00:00,DELIVERED
SMS00005831,A002530,2026-03-08 21:00:00,DELIVERED
SMS00005832,A003699,2026-05-06 10:00:00,DELIVERED
SMS00005833,A001310,2026-02-09 19:00:00,DELIVERED
SMS00005834,A000871,2026-03-06 15:00:00,DELIVERED
SMS00005835,A001501,2026-01-21 17:00:00,DELIVERED
SMS00005836,A000898,2025-12-04 11:00:00,DELIVERED
SMS00005837,A002991,2025-12-12 22:00:00,DELIVERED
SMS00005838,A004044,2025-11-18 13:00:00,DELIVERED
SMS00005839,A004051,2025-10-03 19:00:00,SENT
SMS00005840,A000423,2026-05-03 16:00:00,SENT
SMS00005841,A003430,2026-08-18 07:00:00,FAILED
SMS00005842,A000226,2026-05-01 07:00:00,FAILED
SMS00005843,A000679,2026-05-20 09:00:00,SENT
SMS00005844,A000762,2026-06-23 15:00:00,DELIVERED
SMS00005845,A001391,2026-06-11 08:00:00,DELIVERED
SMS00005846,A003162,2025-09-04 14:00:00,DELIVERED
SMS00005847,A002837,2026-06-08 21:00:00,FAILED
SMS00005848,A000012,2025-09-02 10:00:00,DELIVERED
SMS00005849,A000194,2026-05-19 22:00:00,SENT
SMS00005850,A001510,2026-04-21 09:00:00,SENT
SMS00005851,A001415,2025-11-26 16:00:00,DELIVERED
SMS00005852,A002214,2026-06-23 22:00:00,DELIVERED
SMS00005853,A002153,2026-08-23 12:00:00,SENT
SMS00005854,A003756,2025-09-17 19:00:00,SENT
SMS00005855,A000854,2025-09-23 07:00:00,DELIVERED
SMS00005856,A001265,2025-10-08 14:00:00,DELIVERED
SMS00005857,A002091,2026-07-11 11:00:00,DELIVERED
SMS00005858,A001552,2026-06-21 11:00:00,DELIVERED
SMS00005859,A000787,2026-03-21 20:00:00,DELIVERED
SMS00005860,A002682,2026-02-25 18:00:00,DELIVERED
SMS00005861,A003697,2026-08-21 10:00:00,DELIVERED
SMS00005862,A001002,2026-07-05 17:00:00,DELIVERED
SMS00005863,A003347,2025-12-19 08:00:00,DELIVERED
SMS00005864,A002677,2026-08-18 18:00:00,DELIVERED
SMS00005865,A002699,2026-01-13 07:00:00,DELIVERED
SMS00005866,A003744,2025-12-24 08:00:00,SENT
SMS00005867,A000815,2025-10-25 18:00:00,SENT
SMS00005868,A002326,2026-07-13 13:00:00,DELIVERED
SMS00005869,A001305,2026-03-26 15:00:00,FAILED
SMS00005870,A000055,2025-10-05 16:00:00,SENT
SMS00005871,A000832,2025-10-19 15:00:00,DELIVERED
SMS00005872,A001045,2026-08-26 13:00:00,FAILED
SMS00005873,A001814,2026-05-08 10:00:00,DELIVERED
SMS00005874,A001818,2026-05-20 09:00:00,DELIVERED
SMS00005875,A001157,2026-07-21 11:00:00,DELIVERED
SMS00005876,A003517,2025-10-12 15:00:00,SENT
SMS00005877,A002266,2026-01-02 15:00:00,FAILED
SMS00005878,A002860,2026-08-17 12:00:00,FAILED
SMS00005879,A001753,2025-12-05 12:00:00,SENT
SMS00005880,A002188,2026-03-11 19:00:00,DELIVERED
SMS00005881,A000470,2026-02-22 07:00:00,SENT
SMS00005882,A001948,2026-06-26 14:00:00,DELIVERED
SMS00005883,A004014,2026-03-25 08:00:00,SENT
SMS00005884,A002607,2026-05-25 18:00:00,FAILED
SMS00005885,A003970,2026-01-04 13:00:00,SENT
SMS00005886,A004187,2026-08-25 07:00:00,SENT
SMS00005887,A001083,2026-04-14 09:00:00,DELIVERED
SMS00005888,A000564,2025-12-10 18:00:00,SENT
SMS00005889,A000568,2026-03-07 16:00:00,DELIVERED
SMS00005890,A002565,2026-05-06 13:00:00,FAILED
SMS00005891,A003193,2026-03-15 08:00:00,DELIVERED
SMS00005892,A003571,2025-12-23 08:00:00,FAILED
SMS00005893,A002358,2026-05-12 17:00:00,DELIVERED
SMS00005894,A002130,2026-04-20 17:00:00,SENT
SMS00005895,A000610,2025-10-22 12:00:00,SENT
SMS00005896,A002560,2025-11-04 22:00:00,DELIVERED
SMS00005897,A000617,2026-07-23 21:00:00,DELIVERED
SMS00005898,A001881,2026-05-12 14:00:00,FAILED
SMS00005899,A002215,2026-04-13 20:00:00,FAILED
SMS00005900,A003009,2026-04-09 20:00:00,SENT
SMS00005901,A003968,2026-01-10 12:00:00,DELIVERED
SMS00005902,A003733,2025-10-09 16:00:00,DELIVERED
SMS00005903,A000659,2026-08-19 13:00:00,FAILED
SMS00005904,A003198,2025-11-18 16:00:00,DELIVERED
SMS00005905,A002600,2026-06-17 09:00:00,DELIVERED
SMS00005906,A002728,2026-02-22 21:00:00,SENT
SMS00005907,A000262,2026-04-09 22:00:00,DELIVERED
SMS00005908,A000565,2026-03-06 15:00:00,DELIVERED
SMS00005909,A001255,2026-07-08 07:00:00,SENT
SMS00005910,A002924,2026-07-26 16:00:00,DELIVERED
SMS00005911,A003841,2026-04-22 08:00:00,SENT
SMS00005912,A002396,2025-11-23 14:00:00,DELIVERED
SMS00005913,A001951,2026-06-12 18:00:00,DELIVERED
SMS00005914,A003218,2025-11-01 14:00:00,DELIVERED
SMS00005915,A003239,2026-08-17 10:00:00,DELIVERED
SMS00005916,A000681,2025-09-23 18:00:00,DELIVERED
SMS00005917,A003027,2026-07-06 08:00:00,DELIVERED
SMS00005918,A000183,2026-06-19 08:00:00,SENT
SMS00005919,A003524,2026-02-14 10:00:00,DELIVERED
SMS00005920,A000026,2025-10-19 20:00:00,DELIVERED
SMS00005921,A002577,2026-08-14 22:00:00,DELIVERED
SMS00005922,A001676,2025-12-10 21:00:00,SENT
SMS00005923,A003423,2026-03-08 19:00:00,DELIVERED
SMS00005924,A002412,2025-09-09 17:00:00,SENT
SMS00005925,A002536,2025-11-15 08:00:00,SENT
SMS00005926,A001663,2026-07-03 22:00:00,SENT
SMS00005927,A001343,2026-07-21 11:00:00,DELIVERED
SMS00005928,A003489,2025-11-12 21:00:00,SENT
SMS00005929,A003354,2026-07-02 14:00:00,SENT
SMS00005930,A000600,2025-11-05 12:00:00,DELIVERED
SMS00005931,A001038,2025-09-26 09:00:00,DELIVERED
SMS00005932,A003761,2026-01-03 15:00:00,DELIVERED
SMS00005933,A002552,2026-02-11 19:00:00,DELIVERED
SMS00005934,A000593,2025-10-07 16:00:00,DELIVERED
SMS00005935,A002424,2026-08-19 21:00:00,FAILED
SMS00005936,A000698,2026-03-16 15:00:00,DELIVERED
SMS00005937,A000481,2026-02-11 13:00:00,DELIVERED
SMS00005938,A000888,2025-10-21 08:00:00,DELIVERED
SMS00005939,A001343,2026-04-05 19:00:00,SENT
SMS00005940,A002244,2025-10-26 07:00:00,DELIVERED
SMS00005941,A003839,2026-08-12 09:00:00,DELIVERED
SMS00005942,A003411,2025-09-01 20:00:00,DELIVERED
SMS00005943,A002418,2026-04-22 16:00:00,DELIVERED
SMS00005944,A002702,2026-08-23 07:00:00,SENT
SMS00005945,A000839,2025-11-09 12:00:00,DELIVERED
SMS00005946,A004044,2025-10-24 11:00:00,DELIVERED
SMS00005947,A001011,2025-11-04 10:00:00,DELIVERED
SMS00005948,A001406,2026-08-05 18:00:00,DELIVERED
SMS00005949,A001874,2026-08-09 16:00:00,SENT
SMS00005950,A003314,2025-09-26 10:00:00,SENT
SMS00005951,A004126,2026-06-14 14:00:00,DELIVERED
SMS00005952,A001789,2026-05-06 17:00:00,SENT
SMS00005953,A002451,2026-02-09 17:00:00,SENT
SMS00005954,A001042,2025-09-26 08:00:00,DELIVERED
SMS00005955,A003685,2025-10-19 15:00:00,SENT
SMS00005956,A002557,2026-01-07 21:00:00,DELIVERED
SMS00005957,A000632,2026-07-17 10:00:00,DELIVERED
SMS00005958,A003977,2026-06-01 07:00:00,DELIVERED
SMS00005959,A000267,2026-04-02 13:00:00,DELIVERED
SMS00005960,A003705,2025-09-19 19:00:00,SENT
SMS00005961,A001885,2025-11-21 19:00:00,FAILED
SMS00005962,A003988,2026-04-20 16:00:00,DELIVERED
SMS00005963,A001408,2026-03-07 18:00:00,SENT
SMS00005964,A001803,2026-03-10 08:00:00,DELIVERED
SMS00005965,A000308,2025-09-18 20:00:00,DELIVERED
SMS00005966,A000690,2025-12-20 18:00:00,FAILED
SMS00005967,A002797,2026-07-03 17:00:00,SENT
SMS00005968,A000916,2026-06-04 10:00:00,DELIVERED
SMS00005969,A002376,2026-05-19 16:00:00,DELIVERED
SMS00005970,A001192,2026-08-08 10:00:00,DELIVERED
SMS00005971,A001982,2026-07-02 17:00:00,DELIVERED
SMS00005972,A001916,2026-01-11 09:00:00,DELIVERED
SMS00005973,A002557,2026-07-06 09:00:00,DELIVERED
SMS00005974,A001661,2026-02-10 11:00:00,DELIVERED
SMS00005975,A002263,2026-05-14 17:00:00,DELIVERED
SMS00005976,A000939,2026-07-09 14:00:00,SENT
SMS00005977,A003005,2025-09-20 13:00:00,DELIVERED
SMS00005978,A003647,2025-10-01 10:00:00,SENT
SMS00005979,A002523,2026-05-06 21:00:00,FAILED
SMS00005980,A003198,2026-05-08 21:00:00,DELIVERED
SMS00005981,A003524,2026-05-15 15:00:00,DELIVERED
SMS00005982,A000497,2025-12-19 14:00:00,DELIVERED
SMS00005983,A002660,2026-06-18 12:00:00,DELIVERED
SMS00005984,A000591,2026-05-01 21:00:00,SENT
SMS00005985,A002460,2026-01-22 09:00:00,DELIVERED
SMS00005986,A002746,2025-12-25 15:00:00,DELIVERED
SMS00005987,A002099,2025-12-23 21:00:00,DELIVERED
SMS00005988,A004085,2026-02-15 07:00:00,DELIVERED
SMS00005989,A002167,2025-10-15 13:00:00,DELIVERED
SMS00005990,A003862,2026-04-14 09:00:00,DELIVERED
SMS00005991,A002618,2026-03-03 17:00:00,DELIVERED
SMS00005992,A002502,2026-05-08 18:00:00,DELIVERED
SMS00005993,A001570,2025-11-26 08:00:00,DELIVERED
SMS00005994,A003140,2026-01-18 07:00:00,FAILED
SMS00005995,A001680,2026-05-14 14:00:00,DELIVERED
SMS00005996,A003122,2025-12-08 07:00:00,DELIVERED
SMS00005997,A001820,2026-04-17 12:00:00,SENT
SMS00005998,A003090,2026-07-24 09:00:00,SENT
SMS00005999,A001995,2026-07-11 07:00:00,DELIVERED
SMS00006000,A002400,2026-06-16 10:00:00,DELIVERED
SMS00006001,A003589,2026-08-24 21:00:00,DELIVERED
SMS00006002,A000087,2026-07-21 18:00:00,FAILED
SMS00006003,A000962,2026-02-21 08:00:00,DELIVERED
SMS00006004,A003755,2026-01-18 17:00:00,FAILED
SMS00006005,A003822,2025-11-12 13:00:00,DELIVERED
SMS00006006,A002721,2025-10-17 07:00:00,DELIVERED
SMS00006007,A003221,2026-08-18 16:00:00,SENT
SMS00006008,A002283,2026-07-15 11:00:00,DELIVERED
SMS00006009,A001363,2025-09-25 19:00:00,DELIVERED
SMS00006010,A000201,2026-06-01 18:00:00,DELIVERED
SMS00006011,A001320,2025-10-19 15:00:00,DELIVERED
SMS00006012,A001508,2025-09-25 07:00:00,FAILED
SMS00006013,A001865,2025-11-18 09:00:00,DELIVERED
SMS00006014,A001893,2026-03-13 19:00:00,DELIVERED
SMS00006015,A001037,2025-10-26 14:00:00,DELIVERED
SMS00006016,A003036,2026-02-20 09:00:00,DELIVERED
SMS00006017,A001216,2025-12-16 15:00:00,DELIVERED
SMS00006018,A003852,2026-02-26 18:00:00,SENT
SMS00006019,A003115,2026-06-14 19:00:00,DELIVERED
SMS00006020,A002970,2026-07-27 15:00:00,DELIVERED
SMS00006021,A002307,2026-03-24 13:00:00,DELIVERED
SMS00006022,A004185,2026-03-25 22:00:00,FAILED
SMS00006023,A003196,2025-11-02 17:00:00,SENT
SMS00006024,A000249,2026-07-09 12:00:00,SENT
SMS00006025,A000127,2026-05-08 16:00:00,DELIVERED
SMS00006026,A002834,2026-08-18 20:00:00,DELIVERED
SMS00006027,A003919,2025-12-04 15:00:00,DELIVERED
SMS00006028,A000804,2026-03-14 16:00:00,DELIVERED
SMS00006029,A003505,2025-12-20 22:00:00,DELIVERED
SMS00006030,A000071,2026-05-24 19:00:00,SENT
SMS00006031,A002065,2025-12-12 12:00:00,SENT
SMS00006032,A002200,2025-12-07 19:00:00,DELIVERED
SMS00006033,A002959,2025-09-01 22:00:00,FAILED
SMS00006034,A003266,2026-06-04 20:00:00,SENT
SMS00006035,A001795,2026-06-12 21:00:00,DELIVERED
SMS00006036,A002094,2026-01-15 21:00:00,DELIVERED
SMS00006037,A002659,2026-06-03 21:00:00,FAILED
SMS00006038,A001220,2026-02-09 17:00:00,FAILED
SMS00006039,A003762,2025-10-22 14:00:00,SENT
SMS00006040,A001163,2026-05-27 11:00:00,DELIVERED
SMS00006041,A001497,2026-08-19 19:00:00,DELIVERED
SMS00006042,A002562,2026-06-11 22:00:00,DELIVERED
SMS00006043,A001704,2026-01-03 18:00:00,FAILED
SMS00006044,A001743,2026-03-02 13:00:00,DELIVERED
SMS00006045,A003168,2026-08-03 12:00:00,DELIVERED
SMS00006046,A003433,2025-10-02 12:00:00,SENT
SMS00006047,A001293,2025-10-18 09:00:00,DELIVERED
SMS00006048,A000726,2026-08-11 17:00:00,DELIVERED
SMS00006049,A002796,2026-02-07 20:00:00,DELIVERED
SMS00006050,A002061,2026-03-23 18:00:00,SENT
SMS00006051,A000986,2026-02-23 11:00:00,SENT
SMS00006052,A001287,2025-11-18 15:00:00,SENT
SMS00006053,A001073,2026-02-10 17:00:00,FAILED
SMS00006054,A002829,2026-08-06 12:00:00,FAILED
SMS00006055,A001492,2025-10-22 19:00:00,DELIVERED
SMS00006056,A004106,2026-03-17 13:00:00,DELIVERED
SMS00006057,A002319,2025-12-16 10:00:00,DELIVERED
SMS00006058,A002497,2026-05-07 07:00:00,SENT
SMS00006059,A001983,2025-09-17 07:00:00,DELIVERED
SMS00006060,A000652,2026-06-23 13:00:00,FAILED
SMS00006061,A002391,2026-08-24 15:00:00,FAILED
SMS00006062,A000393,2026-01-07 10:00:00,DELIVERED
SMS00006063,A001140,2025-10-21 16:00:00,SENT
SMS00006064,A001285,2026-01-22 15:00:00,DELIVERED
SMS00006065,A003303,2025-12-26 18:00:00,DELIVERED
SMS00006066,A003099,2025-10-08 20:00:00,FAILED
SMS00006067,A003432,2025-12-02 10:00:00,FAILED
SMS00006068,A004113,2026-08-26 13:00:00,DELIVERED
SMS00006069,A001706,2026-08-02 07:00:00,DELIVERED
SMS00006070,A002190,2026-07-22 20:00:00,DELIVERED
SMS00006071,A001024,2025-12-21 13:00:00,DELIVERED
SMS00006072,A003428,2026-07-16 12:00:00,DELIVERED
SMS00006073,A003553,2025-11-01 10:00:00,DELIVERED
SMS00006074,A003775,2025-10-03 12:00:00,FAILED
SMS00006075,A000851,2026-05-13 19:00:00,FAILED
SMS00006076,A000494,2026-01-01 15:00:00,FAILED
SMS00006077,A002704,2026-08-08 19:00:00,DELIVERED
SMS00006078,A000060,2026-01-06 12:00:00,FAILED
SMS00006079,A000177,2026-03-19 17:00:00,DELIVERED
SMS00006080,A003378,2026-01-04 07:00:00,DELIVERED
SMS00006081,A001751,2026-07-21 13:00:00,DELIVERED
SMS00006082,A002078,2026-04-15 20:00:00,DELIVERED
SMS00006083,A000210,2026-04-09 11:00:00,DELIVERED
SMS00006084,A003226,2026-06-13 17:00:00,FAILED
SMS00006085,A001358,2026-02-05 13:00:00,DELIVERED
SMS00006086,A000777,2025-10-19 15:00:00,DELIVERED
SMS00006087,A001385,2025-09-13 14:00:00,SENT
SMS00006088,A000155,2025-11-27 13:00:00,DELIVERED
SMS00006089,A000108,2025-09-04 07:00:00,DELIVERED
SMS00006090,A002759,2026-08-20 21:00:00,DELIVERED
SMS00006091,A002417,2026-04-24 10:00:00,DELIVERED
SMS00006092,A002070,2025-10-16 12:00:00,DELIVERED
SMS00006093,A000116,2026-05-05 15:00:00,DELIVERED
SMS00006094,A001796,2026-06-26 16:00:00,DELIVERED
SMS00006095,A000023,2025-11-14 10:00:00,SENT
SMS00006096,A001279,2026-05-11 14:00:00,DELIVERED
SMS00006097,A002200,2026-01-16 07:00:00,DELIVERED
SMS00006098,A001925,2026-06-12 18:00:00,DELIVERED
SMS00006099,A000790,2025-11-02 08:00:00,DELIVERED
SMS00006100,A003117,2025-12-03 17:00:00,DELIVERED
SMS00006101,A004001,2025-11-25 12:00:00,DELIVERED
SMS00006102,A001656,2026-01-17 22:00:00,DELIVERED
SMS00006103,A001629,2025-10-16 15:00:00,DELIVERED
SMS00006104,A002181,2026-05-22 12:00:00,SENT
SMS00006105,A001680,2025-11-05 17:00:00,DELIVERED
SMS00006106,A002700,2026-06-03 10:00:00,DELIVERED
SMS00006107,A002780,2025-10-05 08:00:00,FAILED
SMS00006108,A002861,2025-09-20 22:00:00,DELIVERED
SMS00006109,A004130,2026-03-27 07:00:00,DELIVERED
SMS00006110,A002004,2026-02-26 12:00:00,DELIVERED
SMS00006111,A000369,2025-11-18 11:00:00,DELIVERED
SMS00006112,A002991,2025-12-03 19:00:00,DELIVERED
SMS00006113,A001771,2026-02-17 18:00:00,SENT
SMS00006114,A001895,2025-11-26 22:00:00,DELIVERED
SMS00006115,A000387,2026-02-20 17:00:00,DELIVERED
SMS00006116,A001564,2026-01-02 13:00:00,DELIVERED
SMS00006117,A000278,2026-04-04 11:00:00,SENT
SMS00006118,A001985,2025-12-20 18:00:00,DELIVERED
SMS00006119,A003767,2026-02-24 22:00:00,DELIVERED
SMS00006120,A002298,2026-08-03 09:00:00,DELIVERED
SMS00006121,A001026,2026-03-08 15:00:00,DELIVERED
SMS00006122,A004194,2026-01-24 16:00:00,SENT
SMS00006123,A002370,2026-07-12 14:00:00,DELIVERED
SMS00006124,A000429,2026-04-11 15:00:00,FAILED
SMS00006125,A003873,2026-07-01 14:00:00,DELIVERED
SMS00006126,A001602,2026-05-16 22:00:00,DELIVERED
SMS00006127,A002645,2026-06-09 07:00:00,DELIVERED
SMS00006128,A003955,2026-05-27 13:00:00,SENT
SMS00006129,A003674,2025-12-27 21:00:00,FAILED
SMS00006130,A002628,2026-07-12 15:00:00,DELIVERED
SMS00006131,A001265,2025-11-09 14:00:00,SENT
SMS00006132,A001732,2026-03-13 15:00:00,SENT
SMS00006133,A001362,2026-07-13 16:00:00,DELIVERED
SMS00006134,A000778,2026-05-15 08:00:00,DELIVERED
SMS00006135,A000098,2025-09-09 09:00:00,DELIVERED
SMS00006136,A001289,2026-01-06 19:00:00,SENT
SMS00006137,A003820,2025-10-02 14:00:00,SENT
SMS00006138,A000830,2026-08-23 17:00:00,DELIVERED
SMS00006139,A000978,2026-04-17 19:00:00,DELIVERED
SMS00006140,A001126,2026-05-03 21:00:00,SENT
SMS00006141,A002577,2026-02-11 14:00:00,DELIVERED
SMS00006142,A003621,2026-07-03 20:00:00,DELIVERED
SMS00006143,A002007,2026-06-14 08:00:00,FAILED
SMS00006144,A002256,2026-08-13 10:00:00,DELIVERED
SMS00006145,A002808,2026-02-23 18:00:00,DELIVERED
SMS00006146,A002322,2025-11-05 13:00:00,SENT
SMS00006147,A001670,2026-03-24 19:00:00,SENT
SMS00006148,A002720,2026-01-02 08:00:00,DELIVERED
SMS00006149,A000202,2026-07-23 22:00:00,DELIVERED
SMS00006150,A000875,2025-12-25 18:00:00,DELIVERED
SMS00006151,A000655,2026-06-11 14:00:00,DELIVERED
SMS00006152,A000415,2026-07-19 18:00:00,DELIVERED
SMS00006153,A000313,2025-11-06 10:00:00,DELIVERED
SMS00006154,A003789,2026-03-23 19:00:00,SENT
SMS00006155,A001367,2026-06-27 17:00:00,DELIVERED
SMS00006156,A003756,2025-10-10 07:00:00,DELIVERED
SMS00006157,A003021,2025-09-03 21:00:00,DELIVERED
SMS00006158,A002525,2025-10-23 08:00:00,FAILED
SMS00006159,A003505,2025-12-08 18:00:00,DELIVERED
SMS00006160,A000872,2026-03-07 20:00:00,SENT
SMS00006161,A003301,2025-11-02 08:00:00,FAILED
SMS00006162,A003012,2025-09-01 07:00:00,DELIVERED
SMS00006163,A002142,2026-06-02 10:00:00,DELIVERED
SMS00006164,A002888,2026-01-23 07:00:00,DELIVERED
SMS00006165,A002726,2026-07-02 08:00:00,DELIVERED
SMS00006166,A000567,2026-05-09 12:00:00,SENT
SMS00006167,A003336,2026-01-05 16:00:00,DELIVERED
SMS00006168,A000205,2026-04-02 15:00:00,DELIVERED
SMS00006169,A002879,2025-10-18 19:00:00,FAILED
SMS00006170,A000214,2026-05-11 15:00:00,SENT
SMS00006171,A003096,2026-06-16 19:00:00,SENT
SMS00006172,A002928,2026-06-06 12:00:00,DELIVERED
SMS00006173,A003095,2026-04-25 14:00:00,DELIVERED
SMS00006174,A002291,2026-08-26 10:00:00,DELIVERED
SMS00006175,A000404,2026-04-08 14:00:00,DELIVERED
SMS00006176,A000170,2025-09-16 16:00:00,DELIVERED
SMS00006177,A000911,2026-04-16 21:00:00,DELIVERED
SMS00006178,A000123,2025-10-16 10:00:00,FAILED
SMS00006179,A002579,2026-05-18 08:00:00,DELIVERED
SMS00006180,A003620,2026-03-26 14:00:00,DELIVERED
SMS00006181,A002591,2025-09-06 20:00:00,DELIVERED
SMS00006182,A001579,2026-03-13 22:00:00,SENT
SMS00006183,A001399,2025-12-05 07:00:00,FAILED
SMS00006184,A001722,2026-07-25 16:00:00,DELIVERED
SMS00006185,A003455,2025-11-19 09:00:00,SENT
SMS00006186,A003267,2026-06-20 14:00:00,DELIVERED
SMS00006187,A003008,2026-04-10 19:00:00,DELIVERED
SMS00006188,A002816,2026-06-20 13:00:00,DELIVERED
SMS00006189,A003715,2026-08-06 12:00:00,DELIVERED
SMS00006190,A003971,2026-02-24 22:00:00,DELIVERED
SMS00006191,A001887,2026-06-20 14:00:00,DELIVERED
SMS00006192,A000029,2025-10-06 15:00:00,FAILED
SMS00006193,A000814,2025-12-15 09:00:00,DELIVERED
SMS00006194,A002057,2025-12-06 19:00:00,FAILED
SMS00006195,A001251,2025-10-16 11:00:00,FAILED
SMS00006196,A001719,2026-07-14 14:00:00,DELIVERED
SMS00006197,A003458,2026-01-12 18:00:00,SENT
SMS00006198,A002294,2026-05-04 09:00:00,DELIVERED
SMS00006199,A002342,2026-08-19 18:00:00,DELIVERED
SMS00006200,A003745,2025-10-16 13:00:00,DELIVERED
SMS00006201,A000962,2025-12-18 14:00:00,DELIVERED
SMS00006202,A003935,2025-11-02 16:00:00,SENT
SMS00006203,A003081,2026-04-03 22:00:00,DELIVERED
SMS00006204,A000830,2026-06-06 11:00:00,DELIVERED
SMS00006205,A000144,2025-12-20 19:00:00,DELIVERED
SMS00006206,A000624,2026-05-05 17:00:00,DELIVERED
SMS00006207,A003973,2026-03-17 15:00:00,SENT
SMS00006208,A003761,2025-12-12 18:00:00,DELIVERED
SMS00006209,A002103,2025-12-07 08:00:00,SENT
SMS00006210,A003922,2025-10-23 12:00:00,DELIVERED
SMS00006211,A004171,2025-12-26 07:00:00,DELIVERED
SMS00006212,A002056,2026-07-24 07:00:00,SENT
SMS00006213,A000187,2026-06-06 20:00:00,DELIVERED
SMS00006214,A000996,2026-05-06 16:00:00,FAILED
SMS00006215,A001356,2025-09-05 12:00:00,DELIVERED
SMS00006216,A002862,2026-07-06 22:00:00,FAILED
SMS00006217,A003047,2026-04-25 17:00:00,FAILED
SMS00006218,A002131,2026-03-24 21:00:00,SENT
SMS00006219,A002059,2025-12-06 08:00:00,DELIVERED
SMS00006220,A000614,2025-10-23 09:00:00,FAILED
SMS00006221,A000385,2025-09-03 07:00:00,DELIVERED
SMS00006222,A000584,2025-11-24 07:00:00,DELIVERED
SMS00006223,A000258,2026-08-11 10:00:00,DELIVERED
SMS00006224,A000971,2026-02-14 21:00:00,DELIVERED
SMS00006225,A002039,2025-10-01 10:00:00,FAILED
SMS00006226,A001765,2026-05-24 07:00:00,DELIVERED
SMS00006227,A001324,2026-07-26 13:00:00,SENT
SMS00006228,A003373,2026-01-24 13:00:00,DELIVERED
SMS00006229,A001270,2026-08-23 17:00:00,DELIVERED
SMS00006230,A003333,2026-08-21 19:00:00,DELIVERED
SMS00006231,A003835,2026-05-22 10:00:00,DELIVERED
SMS00006232,A003544,2026-02-23 09:00:00,DELIVERED
SMS00006233,A001983,2026-04-09 21:00:00,SENT
SMS00006234,A001861,2026-02-23 21:00:00,FAILED
SMS00006235,A003383,2026-05-09 10:00:00,DELIVERED
SMS00006236,A003167,2026-02-25 15:00:00,DELIVERED
SMS00006237,A004172,2026-05-25 21:00:00,DELIVERED
SMS00006238,A001113,2026-04-08 22:00:00,DELIVERED
SMS00006239,A000113,2026-01-12 11:00:00,DELIVERED
SMS00006240,A002658,2026-08-17 11:00:00,DELIVERED
SMS00006241,A003428,2026-07-19 14:00:00,FAILED
SMS00006242,A004049,2026-04-05 10:00:00,DELIVERED
SMS00006243,A003961,2026-04-13 21:00:00,DELIVERED
SMS00006244,A002234,2026-01-27 21:00:00,FAILED
SMS00006245,A002836,2026-01-07 07:00:00,DELIVERED
SMS00006246,A003409,2025-10-10 16:00:00,DELIVERED
SMS00006247,A003290,2026-04-03 20:00:00,DELIVERED
SMS00006248,A000865,2026-03-27 19:00:00,FAILED
SMS00006249,A001904,2026-01-11 08:00:00,DELIVERED
SMS00006250,A001502,2025-11-08 22:00:00,SENT
SMS00006251,A001994,2025-11-18 08:00:00,SENT
SMS00006252,A003263,2026-03-14 07:00:00,DELIVERED
SMS00006253,A001179,2026-04-10 22:00:00,DELIVERED
SMS00006254,A000197,2026-04-22 11:00:00,DELIVERED
SMS00006255,A001864,2026-05-25 07:00:00,DELIVERED
SMS00006256,A001739,2026-02-18 13:00:00,FAILED
SMS00006257,A001797,2025-09-22 09:00:00,SENT
SMS00006258,A002887,2025-11-09 19:00:00,DELIVERED
SMS00006259,A002552,2026-05-27 20:00:00,SENT
SMS00006260,A003889,2025-12-14 20:00:00,DELIVERED
SMS00006261,A001443,2026-08-08 15:00:00,FAILED
SMS00006262,A003198,2026-03-09 12:00:00,SENT
SMS00006263,A003222,2026-03-19 18:00:00,DELIVERED
SMS00006264,A003221,2026-03-17 12:00:00,DELIVERED
SMS00006265,A001765,2026-06-27 15:00:00,FAILED
SMS00006266,A001805,2025-11-19 12:00:00,DELIVERED
SMS00006267,A002115,2025-12-03 20:00:00,DELIVERED
SMS00006268,A001411,2026-02-24 07:00:00,DELIVERED
SMS00006269,A003614,2026-03-18 07:00:00,DELIVERED
SMS00006270,A000228,2026-03-27 19:00:00,DELIVERED
SMS00006271,A000164,2026-04-04 09:00:00,DELIVERED
SMS00006272,A001683,2025-11-11 18:00:00,FAILED
SMS00006273,A003645,2025-09-12 20:00:00,SENT
SMS00006274,A000579,2026-03-20 15:00:00,DELIVERED
SMS00006275,A002219,2026-03-11 13:00:00,DELIVERED
SMS00006276,A001452,2026-03-13 18:00:00,SENT
SMS00006277,A000767,2026-04-18 17:00:00,FAILED
SMS00006278,A000834,2026-01-24 21:00:00,DELIVERED
SMS00006279,A002354,2026-02-11 20:00:00,SENT
SMS00006280,A000783,2026-05-07 19:00:00,DELIVERED
SMS00006281,A002917,2026-07-01 18:00:00,DELIVERED
SMS00006282,A002103,2026-05-27 15:00:00,FAILED
SMS00006283,A003626,2026-08-12 18:00:00,DELIVERED
SMS00006284,A002291,2025-11-19 08:00:00,DELIVERED
SMS00006285,A000690,2026-06-24 18:00:00,DELIVERED
SMS00006286,A001415,2026-08-19 15:00:00,DELIVERED
SMS00006287,A001587,2026-05-09 10:00:00,DELIVERED
SMS00006288,A002676,2026-06-04 10:00:00,SENT
SMS00006289,A001739,2026-02-03 18:00:00,SENT
SMS00006290,A001272,2025-11-01 15:00:00,SENT
SMS00006291,A000107,2026-07-14 07:00:00,DELIVERED
SMS00006292,A004185,2026-03-04 15:00:00,FAILED
SMS00006293,A001956,2025-09-14 21:00:00,DELIVERED
SMS00006294,A001431,2026-08-26 11:00:00,DELIVERED
SMS00006295,A001001,2026-08-07 07:00:00,SENT
SMS00006296,A000233,2026-07-11 21:00:00,FAILED
SMS00006297,A000381,2026-07-16 10:00:00,DELIVERED
SMS00006298,A003161,2026-05-10 22:00:00,DELIVERED
SMS00006299,A003768,2026-01-25 07:00:00,DELIVERED
SMS00006300,A003628,2026-01-25 14:00:00,DELIVERED
SMS00006301,A003374,2025-12-25 10:00:00,DELIVERED
SMS00006302,A002343,2026-07-17 20:00:00,FAILED
SMS00006303,A002277,2025-10-01 22:00:00,DELIVERED
SMS00006304,A001378,2026-05-21 09:00:00,SENT
SMS00006305,A000963,2025-11-07 18:00:00,DELIVERED
SMS00006306,A000997,2025-10-04 14:00:00,FAILED
SMS00006307,A001652,2025-11-19 15:00:00,DELIVERED
SMS00006308,A002641,2026-08-12 10:00:00,DELIVERED
SMS00006309,A001426,2026-06-08 11:00:00,SENT
SMS00006310,A002422,2026-08-19 11:00:00,FAILED
SMS00006311,A001648,2025-10-20 13:00:00,DELIVERED
SMS00006312,A003674,2026-03-16 14:00:00,FAILED
SMS00006313,A002919,2026-06-01 20:00:00,DELIVERED
SMS00006314,A003912,2026-06-07 19:00:00,SENT
SMS00006315,A000332,2026-06-04 09:00:00,DELIVERED
SMS00006316,A001363,2025-11-08 21:00:00,SENT
SMS00006317,A002651,2026-03-18 17:00:00,FAILED
SMS00006318,A003118,2026-08-19 15:00:00,DELIVERED
SMS00006319,A002307,2025-12-21 20:00:00,DELIVERED
SMS00006320,A000550,2026-06-08 13:00:00,FAILED
SMS00006321,A002567,2026-04-10 18:00:00,FAILED
SMS00006322,A003930,2026-02-03 11:00:00,DELIVERED
SMS00006323,A001155,2026-07-09 17:00:00,DELIVERED
SMS00006324,A002822,2026-08-27 07:00:00,SENT
SMS00006325,A001237,2025-11-19 18:00:00,DELIVERED
SMS00006326,A003444,2026-06-24 10:00:00,SENT
SMS00006327,A002296,2026-05-08 14:00:00,DELIVERED
SMS00006328,A002772,2026-02-11 21:00:00,DELIVERED
SMS00006329,A003187,2026-04-27 13:00:00,DELIVERED
SMS00006330,A000501,2026-05-06 21:00:00,DELIVERED
SMS00006331,A000064,2026-08-08 08:00:00,SENT
SMS00006332,A000209,2025-12-09 16:00:00,DELIVERED
SMS00006333,A002398,2025-12-20 13:00:00,SENT
SMS00006334,A002918,2026-06-12 10:00:00,DELIVERED
SMS00006335,A003182,2025-11-23 12:00:00,DELIVERED
SMS00006336,A000296,2026-07-05 18:00:00,DELIVERED
SMS00006337,A002744,2026-08-14 10:00:00,DELIVERED
SMS00006338,A003667,2026-03-22 09:00:00,FAILED
SMS00006339,A003562,2025-09-19 21:00:00,DELIVERED
SMS00006340,A000451,2026-02-21 19:00:00,FAILED
SMS00006341,A000704,2025-12-23 16:00:00,DELIVERED
SMS00006342,A003638,2025-12-10 07:00:00,SENT
SMS00006343,A003535,2026-02-22 09:00:00,DELIVERED
SMS00006344,A001208,2025-11-20 22:00:00,SENT
SMS00006345,A003162,2026-05-24 14:00:00,DELIVERED
SMS00006346,A001940,2025-09-12 17:00:00,DELIVERED
SMS00006347,A003214,2026-08-07 18:00:00,DELIVERED
SMS00006348,A002465,2026-02-18 08:00:00,DELIVERED
SMS00006349,A003977,2026-04-04 11:00:00,SENT
SMS00006350,A000105,2026-02-13 11:00:00,SENT
SMS00006351,A002524,2025-09-20 21:00:00,DELIVERED
SMS00006352,A001250,2025-09-20 22:00:00,DELIVERED
SMS00006353,A002525,2026-06-23 13:00:00,DELIVERED
SMS00006354,A000398,2025-11-26 16:00:00,DELIVERED
SMS00006355,A002111,2026-05-02 16:00:00,DELIVERED
SMS00006356,A003043,2025-11-27 11:00:00,SENT
SMS00006357,A002383,2026-01-15 11:00:00,DELIVERED
SMS00006358,A000761,2025-11-22 18:00:00,DELIVERED
SMS00006359,A001384,2026-05-15 09:00:00,DELIVERED
SMS00006360,A003394,2026-04-09 10:00:00,FAILED
SMS00006361,A002154,2026-03-14 18:00:00,DELIVERED
SMS00006362,A002884,2026-06-03 14:00:00,DELIVERED
SMS00006363,A003482,2025-11-24 07:00:00,SENT
SMS00006364,A000546,2026-08-08 10:00:00,DELIVERED
SMS00006365,A001549,2026-06-08 19:00:00,DELIVERED
SMS00006366,A002282,2026-03-15 16:00:00,DELIVERED
SMS00006367,A002512,2025-10-19 13:00:00,DELIVERED
SMS00006368,A003056,2026-05-06 21:00:00,DELIVERED
SMS00006369,A000124,2025-12-24 10:00:00,FAILED
SMS00006370,A001017,2026-03-25 19:00:00,DELIVERED
SMS00006371,A000876,2025-09-05 07:00:00,DELIVERED
SMS00006372,A001810,2025-09-18 09:00:00,DELIVERED
SMS00006373,A001702,2025-09-25 21:00:00,SENT
SMS00006374,A001363,2025-12-09 22:00:00,DELIVERED
SMS00006375,A000467,2026-03-16 11:00:00,SENT
SMS00006376,A002882,2026-01-10 09:00:00,DELIVERED
SMS00006377,A000528,2025-11-25 16:00:00,DELIVERED
SMS00006378,A001346,2026-08-20 18:00:00,SENT
SMS00006379,A002623,2025-09-27 07:00:00,DELIVERED
SMS00006380,A001867,2026-07-17 20:00:00,DELIVERED
SMS00006381,A002820,2026-07-17 16:00:00,DELIVERED
SMS00006382,A003256,2026-03-21 10:00:00,DELIVERED
SMS00006383,A003521,2026-08-25 08:00:00,DELIVERED
SMS00006384,A003299,2026-05-03 14:00:00,SENT
SMS00006385,A000972,2025-09-10 08:00:00,DELIVERED
SMS00006386,A001671,2025-12-16 15:00:00,DELIVERED
SMS00006387,A000403,2025-09-06 12:00:00,DELIVERED
SMS00006388,A003626,2026-01-16 16:00:00,SENT
SMS00006389,A003240,2026-03-21 08:00:00,DELIVERED
SMS00006390,A001949,2025-12-26 15:00:00,DELIVERED
SMS00006391,A001137,2025-10-01 20:00:00,DELIVERED
SMS00006392,A001828,2025-09-21 18:00:00,DELIVERED
SMS00006393,A001488,2025-11-22 08:00:00,DELIVERED
SMS00006394,A001988,2025-10-03 11:00:00,DELIVERED
SMS00006395,A001432,2026-04-19 08:00:00,DELIVERED
SMS00006396,A002662,2026-07-22 17:00:00,DELIVERED
SMS00006397,A002704,2026-06-01 20:00:00,FAILED
SMS00006398,A002129,2026-06-26 16:00:00,DELIVERED
SMS00006399,A000405,2026-08-22 09:00:00,DELIVERED
SMS00006400,A001484,2026-04-18 12:00:00,DELIVERED
SMS00006401,A001099,2025-12-13 14:00:00,DELIVERED
SMS00006402,A000226,2026-08-27 18:00:00,SENT
SMS00006403,A001712,2025-12-10 18:00:00,DELIVERED
SMS00006404,A004117,2025-12-17 18:00:00,FAILED
SMS00006405,A000304,2026-05-24 14:00:00,DELIVERED
SMS00006406,A002597,2026-03-04 14:00:00,FAILED
SMS00006407,A001599,2026-07-27 11:00:00,FAILED
SMS00006408,A002690,2026-04-25 21:00:00,DELIVERED
SMS00006409,A002008,2026-06-13 13:00:00,SENT
SMS00006410,A000628,2025-11-08 14:00:00,DELIVERED
SMS00006411,A003876,2026-02-19 18:00:00,DELIVERED
SMS00006412,A001842,2025-12-04 13:00:00,FAILED
SMS00006413,A004136,2026-01-15 10:00:00,SENT
SMS00006414,A003940,2026-07-09 13:00:00,DELIVERED
SMS00006415,A004148,2026-06-14 19:00:00,DELIVERED
SMS00006416,A002741,2025-11-11 17:00:00,SENT
SMS00006417,A002240,2026-02-05 22:00:00,DELIVERED
SMS00006418,A001199,2026-07-21 21:00:00,DELIVERED
SMS00006419,A002794,2026-02-07 21:00:00,DELIVERED
SMS00006420,A000188,2026-07-18 12:00:00,DELIVERED
SMS00006421,A000094,2026-02-09 13:00:00,DELIVERED
SMS00006422,A000984,2026-05-21 21:00:00,DELIVERED
SMS00006423,A000165,2026-02-26 20:00:00,SENT
SMS00006424,A000765,2026-01-21 17:00:00,SENT
SMS00006425,A001442,2025-12-26 18:00:00,DELIVERED
SMS00006426,A001682,2026-04-23 22:00:00,DELIVERED
SMS00006427,A003264,2026-03-14 13:00:00,DELIVERED
SMS00006428,A000718,2026-06-08 21:00:00,FAILED
SMS00006429,A002212,2025-10-20 22:00:00,SENT
SMS00006430,A001696,2026-05-21 16:00:00,DELIVERED
SMS00006431,A002238,2026-06-20 20:00:00,DELIVERED
SMS00006432,A002365,2026-02-07 09:00:00,DELIVERED
SMS00006433,A000709,2026-01-12 16:00:00,DELIVERED
SMS00006434,A002457,2026-04-26 14:00:00,DELIVERED
SMS00006435,A000691,2025-11-26 19:00:00,SENT
SMS00006436,A002198,2025-11-22 21:00:00,DELIVERED
SMS00006437,A001362,2026-05-22 07:00:00,SENT
SMS00006438,A003795,2025-09-02 14:00:00,SENT
SMS00006439,A003929,2025-11-08 17:00:00,DELIVERED
SMS00006440,A002436,2026-06-24 13:00:00,DELIVERED
SMS00006441,A002788,2026-06-24 12:00:00,FAILED
SMS00006442,A001053,2026-05-11 21:00:00,DELIVERED
SMS00006443,A002345,2026-05-19 12:00:00,DELIVERED
SMS00006444,A002679,2026-03-15 12:00:00,DELIVERED
SMS00006445,A001679,2025-11-23 22:00:00,DELIVERED
SMS00006446,A001202,2026-08-13 20:00:00,DELIVERED
SMS00006447,A001898,2026-07-04 11:00:00,SENT
SMS00006448,A003962,2025-11-15 17:00:00,DELIVERED
SMS00006449,A000620,2026-03-25 17:00:00,SENT
SMS00006450,A001855,2025-11-08 15:00:00,DELIVERED
SMS00006451,A003843,2026-05-17 20:00:00,DELIVERED
SMS00006452,A001702,2026-05-24 22:00:00,FAILED
SMS00006453,A001419,2026-07-12 14:00:00,SENT
SMS00006454,A003823,2026-07-22 11:00:00,FAILED
SMS00006455,A001364,2026-08-24 15:00:00,FAILED
SMS00006456,A002354,2025-10-17 11:00:00,DELIVERED
SMS00006457,A003955,2026-04-19 16:00:00,SENT
SMS00006458,A003022,2026-03-11 08:00:00,DELIVERED
SMS00006459,A002855,2026-08-05 14:00:00,SENT
SMS00006460,A003938,2026-03-27 08:00:00,DELIVERED
SMS00006461,A002185,2026-07-16 12:00:00,DELIVERED
SMS00006462,A000583,2026-03-07 22:00:00,DELIVERED
SMS00006463,A003182,2026-02-05 10:00:00,DELIVERED
SMS00006464,A003346,2026-03-15 19:00:00,DELIVERED
SMS00006465,A002081,2026-06-19 07:00:00,SENT
SMS00006466,A000359,2026-07-02 13:00:00,FAILED
SMS00006467,A003403,2025-10-13 09:00:00,DELIVERED
SMS00006468,A003273,2025-09-26 11:00:00,DELIVERED
SMS00006469,A002746,2026-08-26 08:00:00,SENT
SMS00006470,A000130,2025-09-16 19:00:00,FAILED
SMS00006471,A003259,2026-06-27 12:00:00,DELIVERED
SMS00006472,A001152,2025-10-24 10:00:00,FAILED
SMS00006473,A000221,2026-05-11 16:00:00,SENT
SMS00006474,A002343,2026-03-14 22:00:00,DELIVERED
SMS00006475,A002439,2025-11-19 18:00:00,DELIVERED
SMS00006476,A002124,2025-09-16 07:00:00,DELIVERED
SMS00006477,A000471,2025-12-07 11:00:00,DELIVERED
SMS00006478,A003055,2026-08-24 13:00:00,FAILED
SMS00006479,A002008,2026-08-02 11:00:00,DELIVERED
SMS00006480,A004014,2026-06-01 12:00:00,DELIVERED
SMS00006481,A002716,2026-01-18 18:00:00,FAILED
SMS00006482,A003287,2025-11-02 14:00:00,SENT
SMS00006483,A001823,2026-04-23 12:00:00,DELIVERED
SMS00006484,A000064,2026-02-15 13:00:00,DELIVERED
SMS00006485,A001512,2026-06-10 10:00:00,SENT
SMS00006486,A002956,2026-06-22 17:00:00,DELIVERED
SMS00006487,A000997,2026-02-23 22:00:00,SENT
SMS00006488,A000754,2025-12-24 07:00:00,DELIVERED
SMS00006489,A003066,2026-01-18 14:00:00,DELIVERED
SMS00006490,A002339,2026-03-04 10:00:00,DELIVERED
SMS00006491,A000373,2026-04-15 15:00:00,DELIVERED
SMS00006492,A001861,2026-05-03 13:00:00,DELIVERED
SMS00006493,A000912,2025-11-24 19:00:00,FAILED
SMS00006494,A003126,2026-04-02 16:00:00,DELIVERED
SMS00006495,A003234,2026-08-15 13:00:00,DELIVERED
SMS00006496,A001446,2026-05-15 13:00:00,FAILED
SMS00006497,A002884,2025-11-10 22:00:00,DELIVERED
SMS00006498,A000503,2025-11-02 16:00:00,DELIVERED
SMS00006499,A003653,2025-11-23 08:00:00,SENT
SMS00006500,A001492,2025-12-02 19:00:00,FAILED
SMS00006501,A002977,2026-02-16 17:00:00,SENT
SMS00006502,A000623,2026-02-18 19:00:00,SENT
SMS00006503,A001649,2026-04-24 10:00:00,SENT
SMS00006504,A003242,2026-06-23 12:00:00,FAILED
SMS00006505,A001795,2026-05-06 19:00:00,SENT
SMS00006506,A000354,2026-02-27 12:00:00,DELIVERED
SMS00006507,A000499,2026-02-11 09:00:00,DELIVERED
SMS00006508,A001491,2025-11-01 13:00:00,SENT
SMS00006509,A001113,2026-08-11 21:00:00,DELIVERED
SMS00006510,A001649,2026-04-15 11:00:00,DELIVERED
SMS00006511,A001578,2026-03-24 13:00:00,DELIVERED
SMS00006512,A002593,2025-10-05 22:00:00,DELIVERED
SMS00006513,A000776,2026-04-05 16:00:00,DELIVERED
SMS00006514,A002103,2026-05-22 17:00:00,DELIVERED
SMS00006515,A000055,2026-06-19 09:00:00,DELIVERED
SMS00006516,A001793,2026-05-14 21:00:00,DELIVERED
SMS00006517,A002245,2026-06-24 09:00:00,DELIVERED
SMS00006518,A002046,2025-09-26 18:00:00,DELIVERED
SMS00006519,A002870,2026-08-12 09:00:00,DELIVERED
SMS00006520,A002930,2026-05-20 11:00:00,DELIVERED
SMS00006521,A001782,2026-02-01 18:00:00,DELIVERED
SMS00006522,A001320,2026-04-06 15:00:00,SENT
SMS00006523,A000846,2026-05-04 08:00:00,DELIVERED
SMS00006524,A001332,2026-08-09 08:00:00,SENT
SMS00006525,A001279,2026-06-09 13:00:00,SENT
SMS00006526,A002959,2026-04-17 15:00:00,DELIVERED
SMS00006527,A002622,2026-07-08 17:00:00,DELIVERED
SMS00006528,A003790,2026-04-27 18:00:00,FAILED
SMS00006529,A003196,2026-08-18 08:00:00,DELIVERED
SMS00006530,A004128,2026-03-05 15:00:00,DELIVERED
SMS00006531,A000772,2026-03-25 20:00:00,FAILED
SMS00006532,A000323,2026-03-25 20:00:00,FAILED
SMS00006533,A003455,2026-08-22 18:00:00,FAILED
SMS00006534,A002553,2026-06-18 11:00:00,DELIVERED
SMS00006535,A000908,2026-08-20 13:00:00,DELIVERED
SMS00006536,A000866,2026-01-08 17:00:00,DELIVERED
SMS00006537,A000653,2025-11-01 16:00:00,FAILED
SMS00006538,A000731,2026-02-02 09:00:00,DELIVERED
SMS00006539,A000935,2026-08-01 19:00:00,DELIVERED
SMS00006540,A000864,2025-11-07 21:00:00,FAILED
SMS00006541,A003825,2025-11-10 07:00:00,DELIVERED
SMS00006542,A003501,2025-09-21 21:00:00,DELIVERED
SMS00006543,A003000,2025-12-15 12:00:00,DELIVERED
SMS00006544,A000683,2026-04-21 22:00:00,DELIVERED
SMS00006545,A002796,2026-06-09 19:00:00,SENT
SMS00006546,A000502,2025-12-08 10:00:00,SENT
SMS00006547,A001204,2026-06-08 11:00:00,SENT
SMS00006548,A003936,2026-04-02 09:00:00,DELIVERED
SMS00006549,A003026,2025-09-13 09:00:00,SENT
SMS00006550,A000181,2026-03-14 09:00:00,DELIVERED
SMS00006551,A002527,2025-10-08 13:00:00,DELIVERED
SMS00006552,A002910,2026-04-22 15:00:00,FAILED
SMS00006553,A001359,2025-10-27 09:00:00,SENT
SMS00006554,A002742,2026-05-24 08:00:00,DELIVERED
SMS00006555,A003553,2026-04-05 19:00:00,FAILED
SMS00006556,A002670,2025-10-15 16:00:00,DELIVERED
SMS00006557,A000544,2026-06-11 11:00:00,SENT
SMS00006558,A001743,2026-07-20 08:00:00,DELIVERED
SMS00006559,A003659,2026-03-19 10:00:00,DELIVERED
SMS00006560,A001261,2025-10-13 20:00:00,DELIVERED
SMS00006561,A001199,2026-06-11 12:00:00,DELIVERED
SMS00006562,A000975,2026-08-08 20:00:00,DELIVERED
SMS00006563,A001157,2026-01-13 19:00:00,DELIVERED
SMS00006564,A001399,2026-02-03 09:00:00,DELIVERED
SMS00006565,A002566,2026-01-21 11:00:00,SENT
SMS00006566,A002165,2026-05-27 10:00:00,SENT
SMS00006567,A000261,2026-05-06 07:00:00,SENT
SMS00006568,A003832,2025-11-10 11:00:00,DELIVERED
SMS00006569,A002273,2026-04-01 10:00:00,SENT
SMS00006570,A002986,2025-11-26 10:00:00,SENT
SMS00006571,A001682,2025-09-02 15:00:00,DELIVERED
SMS00006572,A002159,2025-10-17 21:00:00,DELIVERED
SMS00006573,A003442,2026-06-12 16:00:00,SENT
SMS00006574,A001560,2025-09-14 18:00:00,DELIVERED
SMS00006575,A002245,2026-07-02 20:00:00,DELIVERED
SMS00006576,A003629,2026-05-18 13:00:00,DELIVERED
SMS00006577,A000963,2026-02-07 10:00:00,SENT
SMS00006578,A000387,2025-11-12 13:00:00,DELIVERED
SMS00006579,A003234,2026-07-20 15:00:00,FAILED
SMS00006580,A001112,2026-07-25 17:00:00,DELIVERED
SMS00006581,A003407,2025-11-08 08:00:00,DELIVERED
SMS00006582,A000547,2025-10-13 15:00:00,DELIVERED
SMS00006583,A002186,2026-01-19 18:00:00,DELIVERED
SMS00006584,A002079,2026-08-16 09:00:00,DELIVERED
SMS00006585,A003070,2025-11-05 16:00:00,DELIVERED
SMS00006586,A001288,2026-08-16 20:00:00,DELIVERED
SMS00006587,A001209,2025-09-07 11:00:00,DELIVERED
SMS00006588,A001129,2025-12-24 09:00:00,SENT
SMS00006589,A001826,2026-06-10 11:00:00,DELIVERED
SMS00006590,A001718,2025-12-24 19:00:00,FAILED
SMS00006591,A002529,2026-02-04 19:00:00,SENT
SMS00006592,A002246,2026-01-23 13:00:00,DELIVERED
SMS00006593,A003259,2026-06-08 09:00:00,DELIVERED
SMS00006594,A003907,2026-01-05 19:00:00,DELIVERED
SMS00006595,A003530,2026-07-12 14:00:00,SENT
SMS00006596,A000425,2026-07-10 16:00:00,SENT
SMS00006597,A001013,2025-09-21 15:00:00,SENT
SMS00006598,A002665,2026-07-11 17:00:00,DELIVERED
SMS00006599,A002397,2025-10-15 16:00:00,DELIVERED
SMS00006600,A001997,2026-06-15 21:00:00,DELIVERED
SMS00006601,A004086,2025-11-07 12:00:00,FAILED
SMS00006602,A003444,2026-04-06 09:00:00,FAILED
SMS00006603,A002923,2026-04-08 19:00:00,DELIVERED
SMS00006604,A001316,2025-11-07 12:00:00,FAILED
SMS00006605,A000332,2026-08-05 19:00:00,DELIVERED
SMS00006606,A001220,2025-10-26 17:00:00,SENT
SMS00006607,A000925,2026-03-21 08:00:00,DELIVERED
SMS00006608,A003443,2025-11-07 10:00:00,DELIVERED
SMS00006609,A003868,2026-05-22 07:00:00,FAILED
SMS00006610,A004073,2026-05-21 14:00:00,SENT
SMS00006611,A001367,2025-11-18 10:00:00,SENT
SMS00006612,A002769,2026-01-24 09:00:00,DELIVERED
SMS00006613,A003225,2025-12-06 17:00:00,SENT
SMS00006614,A002247,2026-04-24 13:00:00,SENT
SMS00006615,A000880,2025-12-21 09:00:00,DELIVERED
SMS00006616,A002231,2026-06-04 16:00:00,DELIVERED
SMS00006617,A002669,2026-04-03 11:00:00,DELIVERED
SMS00006618,A001398,2025-09-04 10:00:00,DELIVERED
SMS00006619,A002460,2025-10-07 07:00:00,SENT
SMS00006620,A001901,2026-02-20 17:00:00,DELIVERED
SMS00006621,A002997,2025-11-22 10:00:00,DELIVERED
SMS00006622,A000406,2025-09-04 11:00:00,DELIVERED
SMS00006623,A001706,2026-08-14 11:00:00,DELIVERED
SMS00006624,A003071,2026-08-11 10:00:00,SENT
SMS00006625,A003611,2026-08-21 16:00:00,DELIVERED
SMS00006626,A001470,2025-10-13 16:00:00,DELIVERED
SMS00006627,A003086,2025-11-25 19:00:00,DELIVERED
SMS00006628,A002525,2025-09-02 09:00:00,DELIVERED
SMS00006629,A001750,2026-05-15 07:00:00,SENT
SMS00006630,A001264,2026-07-20 18:00:00,DELIVERED
SMS00006631,A000672,2026-05-26 20:00:00,DELIVERED
SMS00006632,A000344,2026-07-03 12:00:00,DELIVERED
SMS00006633,A000445,2026-08-14 07:00:00,DELIVERED
SMS00006634,A000356,2025-12-24 09:00:00,DELIVERED
SMS00006635,A003724,2026-03-09 09:00:00,DELIVERED
SMS00006636,A001457,2026-06-14 10:00:00,DELIVERED
SMS00006637,A000054,2026-06-26 18:00:00,FAILED
SMS00006638,A004012,2025-12-01 15:00:00,DELIVERED
SMS00006639,A003625,2026-06-17 13:00:00,DELIVERED
SMS00006640,A002729,2026-06-14 21:00:00,DELIVERED
SMS00006641,A003714,2026-02-26 09:00:00,SENT
SMS00006642,A000374,2026-07-24 17:00:00,DELIVERED
SMS00006643,A001426,2026-03-01 07:00:00,DELIVERED
SMS00006644,A002618,2025-10-27 09:00:00,DELIVERED
SMS00006645,A000090,2025-09-03 09:00:00,SENT
SMS00006646,A000502,2026-08-07 10:00:00,SENT
SMS00006647,A001634,2026-03-04 12:00:00,DELIVERED
SMS00006648,A000042,2026-02-19 14:00:00,DELIVERED
SMS00006649,A004094,2025-12-08 07:00:00,DELIVERED
SMS00006650,A000419,2026-07-16 16:00:00,DELIVERED
SMS00006651,A003835,2026-05-08 07:00:00,DELIVERED
SMS00006652,A001076,2026-07-12 11:00:00,SENT
SMS00006653,A001761,2026-03-12 16:00:00,DELIVERED
SMS00006654,A001775,2026-03-23 17:00:00,DELIVERED
SMS00006655,A002798,2026-06-15 20:00:00,DELIVERED
SMS00006656,A002316,2025-12-25 22:00:00,FAILED
SMS00006657,A002326,2026-04-08 18:00:00,DELIVERED
SMS00006658,A003478,2026-02-03 08:00:00,DELIVERED
SMS00006659,A000192,2025-11-04 21:00:00,DELIVERED
SMS00006660,A002851,2026-02-18 20:00:00,SENT
SMS00006661,A004156,2025-12-04 13:00:00,DELIVERED
SMS00006662,A003033,2026-08-08 13:00:00,DELIVERED
SMS00006663,A002081,2026-03-19 10:00:00,DELIVERED
SMS00006664,A002032,2025-11-25 16:00:00,DELIVERED
SMS00006665,A001535,2026-04-26 13:00:00,SENT
SMS00006666,A003240,2026-06-17 08:00:00,FAILED
SMS00006667,A000754,2025-09-01 22:00:00,DELIVERED
SMS00006668,A001801,2025-11-25 19:00:00,DELIVERED
SMS00006669,A000101,2026-04-19 11:00:00,DELIVERED
SMS00006670,A003321,2026-03-17 14:00:00,DELIVERED
SMS00006671,A002860,2025-11-22 11:00:00,DELIVERED
SMS00006672,A003050,2026-05-20 17:00:00,DELIVERED
SMS00006673,A003187,2026-02-14 13:00:00,DELIVERED
SMS00006674,A000766,2026-01-24 20:00:00,SENT
SMS00006675,A001851,2026-03-13 18:00:00,DELIVERED
SMS00006676,A003926,2026-04-17 16:00:00,DELIVERED
SMS00006677,A001278,2026-03-04 15:00:00,FAILED
SMS00006678,A000956,2025-11-02 18:00:00,SENT
SMS00006679,A002976,2025-12-13 07:00:00,DELIVERED
SMS00006680,A003528,2026-05-27 07:00:00,DELIVERED
SMS00006681,A001078,2026-06-23 16:00:00,DELIVERED
SMS00006682,A002575,2025-11-18 22:00:00,SENT
SMS00006683,A003248,2026-08-07 08:00:00,SENT
SMS00006684,A000987,2026-07-12 18:00:00,DELIVERED
SMS00006685,A002897,2025-12-17 08:00:00,DELIVERED
SMS00006686,A000344,2026-08-14 11:00:00,FAILED
SMS00006687,A000364,2025-10-07 16:00:00,DELIVERED
SMS00006688,A003785,2025-10-07 14:00:00,SENT
SMS00006689,A002355,2025-09-10 07:00:00,SENT
SMS00006690,A001649,2025-12-21 21:00:00,FAILED
SMS00006691,A000979,2025-10-25 13:00:00,DELIVERED
SMS00006692,A001028,2025-12-16 21:00:00,DELIVERED
SMS00006693,A001253,2026-05-27 12:00:00,DELIVERED
SMS00006694,A003007,2026-05-25 15:00:00,DELIVERED
SMS00006695,A000689,2026-03-14 10:00:00,DELIVERED
SMS00006696,A003780,2026-04-04 12:00:00,DELIVERED
SMS00006697,A002749,2026-07-27 14:00:00,DELIVERED
SMS00006698,A002308,2025-10-21 22:00:00,DELIVERED
SMS00006699,A001766,2025-09-16 16:00:00,SENT
SMS00006700,A000962,2026-08-14 15:00:00,DELIVERED
SMS00006701,A000886,2025-12-25 15:00:00,FAILED
SMS00006702,A001168,2026-07-23 16:00:00,DELIVERED
SMS00006703,A003600,2026-02-02 07:00:00,DELIVERED
SMS00006704,A000359,2026-01-25 12:00:00,FAILED
SMS00006705,A003897,2025-10-13 10:00:00,DELIVERED
SMS00006706,A003587,2026-01-20 18:00:00,FAILED
SMS00006707,A001152,2026-07-21 07:00:00,DELIVERED
SMS00006708,A002708,2025-09-03 08:00:00,DELIVERED
SMS00006709,A000556,2025-11-03 16:00:00,DELIVERED
SMS00006710,A000853,2026-04-27 12:00:00,DELIVERED
SMS00006711,A002374,2026-06-02 15:00:00,DELIVERED
SMS00006712,A002519,2026-05-05 13:00:00,DELIVERED
SMS00006713,A004058,2026-03-09 18:00:00,DELIVERED
SMS00006714,A003113,2026-07-03 13:00:00,SENT
SMS00006715,A003169,2026-08-26 19:00:00,DELIVERED
SMS00006716,A000639,2026-03-25 13:00:00,SENT
SMS00006717,A001821,2025-10-16 12:00:00,SENT
SMS00006718,A003028,2025-12-05 21:00:00,SENT
SMS00006719,A002511,2026-04-05 14:00:00,DELIVERED
SMS00006720,A001326,2026-04-16 10:00:00,SENT
SMS00006721,A001473,2025-10-02 18:00:00,DELIVERED
SMS00006722,A000909,2025-12-06 13:00:00,DELIVERED
SMS00006723,A000520,2026-06-02 21:00:00,DELIVERED
SMS00006724,A000582,2025-09-09 12:00:00,SENT
SMS00006725,A002456,2026-03-01 10:00:00,FAILED
SMS00006726,A002428,2026-08-01 11:00:00,DELIVERED
SMS00006727,A003770,2025-09-25 18:00:00,FAILED
SMS00006728,A004089,2026-02-01 08:00:00,SENT
SMS00006729,A003772,2026-05-05 16:00:00,FAILED
SMS00006730,A000976,2026-04-09 20:00:00,DELIVERED
SMS00006731,A000719,2026-07-05 18:00:00,DELIVERED
SMS00006732,A000850,2026-06-20 09:00:00,DELIVERED
SMS00006733,A000231,2025-11-04 17:00:00,FAILED
SMS00006734,A001341,2026-04-08 19:00:00,DELIVERED
SMS00006735,A000072,2026-07-11 20:00:00,DELIVERED
SMS00006736,A002096,2026-02-25 07:00:00,DELIVERED
SMS00006737,A000057,2025-10-09 08:00:00,DELIVERED
SMS00006738,A001145,2025-12-14 19:00:00,DELIVERED
SMS00006739,A002751,2026-08-10 18:00:00,SENT
SMS00006740,A000987,2026-05-08 07:00:00,DELIVERED
SMS00006741,A000265,2026-06-26 19:00:00,DELIVERED
SMS00006742,A003034,2026-04-14 19:00:00,DELIVERED
SMS00006743,A000555,2026-07-22 10:00:00,DELIVERED
SMS00006744,A001829,2026-04-24 12:00:00,SENT
SMS00006745,A000728,2026-02-26 14:00:00,DELIVERED
SMS00006746,A000825,2025-12-16 07:00:00,DELIVERED
SMS00006747,A003181,2025-12-14 14:00:00,DELIVERED
SMS00006748,A001111,2025-11-01 21:00:00,DELIVERED
SMS00006749,A001794,2026-05-18 07:00:00,DELIVERED
SMS00006750,A000456,2026-04-13 14:00:00,DELIVERED
SMS00006751,A002455,2025-11-15 11:00:00,DELIVERED
SMS00006752,A001562,2026-04-08 11:00:00,DELIVERED
SMS00006753,A003855,2026-08-05 15:00:00,DELIVERED
SMS00006754,A003699,2026-01-27 12:00:00,DELIVERED
SMS00006755,A003622,2026-06-25 19:00:00,DELIVERED
SMS00006756,A000120,2025-11-04 21:00:00,DELIVERED
SMS00006757,A001863,2026-05-01 15:00:00,SENT
SMS00006758,A001683,2025-11-20 22:00:00,DELIVERED
SMS00006759,A000238,2025-11-20 17:00:00,DELIVERED
SMS00006760,A000124,2025-09-22 16:00:00,SENT
SMS00006761,A003810,2026-03-11 12:00:00,DELIVERED
SMS00006762,A003587,2026-05-12 14:00:00,SENT
SMS00006763,A002881,2026-05-16 09:00:00,DELIVERED
SMS00006764,A003270,2026-02-22 10:00:00,FAILED
SMS00006765,A001830,2026-07-04 07:00:00,DELIVERED
SMS00006766,A003690,2025-11-08 13:00:00,SENT
SMS00006767,A002533,2026-05-17 16:00:00,DELIVERED
SMS00006768,A003260,2026-06-02 09:00:00,FAILED
SMS00006769,A000150,2025-09-16 14:00:00,DELIVERED
SMS00006770,A002395,2026-03-27 20:00:00,DELIVERED
SMS00006771,A004142,2025-11-24 15:00:00,DELIVERED
SMS00006772,A002745,2026-04-08 16:00:00,DELIVERED
SMS00006773,A001217,2026-02-19 09:00:00,FAILED
SMS00006774,A003174,2026-04-05 20:00:00,DELIVERED
SMS00006775,A002553,2025-10-07 21:00:00,SENT
SMS00006776,A001801,2025-09-20 12:00:00,DELIVERED
SMS00006777,A002191,2026-06-12 16:00:00,DELIVERED
SMS00006778,A004092,2026-04-18 08:00:00,DELIVERED
SMS00006779,A002505,2025-11-24 18:00:00,DELIVERED
SMS00006780,A002533,2026-05-11 12:00:00,SENT
SMS00006781,A002261,2025-11-02 15:00:00,DELIVERED
SMS00006782,A000819,2025-09-20 17:00:00,FAILED
SMS00006783,A002471,2026-02-24 22:00:00,DELIVERED
SMS00006784,A000673,2026-02-26 13:00:00,SENT
SMS00006785,A001269,2026-08-08 17:00:00,SENT
SMS00006786,A000607,2026-04-09 10:00:00,DELIVERED
SMS00006787,A000205,2026-01-23 19:00:00,DELIVERED
SMS00006788,A002979,2026-05-08 14:00:00,DELIVERED
SMS00006789,A000615,2026-01-07 19:00:00,DELIVERED
SMS00006790,A002054,2026-06-04 12:00:00,DELIVERED
SMS00006791,A003807,2026-08-15 20:00:00,DELIVERED
SMS00006792,A002369,2025-09-04 10:00:00,DELIVERED
SMS00006793,A003626,2026-06-05 17:00:00,SENT
SMS00006794,A000647,2026-05-18 10:00:00,DELIVERED
SMS00006795,A003243,2025-10-12 14:00:00,DELIVERED
SMS00006796,A001240,2026-02-05 07:00:00,DELIVERED
SMS00006797,A003423,2026-04-17 20:00:00,DELIVERED
SMS00006798,A001237,2026-03-03 09:00:00,DELIVERED
SMS00006799,A003586,2026-08-15 20:00:00,SENT
SMS00006800,A002384,2026-05-03 13:00:00,DELIVERED
SMS00006801,A001285,2025-12-24 13:00:00,FAILED
SMS00006802,A002606,2025-12-06 17:00:00,FAILED
SMS00006803,A004113,2025-10-16 18:00:00,DELIVERED
SMS00006804,A000181,2026-06-03 13:00:00,FAILED
SMS00006805,A000955,2025-09-20 11:00:00,DELIVERED
SMS00006806,A000503,2026-02-10 20:00:00,DELIVERED
SMS00006807,A001139,2026-03-25 08:00:00,DELIVERED
SMS00006808,A001077,2025-12-01 07:00:00,DELIVERED
SMS00006809,A003361,2026-04-19 08:00:00,DELIVERED
SMS00006810,A000554,2026-04-08 17:00:00,DELIVERED
SMS00006811,A002265,2026-02-21 09:00:00,DELIVERED
SMS00006812,A001389,2026-06-20 08:00:00,SENT
SMS00006813,A003932,2025-11-23 22:00:00,FAILED
SMS00006814,A000384,2025-10-02 07:00:00,DELIVERED
SMS00006815,A004173,2026-04-13 13:00:00,DELIVERED
SMS00006816,A001402,2025-09-03 13:00:00,DELIVERED
SMS00006817,A002545,2025-12-15 08:00:00,DELIVERED
SMS00006818,A004034,2026-04-12 15:00:00,DELIVERED
SMS00006819,A004096,2026-04-26 18:00:00,DELIVERED
SMS00006820,A002179,2025-12-13 16:00:00,DELIVERED
SMS00006821,A001202,2025-11-06 16:00:00,DELIVERED
SMS00006822,A000419,2026-02-12 21:00:00,DELIVERED
SMS00006823,A000988,2026-07-17 15:00:00,DELIVERED
SMS00006824,A004024,2025-10-23 12:00:00,FAILED
SMS00006825,A003022,2026-04-12 21:00:00,DELIVERED
SMS00006826,A002241,2026-06-20 17:00:00,DELIVERED
SMS00006827,A000320,2026-05-03 16:00:00,DELIVERED
SMS00006828,A003012,2026-07-02 13:00:00,DELIVERED
SMS00006829,A003307,2026-05-24 10:00:00,SENT
SMS00006830,A000823,2026-08-08 16:00:00,DELIVERED
SMS00006831,A001125,2026-05-10 13:00:00,DELIVERED
SMS00006832,A003449,2026-08-20 18:00:00,DELIVERED
SMS00006833,A001958,2026-02-11 22:00:00,DELIVERED
SMS00006834,A002066,2025-09-26 19:00:00,DELIVERED
SMS00006835,A000760,2026-02-09 18:00:00,DELIVERED
SMS00006836,A000258,2025-12-02 08:00:00,SENT
SMS00006837,A001629,2026-05-19 07:00:00,FAILED
SMS00006838,A002581,2026-08-27 12:00:00,SENT
SMS00006839,A003662,2026-03-05 08:00:00,DELIVERED
SMS00006840,A003421,2025-10-26 10:00:00,DELIVERED
SMS00006841,A000151,2026-08-10 12:00:00,DELIVERED
SMS00006842,A003333,2025-11-24 08:00:00,FAILED
SMS00006843,A003870,2026-04-08 11:00:00,DELIVERED
SMS00006844,A003487,2026-04-05 07:00:00,DELIVERED
SMS00006845,A003001,2026-01-08 13:00:00,DELIVERED
SMS00006846,A002062,2026-08-26 10:00:00,DELIVERED
SMS00006847,A002537,2026-08-05 09:00:00,SENT
SMS00006848,A003513,2025-10-23 20:00:00,FAILED
SMS00006849,A003962,2026-07-27 14:00:00,DELIVERED
SMS00006850,A002718,2026-03-03 19:00:00,DELIVERED
SMS00006851,A001338,2026-04-17 21:00:00,SENT
SMS00006852,A001255,2026-06-23 12:00:00,SENT
SMS00006853,A004120,2026-04-20 18:00:00,DELIVERED
SMS00006854,A000293,2025-09-09 13:00:00,DELIVERED
SMS00006855,A002325,2025-09-02 09:00:00,DELIVERED
SMS00006856,A000796,2026-05-13 16:00:00,DELIVERED
SMS00006857,A002368,2025-11-02 12:00:00,SENT
SMS00006858,A001152,2026-06-04 10:00:00,DELIVERED
SMS00006859,A002611,2026-07-22 07:00:00,DELIVERED
SMS00006860,A001976,2025-10-01 11:00:00,DELIVERED
SMS00006861,A000428,2026-03-27 22:00:00,DELIVERED
SMS00006862,A003015,2026-05-24 11:00:00,FAILED
SMS00006863,A001762,2025-12-06 19:00:00,DELIVERED
SMS00006864,A002243,2026-03-11 19:00:00,DELIVERED
SMS00006865,A003088,2026-03-16 14:00:00,SENT
SMS00006866,A002652,2025-11-20 17:00:00,DELIVERED
SMS00006867,A000982,2026-03-24 11:00:00,FAILED
SMS00006868,A002856,2026-06-25 18:00:00,DELIVERED
SMS00006869,A004091,2026-03-09 17:00:00,DELIVERED
SMS00006870,A000980,2026-06-07 17:00:00,SENT
SMS00006871,A003908,2025-10-14 11:00:00,DELIVERED
SMS00006872,A003176,2026-04-08 07:00:00,DELIVERED
SMS00006873,A002062,2025-10-01 07:00:00,FAILED
SMS00006874,A002554,2025-12-02 09:00:00,FAILED
SMS00006875,A000978,2026-02-14 17:00:00,SENT
SMS00006876,A000558,2026-01-14 16:00:00,DELIVERED
SMS00006877,A001524,2026-03-04 11:00:00,DELIVERED
SMS00006878,A000695,2025-11-25 17:00:00,SENT
SMS00006879,A001102,2025-12-20 13:00:00,SENT
SMS00006880,A003031,2026-07-19 07:00:00,DELIVERED
SMS00006881,A002605,2026-01-22 08:00:00,DELIVERED
SMS00006882,A004184,2026-04-25 09:00:00,DELIVERED
SMS00006883,A001835,2025-11-07 12:00:00,DELIVERED
SMS00006884,A001443,2026-03-09 17:00:00,DELIVERED
SMS00006885,A000801,2025-09-17 10:00:00,DELIVERED
SMS00006886,A002655,2026-07-18 22:00:00,FAILED
SMS00006887,A002217,2026-04-03 14:00:00,DELIVERED
SMS00006888,A001754,2026-05-20 20:00:00,DELIVERED
SMS00006889,A003595,2025-10-09 12:00:00,DELIVERED
SMS00006890,A003066,2026-04-15 18:00:00,DELIVERED
SMS00006891,A003559,2026-05-24 21:00:00,DELIVERED
SMS00006892,A002699,2025-10-01 21:00:00,FAILED
SMS00006893,A000831,2025-09-10 16:00:00,DELIVERED
SMS00006894,A000397,2026-04-25 17:00:00,DELIVERED
SMS00006895,A003180,2025-09-23 20:00:00,DELIVERED
SMS00006896,A004146,2026-07-06 17:00:00,DELIVERED
SMS00006897,A002435,2026-03-08 22:00:00,DELIVERED
SMS00006898,A002736,2026-02-12 16:00:00,FAILED
SMS00006899,A003338,2026-04-11 15:00:00,DELIVERED
SMS00006900,A001253,2026-03-24 18:00:00,DELIVERED
SMS00006901,A000351,2026-03-24 14:00:00,DELIVERED
SMS00006902,A002288,2026-06-23 20:00:00,DELIVERED
SMS00006903,A001740,2026-02-22 20:00:00,DELIVERED
SMS00006904,A002054,2025-11-25 21:00:00,DELIVERED
SMS00006905,A000456,2026-05-06 16:00:00,DELIVERED
SMS00006906,A000882,2026-06-24 09:00:00,DELIVERED
SMS00006907,A001231,2026-05-11 08:00:00,DELIVERED
SMS00006908,A002015,2026-06-09 20:00:00,SENT
SMS00006909,A002252,2026-04-07 16:00:00,FAILED
SMS00006910,A003801,2026-06-23 18:00:00,SENT
SMS00006911,A001308,2025-09-19 20:00:00,DELIVERED
SMS00006912,A003039,2026-02-22 08:00:00,DELIVERED
SMS00006913,A002711,2026-08-13 08:00:00,DELIVERED
SMS00006914,A002743,2025-12-05 15:00:00,DELIVERED
SMS00006915,A000395,2026-07-02 09:00:00,SENT
SMS00006916,A001501,2026-01-07 08:00:00,DELIVERED
SMS00006917,A000293,2026-06-07 10:00:00,DELIVERED
SMS00006918,A003312,2026-08-02 18:00:00,DELIVERED
SMS00006919,A000450,2025-09-22 22:00:00,DELIVERED
SMS00006920,A003655,2025-11-05 21:00:00,SENT
SMS00006921,A002859,2025-10-20 20:00:00,SENT
SMS00006922,A001579,2026-04-09 08:00:00,DELIVERED
SMS00006923,A001582,2026-03-09 09:00:00,DELIVERED
SMS00006924,A001536,2025-12-11 22:00:00,DELIVERED
SMS00006925,A000119,2026-02-22 19:00:00,DELIVERED
SMS00006926,A002700,2026-01-14 19:00:00,DELIVERED
SMS00006927,A002063,2025-11-01 21:00:00,DELIVERED
SMS00006928,A002019,2025-12-12 08:00:00,SENT
SMS00006929,A001785,2025-09-19 15:00:00,DELIVERED
SMS00006930,A001563,2026-08-16 10:00:00,DELIVERED
SMS00006931,A002266,2026-06-18 14:00:00,DELIVERED
SMS00006932,A000908,2026-01-06 09:00:00,DELIVERED
SMS00006933,A003667,2026-03-17 13:00:00,DELIVERED
SMS00006934,A003498,2026-07-26 10:00:00,SENT
SMS00006935,A000235,2026-03-20 13:00:00,DELIVERED
SMS00006936,A003920,2025-12-24 13:00:00,DELIVERED
SMS00006937,A001439,2026-08-02 12:00:00,DELIVERED
SMS00006938,A000085,2025-12-12 21:00:00,DELIVERED
SMS00006939,A002108,2026-01-04 07:00:00,DELIVERED
SMS00006940,A000154,2025-12-13 20:00:00,DELIVERED
SMS00006941,A003723,2026-05-05 11:00:00,DELIVERED
SMS00006942,A001948,2026-06-06 19:00:00,SENT
SMS00006943,A003286,2025-12-03 17:00:00,FAILED
SMS00006944,A003174,2026-08-22 11:00:00,SENT
SMS00006945,A002173,2025-12-12 09:00:00,DELIVERED
SMS00006946,A002713,2026-07-02 10:00:00,DELIVERED
SMS00006947,A003820,2026-01-13 08:00:00,FAILED
SMS00006948,A000718,2026-06-02 21:00:00,DELIVERED
SMS00006949,A002976,2026-02-17 07:00:00,SENT
SMS00006950,A003610,2026-08-02 16:00:00,DELIVERED
SMS00006951,A002949,2026-07-01 18:00:00,SENT
SMS00006952,A002893,2026-01-14 13:00:00,DELIVERED
SMS00006953,A003106,2026-01-01 07:00:00,DELIVERED
SMS00006954,A003829,2026-01-23 22:00:00,FAILED
SMS00006955,A003199,2026-05-14 11:00:00,DELIVERED
SMS00006956,A002452,2026-03-02 21:00:00,SENT
SMS00006957,A003562,2025-12-08 17:00:00,DELIVERED
SMS00006958,A001834,2026-04-11 08:00:00,SENT
SMS00006959,A001336,2025-09-14 20:00:00,FAILED
SMS00006960,A001909,2025-09-10 09:00:00,DELIVERED
SMS00006961,A001116,2026-01-25 17:00:00,DELIVERED
SMS00006962,A000931,2025-11-13 21:00:00,DELIVERED
SMS00006963,A003989,2025-10-04 13:00:00,DELIVERED
SMS00006964,A000977,2026-05-24 08:00:00,DELIVERED
SMS00006965,A001814,2026-02-25 08:00:00,DELIVERED
SMS00006966,A003658,2026-02-04 13:00:00,DELIVERED
SMS00006967,A003602,2026-07-09 09:00:00,DELIVERED
SMS00006968,A001329,2025-12-02 21:00:00,DELIVERED
SMS00006969,A001408,2026-03-09 17:00:00,DELIVERED
SMS00006970,A001322,2025-10-21 13:00:00,DELIVERED
SMS00006971,A002292,2026-07-06 11:00:00,DELIVERED
SMS00006972,A000899,2025-10-25 08:00:00,FAILED
SMS00006973,A002599,2026-03-04 12:00:00,SENT
SMS00006974,A001369,2026-03-21 11:00:00,SENT
SMS00006975,A003934,2025-09-22 13:00:00,DELIVERED
SMS00006976,A000015,2026-01-24 14:00:00,DELIVERED
SMS00006977,A002631,2026-05-12 15:00:00,DELIVERED
SMS00006978,A000911,2026-03-10 10:00:00,DELIVERED
SMS00006979,A003870,2025-12-18 18:00:00,DELIVERED
SMS00006980,A001032,2026-04-11 16:00:00,FAILED
SMS00006981,A004111,2026-01-14 08:00:00,DELIVERED
SMS00006982,A001946,2025-11-14 17:00:00,DELIVERED
SMS00006983,A001585,2025-11-12 12:00:00,SENT
SMS00006984,A003328,2026-08-02 19:00:00,SENT
SMS00006985,A001563,2025-10-21 20:00:00,SENT
SMS00006986,A003641,2026-08-26 10:00:00,DELIVERED
SMS00006987,A000804,2026-01-05 10:00:00,DELIVERED
SMS00006988,A001039,2025-09-26 15:00:00,SENT
SMS00006989,A001973,2025-12-24 20:00:00,DELIVERED
SMS00006990,A000866,2026-06-17 11:00:00,DELIVERED
SMS00006991,A003361,2026-01-02 11:00:00,DELIVERED
SMS00006992,A002222,2026-05-16 09:00:00,DELIVERED
SMS00006993,A001635,2025-10-16 12:00:00,DELIVERED
SMS00006994,A002395,2026-02-11 07:00:00,DELIVERED
SMS00006995,A000326,2026-05-23 18:00:00,SENT
SMS00006996,A000662,2026-01-01 22:00:00,DELIVERED
SMS00006997,A003262,2026-06-19 13:00:00,DELIVERED
SMS00006998,A000999,2025-11-18 12:00:00,DELIVERED
SMS00006999,A002665,2026-01-22 19:00:00,DELIVERED
SMS00007000,A004021,2026-07-25 12:00:00,SENT
SMS00007001,A003708,2026-02-16 08:00:00,SENT
SMS00007002,A000467,2026-05-04 19:00:00,SENT
SMS00007003,A003000,2026-04-09 08:00:00,DELIVERED
SMS00007004,A000559,2026-04-05 09:00:00,DELIVERED
SMS00007005,A001640,2026-08-23 13:00:00,FAILED
SMS00007006,A002469,2026-06-26 07:00:00,DELIVERED
SMS00007007,A002653,2026-06-15 21:00:00,DELIVERED
SMS00007008,A001082,2026-07-02 22:00:00,DELIVERED
SMS00007009,A001114,2026-06-08 07:00:00,SENT
SMS00007010,A001045,2026-06-15 10:00:00,DELIVERED
SMS00007011,A002939,2025-11-16 16:00:00,SENT
SMS00007012,A001027,2025-11-27 11:00:00,FAILED
SMS00007013,A003839,2026-05-01 20:00:00,DELIVERED
SMS00007014,A000375,2026-07-17 09:00:00,DELIVERED
SMS00007015,A003832,2026-08-20 07:00:00,SENT
SMS00007016,A001592,2025-11-23 21:00:00,SENT
SMS00007017,A001260,2026-06-24 09:00:00,DELIVERED
SMS00007018,A002522,2026-02-11 09:00:00,DELIVERED
SMS00007019,A001874,2026-02-02 12:00:00,DELIVERED
SMS00007020,A003006,2025-10-07 15:00:00,DELIVERED
SMS00007021,A002932,2026-05-14 21:00:00,FAILED
SMS00007022,A002893,2026-05-03 08:00:00,DELIVERED
SMS00007023,A003896,2026-01-06 16:00:00,DELIVERED
SMS00007024,A001234,2026-06-06 07:00:00,DELIVERED
SMS00007025,A001322,2026-02-07 13:00:00,FAILED
SMS00007026,A002406,2026-04-14 17:00:00,DELIVERED
SMS00007027,A003616,2025-12-21 22:00:00,DELIVERED
SMS00007028,A002959,2026-04-14 13:00:00,DELIVERED
SMS00007029,A003450,2026-01-20 15:00:00,DELIVERED
SMS00007030,A000180,2025-09-10 21:00:00,DELIVERED
SMS00007031,A003160,2025-12-08 10:00:00,DELIVERED
SMS00007032,A003133,2026-06-10 20:00:00,DELIVERED
SMS00007033,A000112,2025-12-27 19:00:00,DELIVERED
SMS00007034,A001751,2026-01-02 09:00:00,DELIVERED
SMS00007035,A001666,2025-10-24 12:00:00,DELIVERED
SMS00007036,A002798,2025-12-04 10:00:00,SENT
SMS00007037,A001154,2025-12-25 17:00:00,FAILED
SMS00007038,A003245,2026-08-13 14:00:00,SENT
SMS00007039,A002613,2025-11-27 09:00:00,DELIVERED
SMS00007040,A000813,2026-02-27 19:00:00,SENT
SMS00007041,A002263,2025-10-09 13:00:00,DELIVERED
SMS00007042,A000266,2026-04-03 20:00:00,DELIVERED
SMS00007043,A002714,2025-09-05 14:00:00,DELIVERED
SMS00007044,A001474,2026-03-05 18:00:00,SENT
SMS00007045,A004067,2025-12-22 22:00:00,FAILED
SMS00007046,A003651,2026-03-13 19:00:00,DELIVERED
SMS00007047,A002178,2026-06-03 18:00:00,DELIVERED
SMS00007048,A000382,2025-09-03 13:00:00,FAILED
SMS00007049,A001900,2026-03-26 17:00:00,DELIVERED
SMS00007050,A000653,2025-12-17 12:00:00,DELIVERED
SMS00007051,A002979,2026-05-05 21:00:00,DELIVERED
SMS00007052,A002349,2025-11-04 07:00:00,DELIVERED
SMS00007053,A000444,2026-03-25 15:00:00,DELIVERED
SMS00007054,A002824,2026-01-01 10:00:00,DELIVERED
SMS00007055,A001460,2025-12-06 13:00:00,DELIVERED
SMS00007056,A001183,2026-04-18 20:00:00,SENT
SMS00007057,A001117,2026-01-04 09:00:00,DELIVERED
SMS00007058,A003156,2026-08-24 16:00:00,DELIVERED
SMS00007059,A003024,2025-11-22 21:00:00,FAILED
SMS00007060,A000804,2025-11-18 15:00:00,DELIVERED
SMS00007061,A003695,2026-02-19 16:00:00,SENT
SMS00007062,A000975,2026-02-06 22:00:00,FAILED
SMS00007063,A003503,2026-05-13 19:00:00,DELIVERED
SMS00007064,A000269,2026-01-26 11:00:00,DELIVERED
SMS00007065,A000521,2026-02-19 21:00:00,DELIVERED
SMS00007066,A003469,2026-07-04 11:00:00,DELIVERED
SMS00007067,A000282,2026-06-08 16:00:00,DELIVERED
SMS00007068,A002216,2026-05-04 21:00:00,FAILED
SMS00007069,A002425,2026-05-15 14:00:00,DELIVERED
SMS00007070,A000413,2026-08-16 12:00:00,DELIVERED
SMS00007071,A001373,2026-05-16 16:00:00,SENT
SMS00007072,A000978,2026-04-05 13:00:00,DELIVERED
SMS00007073,A000186,2025-12-22 18:00:00,FAILED
SMS00007074,A004181,2026-06-21 13:00:00,SENT
SMS00007075,A000678,2025-09-07 11:00:00,DELIVERED
SMS00007076,A001488,2025-09-06 12:00:00,DELIVERED
SMS00007077,A003129,2026-05-01 07:00:00,DELIVERED
SMS00007078,A001603,2025-09-18 21:00:00,SENT
SMS00007079,A000101,2025-10-02 16:00:00,DELIVERED
SMS00007080,A002292,2026-08-12 22:00:00,DELIVERED
SMS00007081,A000329,2026-05-11 19:00:00,DELIVERED
SMS00007082,A001789,2026-03-03 11:00:00,DELIVERED
SMS00007083,A002727,2026-05-21 19:00:00,DELIVERED
SMS00007084,A001682,2026-01-09 18:00:00,SENT
SMS00007085,A003624,2025-10-16 08:00:00,DELIVERED
SMS00007086,A001755,2026-02-11 13:00:00,DELIVERED
SMS00007087,A003315,2026-03-21 17:00:00,DELIVERED
SMS00007088,A001318,2026-04-13 20:00:00,DELIVERED
SMS00007089,A002684,2025-11-22 12:00:00,DELIVERED
SMS00007090,A003894,2025-09-12 14:00:00,SENT
SMS00007091,A002848,2026-01-19 14:00:00,DELIVERED
SMS00007092,A002282,2025-09-15 13:00:00,DELIVERED
SMS00007093,A001266,2026-05-20 16:00:00,SENT
SMS00007094,A003493,2026-06-16 18:00:00,FAILED
SMS00007095,A000188,2026-03-03 15:00:00,DELIVERED
SMS00007096,A001283,2026-07-25 21:00:00,DELIVERED
SMS00007097,A002465,2025-10-12 21:00:00,DELIVERED
SMS00007098,A001714,2025-11-17 17:00:00,DELIVERED
SMS00007099,A003905,2026-08-18 17:00:00,FAILED
SMS00007100,A001238,2026-06-09 16:00:00,DELIVERED
SMS00007101,A002600,2026-02-21 12:00:00,DELIVERED
SMS00007102,A002066,2026-06-12 13:00:00,SENT
SMS00007103,A003623,2026-01-04 12:00:00,DELIVERED
SMS00007104,A000188,2026-04-03 22:00:00,SENT
SMS00007105,A003828,2025-09-18 16:00:00,DELIVERED
SMS00007106,A002951,2026-05-15 13:00:00,DELIVERED
SMS00007107,A003621,2026-03-16 22:00:00,FAILED
SMS00007108,A000707,2025-12-25 09:00:00,DELIVERED
SMS00007109,A001652,2025-11-04 14:00:00,DELIVERED
SMS00007110,A000426,2026-04-11 13:00:00,DELIVERED
SMS00007111,A004002,2026-02-05 15:00:00,FAILED
SMS00007112,A001402,2025-12-22 12:00:00,DELIVERED
SMS00007113,A001185,2026-02-27 11:00:00,DELIVERED
SMS00007114,A002937,2025-12-08 08:00:00,DELIVERED
SMS00007115,A001219,2026-03-04 22:00:00,DELIVERED
SMS00007116,A002181,2026-02-02 16:00:00,FAILED
SMS00007117,A000399,2025-09-11 07:00:00,DELIVERED
SMS00007118,A002423,2026-06-21 16:00:00,DELIVERED
SMS00007119,A000496,2026-02-26 12:00:00,FAILED
SMS00007120,A003803,2026-02-14 17:00:00,SENT
SMS00007121,A003472,2026-05-07 10:00:00,SENT
SMS00007122,A001259,2025-11-17 12:00:00,DELIVERED
SMS00007123,A002827,2026-06-14 13:00:00,SENT
SMS00007124,A002606,2025-11-09 14:00:00,DELIVERED
SMS00007125,A000800,2026-01-14 10:00:00,DELIVERED
SMS00007126,A001497,2026-02-01 13:00:00,SENT
SMS00007127,A001501,2025-09-26 07:00:00,DELIVERED
SMS00007128,A002810,2026-02-11 07:00:00,FAILED
SMS00007129,A001962,2026-02-18 18:00:00,FAILED
SMS00007130,A002178,2026-04-01 12:00:00,DELIVERED
SMS00007131,A002115,2025-11-21 14:00:00,DELIVERED
SMS00007132,A001926,2026-07-16 17:00:00,DELIVERED
SMS00007133,A001727,2026-02-08 16:00:00,DELIVERED
SMS00007134,A003423,2026-05-03 12:00:00,DELIVERED
SMS00007135,A003474,2026-01-15 22:00:00,DELIVERED
SMS00007136,A002581,2026-05-25 19:00:00,DELIVERED
SMS00007137,A001813,2026-05-19 14:00:00,DELIVERED
SMS00007138,A001128,2025-09-20 21:00:00,DELIVERED
SMS00007139,A003005,2025-11-09 15:00:00,DELIVERED
SMS00007140,A002190,2026-03-16 12:00:00,SENT
SMS00007141,A003128,2026-02-08 07:00:00,DELIVERED
SMS00007142,A004110,2025-11-24 09:00:00,SENT
SMS00007143,A000444,2026-05-11 19:00:00,DELIVERED
SMS00007144,A003670,2026-04-16 13:00:00,DELIVERED
SMS00007145,A001665,2026-03-04 19:00:00,SENT
SMS00007146,A001722,2026-08-14 14:00:00,DELIVERED
SMS00007147,A002266,2026-06-09 14:00:00,DELIVERED
SMS00007148,A001487,2025-10-20 15:00:00,DELIVERED
SMS00007149,A003237,2025-12-02 20:00:00,FAILED
SMS00007150,A003132,2026-05-24 18:00:00,DELIVERED
SMS00007151,A002894,2025-10-27 07:00:00,DELIVERED
SMS00007152,A001227,2026-04-17 14:00:00,DELIVERED
SMS00007153,A003432,2026-06-08 19:00:00,DELIVERED
SMS00007154,A000391,2026-06-16 16:00:00,DELIVERED
SMS00007155,A000203,2026-03-19 09:00:00,DELIVERED
SMS00007156,A002515,2026-08-11 21:00:00,DELIVERED
SMS00007157,A000904,2026-03-22 22:00:00,SENT
SMS00007158,A001062,2026-06-25 14:00:00,DELIVERED
SMS00007159,A001309,2026-08-02 18:00:00,DELIVERED
SMS00007160,A001282,2025-10-08 15:00:00,DELIVERED
SMS00007161,A003204,2025-09-24 21:00:00,DELIVERED
SMS00007162,A002875,2026-02-14 07:00:00,SENT
SMS00007163,A003648,2026-01-12 08:00:00,DELIVERED
SMS00007164,A002628,2025-09-05 16:00:00,SENT
SMS00007165,A000995,2026-01-05 13:00:00,DELIVERED
SMS00007166,A004007,2025-10-10 22:00:00,FAILED
SMS00007167,A002368,2026-04-04 11:00:00,DELIVERED
SMS00007168,A003318,2026-05-13 16:00:00,SENT
SMS00007169,A002996,2025-11-14 20:00:00,DELIVERED
SMS00007170,A003239,2025-12-05 11:00:00,DELIVERED
SMS00007171,A001848,2026-05-19 16:00:00,DELIVERED
SMS00007172,A003191,2025-12-05 08:00:00,DELIVERED
SMS00007173,A001250,2025-12-09 20:00:00,DELIVERED
SMS00007174,A000363,2026-02-19 11:00:00,SENT
SMS00007175,A002041,2026-03-22 13:00:00,FAILED
SMS00007176,A001372,2025-11-19 21:00:00,DELIVERED
SMS00007177,A000465,2026-02-27 21:00:00,DELIVERED
SMS00007178,A003662,2026-07-24 11:00:00,FAILED
SMS00007179,A000969,2025-11-09 11:00:00,SENT
SMS00007180,A001844,2025-09-19 14:00:00,DELIVERED
SMS00007181,A004100,2026-07-15 10:00:00,DELIVERED
SMS00007182,A000587,2026-08-20 10:00:00,DELIVERED
SMS00007183,A000310,2025-11-18 20:00:00,DELIVERED
SMS00007184,A001325,2026-04-21 19:00:00,DELIVERED
SMS00007185,A001525,2025-09-07 19:00:00,DELIVERED
SMS00007186,A002741,2026-03-15 15:00:00,DELIVERED
SMS00007187,A004157,2026-03-13 10:00:00,DELIVERED
SMS00007188,A003500,2026-05-01 18:00:00,DELIVERED
SMS00007189,A001024,2026-04-20 19:00:00,DELIVERED
SMS00007190,A003883,2026-03-23 14:00:00,SENT
SMS00007191,A000352,2026-05-15 15:00:00,DELIVERED
SMS00007192,A003581,2025-09-06 15:00:00,SENT
SMS00007193,A001158,2025-11-17 07:00:00,DELIVERED
SMS00007194,A001355,2026-01-08 15:00:00,FAILED
SMS00007195,A002410,2026-02-13 22:00:00,DELIVERED
SMS00007196,A001196,2025-12-12 11:00:00,DELIVERED
SMS00007197,A004104,2025-11-08 08:00:00,DELIVERED
SMS00007198,A001586,2026-03-08 14:00:00,DELIVERED
SMS00007199,A000078,2026-01-26 13:00:00,SENT
SMS00007200,A002894,2025-09-07 22:00:00,DELIVERED
SMS00007201,A000593,2026-05-11 09:00:00,FAILED
SMS00007202,A001800,2025-09-11 08:00:00,FAILED
SMS00007203,A002770,2026-01-04 13:00:00,DELIVERED
SMS00007204,A001982,2026-02-17 12:00:00,DELIVERED
SMS00007205,A003701,2025-11-05 10:00:00,FAILED
SMS00007206,A004133,2026-02-20 22:00:00,DELIVERED
SMS00007207,A001458,2025-10-19 17:00:00,DELIVERED
SMS00007208,A000777,2026-01-26 10:00:00,DELIVERED
SMS00007209,A003867,2026-05-09 14:00:00,DELIVERED
SMS00007210,A001029,2026-06-05 16:00:00,DELIVERED
SMS00007211,A002943,2026-03-24 22:00:00,FAILED
SMS00007212,A003673,2026-04-02 21:00:00,FAILED
SMS00007213,A000978,2026-07-04 10:00:00,SENT
SMS00007214,A003843,2025-09-09 20:00:00,DELIVERED
SMS00007215,A002247,2026-06-08 09:00:00,SENT
SMS00007216,A003881,2025-10-20 22:00:00,DELIVERED
SMS00007217,A002764,2025-09-15 17:00:00,SENT
SMS00007218,A001463,2026-05-14 13:00:00,DELIVERED
SMS00007219,A002272,2025-11-06 20:00:00,DELIVERED
SMS00007220,A001558,2026-04-05 22:00:00,DELIVERED
SMS00007221,A001864,2026-04-11 21:00:00,DELIVERED
SMS00007222,A000785,2026-01-01 11:00:00,DELIVERED
SMS00007223,A002427,2025-11-13 14:00:00,DELIVERED
SMS00007224,A000780,2026-07-27 10:00:00,DELIVERED
SMS00007225,A001807,2025-10-05 13:00:00,DELIVERED
SMS00007226,A000352,2026-06-21 22:00:00,DELIVERED
SMS00007227,A000669,2026-07-06 10:00:00,DELIVERED
SMS00007228,A002821,2026-01-11 16:00:00,DELIVERED
SMS00007229,A001839,2026-02-20 09:00:00,DELIVERED
SMS00007230,A002627,2026-05-10 12:00:00,SENT
SMS00007231,A001483,2026-04-23 08:00:00,SENT
SMS00007232,A003734,2026-01-16 19:00:00,DELIVERED
SMS00007233,A000276,2026-04-05 14:00:00,SENT
SMS00007234,A003290,2026-01-24 08:00:00,DELIVERED
SMS00007235,A002936,2025-11-23 20:00:00,DELIVERED
SMS00007236,A001336,2026-02-26 13:00:00,SENT
SMS00007237,A003393,2026-02-18 08:00:00,DELIVERED
SMS00007238,A001646,2025-11-13 10:00:00,DELIVERED
SMS00007239,A003992,2026-08-25 21:00:00,DELIVERED
SMS00007240,A002957,2026-02-10 15:00:00,FAILED
SMS00007241,A002037,2026-01-13 12:00:00,SENT
SMS00007242,A002275,2026-03-12 07:00:00,DELIVERED
SMS00007243,A002144,2026-01-17 07:00:00,DELIVERED
SMS00007244,A001649,2026-03-02 20:00:00,DELIVERED
SMS00007245,A000895,2026-01-15 14:00:00,DELIVERED
SMS00007246,A003837,2026-07-02 15:00:00,DELIVERED
SMS00007247,A003831,2026-03-27 16:00:00,DELIVERED
SMS00007248,A004104,2026-03-21 16:00:00,SENT
SMS00007249,A001829,2026-07-17 08:00:00,DELIVERED
SMS00007250,A000527,2026-04-03 09:00:00,DELIVERED
SMS00007251,A003686,2025-10-07 14:00:00,FAILED
SMS00007252,A004047,2026-02-12 18:00:00,DELIVERED
SMS00007253,A001558,2025-11-19 14:00:00,DELIVERED
SMS00007254,A000832,2025-12-27 21:00:00,SENT
SMS00007255,A000881,2026-06-22 11:00:00,SENT
SMS00007256,A000291,2026-02-17 20:00:00,DELIVERED
SMS00007257,A002807,2025-11-24 15:00:00,SENT
SMS00007258,A001667,2026-01-11 11:00:00,DELIVERED
SMS00007259,A000774,2026-04-19 21:00:00,DELIVERED
SMS00007260,A001485,2025-11-14 14:00:00,DELIVERED
SMS00007261,A001698,2026-01-13 20:00:00,DELIVERED
SMS00007262,A001847,2026-06-12 14:00:00,DELIVERED
SMS00007263,A000475,2026-02-27 09:00:00,DELIVERED
SMS00007264,A003406,2026-04-12 11:00:00,DELIVERED
SMS00007265,A000792,2025-11-09 09:00:00,DELIVERED
SMS00007266,A001779,2026-07-26 13:00:00,DELIVERED
SMS00007267,A000968,2025-12-26 20:00:00,DELIVERED
SMS00007268,A001327,2026-06-13 07:00:00,DELIVERED
SMS00007269,A002559,2026-06-04 22:00:00,SENT
SMS00007270,A002370,2026-03-11 08:00:00,DELIVERED
SMS00007271,A001255,2026-04-14 20:00:00,DELIVERED
SMS00007272,A002121,2026-01-23 12:00:00,DELIVERED
SMS00007273,A002948,2026-03-08 10:00:00,DELIVERED
SMS00007274,A001816,2026-07-13 09:00:00,DELIVERED
SMS00007275,A002221,2025-11-01 15:00:00,DELIVERED
SMS00007276,A002969,2025-11-13 16:00:00,DELIVERED
SMS00007277,A000396,2026-08-20 22:00:00,DELIVERED
SMS00007278,A002771,2025-11-15 07:00:00,DELIVERED
SMS00007279,A001935,2026-01-26 12:00:00,SENT
SMS00007280,A003979,2026-07-22 09:00:00,SENT
SMS00007281,A001564,2026-02-02 11:00:00,SENT
SMS00007282,A002508,2026-03-19 09:00:00,DELIVERED
SMS00007283,A000460,2026-03-19 20:00:00,DELIVERED
SMS00007284,A002967,2026-04-12 13:00:00,SENT
SMS00007285,A003082,2026-03-19 20:00:00,DELIVERED
SMS00007286,A002804,2026-05-18 15:00:00,DELIVERED
SMS00007287,A003900,2026-07-13 10:00:00,SENT
SMS00007288,A002770,2026-06-09 08:00:00,DELIVERED
SMS00007289,A001813,2026-06-27 22:00:00,DELIVERED
SMS00007290,A003676,2026-04-05 08:00:00,DELIVERED
SMS00007291,A003432,2026-03-20 21:00:00,FAILED
SMS00007292,A000705,2025-12-25 07:00:00,DELIVERED
SMS00007293,A001044,2026-03-15 19:00:00,DELIVERED
SMS00007294,A002547,2025-12-23 19:00:00,FAILED
SMS00007295,A002164,2026-04-16 14:00:00,SENT
SMS00007296,A001526,2026-04-04 12:00:00,DELIVERED
SMS00007297,A001270,2025-09-19 21:00:00,DELIVERED
SMS00007298,A001989,2026-07-01 08:00:00,SENT
SMS00007299,A002783,2025-11-20 11:00:00,DELIVERED
SMS00007300,A003756,2025-12-23 10:00:00,DELIVERED
SMS00007301,A000536,2025-12-07 15:00:00,SENT
SMS00007302,A003283,2026-07-10 19:00:00,DELIVERED
SMS00007303,A002526,2026-02-06 20:00:00,DELIVERED
SMS00007304,A000420,2026-08-20 17:00:00,DELIVERED
SMS00007305,A003441,2025-09-13 15:00:00,DELIVERED
SMS00007306,A001490,2025-12-11 14:00:00,SENT
SMS00007307,A000295,2026-08-22 15:00:00,DELIVERED
SMS00007308,A000268,2026-02-13 14:00:00,DELIVERED
SMS00007309,A003082,2026-06-09 19:00:00,FAILED
SMS00007310,A002025,2025-10-10 07:00:00,DELIVERED
SMS00007311,A003876,2026-02-22 21:00:00,SENT
SMS00007312,A001909,2026-05-20 21:00:00,DELIVERED
SMS00007313,A002262,2025-11-13 21:00:00,FAILED
SMS00007314,A003536,2026-02-19 07:00:00,DELIVERED
SMS00007315,A003943,2026-02-04 14:00:00,SENT
SMS00007316,A000459,2026-07-06 11:00:00,DELIVERED
SMS00007317,A000335,2025-10-13 17:00:00,DELIVERED
SMS00007318,A001455,2026-02-12 14:00:00,DELIVERED
SMS00007319,A001443,2026-06-26 19:00:00,DELIVERED
SMS00007320,A000332,2026-03-14 14:00:00,FAILED
SMS00007321,A002279,2026-04-11 11:00:00,FAILED
SMS00007322,A000435,2026-05-11 08:00:00,DELIVERED
SMS00007323,A001026,2026-07-23 08:00:00,FAILED
SMS00007324,A003155,2026-01-09 21:00:00,DELIVERED
SMS00007325,A001359,2026-08-20 17:00:00,DELIVERED
SMS00007326,A002098,2026-04-25 09:00:00,DELIVERED
SMS00007327,A004127,2025-11-14 21:00:00,DELIVERED
SMS00007328,A002443,2025-11-22 20:00:00,DELIVERED
SMS00007329,A003878,2026-04-17 10:00:00,SENT
SMS00007330,A001435,2026-07-26 20:00:00,SENT
SMS00007331,A003393,2026-08-08 20:00:00,DELIVERED
SMS00007332,A003939,2026-08-27 18:00:00,SENT
SMS00007333,A000925,2026-08-11 18:00:00,DELIVERED
SMS00007334,A001249,2025-12-06 20:00:00,SENT
SMS00007335,A002322,2026-05-25 12:00:00,SENT
SMS00007336,A000809,2026-04-01 16:00:00,SENT
SMS00007337,A002320,2025-09-21 17:00:00,SENT
SMS00007338,A002670,2026-04-24 15:00:00,DELIVERED
SMS00007339,A001888,2026-01-11 07:00:00,DELIVERED
SMS00007340,A001752,2025-12-02 15:00:00,DELIVERED
SMS00007341,A002160,2026-06-19 14:00:00,FAILED
SMS00007342,A003793,2026-08-11 16:00:00,DELIVERED
SMS00007343,A000750,2025-12-23 13:00:00,DELIVERED
SMS00007344,A002342,2025-09-09 11:00:00,DELIVERED
SMS00007345,A001656,2025-10-17 21:00:00,DELIVERED
SMS00007346,A003001,2025-12-01 07:00:00,DELIVERED
SMS00007347,A002365,2025-11-13 10:00:00,DELIVERED
SMS00007348,A003279,2026-08-27 21:00:00,DELIVERED
SMS00007349,A001217,2025-11-16 17:00:00,SENT
SMS00007350,A000629,2026-04-10 08:00:00,DELIVERED
SMS00007351,A002442,2026-07-16 20:00:00,DELIVERED
SMS00007352,A001448,2025-12-08 20:00:00,DELIVERED
SMS00007353,A001370,2026-04-14 17:00:00,FAILED
SMS00007354,A001896,2026-03-15 09:00:00,DELIVERED
SMS00007355,A003678,2026-08-11 21:00:00,DELIVERED
SMS00007356,A000373,2026-08-23 13:00:00,DELIVERED
SMS00007357,A000484,2026-02-05 15:00:00,FAILED
SMS00007358,A003607,2026-06-08 20:00:00,DELIVERED
SMS00007359,A001794,2026-07-24 10:00:00,DELIVERED
SMS00007360,A004173,2026-01-14 10:00:00,DELIVERED
SMS00007361,A002408,2025-09-07 12:00:00,SENT
SMS00007362,A002224,2026-04-14 22:00:00,DELIVERED
SMS00007363,A003885,2025-12-10 12:00:00,DELIVERED
SMS00007364,A001832,2026-08-04 14:00:00,DELIVERED
SMS00007365,A003669,2026-08-10 15:00:00,DELIVERED
SMS00007366,A000644,2025-10-13 21:00:00,FAILED
SMS00007367,A002049,2026-07-02 10:00:00,DELIVERED
SMS00007368,A000938,2026-08-25 19:00:00,SENT
SMS00007369,A001820,2026-02-25 18:00:00,DELIVERED
SMS00007370,A001954,2026-03-04 21:00:00,SENT
SMS00007371,A000725,2025-09-10 11:00:00,DELIVERED
SMS00007372,A002422,2026-08-21 13:00:00,DELIVERED
SMS00007373,A001902,2026-05-17 10:00:00,DELIVERED
SMS00007374,A000482,2026-05-27 10:00:00,DELIVERED
SMS00007375,A002922,2026-05-09 22:00:00,SENT
SMS00007376,A003370,2026-03-17 11:00:00,FAILED
SMS00007377,A002068,2026-03-23 11:00:00,DELIVERED
SMS00007378,A001372,2026-02-13 14:00:00,FAILED
SMS00007379,A003102,2026-08-17 12:00:00,FAILED
SMS00007380,A000486,2025-12-07 15:00:00,SENT
SMS00007381,A003174,2025-11-05 09:00:00,FAILED
SMS00007382,A000858,2026-05-02 16:00:00,SENT
SMS00007383,A003816,2025-12-19 21:00:00,DELIVERED
SMS00007384,A001578,2025-10-09 17:00:00,DELIVERED
SMS00007385,A001111,2026-07-20 09:00:00,SENT
SMS00007386,A001890,2026-05-04 15:00:00,DELIVERED
SMS00007387,A000480,2026-08-02 08:00:00,DELIVERED
SMS00007388,A000282,2026-06-25 16:00:00,FAILED
SMS00007389,A001680,2025-12-07 20:00:00,DELIVERED
SMS00007390,A000944,2025-11-13 17:00:00,DELIVERED
SMS00007391,A000843,2025-10-01 11:00:00,DELIVERED
SMS00007392,A003367,2025-11-02 11:00:00,SENT
SMS00007393,A004169,2026-07-03 10:00:00,FAILED
SMS00007394,A003122,2026-08-25 18:00:00,SENT
SMS00007395,A001776,2025-09-11 22:00:00,DELIVERED
SMS00007396,A001395,2025-10-14 20:00:00,DELIVERED
SMS00007397,A002861,2026-01-11 08:00:00,DELIVERED
SMS00007398,A000979,2025-11-11 16:00:00,DELIVERED
SMS00007399,A000311,2026-06-04 22:00:00,DELIVERED
SMS00007400,A002602,2026-04-25 22:00:00,DELIVERED
SMS00007401,A003249,2026-02-17 09:00:00,DELIVERED
SMS00007402,A000216,2026-01-19 22:00:00,DELIVERED
SMS00007403,A003832,2025-10-01 14:00:00,FAILED
SMS00007404,A002491,2026-02-14 15:00:00,DELIVERED
SMS00007405,A003136,2026-05-14 20:00:00,DELIVERED
SMS00007406,A000146,2025-11-13 19:00:00,DELIVERED
SMS00007407,A001661,2026-02-11 15:00:00,FAILED
SMS00007408,A001628,2025-12-13 16:00:00,DELIVERED
SMS00007409,A001682,2025-11-13 08:00:00,DELIVERED
SMS00007410,A002238,2025-11-16 16:00:00,DELIVERED
SMS00007411,A002979,2026-03-20 20:00:00,DELIVERED
SMS00007412,A000064,2025-10-14 12:00:00,SENT
SMS00007413,A001399,2026-05-03 11:00:00,DELIVERED
SMS00007414,A003912,2025-10-19 16:00:00,SENT
SMS00007415,A003288,2026-03-12 14:00:00,DELIVERED
SMS00007416,A003246,2026-06-21 09:00:00,DELIVERED
SMS00007417,A001476,2026-02-18 19:00:00,DELIVERED
SMS00007418,A002710,2026-08-25 17:00:00,DELIVERED
SMS00007419,A000363,2026-01-26 08:00:00,FAILED
SMS00007420,A002343,2026-06-11 21:00:00,DELIVERED
SMS00007421,A000315,2025-09-25 11:00:00,DELIVERED
SMS00007422,A003511,2025-11-22 11:00:00,DELIVERED
SMS00007423,A001328,2026-06-06 15:00:00,SENT
SMS00007424,A002408,2025-11-27 13:00:00,DELIVERED
SMS00007425,A001103,2026-06-21 08:00:00,DELIVERED
SMS00007426,A003462,2026-05-10 12:00:00,DELIVERED
SMS00007427,A001661,2026-05-04 10:00:00,DELIVERED
SMS00007428,A003640,2025-12-12 08:00:00,DELIVERED
SMS00007429,A003806,2026-05-05 19:00:00,DELIVERED
SMS00007430,A001587,2025-11-01 11:00:00,SENT
SMS00007431,A002821,2026-06-14 09:00:00,DELIVERED
SMS00007432,A003294,2026-04-13 10:00:00,SENT
SMS00007433,A001163,2026-02-01 14:00:00,DELIVERED
SMS00007434,A002332,2026-05-16 15:00:00,SENT
SMS00007435,A004169,2026-03-09 10:00:00,SENT
SMS00007436,A002102,2025-10-21 09:00:00,DELIVERED
SMS00007437,A004012,2026-05-23 12:00:00,DELIVERED
SMS00007438,A002887,2026-01-27 13:00:00,DELIVERED
SMS00007439,A001356,2025-12-08 20:00:00,DELIVERED
SMS00007440,A001236,2026-06-05 10:00:00,DELIVERED
SMS00007441,A001291,2025-11-18 19:00:00,DELIVERED
SMS00007442,A000248,2025-09-15 16:00:00,SENT
SMS00007443,A003251,2026-02-23 13:00:00,DELIVERED
SMS00007444,A001277,2026-06-17 18:00:00,DELIVERED
SMS00007445,A000470,2025-10-21 13:00:00,DELIVERED
SMS00007446,A003276,2026-04-18 17:00:00,DELIVERED
SMS00007447,A001623,2026-07-14 11:00:00,DELIVERED
SMS00007448,A003068,2026-02-03 12:00:00,DELIVERED
SMS00007449,A000806,2025-10-07 21:00:00,DELIVERED
SMS00007450,A002067,2026-07-18 16:00:00,DELIVERED
SMS00007451,A001153,2025-12-14 09:00:00,FAILED
SMS00007452,A000177,2026-07-26 17:00:00,DELIVERED
SMS00007453,A001025,2025-12-05 15:00:00,DELIVERED
SMS00007454,A002785,2025-10-25 15:00:00,DELIVERED
SMS00007455,A001308,2026-01-22 12:00:00,DELIVERED
SMS00007456,A002907,2026-03-11 14:00:00,DELIVERED
SMS00007457,A002476,2026-04-06 22:00:00,SENT
SMS00007458,A002461,2026-04-03 18:00:00,FAILED
SMS00007459,A001630,2025-09-03 17:00:00,DELIVERED
SMS00007460,A000272,2026-05-14 19:00:00,DELIVERED
SMS00007461,A001915,2025-12-04 19:00:00,DELIVERED
SMS00007462,A000886,2025-10-27 18:00:00,DELIVERED
SMS00007463,A004087,2025-09-26 08:00:00,SENT
SMS00007464,A004066,2025-11-02 19:00:00,DELIVERED
SMS00007465,A002167,2026-06-13 13:00:00,SENT
SMS00007466,A003062,2026-07-08 07:00:00,DELIVERED
SMS00007467,A003973,2026-07-16 21:00:00,FAILED
SMS00007468,A001089,2025-10-22 12:00:00,DELIVERED
SMS00007469,A000708,2025-12-01 17:00:00,DELIVERED
SMS00007470,A001696,2025-11-09 11:00:00,FAILED
SMS00007471,A001750,2025-12-11 16:00:00,FAILED
SMS00007472,A002791,2026-03-25 14:00:00,SENT
SMS00007473,A002264,2026-08-04 09:00:00,SENT
SMS00007474,A001950,2026-03-21 19:00:00,DELIVERED
SMS00007475,A000197,2025-12-02 09:00:00,DELIVERED
SMS00007476,A003683,2025-11-26 16:00:00,DELIVERED
SMS00007477,A001511,2025-12-08 17:00:00,DELIVERED
SMS00007478,A002549,2026-08-23 16:00:00,FAILED
SMS00007479,A002508,2026-05-15 12:00:00,DELIVERED
SMS00007480,A001326,2026-04-10 17:00:00,DELIVERED
SMS00007481,A003235,2025-12-19 07:00:00,SENT
SMS00007482,A000759,2026-02-01 07:00:00,SENT
SMS00007483,A002716,2026-07-05 14:00:00,DELIVERED
SMS00007484,A002087,2026-02-26 09:00:00,DELIVERED
SMS00007485,A002303,2025-09-11 16:00:00,DELIVERED
SMS00007486,A000227,2026-08-06 11:00:00,DELIVERED
SMS00007487,A002133,2026-03-11 10:00:00,SENT
SMS00007488,A002419,2025-12-09 11:00:00,DELIVERED
SMS00007489,A000943,2026-07-05 11:00:00,DELIVERED
SMS00007490,A003259,2026-01-22 14:00:00,DELIVERED
SMS00007491,A002620,2026-07-02 07:00:00,SENT
SMS00007492,A000791,2026-06-03 14:00:00,SENT
SMS00007493,A000260,2025-11-22 14:00:00,DELIVERED
SMS00007494,A001925,2025-10-24 19:00:00,DELIVERED
SMS00007495,A001675,2026-04-26 20:00:00,DELIVERED
SMS00007496,A004006,2026-07-21 14:00:00,SENT
SMS00007497,A001851,2025-09-20 07:00:00,DELIVERED
SMS00007498,A000792,2026-07-17 14:00:00,DELIVERED
SMS00007499,A000925,2026-06-04 11:00:00,DELIVERED
SMS00007500,A003307,2026-02-12 15:00:00,DELIVERED
